rho,methods,MSEs_value
0,PLS,0.0271916638370328
0,PLS,0.0235907993303046
0,PLS,0.0218911547402861
0,PLS,0.0241032908227385
0,PLS,0.0154481428289267
0,PLS,0.0445791296445582
0,PLS,0.0227092745482687
0,PLS,0.0126232878551212
0,PLS,0.0288507109994495
0,PLS,0.0293199711086321
0,PLS,0.0320266575090787
0,PLS,0.056159555532252
0,PLS,0.0300895108744956
0,PLS,0.0102857746749727
0,PLS,0.0320162370261248
0,PLS,0.030289565406871
0,PLS,0.0197489711407251
0,PLS,0.0141153841889986
0,PLS,0.0235008362780984
0,PLS,0.0234614024928385
0,PLS,0.0482042439876667
0,PLS,0.0254557337090275
0,PLS,0.0526105153192888
0,PLS,0.0395168727456009
0,PLS,0.058864566335354
0,PLS,0.0247611883757705
0,PLS,0.0424588936235244
0,PLS,0.0482139481837848
0,PLS,0.0135030587567099
0,PLS,0.0219126327546184
0,PLS,0.00212429208368193
0,PLS,0.0630676689506483
0,PLS,0.0111451300607379
0,PLS,0.0155363331464881
0,PLS,0.00309290710526251
0,PLS,0.0300353229770717
0,PLS,0.0273899106436985
0,PLS,0.0477199322916873
0,PLS,0.0313690095582158
0,PLS,0.0366415702798311
0,PLS,0.023603939293295
0,PLS,0.0144009026693542
0,PLS,0.0327382050617276
0,PLS,0.0497928565348656
0,PLS,0.0130318060938469
0,PLS,0.0122536427635733
0,PLS,0.0249446886801823
0,PLS,0.0206396537946764
0,PLS,0.0158283190830354
0,PLS,0.0355615425371191
0,PLS,0.0409521679489431
0,PLS,0.00410922953391928
0,PLS,0.0342842714961178
0,PLS,0.0253324040066178
0,PLS,0.0115640972326162
0,PLS,0.0427427527401683
0,PLS,0.029306119926602
0,PLS,0.0173976329658741
0,PLS,0.0222015681801695
0,PLS,0.0208008424325968
0,PLS,0.0224002504014219
0,PLS,0.0765674052750454
0,PLS,0.0153874645140703
0,PLS,0.0166082905426238
0,PLS,0.0299058221011578
0,PLS,0.027825311967325
0,PLS,0.0177348978961097
0,PLS,0.0429502576928923
0,PLS,0.0569748351949099
0,PLS,0.0309192324848137
0,PLS,0.0234165637385496
0,PLS,0.0342005129800433
0,PLS,0.00924982884981541
0,PLS,0.0137203032492246
0,PLS,0.0235098402609672
0,PLS,0.0218902642997257
0,PLS,0.0228736933690887
0,PLS,0.0458329010362726
0,PLS,0.0267281248253297
0,PLS,0.00478646617861068
0,PLS,0.0532436300864115
0,PLS,0.0198598354763477
0,PLS,0.0549610629449088
0,PLS,0.0114274520032447
0,PLS,0.0285880083052747
0,PLS,0.0374389974334611
0,PLS,0.0119424592439165
0,PLS,0.00925124035107498
0,PLS,0.00717077298537081
0,PLS,0.0258945832168899
0,PLS,0.0072097376745632
0,PLS,0.0123952060188316
0,PLS,0.0215935298769771
0,PLS,0.0298223766823376
0,PLS,0.0481024762037684
0,PLS,0.0125634404615859
0,PLS,0.0121886343817207
0,PLS,0.0332777317649175
0,PLS,0.0528494078399528
0,PLS,0.0141955621988465
0,PLS,0.0357649513514823
0,PLS,0.0495960062159862
0,PLS,0.029191245045778
0,PLS,0.041466133420031
0,PLS,0.00622251573112932
0,PLS,0.0388235462693571
0,PLS,0.0345318703771626
0,PLS,0.0267921729959864
0,PLS,0.0327365784582362
0,PLS,0.0340985623732667
0,PLS,0.00737319024267449
0,PLS,0.00772786153686514
0,PLS,0.0117122893495334
0,PLS,0.0410382670842597
0,PLS,0.0187245883312451
0,PLS,0.0434543759664769
0,PLS,0.0116221522589876
0,PLS,0.00731667830021072
0,PLS,0.026378719650818
0,PLS,0.0105969530006874
0,PLS,0.0291741350890276
0,PLS,0.00868610426328386
0,PLS,0.0175135709731378
0,PLS,0.0300979912681958
0,PLS,0.00800829400653336
0,PLS,0.00505562954988387
0,PLS,0.020542740405191
0,PLS,0.0371988179012993
0,PLS,0.0224789043209357
0,PLS,0.0151540939851082
0,PLS,0.0177169151776132
0,PLS,0.0354944966933355
0,PLS,0.0178294427597136
0,PLS,0.00943836412447711
0,PLS,0.0160032764019502
0,PLS,0.0299230282919503
0,PLS,0.0101672214937158
0,PLS,0.00442874699862333
0,PLS,0.0269276787780451
0,PLS,0.0166801634663773
0,PLS,0.0159914023848752
0,PLS,0.0325266812076555
0,PLS,0.0416952572455469
0,PLS,0.0273179262811841
0,PLS,0.021816321564908
0,PLS,0.0166170853766365
0,PLS,0.0102470007028018
0,PLS,0.0342928090222355
0,PLS,0.0107585166739705
0,PLS,0.0231004187796085
0,PLS,0.0329675837876725
0,PLS,0.0553778941499421
0,PLS,0.0214749761725369
0,PLS,0.00509603992902195
0,PLS,0.00846944675247576
0,PLS,0.0100638547075427
0,PLS,0.0648612682400966
0,PLS,0.0122094619108972
0,PLS,0.0587266298713856
0,PLS,0.0210234775240251
0,PLS,0.00743139199766399
0,PLS,0.0939025110830411
0,PLS,0.0236932699656492
0,PLS,0.00651876463081484
0,PLS,0.03341339201069
0,PLS,0.00680299879292393
0,PLS,0.129248674572589
0,PLS,0.00859791708594566
0,PLS,0.0358568758056356
0,PLS,0.0340984711076375
0,PLS,0.0357895731366367
0,PLS,0.00939976671421098
0,PLS,0.0113124122964318
0,PLS,0.0237236561383302
0,PLS,0.0220095536845549
0,PLS,0.0188132585911566
0,PLS,0.0254744388808044
0,PLS,0.0145171373475826
0,PLS,0.0210972103463914
0,PLS,0.0154177509298029
0,PLS,0.0226661538366328
0,PLS,0.0210585341672533
0,PLS,0.0100471074087179
0,PLS,0.0194058446125141
0,PLS,0.0140021383416512
0,PLS,0.0297083250686264
0,PLS,0.00704837123192875
0,PLS,0.0332362688673762
0,PLS,0.0166026068288551
0,PLS,0.0167542759297425
0,PLS,0.0218580116716895
0,PLS,0.0215641085059058
0,PLS,0.0351573826752365
0,PLS,0.037437352592182
0,PLS,0.0199099756767486
0,PLS,0.04008171933648
0,PLS,0.0357840883738083
0,PLS,0.0156269276895592
0,PLS,0.0297348172733868
0,PLS,0.00955913484229993
0,fTS,0.0299943993107909
0,fTS,0.0235907993303046
0,fTS,0.0232023981501128
0,fTS,0.0241022799868028
0,fTS,0.015437767407674
0,fTS,0.0445791296445582
0,fTS,0.0226507840537491
0,fTS,0.0119286876613506
0,fTS,0.0289635244607466
0,fTS,0.0293199711086321
0,fTS,0.0320266575090787
0,fTS,0.0591280220811545
0,fTS,0.0300233477498551
0,fTS,0.0102857746749727
0,fTS,0.0317840078591733
0,fTS,0.0303234956095269
0,fTS,0.0197489711407251
0,fTS,0.0144453558191675
0,fTS,0.0287482181981819
0,fTS,0.0234614024928385
0,fTS,0.0387494989966485
0,fTS,0.0254549918930324
0,fTS,0.0533615882887607
0,fTS,0.0395168727456009
0,fTS,0.0606404320062249
0,fTS,0.0243498944522354
0,fTS,0.0424588936235244
0,fTS,0.0480296804047411
0,fTS,0.0130958356775016
0,fTS,0.0219550421298654
0,fTS,0.00240919203483928
0,fTS,0.0618678699707954
0,fTS,0.0111029514208927
0,fTS,0.0155363331464881
0,fTS,0.00318415395663213
0,fTS,0.0300353229770717
0,fTS,0.0271263623318673
0,fTS,0.0476731688507978
0,fTS,0.0313606078022325
0,fTS,0.0363800813784189
0,fTS,0.0244306013460448
0,fTS,0.0141914032628524
0,fTS,0.0327382050617276
0,fTS,0.0496355730884966
0,fTS,0.013037392478117
0,fTS,0.0123167082973411
0,fTS,0.0249145931538096
0,fTS,0.0196964650961376
0,fTS,0.0167066957079734
0,fTS,0.0355615425371191
0,fTS,0.0409521679489431
0,fTS,0.00417232657755606
0,fTS,0.0343364137806631
0,fTS,0.0247508104914744
0,fTS,0.0115639836205611
0,fTS,0.044349908735103
0,fTS,0.0293891326375824
0,fTS,0.013398473641693
0,fTS,0.0228853824482246
0,fTS,0.020797215506519
0,fTS,0.0223428006799846
0,fTS,0.0751554973764478
0,fTS,0.0153686025061497
0,fTS,0.0166636092183919
0,fTS,0.0298286647999712
0,fTS,0.0279644210202399
0,fTS,0.0181402675000738
0,fTS,0.0427806665192941
0,fTS,0.0562209222694655
0,fTS,0.031461907092001
0,fTS,0.0234162314979622
0,fTS,0.0345917773261469
0,fTS,0.00955571887634356
0,fTS,0.0139352878954248
0,fTS,0.0235098402609672
0,fTS,0.0276866592562801
0,fTS,0.0228645100075565
0,fTS,0.0458329010362726
0,fTS,0.0254116795017404
0,fTS,0.00478646617861068
0,fTS,0.0532908064321691
0,fTS,0.0213440312464146
0,fTS,0.0553171047580185
0,fTS,0.0115928375472771
0,fTS,0.0283088966448626
0,fTS,0.0380799092260955
0,fTS,0.0119424592439165
0,fTS,0.00925124035107498
0,fTS,0.00782543506661297
0,fTS,0.0258276408282023
0,fTS,0.00781598546534536
0,fTS,0.012344244707429
0,fTS,0.0215943112513112
0,fTS,0.0298223766823376
0,fTS,0.0481024762037684
0,fTS,0.0134719385878701
0,fTS,0.0122017686587955
0,fTS,0.0332777317649175
0,fTS,0.0528494078399528
0,fTS,0.0138375810494441
0,fTS,0.0357649513514823
0,fTS,0.0493369775108892
0,fTS,0.0294312348434828
0,fTS,0.041466133420031
0,fTS,0.00622449565529136
0,fTS,0.0377197883571216
0,fTS,0.0351502186671316
0,fTS,0.0266099818259102
0,fTS,0.0325090320951228
0,fTS,0.0340601534601767
0,fTS,0.00736013851309439
0,fTS,0.00767751874208157
0,fTS,0.0117122893495334
0,fTS,0.0410349296833865
0,fTS,0.0187245883312451
0,fTS,0.0437355684254707
0,fTS,0.0116098982909006
0,fTS,0.00806665686873069
0,fTS,0.0264722745273318
0,fTS,0.0104578850863708
0,fTS,0.028283554785643
0,fTS,0.00868760144343222
0,fTS,0.0175135709731378
0,fTS,0.0300979912681958
0,fTS,0.00800788629700852
0,fTS,0.0054124886354872
0,fTS,0.0205517306645415
0,fTS,0.0373648956134295
0,fTS,0.022653684997668
0,fTS,0.0151894095052404
0,fTS,0.0179588297287485
0,fTS,0.0355019616006275
0,fTS,0.0178294427597136
0,fTS,0.00935066295965039
0,fTS,0.0160300217290686
0,fTS,0.0300179188453472
0,fTS,0.0102885646551391
0,fTS,0.00438078920560627
0,fTS,0.028446116452762
0,fTS,0.0196503158795183
0,fTS,0.0150590454236871
0,fTS,0.0325266812076555
0,fTS,0.0416952572455469
0,fTS,0.0285924138176179
0,fTS,0.0218448938838371
0,fTS,0.016664955690716
0,fTS,0.0118615155786915
0,fTS,0.0342970041542077
0,fTS,0.0108702697128916
0,fTS,0.023709547925013
0,fTS,0.0331248065242311
0,fTS,0.0538752319979394
0,fTS,0.0213135179874525
0,fTS,0.00818511968965152
0,fTS,0.00847025286217641
0,fTS,0.0100638547075427
0,fTS,0.0642144358163735
0,fTS,0.0123267349451975
0,fTS,0.0616057522025459
0,fTS,0.0201086686646552
0,fTS,0.00746420731269819
0,fTS,0.093902511083041
0,fTS,0.0224088906886141
0,fTS,0.00659165090519034
0,fTS,0.0333483629149587
0,fTS,0.007459935588373
0,fTS,0.129530806195536
0,fTS,0.00858907240667045
0,fTS,0.0369408585499087
0,fTS,0.0339789569704126
0,fTS,0.0357895731366367
0,fTS,0.00949343018869479
0,fTS,0.0113124620014366
0,fTS,0.0237236561383302
0,fTS,0.022011032841994
0,fTS,0.0168130499627519
0,fTS,0.0254744388808044
0,fTS,0.0151743273280598
0,fTS,0.0209248670176025
0,fTS,0.0154567385730273
0,fTS,0.0237467415872143
0,fTS,0.021010841569149
0,fTS,0.00953998526502456
0,fTS,0.0194058446125141
0,fTS,0.0140021383416512
0,fTS,0.0299717059012973
0,fTS,0.00702244777651553
0,fTS,0.0323461782176833
0,fTS,0.0166817767776792
0,fTS,0.0167538839369869
0,fTS,0.0217687515536269
0,fTS,0.0216541141910592
0,fTS,0.0351573826752365
0,fTS,0.0381993024779178
0,fTS,0.0199099756767486
0,fTS,0.0387232432540099
0,fTS,0.0349138959534917
0,fTS,0.0156269276895592
0,fTS,0.0286297186512325
0,fTS,0.00955913484229993
0,LS_oracle,0.0258567277811681
0,LS_oracle,0.0242201689949675
0,LS_oracle,0.0212221832172279
0,LS_oracle,0.0245899577805918
0,LS_oracle,0.0172461535820662
0,LS_oracle,0.0488677816494502
0,LS_oracle,0.0179713161550292
0,LS_oracle,0.0116786881400377
0,LS_oracle,0.0283081490821932
0,LS_oracle,0.0168052881933479
0,LS_oracle,0.0386711204194303
0,LS_oracle,0.0317180965716996
0,LS_oracle,0.026378585980352
0,LS_oracle,0.0101011213335508
0,LS_oracle,0.0243989730731561
0,LS_oracle,0.0286667725423737
0,LS_oracle,0.0133465799802707
0,LS_oracle,0.00912795913419733
0,LS_oracle,0.0198957490082962
0,LS_oracle,0.0192660821494855
0,LS_oracle,0.0306646204261188
0,LS_oracle,0.0220965706340115
0,LS_oracle,0.0494904081202555
0,LS_oracle,0.0415403273825037
0,LS_oracle,0.0492281532291437
0,LS_oracle,0.0170710852941267
0,LS_oracle,0.0334092536838512
0,LS_oracle,0.055418144582714
0,LS_oracle,0.0134590363004675
0,LS_oracle,0.0256361980705572
0,LS_oracle,0.00255541488832322
0,LS_oracle,0.0405777345947823
0,LS_oracle,0.0082474216717531
0,LS_oracle,0.0192017389788204
0,LS_oracle,0.00253191286878361
0,LS_oracle,0.0236906497603033
0,LS_oracle,0.0264162307759432
0,LS_oracle,0.042194141765545
0,LS_oracle,0.0211386606365979
0,LS_oracle,0.0369222879197947
0,LS_oracle,0.0307117343124498
0,LS_oracle,0.0107291128988621
0,LS_oracle,0.0273809683591568
0,LS_oracle,0.0297594574996234
0,LS_oracle,0.00742005992235275
0,LS_oracle,0.00942712836862583
0,LS_oracle,0.0237972547431198
0,LS_oracle,0.0213927820999832
0,LS_oracle,0.0166377148590449
0,LS_oracle,0.0227477401307084
0,LS_oracle,0.0329484747088024
0,LS_oracle,0.00411005905475746
0,LS_oracle,0.0215073239801328
0,LS_oracle,0.0246875833403082
0,LS_oracle,0.0106131835145754
0,LS_oracle,0.0385288103895328
0,LS_oracle,0.026782080488232
0,LS_oracle,0.0128903470288605
0,LS_oracle,0.0329288647952479
0,LS_oracle,0.0130219288580089
0,LS_oracle,0.0235040005349389
0,LS_oracle,0.073760979092589
0,LS_oracle,0.0174136942402031
0,LS_oracle,0.0184074520016187
0,LS_oracle,0.0230564350473503
0,LS_oracle,0.0275820916104682
0,LS_oracle,0.017372589272466
0,LS_oracle,0.0386835184340885
0,LS_oracle,0.055535448947111
0,LS_oracle,0.0291858155326887
0,LS_oracle,0.0203412762606675
0,LS_oracle,0.0319482257160223
0,LS_oracle,0.00967376498464751
0,LS_oracle,0.0116155482867334
0,LS_oracle,0.0224638399981366
0,LS_oracle,0.0191870302517703
0,LS_oracle,0.0195853392432291
0,LS_oracle,0.048014837292641
0,LS_oracle,0.027958526017161
0,LS_oracle,0.00511146090024656
0,LS_oracle,0.038748692044822
0,LS_oracle,0.0163488706546361
0,LS_oracle,0.0504775916217539
0,LS_oracle,0.00924479618211028
0,LS_oracle,0.0239013646373342
0,LS_oracle,0.0193896506371221
0,LS_oracle,0.0113332498994047
0,LS_oracle,0.0104429281650853
0,LS_oracle,0.0062351850988142
0,LS_oracle,0.0323568625077245
0,LS_oracle,0.00530213911674758
0,LS_oracle,0.0151280237687864
0,LS_oracle,0.018560840689266
0,LS_oracle,0.0298495402643081
0,LS_oracle,0.0642014638595395
0,LS_oracle,0.0127887508309394
0,LS_oracle,0.0122955208832423
0,LS_oracle,0.0188632161529252
0,LS_oracle,0.0148430374609936
0,LS_oracle,0.0112082968557309
0,LS_oracle,0.0305395326592774
0,LS_oracle,0.0401866305641511
0,LS_oracle,0.0194944317007406
0,LS_oracle,0.0518090317016677
0,LS_oracle,0.00633165750401818
0,LS_oracle,0.0254173672689804
0,LS_oracle,0.0290560872471018
0,LS_oracle,0.0283221472100905
0,LS_oracle,0.0374355752533103
0,LS_oracle,0.0262668909373849
0,LS_oracle,0.00553194025357328
0,LS_oracle,0.00772061536752917
0,LS_oracle,0.0275436728942195
0,LS_oracle,0.0198465047850675
0,LS_oracle,0.0203224199180289
0,LS_oracle,0.0432388192104759
0,LS_oracle,0.0117805323395449
0,LS_oracle,0.00485141250427236
0,LS_oracle,0.0373433074331311
0,LS_oracle,0.0101840883075605
0,LS_oracle,0.0272214015608315
0,LS_oracle,0.00565668432806396
0,LS_oracle,0.0173760522030428
0,LS_oracle,0.0223201373975146
0,LS_oracle,0.00467300759085146
0,LS_oracle,0.00469596520770804
0,LS_oracle,0.0228524214521811
0,LS_oracle,0.0344181418898716
0,LS_oracle,0.0245403188860989
0,LS_oracle,0.0156840687173941
0,LS_oracle,0.0163967092678013
0,LS_oracle,0.032496223397365
0,LS_oracle,0.0169401138299574
0,LS_oracle,0.0090415886608085
0,LS_oracle,0.014537740680881
0,LS_oracle,0.0275796668889917
0,LS_oracle,0.010074878002213
0,LS_oracle,0.00940436807417126
0,LS_oracle,0.0281015424590068
0,LS_oracle,0.0105239381644321
0,LS_oracle,0.0164532429740012
0,LS_oracle,0.0380489096270274
0,LS_oracle,0.0375944612572704
0,LS_oracle,0.0246670709702795
0,LS_oracle,0.0143252688361892
0,LS_oracle,0.0116254364383845
0,LS_oracle,0.00725134091909232
0,LS_oracle,0.0338188866603161
0,LS_oracle,0.0123478592081594
0,LS_oracle,0.0199829876932914
0,LS_oracle,0.0213038037071792
0,LS_oracle,0.0581748959166231
0,LS_oracle,0.0192913680493351
0,LS_oracle,0.01113642668444
0,LS_oracle,0.00799519401782349
0,LS_oracle,0.00278383535757919
0,LS_oracle,0.0289151512478762
0,LS_oracle,0.00536041649742414
0,LS_oracle,0.0598567745943325
0,LS_oracle,0.0202431962842804
0,LS_oracle,0.00812744835034279
0,LS_oracle,0.0824055061800852
0,LS_oracle,0.0228554158571993
0,LS_oracle,0.00376690007460755
0,LS_oracle,0.0273749573240804
0,LS_oracle,0.00659388433835877
0,LS_oracle,0.120816765723715
0,LS_oracle,0.00514510561060926
0,LS_oracle,0.0357354045076959
0,LS_oracle,0.0330129745245657
0,LS_oracle,0.0303768398581911
0,LS_oracle,0.011289394259808
0,LS_oracle,0.0111701591995706
0,LS_oracle,0.0229110531055598
0,LS_oracle,0.0225104420982133
0,LS_oracle,0.0190482504359808
0,LS_oracle,0.0106724649621441
0,LS_oracle,0.0160596611500072
0,LS_oracle,0.0187774254377808
0,LS_oracle,0.0119780230294003
0,LS_oracle,0.0214072961931141
0,LS_oracle,0.0182994704995064
0,LS_oracle,0.0085799809952922
0,LS_oracle,0.0176060937821164
0,LS_oracle,0.0156475434472787
0,LS_oracle,0.0273725578485237
0,LS_oracle,0.00650719488627856
0,LS_oracle,0.0239129535469918
0,LS_oracle,0.0149185466445603
0,LS_oracle,0.0168575529923024
0,LS_oracle,0.0213813572235064
0,LS_oracle,0.0215207878568767
0,LS_oracle,0.0370878960081819
0,LS_oracle,0.031362776480187
0,LS_oracle,0.0245324376894297
0,LS_oracle,0.037062909500196
0,LS_oracle,0.0429719733290436
0,LS_oracle,0.0198148010944905
0,LS_oracle,0.0289158940415645
0,LS_oracle,0.00946413108679382
0,TS_oracle,0.02628444800805
0,TS_oracle,0.0242201689949675
0,TS_oracle,0.0226482905880294
0,TS_oracle,0.0245900666882921
0,TS_oracle,0.0172411269227849
0,TS_oracle,0.0488677816494502
0,TS_oracle,0.0178148292061696
0,TS_oracle,0.0115109259981024
0,TS_oracle,0.0283081490821932
0,TS_oracle,0.0168052881933479
0,TS_oracle,0.0386711204194303
0,TS_oracle,0.0310243368749942
0,TS_oracle,0.0262626737743093
0,TS_oracle,0.0100417981149704
0,TS_oracle,0.0245430693677786
0,TS_oracle,0.0287139531900529
0,TS_oracle,0.0132293872390898
0,TS_oracle,0.0092154059276279
0,TS_oracle,0.0193351645745824
0,TS_oracle,0.0192660821494855
0,TS_oracle,0.0306665284210369
0,TS_oracle,0.0220965651651424
0,TS_oracle,0.0498041809328625
0,TS_oracle,0.0415403273825037
0,TS_oracle,0.0521848284305562
0,TS_oracle,0.0165079971943936
0,TS_oracle,0.0334092536838512
0,TS_oracle,0.0554031025075768
0,TS_oracle,0.0134802553199646
0,TS_oracle,0.0218367303713232
0,TS_oracle,0.0029637499044445
0,TS_oracle,0.0406460065647465
0,TS_oracle,0.00864231014380768
0,TS_oracle,0.0192017389788204
0,TS_oracle,0.00263752020536328
0,TS_oracle,0.0236906497603033
0,TS_oracle,0.0261275299693433
0,TS_oracle,0.0422533196453679
0,TS_oracle,0.021135329576853
0,TS_oracle,0.0366897881303104
0,TS_oracle,0.0316450927554304
0,TS_oracle,0.0107293212641692
0,TS_oracle,0.0273809683591568
0,TS_oracle,0.0299182297097803
0,TS_oracle,0.0075090852194345
0,TS_oracle,0.00943627243061688
0,TS_oracle,0.0237687704538402
0,TS_oracle,0.0202791807453803
0,TS_oracle,0.0173758126206697
0,TS_oracle,0.0227477401307084
0,TS_oracle,0.0329484747088024
0,TS_oracle,0.00418060138061318
0,TS_oracle,0.0214556551211633
0,TS_oracle,0.0241112228358483
0,TS_oracle,0.0106983310409382
0,TS_oracle,0.0392268773082337
0,TS_oracle,0.026782080488232
0,TS_oracle,0.0128728676288254
0,TS_oracle,0.0332257629677221
0,TS_oracle,0.0130220745692973
0,TS_oracle,0.0234455770189133
0,TS_oracle,0.0737941765370881
0,TS_oracle,0.0173855141390059
0,TS_oracle,0.0184074520016187
0,TS_oracle,0.0231684586120864
0,TS_oracle,0.0277225321044035
0,TS_oracle,0.017692808195634
0,TS_oracle,0.038560973176281
0,TS_oracle,0.0548166925850739
0,TS_oracle,0.0295632327955572
0,TS_oracle,0.0201615256611534
0,TS_oracle,0.0319334679720706
0,TS_oracle,0.00992846108256698
0,TS_oracle,0.0118440597340768
0,TS_oracle,0.0224638399981366
0,TS_oracle,0.0197214430365595
0,TS_oracle,0.0195853392432291
0,TS_oracle,0.048014837292641
0,TS_oracle,0.0269213744608667
0,TS_oracle,0.00511146090024656
0,TS_oracle,0.0386805610399179
0,TS_oracle,0.0179318216684768
0,TS_oracle,0.0508952444897953
0,TS_oracle,0.00939920899760797
0,TS_oracle,0.0240167633962884
0,TS_oracle,0.0213444966732945
0,TS_oracle,0.0113332498994047
0,TS_oracle,0.0104429281650853
0,TS_oracle,0.00702041273105445
0,TS_oracle,0.0320234526523654
0,TS_oracle,0.0052834222416153
0,TS_oracle,0.0147709517017139
0,TS_oracle,0.0185616510135188
0,TS_oracle,0.0298495402643081
0,TS_oracle,0.0643074860980356
0,TS_oracle,0.0128591956608566
0,TS_oracle,0.0123099246520438
0,TS_oracle,0.0188632161529252
0,TS_oracle,0.0148430374609936
0,TS_oracle,0.0111579822203796
0,TS_oracle,0.0313645930666566
0,TS_oracle,0.0397667543207724
0,TS_oracle,0.0191258270591507
0,TS_oracle,0.0518126549500376
0,TS_oracle,0.00633462401001758
0,TS_oracle,0.0253000167435217
0,TS_oracle,0.0297027278231069
0,TS_oracle,0.0283221472100905
0,TS_oracle,0.037113380288657
0,TS_oracle,0.0262371352198729
0,TS_oracle,0.00548453544622316
0,TS_oracle,0.00767376369893073
0,TS_oracle,0.0275436728942195
0,TS_oracle,0.0198548627197428
0,TS_oracle,0.0203224199180289
0,TS_oracle,0.0435278650812143
0,TS_oracle,0.011768763235812
0,TS_oracle,0.00616455870242188
0,TS_oracle,0.0373880484595986
0,TS_oracle,0.010047206908009
0,TS_oracle,0.026454369002819
0,TS_oracle,0.00565815479997401
0,TS_oracle,0.0173760522030428
0,TS_oracle,0.0223201373975146
0,TS_oracle,0.00467300759085146
0,TS_oracle,0.00471957095356531
0,TS_oracle,0.0228515069300554
0,TS_oracle,0.0345786486819469
0,TS_oracle,0.0247667941841162
0,TS_oracle,0.0156895140090277
0,TS_oracle,0.0166182409024329
0,TS_oracle,0.0325062377897239
0,TS_oracle,0.0169401138299574
0,TS_oracle,0.00900949664674456
0,TS_oracle,0.0146089057924951
0,TS_oracle,0.0276326199650694
0,TS_oracle,0.0101995186202203
0,TS_oracle,0.00920517157125505
0,TS_oracle,0.0295417629995455
0,TS_oracle,0.00966583336127715
0,TS_oracle,0.0164532429740012
0,TS_oracle,0.0380489096270274
0,TS_oracle,0.0375944612572704
0,TS_oracle,0.025600958943561
0,TS_oracle,0.014314681202592
0,TS_oracle,0.0111155269145896
0,TS_oracle,0.00713593960444849
0,TS_oracle,0.0338232985464209
0,TS_oracle,0.012406886857467
0,TS_oracle,0.0202306423682223
0,TS_oracle,0.0214927111112406
0,TS_oracle,0.0584120428681663
0,TS_oracle,0.0191589454071317
0,TS_oracle,0.0117072914922367
0,TS_oracle,0.00800653625397853
0,TS_oracle,0.0027444829794764
0,TS_oracle,0.0282564649295038
0,TS_oracle,0.00541109238333348
0,TS_oracle,0.0627505655038735
0,TS_oracle,0.0193513392107515
0,TS_oracle,0.0081481627640171
0,TS_oracle,0.0824055061800852
0,TS_oracle,0.0228554158571993
0,TS_oracle,0.00384621295743553
0,TS_oracle,0.0273434925149697
0,TS_oracle,0.00640443152652564
0,TS_oracle,0.121185813073018
0,TS_oracle,0.0051347919614508
0,TS_oracle,0.0368124569901971
0,TS_oracle,0.0328878672470098
0,TS_oracle,0.0303633910904033
0,TS_oracle,0.0113916921679919
0,TS_oracle,0.0111702081722518
0,TS_oracle,0.0229110531055598
0,TS_oracle,0.0225124761952852
0,TS_oracle,0.0167487150879929
0,TS_oracle,0.0108063732478721
0,TS_oracle,0.0154342743339918
0,TS_oracle,0.0186022071284493
0,TS_oracle,0.0119764135278726
0,TS_oracle,0.0257137361411249
0,TS_oracle,0.0182994704995064
0,TS_oracle,0.00817235115438032
0,TS_oracle,0.0176060937821164
0,TS_oracle,0.0156475434472787
0,TS_oracle,0.0276990182813178
0,TS_oracle,0.00650719488627856
0,TS_oracle,0.0238267152795093
0,TS_oracle,0.0149829637200548
0,TS_oracle,0.0168574252781809
0,TS_oracle,0.0213111409951054
0,TS_oracle,0.021591849840799
0,TS_oracle,0.0370878960081819
0,TS_oracle,0.031160215054793
0,TS_oracle,0.0245324376894288
0,TS_oracle,0.037062909500196
0,TS_oracle,0.0413681222286654
0,TS_oracle,0.0198148010944905
0,TS_oracle,0.0286398394189629
0,TS_oracle,0.00946413108679328
0.1,PLS,0.0378255792109231
0.1,PLS,0.0322606921048139
0.1,PLS,0.0151672424459568
0.1,PLS,0.0122178668888594
0.1,PLS,0.00605918209711476
0.1,PLS,0.0290947104703971
0.1,PLS,0.00781924940629413
0.1,PLS,0.0329305475837456
0.1,PLS,0.0282490738625402
0.1,PLS,0.0189428916382546
0.1,PLS,0.0149596269698053
0.1,PLS,0.0242236473644139
0.1,PLS,0.0968234044066549
0.1,PLS,0.0250145994114962
0.1,PLS,0.0382300826719988
0.1,PLS,0.0422516655072025
0.1,PLS,0.0223098831028839
0.1,PLS,0.019798219261317
0.1,PLS,0.0265162968718763
0.1,PLS,0.0493190684168028
0.1,PLS,0.0307361893333172
0.1,PLS,0.0251567954167826
0.1,PLS,0.0307562378034306
0.1,PLS,0.0104724621676779
0.1,PLS,0.0503358449448175
0.1,PLS,0.0309570271328011
0.1,PLS,0.015556130723604
0.1,PLS,0.0375225500042865
0.1,PLS,0.0561184546673228
0.1,PLS,0.0195505566911029
0.1,PLS,0.0177992125708356
0.1,PLS,0.0156519897520828
0.1,PLS,0.0241245235171256
0.1,PLS,0.0279178423442479
0.1,PLS,0.0173822190057096
0.1,PLS,0.0378469542602484
0.1,PLS,0.0103330426370053
0.1,PLS,0.0155686637525987
0.1,PLS,0.0193016408549561
0.1,PLS,0.0266565951235694
0.1,PLS,0.0232537678281732
0.1,PLS,0.0199726833519296
0.1,PLS,0.0476845706852555
0.1,PLS,0.0297276819900623
0.1,PLS,0.0372100915057232
0.1,PLS,0.023005742323557
0.1,PLS,0.0186879481444848
0.1,PLS,0.0193169179312242
0.1,PLS,0.0116945087790404
0.1,PLS,0.0397763921936296
0.1,PLS,0.00920409911429529
0.1,PLS,0.0479246572990802
0.1,PLS,0.0164193492876569
0.1,PLS,0.0105691080593697
0.1,PLS,0.0366543596349695
0.1,PLS,0.0641035584323066
0.1,PLS,0.0354478282859329
0.1,PLS,0.0181229712159004
0.1,PLS,0.0155328037977223
0.1,PLS,0.0444544079440737
0.1,PLS,0.0091712295079621
0.1,PLS,0.0400175621784034
0.1,PLS,0.028263949011541
0.1,PLS,0.0492574096168243
0.1,PLS,0.0187150379111154
0.1,PLS,0.0641348574226158
0.1,PLS,0.0528685376129918
0.1,PLS,0.0251888859971242
0.1,PLS,0.0253138825797578
0.1,PLS,0.0149608344357432
0.1,PLS,0.0287324344784609
0.1,PLS,0.0196535332408439
0.1,PLS,0.0249070386675212
0.1,PLS,0.0456813746806193
0.1,PLS,0.0329675022370043
0.1,PLS,0.0161145766796748
0.1,PLS,0.0184453888985576
0.1,PLS,0.00931215891215902
0.1,PLS,0.00522747446505858
0.1,PLS,0.0167384724212637
0.1,PLS,0.0158435234544651
0.1,PLS,0.0240674250373392
0.1,PLS,0.0573509112960872
0.1,PLS,0.00916065472621762
0.1,PLS,0.0382549185482538
0.1,PLS,0.00706300119314798
0.1,PLS,0.0144395789776519
0.1,PLS,0.0371574554296053
0.1,PLS,0.0100773128474795
0.1,PLS,0.0922010930248922
0.1,PLS,0.0375819393207913
0.1,PLS,0.00876606391806246
0.1,PLS,0.0623304792188966
0.1,PLS,0.0282761003125613
0.1,PLS,0.00697420782385005
0.1,PLS,0.0203491908051309
0.1,PLS,0.00748403440600904
0.1,PLS,0.0113217345256984
0.1,PLS,0.014401683905579
0.1,PLS,0.0609063409363755
0.1,PLS,0.026042849160939
0.1,PLS,0.0349151823031234
0.1,PLS,0.0598504830340076
0.1,PLS,0.0399167927416581
0.1,PLS,0.0724174409203844
0.1,PLS,0.0115004782308696
0.1,PLS,0.0125007200081019
0.1,PLS,0.0338509201502138
0.1,PLS,0.0302405276798689
0.1,PLS,0.0254414039835279
0.1,PLS,0.0157906641769812
0.1,PLS,0.0196692895088701
0.1,PLS,0.00829835347938366
0.1,PLS,0.00943347243274013
0.1,PLS,0.0623289832232995
0.1,PLS,0.0126292090071303
0.1,PLS,0.0245252927317964
0.1,PLS,0.0202150383580334
0.1,PLS,0.0282228033046153
0.1,PLS,0.0371727712136795
0.1,PLS,0.0232875280545759
0.1,PLS,0.0100883211704094
0.1,PLS,0.0159584009032587
0.1,PLS,0.0150267358272177
0.1,PLS,0.0261460735510164
0.1,PLS,0.0374048366255452
0.1,PLS,0.0086295797862939
0.1,PLS,0.0754596234016526
0.1,PLS,0.0212816609578845
0.1,PLS,0.0419020031960585
0.1,PLS,0.0332568119461703
0.1,PLS,0.0495430535721601
0.1,PLS,0.0184850152271406
0.1,PLS,0.0143933349689548
0.1,PLS,0.0298702146372799
0.1,PLS,0.0218408602687892
0.1,PLS,0.0153857787916013
0.1,PLS,0.0121335006478575
0.1,PLS,0.0151333561288823
0.1,PLS,0.0354404170754673
0.1,PLS,0.0242319382524522
0.1,PLS,0.0363282836666245
0.1,PLS,0.0284292186735747
0.1,PLS,0.0148614802109942
0.1,PLS,0.020254093555093
0.1,PLS,0.0618681936256741
0.1,PLS,0.0233390066542428
0.1,PLS,0.0219827673975754
0.1,PLS,0.00652129541290333
0.1,PLS,0.0187807870603841
0.1,PLS,0.0260356851527771
0.1,PLS,0.059268322826338
0.1,PLS,0.032749308612076
0.1,PLS,0.0212808596819458
0.1,PLS,0.0675700912714348
0.1,PLS,0.0337435458784372
0.1,PLS,0.0231336596564331
0.1,PLS,0.0574422983009113
0.1,PLS,0.0268059936250593
0.1,PLS,0.00906822356855393
0.1,PLS,0.0291268823941294
0.1,PLS,0.0102654078347427
0.1,PLS,0.0231836243754074
0.1,PLS,0.0191420026571298
0.1,PLS,0.017047206139522
0.1,PLS,0.012593117156575
0.1,PLS,0.0352507357296677
0.1,PLS,0.0450377308008989
0.1,PLS,0.0197651486606897
0.1,PLS,0.036531435652933
0.1,PLS,0.0453645662736278
0.1,PLS,0.0378285920545005
0.1,PLS,0.0189481232995236
0.1,PLS,0.02432165077839
0.1,PLS,0.0134422828196963
0.1,PLS,0.0260950782677847
0.1,PLS,0.0317396522500452
0.1,PLS,0.0262125287255391
0.1,PLS,0.0208918500792818
0.1,PLS,0.0357800833494484
0.1,PLS,0.00711327934227776
0.1,PLS,0.0236700424249928
0.1,PLS,0.0329842530806065
0.1,PLS,0.0139988974815626
0.1,PLS,0.0592446076229917
0.1,PLS,0.00946046330918658
0.1,PLS,0.061273960391835
0.1,PLS,0.0291986641914615
0.1,PLS,0.0133365454595917
0.1,PLS,0.017214176602323
0.1,PLS,0.0132158927605158
0.1,PLS,0.0221697305036001
0.1,PLS,0.0194645966740381
0.1,PLS,0.0578374311200323
0.1,PLS,0.0266701078290603
0.1,PLS,0.0169876502500261
0.1,PLS,0.0254473411808807
0.1,PLS,0.0053788309585438
0.1,PLS,0.0403394987103144
0.1,PLS,0.0482379363994394
0.1,fTS,0.0378255792109231
0.1,fTS,0.0290567316891359
0.1,fTS,0.0151154966441994
0.1,fTS,0.0122178668888594
0.1,fTS,0.00567827109766091
0.1,fTS,0.0286049989847079
0.1,fTS,0.00717343157621335
0.1,fTS,0.0262177783503128
0.1,fTS,0.0282490738625402
0.1,fTS,0.0156069018938324
0.1,fTS,0.015600967130858
0.1,fTS,0.0312752135392695
0.1,fTS,0.085832112199569
0.1,fTS,0.0273991544506423
0.1,fTS,0.0382300826719988
0.1,fTS,0.0444378785386191
0.1,fTS,0.0223098831028839
0.1,fTS,0.019798219261317
0.1,fTS,0.0265162968718763
0.1,fTS,0.0489572003165384
0.1,fTS,0.031441575759837
0.1,fTS,0.0179384065890631
0.1,fTS,0.0309283855335257
0.1,fTS,0.0076648897008848
0.1,fTS,0.0559652447738974
0.1,fTS,0.0309570271328011
0.1,fTS,0.0154229212106584
0.1,fTS,0.0321987543776948
0.1,fTS,0.055628079009731
0.1,fTS,0.0170404107116067
0.1,fTS,0.0177830141905757
0.1,fTS,0.01454803006213
0.1,fTS,0.0239724749930141
0.1,fTS,0.031508178353341
0.1,fTS,0.0182260945174072
0.1,fTS,0.0378469542602484
0.1,fTS,0.0103330426370053
0.1,fTS,0.0160906792523741
0.1,fTS,0.0193016408549561
0.1,fTS,0.0299444266460916
0.1,fTS,0.0165436683091141
0.1,fTS,0.0165398748538276
0.1,fTS,0.0476845706852555
0.1,fTS,0.0274283090932706
0.1,fTS,0.0356551311134012
0.1,fTS,0.023005742323557
0.1,fTS,0.0331098691486339
0.1,fTS,0.0188674359646034
0.1,fTS,0.0176282153077825
0.1,fTS,0.0397763921936296
0.1,fTS,0.00939185449362096
0.1,fTS,0.040872761361232
0.1,fTS,0.0144991645907539
0.1,fTS,0.0105596084837653
0.1,fTS,0.0380559186090227
0.1,fTS,0.0638230958267414
0.1,fTS,0.034413135935158
0.1,fTS,0.0181229712159004
0.1,fTS,0.0159134996955233
0.1,fTS,0.0467765807703049
0.1,fTS,0.00784146139514869
0.1,fTS,0.0432831363418628
0.1,fTS,0.0255776773896959
0.1,fTS,0.043048372569714
0.1,fTS,0.0141923081236179
0.1,fTS,0.0641348574226158
0.1,fTS,0.0535836971675472
0.1,fTS,0.0266261377932241
0.1,fTS,0.0253138825797578
0.1,fTS,0.0122586993705252
0.1,fTS,0.0291010950841632
0.1,fTS,0.0196535332408439
0.1,fTS,0.0260437926117274
0.1,fTS,0.0403477711025673
0.1,fTS,0.0333242049175547
0.1,fTS,0.0155799722547724
0.1,fTS,0.0205433211599364
0.1,fTS,0.00853369783997087
0.1,fTS,0.00504079505075113
0.1,fTS,0.0122684297341662
0.1,fTS,0.0164463145688447
0.1,fTS,0.0234360336499473
0.1,fTS,0.0583088723292328
0.1,fTS,0.01485411789136
0.1,fTS,0.0373531899081468
0.1,fTS,0.00902810751564803
0.1,fTS,0.0171333459172728
0.1,fTS,0.0297012134268699
0.1,fTS,0.00762084470608409
0.1,fTS,0.095135967518555
0.1,fTS,0.0342131012647864
0.1,fTS,0.0115193994004286
0.1,fTS,0.0595940089097833
0.1,fTS,0.0282761003125613
0.1,fTS,0.00662888081081897
0.1,fTS,0.0223523198236713
0.1,fTS,0.00693254596589515
0.1,fTS,0.0127147822318264
0.1,fTS,0.012853294151528
0.1,fTS,0.0620473411765507
0.1,fTS,0.0270237867733395
0.1,fTS,0.0335019130339657
0.1,fTS,0.0491574766065147
0.1,fTS,0.0389176569650444
0.1,fTS,0.0772312273601189
0.1,fTS,0.0115004782308696
0.1,fTS,0.0109389972522172
0.1,fTS,0.036222031749227
0.1,fTS,0.0306882612246206
0.1,fTS,0.0305097630342409
0.1,fTS,0.0204388770212791
0.1,fTS,0.018607224301061
0.1,fTS,0.00822271033011633
0.1,fTS,0.00943347243274013
0.1,fTS,0.0581397668738825
0.1,fTS,0.0132478018664678
0.1,fTS,0.0239043395504945
0.1,fTS,0.0202150383580334
0.1,fTS,0.0361884031552982
0.1,fTS,0.0400891875875614
0.1,fTS,0.0182401829846763
0.1,fTS,0.00990822829308285
0.1,fTS,0.0159584009032587
0.1,fTS,0.0325687800169758
0.1,fTS,0.0261460735510164
0.1,fTS,0.0395699428208084
0.1,fTS,0.00870245734750405
0.1,fTS,0.0754596234016526
0.1,fTS,0.0176887058271532
0.1,fTS,0.0419020031960585
0.1,fTS,0.0332568119461703
0.1,fTS,0.0556774659663099
0.1,fTS,0.0184850152271406
0.1,fTS,0.016731810675605
0.1,fTS,0.0298702146372799
0.1,fTS,0.0224949005333268
0.1,fTS,0.0153857787916013
0.1,fTS,0.0121335006478575
0.1,fTS,0.0144938043810928
0.1,fTS,0.035144429906658
0.1,fTS,0.0306643579691198
0.1,fTS,0.0370755884046795
0.1,fTS,0.0279544283610345
0.1,fTS,0.0130933510414407
0.1,fTS,0.020254093555093
0.1,fTS,0.0774132679150213
0.1,fTS,0.0356312231344515
0.1,fTS,0.0211449776461698
0.1,fTS,0.00520860562063514
0.1,fTS,0.0170690364264492
0.1,fTS,0.0260356851527771
0.1,fTS,0.058443895402327
0.1,fTS,0.030192180919336
0.1,fTS,0.0172876005195842
0.1,fTS,0.0634162783858475
0.1,fTS,0.0353029963582855
0.1,fTS,0.0217664404977969
0.1,fTS,0.0531769501236144
0.1,fTS,0.0253080888214396
0.1,fTS,0.00961955448176727
0.1,fTS,0.028819413367625
0.1,fTS,0.0102433650022151
0.1,fTS,0.0231932306534589
0.1,fTS,0.0191420026571298
0.1,fTS,0.0145636556774392
0.1,fTS,0.0143453788754966
0.1,fTS,0.0352507357296677
0.1,fTS,0.0309196395029725
0.1,fTS,0.0291197127601695
0.1,fTS,0.0332797999870323
0.1,fTS,0.0406709083350226
0.1,fTS,0.0410175370541881
0.1,fTS,0.0189481232995236
0.1,fTS,0.0211103033335214
0.1,fTS,0.0134503672470346
0.1,fTS,0.0272626281152811
0.1,fTS,0.0301291969576549
0.1,fTS,0.0262125287255391
0.1,fTS,0.0204068659112626
0.1,fTS,0.0322505501826789
0.1,fTS,0.00637082641496001
0.1,fTS,0.0236700424249928
0.1,fTS,0.0301206202644959
0.1,fTS,0.0180968169884171
0.1,fTS,0.0557078073005025
0.1,fTS,0.00875553978895189
0.1,fTS,0.0505900933952695
0.1,fTS,0.0286025720931962
0.1,fTS,0.0142939964465489
0.1,fTS,0.0174586172838042
0.1,fTS,0.0127555019405018
0.1,fTS,0.0226545870064633
0.1,fTS,0.0207644776263856
0.1,fTS,0.0557964247994535
0.1,fTS,0.0306123013029499
0.1,fTS,0.0153027801730676
0.1,fTS,0.0254473411808807
0.1,fTS,0.00575573718950732
0.1,fTS,0.0302152772904312
0.1,fTS,0.0529522383394885
0.1,LS_oracle,0.0332028556573742
0.1,LS_oracle,0.0276965538406948
0.1,LS_oracle,0.0151793814587228
0.1,LS_oracle,0.0115969772093555
0.1,LS_oracle,0.00443104593124085
0.1,LS_oracle,0.0112848362002606
0.1,LS_oracle,0.0050418915413653
0.1,LS_oracle,0.0462277008045719
0.1,LS_oracle,0.023380657032438
0.1,LS_oracle,0.0128784816305555
0.1,LS_oracle,0.0142197472953368
0.1,LS_oracle,0.0292131538738497
0.1,LS_oracle,0.0920825221857297
0.1,LS_oracle,0.0234350447617328
0.1,LS_oracle,0.0335603979503813
0.1,LS_oracle,0.0312135578800575
0.1,LS_oracle,0.0132642528665934
0.1,LS_oracle,0.0233886714110989
0.1,LS_oracle,0.0210444071783421
0.1,LS_oracle,0.0533741362661691
0.1,LS_oracle,0.0285256189200485
0.1,LS_oracle,0.0135864709887532
0.1,LS_oracle,0.0131046625530946
0.1,LS_oracle,0.0143021756335086
0.1,LS_oracle,0.021618516848926
0.1,LS_oracle,0.0307642569317426
0.1,LS_oracle,0.015518222834751
0.1,LS_oracle,0.0244943573001006
0.1,LS_oracle,0.04504223577224
0.1,LS_oracle,0.0205881026655915
0.1,LS_oracle,0.0188447941959848
0.1,LS_oracle,0.0176446662918004
0.1,LS_oracle,0.0192288553952341
0.1,LS_oracle,0.0192733000250381
0.1,LS_oracle,0.0180157674860602
0.1,LS_oracle,0.0293320658997409
0.1,LS_oracle,0.00981713897759177
0.1,LS_oracle,0.0150542667422616
0.1,LS_oracle,0.00900249185800661
0.1,LS_oracle,0.0280428096761469
0.1,LS_oracle,0.0225477420008961
0.1,LS_oracle,0.0189935217521765
0.1,LS_oracle,0.0299706729106053
0.1,LS_oracle,0.0278993481634914
0.1,LS_oracle,0.0332375471662678
0.1,LS_oracle,0.0239041972259251
0.1,LS_oracle,0.0167666280105403
0.1,LS_oracle,0.0222317689197415
0.1,LS_oracle,0.0118761750919254
0.1,LS_oracle,0.0280633475588275
0.1,LS_oracle,0.00923490459005384
0.1,LS_oracle,0.0329573570804643
0.1,LS_oracle,0.0155698369593842
0.1,LS_oracle,0.00871362618007675
0.1,LS_oracle,0.0380142058784167
0.1,LS_oracle,0.0739306882647757
0.1,LS_oracle,0.0317050599606517
0.1,LS_oracle,0.0187083079499191
0.1,LS_oracle,0.0175787313255884
0.1,LS_oracle,0.0440970923894856
0.1,LS_oracle,0.00899996223828421
0.1,LS_oracle,0.040520719677844
0.1,LS_oracle,0.0168616319446368
0.1,LS_oracle,0.0576559027762663
0.1,LS_oracle,0.0206260953411982
0.1,LS_oracle,0.00980794144921107
0.1,LS_oracle,0.0566489718955875
0.1,LS_oracle,0.0151445571933914
0.1,LS_oracle,0.0228796953938629
0.1,LS_oracle,0.0109971269223154
0.1,LS_oracle,0.0296627087360667
0.1,LS_oracle,0.00871463479535229
0.1,LS_oracle,0.0209539640120756
0.1,LS_oracle,0.0468779009760401
0.1,LS_oracle,0.0295661550815667
0.1,LS_oracle,0.0285506079116546
0.1,LS_oracle,0.0142122889197941
0.1,LS_oracle,0.00835106543345307
0.1,LS_oracle,0.00634554170928136
0.1,LS_oracle,0.0107194477290739
0.1,LS_oracle,0.0156171795288085
0.1,LS_oracle,0.022990475173567
0.1,LS_oracle,0.0434670007064333
0.1,LS_oracle,0.00951780567474199
0.1,LS_oracle,0.0383113822282025
0.1,LS_oracle,0.00681850810401381
0.1,LS_oracle,0.0142424039523736
0.1,LS_oracle,0.0301205161026877
0.1,LS_oracle,0.0112314438155999
0.1,LS_oracle,0.0908965609356166
0.1,LS_oracle,0.0380973613098764
0.1,LS_oracle,0.00998311195537683
0.1,LS_oracle,0.0564036161384894
0.1,LS_oracle,0.0282738553641472
0.1,LS_oracle,0.00664386761634506
0.1,LS_oracle,0.0201079591048739
0.1,LS_oracle,0.00812893787818889
0.1,LS_oracle,0.0141381194072542
0.1,LS_oracle,0.0186686501046785
0.1,LS_oracle,0.055071507427565
0.1,LS_oracle,0.0254979056153989
0.1,LS_oracle,0.0313710046057766
0.1,LS_oracle,0.0501229232948328
0.1,LS_oracle,0.0400890956495549
0.1,LS_oracle,0.0703063563896524
0.1,LS_oracle,0.0143645265237423
0.1,LS_oracle,0.0115560013380667
0.1,LS_oracle,0.0287554299762099
0.1,LS_oracle,0.0329152927958403
0.1,LS_oracle,0.0123634475569791
0.1,LS_oracle,0.0145371327270763
0.1,LS_oracle,0.0280644138327434
0.1,LS_oracle,0.00870024090081015
0.1,LS_oracle,0.00968962142075116
0.1,LS_oracle,0.0657320899344748
0.1,LS_oracle,0.0119675893586461
0.1,LS_oracle,0.0231411601357099
0.1,LS_oracle,0.0215474741864724
0.1,LS_oracle,0.0109712597637568
0.1,LS_oracle,0.0338759006153381
0.1,LS_oracle,0.0160867681461005
0.1,LS_oracle,0.0114546251104503
0.1,LS_oracle,0.0136305477723769
0.1,LS_oracle,0.0129683850225355
0.1,LS_oracle,0.0269633317666308
0.1,LS_oracle,0.0365535175473665
0.1,LS_oracle,0.00512447927883416
0.1,LS_oracle,0.0576733001964277
0.1,LS_oracle,0.0270398988553998
0.1,LS_oracle,0.0295521622971017
0.1,LS_oracle,0.0213840674054644
0.1,LS_oracle,0.0445172901549951
0.1,LS_oracle,0.0171570218932908
0.1,LS_oracle,0.0122001527819414
0.1,LS_oracle,0.0302137637837432
0.1,LS_oracle,0.0218683167269848
0.1,LS_oracle,0.0147029663332724
0.1,LS_oracle,0.0187231662624943
0.1,LS_oracle,0.0134523531627066
0.1,LS_oracle,0.0402118874289223
0.1,LS_oracle,0.0181871320671024
0.1,LS_oracle,0.0371442770842225
0.1,LS_oracle,0.017342665995033
0.1,LS_oracle,0.0157928579590106
0.1,LS_oracle,0.0110816688625037
0.1,LS_oracle,0.0619088873229842
0.1,LS_oracle,0.0180021348118429
0.1,LS_oracle,0.0172820256495664
0.1,LS_oracle,0.00545179613314165
0.1,LS_oracle,0.0158909338787073
0.1,LS_oracle,0.0252727579182421
0.1,LS_oracle,0.0520928997060734
0.1,LS_oracle,0.0330125837208151
0.1,LS_oracle,0.0148128401858684
0.1,LS_oracle,0.0486987881151856
0.1,LS_oracle,0.0542808843386732
0.1,LS_oracle,0.020825502457874
0.1,LS_oracle,0.0548204552688985
0.1,LS_oracle,0.0309098035434672
0.1,LS_oracle,0.00791553051177212
0.1,LS_oracle,0.0253402501899099
0.1,LS_oracle,0.0095745473079114
0.1,LS_oracle,0.0242717102886956
0.1,LS_oracle,0.00763014587798307
0.1,LS_oracle,0.0156630058086889
0.1,LS_oracle,0.00845575615518687
0.1,LS_oracle,0.0201458563105835
0.1,LS_oracle,0.03219929567104
0.1,LS_oracle,0.0173231140509806
0.1,LS_oracle,0.042314390513805
0.1,LS_oracle,0.044534854508167
0.1,LS_oracle,0.0364742158406801
0.1,LS_oracle,0.0229333365169837
0.1,LS_oracle,0.0227913928774868
0.1,LS_oracle,0.0137485390248082
0.1,LS_oracle,0.0253430339816516
0.1,LS_oracle,0.0328153462781627
0.1,LS_oracle,0.0179844312388525
0.1,LS_oracle,0.0189359621367071
0.1,LS_oracle,0.0255774060519034
0.1,LS_oracle,0.00691882006882888
0.1,LS_oracle,0.0211847023545607
0.1,LS_oracle,0.0320278562006217
0.1,LS_oracle,0.00443750153916519
0.1,LS_oracle,0.065720282285816
0.1,LS_oracle,0.00841719283058574
0.1,LS_oracle,0.0603968202832769
0.1,LS_oracle,0.0230123167296406
0.1,LS_oracle,0.0043101967236212
0.1,LS_oracle,0.0126740218246794
0.1,LS_oracle,0.0129247289996618
0.1,LS_oracle,0.0274719962020468
0.1,LS_oracle,0.0172538816155115
0.1,LS_oracle,0.0563862829917745
0.1,LS_oracle,0.0224602137391712
0.1,LS_oracle,0.0176813074432835
0.1,LS_oracle,0.0185382059534854
0.1,LS_oracle,0.00540995528042201
0.1,LS_oracle,0.0397420880826178
0.1,LS_oracle,0.0433206973812901
0.1,TS_oracle,0.0329020867129206
0.1,TS_oracle,0.027527862163922
0.1,TS_oracle,0.0151132277060067
0.1,TS_oracle,0.0115969772093555
0.1,TS_oracle,0.00374929590060513
0.1,TS_oracle,0.00970827436080726
0.1,TS_oracle,0.00612168875995168
0.1,TS_oracle,0.033005880369218
0.1,TS_oracle,0.023380657032438
0.1,TS_oracle,0.012492377797854
0.1,TS_oracle,0.0153679651251181
0.1,TS_oracle,0.0383210426472173
0.1,TS_oracle,0.0820068396532918
0.1,TS_oracle,0.0256512448300486
0.1,TS_oracle,0.0335603979503813
0.1,TS_oracle,0.0322778299154662
0.1,TS_oracle,0.013264252866594
0.1,TS_oracle,0.0233886714110989
0.1,TS_oracle,0.0210444071783421
0.1,TS_oracle,0.0533675947117309
0.1,TS_oracle,0.0288122439783789
0.1,TS_oracle,0.0149004266378541
0.1,TS_oracle,0.0143844924465098
0.1,TS_oracle,0.0072320257214037
0.1,TS_oracle,0.0215702907221215
0.1,TS_oracle,0.0307642569317426
0.1,TS_oracle,0.0173304560427646
0.1,TS_oracle,0.0281445690016346
0.1,TS_oracle,0.0448128216539406
0.1,TS_oracle,0.0176324857298541
0.1,TS_oracle,0.0171330525582452
0.1,TS_oracle,0.0150389095257976
0.1,TS_oracle,0.0178500324500238
0.1,TS_oracle,0.0207700445544123
0.1,TS_oracle,0.019415255636649
0.1,TS_oracle,0.0293320658997409
0.1,TS_oracle,0.00981713897759177
0.1,TS_oracle,0.016146677135087
0.1,TS_oracle,0.00900249185800661
0.1,TS_oracle,0.0311456225181474
0.1,TS_oracle,0.0162106019686231
0.1,TS_oracle,0.0158990667208
0.1,TS_oracle,0.0299706729106053
0.1,TS_oracle,0.0276674097506192
0.1,TS_oracle,0.0319352801363663
0.1,TS_oracle,0.0239041972259251
0.1,TS_oracle,0.0143724387336875
0.1,TS_oracle,0.0218296414205034
0.1,TS_oracle,0.0158304584555178
0.1,TS_oracle,0.0280633475588275
0.1,TS_oracle,0.00923490459005384
0.1,TS_oracle,0.0292220804396596
0.1,TS_oracle,0.0143279513509866
0.1,TS_oracle,0.00891872339758384
0.1,TS_oracle,0.0389634250500883
0.1,TS_oracle,0.0582670097301315
0.1,TS_oracle,0.0341611907618383
0.1,TS_oracle,0.0187083079499191
0.1,TS_oracle,0.0128906714157499
0.1,TS_oracle,0.0466146536307539
0.1,TS_oracle,0.00744995959487455
0.1,TS_oracle,0.0416064755446182
0.1,TS_oracle,0.0150698120578489
0.1,TS_oracle,0.0470691187868483
0.1,TS_oracle,0.014733854776957
0.1,TS_oracle,0.00980794144921107
0.1,TS_oracle,0.0570985090285804
0.1,TS_oracle,0.0156584619102371
0.1,TS_oracle,0.0228796953938629
0.1,TS_oracle,0.00986253220067112
0.1,TS_oracle,0.0285132014079961
0.1,TS_oracle,0.00871463479535229
0.1,TS_oracle,0.024381499881453
0.1,TS_oracle,0.0412890684478123
0.1,TS_oracle,0.0272678958425755
0.1,TS_oracle,0.02858561226125
0.1,TS_oracle,0.0162706059949992
0.1,TS_oracle,0.00695648042041813
0.1,TS_oracle,0.00634554170928136
0.1,TS_oracle,0.00716792852886138
0.1,TS_oracle,0.0162307921265221
0.1,TS_oracle,0.0227983464948931
0.1,TS_oracle,0.0428647109318058
0.1,TS_oracle,0.01470677466479
0.1,TS_oracle,0.0381544239117807
0.1,TS_oracle,0.00872241067303022
0.1,TS_oracle,0.0143715103601685
0.1,TS_oracle,0.0248459557020782
0.1,TS_oracle,0.0112314438155999
0.1,TS_oracle,0.0937813098295975
0.1,TS_oracle,0.0346472747196607
0.1,TS_oracle,0.0110350535561206
0.1,TS_oracle,0.0534785092686855
0.1,TS_oracle,0.0282738553641472
0.1,TS_oracle,0.00638847752404971
0.1,TS_oracle,0.0219855993118811
0.1,TS_oracle,0.00606139730542778
0.1,TS_oracle,0.0154656555729407
0.1,TS_oracle,0.0162274854522549
0.1,TS_oracle,0.055071507427565
0.1,TS_oracle,0.0266219565734474
0.1,TS_oracle,0.0296076060274725
0.1,TS_oracle,0.0438517508331395
0.1,TS_oracle,0.038685372538412
0.1,TS_oracle,0.0747904081447521
0.1,TS_oracle,0.0143645265237423
0.1,TS_oracle,0.00777700213957649
0.1,TS_oracle,0.0286554428399339
0.1,TS_oracle,0.0326949540172425
0.1,TS_oracle,0.0126098146419188
0.1,TS_oracle,0.0189585562125946
0.1,TS_oracle,0.0261153409976387
0.1,TS_oracle,0.00861081502354021
0.1,TS_oracle,0.00968962142075116
0.1,TS_oracle,0.0623286522911132
0.1,TS_oracle,0.0116813678905043
0.1,TS_oracle,0.0228346711722474
0.1,TS_oracle,0.0192575711170692
0.1,TS_oracle,0.00742083646279705
0.1,TS_oracle,0.0371602024327888
0.1,TS_oracle,0.0156701765431151
0.1,TS_oracle,0.0111668411523816
0.1,TS_oracle,0.0136305477723769
0.1,TS_oracle,0.0191492912088111
0.1,TS_oracle,0.0269633317666308
0.1,TS_oracle,0.0391413943645347
0.1,TS_oracle,0.00512202871016689
0.1,TS_oracle,0.0576733001964277
0.1,TS_oracle,0.0210551934080658
0.1,TS_oracle,0.0295521622971017
0.1,TS_oracle,0.0213840674054644
0.1,TS_oracle,0.0510618829577213
0.1,TS_oracle,0.0171570218932908
0.1,TS_oracle,0.0126329798194119
0.1,TS_oracle,0.0302965922793336
0.1,TS_oracle,0.02246949712692
0.1,TS_oracle,0.0147029663332724
0.1,TS_oracle,0.0187231662624943
0.1,TS_oracle,0.0136206761013319
0.1,TS_oracle,0.0398160333749924
0.1,TS_oracle,0.0233112568265427
0.1,TS_oracle,0.0384908790336253
0.1,TS_oracle,0.0170068213915031
0.1,TS_oracle,0.0138128841169767
0.1,TS_oracle,0.0110816688625037
0.1,TS_oracle,0.0766397261644523
0.1,TS_oracle,0.0288428876686636
0.1,TS_oracle,0.0173400316700073
0.1,TS_oracle,0.00491714077633907
0.1,TS_oracle,0.014340123622313
0.1,TS_oracle,0.0248795972074581
0.1,TS_oracle,0.0534955716414314
0.1,TS_oracle,0.0330125837208151
0.1,TS_oracle,0.015174983695845
0.1,TS_oracle,0.0459398063461751
0.1,TS_oracle,0.0542808843386732
0.1,TS_oracle,0.020241936993611
0.1,TS_oracle,0.0528264745347632
0.1,TS_oracle,0.0266332750724851
0.1,TS_oracle,0.00937381084059908
0.1,TS_oracle,0.0238340403568347
0.1,TS_oracle,0.0095745473079114
0.1,TS_oracle,0.025498942396996
0.1,TS_oracle,0.00763014587798307
0.1,TS_oracle,0.0142808473526714
0.1,TS_oracle,0.0125555823138641
0.1,TS_oracle,0.0201458563105835
0.1,TS_oracle,0.0238972541688517
0.1,TS_oracle,0.0224164358336703
0.1,TS_oracle,0.0377164714284907
0.1,TS_oracle,0.0399990315608082
0.1,TS_oracle,0.0397366102701815
0.1,TS_oracle,0.0229442380636136
0.1,TS_oracle,0.0193721013621499
0.1,TS_oracle,0.0136463434378065
0.1,TS_oracle,0.0273085407275941
0.1,TS_oracle,0.0328153462781627
0.1,TS_oracle,0.0179844312388525
0.1,TS_oracle,0.0201977242353115
0.1,TS_oracle,0.0248197354238925
0.1,TS_oracle,0.00629070510407475
0.1,TS_oracle,0.0211847023545607
0.1,TS_oracle,0.0283372762495105
0.1,TS_oracle,0.00484340318574382
0.1,TS_oracle,0.0618206944286375
0.1,TS_oracle,0.0076982165489727
0.1,TS_oracle,0.0485005247202267
0.1,TS_oracle,0.0221146997982532
0.1,TS_oracle,0.00553266833132806
0.1,TS_oracle,0.0125608314353051
0.1,TS_oracle,0.0120365621071791
0.1,TS_oracle,0.0269887822518192
0.1,TS_oracle,0.0179867025710779
0.1,TS_oracle,0.0550841498806159
0.1,TS_oracle,0.0251848490782343
0.1,TS_oracle,0.0157694065003158
0.1,TS_oracle,0.0185382059534854
0.1,TS_oracle,0.00577772014313709
0.1,TS_oracle,0.0337363024651964
0.1,TS_oracle,0.0473592713027401
0.2,PLS,0.0234333182811553
0.2,PLS,0.019756675539575
0.2,PLS,0.0160934335723196
0.2,PLS,0.0363728112952579
0.2,PLS,0.0321964537513332
0.2,PLS,0.0709035021329808
0.2,PLS,0.0185321948470096
0.2,PLS,0.0333370116960921
0.2,PLS,0.0147218888346731
0.2,PLS,0.0296269339391171
0.2,PLS,0.0334698170082403
0.2,PLS,0.0392872535841075
0.2,PLS,0.0125465049105177
0.2,PLS,0.0146790495914123
0.2,PLS,0.0160091779310344
0.2,PLS,0.00862818917459266
0.2,PLS,0.0123650812520424
0.2,PLS,0.0401364635018383
0.2,PLS,0.0163893828840718
0.2,PLS,0.0232872042013276
0.2,PLS,0.0326437098935402
0.2,PLS,0.0320673665740704
0.2,PLS,0.0142501535739747
0.2,PLS,0.031782016255251
0.2,PLS,0.0133274797122961
0.2,PLS,0.0181393656209869
0.2,PLS,0.0106817185630005
0.2,PLS,0.0240299157908449
0.2,PLS,0.0470842632042207
0.2,PLS,0.0332270570897355
0.2,PLS,0.0168441865488926
0.2,PLS,0.0109723201767816
0.2,PLS,0.037731095701667
0.2,PLS,0.0204938055113773
0.2,PLS,0.0116028229960725
0.2,PLS,0.00911556066212819
0.2,PLS,0.0334860358499949
0.2,PLS,0.0290295117188542
0.2,PLS,0.0132673874211917
0.2,PLS,0.0409076570807133
0.2,PLS,0.0141729040422785
0.2,PLS,0.018116620087089
0.2,PLS,0.0310332210067224
0.2,PLS,0.0223272827008296
0.2,PLS,0.0196550055137847
0.2,PLS,0.0160624507384832
0.2,PLS,0.0152058259562303
0.2,PLS,0.0140279327720211
0.2,PLS,0.0238424802217116
0.2,PLS,0.032735322433208
0.2,PLS,0.0239591258703457
0.2,PLS,0.0127297496468597
0.2,PLS,0.0143974619459252
0.2,PLS,0.0137533435935886
0.2,PLS,0.0165978237607591
0.2,PLS,0.0378613219054744
0.2,PLS,0.0284981164492245
0.2,PLS,0.0241497252032899
0.2,PLS,0.0287434258695915
0.2,PLS,0.0311284770873067
0.2,PLS,0.00871985758584118
0.2,PLS,0.0317973497812424
0.2,PLS,0.0297877294440871
0.2,PLS,0.0255024348478528
0.2,PLS,0.0167144084288831
0.2,PLS,0.0121901778993186
0.2,PLS,0.00912416188902033
0.2,PLS,0.0137334540596066
0.2,PLS,0.0186199210518793
0.2,PLS,0.0236058099037392
0.2,PLS,0.0172186580796859
0.2,PLS,0.0687125963890785
0.2,PLS,0.0259231722880589
0.2,PLS,0.00950865061446948
0.2,PLS,0.00259834336571247
0.2,PLS,0.0195495700174445
0.2,PLS,0.0167335573933872
0.2,PLS,0.0235377804156787
0.2,PLS,0.0182096333300164
0.2,PLS,0.0265152140794453
0.2,PLS,0.01140585394205
0.2,PLS,0.0224791263086521
0.2,PLS,0.0116518846270782
0.2,PLS,0.030255273318839
0.2,PLS,0.032941651883441
0.2,PLS,0.00925395425094411
0.2,PLS,0.0228281707639986
0.2,PLS,0.0212712994014835
0.2,PLS,0.0220080771977299
0.2,PLS,0.00990661986327922
0.2,PLS,0.0223564442033027
0.2,PLS,0.0268968021731818
0.2,PLS,0.0116064356137217
0.2,PLS,0.0232745223909332
0.2,PLS,0.00850929194649073
0.2,PLS,0.0267704851345225
0.2,PLS,0.0179011620260902
0.2,PLS,0.0287839997671589
0.2,PLS,0.0117417951157244
0.2,PLS,0.0104762542664971
0.2,PLS,0.031478426120294
0.2,PLS,0.0275809927511865
0.2,PLS,0.0262908378164783
0.2,PLS,0.0198013693433723
0.2,PLS,0.0116394003583959
0.2,PLS,0.0272334026693205
0.2,PLS,0.0089668873753126
0.2,PLS,0.011409567173201
0.2,PLS,0.0299374004542086
0.2,PLS,0.0278639600266948
0.2,PLS,0.0610502510075349
0.2,PLS,0.0291824327263053
0.2,PLS,0.0260153089014503
0.2,PLS,0.0266879844572565
0.2,PLS,0.017431277538903
0.2,PLS,0.0199673489136546
0.2,PLS,0.0125302807252052
0.2,PLS,0.0124459271762964
0.2,PLS,0.0210659131349836
0.2,PLS,0.0272821761907292
0.2,PLS,0.0108856637261054
0.2,PLS,0.0238383690524604
0.2,PLS,0.0336243664319998
0.2,PLS,0.0224934636840351
0.2,PLS,0.0105357607457227
0.2,PLS,0.0339086381084211
0.2,PLS,0.024366154584964
0.2,PLS,0.0136403035453991
0.2,PLS,0.0155239249078163
0.2,PLS,0.0157803569975857
0.2,PLS,0.060905418852437
0.2,PLS,0.0366676796902353
0.2,PLS,0.0328802741766584
0.2,PLS,0.0463039231961278
0.2,PLS,0.0226692976056029
0.2,PLS,0.0535922728897999
0.2,PLS,0.016600357590633
0.2,PLS,0.0147225513394623
0.2,PLS,0.0266578015640086
0.2,PLS,0.0294547121011726
0.2,PLS,0.0253400692101409
0.2,PLS,0.0543186280530216
0.2,PLS,0.0315759180355924
0.2,PLS,0.0211698649456343
0.2,PLS,0.0157670975735994
0.2,PLS,0.00734822795596137
0.2,PLS,0.0170040427358686
0.2,PLS,0.0263616475081351
0.2,PLS,0.0167828432442742
0.2,PLS,0.208007427427199
0.2,PLS,0.025390534812714
0.2,PLS,0.0199700305977566
0.2,PLS,0.0622503407462683
0.2,PLS,0.0317517698648473
0.2,PLS,0.0951515097035883
0.2,PLS,0.0378269855517873
0.2,PLS,0.015825630982771
0.2,PLS,0.0334506517647345
0.2,PLS,0.019542943247096
0.2,PLS,0.0144683396154284
0.2,PLS,0.0370938188471944
0.2,PLS,0.0181236296738217
0.2,PLS,0.011892563282915
0.2,PLS,0.00451817473866293
0.2,PLS,0.019111354822545
0.2,PLS,0.0434713741230008
0.2,PLS,0.0110941762420104
0.2,PLS,0.00850823238471895
0.2,PLS,0.0620400881653122
0.2,PLS,0.0314788305614794
0.2,PLS,0.0229889509831696
0.2,PLS,0.0314971296511864
0.2,PLS,0.0494166312703265
0.2,PLS,0.00951453404146713
0.2,PLS,0.0623592536796411
0.2,PLS,0.0127027992962526
0.2,PLS,0.0140753289185705
0.2,PLS,0.0253853638831373
0.2,PLS,0.0392394329192069
0.2,PLS,0.0111288221582219
0.2,PLS,0.0217875004592752
0.2,PLS,0.0125247699202746
0.2,PLS,0.0401185331982635
0.2,PLS,0.01300559395064
0.2,PLS,0.0241679137297157
0.2,PLS,0.0324084948310487
0.2,PLS,0.0262859835145112
0.2,PLS,0.0224282872170085
0.2,PLS,0.0248164920977697
0.2,PLS,0.0388297064041311
0.2,PLS,0.030007944356863
0.2,PLS,0.035458892702536
0.2,PLS,0.0356257391896524
0.2,PLS,0.0580226355985723
0.2,PLS,0.0100051467487072
0.2,PLS,0.0351492292925377
0.2,PLS,0.0151341352231258
0.2,PLS,0.0217490645724358
0.2,PLS,0.0283888604885699
0.2,PLS,0.0223973508649835
0.2,fTS,0.0256605257805135
0.2,fTS,0.0160682143695626
0.2,fTS,0.0189634074325246
0.2,fTS,0.0269185304498147
0.2,fTS,0.0351356314662231
0.2,fTS,0.0667635436015791
0.2,fTS,0.0150083660760871
0.2,fTS,0.0254630370969981
0.2,fTS,0.0102484541749755
0.2,fTS,0.026237055326716
0.2,fTS,0.0300090123114807
0.2,fTS,0.0364992558044519
0.2,fTS,0.0111593955758147
0.2,fTS,0.0148114438983323
0.2,fTS,0.0243127960945736
0.2,fTS,0.011153934706264
0.2,fTS,0.0102174738462802
0.2,fTS,0.0246092604103875
0.2,fTS,0.0148628174934803
0.2,fTS,0.0119617820481393
0.2,fTS,0.0227425569664403
0.2,fTS,0.0273091737157423
0.2,fTS,0.0130341702372609
0.2,fTS,0.0234295074779811
0.2,fTS,0.0170714982506734
0.2,fTS,0.0192562875663876
0.2,fTS,0.0141754917850611
0.2,fTS,0.024740538593334
0.2,fTS,0.0383577516181131
0.2,fTS,0.0296968437440755
0.2,fTS,0.0294577741038609
0.2,fTS,0.00742578673556899
0.2,fTS,0.0397728168772138
0.2,fTS,0.0259379531627322
0.2,fTS,0.020998645768012
0.2,fTS,0.00935404620871979
0.2,fTS,0.0319481887980332
0.2,fTS,0.0358399661571045
0.2,fTS,0.0117773920236522
0.2,fTS,0.0451703574267248
0.2,fTS,0.0181962965643
0.2,fTS,0.0137770666736248
0.2,fTS,0.0119269469030134
0.2,fTS,0.0105970259124164
0.2,fTS,0.0172267099758007
0.2,fTS,0.0169545752355948
0.2,fTS,0.0204723722838391
0.2,fTS,0.00934447365276662
0.2,fTS,0.0200681235292287
0.2,fTS,0.0467619558068919
0.2,fTS,0.0411007731247403
0.2,fTS,0.0185969261093657
0.2,fTS,0.0104350403983372
0.2,fTS,0.0142021980591243
0.2,fTS,0.0283342793243642
0.2,fTS,0.0326898802133619
0.2,fTS,0.0289158188376578
0.2,fTS,0.020482857572523
0.2,fTS,0.0201706986850237
0.2,fTS,0.0360244056946987
0.2,fTS,0.014109379569388
0.2,fTS,0.0272124724840296
0.2,fTS,0.0268690080122164
0.2,fTS,0.0203948060888274
0.2,fTS,0.0148372424699081
0.2,fTS,0.0103242592034587
0.2,fTS,0.0151085356960948
0.2,fTS,0.0181097444521912
0.2,fTS,0.0182249581189398
0.2,fTS,0.0172669905843177
0.2,fTS,0.0140057870426134
0.2,fTS,0.06906518882316
0.2,fTS,0.0280349466705008
0.2,fTS,0.011309567391102
0.2,fTS,0.00218186119739141
0.2,fTS,0.0167959260738552
0.2,fTS,0.0109853767080777
0.2,fTS,0.0209144665752454
0.2,fTS,0.0165105315154831
0.2,fTS,0.0287863806788788
0.2,fTS,0.00900267100734851
0.2,fTS,0.0182303563291588
0.2,fTS,0.0145643617357145
0.2,fTS,0.0320788898879409
0.2,fTS,0.0264402522401321
0.2,fTS,0.00935399155399257
0.2,fTS,0.0269878843860011
0.2,fTS,0.0254350815641412
0.2,fTS,0.0189562706353054
0.2,fTS,0.0171930731872801
0.2,fTS,0.0163793483236547
0.2,fTS,0.0228068403040145
0.2,fTS,0.00993451230787056
0.2,fTS,0.0214543304645446
0.2,fTS,0.015663899702895
0.2,fTS,0.0284654559402472
0.2,fTS,0.0234039293299359
0.2,fTS,0.0228292961245084
0.2,fTS,0.0123806560751216
0.2,fTS,0.0157699767910244
0.2,fTS,0.0335610040896593
0.2,fTS,0.0507981265365891
0.2,fTS,0.0208827714480941
0.2,fTS,0.0214893764787213
0.2,fTS,0.00819455812528347
0.2,fTS,0.016829208594459
0.2,fTS,0.00644280102786863
0.2,fTS,0.0104349769317722
0.2,fTS,0.021938940737507
0.2,fTS,0.019256210748014
0.2,fTS,0.0607154953182773
0.2,fTS,0.0299422959678493
0.2,fTS,0.0330877268388723
0.2,fTS,0.0282180752810785
0.2,fTS,0.0255421730116993
0.2,fTS,0.0207483818672663
0.2,fTS,0.00562772867299701
0.2,fTS,0.0116928634251268
0.2,fTS,0.0148525432250055
0.2,fTS,0.0153374761851287
0.2,fTS,0.00872825322904463
0.2,fTS,0.0184987639757709
0.2,fTS,0.0294015606298775
0.2,fTS,0.027200240737335
0.2,fTS,0.0104761398145281
0.2,fTS,0.0324989607345771
0.2,fTS,0.0176953148538226
0.2,fTS,0.0143255442242745
0.2,fTS,0.0114753748172654
0.2,fTS,0.0165028868904656
0.2,fTS,0.0394390588297963
0.2,fTS,0.0272583875737295
0.2,fTS,0.0328873811081971
0.2,fTS,0.05546202917812
0.2,fTS,0.0223623245274553
0.2,fTS,0.0396924387540714
0.2,fTS,0.0123119066585101
0.2,fTS,0.0124149597338251
0.2,fTS,0.0259721800225563
0.2,fTS,0.0288639701871525
0.2,fTS,0.0221875634338081
0.2,fTS,0.0431671209344974
0.2,fTS,0.0246628006926488
0.2,fTS,0.0286418741981705
0.2,fTS,0.0127903166701871
0.2,fTS,0.00650647985270551
0.2,fTS,0.0189001326996829
0.2,fTS,0.0162527840125325
0.2,fTS,0.00707083841276939
0.2,fTS,0.201577703988484
0.2,fTS,0.0194045061718674
0.2,fTS,0.0202009730445429
0.2,fTS,0.0764025195636665
0.2,fTS,0.0274247357536857
0.2,fTS,0.0727247712281338
0.2,fTS,0.0232526127680642
0.2,fTS,0.0119446609000843
0.2,fTS,0.033936775082047
0.2,fTS,0.0226443412955996
0.2,fTS,0.00946155959783133
0.2,fTS,0.0255186868317611
0.2,fTS,0.0207475827688691
0.2,fTS,0.0190135585912411
0.2,fTS,0.00549517378967508
0.2,fTS,0.0115690066479434
0.2,fTS,0.0275142775043275
0.2,fTS,0.0131254974580598
0.2,fTS,0.00550909496223529
0.2,fTS,0.0476304262413703
0.2,fTS,0.030768338035016
0.2,fTS,0.0240011408292969
0.2,fTS,0.0360864053913568
0.2,fTS,0.0497770521417025
0.2,fTS,0.00867905701417577
0.2,fTS,0.0648977402595353
0.2,fTS,0.0133003480973979
0.2,fTS,0.0239087361662724
0.2,fTS,0.0194307904960598
0.2,fTS,0.0615249335759857
0.2,fTS,0.0135673303345687
0.2,fTS,0.0204629911276367
0.2,fTS,0.0143178694755667
0.2,fTS,0.0491676010820488
0.2,fTS,0.0130392550065943
0.2,fTS,0.02106489549752
0.2,fTS,0.0332843865166009
0.2,fTS,0.021066487695991
0.2,fTS,0.0115317774241837
0.2,fTS,0.0228090112073696
0.2,fTS,0.0284439412247362
0.2,fTS,0.0309184464703402
0.2,fTS,0.0269536555568156
0.2,fTS,0.0325292156671558
0.2,fTS,0.0570211440503579
0.2,fTS,0.00918488721608115
0.2,fTS,0.0273670382078732
0.2,fTS,0.0170683652037744
0.2,fTS,0.0111867327137542
0.2,fTS,0.031782422108736
0.2,fTS,0.0194051283680248
0.2,LS_oracle,0.020910012750458
0.2,LS_oracle,0.0140755346993807
0.2,LS_oracle,0.0192111750150667
0.2,LS_oracle,0.040249841929452
0.2,LS_oracle,0.0294516067351027
0.2,LS_oracle,0.0446389715154384
0.2,LS_oracle,0.0158237899223501
0.2,LS_oracle,0.0320682818624558
0.2,LS_oracle,0.0112665078226109
0.2,LS_oracle,0.0263065066837799
0.2,LS_oracle,0.0261682417299741
0.2,LS_oracle,0.0261332261691904
0.2,LS_oracle,0.0145323406967295
0.2,LS_oracle,0.0143151475485221
0.2,LS_oracle,0.023683487317495
0.2,LS_oracle,0.0112822226096518
0.2,LS_oracle,0.00938099717878802
0.2,LS_oracle,0.0269478965761707
0.2,LS_oracle,0.0111683834238518
0.2,LS_oracle,0.0188468395588776
0.2,LS_oracle,0.023622052156841
0.2,LS_oracle,0.0429073985379314
0.2,LS_oracle,0.0137339854281166
0.2,LS_oracle,0.0307982525279329
0.2,LS_oracle,0.0117168104430228
0.2,LS_oracle,0.0226115136689419
0.2,LS_oracle,0.0138201262178911
0.2,LS_oracle,0.021991294631021
0.2,LS_oracle,0.0599267508720514
0.2,LS_oracle,0.0321834463385765
0.2,LS_oracle,0.0183460812908404
0.2,LS_oracle,0.0111064066309304
0.2,LS_oracle,0.0333450795792068
0.2,LS_oracle,0.0165612727969055
0.2,LS_oracle,0.0101188312782111
0.2,LS_oracle,0.00456890046701795
0.2,LS_oracle,0.0328012769959949
0.2,LS_oracle,0.0280157163009874
0.2,LS_oracle,0.013415309853156
0.2,LS_oracle,0.0385313059225436
0.2,LS_oracle,0.013399387152681
0.2,LS_oracle,0.0147669068296885
0.2,LS_oracle,0.032009010903532
0.2,LS_oracle,0.0335815706629741
0.2,LS_oracle,0.0187269979446561
0.2,LS_oracle,0.0129005420046216
0.2,LS_oracle,0.0173391576887801
0.2,LS_oracle,0.0137986805251368
0.2,LS_oracle,0.0219193448177616
0.2,LS_oracle,0.0231054020827343
0.2,LS_oracle,0.0193317209323761
0.2,LS_oracle,0.00781800481068812
0.2,LS_oracle,0.0171093069101819
0.2,LS_oracle,0.0143428952489283
0.2,LS_oracle,0.0167861814829654
0.2,LS_oracle,0.0208197594190574
0.2,LS_oracle,0.0254518370037479
0.2,LS_oracle,0.0208867084248243
0.2,LS_oracle,0.0285506904830901
0.2,LS_oracle,0.0333639111666249
0.2,LS_oracle,0.00871938133425977
0.2,LS_oracle,0.038710452819168
0.2,LS_oracle,0.0256719100145873
0.2,LS_oracle,0.0281458374198088
0.2,LS_oracle,0.018942689806717
0.2,LS_oracle,0.0116711648082613
0.2,LS_oracle,0.00961711696107549
0.2,LS_oracle,0.0278292347075629
0.2,LS_oracle,0.0172004102731222
0.2,LS_oracle,0.0266307320035446
0.2,LS_oracle,0.0132397551465116
0.2,LS_oracle,0.0661693703662965
0.2,LS_oracle,0.0216471527765879
0.2,LS_oracle,0.00934349025633035
0.2,LS_oracle,0.00194455981687848
0.2,LS_oracle,0.0138462667649144
0.2,LS_oracle,0.0165877424474713
0.2,LS_oracle,0.0226508902192786
0.2,LS_oracle,0.0185469091212784
0.2,LS_oracle,0.023778970185531
0.2,LS_oracle,0.0124119155850155
0.2,LS_oracle,0.0199046488064175
0.2,LS_oracle,0.0184405772189364
0.2,LS_oracle,0.0336857268738025
0.2,LS_oracle,0.0291262680766275
0.2,LS_oracle,0.00966278654675774
0.2,LS_oracle,0.0245893887293717
0.2,LS_oracle,0.0190496011679622
0.2,LS_oracle,0.0182096975449357
0.2,LS_oracle,0.00905305307819422
0.2,LS_oracle,0.0152353423049289
0.2,LS_oracle,0.0238526000137054
0.2,LS_oracle,0.00394660288655818
0.2,LS_oracle,0.0239226555688718
0.2,LS_oracle,0.00309629729197917
0.2,LS_oracle,0.0175185714831383
0.2,LS_oracle,0.0149627648947214
0.2,LS_oracle,0.0318078057654296
0.2,LS_oracle,0.0138938869826561
0.2,LS_oracle,0.00652899049918872
0.2,LS_oracle,0.0258822984978404
0.2,LS_oracle,0.0258625432923901
0.2,LS_oracle,0.0174238891487239
0.2,LS_oracle,0.0189129838606192
0.2,LS_oracle,0.0112260499851874
0.2,LS_oracle,0.0132320880047665
0.2,LS_oracle,0.00799495967347123
0.2,LS_oracle,0.0112992256625383
0.2,LS_oracle,0.0260756657579347
0.2,LS_oracle,0.0324357255811633
0.2,LS_oracle,0.0545591756218181
0.2,LS_oracle,0.0248999286448173
0.2,LS_oracle,0.0221765530026788
0.2,LS_oracle,0.0204817381055252
0.2,LS_oracle,0.00973960352367417
0.2,LS_oracle,0.0169694644532837
0.2,LS_oracle,0.01172770487129
0.2,LS_oracle,0.012155079707348
0.2,LS_oracle,0.0190157208947734
0.2,LS_oracle,0.0168521607567481
0.2,LS_oracle,0.00916654417413963
0.2,LS_oracle,0.0233735483251219
0.2,LS_oracle,0.0259116338461123
0.2,LS_oracle,0.0483728399592217
0.2,LS_oracle,0.0119503881788026
0.2,LS_oracle,0.0344918505612378
0.2,LS_oracle,0.0272257470269447
0.2,LS_oracle,0.00752466435713584
0.2,LS_oracle,0.0113541939366519
0.2,LS_oracle,0.0134621750019743
0.2,LS_oracle,0.0534688044337993
0.2,LS_oracle,0.0341534558896452
0.2,LS_oracle,0.0180402928596706
0.2,LS_oracle,0.0576110968057194
0.2,LS_oracle,0.0171524640125271
0.2,LS_oracle,0.0546614238721168
0.2,LS_oracle,0.0162003513800594
0.2,LS_oracle,0.0121227212647238
0.2,LS_oracle,0.0219629204569845
0.2,LS_oracle,0.0239270556778071
0.2,LS_oracle,0.017482678891004
0.2,LS_oracle,0.0631587264385256
0.2,LS_oracle,0.0250294583522887
0.2,LS_oracle,0.0132118832698331
0.2,LS_oracle,0.0139296380577815
0.2,LS_oracle,0.00538131906312531
0.2,LS_oracle,0.0137685328352821
0.2,LS_oracle,0.0257277319782124
0.2,LS_oracle,0.0173127407520383
0.2,LS_oracle,0.0536060072186953
0.2,LS_oracle,0.0206675740234166
0.2,LS_oracle,0.0198180891228917
0.2,LS_oracle,0.058060819695555
0.2,LS_oracle,0.0299792319212138
0.2,LS_oracle,0.0542749505458466
0.2,LS_oracle,0.0339641756272345
0.2,LS_oracle,0.0159693100968119
0.2,LS_oracle,0.0335747254323955
0.2,LS_oracle,0.0109092815818849
0.2,LS_oracle,0.0103963359378712
0.2,LS_oracle,0.0318170671993619
0.2,LS_oracle,0.0128588315722143
0.2,LS_oracle,0.00750582957787581
0.2,LS_oracle,0.00386654314794047
0.2,LS_oracle,0.0119038278907075
0.2,LS_oracle,0.0375837924480407
0.2,LS_oracle,0.0139540744214185
0.2,LS_oracle,0.0115115464076348
0.2,LS_oracle,0.0380048294196924
0.2,LS_oracle,0.0352364095313408
0.2,LS_oracle,0.0156223697386162
0.2,LS_oracle,0.0319974194348196
0.2,LS_oracle,0.0426623992183133
0.2,LS_oracle,0.00960329618359607
0.2,LS_oracle,0.0545659143837563
0.2,LS_oracle,0.0128409152160993
0.2,LS_oracle,0.0156080022414168
0.2,LS_oracle,0.0179643466231021
0.2,LS_oracle,0.0202019152075721
0.2,LS_oracle,0.00953205588731554
0.2,LS_oracle,0.0233414275141314
0.2,LS_oracle,0.0126414596459221
0.2,LS_oracle,0.0314468224073426
0.2,LS_oracle,0.0115630668286606
0.2,LS_oracle,0.0309171347337684
0.2,LS_oracle,0.0320508701814776
0.2,LS_oracle,0.0211513343158499
0.2,LS_oracle,0.0128815281249796
0.2,LS_oracle,0.0250724590998003
0.2,LS_oracle,0.0448372101557716
0.2,LS_oracle,0.0150332265571342
0.2,LS_oracle,0.0342139406390329
0.2,LS_oracle,0.0361109575847614
0.2,LS_oracle,0.0552699895000972
0.2,LS_oracle,0.010084529148015
0.2,LS_oracle,0.00943357759344177
0.2,LS_oracle,0.0145114771128284
0.2,LS_oracle,0.0120014164374911
0.2,LS_oracle,0.029906221956664
0.2,LS_oracle,0.020330695041733
0.2,TS_oracle,0.0210312727871712
0.2,TS_oracle,0.0115097896446566
0.2,TS_oracle,0.0209071549673359
0.2,TS_oracle,0.0281037529876465
0.2,TS_oracle,0.0288446310330854
0.2,TS_oracle,0.0515594279906564
0.2,TS_oracle,0.0123632074450783
0.2,TS_oracle,0.0200120887958891
0.2,TS_oracle,0.00968658766973693
0.2,TS_oracle,0.0258569781923488
0.2,TS_oracle,0.0192950269681721
0.2,TS_oracle,0.0326335969982275
0.2,TS_oracle,0.00917308230099656
0.2,TS_oracle,0.012307312491034
0.2,TS_oracle,0.0196351377737384
0.2,TS_oracle,0.0126892494048001
0.2,TS_oracle,0.00704922514673129
0.2,TS_oracle,0.0194613356887016
0.2,TS_oracle,0.00909996446951046
0.2,TS_oracle,0.0119331481452144
0.2,TS_oracle,0.019856210171951
0.2,TS_oracle,0.0264887198235541
0.2,TS_oracle,0.0120398371392923
0.2,TS_oracle,0.0213293076039026
0.2,TS_oracle,0.0147388331443389
0.2,TS_oracle,0.0198240393292623
0.2,TS_oracle,0.0114592995670735
0.2,TS_oracle,0.022747502727299
0.2,TS_oracle,0.0443361152140172
0.2,TS_oracle,0.0283817563591549
0.2,TS_oracle,0.030984770966976
0.2,TS_oracle,0.00738242999544846
0.2,TS_oracle,0.0363160978081338
0.2,TS_oracle,0.016988709973199
0.2,TS_oracle,0.0163125346859112
0.2,TS_oracle,0.00342324245857944
0.2,TS_oracle,0.0299490352489128
0.2,TS_oracle,0.0324422580592724
0.2,TS_oracle,0.012060728118209
0.2,TS_oracle,0.0419643748349531
0.2,TS_oracle,0.0183726672824319
0.2,TS_oracle,0.00843818022961582
0.2,TS_oracle,0.0118013949515848
0.2,TS_oracle,0.0149681988332302
0.2,TS_oracle,0.0162201987173781
0.2,TS_oracle,0.0103388152605855
0.2,TS_oracle,0.0219877320866003
0.2,TS_oracle,0.00924778768713026
0.2,TS_oracle,0.0194960456144939
0.2,TS_oracle,0.0407134512043859
0.2,TS_oracle,0.0166211516324942
0.2,TS_oracle,0.0117218074188693
0.2,TS_oracle,0.0117221507432222
0.2,TS_oracle,0.0119425695659668
0.2,TS_oracle,0.0127875144679105
0.2,TS_oracle,0.0199464939921511
0.2,TS_oracle,0.0242512101898866
0.2,TS_oracle,0.0173680664482269
0.2,TS_oracle,0.0199240218781617
0.2,TS_oracle,0.0394773430850064
0.2,TS_oracle,0.0101492313573389
0.2,TS_oracle,0.0322038637611439
0.2,TS_oracle,0.0270191538703813
0.2,TS_oracle,0.0185765655584169
0.2,TS_oracle,0.0135306383835068
0.2,TS_oracle,0.0103534016704496
0.2,TS_oracle,0.015531674262582
0.2,TS_oracle,0.0211247185791762
0.2,TS_oracle,0.0187403356453273
0.2,TS_oracle,0.018180745847338
0.2,TS_oracle,0.0136909929044852
0.2,TS_oracle,0.0671910369165843
0.2,TS_oracle,0.0203174456795169
0.2,TS_oracle,0.00940073594636178
0.2,TS_oracle,0.0020900008288964
0.2,TS_oracle,0.0120466297990913
0.2,TS_oracle,0.0109085536891499
0.2,TS_oracle,0.0209807186451411
0.2,TS_oracle,0.0161014699538845
0.2,TS_oracle,0.0249651439804668
0.2,TS_oracle,0.00932306568053482
0.2,TS_oracle,0.0174064198165408
0.2,TS_oracle,0.0162286359678671
0.2,TS_oracle,0.0256020782522479
0.2,TS_oracle,0.0218786064361794
0.2,TS_oracle,0.00948965265892854
0.2,TS_oracle,0.0280214639589936
0.2,TS_oracle,0.022001925119342
0.2,TS_oracle,0.0128097557398151
0.2,TS_oracle,0.0157628765144408
0.2,TS_oracle,0.0125532678668833
0.2,TS_oracle,0.021747067305725
0.2,TS_oracle,0.00328220661863001
0.2,TS_oracle,0.021687345120017
0.2,TS_oracle,0.0114256680752308
0.2,TS_oracle,0.0182539546135065
0.2,TS_oracle,0.0205287178775744
0.2,TS_oracle,0.0221743072164449
0.2,TS_oracle,0.013447550421183
0.2,TS_oracle,0.0105411151326629
0.2,TS_oracle,0.0260283135569903
0.2,TS_oracle,0.0199267844562798
0.2,TS_oracle,0.0204131206557964
0.2,TS_oracle,0.0163330117690461
0.2,TS_oracle,0.00816309799921766
0.2,TS_oracle,0.00963027276951796
0.2,TS_oracle,0.00631222555174599
0.2,TS_oracle,0.010531354790791
0.2,TS_oracle,0.021815425452231
0.2,TS_oracle,0.0159750467996131
0.2,TS_oracle,0.0567007018938326
0.2,TS_oracle,0.0239749962856266
0.2,TS_oracle,0.028744673419851
0.2,TS_oracle,0.0233476010796125
0.2,TS_oracle,0.0104018498631838
0.2,TS_oracle,0.0135740165416775
0.2,TS_oracle,0.00537875416682921
0.2,TS_oracle,0.0109095355594477
0.2,TS_oracle,0.0138648574753866
0.2,TS_oracle,0.0124312586705234
0.2,TS_oracle,0.00822554167422117
0.2,TS_oracle,0.0118082633076693
0.2,TS_oracle,0.0212076377094899
0.2,TS_oracle,0.0386300705221291
0.2,TS_oracle,0.0110761517716836
0.2,TS_oracle,0.0266786586687834
0.2,TS_oracle,0.0186089162777983
0.2,TS_oracle,0.00736856803988588
0.2,TS_oracle,0.00856723174728724
0.2,TS_oracle,0.0168168320099927
0.2,TS_oracle,0.0379169293056506
0.2,TS_oracle,0.0269924859114944
0.2,TS_oracle,0.0166396093351993
0.2,TS_oracle,0.0586594658068284
0.2,TS_oracle,0.0192747102927612
0.2,TS_oracle,0.0406933916582183
0.2,TS_oracle,0.012147345308979
0.2,TS_oracle,0.0107786545268975
0.2,TS_oracle,0.021509755952093
0.2,TS_oracle,0.0262803586212083
0.2,TS_oracle,0.0221660730053923
0.2,TS_oracle,0.0465026396587855
0.2,TS_oracle,0.0174091759938121
0.2,TS_oracle,0.0206429336365808
0.2,TS_oracle,0.0145153705596953
0.2,TS_oracle,0.00500111603691863
0.2,TS_oracle,0.0136446053224511
0.2,TS_oracle,0.0150825678258268
0.2,TS_oracle,0.00702301130542256
0.2,TS_oracle,0.0659192563785595
0.2,TS_oracle,0.0156363578180919
0.2,TS_oracle,0.020014939099335
0.2,TS_oracle,0.0696829368932593
0.2,TS_oracle,0.0273761407243575
0.2,TS_oracle,0.0466434423089045
0.2,TS_oracle,0.0249521682778424
0.2,TS_oracle,0.0121195347763587
0.2,TS_oracle,0.031564506881027
0.2,TS_oracle,0.0117841573907011
0.2,TS_oracle,0.0084958539131562
0.2,TS_oracle,0.0226668050193212
0.2,TS_oracle,0.0149851435795401
0.2,TS_oracle,0.0161384354673396
0.2,TS_oracle,0.00396900623754512
0.2,TS_oracle,0.0103718823292787
0.2,TS_oracle,0.0250819840324784
0.2,TS_oracle,0.0137245639214748
0.2,TS_oracle,0.00798353711520346
0.2,TS_oracle,0.0337326658123355
0.2,TS_oracle,0.032173203899826
0.2,TS_oracle,0.0229353253625264
0.2,TS_oracle,0.0323712532725981
0.2,TS_oracle,0.0439029750575387
0.2,TS_oracle,0.00872225435780924
0.2,TS_oracle,0.058960775794404
0.2,TS_oracle,0.0123116725983302
0.2,TS_oracle,0.0232769007063277
0.2,TS_oracle,0.0151719094798587
0.2,TS_oracle,0.0149982454330444
0.2,TS_oracle,0.0124811759129721
0.2,TS_oracle,0.0207626843168008
0.2,TS_oracle,0.0143962025903794
0.2,TS_oracle,0.0441676981073476
0.2,TS_oracle,0.0112880703365872
0.2,TS_oracle,0.0243881225225541
0.2,TS_oracle,0.033493748828066
0.2,TS_oracle,0.019364191917759
0.2,TS_oracle,0.00547101659024222
0.2,TS_oracle,0.0234991228174538
0.2,TS_oracle,0.0227992259700928
0.2,TS_oracle,0.0107513267024003
0.2,TS_oracle,0.0240620447294132
0.2,TS_oracle,0.0330113949982862
0.2,TS_oracle,0.0547900522378494
0.2,TS_oracle,0.00948380590201991
0.2,TS_oracle,0.0134697724565139
0.2,TS_oracle,0.0156281437646644
0.2,TS_oracle,0.0056677042369056
0.2,TS_oracle,0.0289152695636462
0.2,TS_oracle,0.0181671941421195
0.3,PLS,0.0705654273274514
0.3,PLS,0.0344975279938425
0.3,PLS,0.0496531352997809
0.3,PLS,0.0169693815136165
0.3,PLS,0.016980228450307
0.3,PLS,0.0225672439690811
0.3,PLS,0.0103793502735057
0.3,PLS,0.0435608008773595
0.3,PLS,0.0301595425424413
0.3,PLS,0.0262067346216471
0.3,PLS,0.0563779211628885
0.3,PLS,0.00446797490437169
0.3,PLS,0.028981381602271
0.3,PLS,0.0199010867356157
0.3,PLS,0.00665219861841712
0.3,PLS,0.0096025698094351
0.3,PLS,0.0301882667816494
0.3,PLS,0.0161241899958787
0.3,PLS,0.0278891292137659
0.3,PLS,0.00573116973637379
0.3,PLS,0.0063804639885539
0.3,PLS,0.0125820610220836
0.3,PLS,0.0454062827536501
0.3,PLS,0.00733461354250656
0.3,PLS,0.0198776153562901
0.3,PLS,0.00856779219966445
0.3,PLS,0.00952544780541217
0.3,PLS,0.0228512208224693
0.3,PLS,0.023078485832721
0.3,PLS,0.0517334046676668
0.3,PLS,0.0179622016956123
0.3,PLS,0.00422850836883573
0.3,PLS,0.011056099435523
0.3,PLS,0.0191678806393671
0.3,PLS,0.042552114599315
0.3,PLS,0.0257371113228619
0.3,PLS,0.0416288415223152
0.3,PLS,0.0122653984741137
0.3,PLS,0.0146774982298704
0.3,PLS,0.0285688688957143
0.3,PLS,0.0322286274242674
0.3,PLS,0.077323135803974
0.3,PLS,0.0367193963751479
0.3,PLS,0.0361846050624684
0.3,PLS,0.0128415617456581
0.3,PLS,0.0216986001733667
0.3,PLS,0.0306948704773875
0.3,PLS,0.0190960733205906
0.3,PLS,0.0166835983680046
0.3,PLS,0.0134136492440606
0.3,PLS,0.0135877669895586
0.3,PLS,0.0166398649024016
0.3,PLS,0.025957400560695
0.3,PLS,0.0101007624241416
0.3,PLS,0.0192972528954375
0.3,PLS,0.0228515940499644
0.3,PLS,0.0492585069681838
0.3,PLS,0.018107924118913
0.3,PLS,0.0273208297606754
0.3,PLS,0.0176002943419698
0.3,PLS,0.00564309822154662
0.3,PLS,0.0041243992434437
0.3,PLS,0.0188741307933167
0.3,PLS,0.0180299631433964
0.3,PLS,0.0267825510747221
0.3,PLS,0.0179753632722785
0.3,PLS,0.0448274270262894
0.3,PLS,0.00828300484402093
0.3,PLS,0.0438431976227343
0.3,PLS,0.0112506149133271
0.3,PLS,0.0402293232259739
0.3,PLS,0.0367725915431932
0.3,PLS,0.00644416895667509
0.3,PLS,0.006151341328085
0.3,PLS,0.0188983124278763
0.3,PLS,0.00969077363921383
0.3,PLS,0.0141267428243612
0.3,PLS,0.012942474672277
0.3,PLS,0.0392302953259921
0.3,PLS,0.045384331252774
0.3,PLS,0.0142649235975104
0.3,PLS,0.0160085357229677
0.3,PLS,0.0508451327642054
0.3,PLS,0.00756428388578563
0.3,PLS,0.00881093027612867
0.3,PLS,0.0388550621907027
0.3,PLS,0.0194795642400217
0.3,PLS,0.0258935907292888
0.3,PLS,0.0200211203090499
0.3,PLS,0.0102961115030816
0.3,PLS,0.0447708011164427
0.3,PLS,0.00987036308762106
0.3,PLS,0.0218082650693645
0.3,PLS,0.042128989599299
0.3,PLS,0.0211946887491159
0.3,PLS,0.00964329437421816
0.3,PLS,0.0230488139579161
0.3,PLS,0.0208801668624938
0.3,PLS,0.0311209005834686
0.3,PLS,0.0146812537654585
0.3,PLS,0.0144592009210639
0.3,PLS,0.0287617648305867
0.3,PLS,0.0302072509188481
0.3,PLS,0.0392799384585978
0.3,PLS,0.0194114096467714
0.3,PLS,0.0171416610586063
0.3,PLS,0.0266410453064983
0.3,PLS,0.0154783472532811
0.3,PLS,0.0226358921876438
0.3,PLS,0.0882848486326739
0.3,PLS,0.0469135129006725
0.3,PLS,0.0107401336681188
0.3,PLS,0.0417951418002129
0.3,PLS,0.0219264695766527
0.3,PLS,0.0461834010596818
0.3,PLS,0.024696551126794
0.3,PLS,0.0318982210776224
0.3,PLS,0.0133427844577111
0.3,PLS,0.0132027694260881
0.3,PLS,0.0437077210232483
0.3,PLS,0.0271651753408728
0.3,PLS,0.0143298366810581
0.3,PLS,0.0170872844978577
0.3,PLS,0.0105616620881353
0.3,PLS,0.0117902227397295
0.3,PLS,0.0267448128770435
0.3,PLS,0.015009738324577
0.3,PLS,0.0242938260528413
0.3,PLS,0.026840998422946
0.3,PLS,0.00976348588350214
0.3,PLS,0.0125462673805707
0.3,PLS,0.0207640665999935
0.3,PLS,0.0122721035902668
0.3,PLS,0.0150456689986277
0.3,PLS,0.0231083592812167
0.3,PLS,0.0247120988300903
0.3,PLS,0.035641407534978
0.3,PLS,0.0477035640921206
0.3,PLS,0.0348691556846661
0.3,PLS,0.0270336528251556
0.3,PLS,0.0123566399661823
0.3,PLS,0.013160143000417
0.3,PLS,0.0520676718031411
0.3,PLS,0.0122924098671111
0.3,PLS,0.0260849857996243
0.3,PLS,0.0129442721854426
0.3,PLS,0.0161755506585283
0.3,PLS,0.0161007807390644
0.3,PLS,0.0215169641129354
0.3,PLS,0.00779036463973767
0.3,PLS,0.0239729170901203
0.3,PLS,0.0253259389364052
0.3,PLS,0.0319810365673017
0.3,PLS,0.0328085151050958
0.3,PLS,0.0329094959776259
0.3,PLS,0.0246512919132012
0.3,PLS,0.0225463576662295
0.3,PLS,0.0137739912551289
0.3,PLS,0.0366044891279987
0.3,PLS,0.0223336851472927
0.3,PLS,0.0116730335454387
0.3,PLS,0.0259695695901859
0.3,PLS,0.0213418989160133
0.3,PLS,0.0244120865219987
0.3,PLS,0.0280638916211232
0.3,PLS,0.0297339958059736
0.3,PLS,0.0168937178506462
0.3,PLS,0.0273298372422609
0.3,PLS,0.0461875695405398
0.3,PLS,0.0327880765619624
0.3,PLS,0.0164066041059909
0.3,PLS,0.0146032283026192
0.3,PLS,0.00988814431954816
0.3,PLS,0.0153563790594581
0.3,PLS,0.0404973766853784
0.3,PLS,0.0305808736077162
0.3,PLS,0.0288948063998218
0.3,PLS,0.0396170135248496
0.3,PLS,0.0154019766233427
0.3,PLS,0.0442318296999799
0.3,PLS,0.0261705891451748
0.3,PLS,0.0450594167806445
0.3,PLS,0.0157931759072923
0.3,PLS,0.0454816233920914
0.3,PLS,0.0112714074440743
0.3,PLS,0.00737576671688914
0.3,PLS,0.03501064316636
0.3,PLS,0.0447633135021234
0.3,PLS,0.0421756494819436
0.3,PLS,0.00548576407998255
0.3,PLS,0.0400661252711734
0.3,PLS,0.0176973503399375
0.3,PLS,0.0159093286619478
0.3,PLS,0.0212840783661367
0.3,PLS,0.0480319654495773
0.3,PLS,0.0372049470686016
0.3,PLS,0.0224562509700548
0.3,PLS,0.0139855407393607
0.3,PLS,0.00812702934537561
0.3,PLS,0.0115500980099014
0.3,fTS,0.0498871874216928
0.3,fTS,0.035432969674713
0.3,fTS,0.0371577276781002
0.3,fTS,0.0115449085730542
0.3,fTS,0.012387955829002
0.3,fTS,0.0193264924782087
0.3,fTS,0.0113286826323261
0.3,fTS,0.0129114255553897
0.3,fTS,0.0199071742694458
0.3,fTS,0.0163852910181914
0.3,fTS,0.0236881349106473
0.3,fTS,0.00363896784880576
0.3,fTS,0.0200532241978044
0.3,fTS,0.0121742961112046
0.3,fTS,0.00821531747588954
0.3,fTS,0.00976232431639809
0.3,fTS,0.0245442021255224
0.3,fTS,0.0170562542681324
0.3,fTS,0.0129841199477257
0.3,fTS,0.00486638510362236
0.3,fTS,0.00854231141939187
0.3,fTS,0.00597568753426109
0.3,fTS,0.0263067496952156
0.3,fTS,0.0072056524887516
0.3,fTS,0.0172672306076114
0.3,fTS,0.00586551703403725
0.3,fTS,0.0167154390668185
0.3,fTS,0.0148087933630444
0.3,fTS,0.0220380701863019
0.3,fTS,0.0302292302935466
0.3,fTS,0.0135050943951792
0.3,fTS,0.00287271203691112
0.3,fTS,0.00959427911207008
0.3,fTS,0.00941318609972341
0.3,fTS,0.0396263371708833
0.3,fTS,0.0278161097774232
0.3,fTS,0.0333125172470492
0.3,fTS,0.0100659441385877
0.3,fTS,0.0140814358318717
0.3,fTS,0.0312792433630416
0.3,fTS,0.0187281328994926
0.3,fTS,0.0533417131427701
0.3,fTS,0.0494468752932621
0.3,fTS,0.039780784755904
0.3,fTS,0.0190901268988311
0.3,fTS,0.0136916332134362
0.3,fTS,0.0220797007201414
0.3,fTS,0.012778980723344
0.3,fTS,0.0128559637371113
0.3,fTS,0.0157314262644936
0.3,fTS,0.00678224027894808
0.3,fTS,0.00599495737593593
0.3,fTS,0.0408926394769593
0.3,fTS,0.0112445834766932
0.3,fTS,0.00869490731087753
0.3,fTS,0.0175397575851267
0.3,fTS,0.0459285337956943
0.3,fTS,0.0110935844464337
0.3,fTS,0.0256660783435874
0.3,fTS,0.0103758891238984
0.3,fTS,0.00642520312179228
0.3,fTS,0.0140382668665609
0.3,fTS,0.0186170151342986
0.3,fTS,0.0201279662378555
0.3,fTS,0.0226513997490442
0.3,fTS,0.0226933529440902
0.3,fTS,0.0299904619940058
0.3,fTS,0.0217223932226693
0.3,fTS,0.0317778182295987
0.3,fTS,0.00908272300660036
0.3,fTS,0.0153733935626225
0.3,fTS,0.0316137632158961
0.3,fTS,0.00580647628704258
0.3,fTS,0.00782022078553398
0.3,fTS,0.0218188335141351
0.3,fTS,0.00683914112082975
0.3,fTS,0.0235449124734037
0.3,fTS,0.0113686173535535
0.3,fTS,0.0492554742504614
0.3,fTS,0.0350514383435512
0.3,fTS,0.00632003452348153
0.3,fTS,0.00385138111041708
0.3,fTS,0.0410417843540615
0.3,fTS,0.00506023758007254
0.3,fTS,0.00966125200657671
0.3,fTS,0.0299503381566874
0.3,fTS,0.0103110610393347
0.3,fTS,0.018636691275708
0.3,fTS,0.0171277533935311
0.3,fTS,0.0116058657016362
0.3,fTS,0.044406043612494
0.3,fTS,0.0101547857982399
0.3,fTS,0.0168682910594759
0.3,fTS,0.0302455586995934
0.3,fTS,0.022640019930585
0.3,fTS,0.0107225766697919
0.3,fTS,0.0253462395268956
0.3,fTS,0.0162023094290563
0.3,fTS,0.0343501012907754
0.3,fTS,0.0191732910847942
0.3,fTS,0.0179346244668768
0.3,fTS,0.0275441486943926
0.3,fTS,0.0311921449770427
0.3,fTS,0.0253745245969286
0.3,fTS,0.0168478274698386
0.3,fTS,0.00915242315786282
0.3,fTS,0.0153866870563639
0.3,fTS,0.0252705829286095
0.3,fTS,0.0103095646989974
0.3,fTS,0.0932585214705144
0.3,fTS,0.0311506578506176
0.3,fTS,0.0134883554129757
0.3,fTS,0.024794134952842
0.3,fTS,0.00764845406897702
0.3,fTS,0.0411770394025687
0.3,fTS,0.0275775911973174
0.3,fTS,0.0217843561556753
0.3,fTS,0.0112232837613376
0.3,fTS,0.0162124389181144
0.3,fTS,0.0302451022302953
0.3,fTS,0.0202159510155065
0.3,fTS,0.0068084010868447
0.3,fTS,0.0174817009061745
0.3,fTS,0.0112044353810747
0.3,fTS,0.0246981854960077
0.3,fTS,0.0108496220778209
0.3,fTS,0.0159655662274098
0.3,fTS,0.0233323697172402
0.3,fTS,0.0196155974284482
0.3,fTS,0.00875933553269792
0.3,fTS,0.0140913637552689
0.3,fTS,0.00841737986030779
0.3,fTS,0.0116810776652121
0.3,fTS,0.0158270142269823
0.3,fTS,0.00773606305503704
0.3,fTS,0.0374646695763972
0.3,fTS,0.0277820801208742
0.3,fTS,0.0334503986332044
0.3,fTS,0.0219971919454536
0.3,fTS,0.0152822512752966
0.3,fTS,0.0209582752529712
0.3,fTS,0.0115052352314502
0.3,fTS,0.0574804540032828
0.3,fTS,0.0164913012183096
0.3,fTS,0.00815289113781355
0.3,fTS,0.0121743846230707
0.3,fTS,0.0238847185261989
0.3,fTS,0.0152919610871016
0.3,fTS,0.0134378463593614
0.3,fTS,0.0193905718488564
0.3,fTS,0.018842881586897
0.3,fTS,0.0180471080651121
0.3,fTS,0.0237203317443604
0.3,fTS,0.0277068670346385
0.3,fTS,0.0129794637407983
0.3,fTS,0.0137832203341368
0.3,fTS,0.00789897249003313
0.3,fTS,0.0175852634706269
0.3,fTS,0.0301232298535287
0.3,fTS,0.0233558085125363
0.3,fTS,0.0121842674505237
0.3,fTS,0.0219687441010048
0.3,fTS,0.0133207743508622
0.3,fTS,0.00910494260590873
0.3,fTS,0.0237065764117274
0.3,fTS,0.0232075148306194
0.3,fTS,0.0249779072585642
0.3,fTS,0.023663514925111
0.3,fTS,0.0262989904891082
0.3,fTS,0.0226786259394459
0.3,fTS,0.00375574585518271
0.3,fTS,0.0165444123799228
0.3,fTS,0.0161650744815575
0.3,fTS,0.00963903842684134
0.3,fTS,0.0224287873430224
0.3,fTS,0.0287085885492284
0.3,fTS,0.0219574970571516
0.3,fTS,0.0217512257239194
0.3,fTS,0.0190387646400403
0.3,fTS,0.0443616274638142
0.3,fTS,0.0184252668188727
0.3,fTS,0.0388911393199123
0.3,fTS,0.0131838161012645
0.3,fTS,0.0384791239548018
0.3,fTS,0.0196543192608833
0.3,fTS,0.00741068479716062
0.3,fTS,0.0248408596771284
0.3,fTS,0.0408824943187395
0.3,fTS,0.0304132125889199
0.3,fTS,0.00360782797532548
0.3,fTS,0.0545341892267461
0.3,fTS,0.0111024888655774
0.3,fTS,0.00983910649748782
0.3,fTS,0.00960562383837744
0.3,fTS,0.0454826422971891
0.3,fTS,0.026248232071664
0.3,fTS,0.0177263280119447
0.3,fTS,0.0118800407960976
0.3,fTS,0.0139412427463048
0.3,fTS,0.0135557838788432
0.3,LS_oracle,0.0760458638142369
0.3,LS_oracle,0.0334326859817148
0.3,LS_oracle,0.0482080592468935
0.3,LS_oracle,0.0129346366860485
0.3,LS_oracle,0.0198719127160093
0.3,LS_oracle,0.0244549259545266
0.3,LS_oracle,0.00995440073459858
0.3,LS_oracle,0.0398996677331969
0.3,LS_oracle,0.0309117105801466
0.3,LS_oracle,0.0328554738629842
0.3,LS_oracle,0.0396639989154556
0.3,LS_oracle,0.00412108566459364
0.3,LS_oracle,0.0262663818587114
0.3,LS_oracle,0.0267894982068057
0.3,LS_oracle,0.00475178305950745
0.3,LS_oracle,0.00942820785640024
0.3,LS_oracle,0.019023517820964
0.3,LS_oracle,0.0145815072764263
0.3,LS_oracle,0.0281618501665134
0.3,LS_oracle,0.00571014497292403
0.3,LS_oracle,0.00626569951394707
0.3,LS_oracle,0.0117046964105902
0.3,LS_oracle,0.0357999468849153
0.3,LS_oracle,0.00971364406103437
0.3,LS_oracle,0.0202933534646993
0.3,LS_oracle,0.0180811277942036
0.3,LS_oracle,0.0145304594489369
0.3,LS_oracle,0.011294302524033
0.3,LS_oracle,0.0232073633417719
0.3,LS_oracle,0.0332174121695137
0.3,LS_oracle,0.0194332580211817
0.3,LS_oracle,0.00432863821092374
0.3,LS_oracle,0.0108664791693809
0.3,LS_oracle,0.0207040229536495
0.3,LS_oracle,0.0330016227537289
0.3,LS_oracle,0.0199647692325202
0.3,LS_oracle,0.0453879878875283
0.3,LS_oracle,0.00933569079954557
0.3,LS_oracle,0.00512741449464508
0.3,LS_oracle,0.02655693905095
0.3,LS_oracle,0.0193615264350298
0.3,LS_oracle,0.0641242125215553
0.3,LS_oracle,0.037392282923917
0.3,LS_oracle,0.0288464533603401
0.3,LS_oracle,0.0197935303849033
0.3,LS_oracle,0.0255544258311705
0.3,LS_oracle,0.0240967332358988
0.3,LS_oracle,0.0200157285506104
0.3,LS_oracle,0.0166180488147559
0.3,LS_oracle,0.0131680285000544
0.3,LS_oracle,0.0134991674851626
0.3,LS_oracle,0.0135628797241634
0.3,LS_oracle,0.0229901570446067
0.3,LS_oracle,0.00932548299706422
0.3,LS_oracle,0.0154010132047066
0.3,LS_oracle,0.0178850674304405
0.3,LS_oracle,0.0522334331981201
0.3,LS_oracle,0.0118585937012057
0.3,LS_oracle,0.0272310930370497
0.3,LS_oracle,0.0138287693805595
0.3,LS_oracle,0.00390876339652808
0.3,LS_oracle,0.00421063054226211
0.3,LS_oracle,0.0126019111556126
0.3,LS_oracle,0.0148315977357082
0.3,LS_oracle,0.0254374890835911
0.3,LS_oracle,0.0145582058078844
0.3,LS_oracle,0.0530722138111485
0.3,LS_oracle,0.00866628741535448
0.3,LS_oracle,0.0308319460554267
0.3,LS_oracle,0.00989125105771143
0.3,LS_oracle,0.0458573023505022
0.3,LS_oracle,0.0415168868477902
0.3,LS_oracle,0.00587265967378582
0.3,LS_oracle,0.00410200672250693
0.3,LS_oracle,0.0189473601489867
0.3,LS_oracle,0.00896461902385109
0.3,LS_oracle,0.0143415676733804
0.3,LS_oracle,0.00849425094459812
0.3,LS_oracle,0.0349911069280352
0.3,LS_oracle,0.0448203919669133
0.3,LS_oracle,0.0152167840592622
0.3,LS_oracle,0.0150946586573684
0.3,LS_oracle,0.0488756191953632
0.3,LS_oracle,0.00677881415795817
0.3,LS_oracle,0.0092202189656378
0.3,LS_oracle,0.0412603356070171
0.3,LS_oracle,0.0180680261519831
0.3,LS_oracle,0.0257126485651649
0.3,LS_oracle,0.0137289535567291
0.3,LS_oracle,0.0104785514920008
0.3,LS_oracle,0.0393485246276375
0.3,LS_oracle,0.00995743101220277
0.3,LS_oracle,0.0233948294671018
0.3,LS_oracle,0.0275629019981344
0.3,LS_oracle,0.0203653363854024
0.3,LS_oracle,0.00788822309035489
0.3,LS_oracle,0.0228966428167834
0.3,LS_oracle,0.0192049229356171
0.3,LS_oracle,0.0297956237273869
0.3,LS_oracle,0.00565749594785106
0.3,LS_oracle,0.00772168962559329
0.3,LS_oracle,0.0417902597154851
0.3,LS_oracle,0.0290709765522528
0.3,LS_oracle,0.023351187535129
0.3,LS_oracle,0.0206073614958317
0.3,LS_oracle,0.0159977031786091
0.3,LS_oracle,0.0139430042287936
0.3,LS_oracle,0.0145132056345933
0.3,LS_oracle,0.0126948304318285
0.3,LS_oracle,0.0924533266799327
0.3,LS_oracle,0.0359435908223835
0.3,LS_oracle,0.00516555348865643
0.3,LS_oracle,0.0267256801541346
0.3,LS_oracle,0.0200595410558124
0.3,LS_oracle,0.046349059049027
0.3,LS_oracle,0.0276858206810309
0.3,LS_oracle,0.0283578933424111
0.3,LS_oracle,0.0110072549723266
0.3,LS_oracle,0.0135162524324965
0.3,LS_oracle,0.0440313835355501
0.3,LS_oracle,0.0159709193366389
0.3,LS_oracle,0.0144789075163204
0.3,LS_oracle,0.0164398923670878
0.3,LS_oracle,0.0120235834728992
0.3,LS_oracle,0.0106223236103444
0.3,LS_oracle,0.0224047235097702
0.3,LS_oracle,0.0151333119385495
0.3,LS_oracle,0.0198338940746925
0.3,LS_oracle,0.0229469006462531
0.3,LS_oracle,0.00544993460904505
0.3,LS_oracle,0.0200285152326965
0.3,LS_oracle,0.0220506555234675
0.3,LS_oracle,0.0106314507246307
0.3,LS_oracle,0.0177440449561178
0.3,LS_oracle,0.0211424092058228
0.3,LS_oracle,0.0292383631572399
0.3,LS_oracle,0.0313735250506097
0.3,LS_oracle,0.0387460926906338
0.3,LS_oracle,0.0291641484352562
0.3,LS_oracle,0.0174057439316975
0.3,LS_oracle,0.0174939385278152
0.3,LS_oracle,0.0133592302861852
0.3,LS_oracle,0.0491641881517281
0.3,LS_oracle,0.0122101309681219
0.3,LS_oracle,0.0166654067892709
0.3,LS_oracle,0.00912125465037113
0.3,LS_oracle,0.0193013686634007
0.3,LS_oracle,0.0160425927500292
0.3,LS_oracle,0.0220957414366427
0.3,LS_oracle,0.00625868701426232
0.3,LS_oracle,0.0203436382189393
0.3,LS_oracle,0.0222803881690562
0.3,LS_oracle,0.0322752210910141
0.3,LS_oracle,0.0230341427703999
0.3,LS_oracle,0.0146546167817375
0.3,LS_oracle,0.0192012607469626
0.3,LS_oracle,0.0205478595346044
0.3,LS_oracle,0.00926275126718907
0.3,LS_oracle,0.0370286177841691
0.3,LS_oracle,0.0217016046283386
0.3,LS_oracle,0.0121315013312399
0.3,LS_oracle,0.0234409647850776
0.3,LS_oracle,0.0225322017966063
0.3,LS_oracle,0.0192704101851861
0.3,LS_oracle,0.0195423004426058
0.3,LS_oracle,0.0208340214715256
0.3,LS_oracle,0.00863623486149153
0.3,LS_oracle,0.0105070913939962
0.3,LS_oracle,0.0283807014081252
0.3,LS_oracle,0.0236421123142611
0.3,LS_oracle,0.0139332138502095
0.3,LS_oracle,0.0136312270498868
0.3,LS_oracle,0.0102980622982611
0.3,LS_oracle,0.0173514246459176
0.3,LS_oracle,0.0308825238003501
0.3,LS_oracle,0.0260861941892907
0.3,LS_oracle,0.0258963584419912
0.3,LS_oracle,0.0364017226349895
0.3,LS_oracle,0.0157037756027546
0.3,LS_oracle,0.0485152977903724
0.3,LS_oracle,0.0234595322861905
0.3,LS_oracle,0.0399286059056281
0.3,LS_oracle,0.015770686003599
0.3,LS_oracle,0.0406455283036031
0.3,LS_oracle,0.0126014061050616
0.3,LS_oracle,0.00747088240763375
0.3,LS_oracle,0.0337644216217649
0.3,LS_oracle,0.0398308125890628
0.3,LS_oracle,0.0434930153327028
0.3,LS_oracle,0.00518175732035809
0.3,LS_oracle,0.020145986614195
0.3,LS_oracle,0.0127394125496637
0.3,LS_oracle,0.0134638269358503
0.3,LS_oracle,0.0157405976001271
0.3,LS_oracle,0.0475677128163494
0.3,LS_oracle,0.0344228382802362
0.3,LS_oracle,0.0234944297753077
0.3,LS_oracle,0.0140162219249902
0.3,LS_oracle,0.00787067131190655
0.3,LS_oracle,0.00660717129265623
0.3,TS_oracle,0.049821436080628
0.3,TS_oracle,0.0292448457003603
0.3,TS_oracle,0.0312305973256453
0.3,TS_oracle,0.00724167994224392
0.3,TS_oracle,0.0126624368261431
0.3,TS_oracle,0.0199320419373658
0.3,TS_oracle,0.0111481830366743
0.3,TS_oracle,0.0139658309974154
0.3,TS_oracle,0.0179703351496088
0.3,TS_oracle,0.0147390647697471
0.3,TS_oracle,0.0216827377608535
0.3,TS_oracle,0.00230394273298887
0.3,TS_oracle,0.0201390419485351
0.3,TS_oracle,0.0136058061539388
0.3,TS_oracle,0.00830519662737696
0.3,TS_oracle,0.00969683423482288
0.3,TS_oracle,0.0188379935826415
0.3,TS_oracle,0.0163185381909194
0.3,TS_oracle,0.0126106844904142
0.3,TS_oracle,0.00307006386223469
0.3,TS_oracle,0.00716496980669107
0.3,TS_oracle,0.00566968309444784
0.3,TS_oracle,0.0186601744554467
0.3,TS_oracle,0.0054625576106215
0.3,TS_oracle,0.0174827765499471
0.3,TS_oracle,0.00681979196213858
0.3,TS_oracle,0.017269595152183
0.3,TS_oracle,0.00801024600847337
0.3,TS_oracle,0.0207434743589783
0.3,TS_oracle,0.0203543105895288
0.3,TS_oracle,0.0133695119089101
0.3,TS_oracle,0.00302317106126401
0.3,TS_oracle,0.0095446313576357
0.3,TS_oracle,0.00862256572647193
0.3,TS_oracle,0.031743332095576
0.3,TS_oracle,0.0147501346374524
0.3,TS_oracle,0.0332842335521985
0.3,TS_oracle,0.00998021689567087
0.3,TS_oracle,0.0134710864305068
0.3,TS_oracle,0.0278412302619297
0.3,TS_oracle,0.012220801442691
0.3,TS_oracle,0.0372303053791481
0.3,TS_oracle,0.0470247725023345
0.3,TS_oracle,0.0390831566147586
0.3,TS_oracle,0.0158886565513493
0.3,TS_oracle,0.014090031811126
0.3,TS_oracle,0.0208852663086914
0.3,TS_oracle,0.0114465009557935
0.3,TS_oracle,0.0110037446951164
0.3,TS_oracle,0.0139917623557267
0.3,TS_oracle,0.00675830748484395
0.3,TS_oracle,0.0058223211980609
0.3,TS_oracle,0.0372700370487126
0.3,TS_oracle,0.0111322106646592
0.3,TS_oracle,0.00547814469222737
0.3,TS_oracle,0.0158957302977223
0.3,TS_oracle,0.0468946974314183
0.3,TS_oracle,0.00903544050966196
0.3,TS_oracle,0.0253029698079756
0.3,TS_oracle,0.00960066073306368
0.3,TS_oracle,0.00543148083677712
0.3,TS_oracle,0.0131180823232194
0.3,TS_oracle,0.0186087324974898
0.3,TS_oracle,0.0148470406395442
0.3,TS_oracle,0.0196879391594732
0.3,TS_oracle,0.0203144430763638
0.3,TS_oracle,0.0313498967994044
0.3,TS_oracle,0.0129721160990611
0.3,TS_oracle,0.0309957982123799
0.3,TS_oracle,0.00675651532768609
0.3,TS_oracle,0.016415664982659
0.3,TS_oracle,0.0314129488566528
0.3,TS_oracle,0.00595849767343553
0.3,TS_oracle,0.0088025359559569
0.3,TS_oracle,0.0216349169220968
0.3,TS_oracle,0.0063004300052205
0.3,TS_oracle,0.0145067133416263
0.3,TS_oracle,0.00815925683746643
0.3,TS_oracle,0.0333852322684843
0.3,TS_oracle,0.034708945326609
0.3,TS_oracle,0.00641673510647093
0.3,TS_oracle,0.0038495727825078
0.3,TS_oracle,0.0403824751787764
0.3,TS_oracle,0.00424696218866691
0.3,TS_oracle,0.00980569282829728
0.3,TS_oracle,0.0323151755429047
0.3,TS_oracle,0.0103019334209366
0.3,TS_oracle,0.0191846507474963
0.3,TS_oracle,0.0140470672954637
0.3,TS_oracle,0.0116605021054296
0.3,TS_oracle,0.037276495166432
0.3,TS_oracle,0.0102537578468104
0.3,TS_oracle,0.017451176313099
0.3,TS_oracle,0.0139655971731066
0.3,TS_oracle,0.018707803905683
0.3,TS_oracle,0.0107981260383284
0.3,TS_oracle,0.0246087281612981
0.3,TS_oracle,0.0139305172599148
0.3,TS_oracle,0.0340371255110861
0.3,TS_oracle,0.0112308258844878
0.3,TS_oracle,0.0144873288602479
0.3,TS_oracle,0.032838448186556
0.3,TS_oracle,0.0291184499404485
0.3,TS_oracle,0.0228289798349316
0.3,TS_oracle,0.0175688436234224
0.3,TS_oracle,0.00882327681451884
0.3,TS_oracle,0.0122072642289954
0.3,TS_oracle,0.0233684957892011
0.3,TS_oracle,0.00998601791751645
0.3,TS_oracle,0.0871888518545796
0.3,TS_oracle,0.0216133261097608
0.3,TS_oracle,0.0108401579087642
0.3,TS_oracle,0.0186373554990105
0.3,TS_oracle,0.00532742166793522
0.3,TS_oracle,0.0412464633891285
0.3,TS_oracle,0.0261995444015459
0.3,TS_oracle,0.0198170986791094
0.3,TS_oracle,0.0102779463294822
0.3,TS_oracle,0.00844132378637951
0.3,TS_oracle,0.0300977179247086
0.3,TS_oracle,0.0159128794944264
0.3,TS_oracle,0.00642279222469778
0.3,TS_oracle,0.0172828097085755
0.3,TS_oracle,0.0116841099496363
0.3,TS_oracle,0.0212036096856978
0.3,TS_oracle,0.0102601210854776
0.3,TS_oracle,0.00976066319888423
0.3,TS_oracle,0.0191482454690988
0.3,TS_oracle,0.018644708990575
0.3,TS_oracle,0.00674793647299092
0.3,TS_oracle,0.0138378283905451
0.3,TS_oracle,0.00881915270073361
0.3,TS_oracle,0.00738545572619091
0.3,TS_oracle,0.0189029736999228
0.3,TS_oracle,0.00595524619062274
0.3,TS_oracle,0.0434871776090295
0.3,TS_oracle,0.0270215696497053
0.3,TS_oracle,0.0321601258809827
0.3,TS_oracle,0.0201058466434242
0.3,TS_oracle,0.0150248940249694
0.3,TS_oracle,0.0215942776688177
0.3,TS_oracle,0.0104389044429524
0.3,TS_oracle,0.0581109236220449
0.3,TS_oracle,0.0120702340538926
0.3,TS_oracle,0.00670462864875599
0.3,TS_oracle,0.00951204565723269
0.3,TS_oracle,0.0253082446185989
0.3,TS_oracle,0.0152747953792449
0.3,TS_oracle,0.01060177531326
0.3,TS_oracle,0.0181279498027255
0.3,TS_oracle,0.0163652616281907
0.3,TS_oracle,0.0171116384104935
0.3,TS_oracle,0.023873249591607
0.3,TS_oracle,0.0211281781849816
0.3,TS_oracle,0.0101509680905737
0.3,TS_oracle,0.012744882188535
0.3,TS_oracle,0.00703180151728477
0.3,TS_oracle,0.0129993917072027
0.3,TS_oracle,0.0299408758035448
0.3,TS_oracle,0.0229273002993919
0.3,TS_oracle,0.0127119996018684
0.3,TS_oracle,0.0186730530542364
0.3,TS_oracle,0.0137761947087475
0.3,TS_oracle,0.00864279415678345
0.3,TS_oracle,0.018817642541913
0.3,TS_oracle,0.0185551713332648
0.3,TS_oracle,0.0136142290795925
0.3,TS_oracle,0.0193894030744483
0.3,TS_oracle,0.0216505884116924
0.3,TS_oracle,0.0161755130724802
0.3,TS_oracle,0.00425472140560048
0.3,TS_oracle,0.0145308186186048
0.3,TS_oracle,0.0162908352859758
0.3,TS_oracle,0.0100028096388695
0.3,TS_oracle,0.0190999095623118
0.3,TS_oracle,0.0224574772418701
0.3,TS_oracle,0.0206334294867594
0.3,TS_oracle,0.0213168313966899
0.3,TS_oracle,0.0173035477965603
0.3,TS_oracle,0.0417747005670848
0.3,TS_oracle,0.0182576683002334
0.3,TS_oracle,0.0322845567515693
0.3,TS_oracle,0.0129205318084675
0.3,TS_oracle,0.0349130231457993
0.3,TS_oracle,0.0127415759718356
0.3,TS_oracle,0.00367853752796904
0.3,TS_oracle,0.0239752234029071
0.3,TS_oracle,0.0372842907455322
0.3,TS_oracle,0.0291554707166747
0.3,TS_oracle,0.0035753484544256
0.3,TS_oracle,0.0390885073012879
0.3,TS_oracle,0.00502548235959131
0.3,TS_oracle,0.00956465216503317
0.3,TS_oracle,0.00886915522664879
0.3,TS_oracle,0.0398218638848787
0.3,TS_oracle,0.0248913894402249
0.3,TS_oracle,0.0159323490313317
0.3,TS_oracle,0.0114392530060047
0.3,TS_oracle,0.0106446203877077
0.3,TS_oracle,0.00941687483941217
0.4,PLS,0.0366714700866712
0.4,PLS,0.0212040627285713
0.4,PLS,0.0348940787677024
0.4,PLS,0.060475960118347
0.4,PLS,0.0144617518091673
0.4,PLS,0.0222012048634438
0.4,PLS,0.0197421506874542
0.4,PLS,0.0260325376917328
0.4,PLS,0.020969982978096
0.4,PLS,0.0194649317230051
0.4,PLS,0.0342330685823395
0.4,PLS,0.016364409612292
0.4,PLS,0.0120492355307115
0.4,PLS,0.0273570544153352
0.4,PLS,0.0212344713461755
0.4,PLS,0.0103756115469995
0.4,PLS,0.0125897769203754
0.4,PLS,0.0303005903662309
0.4,PLS,0.0156889560148576
0.4,PLS,0.00886265570050638
0.4,PLS,0.0158644753236746
0.4,PLS,0.0142335797987173
0.4,PLS,0.0395251258719086
0.4,PLS,0.036247612543945
0.4,PLS,0.0417865449237819
0.4,PLS,0.0431985874300777
0.4,PLS,0.0160340403752943
0.4,PLS,0.0451497732217024
0.4,PLS,0.013543800067185
0.4,PLS,0.0852182782567432
0.4,PLS,0.0187764110167109
0.4,PLS,0.00830229025120782
0.4,PLS,0.0918795209146823
0.4,PLS,0.0423688008432918
0.4,PLS,0.0197821666068382
0.4,PLS,0.0391377590634958
0.4,PLS,0.0233118118948716
0.4,PLS,0.0238494273073082
0.4,PLS,0.0236814921373559
0.4,PLS,0.0188646299318288
0.4,PLS,0.0431309041715779
0.4,PLS,0.018502070617765
0.4,PLS,0.027538412105114
0.4,PLS,0.0161912958174891
0.4,PLS,0.0348651450516412
0.4,PLS,0.0139912438197306
0.4,PLS,0.0356713912603084
0.4,PLS,0.0577560581764642
0.4,PLS,0.0538492286832664
0.4,PLS,0.0154948730687517
0.4,PLS,0.011233733114953
0.4,PLS,0.0364117513000908
0.4,PLS,0.00712069911161927
0.4,PLS,0.0151685625688794
0.4,PLS,0.0181496246011255
0.4,PLS,0.0125100373113376
0.4,PLS,0.0176091436523838
0.4,PLS,0.0277147814678043
0.4,PLS,0.01823138581529
0.4,PLS,0.0448493847504757
0.4,PLS,0.00734702508173842
0.4,PLS,0.0209735702109934
0.4,PLS,0.0277334016230195
0.4,PLS,0.00899018222600625
0.4,PLS,0.0107462629203834
0.4,PLS,0.0335437430939926
0.4,PLS,0.024596735795641
0.4,PLS,0.0306768477209266
0.4,PLS,0.0192219817343145
0.4,PLS,0.0334539001571605
0.4,PLS,0.0425649716333571
0.4,PLS,0.00440424882734379
0.4,PLS,0.0351362888157391
0.4,PLS,0.0498123161486319
0.4,PLS,0.0412483900560221
0.4,PLS,0.040984676981425
0.4,PLS,0.0105809571936317
0.4,PLS,0.0752499954175624
0.4,PLS,0.0283992098434115
0.4,PLS,0.0241735926500008
0.4,PLS,0.0104532363845657
0.4,PLS,0.028589273418643
0.4,PLS,0.0198590219190803
0.4,PLS,0.0349351687668434
0.4,PLS,0.0188905096584897
0.4,PLS,0.0338310700704896
0.4,PLS,0.0175849249846577
0.4,PLS,0.0147581499452942
0.4,PLS,0.0159743362129237
0.4,PLS,0.0325520287692368
0.4,PLS,0.0163087143452868
0.4,PLS,0.0304667651299639
0.4,PLS,0.023249078398906
0.4,PLS,0.0441022740457027
0.4,PLS,0.0169380318730283
0.4,PLS,0.024315831441296
0.4,PLS,0.0335430318980135
0.4,PLS,0.0110948649684217
0.4,PLS,0.0445029752755607
0.4,PLS,0.0227507085936414
0.4,PLS,0.0418055264079552
0.4,PLS,0.029176093573986
0.4,PLS,0.02296246559449
0.4,PLS,0.0302547095354652
0.4,PLS,0.0309909476625817
0.4,PLS,0.0290874854484194
0.4,PLS,0.0039596194262124
0.4,PLS,0.0345881203663055
0.4,PLS,0.0194042717402912
0.4,PLS,0.0162788551702275
0.4,PLS,0.0217493776516144
0.4,PLS,0.015959824953134
0.4,PLS,0.0319003132581814
0.4,PLS,0.0153989490168253
0.4,PLS,0.0200404503711935
0.4,PLS,0.0331278334165918
0.4,PLS,0.0249373822912313
0.4,PLS,0.0279118805601689
0.4,PLS,0.0262523144192596
0.4,PLS,0.0153991456330626
0.4,PLS,0.0119693757541313
0.4,PLS,0.0492487322265965
0.4,PLS,0.0167686594980243
0.4,PLS,0.0225593568092216
0.4,PLS,0.0108888617328867
0.4,PLS,0.0230025265595398
0.4,PLS,0.0197780902217301
0.4,PLS,0.0215318666255845
0.4,PLS,0.0767375741195839
0.4,PLS,0.027334696961902
0.4,PLS,0.0089641204604179
0.4,PLS,0.0198896015852545
0.4,PLS,0.0249054600589775
0.4,PLS,0.0353162299582927
0.4,PLS,0.0231113569918072
0.4,PLS,0.0395133004155851
0.4,PLS,0.0123879028537084
0.4,PLS,0.0203061514286067
0.4,PLS,0.0475424756984341
0.4,PLS,0.0314777864248236
0.4,PLS,0.0251682794519414
0.4,PLS,0.0110624746708948
0.4,PLS,0.0042418491979622
0.4,PLS,0.048823697032124
0.4,PLS,0.0216578052746131
0.4,PLS,0.0151091542956146
0.4,PLS,0.0363036319465967
0.4,PLS,0.0211440420042784
0.4,PLS,0.110825898363315
0.4,PLS,0.0314482866750641
0.4,PLS,0.0368416743209431
0.4,PLS,0.0197030052867261
0.4,PLS,0.0110924199054519
0.4,PLS,0.124622317513466
0.4,PLS,0.0294394776624589
0.4,PLS,0.0664647728864532
0.4,PLS,0.0310557205931252
0.4,PLS,0.00930360917588251
0.4,PLS,0.0239310398203015
0.4,PLS,0.0677231461995277
0.4,PLS,0.0245799977122596
0.4,PLS,0.0606612807537374
0.4,PLS,0.0130517663397069
0.4,PLS,0.0191147349475202
0.4,PLS,0.0181085007250877
0.4,PLS,0.0255551528064702
0.4,PLS,0.0272355487895444
0.4,PLS,0.0212693595768955
0.4,PLS,0.03811201721675
0.4,PLS,0.0401173657809346
0.4,PLS,0.00740222626595344
0.4,PLS,0.0147341648998534
0.4,PLS,0.00882027227641676
0.4,PLS,0.00521244338732499
0.4,PLS,0.0341684112694758
0.4,PLS,0.0162036314174715
0.4,PLS,0.0296547132316226
0.4,PLS,0.0534524959344553
0.4,PLS,0.0209427748893476
0.4,PLS,0.0179025634773428
0.4,PLS,0.0603285289178472
0.4,PLS,0.0294330227442246
0.4,PLS,0.0211935652397154
0.4,PLS,0.0174587582630616
0.4,PLS,0.0453765709461644
0.4,PLS,0.0451434603924078
0.4,PLS,0.00544847633160668
0.4,PLS,0.0167047615072533
0.4,PLS,0.0140802788776952
0.4,PLS,0.0404464120099319
0.4,PLS,0.026764325956535
0.4,PLS,0.0273965449994348
0.4,PLS,0.0143752287776022
0.4,PLS,0.0311227282711404
0.4,PLS,0.0192151305014679
0.4,PLS,0.0115599899575428
0.4,PLS,0.0223081552682393
0.4,PLS,0.0165897288511508
0.4,PLS,0.017567879750144
0.4,PLS,0.057745589031984
0.4,fTS,0.026098643555078
0.4,fTS,0.0240014469555656
0.4,fTS,0.0221905659488928
0.4,fTS,0.029194659139449
0.4,fTS,0.00713652248052345
0.4,fTS,0.0377171223975681
0.4,fTS,0.0232350139120341
0.4,fTS,0.0123841531854285
0.4,fTS,0.0102248696151196
0.4,fTS,0.0154329905525637
0.4,fTS,0.0127817421942805
0.4,fTS,0.00954916346806034
0.4,fTS,0.0191914652659888
0.4,fTS,0.00549889273219157
0.4,fTS,0.013755499206001
0.4,fTS,0.0127981104643585
0.4,fTS,0.0256365786592418
0.4,fTS,0.039180962888176
0.4,fTS,0.0115379654345608
0.4,fTS,0.00579688313421278
0.4,fTS,0.00879542151666029
0.4,fTS,0.015403876536034
0.4,fTS,0.0357208904667351
0.4,fTS,0.018147661209729
0.4,fTS,0.017034442892119
0.4,fTS,0.0247756072232406
0.4,fTS,0.00927987638944832
0.4,fTS,0.0409100312640272
0.4,fTS,0.0139307665463442
0.4,fTS,0.0706536250762955
0.4,fTS,0.0127060889292414
0.4,fTS,0.00649872541168504
0.4,fTS,0.0437849850133856
0.4,fTS,0.00693814489546574
0.4,fTS,0.0128271822254654
0.4,fTS,0.019218702859939
0.4,fTS,0.0220134999460495
0.4,fTS,0.0156698540282519
0.4,fTS,0.0198914111213874
0.4,fTS,0.01937637422036
0.4,fTS,0.0439714460262796
0.4,fTS,0.011691539597126
0.4,fTS,0.0184612453263484
0.4,fTS,0.01135701145342
0.4,fTS,0.0369522335562469
0.4,fTS,0.0173201599205511
0.4,fTS,0.0156974806175609
0.4,fTS,0.023228611755273
0.4,fTS,0.0206554754323792
0.4,fTS,0.0101578369541168
0.4,fTS,0.0165338662575263
0.4,fTS,0.027185528115558
0.4,fTS,0.00775621094360991
0.4,fTS,0.0154406084188416
0.4,fTS,0.016907949395063
0.4,fTS,0.0151487326699448
0.4,fTS,0.0197244665524178
0.4,fTS,0.0199813938788843
0.4,fTS,0.015346604726966
0.4,fTS,0.0488053610272892
0.4,fTS,0.00463266639464584
0.4,fTS,0.0116731058759577
0.4,fTS,0.0188807659946642
0.4,fTS,0.00913118294040576
0.4,fTS,0.0166734227064412
0.4,fTS,0.0279269977193204
0.4,fTS,0.0147553980169863
0.4,fTS,0.0176125465679408
0.4,fTS,0.0182244610529412
0.4,fTS,0.018647617047717
0.4,fTS,0.0482873402990626
0.4,fTS,0.00746516843403318
0.4,fTS,0.00805395771004661
0.4,fTS,0.0277634401333873
0.4,fTS,0.0350537826188673
0.4,fTS,0.0150460271916729
0.4,fTS,0.00672123268460644
0.4,fTS,0.0414261082159521
0.4,fTS,0.0243250642258068
0.4,fTS,0.0211904481358215
0.4,fTS,0.00945058454941484
0.4,fTS,0.0151984946803331
0.4,fTS,0.0114172493158245
0.4,fTS,0.027493648691923
0.4,fTS,0.0108354743536784
0.4,fTS,0.0223182532916855
0.4,fTS,0.0196355744283029
0.4,fTS,0.0117233092799484
0.4,fTS,0.0131397733401778
0.4,fTS,0.0208638112013479
0.4,fTS,0.0123103802894966
0.4,fTS,0.0352245292698142
0.4,fTS,0.0110439865591659
0.4,fTS,0.0282606682046626
0.4,fTS,0.014529251316009
0.4,fTS,0.0146330500074874
0.4,fTS,0.0291552674526298
0.4,fTS,0.00881372564011294
0.4,fTS,0.021823129506396
0.4,fTS,0.0136325900639481
0.4,fTS,0.0278335628489253
0.4,fTS,0.0268594451768672
0.4,fTS,0.0375673368338875
0.4,fTS,0.0217387075276132
0.4,fTS,0.0230246388662158
0.4,fTS,0.00551745123233398
0.4,fTS,0.0123868914827476
0.4,fTS,0.0345740646379148
0.4,fTS,0.0126701812830979
0.4,fTS,0.00968135823989498
0.4,fTS,0.0204204178497824
0.4,fTS,0.0142619269323362
0.4,fTS,0.0190504394566513
0.4,fTS,0.0162856171907225
0.4,fTS,0.0168135757156961
0.4,fTS,0.0308080745692943
0.4,fTS,0.0224829978478213
0.4,fTS,0.0117495007017878
0.4,fTS,0.0205920324434135
0.4,fTS,0.0107080810317849
0.4,fTS,0.00556828672937692
0.4,fTS,0.0460219093395784
0.4,fTS,0.00649811043273328
0.4,fTS,0.0195015153004495
0.4,fTS,0.013380079751711
0.4,fTS,0.0107627441406781
0.4,fTS,0.0172708052440118
0.4,fTS,0.0154849542684385
0.4,fTS,0.0493379699051762
0.4,fTS,0.0122871351421903
0.4,fTS,0.00699568710449544
0.4,fTS,0.0218928410840527
0.4,fTS,0.0157115837642459
0.4,fTS,0.0144993453843501
0.4,fTS,0.0245266134702786
0.4,fTS,0.0164828275169046
0.4,fTS,0.0139524096526669
0.4,fTS,0.0198226309706088
0.4,fTS,0.0211218946914422
0.4,fTS,0.0300641873546117
0.4,fTS,0.0194351971940381
0.4,fTS,0.0143903152207341
0.4,fTS,0.00707527705343824
0.4,fTS,0.0277189615901386
0.4,fTS,0.0177336301695353
0.4,fTS,0.00631589678085547
0.4,fTS,0.0377115154633466
0.4,fTS,0.00498053173080952
0.4,fTS,0.0865251371836938
0.4,fTS,0.025419897631481
0.4,fTS,0.0216909205161709
0.4,fTS,0.0194446133652601
0.4,fTS,0.00426580996742247
0.4,fTS,0.0130567962942338
0.4,fTS,0.0389858734018656
0.4,fTS,0.0432544550726547
0.4,fTS,0.0253061411743158
0.4,fTS,0.00599682109386359
0.4,fTS,0.0158445192405207
0.4,fTS,0.0623536092213408
0.4,fTS,0.01515976954137
0.4,fTS,0.0508774921588321
0.4,fTS,0.00881535616651916
0.4,fTS,0.0136641320000176
0.4,fTS,0.0167888331461982
0.4,fTS,0.00868709124687031
0.4,fTS,0.019955259962955
0.4,fTS,0.0261317334884488
0.4,fTS,0.0457194761200338
0.4,fTS,0.0396198379691003
0.4,fTS,0.0107862944310099
0.4,fTS,0.0186982208501406
0.4,fTS,0.0064117524477554
0.4,fTS,0.00861653653535931
0.4,fTS,0.0140921609815898
0.4,fTS,0.00479636668058583
0.4,fTS,0.0136410063029783
0.4,fTS,0.0344530495849769
0.4,fTS,0.0215672863882436
0.4,fTS,0.0116901589480741
0.4,fTS,0.00947747300768231
0.4,fTS,0.0199070958692308
0.4,fTS,0.0142813171636208
0.4,fTS,0.00920500604794433
0.4,fTS,0.0608167935274619
0.4,fTS,0.022021135839835
0.4,fTS,0.00591903248967689
0.4,fTS,0.0153179774231363
0.4,fTS,0.010049218388846
0.4,fTS,0.0285732098406221
0.4,fTS,0.0171983887570604
0.4,fTS,0.0269324567000879
0.4,fTS,0.0161359961555774
0.4,fTS,0.00846488221244413
0.4,fTS,0.00854763585217267
0.4,fTS,0.00839046150431959
0.4,fTS,0.022187324079775
0.4,fTS,0.0132723319844653
0.4,fTS,0.0150271883331334
0.4,fTS,0.0342352314992857
0.4,LS_oracle,0.0365398298730032
0.4,LS_oracle,0.021247241131056
0.4,LS_oracle,0.0212060135641991
0.4,LS_oracle,0.043231554983568
0.4,LS_oracle,0.0267642213372198
0.4,LS_oracle,0.0162533903405805
0.4,LS_oracle,0.0165682140270114
0.4,LS_oracle,0.0168318789973937
0.4,LS_oracle,0.0160453943605326
0.4,LS_oracle,0.0214001916663754
0.4,LS_oracle,0.0182723263048738
0.4,LS_oracle,0.0178821210397881
0.4,LS_oracle,0.0162145941341246
0.4,LS_oracle,0.0475999257140801
0.4,LS_oracle,0.0221162504609097
0.4,LS_oracle,0.0103332472800093
0.4,LS_oracle,0.0119176147536716
0.4,LS_oracle,0.0280141775941181
0.4,LS_oracle,0.0124967471308686
0.4,LS_oracle,0.00875100683197028
0.4,LS_oracle,0.0111364139008185
0.4,LS_oracle,0.0147887585269114
0.4,LS_oracle,0.0333559707615594
0.4,LS_oracle,0.0350673892173084
0.4,LS_oracle,0.0388118620925177
0.4,LS_oracle,0.0349213973990518
0.4,LS_oracle,0.0105642285564845
0.4,LS_oracle,0.0454361671220418
0.4,LS_oracle,0.0138687087102232
0.4,LS_oracle,0.0939249687269599
0.4,LS_oracle,0.0129988722081633
0.4,LS_oracle,0.00978074308018223
0.4,LS_oracle,0.0120708197405111
0.4,LS_oracle,0.0490064159309959
0.4,LS_oracle,0.0122494478488322
0.4,LS_oracle,0.0392050783994446
0.4,LS_oracle,0.0193351950028884
0.4,LS_oracle,0.0158837564570307
0.4,LS_oracle,0.0318619450927698
0.4,LS_oracle,0.012905211469028
0.4,LS_oracle,0.0387451186985066
0.4,LS_oracle,0.00768235985676957
0.4,LS_oracle,0.0304519369924559
0.4,LS_oracle,0.0198347010470089
0.4,LS_oracle,0.0191870196555057
0.4,LS_oracle,0.01431609190417
0.4,LS_oracle,0.0324129298853029
0.4,LS_oracle,0.0515612416342377
0.4,LS_oracle,0.0491379650311942
0.4,LS_oracle,0.0138485211719046
0.4,LS_oracle,0.012424452517878
0.4,LS_oracle,0.0368328069883806
0.4,LS_oracle,0.00811686166629282
0.4,LS_oracle,0.0135044015632731
0.4,LS_oracle,0.0123144779245611
0.4,LS_oracle,0.0124103878044381
0.4,LS_oracle,0.0145178452838041
0.4,LS_oracle,0.0273235902598056
0.4,LS_oracle,0.0145808259065332
0.4,LS_oracle,0.046265088731533
0.4,LS_oracle,0.00711887200729051
0.4,LS_oracle,0.0120441699386607
0.4,LS_oracle,0.00831928190634093
0.4,LS_oracle,0.0113364352002222
0.4,LS_oracle,0.00899166683105339
0.4,LS_oracle,0.0316171534785329
0.4,LS_oracle,0.0139494596407033
0.4,LS_oracle,0.025110835624139
0.4,LS_oracle,0.0145820736251574
0.4,LS_oracle,0.0338959607245162
0.4,LS_oracle,0.042880589272184
0.4,LS_oracle,0.00462934458562591
0.4,LS_oracle,0.0103318776633474
0.4,LS_oracle,0.0456053348241874
0.4,LS_oracle,0.0509044969845945
0.4,LS_oracle,0.0349402651915183
0.4,LS_oracle,0.00739619818209494
0.4,LS_oracle,0.0470472847741349
0.4,LS_oracle,0.0253575033342128
0.4,LS_oracle,0.0143386462193358
0.4,LS_oracle,0.00689089274221524
0.4,LS_oracle,0.0269884221438861
0.4,LS_oracle,0.0197255452667337
0.4,LS_oracle,0.0467649281939914
0.4,LS_oracle,0.0192506745843234
0.4,LS_oracle,0.0311925840995213
0.4,LS_oracle,0.0226396876726628
0.4,LS_oracle,0.0042967575263911
0.4,LS_oracle,0.0169069592069519
0.4,LS_oracle,0.0316041615668639
0.4,LS_oracle,0.011077441806914
0.4,LS_oracle,0.0290004857856885
0.4,LS_oracle,0.0274236242398888
0.4,LS_oracle,0.0351278599586804
0.4,LS_oracle,0.0116324031301779
0.4,LS_oracle,0.0432788477489488
0.4,LS_oracle,0.034477095475878
0.4,LS_oracle,0.00839915226512698
0.4,LS_oracle,0.0408304015650126
0.4,LS_oracle,0.0267787117774643
0.4,LS_oracle,0.0427017126961906
0.4,LS_oracle,0.0220273309591154
0.4,LS_oracle,0.0198935395123256
0.4,LS_oracle,0.0303273157775011
0.4,LS_oracle,0.0212642746959716
0.4,LS_oracle,0.0253198199355069
0.4,LS_oracle,0.00411179213807187
0.4,LS_oracle,0.0368863558954487
0.4,LS_oracle,0.0174656398613336
0.4,LS_oracle,0.00563768190247388
0.4,LS_oracle,0.0238170630445205
0.4,LS_oracle,0.0153635413184167
0.4,LS_oracle,0.0198670279575801
0.4,LS_oracle,0.0155558161954151
0.4,LS_oracle,0.0218699287244699
0.4,LS_oracle,0.0284691575196332
0.4,LS_oracle,0.0246433140002506
0.4,LS_oracle,0.0295101505203981
0.4,LS_oracle,0.0270967962835191
0.4,LS_oracle,0.0105125808772305
0.4,LS_oracle,0.0121774660267207
0.4,LS_oracle,0.0416937809628017
0.4,LS_oracle,0.0155626765170222
0.4,LS_oracle,0.0203924436146929
0.4,LS_oracle,0.00921601953711451
0.4,LS_oracle,0.0204471317438536
0.4,LS_oracle,0.0318922899046593
0.4,LS_oracle,0.0142787674362464
0.4,LS_oracle,0.0714967168443134
0.4,LS_oracle,0.0150950416160112
0.4,LS_oracle,0.00660382048916064
0.4,LS_oracle,0.0154144313463622
0.4,LS_oracle,0.0204407476822253
0.4,LS_oracle,0.0413866828261448
0.4,LS_oracle,0.0196796087031656
0.4,LS_oracle,0.0265956097360682
0.4,LS_oracle,0.00502810121385599
0.4,LS_oracle,0.0189885979283235
0.4,LS_oracle,0.0474375118025129
0.4,LS_oracle,0.0237936929430023
0.4,LS_oracle,0.024087718400388
0.4,LS_oracle,0.0065357507983631
0.4,LS_oracle,0.00386540289137744
0.4,LS_oracle,0.0415450365110788
0.4,LS_oracle,0.0163634795672766
0.4,LS_oracle,0.0172411245909102
0.4,LS_oracle,0.0262106919092195
0.4,LS_oracle,0.018792466926182
0.4,LS_oracle,0.033934098432354
0.4,LS_oracle,0.0294717959420448
0.4,LS_oracle,0.0336306595922663
0.4,LS_oracle,0.0185258989635512
0.4,LS_oracle,0.0106331532729291
0.4,LS_oracle,0.0732386592938337
0.4,LS_oracle,0.030551981715157
0.4,LS_oracle,0.0615086936077328
0.4,LS_oracle,0.0267143950136359
0.4,LS_oracle,0.0100308770225758
0.4,LS_oracle,0.0193838827567235
0.4,LS_oracle,0.0411197469375065
0.4,LS_oracle,0.0228573724102915
0.4,LS_oracle,0.0702408227372019
0.4,LS_oracle,0.0154793165821703
0.4,LS_oracle,0.020986975011973
0.4,LS_oracle,0.0217641100286859
0.4,LS_oracle,0.0271641701098624
0.4,LS_oracle,0.0211798564220258
0.4,LS_oracle,0.0222166389766998
0.4,LS_oracle,0.0378320917422594
0.4,LS_oracle,0.0376923289821494
0.4,LS_oracle,0.00673518372100992
0.4,LS_oracle,0.0132672090885346
0.4,LS_oracle,0.00350054226604953
0.4,LS_oracle,0.00797934977627508
0.4,LS_oracle,0.024948059176026
0.4,LS_oracle,0.011846576169134
0.4,LS_oracle,0.038328470556598
0.4,LS_oracle,0.0541897887509614
0.4,LS_oracle,0.0183039053145861
0.4,LS_oracle,0.0254295106910152
0.4,LS_oracle,0.0353024066675972
0.4,LS_oracle,0.0217414545483162
0.4,LS_oracle,0.0231322414782646
0.4,LS_oracle,0.0137199125996514
0.4,LS_oracle,0.0485717069975164
0.4,LS_oracle,0.0369534091548237
0.4,LS_oracle,0.00589002233402403
0.4,LS_oracle,0.0105048178829625
0.4,LS_oracle,0.0138408316859495
0.4,LS_oracle,0.0230177628100337
0.4,LS_oracle,0.035138115252074
0.4,LS_oracle,0.0287030913359455
0.4,LS_oracle,0.0226797060672177
0.4,LS_oracle,0.0212557483500358
0.4,LS_oracle,0.0152017021763986
0.4,LS_oracle,0.00424033306199384
0.4,LS_oracle,0.0204446816351913
0.4,LS_oracle,0.0175967397854798
0.4,LS_oracle,0.00816249138215054
0.4,LS_oracle,0.0466906582799703
0.4,TS_oracle,0.0228713672399131
0.4,TS_oracle,0.0211386980345078
0.4,TS_oracle,0.0202144402917664
0.4,TS_oracle,0.0236334606135086
0.4,TS_oracle,0.0107141144987908
0.4,TS_oracle,0.028874102168279
0.4,TS_oracle,0.0243102270149239
0.4,TS_oracle,0.0111238988499896
0.4,TS_oracle,0.00630294110461778
0.4,TS_oracle,0.0158173005748708
0.4,TS_oracle,0.0118348504459936
0.4,TS_oracle,0.00916245224212505
0.4,TS_oracle,0.0195895396663737
0.4,TS_oracle,0.00646060644183467
0.4,TS_oracle,0.0137759881548601
0.4,TS_oracle,0.0125895012403918
0.4,TS_oracle,0.0228344497995083
0.4,TS_oracle,0.0282806710400784
0.4,TS_oracle,0.0115305380504126
0.4,TS_oracle,0.00564241330460449
0.4,TS_oracle,0.00444024929173021
0.4,TS_oracle,0.0143425086517039
0.4,TS_oracle,0.0330254601909396
0.4,TS_oracle,0.0179574093822178
0.4,TS_oracle,0.0136299877600182
0.4,TS_oracle,0.0232169382662303
0.4,TS_oracle,0.00639213319728182
0.4,TS_oracle,0.0397266925575745
0.4,TS_oracle,0.00754967985976554
0.4,TS_oracle,0.0729584156396744
0.4,TS_oracle,0.0104465185242886
0.4,TS_oracle,0.00599983431160239
0.4,TS_oracle,0.0192275852970785
0.4,TS_oracle,0.00797625576800973
0.4,TS_oracle,0.0119503759440063
0.4,TS_oracle,0.0192194458647238
0.4,TS_oracle,0.0213387230457293
0.4,TS_oracle,0.0133686635950032
0.4,TS_oracle,0.0210497075921973
0.4,TS_oracle,0.0175668325771129
0.4,TS_oracle,0.041303906611011
0.4,TS_oracle,0.00757747979320304
0.4,TS_oracle,0.0171077538048994
0.4,TS_oracle,0.012528648342846
0.4,TS_oracle,0.0319395964516024
0.4,TS_oracle,0.0162230988796522
0.4,TS_oracle,0.015063981610107
0.4,TS_oracle,0.0250746236458704
0.4,TS_oracle,0.019663802502397
0.4,TS_oracle,0.00825828043074809
0.4,TS_oracle,0.0142280335396534
0.4,TS_oracle,0.0273001997046852
0.4,TS_oracle,0.00660803926010725
0.4,TS_oracle,0.0125417869632371
0.4,TS_oracle,0.0118066176578214
0.4,TS_oracle,0.0159096859986369
0.4,TS_oracle,0.0157153011959427
0.4,TS_oracle,0.0199014396583221
0.4,TS_oracle,0.0131359121511868
0.4,TS_oracle,0.0485717674173702
0.4,TS_oracle,0.00469707405769433
0.4,TS_oracle,0.00956957143556115
0.4,TS_oracle,0.00717708153837
0.4,TS_oracle,0.0091990368177451
0.4,TS_oracle,0.0148495899785196
0.4,TS_oracle,0.0266967903627882
0.4,TS_oracle,0.0138149266765018
0.4,TS_oracle,0.0139892011353979
0.4,TS_oracle,0.0182342709187763
0.4,TS_oracle,0.0174221033987449
0.4,TS_oracle,0.0489865400695584
0.4,TS_oracle,0.00784119751476976
0.4,TS_oracle,0.00704107204420106
0.4,TS_oracle,0.026430364849943
0.4,TS_oracle,0.0354597810367078
0.4,TS_oracle,0.0134841821261857
0.4,TS_oracle,0.0047422989700785
0.4,TS_oracle,0.0388562519140666
0.4,TS_oracle,0.0222015949701856
0.4,TS_oracle,0.0217404260151175
0.4,TS_oracle,0.00840297948149854
0.4,TS_oracle,0.0150697976466028
0.4,TS_oracle,0.0120377083721316
0.4,TS_oracle,0.0305778426197747
0.4,TS_oracle,0.0107067507452224
0.4,TS_oracle,0.0215293891727392
0.4,TS_oracle,0.0185555217115005
0.4,TS_oracle,0.00786790287423365
0.4,TS_oracle,0.0125688530985719
0.4,TS_oracle,0.019458726431606
0.4,TS_oracle,0.0121620247916821
0.4,TS_oracle,0.034556768656049
0.4,TS_oracle,0.0124604611574406
0.4,TS_oracle,0.0203424477093105
0.4,TS_oracle,0.0135062339761264
0.4,TS_oracle,0.0182679791804808
0.4,TS_oracle,0.0285618518771986
0.4,TS_oracle,0.00235851734920651
0.4,TS_oracle,0.0208748342794216
0.4,TS_oracle,0.0157535023845701
0.4,TS_oracle,0.0286198218710746
0.4,TS_oracle,0.0263382763714815
0.4,TS_oracle,0.0369789169222199
0.4,TS_oracle,0.0203159726488817
0.4,TS_oracle,0.0181802191360324
0.4,TS_oracle,0.00545048465212115
0.4,TS_oracle,0.012332725983004
0.4,TS_oracle,0.0333726641980466
0.4,TS_oracle,0.00994471320077994
0.4,TS_oracle,0.00581934158498297
0.4,TS_oracle,0.0172330573447393
0.4,TS_oracle,0.0135513607154947
0.4,TS_oracle,0.013230684971929
0.4,TS_oracle,0.0177473401910686
0.4,TS_oracle,0.0172263301756715
0.4,TS_oracle,0.0268016952067506
0.4,TS_oracle,0.0232396339480121
0.4,TS_oracle,0.0131862601418941
0.4,TS_oracle,0.0209420248616083
0.4,TS_oracle,0.00967515394647015
0.4,TS_oracle,0.00563324727930555
0.4,TS_oracle,0.0415090751556931
0.4,TS_oracle,0.00562432984233821
0.4,TS_oracle,0.0190514566754565
0.4,TS_oracle,0.00642864091204918
0.4,TS_oracle,0.0105580853776689
0.4,TS_oracle,0.0157158821637216
0.4,TS_oracle,0.00950747295359201
0.4,TS_oracle,0.0338422540803336
0.4,TS_oracle,0.0126646072587139
0.4,TS_oracle,0.0061338083504682
0.4,TS_oracle,0.0191031526801373
0.4,TS_oracle,0.0154705802701258
0.4,TS_oracle,0.0139252377571646
0.4,TS_oracle,0.0187379206862185
0.4,TS_oracle,0.0137702299355826
0.4,TS_oracle,0.00921655606141229
0.4,TS_oracle,0.00776270538862492
0.4,TS_oracle,0.0207057508149847
0.4,TS_oracle,0.0285158267097302
0.4,TS_oracle,0.0140958604892157
0.4,TS_oracle,0.0116165823056932
0.4,TS_oracle,0.00505016635779626
0.4,TS_oracle,0.0240702238528501
0.4,TS_oracle,0.0178209113719568
0.4,TS_oracle,0.00590443555491804
0.4,TS_oracle,0.0334179303331492
0.4,TS_oracle,0.00492217000095744
0.4,TS_oracle,0.0432396093072298
0.4,TS_oracle,0.0258403223163405
0.4,TS_oracle,0.00938165833358379
0.4,TS_oracle,0.0194232755293881
0.4,TS_oracle,0.00442008304595513
0.4,TS_oracle,0.0185336871537933
0.4,TS_oracle,0.0398116175817311
0.4,TS_oracle,0.0364707330360136
0.4,TS_oracle,0.0174660078288569
0.4,TS_oracle,0.00506452022562048
0.4,TS_oracle,0.0148543705457951
0.4,TS_oracle,0.0347273858012852
0.4,TS_oracle,0.0140789538216299
0.4,TS_oracle,0.0474997607246721
0.4,TS_oracle,0.0084098555168751
0.4,TS_oracle,0.0131167729888348
0.4,TS_oracle,0.0175632934460677
0.4,TS_oracle,0.00849689937684754
0.4,TS_oracle,0.0172474278003497
0.4,TS_oracle,0.0169718340563552
0.4,TS_oracle,0.0460689504190498
0.4,TS_oracle,0.0366569386037762
0.4,TS_oracle,0.00911468587989711
0.4,TS_oracle,0.0131740110447235
0.4,TS_oracle,0.00220954465943757
0.4,TS_oracle,0.00578928937067356
0.4,TS_oracle,0.00958522720532714
0.4,TS_oracle,0.00459917429704788
0.4,TS_oracle,0.0141167161172244
0.4,TS_oracle,0.0338567526355601
0.4,TS_oracle,0.0186141301127509
0.4,TS_oracle,0.0126185861676947
0.4,TS_oracle,0.0094031156548083
0.4,TS_oracle,0.0146438661903659
0.4,TS_oracle,0.0145707751058228
0.4,TS_oracle,0.00855064309580735
0.4,TS_oracle,0.0602351793348264
0.4,TS_oracle,0.0122117189211255
0.4,TS_oracle,0.00516375857625205
0.4,TS_oracle,0.00907969326316249
0.4,TS_oracle,0.0100053419851414
0.4,TS_oracle,0.0198091209057871
0.4,TS_oracle,0.0187868063419285
0.4,TS_oracle,0.0274228958309338
0.4,TS_oracle,0.0131260423769125
0.4,TS_oracle,0.00659684319896889
0.4,TS_oracle,0.00860410668983259
0.4,TS_oracle,0.0075221391681205
0.4,TS_oracle,0.0205116782045872
0.4,TS_oracle,0.0135006983583139
0.4,TS_oracle,0.00869907814108446
0.4,TS_oracle,0.0341988491344608
0.5,PLS,0.0203290143498245
0.5,PLS,0.0256296600500985
0.5,PLS,0.0132476427648265
0.5,PLS,0.0177811008180318
0.5,PLS,0.07083366329182
0.5,PLS,0.0146014076076065
0.5,PLS,0.0102569960609778
0.5,PLS,0.0172259174281011
0.5,PLS,0.0383050298288259
0.5,PLS,0.0147478960657161
0.5,PLS,0.0659021399200078
0.5,PLS,0.0492249397226587
0.5,PLS,0.0112634101068644
0.5,PLS,0.0266715298378621
0.5,PLS,0.0357440852868508
0.5,PLS,0.0189079580840031
0.5,PLS,0.0145911900232878
0.5,PLS,0.0329752261476074
0.5,PLS,0.0245163876634647
0.5,PLS,0.0130079064595915
0.5,PLS,0.0207015853070833
0.5,PLS,0.0189862732323125
0.5,PLS,0.00497372174570915
0.5,PLS,0.0286424258960987
0.5,PLS,0.0531051927141701
0.5,PLS,0.0228355869348701
0.5,PLS,0.0156272166525432
0.5,PLS,0.0144168663759235
0.5,PLS,0.051608453406029
0.5,PLS,0.0121412801846039
0.5,PLS,0.0193616805629985
0.5,PLS,0.0171972530769364
0.5,PLS,0.01015858346651
0.5,PLS,0.0115294611038659
0.5,PLS,0.0141116064882577
0.5,PLS,0.0360551497954177
0.5,PLS,0.0183151111940317
0.5,PLS,0.0164410449459686
0.5,PLS,0.0162184958585444
0.5,PLS,0.0151062737308863
0.5,PLS,0.0748157579480378
0.5,PLS,0.0183359526724982
0.5,PLS,0.0443270705578868
0.5,PLS,0.0208150313653529
0.5,PLS,0.0429435289247559
0.5,PLS,0.0401692614168638
0.5,PLS,0.00391028601376034
0.5,PLS,0.0231135343493118
0.5,PLS,0.0267018133596301
0.5,PLS,0.0496006561065425
0.5,PLS,0.0134672106573218
0.5,PLS,0.0182521009957295
0.5,PLS,0.0172328155033227
0.5,PLS,0.0108961676875404
0.5,PLS,0.051120618085068
0.5,PLS,0.00959563920078768
0.5,PLS,0.0247351992729677
0.5,PLS,0.0530124426595444
0.5,PLS,0.0148875226211268
0.5,PLS,0.0150816049955975
0.5,PLS,0.0272022292078736
0.5,PLS,0.0437625662667421
0.5,PLS,0.0197432519616847
0.5,PLS,0.00677878363933331
0.5,PLS,0.0488609837619402
0.5,PLS,0.0168007370948844
0.5,PLS,0.0128472802165026
0.5,PLS,0.00688580443677299
0.5,PLS,0.00658242075005206
0.5,PLS,0.0336034318830197
0.5,PLS,0.00606973556609887
0.5,PLS,0.0181242300936911
0.5,PLS,0.0401567324370499
0.5,PLS,0.0423656094818309
0.5,PLS,0.0134751687226625
0.5,PLS,0.0381249879259084
0.5,PLS,0.0187512036126143
0.5,PLS,0.0115277256397905
0.5,PLS,0.00692689022526275
0.5,PLS,0.0163321528099059
0.5,PLS,0.026110120170178
0.5,PLS,0.00639254729600953
0.5,PLS,0.00480440396518498
0.5,PLS,0.0165540882987786
0.5,PLS,0.0395516317624768
0.5,PLS,0.0357291580260219
0.5,PLS,0.0274281359906889
0.5,PLS,0.0240670788887034
0.5,PLS,0.0103878750016728
0.5,PLS,0.0195248705059831
0.5,PLS,0.0380108479440892
0.5,PLS,0.0211955721868482
0.5,PLS,0.0256846248613561
0.5,PLS,0.0454582709047128
0.5,PLS,0.0213142226130386
0.5,PLS,0.0114258627632586
0.5,PLS,0.0353182392622483
0.5,PLS,0.0167338170494513
0.5,PLS,0.0637235969830735
0.5,PLS,0.0210467026458158
0.5,PLS,0.0153497487755676
0.5,PLS,0.0117929858764189
0.5,PLS,0.0224477179127
0.5,PLS,0.0142832691325872
0.5,PLS,0.00709918883504056
0.5,PLS,0.0491629391599689
0.5,PLS,0.0417243274789855
0.5,PLS,0.116405229522004
0.5,PLS,0.0300841671179098
0.5,PLS,0.0194192728148937
0.5,PLS,0.0239088966157169
0.5,PLS,0.0360045827944192
0.5,PLS,0.0275101996309803
0.5,PLS,0.0175621006243865
0.5,PLS,0.0265849257281134
0.5,PLS,0.035929774722603
0.5,PLS,0.0222206295733981
0.5,PLS,0.0112406376601959
0.5,PLS,0.00874668095150511
0.5,PLS,0.0220554612809701
0.5,PLS,0.0285225370314003
0.5,PLS,0.0158856036612665
0.5,PLS,0.0054391488844669
0.5,PLS,0.0185576771718443
0.5,PLS,0.0472021604872231
0.5,PLS,0.00472300842238421
0.5,PLS,0.00964372083810377
0.5,PLS,0.0419653224825976
0.5,PLS,0.00648019667351312
0.5,PLS,0.0176705069443375
0.5,PLS,0.0156690345055408
0.5,PLS,0.0127779346506404
0.5,PLS,0.0640468294365055
0.5,PLS,0.030713859672946
0.5,PLS,0.0243160572635308
0.5,PLS,0.0189930471349726
0.5,PLS,0.0221410079672231
0.5,PLS,0.0192693753372653
0.5,PLS,0.0335608138443283
0.5,PLS,0.00920639076743611
0.5,PLS,0.0340866821950666
0.5,PLS,0.0333613834198915
0.5,PLS,0.0566485417219091
0.5,PLS,0.0218451359090379
0.5,PLS,0.0169237890361945
0.5,PLS,0.0673170550186687
0.5,PLS,0.0149590701131048
0.5,PLS,0.0116069411419008
0.5,PLS,0.016284503314089
0.5,PLS,0.0124825548059161
0.5,PLS,0.011395439620751
0.5,PLS,0.0116174514985042
0.5,PLS,0.0347361795601235
0.5,PLS,0.0227218961634796
0.5,PLS,0.019408342929818
0.5,PLS,0.0143977699790698
0.5,PLS,0.0239484850343542
0.5,PLS,0.0350595520496485
0.5,PLS,0.0802522235176746
0.5,PLS,0.0234750104616862
0.5,PLS,0.0127813505071661
0.5,PLS,0.0137942301422222
0.5,PLS,0.0086571692200723
0.5,PLS,0.00779011361092742
0.5,PLS,0.0159472790775346
0.5,PLS,0.012928682604797
0.5,PLS,0.0241497263911185
0.5,PLS,0.00975629796540614
0.5,PLS,0.00652936029310619
0.5,PLS,0.012871134558335
0.5,PLS,0.0419139703703561
0.5,PLS,0.00833796231542258
0.5,PLS,0.0313344169347356
0.5,PLS,0.0275407110405892
0.5,PLS,0.0241384333142337
0.5,PLS,0.0264523999030791
0.5,PLS,0.0211134512729541
0.5,PLS,0.0330272978084338
0.5,PLS,0.0649803263238291
0.5,PLS,0.00364810867063775
0.5,PLS,0.034689504862263
0.5,PLS,0.0251161279272133
0.5,PLS,0.00980772894315439
0.5,PLS,0.0159369265096798
0.5,PLS,0.0801717378973341
0.5,PLS,0.0225011054585769
0.5,PLS,0.0360573332405382
0.5,PLS,0.0141034507624679
0.5,PLS,0.0449486314864101
0.5,PLS,0.0137450816130752
0.5,PLS,0.0343400014376981
0.5,PLS,0.0214200204513887
0.5,PLS,0.0599825673082307
0.5,PLS,0.0162789318922092
0.5,PLS,0.0706138923438968
0.5,PLS,0.0282599231748417
0.5,PLS,0.0148500822567944
0.5,PLS,0.0550292735518127
0.5,PLS,0.0283866981911713
0.5,PLS,0.0116308400436838
0.5,fTS,0.0134119737003832
0.5,fTS,0.0189069856141456
0.5,fTS,0.0134262260501782
0.5,fTS,0.0363028633711555
0.5,fTS,0.0192265996302397
0.5,fTS,0.0247131381957531
0.5,fTS,0.00733915508697283
0.5,fTS,0.00997347104221603
0.5,fTS,0.0229722839669207
0.5,fTS,0.00567715748474228
0.5,fTS,0.0134259708411503
0.5,fTS,0.0235968340765095
0.5,fTS,0.00838098533573111
0.5,fTS,0.0130019847522809
0.5,fTS,0.0228089628975733
0.5,fTS,0.0186309438406678
0.5,fTS,0.0151788330969991
0.5,fTS,0.0249983907364992
0.5,fTS,0.0073736510348476
0.5,fTS,0.0145655118520457
0.5,fTS,0.00325584808008897
0.5,fTS,0.0226605799043203
0.5,fTS,0.00678795164868058
0.5,fTS,0.00473034598011249
0.5,fTS,0.0443506565397505
0.5,fTS,0.0217798152016574
0.5,fTS,0.0154692633785838
0.5,fTS,0.00719154774597489
0.5,fTS,0.0228721082233822
0.5,fTS,0.0122366183892308
0.5,fTS,0.0234154714295143
0.5,fTS,0.0126206137466872
0.5,fTS,0.000979483739291304
0.5,fTS,0.00764934750286132
0.5,fTS,0.0159093661361949
0.5,fTS,0.0189493904196144
0.5,fTS,0.0155559679206666
0.5,fTS,0.0218624207774192
0.5,fTS,0.0169783727721483
0.5,fTS,0.0143099591904216
0.5,fTS,0.0274139137033485
0.5,fTS,0.0191950736906744
0.5,fTS,0.0255055640379938
0.5,fTS,0.00763081592404865
0.5,fTS,0.0363564248626413
0.5,fTS,0.00792949252892527
0.5,fTS,0.00259463647338321
0.5,fTS,0.0116973191501921
0.5,fTS,0.0101156444926242
0.5,fTS,0.0454709749809038
0.5,fTS,0.0297258878201692
0.5,fTS,0.0196134824798938
0.5,fTS,0.0157607924340009
0.5,fTS,0.00981760219000787
0.5,fTS,0.0504064987063442
0.5,fTS,0.0127086357178761
0.5,fTS,0.0166652779357266
0.5,fTS,0.0126282493646229
0.5,fTS,0.0117855487009
0.5,fTS,0.00580179185870872
0.5,fTS,0.00717900126862728
0.5,fTS,0.0152396405004364
0.5,fTS,0.0120787913056314
0.5,fTS,0.00860197835227627
0.5,fTS,0.0317403670852049
0.5,fTS,0.0257040702510283
0.5,fTS,0.00722527688096625
0.5,fTS,0.000387775644870394
0.5,fTS,0.00616050655731764
0.5,fTS,0.0259975389580969
0.5,fTS,0.00791889717271862
0.5,fTS,0.0124615109154848
0.5,fTS,0.0189844768337334
0.5,fTS,0.0189825325583573
0.5,fTS,0.0175625352384923
0.5,fTS,0.0128733201170905
0.5,fTS,0.0101469346039961
0.5,fTS,0.00305683525186649
0.5,fTS,0.00713282732721383
0.5,fTS,0.00851465867656201
0.5,fTS,0.0233502046520991
0.5,fTS,0.00562676204618012
0.5,fTS,0.00648514765635021
0.5,fTS,0.0172595717740485
0.5,fTS,0.0105247477628747
0.5,fTS,0.0261219918771321
0.5,fTS,0.0279218460243987
0.5,fTS,0.0135250996753352
0.5,fTS,0.0175635347358882
0.5,fTS,0.00753430578937657
0.5,fTS,0.0201127163328626
0.5,fTS,0.0296739478309918
0.5,fTS,0.0219286574397883
0.5,fTS,0.0281022631033445
0.5,fTS,0.00901278529813497
0.5,fTS,0.0140591198843808
0.5,fTS,0.0265209428282577
0.5,fTS,0.0346402027870282
0.5,fTS,0.0262992201076005
0.5,fTS,0.0264335456822234
0.5,fTS,0.0146126676474846
0.5,fTS,0.00742446389908015
0.5,fTS,0.0143189756591143
0.5,fTS,0.0168639821811409
0.5,fTS,0.00582723627117318
0.5,fTS,0.0208460775484079
0.5,fTS,0.0345540289286036
0.5,fTS,0.0413834707210456
0.5,fTS,0.0231448780300772
0.5,fTS,0.0181717537861572
0.5,fTS,0.0225867575153805
0.5,fTS,0.0188453090888413
0.5,fTS,0.0140806480921618
0.5,fTS,0.00927767442945176
0.5,fTS,0.00951035003244277
0.5,fTS,0.0246780565643751
0.5,fTS,0.0248552138066601
0.5,fTS,0.00637996150885124
0.5,fTS,0.00471840452222188
0.5,fTS,0.0160424040793651
0.5,fTS,0.015727901347087
0.5,fTS,0.00368570348495518
0.5,fTS,0.00229784246213182
0.5,fTS,0.00560403283392373
0.5,fTS,0.0227802947855889
0.5,fTS,0.00568649532545763
0.5,fTS,0.00678370115729812
0.5,fTS,0.0339991337911397
0.5,fTS,0.0121833877329011
0.5,fTS,0.00202384035331494
0.5,fTS,0.0170050349533488
0.5,fTS,0.0109044772545847
0.5,fTS,0.0233456386991888
0.5,fTS,0.0274759296676344
0.5,fTS,0.00830589452399996
0.5,fTS,0.0196068837010334
0.5,fTS,0.00245744810222325
0.5,fTS,0.00708388817883727
0.5,fTS,0.0214894765456391
0.5,fTS,0.00372959853614802
0.5,fTS,0.0174143409899488
0.5,fTS,0.0162625708491275
0.5,fTS,0.0175307584651508
0.5,fTS,0.00553883119983352
0.5,fTS,0.0209057314236407
0.5,fTS,0.0330062699313686
0.5,fTS,0.0158151672782197
0.5,fTS,0.0131828599450098
0.5,fTS,0.00664371710914806
0.5,fTS,0.00477562041058219
0.5,fTS,0.0123988420091742
0.5,fTS,0.0157291855205179
0.5,fTS,0.0324923819908781
0.5,fTS,0.0130753992387351
0.5,fTS,0.00956455366993476
0.5,fTS,0.0113583700451212
0.5,fTS,0.0246411912691845
0.5,fTS,0.0649989182306478
0.5,fTS,0.0293753276802008
0.5,fTS,0.0217708729176593
0.5,fTS,0.00432016249378704
0.5,fTS,0.00721777884089281
0.5,fTS,0.0110325489001642
0.5,fTS,0.012704675166337
0.5,fTS,0.0150542605164382
0.5,fTS,0.00668077715977984
0.5,fTS,0.0266481145729262
0.5,fTS,0.0152974768519528
0.5,fTS,0.0233307937092154
0.5,fTS,0.0106637788145384
0.5,fTS,0.0319115888363506
0.5,fTS,0.00976862551448903
0.5,fTS,0.0138972283039497
0.5,fTS,0.00797148675187244
0.5,fTS,0.024896353443648
0.5,fTS,0.00779874975928307
0.5,fTS,0.0178821766547612
0.5,fTS,0.024352614889253
0.5,fTS,0.0296385235816669
0.5,fTS,0.00356935645446532
0.5,fTS,0.0071948307952908
0.5,fTS,0.00671784393448379
0.5,fTS,0.0160495005498258
0.5,fTS,0.00717870219927231
0.5,fTS,0.0237302967301254
0.5,fTS,0.0123485843240439
0.5,fTS,0.026958393423181
0.5,fTS,0.0169057957799629
0.5,fTS,0.0104661913395905
0.5,fTS,0.0159912433245727
0.5,fTS,0.0154906798398618
0.5,fTS,0.00759048599522242
0.5,fTS,0.0363517604968694
0.5,fTS,0.0202923708173095
0.5,fTS,0.0307764975890801
0.5,fTS,0.0197977740611836
0.5,fTS,0.0125878174157628
0.5,fTS,0.024651284937477
0.5,fTS,0.00726602645172281
0.5,fTS,0.00984508450877764
0.5,LS_oracle,0.0185265784667199
0.5,LS_oracle,0.0238524946455649
0.5,LS_oracle,0.00855449963274306
0.5,LS_oracle,0.0155668234951877
0.5,LS_oracle,0.0473342240328085
0.5,LS_oracle,0.0124751382343157
0.5,LS_oracle,0.00381015366278937
0.5,LS_oracle,0.0173217961208206
0.5,LS_oracle,0.0346585090541068
0.5,LS_oracle,0.0150740139753285
0.5,LS_oracle,0.0526642339107281
0.5,LS_oracle,0.0405978664334816
0.5,LS_oracle,0.0100048722813132
0.5,LS_oracle,0.0233897880319707
0.5,LS_oracle,0.0422943836477787
0.5,LS_oracle,0.0186012497271787
0.5,LS_oracle,0.0159005272124444
0.5,LS_oracle,0.0297645876725789
0.5,LS_oracle,0.023116597161616
0.5,LS_oracle,0.00985172257497131
0.5,LS_oracle,0.0327523823050692
0.5,LS_oracle,0.020288178196207
0.5,LS_oracle,0.00343304537618802
0.5,LS_oracle,0.0230557599380163
0.5,LS_oracle,0.0450048551673868
0.5,LS_oracle,0.0202117720675353
0.5,LS_oracle,0.0134024751145369
0.5,LS_oracle,0.0164095051649874
0.5,LS_oracle,0.0527142780470788
0.5,LS_oracle,0.0186133884702715
0.5,LS_oracle,0.0171458566168379
0.5,LS_oracle,0.0182266819995134
0.5,LS_oracle,0.00895830481770462
0.5,LS_oracle,0.0163522759515149
0.5,LS_oracle,0.0135905848146165
0.5,LS_oracle,0.032380161969547
0.5,LS_oracle,0.019102266672788
0.5,LS_oracle,0.0162770069249928
0.5,LS_oracle,0.00657913712121309
0.5,LS_oracle,0.00915229672222875
0.5,LS_oracle,0.0828493132361705
0.5,LS_oracle,0.013218959013152
0.5,LS_oracle,0.0447408651219907
0.5,LS_oracle,0.0175973761494801
0.5,LS_oracle,0.0360216430835276
0.5,LS_oracle,0.0385080057430293
0.5,LS_oracle,0.00387121621019007
0.5,LS_oracle,0.0234291283757671
0.5,LS_oracle,0.0100789598418062
0.5,LS_oracle,0.0525460053394217
0.5,LS_oracle,0.00728994918340974
0.5,LS_oracle,0.0162905795087759
0.5,LS_oracle,0.018769899881215
0.5,LS_oracle,0.00882063651958581
0.5,LS_oracle,0.051058405334184
0.5,LS_oracle,0.0110139166642502
0.5,LS_oracle,0.0168281454718329
0.5,LS_oracle,0.0486611698343871
0.5,LS_oracle,0.0103939283530576
0.5,LS_oracle,0.014367323895572
0.5,LS_oracle,0.0263867106029679
0.5,LS_oracle,0.0516219983051176
0.5,LS_oracle,0.0193507084396544
0.5,LS_oracle,0.00671550239548194
0.5,LS_oracle,0.0448604807787532
0.5,LS_oracle,0.0168436565977506
0.5,LS_oracle,0.00725911496189212
0.5,LS_oracle,0.00699214101483277
0.5,LS_oracle,0.0066120636802207
0.5,LS_oracle,0.0343177907527066
0.5,LS_oracle,0.00642676277116091
0.5,LS_oracle,0.026325727442957
0.5,LS_oracle,0.030611981439198
0.5,LS_oracle,0.035929682797464
0.5,LS_oracle,0.0158861818308946
0.5,LS_oracle,0.0387012128631671
0.5,LS_oracle,0.0203720108276524
0.5,LS_oracle,0.00905284409025059
0.5,LS_oracle,0.00605462817458359
0.5,LS_oracle,0.0138634401157533
0.5,LS_oracle,0.0212706429204767
0.5,LS_oracle,0.00632140319164438
0.5,LS_oracle,0.00480103656313654
0.5,LS_oracle,0.0131930612719838
0.5,LS_oracle,0.0433187369521066
0.5,LS_oracle,0.0335822732056629
0.5,LS_oracle,0.0279549722385815
0.5,LS_oracle,0.00978382001302689
0.5,LS_oracle,0.0113985007669966
0.5,LS_oracle,0.0215865531382541
0.5,LS_oracle,0.0179438826264029
0.5,LS_oracle,0.0182780917723662
0.5,LS_oracle,0.0317509003260763
0.5,LS_oracle,0.0454210254114662
0.5,LS_oracle,0.0181233355580017
0.5,LS_oracle,0.0114889676346522
0.5,LS_oracle,0.0309121146513092
0.5,LS_oracle,0.0144321029279372
0.5,LS_oracle,0.0343705829694861
0.5,LS_oracle,0.0210362581146925
0.5,LS_oracle,0.00872575423819462
0.5,LS_oracle,0.00836788137200143
0.5,LS_oracle,0.0226244156667887
0.5,LS_oracle,0.0120195464461292
0.5,LS_oracle,0.00305582932983661
0.5,LS_oracle,0.0394081417357978
0.5,LS_oracle,0.0374560475915092
0.5,LS_oracle,0.0931294638620841
0.5,LS_oracle,0.0254249944212178
0.5,LS_oracle,0.0212715625662262
0.5,LS_oracle,0.0243080992423674
0.5,LS_oracle,0.0274590827869741
0.5,LS_oracle,0.0248254963352378
0.5,LS_oracle,0.0172173424184582
0.5,LS_oracle,0.0247438181079244
0.5,LS_oracle,0.0347807381417315
0.5,LS_oracle,0.0276195694406781
0.5,LS_oracle,0.0115652897134033
0.5,LS_oracle,0.00967807438751523
0.5,LS_oracle,0.0183173583680929
0.5,LS_oracle,0.0187125056958934
0.5,LS_oracle,0.0100188473373233
0.5,LS_oracle,0.00535206975719695
0.5,LS_oracle,0.0106495894261803
0.5,LS_oracle,0.0342604964803325
0.5,LS_oracle,0.00499378281894598
0.5,LS_oracle,0.00651992603540943
0.5,LS_oracle,0.0408851884788059
0.5,LS_oracle,0.00672971657523951
0.5,LS_oracle,0.0171137542828815
0.5,LS_oracle,0.0156120573797029
0.5,LS_oracle,0.0123038933714107
0.5,LS_oracle,0.0501580808639327
0.5,LS_oracle,0.029935834169999
0.5,LS_oracle,0.0201314235021136
0.5,LS_oracle,0.0108136663470513
0.5,LS_oracle,0.0220079503756122
0.5,LS_oracle,0.0173681540610184
0.5,LS_oracle,0.0344292892669891
0.5,LS_oracle,0.00956067383258211
0.5,LS_oracle,0.0271661117374128
0.5,LS_oracle,0.0370386910224159
0.5,LS_oracle,0.0350982764561189
0.5,LS_oracle,0.020257060789711
0.5,LS_oracle,0.0172628858092787
0.5,LS_oracle,0.0647613830847482
0.5,LS_oracle,0.0159629930730888
0.5,LS_oracle,0.00999213535015126
0.5,LS_oracle,0.0157085238629586
0.5,LS_oracle,0.0154091984114976
0.5,LS_oracle,0.0126216838180779
0.5,LS_oracle,0.016293373490907
0.5,LS_oracle,0.0354158195379686
0.5,LS_oracle,0.0175407097013098
0.5,LS_oracle,0.0105276108596541
0.5,LS_oracle,0.0092292435793784
0.5,LS_oracle,0.0226743383890403
0.5,LS_oracle,0.0138716612624961
0.5,LS_oracle,0.0738270733234758
0.5,LS_oracle,0.0210464682399264
0.5,LS_oracle,0.0138441518350408
0.5,LS_oracle,0.00990706630840244
0.5,LS_oracle,0.00878664712475088
0.5,LS_oracle,0.00848650216952276
0.5,LS_oracle,0.0151257377866405
0.5,LS_oracle,0.00880602468840528
0.5,LS_oracle,0.0224955588803587
0.5,LS_oracle,0.00957641755214437
0.5,LS_oracle,0.00642722741219251
0.5,LS_oracle,0.010822017060899
0.5,LS_oracle,0.0229583328948527
0.5,LS_oracle,0.00814959444863975
0.5,LS_oracle,0.0278511309587894
0.5,LS_oracle,0.0271120898307767
0.5,LS_oracle,0.0235789429729632
0.5,LS_oracle,0.0184749071868388
0.5,LS_oracle,0.0161658361942739
0.5,LS_oracle,0.0368637710776685
0.5,LS_oracle,0.059654402757769
0.5,LS_oracle,0.00538234571468021
0.5,LS_oracle,0.0294535433459678
0.5,LS_oracle,0.0231068367040515
0.5,LS_oracle,0.0093110298167793
0.5,LS_oracle,0.015016448430267
0.5,LS_oracle,0.0706786772887754
0.5,LS_oracle,0.0192808570973786
0.5,LS_oracle,0.0304748815846963
0.5,LS_oracle,0.00924612228388693
0.5,LS_oracle,0.0623376253447776
0.5,LS_oracle,0.012115085117877
0.5,LS_oracle,0.0281863303962511
0.5,LS_oracle,0.0123788306909527
0.5,LS_oracle,0.0530949091414098
0.5,LS_oracle,0.01449884475871
0.5,LS_oracle,0.0658842770109927
0.5,LS_oracle,0.0312100862872899
0.5,LS_oracle,0.0150695550840886
0.5,LS_oracle,0.0523478079252279
0.5,LS_oracle,0.0373617130011172
0.5,LS_oracle,0.0102108216702153
0.5,TS_oracle,0.0132795905123874
0.5,TS_oracle,0.0184377138644387
0.5,TS_oracle,0.00459275360037943
0.5,TS_oracle,0.0328818701689123
0.5,TS_oracle,0.0191380939734504
0.5,TS_oracle,0.0233373456212338
0.5,TS_oracle,0.0051760691586262
0.5,TS_oracle,0.0102958559670454
0.5,TS_oracle,0.0191835240362363
0.5,TS_oracle,0.00570617613020456
0.5,TS_oracle,0.0126572183061172
0.5,TS_oracle,0.0153909448186447
0.5,TS_oracle,0.00645559123144468
0.5,TS_oracle,0.0121037534118385
0.5,TS_oracle,0.0202451785477557
0.5,TS_oracle,0.0188625683436175
0.5,TS_oracle,0.0132646983623655
0.5,TS_oracle,0.0239540145542586
0.5,TS_oracle,0.00701086518178619
0.5,TS_oracle,0.0141454606534036
0.5,TS_oracle,0.00364833958643386
0.5,TS_oracle,0.0233135712352671
0.5,TS_oracle,0.0067850823531721
0.5,TS_oracle,0.00285852904672331
0.5,TS_oracle,0.0371698072639573
0.5,TS_oracle,0.0156861270719554
0.5,TS_oracle,0.0150742473432373
0.5,TS_oracle,0.00691428562188852
0.5,TS_oracle,0.0166234522901012
0.5,TS_oracle,0.0129585311849256
0.5,TS_oracle,0.0162373056748984
0.5,TS_oracle,0.0139067555040412
0.5,TS_oracle,0.000901915485336048
0.5,TS_oracle,0.00768030798898819
0.5,TS_oracle,0.0158569916163003
0.5,TS_oracle,0.0177980682459614
0.5,TS_oracle,0.0137685640068525
0.5,TS_oracle,0.00759988156855781
0.5,TS_oracle,0.011237349281059
0.5,TS_oracle,0.0140468225632189
0.5,TS_oracle,0.0282458406444427
0.5,TS_oracle,0.0183282875275616
0.5,TS_oracle,0.023188680865415
0.5,TS_oracle,0.00515431781788927
0.5,TS_oracle,0.0336198325256033
0.5,TS_oracle,0.0068022883240589
0.5,TS_oracle,0.00262282642352625
0.5,TS_oracle,0.0116852369335687
0.5,TS_oracle,0.00834125034863475
0.5,TS_oracle,0.0460650396862557
0.5,TS_oracle,0.0222912493385503
0.5,TS_oracle,0.0206998152230777
0.5,TS_oracle,0.0176428323373462
0.5,TS_oracle,0.00996211480520682
0.5,TS_oracle,0.0430212189893857
0.5,TS_oracle,0.0125873300939118
0.5,TS_oracle,0.0158566743638901
0.5,TS_oracle,0.00330195840135243
0.5,TS_oracle,0.0110206403768836
0.5,TS_oracle,0.00465573456354736
0.5,TS_oracle,0.00547338091537713
0.5,TS_oracle,0.0131660079086405
0.5,TS_oracle,0.010263144412827
0.5,TS_oracle,0.00835370019594245
0.5,TS_oracle,0.0310049952481582
0.5,TS_oracle,0.0251840488209073
0.5,TS_oracle,0.00712343445386764
0.5,TS_oracle,0.000373494338969077
0.5,TS_oracle,0.00628446170922466
0.5,TS_oracle,0.0224817655275105
0.5,TS_oracle,0.00730098758708134
0.5,TS_oracle,0.0109887394334511
0.5,TS_oracle,0.017084242954354
0.5,TS_oracle,0.0176829283625719
0.5,TS_oracle,0.0166061800507133
0.5,TS_oracle,0.0129775822566531
0.5,TS_oracle,0.0106788872969985
0.5,TS_oracle,0.00340813033069336
0.5,TS_oracle,0.00516574193343594
0.5,TS_oracle,0.00789909581520068
0.5,TS_oracle,0.0215698218117386
0.5,TS_oracle,0.00562057636857487
0.5,TS_oracle,0.00648882153364153
0.5,TS_oracle,0.0165061679976117
0.5,TS_oracle,0.0105918250413966
0.5,TS_oracle,0.025618423457698
0.5,TS_oracle,0.0255273686620246
0.5,TS_oracle,0.0111286925717363
0.5,TS_oracle,0.0161478394716942
0.5,TS_oracle,0.00757305615530486
0.5,TS_oracle,0.0117344908823656
0.5,TS_oracle,0.0287568653249745
0.5,TS_oracle,0.0239340052697015
0.5,TS_oracle,0.027350529166846
0.5,TS_oracle,0.00648889336479905
0.5,TS_oracle,0.0137981985600027
0.5,TS_oracle,0.0263479931123977
0.5,TS_oracle,0.00733216690625888
0.5,TS_oracle,0.020064284363458
0.5,TS_oracle,0.0256740590766282
0.5,TS_oracle,0.0079615757489848
0.5,TS_oracle,0.00560694792110533
0.5,TS_oracle,0.0143373084577549
0.5,TS_oracle,0.0170881520795036
0.5,TS_oracle,0.00473795680551302
0.5,TS_oracle,0.0154315676917205
0.5,TS_oracle,0.0347611658351527
0.5,TS_oracle,0.0390517479426829
0.5,TS_oracle,0.0222723406697235
0.5,TS_oracle,0.0182756441347491
0.5,TS_oracle,0.0213181094376771
0.5,TS_oracle,0.0117711227153777
0.5,TS_oracle,0.0115037094696441
0.5,TS_oracle,0.00922366636628621
0.5,TS_oracle,0.0070153924746922
0.5,TS_oracle,0.0216753193944524
0.5,TS_oracle,0.023844686883838
0.5,TS_oracle,0.00634480147278615
0.5,TS_oracle,0.00466555178457475
0.5,TS_oracle,0.0112282649949094
0.5,TS_oracle,0.0134192708682041
0.5,TS_oracle,0.00373578035021872
0.5,TS_oracle,0.00230065406810638
0.5,TS_oracle,0.00498496289693442
0.5,TS_oracle,0.0152856595164056
0.5,TS_oracle,0.00575788067590936
0.5,TS_oracle,0.00401780820025811
0.5,TS_oracle,0.032593088527952
0.5,TS_oracle,0.0108032116843708
0.5,TS_oracle,0.00113924173190785
0.5,TS_oracle,0.0101771520905923
0.5,TS_oracle,0.0109989438286152
0.5,TS_oracle,0.0231917662903352
0.5,TS_oracle,0.0260830509522491
0.5,TS_oracle,0.00762131212156836
0.5,TS_oracle,0.00812347092702895
0.5,TS_oracle,0.00239782790294448
0.5,TS_oracle,0.0071700802998225
0.5,TS_oracle,0.0231413187420362
0.5,TS_oracle,0.0035812538330649
0.5,TS_oracle,0.0164531866701226
0.5,TS_oracle,0.0168453141639336
0.5,TS_oracle,0.0165826502623123
0.5,TS_oracle,0.00511551068773481
0.5,TS_oracle,0.0201568881545071
0.5,TS_oracle,0.0332894793404475
0.5,TS_oracle,0.0151589171723576
0.5,TS_oracle,0.0135469988383558
0.5,TS_oracle,0.00628744790422938
0.5,TS_oracle,0.00571402835697274
0.5,TS_oracle,0.0126682482731833
0.5,TS_oracle,0.0166915600578696
0.5,TS_oracle,0.0325719034173978
0.5,TS_oracle,0.0109358551403592
0.5,TS_oracle,0.00519683517364029
0.5,TS_oracle,0.010407119759171
0.5,TS_oracle,0.0222533919874784
0.5,TS_oracle,0.0135738891179494
0.5,TS_oracle,0.0280139325901444
0.5,TS_oracle,0.0217613109974795
0.5,TS_oracle,0.00430883768943647
0.5,TS_oracle,0.00540486175605411
0.5,TS_oracle,0.0111918527462664
0.5,TS_oracle,0.00698846348505529
0.5,TS_oracle,0.0115011148463382
0.5,TS_oracle,0.00517008728039008
0.5,TS_oracle,0.0184128946484436
0.5,TS_oracle,0.0152337774353278
0.5,TS_oracle,0.0207325230303798
0.5,TS_oracle,0.010174303787044
0.5,TS_oracle,0.0252968941795744
0.5,TS_oracle,0.00979185668240885
0.5,TS_oracle,0.0137474836084177
0.5,TS_oracle,0.00724417596712992
0.5,TS_oracle,0.0221701134118173
0.5,TS_oracle,0.00643894319016384
0.5,TS_oracle,0.00689580376684713
0.5,TS_oracle,0.0253911215238703
0.5,TS_oracle,0.0247003268910573
0.5,TS_oracle,0.00413607137549691
0.5,TS_oracle,0.00685761144612594
0.5,TS_oracle,0.00655438669664594
0.5,TS_oracle,0.01595393072852
0.5,TS_oracle,0.00719295904640409
0.5,TS_oracle,0.0138502251308954
0.5,TS_oracle,0.00923383851716708
0.5,TS_oracle,0.0276085760090392
0.5,TS_oracle,0.0140321732397052
0.5,TS_oracle,0.0107508610211396
0.5,TS_oracle,0.0112225335938897
0.5,TS_oracle,0.0136530929989278
0.5,TS_oracle,0.00677953518004894
0.5,TS_oracle,0.0238652391555463
0.5,TS_oracle,0.0170443804534868
0.5,TS_oracle,0.0298642181088787
0.5,TS_oracle,0.020636847832722
0.5,TS_oracle,0.0104143157935407
0.5,TS_oracle,0.0225728697450597
0.5,TS_oracle,0.00870168456732538
0.5,TS_oracle,0.00980756633812213
0.6,PLS,0.0491725862732635
0.6,PLS,0.0487539151804648
0.6,PLS,0.0253864290243592
0.6,PLS,0.0188428835209803
0.6,PLS,0.010790695348313
0.6,PLS,0.0154063914940167
0.6,PLS,0.0282388198473466
0.6,PLS,0.0153955479154793
0.6,PLS,0.047404667327743
0.6,PLS,0.0121552749683055
0.6,PLS,0.0593971299260087
0.6,PLS,0.0270521810626335
0.6,PLS,0.0485540010022713
0.6,PLS,0.0227615513215466
0.6,PLS,0.0133475997872694
0.6,PLS,0.0161585003580793
0.6,PLS,0.0365110960332785
0.6,PLS,0.0417513582827137
0.6,PLS,0.0286968120699338
0.6,PLS,0.0277183506441265
0.6,PLS,0.0135703597044092
0.6,PLS,0.0199354706977915
0.6,PLS,0.0159450613165719
0.6,PLS,0.0157416090868344
0.6,PLS,0.00579007068318786
0.6,PLS,0.0582692929093358
0.6,PLS,0.0222336584658223
0.6,PLS,0.0404271766533032
0.6,PLS,0.0256071440175766
0.6,PLS,0.00596491184166498
0.6,PLS,0.0441599282195236
0.6,PLS,0.0174892063673517
0.6,PLS,0.022302001522116
0.6,PLS,0.0635759873249489
0.6,PLS,0.0452365368744215
0.6,PLS,0.0317028056375838
0.6,PLS,0.0268175020107769
0.6,PLS,0.0168280908839745
0.6,PLS,0.028426209437395
0.6,PLS,0.0283449945420304
0.6,PLS,0.00673117650723983
0.6,PLS,0.0289839442993026
0.6,PLS,0.0105822979623546
0.6,PLS,0.0242072269673306
0.6,PLS,0.0217064584043809
0.6,PLS,0.0227814557417135
0.6,PLS,0.0257020130508036
0.6,PLS,0.00922506569125332
0.6,PLS,0.0469942885076621
0.6,PLS,0.0220280253377722
0.6,PLS,0.0416577828402468
0.6,PLS,0.0418260127575446
0.6,PLS,0.0383720689445704
0.6,PLS,0.0339452770483027
0.6,PLS,0.0398787346763848
0.6,PLS,0.0204969118696064
0.6,PLS,0.0338285240374612
0.6,PLS,0.0262801023328445
0.6,PLS,0.0104352923089791
0.6,PLS,0.0224020371667254
0.6,PLS,0.0378252550147753
0.6,PLS,0.0646724886372188
0.6,PLS,0.0224813973500389
0.6,PLS,0.100363701010781
0.6,PLS,0.0233713120141922
0.6,PLS,0.0260308764436493
0.6,PLS,0.0207178501114885
0.6,PLS,0.010984439986856
0.6,PLS,0.0360356537701223
0.6,PLS,0.0232833026676717
0.6,PLS,0.0338473011429787
0.6,PLS,0.0233250922094768
0.6,PLS,0.032547340205026
0.6,PLS,0.0212634272785996
0.6,PLS,0.0263440995812404
0.6,PLS,0.0576545838352673
0.6,PLS,0.0352585610575409
0.6,PLS,0.00973902394014634
0.6,PLS,0.0578350245149497
0.6,PLS,0.0146747180512883
0.6,PLS,0.042655699273576
0.6,PLS,0.0301025728772983
0.6,PLS,0.0138416480443883
0.6,PLS,0.022473199318794
0.6,PLS,0.00692587006042216
0.6,PLS,0.0172112041852988
0.6,PLS,0.0371532170599696
0.6,PLS,0.0396036442818948
0.6,PLS,0.0412060102843758
0.6,PLS,0.00977905150296929
0.6,PLS,0.0308455168875138
0.6,PLS,0.044821133485369
0.6,PLS,0.0336963354911169
0.6,PLS,0.0168483123235918
0.6,PLS,0.00735144418967269
0.6,PLS,0.0392268692644144
0.6,PLS,0.0175295153089463
0.6,PLS,0.0255212064329032
0.6,PLS,0.0226851727653261
0.6,PLS,0.0363266732724888
0.6,PLS,0.0265286717426818
0.6,PLS,0.0204786999106623
0.6,PLS,0.0132733439009412
0.6,PLS,0.0198911366413341
0.6,PLS,0.0233738626659382
0.6,PLS,0.0346288384215836
0.6,PLS,0.0128971150058779
0.6,PLS,0.020825774864783
0.6,PLS,0.0334210503966706
0.6,PLS,0.0385131517583233
0.6,PLS,0.0397794180616565
0.6,PLS,0.0158285702375774
0.6,PLS,0.0161568301963832
0.6,PLS,0.0313231356699112
0.6,PLS,0.0450920439642221
0.6,PLS,0.0110035400054503
0.6,PLS,0.0106000165978711
0.6,PLS,0.0303861173949588
0.6,PLS,0.0161543503390966
0.6,PLS,0.0113473407466958
0.6,PLS,0.0148800506692015
0.6,PLS,0.0668651810433985
0.6,PLS,0.0443911908652063
0.6,PLS,0.0316273904781727
0.6,PLS,0.023767641466694
0.6,PLS,0.0178543879056256
0.6,PLS,0.0280319632234614
0.6,PLS,0.0394709032159196
0.6,PLS,0.0375531081469965
0.6,PLS,0.0263360373618664
0.6,PLS,0.0354222183889982
0.6,PLS,0.0150398505193474
0.6,PLS,0.0112748177286822
0.6,PLS,0.0128277767498276
0.6,PLS,0.0206255735582476
0.6,PLS,0.0207426976176045
0.6,PLS,0.0175346982593064
0.6,PLS,0.0217757303806501
0.6,PLS,0.00597157097519769
0.6,PLS,0.0334185069474335
0.6,PLS,0.0215003487864656
0.6,PLS,0.0140228917010966
0.6,PLS,0.0135427608526201
0.6,PLS,0.0302188887059401
0.6,PLS,0.011999963628354
0.6,PLS,0.00541601212730417
0.6,PLS,0.0139284968651366
0.6,PLS,0.0433700314979843
0.6,PLS,0.0237661740054537
0.6,PLS,0.00944437592618892
0.6,PLS,0.0254056296283922
0.6,PLS,0.0257509638661578
0.6,PLS,0.0247732015638882
0.6,PLS,0.0534850993856047
0.6,PLS,0.0427785542518991
0.6,PLS,0.0472687024786274
0.6,PLS,0.0375403774272017
0.6,PLS,0.0407095328188712
0.6,PLS,0.0383907417521275
0.6,PLS,0.0286508435458908
0.6,PLS,0.0179567398605345
0.6,PLS,0.0207140511408383
0.6,PLS,0.0325353926257368
0.6,PLS,0.0339412687782275
0.6,PLS,0.0702766529872097
0.6,PLS,0.046738938041682
0.6,PLS,0.0467690586737638
0.6,PLS,0.0191623608141768
0.6,PLS,0.0265417179238417
0.6,PLS,0.0302197839507896
0.6,PLS,0.0137278442921492
0.6,PLS,0.0128151890138236
0.6,PLS,0.0061984483420293
0.6,PLS,0.0264534220321013
0.6,PLS,0.0488333022220912
0.6,PLS,0.0168977763959044
0.6,PLS,0.0297930063064184
0.6,PLS,0.0117858077191609
0.6,PLS,0.0110529419658778
0.6,PLS,0.0602002468932216
0.6,PLS,0.0203424447397715
0.6,PLS,0.0818495327722998
0.6,PLS,0.035497573857845
0.6,PLS,0.0115280463936715
0.6,PLS,0.0331361918190636
0.6,PLS,0.019988560499339
0.6,PLS,0.0436420466390653
0.6,PLS,0.0223560392381347
0.6,PLS,0.0248780743918809
0.6,PLS,0.0692451388469071
0.6,PLS,0.0307206931999983
0.6,PLS,0.013754805372224
0.6,PLS,0.0071197908073413
0.6,PLS,0.0241311466391422
0.6,PLS,0.0299511707276453
0.6,PLS,0.00780398758995972
0.6,PLS,0.0101078083159885
0.6,PLS,0.0354687754410897
0.6,PLS,0.0267020888729844
0.6,PLS,0.0280030806581533
0.6,fTS,0.0197357063333124
0.6,fTS,0.0185137231764457
0.6,fTS,0.0157433814561898
0.6,fTS,0.0100795068188855
0.6,fTS,0.0051287511625524
0.6,fTS,0.0141128467232279
0.6,fTS,0.0111970068037135
0.6,fTS,0.0137824586362761
0.6,fTS,0.0203711107264306
0.6,fTS,0.0118377688554006
0.6,fTS,0.0272725132473168
0.6,fTS,0.0135016549760724
0.6,fTS,0.00943739475207229
0.6,fTS,0.00901018600402201
0.6,fTS,0.0105472075941114
0.6,fTS,0.00246906147832873
0.6,fTS,0.0245485928119878
0.6,fTS,0.0366216929857203
0.6,fTS,0.0247186112640345
0.6,fTS,0.0108684347578823
0.6,fTS,0.0103199137964322
0.6,fTS,0.0121133779170587
0.6,fTS,0.00578067965290088
0.6,fTS,0.00466631200437589
0.6,fTS,0.00834859246080394
0.6,fTS,0.0458507802995108
0.6,fTS,0.00822043589485981
0.6,fTS,0.0119977588684979
0.6,fTS,0.00724276203190571
0.6,fTS,0.00746982868810252
0.6,fTS,0.0388069067858562
0.6,fTS,0.00466624410520599
0.6,fTS,0.0124890426514818
0.6,fTS,0.0216308823014846
0.6,fTS,0.0155544147797869
0.6,fTS,0.0182840560660043
0.6,fTS,0.0199181927623522
0.6,fTS,0.00871882778338016
0.6,fTS,0.0254523510333312
0.6,fTS,0.0145800106319986
0.6,fTS,0.0142885579865569
0.6,fTS,0.0157168553558899
0.6,fTS,0.00507557795576845
0.6,fTS,0.00787955310231878
0.6,fTS,0.00321310426918626
0.6,fTS,0.0137088334905255
0.6,fTS,0.00542847723865739
0.6,fTS,0.0103228134789219
0.6,fTS,0.0324385359811851
0.6,fTS,0.0135394856100831
0.6,fTS,0.00584363702927017
0.6,fTS,0.0180935576230227
0.6,fTS,0.0178433696504889
0.6,fTS,0.0119479650359268
0.6,fTS,0.0144456119038216
0.6,fTS,0.0119520144695814
0.6,fTS,0.0198720160586845
0.6,fTS,0.0102498103529391
0.6,fTS,0.011477163830601
0.6,fTS,0.0131570813381877
0.6,fTS,0.0210042117470999
0.6,fTS,0.029550177047644
0.6,fTS,0.012257798811725
0.6,fTS,0.027564929003203
0.6,fTS,0.00440297599736079
0.6,fTS,0.0192866600331712
0.6,fTS,0.0122725835868883
0.6,fTS,0.00516360777185311
0.6,fTS,0.0188371407174156
0.6,fTS,0.00755953334640632
0.6,fTS,0.0180977841964858
0.6,fTS,0.0138012429709751
0.6,fTS,0.00909407695446293
0.6,fTS,0.00702798161901571
0.6,fTS,0.0121344808164847
0.6,fTS,0.0326001435583558
0.6,fTS,0.0312439046664067
0.6,fTS,0.00871999018542884
0.6,fTS,0.0350182091821327
0.6,fTS,0.00558233455825233
0.6,fTS,0.0202510402548762
0.6,fTS,0.0139240889025657
0.6,fTS,0.0124938568782751
0.6,fTS,0.0194491980081716
0.6,fTS,0.00626731338854059
0.6,fTS,0.0180600943149313
0.6,fTS,0.0140786560912599
0.6,fTS,0.00872482260635418
0.6,fTS,0.0149213239416461
0.6,fTS,0.00672976798503971
0.6,fTS,0.0100597163629514
0.6,fTS,0.0231232109063944
0.6,fTS,0.00599083162960109
0.6,fTS,0.00649896503500427
0.6,fTS,0.00784805523397745
0.6,fTS,0.0190119463585186
0.6,fTS,0.0189978087654696
0.6,fTS,0.00996498902905316
0.6,fTS,0.0104869304797145
0.6,fTS,0.0253844168756727
0.6,fTS,0.0135250639691912
0.6,fTS,0.0152755848397977
0.6,fTS,0.0159886315418313
0.6,fTS,0.00913652959775932
0.6,fTS,0.0216747564940575
0.6,fTS,0.026396112290401
0.6,fTS,0.020303399877076
0.6,fTS,0.0120231171391637
0.6,fTS,0.0173293370687337
0.6,fTS,0.0279889151396111
0.6,fTS,0.0242812603981192
0.6,fTS,0.0108898905966141
0.6,fTS,0.0183488357546953
0.6,fTS,0.0106163600187496
0.6,fTS,0.00833560133323834
0.6,fTS,0.00888073091130563
0.6,fTS,0.0123786975013563
0.6,fTS,0.0141940799105813
0.6,fTS,0.00524776233741147
0.6,fTS,0.00740061455298357
0.6,fTS,0.0147721448954591
0.6,fTS,0.0222491588167183
0.6,fTS,0.0148406565680956
0.6,fTS,0.00235654909825001
0.6,fTS,0.00781157159516619
0.6,fTS,0.00532473652887753
0.6,fTS,0.0084510932398052
0.6,fTS,0.028001899846768
0.6,fTS,0.0142133314503102
0.6,fTS,0.00879104028997628
0.6,fTS,0.00363217864182481
0.6,fTS,0.0137097846514406
0.6,fTS,0.00706578269491956
0.6,fTS,0.0085274848540718
0.6,fTS,0.0178786755460135
0.6,fTS,0.00703411020252472
0.6,fTS,0.0135467369076831
0.6,fTS,0.0119733677973979
0.6,fTS,0.0142275432007637
0.6,fTS,0.0108628297296789
0.6,fTS,0.00500262470107109
0.6,fTS,0.00990402168537368
0.6,fTS,0.0124515118789498
0.6,fTS,0.00782297619236358
0.6,fTS,0.00696870129473459
0.6,fTS,0.00668543973995723
0.6,fTS,0.00752897090612092
0.6,fTS,0.0387544146219761
0.6,fTS,0.00915384746194376
0.6,fTS,0.0132428946725652
0.6,fTS,0.0100052922337488
0.6,fTS,0.014288921315861
0.6,fTS,0.0128325576557211
0.6,fTS,0.0381709628778713
0.6,fTS,0.0271239896312005
0.6,fTS,0.0169982201451137
0.6,fTS,0.0146959422049432
0.6,fTS,0.0128257664226321
0.6,fTS,0.00696978796754206
0.6,fTS,0.00963929259222063
0.6,fTS,0.00956624136606421
0.6,fTS,0.0108928610148595
0.6,fTS,0.0224032923200232
0.6,fTS,0.0127514166126362
0.6,fTS,0.0270719344872116
0.6,fTS,0.00451907485623967
0.6,fTS,0.0212584745460062
0.6,fTS,0.0186808708198238
0.6,fTS,0.0139196547784297
0.6,fTS,0.00909985310524216
0.6,fTS,0.00131850667154375
0.6,fTS,0.00413408657257404
0.6,fTS,0.0119201861774933
0.6,fTS,0.0129953258057738
0.6,fTS,0.0096759982585455
0.6,fTS,0.00652219976875806
0.6,fTS,0.0238711305165197
0.6,fTS,0.00641035041992806
0.6,fTS,0.00690942001404207
0.6,fTS,0.00815271624544122
0.6,fTS,0.0144697174594918
0.6,fTS,0.0359608196295524
0.6,fTS,0.0371549715340587
0.6,fTS,0.00941091186004522
0.6,fTS,0.0087241313006712
0.6,fTS,0.0115238452664639
0.6,fTS,0.0264699326831125
0.6,fTS,0.0097564247384433
0.6,fTS,0.00978020506353343
0.6,fTS,0.00294302793800294
0.6,fTS,0.026390211077787
0.6,fTS,0.010120228368245
0.6,fTS,0.00857200441963566
0.6,fTS,0.0165649147656659
0.6,fTS,0.0265775614690387
0.6,fTS,0.00637697146625207
0.6,fTS,0.00693467662481858
0.6,fTS,0.00814777979672189
0.6,fTS,0.0148963615774238
0.6,fTS,0.00482237693272626
0.6,LS_oracle,0.0430897781148023
0.6,LS_oracle,0.0408653091181831
0.6,LS_oracle,0.0243906540013061
0.6,LS_oracle,0.0195405154324558
0.6,LS_oracle,0.00513029987934802
0.6,LS_oracle,0.0336212129451581
0.6,LS_oracle,0.0242829419076504
0.6,LS_oracle,0.0138185969954352
0.6,LS_oracle,0.0520193314747079
0.6,LS_oracle,0.010588902871819
0.6,LS_oracle,0.0342554642787004
0.6,LS_oracle,0.0277133962192064
0.6,LS_oracle,0.0485307294638372
0.6,LS_oracle,0.0224789552560496
0.6,LS_oracle,0.0105335952275561
0.6,LS_oracle,0.0165539468378394
0.6,LS_oracle,0.0298254443089176
0.6,LS_oracle,0.0416232934719032
0.6,LS_oracle,0.0252473663716021
0.6,LS_oracle,0.0206340143300639
0.6,LS_oracle,0.00953687516011912
0.6,LS_oracle,0.0198966277642625
0.6,LS_oracle,0.0156717781272674
0.6,LS_oracle,0.0144777924860178
0.6,LS_oracle,0.00843117122394405
0.6,LS_oracle,0.0411716524416684
0.6,LS_oracle,0.0207715360667407
0.6,LS_oracle,0.0374890412900029
0.6,LS_oracle,0.0246227024749998
0.6,LS_oracle,0.00184433554285024
0.6,LS_oracle,0.035075666624313
0.6,LS_oracle,0.0214836612225452
0.6,LS_oracle,0.0242151773046235
0.6,LS_oracle,0.0586992149629839
0.6,LS_oracle,0.0249072711544469
0.6,LS_oracle,0.0324031983639967
0.6,LS_oracle,0.0361315995731175
0.6,LS_oracle,0.0150727301974201
0.6,LS_oracle,0.032480271377888
0.6,LS_oracle,0.023716330653092
0.6,LS_oracle,0.00648432274683208
0.6,LS_oracle,0.0256770780587217
0.6,LS_oracle,0.0192600978789141
0.6,LS_oracle,0.0246074613504323
0.6,LS_oracle,0.0146923983900619
0.6,LS_oracle,0.0145592075586854
0.6,LS_oracle,0.0315698842565275
0.6,LS_oracle,0.00649107161057018
0.6,LS_oracle,0.0353446424147341
0.6,LS_oracle,0.0212974776687263
0.6,LS_oracle,0.0207966805122616
0.6,LS_oracle,0.0325224682955567
0.6,LS_oracle,0.0435353210137946
0.6,LS_oracle,0.0180970542185566
0.6,LS_oracle,0.0371999072576934
0.6,LS_oracle,0.0208705940817929
0.6,LS_oracle,0.0300235547567145
0.6,LS_oracle,0.0115806238265241
0.6,LS_oracle,0.00446275333435392
0.6,LS_oracle,0.0323149697133384
0.6,LS_oracle,0.0240583199682297
0.6,LS_oracle,0.058875627049437
0.6,LS_oracle,0.0184647344454081
0.6,LS_oracle,0.0936010177746935
0.6,LS_oracle,0.0236760427097761
0.6,LS_oracle,0.0122838091874232
0.6,LS_oracle,0.0230713751515427
0.6,LS_oracle,0.0106509438499423
0.6,LS_oracle,0.0306084264468423
0.6,LS_oracle,0.0248747685689066
0.6,LS_oracle,0.0333589121167561
0.6,LS_oracle,0.0180382644691255
0.6,LS_oracle,0.0351169077812023
0.6,LS_oracle,0.0213703118081482
0.6,LS_oracle,0.0226330396550867
0.6,LS_oracle,0.0512010974299125
0.6,LS_oracle,0.0291107929150074
0.6,LS_oracle,0.0120688771367027
0.6,LS_oracle,0.0438736700856881
0.6,LS_oracle,0.0147162136710362
0.6,LS_oracle,0.0429130102723051
0.6,LS_oracle,0.0172291641730248
0.6,LS_oracle,0.0135103148924887
0.6,LS_oracle,0.0170937514049855
0.6,LS_oracle,0.0108571961556507
0.6,LS_oracle,0.0189779181214928
0.6,LS_oracle,0.0376448267540443
0.6,LS_oracle,0.028567287102144
0.6,LS_oracle,0.0222804766617427
0.6,LS_oracle,0.01024787574927
0.6,LS_oracle,0.0243207786770647
0.6,LS_oracle,0.0448193621242415
0.6,LS_oracle,0.0325764846845615
0.6,LS_oracle,0.0151966112837694
0.6,LS_oracle,0.00803204341878395
0.6,LS_oracle,0.0342419372276403
0.6,LS_oracle,0.00886885486166789
0.6,LS_oracle,0.0227792554467265
0.6,LS_oracle,0.0233600658806145
0.6,LS_oracle,0.0268196906016272
0.6,LS_oracle,0.0143462742097474
0.6,LS_oracle,0.0247873207391222
0.6,LS_oracle,0.0104683848392745
0.6,LS_oracle,0.0225365382870709
0.6,LS_oracle,0.00822641877680697
0.6,LS_oracle,0.0368061720301249
0.6,LS_oracle,0.0169351563006766
0.6,LS_oracle,0.0213037667206346
0.6,LS_oracle,0.032917432774783
0.6,LS_oracle,0.0385154923701709
0.6,LS_oracle,0.0318590057474053
0.6,LS_oracle,0.0155031274044249
0.6,LS_oracle,0.0172562413314296
0.6,LS_oracle,0.0332997409042566
0.6,LS_oracle,0.0506375929793838
0.6,LS_oracle,0.0163969555649576
0.6,LS_oracle,0.00990373979887439
0.6,LS_oracle,0.030996165099652
0.6,LS_oracle,0.013927079403692
0.6,LS_oracle,0.00873071230711672
0.6,LS_oracle,0.0151620075980961
0.6,LS_oracle,0.0481956833033852
0.6,LS_oracle,0.0451589626182543
0.6,LS_oracle,0.0226446133144215
0.6,LS_oracle,0.0212223219544301
0.6,LS_oracle,0.0185550853749735
0.6,LS_oracle,0.0296746236528135
0.6,LS_oracle,0.0335355365606172
0.6,LS_oracle,0.0295332519752013
0.6,LS_oracle,0.0188415425672603
0.6,LS_oracle,0.0242072048250296
0.6,LS_oracle,0.0142137869044425
0.6,LS_oracle,0.00843203875231635
0.6,LS_oracle,0.0125416916855778
0.6,LS_oracle,0.0180944245948514
0.6,LS_oracle,0.0137545602122245
0.6,LS_oracle,0.0191866293513204
0.6,LS_oracle,0.018176396020814
0.6,LS_oracle,0.00698939067708804
0.6,LS_oracle,0.0313593518515737
0.6,LS_oracle,0.0214616493039872
0.6,LS_oracle,0.0145004893788799
0.6,LS_oracle,0.0127225544115471
0.6,LS_oracle,0.0324279791228645
0.6,LS_oracle,0.0128154412958373
0.6,LS_oracle,0.00811073178752776
0.6,LS_oracle,0.0106043092877102
0.6,LS_oracle,0.0603107876765292
0.6,LS_oracle,0.015486870531837
0.6,LS_oracle,0.0100717010336019
0.6,LS_oracle,0.0279151952762815
0.6,LS_oracle,0.0223152895508469
0.6,LS_oracle,0.0242879383745477
0.6,LS_oracle,0.0327911720190213
0.6,LS_oracle,0.0346008169437219
0.6,LS_oracle,0.0407412355476745
0.6,LS_oracle,0.024593227845478
0.6,LS_oracle,0.0514365785837043
0.6,LS_oracle,0.0356773324486725
0.6,LS_oracle,0.0230201354525005
0.6,LS_oracle,0.015214213405969
0.6,LS_oracle,0.0252773409534493
0.6,LS_oracle,0.036224414080601
0.6,LS_oracle,0.0252341415055713
0.6,LS_oracle,0.0310554833566996
0.6,LS_oracle,0.0427995405274384
0.6,LS_oracle,0.0289209645414468
0.6,LS_oracle,0.0202857614673277
0.6,LS_oracle,0.0218577582194891
0.6,LS_oracle,0.0271475199689185
0.6,LS_oracle,0.0173804896529994
0.6,LS_oracle,0.00422489924873123
0.6,LS_oracle,0.00798781029179342
0.6,LS_oracle,0.038022544359272
0.6,LS_oracle,0.0115934150924293
0.6,LS_oracle,0.0224442854570159
0.6,LS_oracle,0.0294798508723467
0.6,LS_oracle,0.0109063388964396
0.6,LS_oracle,0.00937337710254342
0.6,LS_oracle,0.0650894205867024
0.6,LS_oracle,0.0171675241511058
0.6,LS_oracle,0.0764348908002031
0.6,LS_oracle,0.0354532905455667
0.6,LS_oracle,0.0114155383976712
0.6,LS_oracle,0.0377133048185472
0.6,LS_oracle,0.0114852671214814
0.6,LS_oracle,0.0513882370350009
0.6,LS_oracle,0.0191616099334297
0.6,LS_oracle,0.0266000268200514
0.6,LS_oracle,0.049426167601262
0.6,LS_oracle,0.00558702955458223
0.6,LS_oracle,0.0140921759778444
0.6,LS_oracle,0.0089091730993827
0.6,LS_oracle,0.0237295766700238
0.6,LS_oracle,0.0217420562680758
0.6,LS_oracle,0.0136106483323727
0.6,LS_oracle,0.0117454750328638
0.6,LS_oracle,0.0377413702975357
0.6,LS_oracle,0.0235973640521068
0.6,LS_oracle,0.0262849797700979
0.6,TS_oracle,0.0192968767889547
0.6,TS_oracle,0.0182859351737626
0.6,TS_oracle,0.0124210691550757
0.6,TS_oracle,0.0077943992368492
0.6,TS_oracle,0.00184431581636522
0.6,TS_oracle,0.0137261587418242
0.6,TS_oracle,0.00796734735908061
0.6,TS_oracle,0.0129181506467321
0.6,TS_oracle,0.0204743167193921
0.6,TS_oracle,0.00871558271548042
0.6,TS_oracle,0.0280374744202136
0.6,TS_oracle,0.013551442290782
0.6,TS_oracle,0.00951900188336767
0.6,TS_oracle,0.00825459122567631
0.6,TS_oracle,0.00896136472505315
0.6,TS_oracle,0.00250970893915147
0.6,TS_oracle,0.0179059258107323
0.6,TS_oracle,0.0350706522482984
0.6,TS_oracle,0.0107776700625815
0.6,TS_oracle,0.00624704919290577
0.6,TS_oracle,0.0105323203262267
0.6,TS_oracle,0.010514374718003
0.6,TS_oracle,0.00576719083354007
0.6,TS_oracle,0.00124049531845816
0.6,TS_oracle,0.00417451809334884
0.6,TS_oracle,0.0146586737959414
0.6,TS_oracle,0.00799886466193299
0.6,TS_oracle,0.0115542947704002
0.6,TS_oracle,0.00504127597464493
0.6,TS_oracle,0.00735155229193719
0.6,TS_oracle,0.0288385060211077
0.6,TS_oracle,0.00448338816698716
0.6,TS_oracle,0.0121006931626008
0.6,TS_oracle,0.0219483200297999
0.6,TS_oracle,0.0121401544121238
0.6,TS_oracle,0.0153991162905714
0.6,TS_oracle,0.00766801103907584
0.6,TS_oracle,0.00871905803101587
0.6,TS_oracle,0.0185285543112265
0.6,TS_oracle,0.014367279426565
0.6,TS_oracle,0.0137845051031036
0.6,TS_oracle,0.0153649261053876
0.6,TS_oracle,0.0056791781327328
0.6,TS_oracle,0.00723965718453624
0.6,TS_oracle,0.00318511171791417
0.6,TS_oracle,0.0116049102047462
0.6,TS_oracle,0.00398425192407841
0.6,TS_oracle,0.00861654384582201
0.6,TS_oracle,0.029737130329669
0.6,TS_oracle,0.0136243067765727
0.6,TS_oracle,0.00668306231291685
0.6,TS_oracle,0.0137909606992533
0.6,TS_oracle,0.0154689886480434
0.6,TS_oracle,0.0114653416129792
0.6,TS_oracle,0.0129988650636839
0.6,TS_oracle,0.0121162648107275
0.6,TS_oracle,0.00598269788755404
0.6,TS_oracle,0.00263351243416308
0.6,TS_oracle,0.00377156137405644
0.6,TS_oracle,0.0132550753651816
0.6,TS_oracle,0.0113723421616855
0.6,TS_oracle,0.0271277751707095
0.6,TS_oracle,0.0116645026017691
0.6,TS_oracle,0.0271774658841596
0.6,TS_oracle,0.00446206463386197
0.6,TS_oracle,0.00690752355844121
0.6,TS_oracle,0.0123962645004697
0.6,TS_oracle,0.00415863167027147
0.6,TS_oracle,0.0176269274080296
0.6,TS_oracle,0.00772013420870437
0.6,TS_oracle,0.0184968660797716
0.6,TS_oracle,0.0136360682126843
0.6,TS_oracle,0.00704934082835738
0.6,TS_oracle,0.00662232443868368
0.6,TS_oracle,0.00694316832381955
0.6,TS_oracle,0.0307698609570937
0.6,TS_oracle,0.0291046843396199
0.6,TS_oracle,0.00843375467763364
0.6,TS_oracle,0.0333914980657525
0.6,TS_oracle,0.00557555058577592
0.6,TS_oracle,0.0201231747367458
0.6,TS_oracle,0.0101865973027193
0.6,TS_oracle,0.0124568041757081
0.6,TS_oracle,0.00790531856983776
0.6,TS_oracle,0.00648678533391103
0.6,TS_oracle,0.0164305960755918
0.6,TS_oracle,0.00860984931777703
0.6,TS_oracle,0.00666914431465517
0.6,TS_oracle,0.0152384950249925
0.6,TS_oracle,0.00569488858077748
0.6,TS_oracle,0.00829191115898295
0.6,TS_oracle,0.0231166399018649
0.6,TS_oracle,0.00503065305677044
0.6,TS_oracle,0.00617507879638774
0.6,TS_oracle,0.00799660711839675
0.6,TS_oracle,0.0119844060319968
0.6,TS_oracle,0.0154012992656581
0.6,TS_oracle,0.0100096328993506
0.6,TS_oracle,0.0104727662258645
0.6,TS_oracle,0.0125677258559001
0.6,TS_oracle,0.0104687116252263
0.6,TS_oracle,0.0155489197000742
0.6,TS_oracle,0.0144959629931924
0.6,TS_oracle,0.00911545236172755
0.6,TS_oracle,0.0197997133418721
0.6,TS_oracle,0.0240117946088437
0.6,TS_oracle,0.0170086355058687
0.6,TS_oracle,0.0120687273335833
0.6,TS_oracle,0.0172998240612271
0.6,TS_oracle,0.0279890022719461
0.6,TS_oracle,0.0216233820301822
0.6,TS_oracle,0.00795244114766178
0.6,TS_oracle,0.0183817320617871
0.6,TS_oracle,0.0105915833055414
0.6,TS_oracle,0.00799369387178955
0.6,TS_oracle,0.00414460714387853
0.6,TS_oracle,0.0118987045919599
0.6,TS_oracle,0.0128116621129993
0.6,TS_oracle,0.0035172199864284
0.6,TS_oracle,0.00641915078000199
0.6,TS_oracle,0.0138050876594575
0.6,TS_oracle,0.0201220543978486
0.6,TS_oracle,0.0128085959099572
0.6,TS_oracle,0.00236216836047187
0.6,TS_oracle,0.00657633058847373
0.6,TS_oracle,0.00515612239692497
0.6,TS_oracle,0.00873133011850805
0.6,TS_oracle,0.0262498079796356
0.6,TS_oracle,0.0123856536211641
0.6,TS_oracle,0.00693884165323449
0.6,TS_oracle,0.00362185201310243
0.6,TS_oracle,0.00957289447933123
0.6,TS_oracle,0.00404220133658996
0.6,TS_oracle,0.00520064142216811
0.6,TS_oracle,0.0160231639192948
0.6,TS_oracle,0.00581265754257805
0.6,TS_oracle,0.012045227587388
0.6,TS_oracle,0.00964341623814787
0.6,TS_oracle,0.0119047977237205
0.6,TS_oracle,0.0108766891486785
0.6,TS_oracle,0.00461979256602582
0.6,TS_oracle,0.0100589084637488
0.6,TS_oracle,0.0127162737622692
0.6,TS_oracle,0.0079818392840322
0.6,TS_oracle,0.00702076345402916
0.6,TS_oracle,0.00692544011608976
0.6,TS_oracle,0.00723416567060597
0.6,TS_oracle,0.017738029760723
0.6,TS_oracle,0.00612712336589866
0.6,TS_oracle,0.0133470429233883
0.6,TS_oracle,0.00964957978962002
0.6,TS_oracle,0.0142741960760735
0.6,TS_oracle,0.0137125877387613
0.6,TS_oracle,0.0147805601566579
0.6,TS_oracle,0.0235445084965119
0.6,TS_oracle,0.0169075934091588
0.6,TS_oracle,0.0104895051292875
0.6,TS_oracle,0.0138086632461898
0.6,TS_oracle,0.006997937648024
0.6,TS_oracle,0.00845752629949633
0.6,TS_oracle,0.00633929283328531
0.6,TS_oracle,0.0112525343481167
0.6,TS_oracle,0.0225750119918614
0.6,TS_oracle,0.00702887217303374
0.6,TS_oracle,0.0252177386317301
0.6,TS_oracle,0.00440912967559194
0.6,TS_oracle,0.0183189479668482
0.6,TS_oracle,0.0181128962968561
0.6,TS_oracle,0.0110244286306239
0.6,TS_oracle,0.00921488975540483
0.6,TS_oracle,0.00127642143605864
0.6,TS_oracle,0.00272123735670464
0.6,TS_oracle,0.00849860996774424
0.6,TS_oracle,0.0133893573906116
0.6,TS_oracle,0.00680874741035815
0.6,TS_oracle,0.00715907708507374
0.6,TS_oracle,0.0222717348872087
0.6,TS_oracle,0.00527263359020626
0.6,TS_oracle,0.0066473033034569
0.6,TS_oracle,0.00816475142315045
0.6,TS_oracle,0.0142411876575584
0.6,TS_oracle,0.033896812567753
0.6,TS_oracle,0.0371547602996058
0.6,TS_oracle,0.00733279474988695
0.6,TS_oracle,0.00849790389965194
0.6,TS_oracle,0.0112847327883042
0.6,TS_oracle,0.0278882586158755
0.6,TS_oracle,0.00831742415191389
0.6,TS_oracle,0.00840051175409277
0.6,TS_oracle,0.0028852965313471
0.6,TS_oracle,0.0124576041353629
0.6,TS_oracle,0.00933552382499941
0.6,TS_oracle,0.00853532559007344
0.6,TS_oracle,0.0164149605236141
0.6,TS_oracle,0.0226393168583024
0.6,TS_oracle,0.00349115712469112
0.6,TS_oracle,0.00710953698732044
0.6,TS_oracle,0.00592668992956048
0.6,TS_oracle,0.0114739436397877
0.6,TS_oracle,0.00498030235061838
0.7,PLS,0.0492223556667759
0.7,PLS,0.0111668125361188
0.7,PLS,0.0134005086637373
0.7,PLS,0.0343645103650412
0.7,PLS,0.0216799401399126
0.7,PLS,0.0436346034740243
0.7,PLS,0.0195783013754991
0.7,PLS,0.0142886560314749
0.7,PLS,0.107170769668742
0.7,PLS,0.00593674074130995
0.7,PLS,0.0192462897220611
0.7,PLS,0.0304669547823409
0.7,PLS,0.00987205488693931
0.7,PLS,0.0209689455497132
0.7,PLS,0.0254211747768801
0.7,PLS,0.010397947019112
0.7,PLS,0.0107337854897097
0.7,PLS,0.00881452145390823
0.7,PLS,0.0319458173426186
0.7,PLS,0.0152603774877319
0.7,PLS,0.0105787296524457
0.7,PLS,0.0131957005618538
0.7,PLS,0.0147411701871556
0.7,PLS,0.0171774627969019
0.7,PLS,0.0391094362245033
0.7,PLS,0.00516844159866734
0.7,PLS,0.0149752588050626
0.7,PLS,0.00686782637711126
0.7,PLS,0.0618608701868868
0.7,PLS,0.0404909015071375
0.7,PLS,0.00309267612314208
0.7,PLS,0.0328419166836932
0.7,PLS,0.0124075036787734
0.7,PLS,0.0216173797314271
0.7,PLS,0.0173915025112534
0.7,PLS,0.0212162534899277
0.7,PLS,0.0244203159724955
0.7,PLS,0.0257846664421752
0.7,PLS,0.062201449406031
0.7,PLS,0.0110656568014291
0.7,PLS,0.0189782059842254
0.7,PLS,0.0228025947181419
0.7,PLS,0.0571389202448381
0.7,PLS,0.0178005989681005
0.7,PLS,0.0131054735769465
0.7,PLS,0.0162004055888376
0.7,PLS,0.0395201064084263
0.7,PLS,0.00138361635458707
0.7,PLS,0.0162108548714502
0.7,PLS,0.0126252221926696
0.7,PLS,0.00502146477470236
0.7,PLS,0.0333524805472941
0.7,PLS,0.0440065063697134
0.7,PLS,0.0567660399042281
0.7,PLS,0.0282101675921626
0.7,PLS,0.0936904989523355
0.7,PLS,0.0125668622585605
0.7,PLS,0.0321992257287607
0.7,PLS,0.0143600488435344
0.7,PLS,0.0427095102542471
0.7,PLS,0.0127459628226495
0.7,PLS,0.00900777694615816
0.7,PLS,0.0167314654791714
0.7,PLS,0.0494414085050464
0.7,PLS,0.0326585203483382
0.7,PLS,0.0310740964345174
0.7,PLS,0.0269671896053815
0.7,PLS,0.0155139735770647
0.7,PLS,0.00408751983392013
0.7,PLS,0.0189195820169238
0.7,PLS,0.0197342465543439
0.7,PLS,0.017659270622485
0.7,PLS,0.0116906961899995
0.7,PLS,0.0425139957916386
0.7,PLS,0.0162393487811568
0.7,PLS,0.0125917385936093
0.7,PLS,0.0265594173050399
0.7,PLS,0.0211626104056396
0.7,PLS,0.0314283492730495
0.7,PLS,0.0177479787493558
0.7,PLS,0.0626574549987608
0.7,PLS,0.0325519920963559
0.7,PLS,0.0278118300726368
0.7,PLS,0.0213045788860971
0.7,PLS,0.00971488885213029
0.7,PLS,0.0386395571395469
0.7,PLS,0.064344514994546
0.7,PLS,0.0418772135519727
0.7,PLS,0.0204824217593146
0.7,PLS,0.0284403244235854
0.7,PLS,0.0124205744275074
0.7,PLS,0.0165599598447123
0.7,PLS,0.0311846615344724
0.7,PLS,0.0383475707965964
0.7,PLS,0.0109243228272367
0.7,PLS,0.0194760915886296
0.7,PLS,0.0194373043985032
0.7,PLS,0.0389601675350839
0.7,PLS,0.0174102347013413
0.7,PLS,0.0222002526374218
0.7,PLS,0.042130673453827
0.7,PLS,0.0251686731791998
0.7,PLS,0.0134804492757019
0.7,PLS,0.0160905888531708
0.7,PLS,0.0226782117257196
0.7,PLS,0.0556873846467335
0.7,PLS,0.0148462997764358
0.7,PLS,0.0225124226455088
0.7,PLS,0.0149030413672173
0.7,PLS,0.00931910590897857
0.7,PLS,0.0610728627992663
0.7,PLS,0.00523000093670924
0.7,PLS,0.0186751313323075
0.7,PLS,0.0212116619795729
0.7,PLS,0.0301383217736063
0.7,PLS,0.0302963585669693
0.7,PLS,0.00815041138727605
0.7,PLS,0.0203296395445746
0.7,PLS,0.0368367615926739
0.7,PLS,0.00651918053677498
0.7,PLS,0.0468013943009616
0.7,PLS,0.0265998460575392
0.7,PLS,0.0223502807922058
0.7,PLS,0.0430617990526133
0.7,PLS,0.04063313647651
0.7,PLS,0.0152539352537599
0.7,PLS,0.0342142264926957
0.7,PLS,0.0195756338953077
0.7,PLS,0.068830112396565
0.7,PLS,0.0114912354422658
0.7,PLS,0.0118527171758673
0.7,PLS,0.00822988401763248
0.7,PLS,0.0189314578532126
0.7,PLS,0.0113740882549312
0.7,PLS,0.00771686736694865
0.7,PLS,0.00914601708317369
0.7,PLS,0.0188510239456104
0.7,PLS,0.0207796161397936
0.7,PLS,0.0302327965947576
0.7,PLS,0.00827778138378299
0.7,PLS,0.018818855055223
0.7,PLS,0.0194965613813824
0.7,PLS,0.00927911647853435
0.7,PLS,0.0308024095983101
0.7,PLS,0.024763798936382
0.7,PLS,0.0239158026670413
0.7,PLS,0.00959502266630494
0.7,PLS,0.031108479602695
0.7,PLS,0.0244883264518615
0.7,PLS,0.00596018949888057
0.7,PLS,0.0171674858507322
0.7,PLS,0.0240114930725465
0.7,PLS,0.0309237328814701
0.7,PLS,0.0170786855829999
0.7,PLS,0.0175049368171143
0.7,PLS,0.015566931556711
0.7,PLS,0.00781089576412154
0.7,PLS,0.047566062594038
0.7,PLS,0.0430481297121176
0.7,PLS,0.00804839672366311
0.7,PLS,0.00854345757271216
0.7,PLS,0.0221119279812502
0.7,PLS,0.0257036256580373
0.7,PLS,0.0206128595556308
0.7,PLS,0.0179891264992609
0.7,PLS,0.0335323879402826
0.7,PLS,0.0144107209154397
0.7,PLS,0.049189889039889
0.7,PLS,0.0783192414348304
0.7,PLS,0.0657976692399585
0.7,PLS,0.0106025707947467
0.7,PLS,0.00397206667628785
0.7,PLS,0.0128466892811022
0.7,PLS,0.0150237961697379
0.7,PLS,0.0374308696529484
0.7,PLS,0.021293107405401
0.7,PLS,0.0122808729493354
0.7,PLS,0.0263860449681995
0.7,PLS,0.0241275981671868
0.7,PLS,0.0381988166311715
0.7,PLS,0.00831523127466748
0.7,PLS,0.0317867234238111
0.7,PLS,0.0288301505368014
0.7,PLS,0.0105003156050106
0.7,PLS,0.0212224598766095
0.7,PLS,0.0341102641045795
0.7,PLS,0.0177011016535138
0.7,PLS,0.0252119148943216
0.7,PLS,0.0378920115967059
0.7,PLS,0.0443054350705021
0.7,PLS,0.00450670713559438
0.7,PLS,0.0185897013799677
0.7,PLS,0.0178155147166335
0.7,PLS,0.0381142042813409
0.7,PLS,0.0215265807805975
0.7,PLS,0.0300769350065469
0.7,PLS,0.019041941574686
0.7,PLS,0.0177513104043232
0.7,PLS,0.00978002629254671
0.7,PLS,0.0160313439219388
0.7,fTS,0.00524269539125962
0.7,fTS,0.00973320477665318
0.7,fTS,0.00846976734964878
0.7,fTS,0.0047982033008594
0.7,fTS,0.0091953854414537
0.7,fTS,0.0173915499760562
0.7,fTS,0.0165949628264073
0.7,fTS,0.00728472879200245
0.7,fTS,0.0323254463860297
0.7,fTS,0.0157667166936311
0.7,fTS,0.0089139704767231
0.7,fTS,0.0297595218389333
0.7,fTS,0.00516777708849299
0.7,fTS,0.00513504015303182
0.7,fTS,0.0100844230306443
0.7,fTS,0.00342396544502713
0.7,fTS,0.00411130654059116
0.7,fTS,0.00335584740493471
0.7,fTS,0.0103587716417891
0.7,fTS,0.01587346512603
0.7,fTS,0.00675129082749757
0.7,fTS,0.00708308178527715
0.7,fTS,0.0132386171583834
0.7,fTS,0.0143354047007768
0.7,fTS,0.0212117940423327
0.7,fTS,0.00862460920221605
0.7,fTS,0.00584539180212431
0.7,fTS,0.0128224948356472
0.7,fTS,0.0269881822599833
0.7,fTS,0.0177002211172616
0.7,fTS,0.0026804871144837
0.7,fTS,0.00523628751053648
0.7,fTS,0.00727191134239514
0.7,fTS,0.0164812966203794
0.7,fTS,0.00558130573855052
0.7,fTS,0.00291316315842872
0.7,fTS,0.0248884691197579
0.7,fTS,0.0125983813668444
0.7,fTS,0.0164364246741392
0.7,fTS,0.00466458454489793
0.7,fTS,0.00993373368340316
0.7,fTS,0.0118514180639703
0.7,fTS,0.0177303799186962
0.7,fTS,0.0103811692581201
0.7,fTS,0.018681601009258
0.7,fTS,0.0172314478836266
0.7,fTS,0.0216477312891631
0.7,fTS,0.00453186171538235
0.7,fTS,0.0242726565028372
0.7,fTS,0.00523084709641568
0.7,fTS,0.0005037055181389
0.7,fTS,0.0108062653363676
0.7,fTS,0.00212571612701062
0.7,fTS,0.021990823861788
0.7,fTS,0.00630154956404142
0.7,fTS,0.0172806190988205
0.7,fTS,0.0150527226360503
0.7,fTS,0.0130402719584197
0.7,fTS,0.00352059101272376
0.7,fTS,0.0142347518301754
0.7,fTS,0.0020710874205199
0.7,fTS,0.00709002354253162
0.7,fTS,0.00994757001561113
0.7,fTS,0.00853551772818216
0.7,fTS,0.0152698701218276
0.7,fTS,0.010675717001943
0.7,fTS,0.0169212421323272
0.7,fTS,0.00665240141030147
0.7,fTS,0.00639847048725163
0.7,fTS,0.00595604993609801
0.7,fTS,0.00543136222763901
0.7,fTS,0.0084807917169546
0.7,fTS,0.0106090257404296
0.7,fTS,0.00334116010760816
0.7,fTS,0.0130631956579932
0.7,fTS,0.0088502669862875
0.7,fTS,0.0149807518517084
0.7,fTS,0.0101483721057993
0.7,fTS,0.0232255350537185
0.7,fTS,0.00516217636611464
0.7,fTS,0.0117520825027959
0.7,fTS,0.00373860870644387
0.7,fTS,0.00700028504859029
0.7,fTS,0.00803070640573234
0.7,fTS,0.00921883889368366
0.7,fTS,0.00918105789806047
0.7,fTS,0.00685713570969347
0.7,fTS,0.00989867539182273
0.7,fTS,0.00365514247799054
0.7,fTS,0.00648687154320288
0.7,fTS,0.00683638370507714
0.7,fTS,0.00271423987411044
0.7,fTS,0.0110168568344538
0.7,fTS,0.00824764193241369
0.7,fTS,0.0085748001341055
0.7,fTS,0.00502809917687868
0.7,fTS,0.0124349555736661
0.7,fTS,0.00587488020003512
0.7,fTS,0.0108410586136203
0.7,fTS,0.0103659328315043
0.7,fTS,0.0133730079515823
0.7,fTS,0.00802949874871252
0.7,fTS,0.0211665789994382
0.7,fTS,0.00313018052375756
0.7,fTS,0.00550516508572519
0.7,fTS,0.0216479187902729
0.7,fTS,0.00758006618353733
0.7,fTS,0.0101027802083694
0.7,fTS,0.00906589640558743
0.7,fTS,0.00461046597500554
0.7,fTS,0.0164535866498489
0.7,fTS,0.00537061641510135
0.7,fTS,0.00535591028101406
0.7,fTS,0.00564357216680294
0.7,fTS,0.0102800867672787
0.7,fTS,0.0199715478040806
0.7,fTS,0.0094566548155763
0.7,fTS,0.00465285239979695
0.7,fTS,0.0110834732336283
0.7,fTS,0.00615956150560228
0.7,fTS,0.0265120428742794
0.7,fTS,0.0184401624570925
0.7,fTS,0.00856612222945764
0.7,fTS,0.0145161540601384
0.7,fTS,0.0117117937608993
0.7,fTS,0.00383811553723317
0.7,fTS,0.0203558406479594
0.7,fTS,0.00610574630993038
0.7,fTS,0.00568659391944741
0.7,fTS,0.00574566063199483
0.7,fTS,0.00962991146978686
0.7,fTS,0.00378246168078578
0.7,fTS,0.011544850515287
0.7,fTS,0.00977106781329702
0.7,fTS,0.00574174523915389
0.7,fTS,0.0015477504150989
0.7,fTS,0.0201236927856647
0.7,fTS,0.00394332887966409
0.7,fTS,0.0147767439325364
0.7,fTS,0.00918963058040493
0.7,fTS,0.00440995348405994
0.7,fTS,0.0135598876713321
0.7,fTS,0.00783912133369116
0.7,fTS,0.0122284156255396
0.7,fTS,0.0198627874887043
0.7,fTS,0.0107164178984008
0.7,fTS,0.00390211846104281
0.7,fTS,0.0114158263223961
0.7,fTS,0.0137345626429337
0.7,fTS,0.00496364577831663
0.7,fTS,0.0065244648883017
0.7,fTS,0.0174453138714535
0.7,fTS,0.0165183030520996
0.7,fTS,0.0177558776231371
0.7,fTS,0.0133785245575118
0.7,fTS,0.00314935117907073
0.7,fTS,0.00970201554744942
0.7,fTS,0.00796475425845226
0.7,fTS,0.0131196736535429
0.7,fTS,0.0230713686433436
0.7,fTS,0.00958404472084709
0.7,fTS,0.00691941693538562
0.7,fTS,0.00258313541734525
0.7,fTS,0.00958330084277477
0.7,fTS,0.0247884783481836
0.7,fTS,0.00675349208970782
0.7,fTS,0.0112814612946079
0.7,fTS,0.0324667277274203
0.7,fTS,0.00480798620418479
0.7,fTS,0.0385475587164489
0.7,fTS,0.00265162711895147
0.7,fTS,0.0101844571948042
0.7,fTS,0.0057162312077876
0.7,fTS,0.0122625948368658
0.7,fTS,0.0154673919590963
0.7,fTS,0.00777138421290631
0.7,fTS,0.00428019917043643
0.7,fTS,0.0285420047953862
0.7,fTS,0.0100100945966703
0.7,fTS,0.0232185373240081
0.7,fTS,0.00619643945149968
0.7,fTS,0.0262211533821594
0.7,fTS,0.0161511556282579
0.7,fTS,0.00997304199227383
0.7,fTS,0.00804985313167518
0.7,fTS,0.00722523317457552
0.7,fTS,0.00586894245338705
0.7,fTS,0.00821848627736225
0.7,fTS,0.00872654596113733
0.7,fTS,0.0101847202138436
0.7,fTS,0.00886832155785439
0.7,fTS,0.0130599626324534
0.7,fTS,0.00554156788999191
0.7,fTS,0.0180523020303189
0.7,fTS,0.00376110060924913
0.7,fTS,0.0134209014753018
0.7,fTS,0.00893825586221607
0.7,fTS,0.00765965636705886
0.7,fTS,0.00686304545709616
0.7,fTS,0.00847666993642898
0.7,LS_oracle,0.0460922646604477
0.7,LS_oracle,0.00720426902080086
0.7,LS_oracle,0.00922906849039145
0.7,LS_oracle,0.0403366330032243
0.7,LS_oracle,0.00921098566288795
0.7,LS_oracle,0.0415288206308273
0.7,LS_oracle,0.0233123361528972
0.7,LS_oracle,0.0145472705629691
0.7,LS_oracle,0.0892527703555249
0.7,LS_oracle,0.00630149600552233
0.7,LS_oracle,0.0185512781376474
0.7,LS_oracle,0.0281761296459547
0.7,LS_oracle,0.010086966536283
0.7,LS_oracle,0.00689033790605275
0.7,LS_oracle,0.0254113909323682
0.7,LS_oracle,0.0232816785638146
0.7,LS_oracle,0.0110187415907709
0.7,LS_oracle,0.00555647906009421
0.7,LS_oracle,0.0242149514029255
0.7,LS_oracle,0.0146959730693778
0.7,LS_oracle,0.0125642948445966
0.7,LS_oracle,0.0138896546128455
0.7,LS_oracle,0.00804566351468402
0.7,LS_oracle,0.0113895899042695
0.7,LS_oracle,0.0398321916512063
0.7,LS_oracle,0.00523121341150106
0.7,LS_oracle,0.014507303824602
0.7,LS_oracle,0.0051655178039601
0.7,LS_oracle,0.0549796276390801
0.7,LS_oracle,0.0344860883803752
0.7,LS_oracle,0.00331068612780744
0.7,LS_oracle,0.0231965395170296
0.7,LS_oracle,0.0123504362021116
0.7,LS_oracle,0.0204835065600238
0.7,LS_oracle,0.0159484086814533
0.7,LS_oracle,0.0206687278630456
0.7,LS_oracle,0.0294243836833653
0.7,LS_oracle,0.0268428391650764
0.7,LS_oracle,0.0536346734892542
0.7,LS_oracle,0.0121026617566889
0.7,LS_oracle,0.0178628416929798
0.7,LS_oracle,0.022758390949865
0.7,LS_oracle,0.0518941140401904
0.7,LS_oracle,0.0247059793327562
0.7,LS_oracle,0.00896646809001253
0.7,LS_oracle,0.0161706668262966
0.7,LS_oracle,0.0385712773631596
0.7,LS_oracle,0.00244476755115972
0.7,LS_oracle,0.0162012928289722
0.7,LS_oracle,0.0127679416738381
0.7,LS_oracle,0.00512291696863374
0.7,LS_oracle,0.0280463913721182
0.7,LS_oracle,0.0406624654945527
0.7,LS_oracle,0.0554458199945696
0.7,LS_oracle,0.0325427664362865
0.7,LS_oracle,0.0391679410410291
0.7,LS_oracle,0.011906660943796
0.7,LS_oracle,0.0267967156372606
0.7,LS_oracle,0.00772080923562728
0.7,LS_oracle,0.0404791395608218
0.7,LS_oracle,0.0139547165780521
0.7,LS_oracle,0.0122259322944185
0.7,LS_oracle,0.0167278469575309
0.7,LS_oracle,0.0407003657181542
0.7,LS_oracle,0.0335115143034464
0.7,LS_oracle,0.0296516486574062
0.7,LS_oracle,0.0279235985016032
0.7,LS_oracle,0.0124437041417473
0.7,LS_oracle,0.00410001095436033
0.7,LS_oracle,0.0187474354200216
0.7,LS_oracle,0.0195208320575278
0.7,LS_oracle,0.0182888495166534
0.7,LS_oracle,0.0192490443013701
0.7,LS_oracle,0.0409321400378391
0.7,LS_oracle,0.0161204252712468
0.7,LS_oracle,0.0134936683619459
0.7,LS_oracle,0.0240184818543051
0.7,LS_oracle,0.0197564020173122
0.7,LS_oracle,0.0281038786348508
0.7,LS_oracle,0.0178121935898879
0.7,LS_oracle,0.0664160224802579
0.7,LS_oracle,0.0314767593199958
0.7,LS_oracle,0.0308344411030644
0.7,LS_oracle,0.0222831615733736
0.7,LS_oracle,0.010283165362627
0.7,LS_oracle,0.0222064484914562
0.7,LS_oracle,0.0590530065798677
0.7,LS_oracle,0.0401288322381284
0.7,LS_oracle,0.019907114557039
0.7,LS_oracle,0.0311555399311206
0.7,LS_oracle,0.0108000065531072
0.7,LS_oracle,0.0175081925207709
0.7,LS_oracle,0.0255334307277114
0.7,LS_oracle,0.00572065266074408
0.7,LS_oracle,0.0113185569287803
0.7,LS_oracle,0.0161780479339234
0.7,LS_oracle,0.0278196554135733
0.7,LS_oracle,0.0378086480633991
0.7,LS_oracle,0.0155178114265703
0.7,LS_oracle,0.0274545650835895
0.7,LS_oracle,0.046904199761896
0.7,LS_oracle,0.0221655518194616
0.7,LS_oracle,0.0214296469024002
0.7,LS_oracle,0.014385042366729
0.7,LS_oracle,0.0301841683828816
0.7,LS_oracle,0.0486407146815965
0.7,LS_oracle,0.0113881144426879
0.7,LS_oracle,0.0202692002714826
0.7,LS_oracle,0.0144195845915874
0.7,LS_oracle,0.00957606405845566
0.7,LS_oracle,0.0459451090483943
0.7,LS_oracle,0.0053141188761113
0.7,LS_oracle,0.0169289947509484
0.7,LS_oracle,0.030726611451495
0.7,LS_oracle,0.0280254962579207
0.7,LS_oracle,0.0271924367040098
0.7,LS_oracle,0.00771318432809658
0.7,LS_oracle,0.0183699401218974
0.7,LS_oracle,0.0329768013071384
0.7,LS_oracle,0.00646793408005969
0.7,LS_oracle,0.0368186026550212
0.7,LS_oracle,0.0435881439634125
0.7,LS_oracle,0.0225923481056991
0.7,LS_oracle,0.0412597090247524
0.7,LS_oracle,0.0398591412922488
0.7,LS_oracle,0.00234985374914208
0.7,LS_oracle,0.0332781889646753
0.7,LS_oracle,0.0209836789671851
0.7,LS_oracle,0.0326786529427143
0.7,LS_oracle,0.0082363253926051
0.7,LS_oracle,0.0109103936189717
0.7,LS_oracle,0.0056136832926782
0.7,LS_oracle,0.0159821026655152
0.7,LS_oracle,0.0120935418862656
0.7,LS_oracle,0.00756401375378539
0.7,LS_oracle,0.00751287178741258
0.7,LS_oracle,0.0107670736020077
0.7,LS_oracle,0.0211902910126588
0.7,LS_oracle,0.023992236512611
0.7,LS_oracle,0.00874348036801519
0.7,LS_oracle,0.0146766194199235
0.7,LS_oracle,0.01744513926727
0.7,LS_oracle,0.012625397100867
0.7,LS_oracle,0.0296678384245298
0.7,LS_oracle,0.0176439019115486
0.7,LS_oracle,0.0218193629836862
0.7,LS_oracle,0.00981718829397012
0.7,LS_oracle,0.0391963156073796
0.7,LS_oracle,0.023209389646266
0.7,LS_oracle,0.00602455519683317
0.7,LS_oracle,0.0188292267365169
0.7,LS_oracle,0.022748615836083
0.7,LS_oracle,0.0286570805349055
0.7,LS_oracle,0.0163557643308556
0.7,LS_oracle,0.0281860050586885
0.7,LS_oracle,0.0221595663898095
0.7,LS_oracle,0.00778893589161644
0.7,LS_oracle,0.0437111220659916
0.7,LS_oracle,0.0446990951597216
0.7,LS_oracle,0.00805205939185552
0.7,LS_oracle,0.00875166162337506
0.7,LS_oracle,0.0179453562829212
0.7,LS_oracle,0.0324837807416101
0.7,LS_oracle,0.0198756071040228
0.7,LS_oracle,0.015200321704009
0.7,LS_oracle,0.034738407235049
0.7,LS_oracle,0.0157515539992632
0.7,LS_oracle,0.0469505503175281
0.7,LS_oracle,0.0678717516970935
0.7,LS_oracle,0.0610827113074776
0.7,LS_oracle,0.010429711923165
0.7,LS_oracle,0.00316269751259458
0.7,LS_oracle,0.0118208932465745
0.7,LS_oracle,0.0152316642730298
0.7,LS_oracle,0.0362927592091507
0.7,LS_oracle,0.0278988490072938
0.7,LS_oracle,0.00905444827775425
0.7,LS_oracle,0.0191543764237128
0.7,LS_oracle,0.0216192305411219
0.7,LS_oracle,0.0389302417456229
0.7,LS_oracle,0.00735270424206642
0.7,LS_oracle,0.0337880715105001
0.7,LS_oracle,0.0270524475578227
0.7,LS_oracle,0.00427908009116275
0.7,LS_oracle,0.0147850066785322
0.7,LS_oracle,0.032405000479388
0.7,LS_oracle,0.0171193323057206
0.7,LS_oracle,0.0257765838086848
0.7,LS_oracle,0.0362429589317152
0.7,LS_oracle,0.0615862880081931
0.7,LS_oracle,0.0045926713129776
0.7,LS_oracle,0.0256528157879152
0.7,LS_oracle,0.0150047929316225
0.7,LS_oracle,0.0435990019156351
0.7,LS_oracle,0.00672427844630004
0.7,LS_oracle,0.0295183333217683
0.7,LS_oracle,0.0129093691553783
0.7,LS_oracle,0.0159061854326372
0.7,LS_oracle,0.00924557978166047
0.7,LS_oracle,0.0159892990097552
0.7,TS_oracle,0.00514707431688337
0.7,TS_oracle,0.00977710038219327
0.7,TS_oracle,0.00740114997730555
0.7,TS_oracle,0.00449973251682515
0.7,TS_oracle,0.00783940748796868
0.7,TS_oracle,0.00732461589587629
0.7,TS_oracle,0.0173055651813078
0.7,TS_oracle,0.00666407862284566
0.7,TS_oracle,0.0330573013536484
0.7,TS_oracle,0.0155227592828446
0.7,TS_oracle,0.00756318557092949
0.7,TS_oracle,0.0288329299285551
0.7,TS_oracle,0.00492330176380355
0.7,TS_oracle,0.00257794353560159
0.7,TS_oracle,0.0100905525585247
0.7,TS_oracle,0.0038683784792563
0.7,TS_oracle,0.00465584918128367
0.7,TS_oracle,0.00317358601154313
0.7,TS_oracle,0.00917333195039795
0.7,TS_oracle,0.0151389295424445
0.7,TS_oracle,0.00616032447047351
0.7,TS_oracle,0.00534651940760023
0.7,TS_oracle,0.0108323412874631
0.7,TS_oracle,0.00655199322654949
0.7,TS_oracle,0.0208733369401835
0.7,TS_oracle,0.00868070279546817
0.7,TS_oracle,0.00485035761800068
0.7,TS_oracle,0.00534665246085084
0.7,TS_oracle,0.00556600357169192
0.7,TS_oracle,0.0174835324269601
0.7,TS_oracle,0.00268136903016796
0.7,TS_oracle,0.00523163924200517
0.7,TS_oracle,0.00644157451426417
0.7,TS_oracle,0.0148394905019683
0.7,TS_oracle,0.00547127495803993
0.7,TS_oracle,0.00289666244910105
0.7,TS_oracle,0.0223231531694053
0.7,TS_oracle,0.0127493037160544
0.7,TS_oracle,0.0145370578529431
0.7,TS_oracle,0.00313680394643739
0.7,TS_oracle,0.0058156540680961
0.7,TS_oracle,0.0104087036631861
0.7,TS_oracle,0.0140427026085229
0.7,TS_oracle,0.0109883660487771
0.7,TS_oracle,0.0146303612463529
0.7,TS_oracle,0.0165794261610521
0.7,TS_oracle,0.0142499818401884
0.7,TS_oracle,0.00476107496314205
0.7,TS_oracle,0.0203716576527984
0.7,TS_oracle,0.00523309096063278
0.7,TS_oracle,0.000247970054461933
0.7,TS_oracle,0.010447657086811
0.7,TS_oracle,0.00209456793359633
0.7,TS_oracle,0.0215126829760183
0.7,TS_oracle,0.00596488867122265
0.7,TS_oracle,0.0114269319395667
0.7,TS_oracle,0.0131950977553008
0.7,TS_oracle,0.0125735667226932
0.7,TS_oracle,0.00272491437574824
0.7,TS_oracle,0.0125703577165233
0.7,TS_oracle,0.00151987184610408
0.7,TS_oracle,0.00740690244968832
0.7,TS_oracle,0.0100190870071061
0.7,TS_oracle,0.00412063424274277
0.7,TS_oracle,0.0154738372024169
0.7,TS_oracle,0.00896380589178574
0.7,TS_oracle,0.0164382855560328
0.7,TS_oracle,0.00650043270997552
0.7,TS_oracle,0.00641698229511221
0.7,TS_oracle,0.00609654225233484
0.7,TS_oracle,0.00445252506073651
0.7,TS_oracle,0.0081886196532927
0.7,TS_oracle,0.00880207998060089
0.7,TS_oracle,0.00273059330110897
0.7,TS_oracle,0.0132986205192439
0.7,TS_oracle,0.0089340323988008
0.7,TS_oracle,0.013492200505042
0.7,TS_oracle,0.010041024601537
0.7,TS_oracle,0.0223331608574918
0.7,TS_oracle,0.00422138660334741
0.7,TS_oracle,0.0119878178839687
0.7,TS_oracle,0.00396535116105481
0.7,TS_oracle,0.0071018869087094
0.7,TS_oracle,0.0061191602647185
0.7,TS_oracle,0.0078970572091815
0.7,TS_oracle,0.00813303306595435
0.7,TS_oracle,0.00616898690278958
0.7,TS_oracle,0.00799601396703712
0.7,TS_oracle,0.00252791784138439
0.7,TS_oracle,0.00659833282129755
0.7,TS_oracle,0.00658076853399085
0.7,TS_oracle,0.0026127332070821
0.7,TS_oracle,0.00620309699848451
0.7,TS_oracle,0.00720596713482397
0.7,TS_oracle,0.00867152023368234
0.7,TS_oracle,0.00457110771877693
0.7,TS_oracle,0.0125880471795042
0.7,TS_oracle,0.00583085257055287
0.7,TS_oracle,0.0106329239739985
0.7,TS_oracle,0.0100081469070593
0.7,TS_oracle,0.0135720874659925
0.7,TS_oracle,0.00481933584203762
0.7,TS_oracle,0.0199636906392156
0.7,TS_oracle,0.00177133556391939
0.7,TS_oracle,0.00541165581014661
0.7,TS_oracle,0.017726904463817
0.7,TS_oracle,0.00760962479882249
0.7,TS_oracle,0.00944681257896577
0.7,TS_oracle,0.00452293203335402
0.7,TS_oracle,0.00398736047569112
0.7,TS_oracle,0.0140355823405205
0.7,TS_oracle,0.00490667551193094
0.7,TS_oracle,0.00549873561046554
0.7,TS_oracle,0.00566764984386421
0.7,TS_oracle,0.0103765207001656
0.7,TS_oracle,0.0193523030316618
0.7,TS_oracle,0.00937123350488304
0.7,TS_oracle,0.00442011100285919
0.7,TS_oracle,0.0101169991949059
0.7,TS_oracle,0.0056760672678275
0.7,TS_oracle,0.0247484870332563
0.7,TS_oracle,0.00327007530070776
0.7,TS_oracle,0.00747289439780153
0.7,TS_oracle,0.0133090441232815
0.7,TS_oracle,0.0119339360130442
0.7,TS_oracle,0.00294634131979004
0.7,TS_oracle,0.0131748645926332
0.7,TS_oracle,0.00629191170826744
0.7,TS_oracle,0.00522515846537069
0.7,TS_oracle,0.00576234070778524
0.7,TS_oracle,0.00946544137516415
0.7,TS_oracle,0.00372155345311686
0.7,TS_oracle,0.0104133537720579
0.7,TS_oracle,0.00942123942135404
0.7,TS_oracle,0.00547226730312511
0.7,TS_oracle,0.00154772724182621
0.7,TS_oracle,0.0178942362863117
0.7,TS_oracle,0.00392719930662625
0.7,TS_oracle,0.0119572742355661
0.7,TS_oracle,0.00938824130083789
0.7,TS_oracle,0.00428212930959963
0.7,TS_oracle,0.00980428462985035
0.7,TS_oracle,0.00809767378770349
0.7,TS_oracle,0.00942196022077521
0.7,TS_oracle,0.0141371626130107
0.7,TS_oracle,0.00995909550325987
0.7,TS_oracle,0.00388504621198371
0.7,TS_oracle,0.0124839288974588
0.7,TS_oracle,0.010912174622343
0.7,TS_oracle,0.0052975391973845
0.7,TS_oracle,0.00647891815840215
0.7,TS_oracle,0.0157292528022501
0.7,TS_oracle,0.0163381977716083
0.7,TS_oracle,0.00637926150617348
0.7,TS_oracle,0.0122394724423373
0.7,TS_oracle,0.00434841329628443
0.7,TS_oracle,0.0071276025847698
0.7,TS_oracle,0.00790408332414648
0.7,TS_oracle,0.0133898551810914
0.7,TS_oracle,0.0229164823166532
0.7,TS_oracle,0.00960483253809646
0.7,TS_oracle,0.00756028695507414
0.7,TS_oracle,0.00267882375743504
0.7,TS_oracle,0.00887819923301095
0.7,TS_oracle,0.0238506657664531
0.7,TS_oracle,0.00586032357713167
0.7,TS_oracle,0.0108964647111364
0.7,TS_oracle,0.0294640854699136
0.7,TS_oracle,0.00487652785692627
0.7,TS_oracle,0.0325414613696585
0.7,TS_oracle,0.00264012340756477
0.7,TS_oracle,0.0098504225093981
0.7,TS_oracle,0.0056917785308947
0.7,TS_oracle,0.0122877253042967
0.7,TS_oracle,0.0123988261139386
0.7,TS_oracle,0.00796523474492664
0.7,TS_oracle,0.00377984659359072
0.7,TS_oracle,0.0267244358352151
0.7,TS_oracle,0.00880586062242727
0.7,TS_oracle,0.0190327497430169
0.7,TS_oracle,0.00626629929472432
0.7,TS_oracle,0.0136734735611345
0.7,TS_oracle,0.0150872994990516
0.7,TS_oracle,0.0089291296428764
0.7,TS_oracle,0.00796900581011352
0.7,TS_oracle,0.00694195034908596
0.7,TS_oracle,0.00592439627553197
0.7,TS_oracle,0.00667723955929445
0.7,TS_oracle,0.00760030451911455
0.7,TS_oracle,0.0110098085587764
0.7,TS_oracle,0.00883576575849658
0.7,TS_oracle,0.013124658344524
0.7,TS_oracle,0.00549497497350481
0.7,TS_oracle,0.018393674801693
0.7,TS_oracle,0.0038006995489318
0.7,TS_oracle,0.0098941585461954
0.7,TS_oracle,0.00746604634488205
0.7,TS_oracle,0.00755572583942615
0.7,TS_oracle,0.00518037389699596
0.7,TS_oracle,0.00847692534692914
0.8,PLS,0.030060139987921
0.8,PLS,0.00506962908301319
0.8,PLS,0.00670879525441498
0.8,PLS,0.0359075802954382
0.8,PLS,0.0232384612028689
0.8,PLS,0.0146033112493781
0.8,PLS,0.00888226290659523
0.8,PLS,0.0848230381082209
0.8,PLS,0.0130913907114677
0.8,PLS,0.0181918172812714
0.8,PLS,0.0593442138638518
0.8,PLS,0.0146392235564643
0.8,PLS,0.0153114424233175
0.8,PLS,0.00372344667423551
0.8,PLS,0.150180273400576
0.8,PLS,0.0125462105405486
0.8,PLS,0.0175045986430496
0.8,PLS,0.0140875587764467
0.8,PLS,0.0407331529761622
0.8,PLS,0.00783792113964081
0.8,PLS,0.0106977268530094
0.8,PLS,0.0133329752383017
0.8,PLS,0.0418442024726237
0.8,PLS,0.00903353136424814
0.8,PLS,0.0112070950183415
0.8,PLS,0.0267155654330157
0.8,PLS,0.0125808760904991
0.8,PLS,0.0461081972374543
0.8,PLS,0.0374293965516934
0.8,PLS,0.0450416715961302
0.8,PLS,0.0275415570674954
0.8,PLS,0.00722715101972145
0.8,PLS,0.022485690604246
0.8,PLS,0.0184170474431757
0.8,PLS,0.0323591233632365
0.8,PLS,0.0229749788776155
0.8,PLS,0.00733855946138898
0.8,PLS,0.0160964933910428
0.8,PLS,0.00277429143635155
0.8,PLS,0.0258714010147123
0.8,PLS,0.00316952961278922
0.8,PLS,0.0118459422218527
0.8,PLS,0.0118358988354887
0.8,PLS,0.0561493282456837
0.8,PLS,0.0129387282000694
0.8,PLS,0.0372934071842198
0.8,PLS,0.0104565668635263
0.8,PLS,0.0233835375528539
0.8,PLS,0.0291899055264958
0.8,PLS,0.0130727306577831
0.8,PLS,0.0741649400618214
0.8,PLS,0.0266826616989155
0.8,PLS,0.0213213184686488
0.8,PLS,0.0162314118314259
0.8,PLS,0.0338788957190149
0.8,PLS,0.0363613304636636
0.8,PLS,0.0234685137938227
0.8,PLS,0.0198390422385704
0.8,PLS,0.00896230264359139
0.8,PLS,0.0412314237867683
0.8,PLS,0.0101805273659332
0.8,PLS,0.0283376692686301
0.8,PLS,0.0191695693965363
0.8,PLS,0.0587061006530445
0.8,PLS,0.0151237708393539
0.8,PLS,0.0268774365460727
0.8,PLS,0.0219310985339215
0.8,PLS,0.0246852258988806
0.8,PLS,0.0175649861970996
0.8,PLS,0.0230203656779714
0.8,PLS,0.0165862492977446
0.8,PLS,0.0234809460023622
0.8,PLS,0.00725151723884207
0.8,PLS,0.0121446725940316
0.8,PLS,0.0443217246220122
0.8,PLS,0.0671761668285925
0.8,PLS,0.0135600530793091
0.8,PLS,0.0292410316019902
0.8,PLS,0.015918524033915
0.8,PLS,0.250162333774783
0.8,PLS,0.0116369647433068
0.8,PLS,0.00874115711683524
0.8,PLS,0.0266737064614773
0.8,PLS,0.0132172126114534
0.8,PLS,0.0511356970674883
0.8,PLS,0.0402296844372785
0.8,PLS,0.0509416221885978
0.8,PLS,0.0152285058647845
0.8,PLS,0.0858823343805966
0.8,PLS,0.00599100958724027
0.8,PLS,0.0250882702491635
0.8,PLS,0.0184771185754535
0.8,PLS,0.0279809130984469
0.8,PLS,0.00680375642218146
0.8,PLS,0.00596718263354919
0.8,PLS,0.047211271761147
0.8,PLS,0.0118701825893049
0.8,PLS,0.0652444716668472
0.8,PLS,0.00769956594179604
0.8,PLS,0.0128881904359232
0.8,PLS,0.0188104278070652
0.8,PLS,0.0236114600726102
0.8,PLS,0.073748013462232
0.8,PLS,0.0135372119020516
0.8,PLS,0.00485810787421066
0.8,PLS,0.0227895101092505
0.8,PLS,0.014444990977459
0.8,PLS,0.0115361630248592
0.8,PLS,0.022334125200152
0.8,PLS,0.0788740619282301
0.8,PLS,0.0239941815165802
0.8,PLS,0.0290866789098781
0.8,PLS,0.0426630390339131
0.8,PLS,0.0444801692618434
0.8,PLS,0.0266882043588016
0.8,PLS,0.0401612350177959
0.8,PLS,0.0458514029611495
0.8,PLS,0.0207390662280894
0.8,PLS,0.0124294954844745
0.8,PLS,0.0331869674488295
0.8,PLS,0.0215144564888986
0.8,PLS,0.0419457164002147
0.8,PLS,0.0214982514684282
0.8,PLS,0.0135580131476183
0.8,PLS,0.0177784534753774
0.8,PLS,0.0200538120037727
0.8,PLS,0.0293975477197075
0.8,PLS,0.0256754859346482
0.8,PLS,0.0157962755674835
0.8,PLS,0.0161965320120208
0.8,PLS,0.0519264817382048
0.8,PLS,0.0204249760690477
0.8,PLS,0.0200638432699389
0.8,PLS,0.00728361918221461
0.8,PLS,0.0128180463487106
0.8,PLS,0.0142440447821559
0.8,PLS,0.00847098140041106
0.8,PLS,0.0343073837113529
0.8,PLS,0.0114881453891166
0.8,PLS,0.0625043622389199
0.8,PLS,0.0563285277146364
0.8,PLS,0.0260306345177196
0.8,PLS,0.0163890873042077
0.8,PLS,0.00600978205998027
0.8,PLS,0.0261344812787108
0.8,PLS,0.0028622046615734
0.8,PLS,0.00918463973894689
0.8,PLS,0.0159163851610895
0.8,PLS,0.0168658569578264
0.8,PLS,0.0406777401227372
0.8,PLS,0.0152477187948864
0.8,PLS,0.0286834220722819
0.8,PLS,0.040534546643616
0.8,PLS,0.031437354409038
0.8,PLS,0.039704271612181
0.8,PLS,0.0195397259063508
0.8,PLS,0.010887152997005
0.8,PLS,0.0136754365556765
0.8,PLS,0.00937600105953952
0.8,PLS,0.0147358011178782
0.8,PLS,0.0171661669225516
0.8,PLS,0.0268697900421528
0.8,PLS,0.00108055737988775
0.8,PLS,0.0199827772305276
0.8,PLS,0.0322288886159815
0.8,PLS,0.0159403399089681
0.8,PLS,0.0109502896897682
0.8,PLS,0.0216495968153311
0.8,PLS,0.0549436358991945
0.8,PLS,0.0513874337729647
0.8,PLS,0.0813320524997291
0.8,PLS,0.0278873561727988
0.8,PLS,0.0151326882451801
0.8,PLS,0.0221839345947341
0.8,PLS,0.0183261090320617
0.8,PLS,0.0131348800889003
0.8,PLS,0.0235343797815851
0.8,PLS,0.0259215055397928
0.8,PLS,0.0575098868110917
0.8,PLS,0.0165835211760014
0.8,PLS,0.00953369801612806
0.8,PLS,0.00427157302262195
0.8,PLS,0.0329975438618606
0.8,PLS,0.0179852884436184
0.8,PLS,0.047003554148824
0.8,PLS,0.0397764281932819
0.8,PLS,0.0189743550292864
0.8,PLS,0.0694240541636658
0.8,PLS,0.0207299258883999
0.8,PLS,0.00690135183290831
0.8,PLS,0.00929849714671449
0.8,PLS,0.0309259252528912
0.8,PLS,0.0127665477667609
0.8,PLS,0.0138833093159355
0.8,PLS,0.0234517722097659
0.8,PLS,0.00919767418018399
0.8,PLS,0.0076415085384987
0.8,PLS,0.0156361871217939
0.8,PLS,0.0400383006240546
0.8,PLS,0.00781695433690289
0.8,fTS,0.00289617201709877
0.8,fTS,0.0109726913059453
0.8,fTS,0.00445816304199306
0.8,fTS,0.0045259077289381
0.8,fTS,0.00477681713299395
0.8,fTS,0.00967671805362502
0.8,fTS,0.00313877087065877
0.8,fTS,0.00792539033349662
0.8,fTS,0.00826662188073993
0.8,fTS,0.00345437628645652
0.8,fTS,0.0119504533141784
0.8,fTS,0.00724182591698816
0.8,fTS,0.0108221568585294
0.8,fTS,0.00739904988020198
0.8,fTS,0.0142262900354541
0.8,fTS,0.00381648476040954
0.8,fTS,0.00279097498120147
0.8,fTS,0.00122053584403399
0.8,fTS,0.00318568667524783
0.8,fTS,0.012525349518274
0.8,fTS,0.00270450532783211
0.8,fTS,0.00689896148987066
0.8,fTS,0.0185776992956873
0.8,fTS,0.00256930242222411
0.8,fTS,0.00886280069835403
0.8,fTS,0.0121987578390787
0.8,fTS,0.00735556148525453
0.8,fTS,0.00964571648982563
0.8,fTS,0.0112888846117577
0.8,fTS,0.0166042806798
0.8,fTS,0.0105613695265255
0.8,fTS,0.00341644449816744
0.8,fTS,0.0183998033627131
0.8,fTS,0.00335455624798671
0.8,fTS,0.0103389041654512
0.8,fTS,0.00614004611937654
0.8,fTS,0.00360530530149435
0.8,fTS,0.00661758116766308
0.8,fTS,0.00508578443805168
0.8,fTS,0.00506230712396815
0.8,fTS,0.00134069920493217
0.8,fTS,0.00913143651666986
0.8,fTS,0.00617408430907369
0.8,fTS,0.0181342232812003
0.8,fTS,0.0053577652214356
0.8,fTS,0.0172914289540045
0.8,fTS,0.00756213113574742
0.8,fTS,0.00623380145616079
0.8,fTS,0.00660849604669544
0.8,fTS,0.0053182148703151
0.8,fTS,0.0118096553902139
0.8,fTS,0.0106082039146794
0.8,fTS,0.0127763430227385
0.8,fTS,0.00834891583145036
0.8,fTS,0.00726536366379861
0.8,fTS,0.00363893830025021
0.8,fTS,0.0028965499609685
0.8,fTS,0.00808413134784165
0.8,fTS,0.00406953910333333
0.8,fTS,0.0143021549540769
0.8,fTS,0.00525953016596723
0.8,fTS,0.0133859746249813
0.8,fTS,0.00793755428701607
0.8,fTS,0.00757410107895219
0.8,fTS,0.0128315844974802
0.8,fTS,0.00521876413933081
0.8,fTS,0.0144346336449726
0.8,fTS,0.00652901139774131
0.8,fTS,0.00963110380795073
0.8,fTS,0.00553417313043823
0.8,fTS,0.0072577983209852
0.8,fTS,0.00701545565730556
0.8,fTS,0.00357720743867316
0.8,fTS,0.00320434944098232
0.8,fTS,0.0124170825087117
0.8,fTS,0.00307977170686916
0.8,fTS,0.00997353035720036
0.8,fTS,0.00914720123871711
0.8,fTS,0.0156481379777435
0.8,fTS,0.00532708548483311
0.8,fTS,0.00844123520962972
0.8,fTS,0.00384945189464531
0.8,fTS,0.0072486069966865
0.8,fTS,0.0106533734564089
0.8,fTS,0.0131296419691699
0.8,fTS,0.00599698375096921
0.8,fTS,0.00718661720819925
0.8,fTS,0.0134463458903737
0.8,fTS,0.00828235741407902
0.8,fTS,0.00852946389988228
0.8,fTS,0.0229112574457763
0.8,fTS,0.00538984740749874
0.8,fTS,0.00818405109184386
0.8,fTS,0.00492365788022379
0.8,fTS,0.00313539770171432
0.8,fTS,0.0120933185364287
0.8,fTS,0.0177622395822883
0.8,fTS,0.00652429322588245
0.8,fTS,0.00568418706238672
0.8,fTS,0.00202117125234955
0.8,fTS,0.00174226949847911
0.8,fTS,0.00777995499721094
0.8,fTS,0.0155939993730276
0.8,fTS,0.00956381844435207
0.8,fTS,0.00176470332784284
0.8,fTS,0.00125249637593106
0.8,fTS,0.00415057737066644
0.8,fTS,0.00296978874545752
0.8,fTS,0.0091328247708152
0.8,fTS,0.0291049913152734
0.8,fTS,0.0058890331806879
0.8,fTS,0.00260757855248423
0.8,fTS,0.00622645159426234
0.8,fTS,0.00859264250081615
0.8,fTS,0.0191712755471439
0.8,fTS,0.0147526033325482
0.8,fTS,0.004238925468539
0.8,fTS,0.00579840752375221
0.8,fTS,0.00827032229077581
0.8,fTS,0.00738442164840452
0.8,fTS,0.00254324080419363
0.8,fTS,0.0132592335162662
0.8,fTS,0.00776400705423194
0.8,fTS,0.00749580609364516
0.8,fTS,0.00710538190245127
0.8,fTS,0.0048959959962002
0.8,fTS,0.0118042776001515
0.8,fTS,0.00731471597614801
0.8,fTS,0.00400484602116961
0.8,fTS,0.00531081115634987
0.8,fTS,0.00381888054253606
0.8,fTS,0.00975459465361728
0.8,fTS,0.00578569745117719
0.8,fTS,0.0110485387858349
0.8,fTS,0.00471719792507912
0.8,fTS,0.00431391573080878
0.8,fTS,0.0227242367960501
0.8,fTS,0.00886609587046997
0.8,fTS,0.00309121163349351
0.8,fTS,0.00868074464820178
0.8,fTS,0.00943215855221016
0.8,fTS,0.0051978019451731
0.8,fTS,0.000948823578689424
0.8,fTS,0.0202094938722616
0.8,fTS,0.00838143328846807
0.8,fTS,0.0191530575711324
0.8,fTS,0.00534757415592585
0.8,fTS,0.0127198964844644
0.8,fTS,0.00686394895196732
0.8,fTS,0.00421692788484695
0.8,fTS,0.00426803308505642
0.8,fTS,0.00391452066872415
0.8,fTS,0.00524156466373171
0.8,fTS,0.00462473203202266
0.8,fTS,0.00590872787023078
0.8,fTS,0.00940609301564855
0.8,fTS,0.00381228943249486
0.8,fTS,0.00375959564751466
0.8,fTS,0.00342673666744861
0.8,fTS,0.00748564108816757
0.8,fTS,0.00579701908250448
0.8,fTS,0.0130982375163962
0.8,fTS,0.0204043668850771
0.8,fTS,0.0066864719337449
0.8,fTS,0.00468273266031595
0.8,fTS,0.0035957971038919
0.8,fTS,0.00808052293858613
0.8,fTS,0.00379006266093425
0.8,fTS,0.00146659987456168
0.8,fTS,0.00422203614671706
0.8,fTS,0.00337154847535646
0.8,fTS,0.00919717360201388
0.8,fTS,0.00334196738028196
0.8,fTS,0.0038071981610697
0.8,fTS,0.00528483985862421
0.8,fTS,0.00564555013567338
0.8,fTS,0.00607420274312832
0.8,fTS,0.00157143101645329
0.8,fTS,0.00788750700725176
0.8,fTS,0.00604018200162813
0.8,fTS,0.010344386881965
0.8,fTS,0.000488145706614913
0.8,fTS,0.00764330071621417
0.8,fTS,0.00632763905387154
0.8,fTS,0.00284316389522216
0.8,fTS,0.00758669276665006
0.8,fTS,0.00550894725581254
0.8,fTS,0.0045650519344757
0.8,fTS,0.010879284233867
0.8,fTS,0.00754399412793139
0.8,fTS,0.00215097495791923
0.8,fTS,0.0107775788651901
0.8,fTS,0.0139271253706998
0.8,fTS,0.00776831785152781
0.8,fTS,0.00518431886053083
0.8,fTS,0.00201896405884216
0.8,fTS,0.0020639625479209
0.8,fTS,0.003651601733709
0.8,fTS,0.00418058271442559
0.8,fTS,0.00526265470244257
0.8,LS_oracle,0.0283137303378761
0.8,LS_oracle,0.0069917075566194
0.8,LS_oracle,0.00697199702349445
0.8,LS_oracle,0.0284894461911748
0.8,LS_oracle,0.0173147984278826
0.8,LS_oracle,0.0142196479008854
0.8,LS_oracle,0.0092223178768031
0.8,LS_oracle,0.0536065194524933
0.8,LS_oracle,0.0148849781952771
0.8,LS_oracle,0.0146941433220431
0.8,LS_oracle,0.0575442783502642
0.8,LS_oracle,0.0119009947233677
0.8,LS_oracle,0.0103641030736549
0.8,LS_oracle,0.00349459225766021
0.8,LS_oracle,0.13083601206864
0.8,LS_oracle,0.0159094158338118
0.8,LS_oracle,0.0149336878863334
0.8,LS_oracle,0.0133910131877767
0.8,LS_oracle,0.0202463745362527
0.8,LS_oracle,0.00789653143323521
0.8,LS_oracle,0.0112638586317462
0.8,LS_oracle,0.0116896494542654
0.8,LS_oracle,0.0421431017274772
0.8,LS_oracle,0.00769969502717695
0.8,LS_oracle,0.0138618669310072
0.8,LS_oracle,0.0241854024217053
0.8,LS_oracle,0.0124781455287718
0.8,LS_oracle,0.0502693831102317
0.8,LS_oracle,0.0267806116138656
0.8,LS_oracle,0.0437916331078199
0.8,LS_oracle,0.00655725681794616
0.8,LS_oracle,0.00616703087560793
0.8,LS_oracle,0.0224519532001059
0.8,LS_oracle,0.0223777483792686
0.8,LS_oracle,0.0294339044241477
0.8,LS_oracle,0.0198355974461547
0.8,LS_oracle,0.00714862641474437
0.8,LS_oracle,0.0159890142117523
0.8,LS_oracle,0.00272609813463751
0.8,LS_oracle,0.0246354631049
0.8,LS_oracle,0.00379376461733714
0.8,LS_oracle,0.0127100631331216
0.8,LS_oracle,0.00880516344692568
0.8,LS_oracle,0.0541583415331186
0.8,LS_oracle,0.0124398150716437
0.8,LS_oracle,0.0372315393889247
0.8,LS_oracle,0.00728883996117678
0.8,LS_oracle,0.017550420167848
0.8,LS_oracle,0.0324874311573801
0.8,LS_oracle,0.00873194477459021
0.8,LS_oracle,0.0170998327903242
0.8,LS_oracle,0.0203996981170406
0.8,LS_oracle,0.0213692472621488
0.8,LS_oracle,0.0161207192329027
0.8,LS_oracle,0.0180014441656696
0.8,LS_oracle,0.0168067569017615
0.8,LS_oracle,0.0183198853011079
0.8,LS_oracle,0.0208578121670327
0.8,LS_oracle,0.00944166070510337
0.8,LS_oracle,0.0380500673227214
0.8,LS_oracle,0.00833638125495143
0.8,LS_oracle,0.0432824955389541
0.8,LS_oracle,0.0216733394107833
0.8,LS_oracle,0.0549765688346166
0.8,LS_oracle,0.00714871375257077
0.8,LS_oracle,0.0288321044238593
0.8,LS_oracle,0.0193240550207305
0.8,LS_oracle,0.0129873897355401
0.8,LS_oracle,0.0212824589574327
0.8,LS_oracle,0.0234431965680847
0.8,LS_oracle,0.0108750367496017
0.8,LS_oracle,0.0347076132793703
0.8,LS_oracle,0.00877529450367907
0.8,LS_oracle,0.0101611306663547
0.8,LS_oracle,0.0351264322324894
0.8,LS_oracle,0.0756070318921408
0.8,LS_oracle,0.0162124818960795
0.8,LS_oracle,0.0284679710940525
0.8,LS_oracle,0.0190931658440199
0.8,LS_oracle,0.0213472902753688
0.8,LS_oracle,0.0221035411045728
0.8,LS_oracle,0.00981043636479705
0.8,LS_oracle,0.0172916582996824
0.8,LS_oracle,0.0114245522610331
0.8,LS_oracle,0.0478306321616264
0.8,LS_oracle,0.0316756516066517
0.8,LS_oracle,0.0610898092413752
0.8,LS_oracle,0.0151821043441599
0.8,LS_oracle,0.0724661884000901
0.8,LS_oracle,0.00603742074823244
0.8,LS_oracle,0.0208176044054262
0.8,LS_oracle,0.0182390291940977
0.8,LS_oracle,0.0383413912132926
0.8,LS_oracle,0.00796239284863358
0.8,LS_oracle,0.00603066822979777
0.8,LS_oracle,0.0325184565741254
0.8,LS_oracle,0.011564677527922
0.8,LS_oracle,0.0374663253086967
0.8,LS_oracle,0.00781391038775072
0.8,LS_oracle,0.0189892256566306
0.8,LS_oracle,0.0176431085071649
0.8,LS_oracle,0.0262855533496296
0.8,LS_oracle,0.0547845520680153
0.8,LS_oracle,0.0045083532927947
0.8,LS_oracle,0.00435347204366
0.8,LS_oracle,0.022836375603247
0.8,LS_oracle,0.0100510124053469
0.8,LS_oracle,0.00572192430735585
0.8,LS_oracle,0.0224064516505759
0.8,LS_oracle,0.0747828340478134
0.8,LS_oracle,0.0230093987044703
0.8,LS_oracle,0.0272386955051758
0.8,LS_oracle,0.0363019312916424
0.8,LS_oracle,0.0376943817315317
0.8,LS_oracle,0.0272749615018278
0.8,LS_oracle,0.0358863241647836
0.8,LS_oracle,0.0461764619813319
0.8,LS_oracle,0.0184684547046566
0.8,LS_oracle,0.0113474226012371
0.8,LS_oracle,0.0254318890548413
0.8,LS_oracle,0.0233328092273659
0.8,LS_oracle,0.034087700686473
0.8,LS_oracle,0.0201634221826516
0.8,LS_oracle,0.00803023513203537
0.8,LS_oracle,0.0134282093430026
0.8,LS_oracle,0.0156280964539897
0.8,LS_oracle,0.022893365923615
0.8,LS_oracle,0.0256148367127917
0.8,LS_oracle,0.0154797284037303
0.8,LS_oracle,0.0124113861458393
0.8,LS_oracle,0.0480484417492247
0.8,LS_oracle,0.0182117536346435
0.8,LS_oracle,0.0169174132593207
0.8,LS_oracle,0.00699242726812033
0.8,LS_oracle,0.0114553836529755
0.8,LS_oracle,0.0119764658127292
0.8,LS_oracle,0.00667436996232949
0.8,LS_oracle,0.0310246968427489
0.8,LS_oracle,0.0140975292972086
0.8,LS_oracle,0.0649875152075241
0.8,LS_oracle,0.0553296310021901
0.8,LS_oracle,0.0262813513325945
0.8,LS_oracle,0.0127331170014795
0.8,LS_oracle,0.00555954987582226
0.8,LS_oracle,0.0234596068604499
0.8,LS_oracle,0.00754671376835314
0.8,LS_oracle,0.0071930001714236
0.8,LS_oracle,0.0246148688132173
0.8,LS_oracle,0.017540895825087
0.8,LS_oracle,0.0343967113929128
0.8,LS_oracle,0.0170032562281554
0.8,LS_oracle,0.0295034528043067
0.8,LS_oracle,0.0361018709590327
0.8,LS_oracle,0.0255038886652332
0.8,LS_oracle,0.0207917168855984
0.8,LS_oracle,0.0172477858581704
0.8,LS_oracle,0.011969099853761
0.8,LS_oracle,0.0153683360117425
0.8,LS_oracle,0.00879091260463731
0.8,LS_oracle,0.014717660148879
0.8,LS_oracle,0.0132340138364276
0.8,LS_oracle,0.0249386699912352
0.8,LS_oracle,0.00112965233163192
0.8,LS_oracle,0.00930052851408369
0.8,LS_oracle,0.0251306681643143
0.8,LS_oracle,0.0139203810869273
0.8,LS_oracle,0.014426093707693
0.8,LS_oracle,0.0188776173742882
0.8,LS_oracle,0.0546318725824463
0.8,LS_oracle,0.046689184921402
0.8,LS_oracle,0.0669978923756001
0.8,LS_oracle,0.0263744367139983
0.8,LS_oracle,0.010402228225938
0.8,LS_oracle,0.0191137417386335
0.8,LS_oracle,0.0136920665481651
0.8,LS_oracle,0.0157669596494816
0.8,LS_oracle,0.021644482180923
0.8,LS_oracle,0.0168209559678952
0.8,LS_oracle,0.0564139825472241
0.8,LS_oracle,0.0148699245891001
0.8,LS_oracle,0.00815667310976257
0.8,LS_oracle,0.00451201120035107
0.8,LS_oracle,0.0136958767703488
0.8,LS_oracle,0.0113597050037957
0.8,LS_oracle,0.0345700786580713
0.8,LS_oracle,0.0435046996923359
0.8,LS_oracle,0.0183538895227499
0.8,LS_oracle,0.0601468226748015
0.8,LS_oracle,0.0102033089655154
0.8,LS_oracle,0.00573961952522089
0.8,LS_oracle,0.00239219926652144
0.8,LS_oracle,0.0303274872243384
0.8,LS_oracle,0.0140674345442258
0.8,LS_oracle,0.0137123486402675
0.8,LS_oracle,0.0251158880632012
0.8,LS_oracle,0.0107487708266499
0.8,LS_oracle,0.0074405511011181
0.8,LS_oracle,0.00710855944573146
0.8,LS_oracle,0.0437319874364219
0.8,LS_oracle,0.00749264971235423
0.8,TS_oracle,0.00152279844414962
0.8,TS_oracle,0.0100577401344475
0.8,TS_oracle,0.00296446375504274
0.8,TS_oracle,0.00431400787283283
0.8,TS_oracle,0.00456615203646585
0.8,TS_oracle,0.0094652126238193
0.8,TS_oracle,0.0031569034202876
0.8,TS_oracle,0.0067050925647348
0.8,TS_oracle,0.00807202106082149
0.8,TS_oracle,0.00289287959488677
0.8,TS_oracle,0.0104561117650487
0.8,TS_oracle,0.00733289364108142
0.8,TS_oracle,0.00831822245128077
0.8,TS_oracle,0.00748993906644808
0.8,TS_oracle,0.0131172651054817
0.8,TS_oracle,0.00349367862213443
0.8,TS_oracle,0.00278935625962965
0.8,TS_oracle,0.000904139327954746
0.8,TS_oracle,0.00326752899337911
0.8,TS_oracle,0.00844385538106965
0.8,TS_oracle,0.00263339212776753
0.8,TS_oracle,0.00717419336167916
0.8,TS_oracle,0.0185466318063151
0.8,TS_oracle,0.00200570342363978
0.8,TS_oracle,0.00874508085380116
0.8,TS_oracle,0.0123399333912109
0.8,TS_oracle,0.00666556316531164
0.8,TS_oracle,0.00982615989389148
0.8,TS_oracle,0.00919062938424317
0.8,TS_oracle,0.0157918305039518
0.8,TS_oracle,0.0101909424362942
0.8,TS_oracle,0.00342151694917938
0.8,TS_oracle,0.0175293541075507
0.8,TS_oracle,0.00334447748330931
0.8,TS_oracle,0.0102829930446033
0.8,TS_oracle,0.00444781673362729
0.8,TS_oracle,0.00351335159131126
0.8,TS_oracle,0.00661573907329747
0.8,TS_oracle,0.00416161575967008
0.8,TS_oracle,0.00502338913585469
0.8,TS_oracle,0.00136970774612818
0.8,TS_oracle,0.00919334163992182
0.8,TS_oracle,0.00612928724895596
0.8,TS_oracle,0.0175665226400954
0.8,TS_oracle,0.00482203838386254
0.8,TS_oracle,0.0171767881688474
0.8,TS_oracle,0.00604323864229866
0.8,TS_oracle,0.00600294859548978
0.8,TS_oracle,0.0068029561602584
0.8,TS_oracle,0.00389637676350314
0.8,TS_oracle,0.0118531577561403
0.8,TS_oracle,0.00979189565139228
0.8,TS_oracle,0.0102535365659251
0.8,TS_oracle,0.00293082825201819
0.8,TS_oracle,0.00732510660906122
0.8,TS_oracle,0.00304801049291432
0.8,TS_oracle,0.00259719263022205
0.8,TS_oracle,0.00801725585623609
0.8,TS_oracle,0.0030736678800826
0.8,TS_oracle,0.0120469084682157
0.8,TS_oracle,0.00508693501224733
0.8,TS_oracle,0.00932364306401818
0.8,TS_oracle,0.00803713149866881
0.8,TS_oracle,0.00645696468201178
0.8,TS_oracle,0.0101740515481348
0.8,TS_oracle,0.00526350002423504
0.8,TS_oracle,0.00842847870292613
0.8,TS_oracle,0.00647790987470523
0.8,TS_oracle,0.00899286900730941
0.8,TS_oracle,0.00485711712137349
0.8,TS_oracle,0.00146536418495209
0.8,TS_oracle,0.00713039723606775
0.8,TS_oracle,0.00362594039417936
0.8,TS_oracle,0.0032483145050448
0.8,TS_oracle,0.0123272189767557
0.8,TS_oracle,0.00303126862277404
0.8,TS_oracle,0.0101776063250965
0.8,TS_oracle,0.00915562776007571
0.8,TS_oracle,0.0151267849191677
0.8,TS_oracle,0.00500184512085081
0.8,TS_oracle,0.00874030119273956
0.8,TS_oracle,0.00374756205363611
0.8,TS_oracle,0.00672295329735965
0.8,TS_oracle,0.00981226848888351
0.8,TS_oracle,0.0127877223236985
0.8,TS_oracle,0.00549751550857758
0.8,TS_oracle,0.00727629155394102
0.8,TS_oracle,0.0117303765342077
0.8,TS_oracle,0.00805895112368277
0.8,TS_oracle,0.00263920225884185
0.8,TS_oracle,0.0122537760984648
0.8,TS_oracle,0.00582533015106009
0.8,TS_oracle,0.00698312324113309
0.8,TS_oracle,0.00495119959931856
0.8,TS_oracle,0.00305822837453398
0.8,TS_oracle,0.00720018678154028
0.8,TS_oracle,0.0177028993711493
0.8,TS_oracle,0.00603270058912181
0.8,TS_oracle,0.00252060772118957
0.8,TS_oracle,0.00217090581690115
0.8,TS_oracle,0.00141781434941249
0.8,TS_oracle,0.00746890707668447
0.8,TS_oracle,0.0134870580010314
0.8,TS_oracle,0.00894822209166205
0.8,TS_oracle,0.00176332033195197
0.8,TS_oracle,0.00124927883643207
0.8,TS_oracle,0.00347636487985536
0.8,TS_oracle,0.00161568385437271
0.8,TS_oracle,0.00909629594894074
0.8,TS_oracle,0.0287903571621842
0.8,TS_oracle,0.00361509688675632
0.8,TS_oracle,0.00261019615001404
0.8,TS_oracle,0.00522238512868322
0.8,TS_oracle,0.00735418195530205
0.8,TS_oracle,0.0176810590199817
0.8,TS_oracle,0.0140811842254697
0.8,TS_oracle,0.00425834916717385
0.8,TS_oracle,0.00521063682100417
0.8,TS_oracle,0.00711866032650635
0.8,TS_oracle,0.0073410941560138
0.8,TS_oracle,0.00254212139688733
0.8,TS_oracle,0.00955932472162103
0.8,TS_oracle,0.00652078914193138
0.8,TS_oracle,0.00686568294686548
0.8,TS_oracle,0.00571290323369611
0.8,TS_oracle,0.00416249659318598
0.8,TS_oracle,0.00428562885572989
0.8,TS_oracle,0.00690273830650482
0.8,TS_oracle,0.00366621551521245
0.8,TS_oracle,0.00531392131646671
0.8,TS_oracle,0.00219923635118662
0.8,TS_oracle,0.00575681233981446
0.8,TS_oracle,0.00167420008365486
0.8,TS_oracle,0.0108912976509158
0.8,TS_oracle,0.00459390948701714
0.8,TS_oracle,0.00386633008426089
0.8,TS_oracle,0.0224678421936245
0.8,TS_oracle,0.00839098079351521
0.8,TS_oracle,0.0032846072574459
0.8,TS_oracle,0.0089735647825041
0.8,TS_oracle,0.00849703175391554
0.8,TS_oracle,0.00496470779580672
0.8,TS_oracle,0.00104356104687131
0.8,TS_oracle,0.019304697220771
0.8,TS_oracle,0.00836775882065268
0.8,TS_oracle,0.0119475351400332
0.8,TS_oracle,0.0053187445964109
0.8,TS_oracle,0.0122570715137024
0.8,TS_oracle,0.00177979885227009
0.8,TS_oracle,0.00421337843629026
0.8,TS_oracle,0.00395454113694866
0.8,TS_oracle,0.00326879816232383
0.8,TS_oracle,0.00493224969762566
0.8,TS_oracle,0.00366019087852417
0.8,TS_oracle,0.00581154682892604
0.8,TS_oracle,0.00603882667989683
0.8,TS_oracle,0.00391077580168764
0.8,TS_oracle,0.00382729762832211
0.8,TS_oracle,0.00339767347730461
0.8,TS_oracle,0.00748323180172281
0.8,TS_oracle,0.00559974913006338
0.8,TS_oracle,0.0125276814558993
0.8,TS_oracle,0.0176579103529481
0.8,TS_oracle,0.00548165740419004
0.8,TS_oracle,0.00440040300748699
0.8,TS_oracle,0.00352202135873897
0.8,TS_oracle,0.00804403558191725
0.8,TS_oracle,0.00373854332556763
0.8,TS_oracle,0.00146658244376753
0.8,TS_oracle,0.00419201914349255
0.8,TS_oracle,0.00258335613645322
0.8,TS_oracle,0.00868102186797894
0.8,TS_oracle,0.00354170237489972
0.8,TS_oracle,0.00357350710764071
0.8,TS_oracle,0.00300809466795595
0.8,TS_oracle,0.00557429477351377
0.8,TS_oracle,0.00545996834740011
0.8,TS_oracle,0.00107202167428443
0.8,TS_oracle,0.0070349994023591
0.8,TS_oracle,0.00597626414776314
0.8,TS_oracle,0.00767782301432587
0.8,TS_oracle,0.000447238087138613
0.8,TS_oracle,0.00805468229950052
0.8,TS_oracle,0.00517765245500268
0.8,TS_oracle,0.0027061181824256
0.8,TS_oracle,0.00784186994316792
0.8,TS_oracle,0.00337200319474742
0.8,TS_oracle,0.00247613703333118
0.8,TS_oracle,0.0109648529845276
0.8,TS_oracle,0.00725915471989449
0.8,TS_oracle,0.00143756402960732
0.8,TS_oracle,0.0101715125286235
0.8,TS_oracle,0.0115348389036803
0.8,TS_oracle,0.00683332293343812
0.8,TS_oracle,0.00497871896934701
0.8,TS_oracle,0.00188059161547382
0.8,TS_oracle,0.00181081698064005
0.8,TS_oracle,0.0019646341517916
0.8,TS_oracle,0.00314568009300279
0.8,TS_oracle,0.00490647593694448
0.9,PLS,0.00461516659853499
0.9,PLS,0.0320270294566797
0.9,PLS,0.0158274021777945
0.9,PLS,0.0325328949295068
0.9,PLS,0.0580741247575644
0.9,PLS,0.0196794882105904
0.9,PLS,0.0200531336525436
0.9,PLS,0.0326522115748909
0.9,PLS,0.0281823633320377
0.9,PLS,0.0914550758453802
0.9,PLS,0.0161401441761932
0.9,PLS,0.0367158026576418
0.9,PLS,0.0366898653350795
0.9,PLS,0.0124507100050608
0.9,PLS,0.0289637147159833
0.9,PLS,0.0257047511893963
0.9,PLS,0.0126684571967462
0.9,PLS,0.0445535593555023
0.9,PLS,0.0170201423310391
0.9,PLS,0.0452392947052362
0.9,PLS,0.0152109401732663
0.9,PLS,0.0304858588480157
0.9,PLS,0.0130476040478976
0.9,PLS,0.0211424900671694
0.9,PLS,0.0176199281508512
0.9,PLS,0.0255104503947888
0.9,PLS,0.0244593342837517
0.9,PLS,0.0144035211494589
0.9,PLS,0.019626335833392
0.9,PLS,0.0140631902132093
0.9,PLS,0.00313418354989849
0.9,PLS,0.0092695580592421
0.9,PLS,0.00750784875791066
0.9,PLS,0.00512014415161734
0.9,PLS,0.0427210562844274
0.9,PLS,0.0285247134134674
0.9,PLS,0.0168328718318294
0.9,PLS,0.00387927507443476
0.9,PLS,0.0327613106788752
0.9,PLS,0.0189759856548256
0.9,PLS,0.0235685488837222
0.9,PLS,0.0165824272278491
0.9,PLS,0.0339164177891181
0.9,PLS,0.0296364578882719
0.9,PLS,0.00214387941751571
0.9,PLS,0.00272794673993004
0.9,PLS,0.0148771145264123
0.9,PLS,0.0169848000001179
0.9,PLS,0.00726347839914485
0.9,PLS,0.0195305776225153
0.9,PLS,0.0123497568349551
0.9,PLS,0.00471988364394368
0.9,PLS,0.00619555985785158
0.9,PLS,0.0117761017601903
0.9,PLS,0.0403856591487473
0.9,PLS,0.0483764943291573
0.9,PLS,0.0153383983141002
0.9,PLS,0.12011695605235
0.9,PLS,0.0185861512902576
0.9,PLS,0.0627651150154668
0.9,PLS,0.0381661573222215
0.9,PLS,0.0428503169745002
0.9,PLS,0.0135946424937963
0.9,PLS,0.0304300200264303
0.9,PLS,0.0234261021039347
0.9,PLS,0.0191882182548228
0.9,PLS,0.0308298697824714
0.9,PLS,0.034850301605587
0.9,PLS,0.0153597420723493
0.9,PLS,0.0293056549462263
0.9,PLS,0.00854111099660932
0.9,PLS,0.0108299015346727
0.9,PLS,0.0186836483127999
0.9,PLS,0.0164605876896832
0.9,PLS,0.0212307370812675
0.9,PLS,0.0197562076738008
0.9,PLS,0.0125453207149282
0.9,PLS,0.0181876929855687
0.9,PLS,0.0130619196234788
0.9,PLS,0.0270300159655121
0.9,PLS,0.0076336816832691
0.9,PLS,0.0290580385244529
0.9,PLS,0.00969784130587409
0.9,PLS,0.00391338178492756
0.9,PLS,0.00658009271798812
0.9,PLS,0.0357580371649814
0.9,PLS,0.0237795519591318
0.9,PLS,0.0312369372983346
0.9,PLS,0.0109160133809925
0.9,PLS,0.0348020229394333
0.9,PLS,0.00921023602717006
0.9,PLS,0.00468778587020101
0.9,PLS,0.0319060032061842
0.9,PLS,0.0342975379109231
0.9,PLS,0.00958501432598705
0.9,PLS,0.0212357907043948
0.9,PLS,0.0527812810813299
0.9,PLS,0.0184663354831286
0.9,PLS,0.0297251949162292
0.9,PLS,0.0144097295604374
0.9,PLS,0.0297361664477107
0.9,PLS,0.0160145318401362
0.9,PLS,0.0239082127147364
0.9,PLS,0.0102708064230904
0.9,PLS,0.0287359926621122
0.9,PLS,0.0188863196694071
0.9,PLS,0.0285489220867473
0.9,PLS,0.0837453172560548
0.9,PLS,0.0193220429608616
0.9,PLS,0.0333917037551025
0.9,PLS,0.0197664198061317
0.9,PLS,0.0290345254425719
0.9,PLS,0.0057857416314967
0.9,PLS,0.0124699056730652
0.9,PLS,0.0435850426349776
0.9,PLS,0.00984969818508562
0.9,PLS,0.0107655909527782
0.9,PLS,0.0159184568773969
0.9,PLS,0.00698731044218696
0.9,PLS,0.027121302018482
0.9,PLS,0.0318617910905012
0.9,PLS,0.0200210867925569
0.9,PLS,0.0583088211851671
0.9,PLS,0.021504923500634
0.9,PLS,0.0284060882165284
0.9,PLS,0.033874934682472
0.9,PLS,0.0562209871125557
0.9,PLS,0.0948546261282555
0.9,PLS,0.00441492727992744
0.9,PLS,0.0190359450659342
0.9,PLS,0.0471144329292568
0.9,PLS,0.0197013507074749
0.9,PLS,0.00760218197458731
0.9,PLS,0.0377969522847197
0.9,PLS,0.00624135664561021
0.9,PLS,0.0123008605742297
0.9,PLS,0.0127676912663806
0.9,PLS,0.0162922288796691
0.9,PLS,0.00959595962190396
0.9,PLS,0.0146173025873521
0.9,PLS,0.0348335332585816
0.9,PLS,0.0752548899492185
0.9,PLS,0.0177125452963446
0.9,PLS,0.0131515819646937
0.9,PLS,0.0665806502683251
0.9,PLS,0.0284637890017343
0.9,PLS,0.0154961615047364
0.9,PLS,0.0251094076501533
0.9,PLS,0.00721161723955648
0.9,PLS,0.0224071680733727
0.9,PLS,0.00686976597277269
0.9,PLS,0.0542644724518972
0.9,PLS,0.0284667102854193
0.9,PLS,0.0516151089189561
0.9,PLS,0.0557927468456209
0.9,PLS,0.0215405043158212
0.9,PLS,0.0168307390858809
0.9,PLS,0.00670083815492832
0.9,PLS,0.0239326227743968
0.9,PLS,0.0410368952318374
0.9,PLS,0.0308541832935217
0.9,PLS,0.0129902892843668
0.9,PLS,0.027526447832039
0.9,PLS,0.00655389357919137
0.9,PLS,0.0219091410545012
0.9,PLS,0.0513909528314385
0.9,PLS,0.0281285223152291
0.9,PLS,0.0205593697308456
0.9,PLS,0.026134437618437
0.9,PLS,0.0289133485908017
0.9,PLS,0.0295965395461598
0.9,PLS,0.0105646248929471
0.9,PLS,0.0463145548366592
0.9,PLS,0.0256676273026262
0.9,PLS,0.0334794156420974
0.9,PLS,0.0156308064508973
0.9,PLS,0.0220643822752913
0.9,PLS,0.0493678131208727
0.9,PLS,0.0108781978150211
0.9,PLS,0.0287628856191971
0.9,PLS,0.00847602639413637
0.9,PLS,0.0593678705099163
0.9,PLS,0.02174226662974
0.9,PLS,0.0425148612040561
0.9,PLS,0.0203001627249232
0.9,PLS,0.0145449381450091
0.9,PLS,0.0438939251675053
0.9,PLS,0.0293989209406487
0.9,PLS,0.0244189855700389
0.9,PLS,0.0333146878790415
0.9,PLS,0.00954973684234176
0.9,PLS,0.00636504890945136
0.9,PLS,0.0316843280520155
0.9,PLS,0.0173354116908937
0.9,PLS,0.0189584494671325
0.9,PLS,0.0385738780218787
0.9,PLS,0.0169615935152659
0.9,PLS,0.0311654266636243
0.9,PLS,0.0197232550630479
0.9,PLS,0.00809297205052404
0.9,fTS,0.0024775030165456
0.9,fTS,0.0107788129113458
0.9,fTS,0.00518127849958151
0.9,fTS,0.00413977813940219
0.9,fTS,0.00686574043147429
0.9,fTS,0.00327541807585769
0.9,fTS,0.00555793669000396
0.9,fTS,0.00327965558694045
0.9,fTS,0.0035176008099071
0.9,fTS,0.0067291503785358
0.9,fTS,0.00308546920384881
0.9,fTS,0.00412239699037876
0.9,fTS,0.0146870503093279
0.9,fTS,0.00197384291561539
0.9,fTS,0.00306520668953826
0.9,fTS,0.00314582922379704
0.9,fTS,0.00186864828183206
0.9,fTS,0.00524850242002609
0.9,fTS,0.00226424557658922
0.9,fTS,0.00545632196825151
0.9,fTS,0.00246183601670295
0.9,fTS,0.00280491554494962
0.9,fTS,0.00401384465826644
0.9,fTS,0.00832916914217514
0.9,fTS,0.0164230289712519
0.9,fTS,0.00420999765880522
0.9,fTS,0.00243633461095075
0.9,fTS,0.00372488965997763
0.9,fTS,0.00345674676753461
0.9,fTS,0.00255859938321907
0.9,fTS,0.00208313706315632
0.9,fTS,0.000974764051354198
0.9,fTS,0.00669127083074272
0.9,fTS,0.0014454629599833
0.9,fTS,0.00764735817063995
0.9,fTS,0.00653897284771514
0.9,fTS,0.0114133283987286
0.9,fTS,0.00552414630406478
0.9,fTS,0.00286598004267964
0.9,fTS,0.0092582290514079
0.9,fTS,0.002786067300735
0.9,fTS,0.0055952603192193
0.9,fTS,0.00871619002887182
0.9,fTS,0.00153780899445303
0.9,fTS,0.00120208833167364
0.9,fTS,0.00235588536467247
0.9,fTS,0.0113690170613017
0.9,fTS,0.00126578097627098
0.9,fTS,0.00223871725540532
0.9,fTS,0.00206693525988187
0.9,fTS,0.00273292927071651
0.9,fTS,0.00319037335680385
0.9,fTS,0.00784011194017724
0.9,fTS,0.00410144806926582
0.9,fTS,0.00210762412659406
0.9,fTS,0.00368082708309661
0.9,fTS,0.00240859866371727
0.9,fTS,0.00698300643854718
0.9,fTS,0.00355698207962343
0.9,fTS,0.0069452632679244
0.9,fTS,0.00213947321634065
0.9,fTS,0.00626909038933982
0.9,fTS,0.0164654382498129
0.9,fTS,0.00646826539273953
0.9,fTS,0.00608209032240426
0.9,fTS,0.0106189152974899
0.9,fTS,0.00317658855633643
0.9,fTS,0.00467082813046788
0.9,fTS,0.00230663043696898
0.9,fTS,0.00175303752650627
0.9,fTS,0.00242249041420628
0.9,fTS,0.00230129858780582
0.9,fTS,0.00306552428892939
0.9,fTS,0.00444936024641916
0.9,fTS,0.00226075885971121
0.9,fTS,0.00503969624285086
0.9,fTS,0.00286167944527477
0.9,fTS,0.0022342732900419
0.9,fTS,0.00184169759652922
0.9,fTS,0.00484495201247065
0.9,fTS,0.00362600008371081
0.9,fTS,0.00266857221032661
0.9,fTS,0.00374734279982771
0.9,fTS,0.00278443980398116
0.9,fTS,0.00474925350664479
0.9,fTS,0.00501352587772263
0.9,fTS,0.00317496263213862
0.9,fTS,0.00519476634353294
0.9,fTS,0.0077581763681718
0.9,fTS,0.00272210800283677
0.9,fTS,0.0059626978953329
0.9,fTS,0.00520007737143612
0.9,fTS,0.0033729980469196
0.9,fTS,0.00283710769936202
0.9,fTS,0.00382773108658598
0.9,fTS,0.00655576503565327
0.9,fTS,0.00974933892925351
0.9,fTS,0.0114232497354642
0.9,fTS,0.00185416906044066
0.9,fTS,0.00142574179034304
0.9,fTS,0.00710676670182071
0.9,fTS,0.00366866084139165
0.9,fTS,0.00452163629540656
0.9,fTS,0.00290586480377205
0.9,fTS,0.0012090046222604
0.9,fTS,0.00258337233232305
0.9,fTS,0.00233638716667321
0.9,fTS,0.00959711294791073
0.9,fTS,0.00707535626781058
0.9,fTS,0.00541923245860378
0.9,fTS,0.00294593862590885
0.9,fTS,0.00455365464749487
0.9,fTS,0.00225743112908384
0.9,fTS,0.00265531552073041
0.9,fTS,0.00351087719718359
0.9,fTS,0.0102553255566582
0.9,fTS,0.00448874227329695
0.9,fTS,0.00710404769140548
0.9,fTS,0.00131900150487353
0.9,fTS,0.0195371749178188
0.9,fTS,0.00317443601552482
0.9,fTS,0.00225188892004958
0.9,fTS,0.00978731786184332
0.9,fTS,0.00289287260521563
0.9,fTS,0.00560421230953022
0.9,fTS,0.00449772016470478
0.9,fTS,0.00157420520160241
0.9,fTS,0.00198125820731141
0.9,fTS,0.00240965376524879
0.9,fTS,0.000777216376378662
0.9,fTS,0.00208450355195855
0.9,fTS,0.00484177635780477
0.9,fTS,0.0050885056324031
0.9,fTS,0.00361259287817427
0.9,fTS,0.00472005467146222
0.9,fTS,0.00241911771959589
0.9,fTS,0.00354146024547679
0.9,fTS,0.00568551682313021
0.9,fTS,0.000757297861566496
0.9,fTS,0.00145593695077846
0.9,fTS,0.00731077967791493
0.9,fTS,0.0087009949362586
0.9,fTS,0.00550008846167327
0.9,fTS,0.00342315553806703
0.9,fTS,0.00481802435583423
0.9,fTS,0.00410373143888469
0.9,fTS,0.00323400814137274
0.9,fTS,0.00470828698583661
0.9,fTS,0.00648124169581881
0.9,fTS,0.00417029441780192
0.9,fTS,0.00737061699074501
0.9,fTS,0.00355546404639702
0.9,fTS,0.0108796905180506
0.9,fTS,0.00298264509519453
0.9,fTS,0.00211629851033808
0.9,fTS,0.0032269476833738
0.9,fTS,0.00412488843380593
0.9,fTS,0.00299974033062954
0.9,fTS,0.00201014325943144
0.9,fTS,0.00556309502467902
0.9,fTS,0.0027888362398191
0.9,fTS,0.00457576835344115
0.9,fTS,0.00251654132875184
0.9,fTS,0.0054529873086253
0.9,fTS,0.00117876609773678
0.9,fTS,0.00463147879506024
0.9,fTS,0.00286481003491861
0.9,fTS,0.00245679100313854
0.9,fTS,0.000905675160833399
0.9,fTS,0.00461223848751613
0.9,fTS,0.0017731887278969
0.9,fTS,0.00153156218932405
0.9,fTS,0.00530340365266718
0.9,fTS,0.0038116216708092
0.9,fTS,0.00629522240097195
0.9,fTS,0.00418801602598793
0.9,fTS,0.00255690972157635
0.9,fTS,0.0011868595717976
0.9,fTS,0.00696474766381896
0.9,fTS,0.00241842243139992
0.9,fTS,0.0131357026834906
0.9,fTS,0.00284162795721702
0.9,fTS,0.00589902606794162
0.9,fTS,0.00164927959738063
0.9,fTS,0.00481470610262352
0.9,fTS,0.00485665818914173
0.9,fTS,0.00397485010022997
0.9,fTS,0.00156497737367194
0.9,fTS,0.00605545885488039
0.9,fTS,0.00321710973655334
0.9,fTS,0.00200645030003709
0.9,fTS,0.000993241629392229
0.9,fTS,0.0017931622477117
0.9,fTS,0.0133530611650976
0.9,fTS,0.00843303473707927
0.9,fTS,0.00330399760097978
0.9,fTS,0.00640134082429333
0.9,fTS,0.00291476473073519
0.9,fTS,0.0050561818362814
0.9,fTS,0.00154876852197113
0.9,LS_oracle,0.00429868535286886
0.9,LS_oracle,0.0114944077424894
0.9,LS_oracle,0.0217947224968765
0.9,LS_oracle,0.0248531757971294
0.9,LS_oracle,0.0476713340261373
0.9,LS_oracle,0.0149621275299905
0.9,LS_oracle,0.0165805163559678
0.9,LS_oracle,0.0321364941149114
0.9,LS_oracle,0.0243860385106346
0.9,LS_oracle,0.0791399908421216
0.9,LS_oracle,0.0170976330862868
0.9,LS_oracle,0.0369733533715359
0.9,LS_oracle,0.0247924118287163
0.9,LS_oracle,0.00700924483493038
0.9,LS_oracle,0.0249680347592163
0.9,LS_oracle,0.0321383944630845
0.9,LS_oracle,0.0102850053701908
0.9,LS_oracle,0.0423367013388598
0.9,LS_oracle,0.00994843319436396
0.9,LS_oracle,0.0622146836363588
0.9,LS_oracle,0.0113580015123625
0.9,LS_oracle,0.0310842352169068
0.9,LS_oracle,0.0164713930280191
0.9,LS_oracle,0.0168067119268138
0.9,LS_oracle,0.0139281528054587
0.9,LS_oracle,0.0338348065176118
0.9,LS_oracle,0.0196967773973897
0.9,LS_oracle,0.0115937199002585
0.9,LS_oracle,0.0214382742751265
0.9,LS_oracle,0.010799351070083
0.9,LS_oracle,0.00257288646390707
0.9,LS_oracle,0.00884855825549997
0.9,LS_oracle,0.00498798936476929
0.9,LS_oracle,0.0121933259667394
0.9,LS_oracle,0.0367693683297386
0.9,LS_oracle,0.0127975212273702
0.9,LS_oracle,0.0172519296296412
0.9,LS_oracle,0.00584113096772673
0.9,LS_oracle,0.0303160086330647
0.9,LS_oracle,0.019667719241845
0.9,LS_oracle,0.0212307671731904
0.9,LS_oracle,0.0218571230375245
0.9,LS_oracle,0.0242107239717814
0.9,LS_oracle,0.0406845507026978
0.9,LS_oracle,0.00442320539110166
0.9,LS_oracle,0.00247851721865296
0.9,LS_oracle,0.00900605439584095
0.9,LS_oracle,0.0174037970754865
0.9,LS_oracle,0.0114768557358059
0.9,LS_oracle,0.0197895514942872
0.9,LS_oracle,0.0122351831876577
0.9,LS_oracle,0.00459481201060937
0.9,LS_oracle,0.0109392969612427
0.9,LS_oracle,0.00876884122000077
0.9,LS_oracle,0.0384817804293914
0.9,LS_oracle,0.0465107120975072
0.9,LS_oracle,0.0105343499947988
0.9,LS_oracle,0.0848271478899513
0.9,LS_oracle,0.0186479585831497
0.9,LS_oracle,0.0633995715339223
0.9,LS_oracle,0.035473883957045
0.9,LS_oracle,0.0393091833954372
0.9,LS_oracle,0.0111943602030367
0.9,LS_oracle,0.0261455903015982
0.9,LS_oracle,0.0343649701217869
0.9,LS_oracle,0.0278530012637461
0.9,LS_oracle,0.0253666104400719
0.9,LS_oracle,0.0354933188781517
0.9,LS_oracle,0.0111786746254835
0.9,LS_oracle,0.0265676534696147
0.9,LS_oracle,0.00838645958048038
0.9,LS_oracle,0.0102830246142204
0.9,LS_oracle,0.0189302751759524
0.9,LS_oracle,0.017393837932983
0.9,LS_oracle,0.0213132278582106
0.9,LS_oracle,0.0169197854150135
0.9,LS_oracle,0.012806233623511
0.9,LS_oracle,0.0175361959219448
0.9,LS_oracle,0.0133988310114336
0.9,LS_oracle,0.0229537098208741
0.9,LS_oracle,0.00766374897115676
0.9,LS_oracle,0.00861869550213831
0.9,LS_oracle,0.010436114046028
0.9,LS_oracle,0.00455166468614907
0.9,LS_oracle,0.00513110603701805
0.9,LS_oracle,0.0436179235029122
0.9,LS_oracle,0.0238866000547405
0.9,LS_oracle,0.0190438751095839
0.9,LS_oracle,0.0270473614710437
0.9,LS_oracle,0.0320465547119019
0.9,LS_oracle,0.0104631161104548
0.9,LS_oracle,0.00512203758201461
0.9,LS_oracle,0.0314286395837507
0.9,LS_oracle,0.0376885176571694
0.9,LS_oracle,0.00999928504821611
0.9,LS_oracle,0.0189106150253704
0.9,LS_oracle,0.0461742725575397
0.9,LS_oracle,0.0266553714231916
0.9,LS_oracle,0.0283970259131802
0.9,LS_oracle,0.0100016349666055
0.9,LS_oracle,0.0285878463337654
0.9,LS_oracle,0.0249857055239939
0.9,LS_oracle,0.0238880025703769
0.9,LS_oracle,0.0108158587013061
0.9,LS_oracle,0.0217791300601171
0.9,LS_oracle,0.0206543643635859
0.9,LS_oracle,0.0209789855609769
0.9,LS_oracle,0.0657393942835985
0.9,LS_oracle,0.0191337284808036
0.9,LS_oracle,0.0276615160888155
0.9,LS_oracle,0.0189298357723977
0.9,LS_oracle,0.0183324714883915
0.9,LS_oracle,0.00512016471839693
0.9,LS_oracle,0.0121217694701634
0.9,LS_oracle,0.0447079971283342
0.9,LS_oracle,0.00966266056449967
0.9,LS_oracle,0.0287228400983977
0.9,LS_oracle,0.0128604352905922
0.9,LS_oracle,0.00575106377462076
0.9,LS_oracle,0.012322509091039
0.9,LS_oracle,0.0293857126282899
0.9,LS_oracle,0.0108445534847294
0.9,LS_oracle,0.0520788793014091
0.9,LS_oracle,0.0158495928036297
0.9,LS_oracle,0.0294338075516074
0.9,LS_oracle,0.0330314552305567
0.9,LS_oracle,0.0519908713157124
0.9,LS_oracle,0.0733770455857871
0.9,LS_oracle,0.00464465744002769
0.9,LS_oracle,0.0202497500161253
0.9,LS_oracle,0.0422317723369414
0.9,LS_oracle,0.0222498354028272
0.9,LS_oracle,0.0169491575478368
0.9,LS_oracle,0.0235600356922915
0.9,LS_oracle,0.00854768628494195
0.9,LS_oracle,0.0120894046159634
0.9,LS_oracle,0.0144570117714787
0.9,LS_oracle,0.0123796453722873
0.9,LS_oracle,0.00958181832718563
0.9,LS_oracle,0.0142293942594947
0.9,LS_oracle,0.0372646708668096
0.9,LS_oracle,0.0734547315779319
0.9,LS_oracle,0.0150401722547337
0.9,LS_oracle,0.0160050033203025
0.9,LS_oracle,0.0530270921628195
0.9,LS_oracle,0.0358960216389961
0.9,LS_oracle,0.00204587278339488
0.9,LS_oracle,0.0255299952970999
0.9,LS_oracle,0.00512431590028905
0.9,LS_oracle,0.0195156009048359
0.9,LS_oracle,0.00679284089873668
0.9,LS_oracle,0.049367624576678
0.9,LS_oracle,0.0158848662393972
0.9,LS_oracle,0.0503478633263945
0.9,LS_oracle,0.076878092736221
0.9,LS_oracle,0.0235715697205832
0.9,LS_oracle,0.0182754337602324
0.9,LS_oracle,0.00695508688135058
0.9,LS_oracle,0.0296615946070876
0.9,LS_oracle,0.0341755862526259
0.9,LS_oracle,0.0335675391765927
0.9,LS_oracle,0.0182849766575608
0.9,LS_oracle,0.0274185722493087
0.9,LS_oracle,0.0070043441691158
0.9,LS_oracle,0.0163513932986685
0.9,LS_oracle,0.0469165628669826
0.9,LS_oracle,0.0160304635155049
0.9,LS_oracle,0.0181313680945783
0.9,LS_oracle,0.0250756639263096
0.9,LS_oracle,0.0406339390550601
0.9,LS_oracle,0.0215728232258812
0.9,LS_oracle,0.0103271619536935
0.9,LS_oracle,0.0221501246021035
0.9,LS_oracle,0.0175851193978535
0.9,LS_oracle,0.0190730236748597
0.9,LS_oracle,0.0152539603599571
0.9,LS_oracle,0.0236521014970126
0.9,LS_oracle,0.0462803080437933
0.9,LS_oracle,0.00829441792787509
0.9,LS_oracle,0.0270862644776166
0.9,LS_oracle,0.00943152601452084
0.9,LS_oracle,0.037878821623756
0.9,LS_oracle,0.0146205367094784
0.9,LS_oracle,0.0442160358271434
0.9,LS_oracle,0.0218096530653773
0.9,LS_oracle,0.0111913766959735
0.9,LS_oracle,0.0396390147302439
0.9,LS_oracle,0.0297438274514086
0.9,LS_oracle,0.025685399806999
0.9,LS_oracle,0.0190415076407542
0.9,LS_oracle,0.0127846046414674
0.9,LS_oracle,0.00627001182176175
0.9,LS_oracle,0.0332775083453088
0.9,LS_oracle,0.0275687827967673
0.9,LS_oracle,0.00783029633726035
0.9,LS_oracle,0.045313878040976
0.9,LS_oracle,0.0160402079778747
0.9,LS_oracle,0.0309733094206037
0.9,LS_oracle,0.0181118004111406
0.9,LS_oracle,0.00777064402424461
0.9,TS_oracle,0.00232854448629364
0.9,TS_oracle,0.00312563101042
0.9,TS_oracle,0.00503620295342738
0.9,TS_oracle,0.00403379906655611
0.9,TS_oracle,0.0063147904049972
0.9,TS_oracle,0.00208852269445975
0.9,TS_oracle,0.00549238101369572
0.9,TS_oracle,0.00332922172507354
0.9,TS_oracle,0.00292046098696635
0.9,TS_oracle,0.00647642708870946
0.9,TS_oracle,0.00302266753094248
0.9,TS_oracle,0.0037278932494603
0.9,TS_oracle,0.00982504671588137
0.9,TS_oracle,0.00201602537351505
0.9,TS_oracle,0.00306696608007817
0.9,TS_oracle,0.00306232263312156
0.9,TS_oracle,0.00186119692037511
0.9,TS_oracle,0.00409613845903499
0.9,TS_oracle,0.00176662943473996
0.9,TS_oracle,0.00576951634070338
0.9,TS_oracle,0.00223675214721571
0.9,TS_oracle,0.00266555732097222
0.9,TS_oracle,0.00349025857646466
0.9,TS_oracle,0.0082387810299953
0.9,TS_oracle,0.00860923958759944
0.9,TS_oracle,0.00373382856613373
0.9,TS_oracle,0.00241719146038788
0.9,TS_oracle,0.00377279878313486
0.9,TS_oracle,0.0033914199530826
0.9,TS_oracle,0.00211584118448883
0.9,TS_oracle,0.00183849468644391
0.9,TS_oracle,0.000969037595406109
0.9,TS_oracle,0.00672579827753032
0.9,TS_oracle,0.00142878090459692
0.9,TS_oracle,0.00683925664214855
0.9,TS_oracle,0.00627760444507202
0.9,TS_oracle,0.0109924543838771
0.9,TS_oracle,0.00528219974099234
0.9,TS_oracle,0.00285634009045364
0.9,TS_oracle,0.00811015712188525
0.9,TS_oracle,0.00277348090054243
0.9,TS_oracle,0.0054094560466977
0.9,TS_oracle,0.00862080737434894
0.9,TS_oracle,0.00159050739726585
0.9,TS_oracle,0.00109611295073327
0.9,TS_oracle,0.00191779055551474
0.9,TS_oracle,0.00527595507007509
0.9,TS_oracle,0.0012627727743352
0.9,TS_oracle,0.000503991580031441
0.9,TS_oracle,0.00169706184771411
0.9,TS_oracle,0.00186961605173403
0.9,TS_oracle,0.00319815280609082
0.9,TS_oracle,0.00438068307687807
0.9,TS_oracle,0.00397843672625976
0.9,TS_oracle,0.00151356343433239
0.9,TS_oracle,0.00369445393317383
0.9,TS_oracle,0.00163648157193943
0.9,TS_oracle,0.00702109677632099
0.9,TS_oracle,0.003408941565268
0.9,TS_oracle,0.00694365108785753
0.9,TS_oracle,0.00162166806697228
0.9,TS_oracle,0.00344335239587587
0.9,TS_oracle,0.0149431084901414
0.9,TS_oracle,0.0036332746678892
0.9,TS_oracle,0.00634882407632385
0.9,TS_oracle,0.0041932079863942
0.9,TS_oracle,0.00259118961434582
0.9,TS_oracle,0.00490636345075039
0.9,TS_oracle,0.00233685763680685
0.9,TS_oracle,0.00163674057136342
0.9,TS_oracle,0.00195905069166114
0.9,TS_oracle,0.00120749517538182
0.9,TS_oracle,0.00273131056736893
0.9,TS_oracle,0.00441969281079626
0.9,TS_oracle,0.00226174967004303
0.9,TS_oracle,0.00504312203731437
0.9,TS_oracle,0.00274670987483377
0.9,TS_oracle,0.00216943039042124
0.9,TS_oracle,0.00140470536384227
0.9,TS_oracle,0.00462345369760138
0.9,TS_oracle,0.00363257747002112
0.9,TS_oracle,0.00145330230868904
0.9,TS_oracle,0.00375030508876871
0.9,TS_oracle,0.00277733375240659
0.9,TS_oracle,0.00332886227558569
0.9,TS_oracle,0.00502525376590666
0.9,TS_oracle,0.0022063688773298
0.9,TS_oracle,0.00513313815303224
0.9,TS_oracle,0.00483988552527512
0.9,TS_oracle,0.00187783920882149
0.9,TS_oracle,0.00589938547379156
0.9,TS_oracle,0.00517684102445442
0.9,TS_oracle,0.00337567445589794
0.9,TS_oracle,0.00276358223720957
0.9,TS_oracle,0.00357056912515186
0.9,TS_oracle,0.00353779094751578
0.9,TS_oracle,0.00986169549656577
0.9,TS_oracle,0.00841649634908225
0.9,TS_oracle,0.00166645371660499
0.9,TS_oracle,0.00138157567880008
0.9,TS_oracle,0.00820069315064318
0.9,TS_oracle,0.00362837022015371
0.9,TS_oracle,0.000773198094961911
0.9,TS_oracle,0.00233983680251532
0.9,TS_oracle,0.000520395834719018
0.9,TS_oracle,0.00234925179759154
0.9,TS_oracle,0.00216346449794165
0.9,TS_oracle,0.0101074005590529
0.9,TS_oracle,0.0063015511582136
0.9,TS_oracle,0.00533843327477505
0.9,TS_oracle,0.00233579804323125
0.9,TS_oracle,0.00452207522891262
0.9,TS_oracle,0.00218076560353402
0.9,TS_oracle,0.00149654516162904
0.9,TS_oracle,0.00352711324003746
0.9,TS_oracle,0.0103940764864115
0.9,TS_oracle,0.00458637993265381
0.9,TS_oracle,0.00688357233841897
0.9,TS_oracle,0.0012876998802852
0.9,TS_oracle,0.0184765441245714
0.9,TS_oracle,0.00320791607680439
0.9,TS_oracle,0.00206595576252779
0.9,TS_oracle,0.00405825300281634
0.9,TS_oracle,0.00253527212523125
0.9,TS_oracle,0.00503159001336033
0.9,TS_oracle,0.00449779803967983
0.9,TS_oracle,0.00139457525872722
0.9,TS_oracle,0.00195224268285702
0.9,TS_oracle,0.00240531269082471
0.9,TS_oracle,0.000794063036668674
0.9,TS_oracle,0.000789160510354615
0.9,TS_oracle,0.00289998372317058
0.9,TS_oracle,0.00387714004819995
0.9,TS_oracle,0.00356661723795134
0.9,TS_oracle,0.00476630571770729
0.9,TS_oracle,0.00239907714151914
0.9,TS_oracle,0.00308660777059978
0.9,TS_oracle,0.00533806631612915
0.9,TS_oracle,0.000728590063227229
0.9,TS_oracle,0.00145207184776329
0.9,TS_oracle,0.00716824291523345
0.9,TS_oracle,0.00858220184472675
0.9,TS_oracle,0.00439196217479697
0.9,TS_oracle,0.00338810045749662
0.9,TS_oracle,0.00477014381116884
0.9,TS_oracle,0.00422238463211225
0.9,TS_oracle,0.00330643238204479
0.9,TS_oracle,0.00470941417447129
0.9,TS_oracle,0.00584458465910787
0.9,TS_oracle,0.00412080024156899
0.9,TS_oracle,0.0061828804953311
0.9,TS_oracle,0.00268895782014847
0.9,TS_oracle,0.00681188603509901
0.9,TS_oracle,0.00241927556636009
0.9,TS_oracle,0.00224496838985171
0.9,TS_oracle,0.00221997591427733
0.9,TS_oracle,0.00411893559279362
0.9,TS_oracle,0.00278443697813965
0.9,TS_oracle,0.00179982348464535
0.9,TS_oracle,0.00370902761270319
0.9,TS_oracle,0.00259577997424978
0.9,TS_oracle,0.00332946887778975
0.9,TS_oracle,0.00250194135965279
0.9,TS_oracle,0.00637994352528977
0.9,TS_oracle,0.00111766142753436
0.9,TS_oracle,0.00429741107941974
0.9,TS_oracle,0.00287608070075164
0.9,TS_oracle,0.00107794727785995
0.9,TS_oracle,0.000894873466035877
0.9,TS_oracle,0.00443019276227693
0.9,TS_oracle,0.000974302951670506
0.9,TS_oracle,0.00154054810162241
0.9,TS_oracle,0.00372049806217785
0.9,TS_oracle,0.00375166787863589
0.9,TS_oracle,0.00377986514127168
0.9,TS_oracle,0.00418072873222204
0.9,TS_oracle,0.00257608285370734
0.9,TS_oracle,0.000707786837829261
0.9,TS_oracle,0.00331521209780493
0.9,TS_oracle,0.00153591790768997
0.9,TS_oracle,0.00134510067206813
0.9,TS_oracle,0.00284910561139411
0.9,TS_oracle,0.00482993885613173
0.9,TS_oracle,0.00127367982501721
0.9,TS_oracle,0.00468238465386205
0.9,TS_oracle,0.00518279170632021
0.9,TS_oracle,0.003977527598898
0.9,TS_oracle,0.00154952104839019
0.9,TS_oracle,0.00547922903437297
0.9,TS_oracle,0.00294636709145412
0.9,TS_oracle,0.00152012323655989
0.9,TS_oracle,0.000788909546474707
0.9,TS_oracle,0.00167888815754892
0.9,TS_oracle,0.00714208414584037
0.9,TS_oracle,0.00814940699683069
0.9,TS_oracle,0.00333732459609563
0.9,TS_oracle,0.00594591367755088
0.9,TS_oracle,0.00211385986915712
0.9,TS_oracle,0.00458910360371418
0.9,TS_oracle,0.00111851379664194
