rho,methods,PE_value
0,PLS,0.0765452807612612
0,PLS,0.0481327924086448
0,PLS,0.0866052028100797
0,PLS,0.0389149593561815
0,PLS,0.0900532985789884
0,PLS,0.0424754902333528
0,PLS,0.0410455493882238
0,PLS,0.0353641599021319
0,PLS,0.0888774193057527
0,PLS,0.0661312558931368
0,PLS,0.0199110339534483
0,PLS,0.109784825737566
0,PLS,0.110425823185492
0,PLS,0.0182908296725384
0,PLS,0.10219935775057
0,PLS,0.0555202779747523
0,PLS,0.110515596071032
0,PLS,0.0895477206568218
0,PLS,0.0663147330610341
0,PLS,0.0773359087780425
0,PLS,0.0518675864789298
0,PLS,0.066457399675504
0,PLS,0.0846336043382641
0,PLS,0.128253829080909
0,PLS,0.0825520356831553
0,PLS,0.120934599097584
0,PLS,0.0470580876306652
0,PLS,0.028528595136798
0,PLS,0.139732939427057
0,PLS,0.080459022140853
0,PLS,0.0759397352255631
0,PLS,0.012322200280285
0,PLS,0.125018655140411
0,PLS,0.0399862709458114
0,PLS,0.118879857194646
0,PLS,0.031391145259041
0,PLS,0.0778443366896431
0,PLS,0.068908603767988
0,PLS,0.0945337101961452
0,PLS,0.0789794102956867
0,PLS,0.0879503634278183
0,PLS,0.0752963373596394
0,PLS,0.0408450232640931
0,PLS,0.0737514387874343
0,PLS,0.0619579176538902
0,PLS,0.0671176664007467
0,PLS,0.0502840822527517
0,PLS,0.0632493521048807
0,PLS,0.0639665346427736
0,PLS,0.0931254361917264
0,PLS,0.0598220685272748
0,PLS,0.0155097038408878
0,PLS,0.148554241882896
0,PLS,0.0328543178525387
0,PLS,0.0242655955599487
0,PLS,0.087535349074523
0,PLS,0.0690534400609171
0,PLS,0.0730236191021632
0,PLS,0.0589752953015981
0,PLS,0.0381910552270321
0,PLS,0.0657979744351997
0,PLS,-0.00531250451414234
0,PLS,0.105310879692397
0,PLS,0.13228653781647
0,PLS,0.117049749334265
0,PLS,0.0453991947536398
0,PLS,0.00721174043259598
0,PLS,0.0921815581398389
0,PLS,0.0938774374615039
0,PLS,0.0620156767044666
0,PLS,0.100144182870498
0,PLS,0.0687035827142497
0,PLS,0.0757457881145809
0,PLS,0.0555435163324687
0,PLS,0.0453682346362891
0,PLS,0.123605753334427
0,PLS,0.0471401814291024
0,PLS,0.0859762591166284
0,PLS,0.114346128371389
0,PLS,0.145234754685902
0,PLS,0.0837911382969094
0,PLS,0.0867597704050282
0,PLS,0.0989267968608998
0,PLS,0.0760168712776317
0,PLS,0.0486320937863625
0,PLS,0.036145360117634
0,PLS,0.0412516185366314
0,PLS,0.0580209525734126
0,PLS,0.0224906012153749
0,PLS,0.0418429640361793
0,PLS,0.0919905324449108
0,PLS,0.0588136406746584
0,PLS,0.0602479262598565
0,PLS,0.0518642580887623
0,PLS,0.0971755686326152
0,PLS,0.0238664236448713
0,PLS,0.0546587625832673
0,PLS,0.0434456883876586
0,PLS,0.0510602385856558
0,PLS,0.0581949841822289
0,PLS,0.0579038189190613
0,PLS,0.104992210939133
0,PLS,0.12020830635715
0,PLS,0.101070912075118
0,PLS,0.0659268163296005
0,PLS,0.136839671063465
0,PLS,0.0581860615376131
0,PLS,0.0475166563336438
0,PLS,0.0322384889998544
0,PLS,0.0136709972751101
0,PLS,0.131858047487162
0,PLS,0.0690743067860438
0,PLS,0.0540245512627706
0,PLS,0.00622028824466003
0,PLS,0.0519359434586546
0,PLS,0.0549943988369062
0,PLS,0.0213554803681888
0,PLS,0.145661927963856
0,PLS,0.0723315710817776
0,PLS,0.0799210315658645
0,PLS,0.120048165288115
0,PLS,0.0559839253025416
0,PLS,0.0815686352230913
0,PLS,0.0777147645246956
0,PLS,-0.000675111643992921
0,PLS,0.145562155615115
0,PLS,0.109450683377217
0,PLS,0.0874148533721275
0,PLS,0.113509475759466
0,PLS,0.0334653209333715
0,PLS,0.0272754106882911
0,PLS,0.0576211053690612
0,PLS,0.0396526583436272
0,PLS,0.085162432312142
0,PLS,0.112961601220774
0,PLS,0.104723499402733
0,PLS,0.0672336349032772
0,PLS,0.0746128468340539
0,PLS,0.087089974767838
0,PLS,0.0662404777735921
0,PLS,0.0420458948619753
0,PLS,0.0234455897234063
0,PLS,0.126256266752337
0,PLS,0.0279473052465731
0,PLS,0.0794008623624436
0,PLS,0.0473404679834912
0,PLS,0.0820774994459059
0,PLS,0.0936416924522472
0,PLS,0.0612950225555373
0,PLS,0.0376427790358767
0,PLS,0.0674602674242224
0,PLS,0.01364629926939
0,PLS,0.0415773805335649
0,PLS,0.041701089865807
0,PLS,0.0581870683789012
0,PLS,0.0582152481216429
0,PLS,0.0488765989852689
0,PLS,0.0554733881047751
0,PLS,0.086696491612873
0,PLS,0.00782880902675598
0,PLS,0.0746407699099916
0,PLS,0.11646144508343
0,PLS,0.0682712275071118
0,PLS,0.0903589970337151
0,PLS,0.110155255758787
0,PLS,0.123148908593235
0,PLS,0.0310695104128325
0,PLS,0.0819470467249692
0,PLS,0.0694523264764386
0,PLS,0.103376694426184
0,PLS,0.0738969399363159
0,PLS,0.0421907978367755
0,PLS,0.0931436331276601
0,PLS,0.067614879187252
0,PLS,0.117365904163485
0,PLS,0.0676343024828507
0,PLS,0.0542135809039919
0,PLS,0.00846439702126967
0,PLS,0.0253813727547043
0,PLS,0.0871037047034084
0,PLS,0.122200725601615
0,PLS,0.0363329195599946
0,PLS,0.0776468096763172
0,PLS,0.0601968252493379
0,PLS,0.0903111645812205
0,PLS,0.0743116557194015
0,PLS,0.0642914559347236
0,PLS,0.0711652258930435
0,PLS,0.0786785513784591
0,PLS,0.0945051694752148
0,PLS,0.0588524826531935
0,PLS,0.0690239072997176
0,PLS,0.0224696653258154
0,PLS,0.0666211687644382
0,PLS,0.0854066727751916
0,PLS,0.108365999941462
0,PLS,0.0590675200008608
0,PLS,0.0411277848472045
0,PLS,0.0831923968256418
0,PLS,0.0842310028842443
0,fTS,0.0778405838841454
0,fTS,0.0481327924086448
0,fTS,0.087204231141212
0,fTS,0.0389146598368111
0,fTS,0.0900998381485725
0,fTS,0.0424754902333528
0,fTS,0.0410545724527414
0,fTS,0.0348563377541793
0,fTS,0.0888911138380897
0,fTS,0.0661312558931368
0,fTS,0.0199110339534483
0,fTS,0.110269665106733
0,fTS,0.110375215386267
0,fTS,0.0182908296725384
0,fTS,0.102139035904804
0,fTS,0.0553888051834741
0,fTS,0.110515596071032
0,fTS,0.0895626828695435
0,fTS,0.0660553046411021
0,fTS,0.0773359087780425
0,fTS,0.0492559387038738
0,fTS,0.0664573119071312
0,fTS,0.0848892742348297
0,fTS,0.128253829080909
0,fTS,0.082727096446567
0,fTS,0.121009439433825
0,fTS,0.0470580876306652
0,fTS,0.0285690422546001
0,fTS,0.139683300117963
0,fTS,0.0804854153711683
0,fTS,0.0765967029532322
0,fTS,0.0122464681721961
0,fTS,0.124834349017078
0,fTS,0.0399862709458114
0,fTS,0.119219014955036
0,fTS,0.031391145259041
0,fTS,0.0777848171643023
0,fTS,0.0688674634490711
0,fTS,0.0945316470955546
0,fTS,0.0789790922730123
0,fTS,0.0880276500512864
0,fTS,0.0754514899940613
0,fTS,0.0408450232640931
0,fTS,0.0738549772973789
0,fTS,0.0619545370983088
0,fTS,0.0669468301178531
0,fTS,0.0502739743398106
0,fTS,0.0632056264418777
0,fTS,0.0627804924966784
0,fTS,0.0931254361917264
0,fTS,0.0598220685272748
0,fTS,0.0153451031833269
0,fTS,0.148073698397788
0,fTS,0.032743836222773
0,fTS,0.024063303631304
0,fTS,0.0875099962126793
0,fTS,0.0690461240185265
0,fTS,0.0715978220286178
0,fTS,0.0589569268332997
0,fTS,0.0381886749160947
0,fTS,0.0658414797718823
0,fTS,-0.00592422604927734
0,fTS,0.105351053030243
0,fTS,0.132647493080062
0,fTS,0.116731361001408
0,fTS,0.045407209425131
0,fTS,0.00726531576796163
0,fTS,0.0922082000810427
0,fTS,0.0937401738063479
0,fTS,0.0621173964271702
0,fTS,0.100082475880546
0,fTS,0.0687506682511008
0,fTS,0.0757654599810718
0,fTS,0.0555413365116035
0,fTS,0.0453682346362891
0,fTS,0.123915045491976
0,fTS,0.0471273505817396
0,fTS,0.0859762591166284
0,fTS,0.114360373653079
0,fTS,0.145234754685902
0,fTS,0.0839007088217127
0,fTS,0.0870433213561452
0,fTS,0.0989817757596532
0,fTS,0.0760753233742752
0,fTS,0.0486150433866575
0,fTS,0.0362264177807117
0,fTS,0.0412516185366314
0,fTS,0.0580209525734126
0,fTS,0.0228185972333135
0,fTS,0.0417664575328014
0,fTS,0.0920212491010308
0,fTS,0.0585719404358003
0,fTS,0.0602479787949277
0,fTS,0.0518642580887623
0,fTS,0.0971755686326152
0,fTS,0.0238895545764977
0,fTS,0.0547870478557155
0,fTS,0.0434456883876586
0,fTS,0.0510602385856558
0,fTS,0.0584518346267398
0,fTS,0.0579038189190613
0,fTS,0.104997300197315
0,fTS,0.12011496035132
0,fTS,0.101070912075118
0,fTS,0.0659229255738345
0,fTS,0.13669307711494
0,fTS,0.0583283546158684
0,fTS,0.0474805369246216
0,fTS,0.0322155902490102
0,fTS,0.0136152009937394
0,fTS,0.131896599182209
0,fTS,0.0690400502761934
0,fTS,0.0540245512627706
0,fTS,0.0062220475329744
0,fTS,0.0519359434586546
0,fTS,0.0551473019093731
0,fTS,0.0213528979031643
0,fTS,0.145728027412403
0,fTS,0.0723542013828493
0,fTS,0.0799136526543396
0,fTS,0.119853122892173
0,fTS,0.0559836798977427
0,fTS,0.0815686352230913
0,fTS,0.0777147645246956
0,fTS,-0.000675164446932164
0,fTS,0.145612074553734
0,fTS,0.109450457184021
0,fTS,0.0876145699402551
0,fTS,0.113276163312243
0,fTS,0.0334601271526984
0,fTS,0.0272981357345692
0,fTS,0.0576270712000579
0,fTS,0.0396526583436272
0,fTS,0.0850125475858863
0,fTS,0.113077029392533
0,fTS,0.104752798482267
0,fTS,0.0669629016600235
0,fTS,0.0746389026543939
0,fTS,0.0876755474087858
0,fTS,0.0677876826935788
0,fTS,0.0412000011755318
0,fTS,0.0234455897234063
0,fTS,0.126256266752337
0,fTS,0.0281017492637379
0,fTS,0.0792911395162359
0,fTS,0.047215721705179
0,fTS,0.082553896277858
0,fTS,0.0936406036202975
0,fTS,0.0612904338244071
0,fTS,0.0375110607580091
0,fTS,0.0675405168525662
0,fTS,0.0134970652305808
0,fTS,0.0415436043285407
0,fTS,0.0415952704807629
0,fTS,0.0582203620476762
0,fTS,0.0582152481216429
0,fTS,0.0488078571423773
0,fTS,0.0554949159384934
0,fTS,0.0871916338607717
0,fTS,0.0075615248487344
0,fTS,0.0746491119173041
0,fTS,0.11646144508343
0,fTS,0.0663275821853957
0,fTS,0.0903952950919484
0,fTS,0.110147256547118
0,fTS,0.122368416857326
0,fTS,0.0311686212221629
0,fTS,0.0819071220257106
0,fTS,0.0696416718581485
0,fTS,0.10342733426969
0,fTS,0.0738969399363159
0,fTS,0.0422042999837509
0,fTS,0.0931436701088919
0,fTS,0.067614879187252
0,fTS,0.117363765886482
0,fTS,0.0675939553813794
0,fTS,0.0542135809039919
0,fTS,0.0084883500189612
0,fTS,0.0253641442617456
0,fTS,0.0870840129439208
0,fTS,0.120615815088891
0,fTS,0.0362820257796364
0,fTS,0.0775590928072587
0,fTS,0.0601968252493379
0,fTS,0.0903111645812205
0,fTS,0.0742612230470154
0,fTS,0.0643945039008125
0,fTS,0.0711532351291386
0,fTS,0.0787037484323831
0,fTS,0.0945111118747586
0,fTS,0.0588514948715047
0,fTS,0.0690383108811277
0,fTS,0.0224696653258154
0,fTS,0.0669441904039072
0,fTS,0.0854066727751916
0,fTS,0.107462612846574
0,fTS,0.0590057289048349
0,fTS,0.0411277848472045
0,fTS,0.0829602135504528
0,fTS,0.0842310028842443
0,LS_oracle,0.0742829469038657
0,LS_oracle,0.0483176780318861
0,LS_oracle,0.0867375792930727
0,LS_oracle,0.0378551248949974
0,LS_oracle,0.0903897249851568
0,LS_oracle,0.0434302800375008
0,LS_oracle,0.0414105371881506
0,LS_oracle,0.0348156420301837
0,LS_oracle,0.0888600371465784
0,LS_oracle,0.0653784527647612
0,LS_oracle,0.0200453865646302
0,LS_oracle,0.106037117824856
0,LS_oracle,0.107838175193291
0,LS_oracle,0.018115162002025
0,LS_oracle,0.100492491590347
0,LS_oracle,0.0543593971543799
0,LS_oracle,0.108825708576725
0,LS_oracle,0.0869130891448833
0,LS_oracle,0.0670897303831104
0,LS_oracle,0.0769960257031763
0,LS_oracle,0.0488330325571074
0,LS_oracle,0.0659511765355612
0,LS_oracle,0.083563184947294
0,LS_oracle,0.127855440725802
0,LS_oracle,0.081317237430911
0,LS_oracle,0.118917313135726
0,LS_oracle,0.0444144588135289
0,LS_oracle,0.0302508806337667
0,LS_oracle,0.13957124232735
0,LS_oracle,0.0801130531878758
0,LS_oracle,0.0760603872133516
0,LS_oracle,0.0106385497316186
0,LS_oracle,0.122963885873647
0,LS_oracle,0.0405882958502206
0,LS_oracle,0.119106812141277
0,LS_oracle,0.0258270338595985
0,LS_oracle,0.0770773037428218
0,LS_oracle,0.0665721305739784
0,LS_oracle,0.0947975051218848
0,LS_oracle,0.078254723913836
0,LS_oracle,0.088792313221933
0,LS_oracle,0.0760440321339926
0,LS_oracle,0.0393428665550812
0,LS_oracle,0.071559424069193
0,LS_oracle,0.0600096715931897
0,LS_oracle,0.0671807355322569
0,LS_oracle,0.0511763350313548
0,LS_oracle,0.0632135630145727
0,LS_oracle,0.0640505006645637
0,LS_oracle,0.0920239196779586
0,LS_oracle,0.058736161105283
0,LS_oracle,0.0155479656672006
0,LS_oracle,0.146932127158657
0,LS_oracle,0.032927989710096
0,LS_oracle,0.024137123512318
0,LS_oracle,0.0869070118698829
0,LS_oracle,0.0688316215160028
0,LS_oracle,0.0713993200198522
0,LS_oracle,0.0616500771143647
0,LS_oracle,0.0351737140729027
0,LS_oracle,0.0654439787458103
0,LS_oracle,-0.00592963395599122
0,LS_oracle,0.105672391760911
0,LS_oracle,0.132631450967502
0,LS_oracle,0.116262192545021
0,LS_oracle,0.0456414173857018
0,LS_oracle,0.00656146878699215
0,LS_oracle,0.0926189768206489
0,LS_oracle,0.0932018332931472
0,LS_oracle,0.0614246310020083
0,LS_oracle,0.100532934251509
0,LS_oracle,0.0682552329272992
0,LS_oracle,0.0765224503874693
0,LS_oracle,0.0548128367382463
0,LS_oracle,0.0457900146935446
0,LS_oracle,0.122722856212171
0,LS_oracle,0.0466611351142638
0,LS_oracle,0.0861469389705076
0,LS_oracle,0.114378144101316
0,LS_oracle,0.145086797994865
0,LS_oracle,0.0801133950756365
0,LS_oracle,0.0844427884522012
0,LS_oracle,0.0949427661959947
0,LS_oracle,0.0735061172360085
0,LS_oracle,0.0497869827430595
0,LS_oracle,0.030301829044818
0,LS_oracle,0.0407559718043782
0,LS_oracle,0.0583010786161189
0,LS_oracle,0.0227206984339834
0,LS_oracle,0.0434699782421841
0,LS_oracle,0.0931703096775562
0,LS_oracle,0.0596268735635332
0,LS_oracle,0.060099512276786
0,LS_oracle,0.0517394673826106
0,LS_oracle,0.0985345006999989
0,LS_oracle,0.0238475058548995
0,LS_oracle,0.0545993230052364
0,LS_oracle,0.0431171365294865
0,LS_oracle,0.0489165376614571
0,LS_oracle,0.0591420230453477
0,LS_oracle,0.0585060853156287
0,LS_oracle,0.102282497124444
0,LS_oracle,0.122352389375679
0,LS_oracle,0.102906976613715
0,LS_oracle,0.065958840928912
0,LS_oracle,0.134358596778881
0,LS_oracle,0.057141759987841
0,LS_oracle,0.0476828439037695
0,LS_oracle,0.0333837531917782
0,LS_oracle,0.0135710420139634
0,LS_oracle,0.129558248219087
0,LS_oracle,0.0690742004742753
0,LS_oracle,0.0565498866896728
0,LS_oracle,0.00241045960606967
0,LS_oracle,0.0519414790590123
0,LS_oracle,0.0548171187937798
0,LS_oracle,0.0212921527253334
0,LS_oracle,0.145415602042266
0,LS_oracle,0.0752256197698258
0,LS_oracle,0.079977806747731
0,LS_oracle,0.119554073868322
0,LS_oracle,0.0558007699949288
0,LS_oracle,0.0815997020567536
0,LS_oracle,0.0778829115303989
0,LS_oracle,0.00130549465697638
0,LS_oracle,0.145902119126026
0,LS_oracle,0.109970717050148
0,LS_oracle,0.087210261636758
0,LS_oracle,0.113932942657971
0,LS_oracle,0.0334719558723844
0,LS_oracle,0.0276885383472016
0,LS_oracle,0.057652439616001
0,LS_oracle,0.0405489636448251
0,LS_oracle,0.0859644812992604
0,LS_oracle,0.112992173661422
0,LS_oracle,0.105217298362264
0,LS_oracle,0.0672719126108852
0,LS_oracle,0.0743835101227122
0,LS_oracle,0.0870871714365462
0,LS_oracle,0.0635865618211839
0,LS_oracle,0.0412471697995029
0,LS_oracle,0.0240657187434437
0,LS_oracle,0.125185191448047
0,LS_oracle,0.0264668904254997
0,LS_oracle,0.0778384046651204
0,LS_oracle,0.0431405887328005
0,LS_oracle,0.0806160805413829
0,LS_oracle,0.0935318305881363
0,LS_oracle,0.0613706578729292
0,LS_oracle,0.0383239573315299
0,LS_oracle,0.0653575079918354
0,LS_oracle,0.0152880251895411
0,LS_oracle,0.0411700871140608
0,LS_oracle,0.0438845213833543
0,LS_oracle,0.057718079881163
0,LS_oracle,0.0553615343680951
0,LS_oracle,0.0443042534722971
0,LS_oracle,0.053469366072173
0,LS_oracle,0.086662205280978
0,LS_oracle,0.00715908711658964
0,LS_oracle,0.0746494030002895
0,LS_oracle,0.110468691579012
0,LS_oracle,0.0679818280858748
0,LS_oracle,0.08952119869185
0,LS_oracle,0.110815885433756
0,LS_oracle,0.123149624253969
0,LS_oracle,0.0318792655089604
0,LS_oracle,0.0807123575755755
0,LS_oracle,0.069448237677012
0,LS_oracle,0.103216685112866
0,LS_oracle,0.0714866263292036
0,LS_oracle,0.0424115136798731
0,LS_oracle,0.0930891839231527
0,LS_oracle,0.0647117957134336
0,LS_oracle,0.117205374989428
0,LS_oracle,0.0669895371679756
0,LS_oracle,0.0528447895657769
0,LS_oracle,0.00874912456340349
0,LS_oracle,0.0248668331310273
0,LS_oracle,0.086358868415934
0,LS_oracle,0.121355322697586
0,LS_oracle,0.0364897207958277
0,LS_oracle,0.0763187666455081
0,LS_oracle,0.0598242442933281
0,LS_oracle,0.0899504925540726
0,LS_oracle,0.0735262756431732
0,LS_oracle,0.0644344615171024
0,LS_oracle,0.072231615248203
0,LS_oracle,0.0786915477064212
0,LS_oracle,0.0945954864919607
0,LS_oracle,0.0591676549887883
0,LS_oracle,0.0696301881720145
0,LS_oracle,0.0222329348525858
0,LS_oracle,0.0644781836649331
0,LS_oracle,0.0864380095349211
0,LS_oracle,0.107071622480723
0,LS_oracle,0.0583453183162088
0,LS_oracle,0.0416121365862623
0,LS_oracle,0.0829011493999994
0,LS_oracle,0.0841188775360533
0,TS_oracle,0.0748159161480486
0,TS_oracle,0.0483176780318861
0,TS_oracle,0.0873538146491613
0,TS_oracle,0.0378548859756851
0,TS_oracle,0.0904374501802827
0,TS_oracle,0.0434302800375008
0,TS_oracle,0.041403609028118
0,TS_oracle,0.0345819516233143
0,TS_oracle,0.0888600371465784
0,TS_oracle,0.0653784527647612
0,TS_oracle,0.0200453865646302
0,TS_oracle,0.106095468052703
0,TS_oracle,0.107731037810743
0,TS_oracle,0.0180913948361978
0,TS_oracle,0.100504433270189
0,TS_oracle,0.0543614182692895
0,TS_oracle,0.108670246783426
0,TS_oracle,0.086873468103327
0,TS_oracle,0.066894399674776
0,TS_oracle,0.0769960257031763
0,TS_oracle,0.0488337271740478
0,TS_oracle,0.0659512069134092
0,TS_oracle,0.083696360079125
0,TS_oracle,0.127855440725802
0,TS_oracle,0.0816668327130217
0,TS_oracle,0.118977309605264
0,TS_oracle,0.0444144588135289
0,TS_oracle,0.0302547783271578
0,TS_oracle,0.139566670622291
0,TS_oracle,0.0784310327441151
0,TS_oracle,0.0767430438990182
0,TS_oracle,0.0106665226922062
0,TS_oracle,0.122849444335318
0,TS_oracle,0.0405882958502206
0,TS_oracle,0.119447489073386
0,TS_oracle,0.0258270338595985
0,TS_oracle,0.0770145694741531
0,TS_oracle,0.0665367766102587
0,TS_oracle,0.0947966976684631
0,TS_oracle,0.0782644958743024
0,TS_oracle,0.088980519808479
0,TS_oracle,0.0761537175127087
0,TS_oracle,0.0393428665550812
0,TS_oracle,0.0716921024691817
0,TS_oracle,0.0599659868453513
0,TS_oracle,0.0670033778817376
0,TS_oracle,0.0511659770848094
0,TS_oracle,0.063163126010725
0,TS_oracle,0.0628317206207214
0,TS_oracle,0.0920239196779586
0,TS_oracle,0.058736161105283
0,TS_oracle,0.0153830194404021
0,TS_oracle,0.146488171744812
0,TS_oracle,0.0328201477531047
0,TS_oracle,0.0239401713827636
0,TS_oracle,0.0872060075108676
0,TS_oracle,0.0688316215160028
0,TS_oracle,0.0714014090998136
0,TS_oracle,0.0616231013306923
0,TS_oracle,0.035171752464306
0,TS_oracle,0.0654996785687607
0,TS_oracle,-0.00591488913217919
0,TS_oracle,0.105709497145726
0,TS_oracle,0.132631450967502
0,TS_oracle,0.116039121303276
0,TS_oracle,0.0456492373055302
0,TS_oracle,0.00660488616034249
0,TS_oracle,0.0926478120193226
0,TS_oracle,0.09312139723112
0,TS_oracle,0.0614986931980395
0,TS_oracle,0.100432934258172
0,TS_oracle,0.0682558521483136
0,TS_oracle,0.0765614576908156
0,TS_oracle,0.0548087394355921
0,TS_oracle,0.0457900146935446
0,TS_oracle,0.122495086915241
0,TS_oracle,0.0466611351142638
0,TS_oracle,0.0861469389705076
0,TS_oracle,0.114423020395337
0,TS_oracle,0.145086797994865
0,TS_oracle,0.0801309365366276
0,TS_oracle,0.0847536903167652
0,TS_oracle,0.0949753800174906
0,TS_oracle,0.0735600728375712
0,TS_oracle,0.0497786162030598
0,TS_oracle,0.0307086707291655
0,TS_oracle,0.0407559718043782
0,TS_oracle,0.0583010786161189
0,TS_oracle,0.0230347184072557
0,TS_oracle,0.0433326791328918
0,TS_oracle,0.093165380742672
0,TS_oracle,0.0595642853541132
0,TS_oracle,0.0600995558461772
0,TS_oracle,0.0517394673826106
0,TS_oracle,0.0986360658979442
0,TS_oracle,0.0238544728342553
0,TS_oracle,0.05472840135612
0,TS_oracle,0.0431171365294865
0,TS_oracle,0.0489165376614571
0,TS_oracle,0.0592309275838072
0,TS_oracle,0.0585219657420692
0,TS_oracle,0.102276736424056
0,TS_oracle,0.122298632991336
0,TS_oracle,0.102949216983833
0,TS_oracle,0.0659549480638917
0,TS_oracle,0.1343619013441
0,TS_oracle,0.0572833388404881
0,TS_oracle,0.0476828439037695
0,TS_oracle,0.0333162245189556
0,TS_oracle,0.0135119396657937
0,TS_oracle,0.129585850985535
0,TS_oracle,0.0690399957162815
0,TS_oracle,0.0565498866896728
0,TS_oracle,0.00241483515530105
0,TS_oracle,0.0519414790590123
0,TS_oracle,0.0549718967524979
0,TS_oracle,0.0212895857450346
0,TS_oracle,0.145610399466119
0,TS_oracle,0.0752363553285373
0,TS_oracle,0.0799706691165791
0,TS_oracle,0.119422727679425
0,TS_oracle,0.0558009432821833
0,TS_oracle,0.0815997020567536
0,TS_oracle,0.0778829115303989
0,TS_oracle,0.00130549465697638
0,TS_oracle,0.145933700173945
0,TS_oracle,0.109970646902294
0,TS_oracle,0.0874067701790902
0,TS_oracle,0.113709068873994
0,TS_oracle,0.0334667004388414
0,TS_oracle,0.0276988176469173
0,TS_oracle,0.0576586301662005
0,TS_oracle,0.0405489636448251
0,TS_oracle,0.0858177838890819
0,TS_oracle,0.113176695091291
0,TS_oracle,0.105236252587076
0,TS_oracle,0.0670002588660017
0,TS_oracle,0.0744017618005948
0,TS_oracle,0.0876802949081694
0,TS_oracle,0.0636160570330775
0,TS_oracle,0.0412471697995029
0,TS_oracle,0.0240657187434437
0,TS_oracle,0.125185191448047
0,TS_oracle,0.0264049126817112
0,TS_oracle,0.0777025880150697
0,TS_oracle,0.0429410344566545
0,TS_oracle,0.0806037064039387
0,TS_oracle,0.0935306619287162
0,TS_oracle,0.0613644605505956
0,TS_oracle,0.038258055812272
0,TS_oracle,0.0654377736182392
0,TS_oracle,0.0153368052873806
0,TS_oracle,0.0411418016141409
0,TS_oracle,0.0435783673361885
0,TS_oracle,0.0577540101903986
0,TS_oracle,0.0553266793854656
0,TS_oracle,0.0442492511797994
0,TS_oracle,0.0535215214729654
0,TS_oracle,0.0871610254066995
0,TS_oracle,0.00689130875206834
0,TS_oracle,0.0746573218726629
0,TS_oracle,0.110468691579012
0,TS_oracle,0.0679818280858748
0,TS_oracle,0.0895574596330273
0,TS_oracle,0.11081350077333
0,TS_oracle,0.122289549643325
0,TS_oracle,0.0319911193723408
0,TS_oracle,0.0806892116011972
0,TS_oracle,0.0696364249940387
0,TS_oracle,0.103266803690342
0,TS_oracle,0.0715147798676514
0,TS_oracle,0.0424266190953448
0,TS_oracle,0.0930892201645985
0,TS_oracle,0.064711795713434
0,TS_oracle,0.117203139281567
0,TS_oracle,0.0669959177568014
0,TS_oracle,0.0528339264943514
0,TS_oracle,0.00860818288827869
0,TS_oracle,0.0248539616951469
0,TS_oracle,0.0863567798987575
0,TS_oracle,0.120886743539873
0,TS_oracle,0.0364897207958277
0,TS_oracle,0.0762506918047909
0,TS_oracle,0.0598242442933281
0,TS_oracle,0.0899504925540726
0,TS_oracle,0.0734822752748758
0,TS_oracle,0.0644344615171024
0,TS_oracle,0.0722334582216635
0,TS_oracle,0.0787165559809548
0,TS_oracle,0.0946015199790453
0,TS_oracle,0.059161756545296
0,TS_oracle,0.0696465442329919
0,TS_oracle,0.0222329348525858
0,TS_oracle,0.0645684009248428
0,TS_oracle,0.0864380095349222
0,TS_oracle,0.107071622480723
0,TS_oracle,0.0581980493982419
0,TS_oracle,0.0416121365862623
0,TS_oracle,0.0828844160314228
0,TS_oracle,0.0841188775360535
0.1,PLS,0.0661286365438958
0.1,PLS,0.0708920361343899
0.1,PLS,0.115839442322455
0.1,PLS,0.0955166466979938
0.1,PLS,0.0703136482964406
0.1,PLS,0.109478149201309
0.1,PLS,0.0616474405147427
0.1,PLS,0.11546868153329
0.1,PLS,0.0480188369040981
0.1,PLS,0.0804227237083019
0.1,PLS,0.0531577812279904
0.1,PLS,0.0717644165465092
0.1,PLS,0.0711384686563679
0.1,PLS,0.103276554390325
0.1,PLS,0.0667845423082047
0.1,PLS,0.101635623463603
0.1,PLS,0.0378572440289566
0.1,PLS,0.145366330640533
0.1,PLS,0.0972460012519396
0.1,PLS,0.0734687235832503
0.1,PLS,0.0127393286378461
0.1,PLS,0.026935674550574
0.1,PLS,0.0588363798601101
0.1,PLS,0.0852388953838041
0.1,PLS,0.0466408531715767
0.1,PLS,0.0804289022911007
0.1,PLS,0.108726638087173
0.1,PLS,0.0849384421035773
0.1,PLS,0.0623973379346328
0.1,PLS,0.0759167916339902
0.1,PLS,0.0899664664324054
0.1,PLS,0.0300156403161522
0.1,PLS,0.0735353289622174
0.1,PLS,0.086976623594287
0.1,PLS,0.0719786460712211
0.1,PLS,0.150571266831254
0.1,PLS,0.0581452545991312
0.1,PLS,0.102141724683599
0.1,PLS,0.0796146220684524
0.1,PLS,0.0662016069251603
0.1,PLS,0.0717937599524976
0.1,PLS,0.110152339025316
0.1,PLS,0.144836414018748
0.1,PLS,0.0603531503704702
0.1,PLS,0.0723608368990634
0.1,PLS,0.0771999973420345
0.1,PLS,-0.00423225958074525
0.1,PLS,0.0624618371326526
0.1,PLS,0.0470113095589884
0.1,PLS,0.0978478153489808
0.1,PLS,0.0860851089027439
0.1,PLS,0.10319420269684
0.1,PLS,0.184289249506617
0.1,PLS,0.0639795458355852
0.1,PLS,0.106236779478738
0.1,PLS,0.0641977103700166
0.1,PLS,0.0960698450448045
0.1,PLS,0.0924480521407312
0.1,PLS,0.0914312426677184
0.1,PLS,0.11179863077881
0.1,PLS,0.0146171198270011
0.1,PLS,0.0664015462070018
0.1,PLS,0.0406508949354787
0.1,PLS,0.0939693148279568
0.1,PLS,0.112653979119962
0.1,PLS,0.0931698567983841
0.1,PLS,0.056035444995477
0.1,PLS,0.0522314649348998
0.1,PLS,0.0509171412402616
0.1,PLS,0.122183191262834
0.1,PLS,0.0745322863822671
0.1,PLS,0.0736791613388159
0.1,PLS,0.0666017629101923
0.1,PLS,0.0819828958914621
0.1,PLS,0.0647356564983357
0.1,PLS,0.0438132011919548
0.1,PLS,0.047636295385701
0.1,PLS,0.081007022091218
0.1,PLS,0.104834596753157
0.1,PLS,0.0506186059905163
0.1,PLS,0.0607407117071577
0.1,PLS,0.0713122002922169
0.1,PLS,0.0847113626671498
0.1,PLS,0.0214401538240629
0.1,PLS,0.0218563879268092
0.1,PLS,0.0851194629506766
0.1,PLS,0.0622598659972167
0.1,PLS,0.0608567014191159
0.1,PLS,0.0206062352929763
0.1,PLS,0.00990721050684651
0.1,PLS,0.100305049666542
0.1,PLS,0.0362909103992437
0.1,PLS,0.0699810635293261
0.1,PLS,0.042654887306486
0.1,PLS,0.0906324976702015
0.1,PLS,0.120145091576678
0.1,PLS,0.0598032444049839
0.1,PLS,0.126038583143065
0.1,PLS,0.0209154023248181
0.1,PLS,0.074228145247208
0.1,PLS,0.0829112258774996
0.1,PLS,0.112335844409542
0.1,PLS,0.0902727489234052
0.1,PLS,0.137138081886628
0.1,PLS,0.0821680279512254
0.1,PLS,0.105353696969754
0.1,PLS,0.0370647091892573
0.1,PLS,0.0361346198853121
0.1,PLS,0.0512909272757864
0.1,PLS,0.0725731841436625
0.1,PLS,0.11500714230044
0.1,PLS,0.071799161257736
0.1,PLS,0.112014755017669
0.1,PLS,0.00513002917585847
0.1,PLS,0.0570496831298588
0.1,PLS,0.0666153132773297
0.1,PLS,0.0385227642745034
0.1,PLS,0.0764391549913837
0.1,PLS,0.0490929343076454
0.1,PLS,0.081611016720349
0.1,PLS,0.0956657412020798
0.1,PLS,0.083424029007213
0.1,PLS,0.0835161325499028
0.1,PLS,0.0655191119871663
0.1,PLS,0.0522218124078926
0.1,PLS,0.0844652388916574
0.1,PLS,0.0910783386442686
0.1,PLS,0.0282803642001508
0.1,PLS,0.0471459775208565
0.1,PLS,0.0273624980433791
0.1,PLS,0.0874565151116471
0.1,PLS,0.0543055169831641
0.1,PLS,-0.00786280214206991
0.1,PLS,0.0446040148918296
0.1,PLS,0.0850395893905826
0.1,PLS,0.0996845378423692
0.1,PLS,0.0544634907611941
0.1,PLS,0.0427242940835031
0.1,PLS,0.117049253482675
0.1,PLS,0.0705414342552131
0.1,PLS,0.0710996657211875
0.1,PLS,0.0909690736235427
0.1,PLS,0.109206583384696
0.1,PLS,0.0106688138613162
0.1,PLS,0.0583833023959763
0.1,PLS,0.0375808347745485
0.1,PLS,0.0578091737902582
0.1,PLS,0.0754639186691377
0.1,PLS,0.0335993978138052
0.1,PLS,0.0259773595010493
0.1,PLS,0.0892818097319965
0.1,PLS,0.0609112939569574
0.1,PLS,0.0178936368412836
0.1,PLS,0.0451483756759736
0.1,PLS,0.0819290746861807
0.1,PLS,0.0635987423366986
0.1,PLS,0.108400983472177
0.1,PLS,0.0348607484909078
0.1,PLS,0.118055323244053
0.1,PLS,0.0549887200220827
0.1,PLS,0.0953269449109635
0.1,PLS,0.0281045395152373
0.1,PLS,0.0526661233984502
0.1,PLS,0.0432782367662594
0.1,PLS,0.061848190108208
0.1,PLS,0.0741566618445764
0.1,PLS,0.0717932313366951
0.1,PLS,0.102346001142724
0.1,PLS,0.10262504958481
0.1,PLS,0.0318233346412871
0.1,PLS,0.116186098696063
0.1,PLS,0.108155892414109
0.1,PLS,0.0894824071041611
0.1,PLS,0.0664265897758989
0.1,PLS,0.0906671289466632
0.1,PLS,0.052569695641181
0.1,PLS,0.0503507577756519
0.1,PLS,0.0437824100538269
0.1,PLS,0.0668482868813296
0.1,PLS,0.0893687774508845
0.1,PLS,0.0969885479021071
0.1,PLS,0.0780725253311849
0.1,PLS,0.0269539746608305
0.1,PLS,0.108704023211813
0.1,PLS,0.055398149473519
0.1,PLS,0.0547379639775041
0.1,PLS,0.0947275585034988
0.1,PLS,0.0282786137034425
0.1,PLS,0.0532144069230309
0.1,PLS,0.0609002146660922
0.1,PLS,0.0418038233895828
0.1,PLS,0.0627868463554395
0.1,PLS,0.0770825114936113
0.1,PLS,0.113004336254396
0.1,PLS,0.10998035857943
0.1,PLS,0.0572749469778449
0.1,PLS,0.0848430022920572
0.1,PLS,0.0356118165980728
0.1,PLS,0.0563561840372253
0.1,PLS,0.0817939035745514
0.1,fTS,0.0661286365438958
0.1,fTS,0.0684537101124458
0.1,fTS,0.11577227985939
0.1,fTS,0.0955166466979938
0.1,fTS,0.0702374481590355
0.1,fTS,0.110429485814483
0.1,fTS,0.0600493082648512
0.1,fTS,0.113016205422884
0.1,fTS,0.0480188369040981
0.1,fTS,0.0784538198494587
0.1,fTS,0.0532110091378541
0.1,fTS,0.0715455257425806
0.1,fTS,0.0680153808559267
0.1,fTS,0.105193246166791
0.1,fTS,0.0667845423082047
0.1,fTS,0.102244005367027
0.1,fTS,0.0378572440289566
0.1,fTS,0.145366330640533
0.1,fTS,0.0972460012519396
0.1,fTS,0.0734986253458407
0.1,fTS,0.012908993222325
0.1,fTS,0.023380557576467
0.1,fTS,0.0586606355327846
0.1,fTS,0.0814742488436553
0.1,fTS,0.047405282988068
0.1,fTS,0.0804289022911007
0.1,fTS,0.106066211143527
0.1,fTS,0.0851989055363096
0.1,fTS,0.0623181820420766
0.1,fTS,0.0748028747640082
0.1,fTS,0.0913240949023535
0.1,fTS,0.029262945682603
0.1,fTS,0.0733010855620115
0.1,fTS,0.0878642906128895
0.1,fTS,0.0714536539407091
0.1,fTS,0.150571266831254
0.1,fTS,0.0581452545991312
0.1,fTS,0.105257061913217
0.1,fTS,0.0796146220684524
0.1,fTS,0.0650611564926529
0.1,fTS,0.0697466536015607
0.1,fTS,0.11005600200146
0.1,fTS,0.144836414018748
0.1,fTS,0.0594601387846327
0.1,fTS,0.0720519079335469
0.1,fTS,0.0771999973420345
0.1,fTS,-0.00443070268887591
0.1,fTS,0.062376473172397
0.1,fTS,0.0480068643646794
0.1,fTS,0.0978478153489808
0.1,fTS,0.0859685938555774
0.1,fTS,0.107622912521953
0.1,fTS,0.183116902740777
0.1,fTS,0.0641796085760755
0.1,fTS,0.104866955041552
0.1,fTS,0.0641202674522832
0.1,fTS,0.0957456153978471
0.1,fTS,0.0924480521407312
0.1,fTS,0.091452845030471
0.1,fTS,0.11185303093082
0.1,fTS,0.0144368948779841
0.1,fTS,0.0681013958945755
0.1,fTS,0.0397148501538482
0.1,fTS,0.090908294673518
0.1,fTS,0.110273793848797
0.1,fTS,0.0931698567983841
0.1,fTS,0.0561330180818806
0.1,fTS,0.052533850692366
0.1,fTS,0.0509171412402616
0.1,fTS,0.122752901346116
0.1,fTS,0.0751888268201277
0.1,fTS,0.0736791613388159
0.1,fTS,0.0697013863332288
0.1,fTS,0.0811378545327066
0.1,fTS,0.0637293784077113
0.1,fTS,0.0438705201476011
0.1,fTS,0.048143444234729
0.1,fTS,0.0824509921171892
0.1,fTS,0.104699141277612
0.1,fTS,0.0492789957769628
0.1,fTS,0.0609634454853765
0.1,fTS,0.0698240849396981
0.1,fTS,0.084069234118155
0.1,fTS,0.0229948509219862
0.1,fTS,0.0217228820262245
0.1,fTS,0.0861703189945451
0.1,fTS,0.0624164500634607
0.1,fTS,0.0585338333063918
0.1,fTS,0.0188437300448256
0.1,fTS,0.0106268752704746
0.1,fTS,0.0989907453408001
0.1,fTS,0.0338750142595081
0.1,fTS,0.0688777538312493
0.1,fTS,0.042654887306486
0.1,fTS,0.0917171848151057
0.1,fTS,0.119161537872795
0.1,fTS,0.0588786087056321
0.1,fTS,0.126036206704778
0.1,fTS,0.0208311584280068
0.1,fTS,0.0739749202751867
0.1,fTS,0.0815210723112187
0.1,fTS,0.111592615135669
0.1,fTS,0.0871372653323224
0.1,fTS,0.136401592525958
0.1,fTS,0.0831152391778343
0.1,fTS,0.105353696969754
0.1,fTS,0.0384490690400481
0.1,fTS,0.0366956903911448
0.1,fTS,0.0491490986358529
0.1,fTS,0.0735098607796765
0.1,fTS,0.115123353561758
0.1,fTS,0.0715622342615647
0.1,fTS,0.111805053566587
0.1,fTS,0.00513002917585847
0.1,fTS,0.0578563503134277
0.1,fTS,0.0671517410596243
0.1,fTS,0.0387033812572557
0.1,fTS,0.0764391549913837
0.1,fTS,0.0501888171094966
0.1,fTS,0.0831875584549442
0.1,fTS,0.0918613781513624
0.1,fTS,0.0828903864186445
0.1,fTS,0.0835161325499028
0.1,fTS,0.0678013744697388
0.1,fTS,0.0522218124078926
0.1,fTS,0.0848722074250639
0.1,fTS,0.0907995943887663
0.1,fTS,0.0282803642001508
0.1,fTS,0.047624288541454
0.1,fTS,0.0273624980433791
0.1,fTS,0.0874565151116471
0.1,fTS,0.0539555152764097
0.1,fTS,-0.00786280214206991
0.1,fTS,0.0450594852059623
0.1,fTS,0.0850395893905826
0.1,fTS,0.0994395461371289
0.1,fTS,0.0544634907611941
0.1,fTS,0.0427242940835031
0.1,fTS,0.117114861560404
0.1,fTS,0.0703848184020082
0.1,fTS,0.0709292209788963
0.1,fTS,0.0911176286516566
0.1,fTS,0.108917073924331
0.1,fTS,0.0108862555634668
0.1,fTS,0.0583833023959763
0.1,fTS,0.0406365017230939
0.1,fTS,0.0616726995242289
0.1,fTS,0.0753844372131662
0.1,fTS,0.0349534131812506
0.1,fTS,0.0264454832357011
0.1,fTS,0.0892818097319965
0.1,fTS,0.0583051416677594
0.1,fTS,0.0195860318082239
0.1,fTS,0.0431476490131193
0.1,fTS,0.0818284402266802
0.1,fTS,0.063091553068934
0.1,fTS,0.105105790943765
0.1,fTS,0.0343312676796845
0.1,fTS,0.116293551502548
0.1,fTS,0.0549335429611022
0.1,fTS,0.0954609426568598
0.1,fTS,0.0282559386498535
0.1,fTS,0.0526276365535951
0.1,fTS,0.0432782367662594
0.1,fTS,0.0612619738388975
0.1,fTS,0.0760693141687827
0.1,fTS,0.0717932313366951
0.1,fTS,0.100101238566793
0.1,fTS,0.0994477870261006
0.1,fTS,0.0301156629747654
0.1,fTS,0.114731611686881
0.1,fTS,0.108220835133359
0.1,fTS,0.0894824071041611
0.1,fTS,0.0667770100482874
0.1,fTS,0.0909266443902033
0.1,fTS,0.0533733614991232
0.1,fTS,0.048425515646201
0.1,fTS,0.0437824100538269
0.1,fTS,0.0668391991347077
0.1,fTS,0.0882099707021617
0.1,fTS,0.0959674904308552
0.1,fTS,0.0780725253311849
0.1,fTS,0.0275268027718658
0.1,fTS,0.1083145683717
0.1,fTS,0.0558375344837743
0.1,fTS,0.0545322312440129
0.1,fTS,0.0875727310268311
0.1,fTS,0.0280523652692644
0.1,fTS,0.0522233440561073
0.1,fTS,0.0619035270364097
0.1,fTS,0.0417695049726594
0.1,fTS,0.0610264005492871
0.1,fTS,0.0777576150078265
0.1,fTS,0.112497464551577
0.1,fTS,0.110974258885214
0.1,fTS,0.0566433373382107
0.1,fTS,0.0848430022920572
0.1,fTS,0.0349480554599451
0.1,fTS,0.056051084949498
0.1,fTS,0.0837979029218294
0.1,LS_oracle,0.0655691879627567
0.1,LS_oracle,0.0678665978541921
0.1,LS_oracle,0.11584065569447
0.1,LS_oracle,0.0954460233229566
0.1,LS_oracle,0.0681614254584453
0.1,LS_oracle,0.102859506224508
0.1,LS_oracle,0.0608913890235343
0.1,LS_oracle,0.119527697079521
0.1,LS_oracle,0.0471758024231193
0.1,LS_oracle,0.0799816115660898
0.1,LS_oracle,0.0527959749833919
0.1,LS_oracle,0.0725225510777381
0.1,LS_oracle,0.0706825125633366
0.1,LS_oracle,0.103013099448166
0.1,LS_oracle,0.0658381590076398
0.1,LS_oracle,0.0931168761199783
0.1,LS_oracle,0.0347538942371539
0.1,LS_oracle,0.146039271379578
0.1,LS_oracle,0.0970250518008118
0.1,LS_oracle,0.0757661085311272
0.1,LS_oracle,0.0116142889279045
0.1,LS_oracle,0.0266547525049057
0.1,LS_oracle,0.0565962707244692
0.1,LS_oracle,0.0842234501781147
0.1,LS_oracle,0.0426656389675752
0.1,LS_oracle,0.0803709990120876
0.1,LS_oracle,0.108838751569434
0.1,LS_oracle,0.0846436648369691
0.1,LS_oracle,0.0630029699432153
0.1,LS_oracle,0.0760403445500186
0.1,LS_oracle,0.0896834201411991
0.1,LS_oracle,0.0301493880712427
0.1,LS_oracle,0.0706943480156925
0.1,LS_oracle,0.0856619583137876
0.1,LS_oracle,0.0721027302301274
0.1,LS_oracle,0.147852127994711
0.1,LS_oracle,0.0550690704687091
0.1,LS_oracle,0.102164521354672
0.1,LS_oracle,0.0774520662236051
0.1,LS_oracle,0.0663369935631077
0.1,LS_oracle,0.071641273593734
0.1,LS_oracle,0.110143801198499
0.1,LS_oracle,0.143932317601747
0.1,LS_oracle,0.0604133019937614
0.1,LS_oracle,0.0716000416041518
0.1,LS_oracle,0.0773125923635491
0.1,LS_oracle,-0.00200318268583488
0.1,LS_oracle,0.0624867156389162
0.1,LS_oracle,0.0468993846759562
0.1,LS_oracle,0.094107978661804
0.1,LS_oracle,0.086153690029861
0.1,LS_oracle,0.100306397347869
0.1,LS_oracle,0.18420123772115
0.1,LS_oracle,0.0637530800825621
0.1,LS_oracle,0.106365943129599
0.1,LS_oracle,0.0643657089688221
0.1,LS_oracle,0.0955149549678671
0.1,LS_oracle,0.0922034613429839
0.1,LS_oracle,0.0915993410733111
0.1,LS_oracle,0.11066853724329
0.1,LS_oracle,0.0136454820033287
0.1,LS_oracle,0.0663563356251318
0.1,LS_oracle,0.0414855184434662
0.1,LS_oracle,0.0950843992252395
0.1,LS_oracle,0.113032279814548
0.1,LS_oracle,0.0819983934305952
0.1,LS_oracle,0.0558163702835679
0.1,LS_oracle,0.0528540559416846
0.1,LS_oracle,0.0510246990594263
0.1,LS_oracle,0.122012246208025
0.1,LS_oracle,0.0750067003389827
0.1,LS_oracle,0.06951147609443
0.1,LS_oracle,0.0677366574235736
0.1,LS_oracle,0.0821398656460426
0.1,LS_oracle,0.0628910515344203
0.1,LS_oracle,0.0459257902296173
0.1,LS_oracle,0.0466198285814905
0.1,LS_oracle,0.0814129034203461
0.1,LS_oracle,0.10512507476495
0.1,LS_oracle,0.0496917158709604
0.1,LS_oracle,0.0606593257333679
0.1,LS_oracle,0.0713168160976894
0.1,LS_oracle,0.0820322979347687
0.1,LS_oracle,0.0215913686338383
0.1,LS_oracle,0.0216321957482475
0.1,LS_oracle,0.0847614247395763
0.1,LS_oracle,0.0618390363792505
0.1,LS_oracle,0.0569045585975467
0.1,LS_oracle,0.0194987356166596
0.1,LS_oracle,0.00854496898714951
0.1,LS_oracle,0.100425298695814
0.1,LS_oracle,0.0364730340836825
0.1,LS_oracle,0.0690780591780287
0.1,LS_oracle,0.042647531703832
0.1,LS_oracle,0.0906301825207894
0.1,LS_oracle,0.120059528762944
0.1,LS_oracle,0.0596034531130945
0.1,LS_oracle,0.126278918580179
0.1,LS_oracle,0.0222129187925351
0.1,LS_oracle,0.0733586937664055
0.1,LS_oracle,0.0828493274448878
0.1,LS_oracle,0.11210174125024
0.1,LS_oracle,0.0884540058885623
0.1,LS_oracle,0.13853336641109
0.1,LS_oracle,0.0836740197673178
0.1,LS_oracle,0.106037441197816
0.1,LS_oracle,0.036553760779181
0.1,LS_oracle,0.0348213767306695
0.1,LS_oracle,0.0530148652745661
0.1,LS_oracle,0.0695466550781687
0.1,LS_oracle,0.113011735619776
0.1,LS_oracle,0.0760889126267148
0.1,LS_oracle,0.112115472664238
0.1,LS_oracle,0.00518924303399082
0.1,LS_oracle,0.0577842632486927
0.1,LS_oracle,0.066396169760115
0.1,LS_oracle,0.0380004433404049
0.1,LS_oracle,0.0764610010048896
0.1,LS_oracle,0.0426424175926574
0.1,LS_oracle,0.080355329899729
0.1,LS_oracle,0.0915103500822545
0.1,LS_oracle,0.0840991408319913
0.1,LS_oracle,0.083791438946327
0.1,LS_oracle,0.0657312968491826
0.1,LS_oracle,0.0530002336888067
0.1,LS_oracle,0.0844823964210188
0.1,LS_oracle,0.0909327694100739
0.1,LS_oracle,0.0255006831801026
0.1,LS_oracle,0.0488120727183441
0.1,LS_oracle,0.0252304398849184
0.1,LS_oracle,0.0840769144687954
0.1,LS_oracle,0.0519878233828241
0.1,LS_oracle,-0.00772837661507797
0.1,LS_oracle,0.0436612982293181
0.1,LS_oracle,0.0852473142967207
0.1,LS_oracle,0.099512843497038
0.1,LS_oracle,0.0542269642353101
0.1,LS_oracle,0.0433573463236059
0.1,LS_oracle,0.116579285180206
0.1,LS_oracle,0.0711627697022088
0.1,LS_oracle,0.0704752377048581
0.1,LS_oracle,0.0877596342304174
0.1,LS_oracle,0.105106579474144
0.1,LS_oracle,0.010552490296647
0.1,LS_oracle,0.0534245243401696
0.1,LS_oracle,0.0376083836633039
0.1,LS_oracle,0.0570752653235027
0.1,LS_oracle,0.0748000479442199
0.1,LS_oracle,0.0341553115047002
0.1,LS_oracle,0.0267408731294867
0.1,LS_oracle,0.089835130390187
0.1,LS_oracle,0.0602557961373587
0.1,LS_oracle,0.0182852817852561
0.1,LS_oracle,0.0462034229753121
0.1,LS_oracle,0.0806933775832146
0.1,LS_oracle,0.069287759947916
0.1,LS_oracle,0.109631616785156
0.1,LS_oracle,0.0343102322632001
0.1,LS_oracle,0.116728146386293
0.1,LS_oracle,0.0560936585439074
0.1,LS_oracle,0.0944307184680344
0.1,LS_oracle,0.0272819520803
0.1,LS_oracle,0.0530522582682904
0.1,LS_oracle,0.0368404653258922
0.1,LS_oracle,0.0617449714546781
0.1,LS_oracle,0.0759105685528081
0.1,LS_oracle,0.0700339010172961
0.1,LS_oracle,0.103102057185273
0.1,LS_oracle,0.101539999330052
0.1,LS_oracle,0.0326870816341271
0.1,LS_oracle,0.115269097477808
0.1,LS_oracle,0.107442395643243
0.1,LS_oracle,0.0896243975473838
0.1,LS_oracle,0.0667748423484515
0.1,LS_oracle,0.0906761448723852
0.1,LS_oracle,0.0528045846707204
0.1,LS_oracle,0.0504330055830342
0.1,LS_oracle,0.0422484259487619
0.1,LS_oracle,0.0668351990048979
0.1,LS_oracle,0.0856381720015502
0.1,LS_oracle,0.0969560609974476
0.1,LS_oracle,0.0758322790434927
0.1,LS_oracle,0.0266792165750653
0.1,LS_oracle,0.108593096052435
0.1,LS_oracle,0.0565900796502208
0.1,LS_oracle,0.0545340856395944
0.1,LS_oracle,0.0948559110474252
0.1,LS_oracle,0.0259262890801495
0.1,LS_oracle,0.0558021467685681
0.1,LS_oracle,0.0574234326800795
0.1,LS_oracle,0.042508942811788
0.1,LS_oracle,0.0643075975325123
0.1,LS_oracle,0.075368219651069
0.1,LS_oracle,0.113234002281651
0.1,LS_oracle,0.109770831525741
0.1,LS_oracle,0.0577456787072037
0.1,LS_oracle,0.085015263274866
0.1,LS_oracle,0.0356270789986639
0.1,LS_oracle,0.0562665727506788
0.1,LS_oracle,0.0802426062936841
0.1,TS_oracle,0.0654368211622436
0.1,TS_oracle,0.0671322604768547
0.1,TS_oracle,0.115770761444453
0.1,TS_oracle,0.0954460233229566
0.1,TS_oracle,0.0681813892977281
0.1,TS_oracle,0.103372928386194
0.1,TS_oracle,0.0596472077122463
0.1,TS_oracle,0.116356446931323
0.1,TS_oracle,0.0471758024231193
0.1,TS_oracle,0.0786237873671845
0.1,TS_oracle,0.0530781076653382
0.1,TS_oracle,0.0724911669760797
0.1,TS_oracle,0.0678236987098246
0.1,TS_oracle,0.10484434066038
0.1,TS_oracle,0.0658381590076398
0.1,TS_oracle,0.0945752550949097
0.1,TS_oracle,0.0347538942371539
0.1,TS_oracle,0.146039271379578
0.1,TS_oracle,0.0970250518008118
0.1,TS_oracle,0.0755296494736897
0.1,TS_oracle,0.0117009811254571
0.1,TS_oracle,0.0239478103041477
0.1,TS_oracle,0.0565062517360093
0.1,TS_oracle,0.0794518841114547
0.1,TS_oracle,0.0427044125518967
0.1,TS_oracle,0.0803709990120876
0.1,TS_oracle,0.106255516079429
0.1,TS_oracle,0.0854849592321396
0.1,TS_oracle,0.062874739398681
0.1,TS_oracle,0.0748753004457829
0.1,TS_oracle,0.0911714317670056
0.1,TS_oracle,0.0287682728449661
0.1,TS_oracle,0.0717677318461909
0.1,TS_oracle,0.0861215888705813
0.1,TS_oracle,0.0716641597960854
0.1,TS_oracle,0.147852127994711
0.1,TS_oracle,0.0550690704687091
0.1,TS_oracle,0.105160709940554
0.1,TS_oracle,0.0774520662236051
0.1,TS_oracle,0.065179897844285
0.1,TS_oracle,0.0696573527098816
0.1,TS_oracle,0.110011921187141
0.1,TS_oracle,0.143932317601747
0.1,TS_oracle,0.0596146806562154
0.1,TS_oracle,0.0713320940820983
0.1,TS_oracle,0.0773125923635491
0.1,TS_oracle,-0.00380627429622871
0.1,TS_oracle,0.0622766756350059
0.1,TS_oracle,0.0474693965965745
0.1,TS_oracle,0.094107978661804
0.1,TS_oracle,0.086153690029861
0.1,TS_oracle,0.105546772167313
0.1,TS_oracle,0.183150953263215
0.1,TS_oracle,0.0640329005357843
0.1,TS_oracle,0.104767239920056
0.1,TS_oracle,0.0632767457858461
0.1,TS_oracle,0.0953148218070634
0.1,TS_oracle,0.0922034613429839
0.1,TS_oracle,0.0896893826068113
0.1,TS_oracle,0.11083134038021
0.1,TS_oracle,0.0136490838915011
0.1,TS_oracle,0.067733863692607
0.1,TS_oracle,0.0404406184153885
0.1,TS_oracle,0.0905918535898611
0.1,TS_oracle,0.110456707476802
0.1,TS_oracle,0.0819983934305952
0.1,TS_oracle,0.055673277472396
0.1,TS_oracle,0.0530691980871578
0.1,TS_oracle,0.0510246990594263
0.1,TS_oracle,0.122178425086372
0.1,TS_oracle,0.0749599501401457
0.1,TS_oracle,0.06951147609443
0.1,TS_oracle,0.0705854075750612
0.1,TS_oracle,0.0812575015997155
0.1,TS_oracle,0.0600725562290756
0.1,TS_oracle,0.0460025911074866
0.1,TS_oracle,0.046872830342942
0.1,TS_oracle,0.0826043149665874
0.1,TS_oracle,0.10512507476495
0.1,TS_oracle,0.048645046885357
0.1,TS_oracle,0.0608804380467851
0.1,TS_oracle,0.0698681335545979
0.1,TS_oracle,0.0810134989162314
0.1,TS_oracle,0.0220812741463996
0.1,TS_oracle,0.0218116981881151
0.1,TS_oracle,0.0856612318182948
0.1,TS_oracle,0.0609784461164362
0.1,TS_oracle,0.055173321776232
0.1,TS_oracle,0.0194987356166596
0.1,TS_oracle,0.00923721534549049
0.1,TS_oracle,0.0990967106073304
0.1,TS_oracle,0.0333857431908695
0.1,TS_oracle,0.0680809226599624
0.1,TS_oracle,0.042647531703832
0.1,TS_oracle,0.0914941709988677
0.1,TS_oracle,0.119041143131172
0.1,TS_oracle,0.0584919787982152
0.1,TS_oracle,0.12626851369783
0.1,TS_oracle,0.0218856323494319
0.1,TS_oracle,0.0733586937664055
0.1,TS_oracle,0.0811219351392678
0.1,TS_oracle,0.11143801353195
0.1,TS_oracle,0.086298952971154
0.1,TS_oracle,0.137325971241854
0.1,TS_oracle,0.08421807846018
0.1,TS_oracle,0.106037441197816
0.1,TS_oracle,0.0370450092462464
0.1,TS_oracle,0.0346004016018566
0.1,TS_oracle,0.0530889226813338
0.1,TS_oracle,0.0691536327815763
0.1,TS_oracle,0.112653584182961
0.1,TS_oracle,0.0754464262360528
0.1,TS_oracle,0.111902075105798
0.1,TS_oracle,0.00518924303399082
0.1,TS_oracle,0.0583146569648758
0.1,TS_oracle,0.0660762768870133
0.1,TS_oracle,0.038263186227248
0.1,TS_oracle,0.0772835717859
0.1,TS_oracle,0.0414758171531349
0.1,TS_oracle,0.0821185459715996
0.1,TS_oracle,0.0889992191562197
0.1,TS_oracle,0.0834617340806449
0.1,TS_oracle,0.083791438946327
0.1,TS_oracle,0.0664162007594677
0.1,TS_oracle,0.0530002336888067
0.1,TS_oracle,0.0848749307833001
0.1,TS_oracle,0.0906314203479601
0.1,TS_oracle,0.0255006831801026
0.1,TS_oracle,0.0486660432468269
0.1,TS_oracle,0.0252304398849184
0.1,TS_oracle,0.0840769144687954
0.1,TS_oracle,0.0518673616535552
0.1,TS_oracle,-0.00772837661507797
0.1,TS_oracle,0.0436348573424408
0.1,TS_oracle,0.0852398881737537
0.1,TS_oracle,0.0991809297191768
0.1,TS_oracle,0.0542269642353101
0.1,TS_oracle,0.0433573463236059
0.1,TS_oracle,0.116645478530366
0.1,TS_oracle,0.070990300830754
0.1,TS_oracle,0.0699612716131148
0.1,TS_oracle,0.0891125289345707
0.1,TS_oracle,0.104828362798544
0.1,TS_oracle,0.0108033462650672
0.1,TS_oracle,0.0534245243401696
0.1,TS_oracle,0.0406235218152176
0.1,TS_oracle,0.0605669400606512
0.1,TS_oracle,0.0748936387638108
0.1,TS_oracle,0.0352621550684897
0.1,TS_oracle,0.0271736988387403
0.1,TS_oracle,0.0902794397955038
0.1,TS_oracle,0.057839955030722
0.1,TS_oracle,0.0182852817852561
0.1,TS_oracle,0.0443923487259141
0.1,TS_oracle,0.0810022792781375
0.1,TS_oracle,0.069287759947916
0.1,TS_oracle,0.106131078040738
0.1,TS_oracle,0.0343087920027467
0.1,TS_oracle,0.116300890077691
0.1,TS_oracle,0.0561441579873709
0.1,TS_oracle,0.094200546713872
0.1,TS_oracle,0.0272819520803
0.1,TS_oracle,0.0532480785663374
0.1,TS_oracle,0.0368404653258922
0.1,TS_oracle,0.0611696404702391
0.1,TS_oracle,0.0769251349982318
0.1,TS_oracle,0.0700339010172961
0.1,TS_oracle,0.101115739799775
0.1,TS_oracle,0.0975506752478639
0.1,TS_oracle,0.0301217678499215
0.1,TS_oracle,0.114185301663941
0.1,TS_oracle,0.107554973685888
0.1,TS_oracle,0.0896286761880198
0.1,TS_oracle,0.0675144588626406
0.1,TS_oracle,0.0909726642334661
0.1,TS_oracle,0.0536469513669315
0.1,TS_oracle,0.0504330055830342
0.1,TS_oracle,0.0422484259487619
0.1,TS_oracle,0.0668659412390504
0.1,TS_oracle,0.0851940081445877
0.1,TS_oracle,0.0959471142109434
0.1,TS_oracle,0.0758322790434927
0.1,TS_oracle,0.0270172406376092
0.1,TS_oracle,0.107725247986289
0.1,TS_oracle,0.0565552243295879
0.1,TS_oracle,0.0543248503541922
0.1,TS_oracle,0.0878936759269571
0.1,TS_oracle,0.0256401096913907
0.1,TS_oracle,0.0548264824155484
0.1,TS_oracle,0.0574847148626829
0.1,TS_oracle,0.0424121713403651
0.1,TS_oracle,0.0621620773162852
0.1,TS_oracle,0.075646865953759
0.1,TS_oracle,0.112542124099779
0.1,TS_oracle,0.110243060640181
0.1,TS_oracle,0.0570466492103852
0.1,TS_oracle,0.085015263274866
0.1,TS_oracle,0.0349592928334521
0.1,TS_oracle,0.0562606075447771
0.1,TS_oracle,0.0811728048855882
0.2,PLS,0.0462696476518165
0.2,PLS,0.0774769169767395
0.2,PLS,0.100249484719219
0.2,PLS,0.0955865621987637
0.2,PLS,0.0867808698100123
0.2,PLS,0.0554233536015905
0.2,PLS,0.0598347489834101
0.2,PLS,0.0320113717713872
0.2,PLS,0.0832213911916442
0.2,PLS,0.0460347864297563
0.2,PLS,0.0666806319092736
0.2,PLS,0.161492963135913
0.2,PLS,0.0686738128773072
0.2,PLS,0.042715277841388
0.2,PLS,0.0891618398637257
0.2,PLS,0.100530631255884
0.2,PLS,0.0678175923306308
0.2,PLS,0.0979764591931156
0.2,PLS,0.0471187636080033
0.2,PLS,0.0674027886887787
0.2,PLS,0.100054087320327
0.2,PLS,0.109764207395462
0.2,PLS,0.0575741999311459
0.2,PLS,0.124565504574172
0.2,PLS,0.0705843661685244
0.2,PLS,0.0593836541180783
0.2,PLS,0.0294715002881356
0.2,PLS,0.0884333215237705
0.2,PLS,0.0748451539964532
0.2,PLS,0.0944103227036495
0.2,PLS,0.108159000710174
0.2,PLS,0.16554237066511
0.2,PLS,0.0424926966659001
0.2,PLS,0.103047856308173
0.2,PLS,0.0139284270399724
0.2,PLS,0.0911897354024027
0.2,PLS,0.0366696233211945
0.2,PLS,0.0870125147729064
0.2,PLS,0.0799802958187141
0.2,PLS,0.0730508254037177
0.2,PLS,0.0370246600270863
0.2,PLS,0.0883283887822413
0.2,PLS,0.056276378951214
0.2,PLS,0.088951029637454
0.2,PLS,0.0632328913240154
0.2,PLS,0.0770060577030742
0.2,PLS,0.0905947047692575
0.2,PLS,0.0671578896424911
0.2,PLS,0.0477729187491589
0.2,PLS,0.0291998659564983
0.2,PLS,0.0700857974499176
0.2,PLS,0.0602122800617726
0.2,PLS,0.064174525324223
0.2,PLS,0.090807460085562
0.2,PLS,0.120621902927535
0.2,PLS,0.0587969807304805
0.2,PLS,0.0339979002800881
0.2,PLS,0.0840949145456449
0.2,PLS,0.0332039496291867
0.2,PLS,0.0586049384877465
0.2,PLS,0.123409252292419
0.2,PLS,0.0983528912566101
0.2,PLS,0.0771335220727087
0.2,PLS,0.0512201684358606
0.2,PLS,0.0233922140877492
0.2,PLS,0.052432200736801
0.2,PLS,0.0798202774591734
0.2,PLS,0.0873822786652911
0.2,PLS,0.132609350425324
0.2,PLS,0.0762897479409257
0.2,PLS,0.102052678811189
0.2,PLS,0.0707504788532132
0.2,PLS,0.0472026718924561
0.2,PLS,0.0744789631183589
0.2,PLS,0.0979275882508346
0.2,PLS,0.0807496604858273
0.2,PLS,0.0566321272491357
0.2,PLS,0.0726183486625491
0.2,PLS,0.0689621927167403
0.2,PLS,0.105358416211278
0.2,PLS,0.0689662123671022
0.2,PLS,0.0809906336213679
0.2,PLS,0.0881977799212845
0.2,PLS,0.106515977276692
0.2,PLS,0.0748932183685347
0.2,PLS,0.071384731516924
0.2,PLS,0.0519110625900578
0.2,PLS,0.0414431510312421
0.2,PLS,0.0733601907170496
0.2,PLS,0.0560442118456292
0.2,PLS,0.0290628000520659
0.2,PLS,0.0318317870994571
0.2,PLS,0.0157451914335844
0.2,PLS,0.0803471809923675
0.2,PLS,0.0439483144343304
0.2,PLS,0.118293727140974
0.2,PLS,0.0153942652966368
0.2,PLS,0.0634366371564792
0.2,PLS,0.0424740341781882
0.2,PLS,0.0634267631718732
0.2,PLS,0.0828840666770361
0.2,PLS,0.0465144712510606
0.2,PLS,0.10493878009554
0.2,PLS,0.0903978125137173
0.2,PLS,0.0597493833076745
0.2,PLS,0.0670407369004493
0.2,PLS,0.021453133968854
0.2,PLS,0.0901850221624545
0.2,PLS,0.130374603463262
0.2,PLS,0.0735955495367779
0.2,PLS,0.101563620020058
0.2,PLS,0.0695282622703499
0.2,PLS,0.0565723368113729
0.2,PLS,0.0769318580188894
0.2,PLS,0.0761603342107773
0.2,PLS,0.0405872782484438
0.2,PLS,0.079029458102176
0.2,PLS,0.0347563682852228
0.2,PLS,0.0139791671852694
0.2,PLS,0.0499599119142051
0.2,PLS,0.0373369207126695
0.2,PLS,0.0591431842142169
0.2,PLS,0.00724420204290577
0.2,PLS,0.0832943513725974
0.2,PLS,0.086392555357071
0.2,PLS,0.0898332073201968
0.2,PLS,0.0384180227486197
0.2,PLS,0.0969521199665071
0.2,PLS,0.0274920023419427
0.2,PLS,-0.01337683137721
0.2,PLS,0.102409308920727
0.2,PLS,0.124176054723613
0.2,PLS,0.0914333512187444
0.2,PLS,0.0372714971147341
0.2,PLS,0.0734932057842967
0.2,PLS,0.0454699192607746
0.2,PLS,0.115149490474063
0.2,PLS,0.0560877622560143
0.2,PLS,0.0768102224875911
0.2,PLS,0.0181734851661657
0.2,PLS,0.0507437207941308
0.2,PLS,0.0451935814109652
0.2,PLS,0.10468964050141
0.2,PLS,0.0673212963423957
0.2,PLS,0.053527984296255
0.2,PLS,0.125958415410605
0.2,PLS,0.0448628136418916
0.2,PLS,0.0924711336585748
0.2,PLS,0.115388264770735
0.2,PLS,0.0838221433002155
0.2,PLS,0.0183357483046838
0.2,PLS,0.0802774563494784
0.2,PLS,0.129810102072634
0.2,PLS,0.0423121347614233
0.2,PLS,0.0914501739636093
0.2,PLS,0.0459976946582545
0.2,PLS,0.0863042903867515
0.2,PLS,0.0493218381885572
0.2,PLS,0.0568324200206127
0.2,PLS,0.0450876939991902
0.2,PLS,0.0647615274536091
0.2,PLS,0.0924758019804575
0.2,PLS,0.0778504330235292
0.2,PLS,0.0195667858419417
0.2,PLS,0.135751341254639
0.2,PLS,-0.00803143298229769
0.2,PLS,0.0281529690417246
0.2,PLS,0.0786332523612547
0.2,PLS,0.145558394444447
0.2,PLS,0.0859083325600516
0.2,PLS,0.0845977096942079
0.2,PLS,-0.0199811960782812
0.2,PLS,0.0616204353927001
0.2,PLS,0.0893192783368304
0.2,PLS,0.028565064348365
0.2,PLS,0.0527409021194625
0.2,PLS,0.0808990047190328
0.2,PLS,0.0931971882994043
0.2,PLS,0.103323039428389
0.2,PLS,0.110230214841843
0.2,PLS,0.0338000756008956
0.2,PLS,0.0548623827945582
0.2,PLS,0.0514717074628552
0.2,PLS,0.053908522839418
0.2,PLS,0.179708148048206
0.2,PLS,0.0777280545818901
0.2,PLS,0.0645720835669918
0.2,PLS,0.0806578076420321
0.2,PLS,0.0902128593135516
0.2,PLS,0.082473110040528
0.2,PLS,0.0660259102029079
0.2,PLS,0.0845598944758532
0.2,PLS,0.0838800797825552
0.2,PLS,0.0493621973093503
0.2,PLS,0.0798095160881411
0.2,PLS,0.0958028990986071
0.2,PLS,0.091444148438409
0.2,PLS,0.0768266112959284
0.2,PLS,0.0805017711915257
0.2,PLS,0.102384102882433
0.2,fTS,0.0449846875029378
0.2,fTS,0.0779091407742722
0.2,fTS,0.0955473746716886
0.2,fTS,0.095318124340652
0.2,fTS,0.0806489937455368
0.2,fTS,0.0539267568814532
0.2,fTS,0.055910955739382
0.2,fTS,0.0279744152482162
0.2,fTS,0.0789246558657106
0.2,fTS,0.0455595268094822
0.2,fTS,0.0649364630364633
0.2,fTS,0.159327579493888
0.2,fTS,0.0687924017939874
0.2,fTS,0.041938756461195
0.2,fTS,0.0925023601348929
0.2,fTS,0.0970850035231066
0.2,fTS,0.0719168028979014
0.2,fTS,0.0922709208202772
0.2,fTS,0.0452917337447227
0.2,fTS,0.0617892103259445
0.2,fTS,0.0972364987801422
0.2,fTS,0.108336848453178
0.2,fTS,0.0555050690403691
0.2,fTS,0.123523049016134
0.2,fTS,0.0691689991821287
0.2,fTS,0.065227432689043
0.2,fTS,0.0303627772279647
0.2,fTS,0.0892830056331557
0.2,fTS,0.0695975715445021
0.2,fTS,0.0945484705118358
0.2,fTS,0.108985508687935
0.2,fTS,0.160006198228251
0.2,fTS,0.0441242096830439
0.2,fTS,0.108344305536672
0.2,fTS,0.0144310589308727
0.2,fTS,0.0927695613545543
0.2,fTS,0.0380233622161328
0.2,fTS,0.0883890692278941
0.2,fTS,0.0755062736338721
0.2,fTS,0.0730472044208608
0.2,fTS,0.0386743045741065
0.2,fTS,0.088233261058833
0.2,fTS,0.0541410153588682
0.2,fTS,0.0834273429248107
0.2,fTS,0.0655031021109909
0.2,fTS,0.0757765169448343
0.2,fTS,0.113281854640721
0.2,fTS,0.0660446849647121
0.2,fTS,0.0449024700060945
0.2,fTS,0.0296667521616165
0.2,fTS,0.0703771570658849
0.2,fTS,0.0574310285225026
0.2,fTS,0.0653922705936199
0.2,fTS,0.0888303977446399
0.2,fTS,0.124175893646773
0.2,fTS,0.0597534920206462
0.2,fTS,0.035756246976322
0.2,fTS,0.0814587728247738
0.2,fTS,0.0287335321334403
0.2,fTS,0.0576552713762244
0.2,fTS,0.121448912868756
0.2,fTS,0.097490169109022
0.2,fTS,0.0685714677949489
0.2,fTS,0.05105576930718
0.2,fTS,0.0219720015818128
0.2,fTS,0.0522869808592279
0.2,fTS,0.079779745391557
0.2,fTS,0.0878063943721374
0.2,fTS,0.120863221986498
0.2,fTS,0.0752861856299643
0.2,fTS,0.0975157046808595
0.2,fTS,0.0690076112254547
0.2,fTS,0.0495655120340208
0.2,fTS,0.0748329800235759
0.2,fTS,0.0979768366241218
0.2,fTS,0.0745828885278681
0.2,fTS,0.0526453165408503
0.2,fTS,0.0692034346325194
0.2,fTS,0.0591026833501151
0.2,fTS,0.108382864613864
0.2,fTS,0.0670433085333737
0.2,fTS,0.0814056009794071
0.2,fTS,0.0845411993766991
0.2,fTS,0.107612774077112
0.2,fTS,0.0711820406674466
0.2,fTS,0.0711518699833729
0.2,fTS,0.0464099022902345
0.2,fTS,0.0374557139989449
0.2,fTS,0.0735184351275324
0.2,fTS,0.0525347021451534
0.2,fTS,0.0252528822823668
0.2,fTS,0.0338491034120159
0.2,fTS,0.0139228524379074
0.2,fTS,0.0789485711968068
0.2,fTS,0.0415302313620467
0.2,fTS,0.116420730631037
0.2,fTS,0.0119646780991416
0.2,fTS,0.0596767094376822
0.2,fTS,0.0354595643243818
0.2,fTS,0.0651149300837521
0.2,fTS,0.0843728120372882
0.2,fTS,0.050774340496023
0.2,fTS,0.104594580378413
0.2,fTS,0.0854165058673271
0.2,fTS,0.0574652225076742
0.2,fTS,0.0651573147292552
0.2,fTS,0.0227361659467846
0.2,fTS,0.0892108966546126
0.2,fTS,0.129562815781866
0.2,fTS,0.0681814519740711
0.2,fTS,0.0972877480871299
0.2,fTS,0.0721038413696626
0.2,fTS,0.0553676174633706
0.2,fTS,0.0795053641409476
0.2,fTS,0.0639397771446515
0.2,fTS,0.0399309364943436
0.2,fTS,0.0760728011432168
0.2,fTS,0.0355954200692543
0.2,fTS,0.010297791184698
0.2,fTS,0.0483969305921137
0.2,fTS,0.0348652910253979
0.2,fTS,0.0595319855194363
0.2,fTS,0.00834252439869831
0.2,fTS,0.0872462900928519
0.2,fTS,0.0893774191964529
0.2,fTS,0.0883384108270697
0.2,fTS,0.0372930140964951
0.2,fTS,0.0937562716140032
0.2,fTS,0.0217587509629662
0.2,fTS,-0.0107615698878328
0.2,fTS,0.0959085889321174
0.2,fTS,0.123765112493979
0.2,fTS,0.0946493513430913
0.2,fTS,0.0372434418429333
0.2,fTS,0.0721207259396131
0.2,fTS,0.0378824105455116
0.2,fTS,0.115495766698983
0.2,fTS,0.0567225451405167
0.2,fTS,0.0712144221821345
0.2,fTS,0.0154347122139238
0.2,fTS,0.0473889316237854
0.2,fTS,0.0450901821517997
0.2,fTS,0.102457234187456
0.2,fTS,0.0678961343694624
0.2,fTS,0.0566947390322325
0.2,fTS,0.12488956914122
0.2,fTS,0.0465494363161669
0.2,fTS,0.0922933963009631
0.2,fTS,0.113448916048972
0.2,fTS,0.0808484024189389
0.2,fTS,0.0166488109846805
0.2,fTS,0.0784503080595995
0.2,fTS,0.13069881944473
0.2,fTS,0.0382612890346885
0.2,fTS,0.0874594193734326
0.2,fTS,0.0413084580402214
0.2,fTS,0.0893489453192542
0.2,fTS,0.0453011072989675
0.2,fTS,0.0565594565831644
0.2,fTS,0.0434151699420358
0.2,fTS,0.0640767228095882
0.2,fTS,0.0884898941567172
0.2,fTS,0.0789103989460496
0.2,fTS,0.0196203767472671
0.2,fTS,0.131769471158079
0.2,fTS,-0.00852082864126846
0.2,fTS,0.0279075340355461
0.2,fTS,0.073563080143823
0.2,fTS,0.130893318269491
0.2,fTS,0.0810510252113155
0.2,fTS,0.0791849460756868
0.2,fTS,-0.0160778759211274
0.2,fTS,0.0723607107852677
0.2,fTS,0.0852611736777662
0.2,fTS,0.0239243431932881
0.2,fTS,0.0536205661175417
0.2,fTS,0.084474504425077
0.2,fTS,0.0945265688396506
0.2,fTS,0.100796377757178
0.2,fTS,0.112155639718791
0.2,fTS,0.035651631545077
0.2,fTS,0.0541701040579876
0.2,fTS,0.0509695909540624
0.2,fTS,0.0582345284644792
0.2,fTS,0.176938723411349
0.2,fTS,0.0749759081743067
0.2,fTS,0.0634867739953222
0.2,fTS,0.0822880691420114
0.2,fTS,0.084719501936968
0.2,fTS,0.0810982123426343
0.2,fTS,0.057971171155528
0.2,fTS,0.0842933402616033
0.2,fTS,0.0801738763676283
0.2,fTS,0.0444255968597218
0.2,fTS,0.0825623854834912
0.2,fTS,0.0962922453137494
0.2,fTS,0.0926283848550993
0.2,fTS,0.0775389781744362
0.2,fTS,0.0802979603719232
0.2,fTS,0.0951631225649872
0.2,LS_oracle,0.0462259366444642
0.2,LS_oracle,0.0775641160088061
0.2,LS_oracle,0.101052099305061
0.2,LS_oracle,0.0954129143587703
0.2,LS_oracle,0.0868572912528138
0.2,LS_oracle,0.0506690870645969
0.2,LS_oracle,0.0598045655811341
0.2,LS_oracle,0.0322437508589382
0.2,LS_oracle,0.0822333837647851
0.2,LS_oracle,0.0457758719301844
0.2,LS_oracle,0.0653644067891517
0.2,LS_oracle,0.157083625955226
0.2,LS_oracle,0.0697570002514154
0.2,LS_oracle,0.0431734167876612
0.2,LS_oracle,0.0899898968323765
0.2,LS_oracle,0.102144098535467
0.2,LS_oracle,0.0681545368777081
0.2,LS_oracle,0.0966430152299695
0.2,LS_oracle,0.0457329803011224
0.2,LS_oracle,0.0662189443474337
0.2,LS_oracle,0.100373398945001
0.2,LS_oracle,0.110347808073338
0.2,LS_oracle,0.0574463412356427
0.2,LS_oracle,0.124156424175595
0.2,LS_oracle,0.0703513737091523
0.2,LS_oracle,0.0596251839541813
0.2,LS_oracle,0.0294439043624621
0.2,LS_oracle,0.0876222961115212
0.2,LS_oracle,0.0776231011181332
0.2,LS_oracle,0.0958263427233244
0.2,LS_oracle,0.107539059391282
0.2,LS_oracle,0.166029525460123
0.2,LS_oracle,0.0423414587919426
0.2,LS_oracle,0.100934692285302
0.2,LS_oracle,0.0131067019020028
0.2,LS_oracle,0.0898546919952663
0.2,LS_oracle,0.0365928099639443
0.2,LS_oracle,0.0867588211665693
0.2,LS_oracle,0.0801014771454802
0.2,LS_oracle,0.0729385711005672
0.2,LS_oracle,0.0373646036461996
0.2,LS_oracle,0.0895418988282803
0.2,LS_oracle,0.0566660532310415
0.2,LS_oracle,0.0894452471861493
0.2,LS_oracle,0.0662810513014385
0.2,LS_oracle,0.0776843603595572
0.2,LS_oracle,0.0919079566436067
0.2,LS_oracle,0.0671332834599592
0.2,LS_oracle,0.0473292440176369
0.2,LS_oracle,0.0286475033013396
0.2,LS_oracle,0.0700042094966975
0.2,LS_oracle,0.0596068088183264
0.2,LS_oracle,0.0642303173360446
0.2,LS_oracle,0.0906468043379425
0.2,LS_oracle,0.118952574750781
0.2,LS_oracle,0.0535161533703854
0.2,LS_oracle,0.0330120069781343
0.2,LS_oracle,0.0807942413947318
0.2,LS_oracle,0.0332029371403861
0.2,LS_oracle,0.0585012523813513
0.2,LS_oracle,0.123218978321438
0.2,LS_oracle,0.101649048323387
0.2,LS_oracle,0.0746035062340278
0.2,LS_oracle,0.0512549390790291
0.2,LS_oracle,0.0232782172034893
0.2,LS_oracle,0.0523729658186998
0.2,LS_oracle,0.0800574214145704
0.2,LS_oracle,0.0926194296957217
0.2,LS_oracle,0.131093231045105
0.2,LS_oracle,0.0775118561265582
0.2,LS_oracle,0.0998888245708887
0.2,LS_oracle,0.0703638492794081
0.2,LS_oracle,0.0462811283756175
0.2,LS_oracle,0.0751190561481305
0.2,LS_oracle,0.097662364005594
0.2,LS_oracle,0.078158776772943
0.2,LS_oracle,0.0565770950758329
0.2,LS_oracle,0.0723954918771881
0.2,LS_oracle,0.0688192570555759
0.2,LS_oracle,0.104548205292185
0.2,LS_oracle,0.0690084732083018
0.2,LS_oracle,0.0798137296072698
0.2,LS_oracle,0.0896366664650157
0.2,LS_oracle,0.10900014030194
0.2,LS_oracle,0.0751771599861615
0.2,LS_oracle,0.071500953189503
0.2,LS_oracle,0.051929624837795
0.2,LS_oracle,0.0394699291502831
0.2,LS_oracle,0.0741460078864471
0.2,LS_oracle,0.0553456653002355
0.2,LS_oracle,0.0262313190114352
0.2,LS_oracle,0.0301078965883572
0.2,LS_oracle,0.0150114621122357
0.2,LS_oracle,0.0805053738187289
0.2,LS_oracle,0.0415186040225082
0.2,LS_oracle,0.117573533906189
0.2,LS_oracle,0.0150725670768834
0.2,LS_oracle,0.0633605137899951
0.2,LS_oracle,0.0435895484159119
0.2,LS_oracle,0.0631783781698472
0.2,LS_oracle,0.0806692937911231
0.2,LS_oracle,0.0455433622564425
0.2,LS_oracle,0.104172434318681
0.2,LS_oracle,0.0900721708116881
0.2,LS_oracle,0.0595587091497147
0.2,LS_oracle,0.0661834416473202
0.2,LS_oracle,0.0207628450268584
0.2,LS_oracle,0.0895296031078401
0.2,LS_oracle,0.130117622260123
0.2,LS_oracle,0.0752003954134797
0.2,LS_oracle,0.0990514241733012
0.2,LS_oracle,0.0687964666035932
0.2,LS_oracle,0.0555171526181752
0.2,LS_oracle,0.0752198277805733
0.2,LS_oracle,0.0753055580802213
0.2,LS_oracle,0.0414509091582409
0.2,LS_oracle,0.0788599858979715
0.2,LS_oracle,0.0332294905883894
0.2,LS_oracle,0.0136339992052483
0.2,LS_oracle,0.0470644790548895
0.2,LS_oracle,0.0362953629402478
0.2,LS_oracle,0.0574449308175369
0.2,LS_oracle,0.00717828110314911
0.2,LS_oracle,0.0874905654343894
0.2,LS_oracle,0.0868511698903154
0.2,LS_oracle,0.0906994912515995
0.2,LS_oracle,0.0385355329521064
0.2,LS_oracle,0.0957988706223118
0.2,LS_oracle,0.0246709529454479
0.2,LS_oracle,-0.0130230488746842
0.2,LS_oracle,0.0998600111312422
0.2,LS_oracle,0.124099495669541
0.2,LS_oracle,0.0866497927704544
0.2,LS_oracle,0.0395907461283826
0.2,LS_oracle,0.0706774850990102
0.2,LS_oracle,0.0460690138309319
0.2,LS_oracle,0.115376603086468
0.2,LS_oracle,0.0546462951881266
0.2,LS_oracle,0.0743711808591705
0.2,LS_oracle,0.0160939944512619
0.2,LS_oracle,0.0512084606917889
0.2,LS_oracle,0.0462253812597739
0.2,LS_oracle,0.103661155332762
0.2,LS_oracle,0.0676086506516274
0.2,LS_oracle,0.0535725535420541
0.2,LS_oracle,0.124635356923613
0.2,LS_oracle,0.0440730179475279
0.2,LS_oracle,0.0923455642900766
0.2,LS_oracle,0.115289572196136
0.2,LS_oracle,0.0680476281704514
0.2,LS_oracle,0.0173772987011427
0.2,LS_oracle,0.08013585334976
0.2,LS_oracle,0.130428187108136
0.2,LS_oracle,0.0433666757881019
0.2,LS_oracle,0.0843639203912134
0.2,LS_oracle,0.0456476391969234
0.2,LS_oracle,0.0863721228865635
0.2,LS_oracle,0.0493899125565727
0.2,LS_oracle,0.0525260492077471
0.2,LS_oracle,0.0441125095513055
0.2,LS_oracle,0.0634512922497172
0.2,LS_oracle,0.0907730441859882
0.2,LS_oracle,0.0761680239022771
0.2,LS_oracle,0.0191551545787008
0.2,LS_oracle,0.134077953752027
0.2,LS_oracle,-0.00851736434888917
0.2,LS_oracle,0.0297543423365942
0.2,LS_oracle,0.0782717084283935
0.2,LS_oracle,0.14012060316743
0.2,LS_oracle,0.0870123225233883
0.2,LS_oracle,0.0832663973858303
0.2,LS_oracle,-0.0208336700025624
0.2,LS_oracle,0.0626417591807142
0.2,LS_oracle,0.0893548687641728
0.2,LS_oracle,0.0270239134302386
0.2,LS_oracle,0.0539070415666827
0.2,LS_oracle,0.0805066809690258
0.2,LS_oracle,0.0929115350215308
0.2,LS_oracle,0.105887181146498
0.2,LS_oracle,0.111766974848172
0.2,LS_oracle,0.0332306877178437
0.2,LS_oracle,0.0548869977768967
0.2,LS_oracle,0.0510754624313259
0.2,LS_oracle,0.0543426724679523
0.2,LS_oracle,0.180150267065758
0.2,LS_oracle,0.0776347050949473
0.2,LS_oracle,0.063374469039738
0.2,LS_oracle,0.0774881609946267
0.2,LS_oracle,0.0903382264220192
0.2,LS_oracle,0.0806125413008305
0.2,LS_oracle,0.06511164939458
0.2,LS_oracle,0.0859917645885018
0.2,LS_oracle,0.0842256237403463
0.2,LS_oracle,0.0493084246311852
0.2,LS_oracle,0.0798603004254683
0.2,LS_oracle,0.0940171110588595
0.2,LS_oracle,0.0902606797039729
0.2,LS_oracle,0.0749664616464334
0.2,LS_oracle,0.0812472597480951
0.2,LS_oracle,0.10247847248637
0.2,TS_oracle,0.044479875824573
0.2,TS_oracle,0.0773615004969153
0.2,TS_oracle,0.0970582591278895
0.2,TS_oracle,0.0949051812692747
0.2,TS_oracle,0.0811600011950793
0.2,TS_oracle,0.0511186021364824
0.2,TS_oracle,0.0549431467287347
0.2,TS_oracle,0.0281967375022179
0.2,TS_oracle,0.078952811100085
0.2,TS_oracle,0.0455081664033654
0.2,TS_oracle,0.063498791107681
0.2,TS_oracle,0.157154364124938
0.2,TS_oracle,0.0689785864132675
0.2,TS_oracle,0.0419977367481714
0.2,TS_oracle,0.0922592951107333
0.2,TS_oracle,0.0980244797138543
0.2,TS_oracle,0.0729596170652407
0.2,TS_oracle,0.0916648529343966
0.2,TS_oracle,0.043638227876474
0.2,TS_oracle,0.0617807613436729
0.2,TS_oracle,0.0970315216105335
0.2,TS_oracle,0.10726399272034
0.2,TS_oracle,0.054960996144588
0.2,TS_oracle,0.123108862201151
0.2,TS_oracle,0.0689145609750992
0.2,TS_oracle,0.0652343776548368
0.2,TS_oracle,0.0302018681916425
0.2,TS_oracle,0.0889374591615639
0.2,TS_oracle,0.071073715436393
0.2,TS_oracle,0.0952473523012916
0.2,TS_oracle,0.107499486540659
0.2,TS_oracle,0.160377353395419
0.2,TS_oracle,0.0439426616906256
0.2,TS_oracle,0.104348107273713
0.2,TS_oracle,0.0127381091577154
0.2,TS_oracle,0.0915325951731061
0.2,TS_oracle,0.0382669618082747
0.2,TS_oracle,0.0880935728699281
0.2,TS_oracle,0.0756210132101007
0.2,TS_oracle,0.0733082615489906
0.2,TS_oracle,0.0391358512638038
0.2,TS_oracle,0.0891175070917922
0.2,TS_oracle,0.0543931069039767
0.2,TS_oracle,0.0829219527489986
0.2,TS_oracle,0.0677616400529284
0.2,TS_oracle,0.0758469701163185
0.2,TS_oracle,0.114018781709493
0.2,TS_oracle,0.0660351498588798
0.2,TS_oracle,0.0449914123181894
0.2,TS_oracle,0.0301281122660624
0.2,TS_oracle,0.0683072106074567
0.2,TS_oracle,0.0567295978461042
0.2,TS_oracle,0.0653727846698173
0.2,TS_oracle,0.0886761715612532
0.2,TS_oracle,0.117984605404786
0.2,TS_oracle,0.0564578403311542
0.2,TS_oracle,0.0340420578802352
0.2,TS_oracle,0.078807618973066
0.2,TS_oracle,0.0287368053040595
0.2,TS_oracle,0.0568704436964933
0.2,TS_oracle,0.12102650025233
0.2,TS_oracle,0.0998279197485814
0.2,TS_oracle,0.067761288932936
0.2,TS_oracle,0.0506444006593627
0.2,TS_oracle,0.0222662174820296
0.2,TS_oracle,0.0521175487762855
0.2,TS_oracle,0.0799599486780489
0.2,TS_oracle,0.0892433776518877
0.2,TS_oracle,0.120970812050715
0.2,TS_oracle,0.0755137239876891
0.2,TS_oracle,0.0967923520880787
0.2,TS_oracle,0.0682218114557016
0.2,TS_oracle,0.0474242407794789
0.2,TS_oracle,0.0749944837153689
0.2,TS_oracle,0.0978851464714001
0.2,TS_oracle,0.0721094682108983
0.2,TS_oracle,0.0526123158058456
0.2,TS_oracle,0.0690974599532566
0.2,TS_oracle,0.0588596947644928
0.2,TS_oracle,0.107939860494299
0.2,TS_oracle,0.0670443320004726
0.2,TS_oracle,0.0811710830393981
0.2,TS_oracle,0.0847405848001144
0.2,TS_oracle,0.107954621109702
0.2,TS_oracle,0.0715552482168185
0.2,TS_oracle,0.0710663022016076
0.2,TS_oracle,0.0464378925875744
0.2,TS_oracle,0.0352565048598708
0.2,TS_oracle,0.0733384081354134
0.2,TS_oracle,0.0515181897395942
0.2,TS_oracle,0.023942133892467
0.2,TS_oracle,0.0329321013362833
0.2,TS_oracle,0.0133607695349349
0.2,TS_oracle,0.0789953356065936
0.2,TS_oracle,0.0398933184003631
0.2,TS_oracle,0.115149289916477
0.2,TS_oracle,0.0115471861305125
0.2,TS_oracle,0.0590356671592061
0.2,TS_oracle,0.03592302623849
0.2,TS_oracle,0.063957001960149
0.2,TS_oracle,0.0818116617560551
0.2,TS_oracle,0.0459886618113015
0.2,TS_oracle,0.105662802501494
0.2,TS_oracle,0.0848932615303051
0.2,TS_oracle,0.0574883290758885
0.2,TS_oracle,0.065196339187267
0.2,TS_oracle,0.0227369957065082
0.2,TS_oracle,0.0888488170584227
0.2,TS_oracle,0.12982979664352
0.2,TS_oracle,0.0674113197385633
0.2,TS_oracle,0.0949068119727976
0.2,TS_oracle,0.0709428347944518
0.2,TS_oracle,0.054088250634696
0.2,TS_oracle,0.0777728763031951
0.2,TS_oracle,0.0616315029799102
0.2,TS_oracle,0.0384615905430929
0.2,TS_oracle,0.07601018732258
0.2,TS_oracle,0.0342178475604189
0.2,TS_oracle,0.0101013895005604
0.2,TS_oracle,0.0478022722444993
0.2,TS_oracle,0.0344221913897469
0.2,TS_oracle,0.0561201153239184
0.2,TS_oracle,0.00826010204881955
0.2,TS_oracle,0.0893682827333901
0.2,TS_oracle,0.0896059642262317
0.2,TS_oracle,0.0874974573672294
0.2,TS_oracle,0.0371080304692761
0.2,TS_oracle,0.0931856224066443
0.2,TS_oracle,0.0192504358959027
0.2,TS_oracle,-0.0106373270079324
0.2,TS_oracle,0.0948274968955227
0.2,TS_oracle,0.123439789537509
0.2,TS_oracle,0.0890637202588043
0.2,TS_oracle,0.038905419624973
0.2,TS_oracle,0.0704998167176254
0.2,TS_oracle,0.0378575198622175
0.2,TS_oracle,0.115453729093566
0.2,TS_oracle,0.0560952917597404
0.2,TS_oracle,0.0692862082029648
0.2,TS_oracle,0.0154693760648652
0.2,TS_oracle,0.0474973903822926
0.2,TS_oracle,0.0456646260152627
0.2,TS_oracle,0.102121239666011
0.2,TS_oracle,0.0679540525317754
0.2,TS_oracle,0.0567771371830301
0.2,TS_oracle,0.124048383537003
0.2,TS_oracle,0.0461062221195396
0.2,TS_oracle,0.0922214423066241
0.2,TS_oracle,0.113363558643171
0.2,TS_oracle,0.0684791583364406
0.2,TS_oracle,0.0158348591801758
0.2,TS_oracle,0.0783586703812493
0.2,TS_oracle,0.130736172422759
0.2,TS_oracle,0.0382650218925249
0.2,TS_oracle,0.0828224188659505
0.2,TS_oracle,0.0412662502388446
0.2,TS_oracle,0.0894054111747979
0.2,TS_oracle,0.0439620311867626
0.2,TS_oracle,0.049516385146803
0.2,TS_oracle,0.0429385971207485
0.2,TS_oracle,0.0617732968824811
0.2,TS_oracle,0.086131110437339
0.2,TS_oracle,0.0781725511519962
0.2,TS_oracle,0.0190543067636171
0.2,TS_oracle,0.130921153090147
0.2,TS_oracle,-0.00876332671852975
0.2,TS_oracle,0.0283312654822476
0.2,TS_oracle,0.0734535992459746
0.2,TS_oracle,0.129120692989093
0.2,TS_oracle,0.0815422933406502
0.2,TS_oracle,0.0788522340288011
0.2,TS_oracle,-0.0181822557202702
0.2,TS_oracle,0.0733766876283843
0.2,TS_oracle,0.0852801803043539
0.2,TS_oracle,0.0225215011941156
0.2,TS_oracle,0.0540932770762557
0.2,TS_oracle,0.0847210206639206
0.2,TS_oracle,0.0942763659875971
0.2,TS_oracle,0.102147974238449
0.2,TS_oracle,0.113108503723578
0.2,TS_oracle,0.0348027738962517
0.2,TS_oracle,0.0541871024913521
0.2,TS_oracle,0.0505631083696285
0.2,TS_oracle,0.0588751327905401
0.2,TS_oracle,0.177207429471286
0.2,TS_oracle,0.0750287297625167
0.2,TS_oracle,0.0628270415165755
0.2,TS_oracle,0.0799424747594335
0.2,TS_oracle,0.0843995727209053
0.2,TS_oracle,0.0772554789118056
0.2,TS_oracle,0.0561348409430331
0.2,TS_oracle,0.0852100777187137
0.2,TS_oracle,0.0803143946884037
0.2,TS_oracle,0.0441240777046765
0.2,TS_oracle,0.082672771867601
0.2,TS_oracle,0.09536751811832
0.2,TS_oracle,0.0921082275250149
0.2,TS_oracle,0.0757473622959031
0.2,TS_oracle,0.0796861229320895
0.2,TS_oracle,0.0954610920959991
0.3,PLS,0.0708813898910328
0.3,PLS,0.0706852164155605
0.3,PLS,0.113456561783432
0.3,PLS,0.009877015794171
0.3,PLS,0.0263669318418216
0.3,PLS,0.0188127900819115
0.3,PLS,0.0476846280577117
0.3,PLS,0.0511171651865621
0.3,PLS,0.104137936538388
0.3,PLS,0.120104642336867
0.3,PLS,0.0905572976232902
0.3,PLS,0.0710005399071356
0.3,PLS,0.0886230243439738
0.3,PLS,0.093440575247667
0.3,PLS,0.0579294674060542
0.3,PLS,0.0892712609688957
0.3,PLS,0.0418282543608615
0.3,PLS,0.0524904322946522
0.3,PLS,-0.0128583274919052
0.3,PLS,0.0570617690758379
0.3,PLS,0.0507986646253591
0.3,PLS,0.00982593489593797
0.3,PLS,0.0752336344852198
0.3,PLS,0.116897838881634
0.3,PLS,0.0629633893756831
0.3,PLS,0.0452189216712842
0.3,PLS,0.0854432486502505
0.3,PLS,0.0455458556088644
0.3,PLS,0.0809506173400079
0.3,PLS,0.0449788908958015
0.3,PLS,0.0596320813630449
0.3,PLS,0.0511957610246874
0.3,PLS,0.0312252175209831
0.3,PLS,0.0228714492671072
0.3,PLS,0.024013664712965
0.3,PLS,0.0667964555288818
0.3,PLS,0.0169263601701972
0.3,PLS,0.0419004177150943
0.3,PLS,0.0980836821572231
0.3,PLS,0.0352070488689389
0.3,PLS,0.0538487216514563
0.3,PLS,0.144170835885995
0.3,PLS,0.0841305012237223
0.3,PLS,0.0790219933949459
0.3,PLS,0.0358172029972066
0.3,PLS,0.0577693801741832
0.3,PLS,0.0480256133510577
0.3,PLS,0.111250561342459
0.3,PLS,0.0524938319273804
0.3,PLS,0.0182253024029497
0.3,PLS,0.085478732074078
0.3,PLS,0.0607853000258323
0.3,PLS,0.0849143842593001
0.3,PLS,0.117300560992964
0.3,PLS,0.125171589582795
0.3,PLS,0.086123003211922
0.3,PLS,0.120121964611473
0.3,PLS,0.057799557187977
0.3,PLS,0.0280075138077942
0.3,PLS,0.0855035867909928
0.3,PLS,0.0442852888351488
0.3,PLS,0.00155388363690312
0.3,PLS,0.070041474507927
0.3,PLS,0.0284569765784697
0.3,PLS,0.0229180586035487
0.3,PLS,0.0730520641230037
0.3,PLS,0.024757793302602
0.3,PLS,0.0617797141367817
0.3,PLS,0.0530653761283746
0.3,PLS,0.0713897964162931
0.3,PLS,0.0641059776334876
0.3,PLS,-0.0133575621524681
0.3,PLS,0.0420803022145728
0.3,PLS,0.0706081328193577
0.3,PLS,0.0357320596286017
0.3,PLS,0.0431745272151103
0.3,PLS,0.0690471351904605
0.3,PLS,0.0938833412757001
0.3,PLS,0.0448223534501948
0.3,PLS,0.0325273144921359
0.3,PLS,0.0557126848140745
0.3,PLS,0.0813393841214816
0.3,PLS,0.172508611504171
0.3,PLS,0.102857398647514
0.3,PLS,0.168800847161262
0.3,PLS,0.0918683597593484
0.3,PLS,0.0610395296849227
0.3,PLS,0.0662678564787156
0.3,PLS,0.100605702971768
0.3,PLS,0.0665929263854934
0.3,PLS,0.046124266031774
0.3,PLS,0.0815624837001458
0.3,PLS,0.142914518011637
0.3,PLS,0.0857657381577939
0.3,PLS,0.110545296809215
0.3,PLS,0.0857457917614213
0.3,PLS,0.0785664004521962
0.3,PLS,0.0318377481225895
0.3,PLS,0.042164001896658
0.3,PLS,0.0888333107662154
0.3,PLS,0.0928847578621719
0.3,PLS,0.0518398083560323
0.3,PLS,0.0918142290612756
0.3,PLS,0.0383394871465421
0.3,PLS,0.0837717135774301
0.3,PLS,0.104843754984654
0.3,PLS,0.0655363687732406
0.3,PLS,0.0714245496312114
0.3,PLS,0.0308318463913053
0.3,PLS,0.101936001884521
0.3,PLS,0.101063827811106
0.3,PLS,-0.00840239377536023
0.3,PLS,0.0522439350319195
0.3,PLS,0.0783886094825725
0.3,PLS,0.0289451481146916
0.3,PLS,0.0943386554661163
0.3,PLS,0.00432387172329451
0.3,PLS,0.0749591570391646
0.3,PLS,0.088482492090239
0.3,PLS,0.0536756041489521
0.3,PLS,0.106940809601369
0.3,PLS,0.0123884074219425
0.3,PLS,0.0520209880493721
0.3,PLS,0.0911048842136049
0.3,PLS,0.0145520584653214
0.3,PLS,0.0802022422467001
0.3,PLS,0.0888891022765901
0.3,PLS,0.0502030916342502
0.3,PLS,0.0313302727900038
0.3,PLS,0.145895546234136
0.3,PLS,0.115847280090248
0.3,PLS,0.0317923407465477
0.3,PLS,0.0428411983798271
0.3,PLS,0.0965736740966285
0.3,PLS,0.0914127192088652
0.3,PLS,0.100963080414703
0.3,PLS,0.0493543627706412
0.3,PLS,0.0841281170833557
0.3,PLS,0.108490798429501
0.3,PLS,0.0217549473495766
0.3,PLS,0.017691443091687
0.3,PLS,0.00259793874339742
0.3,PLS,0.0433300362650664
0.3,PLS,0.0935998554907811
0.3,PLS,-0.0035574726191363
0.3,PLS,0.0592826500398382
0.3,PLS,0.0442133634640101
0.3,PLS,0.0459975637785628
0.3,PLS,0.00502014885856594
0.3,PLS,0.0476583526777867
0.3,PLS,0.0562663656207387
0.3,PLS,0.0381435493730791
0.3,PLS,0.0727064929431844
0.3,PLS,0.0395647199575344
0.3,PLS,0.0399948155926528
0.3,PLS,0.0283424325818395
0.3,PLS,0.0652181422338711
0.3,PLS,0.101597802976639
0.3,PLS,0.0554809314714877
0.3,PLS,0.0700208157226987
0.3,PLS,0.0416337818096864
0.3,PLS,-0.00272569724586669
0.3,PLS,0.037010680506095
0.3,PLS,0.0734031086292319
0.3,PLS,0.0290593972119582
0.3,PLS,0.076967618056998
0.3,PLS,0.0248596713475273
0.3,PLS,-0.0096373126141569
0.3,PLS,0.118989280277013
0.3,PLS,0.110548681229269
0.3,PLS,0.0682800922271676
0.3,PLS,0.0468681720083384
0.3,PLS,0.0993186313489862
0.3,PLS,0.0873038601360359
0.3,PLS,0.085863047710147
0.3,PLS,0.0874703645945381
0.3,PLS,0.0379570444465664
0.3,PLS,0.059634854798003
0.3,PLS,0.0348379606930769
0.3,PLS,0.0901890389948872
0.3,PLS,-0.00212334790723123
0.3,PLS,0.0940794053183107
0.3,PLS,0.0130209267634691
0.3,PLS,0.124511999252901
0.3,PLS,0.0796571835364759
0.3,PLS,0.0703008087622365
0.3,PLS,0.03705393369133
0.3,PLS,0.061404625670108
0.3,PLS,0.0474087225654873
0.3,PLS,0.058936763755288
0.3,PLS,0.0721069046628835
0.3,PLS,0.0728653241184645
0.3,PLS,0.0600912928063926
0.3,PLS,0.0510886464368421
0.3,PLS,0.113955640055217
0.3,PLS,0.0871664969604307
0.3,PLS,0.0557546484430347
0.3,PLS,0.085996705831346
0.3,PLS,0.0779084607707885
0.3,PLS,0.086463396929132
0.3,fTS,0.0715782746317111
0.3,fTS,0.0683733396239241
0.3,fTS,0.10839564145275
0.3,fTS,0.00619210403916681
0.3,fTS,0.0239520334709291
0.3,fTS,0.0216174960336077
0.3,fTS,0.0450202921745226
0.3,fTS,0.0399456263387463
0.3,fTS,0.0960049869935673
0.3,fTS,0.121441569219757
0.3,fTS,0.0809726599440705
0.3,fTS,0.0689306167716739
0.3,fTS,0.0828621255059137
0.3,fTS,0.0889057738507042
0.3,fTS,0.0508283272661563
0.3,fTS,0.0912425248584345
0.3,fTS,0.0372873172375503
0.3,fTS,0.0507030552849084
0.3,fTS,-0.0118407047990012
0.3,fTS,0.0520087693208058
0.3,fTS,0.0523453157955831
0.3,fTS,0.0118077913674088
0.3,fTS,0.0747583240006542
0.3,fTS,0.113133895981431
0.3,fTS,0.0629950587382211
0.3,fTS,0.0508777472159336
0.3,fTS,0.0862524217800607
0.3,fTS,0.0475344983682751
0.3,fTS,0.0708522654665207
0.3,fTS,0.0422435485068646
0.3,fTS,0.0549062198333572
0.3,fTS,0.0536898517195941
0.3,fTS,0.0275554059663843
0.3,fTS,0.0160999618790159
0.3,fTS,0.0252048497875361
0.3,fTS,0.0646899268781507
0.3,fTS,0.0122384207386688
0.3,fTS,0.0419870602876766
0.3,fTS,0.10005785779715
0.3,fTS,0.0305416934947789
0.3,fTS,0.0494821836514712
0.3,fTS,0.140317475808181
0.3,fTS,0.0848993329116621
0.3,fTS,0.0716781568549565
0.3,fTS,0.0380617134543073
0.3,fTS,0.0557422233239726
0.3,fTS,0.0490987136507637
0.3,fTS,0.107065768841009
0.3,fTS,0.0494155392248583
0.3,fTS,0.0203684120563348
0.3,fTS,0.0837044775076714
0.3,fTS,0.0557984934339473
0.3,fTS,0.0810526345275442
0.3,fTS,0.118106691264578
0.3,fTS,0.127357588937856
0.3,fTS,0.0829579699356391
0.3,fTS,0.117245367780301
0.3,fTS,0.05820567938184
0.3,fTS,0.0322459387115173
0.3,fTS,0.0783911644910729
0.3,fTS,0.0490904953299454
0.3,fTS,0.00208615419442393
0.3,fTS,0.0694559947695275
0.3,fTS,0.0279223760499885
0.3,fTS,0.0153724881161017
0.3,fTS,0.0753565826906359
0.3,fTS,0.0263667423403748
0.3,fTS,0.0541911889565438
0.3,fTS,0.0472871982916134
0.3,fTS,0.0704005652202522
0.3,fTS,0.0647284327271296
0.3,fTS,-0.0117435581217386
0.3,fTS,0.0415802214086725
0.3,fTS,0.0724623308288947
0.3,fTS,0.0363157695167735
0.3,fTS,0.045269169825916
0.3,fTS,0.0676570826992264
0.3,fTS,0.0960828377216576
0.3,fTS,0.0413459439139756
0.3,fTS,0.0267966449746788
0.3,fTS,0.0565795192538192
0.3,fTS,0.0780810655527506
0.3,fTS,0.175081027975669
0.3,fTS,0.103254246522932
0.3,fTS,0.163758751076172
0.3,fTS,0.0866688196012471
0.3,fTS,0.0551835412565809
0.3,fTS,0.0714974271772406
0.3,fTS,0.092896362738587
0.3,fTS,0.0709046433937652
0.3,fTS,0.0408290861103653
0.3,fTS,0.0795494144829427
0.3,fTS,0.135026717316765
0.3,fTS,0.0862506291425353
0.3,fTS,0.105416309934397
0.3,fTS,0.0879853934644472
0.3,fTS,0.0805397090525559
0.3,fTS,0.0307070209407387
0.3,fTS,0.0433166804561107
0.3,fTS,0.0701990608421312
0.3,fTS,0.0903663567161532
0.3,fTS,0.0527731433595573
0.3,fTS,0.0908713370547094
0.3,fTS,0.0344538673697992
0.3,fTS,0.0845641461783682
0.3,fTS,0.0982013638288672
0.3,fTS,0.0643375301669402
0.3,fTS,0.0684977974539824
0.3,fTS,0.0162303901150331
0.3,fTS,0.101732544501529
0.3,fTS,0.0970783164675488
0.3,fTS,-0.00462903765046696
0.3,fTS,0.0466231072605905
0.3,fTS,0.0712201272979007
0.3,fTS,0.0306925268509057
0.3,fTS,0.0908677497311021
0.3,fTS,0.0012288080412004
0.3,fTS,0.0681203532597903
0.3,fTS,0.0917307302782868
0.3,fTS,0.0508090590717125
0.3,fTS,0.101155436474851
0.3,fTS,0.0109083617776127
0.3,fTS,0.0426841638131996
0.3,fTS,0.0994737855886885
0.3,fTS,0.0216285385293511
0.3,fTS,0.077897987368402
0.3,fTS,0.0907708965570615
0.3,fTS,0.0474134208835904
0.3,fTS,0.0308917952092598
0.3,fTS,0.138191604448044
0.3,fTS,0.112475890887667
0.3,fTS,0.0247549824192796
0.3,fTS,0.0419879853401457
0.3,fTS,0.0977249846925814
0.3,fTS,0.0933609536395601
0.3,fTS,0.101316862189654
0.3,fTS,0.0413552578077852
0.3,fTS,0.086069100953811
0.3,fTS,0.103396814418275
0.3,fTS,0.0203687489451021
0.3,fTS,0.0195387856281555
0.3,fTS,0.00944222894924707
0.3,fTS,0.0407012439725996
0.3,fTS,0.0960541102854433
0.3,fTS,-0.00297785065135703
0.3,fTS,0.0586224616647928
0.3,fTS,0.0419387582801087
0.3,fTS,0.0404541329459951
0.3,fTS,0.0024877417705782
0.3,fTS,0.0543631603575809
0.3,fTS,0.0587571051887805
0.3,fTS,0.0318166922105787
0.3,fTS,0.0732820647915646
0.3,fTS,0.0339548763630053
0.3,fTS,0.0395396641347086
0.3,fTS,0.0210493756062045
0.3,fTS,0.0660223865554277
0.3,fTS,0.0991519998123094
0.3,fTS,0.05391157983812
0.3,fTS,0.0684561727930515
0.3,fTS,0.0431887490885927
0.3,fTS,-0.00780368305489776
0.3,fTS,0.0404261967947119
0.3,fTS,0.0787815703347923
0.3,fTS,0.0255288795477715
0.3,fTS,0.0736653787429755
0.3,fTS,0.0158760220308996
0.3,fTS,-0.00714773753266329
0.3,fTS,0.117337729261298
0.3,fTS,0.101196981057514
0.3,fTS,0.0636213442442115
0.3,fTS,0.0399908621392688
0.3,fTS,0.0987048608729704
0.3,fTS,0.0875733841923609
0.3,fTS,0.075409058736092
0.3,fTS,0.0903863482711362
0.3,fTS,0.0409033706935868
0.3,fTS,0.0588671360747277
0.3,fTS,0.036496506472308
0.3,fTS,0.0844959659043936
0.3,fTS,-0.00583641790303202
0.3,fTS,0.0918317017310528
0.3,fTS,0.0134141027775345
0.3,fTS,0.120027710324383
0.3,fTS,0.0747998284356086
0.3,fTS,0.0697945527108945
0.3,fTS,0.0352235561627106
0.3,fTS,0.0665497299062896
0.3,fTS,0.0420231322057938
0.3,fTS,0.0566599711926126
0.3,fTS,0.0731417584828717
0.3,fTS,0.0646111700207375
0.3,fTS,0.0581252634635079
0.3,fTS,0.0439355168016848
0.3,fTS,0.113346993384273
0.3,fTS,0.0884976275428773
0.3,fTS,0.051270975270038
0.3,fTS,0.07779051847285
0.3,fTS,0.078339355367155
0.3,fTS,0.0872108332358528
0.3,LS_oracle,0.0704343058070733
0.3,LS_oracle,0.0702240017030877
0.3,LS_oracle,0.113592459456694
0.3,LS_oracle,0.00881786610690916
0.3,LS_oracle,0.0248853121970329
0.3,LS_oracle,0.0185238969326478
0.3,LS_oracle,0.047615907497657
0.3,LS_oracle,0.0494580788172101
0.3,LS_oracle,0.104043086769178
0.3,LS_oracle,0.119414132412133
0.3,LS_oracle,0.0893249007119132
0.3,LS_oracle,0.0712556784500342
0.3,LS_oracle,0.0878737878084466
0.3,LS_oracle,0.0940119715326051
0.3,LS_oracle,0.0554652565182903
0.3,LS_oracle,0.0892427984556003
0.3,LS_oracle,0.0397626401563183
0.3,LS_oracle,0.0517225932778782
0.3,LS_oracle,-0.0129801645417493
0.3,LS_oracle,0.0570020006165564
0.3,LS_oracle,0.0507722794197845
0.3,LS_oracle,0.00988042543204548
0.3,LS_oracle,0.0722445441404871
0.3,LS_oracle,0.117270896882523
0.3,LS_oracle,0.0628211518375856
0.3,LS_oracle,0.0444542393726894
0.3,LS_oracle,0.0908129858032485
0.3,LS_oracle,0.0452948829425703
0.3,LS_oracle,0.0829508195004549
0.3,LS_oracle,0.0387866998830466
0.3,LS_oracle,0.0599626873921395
0.3,LS_oracle,0.0512580651237884
0.3,LS_oracle,0.0311869599468559
0.3,LS_oracle,0.0236393978877707
0.3,LS_oracle,0.0226498249673661
0.3,LS_oracle,0.0684541097408979
0.3,LS_oracle,0.0186796124156761
0.3,LS_oracle,0.0422173521528948
0.3,LS_oracle,0.0966954209837383
0.3,LS_oracle,0.0343426471965576
0.3,LS_oracle,0.0516449154020631
0.3,LS_oracle,0.140309857168033
0.3,LS_oracle,0.0847583339725602
0.3,LS_oracle,0.0774897845683877
0.3,LS_oracle,0.0383427873843378
0.3,LS_oracle,0.0582784690074503
0.3,LS_oracle,0.0473177140386725
0.3,LS_oracle,0.110826201285133
0.3,LS_oracle,0.052808266400425
0.3,LS_oracle,0.0179056295894697
0.3,LS_oracle,0.0854502474641181
0.3,LS_oracle,0.0594132177120246
0.3,LS_oracle,0.0844684795202233
0.3,LS_oracle,0.117426346824155
0.3,LS_oracle,0.124729209108034
0.3,LS_oracle,0.0857374591172677
0.3,LS_oracle,0.119690511841849
0.3,LS_oracle,0.0581789269158632
0.3,LS_oracle,0.0276934969725351
0.3,LS_oracle,0.0841361108581677
0.3,LS_oracle,0.0443046407813539
0.3,LS_oracle,0.00163446575331827
0.3,LS_oracle,0.068954186684411
0.3,LS_oracle,0.0289353204702725
0.3,LS_oracle,0.0225588057097499
0.3,LS_oracle,0.0722598497526548
0.3,LS_oracle,0.0248005013579848
0.3,LS_oracle,0.0621436213757047
0.3,LS_oracle,0.0497248209340404
0.3,LS_oracle,0.0718669405320849
0.3,LS_oracle,0.0645300965384297
0.3,LS_oracle,-0.0123041785230272
0.3,LS_oracle,0.0431838357035061
0.3,LS_oracle,0.070669539729544
0.3,LS_oracle,0.0358016259329186
0.3,LS_oracle,0.0421833471541584
0.3,LS_oracle,0.069169610376661
0.3,LS_oracle,0.0923596692592417
0.3,LS_oracle,0.0446162431590689
0.3,LS_oracle,0.0324510066647554
0.3,LS_oracle,0.0576300169531152
0.3,LS_oracle,0.0813441336959932
0.3,LS_oracle,0.172234035267725
0.3,LS_oracle,0.10271957743816
0.3,LS_oracle,0.168871467214048
0.3,LS_oracle,0.0931122332969316
0.3,LS_oracle,0.0594586604073191
0.3,LS_oracle,0.0663712406121688
0.3,LS_oracle,0.0985439540440862
0.3,LS_oracle,0.0667128425694758
0.3,LS_oracle,0.0460670376120489
0.3,LS_oracle,0.0815950543377779
0.3,LS_oracle,0.143302770402907
0.3,LS_oracle,0.089549835173941
0.3,LS_oracle,0.109514171663518
0.3,LS_oracle,0.0848962678366949
0.3,LS_oracle,0.0782991552453265
0.3,LS_oracle,0.0321005281958107
0.3,LS_oracle,0.0426757495334777
0.3,LS_oracle,0.0870888830778085
0.3,LS_oracle,0.0940319917720205
0.3,LS_oracle,0.0525696177953752
0.3,LS_oracle,0.0909661425825747
0.3,LS_oracle,0.0357344872685379
0.3,LS_oracle,0.0838058361929115
0.3,LS_oracle,0.102912388240968
0.3,LS_oracle,0.0663094000799123
0.3,LS_oracle,0.0704754381287807
0.3,LS_oracle,0.027242466721898
0.3,LS_oracle,0.105184326446906
0.3,LS_oracle,0.097524251508444
0.3,LS_oracle,-0.00899650428833232
0.3,LS_oracle,0.0488398152675169
0.3,LS_oracle,0.0781901166870873
0.3,LS_oracle,0.0289717955761422
0.3,LS_oracle,0.0951974801720299
0.3,LS_oracle,0.00327042460940552
0.3,LS_oracle,0.0735968425017077
0.3,LS_oracle,0.0879817601026534
0.3,LS_oracle,0.053549142443984
0.3,LS_oracle,0.104617626935178
0.3,LS_oracle,0.0129966081866491
0.3,LS_oracle,0.0517167753640835
0.3,LS_oracle,0.0924226542513011
0.3,LS_oracle,0.0142982680523218
0.3,LS_oracle,0.080609928675031
0.3,LS_oracle,0.0899799163694937
0.3,LS_oracle,0.0505820344404451
0.3,LS_oracle,0.0317107112480086
0.3,LS_oracle,0.144691012858431
0.3,LS_oracle,0.117151025009034
0.3,LS_oracle,0.0320156141396055
0.3,LS_oracle,0.0430367147822617
0.3,LS_oracle,0.0974801094967952
0.3,LS_oracle,0.0917525808201272
0.3,LS_oracle,0.100987579366095
0.3,LS_oracle,0.0489276964840526
0.3,LS_oracle,0.0798888449507908
0.3,LS_oracle,0.108401759630636
0.3,LS_oracle,0.0202212549513678
0.3,LS_oracle,0.0184290031143775
0.3,LS_oracle,0.00262688562832358
0.3,LS_oracle,0.0433032320700462
0.3,LS_oracle,0.0940960232651074
0.3,LS_oracle,-0.000644671652549555
0.3,LS_oracle,0.0572855837097515
0.3,LS_oracle,0.044025859162603
0.3,LS_oracle,0.0459986055120769
0.3,LS_oracle,0.00475249606556027
0.3,LS_oracle,0.0467237912737262
0.3,LS_oracle,0.055063045466998
0.3,LS_oracle,0.0362744229378782
0.3,LS_oracle,0.0727185864045787
0.3,LS_oracle,0.0368044997250725
0.3,LS_oracle,0.0372913735961713
0.3,LS_oracle,0.0275155974101347
0.3,LS_oracle,0.0662037818893295
0.3,LS_oracle,0.100725533157154
0.3,LS_oracle,0.0555688803866479
0.3,LS_oracle,0.0699641988710402
0.3,LS_oracle,0.0413425705313191
0.3,LS_oracle,-0.00479796639347174
0.3,LS_oracle,0.037148897718567
0.3,LS_oracle,0.0736943947224769
0.3,LS_oracle,0.0287536833494382
0.3,LS_oracle,0.0734081820016181
0.3,LS_oracle,0.0229045058614601
0.3,LS_oracle,-0.0127571098245701
0.3,LS_oracle,0.117166790269715
0.3,LS_oracle,0.105768071646177
0.3,LS_oracle,0.0699996697028391
0.3,LS_oracle,0.0444761127730933
0.3,LS_oracle,0.0994292005332782
0.3,LS_oracle,0.0878362327022364
0.3,LS_oracle,0.081832131638141
0.3,LS_oracle,0.087076141819131
0.3,LS_oracle,0.0361697269799055
0.3,LS_oracle,0.0598472672614869
0.3,LS_oracle,0.0349359731140062
0.3,LS_oracle,0.0913253349991254
0.3,LS_oracle,-0.00288284555832807
0.3,LS_oracle,0.0927478615448565
0.3,LS_oracle,0.0130171481831209
0.3,LS_oracle,0.122443183251139
0.3,LS_oracle,0.0804376665506101
0.3,LS_oracle,0.0696826618131838
0.3,LS_oracle,0.037434969997765
0.3,LS_oracle,0.0588979622232677
0.3,LS_oracle,0.0455942529434994
0.3,LS_oracle,0.0588327196918714
0.3,LS_oracle,0.0670563824393284
0.3,LS_oracle,0.0714890531062475
0.3,LS_oracle,0.059799903498547
0.3,LS_oracle,0.0503447679328526
0.3,LS_oracle,0.115330775491946
0.3,LS_oracle,0.0877219830949594
0.3,LS_oracle,0.0561124807284701
0.3,LS_oracle,0.086002829087465
0.3,LS_oracle,0.0778689744209509
0.3,LS_oracle,0.0849299600211371
0.3,TS_oracle,0.07254078444545
0.3,TS_oracle,0.0672198331664602
0.3,TS_oracle,0.107957072520302
0.3,TS_oracle,0.0057920898972641
0.3,TS_oracle,0.0231085302581804
0.3,TS_oracle,0.0217694716360213
0.3,TS_oracle,0.0450311611492433
0.3,TS_oracle,0.0400284563449056
0.3,TS_oracle,0.0962015218437797
0.3,TS_oracle,0.118524097789511
0.3,TS_oracle,0.081329947607321
0.3,TS_oracle,0.0688992514714062
0.3,TS_oracle,0.0831418176420509
0.3,TS_oracle,0.0889193633351124
0.3,TS_oracle,0.050893878401008
0.3,TS_oracle,0.0912160094301111
0.3,TS_oracle,0.0362281030202158
0.3,TS_oracle,0.0502547467806478
0.3,TS_oracle,-0.0118466337299351
0.3,TS_oracle,0.0507616459123363
0.3,TS_oracle,0.0519357536369791
0.3,TS_oracle,0.0117409388501653
0.3,TS_oracle,0.0718328336241665
0.3,TS_oracle,0.113084575794073
0.3,TS_oracle,0.0629471033487474
0.3,TS_oracle,0.0499754756175905
0.3,TS_oracle,0.0897827024011293
0.3,TS_oracle,0.048267353340115
0.3,TS_oracle,0.0713779973229658
0.3,TS_oracle,0.0380955703302361
0.3,TS_oracle,0.054923725206423
0.3,TS_oracle,0.0537561320969913
0.3,TS_oracle,0.0275399567445938
0.3,TS_oracle,0.0179959338916118
0.3,TS_oracle,0.0222832985117976
0.3,TS_oracle,0.0659677087660591
0.3,TS_oracle,0.0136040020457029
0.3,TS_oracle,0.0418536800834095
0.3,TS_oracle,0.100092512122236
0.3,TS_oracle,0.0294780029011501
0.3,TS_oracle,0.0482908682469501
0.3,TS_oracle,0.134064157540574
0.3,TS_oracle,0.0859848488780721
0.3,TS_oracle,0.0716893190569823
0.3,TS_oracle,0.0389293390865315
0.3,TS_oracle,0.0557863689612252
0.3,TS_oracle,0.0492404471364092
0.3,TS_oracle,0.106308179182724
0.3,TS_oracle,0.0491229187606199
0.3,TS_oracle,0.0196828276380558
0.3,TS_oracle,0.083693727963293
0.3,TS_oracle,0.0559699609153881
0.3,TS_oracle,0.0796857236202988
0.3,TS_oracle,0.118164454229151
0.3,TS_oracle,0.126677077576607
0.3,TS_oracle,0.0828350090970653
0.3,TS_oracle,0.117015352762204
0.3,TS_oracle,0.0584994939208401
0.3,TS_oracle,0.0319680328307286
0.3,TS_oracle,0.0779153077531383
0.3,TS_oracle,0.0490805470959994
0.3,TS_oracle,0.00217642902913862
0.3,TS_oracle,0.0694004984887024
0.3,TS_oracle,0.0276845395734642
0.3,TS_oracle,0.0145805248927224
0.3,TS_oracle,0.0748508139946462
0.3,TS_oracle,0.0252326070181743
0.3,TS_oracle,0.0541212289244442
0.3,TS_oracle,0.0477619985130724
0.3,TS_oracle,0.0688340904136964
0.3,TS_oracle,0.0648103987420592
0.3,TS_oracle,-0.0109218089733174
0.3,TS_oracle,0.0418319864103851
0.3,TS_oracle,0.0725107665678288
0.3,TS_oracle,0.0363188848109406
0.3,TS_oracle,0.0448275162930014
0.3,TS_oracle,0.0633697840079892
0.3,TS_oracle,0.095048208615802
0.3,TS_oracle,0.0400942717219519
0.3,TS_oracle,0.0266825145500476
0.3,TS_oracle,0.0569483296762205
0.3,TS_oracle,0.0781070342904087
0.3,TS_oracle,0.17497535904456
0.3,TS_oracle,0.103648456718292
0.3,TS_oracle,0.163771469881506
0.3,TS_oracle,0.0880006413540146
0.3,TS_oracle,0.0551776184849979
0.3,TS_oracle,0.0715330758494896
0.3,TS_oracle,0.0913434465589789
0.3,TS_oracle,0.0709799679056757
0.3,TS_oracle,0.0410001509304694
0.3,TS_oracle,0.0795722539770476
0.3,TS_oracle,0.135178492582858
0.3,TS_oracle,0.088426785969725
0.3,TS_oracle,0.105448775759482
0.3,TS_oracle,0.0880387145842545
0.3,TS_oracle,0.0801516819772103
0.3,TS_oracle,0.0318056399318061
0.3,TS_oracle,0.0435393509129189
0.3,TS_oracle,0.0686599467191598
0.3,TS_oracle,0.0910343872121335
0.3,TS_oracle,0.0529636342858748
0.3,TS_oracle,0.0894867284854843
0.3,TS_oracle,0.0345952701999155
0.3,TS_oracle,0.0843560946171613
0.3,TS_oracle,0.0979685697215757
0.3,TS_oracle,0.0654033126070981
0.3,TS_oracle,0.0678439144167053
0.3,TS_oracle,0.0159921575924273
0.3,TS_oracle,0.100992710532291
0.3,TS_oracle,0.0939843196516743
0.3,TS_oracle,-0.00561622746479595
0.3,TS_oracle,0.0435624746883256
0.3,TS_oracle,0.0712523010224335
0.3,TS_oracle,0.030708883422417
0.3,TS_oracle,0.0917772511524195
0.3,TS_oracle,0.000351873620245913
0.3,TS_oracle,0.0674951392264089
0.3,TS_oracle,0.0894719778320963
0.3,TS_oracle,0.0507264980410695
0.3,TS_oracle,0.100911176252528
0.3,TS_oracle,0.0109854603908517
0.3,TS_oracle,0.0425190047402828
0.3,TS_oracle,0.100764991246269
0.3,TS_oracle,0.0198893978787349
0.3,TS_oracle,0.0779955523583191
0.3,TS_oracle,0.0876884153199811
0.3,TS_oracle,0.0453381390418455
0.3,TS_oracle,0.0311914678704441
0.3,TS_oracle,0.137568566252188
0.3,TS_oracle,0.112473641220664
0.3,TS_oracle,0.0248458221946621
0.3,TS_oracle,0.0412952871364805
0.3,TS_oracle,0.0987902782932337
0.3,TS_oracle,0.093586395895324
0.3,TS_oracle,0.10152282939215
0.3,TS_oracle,0.0417673639417249
0.3,TS_oracle,0.0857867288215928
0.3,TS_oracle,0.10315154705134
0.3,TS_oracle,0.0198615267624647
0.3,TS_oracle,0.0196042059620516
0.3,TS_oracle,0.00824465414703446
0.3,TS_oracle,0.0410890478916559
0.3,TS_oracle,0.0969917887604352
0.3,TS_oracle,-0.00203845648339518
0.3,TS_oracle,0.0570267062123881
0.3,TS_oracle,0.042282214344703
0.3,TS_oracle,0.0404540369293933
0.3,TS_oracle,0.00112367914636202
0.3,TS_oracle,0.0539362811977742
0.3,TS_oracle,0.0574355005290281
0.3,TS_oracle,0.0312417117578125
0.3,TS_oracle,0.0732857494876651
0.3,TS_oracle,0.0319376349720821
0.3,TS_oracle,0.0398664599722476
0.3,TS_oracle,0.0209199531402866
0.3,TS_oracle,0.0662878299705154
0.3,TS_oracle,0.101611425385261
0.3,TS_oracle,0.0538189536335338
0.3,TS_oracle,0.0684170442810887
0.3,TS_oracle,0.0431522750544773
0.3,TS_oracle,-0.00922762927396259
0.3,TS_oracle,0.0404853294834977
0.3,TS_oracle,0.0794061180320886
0.3,TS_oracle,0.0251417259490121
0.3,TS_oracle,0.0712497928006668
0.3,TS_oracle,0.0134807575752138
0.3,TS_oracle,-0.00881001494972034
0.3,TS_oracle,0.116564683281666
0.3,TS_oracle,0.0998257227092543
0.3,TS_oracle,0.0640672632837349
0.3,TS_oracle,0.0372607911275928
0.3,TS_oracle,0.0982291490467366
0.3,TS_oracle,0.0876750288381312
0.3,TS_oracle,0.0734472521314709
0.3,TS_oracle,0.0872572313971078
0.3,TS_oracle,0.039813590463136
0.3,TS_oracle,0.0589217749758457
0.3,TS_oracle,0.0365170170934739
0.3,TS_oracle,0.0849350991805338
0.3,TS_oracle,-0.00463105046086487
0.3,TS_oracle,0.0902782880948942
0.3,TS_oracle,0.0132909258137583
0.3,TS_oracle,0.119076169611417
0.3,TS_oracle,0.0742872698978505
0.3,TS_oracle,0.0668054582566908
0.3,TS_oracle,0.0355959502736898
0.3,TS_oracle,0.0653179344273025
0.3,TS_oracle,0.0405617164241308
0.3,TS_oracle,0.0566528202620702
0.3,TS_oracle,0.0696968079750855
0.3,TS_oracle,0.0641906810185771
0.3,TS_oracle,0.0580464704534915
0.3,TS_oracle,0.0435115388493905
0.3,TS_oracle,0.113453332893199
0.3,TS_oracle,0.0883274976737323
0.3,TS_oracle,0.0504531234501737
0.3,TS_oracle,0.0774007817600277
0.3,TS_oracle,0.0775439648494389
0.3,TS_oracle,0.0861821138257601
0.4,PLS,0.0411671385992645
0.4,PLS,0.0239242277154634
0.4,PLS,-0.00394819777884237
0.4,PLS,0.0848309414486388
0.4,PLS,0.011126605814491
0.4,PLS,0.0481084017080782
0.4,PLS,0.0764333511196833
0.4,PLS,0.127473326109954
0.4,PLS,0.0881189348674187
0.4,PLS,0.0144495735352015
0.4,PLS,0.128716905423033
0.4,PLS,0.0502330244042235
0.4,PLS,0.108258260980227
0.4,PLS,0.0159486438341405
0.4,PLS,0.0616009089802443
0.4,PLS,0.0497256301672233
0.4,PLS,0.0480104452730847
0.4,PLS,0.0206981974570821
0.4,PLS,0.0139508037167153
0.4,PLS,0.0378822111423338
0.4,PLS,0.0358312697611476
0.4,PLS,0.100300173774086
0.4,PLS,0.0880624647066026
0.4,PLS,0.0574421576183206
0.4,PLS,0.0684237228821933
0.4,PLS,0.0500677681440742
0.4,PLS,0.0646542050069148
0.4,PLS,0.0698327693190504
0.4,PLS,-0.0104286858797119
0.4,PLS,0.0644514778901717
0.4,PLS,-0.000420686869294529
0.4,PLS,0.0332486397999372
0.4,PLS,0.0900244652454039
0.4,PLS,0.0759625858420043
0.4,PLS,0.0899730543029167
0.4,PLS,0.0558687762074637
0.4,PLS,0.0950082904904992
0.4,PLS,0.0911554286678919
0.4,PLS,0.0350682386419119
0.4,PLS,0.0388627247401803
0.4,PLS,0.0891307503874701
0.4,PLS,0.132390495056334
0.4,PLS,0.046575462566443
0.4,PLS,0.0262484271813046
0.4,PLS,0.0563286877459535
0.4,PLS,0.0480554010770555
0.4,PLS,0.123998022090007
0.4,PLS,0.0456150256607772
0.4,PLS,0.0587282717754853
0.4,PLS,0.0182828447797683
0.4,PLS,0.0863722665287774
0.4,PLS,0.0260073622791255
0.4,PLS,0.107252850857348
0.4,PLS,0.0288655990068445
0.4,PLS,0.0337784003414894
0.4,PLS,0.118994930528216
0.4,PLS,0.0867017126163876
0.4,PLS,0.0679307943155452
0.4,PLS,0.120421415678602
0.4,PLS,0.0221333208577443
0.4,PLS,0.0412070445601529
0.4,PLS,0.0269133639195234
0.4,PLS,0.114501199283288
0.4,PLS,0.0775813964516638
0.4,PLS,0.0693504943792758
0.4,PLS,0.050985600013693
0.4,PLS,0.0188863545293847
0.4,PLS,-0.0077933749839193
0.4,PLS,0.0605668451830819
0.4,PLS,0.0548166787201463
0.4,PLS,0.0806337672451287
0.4,PLS,0.048424280930647
0.4,PLS,0.0791359780824088
0.4,PLS,0.0606770546897624
0.4,PLS,0.0884415717906977
0.4,PLS,0.0332074891206302
0.4,PLS,0.0759122676721979
0.4,PLS,0.0834142787668719
0.4,PLS,0.125175629940905
0.4,PLS,0.0892764925677751
0.4,PLS,0.0574715244486852
0.4,PLS,0.0684172434183055
0.4,PLS,0.0664193234710377
0.4,PLS,0.0733606855600322
0.4,PLS,0.0270854485739227
0.4,PLS,0.0509567342620647
0.4,PLS,0.0423796851612754
0.4,PLS,0.0654989315670318
0.4,PLS,0.025851091880124
0.4,PLS,0.106836146093592
0.4,PLS,0.0206736612193781
0.4,PLS,0.0433164200024987
0.4,PLS,0.04866489818697
0.4,PLS,0.106535114790782
0.4,PLS,0.082531788788107
0.4,PLS,0.194477537552305
0.4,PLS,0.121124187381744
0.4,PLS,0.0344973221364613
0.4,PLS,0.0738915318934381
0.4,PLS,0.14089805138831
0.4,PLS,0.00804439044556071
0.4,PLS,0.0674133017810707
0.4,PLS,0.0615297615549248
0.4,PLS,0.0383062347602374
0.4,PLS,0.0609221753370965
0.4,PLS,0.150217791712674
0.4,PLS,0.0191926165015379
0.4,PLS,0.0517367028305402
0.4,PLS,0.0550457311470502
0.4,PLS,0.0592038517508462
0.4,PLS,0.106134573750272
0.4,PLS,0.0257277520090933
0.4,PLS,0.122228036438146
0.4,PLS,0.087405771183368
0.4,PLS,0.0528463761723019
0.4,PLS,0.0408405705983077
0.4,PLS,0.0280416374398029
0.4,PLS,0.0608172265119566
0.4,PLS,0.101597098819462
0.4,PLS,0.043606182017679
0.4,PLS,0.0998578758988968
0.4,PLS,0.0722681536783165
0.4,PLS,0.0671840864205071
0.4,PLS,0.070026193060768
0.4,PLS,0.0830138566585539
0.4,PLS,0.101508444550201
0.4,PLS,0.0580045398279558
0.4,PLS,0.0252890881421746
0.4,PLS,0.0463049729647795
0.4,PLS,0.0837288506717593
0.4,PLS,0.0250531214453815
0.4,PLS,0.0365526835067334
0.4,PLS,0.0453206237060304
0.4,PLS,0.0812706303855457
0.4,PLS,0.0761402425610904
0.4,PLS,0.12917633796749
0.4,PLS,0.0669590074575017
0.4,PLS,0.0429833601156413
0.4,PLS,-0.00637049569539194
0.4,PLS,0.0522891856561423
0.4,PLS,-0.00710713956404907
0.4,PLS,0.0203143910470729
0.4,PLS,0.0472057611529884
0.4,PLS,0.091654890612187
0.4,PLS,0.0877901906717344
0.4,PLS,0.0740329969157687
0.4,PLS,0.0392063646945813
0.4,PLS,0.0249508073401938
0.4,PLS,0.0833967735052954
0.4,PLS,0.0669267411190759
0.4,PLS,0.0254086491751389
0.4,PLS,0.0569076694640021
0.4,PLS,0.0976523025932921
0.4,PLS,0.11755380825975
0.4,PLS,0.0427060093298739
0.4,PLS,0.124764509983606
0.4,PLS,0.0488932088091907
0.4,PLS,0.119972497917909
0.4,PLS,0.043055031777387
0.4,PLS,0.0921334172838824
0.4,PLS,0.0659710694332007
0.4,PLS,0.114328171280978
0.4,PLS,0.0221894046965554
0.4,PLS,0.0633249520341019
0.4,PLS,0.0329547346253867
0.4,PLS,0.0935049779057682
0.4,PLS,-0.0184635421233939
0.4,PLS,0.0806165387005937
0.4,PLS,0.1133621916298
0.4,PLS,0.107674997455869
0.4,PLS,0.0760729450039763
0.4,PLS,0.0130508795748541
0.4,PLS,0.115414572183716
0.4,PLS,0.0581507914859738
0.4,PLS,0.0416952862763671
0.4,PLS,0.0587591177823512
0.4,PLS,0.0323205683825547
0.4,PLS,0.107699269678008
0.4,PLS,0.0629890741590713
0.4,PLS,0.0642999923694112
0.4,PLS,0.0524406221481686
0.4,PLS,0.00141643600753172
0.4,PLS,0.0503487063086849
0.4,PLS,0.101983375836404
0.4,PLS,0.0331781544104566
0.4,PLS,0.0986625548702151
0.4,PLS,0.10666098875892
0.4,PLS,0.0702616258176438
0.4,PLS,0.119864347958561
0.4,PLS,0.0922482712992647
0.4,PLS,0.116908804756282
0.4,PLS,0.124874738479474
0.4,PLS,-0.0336431073987605
0.4,PLS,0.0421912617335209
0.4,PLS,0.20226335960277
0.4,PLS,0.0180834695167595
0.4,PLS,0.173061748376807
0.4,PLS,0.0340071740075922
0.4,PLS,0.0340064079856979
0.4,PLS,0.108093237917314
0.4,fTS,0.0455536581624616
0.4,fTS,0.022687551042452
0.4,fTS,-0.0110342559094783
0.4,fTS,0.0827992285362671
0.4,fTS,0.00110031494010276
0.4,fTS,0.0541266064818802
0.4,fTS,0.0668808269884777
0.4,fTS,0.113448173315741
0.4,fTS,0.0824048272657021
0.4,fTS,0.011664495424182
0.4,fTS,0.117538751978584
0.4,fTS,0.0525309162258458
0.4,fTS,0.110682122579881
0.4,fTS,0.0121068619350211
0.4,fTS,0.0536864686066505
0.4,fTS,0.0528251174011749
0.4,fTS,0.048441245657411
0.4,fTS,0.0160147214193638
0.4,fTS,0.0120015497353438
0.4,fTS,0.0341980141379425
0.4,fTS,0.0333942459856345
0.4,fTS,0.0952214906299795
0.4,fTS,0.08165494543243
0.4,fTS,0.0479739789302993
0.4,fTS,0.0608684665176691
0.4,fTS,0.0487898002191267
0.4,fTS,0.0557319016759363
0.4,fTS,0.0668666121921186
0.4,fTS,-0.0100293513818547
0.4,fTS,0.0592905937257355
0.4,fTS,0.00133882627688231
0.4,fTS,0.0364097776932242
0.4,fTS,0.0840928631946141
0.4,fTS,0.0575112747527751
0.4,fTS,0.0833812978363815
0.4,fTS,0.0630173699813081
0.4,fTS,0.0995227806910635
0.4,fTS,0.0944556424669405
0.4,fTS,0.0283836392935857
0.4,fTS,0.0391369185025847
0.4,fTS,0.0830516713551395
0.4,fTS,0.133930090881566
0.4,fTS,0.0444374482507988
0.4,fTS,0.025416132064576
0.4,fTS,0.0551752252861479
0.4,fTS,0.0464123523581272
0.4,fTS,0.118851545387848
0.4,fTS,0.0384977320470832
0.4,fTS,0.0439009064000555
0.4,fTS,0.0162861471938698
0.4,fTS,0.0897257475321773
0.4,fTS,0.0328938556944418
0.4,fTS,0.108235360323495
0.4,fTS,0.0323159596782601
0.4,fTS,0.034570046247874
0.4,fTS,0.126677809908238
0.4,fTS,0.0794397450910136
0.4,fTS,0.066510777541648
0.4,fTS,0.111991063394887
0.4,fTS,0.0212105000847018
0.4,fTS,0.0405753930779111
0.4,fTS,0.029893811575634
0.4,fTS,0.102978275501247
0.4,fTS,0.0768436474667398
0.4,fTS,0.0613740955589894
0.4,fTS,0.0524487285758231
0.4,fTS,0.017347502597471
0.4,fTS,-0.00768432059579283
0.4,fTS,0.0578535543376786
0.4,fTS,0.0517978495256239
0.4,fTS,0.0776675804244573
0.4,fTS,0.0471863128312984
0.4,fTS,0.0732868454572728
0.4,fTS,0.0513695125609663
0.4,fTS,0.0816682427846618
0.4,fTS,0.0261946882723241
0.4,fTS,0.0712906580964507
0.4,fTS,0.0739304038374959
0.4,fTS,0.12023825938937
0.4,fTS,0.0943924706138515
0.4,fTS,0.0542137562536402
0.4,fTS,0.0660054278587701
0.4,fTS,0.0645059718300574
0.4,fTS,0.073694436279818
0.4,fTS,0.0261170001065267
0.4,fTS,0.0478936093343278
0.4,fTS,0.0384548577721988
0.4,fTS,0.050757087699113
0.4,fTS,0.0219312075255622
0.4,fTS,0.115115882844089
0.4,fTS,0.0295447022563267
0.4,fTS,0.0437604119991604
0.4,fTS,0.0487949507322347
0.4,fTS,0.0970110688780841
0.4,fTS,0.0777949183767683
0.4,fTS,0.178764611721214
0.4,fTS,0.113932381293503
0.4,fTS,0.03449253214203
0.4,fTS,0.060827323535261
0.4,fTS,0.143435532912273
0.4,fTS,0.00653691187165051
0.4,fTS,0.0709222466416144
0.4,fTS,0.0661566990088807
0.4,fTS,0.0359941617881103
0.4,fTS,0.0538707107919645
0.4,fTS,0.145704886218282
0.4,fTS,0.0278001493681659
0.4,fTS,0.0506071429791997
0.4,fTS,0.0456701609185668
0.4,fTS,0.0671146723544136
0.4,fTS,0.10150580282646
0.4,fTS,0.0168248949413137
0.4,fTS,0.124973325876366
0.4,fTS,0.0866833628311963
0.4,fTS,0.0440484760114634
0.4,fTS,0.0259325813446198
0.4,fTS,0.0214893780029048
0.4,fTS,0.0580093146353808
0.4,fTS,0.0979935571400941
0.4,fTS,0.0333869068834365
0.4,fTS,0.0962919273140623
0.4,fTS,0.0706637293352368
0.4,fTS,0.0544983063012181
0.4,fTS,0.0718050489283772
0.4,fTS,0.0728666560074114
0.4,fTS,0.094150332293558
0.4,fTS,0.054769951277744
0.4,fTS,0.0249452340996323
0.4,fTS,0.0431153267899627
0.4,fTS,0.0778244278745008
0.4,fTS,0.0222158695914054
0.4,fTS,0.0361955913869449
0.4,fTS,0.0408522659396637
0.4,fTS,0.0791712015443455
0.4,fTS,0.0758568216965227
0.4,fTS,0.118486679666868
0.4,fTS,0.071951643711224
0.4,fTS,0.0397947129662446
0.4,fTS,-0.0102581528534491
0.4,fTS,0.0503545848174922
0.4,fTS,-0.0129178263087862
0.4,fTS,0.0173751454053481
0.4,fTS,0.0456385494111204
0.4,fTS,0.0860786851735151
0.4,fTS,0.0749930143302411
0.4,fTS,0.0727087390053069
0.4,fTS,0.0435660769972783
0.4,fTS,0.0203531038448368
0.4,fTS,0.0749810287890951
0.4,fTS,0.0675134065380136
0.4,fTS,0.033134204526063
0.4,fTS,0.0472469026823745
0.4,fTS,0.0905473315591769
0.4,fTS,0.106547359379607
0.4,fTS,0.0422338142947809
0.4,fTS,0.120728212723656
0.4,fTS,0.0414370949502285
0.4,fTS,0.118549141245802
0.4,fTS,0.050449955051411
0.4,fTS,0.0714715021187655
0.4,fTS,0.0728965324013149
0.4,fTS,0.101059214985198
0.4,fTS,0.0212309320865602
0.4,fTS,0.045085062946657
0.4,fTS,0.0393162369381979
0.4,fTS,0.0819966568716999
0.4,fTS,-0.0213027950899096
0.4,fTS,0.0759144870438053
0.4,fTS,0.111993828952117
0.4,fTS,0.106065595496885
0.4,fTS,0.0624752690722736
0.4,fTS,0.00936284044437063
0.4,fTS,0.0919580170544467
0.4,fTS,0.0595452489883297
0.4,fTS,0.0417066470787575
0.4,fTS,0.0499176771200336
0.4,fTS,0.0207683351461008
0.4,fTS,0.102817117461921
0.4,fTS,0.0653228118033167
0.4,fTS,0.0622011260320927
0.4,fTS,0.0381300468244616
0.4,fTS,-0.00144817412688691
0.4,fTS,0.0453208390271753
0.4,fTS,0.112203185922863
0.4,fTS,0.034464043002508
0.4,fTS,0.093676073795129
0.4,fTS,0.0994677064857827
0.4,fTS,0.0699736282754029
0.4,fTS,0.12455537020434
0.4,fTS,0.0829735313938098
0.4,fTS,0.121829285347511
0.4,fTS,0.122878676398996
0.4,fTS,-0.0315210305140091
0.4,fTS,0.0281288814047165
0.4,fTS,0.196762576947603
0.4,fTS,0.0133455842816268
0.4,fTS,0.161556759766967
0.4,fTS,0.035667444444643
0.4,fTS,0.0334623166586165
0.4,fTS,0.0943452830794971
0.4,LS_oracle,0.0425663141692545
0.4,LS_oracle,0.0236056414202321
0.4,LS_oracle,-0.00714470806670853
0.4,LS_oracle,0.0846031034018968
0.4,LS_oracle,0.012768754924019
0.4,LS_oracle,0.0457013438991549
0.4,LS_oracle,0.0757896913336753
0.4,LS_oracle,0.124203961725037
0.4,LS_oracle,0.0879449708884499
0.4,LS_oracle,0.0144231724303485
0.4,LS_oracle,0.127469367230334
0.4,LS_oracle,0.0508887047766344
0.4,LS_oracle,0.108884581812003
0.4,LS_oracle,0.0187212090776427
0.4,LS_oracle,0.0616311565109113
0.4,LS_oracle,0.0497024249159554
0.4,LS_oracle,0.0475806461505388
0.4,LS_oracle,0.0204539107265616
0.4,LS_oracle,0.0131669364139004
0.4,LS_oracle,0.0378618082291287
0.4,LS_oracle,0.035240021638733
0.4,LS_oracle,0.100443295500834
0.4,LS_oracle,0.0867406587970638
0.4,LS_oracle,0.0562168763501623
0.4,LS_oracle,0.0684974404421472
0.4,LS_oracle,0.0468592300814548
0.4,LS_oracle,0.0643815696082224
0.4,LS_oracle,0.069484293921827
0.4,LS_oracle,-0.0149511306550666
0.4,LS_oracle,0.065204736548494
0.4,LS_oracle,-0.00139381917179993
0.4,LS_oracle,0.033545287719192
0.4,LS_oracle,0.0787555787150038
0.4,LS_oracle,0.0762561614834107
0.4,LS_oracle,0.0893265163481027
0.4,LS_oracle,0.0558805905056006
0.4,LS_oracle,0.0949146366944733
0.4,LS_oracle,0.0905852956475499
0.4,LS_oracle,0.0375107861373134
0.4,LS_oracle,0.0396138920442095
0.4,LS_oracle,0.0874237685127022
0.4,LS_oracle,0.131299646197219
0.4,LS_oracle,0.0479635293707861
0.4,LS_oracle,0.0268572607234927
0.4,LS_oracle,0.0535567749080841
0.4,LS_oracle,0.0477790556705653
0.4,LS_oracle,0.122929855732168
0.4,LS_oracle,0.0430384887739625
0.4,LS_oracle,0.0575354386288822
0.4,LS_oracle,0.01791540905385
0.4,LS_oracle,0.0857002014063379
0.4,LS_oracle,0.0259592744174884
0.4,LS_oracle,0.107423164341408
0.4,LS_oracle,0.0272391536608394
0.4,LS_oracle,0.0310940299144078
0.4,LS_oracle,0.11858013347699
0.4,LS_oracle,0.0843047046873906
0.4,LS_oracle,0.0679282851769063
0.4,LS_oracle,0.119558877033036
0.4,LS_oracle,0.0221017987359733
0.4,LS_oracle,0.040875814942295
0.4,LS_oracle,0.0266965199584404
0.4,LS_oracle,0.110273358729746
0.4,LS_oracle,0.0785804369366183
0.4,LS_oracle,0.06726745225451
0.4,LS_oracle,0.0521597052848655
0.4,LS_oracle,0.0142786302483522
0.4,LS_oracle,-0.00794654782338111
0.4,LS_oracle,0.0607722615206956
0.4,LS_oracle,0.0548691925027627
0.4,LS_oracle,0.0797338248316426
0.4,LS_oracle,0.0485914041504949
0.4,LS_oracle,0.0766333965998578
0.4,LS_oracle,0.0594794453833314
0.4,LS_oracle,0.089512922322738
0.4,LS_oracle,0.0322563646067655
0.4,LS_oracle,0.075863931690288
0.4,LS_oracle,0.0802318880334385
0.4,LS_oracle,0.125215829148841
0.4,LS_oracle,0.0901845570926085
0.4,LS_oracle,0.0579497461187921
0.4,LS_oracle,0.0684560068992957
0.4,LS_oracle,0.0670963039830186
0.4,LS_oracle,0.0752303596929849
0.4,LS_oracle,0.0264757809932616
0.4,LS_oracle,0.0515031131205033
0.4,LS_oracle,0.0436313989708124
0.4,LS_oracle,0.0637783010594666
0.4,LS_oracle,0.0260288313630828
0.4,LS_oracle,0.106488226611347
0.4,LS_oracle,0.0179309843491813
0.4,LS_oracle,0.0433556362602461
0.4,LS_oracle,0.0496450970169433
0.4,LS_oracle,0.101998384951423
0.4,LS_oracle,0.0807409694866155
0.4,LS_oracle,0.197880185371101
0.4,LS_oracle,0.121283611037928
0.4,LS_oracle,0.0345684815278975
0.4,LS_oracle,0.083713480112519
0.4,LS_oracle,0.141984063145983
0.4,LS_oracle,0.00894366041025041
0.4,LS_oracle,0.0662407181510236
0.4,LS_oracle,0.0608177900043747
0.4,LS_oracle,0.0371428007818193
0.4,LS_oracle,0.0555984626428809
0.4,LS_oracle,0.152295013571684
0.4,LS_oracle,0.0192389724791102
0.4,LS_oracle,0.0536125453428355
0.4,LS_oracle,0.054631248922411
0.4,LS_oracle,0.0580599160360871
0.4,LS_oracle,0.10569546428293
0.4,LS_oracle,0.0249075544744963
0.4,LS_oracle,0.123625408452904
0.4,LS_oracle,0.0878921627719031
0.4,LS_oracle,0.0531754063454366
0.4,LS_oracle,0.0400571506659964
0.4,LS_oracle,0.0279286355986097
0.4,LS_oracle,0.0640453962446985
0.4,LS_oracle,0.101618973947363
0.4,LS_oracle,0.0434794471312852
0.4,LS_oracle,0.0998853358683081
0.4,LS_oracle,0.0708341315636067
0.4,LS_oracle,0.0704227460787177
0.4,LS_oracle,0.0699998286787036
0.4,LS_oracle,0.0822897319457956
0.4,LS_oracle,0.10131048099164
0.4,LS_oracle,0.0634198203169647
0.4,LS_oracle,0.0261210897656876
0.4,LS_oracle,0.0452325767505961
0.4,LS_oracle,0.0840793820049097
0.4,LS_oracle,0.023715312966351
0.4,LS_oracle,0.0353591350667841
0.4,LS_oracle,0.0433208713023476
0.4,LS_oracle,0.0818579587247901
0.4,LS_oracle,0.0738319427248244
0.4,LS_oracle,0.121211487758012
0.4,LS_oracle,0.0673788179303292
0.4,LS_oracle,0.0420129116315633
0.4,LS_oracle,-0.00615854370673274
0.4,LS_oracle,0.0505898325180452
0.4,LS_oracle,-0.00727616390491703
0.4,LS_oracle,0.0176207385677869
0.4,LS_oracle,0.0471966810979478
0.4,LS_oracle,0.089181572346346
0.4,LS_oracle,0.084903736985801
0.4,LS_oracle,0.0754449323530393
0.4,LS_oracle,0.0371039804948907
0.4,LS_oracle,0.023948068333659
0.4,LS_oracle,0.0779281543251515
0.4,LS_oracle,0.0659047341887462
0.4,LS_oracle,0.0228140690817575
0.4,LS_oracle,0.0569089199500148
0.4,LS_oracle,0.0972806321248538
0.4,LS_oracle,0.118911802940773
0.4,LS_oracle,0.0428003433533604
0.4,LS_oracle,0.124651678552558
0.4,LS_oracle,0.0466815903206026
0.4,LS_oracle,0.11969198185657
0.4,LS_oracle,0.0428108088336225
0.4,LS_oracle,0.0879658200185189
0.4,LS_oracle,0.0638687600636172
0.4,LS_oracle,0.117877778566672
0.4,LS_oracle,0.0216491196289497
0.4,LS_oracle,0.066407401985175
0.4,LS_oracle,0.0334405737706387
0.4,LS_oracle,0.0932589397120374
0.4,LS_oracle,-0.0208991938818602
0.4,LS_oracle,0.0812522110398524
0.4,LS_oracle,0.112264621358242
0.4,LS_oracle,0.107500648854901
0.4,LS_oracle,0.0759347876308529
0.4,LS_oracle,0.0122226906159491
0.4,LS_oracle,0.11352762390325
0.4,LS_oracle,0.0604883392679858
0.4,LS_oracle,0.0390903121861004
0.4,LS_oracle,0.0576116734796928
0.4,LS_oracle,0.0348037698669375
0.4,LS_oracle,0.1080455452819
0.4,LS_oracle,0.0615803872863767
0.4,LS_oracle,0.0640155410732985
0.4,LS_oracle,0.0448721794760065
0.4,LS_oracle,0.000458746922763487
0.4,LS_oracle,0.0482182703749596
0.4,LS_oracle,0.101641785888998
0.4,LS_oracle,0.0337091225841883
0.4,LS_oracle,0.0974573747264582
0.4,LS_oracle,0.106959763736786
0.4,LS_oracle,0.0716695646412173
0.4,LS_oracle,0.120124871019363
0.4,LS_oracle,0.0847926417072766
0.4,LS_oracle,0.12161073022039
0.4,LS_oracle,0.124851311660312
0.4,LS_oracle,-0.0319827053992365
0.4,LS_oracle,0.039175296205658
0.4,LS_oracle,0.199880966692321
0.4,LS_oracle,0.0156563967071182
0.4,LS_oracle,0.172265297034375
0.4,LS_oracle,0.0339073820322806
0.4,LS_oracle,0.0317936560272651
0.4,LS_oracle,0.103442367900539
0.4,TS_oracle,0.0466266231879522
0.4,TS_oracle,0.0216268532983241
0.4,TS_oracle,-0.0108685500937756
0.4,TS_oracle,0.0828161418691957
0.4,TS_oracle,0.00172939730158306
0.4,TS_oracle,0.0511820486515129
0.4,TS_oracle,0.0669158740597466
0.4,TS_oracle,0.112904134462863
0.4,TS_oracle,0.0848439360967643
0.4,TS_oracle,0.0113703722794034
0.4,TS_oracle,0.117502197118546
0.4,TS_oracle,0.0529870671636234
0.4,TS_oracle,0.111374909326412
0.4,TS_oracle,0.0121744409848661
0.4,TS_oracle,0.0536625065380811
0.4,TS_oracle,0.0529427287550399
0.4,TS_oracle,0.0480723113479156
0.4,TS_oracle,0.0137554332653993
0.4,TS_oracle,0.0119871937818132
0.4,TS_oracle,0.0341658522850525
0.4,TS_oracle,0.0334913072187422
0.4,TS_oracle,0.0960724567010685
0.4,TS_oracle,0.0814357421960126
0.4,TS_oracle,0.0474581111928472
0.4,TS_oracle,0.0619109572463981
0.4,TS_oracle,0.0481404873819444
0.4,TS_oracle,0.0553688635885872
0.4,TS_oracle,0.0662824721182595
0.4,TS_oracle,-0.0139359488753892
0.4,TS_oracle,0.0594948893411327
0.4,TS_oracle,0.000846331436565873
0.4,TS_oracle,0.0363561397373022
0.4,TS_oracle,0.0793241570690371
0.4,TS_oracle,0.0577811151187566
0.4,TS_oracle,0.0833979106094642
0.4,TS_oracle,0.0630173980919453
0.4,TS_oracle,0.0999287938458444
0.4,TS_oracle,0.0938604225116326
0.4,TS_oracle,0.0292237184324522
0.4,TS_oracle,0.038983604590453
0.4,TS_oracle,0.0817218713699457
0.4,TS_oracle,0.133804417312058
0.4,TS_oracle,0.0421082300679749
0.4,TS_oracle,0.0255140136373029
0.4,TS_oracle,0.054483900451088
0.4,TS_oracle,0.0469292707750046
0.4,TS_oracle,0.118283257487857
0.4,TS_oracle,0.0392111319981638
0.4,TS_oracle,0.0435784772681032
0.4,TS_oracle,0.0166519153886175
0.4,TS_oracle,0.0885938548949108
0.4,TS_oracle,0.0329048377985772
0.4,TS_oracle,0.107294686788583
0.4,TS_oracle,0.0306974659569224
0.4,TS_oracle,0.0352996279506304
0.4,TS_oracle,0.126048192257868
0.4,TS_oracle,0.0760720599622213
0.4,TS_oracle,0.0665168030315983
0.4,TS_oracle,0.111489017542342
0.4,TS_oracle,0.0211060217185186
0.4,TS_oracle,0.0404944612623561
0.4,TS_oracle,0.0299180727479187
0.4,TS_oracle,0.100314563755573
0.4,TS_oracle,0.0768939338763877
0.4,TS_oracle,0.0612243400899009
0.4,TS_oracle,0.0528825933872892
0.4,TS_oracle,0.0167949512175212
0.4,TS_oracle,-0.00715647698588329
0.4,TS_oracle,0.057673316157242
0.4,TS_oracle,0.050829268692322
0.4,TS_oracle,0.0763388526418567
0.4,TS_oracle,0.0475438243170918
0.4,TS_oracle,0.0733334640564929
0.4,TS_oracle,0.0510928601939631
0.4,TS_oracle,0.0819807054583823
0.4,TS_oracle,0.0259073135773096
0.4,TS_oracle,0.0716547161077026
0.4,TS_oracle,0.0738293833200896
0.4,TS_oracle,0.120242798579401
0.4,TS_oracle,0.0938931288930913
0.4,TS_oracle,0.054590455266968
0.4,TS_oracle,0.066073208237557
0.4,TS_oracle,0.0646996348416171
0.4,TS_oracle,0.0741830189752331
0.4,TS_oracle,0.0260710446189463
0.4,TS_oracle,0.0482719629603612
0.4,TS_oracle,0.0377172747207253
0.4,TS_oracle,0.0500943948874908
0.4,TS_oracle,0.0220971078053984
0.4,TS_oracle,0.115249253236771
0.4,TS_oracle,0.0295297533778387
0.4,TS_oracle,0.0435129595897676
0.4,TS_oracle,0.0492922532340776
0.4,TS_oracle,0.0932444643826595
0.4,TS_oracle,0.0773935190343022
0.4,TS_oracle,0.179545287395906
0.4,TS_oracle,0.112568027490679
0.4,TS_oracle,0.0338944125372103
0.4,TS_oracle,0.0605318681443878
0.4,TS_oracle,0.143942255176094
0.4,TS_oracle,0.00696750880408392
0.4,TS_oracle,0.0707047690804441
0.4,TS_oracle,0.0664308159790357
0.4,TS_oracle,0.0355341435332428
0.4,TS_oracle,0.0501848519561063
0.4,TS_oracle,0.145603167940751
0.4,TS_oracle,0.0277979394844499
0.4,TS_oracle,0.0511567951318603
0.4,TS_oracle,0.0449041487257398
0.4,TS_oracle,0.0675619427827114
0.4,TS_oracle,0.101122058988764
0.4,TS_oracle,0.0160384982526176
0.4,TS_oracle,0.126175040189534
0.4,TS_oracle,0.0868306597544792
0.4,TS_oracle,0.0441453897692294
0.4,TS_oracle,0.0244643099620572
0.4,TS_oracle,0.0211678313988859
0.4,TS_oracle,0.0585820156974151
0.4,TS_oracle,0.0982037108820166
0.4,TS_oracle,0.033782299679165
0.4,TS_oracle,0.0963002967101574
0.4,TS_oracle,0.0692753220823605
0.4,TS_oracle,0.0560586883157796
0.4,TS_oracle,0.0717741713214404
0.4,TS_oracle,0.0700177623945906
0.4,TS_oracle,0.0941424274018416
0.4,TS_oracle,0.0557093737725625
0.4,TS_oracle,0.0251821616068704
0.4,TS_oracle,0.0407815155225151
0.4,TS_oracle,0.0779200180298889
0.4,TS_oracle,0.0216632319200927
0.4,TS_oracle,0.0344154817465612
0.4,TS_oracle,0.0409594432744131
0.4,TS_oracle,0.0797669291074605
0.4,TS_oracle,0.0748243107743909
0.4,TS_oracle,0.116773782290476
0.4,TS_oracle,0.0719666439683804
0.4,TS_oracle,0.0378800900171665
0.4,TS_oracle,-0.010132201420626
0.4,TS_oracle,0.0502701352243276
0.4,TS_oracle,-0.0129414853969774
0.4,TS_oracle,0.0155187186991712
0.4,TS_oracle,0.0460964748557511
0.4,TS_oracle,0.0841980982586734
0.4,TS_oracle,0.0751548732026091
0.4,TS_oracle,0.0725682645614774
0.4,TS_oracle,0.0429642052654806
0.4,TS_oracle,0.0203368340667629
0.4,TS_oracle,0.0711874730189068
0.4,TS_oracle,0.0673092427382034
0.4,TS_oracle,0.0289880098991393
0.4,TS_oracle,0.0472443550945387
0.4,TS_oracle,0.0904665483414109
0.4,TS_oracle,0.108350762751303
0.4,TS_oracle,0.0423736558272376
0.4,TS_oracle,0.12087400294372
0.4,TS_oracle,0.0370425636851719
0.4,TS_oracle,0.118600884953209
0.4,TS_oracle,0.0503889047946497
0.4,TS_oracle,0.0687546677959365
0.4,TS_oracle,0.0723218268498869
0.4,TS_oracle,0.102137573368133
0.4,TS_oracle,0.0203581484620419
0.4,TS_oracle,0.0456524084285042
0.4,TS_oracle,0.0393556976571257
0.4,TS_oracle,0.0819690900847891
0.4,TS_oracle,-0.0224807038479763
0.4,TS_oracle,0.0752980776841283
0.4,TS_oracle,0.112344307973039
0.4,TS_oracle,0.105682401655187
0.4,TS_oracle,0.062082742027799
0.4,TS_oracle,0.00749317451505327
0.4,TS_oracle,0.0903481883123842
0.4,TS_oracle,0.059938454525259
0.4,TS_oracle,0.0400468089947275
0.4,TS_oracle,0.0499544713236457
0.4,TS_oracle,0.0211595966437914
0.4,TS_oracle,0.102664141054116
0.4,TS_oracle,0.0640489684752714
0.4,TS_oracle,0.0620326866198182
0.4,TS_oracle,0.0375720243013393
0.4,TS_oracle,-0.00359674382144393
0.4,TS_oracle,0.0450047476803881
0.4,TS_oracle,0.110281956513936
0.4,TS_oracle,0.0343806082425044
0.4,TS_oracle,0.0920444249362478
0.4,TS_oracle,0.0995300806447998
0.4,TS_oracle,0.071278344128394
0.4,TS_oracle,0.124632111492839
0.4,TS_oracle,0.0787287491175865
0.4,TS_oracle,0.122910209406436
0.4,TS_oracle,0.122812520696199
0.4,TS_oracle,-0.0312687926485905
0.4,TS_oracle,0.0274805489207235
0.4,TS_oracle,0.196744381163016
0.4,TS_oracle,0.0129708468167573
0.4,TS_oracle,0.160698796168967
0.4,TS_oracle,0.0356087789105484
0.4,TS_oracle,0.0331372109708972
0.4,TS_oracle,0.0943215960663712
0.5,PLS,0.0337436179055366
0.5,PLS,0.0966979812280839
0.5,PLS,0.0560914500669121
0.5,PLS,0.042826034826734
0.5,PLS,0.0365636018618103
0.5,PLS,0.0492679400868006
0.5,PLS,0.0787850301947659
0.5,PLS,0.0473545940132427
0.5,PLS,0.138170960303922
0.5,PLS,0.0629345672916635
0.5,PLS,0.100791989060994
0.5,PLS,0.0862132806927567
0.5,PLS,0.038082635538907
0.5,PLS,0.0594111571003748
0.5,PLS,0.109458558818794
0.5,PLS,0.0916555488275588
0.5,PLS,0.0876653980665429
0.5,PLS,0.0498142914871587
0.5,PLS,0.0129767191479535
0.5,PLS,0.0963132543877889
0.5,PLS,0.0885384993417999
0.5,PLS,0.102093159321629
0.5,PLS,0.0446159904890233
0.5,PLS,0.0359754984479559
0.5,PLS,0.0680682339803755
0.5,PLS,0.0898953913853804
0.5,PLS,0.0552643081355921
0.5,PLS,0.164624747815586
0.5,PLS,0.0392025133521434
0.5,PLS,0.110397037185814
0.5,PLS,0.0621380483767924
0.5,PLS,0.105155746600302
0.5,PLS,0.0537578790660054
0.5,PLS,0.0877772430143282
0.5,PLS,0.0645303584311987
0.5,PLS,0.0868338335758962
0.5,PLS,0.0140977946645393
0.5,PLS,0.0791765407398224
0.5,PLS,0.212616768046156
0.5,PLS,0.0645880779426919
0.5,PLS,0.0998718715686135
0.5,PLS,0.0586200955089986
0.5,PLS,0.137887420557841
0.5,PLS,0.0340500987140904
0.5,PLS,0.0268660247300829
0.5,PLS,0.076370757190779
0.5,PLS,0.109325298819898
0.5,PLS,0.109403736188977
0.5,PLS,0.0524638392023704
0.5,PLS,0.0443677886727887
0.5,PLS,0.0262374549817359
0.5,PLS,0.0183711226571674
0.5,PLS,0.0305351433403422
0.5,PLS,0.0221770151738783
0.5,PLS,0.0344262807492093
0.5,PLS,0.117931573034055
0.5,PLS,0.032171241175861
0.5,PLS,0.025011567601595
0.5,PLS,0.116560376619892
0.5,PLS,0.193297345400132
0.5,PLS,0.0640230787467513
0.5,PLS,0.0154514750908727
0.5,PLS,0.110865849991048
0.5,PLS,0.0697235663431353
0.5,PLS,0.0928831434511386
0.5,PLS,0.0681082195095164
0.5,PLS,0.10075654414562
0.5,PLS,0.102937868736031
0.5,PLS,0.0936291352022669
0.5,PLS,0.0952291835439947
0.5,PLS,0.109041280797542
0.5,PLS,0.0338426719554392
0.5,PLS,0.112729261135199
0.5,PLS,0.0973543941478645
0.5,PLS,0.076826029923895
0.5,PLS,0.123248994554539
0.5,PLS,0.0367022460075423
0.5,PLS,0.0702243442659201
0.5,PLS,0.07220436392653
0.5,PLS,0.0153334399170997
0.5,PLS,0.0985766584863021
0.5,PLS,0.11796511465625
0.5,PLS,0.0656059528101625
0.5,PLS,0.0913010507643641
0.5,PLS,0.0778160182763208
0.5,PLS,0.0428144012474341
0.5,PLS,0.0680582079668475
0.5,PLS,0.109369887436545
0.5,PLS,0.0113541044203436
0.5,PLS,0.0228820968172319
0.5,PLS,0.080926378645152
0.5,PLS,0.077927822921863
0.5,PLS,0.0439091378646377
0.5,PLS,0.0855682774600892
0.5,PLS,0.120971117608853
0.5,PLS,0.0967129766586852
0.5,PLS,0.0922729232981041
0.5,PLS,0.0342060022623476
0.5,PLS,0.0208437522426319
0.5,PLS,0.148313343557832
0.5,PLS,-0.00719342776257681
0.5,PLS,0.0481783709678543
0.5,PLS,0.0561305364656277
0.5,PLS,0.0922343118070497
0.5,PLS,0.0819705532729929
0.5,PLS,0.104501788605295
0.5,PLS,0.0495503143608444
0.5,PLS,0.131860861162674
0.5,PLS,-0.00415912311401301
0.5,PLS,0.0570183786014777
0.5,PLS,0.12337369065675
0.5,PLS,0.045371419484733
0.5,PLS,0.179137517648313
0.5,PLS,0.0824802356887357
0.5,PLS,0.136380117762006
0.5,PLS,0.0214068864719841
0.5,PLS,0.0512093509175229
0.5,PLS,0.0511159823808618
0.5,PLS,0.0398997829418766
0.5,PLS,0.0524437758501317
0.5,PLS,0.0170753343137902
0.5,PLS,0.109779233237653
0.5,PLS,0.0350676409956046
0.5,PLS,-0.0043102144092011
0.5,PLS,0.14701444021637
0.5,PLS,0.0560793396484285
0.5,PLS,0.0396494592115624
0.5,PLS,0.0616944765687077
0.5,PLS,-0.0188033147622351
0.5,PLS,-0.0123772773319795
0.5,PLS,0.0609677446720744
0.5,PLS,0.0692140696859622
0.5,PLS,0.193297846363486
0.5,PLS,-0.00475048144995505
0.5,PLS,0.0262565112865607
0.5,PLS,0.0946153971999988
0.5,PLS,0.0704525903920159
0.5,PLS,0.00783578333192936
0.5,PLS,0.1104490144936
0.5,PLS,0.0721111496812374
0.5,PLS,0.0761694872452641
0.5,PLS,0.062219715207753
0.5,PLS,0.0680256235117016
0.5,PLS,0.108759861267782
0.5,PLS,0.089502226140231
0.5,PLS,0.132971058168673
0.5,PLS,0.118182191319173
0.5,PLS,0.129658925802265
0.5,PLS,0.0671045986109045
0.5,PLS,0.107077790175578
0.5,PLS,0.108779892512671
0.5,PLS,0.111756209106712
0.5,PLS,0.177314162843017
0.5,PLS,0.135712764611861
0.5,PLS,0.0711325035540595
0.5,PLS,0.0987867081923262
0.5,PLS,0.0540664605619026
0.5,PLS,-0.00668830245364904
0.5,PLS,0.0876760330308146
0.5,PLS,0.0320256806086219
0.5,PLS,-0.0246531084403165
0.5,PLS,0.070879076164504
0.5,PLS,0.153215080983005
0.5,PLS,0.03497843002977
0.5,PLS,0.0524813264223085
0.5,PLS,0.0783893869866705
0.5,PLS,0.0733659429619988
0.5,PLS,0.0552413315600375
0.5,PLS,0.0879665137240904
0.5,PLS,-0.0441643206373071
0.5,PLS,0.0590151957120046
0.5,PLS,0.132845075499735
0.5,PLS,0.0857615333352248
0.5,PLS,0.128829725173535
0.5,PLS,0.139875836190902
0.5,PLS,0.119199317160901
0.5,PLS,0.0804225697545564
0.5,PLS,0.0858574197011619
0.5,PLS,-0.00473028685956445
0.5,PLS,0.00872236476720278
0.5,PLS,0.0384957923911586
0.5,PLS,0.157956480159714
0.5,PLS,0.113574656679894
0.5,PLS,0.0497258135205161
0.5,PLS,0.0324133944080987
0.5,PLS,0.0361245422095045
0.5,PLS,0.151410094908551
0.5,PLS,0.0874735293807356
0.5,PLS,0.113155968386658
0.5,PLS,0.0752728636917805
0.5,PLS,0.105944317385348
0.5,PLS,0.0952636136100553
0.5,PLS,0.0805601483522
0.5,PLS,0.0915393139188103
0.5,PLS,-0.0224578530458793
0.5,PLS,0.100103026993164
0.5,PLS,0.0437235109477407
0.5,PLS,0.0253978604547533
0.5,PLS,0.102360844143526
0.5,PLS,0.0365082103985863
0.5,fTS,0.0274951593196839
0.5,fTS,0.0915890249000242
0.5,fTS,0.0564003202314116
0.5,fTS,0.0380627222717123
0.5,fTS,0.0252109962824356
0.5,fTS,0.0525335265166942
0.5,fTS,0.088463046305693
0.5,fTS,0.0531148832163839
0.5,fTS,0.116009248670163
0.5,fTS,0.0608032075839346
0.5,fTS,0.0827959949021617
0.5,fTS,0.0761906010781159
0.5,fTS,0.0154418952724105
0.5,fTS,0.0661186976446277
0.5,fTS,0.0884381636412699
0.5,fTS,0.0842752740864505
0.5,fTS,0.0759608112826073
0.5,fTS,0.0478651264592296
0.5,fTS,0.0109050067288221
0.5,fTS,0.096517612636168
0.5,fTS,0.100201967669871
0.5,fTS,0.100266036426732
0.5,fTS,0.0527851091296088
0.5,fTS,0.0260509044703177
0.5,fTS,0.067556566487067
0.5,fTS,0.0764993805389953
0.5,fTS,0.0528375980621907
0.5,fTS,0.141557870356519
0.5,fTS,0.0401211459260078
0.5,fTS,0.109375310466782
0.5,fTS,0.0606902552625925
0.5,fTS,0.105856837717273
0.5,fTS,0.0509265886532446
0.5,fTS,0.0868249036494582
0.5,fTS,0.0597266731868755
0.5,fTS,0.0745791990353877
0.5,fTS,0.00882532212253384
0.5,fTS,0.0826406347515514
0.5,fTS,0.214578524785874
0.5,fTS,0.0501415329110428
0.5,fTS,0.0919728831819167
0.5,fTS,0.0630755016841091
0.5,fTS,0.126006514898312
0.5,fTS,0.0409076474915873
0.5,fTS,0.0288450106562963
0.5,fTS,0.0668773893590491
0.5,fTS,0.101552038082477
0.5,fTS,0.107988541697263
0.5,fTS,0.0352733244089649
0.5,fTS,0.0492956425516553
0.5,fTS,0.0306881486257411
0.5,fTS,0.0171714382790955
0.5,fTS,0.0266629178546423
0.5,fTS,0.022819421535017
0.5,fTS,0.0426849717859255
0.5,fTS,0.0942869088374303
0.5,fTS,0.0314855405078942
0.5,fTS,0.0094934082355822
0.5,fTS,0.117695948464523
0.5,fTS,0.190573070495354
0.5,fTS,0.050060149161087
0.5,fTS,0.00821094700460367
0.5,fTS,0.108116942885522
0.5,fTS,0.068675103418874
0.5,fTS,0.0767895907222578
0.5,fTS,0.0676255182001062
0.5,fTS,0.0870340360698851
0.5,fTS,0.101003553599485
0.5,fTS,0.0879736958788104
0.5,fTS,0.0909974919194947
0.5,fTS,0.101203170775254
0.5,fTS,0.0307894770505546
0.5,fTS,0.108294518018997
0.5,fTS,0.090703183192244
0.5,fTS,0.0847996781960998
0.5,fTS,0.117881979355355
0.5,fTS,0.0369185759493358
0.5,fTS,0.0721808464634304
0.5,fTS,0.068661230835585
0.5,fTS,0.00746057274530476
0.5,fTS,0.104884313573367
0.5,fTS,0.111072371101543
0.5,fTS,0.062192748320679
0.5,fTS,0.0739935712102473
0.5,fTS,0.0649568492303789
0.5,fTS,0.0413740964897955
0.5,fTS,0.0611500639404843
0.5,fTS,0.108155816587763
0.5,fTS,0.0074273248352752
0.5,fTS,0.0217850105744484
0.5,fTS,0.0673618428047555
0.5,fTS,0.072626309715065
0.5,fTS,0.0356658233414693
0.5,fTS,0.0926161557406981
0.5,fTS,0.131396422526385
0.5,fTS,0.0882416472843484
0.5,fTS,0.0898195037370626
0.5,fTS,0.0358911594109992
0.5,fTS,0.0195693020425649
0.5,fTS,0.143799773111856
0.5,fTS,-0.0016111749494806
0.5,fTS,0.0485560468171276
0.5,fTS,0.0475489957545927
0.5,fTS,0.0883174641336761
0.5,fTS,0.0861211754732862
0.5,fTS,0.105292278084428
0.5,fTS,0.0480830711042139
0.5,fTS,0.125429726213059
0.5,fTS,-0.00821965600534846
0.5,fTS,0.0570676603470177
0.5,fTS,0.120748546229357
0.5,fTS,0.04049111581785
0.5,fTS,0.165813374344734
0.5,fTS,0.0578083668137135
0.5,fTS,0.122378665686328
0.5,fTS,0.016348019011843
0.5,fTS,0.0475793902928972
0.5,fTS,0.0494349866880899
0.5,fTS,0.03206967911239
0.5,fTS,0.0492880045412518
0.5,fTS,-0.00886477054209844
0.5,fTS,0.101597488390986
0.5,fTS,0.0403735950894255
0.5,fTS,-0.00739781607425549
0.5,fTS,0.151881513946554
0.5,fTS,0.0443782136752813
0.5,fTS,0.0356507020561931
0.5,fTS,0.0578922154640329
0.5,fTS,-0.0116178738717557
0.5,fTS,-0.0118591196309861
0.5,fTS,0.0606941935880623
0.5,fTS,0.0659491257844322
0.5,fTS,0.186334766882827
0.5,fTS,-0.0100244113792308
0.5,fTS,0.023777848017559
0.5,fTS,0.0893444396820464
0.5,fTS,0.0541251079846974
0.5,fTS,-0.000853093503537017
0.5,fTS,0.0931410680630391
0.5,fTS,0.0694919124320033
0.5,fTS,0.0666602774152647
0.5,fTS,0.0595276161243654
0.5,fTS,0.0636630067679576
0.5,fTS,0.103799726118058
0.5,fTS,0.0872979213393448
0.5,fTS,0.126446232810729
0.5,fTS,0.109603140327477
0.5,fTS,0.116924679233002
0.5,fTS,0.0738716697548452
0.5,fTS,0.110595842728608
0.5,fTS,0.109558536480981
0.5,fTS,0.104203878605273
0.5,fTS,0.16688761945253
0.5,fTS,0.123742236341223
0.5,fTS,0.0879044170721974
0.5,fTS,0.101865220098416
0.5,fTS,0.0502684667873572
0.5,fTS,-0.00500764508239826
0.5,fTS,0.0827686944737243
0.5,fTS,0.0322383543084512
0.5,fTS,-0.0313012581726388
0.5,fTS,0.0669741002339856
0.5,fTS,0.147609532301961
0.5,fTS,0.0383339686267794
0.5,fTS,0.0475324412502436
0.5,fTS,0.079271702455499
0.5,fTS,0.0635676509347907
0.5,fTS,0.0459699759286856
0.5,fTS,0.0891985622601836
0.5,fTS,-0.0453109623483664
0.5,fTS,0.0565079455616666
0.5,fTS,0.134309821864186
0.5,fTS,0.0798802145924806
0.5,fTS,0.120469690737474
0.5,fTS,0.133288666958091
0.5,fTS,0.116599520750594
0.5,fTS,0.07847454733459
0.5,fTS,0.0827815468370887
0.5,fTS,-0.00965771508361646
0.5,fTS,0.0126733747814805
0.5,fTS,0.0220127560333112
0.5,fTS,0.146877276125046
0.5,fTS,0.0893044835304031
0.5,fTS,0.0440254510177893
0.5,fTS,0.00192917131573545
0.5,fTS,0.028400653957531
0.5,fTS,0.142126185056443
0.5,fTS,0.06953234054045
0.5,fTS,0.0937489134976253
0.5,fTS,0.0662632594634198
0.5,fTS,0.0977731304892888
0.5,fTS,0.092244573455404
0.5,fTS,0.0774128451782998
0.5,fTS,0.0885816944822422
0.5,fTS,-0.023171547907365
0.5,fTS,0.0998639552851954
0.5,fTS,0.0456661192101038
0.5,fTS,0.0247928938175703
0.5,fTS,0.104361467106232
0.5,fTS,0.0425374709340829
0.5,LS_oracle,0.0337073966281938
0.5,LS_oracle,0.0962296847716519
0.5,LS_oracle,0.0568904534746302
0.5,LS_oracle,0.0430119746469646
0.5,LS_oracle,0.0303944669230916
0.5,LS_oracle,0.0491333308464055
0.5,LS_oracle,0.0770818331695404
0.5,LS_oracle,0.0477841714583771
0.5,LS_oracle,0.136653930599441
0.5,LS_oracle,0.0630785827188056
0.5,LS_oracle,0.0976557723526492
0.5,LS_oracle,0.0853367652127457
0.5,LS_oracle,0.037871353195265
0.5,LS_oracle,0.0588540022542858
0.5,LS_oracle,0.110280690749437
0.5,LS_oracle,0.0915201532572654
0.5,LS_oracle,0.0866038712968327
0.5,LS_oracle,0.0505496330588759
0.5,LS_oracle,0.0123293804450233
0.5,LS_oracle,0.0970311675467894
0.5,LS_oracle,0.0896637399442577
0.5,LS_oracle,0.102627678631772
0.5,LS_oracle,0.0442963669976186
0.5,LS_oracle,0.0355957917645264
0.5,LS_oracle,0.0621471797939828
0.5,LS_oracle,0.0885765772445413
0.5,LS_oracle,0.0549237372649845
0.5,LS_oracle,0.164929378421227
0.5,LS_oracle,0.0402826929384468
0.5,LS_oracle,0.111235104547645
0.5,LS_oracle,0.0615240570087885
0.5,LS_oracle,0.105375547999256
0.5,LS_oracle,0.0538668994174591
0.5,LS_oracle,0.0887050719783071
0.5,LS_oracle,0.0639624427313621
0.5,LS_oracle,0.0886721295489461
0.5,LS_oracle,0.012615956883385
0.5,LS_oracle,0.0791889348624284
0.5,LS_oracle,0.209673430609369
0.5,LS_oracle,0.0656775563686365
0.5,LS_oracle,0.102601961675068
0.5,LS_oracle,0.0589255171591268
0.5,LS_oracle,0.137903934181526
0.5,LS_oracle,0.0325666863771146
0.5,LS_oracle,0.024863189569601
0.5,LS_oracle,0.0780710044126003
0.5,LS_oracle,0.109314063745008
0.5,LS_oracle,0.109455316796663
0.5,LS_oracle,0.045794413855299
0.5,LS_oracle,0.0445060917427105
0.5,LS_oracle,0.0267311975825528
0.5,LS_oracle,0.0179801578090371
0.5,LS_oracle,0.0309695707020616
0.5,LS_oracle,0.0233986124058301
0.5,LS_oracle,0.0329384490129387
0.5,LS_oracle,0.119766372297243
0.5,LS_oracle,0.0318475985894122
0.5,LS_oracle,0.0232502209737473
0.5,LS_oracle,0.115880973458989
0.5,LS_oracle,0.195415664879649
0.5,LS_oracle,0.063972741299237
0.5,LS_oracle,0.0175489566532283
0.5,LS_oracle,0.110476314441319
0.5,LS_oracle,0.0694158369981686
0.5,LS_oracle,0.0920268041371897
0.5,LS_oracle,0.0676223086712664
0.5,LS_oracle,0.099585776289415
0.5,LS_oracle,0.102947553280828
0.5,LS_oracle,0.0937728372498738
0.5,LS_oracle,0.0944160425079554
0.5,LS_oracle,0.108882320826799
0.5,LS_oracle,0.0356370106175028
0.5,LS_oracle,0.112963736899861
0.5,LS_oracle,0.0959627749128085
0.5,LS_oracle,0.0786118342693769
0.5,LS_oracle,0.123430696840046
0.5,LS_oracle,0.0373795915640447
0.5,LS_oracle,0.0691064249302329
0.5,LS_oracle,0.0707418827577186
0.5,LS_oracle,0.0153558776205833
0.5,LS_oracle,0.0980009441853669
0.5,LS_oracle,0.118006827099112
0.5,LS_oracle,0.0655908848286497
0.5,LS_oracle,0.09038667658516
0.5,LS_oracle,0.0779201286570883
0.5,LS_oracle,0.042589362681007
0.5,LS_oracle,0.0678883651830415
0.5,LS_oracle,0.105586715383536
0.5,LS_oracle,0.0102900748046686
0.5,LS_oracle,0.0229641985160653
0.5,LS_oracle,0.0798446737680807
0.5,LS_oracle,0.077966723097971
0.5,LS_oracle,0.0451421205242208
0.5,LS_oracle,0.0864228426625278
0.5,LS_oracle,0.118783251274685
0.5,LS_oracle,0.096431914762336
0.5,LS_oracle,0.0916098325804289
0.5,LS_oracle,0.0350408005148273
0.5,LS_oracle,0.0131860961340611
0.5,LS_oracle,0.148306555090521
0.5,LS_oracle,-0.00686602258841962
0.5,LS_oracle,0.0475852311027456
0.5,LS_oracle,0.0560459198602496
0.5,LS_oracle,0.0927920289884805
0.5,LS_oracle,0.0834976430560814
0.5,LS_oracle,0.105198039474762
0.5,LS_oracle,0.049279796974268
0.5,LS_oracle,0.132039277713788
0.5,LS_oracle,-0.00553968857824927
0.5,LS_oracle,0.0574770113133352
0.5,LS_oracle,0.12278515262701
0.5,LS_oracle,0.043299142194656
0.5,LS_oracle,0.179088531267521
0.5,LS_oracle,0.0824078719057186
0.5,LS_oracle,0.136441012821438
0.5,LS_oracle,0.0211506445593395
0.5,LS_oracle,0.0518458204369017
0.5,LS_oracle,0.0511149363360237
0.5,LS_oracle,0.0398711574099424
0.5,LS_oracle,0.0526422368436246
0.5,LS_oracle,0.0131498216907753
0.5,LS_oracle,0.110062693631229
0.5,LS_oracle,0.0350441639898817
0.5,LS_oracle,-0.00798834288831263
0.5,LS_oracle,0.148209967404824
0.5,LS_oracle,0.0572929716864261
0.5,LS_oracle,0.041005500597824
0.5,LS_oracle,0.060757120991527
0.5,LS_oracle,-0.0193583349280315
0.5,LS_oracle,-0.0122335120347536
0.5,LS_oracle,0.0609621787626971
0.5,LS_oracle,0.067404690510557
0.5,LS_oracle,0.188317104596603
0.5,LS_oracle,-0.00492204097282545
0.5,LS_oracle,0.0251722181233056
0.5,LS_oracle,0.0930783954138976
0.5,LS_oracle,0.0677637674650002
0.5,LS_oracle,0.00628389589413847
0.5,LS_oracle,0.11082988970344
0.5,LS_oracle,0.0719683444154053
0.5,LS_oracle,0.0753976023043825
0.5,LS_oracle,0.0624417931793244
0.5,LS_oracle,0.0670798103478456
0.5,LS_oracle,0.110784931077595
0.5,LS_oracle,0.0899170156052909
0.5,LS_oracle,0.132962218111792
0.5,LS_oracle,0.116491779735413
0.5,LS_oracle,0.129963997478624
0.5,LS_oracle,0.0665665169162655
0.5,LS_oracle,0.106281307692309
0.5,LS_oracle,0.109105534202393
0.5,LS_oracle,0.113665304946501
0.5,LS_oracle,0.177089323387593
0.5,LS_oracle,0.133422583891731
0.5,LS_oracle,0.0730907730273096
0.5,LS_oracle,0.098169608252713
0.5,LS_oracle,0.0532908670990571
0.5,LS_oracle,-0.00807716235628952
0.5,LS_oracle,0.0883597083507797
0.5,LS_oracle,0.0312068039680202
0.5,LS_oracle,-0.0244842860318334
0.5,LS_oracle,0.0706164632468207
0.5,LS_oracle,0.153295942073931
0.5,LS_oracle,0.0337565020800386
0.5,LS_oracle,0.0526807690405806
0.5,LS_oracle,0.0777619043416256
0.5,LS_oracle,0.0729237670453793
0.5,LS_oracle,0.0552828651735848
0.5,LS_oracle,0.0879833413797093
0.5,LS_oracle,-0.0451355246433386
0.5,LS_oracle,0.0562514726269805
0.5,LS_oracle,0.132842110673179
0.5,LS_oracle,0.0847397869315465
0.5,LS_oracle,0.129086234421321
0.5,LS_oracle,0.139916827880905
0.5,LS_oracle,0.119723416784737
0.5,LS_oracle,0.0784874976369307
0.5,LS_oracle,0.0860815618859885
0.5,LS_oracle,-0.00670271603395223
0.5,LS_oracle,0.00966902772595746
0.5,LS_oracle,0.0366492973637558
0.5,LS_oracle,0.158914796386901
0.5,LS_oracle,0.113352223476031
0.5,LS_oracle,0.0494466962305222
0.5,LS_oracle,0.0303609644065281
0.5,LS_oracle,0.0371964006306555
0.5,LS_oracle,0.151306978424416
0.5,LS_oracle,0.0880108785944826
0.5,LS_oracle,0.114827380964023
0.5,LS_oracle,0.0744916379696963
0.5,LS_oracle,0.106444230395692
0.5,LS_oracle,0.0927461120607755
0.5,LS_oracle,0.0802059061393068
0.5,LS_oracle,0.0909318329340001
0.5,LS_oracle,-0.0221532712787446
0.5,LS_oracle,0.100957544135255
0.5,LS_oracle,0.0433065154477683
0.5,LS_oracle,0.02641260478302
0.5,LS_oracle,0.104749426872759
0.5,LS_oracle,0.0358925177787079
0.5,TS_oracle,0.0274185092040939
0.5,TS_oracle,0.0914371962447194
0.5,TS_oracle,0.0555314803510976
0.5,TS_oracle,0.0365964825263885
0.5,TS_oracle,0.0252533392751857
0.5,TS_oracle,0.0523789921079543
0.5,TS_oracle,0.0897260718788591
0.5,TS_oracle,0.0532350564008237
0.5,TS_oracle,0.114914187154913
0.5,TS_oracle,0.060825129914758
0.5,TS_oracle,0.0829986303142662
0.5,TS_oracle,0.0756049296769159
0.5,TS_oracle,0.0147810271660724
0.5,TS_oracle,0.0658974270256978
0.5,TS_oracle,0.0876089543042706
0.5,TS_oracle,0.0842450550408942
0.5,TS_oracle,0.0738643449309713
0.5,TS_oracle,0.0484649030735542
0.5,TS_oracle,0.0108420442691426
0.5,TS_oracle,0.0967232400347049
0.5,TS_oracle,0.100164324990002
0.5,TS_oracle,0.100739222584153
0.5,TS_oracle,0.0527734989467665
0.5,TS_oracle,0.026007475601949
0.5,TS_oracle,0.0647434404792822
0.5,TS_oracle,0.073829534866821
0.5,TS_oracle,0.0522586021157343
0.5,TS_oracle,0.141499845294087
0.5,TS_oracle,0.0409382977818564
0.5,TS_oracle,0.109520467811469
0.5,TS_oracle,0.060368243631719
0.5,TS_oracle,0.106070919010423
0.5,TS_oracle,0.051029476489566
0.5,TS_oracle,0.0866750823661719
0.5,TS_oracle,0.0594281874222164
0.5,TS_oracle,0.073034756115137
0.5,TS_oracle,0.00738996523046387
0.5,TS_oracle,0.0809512632091636
0.5,TS_oracle,0.212392531099619
0.5,TS_oracle,0.0505892822198954
0.5,TS_oracle,0.0924955422908154
0.5,TS_oracle,0.0628553423139868
0.5,TS_oracle,0.123618715054944
0.5,TS_oracle,0.0400022377706331
0.5,TS_oracle,0.0282121581631023
0.5,TS_oracle,0.0656072597747162
0.5,TS_oracle,0.101614585278953
0.5,TS_oracle,0.107539536515253
0.5,TS_oracle,0.0350402605117299
0.5,TS_oracle,0.0493234240035418
0.5,TS_oracle,0.0298412685515665
0.5,TS_oracle,0.0173861256077643
0.5,TS_oracle,0.0255365483235568
0.5,TS_oracle,0.0232500053475337
0.5,TS_oracle,0.0402443181671435
0.5,TS_oracle,0.0946692514162537
0.5,TS_oracle,0.0314136316169764
0.5,TS_oracle,0.00590769216765441
0.5,TS_oracle,0.117575907411933
0.5,TS_oracle,0.190549690543611
0.5,TS_oracle,0.0503713776697736
0.5,TS_oracle,0.00925733678883089
0.5,TS_oracle,0.108667170195742
0.5,TS_oracle,0.0686003216815769
0.5,TS_oracle,0.0764863971478811
0.5,TS_oracle,0.0673661661237399
0.5,TS_oracle,0.0870340434268626
0.5,TS_oracle,0.100996299397061
0.5,TS_oracle,0.0887018685255134
0.5,TS_oracle,0.0896487395559484
0.5,TS_oracle,0.101414494884329
0.5,TS_oracle,0.0309760749487231
0.5,TS_oracle,0.107809752709913
0.5,TS_oracle,0.0896337609050011
0.5,TS_oracle,0.0851043713002659
0.5,TS_oracle,0.117921772120673
0.5,TS_oracle,0.0370495053221152
0.5,TS_oracle,0.0721394456696611
0.5,TS_oracle,0.0677660216978484
0.5,TS_oracle,0.00752096417414405
0.5,TS_oracle,0.103935720174891
0.5,TS_oracle,0.111075531398822
0.5,TS_oracle,0.0621872255133882
0.5,TS_oracle,0.0738830535596657
0.5,TS_oracle,0.0649140522085383
0.5,TS_oracle,0.04127962268948
0.5,TS_oracle,0.0609551669512449
0.5,TS_oracle,0.105521712727577
0.5,TS_oracle,0.0073510808417141
0.5,TS_oracle,0.021586528321206
0.5,TS_oracle,0.0678170086851504
0.5,TS_oracle,0.072614374674743
0.5,TS_oracle,0.0363281188850577
0.5,TS_oracle,0.0926129228455974
0.5,TS_oracle,0.128999095927071
0.5,TS_oracle,0.0856999595592121
0.5,TS_oracle,0.0898090913196614
0.5,TS_oracle,0.03536058886438
0.5,TS_oracle,0.0178306272562887
0.5,TS_oracle,0.143315234760302
0.5,TS_oracle,-0.00120013936469365
0.5,TS_oracle,0.0475671146782295
0.5,TS_oracle,0.0475130149159282
0.5,TS_oracle,0.0893283533338791
0.5,TS_oracle,0.0858633184626065
0.5,TS_oracle,0.10491737526867
0.5,TS_oracle,0.0481130180200287
0.5,TS_oracle,0.126260991940349
0.5,TS_oracle,-0.00794835075699341
0.5,TS_oracle,0.0571441748091932
0.5,TS_oracle,0.120714675770187
0.5,TS_oracle,0.0377145959837908
0.5,TS_oracle,0.163948941263373
0.5,TS_oracle,0.0577925660144682
0.5,TS_oracle,0.122554105259968
0.5,TS_oracle,0.0162240617560452
0.5,TS_oracle,0.0467249065263389
0.5,TS_oracle,0.0494191301875633
0.5,TS_oracle,0.0320289126115441
0.5,TS_oracle,0.0494077669883848
0.5,TS_oracle,-0.00865012767033324
0.5,TS_oracle,0.101755962573965
0.5,TS_oracle,0.0403696075450515
0.5,TS_oracle,-0.00814138871919445
0.5,TS_oracle,0.152311927339132
0.5,TS_oracle,0.0446868700511196
0.5,TS_oracle,0.0359694369197714
0.5,TS_oracle,0.0573990665923927
0.5,TS_oracle,-0.0119569366252581
0.5,TS_oracle,-0.0125087675180645
0.5,TS_oracle,0.0591598050112938
0.5,TS_oracle,0.0656404440395451
0.5,TS_oracle,0.186281333067146
0.5,TS_oracle,-0.00933588162582255
0.5,TS_oracle,0.0235052642488005
0.5,TS_oracle,0.0852119580640633
0.5,TS_oracle,0.0541804301346207
0.5,TS_oracle,-0.000991803949152104
0.5,TS_oracle,0.0937883100197496
0.5,TS_oracle,0.0693990507542659
0.5,TS_oracle,0.0666443811579143
0.5,TS_oracle,0.0595934195909946
0.5,TS_oracle,0.0635258257643418
0.5,TS_oracle,0.103779539848656
0.5,TS_oracle,0.0871277504224659
0.5,TS_oracle,0.12652840413201
0.5,TS_oracle,0.109071261643863
0.5,TS_oracle,0.11718922837907
0.5,TS_oracle,0.073666754629514
0.5,TS_oracle,0.110146233040735
0.5,TS_oracle,0.109670751548421
0.5,TS_oracle,0.105802887895259
0.5,TS_oracle,0.16682289112275
0.5,TS_oracle,0.123007812389919
0.5,TS_oracle,0.0861328494376303
0.5,TS_oracle,0.101925403321354
0.5,TS_oracle,0.0490966940769666
0.5,TS_oracle,-0.0101818996524515
0.5,TS_oracle,0.0830523433422681
0.5,TS_oracle,0.0322360220275781
0.5,TS_oracle,-0.031378406831247
0.5,TS_oracle,0.0667085240406651
0.5,TS_oracle,0.147668873154433
0.5,TS_oracle,0.034677914794863
0.5,TS_oracle,0.0454605137846897
0.5,TS_oracle,0.0792824853005145
0.5,TS_oracle,0.0589995728234862
0.5,TS_oracle,0.0459784294274352
0.5,TS_oracle,0.087483499464948
0.5,TS_oracle,-0.0454584571434888
0.5,TS_oracle,0.0559339918286317
0.5,TS_oracle,0.134325330787392
0.5,TS_oracle,0.0799194620265589
0.5,TS_oracle,0.119594285646816
0.5,TS_oracle,0.132784766464462
0.5,TS_oracle,0.116242859635664
0.5,TS_oracle,0.07554552659055
0.5,TS_oracle,0.0829186903682615
0.5,TS_oracle,-0.0111854201187631
0.5,TS_oracle,0.013012342127904
0.5,TS_oracle,0.0222903223253146
0.5,TS_oracle,0.146825074080478
0.5,TS_oracle,0.0892500050579998
0.5,TS_oracle,0.0439834912439545
0.5,TS_oracle,0.000474402986906819
0.5,TS_oracle,0.0287522645279046
0.5,TS_oracle,0.142422592650544
0.5,TS_oracle,0.0690838687993656
0.5,TS_oracle,0.0935427931986721
0.5,TS_oracle,0.0684710719046533
0.5,TS_oracle,0.097903701274529
0.5,TS_oracle,0.0935924975086457
0.5,TS_oracle,0.0765530872653297
0.5,TS_oracle,0.0871892871088757
0.5,TS_oracle,-0.0230644928404881
0.5,TS_oracle,0.10011749026797
0.5,TS_oracle,0.0441775616115234
0.5,TS_oracle,0.0236766778780824
0.5,TS_oracle,0.104801524706142
0.5,TS_oracle,0.0419745100877389
0.6,PLS,0.0492296910369814
0.6,PLS,0.11085361011168
0.6,PLS,0.0603427168456654
0.6,PLS,0.0960184499535344
0.6,PLS,0.0614657348226528
0.6,PLS,0.0511535668640499
0.6,PLS,0.0503952324460888
0.6,PLS,0.0453754716514494
0.6,PLS,0.151108188767241
0.6,PLS,0.0548105271274373
0.6,PLS,0.113528938359238
0.6,PLS,0.127266953155506
0.6,PLS,0.0297014775763325
0.6,PLS,0.0704181473524339
0.6,PLS,-0.0335344380015944
0.6,PLS,0.166049802985685
0.6,PLS,0.0799143677875933
0.6,PLS,0.0601571299653274
0.6,PLS,0.0758199216000652
0.6,PLS,0.0623836444007515
0.6,PLS,0.0742875550308824
0.6,PLS,0.232050493398231
0.6,PLS,0.120332198882755
0.6,PLS,0.152600601346751
0.6,PLS,0.101533282759209
0.6,PLS,0.0188600256629083
0.6,PLS,0.0538124805438742
0.6,PLS,0.062284267506669
0.6,PLS,0.0666352432325477
0.6,PLS,0.128454342885017
0.6,PLS,0.0479136519708834
0.6,PLS,0.0265069927467276
0.6,PLS,0.128982014733462
0.6,PLS,0.0242762426725889
0.6,PLS,0.0482858572813478
0.6,PLS,0.0703713891076196
0.6,PLS,0.0244255686746022
0.6,PLS,0.0402479150675137
0.6,PLS,0.102844292454883
0.6,PLS,0.145336106818132
0.6,PLS,0.00117023970179742
0.6,PLS,0.0843167862015592
0.6,PLS,0.0122452807059203
0.6,PLS,0.128470476694912
0.6,PLS,0.053827934918383
0.6,PLS,0.134109789618801
0.6,PLS,0.0352922335355896
0.6,PLS,0.0788975704650459
0.6,PLS,0.0427811482210418
0.6,PLS,0.0690516412755402
0.6,PLS,0.0741621760994371
0.6,PLS,0.0950265757101683
0.6,PLS,0.06841597587696
0.6,PLS,0.0665450449467662
0.6,PLS,0.0702939324519314
0.6,PLS,0.160976461148071
0.6,PLS,0.115507816490231
0.6,PLS,-0.000624790394578745
0.6,PLS,0.0166611126590812
0.6,PLS,0.0805385051277265
0.6,PLS,0.0282562198942171
0.6,PLS,0.106674648098032
0.6,PLS,0.0791259293830828
0.6,PLS,0.0420796327847681
0.6,PLS,-0.00374697113286493
0.6,PLS,0.142534574298955
0.6,PLS,0.164403819221053
0.6,PLS,0.0277177232839236
0.6,PLS,0.0569081609106561
0.6,PLS,0.0401646999882801
0.6,PLS,0.0925120963211163
0.6,PLS,0.0150565540009977
0.6,PLS,0.126549583433223
0.6,PLS,0.022735902597169
0.6,PLS,0.129268219413466
0.6,PLS,-0.0109634021049595
0.6,PLS,-0.00723572604328693
0.6,PLS,0.122904083696226
0.6,PLS,0.185167262393654
0.6,PLS,0.0289252593903002
0.6,PLS,-0.032912990625615
0.6,PLS,0.0506348936385115
0.6,PLS,0.0858116895970751
0.6,PLS,0.0567834481801939
0.6,PLS,0.10150247607487
0.6,PLS,0.0256671205214813
0.6,PLS,0.0558790844367822
0.6,PLS,-0.0182025591642849
0.6,PLS,-0.0289424437407551
0.6,PLS,0.0550662743044135
0.6,PLS,0.0859924221102484
0.6,PLS,0.0798109549863781
0.6,PLS,0.0875563108664437
0.6,PLS,0.0338167308619308
0.6,PLS,0.0960337840016103
0.6,PLS,0.119934443623362
0.6,PLS,0.109784823081685
0.6,PLS,0.164121392626514
0.6,PLS,0.150465341372507
0.6,PLS,0.158705899411996
0.6,PLS,0.0464746838676224
0.6,PLS,0.0381751055626467
0.6,PLS,-0.0369557879775568
0.6,PLS,0.0632612939798931
0.6,PLS,0.171735117799458
0.6,PLS,0.056992564903948
0.6,PLS,-0.00370917937090576
0.6,PLS,0.0783925175161431
0.6,PLS,0.032405524007902
0.6,PLS,0.0130283365200992
0.6,PLS,0.0322942189060655
0.6,PLS,0.083756799442279
0.6,PLS,0.0492501119900122
0.6,PLS,0.0138739975470203
0.6,PLS,0.0642625261957395
0.6,PLS,0.154431478127489
0.6,PLS,0.122853644204141
0.6,PLS,0.0136232485402781
0.6,PLS,0.0971679278109792
0.6,PLS,0.046265331439008
0.6,PLS,0.063201631118623
0.6,PLS,0.187705546659606
0.6,PLS,0.117050845672708
0.6,PLS,0.170571080237788
0.6,PLS,-0.0103376062924287
0.6,PLS,0.0548273621000561
0.6,PLS,0.112242606751058
0.6,PLS,-0.00706023824961677
0.6,PLS,0.135864126791599
0.6,PLS,0.0120732519533906
0.6,PLS,0.116664612305633
0.6,PLS,-0.00322208677670999
0.6,PLS,0.129883202390267
0.6,PLS,0.0935468358852982
0.6,PLS,0.101712952410704
0.6,PLS,0.0848696458716638
0.6,PLS,0.0645913527127868
0.6,PLS,0.0418424896422769
0.6,PLS,0.0784860338085742
0.6,PLS,0.0393651607867227
0.6,PLS,0.0989074116647839
0.6,PLS,0.0336289122790414
0.6,PLS,0.106413051863569
0.6,PLS,0.101140017291608
0.6,PLS,0.131022890593943
0.6,PLS,0.0263098620812972
0.6,PLS,0.0647959303959544
0.6,PLS,0.0176331850514018
0.6,PLS,0.0949474918014572
0.6,PLS,0.0840522058247626
0.6,PLS,0.00563361660541295
0.6,PLS,0.0763277802692248
0.6,PLS,0.0787319697607125
0.6,PLS,0.164764377335397
0.6,PLS,0.0546243346711739
0.6,PLS,0.113744820753823
0.6,PLS,0.140320059230066
0.6,PLS,0.108913039504464
0.6,PLS,-0.000263338756874787
0.6,PLS,0.154194733860046
0.6,PLS,0.0958687186388816
0.6,PLS,0.0527050367705466
0.6,PLS,0.0202360164670883
0.6,PLS,0.139885905867045
0.6,PLS,0.149644316570984
0.6,PLS,0.095984735159085
0.6,PLS,0.0703231890226341
0.6,PLS,0.0637880401023139
0.6,PLS,0.021924416786218
0.6,PLS,0.0628270232670847
0.6,PLS,0.111567264380225
0.6,PLS,0.0382371898828984
0.6,PLS,0.0591384443259346
0.6,PLS,0.138914349282407
0.6,PLS,0.01584605017602
0.6,PLS,0.0481703340682875
0.6,PLS,0.0502032023718513
0.6,PLS,0.0347446397835738
0.6,PLS,0.0737356540537091
0.6,PLS,0.0677980181442162
0.6,PLS,0.0365897720508808
0.6,PLS,0.0950990142539889
0.6,PLS,0.0195573286170498
0.6,PLS,0.0825001812124626
0.6,PLS,0.106992384085957
0.6,PLS,0.076765173433752
0.6,PLS,0.0902980946047238
0.6,PLS,0.121302560803978
0.6,PLS,-0.00676729445076962
0.6,PLS,0.116865234782837
0.6,PLS,0.133378429117586
0.6,PLS,0.0669673832854925
0.6,PLS,0.116303393267868
0.6,PLS,0.109121990845161
0.6,PLS,0.0635396011263489
0.6,PLS,0.091496767596094
0.6,PLS,0.0308394360090933
0.6,PLS,0.00260495242281822
0.6,PLS,0.0871237824859015
0.6,PLS,0.0602198135594074
0.6,fTS,0.0385816320187122
0.6,fTS,0.108022187972676
0.6,fTS,0.0327100536939138
0.6,fTS,0.090017359965562
0.6,fTS,0.0630975955243107
0.6,fTS,0.0527595535744436
0.6,fTS,0.0428992779930721
0.6,fTS,0.0478848412357653
0.6,fTS,0.140444937691606
0.6,fTS,0.0451105007062909
0.6,fTS,0.0909301625450774
0.6,fTS,0.140689091678329
0.6,fTS,0.0232765929576761
0.6,fTS,0.070415551205806
0.6,fTS,-0.0349659466087658
0.6,fTS,0.156175527074723
0.6,fTS,0.0804959436192374
0.6,fTS,0.0579157946212305
0.6,fTS,0.0729999462636177
0.6,fTS,0.0620599826178228
0.6,fTS,0.0732608879195027
0.6,fTS,0.219251055861956
0.6,fTS,0.128810506907115
0.6,fTS,0.129183148438302
0.6,fTS,0.100355077196814
0.6,fTS,0.0062810633986603
0.6,fTS,0.040323466341575
0.6,fTS,0.0530261576946336
0.6,fTS,0.0579244621270785
0.6,fTS,0.121057067485508
0.6,fTS,0.0469456718132935
0.6,fTS,0.0253420135807805
0.6,fTS,0.128124838058755
0.6,fTS,0.0124202242369862
0.6,fTS,0.035463927062938
0.6,fTS,0.0593365537415407
0.6,fTS,0.0233372983551741
0.6,fTS,0.0403190352255625
0.6,fTS,0.0916452952017381
0.6,fTS,0.135144293188428
0.6,fTS,-0.0014013941424067
0.6,fTS,0.085328466997231
0.6,fTS,-0.00203384171591514
0.6,fTS,0.128600696078773
0.6,fTS,0.0551684767463891
0.6,fTS,0.133701926847515
0.6,fTS,0.0271053615267047
0.6,fTS,0.0714948055737898
0.6,fTS,0.0460299017733126
0.6,fTS,0.0788317778799983
0.6,fTS,0.0659683713203192
0.6,fTS,0.0863913318009972
0.6,fTS,0.0570724427446128
0.6,fTS,0.047617711773092
0.6,fTS,0.0783830365485914
0.6,fTS,0.156551325814726
0.6,fTS,0.105884979560342
0.6,fTS,-0.00886558795434123
0.6,fTS,0.00757956490615164
0.6,fTS,0.0732782994670722
0.6,fTS,0.0119038900230035
0.6,fTS,0.112254365689113
0.6,fTS,0.0692851844594753
0.6,fTS,0.0354730280221547
0.6,fTS,-0.0115795005690931
0.6,fTS,0.13449616205476
0.6,fTS,0.161020120602686
0.6,fTS,0.0273051546402934
0.6,fTS,0.0469443575835002
0.6,fTS,0.0519417066372527
0.6,fTS,0.0851354244941118
0.6,fTS,0.00986652327163995
0.6,fTS,0.115751828180028
0.6,fTS,0.0117186348968343
0.6,fTS,0.122587732227345
0.6,fTS,-0.0196058506241853
0.6,fTS,-0.014335858079695
0.6,fTS,0.119672626474282
0.6,fTS,0.165859774462033
0.6,fTS,0.012542511522277
0.6,fTS,-0.0362770766708641
0.6,fTS,0.0408483765186942
0.6,fTS,0.0894500890539964
0.6,fTS,0.0342756865124973
0.6,fTS,0.0776987414535755
0.6,fTS,0.0311809578832989
0.6,fTS,0.0215587672825641
0.6,fTS,-0.0302062597390935
0.6,fTS,-0.0320580046495451
0.6,fTS,0.0356524114643781
0.6,fTS,0.0780075897449464
0.6,fTS,0.0635387816405508
0.6,fTS,0.082953211476579
0.6,fTS,0.0324035695578555
0.6,fTS,0.0953251963654203
0.6,fTS,0.109633572919459
0.6,fTS,0.110979979516411
0.6,fTS,0.141233176526631
0.6,fTS,0.126384335757248
0.6,fTS,0.152258332311386
0.6,fTS,0.0388049307234519
0.6,fTS,0.0335238022931446
0.6,fTS,-0.0349487246717897
0.6,fTS,0.0579868569012159
0.6,fTS,0.156766356625827
0.6,fTS,0.051378398954725
0.6,fTS,-0.00957375987433118
0.6,fTS,0.0630832894998776
0.6,fTS,0.0240041366956365
0.6,fTS,0.00368914924132313
0.6,fTS,0.0323093946469906
0.6,fTS,0.0722903187974062
0.6,fTS,0.0501810054420517
0.6,fTS,-2.91453299172684e-05
0.6,fTS,0.0428011161425437
0.6,fTS,0.153753342793968
0.6,fTS,0.110224030708742
0.6,fTS,0.0148015184678085
0.6,fTS,0.0664081034540034
0.6,fTS,0.0446452191184228
0.6,fTS,0.0584242530342582
0.6,fTS,0.176945274581078
0.6,fTS,0.116548206270694
0.6,fTS,0.153446908078658
0.6,fTS,-0.0190447461741994
0.6,fTS,0.0568656722195551
0.6,fTS,0.0950607819778515
0.6,fTS,-0.00314361167263899
0.6,fTS,0.134167122745244
0.6,fTS,0.00359578166287799
0.6,fTS,0.112269956933454
0.6,fTS,-0.00828171181707749
0.6,fTS,0.121385128176103
0.6,fTS,0.0888122543790277
0.6,fTS,0.0653859401226629
0.6,fTS,0.0825445204519706
0.6,fTS,0.0452088922182927
0.6,fTS,0.0427073379168572
0.6,fTS,0.0643282340904123
0.6,fTS,0.0418378045888546
0.6,fTS,0.112978168157011
0.6,fTS,0.0224835164585249
0.6,fTS,0.0741271734100162
0.6,fTS,0.085155411548572
0.6,fTS,0.129041638102866
0.6,fTS,0.0112721165129039
0.6,fTS,0.0644873294336139
0.6,fTS,0.0123323437761773
0.6,fTS,0.0952106768074161
0.6,fTS,0.0739842103763133
0.6,fTS,-0.00438663499785175
0.6,fTS,0.0750923356730777
0.6,fTS,0.0746133287937782
0.6,fTS,0.153520618710134
0.6,fTS,0.0486994409033323
0.6,fTS,0.0858211202887034
0.6,fTS,0.128967230252026
0.6,fTS,0.095772977977205
0.6,fTS,-0.0177730307901036
0.6,fTS,0.151055421545009
0.6,fTS,0.0738945300042388
0.6,fTS,0.0444457151400435
0.6,fTS,0.0136027093694875
0.6,fTS,0.140370854313447
0.6,fTS,0.13072840361181
0.6,fTS,0.0790000736543188
0.6,fTS,0.0506509722118602
0.6,fTS,0.0615143770971693
0.6,fTS,0.0193009433381206
0.6,fTS,0.0516674864932598
0.6,fTS,0.102257098337692
0.6,fTS,0.0455650030047265
0.6,fTS,0.0637744838412069
0.6,fTS,0.121055364130282
0.6,fTS,0.00991781491468968
0.6,fTS,0.0436889071705764
0.6,fTS,0.0462982201654314
0.6,fTS,0.0354143533103712
0.6,fTS,0.0587538110005186
0.6,fTS,0.0629756379457342
0.6,fTS,0.0477957627837051
0.6,fTS,0.0740566112708607
0.6,fTS,0.00315148535420318
0.6,fTS,0.086395562303164
0.6,fTS,0.0996612062822144
0.6,fTS,0.0743216703966338
0.6,fTS,0.0875595531053783
0.6,fTS,0.12704623001844
0.6,fTS,-0.0182493961196701
0.6,fTS,0.0752968018660365
0.6,fTS,0.127796044811309
0.6,fTS,0.0603174844561645
0.6,fTS,0.114393313972865
0.6,fTS,0.101126607601979
0.6,fTS,0.0499051369923105
0.6,fTS,0.081851411359551
0.6,fTS,0.0388906435498484
0.6,fTS,0.00269663141159948
0.6,fTS,0.0689574430953359
0.6,fTS,0.0592684145432312
0.6,LS_oracle,0.0480564568234965
0.6,LS_oracle,0.111053956574421
0.6,LS_oracle,0.061627200893962
0.6,LS_oracle,0.0961356947148146
0.6,LS_oracle,0.063330290503002
0.6,LS_oracle,0.0531598104708402
0.6,LS_oracle,0.050924990324138
0.6,LS_oracle,0.0451617793551888
0.6,LS_oracle,0.152447496730919
0.6,LS_oracle,0.0553883713160808
0.6,LS_oracle,0.104924286355639
0.6,LS_oracle,0.127169309137259
0.6,LS_oracle,0.0304248801956624
0.6,LS_oracle,0.069973969265408
0.6,LS_oracle,-0.0365948003074542
0.6,LS_oracle,0.166000444119812
0.6,LS_oracle,0.0788897858140798
0.6,LS_oracle,0.0597810042704985
0.6,LS_oracle,0.075632495615052
0.6,LS_oracle,0.0596312884566041
0.6,LS_oracle,0.0717276176005788
0.6,LS_oracle,0.231965099216773
0.6,LS_oracle,0.120327424972028
0.6,LS_oracle,0.151602547886331
0.6,LS_oracle,0.103199485975043
0.6,LS_oracle,0.0103715434575871
0.6,LS_oracle,0.0542539236328394
0.6,LS_oracle,0.0617757455740879
0.6,LS_oracle,0.0665055159576868
0.6,LS_oracle,0.126731260734581
0.6,LS_oracle,0.043831605073426
0.6,LS_oracle,0.0270605212261326
0.6,LS_oracle,0.129118477955854
0.6,LS_oracle,0.0235022313865587
0.6,LS_oracle,0.0409131617396468
0.6,LS_oracle,0.0705409371955352
0.6,LS_oracle,0.026119100892642
0.6,LS_oracle,0.0404343877693998
0.6,LS_oracle,0.102496157370405
0.6,LS_oracle,0.143726907679778
0.6,LS_oracle,0.00115550885274551
0.6,LS_oracle,0.0844253738878129
0.6,LS_oracle,0.0139006272686397
0.6,LS_oracle,0.12733109456596
0.6,LS_oracle,0.0519491803031633
0.6,LS_oracle,0.135566585468722
0.6,LS_oracle,0.0365505829043546
0.6,LS_oracle,0.0790132807843773
0.6,LS_oracle,0.0404516284333132
0.6,LS_oracle,0.0680159519944148
0.6,LS_oracle,0.067285768374026
0.6,LS_oracle,0.0941448848703994
0.6,LS_oracle,0.0669075748921897
0.6,LS_oracle,0.0596688449404879
0.6,LS_oracle,0.0706935332306484
0.6,LS_oracle,0.160871468153126
0.6,LS_oracle,0.112196362749659
0.6,LS_oracle,-0.00385743211184919
0.6,LS_oracle,0.0133738375010042
0.6,LS_oracle,0.0808698267786319
0.6,LS_oracle,0.0232836767902662
0.6,LS_oracle,0.106276993373354
0.6,LS_oracle,0.0762754658833804
0.6,LS_oracle,0.0429425988322274
0.6,LS_oracle,-0.00389825890852225
0.6,LS_oracle,0.142979252809629
0.6,LS_oracle,0.165147378571164
0.6,LS_oracle,0.0286446223563375
0.6,LS_oracle,0.0574003200606417
0.6,LS_oracle,0.0403027138704772
0.6,LS_oracle,0.0927287345395091
0.6,LS_oracle,0.0171669260389529
0.6,LS_oracle,0.126784885969504
0.6,LS_oracle,0.0220185513661291
0.6,LS_oracle,0.129380589748518
0.6,LS_oracle,-0.0111637667768788
0.6,LS_oracle,-0.0076690347493793
0.6,LS_oracle,0.122839691562829
0.6,LS_oracle,0.177156965246862
0.6,LS_oracle,0.0287120994990715
0.6,LS_oracle,-0.0327783676973191
0.6,LS_oracle,0.0500958073775308
0.6,LS_oracle,0.0853304173672964
0.6,LS_oracle,0.0549574052877984
0.6,LS_oracle,0.101259441817574
0.6,LS_oracle,0.0263595092609543
0.6,LS_oracle,0.0560798613693798
0.6,LS_oracle,-0.0216443524467799
0.6,LS_oracle,-0.0358710910551406
0.6,LS_oracle,0.0551213204730063
0.6,LS_oracle,0.085131351116442
0.6,LS_oracle,0.0798102923032458
0.6,LS_oracle,0.0881587258849739
0.6,LS_oracle,0.0345901234840429
0.6,LS_oracle,0.0961792546531026
0.6,LS_oracle,0.116871220208401
0.6,LS_oracle,0.10825490088262
0.6,LS_oracle,0.162715371101296
0.6,LS_oracle,0.151658925605968
0.6,LS_oracle,0.157400392597574
0.6,LS_oracle,0.0415282526540832
0.6,LS_oracle,0.0387101806881356
0.6,LS_oracle,-0.037232236620325
0.6,LS_oracle,0.0640241790614695
0.6,LS_oracle,0.172089249298146
0.6,LS_oracle,0.0548033393885521
0.6,LS_oracle,-0.00146584559285823
0.6,LS_oracle,0.0784698865721258
0.6,LS_oracle,0.0321979580748166
0.6,LS_oracle,0.0130281450871856
0.6,LS_oracle,0.031406119970494
0.6,LS_oracle,0.0837014411953168
0.6,LS_oracle,0.0491827356098122
0.6,LS_oracle,0.0131608729523673
0.6,LS_oracle,0.0629913543483291
0.6,LS_oracle,0.156679264065983
0.6,LS_oracle,0.122684743357928
0.6,LS_oracle,0.0128635429354778
0.6,LS_oracle,0.0963699535298466
0.6,LS_oracle,0.0454833068261147
0.6,LS_oracle,0.0641529548894362
0.6,LS_oracle,0.180658918859001
0.6,LS_oracle,0.115816764806156
0.6,LS_oracle,0.165568338840076
0.6,LS_oracle,-0.0106013627539766
0.6,LS_oracle,0.0548661258989771
0.6,LS_oracle,0.112296354204295
0.6,LS_oracle,-0.00670492457810923
0.6,LS_oracle,0.131737006494917
0.6,LS_oracle,0.0105873542129171
0.6,LS_oracle,0.115322181247262
0.6,LS_oracle,-0.00350159029043917
0.6,LS_oracle,0.128470174074237
0.6,LS_oracle,0.0933755193630217
0.6,LS_oracle,0.101280311614624
0.6,LS_oracle,0.0859032749212663
0.6,LS_oracle,0.0649435747712774
0.6,LS_oracle,0.0406247482438271
0.6,LS_oracle,0.0786483892332084
0.6,LS_oracle,0.0395757540348165
0.6,LS_oracle,0.0988753976487531
0.6,LS_oracle,0.0335958408977532
0.6,LS_oracle,0.106803976085667
0.6,LS_oracle,0.101803338903859
0.6,LS_oracle,0.131255438438963
0.6,LS_oracle,0.026433889674377
0.6,LS_oracle,0.0646588208150995
0.6,LS_oracle,0.02011658959194
0.6,LS_oracle,0.0931226369435803
0.6,LS_oracle,0.0842721115747358
0.6,LS_oracle,0.0064492234922342
0.6,LS_oracle,0.0757916358896065
0.6,LS_oracle,0.0781157056169839
0.6,LS_oracle,0.167937689455665
0.6,LS_oracle,0.0524603810172075
0.6,LS_oracle,0.109803141303296
0.6,LS_oracle,0.134887673866939
0.6,LS_oracle,0.110814573785556
0.6,LS_oracle,-0.00149056940906156
0.6,LS_oracle,0.152630154440557
0.6,LS_oracle,0.0951236656634968
0.6,LS_oracle,0.0525385866760952
0.6,LS_oracle,0.0212109048690561
0.6,LS_oracle,0.138538375594601
0.6,LS_oracle,0.130420842326937
0.6,LS_oracle,0.0945973893255676
0.6,LS_oracle,0.0641046696730776
0.6,LS_oracle,0.0650561256320938
0.6,LS_oracle,0.0208247638136589
0.6,LS_oracle,0.064705730629361
0.6,LS_oracle,0.112563980847228
0.6,LS_oracle,0.0354417296826972
0.6,LS_oracle,0.0590876109437533
0.6,LS_oracle,0.140144307504168
0.6,LS_oracle,0.009951551621314
0.6,LS_oracle,0.0497004079981109
0.6,LS_oracle,0.0503127250269317
0.6,LS_oracle,0.0342770503381573
0.6,LS_oracle,0.0730386239119032
0.6,LS_oracle,0.0682610777840706
0.6,LS_oracle,0.0365438945620491
0.6,LS_oracle,0.0943987719970913
0.6,LS_oracle,0.019545003858543
0.6,LS_oracle,0.0826950671670974
0.6,LS_oracle,0.106604610915337
0.6,LS_oracle,0.0708125018619894
0.6,LS_oracle,0.0912887313463149
0.6,LS_oracle,0.123379531481685
0.6,LS_oracle,-0.00751272163197469
0.6,LS_oracle,0.116294406826737
0.6,LS_oracle,0.131723568670397
0.6,LS_oracle,0.0672274176716581
0.6,LS_oracle,0.116403418427971
0.6,LS_oracle,0.109067714261234
0.6,LS_oracle,0.0625227284013046
0.6,LS_oracle,0.0920582286767007
0.6,LS_oracle,0.0313438831446573
0.6,LS_oracle,0.00307818540099203
0.6,LS_oracle,0.0845022353538509
0.6,LS_oracle,0.0597763949706414
0.6,TS_oracle,0.0384502122164045
0.6,TS_oracle,0.10796848608805
0.6,TS_oracle,0.0328189120027271
0.6,TS_oracle,0.0893284942516401
0.6,TS_oracle,0.0637098540780168
0.6,TS_oracle,0.0525769823604152
0.6,TS_oracle,0.0434009251410121
0.6,TS_oracle,0.0469863168394526
0.6,TS_oracle,0.141356937142917
0.6,TS_oracle,0.0453449869136395
0.6,TS_oracle,0.0887716909154312
0.6,TS_oracle,0.140670415497947
0.6,TS_oracle,0.0232103224938764
0.6,TS_oracle,0.0699953122243613
0.6,TS_oracle,-0.0354662929295543
0.6,TS_oracle,0.156181435332662
0.6,TS_oracle,0.078975087306091
0.6,TS_oracle,0.0572226225021097
0.6,TS_oracle,0.0739923625175789
0.6,TS_oracle,0.0593007545936701
0.6,TS_oracle,0.0733234183855023
0.6,TS_oracle,0.217700615453683
0.6,TS_oracle,0.128813552884658
0.6,TS_oracle,0.129373804697519
0.6,TS_oracle,0.0992612592040441
0.6,TS_oracle,0.000900074966607489
0.6,TS_oracle,0.0403905662924708
0.6,TS_oracle,0.052883326614575
0.6,TS_oracle,0.0565883789538379
0.6,TS_oracle,0.121062493135659
0.6,TS_oracle,0.040892941594513
0.6,TS_oracle,0.0253216538144556
0.6,TS_oracle,0.127399297551699
0.6,TS_oracle,0.0125581819548446
0.6,TS_oracle,0.0342943279238315
0.6,TS_oracle,0.0589270010053837
0.6,TS_oracle,0.0217849413486813
0.6,TS_oracle,0.040335474411503
0.6,TS_oracle,0.0868972380977184
0.6,TS_oracle,0.135186341578546
0.6,TS_oracle,-0.00159627999437373
0.6,TS_oracle,0.0854120511704273
0.6,TS_oracle,-0.00184020554636055
0.6,TS_oracle,0.128152390907818
0.6,TS_oracle,0.0552886731444593
0.6,TS_oracle,0.133761371954128
0.6,TS_oracle,0.0271771280465078
0.6,TS_oracle,0.0709008848228816
0.6,TS_oracle,0.0455016882321024
0.6,TS_oracle,0.0788483563583
0.6,TS_oracle,0.0660825541634809
0.6,TS_oracle,0.0855607458174865
0.6,TS_oracle,0.055153659663209
0.6,TS_oracle,0.047952408147655
0.6,TS_oracle,0.0770026293159922
0.6,TS_oracle,0.156581040460513
0.6,TS_oracle,0.100973195222828
0.6,TS_oracle,-0.00821482168334486
0.6,TS_oracle,0.00430878209223007
0.6,TS_oracle,0.0731154839660659
0.6,TS_oracle,0.00918573420767999
0.6,TS_oracle,0.111551555442017
0.6,TS_oracle,0.0686460650799292
0.6,TS_oracle,0.035490172950974
0.6,TS_oracle,-0.0116025329575111
0.6,TS_oracle,0.135372697966527
0.6,TS_oracle,0.161069206468737
0.6,TS_oracle,0.0271327254923768
0.6,TS_oracle,0.0469296527874499
0.6,TS_oracle,0.0519375223590299
0.6,TS_oracle,0.0849848480170587
0.6,TS_oracle,0.0108360360271389
0.6,TS_oracle,0.114623669297651
0.6,TS_oracle,0.012436911899445
0.6,TS_oracle,0.12213080794557
0.6,TS_oracle,-0.0200398663283925
0.6,TS_oracle,-0.0140504905435097
0.6,TS_oracle,0.119530273808034
0.6,TS_oracle,0.164611844263102
0.6,TS_oracle,0.0125102318948485
0.6,TS_oracle,-0.0363065566388292
0.6,TS_oracle,0.0422734477584958
0.6,TS_oracle,0.0893516905370448
0.6,TS_oracle,0.0306419129045474
0.6,TS_oracle,0.0775503962944102
0.6,TS_oracle,0.0314033329571339
0.6,TS_oracle,0.0203471339241097
0.6,TS_oracle,-0.0295505573334998
0.6,TS_oracle,-0.0320993337920843
0.6,TS_oracle,0.0349843562936447
0.6,TS_oracle,0.0779297117779427
0.6,TS_oracle,0.0635360372172804
0.6,TS_oracle,0.0838432933154925
0.6,TS_oracle,0.0325851763143492
0.6,TS_oracle,0.0953499618155631
0.6,TS_oracle,0.104210553973081
0.6,TS_oracle,0.109905122110039
0.6,TS_oracle,0.141126219499663
0.6,TS_oracle,0.126617489798827
0.6,TS_oracle,0.146332824534458
0.6,TS_oracle,0.0378896285435097
0.6,TS_oracle,0.033572574373453
0.6,TS_oracle,-0.0351263948482313
0.6,TS_oracle,0.0579958336643196
0.6,TS_oracle,0.157265434420006
0.6,TS_oracle,0.0503692178242561
0.6,TS_oracle,-0.00963784122196787
0.6,TS_oracle,0.0630875561772963
0.6,TS_oracle,0.023982803131029
0.6,TS_oracle,0.00368910091082353
0.6,TS_oracle,0.0319889385281287
0.6,TS_oracle,0.0714877511920462
0.6,TS_oracle,0.0500914917031294
0.6,TS_oracle,-0.000176139567829137
0.6,TS_oracle,0.0427799633752999
0.6,TS_oracle,0.153294494853289
0.6,TS_oracle,0.110168987886328
0.6,TS_oracle,0.0141676979941878
0.6,TS_oracle,0.0670850980913573
0.6,TS_oracle,0.0441172471937008
0.6,TS_oracle,0.0583000325560743
0.6,TS_oracle,0.175303075010549
0.6,TS_oracle,0.115851051765131
0.6,TS_oracle,0.152378093937437
0.6,TS_oracle,-0.0191218860704434
0.6,TS_oracle,0.0569546347300802
0.6,TS_oracle,0.0955610091214365
0.6,TS_oracle,-0.00298172287186094
0.6,TS_oracle,0.134451656901591
0.6,TS_oracle,0.00343081426083436
0.6,TS_oracle,0.112214112322181
0.6,TS_oracle,-0.0078737935297174
0.6,TS_oracle,0.120324572500858
0.6,TS_oracle,0.0877010460925576
0.6,TS_oracle,0.0659454807856106
0.6,TS_oracle,0.0822556556960565
0.6,TS_oracle,0.0458984563748681
0.6,TS_oracle,0.0405451271238781
0.6,TS_oracle,0.0631699302832054
0.6,TS_oracle,0.042114653724858
0.6,TS_oracle,0.11311209548892
0.6,TS_oracle,0.0224919671746699
0.6,TS_oracle,0.074172443748955
0.6,TS_oracle,0.0851776305059395
0.6,TS_oracle,0.129126594620485
0.6,TS_oracle,0.0112660354335177
0.6,TS_oracle,0.064468108613462
0.6,TS_oracle,0.00853755479383178
0.6,TS_oracle,0.0943867486393886
0.6,TS_oracle,0.0738526397616466
0.6,TS_oracle,-0.00440997169397439
0.6,TS_oracle,0.0750138740917179
0.6,TS_oracle,0.0738946900944282
0.6,TS_oracle,0.155723570475743
0.6,TS_oracle,0.0483038280816661
0.6,TS_oracle,0.0858326323318155
0.6,TS_oracle,0.129276805398057
0.6,TS_oracle,0.0959596939859877
0.6,TS_oracle,-0.0177677046683753
0.6,TS_oracle,0.150902654060916
0.6,TS_oracle,0.0733138501207868
0.6,TS_oracle,0.0443809924843899
0.6,TS_oracle,0.0134075560051334
0.6,TS_oracle,0.139071499954195
0.6,TS_oracle,0.125625654488811
0.6,TS_oracle,0.0790554634980143
0.6,TS_oracle,0.0504702466932527
0.6,TS_oracle,0.0616732811665024
0.6,TS_oracle,0.0185348830514733
0.6,TS_oracle,0.0516986893635407
0.6,TS_oracle,0.102320800315257
0.6,TS_oracle,0.0456632763468403
0.6,TS_oracle,0.0618131605161185
0.6,TS_oracle,0.120993797082655
0.6,TS_oracle,0.00941719719043221
0.6,TS_oracle,0.0439601548336181
0.6,TS_oracle,0.0462717371632877
0.6,TS_oracle,0.0349106494157434
0.6,TS_oracle,0.0586644535206191
0.6,TS_oracle,0.0628199090444643
0.6,TS_oracle,0.047963407368969
0.6,TS_oracle,0.0737633291617299
0.6,TS_oracle,0.00315106248622832
0.6,TS_oracle,0.0844827799638586
0.6,TS_oracle,0.0993026022627319
0.6,TS_oracle,0.0737853849044112
0.6,TS_oracle,0.0877212192261683
0.6,TS_oracle,0.12478516945207
0.6,TS_oracle,-0.0191493379208439
0.6,TS_oracle,0.0752556381265206
0.6,TS_oracle,0.127264755655935
0.6,TS_oracle,0.0604417275779441
0.6,TS_oracle,0.114319114073865
0.6,TS_oracle,0.101090416374307
0.6,TS_oracle,0.049583956490173
0.6,TS_oracle,0.0809270263795445
0.6,TS_oracle,0.0389425679283437
0.6,TS_oracle,0.00243460062225531
0.6,TS_oracle,0.0677412404583988
0.6,TS_oracle,0.0592395693600272
0.7,PLS,0.012836427876491
0.7,PLS,0.133861021080257
0.7,PLS,0.181541275012978
0.7,PLS,0.0747659794566167
0.7,PLS,0.0655202043743504
0.7,PLS,0.0673061308300236
0.7,PLS,0.130692312025529
0.7,PLS,0.0950576183601837
0.7,PLS,-3.30521850555598e-07
0.7,PLS,0.0768666711393353
0.7,PLS,0.060102134397924
0.7,PLS,-0.0171768349239048
0.7,PLS,0.129239923887499
0.7,PLS,0.128724945858091
0.7,PLS,0.034388918015646
0.7,PLS,0.0269482162863448
0.7,PLS,0.131679273338174
0.7,PLS,0.0339358686858375
0.7,PLS,0.0622006554564272
0.7,PLS,-0.00679345122747443
0.7,PLS,0.133856929780317
0.7,PLS,0.0949567891988661
0.7,PLS,0.0341158652584035
0.7,PLS,0.0655064231623206
0.7,PLS,0.0775847218686185
0.7,PLS,0.0269362772146311
0.7,PLS,0.0700628030891364
0.7,PLS,0.0807538465152258
0.7,PLS,0.0580005568491422
0.7,PLS,0.100049979229939
0.7,PLS,-0.0400476858296449
0.7,PLS,-0.013048659652432
0.7,PLS,0.100889307373347
0.7,PLS,-0.0324414139495572
0.7,PLS,0.126316890872745
0.7,PLS,0.00132511363213594
0.7,PLS,0.11728933250589
0.7,PLS,0.109760700617612
0.7,PLS,0.0519061626544042
0.7,PLS,0.0822016641487195
0.7,PLS,0.0153586519212541
0.7,PLS,0.0772213069303396
0.7,PLS,0.145390153892897
0.7,PLS,0.114459397803859
0.7,PLS,0.0952455473750156
0.7,PLS,0.0513700638867924
0.7,PLS,0.25167742980708
0.7,PLS,0.126416065884733
0.7,PLS,0.139675771844613
0.7,PLS,0.0103041114893994
0.7,PLS,-0.0139523448905275
0.7,PLS,0.168384971287167
0.7,PLS,0.109563443610401
0.7,PLS,0.0639998770568295
0.7,PLS,0.108469469343607
0.7,PLS,0.0308866647297781
0.7,PLS,0.149973666679986
0.7,PLS,-0.0105802828654397
0.7,PLS,0.0247502406944917
0.7,PLS,0.113668522812082
0.7,PLS,0.089444084681229
0.7,PLS,0.0903631645284233
0.7,PLS,0.138920532664039
0.7,PLS,0.105831488867639
0.7,PLS,0.174902691715502
0.7,PLS,0.0767808601510231
0.7,PLS,0.135480282443282
0.7,PLS,-0.0035416664402621
0.7,PLS,0.0872122070874131
0.7,PLS,0.0952746355599832
0.7,PLS,0.0455843920316348
0.7,PLS,0.14449522531405
0.7,PLS,0.0217499627501168
0.7,PLS,0.103099201603045
0.7,PLS,0.100248387959103
0.7,PLS,0.131202860204291
0.7,PLS,0.0498105750850486
0.7,PLS,0.0280947205092872
0.7,PLS,0.0628510791688144
0.7,PLS,0.0604621871449857
0.7,PLS,0.0242460580993906
0.7,PLS,0.13684596262637
0.7,PLS,0.010110468469043
0.7,PLS,0.0662986554806504
0.7,PLS,0.0237234728678419
0.7,PLS,0.0725509036921153
0.7,PLS,-0.0123747255409906
0.7,PLS,0.126422504873067
0.7,PLS,0.0572722177302472
0.7,PLS,-0.0220525539647577
0.7,PLS,0.046214084669133
0.7,PLS,0.0480532025105165
0.7,PLS,0.0363514416963915
0.7,PLS,0.0639373687772518
0.7,PLS,0.0192252284769638
0.7,PLS,0.0232661123126259
0.7,PLS,0.0271324868867051
0.7,PLS,0.179870532697113
0.7,PLS,0.0822547322001554
0.7,PLS,0.0926438432279237
0.7,PLS,0.0936544107946948
0.7,PLS,0.150347575277855
0.7,PLS,0.0707656949193072
0.7,PLS,0.107872785173256
0.7,PLS,0.086151335952382
0.7,PLS,0.0277338382674703
0.7,PLS,0.0256420507445676
0.7,PLS,0.162082628474761
0.7,PLS,0.173568264344756
0.7,PLS,0.113513465521943
0.7,PLS,0.107123716586316
0.7,PLS,0.0858986749148065
0.7,PLS,0.00416698245609792
0.7,PLS,0.142270544817578
0.7,PLS,0.061690742486409
0.7,PLS,0.00929004249336951
0.7,PLS,-0.0179010088019117
0.7,PLS,0.12177086169947
0.7,PLS,0.110461573205721
0.7,PLS,0.0623541534550671
0.7,PLS,0.130648120043073
0.7,PLS,0.0167913187511903
0.7,PLS,0.0189746342607422
0.7,PLS,0.0930929694511888
0.7,PLS,0.115250536877325
0.7,PLS,0.206810750477453
0.7,PLS,0.0737044039750179
0.7,PLS,0.165348669041544
0.7,PLS,-0.0629392491985804
0.7,PLS,0.0769195528655457
0.7,PLS,0.113600152124442
0.7,PLS,0.154046861137939
0.7,PLS,0.0463937666960197
0.7,PLS,0.000316028936490076
0.7,PLS,0.0182943122172137
0.7,PLS,0.031852206443777
0.7,PLS,0.103945163992719
0.7,PLS,0.115412218059968
0.7,PLS,0.127515616214219
0.7,PLS,0.0625747055557364
0.7,PLS,0.00114790168153234
0.7,PLS,0.178972305570793
0.7,PLS,0.0229709210642948
0.7,PLS,0.0516554413728927
0.7,PLS,-0.0240014888627356
0.7,PLS,0.0735148001400465
0.7,PLS,0.0553039087249438
0.7,PLS,-0.0338164050929078
0.7,PLS,0.0235332396439032
0.7,PLS,0.112399703937516
0.7,PLS,0.17286755329397
0.7,PLS,-0.0117607462944217
0.7,PLS,0.0297505725570755
0.7,PLS,0.041174256453846
0.7,PLS,0.0227389549433719
0.7,PLS,0.068241011689476
0.7,PLS,0.108678083608422
0.7,PLS,0.100120979461919
0.7,PLS,0.00642552078063541
0.7,PLS,0.0677346534742034
0.7,PLS,0.193986410147434
0.7,PLS,0.0951755835652035
0.7,PLS,0.0683447919021796
0.7,PLS,0.0908429010261762
0.7,PLS,-0.00165247557760417
0.7,PLS,0.0131339566364643
0.7,PLS,0.0615488399690525
0.7,PLS,0.0921311229770987
0.7,PLS,0.0746772338742869
0.7,PLS,0.0257600687926602
0.7,PLS,0.0165074045871265
0.7,PLS,0.137265715448406
0.7,PLS,0.0205563339620798
0.7,PLS,0.0485066984746978
0.7,PLS,0.178192670811392
0.7,PLS,0.0926675232627792
0.7,PLS,0.159022606964853
0.7,PLS,0.169361083203557
0.7,PLS,0.00895533747514565
0.7,PLS,0.198405443500964
0.7,PLS,0.0406955987931543
0.7,PLS,0.0446967070673268
0.7,PLS,0.0552455481187322
0.7,PLS,0.141195072113499
0.7,PLS,0.0434178127123186
0.7,PLS,0.14348208989124
0.7,PLS,0.0714666816176972
0.7,PLS,0.11785537047059
0.7,PLS,0.055855927334441
0.7,PLS,0.072630875537367
0.7,PLS,0.0581168482941772
0.7,PLS,0.158735770745124
0.7,PLS,0.0726864673276721
0.7,PLS,0.0661482810275231
0.7,PLS,0.103655297333273
0.7,PLS,0.0556041077768115
0.7,PLS,0.00477009308018883
0.7,PLS,0.092058130957358
0.7,PLS,0.0984334396451874
0.7,PLS,0.089064870869483
0.7,fTS,0.00111389248522964
0.7,fTS,0.0724547350809355
0.7,fTS,0.166654757011681
0.7,fTS,0.0608026196632609
0.7,fTS,0.0633689640450656
0.7,fTS,0.055551456414296
0.7,fTS,0.112413525219569
0.7,fTS,0.0869473472804501
0.7,fTS,-0.0247280707685353
0.7,fTS,0.0754182927500682
0.7,fTS,0.0453724766933616
0.7,fTS,-0.0183513061230847
0.7,fTS,0.106527165815332
0.7,fTS,0.122282784828397
0.7,fTS,0.0207285538476134
0.7,fTS,0.0153807316732153
0.7,fTS,0.120592852159182
0.7,fTS,0.0382138724789369
0.7,fTS,0.0569581649787247
0.7,fTS,-0.00556902522819913
0.7,fTS,0.116868407739128
0.7,fTS,0.0844496057107125
0.7,fTS,0.0252443281613686
0.7,fTS,0.0762918185297488
0.7,fTS,0.0742979436627842
0.7,fTS,0.00848859543279312
0.7,fTS,0.0624976254355145
0.7,fTS,0.0810492224401722
0.7,fTS,0.0563568952706701
0.7,fTS,0.0950586660826276
0.7,fTS,-0.0370136876326024
0.7,fTS,-0.00717886199932383
0.7,fTS,0.0999459055104219
0.7,fTS,-0.0535540491463304
0.7,fTS,0.120221340385313
0.7,fTS,-0.00586575964866587
0.7,fTS,0.10570859543893
0.7,fTS,0.11857255163979
0.7,fTS,0.039286935791756
0.7,fTS,0.0783056245894946
0.7,fTS,0.0113645064301069
0.7,fTS,0.0660947116006461
0.7,fTS,0.130248039579552
0.7,fTS,0.110971002026202
0.7,fTS,0.0823573692834443
0.7,fTS,0.0434412309405205
0.7,fTS,0.233104137157823
0.7,fTS,0.115432312463665
0.7,fTS,0.136424005748333
0.7,fTS,0.0023491610759383
0.7,fTS,-0.0189108614520347
0.7,fTS,0.142005478056801
0.7,fTS,0.0969820895908331
0.7,fTS,0.0610331048191486
0.7,fTS,0.112790239880125
0.7,fTS,0.00796224880244889
0.7,fTS,0.142553246345775
0.7,fTS,-0.00471762227418304
0.7,fTS,0.0208341063376591
0.7,fTS,0.119049707244409
0.7,fTS,0.0854891134712221
0.7,fTS,0.0882703917395609
0.7,fTS,0.125875599658307
0.7,fTS,0.0915411938561961
0.7,fTS,0.151820160192092
0.7,fTS,0.0797551781365311
0.7,fTS,0.118941404041399
0.7,fTS,-0.0105585459370319
0.7,fTS,0.0921510890644837
0.7,fTS,0.0846072325967009
0.7,fTS,0.0347248762906267
0.7,fTS,0.150847823424419
0.7,fTS,0.0191411438093212
0.7,fTS,0.0979955413646079
0.7,fTS,0.0897824894437367
0.7,fTS,0.135191068783671
0.7,fTS,0.053471196268607
0.7,fTS,0.017095482467623
0.7,fTS,0.0465971693499216
0.7,fTS,0.0505673337725387
0.7,fTS,0.00981043488342936
0.7,fTS,0.129230301479332
0.7,fTS,-0.00330692766093865
0.7,fTS,0.0583451570851437
0.7,fTS,0.0129812368161344
0.7,fTS,0.0603454041461025
0.7,fTS,-0.0216663202347905
0.7,fTS,0.117338029715192
0.7,fTS,0.0449402391364058
0.7,fTS,-0.0230506002873341
0.7,fTS,0.0441857440284914
0.7,fTS,0.0258295883938402
0.7,fTS,0.0365338592870306
0.7,fTS,0.0642022947039864
0.7,fTS,0.0123056020828218
0.7,fTS,0.0147962619445099
0.7,fTS,0.0118498541349845
0.7,fTS,0.155455116607359
0.7,fTS,0.0673056949024877
0.7,fTS,0.0756225885144306
0.7,fTS,0.104286375228158
0.7,fTS,0.128681653750352
0.7,fTS,0.054013177199798
0.7,fTS,0.088979402527299
0.7,fTS,0.093016192003337
0.7,fTS,0.0149738667101689
0.7,fTS,0.0174452903165911
0.7,fTS,0.164239616082247
0.7,fTS,0.166181605794422
0.7,fTS,0.117242230192795
0.7,fTS,0.0899330000550791
0.7,fTS,0.0906472483965481
0.7,fTS,-0.000843955573326727
0.7,fTS,0.143589542501064
0.7,fTS,0.0477299468897381
0.7,fTS,0.00895865312811472
0.7,fTS,-0.0257499575031083
0.7,fTS,0.114669896916944
0.7,fTS,0.103233665172048
0.7,fTS,0.0602707416352499
0.7,fTS,0.118264135775827
0.7,fTS,0.00687205386762102
0.7,fTS,0.00720656610000536
0.7,fTS,0.0705731261257259
0.7,fTS,0.126043669412184
0.7,fTS,0.197451808750636
0.7,fTS,0.0696174808715233
0.7,fTS,0.161480065256
0.7,fTS,-0.0662181204215391
0.7,fTS,0.0674683856240381
0.7,fTS,0.104036598873999
0.7,fTS,0.157036132404572
0.7,fTS,0.0165350816869143
0.7,fTS,0.000668161230876541
0.7,fTS,0.0145376043034184
0.7,fTS,0.0377042978807474
0.7,fTS,0.107404603172238
0.7,fTS,0.0862349733406997
0.7,fTS,0.13021845745142
0.7,fTS,0.0637497043413149
0.7,fTS,0.00219373743802387
0.7,fTS,0.176264703825395
0.7,fTS,0.0245281095953869
0.7,fTS,0.0490967024517337
0.7,fTS,-0.0223742389735632
0.7,fTS,0.0592715840892135
0.7,fTS,0.0454037256294761
0.7,fTS,-0.0414813443720583
0.7,fTS,0.0216039491230913
0.7,fTS,0.110490940095184
0.7,fTS,0.159250452940368
0.7,fTS,-0.00977421679813284
0.7,fTS,0.0248723157653159
0.7,fTS,0.0220584479790278
0.7,fTS,0.026859094013066
0.7,fTS,0.0655011963816936
0.7,fTS,0.110409122283828
0.7,fTS,0.0996083540098132
0.7,fTS,0.000714061111186881
0.7,fTS,0.0658112212786195
0.7,fTS,0.189337458654404
0.7,fTS,0.0841833523786082
0.7,fTS,0.0315009194841991
0.7,fTS,0.0887027298989271
0.7,fTS,-0.00232796122241674
0.7,fTS,0.0160575493955772
0.7,fTS,0.0486986900268174
0.7,fTS,0.100416088482128
0.7,fTS,0.0543067688428778
0.7,fTS,0.0384033541086894
0.7,fTS,0.0167577045977294
0.7,fTS,0.138315518625591
0.7,fTS,-0.000687769321788156
0.7,fTS,0.033358375432853
0.7,fTS,0.185138245501101
0.7,fTS,0.0817524256492912
0.7,fTS,0.152352444900587
0.7,fTS,0.165055090281548
0.7,fTS,-0.0110501510102929
0.7,fTS,0.193212430001177
0.7,fTS,0.0437126332542659
0.7,fTS,0.0341865737989471
0.7,fTS,0.0419025533573469
0.7,fTS,0.127612579362568
0.7,fTS,0.0368877617105452
0.7,fTS,0.112804322868163
0.7,fTS,0.0705252252789434
0.7,fTS,0.0816571730098912
0.7,fTS,0.0506058757979297
0.7,fTS,0.0665943319532525
0.7,fTS,0.0635070526092325
0.7,fTS,0.142779723374089
0.7,fTS,0.075963600351056
0.7,fTS,0.0649149979810062
0.7,fTS,0.0789239864477831
0.7,fTS,0.0368085869903045
0.7,fTS,0.00618694050694724
0.7,fTS,0.0909870191038122
0.7,fTS,0.112375120997745
0.7,fTS,0.0828534686108333
0.7,LS_oracle,0.0126690602441342
0.7,LS_oracle,0.133060766630546
0.7,LS_oracle,0.18171017578885
0.7,LS_oracle,0.0746610169355435
0.7,LS_oracle,0.0578216470716462
0.7,LS_oracle,0.0685244775011722
0.7,LS_oracle,0.130752026053307
0.7,LS_oracle,0.0950836711581604
0.7,LS_oracle,-0.00225818374483344
0.7,LS_oracle,0.0765954491259362
0.7,LS_oracle,0.0602554153797352
0.7,LS_oracle,-0.01693575222218
0.7,LS_oracle,0.129377551858844
0.7,LS_oracle,0.127433493901552
0.7,LS_oracle,0.0343626488138289
0.7,LS_oracle,0.0316104245295383
0.7,LS_oracle,0.131830250664225
0.7,LS_oracle,0.0344541572974615
0.7,LS_oracle,0.0593606519956122
0.7,LS_oracle,-0.00687950126185266
0.7,LS_oracle,0.133746222938498
0.7,LS_oracle,0.094978333972223
0.7,LS_oracle,0.0346703033254063
0.7,LS_oracle,0.066579973013198
0.7,LS_oracle,0.0776206333361136
0.7,LS_oracle,0.0269058598921907
0.7,LS_oracle,0.0697168284118914
0.7,LS_oracle,0.0818712425956585
0.7,LS_oracle,0.0573203763161698
0.7,LS_oracle,0.0998340511135012
0.7,LS_oracle,-0.0399002925205711
0.7,LS_oracle,-0.0146882474296444
0.7,LS_oracle,0.101060920997402
0.7,LS_oracle,-0.0339668526883425
0.7,LS_oracle,0.125338153838028
0.7,LS_oracle,0.00129750584647881
0.7,LS_oracle,0.119289976760605
0.7,LS_oracle,0.109155916004211
0.7,LS_oracle,0.0493128525396689
0.7,LS_oracle,0.082186254435858
0.7,LS_oracle,0.0151825480184169
0.7,LS_oracle,0.0768958810666585
0.7,LS_oracle,0.145779524556828
0.7,LS_oracle,0.1195427334576
0.7,LS_oracle,0.0953681536394704
0.7,LS_oracle,0.0517727322688841
0.7,LS_oracle,0.252057515853155
0.7,LS_oracle,0.127177324576666
0.7,LS_oracle,0.139675064856593
0.7,LS_oracle,0.010371865370556
0.7,LS_oracle,-0.0138383640304106
0.7,LS_oracle,0.167587522034655
0.7,LS_oracle,0.108706672969846
0.7,LS_oracle,0.0636476670805324
0.7,LS_oracle,0.109289515111019
0.7,LS_oracle,0.0215359679879532
0.7,LS_oracle,0.149702221398299
0.7,LS_oracle,-0.00998019004340023
0.7,LS_oracle,0.0240920287717266
0.7,LS_oracle,0.111084619152873
0.7,LS_oracle,0.089555410439768
0.7,LS_oracle,0.0914842103301308
0.7,LS_oracle,0.13900662162224
0.7,LS_oracle,0.101468726718464
0.7,LS_oracle,0.175131039710164
0.7,LS_oracle,0.0775174875809665
0.7,LS_oracle,0.135603834792512
0.7,LS_oracle,-0.00273758110468814
0.7,LS_oracle,0.0872578887058371
0.7,LS_oracle,0.0954745936226205
0.7,LS_oracle,0.0455896448837554
0.7,LS_oracle,0.144769234109301
0.7,LS_oracle,0.0247469474975777
0.7,LS_oracle,0.108291654015854
0.7,LS_oracle,0.0999779046899303
0.7,LS_oracle,0.130951437153005
0.7,LS_oracle,0.0486503364787028
0.7,LS_oracle,0.0277580340735841
0.7,LS_oracle,0.0620806979329056
0.7,LS_oracle,0.0609860061169072
0.7,LS_oracle,0.0247661459776707
0.7,LS_oracle,0.137064028214027
0.7,LS_oracle,0.0103728971776091
0.7,LS_oracle,0.0665709065749183
0.7,LS_oracle,0.02360586733937
0.7,LS_oracle,0.0721780770344171
0.7,LS_oracle,-0.013479657325377
0.7,LS_oracle,0.12619650161964
0.7,LS_oracle,0.0563384158399971
0.7,LS_oracle,-0.0213245917950389
0.7,LS_oracle,0.0471023671508017
0.7,LS_oracle,0.0478689064250801
0.7,LS_oracle,0.0318887455137435
0.7,LS_oracle,0.0672102792402591
0.7,LS_oracle,0.0192517840183484
0.7,LS_oracle,0.0232564641708342
0.7,LS_oracle,0.0285650859142361
0.7,LS_oracle,0.179686505172779
0.7,LS_oracle,0.0818093233965054
0.7,LS_oracle,0.0942758523049088
0.7,LS_oracle,0.0942027003849626
0.7,LS_oracle,0.149965197573309
0.7,LS_oracle,0.0742884764220422
0.7,LS_oracle,0.107655760587455
0.7,LS_oracle,0.0899873819110819
0.7,LS_oracle,0.0255521772608027
0.7,LS_oracle,0.0239456395878619
0.7,LS_oracle,0.162295275189578
0.7,LS_oracle,0.173558341939511
0.7,LS_oracle,0.113529651567674
0.7,LS_oracle,0.108311751941968
0.7,LS_oracle,0.0861171133606566
0.7,LS_oracle,0.00378740972585101
0.7,LS_oracle,0.144089208060317
0.7,LS_oracle,0.0609267371797055
0.7,LS_oracle,0.00872937138071928
0.7,LS_oracle,-0.017553481766354
0.7,LS_oracle,0.121813539124525
0.7,LS_oracle,0.110299339819814
0.7,LS_oracle,0.0623654560037405
0.7,LS_oracle,0.126812346980923
0.7,LS_oracle,0.0205585062210929
0.7,LS_oracle,0.0210279424054485
0.7,LS_oracle,0.0926752179327184
0.7,LS_oracle,0.117000300376929
0.7,LS_oracle,0.198138117861565
0.7,LS_oracle,0.073472907697848
0.7,LS_oracle,0.166423139116125
0.7,LS_oracle,-0.0652894174546848
0.7,LS_oracle,0.0754767911857406
0.7,LS_oracle,0.113601198758521
0.7,LS_oracle,0.153582615535495
0.7,LS_oracle,0.0461943922413164
0.7,LS_oracle,-0.000404701335628421
0.7,LS_oracle,0.0188731542549492
0.7,LS_oracle,0.0317082182027417
0.7,LS_oracle,0.103271585598479
0.7,LS_oracle,0.115833073371701
0.7,LS_oracle,0.125596930345945
0.7,LS_oracle,0.0620955694855583
0.7,LS_oracle,0.000548518690820954
0.7,LS_oracle,0.178340445115097
0.7,LS_oracle,0.0231729940911791
0.7,LS_oracle,0.0516052399543179
0.7,LS_oracle,-0.025558604444361
0.7,LS_oracle,0.0718603430892162
0.7,LS_oracle,0.055353993163006
0.7,LS_oracle,-0.0306766197658518
0.7,LS_oracle,0.0238801432198557
0.7,LS_oracle,0.112903427966284
0.7,LS_oracle,0.172738605508257
0.7,LS_oracle,-0.012054171442935
0.7,LS_oracle,0.0293643317795151
0.7,LS_oracle,0.0408517863193321
0.7,LS_oracle,0.0232168983867824
0.7,LS_oracle,0.0709981311790855
0.7,LS_oracle,0.108618448345911
0.7,LS_oracle,0.0992370157910551
0.7,LS_oracle,0.00635869084907403
0.7,LS_oracle,0.067719032198083
0.7,LS_oracle,0.194005804374969
0.7,LS_oracle,0.0936512431219338
0.7,LS_oracle,0.0694546637178777
0.7,LS_oracle,0.0897674879914478
0.7,LS_oracle,-0.00202822444163497
0.7,LS_oracle,0.0126353097830827
0.7,LS_oracle,0.0611126916894795
0.7,LS_oracle,0.0919508521759309
0.7,LS_oracle,0.0770244713877208
0.7,LS_oracle,0.025663705521797
0.7,LS_oracle,0.0164556511410798
0.7,LS_oracle,0.136040144888028
0.7,LS_oracle,0.0207793973823436
0.7,LS_oracle,0.0484083616111726
0.7,LS_oracle,0.177554606974132
0.7,LS_oracle,0.0924605962976484
0.7,LS_oracle,0.16011154893157
0.7,LS_oracle,0.168871679421347
0.7,LS_oracle,0.00844640173239908
0.7,LS_oracle,0.198352195106392
0.7,LS_oracle,0.0405909434849898
0.7,LS_oracle,0.0446161229033248
0.7,LS_oracle,0.0552295866740948
0.7,LS_oracle,0.141051681108133
0.7,LS_oracle,0.0429203461818164
0.7,LS_oracle,0.143572959705581
0.7,LS_oracle,0.071217542540797
0.7,LS_oracle,0.11793208183482
0.7,LS_oracle,0.0558119658768113
0.7,LS_oracle,0.076111110461758
0.7,LS_oracle,0.0581285577602586
0.7,LS_oracle,0.160460962943924
0.7,LS_oracle,0.0723891637854011
0.7,LS_oracle,0.0663718396563648
0.7,LS_oracle,0.0942168906784664
0.7,LS_oracle,0.0566045728283127
0.7,LS_oracle,0.00390860697907147
0.7,LS_oracle,0.0921374081639046
0.7,LS_oracle,0.0983787005199901
0.7,LS_oracle,0.0893442299850296
0.7,TS_oracle,0.00112651908273276
0.7,TS_oracle,0.0724963021630187
0.7,TS_oracle,0.166629051395355
0.7,TS_oracle,0.0608652606190632
0.7,TS_oracle,0.0619055138275577
0.7,TS_oracle,0.0514853593403732
0.7,TS_oracle,0.112426820961562
0.7,TS_oracle,0.0867348741849527
0.7,TS_oracle,-0.0255379085768747
0.7,TS_oracle,0.0753728424046574
0.7,TS_oracle,0.0458529902190163
0.7,TS_oracle,-0.0184831549213164
0.7,TS_oracle,0.106737072161573
0.7,TS_oracle,0.122264683688938
0.7,TS_oracle,0.0207282231831369
0.7,TS_oracle,0.015806998411789
0.7,TS_oracle,0.120620327613493
0.7,TS_oracle,0.0383562634720536
0.7,TS_oracle,0.0561026832484022
0.7,TS_oracle,-0.00509795163206461
0.7,TS_oracle,0.116032606264501
0.7,TS_oracle,0.0864774273824302
0.7,TS_oracle,0.0257868949004036
0.7,TS_oracle,0.0731461313358686
0.7,TS_oracle,0.0736338176465967
0.7,TS_oracle,0.00861842139706037
0.7,TS_oracle,0.0621935856280038
0.7,TS_oracle,0.0809838877245184
0.7,TS_oracle,0.0500889276103498
0.7,TS_oracle,0.0948951119440362
0.7,TS_oracle,-0.0370059885407598
0.7,TS_oracle,-0.00717171536050065
0.7,TS_oracle,0.100454547979669
0.7,TS_oracle,-0.0546623310412148
0.7,TS_oracle,0.120137270272145
0.7,TS_oracle,-0.00585681011545602
0.7,TS_oracle,0.105696656067527
0.7,TS_oracle,0.118480069427192
0.7,TS_oracle,0.0391077543910301
0.7,TS_oracle,0.0775107139895679
0.7,TS_oracle,0.0121934922011935
0.7,TS_oracle,0.0667163317602044
0.7,TS_oracle,0.130848843986512
0.7,TS_oracle,0.111617324465026
0.7,TS_oracle,0.0835750978458343
0.7,TS_oracle,0.0443236235165265
0.7,TS_oracle,0.232602267944617
0.7,TS_oracle,0.115559980969097
0.7,TS_oracle,0.135733583981299
0.7,TS_oracle,0.00233658376923596
0.7,TS_oracle,-0.0187301891565391
0.7,TS_oracle,0.141973773209359
0.7,TS_oracle,0.0969089471340223
0.7,TS_oracle,0.0607096869636505
0.7,TS_oracle,0.113158696098983
0.7,TS_oracle,0.00712423649631444
0.7,TS_oracle,0.142044822396628
0.7,TS_oracle,-0.00470442896712198
0.7,TS_oracle,0.0206263711504657
0.7,TS_oracle,0.117844558849516
0.7,TS_oracle,0.0850253520343818
0.7,TS_oracle,0.0882849375340917
0.7,TS_oracle,0.125891591254963
0.7,TS_oracle,0.0906789291772971
0.7,TS_oracle,0.15186288550075
0.7,TS_oracle,0.0806982188207086
0.7,TS_oracle,0.118583530143902
0.7,TS_oracle,-0.0106150970831079
0.7,TS_oracle,0.0921578316077474
0.7,TS_oracle,0.0847829409275394
0.7,TS_oracle,0.0353319212211816
0.7,TS_oracle,0.150514131215522
0.7,TS_oracle,0.0188746864948579
0.7,TS_oracle,0.0981104801912067
0.7,TS_oracle,0.0897764168406665
0.7,TS_oracle,0.135157453138523
0.7,TS_oracle,0.0523098536005011
0.7,TS_oracle,0.0170662557151788
0.7,TS_oracle,0.0468253383377404
0.7,TS_oracle,0.051031867327626
0.7,TS_oracle,0.00984531152713863
0.7,TS_oracle,0.12948139316317
0.7,TS_oracle,-0.00328794965567336
0.7,TS_oracle,0.0576074750331717
0.7,TS_oracle,0.0133084147308562
0.7,TS_oracle,0.0605768625977976
0.7,TS_oracle,-0.0209745425819705
0.7,TS_oracle,0.116952683619361
0.7,TS_oracle,0.0444704069392072
0.7,TS_oracle,-0.0230613328504635
0.7,TS_oracle,0.0442702159179047
0.7,TS_oracle,0.0258803977284505
0.7,TS_oracle,0.0368649615068433
0.7,TS_oracle,0.0654961332479307
0.7,TS_oracle,0.0123254515300391
0.7,TS_oracle,0.0152155683560335
0.7,TS_oracle,0.0121644888837755
0.7,TS_oracle,0.15543848987984
0.7,TS_oracle,0.067228695680607
0.7,TS_oracle,0.0757116095978771
0.7,TS_oracle,0.104275452394571
0.7,TS_oracle,0.128613801931692
0.7,TS_oracle,0.0538031883280428
0.7,TS_oracle,0.0886304054241103
0.7,TS_oracle,0.0930366405924385
0.7,TS_oracle,0.0147157629599919
0.7,TS_oracle,0.0172907736053964
0.7,TS_oracle,0.164258092711093
0.7,TS_oracle,0.165167286202218
0.7,TS_oracle,0.117487745171577
0.7,TS_oracle,0.0898555385420043
0.7,TS_oracle,0.0908500581222809
0.7,TS_oracle,-0.000813600043460871
0.7,TS_oracle,0.143492479688466
0.7,TS_oracle,0.0477494098897613
0.7,TS_oracle,0.00855917716590748
0.7,TS_oracle,-0.0257293094381642
0.7,TS_oracle,0.11435682812762
0.7,TS_oracle,0.103499871071794
0.7,TS_oracle,0.0595360319348091
0.7,TS_oracle,0.11745645729516
0.7,TS_oracle,0.00545160279983836
0.7,TS_oracle,0.00853782806014913
0.7,TS_oracle,0.0701158975816505
0.7,TS_oracle,0.126317015001551
0.7,TS_oracle,0.197792579325619
0.7,TS_oracle,0.0687378608064826
0.7,TS_oracle,0.161499057190563
0.7,TS_oracle,-0.0660038384033462
0.7,TS_oracle,0.0661141572172372
0.7,TS_oracle,0.103994137778493
0.7,TS_oracle,0.156960551774407
0.7,TS_oracle,0.016808244749912
0.7,TS_oracle,0.000481893603540451
0.7,TS_oracle,0.0145992639863546
0.7,TS_oracle,0.0377052652399237
0.7,TS_oracle,0.107512804195662
0.7,TS_oracle,0.0862918847223355
0.7,TS_oracle,0.129089058859459
0.7,TS_oracle,0.0637922084014286
0.7,TS_oracle,0.00185650864282616
0.7,TS_oracle,0.174919188064639
0.7,TS_oracle,0.0246352527642559
0.7,TS_oracle,0.0470118878944108
0.7,TS_oracle,-0.0236095179312346
0.7,TS_oracle,0.0584771398894497
0.7,TS_oracle,0.0454034755949093
0.7,TS_oracle,-0.0411810899355748
0.7,TS_oracle,0.0204071710762357
0.7,TS_oracle,0.110580627370205
0.7,TS_oracle,0.159215887789641
0.7,TS_oracle,-0.0101923620806085
0.7,TS_oracle,0.024713952161767
0.7,TS_oracle,0.0186215429693426
0.7,TS_oracle,0.0264066587662708
0.7,TS_oracle,0.0662735818859768
0.7,TS_oracle,0.109073054504538
0.7,TS_oracle,0.0995708657884706
0.7,TS_oracle,0.000582268029221122
0.7,TS_oracle,0.0657825234396521
0.7,TS_oracle,0.189337665532764
0.7,TS_oracle,0.083991667770857
0.7,TS_oracle,0.031576248128163
0.7,TS_oracle,0.0879368447726281
0.7,TS_oracle,-0.001664382247753
0.7,TS_oracle,0.0157316624604689
0.7,TS_oracle,0.0485483691610005
0.7,TS_oracle,0.099987919341336
0.7,TS_oracle,0.0543068871946957
0.7,TS_oracle,0.0379576007942317
0.7,TS_oracle,0.0167455784245683
0.7,TS_oracle,0.138105573037499
0.7,TS_oracle,-0.00123584449142089
0.7,TS_oracle,0.0333464307019797
0.7,TS_oracle,0.184914104928519
0.7,TS_oracle,0.081653617480153
0.7,TS_oracle,0.153529229836251
0.7,TS_oracle,0.164467511977998
0.7,TS_oracle,-0.0121110004761175
0.7,TS_oracle,0.193663788688737
0.7,TS_oracle,0.0437611156572391
0.7,TS_oracle,0.0318589894348313
0.7,TS_oracle,0.0424146758185806
0.7,TS_oracle,0.127315511331734
0.7,TS_oracle,0.0368613159105433
0.7,TS_oracle,0.11236765703045
0.7,TS_oracle,0.070504630439385
0.7,TS_oracle,0.0819335576882168
0.7,TS_oracle,0.050096979487168
0.7,TS_oracle,0.0676742246767439
0.7,TS_oracle,0.0632896526429076
0.7,TS_oracle,0.137898965154626
0.7,TS_oracle,0.0759385941628261
0.7,TS_oracle,0.0647845926068271
0.7,TS_oracle,0.0789054375980121
0.7,TS_oracle,0.0368031224393914
0.7,TS_oracle,0.00575106244378309
0.7,TS_oracle,0.0910554045421907
0.7,TS_oracle,0.111291767797854
0.7,TS_oracle,0.0829002276219399
0.8,PLS,0.111338076656298
0.8,PLS,0.107355100686093
0.8,PLS,0.0336746805908914
0.8,PLS,0.0235628456509298
0.8,PLS,0.150932603414205
0.8,PLS,0.0684506766718156
0.8,PLS,0.0286222038645245
0.8,PLS,0.0804007484510243
0.8,PLS,0.0211503476889825
0.8,PLS,0.108550650658432
0.8,PLS,0.0943049498921056
0.8,PLS,0.0804203594888437
0.8,PLS,-0.00794056239292995
0.8,PLS,0.0467749881105088
0.8,PLS,0.0118311447600365
0.8,PLS,0.0315432110299281
0.8,PLS,0.0847530187428935
0.8,PLS,0.070292208865095
0.8,PLS,0.0335842924498788
0.8,PLS,0.0170679878962567
0.8,PLS,0.118126258008014
0.8,PLS,0.102077746105168
0.8,PLS,0.00248169739834592
0.8,PLS,0.142745885951989
0.8,PLS,-0.0325101560173445
0.8,PLS,0.0352563320931414
0.8,PLS,0.20910420457355
0.8,PLS,0.128374840197599
0.8,PLS,0.093017400124501
0.8,PLS,0.0447762398644069
0.8,PLS,-0.00771946009407187
0.8,PLS,0.105375608162296
0.8,PLS,0.0461020086168742
0.8,PLS,0.0107018134854862
0.8,PLS,0.0833872049156867
0.8,PLS,0.101996291663667
0.8,PLS,0.0351904405724122
0.8,PLS,0.040676616202278
0.8,PLS,0.0475056778302763
0.8,PLS,0.0904223672661091
0.8,PLS,0.0394967423256438
0.8,PLS,0.139763282938622
0.8,PLS,-0.0337557327355914
0.8,PLS,0.0740939661523707
0.8,PLS,0.13556058966571
0.8,PLS,0.0852482361433837
0.8,PLS,-0.0129637884351184
0.8,PLS,0.0663549044852836
0.8,PLS,0.112692138669865
0.8,PLS,0.0778648672536779
0.8,PLS,0.263773835566363
0.8,PLS,0.0738857042806125
0.8,PLS,0.0936103051698793
0.8,PLS,0.21747377947033
0.8,PLS,0.0244994481357688
0.8,PLS,0.0327824199643412
0.8,PLS,0.150272858730569
0.8,PLS,0.0381555121879591
0.8,PLS,0.0947028652014978
0.8,PLS,-0.105129588194616
0.8,PLS,0.0678387839779091
0.8,PLS,0.183797250784071
0.8,PLS,0.0583257122074323
0.8,PLS,0.0602480042810329
0.8,PLS,0.0640715654919162
0.8,PLS,0.0933362257117158
0.8,PLS,0.149392429642317
0.8,PLS,0.0175290752342594
0.8,PLS,0.0105955095829195
0.8,PLS,0.0430491179474393
0.8,PLS,0.139746222803711
0.8,PLS,0.113723206670781
0.8,PLS,0.136279122474783
0.8,PLS,0.0607080677576262
0.8,PLS,0.0964627936885112
0.8,PLS,0.0817344395493018
0.8,PLS,0.0447297403824884
0.8,PLS,0.00862061742727094
0.8,PLS,0.0949277430121906
0.8,PLS,0.0806825218636009
0.8,PLS,0.0989933178284768
0.8,PLS,-0.00489683224170001
0.8,PLS,0.0798282630959037
0.8,PLS,0.0321818685781503
0.8,PLS,0.0696675231400044
0.8,PLS,0.0617701133550586
0.8,PLS,0.0441927992638385
0.8,PLS,0.0442387456701745
0.8,PLS,0.178042868507335
0.8,PLS,0.100762711907689
0.8,PLS,0.172292114640195
0.8,PLS,-0.0095199306896957
0.8,PLS,0.135470107659574
0.8,PLS,0.0595401827089257
0.8,PLS,0.0565442777482541
0.8,PLS,0.0394064716368692
0.8,PLS,0.116967859167813
0.8,PLS,-0.000672568572439025
0.8,PLS,0.0659146890075806
0.8,PLS,-0.0441639284992664
0.8,PLS,0.111912196754392
0.8,PLS,0.0977737909494893
0.8,PLS,0.0264134776615568
0.8,PLS,0.125493843696366
0.8,PLS,0.0850140442302547
0.8,PLS,0.0310951254361818
0.8,PLS,0.122305641204057
0.8,PLS,0.0852048325686958
0.8,PLS,0.0875161810427785
0.8,PLS,0.00128635094606233
0.8,PLS,0.0192722560543022
0.8,PLS,-0.0369277088716083
0.8,PLS,0.0581394165037208
0.8,PLS,0.0422428068127885
0.8,PLS,-0.00837967418263608
0.8,PLS,0.0671139182592408
0.8,PLS,-0.0204168536634081
0.8,PLS,0.109621563360262
0.8,PLS,0.128298470863603
0.8,PLS,0.0821578300402022
0.8,PLS,0.0497997569216997
0.8,PLS,0.0571542121159121
0.8,PLS,0.0470692052033252
0.8,PLS,0.0625552651889794
0.8,PLS,0.156500308901873
0.8,PLS,0.0401711313616815
0.8,PLS,-0.00258370325694413
0.8,PLS,0.119346106810008
0.8,PLS,0.181195449607557
0.8,PLS,0.0872659967366245
0.8,PLS,0.0855472734301275
0.8,PLS,-0.0440511215581865
0.8,PLS,0.0449659477364446
0.8,PLS,-0.0227039519392702
0.8,PLS,0.113338857922344
0.8,PLS,0.0437259858807701
0.8,PLS,0.0916536807998285
0.8,PLS,0.0800089249596094
0.8,PLS,-0.035996977348792
0.8,PLS,0.148146119177726
0.8,PLS,0.0575703240853918
0.8,PLS,0.109615538900201
0.8,PLS,0.0389819721782376
0.8,PLS,0.103329459165471
0.8,PLS,0.0788186449729267
0.8,PLS,0.0450061166360001
0.8,PLS,0.0304627272708704
0.8,PLS,0.126781659285706
0.8,PLS,0.125165154764881
0.8,PLS,0.0593973233637284
0.8,PLS,-0.040112286704701
0.8,PLS,0.0994345986166678
0.8,PLS,0.138050271900944
0.8,PLS,0.0263827858150445
0.8,PLS,0.0701103364957001
0.8,PLS,0.0339520520583931
0.8,PLS,-0.0121607562239385
0.8,PLS,0.134375022633979
0.8,PLS,0.0861974593011492
0.8,PLS,0.168503607947373
0.8,PLS,0.0632441665081416
0.8,PLS,0.0696720099475878
0.8,PLS,0.00996080102847574
0.8,PLS,0.188467608334567
0.8,PLS,0.0857173080265261
0.8,PLS,0.0496501793941315
0.8,PLS,0.0405747190993289
0.8,PLS,0.0832187793134957
0.8,PLS,0.0894268492871539
0.8,PLS,0.192916689908786
0.8,PLS,0.234873926623205
0.8,PLS,-0.0120227090488227
0.8,PLS,0.101429652335177
0.8,PLS,0.00439146656109646
0.8,PLS,0.131277402392826
0.8,PLS,0.00153978757647111
0.8,PLS,0.0192912439687751
0.8,PLS,0.0959458901543522
0.8,PLS,0.0239867469591337
0.8,PLS,-0.00288059257042073
0.8,PLS,0.165891884644183
0.8,PLS,-0.0241777056353641
0.8,PLS,0.0234103929844458
0.8,PLS,0.157407800189862
0.8,PLS,0.116006734141047
0.8,PLS,0.107703815870143
0.8,PLS,0.144001976632339
0.8,PLS,-0.0156087374829248
0.8,PLS,0.0690865674618359
0.8,PLS,0.0387686962830409
0.8,PLS,0.0855355281456014
0.8,PLS,0.0509572366243896
0.8,PLS,0.138743202069976
0.8,PLS,0.188241948859735
0.8,PLS,0.0621713403642006
0.8,PLS,0.00166864460683924
0.8,PLS,0.0321023819743238
0.8,PLS,0.0631238609840665
0.8,PLS,0.241097999913529
0.8,PLS,0.0324148074730355
0.8,fTS,0.0827145932250324
0.8,fTS,0.105294992719862
0.8,fTS,0.034397139997761
0.8,fTS,0.0070896313251807
0.8,fTS,0.12227701156347
0.8,fTS,0.0644651684923914
0.8,fTS,0.0219218958175897
0.8,fTS,0.0627710172876377
0.8,fTS,0.0161472212691334
0.8,fTS,0.0924931703371543
0.8,fTS,0.0784755500388985
0.8,fTS,0.0750911981531523
0.8,fTS,-0.0176974393116921
0.8,fTS,0.0322315746936199
0.8,fTS,-0.0406536686841055
0.8,fTS,0.0265049060995322
0.8,fTS,0.0737966354010529
0.8,fTS,0.0435663533237927
0.8,fTS,0.0209705891923813
0.8,fTS,0.00506236211319289
0.8,fTS,0.11465417349577
0.8,fTS,0.0981477203610017
0.8,fTS,0.00237848351914471
0.8,fTS,0.133559661945952
0.8,fTS,-0.0360052434982371
0.8,fTS,0.0309341188388861
0.8,fTS,0.194919493369155
0.8,fTS,0.0969012156135547
0.8,fTS,0.0969570600737526
0.8,fTS,0.041396887323607
0.8,fTS,-0.0151609834749163
0.8,fTS,0.102706326187652
0.8,fTS,0.0378616674805148
0.8,fTS,0.00784713488006972
0.8,fTS,0.080714729240849
0.8,fTS,0.0871910691835467
0.8,fTS,0.041390813973988
0.8,fTS,0.0342325274706374
0.8,fTS,0.0436283891332419
0.8,fTS,0.0634613616804649
0.8,fTS,0.0457009817635952
0.8,fTS,0.134286165953929
0.8,fTS,-0.0381508467785878
0.8,fTS,0.0729024721538929
0.8,fTS,0.148799546921956
0.8,fTS,0.09201460103231
0.8,fTS,-0.0150911208186847
0.8,fTS,0.0566802177660608
0.8,fTS,0.11709397006883
0.8,fTS,0.0679881595057508
0.8,fTS,0.250688915173358
0.8,fTS,0.0611964050486109
0.8,fTS,0.0682427476139145
0.8,fTS,0.187433116160663
0.8,fTS,0.0225226316718268
0.8,fTS,0.0102122491186747
0.8,fTS,0.112560619397889
0.8,fTS,0.0166799123229697
0.8,fTS,0.0860204240729299
0.8,fTS,-0.102143356295074
0.8,fTS,0.0729755701693702
0.8,fTS,0.174546016691713
0.8,fTS,0.048737020534851
0.8,fTS,0.0437606763957297
0.8,fTS,0.0660666165261719
0.8,fTS,0.0854878688887
0.8,fTS,0.140376131587927
0.8,fTS,0.0145023665702408
0.8,fTS,-0.0221467109382386
0.8,fTS,0.0453986447305736
0.8,fTS,0.130083007510075
0.8,fTS,0.112342377910746
0.8,fTS,0.129874753636979
0.8,fTS,0.0594738234671961
0.8,fTS,0.0925409880694943
0.8,fTS,0.0755009723083739
0.8,fTS,0.0477644124482914
0.8,fTS,-0.00358605739075313
0.8,fTS,0.0975432800826577
0.8,fTS,0.0487506229200034
0.8,fTS,0.0928578525201111
0.8,fTS,-0.00598026409952335
0.8,fTS,0.0674721094147555
0.8,fTS,0.0257860590905292
0.8,fTS,0.0576153900277718
0.8,fTS,0.0453786621983649
0.8,fTS,0.0342095439193735
0.8,fTS,0.0432070993710152
0.8,fTS,0.139647526360994
0.8,fTS,0.0895310973859436
0.8,fTS,0.159776362169483
0.8,fTS,-0.0150331383457905
0.8,fTS,0.125736916134177
0.8,fTS,0.0550618220208408
0.8,fTS,0.0424722695047781
0.8,fTS,0.00883637405347293
0.8,fTS,0.105282772506414
0.8,fTS,0.00624744572031632
0.8,fTS,0.0786930561964239
0.8,fTS,-0.060957259301618
0.8,fTS,0.123045218095032
0.8,fTS,0.0959607915775114
0.8,fTS,-0.00643808119318412
0.8,fTS,0.13482504202524
0.8,fTS,0.0858022390674493
0.8,fTS,0.0234533989434658
0.8,fTS,0.0925026960229098
0.8,fTS,0.0860086455304456
0.8,fTS,0.0860835929853547
0.8,fTS,-0.012173191428527
0.8,fTS,0.00625447795774559
0.8,fTS,-0.0473108004976714
0.8,fTS,0.0439804139506594
0.8,fTS,0.0117870116494754
0.8,fTS,-0.00466192821506306
0.8,fTS,0.0482307541948086
0.8,fTS,-0.0311976765583589
0.8,fTS,0.0854712796899368
0.8,fTS,0.117654683433862
0.8,fTS,0.042777615322803
0.8,fTS,0.0434530048285342
0.8,fTS,0.0555518285419281
0.8,fTS,0.0452726376865764
0.8,fTS,0.0321923017973142
0.8,fTS,0.115216573310155
0.8,fTS,0.0281825747723339
0.8,fTS,-0.00707326278495479
0.8,fTS,0.0911745591506401
0.8,fTS,0.18191533520025
0.8,fTS,0.0731896368123219
0.8,fTS,0.0515744165932945
0.8,fTS,-0.0473724640092816
0.8,fTS,0.0342929622321457
0.8,fTS,-0.0348560452604585
0.8,fTS,0.10800979116608
0.8,fTS,0.037659670667429
0.8,fTS,0.0872540882450927
0.8,fTS,0.0512271635984345
0.8,fTS,-0.0373417341953699
0.8,fTS,0.123131201278107
0.8,fTS,0.034150671023244
0.8,fTS,0.111911847497969
0.8,fTS,0.0371719540036057
0.8,fTS,0.102252132515152
0.8,fTS,0.0547414380667304
0.8,fTS,0.0411581469030344
0.8,fTS,0.031506400705148
0.8,fTS,0.0825673157613704
0.8,fTS,0.10306937358497
0.8,fTS,0.0298438138746355
0.8,fTS,-0.0646589183284225
0.8,fTS,0.0771457282195942
0.8,fTS,0.135707640967404
0.8,fTS,0.0208383832850696
0.8,fTS,0.0559062859032571
0.8,fTS,0.0524941609235225
0.8,fTS,-0.0186840956381177
0.8,fTS,0.083744881586532
0.8,fTS,0.0797579385611207
0.8,fTS,0.174243850639348
0.8,fTS,0.0552970965797863
0.8,fTS,0.0532243516459865
0.8,fTS,0.0176114975906401
0.8,fTS,0.184990813084523
0.8,fTS,0.0636831334427777
0.8,fTS,0.0493191432386961
0.8,fTS,0.034453408131184
0.8,fTS,0.0616724605155252
0.8,fTS,0.085361530794402
0.8,fTS,0.205442707691663
0.8,fTS,0.218700240070759
0.8,fTS,-0.0182174060635869
0.8,fTS,0.111060300783069
0.8,fTS,-0.000605829868949748
0.8,fTS,0.121027313090732
0.8,fTS,-0.00672376806000463
0.8,fTS,0.0120533364056203
0.8,fTS,0.0880002208914141
0.8,fTS,0.0205945735911153
0.8,fTS,-0.0166858239462222
0.8,fTS,0.155525776604349
0.8,fTS,-0.0303637298203727
0.8,fTS,0.0211623946681123
0.8,fTS,0.128692780025927
0.8,fTS,0.111928234645111
0.8,fTS,0.101852247805423
0.8,fTS,0.117824953044007
0.8,fTS,-0.0201743460834798
0.8,fTS,0.0395878308355457
0.8,fTS,0.0336897944021741
0.8,fTS,0.0674552825014563
0.8,fTS,0.0563788333109423
0.8,fTS,0.110201257523105
0.8,fTS,0.180695610705168
0.8,fTS,0.0423290174906374
0.8,fTS,-0.00422069025599614
0.8,fTS,0.0349357241199755
0.8,fTS,0.0643864994320782
0.8,fTS,0.223998503971263
0.8,fTS,0.027022590279778
0.8,LS_oracle,0.112354141827419
0.8,LS_oracle,0.107744470117161
0.8,LS_oracle,0.0335089937573478
0.8,LS_oracle,0.0216478796061716
0.8,LS_oracle,0.150154552772945
0.8,LS_oracle,0.0682945603948575
0.8,LS_oracle,0.028735845098453
0.8,LS_oracle,0.0724040225583304
0.8,LS_oracle,0.0217200401709823
0.8,LS_oracle,0.108467039585648
0.8,LS_oracle,0.0941803798250225
0.8,LS_oracle,0.0797857162122984
0.8,LS_oracle,-0.00932103556725095
0.8,LS_oracle,0.0471704515661973
0.8,LS_oracle,0.00324910355578667
0.8,LS_oracle,0.0324129299015132
0.8,LS_oracle,0.0844068263825513
0.8,LS_oracle,0.0702664732142837
0.8,LS_oracle,0.0314328973673241
0.8,LS_oracle,0.0171000279432567
0.8,LS_oracle,0.118499123842942
0.8,LS_oracle,0.102080879431574
0.8,LS_oracle,0.00304569563210211
0.8,LS_oracle,0.142145616643923
0.8,LS_oracle,-0.0324916355030487
0.8,LS_oracle,0.0328681425688644
0.8,LS_oracle,0.208704530365224
0.8,LS_oracle,0.129053687292108
0.8,LS_oracle,0.0917767656539605
0.8,LS_oracle,0.0438423815498257
0.8,LS_oracle,-0.0130743660545107
0.8,LS_oracle,0.105471379669045
0.8,LS_oracle,0.0457842408703002
0.8,LS_oracle,0.0116499171548461
0.8,LS_oracle,0.0822334174617545
0.8,LS_oracle,0.101226708216719
0.8,LS_oracle,0.0354016714931458
0.8,LS_oracle,0.0406578214262425
0.8,LS_oracle,0.0474713991765556
0.8,LS_oracle,0.0900999485506895
0.8,LS_oracle,0.0394843199083432
0.8,LS_oracle,0.139983529342882
0.8,LS_oracle,-0.0343890944448327
0.8,LS_oracle,0.0743901231551662
0.8,LS_oracle,0.13560628089487
0.8,LS_oracle,0.0850764495269103
0.8,LS_oracle,-0.0136383174413569
0.8,LS_oracle,0.0627216022671842
0.8,LS_oracle,0.112562227894213
0.8,LS_oracle,0.0773687089832789
0.8,LS_oracle,0.24849559832397
0.8,LS_oracle,0.0729838995727883
0.8,LS_oracle,0.0937253244031544
0.8,LS_oracle,0.217174127864788
0.8,LS_oracle,0.0219605041502828
0.8,LS_oracle,0.0309269282511626
0.8,LS_oracle,0.149606453662385
0.8,LS_oracle,0.0384063950830198
0.8,LS_oracle,0.0952970218244282
0.8,LS_oracle,-0.104593835673472
0.8,LS_oracle,0.0681427307101967
0.8,LS_oracle,0.186466050035024
0.8,LS_oracle,0.0589192884768726
0.8,LS_oracle,0.0578340322152846
0.8,LS_oracle,0.0637603012714973
0.8,LS_oracle,0.0938652984197963
0.8,LS_oracle,0.147541529077106
0.8,LS_oracle,0.0180239467625367
0.8,LS_oracle,0.0109780509328987
0.8,LS_oracle,0.0431199977927572
0.8,LS_oracle,0.138180016563698
0.8,LS_oracle,0.113904335278238
0.8,LS_oracle,0.13675867087683
0.8,LS_oracle,0.0603055412473157
0.8,LS_oracle,0.0939471119769353
0.8,LS_oracle,0.0834150461347325
0.8,LS_oracle,0.0444284562409194
0.8,LS_oracle,0.00845661856459112
0.8,LS_oracle,0.0948518641079161
0.8,LS_oracle,0.0545434510226726
0.8,LS_oracle,0.0984576408766817
0.8,LS_oracle,-0.00501802930222273
0.8,LS_oracle,0.0760102279236987
0.8,LS_oracle,0.0316459506639719
0.8,LS_oracle,0.0685852961468398
0.8,LS_oracle,0.0583876636935938
0.8,LS_oracle,0.0431032210217193
0.8,LS_oracle,0.0442922815978375
0.8,LS_oracle,0.174219270045367
0.8,LS_oracle,0.100980896789326
0.8,LS_oracle,0.168804339047152
0.8,LS_oracle,-0.00938525883345476
0.8,LS_oracle,0.137041887400739
0.8,LS_oracle,0.0601225979790938
0.8,LS_oracle,0.0563579762350412
0.8,LS_oracle,0.0356133890626986
0.8,LS_oracle,0.117086671944608
0.8,LS_oracle,-0.00133451503867721
0.8,LS_oracle,0.0660731845650755
0.8,LS_oracle,-0.0430529066925356
0.8,LS_oracle,0.111030091175304
0.8,LS_oracle,0.0978184439111542
0.8,LS_oracle,0.0235483183379128
0.8,LS_oracle,0.127076390958189
0.8,LS_oracle,0.0848464712885255
0.8,LS_oracle,0.0311202322050186
0.8,LS_oracle,0.122120613359186
0.8,LS_oracle,0.0845372931141706
0.8,LS_oracle,0.0875645038859942
0.8,LS_oracle,0.000355716734113054
0.8,LS_oracle,0.019151059559424
0.8,LS_oracle,-0.0372078774753778
0.8,LS_oracle,0.0562768364069035
0.8,LS_oracle,0.0422974434133401
0.8,LS_oracle,-0.00870048712234428
0.8,LS_oracle,0.0652953492023154
0.8,LS_oracle,-0.020504606358645
0.8,LS_oracle,0.10931533645939
0.8,LS_oracle,0.127905815823858
0.8,LS_oracle,0.0787762818231259
0.8,LS_oracle,0.0502140347074098
0.8,LS_oracle,0.0554360672747813
0.8,LS_oracle,0.0472483181863517
0.8,LS_oracle,0.0608937260410682
0.8,LS_oracle,0.155374533835258
0.8,LS_oracle,0.0383010566478001
0.8,LS_oracle,-0.00910956936669816
0.8,LS_oracle,0.119734073158271
0.8,LS_oracle,0.18143619972723
0.8,LS_oracle,0.0873584680897739
0.8,LS_oracle,0.0835685351451436
0.8,LS_oracle,-0.0440939363081293
0.8,LS_oracle,0.0449946664733878
0.8,LS_oracle,-0.0228498330430096
0.8,LS_oracle,0.113395729051658
0.8,LS_oracle,0.044723111848217
0.8,LS_oracle,0.0911355622283767
0.8,LS_oracle,0.0794914959564077
0.8,LS_oracle,-0.0355215270616622
0.8,LS_oracle,0.149592356712266
0.8,LS_oracle,0.0572479832773209
0.8,LS_oracle,0.109594426019296
0.8,LS_oracle,0.0378389089260476
0.8,LS_oracle,0.104960111898805
0.8,LS_oracle,0.0782110764399497
0.8,LS_oracle,0.04688525754232
0.8,LS_oracle,0.0307309062095178
0.8,LS_oracle,0.128606953535495
0.8,LS_oracle,0.124334600569431
0.8,LS_oracle,0.058534013216919
0.8,LS_oracle,-0.038879379399207
0.8,LS_oracle,0.098070202400377
0.8,LS_oracle,0.137519480125329
0.8,LS_oracle,0.0261598065264088
0.8,LS_oracle,0.0647395783282099
0.8,LS_oracle,0.0351464812061388
0.8,LS_oracle,-0.011867545087801
0.8,LS_oracle,0.135195648634943
0.8,LS_oracle,0.0862309824585994
0.8,LS_oracle,0.168467383051108
0.8,LS_oracle,0.0618068995819459
0.8,LS_oracle,0.0696215942553178
0.8,LS_oracle,0.00992203844797013
0.8,LS_oracle,0.186477680138572
0.8,LS_oracle,0.0856602101351263
0.8,LS_oracle,0.048538838241559
0.8,LS_oracle,0.0413997016543877
0.8,LS_oracle,0.082868038841821
0.8,LS_oracle,0.0893559635882335
0.8,LS_oracle,0.192172673524221
0.8,LS_oracle,0.235404281602278
0.8,LS_oracle,-0.0124382349430957
0.8,LS_oracle,0.101285908998755
0.8,LS_oracle,0.00339781702568143
0.8,LS_oracle,0.128914813057754
0.8,LS_oracle,0.00182234835756678
0.8,LS_oracle,0.0172880459467506
0.8,LS_oracle,0.0953866495911251
0.8,LS_oracle,0.0225932207479289
0.8,LS_oracle,-0.00307257607766809
0.8,LS_oracle,0.166498103770307
0.8,LS_oracle,-0.0240971662682598
0.8,LS_oracle,0.0158244817509816
0.8,LS_oracle,0.15290435250967
0.8,LS_oracle,0.114340350203843
0.8,LS_oracle,0.108015411769225
0.8,LS_oracle,0.142740230087474
0.8,LS_oracle,-0.0183071865526477
0.8,LS_oracle,0.063413616565192
0.8,LS_oracle,0.0384113109103537
0.8,LS_oracle,0.080839209260321
0.8,LS_oracle,0.0511110504555246
0.8,LS_oracle,0.138646251133675
0.8,LS_oracle,0.188188571433824
0.8,LS_oracle,0.0627054901888646
0.8,LS_oracle,0.00069272389293995
0.8,LS_oracle,0.0320919992025375
0.8,LS_oracle,0.0610217253580234
0.8,LS_oracle,0.241526618456887
0.8,LS_oracle,0.0323335608004369
0.8,TS_oracle,0.0828799648311205
0.8,TS_oracle,0.104659131118841
0.8,TS_oracle,0.0337608673067955
0.8,TS_oracle,0.00694170045054832
0.8,TS_oracle,0.121807485742543
0.8,TS_oracle,0.0642990743804421
0.8,TS_oracle,0.0219300260660527
0.8,TS_oracle,0.0625969125504038
0.8,TS_oracle,0.0156834668058283
0.8,TS_oracle,0.0927091740003581
0.8,TS_oracle,0.0782249224915152
0.8,TS_oracle,0.0750728499474382
0.8,TS_oracle,-0.0189721146139397
0.8,TS_oracle,0.0316437420216236
0.8,TS_oracle,-0.0406115761890147
0.8,TS_oracle,0.0262008095756234
0.8,TS_oracle,0.0737898226617046
0.8,TS_oracle,0.0435134086687317
0.8,TS_oracle,0.0215710687304578
0.8,TS_oracle,0.00406265426926344
0.8,TS_oracle,0.114640113126886
0.8,TS_oracle,0.0981684525999986
0.8,TS_oracle,0.00217142703985451
0.8,TS_oracle,0.133128160481263
0.8,TS_oracle,-0.0360280369207936
0.8,TS_oracle,0.0309647498061643
0.8,TS_oracle,0.194593897819516
0.8,TS_oracle,0.0969428655633735
0.8,TS_oracle,0.0959305367034797
0.8,TS_oracle,0.0411080051437291
0.8,TS_oracle,-0.0157825973372344
0.8,TS_oracle,0.102709738348181
0.8,TS_oracle,0.0379015827405165
0.8,TS_oracle,0.0078749976839303
0.8,TS_oracle,0.0806515752523871
0.8,TS_oracle,0.0870103217493645
0.8,TS_oracle,0.0413732643623381
0.8,TS_oracle,0.0342318507193471
0.8,TS_oracle,0.0431808946271937
0.8,TS_oracle,0.063451466492124
0.8,TS_oracle,0.0456699609179747
0.8,TS_oracle,0.134312884159745
0.8,TS_oracle,-0.0381673533228927
0.8,TS_oracle,0.072105613839397
0.8,TS_oracle,0.148527829510267
0.8,TS_oracle,0.0913929301377441
0.8,TS_oracle,-0.0158408525191492
0.8,TS_oracle,0.0568863512607565
0.8,TS_oracle,0.117123549896936
0.8,TS_oracle,0.0680186685283797
0.8,TS_oracle,0.250657842102996
0.8,TS_oracle,0.0606560670388037
0.8,TS_oracle,0.0679848501255567
0.8,TS_oracle,0.191803772509386
0.8,TS_oracle,0.0225161390220647
0.8,TS_oracle,0.0101521969235729
0.8,TS_oracle,0.11259443753101
0.8,TS_oracle,0.0166261794665619
0.8,TS_oracle,0.0858847460486212
0.8,TS_oracle,-0.10313835217918
0.8,TS_oracle,0.072533346408068
0.8,TS_oracle,0.175325680159258
0.8,TS_oracle,0.0487725611435628
0.8,TS_oracle,0.0439826106653447
0.8,TS_oracle,0.0652636909207993
0.8,TS_oracle,0.0855089676511451
0.8,TS_oracle,0.140084238488716
0.8,TS_oracle,0.0145490793729435
0.8,TS_oracle,-0.0224436909280705
0.8,TS_oracle,0.044870545071036
0.8,TS_oracle,0.129124664975272
0.8,TS_oracle,0.111984095408939
0.8,TS_oracle,0.129892979008657
0.8,TS_oracle,0.0594841655597353
0.8,TS_oracle,0.0925151862027003
0.8,TS_oracle,0.0754679894730925
0.8,TS_oracle,0.047716064773182
0.8,TS_oracle,-0.00359192651021067
0.8,TS_oracle,0.0981559647915229
0.8,TS_oracle,0.048987040794318
0.8,TS_oracle,0.0927416512350128
0.8,TS_oracle,-0.0059888114700728
0.8,TS_oracle,0.067078461376143
0.8,TS_oracle,0.0259514758112087
0.8,TS_oracle,0.0575305367223398
0.8,TS_oracle,0.04516078316818
0.8,TS_oracle,0.0341283921384867
0.8,TS_oracle,0.0433267511487319
0.8,TS_oracle,0.139603127615682
0.8,TS_oracle,0.0896215767750637
0.8,TS_oracle,0.15593721751963
0.8,TS_oracle,-0.0150147185051441
0.8,TS_oracle,0.125060810306718
0.8,TS_oracle,0.055115346011404
0.8,TS_oracle,0.0424726277064025
0.8,TS_oracle,0.00689524651651774
0.8,TS_oracle,0.105269918499633
0.8,TS_oracle,0.00719784110095145
0.8,TS_oracle,0.0768735295216818
0.8,TS_oracle,-0.0610487320374273
0.8,TS_oracle,0.122774027786879
0.8,TS_oracle,0.0960933896037544
0.8,TS_oracle,-0.00506451867798441
0.8,TS_oracle,0.135213232408616
0.8,TS_oracle,0.0858005903117864
0.8,TS_oracle,0.0234536305662765
0.8,TS_oracle,0.0925962905590265
0.8,TS_oracle,0.0859277558652538
0.8,TS_oracle,0.0860255442212741
0.8,TS_oracle,-0.0122900056098705
0.8,TS_oracle,0.00677495516915427
0.8,TS_oracle,-0.0473094838925212
0.8,TS_oracle,0.0428140662252414
0.8,TS_oracle,0.0112970391724563
0.8,TS_oracle,-0.00496672788008812
0.8,TS_oracle,0.0480009310624763
0.8,TS_oracle,-0.0311987485090564
0.8,TS_oracle,0.0854752143346538
0.8,TS_oracle,0.116602774003599
0.8,TS_oracle,0.0427414437347029
0.8,TS_oracle,0.0434677777382064
0.8,TS_oracle,0.0544826318479257
0.8,TS_oracle,0.0441115349227135
0.8,TS_oracle,0.0328575732451766
0.8,TS_oracle,0.114371295679569
0.8,TS_oracle,0.0288814161626638
0.8,TS_oracle,-0.0089735638333166
0.8,TS_oracle,0.0909732816180715
0.8,TS_oracle,0.182112688681073
0.8,TS_oracle,0.0732232387934029
0.8,TS_oracle,0.0518048921549594
0.8,TS_oracle,-0.0474175060041945
0.8,TS_oracle,0.0335078952159455
0.8,TS_oracle,-0.0348807399226131
0.8,TS_oracle,0.107973772484503
0.8,TS_oracle,0.0379201471842463
0.8,TS_oracle,0.0871758019645106
0.8,TS_oracle,0.0509583209810158
0.8,TS_oracle,-0.0372970277087484
0.8,TS_oracle,0.123263667430593
0.8,TS_oracle,0.0337007657915904
0.8,TS_oracle,0.111779520548844
0.8,TS_oracle,0.0371163195397022
0.8,TS_oracle,0.102352973904576
0.8,TS_oracle,0.054751937337191
0.8,TS_oracle,0.0394837691879195
0.8,TS_oracle,0.0315541687401721
0.8,TS_oracle,0.0825342628877388
0.8,TS_oracle,0.100963859280838
0.8,TS_oracle,0.0298219600341738
0.8,TS_oracle,-0.0646607921865601
0.8,TS_oracle,0.0769856872163757
0.8,TS_oracle,0.135896212955793
0.8,TS_oracle,0.0202610297862382
0.8,TS_oracle,0.0556356015771782
0.8,TS_oracle,0.053675152710599
0.8,TS_oracle,-0.0186558304485113
0.8,TS_oracle,0.0838096637786032
0.8,TS_oracle,0.0797626685410175
0.8,TS_oracle,0.174240160553752
0.8,TS_oracle,0.0551448658520495
0.8,TS_oracle,0.0529392738138357
0.8,TS_oracle,0.0168580214188236
0.8,TS_oracle,0.184727434812322
0.8,TS_oracle,0.0637316851240186
0.8,TS_oracle,0.048775582019754
0.8,TS_oracle,0.0344294962234031
0.8,TS_oracle,0.061669381912645
0.8,TS_oracle,0.0853585251026443
0.8,TS_oracle,0.205394492782307
0.8,TS_oracle,0.219067376913212
0.8,TS_oracle,-0.01827557492382
0.8,TS_oracle,0.111078419340381
0.8,TS_oracle,-0.000823846445814014
0.8,TS_oracle,0.12015735343423
0.8,TS_oracle,-0.00673730550356555
0.8,TS_oracle,0.0115794710182329
0.8,TS_oracle,0.0877733333776851
0.8,TS_oracle,0.0211040804708862
0.8,TS_oracle,-0.0166909824159468
0.8,TS_oracle,0.154221423004167
0.8,TS_oracle,-0.0303551306425853
0.8,TS_oracle,0.0214004322739263
0.8,TS_oracle,0.128717258844557
0.8,TS_oracle,0.111820603090171
0.8,TS_oracle,0.101905065476323
0.8,TS_oracle,0.11761487646715
0.8,TS_oracle,-0.0202429978598625
0.8,TS_oracle,0.0390318809286254
0.8,TS_oracle,0.0336488142583511
0.8,TS_oracle,0.0677857031815581
0.8,TS_oracle,0.0557707866494666
0.8,TS_oracle,0.109392591552588
0.8,TS_oracle,0.181143985529129
0.8,TS_oracle,0.0424726689341979
0.8,TS_oracle,-0.00429277956123819
0.8,TS_oracle,0.034516400868748
0.8,TS_oracle,0.0635057791040479
0.8,TS_oracle,0.222851745455612
0.8,TS_oracle,0.0270877993000944
0.9,PLS,0.0411076573823876
0.9,PLS,0.10098203887503
0.9,PLS,0.0602166109023052
0.9,PLS,0.0544136340848307
0.9,PLS,0.0823764619279255
0.9,PLS,0.0105875663621482
0.9,PLS,0.0576757003151305
0.9,PLS,0.0370249480411209
0.9,PLS,0.0642299127254879
0.9,PLS,0.142875108910947
0.9,PLS,0.0274385159178878
0.9,PLS,0.114941122405358
0.9,PLS,0.0527176758332681
0.9,PLS,0.0517980369623328
0.9,PLS,-0.0195823939335733
0.9,PLS,0.0873856520195402
0.9,PLS,0.180592932497264
0.9,PLS,0.24842262212297
0.9,PLS,0.109862006751894
0.9,PLS,0.0730045057866806
0.9,PLS,0.0491520589603629
0.9,PLS,0.0731310907984717
0.9,PLS,-0.00968740993830908
0.9,PLS,-0.0488474708134262
0.9,PLS,0.0025397250338306
0.9,PLS,0.237238012517164
0.9,PLS,0.0542499140036141
0.9,PLS,0.123640810266032
0.9,PLS,0.067371296937347
0.9,PLS,0.058800952072533
0.9,PLS,0.0556477174245951
0.9,PLS,0.0254841890642878
0.9,PLS,0.0176607819852324
0.9,PLS,0.0249639785349969
0.9,PLS,0.0568989787904088
0.9,PLS,0.260512368792543
0.9,PLS,0.0872108680998707
0.9,PLS,0.0348529025638284
0.9,PLS,0.145049787804537
0.9,PLS,-0.0723686851429637
0.9,PLS,0.105263885961322
0.9,PLS,0.121225386070414
0.9,PLS,0.219418831792534
0.9,PLS,0.0924768238108771
0.9,PLS,0.0476239334017832
0.9,PLS,0.0510281813632969
0.9,PLS,0.125300509106211
0.9,PLS,0.0533265775310592
0.9,PLS,0.0891180884599208
0.9,PLS,0.122505140695204
0.9,PLS,0.113596717099051
0.9,PLS,0.118497194931089
0.9,PLS,0.00434106862726269
0.9,PLS,-0.0809248188586851
0.9,PLS,0.0676224983114035
0.9,PLS,0.0322181119930209
0.9,PLS,0.0150286001711113
0.9,PLS,0.11172332091714
0.9,PLS,0.168807407016578
0.9,PLS,0.0884050707849739
0.9,PLS,0.186677901285514
0.9,PLS,0.0220420705059261
0.9,PLS,0.0193574160008856
0.9,PLS,0.0458003973163721
0.9,PLS,0.135233946401462
0.9,PLS,0.0415599052965296
0.9,PLS,0.128761537218889
0.9,PLS,0.0920718630999688
0.9,PLS,0.0678158588781606
0.9,PLS,0.0573299712944182
0.9,PLS,0.0291897293111687
0.9,PLS,0.0397500548287366
0.9,PLS,0.0748946204727408
0.9,PLS,0.145583962283502
0.9,PLS,0.024022396285545
0.9,PLS,-0.0475667863017233
0.9,PLS,0.0949814559090891
0.9,PLS,0.0802572305033435
0.9,PLS,0.0702520005369487
0.9,PLS,0.0235668444783339
0.9,PLS,0.0556873760763685
0.9,PLS,0.17940379853042
0.9,PLS,0.0952996462843712
0.9,PLS,0.121535132474383
0.9,PLS,0.0684826400623109
0.9,PLS,0.0803848766369744
0.9,PLS,0.0783790109493598
0.9,PLS,0.112205973058255
0.9,PLS,0.0506734332680701
0.9,PLS,0.11641136611158
0.9,PLS,0.0361218930215925
0.9,PLS,0.0668508194991984
0.9,PLS,0.121396613364058
0.9,PLS,0.112758487183324
0.9,PLS,-0.052919744224138
0.9,PLS,0.164548996836981
0.9,PLS,0.0215728218444868
0.9,PLS,0.123183008063753
0.9,PLS,0.112243889132398
0.9,PLS,-0.0573213105165705
0.9,PLS,0.139399474092929
0.9,PLS,-0.0224035852540965
0.9,PLS,0.0577340815258167
0.9,PLS,0.150084270330291
0.9,PLS,0.0454653708914459
0.9,PLS,-0.0799038870929264
0.9,PLS,0.0559085581205774
0.9,PLS,0.158635898166863
0.9,PLS,0.0864897593890692
0.9,PLS,0.18614691926167
0.9,PLS,0.0723276401868871
0.9,PLS,0.00114012785551121
0.9,PLS,0.154118388078317
0.9,PLS,-0.0419421274587994
0.9,PLS,0.224836562682975
0.9,PLS,0.0373695863117827
0.9,PLS,0.116668264957941
0.9,PLS,0.131059076198335
0.9,PLS,0.169990905315456
0.9,PLS,-0.0240669281587446
0.9,PLS,0.0722406162670479
0.9,PLS,-0.0119141786221724
0.9,PLS,-0.000576223303582313
0.9,PLS,-0.0446774312574082
0.9,PLS,0.102525929141348
0.9,PLS,0.00185313384013552
0.9,PLS,0.0682216183050495
0.9,PLS,0.0854727347415143
0.9,PLS,0.0528933913972049
0.9,PLS,0.0540748486566682
0.9,PLS,0.078684430981758
0.9,PLS,0.153777679896646
0.9,PLS,0.0912238266863514
0.9,PLS,0.150142100603217
0.9,PLS,0.115313477443666
0.9,PLS,0.138963896915625
0.9,PLS,0.12096396571338
0.9,PLS,0.0831792708792325
0.9,PLS,0.106045235948434
0.9,PLS,0.0738542716612565
0.9,PLS,0.0453236796468359
0.9,PLS,0.107821924540975
0.9,PLS,0.0463483537097069
0.9,PLS,0.0178738394687783
0.9,PLS,0.0107139167645476
0.9,PLS,0.0766811343981593
0.9,PLS,0.127288169822168
0.9,PLS,0.0336174662452009
0.9,PLS,0.180209959393507
0.9,PLS,0.104741226617377
0.9,PLS,-0.00164821776544399
0.9,PLS,0.0668288532498695
0.9,PLS,0.0228198129002586
0.9,PLS,0.0821172097115646
0.9,PLS,0.0649214663497382
0.9,PLS,0.0883705342584382
0.9,PLS,0.0861441561559595
0.9,PLS,0.200508276569137
0.9,PLS,0.155174042593278
0.9,PLS,0.122695019921738
0.9,PLS,0.11611137769542
0.9,PLS,0.177093854911995
0.9,PLS,0.0442553724784021
0.9,PLS,0.0817761312859173
0.9,PLS,0.109038885203168
0.9,PLS,0.081536090148528
0.9,PLS,0.0732910367954029
0.9,PLS,0.0729889874047436
0.9,PLS,0.0207943387676079
0.9,PLS,0.0571737069648244
0.9,PLS,-0.0740730445722154
0.9,PLS,0.0824505238422668
0.9,PLS,0.0221362616633334
0.9,PLS,0.0278065665309915
0.9,PLS,0.204752441811403
0.9,PLS,0.0219880141374365
0.9,PLS,-0.011569331419326
0.9,PLS,0.0753178982134159
0.9,PLS,0.168314614874202
0.9,PLS,0.117122597296492
0.9,PLS,-0.0500787542164944
0.9,PLS,0.130420101191562
0.9,PLS,0.0495059169915399
0.9,PLS,0.0440712230271969
0.9,PLS,0.0216435762062539
0.9,PLS,0.073178922792184
0.9,PLS,0.0672392833183348
0.9,PLS,0.103879654964262
0.9,PLS,0.118858208548612
0.9,PLS,0.0399160751577001
0.9,PLS,0.0786433114426779
0.9,PLS,0.0911062526242801
0.9,PLS,0.168060303029182
0.9,PLS,0.160920921795029
0.9,PLS,0.0401516391829551
0.9,PLS,0.0369864300789564
0.9,PLS,0.0843496280991911
0.9,PLS,0.0699215270186395
0.9,PLS,0.113787330798194
0.9,PLS,0.0210479761858591
0.9,fTS,0.0389512747437091
0.9,fTS,0.0728079562334758
0.9,fTS,0.0432607811382744
0.9,fTS,0.036261279030529
0.9,fTS,0.0723748563567974
0.9,fTS,0.00533432863959571
0.9,fTS,0.0490961534284611
0.9,fTS,0.0175874335819901
0.9,fTS,0.0554920851578014
0.9,fTS,0.175609553212946
0.9,fTS,0.0182787545261505
0.9,fTS,0.0938917797854526
0.9,fTS,0.0287445330029024
0.9,fTS,0.0595826574669585
0.9,fTS,-0.0274534405991631
0.9,fTS,0.0830309627672194
0.9,fTS,0.196338976310025
0.9,fTS,0.245010604133473
0.9,fTS,0.10143607328097
0.9,fTS,0.0478139903892363
0.9,fTS,0.0408756892644444
0.9,fTS,0.0678342043871401
0.9,fTS,-0.0161029786188147
0.9,fTS,-0.0501396678303874
0.9,fTS,-0.00518134532776715
0.9,fTS,0.209813321711249
0.9,fTS,0.0324986692708411
0.9,fTS,0.119742754592397
0.9,fTS,0.0572316522490595
0.9,fTS,0.0578101346309501
0.9,fTS,0.0492032171475245
0.9,fTS,0.0263582436418108
0.9,fTS,0.0123884893873831
0.9,fTS,0.00156610690650716
0.9,fTS,0.0642040391502856
0.9,fTS,0.259915009133918
0.9,fTS,0.0738458064468044
0.9,fTS,0.0299498478629496
0.9,fTS,0.139848124996855
0.9,fTS,-0.0774308926354179
0.9,fTS,0.0679566760221069
0.9,fTS,0.106095134672709
0.9,fTS,0.221202410423166
0.9,fTS,0.0696579386612495
0.9,fTS,0.029972959926877
0.9,fTS,0.0387566816368503
0.9,fTS,0.0992289439889122
0.9,fTS,0.039380803756919
0.9,fTS,0.0656351994908315
0.9,fTS,0.0951161580146871
0.9,fTS,0.113747506613668
0.9,fTS,0.106748694934132
0.9,fTS,0.0046225243362803
0.9,fTS,-0.0790432455628094
0.9,fTS,0.0743834145614743
0.9,fTS,0.0195457350721733
0.9,fTS,0.028419480388836
0.9,fTS,0.0392153616095208
0.9,fTS,0.149647820030513
0.9,fTS,0.0862680100235174
0.9,fTS,0.166389987135422
0.9,fTS,0.00853513076446477
0.9,fTS,-0.00208996001607586
0.9,fTS,0.0481040736943963
0.9,fTS,0.120061612581602
0.9,fTS,0.038348406777607
0.9,fTS,0.115410887352195
0.9,fTS,0.0840796906098629
0.9,fTS,0.0688788070235598
0.9,fTS,0.0572707106710684
0.9,fTS,0.0317599518732454
0.9,fTS,0.0233649809308674
0.9,fTS,0.0620124438152259
0.9,fTS,0.139154075617822
0.9,fTS,0.0194651433832262
0.9,fTS,-0.0591875989014243
0.9,fTS,0.0847787411425924
0.9,fTS,0.0832536191458406
0.9,fTS,0.0480024973998086
0.9,fTS,0.0215102685862512
0.9,fTS,0.0469779473845493
0.9,fTS,0.145456634403591
0.9,fTS,0.0812381639233231
0.9,fTS,0.0974914708405117
0.9,fTS,0.0617935908392246
0.9,fTS,0.0532828238398462
0.9,fTS,0.055715610332975
0.9,fTS,0.0787222651583779
0.9,fTS,0.0293144577076105
0.9,fTS,0.0928952247141324
0.9,fTS,0.0325921692642692
0.9,fTS,0.064328709119521
0.9,fTS,0.122331538980666
0.9,fTS,0.084530438944842
0.9,fTS,-0.0520550471083144
0.9,fTS,0.154168297017663
0.9,fTS,0.00868548156252169
0.9,fTS,0.122174970610863
0.9,fTS,0.0957125086829576
0.9,fTS,-0.0661205429993074
0.9,fTS,0.117971784641099
0.9,fTS,-0.0248934227178562
0.9,fTS,0.0660865015003811
0.9,fTS,0.157183204456561
0.9,fTS,0.0518084208170806
0.9,fTS,-0.0889006869749724
0.9,fTS,0.0531492151857273
0.9,fTS,0.132923360713757
0.9,fTS,0.0635409941398211
0.9,fTS,0.188345481329887
0.9,fTS,0.0495585606667661
0.9,fTS,0.00891066498282034
0.9,fTS,0.143043749484824
0.9,fTS,-0.0535296739176568
0.9,fTS,0.214068425349645
0.9,fTS,0.0345391144223617
0.9,fTS,0.1170733557445
0.9,fTS,0.109853867710823
0.9,fTS,0.156369197388256
0.9,fTS,-0.0201797338060424
0.9,fTS,0.0656284517292787
0.9,fTS,-0.0101688887104183
0.9,fTS,-0.0377145668696771
0.9,fTS,-0.032896572874222
0.9,fTS,0.0931996118104919
0.9,fTS,0.00313635730242723
0.9,fTS,0.0685519763787727
0.9,fTS,0.0468413226511528
0.9,fTS,0.0331142563937967
0.9,fTS,0.0601164515620811
0.9,fTS,0.0555641690959006
0.9,fTS,0.159793493618746
0.9,fTS,0.0944322528301469
0.9,fTS,0.131412246269538
0.9,fTS,0.112826025886226
0.9,fTS,0.109250394281842
0.9,fTS,0.117884656077183
0.9,fTS,0.0807754093112947
0.9,fTS,0.117175561211523
0.9,fTS,0.0710839863843429
0.9,fTS,0.0295993423299903
0.9,fTS,0.092029888259348
0.9,fTS,0.0488312850617008
0.9,fTS,0.0127529884057991
0.9,fTS,-0.0162374699868338
0.9,fTS,0.0713866030147923
0.9,fTS,0.1305667509551
0.9,fTS,0.0253042169252951
0.9,fTS,0.17362570531517
0.9,fTS,0.104327550604396
0.9,fTS,0.0173958394522999
0.9,fTS,0.0530797555527993
0.9,fTS,0.00372404315527319
0.9,fTS,0.0776197719739899
0.9,fTS,0.0468234535705716
0.9,fTS,0.0831386352855683
0.9,fTS,0.0701202214254346
0.9,fTS,0.188534512261597
0.9,fTS,0.136412660228445
0.9,fTS,0.110211780845883
0.9,fTS,0.116346337048898
0.9,fTS,0.161599558358236
0.9,fTS,0.0351965265039382
0.9,fTS,0.0829371137262407
0.9,fTS,0.0751416753185632
0.9,fTS,0.0759646489623773
0.9,fTS,0.0488245371554186
0.9,fTS,0.0568685130088524
0.9,fTS,0.0145174665209964
0.9,fTS,0.0440479324227445
0.9,fTS,-0.0846095245589852
0.9,fTS,0.0861122025852554
0.9,fTS,0.000413412394020707
0.9,fTS,0.0136202162100207
0.9,fTS,0.177007156722232
0.9,fTS,0.00793546840825554
0.9,fTS,-0.0228417498170295
0.9,fTS,0.0578198988945948
0.9,fTS,0.16900143183032
0.9,fTS,0.108885636324424
0.9,fTS,-0.0623709319974773
0.9,fTS,0.10096501935867
0.9,fTS,0.0272051099548318
0.9,fTS,0.0458935918686429
0.9,fTS,0.0181862674641791
0.9,fTS,0.0721326791904926
0.9,fTS,0.058801497783638
0.9,fTS,0.10440425909923
0.9,fTS,0.0923602860483974
0.9,fTS,0.0341634443880006
0.9,fTS,0.0873486198182607
0.9,fTS,0.0883712060467687
0.9,fTS,0.123528050740915
0.9,fTS,0.165566854590323
0.9,fTS,0.0340176661195786
0.9,fTS,0.0215004698286985
0.9,fTS,0.0740197384016437
0.9,fTS,0.0609880096392303
0.9,fTS,0.123281753489253
0.9,fTS,0.0213226762235048
0.9,LS_oracle,0.0411153524316201
0.9,LS_oracle,0.0892607179776501
0.9,LS_oracle,0.0564221055627883
0.9,LS_oracle,0.0538356960004405
0.9,LS_oracle,0.0857255325980895
0.9,LS_oracle,0.00964280614206747
0.9,LS_oracle,0.0571981218137614
0.9,LS_oracle,0.0375340863969706
0.9,LS_oracle,0.0638680588715628
0.9,LS_oracle,0.142482329234993
0.9,LS_oracle,0.0282909751733806
0.9,LS_oracle,0.114562988940546
0.9,LS_oracle,0.0513694456424787
0.9,LS_oracle,0.0497853051130706
0.9,LS_oracle,-0.0191435304745912
0.9,LS_oracle,0.0876846413280308
0.9,LS_oracle,0.180672049769997
0.9,LS_oracle,0.248115636088263
0.9,LS_oracle,0.105851499872724
0.9,LS_oracle,0.0785514046179945
0.9,LS_oracle,0.0492678348132707
0.9,LS_oracle,0.0733813724938288
0.9,LS_oracle,-0.00931619517672388
0.9,LS_oracle,-0.0486856804394454
0.9,LS_oracle,0.00335806397681959
0.9,LS_oracle,0.238333076686741
0.9,LS_oracle,0.0534491562337192
0.9,LS_oracle,0.125083672148611
0.9,LS_oracle,0.0675829917489772
0.9,LS_oracle,0.0585129633844506
0.9,LS_oracle,0.0553688579047305
0.9,LS_oracle,0.0254462847489576
0.9,LS_oracle,0.0173392583411514
0.9,LS_oracle,0.0282182061471015
0.9,LS_oracle,0.0553173525272834
0.9,LS_oracle,0.259542935838733
0.9,LS_oracle,0.0872223801241347
0.9,LS_oracle,0.032840441700539
0.9,LS_oracle,0.144340392611216
0.9,LS_oracle,-0.071857355464152
0.9,LS_oracle,0.104737804047557
0.9,LS_oracle,0.12290818033584
0.9,LS_oracle,0.218251291639899
0.9,LS_oracle,0.0940737589084462
0.9,LS_oracle,0.0478211010883247
0.9,LS_oracle,0.05095431219721
0.9,LS_oracle,0.123047018198562
0.9,LS_oracle,0.0571465036619403
0.9,LS_oracle,0.0905056053270661
0.9,LS_oracle,0.122796515028083
0.9,LS_oracle,0.112654146990121
0.9,LS_oracle,0.118198565810068
0.9,LS_oracle,0.00416055784973834
0.9,LS_oracle,-0.0818981610363541
0.9,LS_oracle,0.0678985360706197
0.9,LS_oracle,0.0316482968267571
0.9,LS_oracle,0.0141200822371292
0.9,LS_oracle,0.0996165354818326
0.9,LS_oracle,0.168856626432168
0.9,LS_oracle,0.0885236840921033
0.9,LS_oracle,0.185838083018315
0.9,LS_oracle,0.0216095996036088
0.9,LS_oracle,0.0193561152022459
0.9,LS_oracle,0.0436734496515661
0.9,LS_oracle,0.134926248559468
0.9,LS_oracle,0.0434811660217664
0.9,LS_oracle,0.128084821564201
0.9,LS_oracle,0.0919029771303108
0.9,LS_oracle,0.0678596158627862
0.9,LS_oracle,0.0578036670698983
0.9,LS_oracle,0.0288152522238456
0.9,LS_oracle,0.0394348041973156
0.9,LS_oracle,0.0749503755126399
0.9,LS_oracle,0.145525389658542
0.9,LS_oracle,0.0241128927614958
0.9,LS_oracle,-0.0498349961952954
0.9,LS_oracle,0.0949180947711616
0.9,LS_oracle,0.0802070163719457
0.9,LS_oracle,0.0702501149925652
0.9,LS_oracle,0.0231314813549428
0.9,LS_oracle,0.0556451715371198
0.9,LS_oracle,0.167394760303647
0.9,LS_oracle,0.0954229587035278
0.9,LS_oracle,0.122049750113255
0.9,LS_oracle,0.0683840366410284
0.9,LS_oracle,0.08205033153039
0.9,LS_oracle,0.0781911822195269
0.9,LS_oracle,0.10687909928176
0.9,LS_oracle,0.0536162921208485
0.9,LS_oracle,0.115764476552989
0.9,LS_oracle,0.0361881181068386
0.9,LS_oracle,0.0670873387964555
0.9,LS_oracle,0.12141076751819
0.9,LS_oracle,0.116733008633207
0.9,LS_oracle,-0.0530138320329739
0.9,LS_oracle,0.165295969719194
0.9,LS_oracle,0.0206295057798327
0.9,LS_oracle,0.128200634605677
0.9,LS_oracle,0.111538410113671
0.9,LS_oracle,-0.0557098712017939
0.9,LS_oracle,0.137395293630958
0.9,LS_oracle,-0.0214562373649446
0.9,LS_oracle,0.0568419259490962
0.9,LS_oracle,0.150055192557578
0.9,LS_oracle,0.0435348743134876
0.9,LS_oracle,-0.0794888414625161
0.9,LS_oracle,0.0543602164414121
0.9,LS_oracle,0.156305995506618
0.9,LS_oracle,0.086494031053469
0.9,LS_oracle,0.186264104514489
0.9,LS_oracle,0.0722498846365052
0.9,LS_oracle,-0.00258217644512859
0.9,LS_oracle,0.154602850034244
0.9,LS_oracle,-0.0420647054669016
0.9,LS_oracle,0.224868437593105
0.9,LS_oracle,0.0372720348731646
0.9,LS_oracle,0.119282479344115
0.9,LS_oracle,0.130831492975366
0.9,LS_oracle,0.16964549697258
0.9,LS_oracle,-0.0223042558068113
0.9,LS_oracle,0.0721320512686969
0.9,LS_oracle,-0.0126561746620191
0.9,LS_oracle,-0.00158507617294934
0.9,LS_oracle,-0.045516281081479
0.9,LS_oracle,0.102391358072723
0.9,LS_oracle,0.00181268384290512
0.9,LS_oracle,0.0677469597948721
0.9,LS_oracle,0.0796416516170202
0.9,LS_oracle,0.0532241793448884
0.9,LS_oracle,0.0544356302124054
0.9,LS_oracle,0.0776627792930553
0.9,LS_oracle,0.155181542748296
0.9,LS_oracle,0.0914307500410247
0.9,LS_oracle,0.139056830204277
0.9,LS_oracle,0.115642454751317
0.9,LS_oracle,0.139343387931739
0.9,LS_oracle,0.119911368781346
0.9,LS_oracle,0.0788765934104343
0.9,LS_oracle,0.105736691469943
0.9,LS_oracle,0.0738161792794554
0.9,LS_oracle,0.0455026928212381
0.9,LS_oracle,0.107285371867116
0.9,LS_oracle,0.0455852170072635
0.9,LS_oracle,0.0181844668753401
0.9,LS_oracle,0.00723926659547458
0.9,LS_oracle,0.0780881150748622
0.9,LS_oracle,0.12486115902432
0.9,LS_oracle,0.0336055300661413
0.9,LS_oracle,0.180111943387524
0.9,LS_oracle,0.104503057079607
0.9,LS_oracle,-0.00167472394821044
0.9,LS_oracle,0.0680613288769036
0.9,LS_oracle,0.0143467181917505
0.9,LS_oracle,0.0815717529956472
0.9,LS_oracle,0.0687115436048935
0.9,LS_oracle,0.0864143067523881
0.9,LS_oracle,0.0849986898890216
0.9,LS_oracle,0.200452988189237
0.9,LS_oracle,0.154844037805603
0.9,LS_oracle,0.122632712534706
0.9,LS_oracle,0.116516066819577
0.9,LS_oracle,0.178758960137143
0.9,LS_oracle,0.0436538052818556
0.9,LS_oracle,0.0816204308082116
0.9,LS_oracle,0.108947019651837
0.9,LS_oracle,0.0822923132753954
0.9,LS_oracle,0.0718323138006933
0.9,LS_oracle,0.0719955085434558
0.9,LS_oracle,0.0198888311653809
0.9,LS_oracle,0.0604880951936178
0.9,LS_oracle,-0.0751405299738981
0.9,LS_oracle,0.0832115831682132
0.9,LS_oracle,0.0151667275312639
0.9,LS_oracle,0.0275254188885556
0.9,LS_oracle,0.197911964438968
0.9,LS_oracle,0.0218866773296174
0.9,LS_oracle,-0.0113690194126798
0.9,LS_oracle,0.0747620137389247
0.9,LS_oracle,0.168278320456802
0.9,LS_oracle,0.119743181547014
0.9,LS_oracle,-0.0496592811920843
0.9,LS_oracle,0.129021771648214
0.9,LS_oracle,0.04764737800612
0.9,LS_oracle,0.0434270616491321
0.9,LS_oracle,0.0215301804012189
0.9,LS_oracle,0.0707995117102858
0.9,LS_oracle,0.0666243154183168
0.9,LS_oracle,0.104131836508276
0.9,LS_oracle,0.118867561876699
0.9,LS_oracle,0.0371518556281143
0.9,LS_oracle,0.079259549143847
0.9,LS_oracle,0.0911174859581938
0.9,LS_oracle,0.16846324874799
0.9,LS_oracle,0.162541204229625
0.9,LS_oracle,0.0389909978086973
0.9,LS_oracle,0.037742837981422
0.9,LS_oracle,0.0839947050127743
0.9,LS_oracle,0.0689450335259736
0.9,LS_oracle,0.113280873155314
0.9,LS_oracle,0.019881420173641
0.9,TS_oracle,0.038838080594197
0.9,TS_oracle,0.0709859732586522
0.9,TS_oracle,0.0427125320610873
0.9,TS_oracle,0.0362703201005845
0.9,TS_oracle,0.0729497148894858
0.9,TS_oracle,0.0054383215665752
0.9,TS_oracle,0.0490959333615271
0.9,TS_oracle,0.017613132742319
0.9,TS_oracle,0.0546265693529919
0.9,TS_oracle,0.175532531571857
0.9,TS_oracle,0.0180252097976461
0.9,TS_oracle,0.094009903257249
0.9,TS_oracle,0.0285207525393696
0.9,TS_oracle,0.0595623788342567
0.9,TS_oracle,-0.0274118296656072
0.9,TS_oracle,0.0833616259803092
0.9,TS_oracle,0.196405823852449
0.9,TS_oracle,0.243797195734607
0.9,TS_oracle,0.10146570576622
0.9,TS_oracle,0.0479776607255094
0.9,TS_oracle,0.0406523393954825
0.9,TS_oracle,0.0677507703745905
0.9,TS_oracle,-0.0165720965377099
0.9,TS_oracle,-0.0501276205436758
0.9,TS_oracle,-0.00458854228580086
0.9,TS_oracle,0.210170999480166
0.9,TS_oracle,0.0324849193703161
0.9,TS_oracle,0.11978040502716
0.9,TS_oracle,0.0572087292584227
0.9,TS_oracle,0.0581587296365835
0.9,TS_oracle,0.049426452859255
0.9,TS_oracle,0.0264712921705788
0.9,TS_oracle,0.0123845021228539
0.9,TS_oracle,0.00166319609040344
0.9,TS_oracle,0.0639807378544901
0.9,TS_oracle,0.260430453479234
0.9,TS_oracle,0.074189173450004
0.9,TS_oracle,0.0302789442287548
0.9,TS_oracle,0.139826495185283
0.9,TS_oracle,-0.0782601180500071
0.9,TS_oracle,0.0679491501520981
0.9,TS_oracle,0.105885807772669
0.9,TS_oracle,0.221185957808108
0.9,TS_oracle,0.0697116479576956
0.9,TS_oracle,0.0302216970938902
0.9,TS_oracle,0.0379812986132424
0.9,TS_oracle,0.0948166376876505
0.9,TS_oracle,0.0395411448588276
0.9,TS_oracle,0.0643342341775626
0.9,TS_oracle,0.0955838754077105
0.9,TS_oracle,0.1141258820651
0.9,TS_oracle,0.106739498333923
0.9,TS_oracle,0.00314698336050201
0.9,TS_oracle,-0.0791489946745355
0.9,TS_oracle,0.0746982590280358
0.9,TS_oracle,0.0195182508613567
0.9,TS_oracle,0.0279939491737107
0.9,TS_oracle,0.0392265633966902
0.9,TS_oracle,0.150856870261301
0.9,TS_oracle,0.0862660840240344
0.9,TS_oracle,0.16592384504328
0.9,TS_oracle,0.00908606773345455
0.9,TS_oracle,-0.00146080185745334
0.9,TS_oracle,0.0457190246792307
0.9,TS_oracle,0.120057632606706
0.9,TS_oracle,0.0362080469435979
0.9,TS_oracle,0.11542207745381
0.9,TS_oracle,0.0850193932510879
0.9,TS_oracle,0.0689290759790482
0.9,TS_oracle,0.0572413692650626
0.9,TS_oracle,0.0312592987834048
0.9,TS_oracle,0.0237876162809558
0.9,TS_oracle,0.0621436522809051
0.9,TS_oracle,0.139128334953388
0.9,TS_oracle,0.0194693892795859
0.9,TS_oracle,-0.0591900997778354
0.9,TS_oracle,0.0848362496460755
0.9,TS_oracle,0.0832199405793921
0.9,TS_oracle,0.0480717083973163
0.9,TS_oracle,0.020735890572543
0.9,TS_oracle,0.0469789715469084
0.9,TS_oracle,0.144390337873761
0.9,TS_oracle,0.0812325721982137
0.9,TS_oracle,0.0975214438986558
0.9,TS_oracle,0.0612672520054058
0.9,TS_oracle,0.0533273503840566
0.9,TS_oracle,0.0562477754171256
0.9,TS_oracle,0.0779772446338183
0.9,TS_oracle,0.027370818033033
0.9,TS_oracle,0.0935847981841289
0.9,TS_oracle,0.0325784881860398
0.9,TS_oracle,0.0643356117122202
0.9,TS_oracle,0.12234019391117
0.9,TS_oracle,0.0850111572820846
0.9,TS_oracle,-0.0517835366070378
0.9,TS_oracle,0.154458091903761
0.9,TS_oracle,0.00871140900564571
0.9,TS_oracle,0.120963299382574
0.9,TS_oracle,0.0957453464266564
0.9,TS_oracle,-0.0660906092036091
0.9,TS_oracle,0.116900792829802
0.9,TS_oracle,-0.0248543287301684
0.9,TS_oracle,0.0653686420954553
0.9,TS_oracle,0.157203705082616
0.9,TS_oracle,0.0519627686020572
0.9,TS_oracle,-0.089069743777916
0.9,TS_oracle,0.0531128331243047
0.9,TS_oracle,0.133006733669138
0.9,TS_oracle,0.0630988494014244
0.9,TS_oracle,0.188241361013665
0.9,TS_oracle,0.0486804179934621
0.9,TS_oracle,0.00888094449140819
0.9,TS_oracle,0.143053795928417
0.9,TS_oracle,-0.0534374089706637
0.9,TS_oracle,0.214060752715438
0.9,TS_oracle,0.0344620226302894
0.9,TS_oracle,0.116836884095847
0.9,TS_oracle,0.10923774505441
0.9,TS_oracle,0.156189854692753
0.9,TS_oracle,-0.0197348418730312
0.9,TS_oracle,0.0656908028771594
0.9,TS_oracle,-0.0102101076906258
0.9,TS_oracle,-0.0386967138988236
0.9,TS_oracle,-0.0331953351432271
0.9,TS_oracle,0.0932328915823004
0.9,TS_oracle,0.00313637284652701
0.9,TS_oracle,0.0687130526179236
0.9,TS_oracle,0.0466978457281251
0.9,TS_oracle,0.0331225572932226
0.9,TS_oracle,0.0601128247093397
0.9,TS_oracle,0.054180145111405
0.9,TS_oracle,0.157717592510132
0.9,TS_oracle,0.0937237239890398
0.9,TS_oracle,0.131430353955215
0.9,TS_oracle,0.11286085122104
0.9,TS_oracle,0.109272666070922
0.9,TS_oracle,0.118310744472774
0.9,TS_oracle,0.0813526825551918
0.9,TS_oracle,0.117125419855239
0.9,TS_oracle,0.071085604573415
0.9,TS_oracle,0.0294861331937541
0.9,TS_oracle,0.0920846244755442
0.9,TS_oracle,0.048128872446862
0.9,TS_oracle,0.0127830567941902
0.9,TS_oracle,-0.0161665739502989
0.9,TS_oracle,0.0714235354383475
0.9,TS_oracle,0.130575488457843
0.9,TS_oracle,0.0253009605612349
0.9,TS_oracle,0.172776749828344
0.9,TS_oracle,0.104470931816153
0.9,TS_oracle,0.0174567130459826
0.9,TS_oracle,0.0532194172387672
0.9,TS_oracle,0.00125395951040264
0.9,TS_oracle,0.0769635182962345
0.9,TS_oracle,0.0468382132879659
0.9,TS_oracle,0.0819161822045567
0.9,TS_oracle,0.0701387674111975
0.9,TS_oracle,0.188527650421067
0.9,TS_oracle,0.136459036474502
0.9,TS_oracle,0.109201632072266
0.9,TS_oracle,0.116215026956441
0.9,TS_oracle,0.16099876157421
0.9,TS_oracle,0.0350960493781436
0.9,TS_oracle,0.0832457981322445
0.9,TS_oracle,0.0751431353761531
0.9,TS_oracle,0.0758898743907459
0.9,TS_oracle,0.0487613033829171
0.9,TS_oracle,0.057415680387233
0.9,TS_oracle,0.01450314775494
0.9,TS_oracle,0.0440975240467303
0.9,TS_oracle,-0.0851640301013552
0.9,TS_oracle,0.0861161860357982
0.9,TS_oracle,-0.000637774809205904
0.9,TS_oracle,0.0136195530145016
0.9,TS_oracle,0.176165478268102
0.9,TS_oracle,0.00793265942601296
0.9,TS_oracle,-0.0228383111732242
0.9,TS_oracle,0.0576475736706017
0.9,TS_oracle,0.168891354571615
0.9,TS_oracle,0.108447873346385
0.9,TS_oracle,-0.0625807531332464
0.9,TS_oracle,0.100956046115825
0.9,TS_oracle,0.0274228294380305
0.9,TS_oracle,0.0461082715049437
0.9,TS_oracle,0.0183575462705083
0.9,TS_oracle,0.0721295284913179
0.9,TS_oracle,0.0588141816960162
0.9,TS_oracle,0.104425117046817
0.9,TS_oracle,0.0921413015291308
0.9,TS_oracle,0.0341127606830784
0.9,TS_oracle,0.0868746971368306
0.9,TS_oracle,0.0883798599138066
0.9,TS_oracle,0.123539793334603
0.9,TS_oracle,0.164466097138053
0.9,TS_oracle,0.0340144539158376
0.9,TS_oracle,0.0214963755575035
0.9,TS_oracle,0.0736247750279797
0.9,TS_oracle,0.0611345346252323
0.9,TS_oracle,0.123196413272428
0.9,TS_oracle,0.021928371440803
