rho,methods,MSEf_value
0,PLS,0.0451583063834555
0,PLS,0.0607700016701761
0,PLS,0.0441495931900477
0,PLS,0.0474056503475226
0,PLS,0.0627774119310447
0,PLS,0.0648469354558129
0,PLS,0.0554342863629628
0,PLS,0.0588477296605786
0,PLS,0.0647841375520685
0,PLS,0.0533955052240676
0,PLS,0.0372282452557556
0,PLS,0.0580732761552242
0,PLS,0.0366117355490836
0,PLS,0.0667875790057994
0,PLS,0.0641098320239468
0,PLS,0.0548313382071871
0,PLS,0.0628403050922082
0,PLS,0.104616354903338
0,PLS,0.0652816581201009
0,PLS,0.0598742232446767
0,PLS,0.0955796307874248
0,PLS,0.0657319649458548
0,PLS,0.0457552703947978
0,PLS,0.0849634981007448
0,PLS,0.0526741195978987
0,PLS,0.0531017193594548
0,PLS,0.0298883127992073
0,PLS,0.0583139982157794
0,PLS,0.0636741363150073
0,PLS,0.0427019604004525
0,PLS,0.0626001033949029
0,PLS,0.0688030365318835
0,PLS,0.0597832088635352
0,PLS,0.0624790624421375
0,PLS,0.061710014919983
0,PLS,0.0512914538081509
0,PLS,0.0600151180660364
0,PLS,0.094576064919525
0,PLS,0.0469122746687251
0,PLS,0.0390439240355169
0,PLS,0.0671967782266213
0,PLS,0.0434447807897347
0,PLS,0.055780140596705
0,PLS,0.0776389146237142
0,PLS,0.0588493727109241
0,PLS,0.0278270984580694
0,PLS,0.0438413040727555
0,PLS,0.0721690056286689
0,PLS,0.0662364543825931
0,PLS,0.041861789212198
0,PLS,0.0568773650345377
0,PLS,0.0431042640913347
0,PLS,0.0416021592376818
0,PLS,0.0430080444698845
0,PLS,0.0560210697308308
0,PLS,0.0606313624014435
0,PLS,0.087629140538705
0,PLS,0.0418152127570364
0,PLS,0.0587791115639794
0,PLS,0.0594181586946989
0,PLS,0.044990581994977
0,PLS,0.0759791634872608
0,PLS,0.049457881455545
0,PLS,0.0370655300729274
0,PLS,0.0656481417275093
0,PLS,0.0642783218844779
0,PLS,0.0519987877287445
0,PLS,0.0644802452242385
0,PLS,0.0628074794662547
0,PLS,0.0777346816567156
0,PLS,0.0286727958725536
0,PLS,0.0472455515893109
0,PLS,0.0587095442319079
0,PLS,0.0661872749098835
0,PLS,0.0337647049365074
0,PLS,0.0222451901553475
0,PLS,0.0461067473945068
0,PLS,0.0503473381523609
0,PLS,0.0666656719931389
0,PLS,0.0427999501956856
0,PLS,0.0559451647261957
0,PLS,0.0624111942574481
0,PLS,0.0510182004352428
0,PLS,0.0444789999904363
0,PLS,0.0518564020980313
0,PLS,0.04483865225764
0,PLS,0.0818110030641067
0,PLS,0.0592341312681434
0,PLS,0.0626714792735434
0,PLS,0.0503265651531399
0,PLS,0.0666461749950591
0,PLS,0.0519591229015559
0,PLS,0.0800059415425604
0,PLS,0.0494860646317017
0,PLS,0.0425935180028853
0,PLS,0.0530241065538064
0,PLS,0.0654080966040227
0,PLS,0.052675235859794
0,PLS,0.070618806356508
0,PLS,0.0500079068363225
0,PLS,0.0378947412037148
0,PLS,0.0617026365440102
0,PLS,0.0685416069017647
0,PLS,0.0543823778007856
0,PLS,0.0349238748635192
0,PLS,0.0409076243068557
0,PLS,0.0483026627272207
0,PLS,0.0654989290284944
0,PLS,0.0619655103797037
0,PLS,0.0725014963706695
0,PLS,0.0351701376778271
0,PLS,0.0584571566084417
0,PLS,0.0368056113325797
0,PLS,0.0354820600572781
0,PLS,0.0311227288592265
0,PLS,0.0665321663916019
0,PLS,0.0611107252224178
0,PLS,0.0533422252927666
0,PLS,0.0695702183180003
0,PLS,0.0579701015859344
0,PLS,0.0390192398601539
0,PLS,0.0553108871042779
0,PLS,0.0490734414165495
0,PLS,0.058378886317891
0,PLS,0.0388291199557598
0,PLS,0.0486198481945258
0,PLS,0.0699307288351674
0,PLS,0.0638930974089119
0,PLS,0.0455019686426951
0,PLS,0.0470040793464746
0,PLS,0.0869612711269542
0,PLS,0.0651443677605992
0,PLS,0.0810534260758813
0,PLS,0.0584041232541682
0,PLS,0.060828114884294
0,PLS,0.0500045155341986
0,PLS,0.0316749685604791
0,PLS,0.0427469363765265
0,PLS,0.0490940614195141
0,PLS,0.0472446606856986
0,PLS,0.0794872989574061
0,PLS,0.06375010955036
0,PLS,0.0463201213551491
0,PLS,0.0688697933594522
0,PLS,0.0573926760736074
0,PLS,0.0449552627174244
0,PLS,0.0550435416977907
0,PLS,0.0381111868192474
0,PLS,0.0486149204684974
0,PLS,0.0505779154539912
0,PLS,0.0649390095873267
0,PLS,0.0552328834917328
0,PLS,0.0459989360644753
0,PLS,0.0937861341114909
0,PLS,0.0508441118805728
0,PLS,0.0631406462726432
0,PLS,0.0347750219918088
0,PLS,0.0629312080226002
0,PLS,0.0869222572648896
0,PLS,0.0743223448261777
0,PLS,0.0510017967848296
0,PLS,0.0671452399474533
0,PLS,0.0353020873366126
0,PLS,0.0622342979751234
0,PLS,0.0459785982325484
0,PLS,0.0747824432731891
0,PLS,0.0561999630696663
0,PLS,0.0882146950244358
0,PLS,0.0421297457186289
0,PLS,0.0803109084384216
0,PLS,0.0395863258859967
0,PLS,0.0525148670604019
0,PLS,0.0739619802353732
0,PLS,0.063585087631773
0,PLS,0.0933131870564147
0,PLS,0.0449695532398339
0,PLS,0.05630500411649
0,PLS,0.0396831343038988
0,PLS,0.0567524334988274
0,PLS,0.0380303905812932
0,PLS,0.0374762514367527
0,PLS,0.0769189974540191
0,PLS,0.0904863636710045
0,PLS,0.0433057334611573
0,PLS,0.0465594721693497
0,PLS,0.0426531976681166
0,PLS,0.0364022650248611
0,PLS,0.0610036904201539
0,PLS,0.0424847924007412
0,PLS,0.0416345078069073
0,PLS,0.0403342062867019
0,PLS,0.0740598538700903
0,PLS,0.0553007001884127
0,PLS,0.0675970379684257
0,PLS,0.0651511442064291
0,PLS,0.0505068160834214
0,PLS,0.0334412404520012
0,PLS,0.0346614027776161
0,PLS,0.104942779705187
0,PLS,0.0553988062013445
0,fTS,0.0451583063834555
0,fTS,0.0608174595491541
0,fTS,0.044140529024631
0,fTS,0.0474096267047947
0,fTS,0.0627774119310447
0,fTS,0.0648366099727731
0,fTS,0.0554398223479894
0,fTS,0.058846333877514
0,fTS,0.0647854344244238
0,fTS,0.0534728782594219
0,fTS,0.0372282452557556
0,fTS,0.0580260644600216
0,fTS,0.0366117355490836
0,fTS,0.0651601299327169
0,fTS,0.0641241595200269
0,fTS,0.0548202927809797
0,fTS,0.0628377500437671
0,fTS,0.104616432456529
0,fTS,0.0652956293540731
0,fTS,0.0587812510818457
0,fTS,0.0955795189052571
0,fTS,0.0657319649458548
0,fTS,0.0457301973624435
0,fTS,0.084955826478904
0,fTS,0.0526685551203025
0,fTS,0.053098609449464
0,fTS,0.0298722627570377
0,fTS,0.0583596042119005
0,fTS,0.0636530544702196
0,fTS,0.0425723414826957
0,fTS,0.0629042708093308
0,fTS,0.0688006347927777
0,fTS,0.0594060742155074
0,fTS,0.0624786955021006
0,fTS,0.061710014919983
0,fTS,0.0510215841343754
0,fTS,0.0600188877459435
0,fTS,0.0945389288206946
0,fTS,0.0468984568260601
0,fTS,0.0390415305140999
0,fTS,0.0672747101773365
0,fTS,0.0434616422880429
0,fTS,0.0557956190061068
0,fTS,0.0769186237857736
0,fTS,0.0588493727109241
0,fTS,0.0278339164154779
0,fTS,0.0436896171757661
0,fTS,0.0721690056286689
0,fTS,0.0662348811387834
0,fTS,0.041861948897385
0,fTS,0.0568511871966688
0,fTS,0.0430982543824703
0,fTS,0.0416021592376818
0,fTS,0.0430080444698845
0,fTS,0.0559974182007968
0,fTS,0.0607133765733489
0,fTS,0.087629140538705
0,fTS,0.0418149076994747
0,fTS,0.0587794155986559
0,fTS,0.0594022944476881
0,fTS,0.0449872444291743
0,fTS,0.0759791634872608
0,fTS,0.0494511002817687
0,fTS,0.0371309061427502
0,fTS,0.0656481417275093
0,fTS,0.0642924477523489
0,fTS,0.0519996199637468
0,fTS,0.0644894466446763
0,fTS,0.0627953010788454
0,fTS,0.0777346816567156
0,fTS,0.0290685557102231
0,fTS,0.0472455515893109
0,fTS,0.0587074515013995
0,fTS,0.0661959135267076
0,fTS,0.0337456661131977
0,fTS,0.0222485051665994
0,fTS,0.0461225981774786
0,fTS,0.0503473381523609
0,fTS,0.0666933400541771
0,fTS,0.0427819367754751
0,fTS,0.0559840395885363
0,fTS,0.0624003392622769
0,fTS,0.050900079865823
0,fTS,0.0444702028421387
0,fTS,0.0518564020980313
0,fTS,0.0448623943751623
0,fTS,0.08183801525607
0,fTS,0.0592389953137842
0,fTS,0.0626704374158597
0,fTS,0.0503305921448067
0,fTS,0.0666500739852982
0,fTS,0.0519982896464793
0,fTS,0.0798976251228352
0,fTS,0.0494889879948961
0,fTS,0.0427715923846761
0,fTS,0.0530241065538064
0,fTS,0.0655190340714437
0,fTS,0.0527798620971447
0,fTS,0.0705460754137264
0,fTS,0.049831369887449
0,fTS,0.0378944361273081
0,fTS,0.0612544426518306
0,fTS,0.0687135251283387
0,fTS,0.0543823778007856
0,fTS,0.03490781287074
0,fTS,0.0409076243068557
0,fTS,0.0483026627272207
0,fTS,0.0653352164006296
0,fTS,0.0619731181717179
0,fTS,0.0725193958390709
0,fTS,0.0351701376778271
0,fTS,0.0585058380739347
0,fTS,0.036791523437032
0,fTS,0.0355003701080158
0,fTS,0.0311283548623775
0,fTS,0.0665321663916019
0,fTS,0.0610128413896391
0,fTS,0.0533422252927666
0,fTS,0.0694141018287224
0,fTS,0.0579700557377996
0,fTS,0.039022337415349
0,fTS,0.0553132759542692
0,fTS,0.0490734414165495
0,fTS,0.0583531418710534
0,fTS,0.0386469051685374
0,fTS,0.0486212750152469
0,fTS,0.0699307438440412
0,fTS,0.0638211543695131
0,fTS,0.045502433971283
0,fTS,0.0469990293505884
0,fTS,0.0863031465323585
0,fTS,0.0651442917751736
0,fTS,0.0810547562935282
0,fTS,0.0583949368750997
0,fTS,0.0608001235973864
0,fTS,0.0500044583424894
0,fTS,0.0316770402669371
0,fTS,0.0427694867551418
0,fTS,0.049093920809869
0,fTS,0.0472446606856986
0,fTS,0.0792889192907446
0,fTS,0.0635979135243261
0,fTS,0.0464161791231653
0,fTS,0.0689016029525476
0,fTS,0.0573926760736074
0,fTS,0.0449771326756743
0,fTS,0.0550084389438064
0,fTS,0.038114805929625
0,fTS,0.0486042691068323
0,fTS,0.0504014010747786
0,fTS,0.064940586488164
0,fTS,0.0552323297625943
0,fTS,0.0459989360644753
0,fTS,0.0937706987156556
0,fTS,0.0508274343080282
0,fTS,0.0630434076333925
0,fTS,0.0347459876021014
0,fTS,0.0629312080226002
0,fTS,0.086882473367599
0,fTS,0.0743223448261777
0,fTS,0.0511582619153867
0,fTS,0.0671344764783795
0,fTS,0.035365061437447
0,fTS,0.0622138012083081
0,fTS,0.0459790195912115
0,fTS,0.0748436457407107
0,fTS,0.0562786697505061
0,fTS,0.0882146950244358
0,fTS,0.0421246094755888
0,fTS,0.0803109683711235
0,fTS,0.0395900050809894
0,fTS,0.0524403796416043
0,fTS,0.073941096926124
0,fTS,0.0636380041410426
0,fTS,0.0933176430551529
0,fTS,0.0449679096150204
0,fTS,0.05630500411649
0,fTS,0.0396831343038988
0,fTS,0.056752351526656
0,fTS,0.0380303905812932
0,fTS,0.0374762514367527
0,fTS,0.0769721031547875
0,fTS,0.0904816663232933
0,fTS,0.0433262461324249
0,fTS,0.0465878706179335
0,fTS,0.0426960071659005
0,fTS,0.0364022650248611
0,fTS,0.0609991167087355
0,fTS,0.0424570849084146
0,fTS,0.041694322803862
0,fTS,0.0403342062867019
0,fTS,0.0744719657273854
0,fTS,0.055279990724957
0,fTS,0.0674236802809946
0,fTS,0.0651227681745514
0,fTS,0.0504912958830497
0,fTS,0.0334551381888021
0,fTS,0.0346614027776161
0,fTS,0.104942779705187
0,fTS,0.0556683840150079
0,LS_oracle,0.0453183805084102
0,LS_oracle,0.0630516519635748
0,LS_oracle,0.0440881792843541
0,LS_oracle,0.0473120217713971
0,LS_oracle,0.06413162518527
0,LS_oracle,0.064731741218452
0,LS_oracle,0.055406355474782
0,LS_oracle,0.0589456691667068
0,LS_oracle,0.0647132957106802
0,LS_oracle,0.0533422564894051
0,LS_oracle,0.0373222447030549
0,LS_oracle,0.0581548645267489
0,LS_oracle,0.0363764450165105
0,LS_oracle,0.067657058655551
0,LS_oracle,0.0641098504429476
0,LS_oracle,0.0551149497092004
0,LS_oracle,0.0628287001668185
0,LS_oracle,0.104699363453517
0,LS_oracle,0.0652793380990198
0,LS_oracle,0.0599099770936992
0,LS_oracle,0.0967098287698054
0,LS_oracle,0.0662063691183292
0,LS_oracle,0.0456280025114904
0,LS_oracle,0.0850003755049912
0,LS_oracle,0.0527123112679589
0,LS_oracle,0.0531824614956196
0,LS_oracle,0.0298218109338914
0,LS_oracle,0.0580432166389663
0,LS_oracle,0.063702546115247
0,LS_oracle,0.0426493657183658
0,LS_oracle,0.062387389714809
0,LS_oracle,0.0687291318112329
0,LS_oracle,0.0597852782799679
0,LS_oracle,0.0621800843634035
0,LS_oracle,0.061657012631918
0,LS_oracle,0.0513109090986549
0,LS_oracle,0.0598865473033294
0,LS_oracle,0.0950226344875667
0,LS_oracle,0.0469012011428279
0,LS_oracle,0.0388548486816286
0,LS_oracle,0.0672372639469538
0,LS_oracle,0.0435822735275827
0,LS_oracle,0.0558258100868873
0,LS_oracle,0.0776474926458664
0,LS_oracle,0.0588711899928947
0,LS_oracle,0.0276299805384688
0,LS_oracle,0.0439251785075919
0,LS_oracle,0.0724184228703711
0,LS_oracle,0.0662104465654699
0,LS_oracle,0.0418252290006682
0,LS_oracle,0.0568797660590789
0,LS_oracle,0.0433284698922113
0,LS_oracle,0.0416826956609682
0,LS_oracle,0.0428750660503597
0,LS_oracle,0.0559631590308017
0,LS_oracle,0.0605605044312986
0,LS_oracle,0.0873708047032192
0,LS_oracle,0.0417972299246208
0,LS_oracle,0.058727492776342
0,LS_oracle,0.0598211041414061
0,LS_oracle,0.0450181544644555
0,LS_oracle,0.0756179949838651
0,LS_oracle,0.0494085557200309
0,LS_oracle,0.0371247069472296
0,LS_oracle,0.0651275048907045
0,LS_oracle,0.064354511329338
0,LS_oracle,0.0519930307457411
0,LS_oracle,0.0644402381508571
0,LS_oracle,0.0626726489108462
0,LS_oracle,0.0782122088576349
0,LS_oracle,0.0287280117479761
0,LS_oracle,0.0478342728043189
0,LS_oracle,0.0586960683384362
0,LS_oracle,0.0661934461834717
0,LS_oracle,0.0336880301505849
0,LS_oracle,0.0222204728692499
0,LS_oracle,0.046088441875985
0,LS_oracle,0.0503323819303177
0,LS_oracle,0.066630830657416
0,LS_oracle,0.0428377739001809
0,LS_oracle,0.0559166075242395
0,LS_oracle,0.0623880238656186
0,LS_oracle,0.0503246245931959
0,LS_oracle,0.0445860015111368
0,LS_oracle,0.0517746881056804
0,LS_oracle,0.0448478953727077
0,LS_oracle,0.0816118569738595
0,LS_oracle,0.0594018229221264
0,LS_oracle,0.0626764950954508
0,LS_oracle,0.0504221573228792
0,LS_oracle,0.0665198182686453
0,LS_oracle,0.0523288550983433
0,LS_oracle,0.0801920045428443
0,LS_oracle,0.0493231180486259
0,LS_oracle,0.0425273449088202
0,LS_oracle,0.0527872403015137
0,LS_oracle,0.0659370436940693
0,LS_oracle,0.0527181336595256
0,LS_oracle,0.0706185986058958
0,LS_oracle,0.0500101783211034
0,LS_oracle,0.0378577190844661
0,LS_oracle,0.061823664942083
0,LS_oracle,0.0688186709713773
0,LS_oracle,0.0545797713147321
0,LS_oracle,0.0348819563544792
0,LS_oracle,0.0408952738540449
0,LS_oracle,0.0483197106106584
0,LS_oracle,0.0654495257302402
0,LS_oracle,0.0619587591955664
0,LS_oracle,0.0724888296012305
0,LS_oracle,0.0350623967796598
0,LS_oracle,0.0578834259422936
0,LS_oracle,0.0366303854316416
0,LS_oracle,0.0356241705883321
0,LS_oracle,0.0310749115925318
0,LS_oracle,0.0666978734861527
0,LS_oracle,0.061122964325905
0,LS_oracle,0.0536217841938715
0,LS_oracle,0.0693403361773557
0,LS_oracle,0.0578863786183434
0,LS_oracle,0.0389440929079573
0,LS_oracle,0.0553966862171338
0,LS_oracle,0.0490692388842155
0,LS_oracle,0.0584116620057816
0,LS_oracle,0.0387509404762623
0,LS_oracle,0.0485855665417055
0,LS_oracle,0.0693100105242297
0,LS_oracle,0.064168428472166
0,LS_oracle,0.0454736164425137
0,LS_oracle,0.046997726698117
0,LS_oracle,0.0866535938981849
0,LS_oracle,0.0651620300551416
0,LS_oracle,0.0810759540659653
0,LS_oracle,0.0583965532896691
0,LS_oracle,0.0608380315464197
0,LS_oracle,0.0500228068020264
0,LS_oracle,0.0317858491729531
0,LS_oracle,0.0427744106802916
0,LS_oracle,0.0492565045876677
0,LS_oracle,0.0465404386536268
0,LS_oracle,0.0794682780255372
0,LS_oracle,0.0639289084797848
0,LS_oracle,0.0463279740468602
0,LS_oracle,0.0689130270322534
0,LS_oracle,0.0571073111913174
0,LS_oracle,0.0449550100621245
0,LS_oracle,0.0551932410560478
0,LS_oracle,0.0380500331227351
0,LS_oracle,0.0485559564087015
0,LS_oracle,0.0503259041536431
0,LS_oracle,0.0649463922295655
0,LS_oracle,0.0548073140650738
0,LS_oracle,0.0459492745766534
0,LS_oracle,0.0938101493942598
0,LS_oracle,0.050905857949196
0,LS_oracle,0.0631682097807759
0,LS_oracle,0.034696564857352
0,LS_oracle,0.0628325904698868
0,LS_oracle,0.0870150215968658
0,LS_oracle,0.0742479904024793
0,LS_oracle,0.0510041522314691
0,LS_oracle,0.0672072247171828
0,LS_oracle,0.0353150050657871
0,LS_oracle,0.0622307922314348
0,LS_oracle,0.0459421226170951
0,LS_oracle,0.0749221495011076
0,LS_oracle,0.0564211936447151
0,LS_oracle,0.0882099874090213
0,LS_oracle,0.0421356233961675
0,LS_oracle,0.0804354231110598
0,LS_oracle,0.0395606124294382
0,LS_oracle,0.052588593469526
0,LS_oracle,0.07397490919086
0,LS_oracle,0.0632134093875192
0,LS_oracle,0.0931767594029512
0,LS_oracle,0.0448058291429734
0,LS_oracle,0.056346386918534
0,LS_oracle,0.0395335123998168
0,LS_oracle,0.0568821458973839
0,LS_oracle,0.038026436525978
0,LS_oracle,0.0372331478881286
0,LS_oracle,0.0769201403824869
0,LS_oracle,0.0905152790661845
0,LS_oracle,0.0433145779431785
0,LS_oracle,0.0463315563444102
0,LS_oracle,0.0425585749661548
0,LS_oracle,0.0363839261174474
0,LS_oracle,0.0610108306349581
0,LS_oracle,0.0425619112800485
0,LS_oracle,0.041665068811085
0,LS_oracle,0.0402549288646078
0,LS_oracle,0.0751130686196363
0,LS_oracle,0.0551705754754898
0,LS_oracle,0.0675938622380385
0,LS_oracle,0.0651797214201848
0,LS_oracle,0.0505052211398259
0,LS_oracle,0.0333910596610055
0,LS_oracle,0.0346222635292389
0,LS_oracle,0.104605374559513
0,LS_oracle,0.0554462524057206
0,TS_oracle,0.0453183805084102
0,TS_oracle,0.0630923162338593
0,TS_oracle,0.0440881792843541
0,TS_oracle,0.0473179019573959
0,TS_oracle,0.06413162518527
0,TS_oracle,0.0647212289227996
0,TS_oracle,0.0554113452966954
0,TS_oracle,0.0589430199044548
0,TS_oracle,0.0647151444011304
0,TS_oracle,0.0533452503307912
0,TS_oracle,0.0373222447030549
0,TS_oracle,0.0581091700686316
0,TS_oracle,0.0363753351928376
0,TS_oracle,0.0658893814986091
0,TS_oracle,0.0641241930122333
0,TS_oracle,0.0551014971219436
0,TS_oracle,0.0628261528150393
0,TS_oracle,0.104699436995097
0,TS_oracle,0.0652935340986837
0,TS_oracle,0.0588151605420524
0,TS_oracle,0.0967098736593755
0,TS_oracle,0.0662063691183292
0,TS_oracle,0.045589315111015
0,TS_oracle,0.0849902626282904
0,TS_oracle,0.0527056348072942
0,TS_oracle,0.0531846281137557
0,TS_oracle,0.0298058046003426
0,TS_oracle,0.0580418970221502
0,TS_oracle,0.063699350912174
0,TS_oracle,0.0425191725270579
0,TS_oracle,0.0627057377345119
0,TS_oracle,0.068726725035076
0,TS_oracle,0.0597852782799679
0,TS_oracle,0.0621794916846274
0,TS_oracle,0.061657012631918
0,TS_oracle,0.0510404248631594
0,TS_oracle,0.059891128239082
0,TS_oracle,0.0950031152758231
0,TS_oracle,0.0469012011428279
0,TS_oracle,0.0388539567267463
0,TS_oracle,0.0673139864018998
0,TS_oracle,0.0436260547324337
0,TS_oracle,0.0558497420398973
0,TS_oracle,0.0769268756184003
0,TS_oracle,0.0588711899928947
0,TS_oracle,0.0276366345399821
0,TS_oracle,0.0437766288155603
0,TS_oracle,0.0724184228703711
0,TS_oracle,0.0662066722567452
0,TS_oracle,0.0418254937418193
0,TS_oracle,0.0568536016429743
0,TS_oracle,0.0433284698922113
0,TS_oracle,0.0416779224838095
0,TS_oracle,0.0428750660503597
0,TS_oracle,0.0559488198083923
0,TS_oracle,0.0606399498547574
0,TS_oracle,0.0873708047032192
0,TS_oracle,0.0417970674869576
0,TS_oracle,0.0587275354309751
0,TS_oracle,0.0598211041414061
0,TS_oracle,0.0450147403594365
0,TS_oracle,0.0756179949838651
0,TS_oracle,0.0494062096364792
0,TS_oracle,0.0371884550768413
0,TS_oracle,0.0651275048907059
0,TS_oracle,0.0643689421921306
0,TS_oracle,0.051993843235837
0,TS_oracle,0.0644501494892094
0,TS_oracle,0.0626677488052949
0,TS_oracle,0.0781406489429938
0,TS_oracle,0.0291245028076332
0,TS_oracle,0.0478342728043188
0,TS_oracle,0.0586940335762538
0,TS_oracle,0.0662018488785297
0,TS_oracle,0.0336696211953974
0,TS_oracle,0.0222204728692499
0,TS_oracle,0.0461049553304333
0,TS_oracle,0.0503323819303177
0,TS_oracle,0.0666418265472869
0,TS_oracle,0.0428198842055299
0,TS_oracle,0.0559527191755039
0,TS_oracle,0.0623785256895745
0,TS_oracle,0.050231409384909
0,TS_oracle,0.0445816763152539
0,TS_oracle,0.0517746881056804
0,TS_oracle,0.0448712867273417
0,TS_oracle,0.081646840299722
0,TS_oracle,0.0594065969650968
0,TS_oracle,0.0626758882473103
0,TS_oracle,0.0504231894892071
0,TS_oracle,0.0665242114766293
0,TS_oracle,0.0523288550983433
0,TS_oracle,0.0800659910510362
0,TS_oracle,0.0493260347741445
0,TS_oracle,0.0426773294560149
0,TS_oracle,0.0527872403015137
0,TS_oracle,0.0660491637653754
0,TS_oracle,0.0528185857336473
0,TS_oracle,0.0705461089544532
0,TS_oracle,0.0498336453926172
0,TS_oracle,0.0378573913582917
0,TS_oracle,0.0613898807398187
0,TS_oracle,0.0688186709713773
0,TS_oracle,0.0545805463949187
0,TS_oracle,0.0348706026100747
0,TS_oracle,0.0408952738540449
0,TS_oracle,0.0483197106106584
0,TS_oracle,0.0652640015742822
0,TS_oracle,0.061966336898794
0,TS_oracle,0.0725072645159055
0,TS_oracle,0.0350623967796598
0,TS_oracle,0.0578793730978399
0,TS_oracle,0.0366303854316416
0,TS_oracle,0.0356573123884186
0,TS_oracle,0.0310809522613575
0,TS_oracle,0.0666978734861527
0,TS_oracle,0.0610249021714531
0,TS_oracle,0.0536217841938715
0,TS_oracle,0.0692145569340953
0,TS_oracle,0.0578873225799838
0,TS_oracle,0.038947886120354
0,TS_oracle,0.0553966862171338
0,TS_oracle,0.049051507773225
0,TS_oracle,0.0583831325257627
0,TS_oracle,0.0385357424708359
0,TS_oracle,0.0485885350548631
0,TS_oracle,0.069310060206061
0,TS_oracle,0.0640580623056182
0,TS_oracle,0.0454740184755518
0,TS_oracle,0.0469927011240878
0,TS_oracle,0.0860069135423434
0,TS_oracle,0.0651608944197384
0,TS_oracle,0.0810774888582266
0,TS_oracle,0.0583877908138
0,TS_oracle,0.0608098543482161
0,TS_oracle,0.0500223313100179
0,TS_oracle,0.031788172356601
0,TS_oracle,0.0427989088410138
0,TS_oracle,0.049256473756134
0,TS_oracle,0.0465771080342747
0,TS_oracle,0.0792709298100118
0,TS_oracle,0.0639162696989153
0,TS_oracle,0.0464269130239395
0,TS_oracle,0.0689439198186517
0,TS_oracle,0.0571073111913174
0,TS_oracle,0.0449769019220183
0,TS_oracle,0.0551568004063177
0,TS_oracle,0.0380535542530755
0,TS_oracle,0.0485419416168037
0,TS_oracle,0.0501460802767451
0,TS_oracle,0.0649479016665474
0,TS_oracle,0.0548023954212979
0,TS_oracle,0.0459492745766534
0,TS_oracle,0.0938001850858849
0,TS_oracle,0.0508879630910642
0,TS_oracle,0.0630687643286603
0,TS_oracle,0.0346157600015262
0,TS_oracle,0.0628185235685867
0,TS_oracle,0.0869699871709712
0,TS_oracle,0.0742479904024793
0,TS_oracle,0.0511606153025256
0,TS_oracle,0.0671964128465112
0,TS_oracle,0.03537862814375
0,TS_oracle,0.0622307922314348
0,TS_oracle,0.0459426605916062
0,TS_oracle,0.0748856789146479
0,TS_oracle,0.0562655935115066
0,TS_oracle,0.0882099874090213
0,TS_oracle,0.0421302183007586
0,TS_oracle,0.080435480568751
0,TS_oracle,0.0395522561650235
0,TS_oracle,0.0525126824492521
0,TS_oracle,0.0739539921260815
0,TS_oracle,0.0632182919462774
0,TS_oracle,0.0931841329074262
0,TS_oracle,0.0447996458432268
0,TS_oracle,0.0563476935092494
0,TS_oracle,0.0395335123998168
0,TS_oracle,0.0568823111169687
0,TS_oracle,0.0380150489058522
0,TS_oracle,0.0373283337978308
0,TS_oracle,0.076973443849501
0,TS_oracle,0.0905105197567959
0,TS_oracle,0.0433350837596701
0,TS_oracle,0.0462672007442119
0,TS_oracle,0.0426135158389769
0,TS_oracle,0.0363839261174474
0,TS_oracle,0.0610062419750608
0,TS_oracle,0.042518051841641
0,TS_oracle,0.0417224375544711
0,TS_oracle,0.0402549288646078
0,TS_oracle,0.075111379970176
0,TS_oracle,0.0551530266075929
0,TS_oracle,0.0674925758229168
0,TS_oracle,0.0651513868082358
0,TS_oracle,0.0504898455882436
0,TS_oracle,0.0334049567525999
0,TS_oracle,0.0346300665040273
0,TS_oracle,0.104605374559513
0,TS_oracle,0.0556773282116238
0.1,PLS,0.0850138252188717
0.1,PLS,0.0325014237874622
0.1,PLS,0.0512315963629719
0.1,PLS,0.0849792372760032
0.1,PLS,0.0461024759332945
0.1,PLS,0.0794877450281429
0.1,PLS,0.039872928308275
0.1,PLS,0.0375305286077426
0.1,PLS,0.0509215000234205
0.1,PLS,0.0713126929922206
0.1,PLS,0.0426436940972938
0.1,PLS,0.0751849425816764
0.1,PLS,0.0823028837476929
0.1,PLS,0.0621209344717622
0.1,PLS,0.0509200326004124
0.1,PLS,0.044841975416283
0.1,PLS,0.063331575489054
0.1,PLS,0.0483611226270133
0.1,PLS,0.0508571930771232
0.1,PLS,0.054057084558078
0.1,PLS,0.093800457479354
0.1,PLS,0.037955232323001
0.1,PLS,0.0501364902495548
0.1,PLS,0.0239488710863278
0.1,PLS,0.0507186875288693
0.1,PLS,0.053924964770322
0.1,PLS,0.0469497933828273
0.1,PLS,0.0476996759652549
0.1,PLS,0.0329364532046441
0.1,PLS,0.0532193828265622
0.1,PLS,0.0570375184639705
0.1,PLS,0.0197805816577336
0.1,PLS,0.0751346466190932
0.1,PLS,0.0946182146796401
0.1,PLS,0.0496450987776475
0.1,PLS,0.0509474155701786
0.1,PLS,0.0469840285706
0.1,PLS,0.0517495401900972
0.1,PLS,0.0485597049173565
0.1,PLS,0.0961274498196575
0.1,PLS,0.061760154455281
0.1,PLS,0.0509501391882295
0.1,PLS,0.050865958388623
0.1,PLS,0.0375187118713342
0.1,PLS,0.0532468611891366
0.1,PLS,0.0628093307509371
0.1,PLS,0.0482234161610968
0.1,PLS,0.0557923696404775
0.1,PLS,0.0661766519850989
0.1,PLS,0.0912075327923388
0.1,PLS,0.0396028726599853
0.1,PLS,0.0421497650984598
0.1,PLS,0.0624510912950772
0.1,PLS,0.0463520819829565
0.1,PLS,0.0522775522994532
0.1,PLS,0.0351690679460325
0.1,PLS,0.053513447854583
0.1,PLS,0.0585911139680315
0.1,PLS,0.0455425284099591
0.1,PLS,0.0466989881317761
0.1,PLS,0.0452523027722429
0.1,PLS,0.0437838386265354
0.1,PLS,0.0825255323307731
0.1,PLS,0.0473540676077808
0.1,PLS,0.0425493957439844
0.1,PLS,0.0868702381217899
0.1,PLS,0.053229822154262
0.1,PLS,0.0660133678370562
0.1,PLS,0.0762396158986352
0.1,PLS,0.0299194419903724
0.1,PLS,0.0667524341994816
0.1,PLS,0.0286212387857274
0.1,PLS,0.0363809551924638
0.1,PLS,0.059020201310315
0.1,PLS,0.0381193276848291
0.1,PLS,0.0416747985608901
0.1,PLS,0.0626648279500106
0.1,PLS,0.034986851204555
0.1,PLS,0.0680512537265223
0.1,PLS,0.0555260826902677
0.1,PLS,0.0534301856949134
0.1,PLS,0.0513658810404695
0.1,PLS,0.0596113992666189
0.1,PLS,0.0640059717598091
0.1,PLS,0.0750401766458214
0.1,PLS,0.0550348161581313
0.1,PLS,0.048003240471264
0.1,PLS,0.0448945871172938
0.1,PLS,0.0463747685203928
0.1,PLS,0.0741746708786485
0.1,PLS,0.0709447003369937
0.1,PLS,0.0783555030536688
0.1,PLS,0.0616621750649203
0.1,PLS,0.0479239930397269
0.1,PLS,0.0584539275519944
0.1,PLS,0.0411482188834645
0.1,PLS,0.0467085718816233
0.1,PLS,0.047592091674442
0.1,PLS,0.0519170095000382
0.1,PLS,0.0564007120121649
0.1,PLS,0.0625574505025442
0.1,PLS,0.0539875926803763
0.1,PLS,0.0405841710462958
0.1,PLS,0.0478820861134726
0.1,PLS,0.0418204356762959
0.1,PLS,0.0532344561415519
0.1,PLS,0.0364551969561951
0.1,PLS,0.0472422538016583
0.1,PLS,0.0648692263457817
0.1,PLS,0.066879323007154
0.1,PLS,0.0564752286140102
0.1,PLS,0.0698407090893676
0.1,PLS,0.0871150609701182
0.1,PLS,0.0590210673811018
0.1,PLS,0.0517572427730597
0.1,PLS,0.0922948255192409
0.1,PLS,0.0554983777712503
0.1,PLS,0.0576314828674549
0.1,PLS,0.0534816001118459
0.1,PLS,0.0538681432927628
0.1,PLS,0.0600920194774605
0.1,PLS,0.0368548817310785
0.1,PLS,0.0501864517580091
0.1,PLS,0.0606357232845215
0.1,PLS,0.0464941178266701
0.1,PLS,0.0495640054383757
0.1,PLS,0.0481179976624397
0.1,PLS,0.0625461734308929
0.1,PLS,0.0807574501106228
0.1,PLS,0.0565604530311844
0.1,PLS,0.0807556020468108
0.1,PLS,0.0487112107643318
0.1,PLS,0.0470822111930733
0.1,PLS,0.0575570898719591
0.1,PLS,0.0592863452419631
0.1,PLS,0.0653193322730537
0.1,PLS,0.0611654698429494
0.1,PLS,0.0651471929589379
0.1,PLS,0.0535551089514629
0.1,PLS,0.0828218863824135
0.1,PLS,0.0447025584847174
0.1,PLS,0.0827764397207026
0.1,PLS,0.0310187861560923
0.1,PLS,0.0651021272705956
0.1,PLS,0.0563672324375746
0.1,PLS,0.0446026015126133
0.1,PLS,0.0768643843690197
0.1,PLS,0.0805047256102164
0.1,PLS,0.0523468970075022
0.1,PLS,0.0535866589823425
0.1,PLS,0.0577254181631782
0.1,PLS,0.0721337180825072
0.1,PLS,0.0481300614213885
0.1,PLS,0.0490940248710292
0.1,PLS,0.0776540607277434
0.1,PLS,0.0440595084542951
0.1,PLS,0.0301701315527101
0.1,PLS,0.0439805742013719
0.1,PLS,0.0851582169771242
0.1,PLS,0.0496481527423408
0.1,PLS,0.0250814374419649
0.1,PLS,0.0776794471559715
0.1,PLS,0.0815861036040614
0.1,PLS,0.0351130443803186
0.1,PLS,0.0550490418905417
0.1,PLS,0.0265506476670537
0.1,PLS,0.0563571855945751
0.1,PLS,0.0616691278326135
0.1,PLS,0.0509953573067688
0.1,PLS,0.0433051970233101
0.1,PLS,0.0596251307292645
0.1,PLS,0.0481245078775542
0.1,PLS,0.0507680971817214
0.1,PLS,0.0658485862277434
0.1,PLS,0.0318391627382098
0.1,PLS,0.0454538472252542
0.1,PLS,0.0464317913988396
0.1,PLS,0.0450657262058367
0.1,PLS,0.0434664677211622
0.1,PLS,0.0611646238233179
0.1,PLS,0.0593650096531561
0.1,PLS,0.0394554702385085
0.1,PLS,0.099802872960243
0.1,PLS,0.0396896550065761
0.1,PLS,0.0526543965436999
0.1,PLS,0.0274883323555124
0.1,PLS,0.0712855639678076
0.1,PLS,0.0577337488251653
0.1,PLS,0.0476970165361732
0.1,PLS,0.0319498529638931
0.1,PLS,0.0518882197911797
0.1,PLS,0.0424521434734161
0.1,PLS,0.0685865063717262
0.1,PLS,0.0240239849869011
0.1,PLS,0.061335069683349
0.1,PLS,0.0404740645579011
0.1,PLS,0.0575966080695494
0.1,PLS,0.0478132847540612
0.1,PLS,0.0654457052108402
0.1,PLS,0.0590575874601836
0.1,fTS,0.0848369446631443
0.1,fTS,0.033455722823347
0.1,fTS,0.0513427236223824
0.1,fTS,0.0851145300894711
0.1,fTS,0.0445335710136176
0.1,fTS,0.0809570018682297
0.1,fTS,0.039995797394675
0.1,fTS,0.037285754484961
0.1,fTS,0.0510340161317966
0.1,fTS,0.0713955576953519
0.1,fTS,0.0413185329711158
0.1,fTS,0.0755908848070027
0.1,fTS,0.0814949510995314
0.1,fTS,0.0630838607676723
0.1,fTS,0.0505282682230335
0.1,fTS,0.044860588006482
0.1,fTS,0.0632650499725499
0.1,fTS,0.0456348247872389
0.1,fTS,0.0508026702022198
0.1,fTS,0.053487420615818
0.1,fTS,0.0927686553694579
0.1,fTS,0.0374943404632183
0.1,fTS,0.0503372325163477
0.1,fTS,0.0231590188621381
0.1,fTS,0.051365572891939
0.1,fTS,0.0531885194678717
0.1,fTS,0.047248381606981
0.1,fTS,0.0464476526248128
0.1,fTS,0.0333606439273657
0.1,fTS,0.0522630202996807
0.1,fTS,0.0563556070984397
0.1,fTS,0.0199162171134735
0.1,fTS,0.0742395568528478
0.1,fTS,0.0948593262650972
0.1,fTS,0.0484862535598623
0.1,fTS,0.0511691416655766
0.1,fTS,0.047349438341045
0.1,fTS,0.0528532162772311
0.1,fTS,0.0485407718028989
0.1,fTS,0.0950878819617537
0.1,fTS,0.0600359359808529
0.1,fTS,0.0511626141171875
0.1,fTS,0.0498929120827037
0.1,fTS,0.0381457406352262
0.1,fTS,0.0532373731797164
0.1,fTS,0.0629955946364352
0.1,fTS,0.0475895827600445
0.1,fTS,0.0545516385996578
0.1,fTS,0.0682237039960385
0.1,fTS,0.0875363186985958
0.1,fTS,0.0396709199559751
0.1,fTS,0.0422596239131948
0.1,fTS,0.0628155420438785
0.1,fTS,0.046119705850556
0.1,fTS,0.0508164405583674
0.1,fTS,0.0351182501150166
0.1,fTS,0.0540678690054149
0.1,fTS,0.0587985974458499
0.1,fTS,0.045296831324401
0.1,fTS,0.0458919879586037
0.1,fTS,0.0451634573240716
0.1,fTS,0.0433781615993372
0.1,fTS,0.0815408490094862
0.1,fTS,0.0472606646044259
0.1,fTS,0.0419902731060205
0.1,fTS,0.0890572140204279
0.1,fTS,0.0552455270276198
0.1,fTS,0.0659655491508174
0.1,fTS,0.0759426282169242
0.1,fTS,0.0295960986166354
0.1,fTS,0.0642512089263099
0.1,fTS,0.0287128623967968
0.1,fTS,0.0370356189728273
0.1,fTS,0.0604228182797106
0.1,fTS,0.0389804057731996
0.1,fTS,0.0417665193881997
0.1,fTS,0.0652078681745639
0.1,fTS,0.0340663283725313
0.1,fTS,0.0657889497149505
0.1,fTS,0.0556017502546428
0.1,fTS,0.0529072923620944
0.1,fTS,0.0524875344426286
0.1,fTS,0.0599808212248676
0.1,fTS,0.0639470159114921
0.1,fTS,0.0752088922873363
0.1,fTS,0.0560970310765858
0.1,fTS,0.0480237851218484
0.1,fTS,0.0442254593524379
0.1,fTS,0.0447996820304647
0.1,fTS,0.0757213154412607
0.1,fTS,0.0706420821416273
0.1,fTS,0.078404681173052
0.1,fTS,0.0607914781141174
0.1,fTS,0.0485159276555731
0.1,fTS,0.0596330790244882
0.1,fTS,0.0409295794274084
0.1,fTS,0.045469174992019
0.1,fTS,0.0465324639112601
0.1,fTS,0.0494771566679659
0.1,fTS,0.0560554580247465
0.1,fTS,0.0633049107367265
0.1,fTS,0.0543093519843506
0.1,fTS,0.0404892315494957
0.1,fTS,0.0496483640648846
0.1,fTS,0.0412415388461852
0.1,fTS,0.0517003567802714
0.1,fTS,0.0346312282938051
0.1,fTS,0.0477142881542752
0.1,fTS,0.0643541059985128
0.1,fTS,0.0689908855093003
0.1,fTS,0.0567049855360948
0.1,fTS,0.07109132395916
0.1,fTS,0.0869804773463325
0.1,fTS,0.0580227007745672
0.1,fTS,0.0532244666839646
0.1,fTS,0.093143398271911
0.1,fTS,0.0549806965572123
0.1,fTS,0.0602105921961466
0.1,fTS,0.0537169343303962
0.1,fTS,0.054758110108228
0.1,fTS,0.0595056320943908
0.1,fTS,0.0369161671925856
0.1,fTS,0.0490041663041794
0.1,fTS,0.0600339332370794
0.1,fTS,0.0467212339379833
0.1,fTS,0.0493956562747148
0.1,fTS,0.0481241052548315
0.1,fTS,0.0609138457925561
0.1,fTS,0.0807208205022742
0.1,fTS,0.0581895794460593
0.1,fTS,0.0808643219274394
0.1,fTS,0.0483563189988063
0.1,fTS,0.0473905769584076
0.1,fTS,0.0581599076444822
0.1,fTS,0.0583505128838733
0.1,fTS,0.0642217158237581
0.1,fTS,0.061671738949495
0.1,fTS,0.064596627243618
0.1,fTS,0.0539878584926136
0.1,fTS,0.0825085337087278
0.1,fTS,0.0452059539945355
0.1,fTS,0.0838218431098456
0.1,fTS,0.0319563126310295
0.1,fTS,0.065030859402186
0.1,fTS,0.0558887908401048
0.1,fTS,0.0445898114877762
0.1,fTS,0.0780032923774424
0.1,fTS,0.0813421129220796
0.1,fTS,0.0524547859654841
0.1,fTS,0.0533226200705524
0.1,fTS,0.0576030254876908
0.1,fTS,0.0717396396331218
0.1,fTS,0.0475186830521035
0.1,fTS,0.0473286223886178
0.1,fTS,0.0772798548042858
0.1,fTS,0.0439944760878215
0.1,fTS,0.0302105642624361
0.1,fTS,0.0429922027633394
0.1,fTS,0.0855371779485812
0.1,fTS,0.0496227412894339
0.1,fTS,0.0260049959091303
0.1,fTS,0.0780719235119384
0.1,fTS,0.0431118344452439
0.1,fTS,0.035842674599839
0.1,fTS,0.0549258974792269
0.1,fTS,0.0261234531183862
0.1,fTS,0.0543139989053946
0.1,fTS,0.0614636580962649
0.1,fTS,0.0512659702844335
0.1,fTS,0.0426781523079542
0.1,fTS,0.0595936442307524
0.1,fTS,0.0475657754796524
0.1,fTS,0.0503528145211885
0.1,fTS,0.064555465603029
0.1,fTS,0.0318749787304488
0.1,fTS,0.0442302800903533
0.1,fTS,0.0454023411515133
0.1,fTS,0.0447011258099986
0.1,fTS,0.0434868554182803
0.1,fTS,0.0609468339337113
0.1,fTS,0.058953793523817
0.1,fTS,0.0390451830314487
0.1,fTS,0.099872733998102
0.1,fTS,0.0398483553580907
0.1,fTS,0.0526735555020448
0.1,fTS,0.0275309927121548
0.1,fTS,0.0709764785860014
0.1,fTS,0.0579603497859947
0.1,fTS,0.0483021014753036
0.1,fTS,0.0318752485689038
0.1,fTS,0.0513290685510947
0.1,fTS,0.0437476579232646
0.1,fTS,0.0696101226268698
0.1,fTS,0.0242560355475029
0.1,fTS,0.0604697242986215
0.1,fTS,0.0400741305223143
0.1,fTS,0.0569140582083343
0.1,fTS,0.0479969351994795
0.1,fTS,0.0666870368379496
0.1,fTS,0.0593484058571372
0.1,LS_oracle,0.0848106782822406
0.1,LS_oracle,0.0326221732814444
0.1,LS_oracle,0.0511610084456455
0.1,LS_oracle,0.0850687440498712
0.1,LS_oracle,0.045888834470549
0.1,LS_oracle,0.0795263218910578
0.1,LS_oracle,0.0399306675353012
0.1,LS_oracle,0.036984973803639
0.1,LS_oracle,0.0511733170538784
0.1,LS_oracle,0.0713408544636946
0.1,LS_oracle,0.0425780352688338
0.1,LS_oracle,0.0752366559987636
0.1,LS_oracle,0.0821884554529996
0.1,LS_oracle,0.0621205654718177
0.1,LS_oracle,0.0508875043673028
0.1,LS_oracle,0.0448173535804734
0.1,LS_oracle,0.0632983635134186
0.1,LS_oracle,0.0484078056790714
0.1,LS_oracle,0.0507893508903489
0.1,LS_oracle,0.0540499111965936
0.1,LS_oracle,0.0931417489040155
0.1,LS_oracle,0.0377343361170909
0.1,LS_oracle,0.049491139032956
0.1,LS_oracle,0.0240926594686192
0.1,LS_oracle,0.0507940259588849
0.1,LS_oracle,0.0541897071848117
0.1,LS_oracle,0.0468518200965358
0.1,LS_oracle,0.0476747121854803
0.1,LS_oracle,0.0329588515677138
0.1,LS_oracle,0.0533697868329984
0.1,LS_oracle,0.0572199791550824
0.1,LS_oracle,0.0197695311723612
0.1,LS_oracle,0.0754606379550501
0.1,LS_oracle,0.0952900559436072
0.1,LS_oracle,0.0499666235102065
0.1,LS_oracle,0.0512073664626899
0.1,LS_oracle,0.0469385478921902
0.1,LS_oracle,0.0517484381114047
0.1,LS_oracle,0.048613694471453
0.1,LS_oracle,0.0957141497642163
0.1,LS_oracle,0.0620963114354321
0.1,LS_oracle,0.0510458115472885
0.1,LS_oracle,0.0513305097570122
0.1,LS_oracle,0.0375197530771213
0.1,LS_oracle,0.0533022720521494
0.1,LS_oracle,0.0627338999745703
0.1,LS_oracle,0.0460215652195804
0.1,LS_oracle,0.0559024966641809
0.1,LS_oracle,0.0661761068688086
0.1,LS_oracle,0.0913754504822242
0.1,LS_oracle,0.0392505635638419
0.1,LS_oracle,0.0421310102028355
0.1,LS_oracle,0.0624733304096307
0.1,LS_oracle,0.0464350657781153
0.1,LS_oracle,0.0516534839658369
0.1,LS_oracle,0.0351693009832824
0.1,LS_oracle,0.0530401483888547
0.1,LS_oracle,0.0585471375539446
0.1,LS_oracle,0.045527766829503
0.1,LS_oracle,0.0470087914803677
0.1,LS_oracle,0.0451924417386154
0.1,LS_oracle,0.0436080394964461
0.1,LS_oracle,0.0825148737371564
0.1,LS_oracle,0.0472309749615626
0.1,LS_oracle,0.0425799415508193
0.1,LS_oracle,0.0868356972345697
0.1,LS_oracle,0.0530173587733691
0.1,LS_oracle,0.0660202196280785
0.1,LS_oracle,0.0760933865745231
0.1,LS_oracle,0.0300385664161408
0.1,LS_oracle,0.0669482146988027
0.1,LS_oracle,0.0292337597480035
0.1,LS_oracle,0.0361584354967186
0.1,LS_oracle,0.0595605639418335
0.1,LS_oracle,0.0380482935467195
0.1,LS_oracle,0.0417435406924314
0.1,LS_oracle,0.0626529282217787
0.1,LS_oracle,0.0350529305567158
0.1,LS_oracle,0.0679228349046444
0.1,LS_oracle,0.0554450302277144
0.1,LS_oracle,0.0534386219972842
0.1,LS_oracle,0.0512950722421133
0.1,LS_oracle,0.0596740299357129
0.1,LS_oracle,0.0640181419538188
0.1,LS_oracle,0.0748755644061207
0.1,LS_oracle,0.0550779705404691
0.1,LS_oracle,0.0480026269438755
0.1,LS_oracle,0.0449154124941092
0.1,LS_oracle,0.0466010414626458
0.1,LS_oracle,0.0742170677448155
0.1,LS_oracle,0.0708085838671617
0.1,LS_oracle,0.0783584993118057
0.1,LS_oracle,0.0616871793086928
0.1,LS_oracle,0.0475355609628411
0.1,LS_oracle,0.0588863704241191
0.1,LS_oracle,0.0410780414059045
0.1,LS_oracle,0.0467133222155516
0.1,LS_oracle,0.0475884780268828
0.1,LS_oracle,0.0518004111055901
0.1,LS_oracle,0.0564267588358222
0.1,LS_oracle,0.0624263739701578
0.1,LS_oracle,0.0539870262455499
0.1,LS_oracle,0.0404598236059618
0.1,LS_oracle,0.048264101093954
0.1,LS_oracle,0.0421868026683326
0.1,LS_oracle,0.0531621583568229
0.1,LS_oracle,0.0365490912640743
0.1,LS_oracle,0.0472757245539998
0.1,LS_oracle,0.0650694597034476
0.1,LS_oracle,0.0670352958824784
0.1,LS_oracle,0.0566388446409766
0.1,LS_oracle,0.0698295518954618
0.1,LS_oracle,0.0873006310772931
0.1,LS_oracle,0.0596473807327325
0.1,LS_oracle,0.051822284884169
0.1,LS_oracle,0.0920339466360824
0.1,LS_oracle,0.0556422648068329
0.1,LS_oracle,0.0573988565807394
0.1,LS_oracle,0.0536613308579676
0.1,LS_oracle,0.0535237163437841
0.1,LS_oracle,0.0601375454254697
0.1,LS_oracle,0.0373450065458829
0.1,LS_oracle,0.050334661208217
0.1,LS_oracle,0.0604633011054858
0.1,LS_oracle,0.0460344037276379
0.1,LS_oracle,0.0496163093342322
0.1,LS_oracle,0.0476207271575945
0.1,LS_oracle,0.0628794684560543
0.1,LS_oracle,0.0809578448877595
0.1,LS_oracle,0.0566652736841267
0.1,LS_oracle,0.0801437571764611
0.1,LS_oracle,0.0487530061819197
0.1,LS_oracle,0.0474401581178538
0.1,LS_oracle,0.0577632823263793
0.1,LS_oracle,0.0594932359728049
0.1,LS_oracle,0.0650783933334806
0.1,LS_oracle,0.0611572182659103
0.1,LS_oracle,0.0652449028225435
0.1,LS_oracle,0.0540424578633233
0.1,LS_oracle,0.08281382760176
0.1,LS_oracle,0.0448275140106631
0.1,LS_oracle,0.0827074448104375
0.1,LS_oracle,0.0309057731918743
0.1,LS_oracle,0.0649492896762941
0.1,LS_oracle,0.0560636469675482
0.1,LS_oracle,0.0446045763666151
0.1,LS_oracle,0.0770627140535597
0.1,LS_oracle,0.0805184698858995
0.1,LS_oracle,0.052311955733627
0.1,LS_oracle,0.053667360667879
0.1,LS_oracle,0.0578375350686104
0.1,LS_oracle,0.0721069788197625
0.1,LS_oracle,0.0483486020792688
0.1,LS_oracle,0.0488224602727483
0.1,LS_oracle,0.0775432529986673
0.1,LS_oracle,0.0439553620096795
0.1,LS_oracle,0.0300919255764517
0.1,LS_oracle,0.0443767331405762
0.1,LS_oracle,0.084968560736043
0.1,LS_oracle,0.049701134732905
0.1,LS_oracle,0.0249656002267448
0.1,LS_oracle,0.077682880127608
0.1,LS_oracle,0.0421935323899019
0.1,LS_oracle,0.0349933955342602
0.1,LS_oracle,0.0555999974064924
0.1,LS_oracle,0.0266842126657566
0.1,LS_oracle,0.0565706968532526
0.1,LS_oracle,0.0613403286717497
0.1,LS_oracle,0.0508876401553725
0.1,LS_oracle,0.0427420052085896
0.1,LS_oracle,0.059704440443053
0.1,LS_oracle,0.0463829318942492
0.1,LS_oracle,0.05075831945283
0.1,LS_oracle,0.0656330196678467
0.1,LS_oracle,0.0318807441633698
0.1,LS_oracle,0.0454470027041191
0.1,LS_oracle,0.0464009749154919
0.1,LS_oracle,0.0450818463034959
0.1,LS_oracle,0.0433684581900108
0.1,LS_oracle,0.0603990671680564
0.1,LS_oracle,0.0593540664809806
0.1,LS_oracle,0.039504273465062
0.1,LS_oracle,0.100372884436835
0.1,LS_oracle,0.0396905001705347
0.1,LS_oracle,0.0527780659035639
0.1,LS_oracle,0.0275722088456211
0.1,LS_oracle,0.0710063322106987
0.1,LS_oracle,0.0578472333605068
0.1,LS_oracle,0.0471785433019913
0.1,LS_oracle,0.0319309489123489
0.1,LS_oracle,0.0515465091852631
0.1,LS_oracle,0.0425034794805285
0.1,LS_oracle,0.0684464330089683
0.1,LS_oracle,0.0240974436237803
0.1,LS_oracle,0.0614338269122629
0.1,LS_oracle,0.040460534766387
0.1,LS_oracle,0.0576997531683293
0.1,LS_oracle,0.04783455387335
0.1,LS_oracle,0.065496452185306
0.1,LS_oracle,0.0591561210576722
0.1,TS_oracle,0.0846445432011303
0.1,TS_oracle,0.0335047374181462
0.1,TS_oracle,0.0512981126086152
0.1,TS_oracle,0.0851975585186365
0.1,TS_oracle,0.0441104763762808
0.1,TS_oracle,0.0809901101784282
0.1,TS_oracle,0.040031597897577
0.1,TS_oracle,0.0367387137690668
0.1,TS_oracle,0.0512633418714785
0.1,TS_oracle,0.0714196261303499
0.1,TS_oracle,0.0412641193892528
0.1,TS_oracle,0.0756270315666936
0.1,TS_oracle,0.0814919333032275
0.1,TS_oracle,0.0625762833530481
0.1,TS_oracle,0.0505039706548895
0.1,TS_oracle,0.0448382730917969
0.1,TS_oracle,0.0632365003791602
0.1,TS_oracle,0.0456505021370301
0.1,TS_oracle,0.0509884523367356
0.1,TS_oracle,0.0534823779004946
0.1,TS_oracle,0.0923456648036688
0.1,TS_oracle,0.0373141938415002
0.1,TS_oracle,0.0497301520887989
0.1,TS_oracle,0.0232878513466546
0.1,TS_oracle,0.0514346939591158
0.1,TS_oracle,0.0534069188929324
0.1,TS_oracle,0.0471349137878476
0.1,TS_oracle,0.0464409076169618
0.1,TS_oracle,0.0333803406683427
0.1,TS_oracle,0.0523794478516437
0.1,TS_oracle,0.056712644345872
0.1,TS_oracle,0.0199085134338198
0.1,TS_oracle,0.074672783830762
0.1,TS_oracle,0.0957759065614131
0.1,TS_oracle,0.0484826800367953
0.1,TS_oracle,0.0515434777163814
0.1,TS_oracle,0.0473291278099263
0.1,TS_oracle,0.0528458698210926
0.1,TS_oracle,0.048585870431345
0.1,TS_oracle,0.0948109973275018
0.1,TS_oracle,0.0602213631092828
0.1,TS_oracle,0.0512615141147608
0.1,TS_oracle,0.0504423385593376
0.1,TS_oracle,0.0381607246298129
0.1,TS_oracle,0.0532162124400945
0.1,TS_oracle,0.0628978393757065
0.1,TS_oracle,0.0462809417416339
0.1,TS_oracle,0.0546424022358638
0.1,TS_oracle,0.0682165220776398
0.1,TS_oracle,0.0876652208720656
0.1,TS_oracle,0.0393007192283726
0.1,TS_oracle,0.0421943704786293
0.1,TS_oracle,0.0628312796203101
0.1,TS_oracle,0.0461209693240924
0.1,TS_oracle,0.050341269999127
0.1,TS_oracle,0.0351192357572673
0.1,TS_oracle,0.0536562467203873
0.1,TS_oracle,0.0587627590204725
0.1,TS_oracle,0.0452980619668987
0.1,TS_oracle,0.045966379700064
0.1,TS_oracle,0.0451089187822923
0.1,TS_oracle,0.0432393833556495
0.1,TS_oracle,0.0815236171806631
0.1,TS_oracle,0.0471666259435548
0.1,TS_oracle,0.042048368217155
0.1,TS_oracle,0.089044368714048
0.1,TS_oracle,0.055053357238003
0.1,TS_oracle,0.0659723066021185
0.1,TS_oracle,0.075828566281289
0.1,TS_oracle,0.0296911826601867
0.1,TS_oracle,0.0646271910686139
0.1,TS_oracle,0.029323405456184
0.1,TS_oracle,0.0365382931187953
0.1,TS_oracle,0.0609138336002943
0.1,TS_oracle,0.0390111996719125
0.1,TS_oracle,0.0418739275435519
0.1,TS_oracle,0.0651981884515409
0.1,TS_oracle,0.0341765035425829
0.1,TS_oracle,0.0657241995525837
0.1,TS_oracle,0.0555011621316442
0.1,TS_oracle,0.0529126857856668
0.1,TS_oracle,0.0524505478904051
0.1,TS_oracle,0.0600277492202961
0.1,TS_oracle,0.0639610418954101
0.1,TS_oracle,0.0748039634764634
0.1,TS_oracle,0.0561616562361713
0.1,TS_oracle,0.0480236621199066
0.1,TS_oracle,0.0442419595250955
0.1,TS_oracle,0.0449379872370855
0.1,TS_oracle,0.0757640159515967
0.1,TS_oracle,0.0705235604149508
0.1,TS_oracle,0.0784073319283446
0.1,TS_oracle,0.0608112118395526
0.1,TS_oracle,0.0481415946435398
0.1,TS_oracle,0.0599928153309993
0.1,TS_oracle,0.0408777071574274
0.1,TS_oracle,0.0454788400294145
0.1,TS_oracle,0.046538112842299
0.1,TS_oracle,0.0494231229111876
0.1,TS_oracle,0.0560711454396357
0.1,TS_oracle,0.063318914615609
0.1,TS_oracle,0.0544026753891619
0.1,TS_oracle,0.0403995132754264
0.1,TS_oracle,0.0499868309028969
0.1,TS_oracle,0.0415806053276129
0.1,TS_oracle,0.0516721384782535
0.1,TS_oracle,0.0347221913991135
0.1,TS_oracle,0.0477366357968209
0.1,TS_oracle,0.0647071684027136
0.1,TS_oracle,0.0691705536962694
0.1,TS_oracle,0.0569453858242484
0.1,TS_oracle,0.0710834785213261
0.1,TS_oracle,0.0871769962506128
0.1,TS_oracle,0.0586676315075985
0.1,TS_oracle,0.0532123475272201
0.1,TS_oracle,0.0928550520973582
0.1,TS_oracle,0.0551032793714717
0.1,TS_oracle,0.0596770224088407
0.1,TS_oracle,0.0537148712164081
0.1,TS_oracle,0.0544423770809831
0.1,TS_oracle,0.0595394578701772
0.1,TS_oracle,0.0369446415038939
0.1,TS_oracle,0.0492333752616205
0.1,TS_oracle,0.0598896950648434
0.1,TS_oracle,0.0463460153432558
0.1,TS_oracle,0.0494613027935486
0.1,TS_oracle,0.0476103001532381
0.1,TS_oracle,0.0612011266678516
0.1,TS_oracle,0.0809825190500322
0.1,TS_oracle,0.0582606518379562
0.1,TS_oracle,0.080127497861793
0.1,TS_oracle,0.0484442040413036
0.1,TS_oracle,0.0477267270612007
0.1,TS_oracle,0.0585337156337755
0.1,TS_oracle,0.058507974099151
0.1,TS_oracle,0.0642039155545243
0.1,TS_oracle,0.0617010765764301
0.1,TS_oracle,0.0647320611214395
0.1,TS_oracle,0.0543052274451804
0.1,TS_oracle,0.0824899443181244
0.1,TS_oracle,0.0454237764671977
0.1,TS_oracle,0.0837724777089771
0.1,TS_oracle,0.0317836156094211
0.1,TS_oracle,0.0647964020047723
0.1,TS_oracle,0.0555792366668243
0.1,TS_oracle,0.0445918011361646
0.1,TS_oracle,0.0780839697811228
0.1,TS_oracle,0.0813693444780721
0.1,TS_oracle,0.0524247370496633
0.1,TS_oracle,0.0533865102028633
0.1,TS_oracle,0.0577016869527767
0.1,TS_oracle,0.071714048794547
0.1,TS_oracle,0.0477551806698482
0.1,TS_oracle,0.0471706446901952
0.1,TS_oracle,0.0771751602768611
0.1,TS_oracle,0.0435613408268991
0.1,TS_oracle,0.0301388810732355
0.1,TS_oracle,0.0436160083117595
0.1,TS_oracle,0.0853688066030721
0.1,TS_oracle,0.0496796885337598
0.1,TS_oracle,0.0255174846444224
0.1,TS_oracle,0.0783150480034867
0.1,TS_oracle,0.0424970087929706
0.1,TS_oracle,0.0357359762479057
0.1,TS_oracle,0.0552664143670071
0.1,TS_oracle,0.026272271908837
0.1,TS_oracle,0.0547083313753882
0.1,TS_oracle,0.0610154126211654
0.1,TS_oracle,0.0511784326141835
0.1,TS_oracle,0.0419900841929027
0.1,TS_oracle,0.0596626598043449
0.1,TS_oracle,0.0463751503068704
0.1,TS_oracle,0.0503371844660198
0.1,TS_oracle,0.0643772153935865
0.1,TS_oracle,0.0319017175036483
0.1,TS_oracle,0.0442064991368164
0.1,TS_oracle,0.045380088830069
0.1,TS_oracle,0.0447121014429308
0.1,TS_oracle,0.0435169354176722
0.1,TS_oracle,0.0602696401015463
0.1,TS_oracle,0.0589447278471911
0.1,TS_oracle,0.0390849601602649
0.1,TS_oracle,0.100358649627504
0.1,TS_oracle,0.0398486789227605
0.1,TS_oracle,0.0528647228934474
0.1,TS_oracle,0.027558515136252
0.1,TS_oracle,0.0707520431258859
0.1,TS_oracle,0.0579733521529141
0.1,TS_oracle,0.0477598835486718
0.1,TS_oracle,0.031865044978308
0.1,TS_oracle,0.0510669935716958
0.1,TS_oracle,0.0437864479477399
0.1,TS_oracle,0.0695427530237639
0.1,TS_oracle,0.0243193712584926
0.1,TS_oracle,0.0607132482117239
0.1,TS_oracle,0.0400625429746691
0.1,TS_oracle,0.0569785316553503
0.1,TS_oracle,0.0480787421889594
0.1,TS_oracle,0.0666982987134387
0.1,TS_oracle,0.0593924312390189
0.2,PLS,0.0521108397609411
0.2,PLS,0.0387645678689394
0.2,PLS,0.0387826957210554
0.2,PLS,0.0439253249898932
0.2,PLS,0.0728029047078055
0.2,PLS,0.0457074885438754
0.2,PLS,0.0604717432495446
0.2,PLS,0.061242583390516
0.2,PLS,0.0863649882728261
0.2,PLS,0.0683114495663363
0.2,PLS,0.0575767508941927
0.2,PLS,0.0519223243223123
0.2,PLS,0.0397609944185335
0.2,PLS,0.0498848195793076
0.2,PLS,0.0931153304363097
0.2,PLS,0.0612858523034576
0.2,PLS,0.0705817310947272
0.2,PLS,0.0439823767565393
0.2,PLS,0.0681243907223433
0.2,PLS,0.0650169272275779
0.2,PLS,0.0492304936890971
0.2,PLS,0.0482990905538083
0.2,PLS,0.053032774511368
0.2,PLS,0.0696895237679087
0.2,PLS,0.039604235872615
0.2,PLS,0.0520926666046005
0.2,PLS,0.0362243345782235
0.2,PLS,0.0530311128800645
0.2,PLS,0.0811758213052965
0.2,PLS,0.0457929423143365
0.2,PLS,0.0534539089538198
0.2,PLS,0.0531988461632434
0.2,PLS,0.0597296221172203
0.2,PLS,0.0251041139541714
0.2,PLS,0.0910526083841117
0.2,PLS,0.0586763634088847
0.2,PLS,0.0626334259437198
0.2,PLS,0.0798674333446392
0.2,PLS,0.0429395932301125
0.2,PLS,0.0419047811316748
0.2,PLS,0.0576043237927232
0.2,PLS,0.0518624271475278
0.2,PLS,0.0915495415687932
0.2,PLS,0.0490043124123322
0.2,PLS,0.102684544717303
0.2,PLS,0.066220098450424
0.2,PLS,0.0358435700224562
0.2,PLS,0.0569499410078058
0.2,PLS,0.0515866842038696
0.2,PLS,0.0531262984897282
0.2,PLS,0.0566019747637424
0.2,PLS,0.0664229288645567
0.2,PLS,0.0498168031173754
0.2,PLS,0.0355215430540192
0.2,PLS,0.0628855673618805
0.2,PLS,0.0666403634051806
0.2,PLS,0.0254167821034573
0.2,PLS,0.060941235742801
0.2,PLS,0.0291847113678303
0.2,PLS,0.0487235100741648
0.2,PLS,0.0549013821542279
0.2,PLS,0.0964850760496402
0.2,PLS,0.0881882311080211
0.2,PLS,0.068878628137325
0.2,PLS,0.0531232272092332
0.2,PLS,0.0592181895714326
0.2,PLS,0.0499383335543807
0.2,PLS,0.0813756961921365
0.2,PLS,0.0968227631410104
0.2,PLS,0.0535728163791697
0.2,PLS,0.0482665169082293
0.2,PLS,0.0438879540211437
0.2,PLS,0.06171482363532
0.2,PLS,0.0502905644747942
0.2,PLS,0.0677063885377447
0.2,PLS,0.0563036715680332
0.2,PLS,0.0281070104959588
0.2,PLS,0.0632876919311845
0.2,PLS,0.0398094879989316
0.2,PLS,0.0459271799078041
0.2,PLS,0.0540811554419739
0.2,PLS,0.0778920391991898
0.2,PLS,0.0322345118028751
0.2,PLS,0.0483126629794515
0.2,PLS,0.0551487650973189
0.2,PLS,0.0315271965804473
0.2,PLS,0.0496064781036427
0.2,PLS,0.0376141046578205
0.2,PLS,0.0521921747829824
0.2,PLS,0.0797188399482683
0.2,PLS,0.0425313401767582
0.2,PLS,0.0607512712857764
0.2,PLS,0.0754708327644465
0.2,PLS,0.0461146365610876
0.2,PLS,0.0429843118799711
0.2,PLS,0.0245962024036734
0.2,PLS,0.116387510843045
0.2,PLS,0.0557332228937371
0.2,PLS,0.0804194799676739
0.2,PLS,0.0605127190713566
0.2,PLS,0.0795038557319436
0.2,PLS,0.0553521794510427
0.2,PLS,0.0390287315373596
0.2,PLS,0.0315972083637891
0.2,PLS,0.0514372468547784
0.2,PLS,0.0590180500946229
0.2,PLS,0.040433601699225
0.2,PLS,0.0520446517734197
0.2,PLS,0.0644317645537335
0.2,PLS,0.046318028844296
0.2,PLS,0.031009837747297
0.2,PLS,0.0248846133903808
0.2,PLS,0.0805669478789657
0.2,PLS,0.07341406918006
0.2,PLS,0.0569030651136597
0.2,PLS,0.055317556596633
0.2,PLS,0.047307285281181
0.2,PLS,0.0238737838027122
0.2,PLS,0.0511350844517166
0.2,PLS,0.0668893455777691
0.2,PLS,0.0598332721361664
0.2,PLS,0.0538717715118342
0.2,PLS,0.0665863614027262
0.2,PLS,0.0464368367986537
0.2,PLS,0.0723537768392713
0.2,PLS,0.0428670628933785
0.2,PLS,0.0688260457330554
0.2,PLS,0.0667342431095178
0.2,PLS,0.047820834959725
0.2,PLS,0.0379427888357646
0.2,PLS,0.0477646736624582
0.2,PLS,0.0322186602658443
0.2,PLS,0.0342146839824631
0.2,PLS,0.0467601946321069
0.2,PLS,0.0634629196465868
0.2,PLS,0.0573893190879285
0.2,PLS,0.0872491075807897
0.2,PLS,0.0609600313631499
0.2,PLS,0.0274132190532013
0.2,PLS,0.101768803654418
0.2,PLS,0.0535284264156687
0.2,PLS,0.0510169296293852
0.2,PLS,0.0628394378476969
0.2,PLS,0.0595635192903008
0.2,PLS,0.0613993587314566
0.2,PLS,0.0281492315334887
0.2,PLS,0.0769491503884423
0.2,PLS,0.0392770324595938
0.2,PLS,0.0963259793333551
0.2,PLS,0.0321544498412708
0.2,PLS,0.0658629299105627
0.2,PLS,0.0671412463184139
0.2,PLS,0.042475702071853
0.2,PLS,0.0329415680180027
0.2,PLS,0.0490059239733961
0.2,PLS,0.0602293247247921
0.2,PLS,0.0436645727846578
0.2,PLS,0.0554182849239169
0.2,PLS,0.064870687219379
0.2,PLS,0.0541360243672017
0.2,PLS,0.0545680157681003
0.2,PLS,0.0368801726243671
0.2,PLS,0.0416371362079085
0.2,PLS,0.0547035984677746
0.2,PLS,0.0573426668413488
0.2,PLS,0.0646616939315064
0.2,PLS,0.0568364741780371
0.2,PLS,0.0369543580137472
0.2,PLS,0.0454147078423817
0.2,PLS,0.045817082292146
0.2,PLS,0.0347654394136588
0.2,PLS,0.0341447925786945
0.2,PLS,0.0842348376622784
0.2,PLS,0.0552154310188576
0.2,PLS,0.0570296103155147
0.2,PLS,0.0411229266511016
0.2,PLS,0.0683876908427211
0.2,PLS,0.0813612613418466
0.2,PLS,0.0477589617305435
0.2,PLS,0.0676278385750484
0.2,PLS,0.0958542890761816
0.2,PLS,0.0493907652179315
0.2,PLS,0.0702745360090977
0.2,PLS,0.0423917462414517
0.2,PLS,0.0548150017465183
0.2,PLS,0.0381119496678671
0.2,PLS,0.0518786670792009
0.2,PLS,0.0640670888539534
0.2,PLS,0.0427412255823759
0.2,PLS,0.0320502430175267
0.2,PLS,0.0406261316353948
0.2,PLS,0.0618335238619016
0.2,PLS,0.0751346533182673
0.2,PLS,0.0709065365961782
0.2,PLS,0.0746250326134595
0.2,PLS,0.0401687286508299
0.2,PLS,0.0499618685465343
0.2,PLS,0.0461278297644262
0.2,PLS,0.0558713606017993
0.2,PLS,0.06632870393852
0.2,fTS,0.0491180307392437
0.2,fTS,0.0422404232060074
0.2,fTS,0.0395793333389295
0.2,fTS,0.0408475367039995
0.2,fTS,0.0710014195006484
0.2,fTS,0.0458627267819611
0.2,fTS,0.0605393127382075
0.2,fTS,0.0615495222166351
0.2,fTS,0.0876866091144151
0.2,fTS,0.0654846419249926
0.2,fTS,0.0596368738191692
0.2,fTS,0.0519274054608516
0.2,fTS,0.0383308792485775
0.2,fTS,0.0506817650651218
0.2,fTS,0.0870331120368408
0.2,fTS,0.0595109718361634
0.2,fTS,0.0679705704966442
0.2,fTS,0.0433421606101558
0.2,fTS,0.064680912868133
0.2,fTS,0.0650972684269418
0.2,fTS,0.0491257648377015
0.2,fTS,0.0468888501448931
0.2,fTS,0.0502448686036187
0.2,fTS,0.0662184146586469
0.2,fTS,0.0413109665494298
0.2,fTS,0.051688072659578
0.2,fTS,0.0373784699115447
0.2,fTS,0.0501519442426744
0.2,fTS,0.0791655292267402
0.2,fTS,0.0454776927545861
0.2,fTS,0.0528656256491509
0.2,fTS,0.0546408536106139
0.2,fTS,0.0604280101797342
0.2,fTS,0.0248815179089949
0.2,fTS,0.0935278423997506
0.2,fTS,0.0583456048023308
0.2,fTS,0.0601581342956062
0.2,fTS,0.0828658450452761
0.2,fTS,0.0414478275461392
0.2,fTS,0.0448894096123218
0.2,fTS,0.0584747585205776
0.2,fTS,0.0471192891904899
0.2,fTS,0.0878576418669717
0.2,fTS,0.0488645453992455
0.2,fTS,0.102135835165868
0.2,fTS,0.0670010821646058
0.2,fTS,0.0354029918952334
0.2,fTS,0.0564284130087256
0.2,fTS,0.0524036446513904
0.2,fTS,0.052852140229315
0.2,fTS,0.0502605313187025
0.2,fTS,0.0629906147621548
0.2,fTS,0.0501460194585288
0.2,fTS,0.0386898220845172
0.2,fTS,0.0651498620268012
0.2,fTS,0.061245760174795
0.2,fTS,0.0251642988903201
0.2,fTS,0.057818105023257
0.2,fTS,0.0262630663470919
0.2,fTS,0.0469755869719065
0.2,fTS,0.0552498304237981
0.2,fTS,0.0984812898016555
0.2,fTS,0.0852601658314009
0.2,fTS,0.0683966120768977
0.2,fTS,0.0512363083217153
0.2,fTS,0.0584545483330106
0.2,fTS,0.0496036145358647
0.2,fTS,0.0800265784833047
0.2,fTS,0.0950443106778354
0.2,fTS,0.0482315876158135
0.2,fTS,0.0483597343987234
0.2,fTS,0.0420307367641838
0.2,fTS,0.0631620695440294
0.2,fTS,0.0492111427013708
0.2,fTS,0.0673300443297417
0.2,fTS,0.0555266595344822
0.2,fTS,0.0284322146958936
0.2,fTS,0.0629437835417614
0.2,fTS,0.038222187778642
0.2,fTS,0.0438164075782808
0.2,fTS,0.0501607724639443
0.2,fTS,0.067968198844813
0.2,fTS,0.0295712945714414
0.2,fTS,0.0473000902051208
0.2,fTS,0.0570408755204707
0.2,fTS,0.0310402813820974
0.2,fTS,0.0472681024908209
0.2,fTS,0.0351389225241217
0.2,fTS,0.0529301226134079
0.2,fTS,0.0784821758905553
0.2,fTS,0.0439851294330626
0.2,fTS,0.0638911993954149
0.2,fTS,0.0740381385722626
0.2,fTS,0.0444156334128318
0.2,fTS,0.0439801053357626
0.2,fTS,0.0276647878186686
0.2,fTS,0.115098281471837
0.2,fTS,0.0519712408047283
0.2,fTS,0.0772403597192301
0.2,fTS,0.0618853792751063
0.2,fTS,0.0781521781382037
0.2,fTS,0.0533496910202914
0.2,fTS,0.0416756823160291
0.2,fTS,0.029952805655728
0.2,fTS,0.0516714561370811
0.2,fTS,0.0527283010645285
0.2,fTS,0.0410759737249899
0.2,fTS,0.0549096877006653
0.2,fTS,0.0703830125837049
0.2,fTS,0.0451068578444103
0.2,fTS,0.0301831768657782
0.2,fTS,0.0255117065455306
0.2,fTS,0.0828418096294204
0.2,fTS,0.0722702585438315
0.2,fTS,0.0568340843162393
0.2,fTS,0.0545543590204054
0.2,fTS,0.0462382809771994
0.2,fTS,0.0225466362175434
0.2,fTS,0.0456422841320095
0.2,fTS,0.0655071007303089
0.2,fTS,0.0578865728865167
0.2,fTS,0.0546466793000335
0.2,fTS,0.0672146226013795
0.2,fTS,0.047039757074359
0.2,fTS,0.0712541681228639
0.2,fTS,0.0454321194761419
0.2,fTS,0.0681775936272447
0.2,fTS,0.0624717414449687
0.2,fTS,0.0450305198569692
0.2,fTS,0.0383103983360313
0.2,fTS,0.0467788303635489
0.2,fTS,0.0326519878600819
0.2,fTS,0.0335629983075389
0.2,fTS,0.0440283016710552
0.2,fTS,0.061795164786862
0.2,fTS,0.055420865648715
0.2,fTS,0.082355910754806
0.2,fTS,0.062982768165508
0.2,fTS,0.027065723389184
0.2,fTS,0.10004627415883
0.2,fTS,0.0541144947510355
0.2,fTS,0.0507299236193976
0.2,fTS,0.060836738708926
0.2,fTS,0.0546065647071145
0.2,fTS,0.0674660490684261
0.2,fTS,0.0275039213969575
0.2,fTS,0.0761100984022838
0.2,fTS,0.0401586283480182
0.2,fTS,0.0987098384715602
0.2,fTS,0.0307033687273073
0.2,fTS,0.0660756237521759
0.2,fTS,0.0662441256687963
0.2,fTS,0.0426433405636413
0.2,fTS,0.0339125140184209
0.2,fTS,0.0496420677991954
0.2,fTS,0.0592271335130847
0.2,fTS,0.0437000639950917
0.2,fTS,0.0559299408358508
0.2,fTS,0.0675054820119395
0.2,fTS,0.0529820516625858
0.2,fTS,0.0538488722607159
0.2,fTS,0.03568804424788
0.2,fTS,0.0417570466500643
0.2,fTS,0.0524043278277401
0.2,fTS,0.058673636205134
0.2,fTS,0.0620202361363628
0.2,fTS,0.062685993491949
0.2,fTS,0.036537441622511
0.2,fTS,0.0434091117618231
0.2,fTS,0.0450792906042338
0.2,fTS,0.0344968790547367
0.2,fTS,0.0340835579953793
0.2,fTS,0.0847834295428942
0.2,fTS,0.0556747681088446
0.2,fTS,0.0573667625675568
0.2,fTS,0.0425631984304743
0.2,fTS,0.0673586644020878
0.2,fTS,0.0750417822778763
0.2,fTS,0.0472590443994045
0.2,fTS,0.0666527127867202
0.2,fTS,0.095719806203904
0.2,fTS,0.0464275336516555
0.2,fTS,0.0697588151171575
0.2,fTS,0.042134332016348
0.2,fTS,0.0558004516464017
0.2,fTS,0.0395642460047364
0.2,fTS,0.0504473158798775
0.2,fTS,0.0638762883800805
0.2,fTS,0.0463595565738652
0.2,fTS,0.0337058864020172
0.2,fTS,0.0392005225483645
0.2,fTS,0.0572365569565808
0.2,fTS,0.0764245393874923
0.2,fTS,0.0678978161927813
0.2,fTS,0.0799281689556888
0.2,fTS,0.0395946946634912
0.2,fTS,0.0474304313279272
0.2,fTS,0.0456371054707735
0.2,fTS,0.0553679404982595
0.2,fTS,0.0656844975921116
0.2,LS_oracle,0.0521226368295182
0.2,LS_oracle,0.0387248887877052
0.2,LS_oracle,0.0388322738516393
0.2,LS_oracle,0.0438930882881024
0.2,LS_oracle,0.0729850737606503
0.2,LS_oracle,0.0454537267267722
0.2,LS_oracle,0.0605480701112302
0.2,LS_oracle,0.0609270415446797
0.2,LS_oracle,0.0863916738019383
0.2,LS_oracle,0.0685349890970628
0.2,LS_oracle,0.0575105995134699
0.2,LS_oracle,0.052058278741533
0.2,LS_oracle,0.0397291674726034
0.2,LS_oracle,0.04987959806201
0.2,LS_oracle,0.0924475140599085
0.2,LS_oracle,0.0614797733774484
0.2,LS_oracle,0.0706341443767646
0.2,LS_oracle,0.0440199227637484
0.2,LS_oracle,0.068136222645902
0.2,LS_oracle,0.0650360491844698
0.2,LS_oracle,0.0490797671262182
0.2,LS_oracle,0.0483311001888014
0.2,LS_oracle,0.0530451006575259
0.2,LS_oracle,0.0696075487253839
0.2,LS_oracle,0.0396469241003074
0.2,LS_oracle,0.0520899642761212
0.2,LS_oracle,0.036250369201596
0.2,LS_oracle,0.0530353735866963
0.2,LS_oracle,0.0812157856687981
0.2,LS_oracle,0.0457122896858292
0.2,LS_oracle,0.0534241327576702
0.2,LS_oracle,0.0532661138733703
0.2,LS_oracle,0.0601041848147382
0.2,LS_oracle,0.0249914120643689
0.2,LS_oracle,0.091148791811163
0.2,LS_oracle,0.0586789402724694
0.2,LS_oracle,0.0626180792055763
0.2,LS_oracle,0.0796965700432029
0.2,LS_oracle,0.0429737783900625
0.2,LS_oracle,0.0420352281336438
0.2,LS_oracle,0.057884566135873
0.2,LS_oracle,0.0518356566218425
0.2,LS_oracle,0.091030327517956
0.2,LS_oracle,0.0491313857263364
0.2,LS_oracle,0.103380736571265
0.2,LS_oracle,0.0662080268313332
0.2,LS_oracle,0.0354934067639672
0.2,LS_oracle,0.057027225710216
0.2,LS_oracle,0.051593511556155
0.2,LS_oracle,0.0531189180393505
0.2,LS_oracle,0.0544704728783467
0.2,LS_oracle,0.0652940752827711
0.2,LS_oracle,0.0498467349359516
0.2,LS_oracle,0.035608357717473
0.2,LS_oracle,0.063068605980994
0.2,LS_oracle,0.0661825994233193
0.2,LS_oracle,0.0254177019113789
0.2,LS_oracle,0.0612296922494534
0.2,LS_oracle,0.029406351740728
0.2,LS_oracle,0.0486111389148788
0.2,LS_oracle,0.0549453728646571
0.2,LS_oracle,0.0964080660555667
0.2,LS_oracle,0.0881450056423193
0.2,LS_oracle,0.0686248707653062
0.2,LS_oracle,0.0530933051125446
0.2,LS_oracle,0.0592144126549954
0.2,LS_oracle,0.0499869253939549
0.2,LS_oracle,0.0814012200520119
0.2,LS_oracle,0.0968329162642622
0.2,LS_oracle,0.0537800870799953
0.2,LS_oracle,0.0482545508223426
0.2,LS_oracle,0.0439554913317624
0.2,LS_oracle,0.0612634056589512
0.2,LS_oracle,0.0502686865816164
0.2,LS_oracle,0.0679620978913863
0.2,LS_oracle,0.0560729931142184
0.2,LS_oracle,0.0281121022469338
0.2,LS_oracle,0.0631398264689712
0.2,LS_oracle,0.039874737388998
0.2,LS_oracle,0.0462134119851949
0.2,LS_oracle,0.0540139265150954
0.2,LS_oracle,0.0761999302040047
0.2,LS_oracle,0.0323340928651863
0.2,LS_oracle,0.0483168718205905
0.2,LS_oracle,0.0549103497645346
0.2,LS_oracle,0.0315285969498719
0.2,LS_oracle,0.0496064517130456
0.2,LS_oracle,0.0376005426671314
0.2,LS_oracle,0.0520833746080564
0.2,LS_oracle,0.0797233252144399
0.2,LS_oracle,0.0422957192419547
0.2,LS_oracle,0.0610624395943058
0.2,LS_oracle,0.0757003096539896
0.2,LS_oracle,0.0463046177347518
0.2,LS_oracle,0.043086657841994
0.2,LS_oracle,0.0248563651117515
0.2,LS_oracle,0.116496049286472
0.2,LS_oracle,0.0557220219123214
0.2,LS_oracle,0.0810179009759349
0.2,LS_oracle,0.0605558633861425
0.2,LS_oracle,0.0794833517876128
0.2,LS_oracle,0.0552132636075601
0.2,LS_oracle,0.0390131865386449
0.2,LS_oracle,0.0315999770635674
0.2,LS_oracle,0.0515980684961959
0.2,LS_oracle,0.0594123493012905
0.2,LS_oracle,0.0398357850556962
0.2,LS_oracle,0.0520967925508042
0.2,LS_oracle,0.0644185407129571
0.2,LS_oracle,0.0461468269058463
0.2,LS_oracle,0.0310155509636514
0.2,LS_oracle,0.0249587090731446
0.2,LS_oracle,0.0805200347884577
0.2,LS_oracle,0.0735414980334136
0.2,LS_oracle,0.0569595648075669
0.2,LS_oracle,0.0551519398664793
0.2,LS_oracle,0.0472903668132399
0.2,LS_oracle,0.0238223518253284
0.2,LS_oracle,0.0510680755635759
0.2,LS_oracle,0.0668885026956382
0.2,LS_oracle,0.0598374478399747
0.2,LS_oracle,0.054083580913829
0.2,LS_oracle,0.0662778706018144
0.2,LS_oracle,0.0464355530180139
0.2,LS_oracle,0.0723496534287339
0.2,LS_oracle,0.0429617566049903
0.2,LS_oracle,0.0687485857562922
0.2,LS_oracle,0.0667758331648008
0.2,LS_oracle,0.047842183526335
0.2,LS_oracle,0.0378018292563101
0.2,LS_oracle,0.0484199316589144
0.2,LS_oracle,0.0321791528785201
0.2,LS_oracle,0.0342207548622342
0.2,LS_oracle,0.0470845231042587
0.2,LS_oracle,0.0634548999264442
0.2,LS_oracle,0.0569764824174931
0.2,LS_oracle,0.0873051597466882
0.2,LS_oracle,0.0611974188633185
0.2,LS_oracle,0.0273889177091077
0.2,LS_oracle,0.102100123911053
0.2,LS_oracle,0.0535639576595643
0.2,LS_oracle,0.051016449825078
0.2,LS_oracle,0.0628116442084642
0.2,LS_oracle,0.0595793020393871
0.2,LS_oracle,0.0614107763625979
0.2,LS_oracle,0.0282004522183991
0.2,LS_oracle,0.0772572705060839
0.2,LS_oracle,0.0392725755439201
0.2,LS_oracle,0.0966086519986449
0.2,LS_oracle,0.0320193499621559
0.2,LS_oracle,0.0659188793757872
0.2,LS_oracle,0.0671667076933168
0.2,LS_oracle,0.0424925743016104
0.2,LS_oracle,0.033110107700821
0.2,LS_oracle,0.0489474475273584
0.2,LS_oracle,0.0601946747230294
0.2,LS_oracle,0.0446487446471156
0.2,LS_oracle,0.0554716512197326
0.2,LS_oracle,0.0648360968764505
0.2,LS_oracle,0.0537704595644527
0.2,LS_oracle,0.054755685109206
0.2,LS_oracle,0.0368603256990412
0.2,LS_oracle,0.0415926219254314
0.2,LS_oracle,0.0545328318063326
0.2,LS_oracle,0.0576747442728464
0.2,LS_oracle,0.0648839837101184
0.2,LS_oracle,0.056853636923456
0.2,LS_oracle,0.0369639701214375
0.2,LS_oracle,0.0453318850804002
0.2,LS_oracle,0.0456979305825592
0.2,LS_oracle,0.0351698589512701
0.2,LS_oracle,0.0340857999524366
0.2,LS_oracle,0.0839133618130111
0.2,LS_oracle,0.0552537322667634
0.2,LS_oracle,0.0578123849572657
0.2,LS_oracle,0.0411125479064521
0.2,LS_oracle,0.0680889807143913
0.2,LS_oracle,0.0811368764367292
0.2,LS_oracle,0.0477542288073581
0.2,LS_oracle,0.0678126757834348
0.2,LS_oracle,0.0959725902683628
0.2,LS_oracle,0.0494356394694107
0.2,LS_oracle,0.070241032321057
0.2,LS_oracle,0.0424671346538073
0.2,LS_oracle,0.0551293043343143
0.2,LS_oracle,0.0380920205257316
0.2,LS_oracle,0.0518785575974512
0.2,LS_oracle,0.0646704198477799
0.2,LS_oracle,0.0427834629649617
0.2,LS_oracle,0.0320509360000037
0.2,LS_oracle,0.040609285254543
0.2,LS_oracle,0.062389449652693
0.2,LS_oracle,0.0753527296157066
0.2,LS_oracle,0.0708941701812104
0.2,LS_oracle,0.0747583444933109
0.2,LS_oracle,0.04020208219309
0.2,LS_oracle,0.0499019589798429
0.2,LS_oracle,0.0461268507797951
0.2,LS_oracle,0.0560000184419925
0.2,LS_oracle,0.0664610522950573
0.2,TS_oracle,0.0491232359057835
0.2,TS_oracle,0.0422008411681407
0.2,TS_oracle,0.0399163658518585
0.2,TS_oracle,0.0408314569249993
0.2,TS_oracle,0.0711059758468879
0.2,TS_oracle,0.0458147210517479
0.2,TS_oracle,0.0605376799132714
0.2,TS_oracle,0.0613803855348865
0.2,TS_oracle,0.0877341091363631
0.2,TS_oracle,0.0656183656317105
0.2,TS_oracle,0.059602381079047
0.2,TS_oracle,0.0520264015286
0.2,TS_oracle,0.0383085868535286
0.2,TS_oracle,0.0506780700877411
0.2,TS_oracle,0.0868344954278058
0.2,TS_oracle,0.0595215540171254
0.2,TS_oracle,0.0679957850403664
0.2,TS_oracle,0.0433345852784163
0.2,TS_oracle,0.0646742789426408
0.2,TS_oracle,0.0650796692005503
0.2,TS_oracle,0.0490790315937543
0.2,TS_oracle,0.0468845756102473
0.2,TS_oracle,0.0502554161398952
0.2,TS_oracle,0.0661880128245522
0.2,TS_oracle,0.0413301996164024
0.2,TS_oracle,0.0513270602538013
0.2,TS_oracle,0.0373920429649812
0.2,TS_oracle,0.050155627283231
0.2,TS_oracle,0.0791879286090819
0.2,TS_oracle,0.0454536406339108
0.2,TS_oracle,0.0528473349857317
0.2,TS_oracle,0.0546877437996851
0.2,TS_oracle,0.0606683588233611
0.2,TS_oracle,0.0248589058098451
0.2,TS_oracle,0.0934867870185624
0.2,TS_oracle,0.0583537539218741
0.2,TS_oracle,0.0601880556248464
0.2,TS_oracle,0.0827542420807887
0.2,TS_oracle,0.0414555288114608
0.2,TS_oracle,0.0449959299686694
0.2,TS_oracle,0.0586509574292006
0.2,TS_oracle,0.0471137696341992
0.2,TS_oracle,0.0876487193180116
0.2,TS_oracle,0.0490011251467825
0.2,TS_oracle,0.10256405416371
0.2,TS_oracle,0.0669977117890953
0.2,TS_oracle,0.0351739724468737
0.2,TS_oracle,0.0564575118293742
0.2,TS_oracle,0.0524001418407331
0.2,TS_oracle,0.0528432612414125
0.2,TS_oracle,0.0500479117523966
0.2,TS_oracle,0.0626675755651551
0.2,TS_oracle,0.0501753798512569
0.2,TS_oracle,0.0388039364536812
0.2,TS_oracle,0.0652722738408291
0.2,TS_oracle,0.0610207146890634
0.2,TS_oracle,0.0251649088219402
0.2,TS_oracle,0.0580992956250404
0.2,TS_oracle,0.0264801013847944
0.2,TS_oracle,0.046923721352823
0.2,TS_oracle,0.0552651854210381
0.2,TS_oracle,0.0984314520355092
0.2,TS_oracle,0.085240617944318
0.2,TS_oracle,0.0683462814586874
0.2,TS_oracle,0.0512180195710376
0.2,TS_oracle,0.0584455398286929
0.2,TS_oracle,0.049632389048112
0.2,TS_oracle,0.0800503599601458
0.2,TS_oracle,0.0950536990695235
0.2,TS_oracle,0.0485669969391446
0.2,TS_oracle,0.0483560271892462
0.2,TS_oracle,0.042042681296667
0.2,TS_oracle,0.0629010783005099
0.2,TS_oracle,0.0492000409712717
0.2,TS_oracle,0.0674448203218831
0.2,TS_oracle,0.0554893324929226
0.2,TS_oracle,0.0284416518762887
0.2,TS_oracle,0.0627874397169656
0.2,TS_oracle,0.038258199051266
0.2,TS_oracle,0.0439483515163605
0.2,TS_oracle,0.0500973146135889
0.2,TS_oracle,0.0671943358194824
0.2,TS_oracle,0.029637725429748
0.2,TS_oracle,0.047066297188236
0.2,TS_oracle,0.05693922075313
0.2,TS_oracle,0.0310603873851485
0.2,TS_oracle,0.0472681801226253
0.2,TS_oracle,0.0351374796938823
0.2,TS_oracle,0.0528303900078375
0.2,TS_oracle,0.078434472081672
0.2,TS_oracle,0.0437951090024248
0.2,TS_oracle,0.0641336386550327
0.2,TS_oracle,0.0738027642412326
0.2,TS_oracle,0.0445939108030564
0.2,TS_oracle,0.0439410674915301
0.2,TS_oracle,0.0280065100106804
0.2,TS_oracle,0.115080457474999
0.2,TS_oracle,0.0518765832810209
0.2,TS_oracle,0.0776031267109003
0.2,TS_oracle,0.0618843001118724
0.2,TS_oracle,0.0780901114985796
0.2,TS_oracle,0.0530044002993907
0.2,TS_oracle,0.0416722766749625
0.2,TS_oracle,0.0299519891561352
0.2,TS_oracle,0.0517647592077451
0.2,TS_oracle,0.0527805003506089
0.2,TS_oracle,0.0409275249207037
0.2,TS_oracle,0.0549878423324236
0.2,TS_oracle,0.0700804463467835
0.2,TS_oracle,0.0448756847111324
0.2,TS_oracle,0.0301847079159628
0.2,TS_oracle,0.0255676387999612
0.2,TS_oracle,0.0826095709657003
0.2,TS_oracle,0.0723471282829393
0.2,TS_oracle,0.056896485543454
0.2,TS_oracle,0.0542858856336055
0.2,TS_oracle,0.0462502287893736
0.2,TS_oracle,0.0225118777890242
0.2,TS_oracle,0.0456578442474573
0.2,TS_oracle,0.0655054019850756
0.2,TS_oracle,0.0578726025800262
0.2,TS_oracle,0.0547844072148401
0.2,TS_oracle,0.067071810098269
0.2,TS_oracle,0.0470389303806902
0.2,TS_oracle,0.0713043021531655
0.2,TS_oracle,0.0452843416132937
0.2,TS_oracle,0.068113275495757
0.2,TS_oracle,0.0624941084431868
0.2,TS_oracle,0.0450166834671117
0.2,TS_oracle,0.0382385373662133
0.2,TS_oracle,0.0471207619432849
0.2,TS_oracle,0.032574409907951
0.2,TS_oracle,0.0335946459469299
0.2,TS_oracle,0.0444394145529053
0.2,TS_oracle,0.0618014626328157
0.2,TS_oracle,0.0550169528668258
0.2,TS_oracle,0.0823847585490818
0.2,TS_oracle,0.0631433484036886
0.2,TS_oracle,0.0270608746220073
0.2,TS_oracle,0.100120597492854
0.2,TS_oracle,0.0543580673498063
0.2,TS_oracle,0.0507014671845102
0.2,TS_oracle,0.0608189058622638
0.2,TS_oracle,0.0546363443725043
0.2,TS_oracle,0.067466074333669
0.2,TS_oracle,0.0274746174486263
0.2,TS_oracle,0.0762719646227473
0.2,TS_oracle,0.0401559997457042
0.2,TS_oracle,0.0988495035554984
0.2,TS_oracle,0.0306425943138182
0.2,TS_oracle,0.066175318227043
0.2,TS_oracle,0.0661531996834292
0.2,TS_oracle,0.0426491774964997
0.2,TS_oracle,0.0341149389661482
0.2,TS_oracle,0.0496101980577062
0.2,TS_oracle,0.0590758127920011
0.2,TS_oracle,0.0447127299339601
0.2,TS_oracle,0.055938696968162
0.2,TS_oracle,0.0674798833452999
0.2,TS_oracle,0.0527078159679472
0.2,TS_oracle,0.0540645629129116
0.2,TS_oracle,0.0357186300988502
0.2,TS_oracle,0.0417238568251432
0.2,TS_oracle,0.0523423746801394
0.2,TS_oracle,0.0588691084463275
0.2,TS_oracle,0.0621878577877307
0.2,TS_oracle,0.0627496783904894
0.2,TS_oracle,0.0365553734213796
0.2,TS_oracle,0.0433775235165436
0.2,TS_oracle,0.0450458415455144
0.2,TS_oracle,0.0347360710761407
0.2,TS_oracle,0.0340553174135882
0.2,TS_oracle,0.0845926715068327
0.2,TS_oracle,0.0557188741070457
0.2,TS_oracle,0.0577568181761742
0.2,TS_oracle,0.0425562095159337
0.2,TS_oracle,0.067077572986608
0.2,TS_oracle,0.0748766686474264
0.2,TS_oracle,0.0472563269396674
0.2,TS_oracle,0.066756133580728
0.2,TS_oracle,0.0957892919127933
0.2,TS_oracle,0.04645646179399
0.2,TS_oracle,0.0697508997507181
0.2,TS_oracle,0.0421824235922392
0.2,TS_oracle,0.0559848744648338
0.2,TS_oracle,0.0395512407960169
0.2,TS_oracle,0.0505374012574618
0.2,TS_oracle,0.0634270355274718
0.2,TS_oracle,0.0463767135528767
0.2,TS_oracle,0.0337041888759
0.2,TS_oracle,0.0391891380512852
0.2,TS_oracle,0.0578235334432867
0.2,TS_oracle,0.0765259858024142
0.2,TS_oracle,0.0678894744174679
0.2,TS_oracle,0.0800045636815668
0.2,TS_oracle,0.0395090954716769
0.2,TS_oracle,0.0473884506980328
0.2,TS_oracle,0.0456681108374426
0.2,TS_oracle,0.055461303287825
0.2,TS_oracle,0.0657960812500547
0.3,PLS,0.0966558489102868
0.3,PLS,0.0528509831785553
0.3,PLS,0.0253494704792572
0.3,PLS,0.0461639219693065
0.3,PLS,0.0574126356185132
0.3,PLS,0.051391732134776
0.3,PLS,0.0448212665834169
0.3,PLS,0.0441504336413634
0.3,PLS,0.0375634274872476
0.3,PLS,0.0405526812138384
0.3,PLS,0.0289670131418688
0.3,PLS,0.0372884337997201
0.3,PLS,0.072415206623916
0.3,PLS,0.0403315234317247
0.3,PLS,0.0991355293642939
0.3,PLS,0.0219681529332603
0.3,PLS,0.0671226530624178
0.3,PLS,0.108365101250996
0.3,PLS,0.0410039734589871
0.3,PLS,0.0953168547373166
0.3,PLS,0.0604724847911426
0.3,PLS,0.045890428506966
0.3,PLS,0.0479137410800185
0.3,PLS,0.070100997757864
0.3,PLS,0.073207718110187
0.3,PLS,0.0949225226256917
0.3,PLS,0.0704155647794333
0.3,PLS,0.0793578479306029
0.3,PLS,0.0479329640422723
0.3,PLS,0.0643574630427378
0.3,PLS,0.0549656553480882
0.3,PLS,0.0474927831956301
0.3,PLS,0.0662120297630231
0.3,PLS,0.0402248895134244
0.3,PLS,0.0740174818544371
0.3,PLS,0.10537651720996
0.3,PLS,0.0700583405393367
0.3,PLS,0.0611081789416727
0.3,PLS,0.0732652923832707
0.3,PLS,0.0656567285057246
0.3,PLS,0.0669755475767858
0.3,PLS,0.0722594287727668
0.3,PLS,0.046596415751193
0.3,PLS,0.0335909952214359
0.3,PLS,0.0479474053763026
0.3,PLS,0.0575860552292891
0.3,PLS,0.0390449868916999
0.3,PLS,0.0624795297253096
0.3,PLS,0.0492412808272819
0.3,PLS,0.0603074511171817
0.3,PLS,0.0508150761163186
0.3,PLS,0.113618400314332
0.3,PLS,0.0651436364518024
0.3,PLS,0.0538064010875936
0.3,PLS,0.0484966045741843
0.3,PLS,0.0515688143804741
0.3,PLS,0.0767641446149882
0.3,PLS,0.0457518724762704
0.3,PLS,0.0316976284197223
0.3,PLS,0.0765576437668813
0.3,PLS,0.0444018515034082
0.3,PLS,0.0621445586178669
0.3,PLS,0.0348486967857758
0.3,PLS,0.0412457547610525
0.3,PLS,0.0470895483192097
0.3,PLS,0.0414501486202928
0.3,PLS,0.0577760606753192
0.3,PLS,0.0768870811678464
0.3,PLS,0.0485500283401421
0.3,PLS,0.054948743424477
0.3,PLS,0.042248588150216
0.3,PLS,0.0849128883776008
0.3,PLS,0.0402134159970693
0.3,PLS,0.0731662808298166
0.3,PLS,0.0426870542123031
0.3,PLS,0.0505868457289158
0.3,PLS,0.032728954716399
0.3,PLS,0.053151442138568
0.3,PLS,0.0622587057334072
0.3,PLS,0.0673292103081914
0.3,PLS,0.0287935647355647
0.3,PLS,0.0616784115115194
0.3,PLS,0.0502158133481294
0.3,PLS,0.0501422408763767
0.3,PLS,0.122478765122833
0.3,PLS,0.0575567279262903
0.3,PLS,0.0569687091680982
0.3,PLS,0.0287447212404148
0.3,PLS,0.0528848269934374
0.3,PLS,0.0533347982077216
0.3,PLS,0.0411491778416949
0.3,PLS,0.0541508273769171
0.3,PLS,0.0569883825184225
0.3,PLS,0.047871854206142
0.3,PLS,0.0427488471397155
0.3,PLS,0.0641412815444676
0.3,PLS,0.0662212993359532
0.3,PLS,0.0750510920211867
0.3,PLS,0.0588878276460075
0.3,PLS,0.0427928877376851
0.3,PLS,0.0253581897215638
0.3,PLS,0.0443333381723841
0.3,PLS,0.0786098912931433
0.3,PLS,0.0572166583498868
0.3,PLS,0.0490819201563033
0.3,PLS,0.0533875198463866
0.3,PLS,0.0652609649697218
0.3,PLS,0.0527932085152536
0.3,PLS,0.0676076311753504
0.3,PLS,0.0377242399095136
0.3,PLS,0.0633749141502542
0.3,PLS,0.0619584748453971
0.3,PLS,0.0608124182859128
0.3,PLS,0.0513817640387798
0.3,PLS,0.0630772505773587
0.3,PLS,0.0552006116737976
0.3,PLS,0.040404946650136
0.3,PLS,0.0442486220723285
0.3,PLS,0.0475976098871711
0.3,PLS,0.0528416736360019
0.3,PLS,0.0348670207366539
0.3,PLS,0.0497705556192146
0.3,PLS,0.0385202945862361
0.3,PLS,0.0602529877910171
0.3,PLS,0.0399719681660318
0.3,PLS,0.0383676582424752
0.3,PLS,0.0600577024418375
0.3,PLS,0.0403485025055956
0.3,PLS,0.0435444775862754
0.3,PLS,0.0471233418438188
0.3,PLS,0.0414003446728789
0.3,PLS,0.0462880320058348
0.3,PLS,0.0412779072723009
0.3,PLS,0.0283720278893705
0.3,PLS,0.0601106779568965
0.3,PLS,0.0729829214512159
0.3,PLS,0.110532223667976
0.3,PLS,0.0603783467977004
0.3,PLS,0.0563240642137595
0.3,PLS,0.0417288093573629
0.3,PLS,0.075850910308071
0.3,PLS,0.0638674310003062
0.3,PLS,0.0621167135314343
0.3,PLS,0.0703337957582615
0.3,PLS,0.0675500088876535
0.3,PLS,0.0400671554274377
0.3,PLS,0.0679368722915251
0.3,PLS,0.0589599934970144
0.3,PLS,0.0515578028989688
0.3,PLS,0.0578423557877757
0.3,PLS,0.0387446656411573
0.3,PLS,0.0322688762300266
0.3,PLS,0.0445145438846294
0.3,PLS,0.034521393295491
0.3,PLS,0.0660281976161658
0.3,PLS,0.041155904821056
0.3,PLS,0.0533445374103998
0.3,PLS,0.0573373875623659
0.3,PLS,0.0781877560560548
0.3,PLS,0.036359630125231
0.3,PLS,0.0382418519521925
0.3,PLS,0.0438913999677535
0.3,PLS,0.0628311991930618
0.3,PLS,0.089212131121757
0.3,PLS,0.0907799044626547
0.3,PLS,0.0436552668279976
0.3,PLS,0.0492130615093277
0.3,PLS,0.0384055129323582
0.3,PLS,0.0773699921077542
0.3,PLS,0.0612081898678474
0.3,PLS,0.0790065324779754
0.3,PLS,0.0608660191245017
0.3,PLS,0.0456886269606161
0.3,PLS,0.0544388473829146
0.3,PLS,0.0483108849476916
0.3,PLS,0.0562451791925865
0.3,PLS,0.0442096022758905
0.3,PLS,0.0565725806837961
0.3,PLS,0.0763225323231525
0.3,PLS,0.0500651443161213
0.3,PLS,0.07865454752725
0.3,PLS,0.0649938618639889
0.3,PLS,0.0468057023738732
0.3,PLS,0.0614783581443252
0.3,PLS,0.0521563490349833
0.3,PLS,0.0384204349156539
0.3,PLS,0.0476397998797378
0.3,PLS,0.0752379754599271
0.3,PLS,0.0271871632638934
0.3,PLS,0.0498626520217693
0.3,PLS,0.035649886669891
0.3,PLS,0.0590151211756596
0.3,PLS,0.060047217210234
0.3,PLS,0.101232684516595
0.3,PLS,0.0712280219432092
0.3,PLS,0.0670706985254725
0.3,PLS,0.0569554674513981
0.3,PLS,0.067964153341289
0.3,PLS,0.0780009934042995
0.3,PLS,0.0408819068571834
0.3,fTS,0.100523894138962
0.3,fTS,0.0520283111817887
0.3,fTS,0.0266879200393186
0.3,fTS,0.0463023121878083
0.3,fTS,0.0483758983071866
0.3,fTS,0.0395865477780631
0.3,fTS,0.0436425129768502
0.3,fTS,0.0459690924815305
0.3,fTS,0.037294275995462
0.3,fTS,0.0416601499925627
0.3,fTS,0.0294998061576174
0.3,fTS,0.0360542325117578
0.3,fTS,0.0624851229796898
0.3,fTS,0.0435492100265327
0.3,fTS,0.0963728040525391
0.3,fTS,0.0227741715584755
0.3,fTS,0.0558552035294449
0.3,fTS,0.100095161381913
0.3,fTS,0.0416818690758184
0.3,fTS,0.0928665741573159
0.3,fTS,0.0574529995872855
0.3,fTS,0.0462607820823533
0.3,fTS,0.0443284495921518
0.3,fTS,0.0654295699207157
0.3,fTS,0.0710127232108178
0.3,fTS,0.085026032549343
0.3,fTS,0.0670935613792108
0.3,fTS,0.0719148067883738
0.3,fTS,0.0438104825749298
0.3,fTS,0.0628813388892586
0.3,fTS,0.0497069915495787
0.3,fTS,0.0466576256069737
0.3,fTS,0.0683719907585678
0.3,fTS,0.0406753906898272
0.3,fTS,0.0730511510409385
0.3,fTS,0.115188413572425
0.3,fTS,0.0705429881972277
0.3,fTS,0.0519920567273193
0.3,fTS,0.0642275338977597
0.3,fTS,0.0586412027581178
0.3,fTS,0.0653514101082734
0.3,fTS,0.0696638755083197
0.3,fTS,0.0444955562376506
0.3,fTS,0.0303532457007792
0.3,fTS,0.0472405592696422
0.3,fTS,0.0605897428867553
0.3,fTS,0.0362737564190429
0.3,fTS,0.0525322796079861
0.3,fTS,0.0469451360617561
0.3,fTS,0.0606685191725355
0.3,fTS,0.0559499916155301
0.3,fTS,0.0934056118603829
0.3,fTS,0.0549721596864064
0.3,fTS,0.0473089964332731
0.3,fTS,0.0539410847118712
0.3,fTS,0.0517785549487701
0.3,fTS,0.0736145266652724
0.3,fTS,0.0467484927523375
0.3,fTS,0.0336610768466357
0.3,fTS,0.0760471548703783
0.3,fTS,0.0434397919127649
0.3,fTS,0.0596276071198691
0.3,fTS,0.0354267887787427
0.3,fTS,0.0399268266402203
0.3,fTS,0.0464017632362383
0.3,fTS,0.0368768805555736
0.3,fTS,0.0570541911580094
0.3,fTS,0.0811971458176458
0.3,fTS,0.0480787289124011
0.3,fTS,0.0494916819939046
0.3,fTS,0.0421744823927028
0.3,fTS,0.0847749791727483
0.3,fTS,0.037637930420383
0.3,fTS,0.0792588910498579
0.3,fTS,0.0429495230027779
0.3,fTS,0.0548941470332972
0.3,fTS,0.0324568733582063
0.3,fTS,0.0534693526832012
0.3,fTS,0.0626340737653479
0.3,fTS,0.0724662403530586
0.3,fTS,0.0295647107620585
0.3,fTS,0.0606890311837267
0.3,fTS,0.0564418390587375
0.3,fTS,0.0483600379625726
0.3,fTS,0.112916143638813
0.3,fTS,0.0532517837545958
0.3,fTS,0.0552932835537236
0.3,fTS,0.0312826200750394
0.3,fTS,0.0559505652466084
0.3,fTS,0.052365483335288
0.3,fTS,0.04231128809221
0.3,fTS,0.0551973963976162
0.3,fTS,0.0501987436973914
0.3,fTS,0.0490907924488286
0.3,fTS,0.0370048327624258
0.3,fTS,0.0646762896810276
0.3,fTS,0.0611782406288333
0.3,fTS,0.0716060603644476
0.3,fTS,0.0581760335624129
0.3,fTS,0.0387846235972028
0.3,fTS,0.0272716941812365
0.3,fTS,0.0450628915567008
0.3,fTS,0.0756873737372769
0.3,fTS,0.0539089959798489
0.3,fTS,0.0438119283160502
0.3,fTS,0.0525230242431167
0.3,fTS,0.0621849672629292
0.3,fTS,0.0490124477231597
0.3,fTS,0.0553446717243311
0.3,fTS,0.0334678110160443
0.3,fTS,0.0600881771779218
0.3,fTS,0.0627859704487859
0.3,fTS,0.0591602382831475
0.3,fTS,0.0526297310271285
0.3,fTS,0.0550804116567808
0.3,fTS,0.0454314098511999
0.3,fTS,0.0381987864282248
0.3,fTS,0.0506705647355503
0.3,fTS,0.0453130222952874
0.3,fTS,0.0537311659951107
0.3,fTS,0.0348745319660783
0.3,fTS,0.050915618859005
0.3,fTS,0.0345213685960912
0.3,fTS,0.0647845056854682
0.3,fTS,0.0411894305223976
0.3,fTS,0.0359016307263001
0.3,fTS,0.0550739871170314
0.3,fTS,0.0427076561043881
0.3,fTS,0.0426682057176444
0.3,fTS,0.0460263079382283
0.3,fTS,0.0396716946781003
0.3,fTS,0.0440683367992034
0.3,fTS,0.0377102856744297
0.3,fTS,0.0257831225193525
0.3,fTS,0.0604251908969777
0.3,fTS,0.0702786472155625
0.3,fTS,0.0934901887933061
0.3,fTS,0.0640209204348457
0.3,fTS,0.0542693503082619
0.3,fTS,0.0462464535121578
0.3,fTS,0.0804376676121941
0.3,fTS,0.0650022751865309
0.3,fTS,0.0608514683315488
0.3,fTS,0.0702743309963763
0.3,fTS,0.0631571330619533
0.3,fTS,0.0391834758822735
0.3,fTS,0.0696411645814034
0.3,fTS,0.0560132397412276
0.3,fTS,0.0478889396107978
0.3,fTS,0.053793607227858
0.3,fTS,0.0395528333350376
0.3,fTS,0.0280361705164171
0.3,fTS,0.0421901590642364
0.3,fTS,0.0314130619843078
0.3,fTS,0.0685720688345214
0.3,fTS,0.040400248883933
0.3,fTS,0.0547722825979985
0.3,fTS,0.0538635510653649
0.3,fTS,0.0763926961924772
0.3,fTS,0.0358758484053961
0.3,fTS,0.0388622940063035
0.3,fTS,0.0377211062955608
0.3,fTS,0.059550228098919
0.3,fTS,0.0910511010664272
0.3,fTS,0.086393369857584
0.3,fTS,0.0441269508792371
0.3,fTS,0.0479183958182393
0.3,fTS,0.0370991802287471
0.3,fTS,0.0706933733321865
0.3,fTS,0.0595604171303225
0.3,fTS,0.0712477130699694
0.3,fTS,0.0707998301629258
0.3,fTS,0.0438431212926872
0.3,fTS,0.0497785996236647
0.3,fTS,0.0498240657925441
0.3,fTS,0.0559411956720357
0.3,fTS,0.0434797143417275
0.3,fTS,0.0602457187896099
0.3,fTS,0.0741098048539141
0.3,fTS,0.0474161441766702
0.3,fTS,0.0728107740966125
0.3,fTS,0.0620537358029068
0.3,fTS,0.0465906115218996
0.3,fTS,0.0613498196446561
0.3,fTS,0.0506079187950434
0.3,fTS,0.0379507365466845
0.3,fTS,0.0474527943398354
0.3,fTS,0.0783127066000555
0.3,fTS,0.0279047284685534
0.3,fTS,0.0446624493796758
0.3,fTS,0.0330654263390636
0.3,fTS,0.0577186504916147
0.3,fTS,0.0639124883037615
0.3,fTS,0.0998498012504134
0.3,fTS,0.0670937703196076
0.3,fTS,0.0597885016617016
0.3,fTS,0.0488226451738732
0.3,fTS,0.0758759846984147
0.3,fTS,0.0686634240000539
0.3,fTS,0.0411691790513595
0.3,LS_oracle,0.0965702479127183
0.3,LS_oracle,0.052812877773424
0.3,LS_oracle,0.0253663804460379
0.3,LS_oracle,0.04607180039828
0.3,LS_oracle,0.057322346651954
0.3,LS_oracle,0.0514600651450555
0.3,LS_oracle,0.0448730480471221
0.3,LS_oracle,0.0444040644784022
0.3,LS_oracle,0.0373548891977553
0.3,LS_oracle,0.0406220952048441
0.3,LS_oracle,0.0290622491660759
0.3,LS_oracle,0.0370905012299523
0.3,LS_oracle,0.0723958752360522
0.3,LS_oracle,0.0403414425882691
0.3,LS_oracle,0.098864695284254
0.3,LS_oracle,0.0218918844349489
0.3,LS_oracle,0.0672326332655518
0.3,LS_oracle,0.10872346585582
0.3,LS_oracle,0.0410073053645005
0.3,LS_oracle,0.0952122695341991
0.3,LS_oracle,0.0604513189976684
0.3,LS_oracle,0.0458905768828664
0.3,LS_oracle,0.0479550020617058
0.3,LS_oracle,0.0701452100688153
0.3,LS_oracle,0.0734108684134348
0.3,LS_oracle,0.0934989375925664
0.3,LS_oracle,0.0704674683758624
0.3,LS_oracle,0.079554599994251
0.3,LS_oracle,0.0465786076766869
0.3,LS_oracle,0.0643400151317401
0.3,LS_oracle,0.0550756045721448
0.3,LS_oracle,0.0475218764843195
0.3,LS_oracle,0.0660068724009957
0.3,LS_oracle,0.0402427489209407
0.3,LS_oracle,0.0739877322252498
0.3,LS_oracle,0.105644926774534
0.3,LS_oracle,0.0708788019450772
0.3,LS_oracle,0.0612608052951358
0.3,LS_oracle,0.0733323154028137
0.3,LS_oracle,0.0656966778868158
0.3,LS_oracle,0.0670174149919185
0.3,LS_oracle,0.0733847353124196
0.3,LS_oracle,0.0465930435006825
0.3,LS_oracle,0.0335938932179873
0.3,LS_oracle,0.0480772508363082
0.3,LS_oracle,0.0572005399126157
0.3,LS_oracle,0.0395991709555063
0.3,LS_oracle,0.0624418067056239
0.3,LS_oracle,0.0492656356365685
0.3,LS_oracle,0.0609026899927287
0.3,LS_oracle,0.0511946999134825
0.3,LS_oracle,0.113740774108936
0.3,LS_oracle,0.0662599699933046
0.3,LS_oracle,0.0541350956015317
0.3,LS_oracle,0.0486692117643818
0.3,LS_oracle,0.0515997821377794
0.3,LS_oracle,0.0763007059178871
0.3,LS_oracle,0.0457641166717762
0.3,LS_oracle,0.0317899897914524
0.3,LS_oracle,0.0765316369233453
0.3,LS_oracle,0.0449540100859158
0.3,LS_oracle,0.0621484961602967
0.3,LS_oracle,0.0348442723822911
0.3,LS_oracle,0.0412923178823415
0.3,LS_oracle,0.0468307970394077
0.3,LS_oracle,0.0408249526559534
0.3,LS_oracle,0.0578055955664321
0.3,LS_oracle,0.0768611789043583
0.3,LS_oracle,0.0485355024122802
0.3,LS_oracle,0.0549930529379323
0.3,LS_oracle,0.0423800711430508
0.3,LS_oracle,0.0848787036314971
0.3,LS_oracle,0.0400576660468192
0.3,LS_oracle,0.072994915276684
0.3,LS_oracle,0.0427482262344894
0.3,LS_oracle,0.0509941101495329
0.3,LS_oracle,0.0331622997984591
0.3,LS_oracle,0.0536367874978878
0.3,LS_oracle,0.062486886734831
0.3,LS_oracle,0.0664114417405605
0.3,LS_oracle,0.0279923883645983
0.3,LS_oracle,0.0615975398861419
0.3,LS_oracle,0.0503383767241158
0.3,LS_oracle,0.0504770933028988
0.3,LS_oracle,0.122555417473495
0.3,LS_oracle,0.0577578936646019
0.3,LS_oracle,0.0569514787108203
0.3,LS_oracle,0.0288598750937863
0.3,LS_oracle,0.0531090289228919
0.3,LS_oracle,0.0533017705232598
0.3,LS_oracle,0.0414358204220783
0.3,LS_oracle,0.0540013862145878
0.3,LS_oracle,0.0584382945068177
0.3,LS_oracle,0.047856433849649
0.3,LS_oracle,0.0427420000747807
0.3,LS_oracle,0.0642520565209879
0.3,LS_oracle,0.0665149601034532
0.3,LS_oracle,0.0750035657960444
0.3,LS_oracle,0.0588587818807652
0.3,LS_oracle,0.0428023644091224
0.3,LS_oracle,0.0253209866922409
0.3,LS_oracle,0.0443168102722691
0.3,LS_oracle,0.0785833889230097
0.3,LS_oracle,0.0574669969413031
0.3,LS_oracle,0.0489968641286921
0.3,LS_oracle,0.0533856776397982
0.3,LS_oracle,0.0652952427425073
0.3,LS_oracle,0.0527913468166657
0.3,LS_oracle,0.0676803950373495
0.3,LS_oracle,0.0377851191814927
0.3,LS_oracle,0.0632756476520934
0.3,LS_oracle,0.061923402458444
0.3,LS_oracle,0.0608551042380263
0.3,LS_oracle,0.0511728619649672
0.3,LS_oracle,0.063024709533576
0.3,LS_oracle,0.0550179275839346
0.3,LS_oracle,0.0403052258201619
0.3,LS_oracle,0.0442526725019352
0.3,LS_oracle,0.0475658853724642
0.3,LS_oracle,0.0527909740207048
0.3,LS_oracle,0.0347489650240292
0.3,LS_oracle,0.0496435569483421
0.3,LS_oracle,0.0385099006034764
0.3,LS_oracle,0.0602540807061841
0.3,LS_oracle,0.0398548092785512
0.3,LS_oracle,0.0381309213561499
0.3,LS_oracle,0.0603388610567055
0.3,LS_oracle,0.0404900643061586
0.3,LS_oracle,0.043874025749767
0.3,LS_oracle,0.0470724745933696
0.3,LS_oracle,0.0417441000813104
0.3,LS_oracle,0.0462637470846573
0.3,LS_oracle,0.0412062336156305
0.3,LS_oracle,0.0284498699681961
0.3,LS_oracle,0.0599680483096038
0.3,LS_oracle,0.0729834847548491
0.3,LS_oracle,0.110165554194942
0.3,LS_oracle,0.060782398536187
0.3,LS_oracle,0.0561770422939103
0.3,LS_oracle,0.04173289964127
0.3,LS_oracle,0.0756454829220673
0.3,LS_oracle,0.0639583005554571
0.3,LS_oracle,0.0622782829244227
0.3,LS_oracle,0.0702842240917444
0.3,LS_oracle,0.067493982213481
0.3,LS_oracle,0.0400410895643664
0.3,LS_oracle,0.0678687780432392
0.3,LS_oracle,0.0594424387418735
0.3,LS_oracle,0.0516689091288876
0.3,LS_oracle,0.0578911111578998
0.3,LS_oracle,0.0380778695009051
0.3,LS_oracle,0.0323109044125225
0.3,LS_oracle,0.0442240107038757
0.3,LS_oracle,0.0346084838798985
0.3,LS_oracle,0.0659774974310795
0.3,LS_oracle,0.0411560825868404
0.3,LS_oracle,0.0537042636837085
0.3,LS_oracle,0.0571080474681718
0.3,LS_oracle,0.078323671647601
0.3,LS_oracle,0.0363654697167097
0.3,LS_oracle,0.037709690114212
0.3,LS_oracle,0.0438909802505233
0.3,LS_oracle,0.0629620295367112
0.3,LS_oracle,0.0896967376229773
0.3,LS_oracle,0.0909951997354723
0.3,LS_oracle,0.0436892017864014
0.3,LS_oracle,0.0492243802843567
0.3,LS_oracle,0.0383423193614554
0.3,LS_oracle,0.0772706918257009
0.3,LS_oracle,0.0612601445652225
0.3,LS_oracle,0.0792888001517913
0.3,LS_oracle,0.0609289635951943
0.3,LS_oracle,0.0455392341734548
0.3,LS_oracle,0.0541575171555947
0.3,LS_oracle,0.0482893958779955
0.3,LS_oracle,0.0564766508782722
0.3,LS_oracle,0.0441975249175841
0.3,LS_oracle,0.0565768685505583
0.3,LS_oracle,0.0762011499856675
0.3,LS_oracle,0.0500256244703102
0.3,LS_oracle,0.0785652961693271
0.3,LS_oracle,0.0653621730771474
0.3,LS_oracle,0.046565439326045
0.3,LS_oracle,0.0613784573100346
0.3,LS_oracle,0.052034589491756
0.3,LS_oracle,0.0386487559168468
0.3,LS_oracle,0.0476862164705769
0.3,LS_oracle,0.0762987644351751
0.3,LS_oracle,0.0270895431682759
0.3,LS_oracle,0.0489388773836623
0.3,LS_oracle,0.035515638207796
0.3,LS_oracle,0.0607337298398743
0.3,LS_oracle,0.0601017636860998
0.3,LS_oracle,0.102670795900807
0.3,LS_oracle,0.071283351239864
0.3,LS_oracle,0.0671830510612026
0.3,LS_oracle,0.0569455053821835
0.3,LS_oracle,0.0678345109099069
0.3,LS_oracle,0.0781042922240547
0.3,LS_oracle,0.0409275223893426
0.3,TS_oracle,0.100489389066321
0.3,TS_oracle,0.0520028333941018
0.3,TS_oracle,0.0267337919790135
0.3,TS_oracle,0.0462695079292371
0.3,TS_oracle,0.0485927413503007
0.3,TS_oracle,0.0395944007786863
0.3,TS_oracle,0.0436518715978221
0.3,TS_oracle,0.0459986232993233
0.3,TS_oracle,0.0372057005473059
0.3,TS_oracle,0.0417031343206547
0.3,TS_oracle,0.029550332349213
0.3,TS_oracle,0.0352448869475288
0.3,TS_oracle,0.062470142657609
0.3,TS_oracle,0.043557400440073
0.3,TS_oracle,0.0957590456501718
0.3,TS_oracle,0.0227402697500527
0.3,TS_oracle,0.0560470297085294
0.3,TS_oracle,0.100649627022612
0.3,TS_oracle,0.0416479654032199
0.3,TS_oracle,0.0928551121454501
0.3,TS_oracle,0.0574369699132962
0.3,TS_oracle,0.0462763223769539
0.3,TS_oracle,0.0443281216899779
0.3,TS_oracle,0.065288618317898
0.3,TS_oracle,0.0711736906118836
0.3,TS_oracle,0.0838843702012319
0.3,TS_oracle,0.067137617856581
0.3,TS_oracle,0.0717631467170265
0.3,TS_oracle,0.0438105660899532
0.3,TS_oracle,0.0628849050079469
0.3,TS_oracle,0.0497488207386132
0.3,TS_oracle,0.0466607476422412
0.3,TS_oracle,0.0683546821101857
0.3,TS_oracle,0.0406834592745651
0.3,TS_oracle,0.0730421094227396
0.3,TS_oracle,0.114638699687282
0.3,TS_oracle,0.0705619912692738
0.3,TS_oracle,0.0520231858147064
0.3,TS_oracle,0.0642473621270118
0.3,TS_oracle,0.0586322543743108
0.3,TS_oracle,0.0653855974233898
0.3,TS_oracle,0.0711335928311658
0.3,TS_oracle,0.0444878093609029
0.3,TS_oracle,0.0303546852574979
0.3,TS_oracle,0.0472970406916118
0.3,TS_oracle,0.0600296244158225
0.3,TS_oracle,0.0364918002481464
0.3,TS_oracle,0.0525060729368614
0.3,TS_oracle,0.0469357846173951
0.3,TS_oracle,0.0614794101691511
0.3,TS_oracle,0.0560284904813612
0.3,TS_oracle,0.0934254101391032
0.3,TS_oracle,0.0558486480138664
0.3,TS_oracle,0.0473120176116673
0.3,TS_oracle,0.0539116963010561
0.3,TS_oracle,0.0517764519877972
0.3,TS_oracle,0.0731253688060597
0.3,TS_oracle,0.0467522611810033
0.3,TS_oracle,0.0337119881573488
0.3,TS_oracle,0.0758353968039162
0.3,TS_oracle,0.0437682295827628
0.3,TS_oracle,0.0596289637101656
0.3,TS_oracle,0.0354247894401731
0.3,TS_oracle,0.0400533286209701
0.3,TS_oracle,0.0460687855259987
0.3,TS_oracle,0.0368818424344909
0.3,TS_oracle,0.0570523376921713
0.3,TS_oracle,0.0811883143355171
0.3,TS_oracle,0.0480781401908732
0.3,TS_oracle,0.0495067599921608
0.3,TS_oracle,0.0426110946420339
0.3,TS_oracle,0.0847715946313156
0.3,TS_oracle,0.037368554253299
0.3,TS_oracle,0.0790538730686048
0.3,TS_oracle,0.0429857770920822
0.3,TS_oracle,0.0554351882052121
0.3,TS_oracle,0.0326566254188145
0.3,TS_oracle,0.0537050489225697
0.3,TS_oracle,0.0626186866986033
0.3,TS_oracle,0.071198999423199
0.3,TS_oracle,0.0294116966068629
0.3,TS_oracle,0.0607238879110231
0.3,TS_oracle,0.0566614669326355
0.3,TS_oracle,0.0483686889933127
0.3,TS_oracle,0.1129816273865
0.3,TS_oracle,0.0533721197552117
0.3,TS_oracle,0.0552881857870779
0.3,TS_oracle,0.0312826463143337
0.3,TS_oracle,0.0562397881671637
0.3,TS_oracle,0.0523535435136231
0.3,TS_oracle,0.0423684944449114
0.3,TS_oracle,0.05505724906368
0.3,TS_oracle,0.0520606386032995
0.3,TS_oracle,0.0490548271305895
0.3,TS_oracle,0.036959209634295
0.3,TS_oracle,0.0646690716466097
0.3,TS_oracle,0.0613094268931692
0.3,TS_oracle,0.0716190493815643
0.3,TS_oracle,0.0581635690473444
0.3,TS_oracle,0.0387821018112438
0.3,TS_oracle,0.0272598086154895
0.3,TS_oracle,0.045050279595471
0.3,TS_oracle,0.0757316589729194
0.3,TS_oracle,0.0539496611927991
0.3,TS_oracle,0.043874135687425
0.3,TS_oracle,0.0525227911590668
0.3,TS_oracle,0.0622001126423502
0.3,TS_oracle,0.0490124054865394
0.3,TS_oracle,0.0554127245571828
0.3,TS_oracle,0.0333383915493309
0.3,TS_oracle,0.0601107314098008
0.3,TS_oracle,0.062778208178617
0.3,TS_oracle,0.0591835971427283
0.3,TS_oracle,0.05245957037572
0.3,TS_oracle,0.0549703581850905
0.3,TS_oracle,0.0453759326574754
0.3,TS_oracle,0.0381295728371391
0.3,TS_oracle,0.0506271250595398
0.3,TS_oracle,0.0452986984679256
0.3,TS_oracle,0.0537145922653861
0.3,TS_oracle,0.0348964318081273
0.3,TS_oracle,0.0508579924096008
0.3,TS_oracle,0.0346486762007792
0.3,TS_oracle,0.0647321532183072
0.3,TS_oracle,0.0411356586370192
0.3,TS_oracle,0.0357015006489916
0.3,TS_oracle,0.0553484319813179
0.3,TS_oracle,0.0427681774265341
0.3,TS_oracle,0.0428755284569721
0.3,TS_oracle,0.0459929107860812
0.3,TS_oracle,0.040157823839933
0.3,TS_oracle,0.0440695834188802
0.3,TS_oracle,0.0376936471757277
0.3,TS_oracle,0.0259249253982954
0.3,TS_oracle,0.0603574266385437
0.3,TS_oracle,0.0698627509529412
0.3,TS_oracle,0.0932447955005071
0.3,TS_oracle,0.0641116674746144
0.3,TS_oracle,0.0540871150389939
0.3,TS_oracle,0.0462467962181921
0.3,TS_oracle,0.0804023389055595
0.3,TS_oracle,0.0652571190785112
0.3,TS_oracle,0.0608978331671952
0.3,TS_oracle,0.0702896695625062
0.3,TS_oracle,0.0632164419867541
0.3,TS_oracle,0.0391639167135519
0.3,TS_oracle,0.0697289184780465
0.3,TS_oracle,0.0561914503474748
0.3,TS_oracle,0.0483382609006291
0.3,TS_oracle,0.0537814703912609
0.3,TS_oracle,0.0393144661069951
0.3,TS_oracle,0.0280675789347665
0.3,TS_oracle,0.0420450566910368
0.3,TS_oracle,0.0314383183980128
0.3,TS_oracle,0.0685655092038385
0.3,TS_oracle,0.0404001009981406
0.3,TS_oracle,0.054965360489663
0.3,TS_oracle,0.0537423791202657
0.3,TS_oracle,0.0764959233981914
0.3,TS_oracle,0.0358708758554281
0.3,TS_oracle,0.0388435746275108
0.3,TS_oracle,0.0376969606458393
0.3,TS_oracle,0.0596127877955653
0.3,TS_oracle,0.0911106426761919
0.3,TS_oracle,0.0865367340623333
0.3,TS_oracle,0.0441142875653934
0.3,TS_oracle,0.0478605729988737
0.3,TS_oracle,0.0371154267889238
0.3,TS_oracle,0.0707312790410865
0.3,TS_oracle,0.0595759747960945
0.3,TS_oracle,0.0713204348201914
0.3,TS_oracle,0.0707884975714057
0.3,TS_oracle,0.043784777950181
0.3,TS_oracle,0.0498853695035728
0.3,TS_oracle,0.0498092084302854
0.3,TS_oracle,0.0559420904451587
0.3,TS_oracle,0.0432936419051458
0.3,TS_oracle,0.0602487314490098
0.3,TS_oracle,0.0740528068365304
0.3,TS_oracle,0.0473750842533639
0.3,TS_oracle,0.072789962281256
0.3,TS_oracle,0.0622510979455006
0.3,TS_oracle,0.0465244441244329
0.3,TS_oracle,0.0613121378070458
0.3,TS_oracle,0.0505516164343259
0.3,TS_oracle,0.0379772192653423
0.3,TS_oracle,0.0474752619192969
0.3,TS_oracle,0.0785277766655646
0.3,TS_oracle,0.0279109713981001
0.3,TS_oracle,0.0446877909414922
0.3,TS_oracle,0.0330539594044199
0.3,TS_oracle,0.0587704719530951
0.3,TS_oracle,0.063951268559166
0.3,TS_oracle,0.0998078893778683
0.3,TS_oracle,0.0673046113501876
0.3,TS_oracle,0.0596005948354313
0.3,TS_oracle,0.048841185895851
0.3,TS_oracle,0.0758706022422733
0.3,TS_oracle,0.0687234713326227
0.3,TS_oracle,0.0412717780592393
0.4,PLS,0.06791970885994
0.4,PLS,0.0775042789863784
0.4,PLS,0.0541186454078534
0.4,PLS,0.0655444620594884
0.4,PLS,0.0377186821763107
0.4,PLS,0.0632861420240365
0.4,PLS,0.0667671705311012
0.4,PLS,0.0485434857812114
0.4,PLS,0.0523247252371382
0.4,PLS,0.0759800485163795
0.4,PLS,0.0491276044880056
0.4,PLS,0.0583087059903442
0.4,PLS,0.0661888508646023
0.4,PLS,0.0473796831895358
0.4,PLS,0.0752051728726734
0.4,PLS,0.0210221768553596
0.4,PLS,0.0529558197845194
0.4,PLS,0.0886444655397429
0.4,PLS,0.0413587809409119
0.4,PLS,0.0817344188063968
0.4,PLS,0.0341318574926686
0.4,PLS,0.0699792383262122
0.4,PLS,0.0359898750024677
0.4,PLS,0.0427347865824613
0.4,PLS,0.0411609725241084
0.4,PLS,0.0360394721725525
0.4,PLS,0.04107579352009
0.4,PLS,0.040050404805513
0.4,PLS,0.0620137770087125
0.4,PLS,0.059759154064686
0.4,PLS,0.0501964187092385
0.4,PLS,0.0538617529974428
0.4,PLS,0.0644965244983019
0.4,PLS,0.037734362440271
0.4,PLS,0.0528086635875539
0.4,PLS,0.0862277933184892
0.4,PLS,0.04248759485013
0.4,PLS,0.0629432508262421
0.4,PLS,0.0693352492575926
0.4,PLS,0.03191809254011
0.4,PLS,0.0487428909164593
0.4,PLS,0.0521005812675982
0.4,PLS,0.055247360579586
0.4,PLS,0.0660814714048559
0.4,PLS,0.0407803879963113
0.4,PLS,0.0445285971683363
0.4,PLS,0.0474528521632363
0.4,PLS,0.0412127471610312
0.4,PLS,0.0619785270886815
0.4,PLS,0.0554319311189981
0.4,PLS,0.0616002900938156
0.4,PLS,0.031967302462782
0.4,PLS,0.0426811926984706
0.4,PLS,0.0376823568104994
0.4,PLS,0.0431994611588509
0.4,PLS,0.0427486783495005
0.4,PLS,0.0734719797673651
0.4,PLS,0.0477811222381917
0.4,PLS,0.0403327215253093
0.4,PLS,0.0508032179886165
0.4,PLS,0.0989590263062135
0.4,PLS,0.0544808474456279
0.4,PLS,0.056393241625126
0.4,PLS,0.03349395256606
0.4,PLS,0.0708832784527993
0.4,PLS,0.0643433265765133
0.4,PLS,0.0884148844364577
0.4,PLS,0.0229765514185209
0.4,PLS,0.080929287071217
0.4,PLS,0.0609688969554449
0.4,PLS,0.0656564302398621
0.4,PLS,0.0528476974608543
0.4,PLS,0.0690062842784954
0.4,PLS,0.0639165661899183
0.4,PLS,0.0717548512416269
0.4,PLS,0.0803793021815577
0.4,PLS,0.0678123275652004
0.4,PLS,0.0452970237266939
0.4,PLS,0.0524289075152813
0.4,PLS,0.0373723091731187
0.4,PLS,0.03907896282229
0.4,PLS,0.0555919927541121
0.4,PLS,0.0545770140918142
0.4,PLS,0.0578029913532889
0.4,PLS,0.0829012383494953
0.4,PLS,0.06522491209993
0.4,PLS,0.0326415855580445
0.4,PLS,0.0702656865593232
0.4,PLS,0.0515541192633138
0.4,PLS,0.0462325616555109
0.4,PLS,0.0598622021310236
0.4,PLS,0.0502830876305385
0.4,PLS,0.0450723977518259
0.4,PLS,0.031741877537839
0.4,PLS,0.0625011108859281
0.4,PLS,0.0614771623114078
0.4,PLS,0.04665120271731
0.4,PLS,0.0761021500828611
0.4,PLS,0.0804020528552554
0.4,PLS,0.0462654525673782
0.4,PLS,0.0357783485898176
0.4,PLS,0.0660928740484433
0.4,PLS,0.0430315768002285
0.4,PLS,0.0559946998132776
0.4,PLS,0.0329828717638738
0.4,PLS,0.056599181433936
0.4,PLS,0.0328587287041855
0.4,PLS,0.0307112392877005
0.4,PLS,0.0637573062489662
0.4,PLS,0.062908331802962
0.4,PLS,0.0642284969526929
0.4,PLS,0.0791639544619727
0.4,PLS,0.0368590716408596
0.4,PLS,0.0586823417210703
0.4,PLS,0.072612822459649
0.4,PLS,0.0435165608225306
0.4,PLS,0.0472058498137404
0.4,PLS,0.0792919258674192
0.4,PLS,0.0925592740823997
0.4,PLS,0.055020479141086
0.4,PLS,0.0378478798255029
0.4,PLS,0.0386625379686045
0.4,PLS,0.0775813717591157
0.4,PLS,0.0412163299993328
0.4,PLS,0.0673816674294076
0.4,PLS,0.052790446963786
0.4,PLS,0.0479308655981216
0.4,PLS,0.0446598894297355
0.4,PLS,0.0253291971768068
0.4,PLS,0.0501918750755658
0.4,PLS,0.0652877036104403
0.4,PLS,0.0333222367966044
0.4,PLS,0.0523552858236275
0.4,PLS,0.0596996554407319
0.4,PLS,0.0598477842883725
0.4,PLS,0.0796913779504332
0.4,PLS,0.0391879585956032
0.4,PLS,0.0431083360713646
0.4,PLS,0.0487803680395997
0.4,PLS,0.0380957960382042
0.4,PLS,0.0474885189964537
0.4,PLS,0.0506693045248368
0.4,PLS,0.04862468774625
0.4,PLS,0.0595668485843744
0.4,PLS,0.0778970925701312
0.4,PLS,0.0411664443883303
0.4,PLS,0.0704587824068438
0.4,PLS,0.0288308218934761
0.4,PLS,0.081373887941688
0.4,PLS,0.0651844318007863
0.4,PLS,0.0260141498511492
0.4,PLS,0.0368383312560908
0.4,PLS,0.0444104647459307
0.4,PLS,0.0558378509274781
0.4,PLS,0.0391094696822174
0.4,PLS,0.0561260194705474
0.4,PLS,0.0623244190454852
0.4,PLS,0.0421591502599411
0.4,PLS,0.063797265647648
0.4,PLS,0.0540103552207683
0.4,PLS,0.0711515238072563
0.4,PLS,0.0840866178918692
0.4,PLS,0.0380229544031153
0.4,PLS,0.0524795487867146
0.4,PLS,0.0476247902542205
0.4,PLS,0.0340035299542595
0.4,PLS,0.0504340813578321
0.4,PLS,0.136981465554719
0.4,PLS,0.0441439489578983
0.4,PLS,0.056550902013197
0.4,PLS,0.051841772577288
0.4,PLS,0.0614867057703741
0.4,PLS,0.0411511808820277
0.4,PLS,0.0729310842710456
0.4,PLS,0.0639860525341963
0.4,PLS,0.0703375875473737
0.4,PLS,0.0601543359243838
0.4,PLS,0.0532523976374825
0.4,PLS,0.0432083554547127
0.4,PLS,0.0474862944384797
0.4,PLS,0.0377964467341773
0.4,PLS,0.0525680319642392
0.4,PLS,0.0701604301440287
0.4,PLS,0.0409590608015514
0.4,PLS,0.0562625508272867
0.4,PLS,0.0796671385276321
0.4,PLS,0.0960408383148406
0.4,PLS,0.0702933237151573
0.4,PLS,0.0606418079956463
0.4,PLS,0.0776025079339581
0.4,PLS,0.035087726337022
0.4,PLS,0.054417837013197
0.4,PLS,0.0506048891153146
0.4,PLS,0.0588256536237075
0.4,PLS,0.0516940113287959
0.4,PLS,0.0725796654118184
0.4,PLS,0.0663862171624136
0.4,PLS,0.0554230249162669
0.4,PLS,0.0278513593360792
0.4,PLS,0.0762264858871834
0.4,fTS,0.0677175182666921
0.4,fTS,0.0706726581798114
0.4,fTS,0.0600420020301392
0.4,fTS,0.0604914233201328
0.4,fTS,0.0375058691066364
0.4,fTS,0.0558070796451518
0.4,fTS,0.0709548283788217
0.4,fTS,0.0489709890656308
0.4,fTS,0.0502371680256756
0.4,fTS,0.0756193751404689
0.4,fTS,0.0437523350258169
0.4,fTS,0.0548026210393657
0.4,fTS,0.0567568668704057
0.4,fTS,0.0456051172130942
0.4,fTS,0.0700826443519865
0.4,fTS,0.0213072895291235
0.4,fTS,0.0455172280422415
0.4,fTS,0.0646761730313687
0.4,fTS,0.0388596220970919
0.4,fTS,0.0843363793040547
0.4,fTS,0.032497722453922
0.4,fTS,0.0692557039281283
0.4,fTS,0.0339423181027888
0.4,fTS,0.041030243216838
0.4,fTS,0.0335726948506434
0.4,fTS,0.0369279988635658
0.4,fTS,0.0415289830234984
0.4,fTS,0.0348282654652504
0.4,fTS,0.0717219260307624
0.4,fTS,0.0474246709173045
0.4,fTS,0.0454941077223611
0.4,fTS,0.0559859509095695
0.4,fTS,0.0546906705757985
0.4,fTS,0.0391999836908641
0.4,fTS,0.0492350721095053
0.4,fTS,0.0821287966205113
0.4,fTS,0.0388548202154519
0.4,fTS,0.0549256355218096
0.4,fTS,0.0691220724720353
0.4,fTS,0.0264961905602226
0.4,fTS,0.04276331235924
0.4,fTS,0.0404369883146824
0.4,fTS,0.0536014406570311
0.4,fTS,0.0771936694518224
0.4,fTS,0.0371026682382408
0.4,fTS,0.046151067535344
0.4,fTS,0.0429121047157115
0.4,fTS,0.0428402041344703
0.4,fTS,0.0672341483789093
0.4,fTS,0.0552454376592091
0.4,fTS,0.0565521110771814
0.4,fTS,0.0258738660895085
0.4,fTS,0.0407386148225308
0.4,fTS,0.0423737472583003
0.4,fTS,0.0392540287486279
0.4,fTS,0.0491396164109286
0.4,fTS,0.0691593631630742
0.4,fTS,0.0463549610289718
0.4,fTS,0.0400906675117613
0.4,fTS,0.0504727787466681
0.4,fTS,0.099200355314534
0.4,fTS,0.0469924064539832
0.4,fTS,0.0529626040151794
0.4,fTS,0.0291398745264369
0.4,fTS,0.0721337292076141
0.4,fTS,0.0545255341467882
0.4,fTS,0.0813228820155084
0.4,fTS,0.0265545843988096
0.4,fTS,0.0707961547609404
0.4,fTS,0.0593330960895004
0.4,fTS,0.0580402057214312
0.4,fTS,0.0466573906462388
0.4,fTS,0.0649055933785552
0.4,fTS,0.0560135498693851
0.4,fTS,0.0708608983320781
0.4,fTS,0.0701652129504915
0.4,fTS,0.0614364360130154
0.4,fTS,0.0465393188912211
0.4,fTS,0.0451969137957004
0.4,fTS,0.0414062836775999
0.4,fTS,0.0405870358154298
0.4,fTS,0.0509337704934166
0.4,fTS,0.0527037382206138
0.4,fTS,0.0514179400428045
0.4,fTS,0.0763807536498745
0.4,fTS,0.0653660187708194
0.4,fTS,0.0258190757017983
0.4,fTS,0.0607021564245938
0.4,fTS,0.0473949872768544
0.4,fTS,0.0388569812305588
0.4,fTS,0.0561627002925839
0.4,fTS,0.049835978536525
0.4,fTS,0.0451986136338179
0.4,fTS,0.0338845660640557
0.4,fTS,0.0606372098447501
0.4,fTS,0.0526238969372952
0.4,fTS,0.0400399177875341
0.4,fTS,0.079583022979288
0.4,fTS,0.0751748610715561
0.4,fTS,0.0418520270439902
0.4,fTS,0.0379666345369404
0.4,fTS,0.0687685694688333
0.4,fTS,0.0439397957290597
0.4,fTS,0.0497514989756673
0.4,fTS,0.0385413832841002
0.4,fTS,0.0574739356795851
0.4,fTS,0.031007524612838
0.4,fTS,0.0289149467438154
0.4,fTS,0.0599902328346231
0.4,fTS,0.0524199591537575
0.4,fTS,0.0608811400595753
0.4,fTS,0.0762649922697675
0.4,fTS,0.0432170162155181
0.4,fTS,0.0586017484193377
0.4,fTS,0.0592008889926956
0.4,fTS,0.0392168539974936
0.4,fTS,0.0487772672247266
0.4,fTS,0.0802267183213688
0.4,fTS,0.0868766305825379
0.4,fTS,0.0561373634782331
0.4,fTS,0.0381291181180371
0.4,fTS,0.0366986937322816
0.4,fTS,0.0714704701152256
0.4,fTS,0.0435247128616714
0.4,fTS,0.0610464518769738
0.4,fTS,0.0502018758236178
0.4,fTS,0.0493623316332417
0.4,fTS,0.0484709977912078
0.4,fTS,0.0271235112649978
0.4,fTS,0.0488761046412451
0.4,fTS,0.0641601113352848
0.4,fTS,0.0358881442697552
0.4,fTS,0.0468455740533136
0.4,fTS,0.0535455084313584
0.4,fTS,0.0691033766290388
0.4,fTS,0.0806640728354181
0.4,fTS,0.0350780301919841
0.4,fTS,0.0406976868801949
0.4,fTS,0.048052491997164
0.4,fTS,0.0337815947545864
0.4,fTS,0.0468488935480787
0.4,fTS,0.0512043982544035
0.4,fTS,0.0557001941316642
0.4,fTS,0.0537332503934277
0.4,fTS,0.0771333082223113
0.4,fTS,0.0368094483390217
0.4,fTS,0.0609366890808761
0.4,fTS,0.0276710556931345
0.4,fTS,0.0779404182970861
0.4,fTS,0.0639740939179999
0.4,fTS,0.0255001495858654
0.4,fTS,0.0321176550266002
0.4,fTS,0.0373679662637918
0.4,fTS,0.0540900150559824
0.4,fTS,0.0428888577665067
0.4,fTS,0.0551291370206137
0.4,fTS,0.0631647332638705
0.4,fTS,0.0403136571564328
0.4,fTS,0.0601772160639514
0.4,fTS,0.04522315848699
0.4,fTS,0.0627005637879342
0.4,fTS,0.0761702882214141
0.4,fTS,0.032149566776841
0.4,fTS,0.061271174868378
0.4,fTS,0.045075027886179
0.4,fTS,0.0287181944626784
0.4,fTS,0.0527646759503863
0.4,fTS,0.0471461484873175
0.4,fTS,0.0397559643898174
0.4,fTS,0.0538177891953412
0.4,fTS,0.0611507542230483
0.4,fTS,0.0625411242831967
0.4,fTS,0.0436583695552276
0.4,fTS,0.073461565537633
0.4,fTS,0.0611878792703669
0.4,fTS,0.0674998934543622
0.4,fTS,0.0523319462012448
0.4,fTS,0.0531445520291599
0.4,fTS,0.0449663647099807
0.4,fTS,0.0467194130791452
0.4,fTS,0.0383824112764872
0.4,fTS,0.0705648310984629
0.4,fTS,0.0654887606506046
0.4,fTS,0.0424714251543157
0.4,fTS,0.0542770829782738
0.4,fTS,0.0701488275851981
0.4,fTS,0.0868617606565378
0.4,fTS,0.0621757733197363
0.4,fTS,0.0665092463305279
0.4,fTS,0.0793962062800703
0.4,fTS,0.0344237337796374
0.4,fTS,0.0541100877339437
0.4,fTS,0.0534801333177923
0.4,fTS,0.0598675146970525
0.4,fTS,0.0520743299974307
0.4,fTS,0.0518239681787636
0.4,fTS,0.0569754685188689
0.4,fTS,0.0473173996450459
0.4,fTS,0.0293435007310151
0.4,fTS,0.0734380713925395
0.4,LS_oracle,0.0677560642561061
0.4,LS_oracle,0.0777203557908296
0.4,LS_oracle,0.0540635260246163
0.4,LS_oracle,0.0655295764750411
0.4,LS_oracle,0.0377844759783983
0.4,LS_oracle,0.0632567660523071
0.4,LS_oracle,0.0665080219033088
0.4,LS_oracle,0.048385862961023
0.4,LS_oracle,0.0522734481468535
0.4,LS_oracle,0.075831640173529
0.4,LS_oracle,0.0501627365900198
0.4,LS_oracle,0.0586045521988331
0.4,LS_oracle,0.0661846744627409
0.4,LS_oracle,0.0473944981238023
0.4,LS_oracle,0.0753165217142429
0.4,LS_oracle,0.0209985045734271
0.4,LS_oracle,0.0532489694364804
0.4,LS_oracle,0.0887282251297871
0.4,LS_oracle,0.0414138511448556
0.4,LS_oracle,0.0812887831754366
0.4,LS_oracle,0.0341087206499563
0.4,LS_oracle,0.0699575865270204
0.4,LS_oracle,0.0359870298874273
0.4,LS_oracle,0.0427448393828641
0.4,LS_oracle,0.0412795264050195
0.4,LS_oracle,0.0361836651585368
0.4,LS_oracle,0.0410446481686528
0.4,LS_oracle,0.0400275212957669
0.4,LS_oracle,0.0622414047682234
0.4,LS_oracle,0.0596068850636712
0.4,LS_oracle,0.0500166407343436
0.4,LS_oracle,0.0543941813192232
0.4,LS_oracle,0.0643516182765368
0.4,LS_oracle,0.0374708345252713
0.4,LS_oracle,0.0526008767770933
0.4,LS_oracle,0.0861747133718545
0.4,LS_oracle,0.0418683511547806
0.4,LS_oracle,0.0629337078743575
0.4,LS_oracle,0.0692696406050766
0.4,LS_oracle,0.0319148727519655
0.4,LS_oracle,0.0487471459949908
0.4,LS_oracle,0.0521205919145767
0.4,LS_oracle,0.0552799792489675
0.4,LS_oracle,0.0656706228502986
0.4,LS_oracle,0.041117252057745
0.4,LS_oracle,0.0444261019314007
0.4,LS_oracle,0.0474180696442597
0.4,LS_oracle,0.0409042514646442
0.4,LS_oracle,0.061888052272255
0.4,LS_oracle,0.0554715309311323
0.4,LS_oracle,0.0611773652056276
0.4,LS_oracle,0.0318880572672544
0.4,LS_oracle,0.0427010224192626
0.4,LS_oracle,0.0374745538264014
0.4,LS_oracle,0.0430952181692763
0.4,LS_oracle,0.0426376112639233
0.4,LS_oracle,0.0728217809687432
0.4,LS_oracle,0.047819073022314
0.4,LS_oracle,0.0403040820964006
0.4,LS_oracle,0.0507796213874388
0.4,LS_oracle,0.0987668202978385
0.4,LS_oracle,0.0544302352836328
0.4,LS_oracle,0.0563851516172131
0.4,LS_oracle,0.0335996925979845
0.4,LS_oracle,0.0713407235956439
0.4,LS_oracle,0.0515312292957518
0.4,LS_oracle,0.0887443145495449
0.4,LS_oracle,0.0229880434925418
0.4,LS_oracle,0.0808038761539837
0.4,LS_oracle,0.0610597802535467
0.4,LS_oracle,0.0656866899219651
0.4,LS_oracle,0.0528342230481798
0.4,LS_oracle,0.0690583866021153
0.4,LS_oracle,0.0641776768751689
0.4,LS_oracle,0.071756561267062
0.4,LS_oracle,0.0805454065436862
0.4,LS_oracle,0.0677816377460075
0.4,LS_oracle,0.0452548984712845
0.4,LS_oracle,0.0524323471377926
0.4,LS_oracle,0.0375612099866609
0.4,LS_oracle,0.0390524750911295
0.4,LS_oracle,0.055819866174442
0.4,LS_oracle,0.0536035480552331
0.4,LS_oracle,0.0577641926097805
0.4,LS_oracle,0.0830124084132692
0.4,LS_oracle,0.0649792700099297
0.4,LS_oracle,0.0323882327446074
0.4,LS_oracle,0.0704212119585558
0.4,LS_oracle,0.0516007927625022
0.4,LS_oracle,0.0461816424335914
0.4,LS_oracle,0.0597571392101254
0.4,LS_oracle,0.0501569336030149
0.4,LS_oracle,0.045070266053795
0.4,LS_oracle,0.0320093895720273
0.4,LS_oracle,0.0629926552954006
0.4,LS_oracle,0.0613619083458968
0.4,LS_oracle,0.0462961147489838
0.4,LS_oracle,0.0760781015607456
0.4,LS_oracle,0.0798284085421691
0.4,LS_oracle,0.0463055395288125
0.4,LS_oracle,0.0358124813940436
0.4,LS_oracle,0.0661021357928858
0.4,LS_oracle,0.0428562785014205
0.4,LS_oracle,0.0559734346867158
0.4,LS_oracle,0.0329955934783045
0.4,LS_oracle,0.0570173211160449
0.4,LS_oracle,0.0328849030811036
0.4,LS_oracle,0.0303718706770492
0.4,LS_oracle,0.0637644058956236
0.4,LS_oracle,0.0628580220589486
0.4,LS_oracle,0.0642147652332031
0.4,LS_oracle,0.0792546591408282
0.4,LS_oracle,0.0368721156630326
0.4,LS_oracle,0.0587087918825623
0.4,LS_oracle,0.0722868611072716
0.4,LS_oracle,0.0436920660230287
0.4,LS_oracle,0.0471449415066311
0.4,LS_oracle,0.0794219645912265
0.4,LS_oracle,0.0920333273640725
0.4,LS_oracle,0.0549895973773709
0.4,LS_oracle,0.0378495373236472
0.4,LS_oracle,0.0387954582817434
0.4,LS_oracle,0.0776869732183309
0.4,LS_oracle,0.0413373163895307
0.4,LS_oracle,0.0673053466757455
0.4,LS_oracle,0.0527930302994127
0.4,LS_oracle,0.0479180169056877
0.4,LS_oracle,0.0454345370712287
0.4,LS_oracle,0.0254746243387619
0.4,LS_oracle,0.0499927915019684
0.4,LS_oracle,0.0652779702508585
0.4,LS_oracle,0.0333229510077044
0.4,LS_oracle,0.0523677778337473
0.4,LS_oracle,0.0595607581956973
0.4,LS_oracle,0.06025619354575
0.4,LS_oracle,0.0794822349417125
0.4,LS_oracle,0.0391937644629975
0.4,LS_oracle,0.0433889359484355
0.4,LS_oracle,0.0486673072421764
0.4,LS_oracle,0.0379798712677189
0.4,LS_oracle,0.0470513010264706
0.4,LS_oracle,0.0506795526152404
0.4,LS_oracle,0.0485226871922553
0.4,LS_oracle,0.0594998996926272
0.4,LS_oracle,0.0781585339794343
0.4,LS_oracle,0.0409951700486654
0.4,LS_oracle,0.0706716405149791
0.4,LS_oracle,0.0287153028177061
0.4,LS_oracle,0.0814884907375654
0.4,LS_oracle,0.0651410792650383
0.4,LS_oracle,0.0259596751199497
0.4,LS_oracle,0.0368475161051394
0.4,LS_oracle,0.0444775605422472
0.4,LS_oracle,0.0558260174863147
0.4,LS_oracle,0.0390315084696086
0.4,LS_oracle,0.0560567815576924
0.4,LS_oracle,0.0623256128925652
0.4,LS_oracle,0.042137642876487
0.4,LS_oracle,0.0638009564470911
0.4,LS_oracle,0.0541226783563913
0.4,LS_oracle,0.0710393152657942
0.4,LS_oracle,0.0843676781726312
0.4,LS_oracle,0.038045922351103
0.4,LS_oracle,0.0524902588044392
0.4,LS_oracle,0.0476424123250395
0.4,LS_oracle,0.0341054559807772
0.4,LS_oracle,0.0505936200689663
0.4,LS_oracle,0.136889945391438
0.4,LS_oracle,0.0441594067846384
0.4,LS_oracle,0.0566657207011906
0.4,LS_oracle,0.051832229589328
0.4,LS_oracle,0.0615539586204957
0.4,LS_oracle,0.0414986038610064
0.4,LS_oracle,0.0721552900390055
0.4,LS_oracle,0.0636795462084748
0.4,LS_oracle,0.0702499059413178
0.4,LS_oracle,0.0602917262471325
0.4,LS_oracle,0.0532600187165396
0.4,LS_oracle,0.0432771279104513
0.4,LS_oracle,0.0475883990365119
0.4,LS_oracle,0.0377944764887947
0.4,LS_oracle,0.0524996019925181
0.4,LS_oracle,0.0703196664829449
0.4,LS_oracle,0.0409993090071011
0.4,LS_oracle,0.0556891021385961
0.4,LS_oracle,0.0796239626273806
0.4,LS_oracle,0.0974081204889181
0.4,LS_oracle,0.0704952322569793
0.4,LS_oracle,0.0607085785034905
0.4,LS_oracle,0.0772476477074035
0.4,LS_oracle,0.0351639724161057
0.4,LS_oracle,0.0543859403453868
0.4,LS_oracle,0.0503742182711714
0.4,LS_oracle,0.058947747823228
0.4,LS_oracle,0.0515638132545664
0.4,LS_oracle,0.0726094187761758
0.4,LS_oracle,0.0664060520194362
0.4,LS_oracle,0.0553900802347559
0.4,LS_oracle,0.0276510931358373
0.4,LS_oracle,0.0759720434551094
0.4,TS_oracle,0.0676986775324084
0.4,TS_oracle,0.0707647810514987
0.4,TS_oracle,0.0600082557764587
0.4,TS_oracle,0.0604831825595412
0.4,TS_oracle,0.0375254498803763
0.4,TS_oracle,0.0553975726926289
0.4,TS_oracle,0.0708740568898878
0.4,TS_oracle,0.0489124927752626
0.4,TS_oracle,0.0502300061138976
0.4,TS_oracle,0.0756222308553257
0.4,TS_oracle,0.043749400921842
0.4,TS_oracle,0.0548751478518731
0.4,TS_oracle,0.0565357156342029
0.4,TS_oracle,0.0456009150393888
0.4,TS_oracle,0.0701293594972242
0.4,TS_oracle,0.0212428668988733
0.4,TS_oracle,0.0455803522696475
0.4,TS_oracle,0.0646991724179186
0.4,TS_oracle,0.0389275790412515
0.4,TS_oracle,0.0841520937920382
0.4,TS_oracle,0.0324836036198192
0.4,TS_oracle,0.0692655508458722
0.4,TS_oracle,0.0339423478768484
0.4,TS_oracle,0.0410312616968004
0.4,TS_oracle,0.033520439299628
0.4,TS_oracle,0.0369496673238107
0.4,TS_oracle,0.0415342010869987
0.4,TS_oracle,0.0348221199294292
0.4,TS_oracle,0.0720333766186564
0.4,TS_oracle,0.0474358955748804
0.4,TS_oracle,0.045461020714194
0.4,TS_oracle,0.0560768329058553
0.4,TS_oracle,0.054631976841705
0.4,TS_oracle,0.0387824999910559
0.4,TS_oracle,0.0491896546006912
0.4,TS_oracle,0.0822956534942222
0.4,TS_oracle,0.0388613262635322
0.4,TS_oracle,0.0549311106711593
0.4,TS_oracle,0.0690948988944056
0.4,TS_oracle,0.0264992294860991
0.4,TS_oracle,0.0427632510033044
0.4,TS_oracle,0.0404361011117349
0.4,TS_oracle,0.0535856089958519
0.4,TS_oracle,0.0772013243486087
0.4,TS_oracle,0.0371034818326934
0.4,TS_oracle,0.045944841908573
0.4,TS_oracle,0.0428861618685766
0.4,TS_oracle,0.0429741826240826
0.4,TS_oracle,0.067580642141961
0.4,TS_oracle,0.0552461497876217
0.4,TS_oracle,0.0566750799828336
0.4,TS_oracle,0.0258881372784921
0.4,TS_oracle,0.040712996685596
0.4,TS_oracle,0.0420841058003322
0.4,TS_oracle,0.0392021057620879
0.4,TS_oracle,0.0490244229105258
0.4,TS_oracle,0.0686457207200343
0.4,TS_oracle,0.0463314309292043
0.4,TS_oracle,0.0400845197081364
0.4,TS_oracle,0.050424444441226
0.4,TS_oracle,0.0991198580810354
0.4,TS_oracle,0.0469935728934646
0.4,TS_oracle,0.0529753040042992
0.4,TS_oracle,0.029171289372122
0.4,TS_oracle,0.0722104062696
0.4,TS_oracle,0.054580612757217
0.4,TS_oracle,0.0815856504741879
0.4,TS_oracle,0.0265589433775017
0.4,TS_oracle,0.0707545285923094
0.4,TS_oracle,0.0593675641005445
0.4,TS_oracle,0.0580275266097516
0.4,TS_oracle,0.0466563196556063
0.4,TS_oracle,0.0649192077428293
0.4,TS_oracle,0.0556190948515907
0.4,TS_oracle,0.0708584296684105
0.4,TS_oracle,0.0702856073271172
0.4,TS_oracle,0.0613320728658126
0.4,TS_oracle,0.0465220690009899
0.4,TS_oracle,0.0451904305240746
0.4,TS_oracle,0.0414615874462913
0.4,TS_oracle,0.0405848636643143
0.4,TS_oracle,0.0510081242869988
0.4,TS_oracle,0.0521625331267138
0.4,TS_oracle,0.0514430646336504
0.4,TS_oracle,0.0763983225520546
0.4,TS_oracle,0.0649317708767233
0.4,TS_oracle,0.0255175522822563
0.4,TS_oracle,0.0607293907229214
0.4,TS_oracle,0.0474022826800644
0.4,TS_oracle,0.0388548263038532
0.4,TS_oracle,0.0561497252359883
0.4,TS_oracle,0.0497387934057358
0.4,TS_oracle,0.0451914686242669
0.4,TS_oracle,0.0338573566161501
0.4,TS_oracle,0.0607535622445103
0.4,TS_oracle,0.0526248491677316
0.4,TS_oracle,0.0399757830910182
0.4,TS_oracle,0.0795538563429949
0.4,TS_oracle,0.0752226920902661
0.4,TS_oracle,0.0418926311895054
0.4,TS_oracle,0.0379757549848907
0.4,TS_oracle,0.0687664658326746
0.4,TS_oracle,0.0438744904083125
0.4,TS_oracle,0.0501580305512938
0.4,TS_oracle,0.0385456560555988
0.4,TS_oracle,0.057727729045474
0.4,TS_oracle,0.0310353268115898
0.4,TS_oracle,0.0289748031829247
0.4,TS_oracle,0.0599952773085796
0.4,TS_oracle,0.0524196732971389
0.4,TS_oracle,0.0605516278707096
0.4,TS_oracle,0.0764345503707945
0.4,TS_oracle,0.0432281960298864
0.4,TS_oracle,0.0586275786407544
0.4,TS_oracle,0.0591669414248485
0.4,TS_oracle,0.039261507283298
0.4,TS_oracle,0.0488428082056485
0.4,TS_oracle,0.0802661077086657
0.4,TS_oracle,0.0866769949353776
0.4,TS_oracle,0.0560818998433288
0.4,TS_oracle,0.0381298082950317
0.4,TS_oracle,0.0366653081575903
0.4,TS_oracle,0.0716436804310522
0.4,TS_oracle,0.0438709291246148
0.4,TS_oracle,0.0610513450465759
0.4,TS_oracle,0.0503741473620268
0.4,TS_oracle,0.0493319712341989
0.4,TS_oracle,0.0485517951204113
0.4,TS_oracle,0.0272482020933376
0.4,TS_oracle,0.0488771628276809
0.4,TS_oracle,0.0641550721158616
0.4,TS_oracle,0.0358935441133133
0.4,TS_oracle,0.0469196080265313
0.4,TS_oracle,0.0535466208335673
0.4,TS_oracle,0.0691296107911723
0.4,TS_oracle,0.0805512206925247
0.4,TS_oracle,0.0350740440932949
0.4,TS_oracle,0.0407673262313971
0.4,TS_oracle,0.0478560945357826
0.4,TS_oracle,0.033918956052265
0.4,TS_oracle,0.0468089254579791
0.4,TS_oracle,0.0511902680148567
0.4,TS_oracle,0.0556424373725066
0.4,TS_oracle,0.0537273199319718
0.4,TS_oracle,0.0771401064307249
0.4,TS_oracle,0.0367723978297741
0.4,TS_oracle,0.0608763834972069
0.4,TS_oracle,0.027636537008279
0.4,TS_oracle,0.0779399628908355
0.4,TS_oracle,0.0639135735299931
0.4,TS_oracle,0.0254355574640309
0.4,TS_oracle,0.0321291954656271
0.4,TS_oracle,0.037353292108368
0.4,TS_oracle,0.0541205043900931
0.4,TS_oracle,0.0419916403759917
0.4,TS_oracle,0.055116639106558
0.4,TS_oracle,0.0631638860131879
0.4,TS_oracle,0.0402516038536674
0.4,TS_oracle,0.0602293515565718
0.4,TS_oracle,0.0452548566540168
0.4,TS_oracle,0.0626751308895206
0.4,TS_oracle,0.0761777568377858
0.4,TS_oracle,0.0321725615374397
0.4,TS_oracle,0.061336327181516
0.4,TS_oracle,0.0450867401797188
0.4,TS_oracle,0.0287505814247413
0.4,TS_oracle,0.0530928374079392
0.4,TS_oracle,0.0474289451164374
0.4,TS_oracle,0.0396870780974025
0.4,TS_oracle,0.0538168068263593
0.4,TS_oracle,0.061143398905502
0.4,TS_oracle,0.0625272133479323
0.4,TS_oracle,0.0438343573240654
0.4,TS_oracle,0.0735009954616878
0.4,TS_oracle,0.0612329857181058
0.4,TS_oracle,0.0675130335877431
0.4,TS_oracle,0.0529157737089918
0.4,TS_oracle,0.0531389554430795
0.4,TS_oracle,0.0449509458868182
0.4,TS_oracle,0.0467202263320492
0.4,TS_oracle,0.0383821407190873
0.4,TS_oracle,0.0705147489769092
0.4,TS_oracle,0.0655403758380382
0.4,TS_oracle,0.0424888874007423
0.4,TS_oracle,0.0542703456471735
0.4,TS_oracle,0.0699357950799052
0.4,TS_oracle,0.0868948530773868
0.4,TS_oracle,0.0621867582041897
0.4,TS_oracle,0.0666668375201377
0.4,TS_oracle,0.0786319945192063
0.4,TS_oracle,0.0344313674895364
0.4,TS_oracle,0.0540911498563088
0.4,TS_oracle,0.0534423383857888
0.4,TS_oracle,0.0597270513637636
0.4,TS_oracle,0.0522321823528979
0.4,TS_oracle,0.0518331641291303
0.4,TS_oracle,0.0569834428202895
0.4,TS_oracle,0.0473308126117792
0.4,TS_oracle,0.0292570239543404
0.4,TS_oracle,0.0734047468473481
0.5,PLS,0.0985719410765694
0.5,PLS,0.0478344157038232
0.5,PLS,0.0537835665298583
0.5,PLS,0.055035983364587
0.5,PLS,0.0442837061566171
0.5,PLS,0.0491467941967201
0.5,PLS,0.0307716408088646
0.5,PLS,0.0944705378517884
0.5,PLS,0.0460547574052537
0.5,PLS,0.0536756660609578
0.5,PLS,0.0346315489188988
0.5,PLS,0.0855218066305152
0.5,PLS,0.0320344169529177
0.5,PLS,0.0365321945370377
0.5,PLS,0.0517033074103403
0.5,PLS,0.0597676207289402
0.5,PLS,0.043122791864128
0.5,PLS,0.0763284570217205
0.5,PLS,0.0621707058249306
0.5,PLS,0.0513176731557585
0.5,PLS,0.0419381126714859
0.5,PLS,0.0461484932406232
0.5,PLS,0.0781648943720173
0.5,PLS,0.0556524590356185
0.5,PLS,0.0630043824202327
0.5,PLS,0.0483536442378874
0.5,PLS,0.020798806580216
0.5,PLS,0.056018882010006
0.5,PLS,0.0327171027495454
0.5,PLS,0.0404972037788764
0.5,PLS,0.066853863162332
0.5,PLS,0.0623161452450411
0.5,PLS,0.0576103895058502
0.5,PLS,0.0362269198300285
0.5,PLS,0.0684256708477256
0.5,PLS,0.0473068910708124
0.5,PLS,0.0430183232121853
0.5,PLS,0.0528215632374493
0.5,PLS,0.0448739841806703
0.5,PLS,0.108183395875824
0.5,PLS,0.048685866601846
0.5,PLS,0.0648609519611152
0.5,PLS,0.0845541253982638
0.5,PLS,0.0363509553700975
0.5,PLS,0.0739412442593105
0.5,PLS,0.0410442108845459
0.5,PLS,0.0371420457585519
0.5,PLS,0.110370149257061
0.5,PLS,0.0424273803387058
0.5,PLS,0.0520106256362284
0.5,PLS,0.0641370423183056
0.5,PLS,0.0884042746095887
0.5,PLS,0.0538175868178674
0.5,PLS,0.0300011163408236
0.5,PLS,0.0453031463284281
0.5,PLS,0.0372369982805715
0.5,PLS,0.0854352568974947
0.5,PLS,0.072316854243211
0.5,PLS,0.0729012080755853
0.5,PLS,0.0484094500930225
0.5,PLS,0.123734667651921
0.5,PLS,0.0617554864037518
0.5,PLS,0.0374933273926625
0.5,PLS,0.0497316303214928
0.5,PLS,0.0469332359091885
0.5,PLS,0.0651992241779159
0.5,PLS,0.0655831559032535
0.5,PLS,0.0325521081932427
0.5,PLS,0.0739354569635653
0.5,PLS,0.051333855086402
0.5,PLS,0.0521661746896533
0.5,PLS,0.0399435855560846
0.5,PLS,0.0472457059739611
0.5,PLS,0.0661740335398602
0.5,PLS,0.0405490376376915
0.5,PLS,0.0769256450385155
0.5,PLS,0.032730043900055
0.5,PLS,0.0538491831192858
0.5,PLS,0.041576371926801
0.5,PLS,0.0437627961277043
0.5,PLS,0.100641536482128
0.5,PLS,0.0520967863999107
0.5,PLS,0.0718325869422475
0.5,PLS,0.0499403834727655
0.5,PLS,0.154978478624452
0.5,PLS,0.0514028349616595
0.5,PLS,0.0780873375251626
0.5,PLS,0.0703349572098963
0.5,PLS,0.0352831299957754
0.5,PLS,0.0282688999437155
0.5,PLS,0.0673398854893613
0.5,PLS,0.100317740171448
0.5,PLS,0.0664175748972354
0.5,PLS,0.0584687659475042
0.5,PLS,0.058205080527796
0.5,PLS,0.0922489722177431
0.5,PLS,0.0569813420930097
0.5,PLS,0.0755561206146198
0.5,PLS,0.0868046460562493
0.5,PLS,0.0219171253603443
0.5,PLS,0.03823808932159
0.5,PLS,0.0706270395298965
0.5,PLS,0.0627706241431735
0.5,PLS,0.0589576990008024
0.5,PLS,0.0609496225140855
0.5,PLS,0.047552966992991
0.5,PLS,0.0713041217955607
0.5,PLS,0.0835407093511939
0.5,PLS,0.0557332214246015
0.5,PLS,0.0627233938360911
0.5,PLS,0.0577671418302658
0.5,PLS,0.049299889164213
0.5,PLS,0.0599280574800473
0.5,PLS,0.0603420299547351
0.5,PLS,0.0511586325415578
0.5,PLS,0.0394028388795633
0.5,PLS,0.0507710837885037
0.5,PLS,0.0394226138630592
0.5,PLS,0.0585464984643506
0.5,PLS,0.0668270922841892
0.5,PLS,0.0418062833241821
0.5,PLS,0.0608823717806176
0.5,PLS,0.105100544086806
0.5,PLS,0.0592555496932912
0.5,PLS,0.0480811267749073
0.5,PLS,0.0399297053289913
0.5,PLS,0.0728301146114782
0.5,PLS,0.0587829887514128
0.5,PLS,0.0552019516133799
0.5,PLS,0.0582911336994425
0.5,PLS,0.0344930664249935
0.5,PLS,0.0829186648374367
0.5,PLS,0.0446334152092917
0.5,PLS,0.0457135925842369
0.5,PLS,0.0388156068683971
0.5,PLS,0.0538856522284435
0.5,PLS,0.0933498259601016
0.5,PLS,0.065611337289493
0.5,PLS,0.025384990807634
0.5,PLS,0.0704923067666143
0.5,PLS,0.081163774867056
0.5,PLS,0.0346969516325272
0.5,PLS,0.060523287723043
0.5,PLS,0.0449289027690606
0.5,PLS,0.0249508052453412
0.5,PLS,0.0723578727865606
0.5,PLS,0.0489004987812204
0.5,PLS,0.0257237749663725
0.5,PLS,0.0939050218817816
0.5,PLS,0.0369363311151001
0.5,PLS,0.0524201434089724
0.5,PLS,0.0490028303302144
0.5,PLS,0.055820692162825
0.5,PLS,0.045783908506356
0.5,PLS,0.0733442667092157
0.5,PLS,0.050236291777802
0.5,PLS,0.051596743764765
0.5,PLS,0.0609941956468389
0.5,PLS,0.0418113292494145
0.5,PLS,0.0297108126889974
0.5,PLS,0.0382074831643267
0.5,PLS,0.0599068742167635
0.5,PLS,0.0450956976077532
0.5,PLS,0.0567406792932892
0.5,PLS,0.0535421770507425
0.5,PLS,0.0436959205145761
0.5,PLS,0.0680429641599158
0.5,PLS,0.0803492709465648
0.5,PLS,0.0447128528295316
0.5,PLS,0.0343932642145118
0.5,PLS,0.0617090874076575
0.5,PLS,0.0592372930721521
0.5,PLS,0.0711832298766495
0.5,PLS,0.0511821486235737
0.5,PLS,0.0773792465104949
0.5,PLS,0.0367986135177752
0.5,PLS,0.0508940840059382
0.5,PLS,0.0836346238988306
0.5,PLS,0.0519443063862241
0.5,PLS,0.0421003212003762
0.5,PLS,0.0605930989580505
0.5,PLS,0.0550856692790144
0.5,PLS,0.0408905516212081
0.5,PLS,0.0453143534695419
0.5,PLS,0.0482679119240534
0.5,PLS,0.0452131917787785
0.5,PLS,0.041774903318883
0.5,PLS,0.0749710305320751
0.5,PLS,0.0519300151292546
0.5,PLS,0.0547077496845375
0.5,PLS,0.0476118168787321
0.5,PLS,0.032728222118157
0.5,PLS,0.049964010123834
0.5,PLS,0.0475987890086679
0.5,PLS,0.0461037667552052
0.5,PLS,0.0758871306839321
0.5,PLS,0.0797520559103528
0.5,PLS,0.08127480541448
0.5,PLS,0.0280736409891077
0.5,PLS,0.0324404792515189
0.5,fTS,0.0935618066936054
0.5,fTS,0.0513582154746533
0.5,fTS,0.0498996693446342
0.5,fTS,0.0644577483862795
0.5,fTS,0.0445804994391521
0.5,fTS,0.0438362872913328
0.5,fTS,0.0290308391666582
0.5,fTS,0.106987949091212
0.5,fTS,0.0622587610026047
0.5,fTS,0.0466257475275929
0.5,fTS,0.0395325424351824
0.5,fTS,0.0790942619697585
0.5,fTS,0.0293865956891226
0.5,fTS,0.0329302259628791
0.5,fTS,0.0510389020430137
0.5,fTS,0.0643831251521561
0.5,fTS,0.0474222927139268
0.5,fTS,0.0574242046911387
0.5,fTS,0.0608129871921202
0.5,fTS,0.0531294820667468
0.5,fTS,0.0359373542000607
0.5,fTS,0.0510541409358485
0.5,fTS,0.054382915561042
0.5,fTS,0.0559936021535818
0.5,fTS,0.0618873603359077
0.5,fTS,0.0477121418425447
0.5,fTS,0.0206082232809311
0.5,fTS,0.0493283430039822
0.5,fTS,0.0341760468520509
0.5,fTS,0.044910006627124
0.5,fTS,0.0670780835634139
0.5,fTS,0.0615330548813627
0.5,fTS,0.0573365611825715
0.5,fTS,0.0314263954914487
0.5,fTS,0.0744229011407654
0.5,fTS,0.0395978906427941
0.5,fTS,0.0438267013073354
0.5,fTS,0.0418615057867349
0.5,fTS,0.0500087019776769
0.5,fTS,0.0826107687196468
0.5,fTS,0.0457725431320554
0.5,fTS,0.0670361041936524
0.5,fTS,0.0653463043892971
0.5,fTS,0.038810372431151
0.5,fTS,0.0572088793404299
0.5,fTS,0.0414683249764117
0.5,fTS,0.0357213611963557
0.5,fTS,0.0887512679801407
0.5,fTS,0.0358260011219609
0.5,fTS,0.0463094256966566
0.5,fTS,0.058811978546714
0.5,fTS,0.07746987763282
0.5,fTS,0.0537948447783375
0.5,fTS,0.0321999800629527
0.5,fTS,0.0421133047560251
0.5,fTS,0.0347446578033763
0.5,fTS,0.0764454908905983
0.5,fTS,0.0705787996774049
0.5,fTS,0.0613476816292364
0.5,fTS,0.0402890702969864
0.5,fTS,0.109948061480106
0.5,fTS,0.0566191321230948
0.5,fTS,0.0417164524388593
0.5,fTS,0.041510483582332
0.5,fTS,0.0426735769654573
0.5,fTS,0.0664737375410478
0.5,fTS,0.065231369088236
0.5,fTS,0.0267365176143242
0.5,fTS,0.0725616070063946
0.5,fTS,0.0480151039736258
0.5,fTS,0.0521396840144372
0.5,fTS,0.0452723446295814
0.5,fTS,0.0453771953863048
0.5,fTS,0.0659402901686051
0.5,fTS,0.048425924558705
0.5,fTS,0.0707592097275238
0.5,fTS,0.0321420460070067
0.5,fTS,0.0441054067319263
0.5,fTS,0.0442446296326466
0.5,fTS,0.0383185579148942
0.5,fTS,0.0878455752520499
0.5,fTS,0.0538520482136939
0.5,fTS,0.0810454433343298
0.5,fTS,0.047460976627951
0.5,fTS,0.135761506216844
0.5,fTS,0.050669098736152
0.5,fTS,0.0693849188609419
0.5,fTS,0.0653728340385569
0.5,fTS,0.0409982964511488
0.5,fTS,0.0313940888320087
0.5,fTS,0.0710258288120682
0.5,fTS,0.0773542511203785
0.5,fTS,0.0555917410588628
0.5,fTS,0.068403299218266
0.5,fTS,0.0531870772148889
0.5,fTS,0.0646254140655204
0.5,fTS,0.0605463920996958
0.5,fTS,0.0544512457126863
0.5,fTS,0.0665348237493048
0.5,fTS,0.0286207526410392
0.5,fTS,0.0397483138475984
0.5,fTS,0.0572460976837274
0.5,fTS,0.0542457851727035
0.5,fTS,0.0593733669222847
0.5,fTS,0.0557669688153745
0.5,fTS,0.0586138454923507
0.5,fTS,0.0646001949176306
0.5,fTS,0.0785004224860751
0.5,fTS,0.0614336431020534
0.5,fTS,0.0686908982352126
0.5,fTS,0.0431245291098067
0.5,fTS,0.0364430691408875
0.5,fTS,0.0660244497596813
0.5,fTS,0.0496577978474939
0.5,fTS,0.0542024986812108
0.5,fTS,0.0398311044962957
0.5,fTS,0.048219665116186
0.5,fTS,0.0416154995374209
0.5,fTS,0.058984537251436
0.5,fTS,0.0740095697868038
0.5,fTS,0.0413315071675883
0.5,fTS,0.0567600492063467
0.5,fTS,0.0687009747881296
0.5,fTS,0.0618833202825062
0.5,fTS,0.0412544622856054
0.5,fTS,0.0360451926716795
0.5,fTS,0.0602194378247896
0.5,fTS,0.0542659713407791
0.5,fTS,0.0538543186177821
0.5,fTS,0.0533515050664086
0.5,fTS,0.034001193876357
0.5,fTS,0.0674140144580722
0.5,fTS,0.0373120847452774
0.5,fTS,0.0476344759082466
0.5,fTS,0.0417483350399015
0.5,fTS,0.0543245894327856
0.5,fTS,0.0912796776239612
0.5,fTS,0.0523408317551768
0.5,fTS,0.0228268928221974
0.5,fTS,0.0669061198501362
0.5,fTS,0.0630195591470509
0.5,fTS,0.0290881796230066
0.5,fTS,0.0623285128632855
0.5,fTS,0.0548812474486889
0.5,fTS,0.0237693987828498
0.5,fTS,0.0778055013902315
0.5,fTS,0.0452477051648205
0.5,fTS,0.0248814003009019
0.5,fTS,0.0775818699358574
0.5,fTS,0.0392532697338829
0.5,fTS,0.0698948453270248
0.5,fTS,0.0359082583923249
0.5,fTS,0.0527996286879187
0.5,fTS,0.0430714046991742
0.5,fTS,0.0557369321181081
0.5,fTS,0.0499151658640318
0.5,fTS,0.0524245163818506
0.5,fTS,0.0706214895706573
0.5,fTS,0.0411016519041222
0.5,fTS,0.0288251943846067
0.5,fTS,0.0372732459767242
0.5,fTS,0.072365833138558
0.5,fTS,0.0412240938648181
0.5,fTS,0.0508903919894344
0.5,fTS,0.0477233890040162
0.5,fTS,0.0321350201971464
0.5,fTS,0.0648380740988168
0.5,fTS,0.0683751735207412
0.5,fTS,0.0450029990161639
0.5,fTS,0.03461515853644
0.5,fTS,0.0457559506517777
0.5,fTS,0.0600057557266094
0.5,fTS,0.0717368276264886
0.5,fTS,0.0503594972582371
0.5,fTS,0.0674155484633372
0.5,fTS,0.0307849753897116
0.5,fTS,0.0492662511074258
0.5,fTS,0.086941753566758
0.5,fTS,0.0478517312672684
0.5,fTS,0.043045382195244
0.5,fTS,0.0644249836737265
0.5,fTS,0.0429109770120914
0.5,fTS,0.0436456222602813
0.5,fTS,0.0464734802576912
0.5,fTS,0.047156902635814
0.5,fTS,0.0434169087316685
0.5,fTS,0.041512775941886
0.5,fTS,0.0709067734291899
0.5,fTS,0.0581400206596858
0.5,fTS,0.0557677352419535
0.5,fTS,0.0511551100868496
0.5,fTS,0.0300884366037384
0.5,fTS,0.0561247056399969
0.5,fTS,0.0460520140170131
0.5,fTS,0.0445480196352822
0.5,fTS,0.0885786308900081
0.5,fTS,0.0719336797506493
0.5,fTS,0.073070398806394
0.5,fTS,0.0253298664760203
0.5,fTS,0.031021379974299
0.5,LS_oracle,0.0983338475221973
0.5,LS_oracle,0.0480263361400184
0.5,LS_oracle,0.0539122402018487
0.5,LS_oracle,0.0553452366878936
0.5,LS_oracle,0.0441222393550401
0.5,LS_oracle,0.04913676412995
0.5,LS_oracle,0.0308365808607637
0.5,LS_oracle,0.0940140072928629
0.5,LS_oracle,0.0461326525754446
0.5,LS_oracle,0.0537079808572861
0.5,LS_oracle,0.034617826716714
0.5,LS_oracle,0.0856873259694168
0.5,LS_oracle,0.0320565200201602
0.5,LS_oracle,0.0375569966991977
0.5,LS_oracle,0.051619437015893
0.5,LS_oracle,0.0597602488818757
0.5,LS_oracle,0.0431256126740073
0.5,LS_oracle,0.0762537883142465
0.5,LS_oracle,0.0621597549852042
0.5,LS_oracle,0.0515879866015178
0.5,LS_oracle,0.0415869868568015
0.5,LS_oracle,0.0461554248250511
0.5,LS_oracle,0.0781150543419415
0.5,LS_oracle,0.0556271587243912
0.5,LS_oracle,0.0628393399063073
0.5,LS_oracle,0.0484317558526508
0.5,LS_oracle,0.0207068316519151
0.5,LS_oracle,0.0559681539946889
0.5,LS_oracle,0.0329194333963598
0.5,LS_oracle,0.0405210421902613
0.5,LS_oracle,0.0670931964435789
0.5,LS_oracle,0.0625049994806987
0.5,LS_oracle,0.0575190028794497
0.5,LS_oracle,0.0362881043176475
0.5,LS_oracle,0.0679637425903757
0.5,LS_oracle,0.0475297457821531
0.5,LS_oracle,0.0429800705613385
0.5,LS_oracle,0.052863707878629
0.5,LS_oracle,0.0450039692021256
0.5,LS_oracle,0.107959899582346
0.5,LS_oracle,0.0485922622936986
0.5,LS_oracle,0.0648755003065555
0.5,LS_oracle,0.0845356654867121
0.5,LS_oracle,0.0362630127669393
0.5,LS_oracle,0.0737960640254671
0.5,LS_oracle,0.0407160701881276
0.5,LS_oracle,0.0371226089601771
0.5,LS_oracle,0.110670770789723
0.5,LS_oracle,0.0422605592796907
0.5,LS_oracle,0.0519191858143647
0.5,LS_oracle,0.0642364858935235
0.5,LS_oracle,0.0882142447884397
0.5,LS_oracle,0.0539276716739406
0.5,LS_oracle,0.029886168615511
0.5,LS_oracle,0.0457866323248336
0.5,LS_oracle,0.0372298484453355
0.5,LS_oracle,0.0855551988173375
0.5,LS_oracle,0.0725129734655026
0.5,LS_oracle,0.0728589235190102
0.5,LS_oracle,0.0483221129443635
0.5,LS_oracle,0.124209335357893
0.5,LS_oracle,0.0617908008929103
0.5,LS_oracle,0.0370095547239085
0.5,LS_oracle,0.0497056643240317
0.5,LS_oracle,0.0473692889979547
0.5,LS_oracle,0.0650174533780222
0.5,LS_oracle,0.0655647529656701
0.5,LS_oracle,0.0326211731125137
0.5,LS_oracle,0.073886432932029
0.5,LS_oracle,0.0512944418700684
0.5,LS_oracle,0.0521766271619712
0.5,LS_oracle,0.03951624012102
0.5,LS_oracle,0.0475661285367556
0.5,LS_oracle,0.0661851929897129
0.5,LS_oracle,0.0398079647007103
0.5,LS_oracle,0.0773509223530069
0.5,LS_oracle,0.0325625389960664
0.5,LS_oracle,0.0535574350744154
0.5,LS_oracle,0.0415066543631091
0.5,LS_oracle,0.0437589458394749
0.5,LS_oracle,0.100979889883617
0.5,LS_oracle,0.0519214352079681
0.5,LS_oracle,0.0718348091521216
0.5,LS_oracle,0.0500097621744801
0.5,LS_oracle,0.154426975140191
0.5,LS_oracle,0.0510470851004021
0.5,LS_oracle,0.078323009257612
0.5,LS_oracle,0.0699595805185407
0.5,LS_oracle,0.0355554824700165
0.5,LS_oracle,0.027475617807445
0.5,LS_oracle,0.0673097918337609
0.5,LS_oracle,0.100317075214735
0.5,LS_oracle,0.066066643958475
0.5,LS_oracle,0.0585669035714225
0.5,LS_oracle,0.0592057242941734
0.5,LS_oracle,0.0921633797967297
0.5,LS_oracle,0.0569186448202002
0.5,LS_oracle,0.0754040434664209
0.5,LS_oracle,0.0868094554159385
0.5,LS_oracle,0.0219384285703427
0.5,LS_oracle,0.0383450496292841
0.5,LS_oracle,0.0707283494903401
0.5,LS_oracle,0.062836711683372
0.5,LS_oracle,0.0583777825512252
0.5,LS_oracle,0.0605583651965565
0.5,LS_oracle,0.0476087973795517
0.5,LS_oracle,0.0710694138170025
0.5,LS_oracle,0.0831401044534509
0.5,LS_oracle,0.0557964708335421
0.5,LS_oracle,0.0633776671779321
0.5,LS_oracle,0.0571159672025361
0.5,LS_oracle,0.0495364078913292
0.5,LS_oracle,0.0599305700485925
0.5,LS_oracle,0.060266134583696
0.5,LS_oracle,0.0510972697001363
0.5,LS_oracle,0.03943728916071
0.5,LS_oracle,0.0505758136468114
0.5,LS_oracle,0.0393199694865575
0.5,LS_oracle,0.0584238893887826
0.5,LS_oracle,0.0669800535284404
0.5,LS_oracle,0.0418207828113569
0.5,LS_oracle,0.0604773696972123
0.5,LS_oracle,0.105161148855455
0.5,LS_oracle,0.0594274044446299
0.5,LS_oracle,0.0474509531308609
0.5,LS_oracle,0.040064917082752
0.5,LS_oracle,0.0733817439672736
0.5,LS_oracle,0.0589486210036614
0.5,LS_oracle,0.0552094288916789
0.5,LS_oracle,0.0582842647221566
0.5,LS_oracle,0.034795971611545
0.5,LS_oracle,0.0829019059654295
0.5,LS_oracle,0.0445885978454194
0.5,LS_oracle,0.0456970842683316
0.5,LS_oracle,0.0387607410282561
0.5,LS_oracle,0.0539440819064247
0.5,LS_oracle,0.0932561137713682
0.5,LS_oracle,0.0656046430279213
0.5,LS_oracle,0.0251533139468329
0.5,LS_oracle,0.0701104759988599
0.5,LS_oracle,0.0813590206000155
0.5,LS_oracle,0.0348931091009481
0.5,LS_oracle,0.0605236287326869
0.5,LS_oracle,0.0449047863018924
0.5,LS_oracle,0.0250582828285238
0.5,LS_oracle,0.0725421753159607
0.5,LS_oracle,0.0492976797261848
0.5,LS_oracle,0.0257300700538478
0.5,LS_oracle,0.0939901275683396
0.5,LS_oracle,0.0370215897139232
0.5,LS_oracle,0.0524698505395514
0.5,LS_oracle,0.0490767377449868
0.5,LS_oracle,0.0558106906585985
0.5,LS_oracle,0.0457707335601615
0.5,LS_oracle,0.0730493305877081
0.5,LS_oracle,0.0502192436483866
0.5,LS_oracle,0.0515707584253017
0.5,LS_oracle,0.0596932393667462
0.5,LS_oracle,0.0415190382777483
0.5,LS_oracle,0.0297219201669327
0.5,LS_oracle,0.0381039104578676
0.5,LS_oracle,0.0596590395912061
0.5,LS_oracle,0.0450776693512064
0.5,LS_oracle,0.0566400783739063
0.5,LS_oracle,0.0536693739968688
0.5,LS_oracle,0.0442925541494769
0.5,LS_oracle,0.0680104559265498
0.5,LS_oracle,0.0804377143348952
0.5,LS_oracle,0.0447092694959458
0.5,LS_oracle,0.0345546915173134
0.5,LS_oracle,0.0616725685966901
0.5,LS_oracle,0.0592576028294977
0.5,LS_oracle,0.0711527688054482
0.5,LS_oracle,0.0510580021132959
0.5,LS_oracle,0.0784782636902672
0.5,LS_oracle,0.0367680818371481
0.5,LS_oracle,0.0506925216413882
0.5,LS_oracle,0.0836605776346943
0.5,LS_oracle,0.0520021671313852
0.5,LS_oracle,0.0417484749190644
0.5,LS_oracle,0.060426289899236
0.5,LS_oracle,0.0551108789690467
0.5,LS_oracle,0.0408048123695937
0.5,LS_oracle,0.0453260399237762
0.5,LS_oracle,0.0482981056226103
0.5,LS_oracle,0.0454673383114544
0.5,LS_oracle,0.0420395866867792
0.5,LS_oracle,0.0753774419471679
0.5,LS_oracle,0.0519199173435575
0.5,LS_oracle,0.0547063601772494
0.5,LS_oracle,0.0474641260438183
0.5,LS_oracle,0.0329141617730691
0.5,LS_oracle,0.0498531193510417
0.5,LS_oracle,0.0477203645930946
0.5,LS_oracle,0.046011885342553
0.5,LS_oracle,0.0756328830344884
0.5,LS_oracle,0.0796907598983005
0.5,LS_oracle,0.0811969088880602
0.5,LS_oracle,0.0282011892816529
0.5,LS_oracle,0.03243716065699
0.5,TS_oracle,0.093540722989343
0.5,TS_oracle,0.0513471122797409
0.5,TS_oracle,0.0499090196406948
0.5,TS_oracle,0.0662605387092842
0.5,TS_oracle,0.0445257134615423
0.5,TS_oracle,0.043850008279401
0.5,TS_oracle,0.0290535733245918
0.5,TS_oracle,0.106998016898878
0.5,TS_oracle,0.0622800048594297
0.5,TS_oracle,0.0466480374269572
0.5,TS_oracle,0.0395220212554208
0.5,TS_oracle,0.0791596560667776
0.5,TS_oracle,0.0293620006125488
0.5,TS_oracle,0.0329307479221075
0.5,TS_oracle,0.0510020543833677
0.5,TS_oracle,0.0643802682419364
0.5,TS_oracle,0.0474377137266432
0.5,TS_oracle,0.0574198892417326
0.5,TS_oracle,0.0607804766289199
0.5,TS_oracle,0.0531414849148347
0.5,TS_oracle,0.0357300460376165
0.5,TS_oracle,0.0510476080691307
0.5,TS_oracle,0.0543868392868092
0.5,TS_oracle,0.0559919666326808
0.5,TS_oracle,0.0616092177863993
0.5,TS_oracle,0.047699936366891
0.5,TS_oracle,0.020597734123167
0.5,TS_oracle,0.0493090039331546
0.5,TS_oracle,0.0341488410073446
0.5,TS_oracle,0.0448959467967883
0.5,TS_oracle,0.0670639202525009
0.5,TS_oracle,0.0615264408830145
0.5,TS_oracle,0.057239414637243
0.5,TS_oracle,0.0314610915312123
0.5,TS_oracle,0.0740215336894984
0.5,TS_oracle,0.0399624306053087
0.5,TS_oracle,0.0437681219481945
0.5,TS_oracle,0.0418738734749219
0.5,TS_oracle,0.0500252452871242
0.5,TS_oracle,0.0826107724086194
0.5,TS_oracle,0.0457655274888375
0.5,TS_oracle,0.0670153746891546
0.5,TS_oracle,0.0653397431503487
0.5,TS_oracle,0.0387947492483966
0.5,TS_oracle,0.0572014386773211
0.5,TS_oracle,0.0410907779737828
0.5,TS_oracle,0.0357321808731411
0.5,TS_oracle,0.0889304995010979
0.5,TS_oracle,0.0353638812087092
0.5,TS_oracle,0.0463359907624386
0.5,TS_oracle,0.0588178967718004
0.5,TS_oracle,0.0775029023907723
0.5,TS_oracle,0.0537945778465394
0.5,TS_oracle,0.032177458248972
0.5,TS_oracle,0.0421500288661471
0.5,TS_oracle,0.0347442800750777
0.5,TS_oracle,0.07601380378745
0.5,TS_oracle,0.0706230710257744
0.5,TS_oracle,0.0613502314089709
0.5,TS_oracle,0.0402717929203841
0.5,TS_oracle,0.109865902996646
0.5,TS_oracle,0.0566497089772398
0.5,TS_oracle,0.0409377286730725
0.5,TS_oracle,0.041517251567862
0.5,TS_oracle,0.0425536442864146
0.5,TS_oracle,0.066422078471249
0.5,TS_oracle,0.0652302480774885
0.5,TS_oracle,0.0266609249115571
0.5,TS_oracle,0.0725411311175096
0.5,TS_oracle,0.0479519370595922
0.5,TS_oracle,0.0520470825359938
0.5,TS_oracle,0.0450608495556092
0.5,TS_oracle,0.0457213464317411
0.5,TS_oracle,0.0659823174948777
0.5,TS_oracle,0.0479146444819194
0.5,TS_oracle,0.0707672039053677
0.5,TS_oracle,0.031875219132303
0.5,TS_oracle,0.0440338077842624
0.5,TS_oracle,0.0442082767009191
0.5,TS_oracle,0.0383358389626508
0.5,TS_oracle,0.0878471341639205
0.5,TS_oracle,0.0539028868219263
0.5,TS_oracle,0.0810444923580769
0.5,TS_oracle,0.0474633203135198
0.5,TS_oracle,0.135268935729356
0.5,TS_oracle,0.0505329788500029
0.5,TS_oracle,0.0694144788866175
0.5,TS_oracle,0.0653905335716017
0.5,TS_oracle,0.0411750006769525
0.5,TS_oracle,0.0301555653169363
0.5,TS_oracle,0.0709544264595354
0.5,TS_oracle,0.0775043419772742
0.5,TS_oracle,0.0548187885817898
0.5,TS_oracle,0.0683336829744669
0.5,TS_oracle,0.0533308102162091
0.5,TS_oracle,0.0646235568179904
0.5,TS_oracle,0.060535351431301
0.5,TS_oracle,0.0544702287302346
0.5,TS_oracle,0.0665307892744372
0.5,TS_oracle,0.0286657898818717
0.5,TS_oracle,0.0397906865909511
0.5,TS_oracle,0.0572865332626042
0.5,TS_oracle,0.0542528917431243
0.5,TS_oracle,0.0589368145881816
0.5,TS_oracle,0.0556517706575509
0.5,TS_oracle,0.0587029564006451
0.5,TS_oracle,0.0646090151957651
0.5,TS_oracle,0.0786534211396938
0.5,TS_oracle,0.0613712935172379
0.5,TS_oracle,0.0687824327444281
0.5,TS_oracle,0.0427271406315916
0.5,TS_oracle,0.036433829870038
0.5,TS_oracle,0.0660404417925252
0.5,TS_oracle,0.0496539781874577
0.5,TS_oracle,0.054205063098632
0.5,TS_oracle,0.0398575585001962
0.5,TS_oracle,0.0482314474827523
0.5,TS_oracle,0.0415985913052496
0.5,TS_oracle,0.0589282344472938
0.5,TS_oracle,0.0739852539016671
0.5,TS_oracle,0.0413283360219626
0.5,TS_oracle,0.0567558953709676
0.5,TS_oracle,0.0690228159346807
0.5,TS_oracle,0.0620956889266053
0.5,TS_oracle,0.0410037825163477
0.5,TS_oracle,0.0360448475928973
0.5,TS_oracle,0.0602817313679982
0.5,TS_oracle,0.0542711964152668
0.5,TS_oracle,0.0538479117159123
0.5,TS_oracle,0.0538116877883118
0.5,TS_oracle,0.0343326640151646
0.5,TS_oracle,0.0673953829280207
0.5,TS_oracle,0.0373611109860155
0.5,TS_oracle,0.0474613148244002
0.5,TS_oracle,0.0417222902851449
0.5,TS_oracle,0.0543258229177654
0.5,TS_oracle,0.0910658520754334
0.5,TS_oracle,0.052386594856674
0.5,TS_oracle,0.0227515605383508
0.5,TS_oracle,0.0669206251550051
0.5,TS_oracle,0.063013074535752
0.5,TS_oracle,0.0291509602800362
0.5,TS_oracle,0.062265609488661
0.5,TS_oracle,0.054911324699272
0.5,TS_oracle,0.0237738148452672
0.5,TS_oracle,0.077808228995414
0.5,TS_oracle,0.0452727547597813
0.5,TS_oracle,0.0248779892315135
0.5,TS_oracle,0.0776252387318494
0.5,TS_oracle,0.0392559297565341
0.5,TS_oracle,0.0699793581723862
0.5,TS_oracle,0.0359834900989348
0.5,TS_oracle,0.0527854839479639
0.5,TS_oracle,0.0430717622282674
0.5,TS_oracle,0.0562453482128604
0.5,TS_oracle,0.0499124092333383
0.5,TS_oracle,0.0524199330063075
0.5,TS_oracle,0.0705920804503796
0.5,TS_oracle,0.0410539952329554
0.5,TS_oracle,0.0288249321911634
0.5,TS_oracle,0.0372958191521028
0.5,TS_oracle,0.0723626437990104
0.5,TS_oracle,0.0412015921659093
0.5,TS_oracle,0.0508599081686756
0.5,TS_oracle,0.0478805530414924
0.5,TS_oracle,0.032413192338895
0.5,TS_oracle,0.0648338363558315
0.5,TS_oracle,0.0683316820734077
0.5,TS_oracle,0.0450019590005543
0.5,TS_oracle,0.0352413983149579
0.5,TS_oracle,0.0457548307502404
0.5,TS_oracle,0.0600287091110245
0.5,TS_oracle,0.071719095242447
0.5,TS_oracle,0.0503877309575043
0.5,TS_oracle,0.0678949555083999
0.5,TS_oracle,0.0307840529978607
0.5,TS_oracle,0.0493534126416528
0.5,TS_oracle,0.086951495586404
0.5,TS_oracle,0.0478530861383939
0.5,TS_oracle,0.0430690755055683
0.5,TS_oracle,0.0645464434905483
0.5,TS_oracle,0.0428856350213106
0.5,TS_oracle,0.0435771409785799
0.5,TS_oracle,0.0464753833177188
0.5,TS_oracle,0.0471599321468307
0.5,TS_oracle,0.0434369422004091
0.5,TS_oracle,0.0415322091115947
0.5,TS_oracle,0.0710103254517827
0.5,TS_oracle,0.0582206816332695
0.5,TS_oracle,0.0557681799054235
0.5,TS_oracle,0.051154493446683
0.5,TS_oracle,0.0301313296337365
0.5,TS_oracle,0.0560807250107016
0.5,TS_oracle,0.0461225502197836
0.5,TS_oracle,0.0445319718617282
0.5,TS_oracle,0.0884683209798752
0.5,TS_oracle,0.0719345741226359
0.5,TS_oracle,0.0731872203801855
0.5,TS_oracle,0.0253682761400777
0.5,TS_oracle,0.0311098354757932
0.6,PLS,0.053736785382912
0.6,PLS,0.0579494256944857
0.6,PLS,0.0793469805487229
0.6,PLS,0.0402829806824304
0.6,PLS,0.125554894214542
0.6,PLS,0.0436060781894708
0.6,PLS,0.0341081213593195
0.6,PLS,0.0625165284600331
0.6,PLS,0.0510724065900471
0.6,PLS,0.0657494039278194
0.6,PLS,0.0492954898665502
0.6,PLS,0.0294072920605249
0.6,PLS,0.0565737097155327
0.6,PLS,0.0549676689337696
0.6,PLS,0.0356218904669174
0.6,PLS,0.0585351213177791
0.6,PLS,0.0472331261206263
0.6,PLS,0.0352358540601646
0.6,PLS,0.0570116825622088
0.6,PLS,0.0379250319009456
0.6,PLS,0.0648005417249179
0.6,PLS,0.0367992967444907
0.6,PLS,0.0422432010232838
0.6,PLS,0.0659428147464863
0.6,PLS,0.106913310744572
0.6,PLS,0.0665504412431972
0.6,PLS,0.0568562504123748
0.6,PLS,0.0408020637004522
0.6,PLS,0.102487021298735
0.6,PLS,0.0448118268168126
0.6,PLS,0.0535215943718863
0.6,PLS,0.0813603844666487
0.6,PLS,0.0604140292117724
0.6,PLS,0.059895527755333
0.6,PLS,0.0626788396906466
0.6,PLS,0.0400697712594215
0.6,PLS,0.0492534130955804
0.6,PLS,0.0561858610358426
0.6,PLS,0.0935863622137529
0.6,PLS,0.0194638380363716
0.6,PLS,0.0375855757588606
0.6,PLS,0.079023773247791
0.6,PLS,0.0672330582612062
0.6,PLS,0.0580954805329185
0.6,PLS,0.0537405479064296
0.6,PLS,0.0911474472865368
0.6,PLS,0.0951948549868146
0.6,PLS,0.0330379971389094
0.6,PLS,0.0580347177423048
0.6,PLS,0.049902117039003
0.6,PLS,0.0466873191992939
0.6,PLS,0.0469251899092279
0.6,PLS,0.0529663731644936
0.6,PLS,0.0762517647784249
0.6,PLS,0.0319477367591599
0.6,PLS,0.0408734161123387
0.6,PLS,0.0747724214865109
0.6,PLS,0.108397746845473
0.6,PLS,0.0676430407999452
0.6,PLS,0.0455349291109351
0.6,PLS,0.0371754187493261
0.6,PLS,0.0176619076684544
0.6,PLS,0.0461214071414102
0.6,PLS,0.0410919472672936
0.6,PLS,0.0690740909378501
0.6,PLS,0.0371495097397998
0.6,PLS,0.0911666521922924
0.6,PLS,0.0447762288250086
0.6,PLS,0.0496012300678392
0.6,PLS,0.0694541512292607
0.6,PLS,0.0466051952435347
0.6,PLS,0.094543863126025
0.6,PLS,0.0750352336227582
0.6,PLS,0.084464931120845
0.6,PLS,0.0673183329242679
0.6,PLS,0.0855410181151338
0.6,PLS,0.0536117346818876
0.6,PLS,0.040021283204213
0.6,PLS,0.0450665038075022
0.6,PLS,0.0414779411065106
0.6,PLS,0.095057625368943
0.6,PLS,0.0624084949008735
0.6,PLS,0.0571760636218846
0.6,PLS,0.0395687369241423
0.6,PLS,0.0278211370989359
0.6,PLS,0.095283086241009
0.6,PLS,0.0732341156840695
0.6,PLS,0.104560663858822
0.6,PLS,0.0487861442434669
0.6,PLS,0.0543092511725806
0.6,PLS,0.0595329992124356
0.6,PLS,0.0705435221740554
0.6,PLS,0.0807693511237712
0.6,PLS,0.0649124824362571
0.6,PLS,0.0437745877236458
0.6,PLS,0.0487747805821591
0.6,PLS,0.0821668083085736
0.6,PLS,0.0398233628062566
0.6,PLS,0.0789871284797343
0.6,PLS,0.0673889280697913
0.6,PLS,0.0209682130339914
0.6,PLS,0.0718582742403222
0.6,PLS,0.0409376984973603
0.6,PLS,0.0371042517740795
0.6,PLS,0.0673499890965907
0.6,PLS,0.0721596178488722
0.6,PLS,0.0695381656503069
0.6,PLS,0.0598882294634183
0.6,PLS,0.0402558570894522
0.6,PLS,0.0596211885110629
0.6,PLS,0.0289780002875858
0.6,PLS,0.0399291210325164
0.6,PLS,0.0476759455167641
0.6,PLS,0.0596738701014465
0.6,PLS,0.0575917385022623
0.6,PLS,0.0377362734553325
0.6,PLS,0.0702589481561398
0.6,PLS,0.0522367325737089
0.6,PLS,0.0340959182068248
0.6,PLS,0.0650084564646749
0.6,PLS,0.0654507169964978
0.6,PLS,0.0425945371106926
0.6,PLS,0.0537137112173187
0.6,PLS,0.0617422657822821
0.6,PLS,0.0564536386825596
0.6,PLS,0.0418693567283255
0.6,PLS,0.0466986157433889
0.6,PLS,0.0395350711503806
0.6,PLS,0.0528383445659075
0.6,PLS,0.0215875093940024
0.6,PLS,0.0880457062416902
0.6,PLS,0.0418094376627552
0.6,PLS,0.0574022125492715
0.6,PLS,0.0564861200913349
0.6,PLS,0.0774511056594401
0.6,PLS,0.0772941206478614
0.6,PLS,0.0653862849419754
0.6,PLS,0.0477066923439133
0.6,PLS,0.05078168846554
0.6,PLS,0.0430210591861126
0.6,PLS,0.047097443136504
0.6,PLS,0.0535576925704597
0.6,PLS,0.0547695490517037
0.6,PLS,0.074461934822824
0.6,PLS,0.0507187422227245
0.6,PLS,0.0526240314546519
0.6,PLS,0.0546161713553641
0.6,PLS,0.0722884794751566
0.6,PLS,0.0415516905283022
0.6,PLS,0.0760407853813011
0.6,PLS,0.070643675495173
0.6,PLS,0.0357846271598357
0.6,PLS,0.0432432908458399
0.6,PLS,0.0627898112786053
0.6,PLS,0.0660594878433556
0.6,PLS,0.0682263222471754
0.6,PLS,0.0523404753159416
0.6,PLS,0.0629775736872275
0.6,PLS,0.0632320493048953
0.6,PLS,0.0964232882829351
0.6,PLS,0.0657919904853693
0.6,PLS,0.0949095529253842
0.6,PLS,0.0418875272707317
0.6,PLS,0.066350482829061
0.6,PLS,0.053138758503238
0.6,PLS,0.0323489733623655
0.6,PLS,0.0332714135943235
0.6,PLS,0.0379732035641228
0.6,PLS,0.0484863319986747
0.6,PLS,0.0480893163123454
0.6,PLS,0.0452646793402929
0.6,PLS,0.0527020142630978
0.6,PLS,0.0547793190295498
0.6,PLS,0.0919339156091414
0.6,PLS,0.0663922999459407
0.6,PLS,0.059499492293811
0.6,PLS,0.0499930166376073
0.6,PLS,0.0855994747115777
0.6,PLS,0.0380480317837062
0.6,PLS,0.0653666313235121
0.6,PLS,0.0366572531706009
0.6,PLS,0.0463544538204248
0.6,PLS,0.0443793825728488
0.6,PLS,0.0562039733476675
0.6,PLS,0.0870524722761082
0.6,PLS,0.0723446121563334
0.6,PLS,0.0295800996547617
0.6,PLS,0.0455831606600039
0.6,PLS,0.0341805213505022
0.6,PLS,0.0384393427779739
0.6,PLS,0.0657261466894032
0.6,PLS,0.0545943765061667
0.6,PLS,0.0567639688920183
0.6,PLS,0.0668460904871601
0.6,PLS,0.0716549305097416
0.6,PLS,0.0269714356016201
0.6,PLS,0.0821396537441702
0.6,PLS,0.0751676027413608
0.6,PLS,0.0521134960847312
0.6,PLS,0.0364618636419203
0.6,fTS,0.0414039363004686
0.6,fTS,0.0386159435630011
0.6,fTS,0.0750860446062649
0.6,fTS,0.0362964239519633
0.6,fTS,0.107726684244645
0.6,fTS,0.052165988261336
0.6,fTS,0.0282151609044206
0.6,fTS,0.0625170819780915
0.6,fTS,0.0496988373132042
0.6,fTS,0.0681998829003153
0.6,fTS,0.064730224970057
0.6,fTS,0.0293988861718714
0.6,fTS,0.0439968253740785
0.6,fTS,0.060778213235276
0.6,fTS,0.0330709209341034
0.6,fTS,0.0536867412092036
0.6,fTS,0.0408720909222597
0.6,fTS,0.0301360419228363
0.6,fTS,0.0425419565000642
0.6,fTS,0.0328936252078323
0.6,fTS,0.0607642852206975
0.6,fTS,0.0366246326806375
0.6,fTS,0.0380936074116109
0.6,fTS,0.0523174703679434
0.6,fTS,0.0788570619737423
0.6,fTS,0.0663598974345748
0.6,fTS,0.0602802102166898
0.6,fTS,0.0361883397673126
0.6,fTS,0.0682830915022452
0.6,fTS,0.0406435368290303
0.6,fTS,0.0552993228225657
0.6,fTS,0.0709343866271568
0.6,fTS,0.0485322004245508
0.6,fTS,0.0417837065595359
0.6,fTS,0.0535491321689004
0.6,fTS,0.0401724661105268
0.6,fTS,0.0452706568626415
0.6,fTS,0.0551727766892354
0.6,fTS,0.100572757402674
0.6,fTS,0.0212597569292871
0.6,fTS,0.0457987042422947
0.6,fTS,0.0683714715641276
0.6,fTS,0.0443863020632103
0.6,fTS,0.0356249098997936
0.6,fTS,0.0390570646188011
0.6,fTS,0.0809365954484961
0.6,fTS,0.103313203844197
0.6,fTS,0.0324619336560341
0.6,fTS,0.0542801297344436
0.6,fTS,0.0435670908651481
0.6,fTS,0.049179371501767
0.6,fTS,0.0339793148920682
0.6,fTS,0.0490414582974872
0.6,fTS,0.0573093762979005
0.6,fTS,0.0238177483633608
0.6,fTS,0.0481734385996493
0.6,fTS,0.0662635561346053
0.6,fTS,0.0714656418142504
0.6,fTS,0.0624214554284144
0.6,fTS,0.0297076121980677
0.6,fTS,0.0227826222807107
0.6,fTS,0.0186323040328216
0.6,fTS,0.0527358143160644
0.6,fTS,0.0469258022456265
0.6,fTS,0.0669691095579498
0.6,fTS,0.0369012005491692
0.6,fTS,0.113388326859904
0.6,fTS,0.0453110818181028
0.6,fTS,0.0564979532976611
0.6,fTS,0.0712801723565833
0.6,fTS,0.0337163328756726
0.6,fTS,0.0591414764557189
0.6,fTS,0.0533547046430034
0.6,fTS,0.0614704328006858
0.6,fTS,0.0672609755733821
0.6,fTS,0.0923747385448083
0.6,fTS,0.045291924915396
0.6,fTS,0.0393392423578893
0.6,fTS,0.0395168628307794
0.6,fTS,0.039416032100875
0.6,fTS,0.0689876064937306
0.6,fTS,0.054738971334062
0.6,fTS,0.0341800656704141
0.6,fTS,0.0524550978020729
0.6,fTS,0.0261358282727606
0.6,fTS,0.0992574967675172
0.6,fTS,0.0629032037564007
0.6,fTS,0.0604094860937786
0.6,fTS,0.040448888287146
0.6,fTS,0.0490015384091625
0.6,fTS,0.0369089438490682
0.6,fTS,0.0470286627514078
0.6,fTS,0.0761682543680123
0.6,fTS,0.0717176965823755
0.6,fTS,0.0624160933884836
0.6,fTS,0.0408751429509293
0.6,fTS,0.0664742392572334
0.6,fTS,0.0327543778016609
0.6,fTS,0.0620451083461257
0.6,fTS,0.0608382729573989
0.6,fTS,0.0227520313415897
0.6,fTS,0.0485158962159316
0.6,fTS,0.0340657462176466
0.6,fTS,0.0321782399079836
0.6,fTS,0.0642336609233669
0.6,fTS,0.0702017475699659
0.6,fTS,0.0714946896220522
0.6,fTS,0.0484291461677308
0.6,fTS,0.0407856331067867
0.6,fTS,0.0481009569482159
0.6,fTS,0.0242832750462174
0.6,fTS,0.0382754050728154
0.6,fTS,0.0411402093358397
0.6,fTS,0.0394547306492591
0.6,fTS,0.0705169653028868
0.6,fTS,0.0350731128833359
0.6,fTS,0.0376489961888761
0.6,fTS,0.0671180664247035
0.6,fTS,0.0309950405355196
0.6,fTS,0.0580308804902405
0.6,fTS,0.0624288088960561
0.6,fTS,0.0251605637079214
0.6,fTS,0.0467172500934943
0.6,fTS,0.0596159806661616
0.6,fTS,0.0506630934535797
0.6,fTS,0.0397919744804361
0.6,fTS,0.0501212047840619
0.6,fTS,0.0353954590548976
0.6,fTS,0.0407334463743776
0.6,fTS,0.019870550911072
0.6,fTS,0.0885349878637037
0.6,fTS,0.0409805950210998
0.6,fTS,0.0585443282746054
0.6,fTS,0.0594607972535805
0.6,fTS,0.0486570849884451
0.6,fTS,0.0585662040793758
0.6,fTS,0.0604736970755042
0.6,fTS,0.0494001368151904
0.6,fTS,0.0522011994996065
0.6,fTS,0.0315086722074872
0.6,fTS,0.0426484215801385
0.6,fTS,0.0513371233909377
0.6,fTS,0.0355625282396811
0.6,fTS,0.062001549169447
0.6,fTS,0.0589302040209792
0.6,fTS,0.0407080335577452
0.6,fTS,0.0541491296342486
0.6,fTS,0.0656832727291931
0.6,fTS,0.04131708452516
0.6,fTS,0.053971076886414
0.6,fTS,0.0775183171950457
0.6,fTS,0.0348647013815045
0.6,fTS,0.0406475985791863
0.6,fTS,0.0498495356661304
0.6,fTS,0.0538980326089439
0.6,fTS,0.055936850957054
0.6,fTS,0.0567449697960083
0.6,fTS,0.0647615411765202
0.6,fTS,0.0591298476857176
0.6,fTS,0.0908146365857748
0.6,fTS,0.0577738351621156
0.6,fTS,0.0851244418252254
0.6,fTS,0.0387788035229723
0.6,fTS,0.0691009665316209
0.6,fTS,0.048004063939723
0.6,fTS,0.0395253474925566
0.6,fTS,0.0443084028901567
0.6,fTS,0.0334244402607359
0.6,fTS,0.0500922844563545
0.6,fTS,0.04660841700946
0.6,fTS,0.0359158789193872
0.6,fTS,0.0530185784142943
0.6,fTS,0.0502418980215076
0.6,fTS,0.0736612802457768
0.6,fTS,0.0404056242003179
0.6,fTS,0.062439455573782
0.6,fTS,0.0493724479013694
0.6,fTS,0.086588191810179
0.6,fTS,0.0310314304423755
0.6,fTS,0.0558523040926027
0.6,fTS,0.03860524609004
0.6,fTS,0.0405030848010433
0.6,fTS,0.0471537291988474
0.6,fTS,0.0449662460820514
0.6,fTS,0.0729095419874049
0.6,fTS,0.0579293328915402
0.6,fTS,0.0241160336513718
0.6,fTS,0.0472581907512687
0.6,fTS,0.0369314080251218
0.6,fTS,0.0337057028802522
0.6,fTS,0.0430605223335198
0.6,fTS,0.0353176834244056
0.6,fTS,0.0597447921372711
0.6,fTS,0.0919094220787907
0.6,fTS,0.0518657570984816
0.6,fTS,0.0276308220994471
0.6,fTS,0.0980851981537135
0.6,fTS,0.0608149716985774
0.6,fTS,0.0317238108397224
0.6,fTS,0.0565877824985134
0.6,LS_oracle,0.0534015221057153
0.6,LS_oracle,0.0581859305348871
0.6,LS_oracle,0.0793776989570413
0.6,LS_oracle,0.0401868689120847
0.6,LS_oracle,0.125387861424691
0.6,LS_oracle,0.0434723251362887
0.6,LS_oracle,0.0340646441425933
0.6,LS_oracle,0.0624587747112237
0.6,LS_oracle,0.0510194467522644
0.6,LS_oracle,0.0656597462093778
0.6,LS_oracle,0.0493809431279898
0.6,LS_oracle,0.0294084077433985
0.6,LS_oracle,0.0569177575334046
0.6,LS_oracle,0.0550310343811815
0.6,LS_oracle,0.0357538466839068
0.6,LS_oracle,0.0584892325766854
0.6,LS_oracle,0.0472917748605478
0.6,LS_oracle,0.0352519360017125
0.6,LS_oracle,0.0558358729053987
0.6,LS_oracle,0.0381511011246689
0.6,LS_oracle,0.0657856865940834
0.6,LS_oracle,0.0369078238012836
0.6,LS_oracle,0.0423037422231721
0.6,LS_oracle,0.0660631029670409
0.6,LS_oracle,0.106152666606837
0.6,LS_oracle,0.0667094562408796
0.6,LS_oracle,0.0569645225275259
0.6,LS_oracle,0.0406043597554588
0.6,LS_oracle,0.102377175592218
0.6,LS_oracle,0.0448397105816013
0.6,LS_oracle,0.0536251150518505
0.6,LS_oracle,0.0818298826483331
0.6,LS_oracle,0.0604086102134594
0.6,LS_oracle,0.0599665556265116
0.6,LS_oracle,0.0624038356352062
0.6,LS_oracle,0.0400564075408597
0.6,LS_oracle,0.0492581156233665
0.6,LS_oracle,0.0560360926464459
0.6,LS_oracle,0.0935648852089665
0.6,LS_oracle,0.0194677658841962
0.6,LS_oracle,0.0375122085591667
0.6,LS_oracle,0.078739143945206
0.6,LS_oracle,0.0674794184974741
0.6,LS_oracle,0.0584407002807568
0.6,LS_oracle,0.0537802278093886
0.6,LS_oracle,0.0910324387906429
0.6,LS_oracle,0.0952101075972994
0.6,LS_oracle,0.0329238286215806
0.6,LS_oracle,0.0581743404073823
0.6,LS_oracle,0.0498410192902062
0.6,LS_oracle,0.0466067579269098
0.6,LS_oracle,0.046823043887835
0.6,LS_oracle,0.0529855572719072
0.6,LS_oracle,0.0747510229745215
0.6,LS_oracle,0.0319117159937768
0.6,LS_oracle,0.040680751058983
0.6,LS_oracle,0.0747633857277608
0.6,LS_oracle,0.10824201239224
0.6,LS_oracle,0.0679156122846284
0.6,LS_oracle,0.0461349559674092
0.6,LS_oracle,0.0371494431501034
0.6,LS_oracle,0.017754919119186
0.6,LS_oracle,0.0462046616793193
0.6,LS_oracle,0.0409483965358101
0.6,LS_oracle,0.0697053122097838
0.6,LS_oracle,0.0374837350966267
0.6,LS_oracle,0.0911409803642422
0.6,LS_oracle,0.0444178214562462
0.6,LS_oracle,0.0496856552953045
0.6,LS_oracle,0.0693748020345647
0.6,LS_oracle,0.0468672517262688
0.6,LS_oracle,0.0944531756986582
0.6,LS_oracle,0.0741387661980145
0.6,LS_oracle,0.0843213260254826
0.6,LS_oracle,0.0675741503399049
0.6,LS_oracle,0.0854476747889216
0.6,LS_oracle,0.0536180823283104
0.6,LS_oracle,0.0398342359698049
0.6,LS_oracle,0.0450828259823423
0.6,LS_oracle,0.0415498675392812
0.6,LS_oracle,0.0962831035674872
0.6,LS_oracle,0.0623427050601024
0.6,LS_oracle,0.0574225154143296
0.6,LS_oracle,0.0395740060081615
0.6,LS_oracle,0.0278651472655317
0.6,LS_oracle,0.0953451418283355
0.6,LS_oracle,0.0728633442616211
0.6,LS_oracle,0.104399816298223
0.6,LS_oracle,0.0488071472611099
0.6,LS_oracle,0.054283966459944
0.6,LS_oracle,0.059518460365639
0.6,LS_oracle,0.0705478847486042
0.6,LS_oracle,0.0803384343164839
0.6,LS_oracle,0.064948457768208
0.6,LS_oracle,0.0437627360417553
0.6,LS_oracle,0.0484476928715422
0.6,LS_oracle,0.0821671382933297
0.6,LS_oracle,0.0398742046171303
0.6,LS_oracle,0.0789809634559991
0.6,LS_oracle,0.0668297346206888
0.6,LS_oracle,0.0209604783384759
0.6,LS_oracle,0.0705750006469063
0.6,LS_oracle,0.0410231459118129
0.6,LS_oracle,0.0372659095721699
0.6,LS_oracle,0.0674421426631537
0.6,LS_oracle,0.0721666355588149
0.6,LS_oracle,0.0694113521925311
0.6,LS_oracle,0.0598844930748062
0.6,LS_oracle,0.0401651084193391
0.6,LS_oracle,0.0596209779607742
0.6,LS_oracle,0.0289970016750573
0.6,LS_oracle,0.0400051531040104
0.6,LS_oracle,0.047092955995033
0.6,LS_oracle,0.0596940054885347
0.6,LS_oracle,0.0575580371577673
0.6,LS_oracle,0.0373913101007114
0.6,LS_oracle,0.0706112500110453
0.6,LS_oracle,0.0521515108002119
0.6,LS_oracle,0.0342573062964561
0.6,LS_oracle,0.0650407566639138
0.6,LS_oracle,0.065618917421204
0.6,LS_oracle,0.0424922020340643
0.6,LS_oracle,0.0535556370393661
0.6,LS_oracle,0.0620547573474379
0.6,LS_oracle,0.0564626416903674
0.6,LS_oracle,0.0420077359055282
0.6,LS_oracle,0.046861056664788
0.6,LS_oracle,0.0395280780090592
0.6,LS_oracle,0.0530258252866651
0.6,LS_oracle,0.0215957189959242
0.6,LS_oracle,0.0880386264980317
0.6,LS_oracle,0.0418123410642501
0.6,LS_oracle,0.0571607455097107
0.6,LS_oracle,0.0566286538592839
0.6,LS_oracle,0.0774151218297603
0.6,LS_oracle,0.0773117960757514
0.6,LS_oracle,0.0653229191634932
0.6,LS_oracle,0.0477086801879842
0.6,LS_oracle,0.0507794198531157
0.6,LS_oracle,0.0430093668001504
0.6,LS_oracle,0.047080358623366
0.6,LS_oracle,0.0535076637404087
0.6,LS_oracle,0.0542775355225481
0.6,LS_oracle,0.0748792499394708
0.6,LS_oracle,0.0507395169713807
0.6,LS_oracle,0.0526990750658359
0.6,LS_oracle,0.0547984141117971
0.6,LS_oracle,0.0721184681628994
0.6,LS_oracle,0.0414102588805806
0.6,LS_oracle,0.0759451656465856
0.6,LS_oracle,0.0710538224753005
0.6,LS_oracle,0.0341534068701679
0.6,LS_oracle,0.0431602141019139
0.6,LS_oracle,0.0628341376244586
0.6,LS_oracle,0.0660305046709849
0.6,LS_oracle,0.0682896344900949
0.6,LS_oracle,0.0523631092784084
0.6,LS_oracle,0.0629333220301207
0.6,LS_oracle,0.0630332433201066
0.6,LS_oracle,0.0963510723915283
0.6,LS_oracle,0.0665746162261994
0.6,LS_oracle,0.0948960541724557
0.6,LS_oracle,0.0420537519648018
0.6,LS_oracle,0.066436547960247
0.6,LS_oracle,0.0531272439190799
0.6,LS_oracle,0.0322711619034138
0.6,LS_oracle,0.0339372237411069
0.6,LS_oracle,0.0380094108370851
0.6,LS_oracle,0.0486404153805191
0.6,LS_oracle,0.048300765216667
0.6,LS_oracle,0.0453647429010675
0.6,LS_oracle,0.0527965983184841
0.6,LS_oracle,0.054862512407442
0.6,LS_oracle,0.0919446071476029
0.6,LS_oracle,0.0665404805106259
0.6,LS_oracle,0.0594542335269343
0.6,LS_oracle,0.049899365876908
0.6,LS_oracle,0.0855871699041815
0.6,LS_oracle,0.038032830391613
0.6,LS_oracle,0.0649176028556042
0.6,LS_oracle,0.0366315788174134
0.6,LS_oracle,0.0467494827124994
0.6,LS_oracle,0.0443841404989388
0.6,LS_oracle,0.0564155428801641
0.6,LS_oracle,0.0884750084242793
0.6,LS_oracle,0.0722928661370158
0.6,LS_oracle,0.0295527993057163
0.6,LS_oracle,0.0455735526636931
0.6,LS_oracle,0.0341720580532242
0.6,LS_oracle,0.0386651242222385
0.6,LS_oracle,0.0656320374560432
0.6,LS_oracle,0.054492560785443
0.6,LS_oracle,0.0562344273712521
0.6,LS_oracle,0.0668416090265446
0.6,LS_oracle,0.0718304105176028
0.6,LS_oracle,0.0269729507981336
0.6,LS_oracle,0.0824373983116357
0.6,LS_oracle,0.0750019641094109
0.6,LS_oracle,0.0519799991517054
0.6,LS_oracle,0.0369755532683204
0.6,TS_oracle,0.0413028806013244
0.6,TS_oracle,0.0386150716314771
0.6,TS_oracle,0.0750822421007538
0.6,TS_oracle,0.0363391555812278
0.6,TS_oracle,0.10773072743203
0.6,TS_oracle,0.0521694991380289
0.6,TS_oracle,0.0282710285560176
0.6,TS_oracle,0.0620956480495843
0.6,TS_oracle,0.0494504911704308
0.6,TS_oracle,0.0682123580081187
0.6,TS_oracle,0.0647142775079975
0.6,TS_oracle,0.0294008528092346
0.6,TS_oracle,0.0440355746579305
0.6,TS_oracle,0.0608084064675273
0.6,TS_oracle,0.0342280857770811
0.6,TS_oracle,0.0536842486988236
0.6,TS_oracle,0.040864280680661
0.6,TS_oracle,0.0301357506409917
0.6,TS_oracle,0.0422199811690729
0.6,TS_oracle,0.0329204333704819
0.6,TS_oracle,0.0606239684144832
0.6,TS_oracle,0.036550424105025
0.6,TS_oracle,0.0380989035535235
0.6,TS_oracle,0.052341305570335
0.6,TS_oracle,0.0780529681824007
0.6,TS_oracle,0.0664279792877548
0.6,TS_oracle,0.060459699131629
0.6,TS_oracle,0.0358426313634954
0.6,TS_oracle,0.0683852615928561
0.6,TS_oracle,0.0406685357838973
0.6,TS_oracle,0.0551569168520845
0.6,TS_oracle,0.0709076694906616
0.6,TS_oracle,0.048569085333341
0.6,TS_oracle,0.0417825518391236
0.6,TS_oracle,0.0534398031418651
0.6,TS_oracle,0.0401749258666833
0.6,TS_oracle,0.0452812016305671
0.6,TS_oracle,0.0551430109917116
0.6,TS_oracle,0.100564066315532
0.6,TS_oracle,0.0212833843990457
0.6,TS_oracle,0.0457745220120014
0.6,TS_oracle,0.0683222763801558
0.6,TS_oracle,0.0444062005742819
0.6,TS_oracle,0.0356287945767694
0.6,TS_oracle,0.03908509257958
0.6,TS_oracle,0.0809976518789484
0.6,TS_oracle,0.103712283395594
0.6,TS_oracle,0.0324635138367357
0.6,TS_oracle,0.0544386224271996
0.6,TS_oracle,0.0434864428358925
0.6,TS_oracle,0.0491955877554967
0.6,TS_oracle,0.0339782467654858
0.6,TS_oracle,0.0492862846448589
0.6,TS_oracle,0.0575233206901934
0.6,TS_oracle,0.0237077867359035
0.6,TS_oracle,0.0479155115846948
0.6,TS_oracle,0.066270028674255
0.6,TS_oracle,0.0714804473539943
0.6,TS_oracle,0.0624454354456261
0.6,TS_oracle,0.0297021449528206
0.6,TS_oracle,0.0227950721524565
0.6,TS_oracle,0.018659362682267
0.6,TS_oracle,0.05265724395842
0.6,TS_oracle,0.0469137525726269
0.6,TS_oracle,0.0670263634991122
0.6,TS_oracle,0.0368990079745531
0.6,TS_oracle,0.113389162455652
0.6,TS_oracle,0.0453161178806041
0.6,TS_oracle,0.0564066809416603
0.6,TS_oracle,0.0712472270953322
0.6,TS_oracle,0.0337618566025489
0.6,TS_oracle,0.059005986427691
0.6,TS_oracle,0.0531885602191784
0.6,TS_oracle,0.0615036001053331
0.6,TS_oracle,0.0673887944748962
0.6,TS_oracle,0.0923306049677843
0.6,TS_oracle,0.0452748202282914
0.6,TS_oracle,0.03931845550029
0.6,TS_oracle,0.0397645448230547
0.6,TS_oracle,0.0394249543001276
0.6,TS_oracle,0.0692203882081928
0.6,TS_oracle,0.0542969684314967
0.6,TS_oracle,0.0341818402027126
0.6,TS_oracle,0.052422448706029
0.6,TS_oracle,0.026067047800118
0.6,TS_oracle,0.099385866865637
0.6,TS_oracle,0.062904331461043
0.6,TS_oracle,0.06049006395908
0.6,TS_oracle,0.0404520424457722
0.6,TS_oracle,0.0489975641197626
0.6,TS_oracle,0.036974303962389
0.6,TS_oracle,0.0472157274130975
0.6,TS_oracle,0.0766443532226185
0.6,TS_oracle,0.0717100946824763
0.6,TS_oracle,0.0624166865191997
0.6,TS_oracle,0.040965479322702
0.6,TS_oracle,0.0664994501909466
0.6,TS_oracle,0.0327539569379822
0.6,TS_oracle,0.062020932401896
0.6,TS_oracle,0.0605844111352104
0.6,TS_oracle,0.0227939862730142
0.6,TS_oracle,0.0486715515435249
0.6,TS_oracle,0.0341043785654262
0.6,TS_oracle,0.0322823423748154
0.6,TS_oracle,0.0642675433534078
0.6,TS_oracle,0.0702809877734826
0.6,TS_oracle,0.0715188844475875
0.6,TS_oracle,0.0484875833054435
0.6,TS_oracle,0.040786316182636
0.6,TS_oracle,0.0481029978012216
0.6,TS_oracle,0.0240867817775927
0.6,TS_oracle,0.0383032408977435
0.6,TS_oracle,0.0411762012180156
0.6,TS_oracle,0.0394291399337793
0.6,TS_oracle,0.0705153101452422
0.6,TS_oracle,0.0351860773462885
0.6,TS_oracle,0.0376489688464449
0.6,TS_oracle,0.0671652174327792
0.6,TS_oracle,0.031004621028471
0.6,TS_oracle,0.0579983808057423
0.6,TS_oracle,0.0624180512536422
0.6,TS_oracle,0.0251901902559517
0.6,TS_oracle,0.0465358337189104
0.6,TS_oracle,0.0601958867016935
0.6,TS_oracle,0.0506649800685307
0.6,TS_oracle,0.0393578430856743
0.6,TS_oracle,0.0501607000972111
0.6,TS_oracle,0.0353896724261689
0.6,TS_oracle,0.0407334900278652
0.6,TS_oracle,0.0198376998683244
0.6,TS_oracle,0.0886415118955834
0.6,TS_oracle,0.0409773893816949
0.6,TS_oracle,0.0585962897802342
0.6,TS_oracle,0.0595260490966912
0.6,TS_oracle,0.0484572694864379
0.6,TS_oracle,0.0585547107328361
0.6,TS_oracle,0.0604723374126364
0.6,TS_oracle,0.0493845439648094
0.6,TS_oracle,0.0522035775476625
0.6,TS_oracle,0.0315030456170759
0.6,TS_oracle,0.042526988983476
0.6,TS_oracle,0.0512955301702447
0.6,TS_oracle,0.0354810613380033
0.6,TS_oracle,0.0620267589763145
0.6,TS_oracle,0.0589400710044397
0.6,TS_oracle,0.0407197899394886
0.6,TS_oracle,0.0542586435570766
0.6,TS_oracle,0.0656997057408133
0.6,TS_oracle,0.0413024817812702
0.6,TS_oracle,0.053945467308927
0.6,TS_oracle,0.0775266223637606
0.6,TS_oracle,0.0344664662156067
0.6,TS_oracle,0.0406574655973834
0.6,TS_oracle,0.0498716211879578
0.6,TS_oracle,0.0538980855462807
0.6,TS_oracle,0.0561892666405121
0.6,TS_oracle,0.0567416644199631
0.6,TS_oracle,0.0646480555855699
0.6,TS_oracle,0.0591395429064227
0.6,TS_oracle,0.0908119874769658
0.6,TS_oracle,0.0577715585444129
0.6,TS_oracle,0.0851172743839832
0.6,TS_oracle,0.0388938410260892
0.6,TS_oracle,0.0691208187842734
0.6,TS_oracle,0.0480040606905544
0.6,TS_oracle,0.0395369731440865
0.6,TS_oracle,0.0443394587807744
0.6,TS_oracle,0.0334605262837364
0.6,TS_oracle,0.0501482557693099
0.6,TS_oracle,0.0469555883156709
0.6,TS_oracle,0.0359703202032749
0.6,TS_oracle,0.0529988216710887
0.6,TS_oracle,0.0502405795437065
0.6,TS_oracle,0.0736441320011525
0.6,TS_oracle,0.0403921064028315
0.6,TS_oracle,0.0624535048293909
0.6,TS_oracle,0.0493930439207496
0.6,TS_oracle,0.0865797309594637
0.6,TS_oracle,0.0313066420344879
0.6,TS_oracle,0.0558703595224082
0.6,TS_oracle,0.038618803260079
0.6,TS_oracle,0.0404802192138858
0.6,TS_oracle,0.0471542507587792
0.6,TS_oracle,0.0449330715420803
0.6,TS_oracle,0.0731256264527535
0.6,TS_oracle,0.0579693406833724
0.6,TS_oracle,0.0241212010593829
0.6,TS_oracle,0.0472564766346675
0.6,TS_oracle,0.0369276431181789
0.6,TS_oracle,0.0337017097707224
0.6,TS_oracle,0.0426267400626848
0.6,TS_oracle,0.0353159247382471
0.6,TS_oracle,0.0597259385242736
0.6,TS_oracle,0.0917747984596472
0.6,TS_oracle,0.0518383920681416
0.6,TS_oracle,0.0276303727006051
0.6,TS_oracle,0.0973082816691185
0.6,TS_oracle,0.0608150815549666
0.6,TS_oracle,0.0317311353090614
0.6,TS_oracle,0.0567910035953069
0.7,PLS,0.0536449229538864
0.7,PLS,0.0756447043633473
0.7,PLS,0.036364676488307
0.7,PLS,0.0284236943733796
0.7,PLS,0.125938121520145
0.7,PLS,0.0761434459032809
0.7,PLS,0.0513140778038327
0.7,PLS,0.0244608325926607
0.7,PLS,0.0448146444419408
0.7,PLS,0.0531033971956008
0.7,PLS,0.0544954883805005
0.7,PLS,0.0430375981261236
0.7,PLS,0.0605687034154574
0.7,PLS,0.048646912856618
0.7,PLS,0.0386132454026498
0.7,PLS,0.0389798681868349
0.7,PLS,0.051636893664199
0.7,PLS,0.0345652413300456
0.7,PLS,0.0606549820756505
0.7,PLS,0.0546681824864847
0.7,PLS,0.0895624012056355
0.7,PLS,0.0301915519446901
0.7,PLS,0.0746906518073706
0.7,PLS,0.047924543279358
0.7,PLS,0.0780269417971109
0.7,PLS,0.024305581153085
0.7,PLS,0.0726248130555316
0.7,PLS,0.0425244734761979
0.7,PLS,0.0518412810214248
0.7,PLS,0.0685581507782738
0.7,PLS,0.0636900633662766
0.7,PLS,0.0583603216350464
0.7,PLS,0.0559746988463833
0.7,PLS,0.0474136471460276
0.7,PLS,0.0294463139022314
0.7,PLS,0.0554786286872
0.7,PLS,0.0577025239642541
0.7,PLS,0.0814706332329953
0.7,PLS,0.0749381719428998
0.7,PLS,0.0918940780794654
0.7,PLS,0.0362450584946585
0.7,PLS,0.0600515520145838
0.7,PLS,0.0568984514813287
0.7,PLS,0.0414309993933346
0.7,PLS,0.0297691919754163
0.7,PLS,0.0457964441754951
0.7,PLS,0.045423132239359
0.7,PLS,0.0554137833974454
0.7,PLS,0.0640952380523269
0.7,PLS,0.0472138769366972
0.7,PLS,0.0722880396328544
0.7,PLS,0.0846712532178803
0.7,PLS,0.123726232636389
0.7,PLS,0.0391233484865406
0.7,PLS,0.0567843636307334
0.7,PLS,0.0736647852123257
0.7,PLS,0.107145172068613
0.7,PLS,0.0590908612567158
0.7,PLS,0.0513913121516738
0.7,PLS,0.0601366286241213
0.7,PLS,0.0509234867430378
0.7,PLS,0.0374491250878283
0.7,PLS,0.0490315060233967
0.7,PLS,0.0740594781169098
0.7,PLS,0.0584341469994964
0.7,PLS,0.0580068068364629
0.7,PLS,0.0685396794006156
0.7,PLS,0.06785095897315
0.7,PLS,0.0323522313681364
0.7,PLS,0.0301505341296736
0.7,PLS,0.0569348792012034
0.7,PLS,0.0631288687469849
0.7,PLS,0.0526604919859878
0.7,PLS,0.0387364107113996
0.7,PLS,0.0336683847044932
0.7,PLS,0.105525508264723
0.7,PLS,0.0547239495722306
0.7,PLS,0.0594457567670586
0.7,PLS,0.0314168449709952
0.7,PLS,0.0559811684356105
0.7,PLS,0.0714803610883447
0.7,PLS,0.0297017216317212
0.7,PLS,0.105253266534644
0.7,PLS,0.0507546782878262
0.7,PLS,0.0662885364369849
0.7,PLS,0.0626904892229542
0.7,PLS,0.0888600771766991
0.7,PLS,0.0566327543410384
0.7,PLS,0.0264645679886708
0.7,PLS,0.0578431079240328
0.7,PLS,0.0625122768518447
0.7,PLS,0.040513449787434
0.7,PLS,0.0410598579840979
0.7,PLS,0.0854297683416467
0.7,PLS,0.0385355473445722
0.7,PLS,0.0621979222123596
0.7,PLS,0.0456833674005031
0.7,PLS,0.0397662977579375
0.7,PLS,0.0829290882175517
0.7,PLS,0.10388129512359
0.7,PLS,0.0473496849251143
0.7,PLS,0.06996691176588
0.7,PLS,0.0636302757271949
0.7,PLS,0.0521220498432783
0.7,PLS,0.0527410485756663
0.7,PLS,0.0762208865250751
0.7,PLS,0.0697367430228636
0.7,PLS,0.0532677220153853
0.7,PLS,0.0555985093312187
0.7,PLS,0.0410744939877763
0.7,PLS,0.0692240212140337
0.7,PLS,0.0265780032040035
0.7,PLS,0.0624269902294135
0.7,PLS,0.0308028011128492
0.7,PLS,0.0864502574956014
0.7,PLS,0.0500595603290345
0.7,PLS,0.0241384631108203
0.7,PLS,0.0627551875543942
0.7,PLS,0.0582008045683607
0.7,PLS,0.0294145844464421
0.7,PLS,0.0837715526550224
0.7,PLS,0.0610771443784896
0.7,PLS,0.0977339779386978
0.7,PLS,0.0279404984619419
0.7,PLS,0.0601679749111936
0.7,PLS,0.0949792285925713
0.7,PLS,0.0301034691378719
0.7,PLS,0.0406037751977575
0.7,PLS,0.0632835782707462
0.7,PLS,0.0477488006461367
0.7,PLS,0.0802322850026439
0.7,PLS,0.0328795748032539
0.7,PLS,0.0368350286069169
0.7,PLS,0.0670328478165228
0.7,PLS,0.0436850431593988
0.7,PLS,0.0516236765262347
0.7,PLS,0.0698103462957466
0.7,PLS,0.0382228755013703
0.7,PLS,0.0426785163936271
0.7,PLS,0.0313925490347543
0.7,PLS,0.0470421117700596
0.7,PLS,0.0461232744961348
0.7,PLS,0.0630831954071545
0.7,PLS,0.0372358354172014
0.7,PLS,0.023431066723283
0.7,PLS,0.0478770514348451
0.7,PLS,0.0832992714946861
0.7,PLS,0.0386894617059733
0.7,PLS,0.0932592215346133
0.7,PLS,0.0298278026365349
0.7,PLS,0.0345636759608885
0.7,PLS,0.0659817969737867
0.7,PLS,0.0474073215651877
0.7,PLS,0.0560786325746108
0.7,PLS,0.0458047499525521
0.7,PLS,0.0274877160670682
0.7,PLS,0.0254130150157666
0.7,PLS,0.0285893381108439
0.7,PLS,0.0490171534897181
0.7,PLS,0.0559650096869232
0.7,PLS,0.0254618970440573
0.7,PLS,0.0520270813280864
0.7,PLS,0.0445898298411796
0.7,PLS,0.0464359757245336
0.7,PLS,0.0603237013334182
0.7,PLS,0.0434749734380203
0.7,PLS,0.0243390247325466
0.7,PLS,0.0931081026406922
0.7,PLS,0.048771884186264
0.7,PLS,0.0557069129457665
0.7,PLS,0.125569297474166
0.7,PLS,0.0946505013733924
0.7,PLS,0.0329561872788439
0.7,PLS,0.0459763699496387
0.7,PLS,0.0512513894044169
0.7,PLS,0.0500695793611152
0.7,PLS,0.0229070354684148
0.7,PLS,0.0509729585531693
0.7,PLS,0.0518299155446165
0.7,PLS,0.0796386000786804
0.7,PLS,0.0374665026966092
0.7,PLS,0.0565487209634188
0.7,PLS,0.0389817430643051
0.7,PLS,0.0416811176380503
0.7,PLS,0.0284468088298166
0.7,PLS,0.0438730564402054
0.7,PLS,0.0747455452963936
0.7,PLS,0.0727943345097785
0.7,PLS,0.05383363900526
0.7,PLS,0.0562339518078497
0.7,PLS,0.0513076907611162
0.7,PLS,0.0250991038005677
0.7,PLS,0.0437738679522173
0.7,PLS,0.0800598320175922
0.7,PLS,0.0802743903231288
0.7,PLS,0.0386823162478754
0.7,PLS,0.0305836497851562
0.7,PLS,0.0307339646813075
0.7,PLS,0.0366478899247887
0.7,PLS,0.0357840678417336
0.7,fTS,0.0460281213744562
0.7,fTS,0.0643364160991062
0.7,fTS,0.0371712445598146
0.7,fTS,0.0246065232721333
0.7,fTS,0.114305449609688
0.7,fTS,0.0529298426626612
0.7,fTS,0.0559007191710561
0.7,fTS,0.0208837023629894
0.7,fTS,0.0426053297426651
0.7,fTS,0.0466117630047544
0.7,fTS,0.0425786414629104
0.7,fTS,0.0539878115070073
0.7,fTS,0.0632849442198778
0.7,fTS,0.0414459536795218
0.7,fTS,0.0592851830742353
0.7,fTS,0.0441599375703276
0.7,fTS,0.0462893881375163
0.7,fTS,0.0316833858202584
0.7,fTS,0.057031274822406
0.7,fTS,0.0394680228433244
0.7,fTS,0.0700230956700812
0.7,fTS,0.0269425216561609
0.7,fTS,0.0704276758741338
0.7,fTS,0.0414071589862654
0.7,fTS,0.0552289383923918
0.7,fTS,0.0222002973143862
0.7,fTS,0.0820842002788676
0.7,fTS,0.0379507775624057
0.7,fTS,0.0491510373063027
0.7,fTS,0.0586326004916899
0.7,fTS,0.0424946289742149
0.7,fTS,0.0613347225038555
0.7,fTS,0.0422296937447615
0.7,fTS,0.0542095996619305
0.7,fTS,0.0268604510781248
0.7,fTS,0.0367939501359076
0.7,fTS,0.0451398532255658
0.7,fTS,0.0435413770937843
0.7,fTS,0.0911102783918989
0.7,fTS,0.0712121735043904
0.7,fTS,0.051582608436756
0.7,fTS,0.0600819861966893
0.7,fTS,0.072728008932699
0.7,fTS,0.030501643696474
0.7,fTS,0.0190717839359189
0.7,fTS,0.0423219176857105
0.7,fTS,0.0445395585374698
0.7,fTS,0.0504197184542444
0.7,fTS,0.0456065516749878
0.7,fTS,0.0416880664491644
0.7,fTS,0.045688538459171
0.7,fTS,0.0644198569688967
0.7,fTS,0.0692248565094498
0.7,fTS,0.0394751294009034
0.7,fTS,0.0437526401294039
0.7,fTS,0.0574585609329941
0.7,fTS,0.0618802913842724
0.7,fTS,0.0620243606304031
0.7,fTS,0.0444661256525406
0.7,fTS,0.042523929754239
0.7,fTS,0.0420020759855455
0.7,fTS,0.0391189984764477
0.7,fTS,0.0501857639744035
0.7,fTS,0.0665937189054253
0.7,fTS,0.0612049614022888
0.7,fTS,0.0757395971110635
0.7,fTS,0.074995886315354
0.7,fTS,0.0570710615484782
0.7,fTS,0.0234206067291622
0.7,fTS,0.0286341390102134
0.7,fTS,0.0732190527781599
0.7,fTS,0.0458425675008195
0.7,fTS,0.0441244403722453
0.7,fTS,0.0359678299728756
0.7,fTS,0.0194268443406599
0.7,fTS,0.0212700626957573
0.7,fTS,0.0546603167521885
0.7,fTS,0.0408399034581749
0.7,fTS,0.0298755397645733
0.7,fTS,0.0478281609779796
0.7,fTS,0.078142355374304
0.7,fTS,0.0235263207127938
0.7,fTS,0.102473446894879
0.7,fTS,0.0460479165714939
0.7,fTS,0.0592129287639254
0.7,fTS,0.0782942536517174
0.7,fTS,0.0612081369377217
0.7,fTS,0.058637670712793
0.7,fTS,0.0227487993684702
0.7,fTS,0.0400731306565954
0.7,fTS,0.0378506047911128
0.7,fTS,0.0344474171040584
0.7,fTS,0.0514773781859335
0.7,fTS,0.0603363564722941
0.7,fTS,0.0462956664739945
0.7,fTS,0.0603017976134954
0.7,fTS,0.0538515281202528
0.7,fTS,0.0324880064039217
0.7,fTS,0.0426232613428675
0.7,fTS,0.0646342846265779
0.7,fTS,0.0491676401343127
0.7,fTS,0.0638632443384295
0.7,fTS,0.053474863561589
0.7,fTS,0.0425613896699943
0.7,fTS,0.0601483098437178
0.7,fTS,0.0523882620847297
0.7,fTS,0.0518396842734821
0.7,fTS,0.0510633772731755
0.7,fTS,0.0482888115480095
0.7,fTS,0.0395501863070965
0.7,fTS,0.0692586513646281
0.7,fTS,0.0283394093659066
0.7,fTS,0.073760621566977
0.7,fTS,0.0312645040730297
0.7,fTS,0.0806672225106768
0.7,fTS,0.0402451205398859
0.7,fTS,0.0224723697514396
0.7,fTS,0.0746957381022951
0.7,fTS,0.0383443127361809
0.7,fTS,0.0226963700154059
0.7,fTS,0.0646183048669036
0.7,fTS,0.0364397015221967
0.7,fTS,0.0802668490146699
0.7,fTS,0.0289310344688169
0.7,fTS,0.0392566805734819
0.7,fTS,0.0651995369506038
0.7,fTS,0.0267470780642925
0.7,fTS,0.0565544119118837
0.7,fTS,0.0442447916815349
0.7,fTS,0.0501754898209145
0.7,fTS,0.0649574659195759
0.7,fTS,0.0342179273618216
0.7,fTS,0.0396834384124262
0.7,fTS,0.0568304955763165
0.7,fTS,0.0284115940454908
0.7,fTS,0.040019490014047
0.7,fTS,0.0584660615073274
0.7,fTS,0.0356800489840073
0.7,fTS,0.0389472847331033
0.7,fTS,0.0436583877848331
0.7,fTS,0.0500794094767135
0.7,fTS,0.0321539420945964
0.7,fTS,0.0636921342531802
0.7,fTS,0.0433667685757076
0.7,fTS,0.0258790311239726
0.7,fTS,0.0406298372735294
0.7,fTS,0.078507977751476
0.7,fTS,0.037949332776601
0.7,fTS,0.0672455128750059
0.7,fTS,0.0353487006640715
0.7,fTS,0.0372650494411391
0.7,fTS,0.0524337693139498
0.7,fTS,0.0465736789772418
0.7,fTS,0.0595990184157861
0.7,fTS,0.0388230994764248
0.7,fTS,0.028988722822876
0.7,fTS,0.0272661620302784
0.7,fTS,0.0158261143865501
0.7,fTS,0.0701175598688872
0.7,fTS,0.0487929368356875
0.7,fTS,0.0385019987701684
0.7,fTS,0.0612098081732067
0.7,fTS,0.0354944079540932
0.7,fTS,0.0424140448046983
0.7,fTS,0.048477154912726
0.7,fTS,0.0306650107336563
0.7,fTS,0.0300969358369935
0.7,fTS,0.0927271311662562
0.7,fTS,0.0438540386512932
0.7,fTS,0.0290303580385772
0.7,fTS,0.11026826949432
0.7,fTS,0.073896922770671
0.7,fTS,0.0238101877829681
0.7,fTS,0.0399437161054472
0.7,fTS,0.0528556418963911
0.7,fTS,0.0478673198862613
0.7,fTS,0.0219430071664888
0.7,fTS,0.0357731804686901
0.7,fTS,0.0468372513060303
0.7,fTS,0.0533866275518191
0.7,fTS,0.0396585055163709
0.7,fTS,0.0327277276510075
0.7,fTS,0.0419447189460793
0.7,fTS,0.0391290750453485
0.7,fTS,0.024661780334981
0.7,fTS,0.0441340016803295
0.7,fTS,0.0796172195979477
0.7,fTS,0.0445292331700631
0.7,fTS,0.0472997197344822
0.7,fTS,0.0621884300160763
0.7,fTS,0.0477762691379049
0.7,fTS,0.0273591174978938
0.7,fTS,0.0363608655657231
0.7,fTS,0.0818775900748483
0.7,fTS,0.0764249419385315
0.7,fTS,0.0436808208485747
0.7,fTS,0.0268628627176724
0.7,fTS,0.0255728890747132
0.7,fTS,0.0287188887413036
0.7,fTS,0.0419124066567876
0.7,LS_oracle,0.0536961857738317
0.7,LS_oracle,0.07610473939986
0.7,LS_oracle,0.036305305488579
0.7,LS_oracle,0.0283576636402107
0.7,LS_oracle,0.124572597364663
0.7,LS_oracle,0.0760112662694497
0.7,LS_oracle,0.0513715215583818
0.7,LS_oracle,0.0243537236473195
0.7,LS_oracle,0.0448930825775811
0.7,LS_oracle,0.05314102688268
0.7,LS_oracle,0.0543628921481483
0.7,LS_oracle,0.043107898431215
0.7,LS_oracle,0.0594268687652722
0.7,LS_oracle,0.0485826746785675
0.7,LS_oracle,0.0386118495922798
0.7,LS_oracle,0.0389788113636795
0.7,LS_oracle,0.0516267531361192
0.7,LS_oracle,0.0345958577622734
0.7,LS_oracle,0.060684390564329
0.7,LS_oracle,0.0544902330340601
0.7,LS_oracle,0.0897105360748942
0.7,LS_oracle,0.0302253106160384
0.7,LS_oracle,0.0747405783233862
0.7,LS_oracle,0.0478168840816827
0.7,LS_oracle,0.0779428388262773
0.7,LS_oracle,0.0243180388304893
0.7,LS_oracle,0.0727608629673034
0.7,LS_oracle,0.042515457814334
0.7,LS_oracle,0.0518462278314826
0.7,LS_oracle,0.0685848863667448
0.7,LS_oracle,0.0637026444273673
0.7,LS_oracle,0.0584903518197518
0.7,LS_oracle,0.0561256100335291
0.7,LS_oracle,0.0473989065471785
0.7,LS_oracle,0.0295557470646482
0.7,LS_oracle,0.0555028758231632
0.7,LS_oracle,0.0577067399669364
0.7,LS_oracle,0.0815265572794912
0.7,LS_oracle,0.0748773895019716
0.7,LS_oracle,0.0922951801414502
0.7,LS_oracle,0.0363617822071033
0.7,LS_oracle,0.059976521188538
0.7,LS_oracle,0.0569321891896088
0.7,LS_oracle,0.0413571524724835
0.7,LS_oracle,0.0298063411036683
0.7,LS_oracle,0.0458711317276147
0.7,LS_oracle,0.0454582261329816
0.7,LS_oracle,0.0560677182086692
0.7,LS_oracle,0.0639278479750031
0.7,LS_oracle,0.0470382597051456
0.7,LS_oracle,0.0722816340985962
0.7,LS_oracle,0.0849870616714528
0.7,LS_oracle,0.123697820548525
0.7,LS_oracle,0.0390405486993907
0.7,LS_oracle,0.0567354044703793
0.7,LS_oracle,0.0741310293977176
0.7,LS_oracle,0.107302245274362
0.7,LS_oracle,0.0590788919061061
0.7,LS_oracle,0.0513787277937828
0.7,LS_oracle,0.0604094088941768
0.7,LS_oracle,0.0509247963073343
0.7,LS_oracle,0.0371359635015618
0.7,LS_oracle,0.0490341192384441
0.7,LS_oracle,0.0740694253974373
0.7,LS_oracle,0.0577435005177593
0.7,LS_oracle,0.0580494581662557
0.7,LS_oracle,0.0685410341455342
0.7,LS_oracle,0.0680457297518914
0.7,LS_oracle,0.0324651929248566
0.7,LS_oracle,0.0301424614498088
0.7,LS_oracle,0.0566551168777199
0.7,LS_oracle,0.0632677904008804
0.7,LS_oracle,0.0526846855542432
0.7,LS_oracle,0.0387448728392891
0.7,LS_oracle,0.0336626432125798
0.7,LS_oracle,0.105759994098185
0.7,LS_oracle,0.0547475372554632
0.7,LS_oracle,0.059310692445529
0.7,LS_oracle,0.0319929549557933
0.7,LS_oracle,0.0555178562402824
0.7,LS_oracle,0.0713299809740463
0.7,LS_oracle,0.0294266915008189
0.7,LS_oracle,0.10507188933894
0.7,LS_oracle,0.050685494172152
0.7,LS_oracle,0.066213445669133
0.7,LS_oracle,0.0626675820725415
0.7,LS_oracle,0.0892711952860449
0.7,LS_oracle,0.0567005055302334
0.7,LS_oracle,0.0264208314635023
0.7,LS_oracle,0.0578259805743945
0.7,LS_oracle,0.0625113748010732
0.7,LS_oracle,0.0405985944253455
0.7,LS_oracle,0.0410094319938183
0.7,LS_oracle,0.085426769598545
0.7,LS_oracle,0.0385328275494243
0.7,LS_oracle,0.0621823541958213
0.7,LS_oracle,0.0457625590267606
0.7,LS_oracle,0.0396230221186011
0.7,LS_oracle,0.0823824208599368
0.7,LS_oracle,0.103890138886233
0.7,LS_oracle,0.0473753932788714
0.7,LS_oracle,0.0699671349554879
0.7,LS_oracle,0.0635952225421946
0.7,LS_oracle,0.0520051667141903
0.7,LS_oracle,0.0524700750907662
0.7,LS_oracle,0.0774308368367853
0.7,LS_oracle,0.0696399819225962
0.7,LS_oracle,0.0529530694659895
0.7,LS_oracle,0.055949921501125
0.7,LS_oracle,0.0411569611715679
0.7,LS_oracle,0.0689343865816496
0.7,LS_oracle,0.0266405485523055
0.7,LS_oracle,0.0624067106405116
0.7,LS_oracle,0.030643728726077
0.7,LS_oracle,0.0864757086032493
0.7,LS_oracle,0.0500656139799726
0.7,LS_oracle,0.0241789998633804
0.7,LS_oracle,0.0627808096525911
0.7,LS_oracle,0.0581935221167266
0.7,LS_oracle,0.0293813533114222
0.7,LS_oracle,0.084090606804648
0.7,LS_oracle,0.0611922161680355
0.7,LS_oracle,0.0977038978735294
0.7,LS_oracle,0.0278606921283981
0.7,LS_oracle,0.0601671537135488
0.7,LS_oracle,0.0964767316601046
0.7,LS_oracle,0.0300796638007394
0.7,LS_oracle,0.0405009428145699
0.7,LS_oracle,0.0633797479748895
0.7,LS_oracle,0.047735528375548
0.7,LS_oracle,0.0803291126207692
0.7,LS_oracle,0.0328613317806167
0.7,LS_oracle,0.0367958205043362
0.7,LS_oracle,0.0668549515580434
0.7,LS_oracle,0.043766137125243
0.7,LS_oracle,0.0514930950759298
0.7,LS_oracle,0.0700666594239324
0.7,LS_oracle,0.0391153888369013
0.7,LS_oracle,0.042776382757032
0.7,LS_oracle,0.0313546361132338
0.7,LS_oracle,0.0469836683151065
0.7,LS_oracle,0.0457896036292588
0.7,LS_oracle,0.0633510113951481
0.7,LS_oracle,0.0372407506820817
0.7,LS_oracle,0.0234585845469476
0.7,LS_oracle,0.0478853132157836
0.7,LS_oracle,0.0828541223318335
0.7,LS_oracle,0.0386582933984493
0.7,LS_oracle,0.0934255046104692
0.7,LS_oracle,0.0297337229199263
0.7,LS_oracle,0.034559012659038
0.7,LS_oracle,0.0660356340306069
0.7,LS_oracle,0.0473966810910181
0.7,LS_oracle,0.056103392237095
0.7,LS_oracle,0.0458643528920139
0.7,LS_oracle,0.0275429909732736
0.7,LS_oracle,0.0254707871283543
0.7,LS_oracle,0.0287647812796754
0.7,LS_oracle,0.0490520237122406
0.7,LS_oracle,0.055585448064549
0.7,LS_oracle,0.0254467407544264
0.7,LS_oracle,0.0520564982727927
0.7,LS_oracle,0.0447431602585754
0.7,LS_oracle,0.0461472110695422
0.7,LS_oracle,0.0600927477497417
0.7,LS_oracle,0.043461943505867
0.7,LS_oracle,0.0244197175812345
0.7,LS_oracle,0.0934727131369614
0.7,LS_oracle,0.0485616067576301
0.7,LS_oracle,0.0563236145146776
0.7,LS_oracle,0.124492265992413
0.7,LS_oracle,0.0932131581008125
0.7,LS_oracle,0.0329275782501765
0.7,LS_oracle,0.0459799612172538
0.7,LS_oracle,0.0511595009572918
0.7,LS_oracle,0.0502049909307881
0.7,LS_oracle,0.022726448187432
0.7,LS_oracle,0.0509404156334812
0.7,LS_oracle,0.0518364549067437
0.7,LS_oracle,0.0796354992232165
0.7,LS_oracle,0.0373310267954973
0.7,LS_oracle,0.0562162480235554
0.7,LS_oracle,0.0390051865191664
0.7,LS_oracle,0.0417855359320874
0.7,LS_oracle,0.0284611504665688
0.7,LS_oracle,0.0438977063258446
0.7,LS_oracle,0.0745661363037529
0.7,LS_oracle,0.0728667922873823
0.7,LS_oracle,0.0538383175036185
0.7,LS_oracle,0.0558814644093631
0.7,LS_oracle,0.0512943472434458
0.7,LS_oracle,0.0251471980801343
0.7,LS_oracle,0.0443149214650115
0.7,LS_oracle,0.0798367389136246
0.7,LS_oracle,0.0805277311529736
0.7,LS_oracle,0.0386604264517075
0.7,LS_oracle,0.0306194633304183
0.7,LS_oracle,0.0308131415344927
0.7,LS_oracle,0.0366083430322279
0.7,LS_oracle,0.0357134517565354
0.7,TS_oracle,0.0460387924032899
0.7,TS_oracle,0.0643076132900313
0.7,TS_oracle,0.0371662508371335
0.7,TS_oracle,0.0244339247920372
0.7,TS_oracle,0.114364282717133
0.7,TS_oracle,0.0529310147408692
0.7,TS_oracle,0.055898878621018
0.7,TS_oracle,0.0208744711315696
0.7,TS_oracle,0.0426049243332967
0.7,TS_oracle,0.0466144607883805
0.7,TS_oracle,0.042587351383416
0.7,TS_oracle,0.0539750966422947
0.7,TS_oracle,0.0632453005391918
0.7,TS_oracle,0.0411514613126394
0.7,TS_oracle,0.0594891509429405
0.7,TS_oracle,0.0432195378259622
0.7,TS_oracle,0.0463070649108435
0.7,TS_oracle,0.0316937384763338
0.7,TS_oracle,0.0570427092203594
0.7,TS_oracle,0.0394680610151174
0.7,TS_oracle,0.0699898427581264
0.7,TS_oracle,0.0270102625562779
0.7,TS_oracle,0.0704258664818692
0.7,TS_oracle,0.0412474026968794
0.7,TS_oracle,0.0552366495817245
0.7,TS_oracle,0.02220592844348
0.7,TS_oracle,0.0821873073951839
0.7,TS_oracle,0.0379501445199318
0.7,TS_oracle,0.0491507743470826
0.7,TS_oracle,0.0582802408365549
0.7,TS_oracle,0.0424804534570094
0.7,TS_oracle,0.0613481394808129
0.7,TS_oracle,0.0422165074943121
0.7,TS_oracle,0.054236060847471
0.7,TS_oracle,0.0268721352280962
0.7,TS_oracle,0.0368133274357619
0.7,TS_oracle,0.0451386429017823
0.7,TS_oracle,0.0438957845139046
0.7,TS_oracle,0.0911226062062205
0.7,TS_oracle,0.0711193346858673
0.7,TS_oracle,0.0515709573755673
0.7,TS_oracle,0.0596219277630753
0.7,TS_oracle,0.0727400590260841
0.7,TS_oracle,0.0305012250915002
0.7,TS_oracle,0.0190823576798483
0.7,TS_oracle,0.0423207781162009
0.7,TS_oracle,0.0452668250090915
0.7,TS_oracle,0.0508292948087192
0.7,TS_oracle,0.045615258304653
0.7,TS_oracle,0.0417036051857512
0.7,TS_oracle,0.0456658753909846
0.7,TS_oracle,0.0644198925021092
0.7,TS_oracle,0.0692246200806259
0.7,TS_oracle,0.0394551145692762
0.7,TS_oracle,0.043587469057592
0.7,TS_oracle,0.0574559082972963
0.7,TS_oracle,0.061740016842719
0.7,TS_oracle,0.0622106696142452
0.7,TS_oracle,0.044399658339552
0.7,TS_oracle,0.0425249527046015
0.7,TS_oracle,0.041995571086018
0.7,TS_oracle,0.0391757537857244
0.7,TS_oracle,0.0503009997367913
0.7,TS_oracle,0.0667287290775507
0.7,TS_oracle,0.0612018269669903
0.7,TS_oracle,0.0755757845898836
0.7,TS_oracle,0.0750057657191258
0.7,TS_oracle,0.0575151923495882
0.7,TS_oracle,0.0234189191831695
0.7,TS_oracle,0.0286388370599543
0.7,TS_oracle,0.0732989532345198
0.7,TS_oracle,0.0456689139097007
0.7,TS_oracle,0.044116653981313
0.7,TS_oracle,0.0359682260658101
0.7,TS_oracle,0.0194206377060621
0.7,TS_oracle,0.0212703030019664
0.7,TS_oracle,0.054647031771156
0.7,TS_oracle,0.0407485705729892
0.7,TS_oracle,0.0298110018689806
0.7,TS_oracle,0.0477667515612525
0.7,TS_oracle,0.0781798033088248
0.7,TS_oracle,0.0235453285653074
0.7,TS_oracle,0.102583387979498
0.7,TS_oracle,0.0460545965048754
0.7,TS_oracle,0.0592483033850048
0.7,TS_oracle,0.0782951164955318
0.7,TS_oracle,0.0612435380811028
0.7,TS_oracle,0.0586537442825351
0.7,TS_oracle,0.0227483250045795
0.7,TS_oracle,0.0400809458715352
0.7,TS_oracle,0.0379158969578004
0.7,TS_oracle,0.0346819285638593
0.7,TS_oracle,0.0516005023351341
0.7,TS_oracle,0.0602867257048767
0.7,TS_oracle,0.0464899780232067
0.7,TS_oracle,0.0602727268761135
0.7,TS_oracle,0.0538101581580063
0.7,TS_oracle,0.0325027122658475
0.7,TS_oracle,0.0425510639743431
0.7,TS_oracle,0.0646336098912565
0.7,TS_oracle,0.0492081808525191
0.7,TS_oracle,0.063863522236748
0.7,TS_oracle,0.0534963955146299
0.7,TS_oracle,0.0426007152015572
0.7,TS_oracle,0.0602540584884306
0.7,TS_oracle,0.0523891191515308
0.7,TS_oracle,0.0518482504476944
0.7,TS_oracle,0.0510917127345467
0.7,TS_oracle,0.0482886806680379
0.7,TS_oracle,0.039507773375041
0.7,TS_oracle,0.0692644855741429
0.7,TS_oracle,0.0283389312837799
0.7,TS_oracle,0.0737657272236254
0.7,TS_oracle,0.031239573330258
0.7,TS_oracle,0.0806919500210363
0.7,TS_oracle,0.0404855438166394
0.7,TS_oracle,0.0224653982796245
0.7,TS_oracle,0.0745494025113491
0.7,TS_oracle,0.0383238094603975
0.7,TS_oracle,0.022708322080487
0.7,TS_oracle,0.0645767784238598
0.7,TS_oracle,0.0364302007203712
0.7,TS_oracle,0.080277512848711
0.7,TS_oracle,0.0289310215798354
0.7,TS_oracle,0.0392515014038624
0.7,TS_oracle,0.0652018329085816
0.7,TS_oracle,0.0267519739637087
0.7,TS_oracle,0.0565718982194816
0.7,TS_oracle,0.0442400883730638
0.7,TS_oracle,0.0501775740373757
0.7,TS_oracle,0.0649650572773288
0.7,TS_oracle,0.0342283051829986
0.7,TS_oracle,0.039733215382162
0.7,TS_oracle,0.0567965107347765
0.7,TS_oracle,0.0284146945352918
0.7,TS_oracle,0.0400264720949473
0.7,TS_oracle,0.0586366339006564
0.7,TS_oracle,0.0356524777176104
0.7,TS_oracle,0.0389493418999356
0.7,TS_oracle,0.0436656829884726
0.7,TS_oracle,0.0500972199496577
0.7,TS_oracle,0.0321582040502689
0.7,TS_oracle,0.063698576693999
0.7,TS_oracle,0.0433732138026421
0.7,TS_oracle,0.0258786254627332
0.7,TS_oracle,0.0406293065249985
0.7,TS_oracle,0.0785439225906531
0.7,TS_oracle,0.0380407640648049
0.7,TS_oracle,0.067262226257198
0.7,TS_oracle,0.0354154072486334
0.7,TS_oracle,0.0372649366977966
0.7,TS_oracle,0.0524335757860868
0.7,TS_oracle,0.0465471052744524
0.7,TS_oracle,0.0600393744123842
0.7,TS_oracle,0.0387971912887011
0.7,TS_oracle,0.0289897286287018
0.7,TS_oracle,0.0272751853364864
0.7,TS_oracle,0.0158132596186363
0.7,TS_oracle,0.0701086021858575
0.7,TS_oracle,0.0486450271753583
0.7,TS_oracle,0.0384553594950415
0.7,TS_oracle,0.0612058884149561
0.7,TS_oracle,0.0354858283197538
0.7,TS_oracle,0.0424166050354823
0.7,TS_oracle,0.0484547560912769
0.7,TS_oracle,0.0306683128296944
0.7,TS_oracle,0.0301215594684571
0.7,TS_oracle,0.0927923484632572
0.7,TS_oracle,0.0438429615616202
0.7,TS_oracle,0.0290560195968444
0.7,TS_oracle,0.110249912655002
0.7,TS_oracle,0.0739123939003076
0.7,TS_oracle,0.0238079870705821
0.7,TS_oracle,0.0399445639234149
0.7,TS_oracle,0.052777559448742
0.7,TS_oracle,0.0477286053588331
0.7,TS_oracle,0.0219399304707366
0.7,TS_oracle,0.0357954607895134
0.7,TS_oracle,0.0468137068624845
0.7,TS_oracle,0.0533862754616398
0.7,TS_oracle,0.039547457931836
0.7,TS_oracle,0.0331087570499128
0.7,TS_oracle,0.0419174744314072
0.7,TS_oracle,0.0392421060925198
0.7,TS_oracle,0.0246604185104897
0.7,TS_oracle,0.04407872757177
0.7,TS_oracle,0.0801039186617464
0.7,TS_oracle,0.0445324484898307
0.7,TS_oracle,0.0473000411371761
0.7,TS_oracle,0.0620200541176037
0.7,TS_oracle,0.0477319272540739
0.7,TS_oracle,0.0273630631667473
0.7,TS_oracle,0.0363548804657159
0.7,TS_oracle,0.08189732490538
0.7,TS_oracle,0.0763324599414193
0.7,TS_oracle,0.0436908157960927
0.7,TS_oracle,0.0268635394347662
0.7,TS_oracle,0.0255966375290548
0.7,TS_oracle,0.0286928139873228
0.7,TS_oracle,0.0419226886818199
0.8,PLS,0.0547382724589742
0.8,PLS,0.0310180511759647
0.8,PLS,0.0749200189644295
0.8,PLS,0.0330803802772449
0.8,PLS,0.0473494367472255
0.8,PLS,0.0792261053788782
0.8,PLS,0.113461235234388
0.8,PLS,0.0560236951088125
0.8,PLS,0.0676538766613711
0.8,PLS,0.069522848249428
0.8,PLS,0.0473424680337619
0.8,PLS,0.0781813594169491
0.8,PLS,0.0500590127110088
0.8,PLS,0.0943760222566398
0.8,PLS,0.0325306690459926
0.8,PLS,0.0682941938599021
0.8,PLS,0.0358700860614546
0.8,PLS,0.0422221742357952
0.8,PLS,0.0592637723942104
0.8,PLS,0.0416074628411444
0.8,PLS,0.0848699531270976
0.8,PLS,0.037397385152292
0.8,PLS,0.032641204081698
0.8,PLS,0.0956320760781426
0.8,PLS,0.0528155662445662
0.8,PLS,0.0720524397806425
0.8,PLS,0.0553494924993557
0.8,PLS,0.0434961689666641
0.8,PLS,0.0532538780830276
0.8,PLS,0.0440169012384016
0.8,PLS,0.0479937428365749
0.8,PLS,0.0687856013584986
0.8,PLS,0.0357818903257713
0.8,PLS,0.0644957788491993
0.8,PLS,0.0660213549920099
0.8,PLS,0.0567928489255754
0.8,PLS,0.0785761665156068
0.8,PLS,0.026528334146667
0.8,PLS,0.0810901171269
0.8,PLS,0.0500066337780267
0.8,PLS,0.03556071207432
0.8,PLS,0.0535415187808061
0.8,PLS,0.0429431964265832
0.8,PLS,0.0321953685858964
0.8,PLS,0.0470375745606981
0.8,PLS,0.071584635790906
0.8,PLS,0.0360767359737383
0.8,PLS,0.0718558604018835
0.8,PLS,0.062047874603607
0.8,PLS,0.116892228534104
0.8,PLS,0.051084255243443
0.8,PLS,0.126691420067369
0.8,PLS,0.0576739098600359
0.8,PLS,0.0389697926174496
0.8,PLS,0.0488068961954107
0.8,PLS,0.0408803958735897
0.8,PLS,0.0560911777202578
0.8,PLS,0.0546366907050104
0.8,PLS,0.0670589432657051
0.8,PLS,0.0730017115755334
0.8,PLS,0.0473050990405615
0.8,PLS,0.075390784942512
0.8,PLS,0.0591793669853892
0.8,PLS,0.041404763566079
0.8,PLS,0.0407360842344085
0.8,PLS,0.0790295787599228
0.8,PLS,0.0882256736070145
0.8,PLS,0.0683589952480975
0.8,PLS,0.0252942119384547
0.8,PLS,0.0606165377282716
0.8,PLS,0.0399169138346322
0.8,PLS,0.0401968232437719
0.8,PLS,0.0393230981987868
0.8,PLS,0.0471296524268237
0.8,PLS,0.0452065570237112
0.8,PLS,0.052924701779931
0.8,PLS,0.0567960273893432
0.8,PLS,0.054614893232517
0.8,PLS,0.040189340323072
0.8,PLS,0.0473929515544327
0.8,PLS,0.0595717036758228
0.8,PLS,0.0424137725724419
0.8,PLS,0.0455331298391729
0.8,PLS,0.0620964257632185
0.8,PLS,0.028506852578322
0.8,PLS,0.0714884952493463
0.8,PLS,0.0532343826724573
0.8,PLS,0.0610577146025203
0.8,PLS,0.0387693988210249
0.8,PLS,0.0425205450383716
0.8,PLS,0.0379566388265439
0.8,PLS,0.0738984308761283
0.8,PLS,0.0779564781074697
0.8,PLS,0.0692094992608533
0.8,PLS,0.0407036139880376
0.8,PLS,0.128106443311445
0.8,PLS,0.048675776668337
0.8,PLS,0.0971228275823486
0.8,PLS,0.104597460873911
0.8,PLS,0.0415539990900488
0.8,PLS,0.0673338517891253
0.8,PLS,0.0641027762786582
0.8,PLS,0.0721940022442583
0.8,PLS,0.0692900500927339
0.8,PLS,0.0545590555773982
0.8,PLS,0.0852876140830159
0.8,PLS,0.0434657080498964
0.8,PLS,0.0351723111469359
0.8,PLS,0.0696906395250476
0.8,PLS,0.045670777835627
0.8,PLS,0.0540403181737518
0.8,PLS,0.0316950877782235
0.8,PLS,0.0875641063515035
0.8,PLS,0.0588605968647546
0.8,PLS,0.0659106877320735
0.8,PLS,0.0624845501313541
0.8,PLS,0.0602147768436814
0.8,PLS,0.0359594267907064
0.8,PLS,0.0411488278742621
0.8,PLS,0.0569272939620261
0.8,PLS,0.0664447347320338
0.8,PLS,0.0814061604650312
0.8,PLS,0.0365707653971393
0.8,PLS,0.0381509362595559
0.8,PLS,0.0550087094597713
0.8,PLS,0.0486788939202744
0.8,PLS,0.0323791760657921
0.8,PLS,0.0738728621506648
0.8,PLS,0.0663477069937218
0.8,PLS,0.0501013357632436
0.8,PLS,0.041080645172488
0.8,PLS,0.0347178288982346
0.8,PLS,0.0691812786300404
0.8,PLS,0.0632525599224193
0.8,PLS,0.0535828363142277
0.8,PLS,0.0919947045638111
0.8,PLS,0.0324920125383915
0.8,PLS,0.0510062924070623
0.8,PLS,0.0697506780486731
0.8,PLS,0.0709148513437751
0.8,PLS,0.0401276703496694
0.8,PLS,0.0764654554696624
0.8,PLS,0.0314710510681887
0.8,PLS,0.0415548954643153
0.8,PLS,0.0545141146799638
0.8,PLS,0.0646006653249822
0.8,PLS,0.0550525660914213
0.8,PLS,0.0794384277327501
0.8,PLS,0.047383862644024
0.8,PLS,0.0494849566443597
0.8,PLS,0.0422232001334512
0.8,PLS,0.0502172054206314
0.8,PLS,0.0474689590365075
0.8,PLS,0.0552752224017881
0.8,PLS,0.0240561306455188
0.8,PLS,0.0800287754614775
0.8,PLS,0.0439243830398232
0.8,PLS,0.0611820147641326
0.8,PLS,0.0337358038683544
0.8,PLS,0.101560150808013
0.8,PLS,0.139296968520328
0.8,PLS,0.030473146620191
0.8,PLS,0.0677846610847991
0.8,PLS,0.0365459880500447
0.8,PLS,0.029858975220734
0.8,PLS,0.0506128471299988
0.8,PLS,0.0366399923613334
0.8,PLS,0.0653844909900822
0.8,PLS,0.0584271747638029
0.8,PLS,0.0384567116927747
0.8,PLS,0.0944018094485063
0.8,PLS,0.0641813793251758
0.8,PLS,0.0312683703965461
0.8,PLS,0.0575460653253632
0.8,PLS,0.079338714296387
0.8,PLS,0.0639692724794583
0.8,PLS,0.0647747216202069
0.8,PLS,0.0765738558480149
0.8,PLS,0.0268094221914873
0.8,PLS,0.0406349902330602
0.8,PLS,0.0412608231368791
0.8,PLS,0.0659601341337839
0.8,PLS,0.0487474187011182
0.8,PLS,0.0621647917854784
0.8,PLS,0.0198776237766973
0.8,PLS,0.0763969332563496
0.8,PLS,0.0557529781039161
0.8,PLS,0.0443484372944081
0.8,PLS,0.0431187955851673
0.8,PLS,0.0302215605437917
0.8,PLS,0.055433253998572
0.8,PLS,0.0715811932121105
0.8,PLS,0.0680309368174892
0.8,PLS,0.0349064688624804
0.8,PLS,0.0639684505141004
0.8,PLS,0.0418132284643711
0.8,PLS,0.0487820662688035
0.8,PLS,0.0435506580234798
0.8,PLS,0.0807063743639318
0.8,PLS,0.0884525509394623
0.8,fTS,0.0573268934015452
0.8,fTS,0.0411520210485175
0.8,fTS,0.0529618269691577
0.8,fTS,0.0365324795068466
0.8,fTS,0.0412768028660009
0.8,fTS,0.0450017713098117
0.8,fTS,0.0696668112634813
0.8,fTS,0.0438682064164927
0.8,fTS,0.0659701400269887
0.8,fTS,0.0359956850656697
0.8,fTS,0.0539975799022445
0.8,fTS,0.0626097229893775
0.8,fTS,0.0422653314550024
0.8,fTS,0.059133198371158
0.8,fTS,0.0466517584742236
0.8,fTS,0.0412571286020516
0.8,fTS,0.0339800542068786
0.8,fTS,0.0363691791249953
0.8,fTS,0.0537233724325259
0.8,fTS,0.0479398786354796
0.8,fTS,0.0347489205530582
0.8,fTS,0.0432904066994816
0.8,fTS,0.0420950724616806
0.8,fTS,0.0706163003362088
0.8,fTS,0.0536475663014236
0.8,fTS,0.0676278507587811
0.8,fTS,0.0318538765953424
0.8,fTS,0.0423444398598629
0.8,fTS,0.0298815703549747
0.8,fTS,0.0536544056594333
0.8,fTS,0.0397655388039743
0.8,fTS,0.0391641470395133
0.8,fTS,0.0325334402349553
0.8,fTS,0.0464030762552167
0.8,fTS,0.0642606753864258
0.8,fTS,0.0294279397429368
0.8,fTS,0.0449602080941411
0.8,fTS,0.0242887984042767
0.8,fTS,0.0546569687821448
0.8,fTS,0.0467080186526565
0.8,fTS,0.0365591644350595
0.8,fTS,0.0479553816083652
0.8,fTS,0.0388553756283413
0.8,fTS,0.0292249223651581
0.8,fTS,0.0370416551400966
0.8,fTS,0.05153922485308
0.8,fTS,0.0310369794820913
0.8,fTS,0.0789348526324566
0.8,fTS,0.044425959720957
0.8,fTS,0.0928646742573185
0.8,fTS,0.0520207399715595
0.8,fTS,0.0649264446861091
0.8,fTS,0.0572044166769903
0.8,fTS,0.0297396663092231
0.8,fTS,0.0351469049698438
0.8,fTS,0.0375777173347224
0.8,fTS,0.0559394749861725
0.8,fTS,0.0479089455166743
0.8,fTS,0.057751270445218
0.8,fTS,0.0598672303817456
0.8,fTS,0.0500366053424189
0.8,fTS,0.0688169892070345
0.8,fTS,0.0575773611281457
0.8,fTS,0.0454864434618515
0.8,fTS,0.025198154018288
0.8,fTS,0.0697855333195076
0.8,fTS,0.0694534282736887
0.8,fTS,0.0492211276892882
0.8,fTS,0.0272124817101837
0.8,fTS,0.0615137235134273
0.8,fTS,0.0354455439508587
0.8,fTS,0.0295835549668581
0.8,fTS,0.0323190735364814
0.8,fTS,0.0587910807441171
0.8,fTS,0.0410308063562404
0.8,fTS,0.0376034090765273
0.8,fTS,0.0405977087263832
0.8,fTS,0.0387238527947997
0.8,fTS,0.0464549839587121
0.8,fTS,0.0366257368068817
0.8,fTS,0.0657843249824038
0.8,fTS,0.0397062563506807
0.8,fTS,0.0337286896602651
0.8,fTS,0.0702391516105859
0.8,fTS,0.0204851016514362
0.8,fTS,0.0576045750983682
0.8,fTS,0.0537248712343844
0.8,fTS,0.0357649516890562
0.8,fTS,0.0481325258932006
0.8,fTS,0.0386972993448828
0.8,fTS,0.0453717104142012
0.8,fTS,0.0874847724278254
0.8,fTS,0.0591367029062056
0.8,fTS,0.0489707116247834
0.8,fTS,0.044071299088992
0.8,fTS,0.0792414518060554
0.8,fTS,0.051723660088374
0.8,fTS,0.048999443120069
0.8,fTS,0.0569721201283831
0.8,fTS,0.037194095170605
0.8,fTS,0.05427955517071
0.8,fTS,0.0828522488406093
0.8,fTS,0.059055830049996
0.8,fTS,0.0648525838109095
0.8,fTS,0.0414142121763172
0.8,fTS,0.10466204309034
0.8,fTS,0.0379532556679689
0.8,fTS,0.0318267165379664
0.8,fTS,0.0581140925137285
0.8,fTS,0.0457304440716513
0.8,fTS,0.0670520676263831
0.8,fTS,0.0289716224898304
0.8,fTS,0.070326527048002
0.8,fTS,0.0472834841335843
0.8,fTS,0.0539102747751659
0.8,fTS,0.0612111011923061
0.8,fTS,0.0557684260009897
0.8,fTS,0.0330828303611515
0.8,fTS,0.032033949449158
0.8,fTS,0.0540239128174702
0.8,fTS,0.0439614732020268
0.8,fTS,0.0748258346191315
0.8,fTS,0.0321854873600151
0.8,fTS,0.0352740054439845
0.8,fTS,0.0372977839520865
0.8,fTS,0.0463249132589409
0.8,fTS,0.0322155723960483
0.8,fTS,0.0464075105662839
0.8,fTS,0.0345090024541904
0.8,fTS,0.0575126798315611
0.8,fTS,0.0411082402306172
0.8,fTS,0.0353309403444537
0.8,fTS,0.0420964853038539
0.8,fTS,0.0737750371021613
0.8,fTS,0.0344970282077959
0.8,fTS,0.0674406195819684
0.8,fTS,0.0371421115063613
0.8,fTS,0.0517989114272087
0.8,fTS,0.0679991928373757
0.8,fTS,0.0448628139526369
0.8,fTS,0.0217780333893859
0.8,fTS,0.0634780709246079
0.8,fTS,0.0332731113512698
0.8,fTS,0.0385540382821858
0.8,fTS,0.061478522357138
0.8,fTS,0.0489473661835191
0.8,fTS,0.0527594612525053
0.8,fTS,0.035964870781993
0.8,fTS,0.0459289810545167
0.8,fTS,0.0534523634097569
0.8,fTS,0.0422620043561049
0.8,fTS,0.042681044218857
0.8,fTS,0.0567576711597222
0.8,fTS,0.0355548958330171
0.8,fTS,0.0363570119081813
0.8,fTS,0.0557195013905437
0.8,fTS,0.0703122845936311
0.8,fTS,0.0391157281992522
0.8,fTS,0.0276195571385467
0.8,fTS,0.106512577740522
0.8,fTS,0.0630630199760001
0.8,fTS,0.0328475792470117
0.8,fTS,0.0355777353550721
0.8,fTS,0.0341798881057439
0.8,fTS,0.0276833834106554
0.8,fTS,0.0531574220480723
0.8,fTS,0.0317929228327319
0.8,fTS,0.0520369458190525
0.8,fTS,0.0522538159135075
0.8,fTS,0.0483186641809194
0.8,fTS,0.0376962032682501
0.8,fTS,0.0428140706007795
0.8,fTS,0.0262063915340173
0.8,fTS,0.0573789175685989
0.8,fTS,0.06609368080149
0.8,fTS,0.0526646917612301
0.8,fTS,0.0514426875346053
0.8,fTS,0.0433671350462941
0.8,fTS,0.0331447387899233
0.8,fTS,0.038823417154415
0.8,fTS,0.0612611112409023
0.8,fTS,0.0498844796515628
0.8,fTS,0.0416605495382067
0.8,fTS,0.0590580422498363
0.8,fTS,0.0245556638833101
0.8,fTS,0.0599146338391503
0.8,fTS,0.0581556277328345
0.8,fTS,0.0471339888295112
0.8,fTS,0.0658230960420534
0.8,fTS,0.0292488653374147
0.8,fTS,0.0590165005903999
0.8,fTS,0.0508624532095303
0.8,fTS,0.0372735414927861
0.8,fTS,0.0549542045013401
0.8,fTS,0.047367525270203
0.8,fTS,0.0376054371543615
0.8,fTS,0.0388110874331973
0.8,fTS,0.0675449918970137
0.8,fTS,0.0505672352833652
0.8,fTS,0.0916698376110668
0.8,LS_oracle,0.0546054273478647
0.8,LS_oracle,0.0311878416027544
0.8,LS_oracle,0.0758891088888292
0.8,LS_oracle,0.0332710096163865
0.8,LS_oracle,0.0473711843967078
0.8,LS_oracle,0.0792401237579523
0.8,LS_oracle,0.113533275153252
0.8,LS_oracle,0.0560248261405506
0.8,LS_oracle,0.0676765634947729
0.8,LS_oracle,0.0699441735592621
0.8,LS_oracle,0.047365553843377
0.8,LS_oracle,0.0781959854644303
0.8,LS_oracle,0.0504037803907342
0.8,LS_oracle,0.0942274884381999
0.8,LS_oracle,0.0325301065285701
0.8,LS_oracle,0.0684051495997248
0.8,LS_oracle,0.0358797670803879
0.8,LS_oracle,0.0423696621120484
0.8,LS_oracle,0.0590978893656624
0.8,LS_oracle,0.0416205640261969
0.8,LS_oracle,0.0846420180126674
0.8,LS_oracle,0.0375398083121785
0.8,LS_oracle,0.0326225146602532
0.8,LS_oracle,0.0957920114409312
0.8,LS_oracle,0.0527858048770659
0.8,LS_oracle,0.0722047101984511
0.8,LS_oracle,0.0555288654291083
0.8,LS_oracle,0.0435336461178485
0.8,LS_oracle,0.0534342508845844
0.8,LS_oracle,0.0445961082793931
0.8,LS_oracle,0.0477490995436055
0.8,LS_oracle,0.0688941581624717
0.8,LS_oracle,0.035862397794589
0.8,LS_oracle,0.0635780935137755
0.8,LS_oracle,0.0659859497528326
0.8,LS_oracle,0.0567936230166315
0.8,LS_oracle,0.0785608266856404
0.8,LS_oracle,0.0265272231723418
0.8,LS_oracle,0.0809199557658986
0.8,LS_oracle,0.0549399252979234
0.8,LS_oracle,0.0355212808969567
0.8,LS_oracle,0.0529590717703109
0.8,LS_oracle,0.0431145304639849
0.8,LS_oracle,0.0324962471191894
0.8,LS_oracle,0.0470055346382909
0.8,LS_oracle,0.0710006867280245
0.8,LS_oracle,0.0360577975067327
0.8,LS_oracle,0.0718560812622122
0.8,LS_oracle,0.0620482235480861
0.8,LS_oracle,0.115207586615041
0.8,LS_oracle,0.0510236282286944
0.8,LS_oracle,0.126629206727485
0.8,LS_oracle,0.0577394113852849
0.8,LS_oracle,0.03910957394819
0.8,LS_oracle,0.0490556724534762
0.8,LS_oracle,0.0409142319554471
0.8,LS_oracle,0.0560187062286769
0.8,LS_oracle,0.0546209288369822
0.8,LS_oracle,0.0670218417934762
0.8,LS_oracle,0.0730066494439202
0.8,LS_oracle,0.0471721242171441
0.8,LS_oracle,0.0753934685142427
0.8,LS_oracle,0.0591841265844781
0.8,LS_oracle,0.0414387897172035
0.8,LS_oracle,0.0406259100134164
0.8,LS_oracle,0.078967847922317
0.8,LS_oracle,0.0882292959806128
0.8,LS_oracle,0.0717409343660574
0.8,LS_oracle,0.0253194670328272
0.8,LS_oracle,0.0606305924762079
0.8,LS_oracle,0.0401164674986359
0.8,LS_oracle,0.0401882675449987
0.8,LS_oracle,0.0394902523189696
0.8,LS_oracle,0.0471312130194856
0.8,LS_oracle,0.0452492566808103
0.8,LS_oracle,0.0530348448185816
0.8,LS_oracle,0.0574799141093979
0.8,LS_oracle,0.0543648508615259
0.8,LS_oracle,0.04050261245842
0.8,LS_oracle,0.0473608602964087
0.8,LS_oracle,0.0597902201772758
0.8,LS_oracle,0.0425503949667015
0.8,LS_oracle,0.0454565983046132
0.8,LS_oracle,0.0621726125360677
0.8,LS_oracle,0.0276377503403954
0.8,LS_oracle,0.071427622068234
0.8,LS_oracle,0.0532831916212297
0.8,LS_oracle,0.0609876201769766
0.8,LS_oracle,0.0390439483133164
0.8,LS_oracle,0.0425195886061541
0.8,LS_oracle,0.0379509719771977
0.8,LS_oracle,0.0740477105983833
0.8,LS_oracle,0.0783602735268405
0.8,LS_oracle,0.0691871876966587
0.8,LS_oracle,0.0408463559046994
0.8,LS_oracle,0.127761160602614
0.8,LS_oracle,0.0486972264135889
0.8,LS_oracle,0.0971447552713799
0.8,LS_oracle,0.10459910887248
0.8,LS_oracle,0.0415317247262505
0.8,LS_oracle,0.066209064316212
0.8,LS_oracle,0.0640302651700127
0.8,LS_oracle,0.0723434905120111
0.8,LS_oracle,0.0693724459827254
0.8,LS_oracle,0.0544264300798556
0.8,LS_oracle,0.0852014719085156
0.8,LS_oracle,0.0434322936318992
0.8,LS_oracle,0.0351386953288645
0.8,LS_oracle,0.06970855559792
0.8,LS_oracle,0.0455179537181893
0.8,LS_oracle,0.0537984570855303
0.8,LS_oracle,0.031708548730307
0.8,LS_oracle,0.0876875928286293
0.8,LS_oracle,0.0588698484093316
0.8,LS_oracle,0.0660196833373661
0.8,LS_oracle,0.0625658009743226
0.8,LS_oracle,0.0602282004573004
0.8,LS_oracle,0.0360516878567515
0.8,LS_oracle,0.0413256488434628
0.8,LS_oracle,0.0570658430158832
0.8,LS_oracle,0.066420380906073
0.8,LS_oracle,0.0814006933583118
0.8,LS_oracle,0.036555693337714
0.8,LS_oracle,0.0381663267739906
0.8,LS_oracle,0.0550686554474517
0.8,LS_oracle,0.0482877329192652
0.8,LS_oracle,0.0330120318904626
0.8,LS_oracle,0.0734563769971901
0.8,LS_oracle,0.0665076394705563
0.8,LS_oracle,0.0501602600653617
0.8,LS_oracle,0.0410875585814824
0.8,LS_oracle,0.034433667399303
0.8,LS_oracle,0.0690678788337907
0.8,LS_oracle,0.0642249285814415
0.8,LS_oracle,0.0514548832408499
0.8,LS_oracle,0.0918381299509108
0.8,LS_oracle,0.0324603394502435
0.8,LS_oracle,0.0510715210911519
0.8,LS_oracle,0.0704150082537761
0.8,LS_oracle,0.0702081952701221
0.8,LS_oracle,0.040136628734605
0.8,LS_oracle,0.076489847828759
0.8,LS_oracle,0.0314190116461806
0.8,LS_oracle,0.0415562350385324
0.8,LS_oracle,0.0544771340789549
0.8,LS_oracle,0.0645994601216245
0.8,LS_oracle,0.0550894163499353
0.8,LS_oracle,0.0800995336044026
0.8,LS_oracle,0.0473336686011385
0.8,LS_oracle,0.0492774059201411
0.8,LS_oracle,0.0422465565344741
0.8,LS_oracle,0.05004381208858
0.8,LS_oracle,0.0474753309837825
0.8,LS_oracle,0.0554759703643542
0.8,LS_oracle,0.0239660481974163
0.8,LS_oracle,0.079959270407762
0.8,LS_oracle,0.0439234523816428
0.8,LS_oracle,0.0612436294841185
0.8,LS_oracle,0.0337150503292442
0.8,LS_oracle,0.101629796805658
0.8,LS_oracle,0.139545732109883
0.8,LS_oracle,0.0304658857322732
0.8,LS_oracle,0.0678610180486701
0.8,LS_oracle,0.0364766951862621
0.8,LS_oracle,0.0298750366440105
0.8,LS_oracle,0.0504048842993972
0.8,LS_oracle,0.0366397690324906
0.8,LS_oracle,0.065376180626272
0.8,LS_oracle,0.058800557673598
0.8,LS_oracle,0.0385710928211387
0.8,LS_oracle,0.0944949494785745
0.8,LS_oracle,0.0641192718055286
0.8,LS_oracle,0.0314213954844322
0.8,LS_oracle,0.0575592465485372
0.8,LS_oracle,0.079092702392184
0.8,LS_oracle,0.0639184991067436
0.8,LS_oracle,0.0646211338489475
0.8,LS_oracle,0.0765288681647057
0.8,LS_oracle,0.0267565374194906
0.8,LS_oracle,0.0405668263841182
0.8,LS_oracle,0.0412815739899047
0.8,LS_oracle,0.0663631072869818
0.8,LS_oracle,0.0486748432722856
0.8,LS_oracle,0.0621581006438902
0.8,LS_oracle,0.0197939793659183
0.8,LS_oracle,0.0754264418074823
0.8,LS_oracle,0.0557989475999399
0.8,LS_oracle,0.0443275216290269
0.8,LS_oracle,0.0431256437082677
0.8,LS_oracle,0.0302723778980894
0.8,LS_oracle,0.0560881723220582
0.8,LS_oracle,0.0743639701321147
0.8,LS_oracle,0.0680923550883998
0.8,LS_oracle,0.034815672292702
0.8,LS_oracle,0.0639649084336361
0.8,LS_oracle,0.041798763598461
0.8,LS_oracle,0.0486127684964622
0.8,LS_oracle,0.0434850264780537
0.8,LS_oracle,0.0808390111380313
0.8,LS_oracle,0.0884517328838755
0.8,TS_oracle,0.0572532521782634
0.8,TS_oracle,0.0411370158088506
0.8,TS_oracle,0.053221069377087
0.8,TS_oracle,0.0365787453674083
0.8,TS_oracle,0.0412953064299297
0.8,TS_oracle,0.0450028861841475
0.8,TS_oracle,0.069666116202684
0.8,TS_oracle,0.043867625952631
0.8,TS_oracle,0.0659638184676353
0.8,TS_oracle,0.0362314016739168
0.8,TS_oracle,0.0540053571269137
0.8,TS_oracle,0.0626676935921666
0.8,TS_oracle,0.0422289292403377
0.8,TS_oracle,0.058963434872338
0.8,TS_oracle,0.0466754909008289
0.8,TS_oracle,0.0412590406174533
0.8,TS_oracle,0.0339785466325553
0.8,TS_oracle,0.0366931213370077
0.8,TS_oracle,0.0544173451430939
0.8,TS_oracle,0.047883990218703
0.8,TS_oracle,0.0347711140215743
0.8,TS_oracle,0.043300292602
0.8,TS_oracle,0.0420978601643408
0.8,TS_oracle,0.0712898384987429
0.8,TS_oracle,0.0538428120294451
0.8,TS_oracle,0.0676337387755659
0.8,TS_oracle,0.0318585749025087
0.8,TS_oracle,0.0423390566366366
0.8,TS_oracle,0.0298788753476086
0.8,TS_oracle,0.0533866906871188
0.8,TS_oracle,0.0398271913033597
0.8,TS_oracle,0.0391811734222134
0.8,TS_oracle,0.0324698600375343
0.8,TS_oracle,0.0464031005523415
0.8,TS_oracle,0.0643235761521262
0.8,TS_oracle,0.0294279543589583
0.8,TS_oracle,0.0451025545067478
0.8,TS_oracle,0.0242898750603135
0.8,TS_oracle,0.0546658903703111
0.8,TS_oracle,0.0477830102349577
0.8,TS_oracle,0.036590831362624
0.8,TS_oracle,0.0479754134067198
0.8,TS_oracle,0.038843468414444
0.8,TS_oracle,0.0304395703520985
0.8,TS_oracle,0.0370473506676223
0.8,TS_oracle,0.0515234534439051
0.8,TS_oracle,0.031052410980035
0.8,TS_oracle,0.0779386722348846
0.8,TS_oracle,0.0444381602852802
0.8,TS_oracle,0.0928648706635707
0.8,TS_oracle,0.0520450731849045
0.8,TS_oracle,0.0649278014830513
0.8,TS_oracle,0.0571845913738672
0.8,TS_oracle,0.0297604680229026
0.8,TS_oracle,0.0351610459229298
0.8,TS_oracle,0.0375752350796932
0.8,TS_oracle,0.0559457266228412
0.8,TS_oracle,0.0479008410592626
0.8,TS_oracle,0.0577467893472257
0.8,TS_oracle,0.0597915874153974
0.8,TS_oracle,0.0500349523220051
0.8,TS_oracle,0.0685934591652486
0.8,TS_oracle,0.0575751799222321
0.8,TS_oracle,0.045492690883999
0.8,TS_oracle,0.0251946895260157
0.8,TS_oracle,0.069992279017436
0.8,TS_oracle,0.0696160964688082
0.8,TS_oracle,0.0492241361659329
0.8,TS_oracle,0.0272118820961435
0.8,TS_oracle,0.0615004781915327
0.8,TS_oracle,0.0355080402212382
0.8,TS_oracle,0.0295752442468858
0.8,TS_oracle,0.0323276930742252
0.8,TS_oracle,0.0587896266273527
0.8,TS_oracle,0.0410280885837068
0.8,TS_oracle,0.0375922637687001
0.8,TS_oracle,0.0405619853992927
0.8,TS_oracle,0.0387225561840673
0.8,TS_oracle,0.046689740092636
0.8,TS_oracle,0.0366015017338185
0.8,TS_oracle,0.0657419103634252
0.8,TS_oracle,0.0397732875661741
0.8,TS_oracle,0.0337379960773847
0.8,TS_oracle,0.0701680988874186
0.8,TS_oracle,0.0204989104404342
0.8,TS_oracle,0.0576329176863272
0.8,TS_oracle,0.0537232633004938
0.8,TS_oracle,0.035774076155994
0.8,TS_oracle,0.0479314539078138
0.8,TS_oracle,0.0389045777224289
0.8,TS_oracle,0.0454065003964205
0.8,TS_oracle,0.0874770054673081
0.8,TS_oracle,0.059153911159584
0.8,TS_oracle,0.048944626435004
0.8,TS_oracle,0.0440559160974191
0.8,TS_oracle,0.0792478963340797
0.8,TS_oracle,0.0517412940019061
0.8,TS_oracle,0.0490066864911302
0.8,TS_oracle,0.0568820205288952
0.8,TS_oracle,0.0371916671265244
0.8,TS_oracle,0.0525876762671355
0.8,TS_oracle,0.0822542168418893
0.8,TS_oracle,0.0588507199680655
0.8,TS_oracle,0.06509045939843
0.8,TS_oracle,0.041608514198016
0.8,TS_oracle,0.105366430334849
0.8,TS_oracle,0.0379478759554589
0.8,TS_oracle,0.0318939874599127
0.8,TS_oracle,0.0581478354079396
0.8,TS_oracle,0.0456326342891129
0.8,TS_oracle,0.0670237552306551
0.8,TS_oracle,0.0289180052837028
0.8,TS_oracle,0.0700934154104525
0.8,TS_oracle,0.0472824402479427
0.8,TS_oracle,0.0539379438890254
0.8,TS_oracle,0.0612167346153364
0.8,TS_oracle,0.0557662221583136
0.8,TS_oracle,0.0330885904224128
0.8,TS_oracle,0.0320284474666821
0.8,TS_oracle,0.0539681546106577
0.8,TS_oracle,0.0439740832840107
0.8,TS_oracle,0.0748315241685739
0.8,TS_oracle,0.0321862002861925
0.8,TS_oracle,0.0350303441087594
0.8,TS_oracle,0.0372531051364073
0.8,TS_oracle,0.0463247683090009
0.8,TS_oracle,0.0322154852809035
0.8,TS_oracle,0.0464612100004122
0.8,TS_oracle,0.0344786897236997
0.8,TS_oracle,0.0580579949300815
0.8,TS_oracle,0.0410883041255286
0.8,TS_oracle,0.0353302774221823
0.8,TS_oracle,0.0421113536689065
0.8,TS_oracle,0.0737512672151534
0.8,TS_oracle,0.0344545657844778
0.8,TS_oracle,0.067404980435965
0.8,TS_oracle,0.0372021828718194
0.8,TS_oracle,0.0517851889552785
0.8,TS_oracle,0.0680207734658832
0.8,TS_oracle,0.0449725577339132
0.8,TS_oracle,0.0216715112038107
0.8,TS_oracle,0.0637959771576941
0.8,TS_oracle,0.0332518720726916
0.8,TS_oracle,0.0384241245937472
0.8,TS_oracle,0.0614719019529801
0.8,TS_oracle,0.0490114673415239
0.8,TS_oracle,0.052743082624208
0.8,TS_oracle,0.0359402177734521
0.8,TS_oracle,0.0457990429794207
0.8,TS_oracle,0.0535238913631812
0.8,TS_oracle,0.0421721879367369
0.8,TS_oracle,0.0427259156843345
0.8,TS_oracle,0.0567473902870003
0.8,TS_oracle,0.0355987108890115
0.8,TS_oracle,0.0363510859355732
0.8,TS_oracle,0.0556768200107421
0.8,TS_oracle,0.0703277551652263
0.8,TS_oracle,0.0391203871942343
0.8,TS_oracle,0.0276039951893828
0.8,TS_oracle,0.106502782678735
0.8,TS_oracle,0.0630438994536344
0.8,TS_oracle,0.0328621907275821
0.8,TS_oracle,0.035587233333941
0.8,TS_oracle,0.0341927083189799
0.8,TS_oracle,0.0276792733624813
0.8,TS_oracle,0.053186090451946
0.8,TS_oracle,0.0318171210526397
0.8,TS_oracle,0.0520087409955635
0.8,TS_oracle,0.0522858267118981
0.8,TS_oracle,0.0481274253845669
0.8,TS_oracle,0.0376873734996381
0.8,TS_oracle,0.0428144435317408
0.8,TS_oracle,0.02643552348315
0.8,TS_oracle,0.0566463168316938
0.8,TS_oracle,0.0660864947492342
0.8,TS_oracle,0.0526595028981432
0.8,TS_oracle,0.0514397797119164
0.8,TS_oracle,0.0433611447479972
0.8,TS_oracle,0.0331467882355854
0.8,TS_oracle,0.0389014953594516
0.8,TS_oracle,0.0614728109048337
0.8,TS_oracle,0.0499290543177048
0.8,TS_oracle,0.0415849858055852
0.8,TS_oracle,0.0590576202162176
0.8,TS_oracle,0.0245482393743115
0.8,TS_oracle,0.0599334778593968
0.8,TS_oracle,0.0581416118066489
0.8,TS_oracle,0.0470775055592524
0.8,TS_oracle,0.0658112427313688
0.8,TS_oracle,0.0290494288978443
0.8,TS_oracle,0.0590112976100609
0.8,TS_oracle,0.0508585802506575
0.8,TS_oracle,0.0373658839655145
0.8,TS_oracle,0.0549191288474049
0.8,TS_oracle,0.0473544778695372
0.8,TS_oracle,0.0377923969400224
0.8,TS_oracle,0.038824710181001
0.8,TS_oracle,0.067567836422228
0.8,TS_oracle,0.0515023169748478
0.8,TS_oracle,0.0916671420574348
0.9,PLS,0.0461103915666796
0.9,PLS,0.0497827742105804
0.9,PLS,0.0451139585260979
0.9,PLS,0.0861049555107461
0.9,PLS,0.0450131901406221
0.9,PLS,0.0418942893231161
0.9,PLS,0.0379378070576824
0.9,PLS,0.0510676882876537
0.9,PLS,0.0877595633265613
0.9,PLS,0.0396471684041263
0.9,PLS,0.0555519370875807
0.9,PLS,0.0600136724562048
0.9,PLS,0.0608497181944071
0.9,PLS,0.0967817354627982
0.9,PLS,0.0643616464522096
0.9,PLS,0.0545073755804103
0.9,PLS,0.0388374730305602
0.9,PLS,0.0742855555783728
0.9,PLS,0.0595722432923888
0.9,PLS,0.0429856113022295
0.9,PLS,0.0698470807414021
0.9,PLS,0.0410147400982276
0.9,PLS,0.0375321456774388
0.9,PLS,0.0789009218972453
0.9,PLS,0.035553769021226
0.9,PLS,0.0262360408368638
0.9,PLS,0.0580823054935581
0.9,PLS,0.0599980828037458
0.9,PLS,0.0592036161649728
0.9,PLS,0.0584841654610018
0.9,PLS,0.02702959733732
0.9,PLS,0.0860150874554699
0.9,PLS,0.0355259837860817
0.9,PLS,0.0506656531218008
0.9,PLS,0.079823535742722
0.9,PLS,0.0399352337256867
0.9,PLS,0.0453128634862103
0.9,PLS,0.0539499236304333
0.9,PLS,0.052183110042703
0.9,PLS,0.0655154490041963
0.9,PLS,0.0511018413399831
0.9,PLS,0.117646993663887
0.9,PLS,0.14932676640649
0.9,PLS,0.0765873871614946
0.9,PLS,0.0661399803816688
0.9,PLS,0.0536042474308735
0.9,PLS,0.038195980105063
0.9,PLS,0.0535795541213639
0.9,PLS,0.0480147814826947
0.9,PLS,0.0764177141602805
0.9,PLS,0.0848020937909542
0.9,PLS,0.0831479419250959
0.9,PLS,0.0602388970099385
0.9,PLS,0.0366912204326766
0.9,PLS,0.0451076566020865
0.9,PLS,0.0348467214811345
0.9,PLS,0.0672240942427368
0.9,PLS,0.0588921333691628
0.9,PLS,0.0417878788219608
0.9,PLS,0.0392234145647348
0.9,PLS,0.0683973638843352
0.9,PLS,0.0525499626415185
0.9,PLS,0.0585583112827975
0.9,PLS,0.0743437502353081
0.9,PLS,0.0639090383388529
0.9,PLS,0.0495486332624864
0.9,PLS,0.0808597298995897
0.9,PLS,0.0356179294513041
0.9,PLS,0.0758381171947698
0.9,PLS,0.06966205274908
0.9,PLS,0.027921209911692
0.9,PLS,0.0860895113457421
0.9,PLS,0.0591159152047554
0.9,PLS,0.0554406882043252
0.9,PLS,0.0520585413483607
0.9,PLS,0.0635718946169825
0.9,PLS,0.0299800328313601
0.9,PLS,0.0334323756209852
0.9,PLS,0.0548820652274663
0.9,PLS,0.0754174682455505
0.9,PLS,0.0340653352941979
0.9,PLS,0.0868484859375905
0.9,PLS,0.0846195509221535
0.9,PLS,0.0568497092199388
0.9,PLS,0.0518833242476412
0.9,PLS,0.0753938064971036
0.9,PLS,0.0510932373082261
0.9,PLS,0.0145837971469306
0.9,PLS,0.0805282391927789
0.9,PLS,0.0369626176413631
0.9,PLS,0.0428512307662664
0.9,PLS,0.0849562911501627
0.9,PLS,0.0762302792634245
0.9,PLS,0.182588342066754
0.9,PLS,0.0381181659873684
0.9,PLS,0.0367357577543847
0.9,PLS,0.0480547570166688
0.9,PLS,0.0364628450352825
0.9,PLS,0.0556358677479993
0.9,PLS,0.0632281992146639
0.9,PLS,0.054257399969874
0.9,PLS,0.0331029095818288
0.9,PLS,0.0354446615042003
0.9,PLS,0.0397105748123482
0.9,PLS,0.0685145935462732
0.9,PLS,0.0514826666063656
0.9,PLS,0.0418863700015203
0.9,PLS,0.0479411797184199
0.9,PLS,0.0656326867361153
0.9,PLS,0.0742803935019735
0.9,PLS,0.0551957261613118
0.9,PLS,0.0500150018851382
0.9,PLS,0.0279417147036395
0.9,PLS,0.0462110391929399
0.9,PLS,0.0519988119052349
0.9,PLS,0.0566881530802877
0.9,PLS,0.0775896679781705
0.9,PLS,0.0491009755156842
0.9,PLS,0.0432795837824146
0.9,PLS,0.0988099092322028
0.9,PLS,0.101346828919832
0.9,PLS,0.0565744407192637
0.9,PLS,0.0549435847950339
0.9,PLS,0.0746629443320198
0.9,PLS,0.0829593341766673
0.9,PLS,0.0752427509189293
0.9,PLS,0.0656745457417871
0.9,PLS,0.0712503481603519
0.9,PLS,0.0662074517528647
0.9,PLS,0.0673902494382267
0.9,PLS,0.113918067910441
0.9,PLS,0.0524632461218545
0.9,PLS,0.0412893737011846
0.9,PLS,0.103165063592323
0.9,PLS,0.0478147896101126
0.9,PLS,0.0639568845358062
0.9,PLS,0.0633714480770783
0.9,PLS,0.0692559921612561
0.9,PLS,0.057674972172819
0.9,PLS,0.0866865100334789
0.9,PLS,0.0284833785758296
0.9,PLS,0.0646466873726425
0.9,PLS,0.0969348165757652
0.9,PLS,0.0350320771594407
0.9,PLS,0.0341668792502925
0.9,PLS,0.0586005510470365
0.9,PLS,0.0215142527917011
0.9,PLS,0.0661056782480125
0.9,PLS,0.0212635895314904
0.9,PLS,0.102344354246366
0.9,PLS,0.045164522533444
0.9,PLS,0.0575837947135113
0.9,PLS,0.0383010382614415
0.9,PLS,0.0649721202846772
0.9,PLS,0.0606980773744673
0.9,PLS,0.0358436009890991
0.9,PLS,0.0372649269944343
0.9,PLS,0.0765713766737619
0.9,PLS,0.0864534901945672
0.9,PLS,0.0951780872258129
0.9,PLS,0.0401256097251647
0.9,PLS,0.114972823632196
0.9,PLS,0.0704598112872232
0.9,PLS,0.0315252279788126
0.9,PLS,0.0525052467226665
0.9,PLS,0.0270302202228795
0.9,PLS,0.0764410283930006
0.9,PLS,0.0420248436761949
0.9,PLS,0.0624839312654668
0.9,PLS,0.0230325522302509
0.9,PLS,0.0595716835964552
0.9,PLS,0.0670424348821398
0.9,PLS,0.0959618195180666
0.9,PLS,0.0829134933935378
0.9,PLS,0.0289801253875299
0.9,PLS,0.0546898659376076
0.9,PLS,0.0876110966150273
0.9,PLS,0.0342539871647462
0.9,PLS,0.066031306645112
0.9,PLS,0.0421585968568097
0.9,PLS,0.0869107868922627
0.9,PLS,0.0428572377787226
0.9,PLS,0.0442264757975837
0.9,PLS,0.0982468543024999
0.9,PLS,0.113122468999055
0.9,PLS,0.0682664776260732
0.9,PLS,0.0630514044287242
0.9,PLS,0.059980344396278
0.9,PLS,0.0499282983663302
0.9,PLS,0.0436497279076476
0.9,PLS,0.0564973665733459
0.9,PLS,0.071728982179553
0.9,PLS,0.0587542490248307
0.9,PLS,0.0502905198905962
0.9,PLS,0.037084401620275
0.9,PLS,0.053903077498821
0.9,PLS,0.0590347468837436
0.9,PLS,0.0485140541330238
0.9,PLS,0.0295869897800836
0.9,PLS,0.0266778618654969
0.9,fTS,0.0365292479347482
0.9,fTS,0.0433862235548064
0.9,fTS,0.0599202330006371
0.9,fTS,0.0636459110905676
0.9,fTS,0.0423589146640912
0.9,fTS,0.0373887351800415
0.9,fTS,0.0378022698599969
0.9,fTS,0.0499102511315839
0.9,fTS,0.0601503309126997
0.9,fTS,0.0338968475666946
0.9,fTS,0.051896075738399
0.9,fTS,0.0444589466437235
0.9,fTS,0.0342611564134508
0.9,fTS,0.0599812890037546
0.9,fTS,0.04604295111598
0.9,fTS,0.0247496547266301
0.9,fTS,0.0291331210891514
0.9,fTS,0.033565973174328
0.9,fTS,0.0352564618434782
0.9,fTS,0.0324475258015967
0.9,fTS,0.0354476737079985
0.9,fTS,0.0433022474324204
0.9,fTS,0.0272287214833866
0.9,fTS,0.0440313636714256
0.9,fTS,0.0271350318601893
0.9,fTS,0.0263522050723245
0.9,fTS,0.0343800783960149
0.9,fTS,0.0531653512086019
0.9,fTS,0.0309660131493618
0.9,fTS,0.0617841384182957
0.9,fTS,0.0298980261019054
0.9,fTS,0.0699914583411319
0.9,fTS,0.0297764177904312
0.9,fTS,0.0354539105514797
0.9,fTS,0.0480824083835464
0.9,fTS,0.0258006619992728
0.9,fTS,0.0587610880137459
0.9,fTS,0.0529269796557681
0.9,fTS,0.046558309287839
0.9,fTS,0.0439861628760864
0.9,fTS,0.0288367345718218
0.9,fTS,0.0638853400150424
0.9,fTS,0.0444203213021444
0.9,fTS,0.037421177929851
0.9,fTS,0.0557019175354124
0.9,fTS,0.0419249338490539
0.9,fTS,0.0335259999027559
0.9,fTS,0.051626821284271
0.9,fTS,0.0337209693903542
0.9,fTS,0.0677190941510379
0.9,fTS,0.0507371598282816
0.9,fTS,0.0566883012778334
0.9,fTS,0.042269327304145
0.9,fTS,0.0421418140332293
0.9,fTS,0.0309788417112963
0.9,fTS,0.0329756199834091
0.9,fTS,0.0402657532158653
0.9,fTS,0.0371808211922134
0.9,fTS,0.0424348967650824
0.9,fTS,0.0388560255206767
0.9,fTS,0.0588398293162513
0.9,fTS,0.0463794303113267
0.9,fTS,0.0541456529304709
0.9,fTS,0.0510324720339684
0.9,fTS,0.0459359253505338
0.9,fTS,0.0546344940905132
0.9,fTS,0.0727448022944497
0.9,fTS,0.0392241376230485
0.9,fTS,0.077039641466148
0.9,fTS,0.0669814211870728
0.9,fTS,0.0237218536435346
0.9,fTS,0.0468908686861117
0.9,fTS,0.0375990337681032
0.9,fTS,0.0558970264424446
0.9,fTS,0.0495186860005871
0.9,fTS,0.0518654393845102
0.9,fTS,0.0464843475450916
0.9,fTS,0.0291180994262454
0.9,fTS,0.0426895131843626
0.9,fTS,0.0371639643779041
0.9,fTS,0.0276969214429763
0.9,fTS,0.0307103871318781
0.9,fTS,0.0596392495836477
0.9,fTS,0.0476531807759898
0.9,fTS,0.0266824473526086
0.9,fTS,0.0513378240740072
0.9,fTS,0.0286746654515106
0.9,fTS,0.012864766470316
0.9,fTS,0.0514912351504795
0.9,fTS,0.0273019181220913
0.9,fTS,0.0250063625208042
0.9,fTS,0.0720638058829151
0.9,fTS,0.0398486018144969
0.9,fTS,0.0315800378538843
0.9,fTS,0.0415112538471636
0.9,fTS,0.0451407164125841
0.9,fTS,0.0509666114141116
0.9,fTS,0.0391037778584828
0.9,fTS,0.0298679590335159
0.9,fTS,0.0481406025721478
0.9,fTS,0.0341191606527003
0.9,fTS,0.0429465819906124
0.9,fTS,0.039590333767293
0.9,fTS,0.0372529201932537
0.9,fTS,0.0641301766566678
0.9,fTS,0.0449645082610207
0.9,fTS,0.0411154027773871
0.9,fTS,0.0242870244055589
0.9,fTS,0.0314268206676092
0.9,fTS,0.032485242415977
0.9,fTS,0.0195358954857519
0.9,fTS,0.0544939270270237
0.9,fTS,0.0354266301991806
0.9,fTS,0.0533276283741706
0.9,fTS,0.0576759696290565
0.9,fTS,0.0349713529252912
0.9,fTS,0.0355012399060221
0.9,fTS,0.0309755520887278
0.9,fTS,0.0409453691537667
0.9,fTS,0.0655808006163379
0.9,fTS,0.0724734844038752
0.9,fTS,0.0503780290542146
0.9,fTS,0.0438411143993796
0.9,fTS,0.0345940211490898
0.9,fTS,0.0464305212203053
0.9,fTS,0.0130906184337381
0.9,fTS,0.0290932437299926
0.9,fTS,0.0664924136610935
0.9,fTS,0.0455298384757098
0.9,fTS,0.0499645459703916
0.9,fTS,0.0564288005450478
0.9,fTS,0.0432353230563264
0.9,fTS,0.0595541786193929
0.9,fTS,0.0405965067971841
0.9,fTS,0.040598212278259
0.9,fTS,0.0389644710214355
0.9,fTS,0.0549912031205537
0.9,fTS,0.0296615616937678
0.9,fTS,0.0324220310399625
0.9,fTS,0.0285524359368316
0.9,fTS,0.038030037693466
0.9,fTS,0.048422066915792
0.9,fTS,0.0603870742055861
0.9,fTS,0.0357471741417104
0.9,fTS,0.0228830811411872
0.9,fTS,0.0389259689706961
0.9,fTS,0.0245331497320075
0.9,fTS,0.0383706149610522
0.9,fTS,0.0202854704615262
0.9,fTS,0.0654888289295242
0.9,fTS,0.0495656353438604
0.9,fTS,0.0425820956072155
0.9,fTS,0.0379240634625517
0.9,fTS,0.0377460862047186
0.9,fTS,0.0422846356394126
0.9,fTS,0.0391579379415766
0.9,fTS,0.0330512470069895
0.9,fTS,0.0483208923244791
0.9,fTS,0.0567933577452916
0.9,fTS,0.0732634510709097
0.9,fTS,0.0323535803090488
0.9,fTS,0.0666045343769726
0.9,fTS,0.0520216430208958
0.9,fTS,0.0395043072254085
0.9,fTS,0.0500045334875928
0.9,fTS,0.0342870447983327
0.9,fTS,0.0562433978836098
0.9,fTS,0.0457347308646917
0.9,fTS,0.0540475890428236
0.9,fTS,0.0256687069267519
0.9,fTS,0.0391076960986642
0.9,fTS,0.059742321247958
0.9,fTS,0.0437288873690207
0.9,fTS,0.0452426569896993
0.9,fTS,0.030577911543905
0.9,fTS,0.0357419170590282
0.9,fTS,0.042167125928613
0.9,fTS,0.0383827833381519
0.9,fTS,0.0396628797613854
0.9,fTS,0.0361219894918774
0.9,fTS,0.0496276956373498
0.9,fTS,0.0298238801174639
0.9,fTS,0.0483437670265468
0.9,fTS,0.0569533375182015
0.9,fTS,0.0444272709533678
0.9,fTS,0.0400765493208769
0.9,fTS,0.0371873902618726
0.9,fTS,0.0447167260519968
0.9,fTS,0.0452238685229312
0.9,fTS,0.0305870673561609
0.9,fTS,0.0344263456879175
0.9,fTS,0.0527596837004965
0.9,fTS,0.0528892263081574
0.9,fTS,0.0494364519940635
0.9,fTS,0.0328519513641522
0.9,fTS,0.0410558435572507
0.9,fTS,0.056063937182721
0.9,fTS,0.0318727353803939
0.9,fTS,0.0358587332847129
0.9,fTS,0.0445000274734845
0.9,LS_oracle,0.0460578438273162
0.9,LS_oracle,0.0498105801264193
0.9,LS_oracle,0.0450836342778113
0.9,LS_oracle,0.0861575104132846
0.9,LS_oracle,0.0450103015251848
0.9,LS_oracle,0.0416010632872586
0.9,LS_oracle,0.037937551531836
0.9,LS_oracle,0.0510706863542951
0.9,LS_oracle,0.087445981862586
0.9,LS_oracle,0.0397659185301695
0.9,LS_oracle,0.0558002256939809
0.9,LS_oracle,0.0600397287131656
0.9,LS_oracle,0.0608954082438221
0.9,LS_oracle,0.0967676351671961
0.9,LS_oracle,0.0643737605303417
0.9,LS_oracle,0.0544424160639803
0.9,LS_oracle,0.0387845873382146
0.9,LS_oracle,0.0743676963780196
0.9,LS_oracle,0.0595253709327806
0.9,LS_oracle,0.0429899611884888
0.9,LS_oracle,0.0698351593394997
0.9,LS_oracle,0.0409512494976487
0.9,LS_oracle,0.0375015838198071
0.9,LS_oracle,0.0788513494555652
0.9,LS_oracle,0.0355789731478038
0.9,LS_oracle,0.026110233644434
0.9,LS_oracle,0.0579704010446649
0.9,LS_oracle,0.0598532035815128
0.9,LS_oracle,0.0593076579551085
0.9,LS_oracle,0.0584196958817997
0.9,LS_oracle,0.0271210794683191
0.9,LS_oracle,0.0862212298724024
0.9,LS_oracle,0.0355357609422909
0.9,LS_oracle,0.0506735005398563
0.9,LS_oracle,0.0798623686340925
0.9,LS_oracle,0.0398367330069873
0.9,LS_oracle,0.0452728244919493
0.9,LS_oracle,0.0533739694883458
0.9,LS_oracle,0.0523756166776664
0.9,LS_oracle,0.0655601920558849
0.9,LS_oracle,0.05100619638546
0.9,LS_oracle,0.117631833752014
0.9,LS_oracle,0.149340523119346
0.9,LS_oracle,0.0761892547203603
0.9,LS_oracle,0.0663006281195357
0.9,LS_oracle,0.0536125993024428
0.9,LS_oracle,0.0383254029512718
0.9,LS_oracle,0.0530343107211933
0.9,LS_oracle,0.0478295007991556
0.9,LS_oracle,0.0767003453980181
0.9,LS_oracle,0.0848031283021076
0.9,LS_oracle,0.0833084188940101
0.9,LS_oracle,0.062558623682813
0.9,LS_oracle,0.0365186723148661
0.9,LS_oracle,0.0451131566788504
0.9,LS_oracle,0.034849660912479
0.9,LS_oracle,0.0678183301994903
0.9,LS_oracle,0.0589459068751399
0.9,LS_oracle,0.0417635470040921
0.9,LS_oracle,0.0391915626603582
0.9,LS_oracle,0.0681915713690907
0.9,LS_oracle,0.0525723694976981
0.9,LS_oracle,0.0586086061334405
0.9,LS_oracle,0.0745331378956317
0.9,LS_oracle,0.0639709973972715
0.9,LS_oracle,0.0494865957671134
0.9,LS_oracle,0.0806215218412983
0.9,LS_oracle,0.0357582566099955
0.9,LS_oracle,0.0754961755054564
0.9,LS_oracle,0.0697447295127654
0.9,LS_oracle,0.0278772562280222
0.9,LS_oracle,0.0863286336372795
0.9,LS_oracle,0.0589337714384542
0.9,LS_oracle,0.0553480442269522
0.9,LS_oracle,0.0520298656875699
0.9,LS_oracle,0.0635372129125485
0.9,LS_oracle,0.0297988494192427
0.9,LS_oracle,0.033489996677953
0.9,LS_oracle,0.054899933039744
0.9,LS_oracle,0.0766893039710664
0.9,LS_oracle,0.0341542182118633
0.9,LS_oracle,0.0869293645721989
0.9,LS_oracle,0.0846291349355227
0.9,LS_oracle,0.0568001250567825
0.9,LS_oracle,0.0519257698719268
0.9,LS_oracle,0.0753962750170873
0.9,LS_oracle,0.0510777013843217
0.9,LS_oracle,0.0145078704603353
0.9,LS_oracle,0.0802092264605971
0.9,LS_oracle,0.0372189320558361
0.9,LS_oracle,0.0431299698932095
0.9,LS_oracle,0.0849569567792351
0.9,LS_oracle,0.0761411629638132
0.9,LS_oracle,0.182430595528993
0.9,LS_oracle,0.0380658327306991
0.9,LS_oracle,0.036693439414317
0.9,LS_oracle,0.0480915204308109
0.9,LS_oracle,0.0364666991511991
0.9,LS_oracle,0.0555711558602158
0.9,LS_oracle,0.0631941089380501
0.9,LS_oracle,0.0542123759329462
0.9,LS_oracle,0.0331048095537466
0.9,LS_oracle,0.0354842735645236
0.9,LS_oracle,0.0398537554476494
0.9,LS_oracle,0.0685203449740829
0.9,LS_oracle,0.0514843513263842
0.9,LS_oracle,0.0418953794341346
0.9,LS_oracle,0.0478933688358506
0.9,LS_oracle,0.065584170709116
0.9,LS_oracle,0.0733742058392527
0.9,LS_oracle,0.0547815076636403
0.9,LS_oracle,0.0501255786187171
0.9,LS_oracle,0.0279436574380976
0.9,LS_oracle,0.0461724961004677
0.9,LS_oracle,0.051990858823837
0.9,LS_oracle,0.0565242204250916
0.9,LS_oracle,0.077602013386867
0.9,LS_oracle,0.0491896821345089
0.9,LS_oracle,0.0432219455374121
0.9,LS_oracle,0.0986294245517508
0.9,LS_oracle,0.101379005362823
0.9,LS_oracle,0.0561162555385747
0.9,LS_oracle,0.0549379511629472
0.9,LS_oracle,0.075829457896065
0.9,LS_oracle,0.0834736652908163
0.9,LS_oracle,0.072947275875446
0.9,LS_oracle,0.0653472520664388
0.9,LS_oracle,0.0708802311124759
0.9,LS_oracle,0.0661814434560501
0.9,LS_oracle,0.0673394720436611
0.9,LS_oracle,0.114397662472645
0.9,LS_oracle,0.0524640460238879
0.9,LS_oracle,0.0411805193288822
0.9,LS_oracle,0.102244352890493
0.9,LS_oracle,0.0478428871795478
0.9,LS_oracle,0.0641048432857724
0.9,LS_oracle,0.0632679206138018
0.9,LS_oracle,0.0708578334549102
0.9,LS_oracle,0.0576372587363745
0.9,LS_oracle,0.0862956223210499
0.9,LS_oracle,0.0285468066232388
0.9,LS_oracle,0.0641891324567157
0.9,LS_oracle,0.0969102423644835
0.9,LS_oracle,0.0350463903103659
0.9,LS_oracle,0.0344689138897076
0.9,LS_oracle,0.0585908791039836
0.9,LS_oracle,0.0215388456668612
0.9,LS_oracle,0.0661164373431301
0.9,LS_oracle,0.0213239623810634
0.9,LS_oracle,0.102309625857532
0.9,LS_oracle,0.0451060507760563
0.9,LS_oracle,0.0576037643425332
0.9,LS_oracle,0.0382995173712554
0.9,LS_oracle,0.0644365392198494
0.9,LS_oracle,0.0608174064752076
0.9,LS_oracle,0.0359385875554841
0.9,LS_oracle,0.037281019168015
0.9,LS_oracle,0.0762877227935005
0.9,LS_oracle,0.0864538223999459
0.9,LS_oracle,0.0951499688193648
0.9,LS_oracle,0.0401730825989859
0.9,LS_oracle,0.115250254876707
0.9,LS_oracle,0.0704642533795123
0.9,LS_oracle,0.0317783738983126
0.9,LS_oracle,0.0525024002450433
0.9,LS_oracle,0.0270369487414191
0.9,LS_oracle,0.0764822581038289
0.9,LS_oracle,0.0420567528116919
0.9,LS_oracle,0.0623623637200962
0.9,LS_oracle,0.0230338434069385
0.9,LS_oracle,0.0595660372189168
0.9,LS_oracle,0.0670728102269263
0.9,LS_oracle,0.0959196972679441
0.9,LS_oracle,0.0832680998019334
0.9,LS_oracle,0.0291344508800502
0.9,LS_oracle,0.0547042584200446
0.9,LS_oracle,0.0882054364494139
0.9,LS_oracle,0.034194284631074
0.9,LS_oracle,0.066293932627561
0.9,LS_oracle,0.0418840967037603
0.9,LS_oracle,0.0861741988696806
0.9,LS_oracle,0.0427776128066573
0.9,LS_oracle,0.0438846257705617
0.9,LS_oracle,0.0983339236231194
0.9,LS_oracle,0.113290625044497
0.9,LS_oracle,0.0680208230830205
0.9,LS_oracle,0.0630502805123322
0.9,LS_oracle,0.0596676826193597
0.9,LS_oracle,0.0497655584295341
0.9,LS_oracle,0.0436330855884401
0.9,LS_oracle,0.0564916304498169
0.9,LS_oracle,0.0717218775930016
0.9,LS_oracle,0.0597907819696788
0.9,LS_oracle,0.0504109133367201
0.9,LS_oracle,0.037183406367425
0.9,LS_oracle,0.0539738391817964
0.9,LS_oracle,0.059371674497089
0.9,LS_oracle,0.0487010941332751
0.9,LS_oracle,0.0295973358375458
0.9,LS_oracle,0.026712757726719
0.9,TS_oracle,0.0365231839801569
0.9,TS_oracle,0.0433270862953719
0.9,TS_oracle,0.0599299595431363
0.9,TS_oracle,0.0636965835877914
0.9,TS_oracle,0.0423560369960179
0.9,TS_oracle,0.0373925171633041
0.9,TS_oracle,0.0378021067812429
0.9,TS_oracle,0.0498854882877921
0.9,TS_oracle,0.0601473516433455
0.9,TS_oracle,0.033944650499375
0.9,TS_oracle,0.0511364489474958
0.9,TS_oracle,0.0444640621032864
0.9,TS_oracle,0.0342542849942781
0.9,TS_oracle,0.0599836677092463
0.9,TS_oracle,0.0460424508475887
0.9,TS_oracle,0.0247524235749428
0.9,TS_oracle,0.0291100655194134
0.9,TS_oracle,0.0335495088507287
0.9,TS_oracle,0.0352953256645337
0.9,TS_oracle,0.0324480188327264
0.9,TS_oracle,0.0354553005823074
0.9,TS_oracle,0.0432279499456336
0.9,TS_oracle,0.0272423699647219
0.9,TS_oracle,0.0440233089196121
0.9,TS_oracle,0.0271679036794645
0.9,TS_oracle,0.0263509821427204
0.9,TS_oracle,0.0343838024432719
0.9,TS_oracle,0.0531764690381926
0.9,TS_oracle,0.0309648630719769
0.9,TS_oracle,0.061784317128911
0.9,TS_oracle,0.029924079606597
0.9,TS_oracle,0.0698397674060145
0.9,TS_oracle,0.0297878489530611
0.9,TS_oracle,0.0354694623000818
0.9,TS_oracle,0.0481928051577299
0.9,TS_oracle,0.0258030633316769
0.9,TS_oracle,0.0587800909706674
0.9,TS_oracle,0.0530111890306594
0.9,TS_oracle,0.046550079405118
0.9,TS_oracle,0.0439811989054579
0.9,TS_oracle,0.0288713310550566
0.9,TS_oracle,0.0638728376186844
0.9,TS_oracle,0.0444173558391758
0.9,TS_oracle,0.0374894284777562
0.9,TS_oracle,0.0557398698710853
0.9,TS_oracle,0.0419306964178777
0.9,TS_oracle,0.0335180484347481
0.9,TS_oracle,0.0516421689231751
0.9,TS_oracle,0.0336536748816983
0.9,TS_oracle,0.0677074653138851
0.9,TS_oracle,0.0507322358618578
0.9,TS_oracle,0.0567314138570737
0.9,TS_oracle,0.042251182162163
0.9,TS_oracle,0.0421183093149316
0.9,TS_oracle,0.0309634104936089
0.9,TS_oracle,0.0329651370457212
0.9,TS_oracle,0.040266303260611
0.9,TS_oracle,0.037183409837573
0.9,TS_oracle,0.0424458493451858
0.9,TS_oracle,0.0388461109612216
0.9,TS_oracle,0.0588430210182716
0.9,TS_oracle,0.046379118319348
0.9,TS_oracle,0.0541372713670361
0.9,TS_oracle,0.0510058885243733
0.9,TS_oracle,0.0459340095491185
0.9,TS_oracle,0.0546290474188779
0.9,TS_oracle,0.0727229137070028
0.9,TS_oracle,0.0392017522187177
0.9,TS_oracle,0.0769965998198685
0.9,TS_oracle,0.0655187601718308
0.9,TS_oracle,0.0237349176220535
0.9,TS_oracle,0.047084692685124
0.9,TS_oracle,0.0375983236038266
0.9,TS_oracle,0.0558817110704274
0.9,TS_oracle,0.0495252709572505
0.9,TS_oracle,0.0518646966596203
0.9,TS_oracle,0.0463941632878936
0.9,TS_oracle,0.0291649991900057
0.9,TS_oracle,0.0425229762389293
0.9,TS_oracle,0.0371717816943559
0.9,TS_oracle,0.0276945717146178
0.9,TS_oracle,0.0307083393783253
0.9,TS_oracle,0.0596686280729947
0.9,TS_oracle,0.0476488148253551
0.9,TS_oracle,0.0266945558625811
0.9,TS_oracle,0.0512866032450395
0.9,TS_oracle,0.0297395967139094
0.9,TS_oracle,0.0128603969659785
0.9,TS_oracle,0.0517747543955259
0.9,TS_oracle,0.0273252020289139
0.9,TS_oracle,0.0250036921269742
0.9,TS_oracle,0.071740640846271
0.9,TS_oracle,0.0398686407488159
0.9,TS_oracle,0.0315924091774907
0.9,TS_oracle,0.041555131514227
0.9,TS_oracle,0.044749413553461
0.9,TS_oracle,0.0509533828188297
0.9,TS_oracle,0.0391036524602335
0.9,TS_oracle,0.0298658679352701
0.9,TS_oracle,0.0481498358151042
0.9,TS_oracle,0.0341481674627589
0.9,TS_oracle,0.0423233895320673
0.9,TS_oracle,0.0395782360627146
0.9,TS_oracle,0.0372592516252394
0.9,TS_oracle,0.0641301275141065
0.9,TS_oracle,0.0449629292710727
0.9,TS_oracle,0.0413700698165916
0.9,TS_oracle,0.0243229023863588
0.9,TS_oracle,0.0314271154109333
0.9,TS_oracle,0.0321624081126177
0.9,TS_oracle,0.0192294012090033
0.9,TS_oracle,0.0544802276084004
0.9,TS_oracle,0.0353927343861499
0.9,TS_oracle,0.0533189334004192
0.9,TS_oracle,0.0576560341281787
0.9,TS_oracle,0.0349864151838948
0.9,TS_oracle,0.0355218573267792
0.9,TS_oracle,0.030974582175456
0.9,TS_oracle,0.0409397018872341
0.9,TS_oracle,0.0655229801485423
0.9,TS_oracle,0.072472506321525
0.9,TS_oracle,0.0503169338190137
0.9,TS_oracle,0.0439085123712848
0.9,TS_oracle,0.0345937969265919
0.9,TS_oracle,0.0464268567570765
0.9,TS_oracle,0.0130929483664944
0.9,TS_oracle,0.029093182098018
0.9,TS_oracle,0.0665879905932682
0.9,TS_oracle,0.0455339596184721
0.9,TS_oracle,0.0499621102441968
0.9,TS_oracle,0.0564341665507307
0.9,TS_oracle,0.0432438196527003
0.9,TS_oracle,0.0606989730147737
0.9,TS_oracle,0.0405980327630818
0.9,TS_oracle,0.0406374152970145
0.9,TS_oracle,0.0389558159503565
0.9,TS_oracle,0.0550211316019246
0.9,TS_oracle,0.0296838692439198
0.9,TS_oracle,0.0324463714938714
0.9,TS_oracle,0.0284821554560626
0.9,TS_oracle,0.0380226703140845
0.9,TS_oracle,0.0485673575861746
0.9,TS_oracle,0.0603907382149452
0.9,TS_oracle,0.0357432084994515
0.9,TS_oracle,0.0228824777589187
0.9,TS_oracle,0.0389181564290523
0.9,TS_oracle,0.0245283245490763
0.9,TS_oracle,0.0383866125513432
0.9,TS_oracle,0.0212128777464341
0.9,TS_oracle,0.0655187407970336
0.9,TS_oracle,0.0496887080715565
0.9,TS_oracle,0.0426062485716011
0.9,TS_oracle,0.0379474036403511
0.9,TS_oracle,0.0377590055681679
0.9,TS_oracle,0.0422797286212948
0.9,TS_oracle,0.0390704374964166
0.9,TS_oracle,0.0330478613115897
0.9,TS_oracle,0.0483562178225605
0.9,TS_oracle,0.0567927796548006
0.9,TS_oracle,0.0732655635615718
0.9,TS_oracle,0.0323496775370277
0.9,TS_oracle,0.0662297554017637
0.9,TS_oracle,0.0520310035038365
0.9,TS_oracle,0.0395144876403501
0.9,TS_oracle,0.0501163302174556
0.9,TS_oracle,0.0336059923408596
0.9,TS_oracle,0.0562255906141368
0.9,TS_oracle,0.0457384252915485
0.9,TS_oracle,0.0540552675743421
0.9,TS_oracle,0.0256689189950821
0.9,TS_oracle,0.0391728624867357
0.9,TS_oracle,0.0597820701349334
0.9,TS_oracle,0.0437380810451678
0.9,TS_oracle,0.0452526645362166
0.9,TS_oracle,0.0305903926943738
0.9,TS_oracle,0.0357370306573478
0.9,TS_oracle,0.0422990226519258
0.9,TS_oracle,0.0383774347491359
0.9,TS_oracle,0.0395295089008116
0.9,TS_oracle,0.0361246247223698
0.9,TS_oracle,0.0496550941127133
0.9,TS_oracle,0.0298117162156097
0.9,TS_oracle,0.0485892305910604
0.9,TS_oracle,0.0569266908529724
0.9,TS_oracle,0.0443999218201565
0.9,TS_oracle,0.0400276071532951
0.9,TS_oracle,0.0372290175428226
0.9,TS_oracle,0.0447298027732705
0.9,TS_oracle,0.0452827326591533
0.9,TS_oracle,0.0305547190095176
0.9,TS_oracle,0.0343869202567491
0.9,TS_oracle,0.0527587850073955
0.9,TS_oracle,0.0530441823092422
0.9,TS_oracle,0.0494136975082563
0.9,TS_oracle,0.0328685824671772
0.9,TS_oracle,0.0410538780393389
0.9,TS_oracle,0.0560592948396291
0.9,TS_oracle,0.0318767964789127
0.9,TS_oracle,0.0358590408179333
0.9,TS_oracle,0.0444975198027931
