rho,methods,MSEs_value
0,PLS,0.00366107239598638
0,PLS,0.00643050412583205
0,PLS,0.0024742078823257
0,PLS,0.0132133143790818
0,PLS,0.0247797118162583
0,PLS,0.0024531447844092
0,PLS,0.0130737968578466
0,PLS,0.00418905721301267
0,PLS,0.00297348435078767
0,PLS,0.0110189972117585
0,PLS,0.0138093985073452
0,PLS,0.00442968677950968
0,PLS,0.00726458755644751
0,PLS,0.0103018405435482
0,PLS,0.0125332558782667
0,PLS,0.0157590601017416
0,PLS,0.013796582180111
0,PLS,0.00839616854724312
0,PLS,0.00554380640076873
0,PLS,0.0024888128557574
0,PLS,0.00544796256240999
0,PLS,0.0111447924472897
0,PLS,0.00604205033215573
0,PLS,0.00829508929949941
0,PLS,0.00800998692364115
0,PLS,0.0124305534555735
0,PLS,0.0204373986440019
0,PLS,0.0151992583243292
0,PLS,0.0037181853513926
0,PLS,0.017539515234441
0,PLS,0.00360387132437758
0,PLS,0.0154956206052334
0,PLS,0.0195872065687673
0,PLS,0.00371082278346837
0,PLS,0.00759350400707882
0,PLS,0.00804106528318344
0,PLS,0.00206533600440586
0,PLS,0.00947596176500641
0,PLS,0.0113697577257221
0,PLS,0.00157711142477591
0,PLS,0.0190010705737878
0,PLS,0.00680144787223332
0,PLS,0.0272932785698075
0,PLS,0.00524657831264661
0,PLS,0.00368966665117821
0,PLS,0.00542289095336393
0,PLS,0.00320533942445772
0,PLS,0.0037984586951684
0,PLS,0.00717581503187113
0,PLS,0.00344649975737093
0,PLS,0.015247215295355
0,PLS,0.0161887231910203
0,PLS,0.00525583141170845
0,PLS,0.0100098250637796
0,PLS,0.0127458023229738
0,PLS,0.009095933909098
0,PLS,0.007509799229555
0,PLS,0.0106066880648627
0,PLS,0.00758196302102593
0,PLS,0.0101812925220603
0,PLS,0.00696271733370125
0,PLS,0.0145449499669056
0,PLS,0.00701316477708137
0,PLS,0.00962316089215079
0,PLS,0.0181585411127102
0,PLS,0.019097172547595
0,PLS,0.0135834151590889
0,PLS,0.00760793141054818
0,PLS,0.0102022191659905
0,PLS,0.0044335757340207
0,PLS,0.0111986903687945
0,PLS,0.0102816545512025
0,PLS,0.00995122622135402
0,PLS,0.00170326635694964
0,PLS,0.00813858795662829
0,PLS,0.0126205427020366
0,PLS,0.0192033859672927
0,PLS,0.00387632846349424
0,PLS,0.00889867721557508
0,PLS,0.00329955965070242
0,PLS,0.00393276002325745
0,PLS,0.00872765329360797
0,PLS,0.0102725589086344
0,PLS,0.00892150324015475
0,PLS,0.00845110733123586
0,PLS,0.010850938129584
0,PLS,0.0053808378565882
0,PLS,0.00869784876527964
0,PLS,0.0158039912080419
0,PLS,0.00329660075058405
0,PLS,0.0109704693500439
0,PLS,0.00909059365904717
0,PLS,0.00566202557408044
0,PLS,0.00903071741558355
0,PLS,0.0103773745717541
0,PLS,0.00631341871209684
0,PLS,0.011636474005143
0,PLS,0.007832830221662
0,PLS,0.0103608798758058
0,PLS,0.00875436783204471
0,PLS,0.00753929677393009
0,PLS,0.0110217103258095
0,PLS,0.00889071518580349
0,PLS,0.00633487789880941
0,PLS,0.00352739166096879
0,PLS,0.01196153082681
0,PLS,0.00320199911795664
0,PLS,0.0120420925884638
0,PLS,0.00459546700374628
0,PLS,0.0173993646372823
0,PLS,0.00557596444761445
0,PLS,0.0181199672521953
0,PLS,0.00901922463288356
0,PLS,0.0104262500015232
0,PLS,0.00961143603441736
0,PLS,0.0160770009308226
0,PLS,0.0175484912433117
0,PLS,0.0150297733411481
0,PLS,0.0167018615285269
0,PLS,0.00799854821529783
0,PLS,0.0076222771294268
0,PLS,0.00728076435052467
0,PLS,0.00698153237924716
0,PLS,0.00871799074490129
0,PLS,0.00630523790210019
0,PLS,0.0129526459852029
0,PLS,0.0186891067471061
0,PLS,0.00529250296778781
0,PLS,0.0129753804353255
0,PLS,0.011498658036318
0,PLS,0.0132902628332136
0,PLS,0.00306789356054737
0,PLS,0.00871846974710036
0,PLS,0.00203699752337765
0,PLS,0.0116687686627978
0,PLS,0.00614329486203861
0,PLS,0.00711450746179396
0,PLS,0.0093503547818146
0,PLS,0.00993669112267422
0,PLS,0.0149223522093371
0,PLS,0.00395033997741748
0,PLS,0.0238317268508296
0,PLS,0.00543124364036935
0,PLS,0.00481557112618289
0,PLS,0.0227142557374783
0,PLS,0.0152721943579119
0,PLS,0.00323978649464853
0,PLS,0.027697286087805
0,PLS,0.00214448540098946
0,PLS,0.00704712856542425
0,PLS,0.0115718410024318
0,PLS,0.00446761264731978
0,PLS,0.0126056567141191
0,PLS,0.00496247615129504
0,PLS,0.00828748527907708
0,PLS,0.00919545085285914
0,PLS,0.0191712499421282
0,PLS,0.00528567021960071
0,PLS,0.00784061903413964
0,PLS,0.00475793523944983
0,PLS,0.00690148978695386
0,PLS,0.018661642222537
0,PLS,0.00360153147376574
0,PLS,0.00717262603014349
0,PLS,0.00691258740719832
0,PLS,0.0236091154838699
0,PLS,0.00432602379191202
0,PLS,0.00389806494533735
0,PLS,0.00440702594952616
0,PLS,0.00111688690394965
0,PLS,0.00327637018095958
0,PLS,0.0161568583276642
0,PLS,0.00800239021342645
0,PLS,0.0062139191405615
0,PLS,0.00641467080113271
0,PLS,0.00741819680340752
0,PLS,0.00905717135433317
0,PLS,0.00499254549757953
0,PLS,0.00717670379468885
0,PLS,0.00729513802480649
0,PLS,0.0179090086782502
0,PLS,0.0331579331706888
0,PLS,0.0159052266876962
0,PLS,0.00363616227157571
0,PLS,0.00174138295356313
0,PLS,0.00606554453338119
0,PLS,0.015481528911957
0,PLS,0.00527512815259188
0,PLS,0.0120111651845768
0,PLS,0.00893670784500711
0,PLS,0.00797488725930126
0,PLS,0.0185991703113712
0,PLS,0.0070098015657688
0,PLS,0.00745995436459482
0,PLS,0.00483743697159739
0,PLS,0.00111865874290812
0,PLS,0.006230055817985
0,PLS,0.0127468974715535
0,PLS,0.00540158462006701
0,PLS,0.00746510850437422
0,fTS,0.00366107239598638
0,fTS,0.0061008851461465
0,fTS,0.00252514611391384
0,fTS,0.0131149824843882
0,fTS,0.0247797118162583
0,fTS,0.00246759147059314
0,fTS,0.0129745880284282
0,fTS,0.00419535405900959
0,fTS,0.00299681850010461
0,fTS,0.0111422854073294
0,fTS,0.0138093985073452
0,fTS,0.00421994133117354
0,fTS,0.00726458755644751
0,fTS,0.00830842562658695
0,fTS,0.0125379159067746
0,fTS,0.0155728687605883
0,fTS,0.0137981826287077
0,fTS,0.00839532572194303
0,fTS,0.00559576790049405
0,fTS,0.00251970366043229
0,fTS,0.00545095381614098
0,fTS,0.0111447924472897
0,fTS,0.00619189667027662
0,fTS,0.00830025325670831
0,fTS,0.00815706299059501
0,fTS,0.0124065589829647
0,fTS,0.0204401069853138
0,fTS,0.0159143289942555
0,fTS,0.0037534183720761
0,fTS,0.0175178725300672
0,fTS,0.00349416215258315
0,fTS,0.0154955239325881
0,fTS,0.0191120658885284
0,fTS,0.00371080278653706
0,fTS,0.00759350400707882
0,fTS,0.00717147417059748
0,fTS,0.00206907772085923
0,fTS,0.00979601178038678
0,fTS,0.0116275823939448
0,fTS,0.00157749995273208
0,fTS,0.019008559563684
0,fTS,0.00680381198126597
0,fTS,0.0276319856032467
0,fTS,0.005636197495874
0,fTS,0.00368966665117821
0,fTS,0.00535235975928956
0,fTS,0.00321119795367115
0,fTS,0.0037984586951684
0,fTS,0.00718096895950091
0,fTS,0.00343378818203691
0,fTS,0.0153045300686544
0,fTS,0.016182169468841
0,fTS,0.00525583141170845
0,fTS,0.0100098250637796
0,fTS,0.0125792336546602
0,fTS,0.00761735229192912
0,fTS,0.007509799229555
0,fTS,0.0105926728011773
0,fTS,0.00758455183643922
0,fTS,0.0101596778791153
0,fTS,0.00691175443438771
0,fTS,0.0145449499669056
0,fTS,0.00727895767243673
0,fTS,0.00968620514132562
0,fTS,0.0181585411127102
0,fTS,0.0190577223402321
0,fTS,0.0135737140525441
0,fTS,0.00765808247312865
0,fTS,0.00988473924639643
0,fTS,0.0044335757340207
0,fTS,0.0109885298639705
0,fTS,0.0102816545512025
0,fTS,0.0100166116823075
0,fTS,0.00171115538271684
0,fTS,0.00823036440742589
0,fTS,0.0126439347547835
0,fTS,0.0192253423345847
0,fTS,0.00387632846349424
0,fTS,0.00927808599360898
0,fTS,0.00329934749868757
0,fTS,0.00385547907221517
0,fTS,0.00877293511668356
0,fTS,0.010152795133818
0,fTS,0.00895068373432644
0,fTS,0.00845110733123586
0,fTS,0.0108885619000252
0,fTS,0.00573681576729508
0,fTS,0.00872165794305574
0,fTS,0.0157369857475411
0,fTS,0.00327718839683956
0,fTS,0.0109720975135042
0,fTS,0.00909787820623655
0,fTS,0.00521699338682321
0,fTS,0.00899613649130746
0,fTS,0.0104925077979796
0,fTS,0.00631341871209684
0,fTS,0.0116399575646033
0,fTS,0.0073674434633957
0,fTS,0.0103181159962461
0,fTS,0.00877440037747315
0,fTS,0.00753533325717189
0,fTS,0.0107848784499889
0,fTS,0.00903947034466476
0,fTS,0.00633487789880941
0,fTS,0.00354353305889924
0,fTS,0.01196153082681
0,fTS,0.00320199911795663
0,fTS,0.0118008905266661
0,fTS,0.00463993732867729
0,fTS,0.017453376222565
0,fTS,0.00557596444761445
0,fTS,0.0183544013893764
0,fTS,0.00921796800943699
0,fTS,0.0103571642138421
0,fTS,0.00966798238038075
0,fTS,0.0160770009308226
0,fTS,0.0176027349526199
0,fTS,0.0150297733411481
0,fTS,0.0166044970004025
0,fTS,0.00788623573128795
0,fTS,0.00765486559997672
0,fTS,0.0071738107657861
0,fTS,0.00698153237924716
0,fTS,0.0085302181179756
0,fTS,0.00633532956020009
0,fTS,0.0130045014768686
0,fTS,0.0186885797771704
0,fTS,0.00536922237797242
0,fTS,0.0129812831969646
0,fTS,0.0114931902670646
0,fTS,0.0132141787682308
0,fTS,0.00306683543359609
0,fTS,0.00874701381898631
0,fTS,0.00206981879325779
0,fTS,0.0114034451043712
0,fTS,0.00614616882845706
0,fTS,0.00712063088256062
0,fTS,0.00935267423543206
0,fTS,0.00993691996367452
0,fTS,0.0149223522093371
0,fTS,0.00458880516381131
0,fTS,0.0241846073710964
0,fTS,0.00493319165258792
0,fTS,0.00471536000162684
0,fTS,0.0227142557374783
0,fTS,0.0157231264484636
0,fTS,0.0032659506163958
0,fTS,0.0273712880865766
0,fTS,0.00216017852409564
0,fTS,0.00690520685743936
0,fTS,0.0115222389043493
0,fTS,0.00446451934473938
0,fTS,0.0126056567141191
0,fTS,0.00497958014464996
0,fTS,0.0080657887758867
0,fTS,0.00929835924441726
0,fTS,0.0203715590986761
0,fTS,0.00528567021960071
0,fTS,0.00780305911372381
0,fTS,0.00475793523944983
0,fTS,0.00688928122371321
0,fTS,0.0185436706486003
0,fTS,0.00353018937841833
0,fTS,0.00699422616229033
0,fTS,0.00683341609551332
0,fTS,0.0225100593575073
0,fTS,0.00393350374540094
0,fTS,0.00389806494533735
0,fTS,0.00435810538270775
0,fTS,0.00111692838085838
0,fTS,0.00340762207581998
0,fTS,0.0163085163849788
0,fTS,0.00809411890537078
0,fTS,0.0062887444828424
0,fTS,0.00645961763546121
0,fTS,0.00727259999575017
0,fTS,0.00905717135433317
0,fTS,0.00499254549757953
0,fTS,0.00717843258681974
0,fTS,0.00729513802480649
0,fTS,0.0179090086782502
0,fTS,0.0335958765402255
0,fTS,0.0159762006052825
0,fTS,0.00336921413892554
0,fTS,0.00158789889981923
0,fTS,0.00620249471944068
0,fTS,0.015481528911957
0,fTS,0.00517620794977539
0,fTS,0.0114125750314438
0,fTS,0.00893962027491956
0,fTS,0.00797488725930126
0,fTS,0.0124831936321876
0,fTS,0.00676891997588902
0,fTS,0.00845104600601187
0,fTS,0.00483802019997574
0,fTS,0.0010732305885054
0,fTS,0.00624564353064504
0,fTS,0.0127468974715535
0,fTS,0.00540158462006701
0,fTS,0.00742946263591124
0,LS_oracle,0.00343839945619107
0,LS_oracle,0.00281040642321111
0,LS_oracle,0.00249193578816909
0,LS_oracle,0.0123166610544561
0,LS_oracle,0.0185667531682608
0,LS_oracle,0.00206302027880452
0,LS_oracle,0.013079368149191
0,LS_oracle,0.003760241157114
0,LS_oracle,0.00262796952875467
0,LS_oracle,0.0104407871521868
0,LS_oracle,0.013344164572451
0,LS_oracle,0.00425402830333132
0,LS_oracle,0.0082206051013595
0,LS_oracle,0.00551590883955696
0,LS_oracle,0.0124343493238948
0,LS_oracle,0.0122759009217662
0,LS_oracle,0.0138422650423674
0,LS_oracle,0.00825366102076551
0,LS_oracle,0.00557299677679585
0,LS_oracle,0.00248134371671903
0,LS_oracle,0.00448297801947947
0,LS_oracle,0.00963722213071294
0,LS_oracle,0.00547305447404003
0,LS_oracle,0.00832723325302508
0,LS_oracle,0.00819456751521836
0,LS_oracle,0.0128380583490837
0,LS_oracle,0.0189494359315882
0,LS_oracle,0.0110183614327452
0,LS_oracle,0.00440360691480112
0,LS_oracle,0.017392451500965
0,LS_oracle,0.00287634447663582
0,LS_oracle,0.0160919631725203
0,LS_oracle,0.0195887396896778
0,LS_oracle,0.0025239414688335
0,LS_oracle,0.00621159789899281
0,LS_oracle,0.0072362303870879
0,LS_oracle,0.00180322598022501
0,LS_oracle,0.007982031561939
0,LS_oracle,0.0113635149709104
0,LS_oracle,0.00267046181196678
0,LS_oracle,0.0187956879068855
0,LS_oracle,0.00677799542837158
0,LS_oracle,0.0269967207277874
0,LS_oracle,0.0050778329414038
0,LS_oracle,0.00352819398169885
0,LS_oracle,0.00513196965052263
0,LS_oracle,0.00283158045694124
0,LS_oracle,0.00585297893471239
0,LS_oracle,0.010481199731149
0,LS_oracle,0.00355864989770058
0,LS_oracle,0.01521713392459
0,LS_oracle,0.0171503935103633
0,LS_oracle,0.00399808120608749
0,LS_oracle,0.0098156642454432
0,LS_oracle,0.0166549481403884
0,LS_oracle,0.00760682764362343
0,LS_oracle,0.00673992689825216
0,LS_oracle,0.0108760173950964
0,LS_oracle,0.00710588706751243
0,LS_oracle,0.00990854488938422
0,LS_oracle,0.00651043288491147
0,LS_oracle,0.0134103542597492
0,LS_oracle,0.00673007522490663
0,LS_oracle,0.00922209731207734
0,LS_oracle,0.0110339464521548
0,LS_oracle,0.0194237549205326
0,LS_oracle,0.0141580128125442
0,LS_oracle,0.00752628397576873
0,LS_oracle,0.00939298744804453
0,LS_oracle,0.00378998250902842
0,LS_oracle,0.010846399887286
0,LS_oracle,0.00647400891957344
0,LS_oracle,0.00978132395513288
0,LS_oracle,0.00170983682651335
0,LS_oracle,0.0047699747630304
0,LS_oracle,0.0122965509847552
0,LS_oracle,0.0191351934182835
0,LS_oracle,0.00357197670034162
0,LS_oracle,0.00680671224487217
0,LS_oracle,0.00333410318937173
0,LS_oracle,0.0039236202737264
0,LS_oracle,0.00847494025170638
0,LS_oracle,0.00977653310706737
0,LS_oracle,0.0084018036738673
0,LS_oracle,0.0069551692938531
0,LS_oracle,0.0109440640833011
0,LS_oracle,0.00558913683413234
0,LS_oracle,0.00829700402942799
0,LS_oracle,0.0149496484545667
0,LS_oracle,0.00452432895249001
0,LS_oracle,0.0102889285421971
0,LS_oracle,0.0130624852319044
0,LS_oracle,0.00560086180233167
0,LS_oracle,0.00741323842131511
0,LS_oracle,0.0106738319124488
0,LS_oracle,0.00428309504045407
0,LS_oracle,0.0113510996040102
0,LS_oracle,0.00862248779990205
0,LS_oracle,0.0103589237154271
0,LS_oracle,0.00872074122457934
0,LS_oracle,0.00760034700574223
0,LS_oracle,0.0109915979072174
0,LS_oracle,0.00813167653026872
0,LS_oracle,0.00402865354712118
0,LS_oracle,0.00155606079762922
0,LS_oracle,0.0122208133002208
0,LS_oracle,0.00333865002696434
0,LS_oracle,0.013162202236703
0,LS_oracle,0.0045689110649617
0,LS_oracle,0.0162157604237578
0,LS_oracle,0.00551002088152115
0,LS_oracle,0.0134727902759583
0,LS_oracle,0.00659398994659453
0,LS_oracle,0.00995989149271717
0,LS_oracle,0.008993206106435
0,LS_oracle,0.00973391347591419
0,LS_oracle,0.017656362418389
0,LS_oracle,0.0138283324198744
0,LS_oracle,0.0155823698291587
0,LS_oracle,0.00756597807709804
0,LS_oracle,0.00638329178202482
0,LS_oracle,0.00566978457599559
0,LS_oracle,0.00667193964404632
0,LS_oracle,0.00843067881712492
0,LS_oracle,0.00480266927186321
0,LS_oracle,0.0132547804494181
0,LS_oracle,0.0218463912577362
0,LS_oracle,0.0032307525618807
0,LS_oracle,0.0125191770970481
0,LS_oracle,0.0109141172153098
0,LS_oracle,0.0144901500320449
0,LS_oracle,0.00199901426019894
0,LS_oracle,0.00863687023453385
0,LS_oracle,0.00198153625701522
0,LS_oracle,0.0112382462807748
0,LS_oracle,0.00592339235517296
0,LS_oracle,0.00248608217517175
0,LS_oracle,0.00918522063917204
0,LS_oracle,0.0122560940290361
0,LS_oracle,0.010456516113444
0,LS_oracle,0.00389700295035766
0,LS_oracle,0.0225554089004525
0,LS_oracle,0.00530249195315104
0,LS_oracle,0.00471149907753778
0,LS_oracle,0.0153979424794276
0,LS_oracle,0.0129033675736245
0,LS_oracle,0.00278592615546484
0,LS_oracle,0.024537023537854
0,LS_oracle,0.0026817303414474
0,LS_oracle,0.0078524864756717
0,LS_oracle,0.0112111182579488
0,LS_oracle,0.00429002594509887
0,LS_oracle,0.00668504976746456
0,LS_oracle,0.00463987069441822
0,LS_oracle,0.00825735930955324
0,LS_oracle,0.00860029806898885
0,LS_oracle,0.0186256869114389
0,LS_oracle,0.00513295525758876
0,LS_oracle,0.00922372663532897
0,LS_oracle,0.00433280377825188
0,LS_oracle,0.00685791591502075
0,LS_oracle,0.0176454542829596
0,LS_oracle,0.00353710803201396
0,LS_oracle,0.00743512193630773
0,LS_oracle,0.00564714715058193
0,LS_oracle,0.024812501685487
0,LS_oracle,0.0041570540821449
0,LS_oracle,0.00387754844398767
0,LS_oracle,0.00469068237156985
0,LS_oracle,0.00108493618495444
0,LS_oracle,0.00325350667587081
0,LS_oracle,0.0177763237546618
0,LS_oracle,0.00726221450921446
0,LS_oracle,0.00557773997332888
0,LS_oracle,0.00599146015800276
0,LS_oracle,0.00665025498297124
0,LS_oracle,0.0084611633478836
0,LS_oracle,0.00441320188269541
0,LS_oracle,0.00701364399861339
0,LS_oracle,0.00655861740359253
0,LS_oracle,0.0175436339931254
0,LS_oracle,0.0331374327978683
0,LS_oracle,0.0157754843703809
0,LS_oracle,0.00354549807437703
0,LS_oracle,0.00163720683375437
0,LS_oracle,0.00691439229459639
0,LS_oracle,0.0162253533313833
0,LS_oracle,0.00510639214108815
0,LS_oracle,0.0129932412270485
0,LS_oracle,0.00841945803732175
0,LS_oracle,0.00767016895283635
0,LS_oracle,0.00700135693044403
0,LS_oracle,0.00597136990948345
0,LS_oracle,0.00514461061077607
0,LS_oracle,0.00500751468242066
0,LS_oracle,0.0011021768436713
0,LS_oracle,0.00602102376081183
0,LS_oracle,0.00962915835216107
0,LS_oracle,0.00471501382462741
0,LS_oracle,0.00720405076993085
0,TS_oracle,0.00343839945619107
0,TS_oracle,0.00285740535360109
0,TS_oracle,0.00249193578816909
0,TS_oracle,0.0122462592302659
0,TS_oracle,0.0185667531682608
0,TS_oracle,0.00207211769057551
0,TS_oracle,0.012967612896687
0,TS_oracle,0.00377239144623204
0,TS_oracle,0.0026547206219664
0,TS_oracle,0.010384472581278
0,TS_oracle,0.013344164572451
0,TS_oracle,0.00406091320865571
0,TS_oracle,0.00819294482487523
0,TS_oracle,0.00593940252971836
0,TS_oracle,0.0124390755593693
0,TS_oracle,0.012051542416535
0,TS_oracle,0.0138439020630191
0,TS_oracle,0.00825284240415564
0,TS_oracle,0.00562265457026987
0,TS_oracle,0.00251365266050171
0,TS_oracle,0.00448340611821694
0,TS_oracle,0.00963722213071294
0,TS_oracle,0.00551278693673256
0,TS_oracle,0.00832215182025234
0,TS_oracle,0.00835165853488293
0,TS_oracle,0.0127982858337726
0,TS_oracle,0.0189535182270534
0,TS_oracle,0.0109847135658672
0,TS_oracle,0.00440915477071132
0,TS_oracle,0.0173728858607037
0,TS_oracle,0.00286904055064205
0,TS_oracle,0.0160919127931624
0,TS_oracle,0.0195887396896778
0,TS_oracle,0.00252396386850542
0,TS_oracle,0.00621159789899281
0,TS_oracle,0.00647709554013653
0,TS_oracle,0.0018140250566898
0,TS_oracle,0.00811474429141167
0,TS_oracle,0.0113635149709104
0,TS_oracle,0.00267105539900939
0,TS_oracle,0.0187970216649979
0,TS_oracle,0.00668676412874096
0,TS_oracle,0.0272625174523895
0,TS_oracle,0.00549044207371117
0,TS_oracle,0.00352819398169885
0,TS_oracle,0.00506063819390093
0,TS_oracle,0.00283576310180833
0,TS_oracle,0.00585297893471239
0,TS_oracle,0.0104847537002439
0,TS_oracle,0.00354567199514461
0,TS_oracle,0.0152742897024205
0,TS_oracle,0.0171503935103633
0,TS_oracle,0.00397135165187268
0,TS_oracle,0.0098156642454432
0,TS_oracle,0.0163598861281838
0,TS_oracle,0.0074569746179022
0,TS_oracle,0.00673992689825216
0,TS_oracle,0.0108646002231511
0,TS_oracle,0.00710551992612096
0,TS_oracle,0.00990854488938422
0,TS_oracle,0.00646665423229937
0,TS_oracle,0.0134103542597492
0,TS_oracle,0.00700523504105445
0,TS_oracle,0.00928533180038236
0,TS_oracle,0.0110339464521562
0,TS_oracle,0.0193829502760673
0,TS_oracle,0.0141472534974399
0,TS_oracle,0.00757711400015584
0,TS_oracle,0.00908651321100297
0,TS_oracle,0.00384078510561137
0,TS_oracle,0.0106454060220723
0,TS_oracle,0.00647400891957257
0,TS_oracle,0.00984762229912319
0,TS_oracle,0.0017169271506036
0,TS_oracle,0.00480429604422031
0,TS_oracle,0.0122965509847552
0,TS_oracle,0.0191588208402105
0,TS_oracle,0.00357197670034162
0,TS_oracle,0.00704505170718623
0,TS_oracle,0.00333610343862849
0,TS_oracle,0.00384441997823929
0,TS_oracle,0.00851766189510481
0,TS_oracle,0.00965663925220703
0,TS_oracle,0.00839143093548735
0,TS_oracle,0.0069551692938531
0,TS_oracle,0.0109734133989506
0,TS_oracle,0.0059997006724074
0,TS_oracle,0.00831956992103871
0,TS_oracle,0.0149000645098646
0,TS_oracle,0.00449795122002118
0,TS_oracle,0.0102896479607356
0,TS_oracle,0.0130624852319044
0,TS_oracle,0.00506380836611726
0,TS_oracle,0.00737806760692721
0,TS_oracle,0.0107449667494403
0,TS_oracle,0.00428309504045407
0,TS_oracle,0.0113549235402077
0,TS_oracle,0.0080912040232174
0,TS_oracle,0.0103184093536076
0,TS_oracle,0.00874042293704034
0,TS_oracle,0.00759554815539289
0,TS_oracle,0.0106499116544063
0,TS_oracle,0.00813167653026872
0,TS_oracle,0.00402368458455267
0,TS_oracle,0.00156667378540159
0,TS_oracle,0.0122208133002208
0,TS_oracle,0.00333865002696434
0,TS_oracle,0.0127014525541603
0,TS_oracle,0.00461078685290793
0,TS_oracle,0.0162985582168328
0,TS_oracle,0.00551002088152115
0,TS_oracle,0.0133771193734008
0,TS_oracle,0.00659398994659453
0,TS_oracle,0.00982452374400977
0,TS_oracle,0.00902037098693836
0,TS_oracle,0.00973391347591419
0,TS_oracle,0.0177091675220308
0,TS_oracle,0.0138283324198744
0,TS_oracle,0.0155430992692973
0,TS_oracle,0.00745556031928029
0,TS_oracle,0.00641716279510529
0,TS_oracle,0.00566978457599559
0,TS_oracle,0.00669498294733231
0,TS_oracle,0.00829611259305952
0,TS_oracle,0.00488134247729937
0,TS_oracle,0.0133123342189308
0,TS_oracle,0.0218457425355178
0,TS_oracle,0.00321154665979516
0,TS_oracle,0.0125237254201932
0,TS_oracle,0.0109048886159103
0,TS_oracle,0.0142740989236882
0,TS_oracle,0.00200289435464372
0,TS_oracle,0.00866727770514615
0,TS_oracle,0.00200909501902481
0,TS_oracle,0.0110009267714534
0,TS_oracle,0.00592822118412319
0,TS_oracle,0.00248940964020494
0,TS_oracle,0.0090313972889441
0,TS_oracle,0.0122558761972146
0,TS_oracle,0.0104461434802701
0,TS_oracle,0.00452059135309041
0,TS_oracle,0.0217782177776069
0,TS_oracle,0.0049854302026261
0,TS_oracle,0.00461680618625532
0,TS_oracle,0.0153979424794276
0,TS_oracle,0.0130023173719842
0,TS_oracle,0.00280378783461222
0,TS_oracle,0.024076149956929
0,TS_oracle,0.00266692910342115
0,TS_oracle,0.00772318579206053
0,TS_oracle,0.0111617871558026
0,TS_oracle,0.00425632029009764
0,TS_oracle,0.00668504976746456
0,TS_oracle,0.00462708206993572
0,TS_oracle,0.00801957748328745
0,TS_oracle,0.00869175297689286
0,TS_oracle,0.0191894612122266
0,TS_oracle,0.00500314957620081
0,TS_oracle,0.00910795385296535
0,TS_oracle,0.00433280377825188
0,TS_oracle,0.00684574962917667
0,TS_oracle,0.0175291095380631
0,TS_oracle,0.00346977816358459
0,TS_oracle,0.00743512193630773
0,TS_oracle,0.00557632571178073
0,TS_oracle,0.0235135988295724
0,TS_oracle,0.00394971882117439
0,TS_oracle,0.00387754844398767
0,TS_oracle,0.00463567800977626
0,TS_oracle,0.00108504069936348
0,TS_oracle,0.0033193533968934
0,TS_oracle,0.0179297213337961
0,TS_oracle,0.00732447869592338
0,TS_oracle,0.00552957902409815
0,TS_oracle,0.00604848944553062
0,TS_oracle,0.00636231170740151
0,TS_oracle,0.00839249898187741
0,TS_oracle,0.00441320188269541
0,TS_oracle,0.00701385899201095
0,TS_oracle,0.00654896044052365
0,TS_oracle,0.017617173801509
0,TS_oracle,0.0335715276575993
0,TS_oracle,0.0158483095505323
0,TS_oracle,0.00328744809353596
0,TS_oracle,0.00140012097882036
0,TS_oracle,0.00701406560807458
0,TS_oracle,0.0162253533313833
0,TS_oracle,0.00500703899073846
0,TS_oracle,0.0122756581672342
0,TS_oracle,0.00845597575231155
0,TS_oracle,0.00767016895283635
0,TS_oracle,0.00713409952226099
0,TS_oracle,0.00577135122062389
0,TS_oracle,0.0050651345846142
0,TS_oracle,0.00498410209303505
0,TS_oracle,0.00105564775868045
0,TS_oracle,0.00603494598977561
0,TS_oracle,0.00952005625333653
0,TS_oracle,0.00471501382462741
0,TS_oracle,0.00724749674313186
0.1,PLS,0.0286580257594636
0.1,PLS,0.00323321890746256
0.1,PLS,0.00680887500297668
0.1,PLS,0.0118351215652284
0.1,PLS,0.0103106899866625
0.1,PLS,0.0225624969207352
0.1,PLS,0.00459508446918688
0.1,PLS,0.0150380830086907
0.1,PLS,0.00888835886137435
0.1,PLS,0.0207570055305945
0.1,PLS,0.00445454579682407
0.1,PLS,0.0160761573090622
0.1,PLS,0.00592286433663394
0.1,PLS,0.00558093572258024
0.1,PLS,0.00596746534367274
0.1,PLS,0.00708636585877236
0.1,PLS,0.0151265589024546
0.1,PLS,0.0085540486813051
0.1,PLS,0.00744356044141092
0.1,PLS,0.00924434311660042
0.1,PLS,0.00651024615987687
0.1,PLS,0.0105253394917643
0.1,PLS,0.00350263933333658
0.1,PLS,0.00777245114913941
0.1,PLS,0.00635736434020545
0.1,PLS,0.00514156951421407
0.1,PLS,0.0104767925003897
0.1,PLS,0.00348609704102226
0.1,PLS,0.0288925511400482
0.1,PLS,0.00673889095083698
0.1,PLS,0.00384109329422107
0.1,PLS,0.0104888113005403
0.1,PLS,0.0156988858097761
0.1,PLS,0.00719818326565726
0.1,PLS,0.00634653449289769
0.1,PLS,0.00891888379770431
0.1,PLS,0.00588057204601253
0.1,PLS,0.0095113790357053
0.1,PLS,0.0173147860970431
0.1,PLS,0.0112520370328012
0.1,PLS,0.0214009821572132
0.1,PLS,0.0197215252422686
0.1,PLS,0.00995634448484935
0.1,PLS,0.00202043032155191
0.1,PLS,0.00815256509001938
0.1,PLS,0.00684894246439715
0.1,PLS,0.025471804588957
0.1,PLS,0.0207721100358501
0.1,PLS,0.0105370446048446
0.1,PLS,0.0187839006997934
0.1,PLS,0.0153584164611949
0.1,PLS,0.00501361721171334
0.1,PLS,0.00673088768602079
0.1,PLS,0.0130437809819846
0.1,PLS,0.013998886259937
0.1,PLS,0.0178492982993305
0.1,PLS,0.00864548589035628
0.1,PLS,0.00431256138831666
0.1,PLS,0.00620703711407546
0.1,PLS,0.00485661982812902
0.1,PLS,0.00349063174849131
0.1,PLS,0.00769711696310822
0.1,PLS,0.0119554192927183
0.1,PLS,0.00735394590714095
0.1,PLS,0.0236772612185451
0.1,PLS,0.00700980490217531
0.1,PLS,0.00614987306385893
0.1,PLS,0.0141869621767377
0.1,PLS,0.0159217532346234
0.1,PLS,0.00453770618750468
0.1,PLS,0.0104085804796996
0.1,PLS,0.0170305373833024
0.1,PLS,0.0116717854049484
0.1,PLS,0.00783580427748416
0.1,PLS,0.00793907154543336
0.1,PLS,0.00917298864076037
0.1,PLS,0.0150009372536361
0.1,PLS,0.0089484058726549
0.1,PLS,0.00706983031755821
0.1,PLS,0.0114126026024784
0.1,PLS,0.0155610447215866
0.1,PLS,0.00797776734247471
0.1,PLS,0.00814949700730432
0.1,PLS,0.0178194655307803
0.1,PLS,0.00443370933798893
0.1,PLS,0.0110547468308196
0.1,PLS,0.008291268832551
0.1,PLS,0.011620914837731
0.1,PLS,0.00827463906046593
0.1,PLS,0.00748320396047949
0.1,PLS,0.0132413042426113
0.1,PLS,0.00677331178470095
0.1,PLS,0.008936990945404
0.1,PLS,0.0103129269809088
0.1,PLS,0.0148530525530396
0.1,PLS,0.0166421096680377
0.1,PLS,0.00832325846618462
0.1,PLS,0.00627070022235688
0.1,PLS,0.0112934743449583
0.1,PLS,0.0126084312687264
0.1,PLS,0.00749779826634807
0.1,PLS,0.00405038533012118
0.1,PLS,0.00724516021333633
0.1,PLS,0.00798800945481592
0.1,PLS,0.0135696123529136
0.1,PLS,0.006215909553587
0.1,PLS,0.0158697058437629
0.1,PLS,0.00456612094365375
0.1,PLS,0.0222954542461911
0.1,PLS,0.0129776804918469
0.1,PLS,0.0147070969231734
0.1,PLS,0.0152855230365337
0.1,PLS,0.00465198487137795
0.1,PLS,0.00752181156806062
0.1,PLS,0.00521638775268656
0.1,PLS,0.0082846397904594
0.1,PLS,0.00248427781698159
0.1,PLS,0.0100753896889881
0.1,PLS,0.0101619039519508
0.1,PLS,0.00681309809012889
0.1,PLS,0.00495914654842796
0.1,PLS,0.00902457240495422
0.1,PLS,0.0154361767184808
0.1,PLS,0.00739270340897348
0.1,PLS,0.017433764206546
0.1,PLS,0.010378835590285
0.1,PLS,0.0135738320583879
0.1,PLS,0.0194190474033378
0.1,PLS,0.00277344669865804
0.1,PLS,0.0157616285788823
0.1,PLS,0.00621631611502732
0.1,PLS,0.00781144567197154
0.1,PLS,0.0123942050648613
0.1,PLS,0.00618486674351457
0.1,PLS,0.00343403342366443
0.1,PLS,0.0131333173802255
0.1,PLS,0.0140730038737191
0.1,PLS,0.0143963805118759
0.1,PLS,0.0198370365109947
0.1,PLS,0.00287787654650664
0.1,PLS,0.0122093565789015
0.1,PLS,0.0162993555414442
0.1,PLS,0.01448689615971
0.1,PLS,0.00442736241966735
0.1,PLS,0.0107968467321172
0.1,PLS,0.0117648490707463
0.1,PLS,0.00832482242643882
0.1,PLS,0.0100206965950802
0.1,PLS,0.0125814720229603
0.1,PLS,0.011053322014235
0.1,PLS,0.00956958113366622
0.1,PLS,0.0123987970629982
0.1,PLS,0.0100918809332898
0.1,PLS,0.00944908031338814
0.1,PLS,0.0109513723762005
0.1,PLS,0.00646259402673291
0.1,PLS,0.0103657423683633
0.1,PLS,0.00470524114611639
0.1,PLS,0.00711024717172616
0.1,PLS,0.0132660080660002
0.1,PLS,0.0126997447202838
0.1,PLS,0.00156848108054928
0.1,PLS,0.0276248802490365
0.1,PLS,0.0154755175672359
0.1,PLS,0.0114149696094767
0.1,PLS,0.0108475517888309
0.1,PLS,0.00444740385966348
0.1,PLS,0.00874254145629976
0.1,PLS,0.00208685794191578
0.1,PLS,0.00858129826123318
0.1,PLS,0.00806398063440177
0.1,PLS,0.0172068424388785
0.1,PLS,0.00391499771542275
0.1,PLS,0.00765984095925941
0.1,PLS,0.0176424122728422
0.1,PLS,0.0154173959338403
0.1,PLS,0.0112749439060599
0.1,PLS,0.00223890074120712
0.1,PLS,0.00676223705682538
0.1,PLS,0.0125115494031026
0.1,PLS,0.00723460267599713
0.1,PLS,0.0195085592450737
0.1,PLS,0.0153627870362281
0.1,PLS,0.00712663371905914
0.1,PLS,0.013730509931038
0.1,PLS,0.0104170306556349
0.1,PLS,0.0146533623423371
0.1,PLS,0.0173587200073434
0.1,PLS,0.00669955666234889
0.1,PLS,0.00329816533080407
0.1,PLS,0.0129023705637696
0.1,PLS,0.00299528687383896
0.1,PLS,0.00263607862244383
0.1,PLS,0.00952370830195371
0.1,PLS,0.0025299732081814
0.1,PLS,0.00398747637829887
0.1,PLS,0.00909246062717842
0.1,PLS,0.00864393656571381
0.1,PLS,0.00804691267873501
0.1,PLS,0.00380493868327724
0.1,fTS,0.0278008943027711
0.1,fTS,0.00369571365779414
0.1,fTS,0.00593411357179473
0.1,fTS,0.0120805611715441
0.1,fTS,0.0099106317983573
0.1,fTS,0.0250377980672075
0.1,fTS,0.00437724380764075
0.1,fTS,0.0160568584708307
0.1,fTS,0.00922921146145601
0.1,fTS,0.0198499693164091
0.1,fTS,0.00377757739659856
0.1,fTS,0.0138911125429441
0.1,fTS,0.00674588935926485
0.1,fTS,0.00688946189363674
0.1,fTS,0.00700580529315138
0.1,fTS,0.00715354646855259
0.1,fTS,0.01638103466085
0.1,fTS,0.00924919962206956
0.1,fTS,0.00633941574833891
0.1,fTS,0.00982708978828586
0.1,fTS,0.00564174841162079
0.1,fTS,0.010420276420909
0.1,fTS,0.00444540013386673
0.1,fTS,0.00853203158625543
0.1,fTS,0.00581332705143225
0.1,fTS,0.00466699615547394
0.1,fTS,0.0100843575588467
0.1,fTS,0.00246789880363092
0.1,fTS,0.0279097005679776
0.1,fTS,0.00695655794779339
0.1,fTS,0.00461625577379705
0.1,fTS,0.0109261270637718
0.1,fTS,0.0156977701219991
0.1,fTS,0.00756474134773555
0.1,fTS,0.00535472506166646
0.1,fTS,0.0104471455649879
0.1,fTS,0.006940276465043
0.1,fTS,0.00817976565785102
0.1,fTS,0.0179501172241758
0.1,fTS,0.0117129062289138
0.1,fTS,0.0201912983193007
0.1,fTS,0.0171628974598252
0.1,fTS,0.0134650530372649
0.1,fTS,0.00156558578230985
0.1,fTS,0.00879074789390175
0.1,fTS,0.00708855825267067
0.1,fTS,0.0146025842244876
0.1,fTS,0.019465505900635
0.1,fTS,0.0105702520556826
0.1,fTS,0.0162230803778446
0.1,fTS,0.0156491685215296
0.1,fTS,0.00488127572510873
0.1,fTS,0.00593808789515438
0.1,fTS,0.0138232761910623
0.1,fTS,0.0134692717335521
0.1,fTS,0.0150456074778772
0.1,fTS,0.00821130154557776
0.1,fTS,0.00418121091029387
0.1,fTS,0.00680602434581298
0.1,fTS,0.00316082080742351
0.1,fTS,0.00386742876455818
0.1,fTS,0.00716040417328809
0.1,fTS,0.0110952218936001
0.1,fTS,0.00749153299883675
0.1,fTS,0.0219905942284446
0.1,fTS,0.00650503158613623
0.1,fTS,0.00613902805168972
0.1,fTS,0.0135175631153681
0.1,fTS,0.0174801387000152
0.1,fTS,0.00458815866474163
0.1,fTS,0.010485837145733
0.1,fTS,0.0162709795213644
0.1,fTS,0.0115295725097071
0.1,fTS,0.00641165846811106
0.1,fTS,0.00698642736214743
0.1,fTS,0.00958995014202559
0.1,fTS,0.0143808297729413
0.1,fTS,0.00985867532350864
0.1,fTS,0.00598627402709242
0.1,fTS,0.0112249828160026
0.1,fTS,0.0156853328717725
0.1,fTS,0.00797528619882685
0.1,fTS,0.00845540322750199
0.1,fTS,0.0188245914561664
0.1,fTS,0.00462020662804317
0.1,fTS,0.0111069109046202
0.1,fTS,0.0077819820041713
0.1,fTS,0.00999154273220903
0.1,fTS,0.00769734305289703
0.1,fTS,0.0083576884080926
0.1,fTS,0.0131031813685255
0.1,fTS,0.00656710563776386
0.1,fTS,0.00839809485928953
0.1,fTS,0.00993093826216866
0.1,fTS,0.0143668565998055
0.1,fTS,0.0173085764737714
0.1,fTS,0.00798819232304333
0.1,fTS,0.00642899860261846
0.1,fTS,0.00897737901293811
0.1,fTS,0.0121474370138477
0.1,fTS,0.00755307878266212
0.1,fTS,0.00604975807540242
0.1,fTS,0.00663970543570804
0.1,fTS,0.00741680992464633
0.1,fTS,0.014217572713898
0.1,fTS,0.00534533408436948
0.1,fTS,0.01637431683585
0.1,fTS,0.005593516877668
0.1,fTS,0.0204579843375956
0.1,fTS,0.0118507269168923
0.1,fTS,0.013629177419466
0.1,fTS,0.0148506325516898
0.1,fTS,0.0046470473711103
0.1,fTS,0.00836527501722898
0.1,fTS,0.00545802206790816
0.1,fTS,0.00803023152697633
0.1,fTS,0.00199135788793875
0.1,fTS,0.0110211892269545
0.1,fTS,0.00825360540933103
0.1,fTS,0.00660771451038421
0.1,fTS,0.00484641184999595
0.1,fTS,0.00843437512155159
0.1,fTS,0.0132236318958276
0.1,fTS,0.00753314274162599
0.1,fTS,0.0164663114720175
0.1,fTS,0.0106030085167987
0.1,fTS,0.0132467389251726
0.1,fTS,0.0195717735807958
0.1,fTS,0.00276941348419614
0.1,fTS,0.0154098693751784
0.1,fTS,0.00624976212187358
0.1,fTS,0.0091101446749861
0.1,fTS,0.0114472649749142
0.1,fTS,0.00678901743480388
0.1,fTS,0.0037515976943157
0.1,fTS,0.0126077350119716
0.1,fTS,0.0137608991233537
0.1,fTS,0.0153011698899797
0.1,fTS,0.0139330013767785
0.1,fTS,0.00371469491056283
0.1,fTS,0.0133362459857732
0.1,fTS,0.0168096761078675
0.1,fTS,0.0170166646103323
0.1,fTS,0.0055330258025894
0.1,fTS,0.0133033122871178
0.1,fTS,0.0117806620486784
0.1,fTS,0.00470052604979566
0.1,fTS,0.0086418666889853
0.1,fTS,0.011269074360654
0.1,fTS,0.0118333961148526
0.1,fTS,0.00943701757694789
0.1,fTS,0.011608743970232
0.1,fTS,0.0120151704959996
0.1,fTS,0.00981761481847689
0.1,fTS,0.0107771653594108
0.1,fTS,0.00850771313394565
0.1,fTS,0.00969274726929413
0.1,fTS,0.00410338695163879
0.1,fTS,0.00635137052658169
0.1,fTS,0.0140565288720156
0.1,fTS,0.0173543791054324
0.1,fTS,0.00228108538873749
0.1,fTS,0.0310308418777383
0.1,fTS,0.0147605807342335
0.1,fTS,0.00994458650800325
0.1,fTS,0.0117423064848896
0.1,fTS,0.00618289046173187
0.1,fTS,0.00946650208338238
0.1,fTS,0.00180211535240334
0.1,fTS,0.00979277662694198
0.1,fTS,0.00840265417463733
0.1,fTS,0.01623794756037
0.1,fTS,0.00376344346933475
0.1,fTS,0.00776461436843272
0.1,fTS,0.0172817459105987
0.1,fTS,0.0170919458255345
0.1,fTS,0.0110656248466572
0.1,fTS,0.00200321094293725
0.1,fTS,0.00752652937327756
0.1,fTS,0.0116529274571959
0.1,fTS,0.00685419569536415
0.1,fTS,0.0175816781009425
0.1,fTS,0.016273365473909
0.1,fTS,0.00736981169410833
0.1,fTS,0.0135070528307203
0.1,fTS,0.0086470032964168
0.1,fTS,0.0129789607573669
0.1,fTS,0.0179112289314204
0.1,fTS,0.00598493578486243
0.1,fTS,0.00285223936504686
0.1,fTS,0.0128053667523138
0.1,fTS,0.00295670745648939
0.1,fTS,0.00268425350106921
0.1,fTS,0.00842189569812062
0.1,fTS,0.00499736404440946
0.1,fTS,0.00479650001106892
0.1,fTS,0.0103007642781717
0.1,fTS,0.0106685349438258
0.1,fTS,0.0080006492916879
0.1,fTS,0.00366326989837866
0.1,LS_oracle,0.0281084802346816
0.1,LS_oracle,0.00295195789302789
0.1,LS_oracle,0.00707394269701799
0.1,LS_oracle,0.0123415519753671
0.1,LS_oracle,0.0101163154267643
0.1,LS_oracle,0.0216342500943233
0.1,LS_oracle,0.00494482253540778
0.1,LS_oracle,0.00976406470574945
0.1,LS_oracle,0.00816862708005627
0.1,LS_oracle,0.0211877891596884
0.1,LS_oracle,0.00455988207576923
0.1,LS_oracle,0.0158514369180013
0.1,LS_oracle,0.00582203344179485
0.1,LS_oracle,0.00370921192055539
0.1,LS_oracle,0.00571946090678874
0.1,LS_oracle,0.00733046213313479
0.1,LS_oracle,0.0148134725854043
0.1,LS_oracle,0.00845585895763484
0.1,LS_oracle,0.00740810761205047
0.1,LS_oracle,0.00924647206102517
0.1,LS_oracle,0.00506212805902711
0.1,LS_oracle,0.00891875329936065
0.1,LS_oracle,0.00157528813322417
0.1,LS_oracle,0.0100394199659366
0.1,LS_oracle,0.00511971909295459
0.1,LS_oracle,0.00487630104094468
0.1,LS_oracle,0.0103581629295703
0.1,LS_oracle,0.003363186084139
0.1,LS_oracle,0.0286796234834171
0.1,LS_oracle,0.00710449387788537
0.1,LS_oracle,0.00262539772087862
0.1,LS_oracle,0.0111649293972505
0.1,LS_oracle,0.015759823623137
0.1,LS_oracle,0.00483132179198164
0.1,LS_oracle,0.00380296987639973
0.1,LS_oracle,0.00877163450311852
0.1,LS_oracle,0.00511153520533157
0.1,LS_oracle,0.00966721619985479
0.1,LS_oracle,0.0174347268310448
0.1,LS_oracle,0.0117507217481818
0.1,LS_oracle,0.0224383696800962
0.1,LS_oracle,0.0182407070464235
0.1,LS_oracle,0.00793967097844792
0.1,LS_oracle,0.00200955480190433
0.1,LS_oracle,0.00720470576717217
0.1,LS_oracle,0.00727351777466676
0.1,LS_oracle,0.00951836132790498
0.1,LS_oracle,0.0205553204869678
0.1,LS_oracle,0.0105387450918346
0.1,LS_oracle,0.0100914355229793
0.1,LS_oracle,0.0152609645779966
0.1,LS_oracle,0.00405996063826841
0.1,LS_oracle,0.00640846352707807
0.1,LS_oracle,0.0136890985538158
0.1,LS_oracle,0.0107928888975588
0.1,LS_oracle,0.0197515109296471
0.1,LS_oracle,0.0078232984681002
0.1,LS_oracle,0.00402692006355809
0.1,LS_oracle,0.00513945717129419
0.1,LS_oracle,0.00911415231397471
0.1,LS_oracle,0.00345347791768707
0.1,LS_oracle,0.00728220743856682
0.1,LS_oracle,0.0146868923561398
0.1,LS_oracle,0.00708424861227149
0.1,LS_oracle,0.0234422950676003
0.1,LS_oracle,0.00621861913859117
0.1,LS_oracle,0.00672706039795976
0.1,LS_oracle,0.0142557018750142
0.1,LS_oracle,0.0138345783901944
0.1,LS_oracle,0.00494431210380697
0.1,LS_oracle,0.00958323575051672
0.1,LS_oracle,0.0155615689277975
0.1,LS_oracle,0.0113687941835139
0.1,LS_oracle,0.00625787035686652
0.1,LS_oracle,0.00772170613017036
0.1,LS_oracle,0.00902941765062375
0.1,LS_oracle,0.0151337097378157
0.1,LS_oracle,0.0085818491284888
0.1,LS_oracle,0.00555121664083839
0.1,LS_oracle,0.0109304320652138
0.1,LS_oracle,0.0156161842154701
0.1,LS_oracle,0.00702983706255816
0.1,LS_oracle,0.00808581820560964
0.1,LS_oracle,0.0175754321899993
0.1,LS_oracle,0.00485287515260227
0.1,LS_oracle,0.0115685960551815
0.1,LS_oracle,0.00853013075700736
0.1,LS_oracle,0.0120794262674073
0.1,LS_oracle,0.007234663377981
0.1,LS_oracle,0.00785776621016929
0.1,LS_oracle,0.0137012560281689
0.1,LS_oracle,0.00673746761473863
0.1,LS_oracle,0.00895924538245228
0.1,LS_oracle,0.00879273374052313
0.1,LS_oracle,0.0135061210682734
0.1,LS_oracle,0.0153023292793483
0.1,LS_oracle,0.00764025133889933
0.1,LS_oracle,0.00625022970245171
0.1,LS_oracle,0.0123131620924056
0.1,LS_oracle,0.012246149166648
0.1,LS_oracle,0.00707908305903041
0.1,LS_oracle,0.00358192524685714
0.1,LS_oracle,0.00711739660441385
0.1,LS_oracle,0.00549808791163799
0.1,LS_oracle,0.017456394914662
0.1,LS_oracle,0.0062791737955635
0.1,LS_oracle,0.0171749065306268
0.1,LS_oracle,0.00461901744660714
0.1,LS_oracle,0.0201119451696108
0.1,LS_oracle,0.0114930935519007
0.1,LS_oracle,0.0149179943632478
0.1,LS_oracle,0.0153259799857451
0.1,LS_oracle,0.00245647093390214
0.1,LS_oracle,0.00628623435026637
0.1,LS_oracle,0.00475297362057953
0.1,LS_oracle,0.00611289024759565
0.1,LS_oracle,0.00221637058291818
0.1,LS_oracle,0.00999704683361422
0.1,LS_oracle,0.00791423355564383
0.1,LS_oracle,0.00701525209780053
0.1,LS_oracle,0.00488004515285297
0.1,LS_oracle,0.00852662762933837
0.1,LS_oracle,0.0177882108340379
0.1,LS_oracle,0.00652075043610248
0.1,LS_oracle,0.0142707286322614
0.1,LS_oracle,0.00937224591480882
0.1,LS_oracle,0.0117307732929256
0.1,LS_oracle,0.019896649813899
0.1,LS_oracle,0.00264365198497353
0.1,LS_oracle,0.0143066731032996
0.1,LS_oracle,0.00667106596850862
0.1,LS_oracle,0.00620111993229048
0.1,LS_oracle,0.011452632054101
0.1,LS_oracle,0.0058147895774569
0.1,LS_oracle,0.00325598183931319
0.1,LS_oracle,0.0131595083798338
0.1,LS_oracle,0.0139345921914034
0.1,LS_oracle,0.0130197811881353
0.1,LS_oracle,0.00986295135213869
0.1,LS_oracle,0.00292646120885093
0.1,LS_oracle,0.0102422034851778
0.1,LS_oracle,0.0168928633392562
0.1,LS_oracle,0.0142741079982602
0.1,LS_oracle,0.00213094249527079
0.1,LS_oracle,0.00793235196014497
0.1,LS_oracle,0.0117749950811289
0.1,LS_oracle,0.00466499785841142
0.1,LS_oracle,0.00705896252617858
0.1,LS_oracle,0.0114677441227192
0.1,LS_oracle,0.0109311742054484
0.1,LS_oracle,0.00839784963642365
0.1,LS_oracle,0.0146096279343177
0.1,LS_oracle,0.0119817000769401
0.1,LS_oracle,0.00733298126119549
0.1,LS_oracle,0.0139797289496844
0.1,LS_oracle,0.00550524817407614
0.1,LS_oracle,0.0101716699042313
0.1,LS_oracle,0.00451071626062281
0.1,LS_oracle,0.00651434654415734
0.1,LS_oracle,0.0107850179020559
0.1,LS_oracle,0.0134850086640429
0.1,LS_oracle,0.000640264338451631
0.1,LS_oracle,0.02742783175113
0.1,LS_oracle,0.0140893897808303
0.1,LS_oracle,0.00953636880732869
0.1,LS_oracle,0.006322173150196
0.1,LS_oracle,0.00404367923706615
0.1,LS_oracle,0.00730662336720567
0.1,LS_oracle,0.00147537799175641
0.1,LS_oracle,0.00520827950759135
0.1,LS_oracle,0.00853123380319937
0.1,LS_oracle,0.0190982142147807
0.1,LS_oracle,0.00382170670379343
0.1,LS_oracle,0.00753614384842883
0.1,LS_oracle,0.0155805380733458
0.1,LS_oracle,0.014552332383362
0.1,LS_oracle,0.0103837589630629
0.1,LS_oracle,0.00194942105675386
0.1,LS_oracle,0.00832271205865058
0.1,LS_oracle,0.0104415969994604
0.1,LS_oracle,0.00714593848751838
0.1,LS_oracle,0.0196922750774875
0.1,LS_oracle,0.0124716369369327
0.1,LS_oracle,0.00711780297312111
0.1,LS_oracle,0.0124803428653297
0.1,LS_oracle,0.0117295945876558
0.1,LS_oracle,0.0114181578323084
0.1,LS_oracle,0.0175997346385541
0.1,LS_oracle,0.00433824417481239
0.1,LS_oracle,0.00287101778333526
0.1,LS_oracle,0.0103400245537785
0.1,LS_oracle,0.00301365772802335
0.1,LS_oracle,0.00308099107651602
0.1,LS_oracle,0.00622002791287463
0.1,LS_oracle,0.00184961578165693
0.1,LS_oracle,0.00418807050762198
0.1,LS_oracle,0.0101177282305558
0.1,LS_oracle,0.00752194033864672
0.1,LS_oracle,0.00738975577041567
0.1,LS_oracle,0.00395414141170774
0.1,TS_oracle,0.0279441714294083
0.1,TS_oracle,0.00330528236016236
0.1,TS_oracle,0.00644813468493406
0.1,TS_oracle,0.0125575392922639
0.1,TS_oracle,0.00971436315644605
0.1,TS_oracle,0.0242340350952332
0.1,TS_oracle,0.00465805777895355
0.1,TS_oracle,0.00847556525863723
0.1,TS_oracle,0.00850318735854437
0.1,TS_oracle,0.0202359263219067
0.1,TS_oracle,0.00405988725979093
0.1,TS_oracle,0.0133867061220008
0.1,TS_oracle,0.00673596983115263
0.1,TS_oracle,0.00362663533104629
0.1,TS_oracle,0.00676959042804693
0.1,TS_oracle,0.00731515668571973
0.1,TS_oracle,0.0160928772685047
0.1,TS_oracle,0.00880623450826899
0.1,TS_oracle,0.00595996702972241
0.1,TS_oracle,0.00984366284585186
0.1,TS_oracle,0.00505157141867212
0.1,TS_oracle,0.00921480445972652
0.1,TS_oracle,0.00202676447055955
0.1,TS_oracle,0.00966523650383796
0.1,TS_oracle,0.00514400285187342
0.1,TS_oracle,0.00440697552780854
0.1,TS_oracle,0.0100173410800446
0.1,TS_oracle,0.00242833249200108
0.1,TS_oracle,0.0277298342547974
0.1,TS_oracle,0.00715382710539516
0.1,TS_oracle,0.00206202937034982
0.1,TS_oracle,0.0114957322416077
0.1,TS_oracle,0.0150127400468627
0.1,TS_oracle,0.00440024448734477
0.1,TS_oracle,0.00429386415243497
0.1,TS_oracle,0.00938228829136599
0.1,TS_oracle,0.00539570563032139
0.1,TS_oracle,0.00826720562631187
0.1,TS_oracle,0.0180137120870546
0.1,TS_oracle,0.0123166945743771
0.1,TS_oracle,0.0216148933707208
0.1,TS_oracle,0.0159229325520836
0.1,TS_oracle,0.00829880458973224
0.1,TS_oracle,0.00163445616906205
0.1,TS_oracle,0.0083493747857245
0.1,TS_oracle,0.0075072333284626
0.1,TS_oracle,0.00734378772930291
0.1,TS_oracle,0.0193328511479251
0.1,TS_oracle,0.0105961977100286
0.1,TS_oracle,0.00943576480139374
0.1,TS_oracle,0.0151491825691746
0.1,TS_oracle,0.0037357634854328
0.1,TS_oracle,0.00569054527252026
0.1,TS_oracle,0.014071607251169
0.1,TS_oracle,0.0121920072709331
0.1,TS_oracle,0.0165291659543318
0.1,TS_oracle,0.00771548981016858
0.1,TS_oracle,0.00394082808308297
0.1,TS_oracle,0.00481989115976976
0.1,TS_oracle,0.00631468424974585
0.1,TS_oracle,0.00386500967788237
0.1,TS_oracle,0.0070489972085829
0.1,TS_oracle,0.0145023794397473
0.1,TS_oracle,0.00729572683879014
0.1,TS_oracle,0.0216819776209946
0.1,TS_oracle,0.00501868229201042
0.1,TS_oracle,0.00663909677136673
0.1,TS_oracle,0.0135838208673871
0.1,TS_oracle,0.0145933084969239
0.1,TS_oracle,0.00496122102326731
0.1,TS_oracle,0.0094592981281893
0.1,TS_oracle,0.0148734333757106
0.1,TS_oracle,0.0106037371812734
0.1,TS_oracle,0.00603317246084611
0.1,TS_oracle,0.00633725813438115
0.1,TS_oracle,0.00833729386021791
0.1,TS_oracle,0.0144855092027249
0.1,TS_oracle,0.00910742026794292
0.1,TS_oracle,0.00520988594003562
0.1,TS_oracle,0.0103552094016841
0.1,TS_oracle,0.015760346033898
0.1,TS_oracle,0.00631742331683373
0.1,TS_oracle,0.008244827696727
0.1,TS_oracle,0.0184528363453676
0.1,TS_oracle,0.00450398454206919
0.1,TS_oracle,0.0112359764594524
0.1,TS_oracle,0.00798858371956147
0.1,TS_oracle,0.0103029619899669
0.1,TS_oracle,0.00678809181640189
0.1,TS_oracle,0.00883012799660178
0.1,TS_oracle,0.01342052266861
0.1,TS_oracle,0.00654004230958034
0.1,TS_oracle,0.00910349603690258
0.1,TS_oracle,0.00935594191656287
0.1,TS_oracle,0.0137236251200213
0.1,TS_oracle,0.0167521094219545
0.1,TS_oracle,0.00793044572117797
0.1,TS_oracle,0.00580226216921844
0.1,TS_oracle,0.00967454226010459
0.1,TS_oracle,0.011457463237229
0.1,TS_oracle,0.00672308146260972
0.1,TS_oracle,0.00418952494595274
0.1,TS_oracle,0.00677895795330046
0.1,TS_oracle,0.0054055690615852
0.1,TS_oracle,0.0176326964272161
0.1,TS_oracle,0.00563222524745345
0.1,TS_oracle,0.0166754448311044
0.1,TS_oracle,0.00567749089538156
0.1,TS_oracle,0.0189046715137485
0.1,TS_oracle,0.0106156952516538
0.1,TS_oracle,0.0136230565033053
0.1,TS_oracle,0.0148589377583939
0.1,TS_oracle,0.00263993117671667
0.1,TS_oracle,0.00660744836160042
0.1,TS_oracle,0.00526341957633096
0.1,TS_oracle,0.00571224754637009
0.1,TS_oracle,0.0017580634279916
0.1,TS_oracle,0.00967073220618193
0.1,TS_oracle,0.00771020838005541
0.1,TS_oracle,0.00665233126409594
0.1,TS_oracle,0.00436565002670882
0.1,TS_oracle,0.0084021044814292
0.1,TS_oracle,0.0138770778244661
0.1,TS_oracle,0.00633360893034914
0.1,TS_oracle,0.0139861884240149
0.1,TS_oracle,0.00902665819913223
0.1,TS_oracle,0.0111432514006461
0.1,TS_oracle,0.0196757898331116
0.1,TS_oracle,0.00256532489188883
0.1,TS_oracle,0.0141338242509083
0.1,TS_oracle,0.00686711891447324
0.1,TS_oracle,0.0072703801226332
0.1,TS_oracle,0.010963219666941
0.1,TS_oracle,0.00610892449907533
0.1,TS_oracle,0.00305573591652946
0.1,TS_oracle,0.0127135940907145
0.1,TS_oracle,0.0128569567586007
0.1,TS_oracle,0.0136706944129814
0.1,TS_oracle,0.0103290909073504
0.1,TS_oracle,0.00332993423577283
0.1,TS_oracle,0.0104815189939281
0.1,TS_oracle,0.016656653679089
0.1,TS_oracle,0.0165432665243646
0.1,TS_oracle,0.00222789525950437
0.1,TS_oracle,0.00901639906918675
0.1,TS_oracle,0.011800969365759
0.1,TS_oracle,0.00370232513826185
0.1,TS_oracle,0.0070272989972205
0.1,TS_oracle,0.0102111077680719
0.1,TS_oracle,0.0117143295580267
0.1,TS_oracle,0.00839205396939503
0.1,TS_oracle,0.0135644273866015
0.1,TS_oracle,0.0135246197498251
0.1,TS_oracle,0.00787039249545137
0.1,TS_oracle,0.0134421720819141
0.1,TS_oracle,0.00529718492344643
0.1,TS_oracle,0.0095086897374034
0.1,TS_oracle,0.00320437039502158
0.1,TS_oracle,0.00601599329484184
0.1,TS_oracle,0.010373777662697
0.1,TS_oracle,0.0104941563815715
0.1,TS_oracle,0.000680079726812831
0.1,TS_oracle,0.0268810251621398
0.1,TS_oracle,0.0135070155294523
0.1,TS_oracle,0.0092272172228795
0.1,TS_oracle,0.00683478230587003
0.1,TS_oracle,0.00512423529765663
0.1,TS_oracle,0.00655649074353102
0.1,TS_oracle,0.00125104831766694
0.1,TS_oracle,0.00454401363685431
0.1,TS_oracle,0.0088244777720925
0.1,TS_oracle,0.0186093412422759
0.1,TS_oracle,0.00375710167738857
0.1,TS_oracle,0.00782426432819043
0.1,TS_oracle,0.0149727815119015
0.1,TS_oracle,0.0159389307044893
0.1,TS_oracle,0.00974754768230909
0.1,TS_oracle,0.00173898942193277
0.1,TS_oracle,0.00846392234181457
0.1,TS_oracle,0.0100119397920893
0.1,TS_oracle,0.00695211636312167
0.1,TS_oracle,0.0177593797669307
0.1,TS_oracle,0.0139853846307107
0.1,TS_oracle,0.00736737220731375
0.1,TS_oracle,0.0119275970039093
0.1,TS_oracle,0.00940787959916797
0.1,TS_oracle,0.0121791462021522
0.1,TS_oracle,0.0181989699639223
0.1,TS_oracle,0.00401931387221398
0.1,TS_oracle,0.00279004618892554
0.1,TS_oracle,0.00997051951859289
0.1,TS_oracle,0.00297066294521407
0.1,TS_oracle,0.00319801381326377
0.1,TS_oracle,0.00561506491760452
0.1,TS_oracle,0.00235159311909097
0.1,TS_oracle,0.00497175559278392
0.1,TS_oracle,0.0111964105141511
0.1,TS_oracle,0.00829966849715775
0.1,TS_oracle,0.00754036017307491
0.1,TS_oracle,0.00367097514829997
0.2,PLS,0.00938547557053235
0.2,PLS,0.00946297783027924
0.2,PLS,0.0150078367462313
0.2,PLS,0.0220248445874945
0.2,PLS,0.0291647215864565
0.2,PLS,0.0151358266071171
0.2,PLS,0.00552304491815651
0.2,PLS,0.00879504860152622
0.2,PLS,0.00189072085371968
0.2,PLS,0.00642164428555755
0.2,PLS,0.00731670026435889
0.2,PLS,0.00975831990699116
0.2,PLS,0.00395970759700804
0.2,PLS,0.0120960422517404
0.2,PLS,0.0106459891015449
0.2,PLS,0.00623713729129612
0.2,PLS,0.007809827574479
0.2,PLS,0.0120509054057559
0.2,PLS,0.0180584966414109
0.2,PLS,0.0099054304442619
0.2,PLS,0.004418736409009
0.2,PLS,0.00953648231703931
0.2,PLS,0.00486781909195552
0.2,PLS,0.00843643985263181
0.2,PLS,0.01476342667569
0.2,PLS,0.0208790657146561
0.2,PLS,0.00508856114787151
0.2,PLS,0.00179205074418114
0.2,PLS,0.00639300667524986
0.2,PLS,0.0141331458067084
0.2,PLS,0.00669336081349273
0.2,PLS,0.0214765905586271
0.2,PLS,0.00979220841189736
0.2,PLS,0.0150670456686661
0.2,PLS,0.00422008503430828
0.2,PLS,0.0130935036721328
0.2,PLS,0.00649783953020721
0.2,PLS,0.00586174908608394
0.2,PLS,0.0114106172414421
0.2,PLS,0.00755210886269991
0.2,PLS,0.00828477838421839
0.2,PLS,0.00248914309084528
0.2,PLS,0.011194778905278
0.2,PLS,0.00536239808754934
0.2,PLS,0.012523961170577
0.2,PLS,0.00697875516187373
0.2,PLS,0.0108425393551186
0.2,PLS,0.0165651730051139
0.2,PLS,0.00478257860687502
0.2,PLS,0.0104911490703826
0.2,PLS,0.0126342928719181
0.2,PLS,0.00572444712311003
0.2,PLS,0.015888797106208
0.2,PLS,0.0176440346355334
0.2,PLS,0.0115133563808568
0.2,PLS,0.0102681318267019
0.2,PLS,0.00325103110917008
0.2,PLS,0.0153511957694532
0.2,PLS,0.0117750804391825
0.2,PLS,0.00746779270636175
0.2,PLS,0.00931474349393457
0.2,PLS,0.000861904219843734
0.2,PLS,0.00403353837558159
0.2,PLS,0.00667786800512061
0.2,PLS,0.0122538609909288
0.2,PLS,0.00124945057000611
0.2,PLS,0.0124896737349559
0.2,PLS,0.00661532033357854
0.2,PLS,0.00688090328907632
0.2,PLS,0.00959608230938098
0.2,PLS,0.0104583135691592
0.2,PLS,0.0149081946365599
0.2,PLS,0.00939484258239838
0.2,PLS,0.00726031245963688
0.2,PLS,0.0116503686892997
0.2,PLS,0.00317824906337371
0.2,PLS,0.0051423378770872
0.2,PLS,0.0207322099993905
0.2,PLS,0.00593753567005007
0.2,PLS,0.00460590728788905
0.2,PLS,0.00830976620721701
0.2,PLS,0.0112529025310245
0.2,PLS,0.0185888764846734
0.2,PLS,0.00853828533950684
0.2,PLS,0.0050362566647857
0.2,PLS,0.00695983309645223
0.2,PLS,0.00680260463316287
0.2,PLS,0.00624101910230429
0.2,PLS,0.0138716519175635
0.2,PLS,0.0128623769740725
0.2,PLS,0.00581247695455865
0.2,PLS,0.01537803870712
0.2,PLS,0.00852288477000867
0.2,PLS,0.0075258084445658
0.2,PLS,0.012200999133912
0.2,PLS,0.0143744980390261
0.2,PLS,0.0190605150941875
0.2,PLS,0.00505838809278914
0.2,PLS,0.0165558938741014
0.2,PLS,0.00868096809120196
0.2,PLS,0.0186967986071889
0.2,PLS,0.00735521276144782
0.2,PLS,0.00787681275901385
0.2,PLS,0.00320728195906206
0.2,PLS,0.0113775530481259
0.2,PLS,0.0116891048825358
0.2,PLS,0.00552398787036259
0.2,PLS,0.0103309676331107
0.2,PLS,0.0066044003318218
0.2,PLS,0.00761569519665085
0.2,PLS,0.0115807092539552
0.2,PLS,0.00381290191456932
0.2,PLS,0.0169040139482503
0.2,PLS,0.00687609244178118
0.2,PLS,0.00706989661975018
0.2,PLS,0.0176207950748317
0.2,PLS,0.00578744229913775
0.2,PLS,0.00996462067074095
0.2,PLS,0.00754095206570916
0.2,PLS,0.00868236794286988
0.2,PLS,0.0126092043253411
0.2,PLS,0.00877354130764661
0.2,PLS,0.0112910978786246
0.2,PLS,0.00131553935873761
0.2,PLS,0.00459293767877091
0.2,PLS,0.00503149518431016
0.2,PLS,0.00269589397979864
0.2,PLS,0.0219542290383513
0.2,PLS,0.0046218922222023
0.2,PLS,0.00534351482827846
0.2,PLS,0.0142055981379153
0.2,PLS,0.00872745100646028
0.2,PLS,0.0104741359124827
0.2,PLS,0.00600104395356497
0.2,PLS,0.00326403910482579
0.2,PLS,0.0102750490783849
0.2,PLS,0.00522343637562201
0.2,PLS,0.00943244197523269
0.2,PLS,0.0140830466224426
0.2,PLS,0.00770525444465797
0.2,PLS,0.011134406123118
0.2,PLS,0.0115676739471655
0.2,PLS,0.0172768717664916
0.2,PLS,0.0174736635813212
0.2,PLS,0.0109745458571306
0.2,PLS,0.00593746718870645
0.2,PLS,0.00604723942789807
0.2,PLS,0.0152482169981751
0.2,PLS,0.0179183795623651
0.2,PLS,0.0097182407033319
0.2,PLS,0.00514710859382456
0.2,PLS,0.00308851399579932
0.2,PLS,0.00573916637430598
0.2,PLS,0.00992661917296884
0.2,PLS,0.00341195868102386
0.2,PLS,0.0129781629122256
0.2,PLS,0.0179625666644814
0.2,PLS,0.02812814580417
0.2,PLS,0.00616445349226125
0.2,PLS,0.0101094223701871
0.2,PLS,0.0102619918756101
0.2,PLS,0.00271333048705077
0.2,PLS,0.00413780239822419
0.2,PLS,0.0130559765012682
0.2,PLS,0.00588201846225076
0.2,PLS,0.00884951787699972
0.2,PLS,0.0108457700298955
0.2,PLS,0.00371249424045931
0.2,PLS,0.00422600558059282
0.2,PLS,0.00748215544413461
0.2,PLS,0.0199744443210502
0.2,PLS,0.00466485118106632
0.2,PLS,0.0037689014139192
0.2,PLS,0.0134287460675754
0.2,PLS,0.00982857609926079
0.2,PLS,0.00280709991812853
0.2,PLS,0.0137197359616485
0.2,PLS,0.0124044808294478
0.2,PLS,0.0234596687208779
0.2,PLS,0.0109861768776188
0.2,PLS,0.00742776243023351
0.2,PLS,0.0080800976082544
0.2,PLS,0.00444489944875533
0.2,PLS,0.00370931547691219
0.2,PLS,0.00828199137975342
0.2,PLS,0.00698335578893157
0.2,PLS,0.0263787800368565
0.2,PLS,0.0172588467581177
0.2,PLS,0.00613638031361275
0.2,PLS,0.00503511629006294
0.2,PLS,0.00646866858934037
0.2,PLS,0.012801522942824
0.2,PLS,0.00466699519965148
0.2,PLS,0.0091516945440638
0.2,PLS,0.0279434922783179
0.2,PLS,0.00867240185931969
0.2,PLS,0.0100791402458739
0.2,PLS,0.00723867347206846
0.2,PLS,0.00741824038976812
0.2,PLS,0.00840192764362955
0.2,fTS,0.00767337407264979
0.2,fTS,0.00966768521841464
0.2,fTS,0.0121795406392133
0.2,fTS,0.0207370477173954
0.2,fTS,0.0288015061991019
0.2,fTS,0.0132266947990569
0.2,fTS,0.00539921754642634
0.2,fTS,0.00762604094180162
0.2,fTS,0.00213493749155651
0.2,fTS,0.0053603614819908
0.2,fTS,0.00569346502512223
0.2,fTS,0.0110790041545654
0.2,fTS,0.00349209375008531
0.2,fTS,0.00810327745998484
0.2,fTS,0.0100315182405593
0.2,fTS,0.00603056924684471
0.2,fTS,0.00604236163633482
0.2,fTS,0.00984360049728887
0.2,fTS,0.0140054915215046
0.2,fTS,0.00752902743611472
0.2,fTS,0.00450813550745404
0.2,fTS,0.00763136035636521
0.2,fTS,0.00424047519248838
0.2,fTS,0.00766121150373005
0.2,fTS,0.011811828664552
0.2,fTS,0.0248006567118614
0.2,fTS,0.005782405135484
0.2,fTS,0.00167422760430277
0.2,fTS,0.00558661858458166
0.2,fTS,0.0136067853131693
0.2,fTS,0.00561253952733825
0.2,fTS,0.0183440641092118
0.2,fTS,0.00527869644170435
0.2,fTS,0.0123163788906664
0.2,fTS,0.00215843644857123
0.2,fTS,0.0127742253135224
0.2,fTS,0.00701301180667619
0.2,fTS,0.00748995242875754
0.2,fTS,0.0119071565651329
0.2,fTS,0.00819712482773635
0.2,fTS,0.00787175737961256
0.2,fTS,0.00372268516209899
0.2,fTS,0.00999614932226567
0.2,fTS,0.00389644531141303
0.2,fTS,0.00996272806772222
0.2,fTS,0.00496541688397655
0.2,fTS,0.00862888126922816
0.2,fTS,0.0100511964462861
0.2,fTS,0.00522699420426783
0.2,fTS,0.00823265906633443
0.2,fTS,0.00750456186851003
0.2,fTS,0.00570522125192445
0.2,fTS,0.0162099998374916
0.2,fTS,0.0176102773061753
0.2,fTS,0.00899211809205165
0.2,fTS,0.00871517501531998
0.2,fTS,0.0031188501163369
0.2,fTS,0.0116271473653148
0.2,fTS,0.00953993109197614
0.2,fTS,0.00822749761862456
0.2,fTS,0.00659418640210184
0.2,fTS,0.00119033716159497
0.2,fTS,0.00385948283691106
0.2,fTS,0.00643691351172121
0.2,fTS,0.0103793897075046
0.2,fTS,0.00115201664964608
0.2,fTS,0.0132231837089848
0.2,fTS,0.00471195694077422
0.2,fTS,0.0100716021799451
0.2,fTS,0.00956263205401532
0.2,fTS,0.0110561398552648
0.2,fTS,0.0148818652594965
0.2,fTS,0.00872462727425089
0.2,fTS,0.00562835320576202
0.2,fTS,0.0100150222843535
0.2,fTS,0.0032295224474903
0.2,fTS,0.00566246314684534
0.2,fTS,0.0141378065610481
0.2,fTS,0.00447189715182193
0.2,fTS,0.00403832297883633
0.2,fTS,0.00889761301674394
0.2,fTS,0.0084263473004986
0.2,fTS,0.0177565666407306
0.2,fTS,0.00671352246446818
0.2,fTS,0.00592050812251347
0.2,fTS,0.00832334580121652
0.2,fTS,0.00677071774682172
0.2,fTS,0.00436982910217818
0.2,fTS,0.0151315915438861
0.2,fTS,0.015538070089617
0.2,fTS,0.00653383794060077
0.2,fTS,0.0136784017242158
0.2,fTS,0.0100977712037392
0.2,fTS,0.00892528264849289
0.2,fTS,0.0129459579715935
0.2,fTS,0.0114943002329651
0.2,fTS,0.0173776828572693
0.2,fTS,0.00580403517027776
0.2,fTS,0.0141673244128912
0.2,fTS,0.00862660882237534
0.2,fTS,0.0147537920661218
0.2,fTS,0.00721954118396385
0.2,fTS,0.00903680146558299
0.2,fTS,0.00367591626601695
0.2,fTS,0.01266074001377
0.2,fTS,0.0104100346687503
0.2,fTS,0.00568934706575779
0.2,fTS,0.0128090272744441
0.2,fTS,0.00498043039352578
0.2,fTS,0.0075068458757635
0.2,fTS,0.00922982604221196
0.2,fTS,0.00439456421801794
0.2,fTS,0.0155092655471517
0.2,fTS,0.00499847192619931
0.2,fTS,0.0104100463499902
0.2,fTS,0.0187876577450105
0.2,fTS,0.00578819430981994
0.2,fTS,0.00949691764196571
0.2,fTS,0.00787970100500183
0.2,fTS,0.00764188063858795
0.2,fTS,0.0104369281001542
0.2,fTS,0.0082909786113421
0.2,fTS,0.0119508734651041
0.2,fTS,0.00174281159897128
0.2,fTS,0.00552840401226737
0.2,fTS,0.00517785565958503
0.2,fTS,0.00280644526297052
0.2,fTS,0.0189675672489571
0.2,fTS,0.00520501912380758
0.2,fTS,0.00382848974541595
0.2,fTS,0.0106435842755047
0.2,fTS,0.00723331229835107
0.2,fTS,0.00797936231689684
0.2,fTS,0.00749639655974521
0.2,fTS,0.00361633632319802
0.2,fTS,0.00784863940420417
0.2,fTS,0.00566747098186345
0.2,fTS,0.00999514681153899
0.2,fTS,0.0104856960051638
0.2,fTS,0.00990043768950842
0.2,fTS,0.00979957353142751
0.2,fTS,0.0105338337727768
0.2,fTS,0.0151951126016614
0.2,fTS,0.0155952121612464
0.2,fTS,0.00700783063740321
0.2,fTS,0.0043215066522636
0.2,fTS,0.00639842710989874
0.2,fTS,0.0126953659223514
0.2,fTS,0.0150440082763379
0.2,fTS,0.0122060557154639
0.2,fTS,0.00516409358118926
0.2,fTS,0.00368289108537107
0.2,fTS,0.00443068441754456
0.2,fTS,0.0149347998885619
0.2,fTS,0.00446175498402042
0.2,fTS,0.0101148432670413
0.2,fTS,0.0159654461023565
0.2,fTS,0.024973499067399
0.2,fTS,0.00506658389343466
0.2,fTS,0.00796912339026879
0.2,fTS,0.00865130934617809
0.2,fTS,0.00420802974630703
0.2,fTS,0.00437337957552816
0.2,fTS,0.00720199400804958
0.2,fTS,0.00696150045922225
0.2,fTS,0.00782647367794348
0.2,fTS,0.0107197606498531
0.2,fTS,0.00400781898770212
0.2,fTS,0.00430341042495999
0.2,fTS,0.00918120192418453
0.2,fTS,0.0154264773270831
0.2,fTS,0.00436172938850656
0.2,fTS,0.00292594130477876
0.2,fTS,0.012252162783751
0.2,fTS,0.0102111668039943
0.2,fTS,0.00319572009993387
0.2,fTS,0.0124123638778051
0.2,fTS,0.0121125073666635
0.2,fTS,0.018265113499498
0.2,fTS,0.00925899610229802
0.2,fTS,0.00649761363835187
0.2,fTS,0.00820883332361978
0.2,fTS,0.00498885298817743
0.2,fTS,0.00451283950217466
0.2,fTS,0.00971661500965876
0.2,fTS,0.00726530892440184
0.2,fTS,0.0245309627116607
0.2,fTS,0.0129814477073273
0.2,fTS,0.00375101094172429
0.2,fTS,0.00389757419784966
0.2,fTS,0.00796489919807177
0.2,fTS,0.0124887765121007
0.2,fTS,0.00530254811832381
0.2,fTS,0.00686439900683789
0.2,fTS,0.0232934115974618
0.2,fTS,0.00874123726602146
0.2,fTS,0.00706052534924601
0.2,fTS,0.00701278068366947
0.2,fTS,0.0105330950067907
0.2,fTS,0.00909029029744313
0.2,LS_oracle,0.00939798284580189
0.2,LS_oracle,0.00896204492040891
0.2,LS_oracle,0.0120725813838622
0.2,LS_oracle,0.0215993457354397
0.2,LS_oracle,0.0293282723636679
0.2,LS_oracle,0.0149768055131542
0.2,LS_oracle,0.00451588699706788
0.2,LS_oracle,0.00941848926161344
0.2,LS_oracle,0.00151532093010481
0.2,LS_oracle,0.00621018042024674
0.2,LS_oracle,0.00539182588523791
0.2,LS_oracle,0.010349315063425
0.2,LS_oracle,0.00417315823991088
0.2,LS_oracle,0.00973702119699534
0.2,LS_oracle,0.0102909696074986
0.2,LS_oracle,0.00614773040713631
0.2,LS_oracle,0.00832676383033987
0.2,LS_oracle,0.0110464379187222
0.2,LS_oracle,0.0173659312035715
0.2,LS_oracle,0.00644500074925741
0.2,LS_oracle,0.00457819048566054
0.2,LS_oracle,0.00999375266887685
0.2,LS_oracle,0.00538654209454439
0.2,LS_oracle,0.00670225660031795
0.2,LS_oracle,0.0142191741597558
0.2,LS_oracle,0.0149237874539434
0.2,LS_oracle,0.00518674211272331
0.2,LS_oracle,0.00178083982477052
0.2,LS_oracle,0.00634094512056696
0.2,LS_oracle,0.0135692364772921
0.2,LS_oracle,0.00582367051594988
0.2,LS_oracle,0.0165767210002769
0.2,LS_oracle,0.00574863120952429
0.2,LS_oracle,0.0146467881772771
0.2,LS_oracle,0.00247191565493083
0.2,LS_oracle,0.00879245763017101
0.2,LS_oracle,0.00352807798550795
0.2,LS_oracle,0.00393662580661396
0.2,LS_oracle,0.00943199726943012
0.2,LS_oracle,0.00800001374514342
0.2,LS_oracle,0.00619361355710371
0.2,LS_oracle,0.00212791682243419
0.2,LS_oracle,0.00672079240645556
0.2,LS_oracle,0.00539124740957196
0.2,LS_oracle,0.00925184785137852
0.2,LS_oracle,0.00690670105770236
0.2,LS_oracle,0.0104565848102834
0.2,LS_oracle,0.0131130318180656
0.2,LS_oracle,0.00460547851639686
0.2,LS_oracle,0.0135588944426777
0.2,LS_oracle,0.00812752017868213
0.2,LS_oracle,0.00359978824827481
0.2,LS_oracle,0.0146025588352865
0.2,LS_oracle,0.0154001321321143
0.2,LS_oracle,0.0116064602361043
0.2,LS_oracle,0.00775006762786067
0.2,LS_oracle,0.00325282217294169
0.2,LS_oracle,0.0104348913304444
0.2,LS_oracle,0.00522012949523463
0.2,LS_oracle,0.00803106042712486
0.2,LS_oracle,0.0092119903681539
0.2,LS_oracle,0.000908635520968732
0.2,LS_oracle,0.00394758190064179
0.2,LS_oracle,0.00738575705901349
0.2,LS_oracle,0.0123579253432299
0.2,LS_oracle,0.00117052107082293
0.2,LS_oracle,0.0123473071639173
0.2,LS_oracle,0.00615530002556163
0.2,LS_oracle,0.00670239827785431
0.2,LS_oracle,0.00778827469665602
0.2,LS_oracle,0.0106335906700138
0.2,LS_oracle,0.0146586108415904
0.2,LS_oracle,0.00955290535856629
0.2,LS_oracle,0.00719995256352708
0.2,LS_oracle,0.00968966367191594
0.2,LS_oracle,0.00281105037348393
0.2,LS_oracle,0.00518506255890346
0.2,LS_oracle,0.00898973310366108
0.2,LS_oracle,0.00572885561359289
0.2,LS_oracle,0.004738298268204
0.2,LS_oracle,0.00723655767907231
0.2,LS_oracle,0.00856296473202506
0.2,LS_oracle,0.0181039098255806
0.2,LS_oracle,0.00857910403773788
0.2,LS_oracle,0.00564815293407308
0.2,LS_oracle,0.00561281298271081
0.2,LS_oracle,0.0068045271753128
0.2,LS_oracle,0.00648514744321577
0.2,LS_oracle,0.0136407468944886
0.2,LS_oracle,0.0105072187142615
0.2,LS_oracle,0.00399688937059781
0.2,LS_oracle,0.0141853790611217
0.2,LS_oracle,0.00626713921430191
0.2,LS_oracle,0.00733574077140427
0.2,LS_oracle,0.0105750116936699
0.2,LS_oracle,0.00935838190120731
0.2,LS_oracle,0.0189005193969511
0.2,LS_oracle,0.00504569687473806
0.2,LS_oracle,0.00634548025641283
0.2,LS_oracle,0.00684122480948292
0.2,LS_oracle,0.0187240290215623
0.2,LS_oracle,0.00543546951794592
0.2,LS_oracle,0.00810972330375749
0.2,LS_oracle,0.00252439919073173
0.2,LS_oracle,0.0113614766899229
0.2,LS_oracle,0.0101474914472643
0.2,LS_oracle,0.00505866233082249
0.2,LS_oracle,0.0100505658757297
0.2,LS_oracle,0.00394685961058013
0.2,LS_oracle,0.00744482782669252
0.2,LS_oracle,0.0116230564209543
0.2,LS_oracle,0.00398820015975442
0.2,LS_oracle,0.0234100887442773
0.2,LS_oracle,0.00677971703194385
0.2,LS_oracle,0.00660727587653503
0.2,LS_oracle,0.020008345719781
0.2,LS_oracle,0.00558506991208714
0.2,LS_oracle,0.00952724386380374
0.2,LS_oracle,0.00611941192977469
0.2,LS_oracle,0.00877103207685602
0.2,LS_oracle,0.00967098972434188
0.2,LS_oracle,0.00864835000650317
0.2,LS_oracle,0.0112798879111031
0.2,LS_oracle,0.00132209815757385
0.2,LS_oracle,0.00358278768459407
0.2,LS_oracle,0.00555878608971636
0.2,LS_oracle,0.00267915057759666
0.2,LS_oracle,0.0211768993709213
0.2,LS_oracle,0.00564522902288906
0.2,LS_oracle,0.00440558386241569
0.2,LS_oracle,0.0075358386336283
0.2,LS_oracle,0.00685664787358418
0.2,LS_oracle,0.0116461365800068
0.2,LS_oracle,0.00409733334293172
0.2,LS_oracle,0.0031123981261892
0.2,LS_oracle,0.00935022156300096
0.2,LS_oracle,0.00490268923666368
0.2,LS_oracle,0.00948504968859655
0.2,LS_oracle,0.0118342781318783
0.2,LS_oracle,0.00739237665469059
0.2,LS_oracle,0.0114761442092835
0.2,LS_oracle,0.0111579550904002
0.2,LS_oracle,0.0169431347592598
0.2,LS_oracle,0.0173457328828177
0.2,LS_oracle,0.00921346290728417
0.2,LS_oracle,0.00550418091744089
0.2,LS_oracle,0.00763505282505106
0.2,LS_oracle,0.0151412512775356
0.2,LS_oracle,0.0116628588530842
0.2,LS_oracle,0.00818600644448146
0.2,LS_oracle,0.00504521825432653
0.2,LS_oracle,0.00312541755964239
0.2,LS_oracle,0.005633337709363
0.2,LS_oracle,0.0118714559834893
0.2,LS_oracle,0.002975212249773
0.2,LS_oracle,0.00610075891660177
0.2,LS_oracle,0.0168349149989561
0.2,LS_oracle,0.0285710186761043
0.2,LS_oracle,0.00580572029768839
0.2,LS_oracle,0.00468958578872363
0.2,LS_oracle,0.00781528091032274
0.2,LS_oracle,0.00288850960811417
0.2,LS_oracle,0.00459988101250419
0.2,LS_oracle,0.00696462336900381
0.2,LS_oracle,0.00556509041294539
0.2,LS_oracle,0.0106708934570191
0.2,LS_oracle,0.00650801257432048
0.2,LS_oracle,0.00413834820944765
0.2,LS_oracle,0.0053205568678335
0.2,LS_oracle,0.00691871470131785
0.2,LS_oracle,0.0227646653051444
0.2,LS_oracle,0.00347682302394014
0.2,LS_oracle,0.00492095740483855
0.2,LS_oracle,0.0107017230585451
0.2,LS_oracle,0.00802144297346743
0.2,LS_oracle,0.00274627577063328
0.2,LS_oracle,0.0143366389580006
0.2,LS_oracle,0.0115920627276179
0.2,LS_oracle,0.0234667010194007
0.2,LS_oracle,0.0106723609902048
0.2,LS_oracle,0.00593865585010435
0.2,LS_oracle,0.00839611755952905
0.2,LS_oracle,0.00478018221784682
0.2,LS_oracle,0.00344009053192679
0.2,LS_oracle,0.00818251778856688
0.2,LS_oracle,0.00691646535817188
0.2,LS_oracle,0.0255214859051686
0.2,LS_oracle,0.0135116072457013
0.2,LS_oracle,0.00591784426441885
0.2,LS_oracle,0.00491815021419743
0.2,LS_oracle,0.00633636614281186
0.2,LS_oracle,0.00665588452702216
0.2,LS_oracle,0.00635267593284718
0.2,LS_oracle,0.00923354209308508
0.2,LS_oracle,0.0260871025775282
0.2,LS_oracle,0.0080286122242539
0.2,LS_oracle,0.00614503654852943
0.2,LS_oracle,0.00698245645996919
0.2,LS_oracle,0.00762135934652845
0.2,LS_oracle,0.00697300320007076
0.2,TS_oracle,0.00768931725311647
0.2,TS_oracle,0.00943777063570084
0.2,TS_oracle,0.0104292399780396
0.2,TS_oracle,0.0204423539924457
0.2,TS_oracle,0.029032363756414
0.2,TS_oracle,0.0133852561497289
0.2,TS_oracle,0.00383099803708087
0.2,TS_oracle,0.00814983623126054
0.2,TS_oracle,0.00177071225152062
0.2,TS_oracle,0.00511029375225618
0.2,TS_oracle,0.00380829116740456
0.2,TS_oracle,0.0115726821128425
0.2,TS_oracle,0.00332748527293192
0.2,TS_oracle,0.00759153589418046
0.2,TS_oracle,0.00982995113692215
0.2,TS_oracle,0.00561079819024409
0.2,TS_oracle,0.00636010269171344
0.2,TS_oracle,0.00952023550767443
0.2,TS_oracle,0.0124475090508248
0.2,TS_oracle,0.00523626856487041
0.2,TS_oracle,0.004830876544384
0.2,TS_oracle,0.00786150101592926
0.2,TS_oracle,0.00457525207856227
0.2,TS_oracle,0.00733446002034628
0.2,TS_oracle,0.0119852242887165
0.2,TS_oracle,0.0154592164087816
0.2,TS_oracle,0.00584761846913434
0.2,TS_oracle,0.00166919336820469
0.2,TS_oracle,0.00555795055811158
0.2,TS_oracle,0.0122849464877366
0.2,TS_oracle,0.00542393469573422
0.2,TS_oracle,0.0163093062994818
0.2,TS_oracle,0.00427674621167428
0.2,TS_oracle,0.00969763792958308
0.2,TS_oracle,0.00219203691834576
0.2,TS_oracle,0.0116397381426981
0.2,TS_oracle,0.0035914881532082
0.2,TS_oracle,0.00624141505750511
0.2,TS_oracle,0.00822920580419922
0.2,TS_oracle,0.00833299665072448
0.2,TS_oracle,0.00742153872078771
0.2,TS_oracle,0.00277105885304381
0.2,TS_oracle,0.00826440066077517
0.2,TS_oracle,0.00371044980281398
0.2,TS_oracle,0.00944974214962545
0.2,TS_oracle,0.00494705017561555
0.2,TS_oracle,0.00848851508906368
0.2,TS_oracle,0.0086131259749355
0.2,TS_oracle,0.0051980633919249
0.2,TS_oracle,0.0099945587737837
0.2,TS_oracle,0.00712184279601754
0.2,TS_oracle,0.00289926322244071
0.2,TS_oracle,0.0149634574018261
0.2,TS_oracle,0.0154403029258072
0.2,TS_oracle,0.00901927209666242
0.2,TS_oracle,0.0085989042822657
0.2,TS_oracle,0.0031137397597706
0.2,TS_oracle,0.00847457585090241
0.2,TS_oracle,0.00377160992789635
0.2,TS_oracle,0.00855995249402348
0.2,TS_oracle,0.00659469200138855
0.2,TS_oracle,0.00123887517227912
0.2,TS_oracle,0.00381624876146465
0.2,TS_oracle,0.00654017859578614
0.2,TS_oracle,0.010428031331904
0.2,TS_oracle,0.00113247878043054
0.2,TS_oracle,0.0131138738794849
0.2,TS_oracle,0.00456061944985282
0.2,TS_oracle,0.00992952000913345
0.2,TS_oracle,0.00824912457569815
0.2,TS_oracle,0.0112020967765725
0.2,TS_oracle,0.0149121369293552
0.2,TS_oracle,0.00925452173985038
0.2,TS_oracle,0.00561888992710513
0.2,TS_oracle,0.00848521619829194
0.2,TS_oracle,0.00287017554230089
0.2,TS_oracle,0.00539644569444672
0.2,TS_oracle,0.00705401182429956
0.2,TS_oracle,0.00440948865628614
0.2,TS_oracle,0.00449122196129347
0.2,TS_oracle,0.00788398097745737
0.2,TS_oracle,0.00702728838697019
0.2,TS_oracle,0.0171917433506249
0.2,TS_oracle,0.0070098649755996
0.2,TS_oracle,0.00640998435577034
0.2,TS_oracle,0.00704645039563821
0.2,TS_oracle,0.00677893585460779
0.2,TS_oracle,0.00444928658173376
0.2,TS_oracle,0.0150377704735013
0.2,TS_oracle,0.0122172560624545
0.2,TS_oracle,0.00543379447300491
0.2,TS_oracle,0.0134826694838776
0.2,TS_oracle,0.00777314482312729
0.2,TS_oracle,0.00842437526637971
0.2,TS_oracle,0.0124631100791901
0.2,TS_oracle,0.00700320412974269
0.2,TS_oracle,0.0172072281876395
0.2,TS_oracle,0.0052717718163703
0.2,TS_oracle,0.00552890559102622
0.2,TS_oracle,0.00825758728182685
0.2,TS_oracle,0.0145997144101428
0.2,TS_oracle,0.00370335331949116
0.2,TS_oracle,0.0093213078440014
0.2,TS_oracle,0.00366104697167703
0.2,TS_oracle,0.0125885303136621
0.2,TS_oracle,0.00899118745936993
0.2,TS_oracle,0.0054581121517581
0.2,TS_oracle,0.0109070884023244
0.2,TS_oracle,0.00335966950851696
0.2,TS_oracle,0.00687057355671355
0.2,TS_oracle,0.00921824865692667
0.2,TS_oracle,0.00440959628521788
0.2,TS_oracle,0.0208196482984899
0.2,TS_oracle,0.00488227650038892
0.2,TS_oracle,0.00933886096000348
0.2,TS_oracle,0.019424033882269
0.2,TS_oracle,0.00562279873769114
0.2,TS_oracle,0.00916768893709866
0.2,TS_oracle,0.00720390812656547
0.2,TS_oracle,0.00767541290446336
0.2,TS_oracle,0.0103944310115382
0.2,TS_oracle,0.0069397957169502
0.2,TS_oracle,0.0121579357074936
0.2,TS_oracle,0.00174544826364642
0.2,TS_oracle,0.00534448480496235
0.2,TS_oracle,0.00470967830755278
0.2,TS_oracle,0.00284092745081915
0.2,TS_oracle,0.0192348469180787
0.2,TS_oracle,0.00585795185916949
0.2,TS_oracle,0.00321211530547321
0.2,TS_oracle,0.00804481115969348
0.2,TS_oracle,0.00627622802480454
0.2,TS_oracle,0.00858643765654756
0.2,TS_oracle,0.0047149239111043
0.2,TS_oracle,0.00348801805369339
0.2,TS_oracle,0.00756889821477222
0.2,TS_oracle,0.00459794010185553
0.2,TS_oracle,0.00989450348459253
0.2,TS_oracle,0.00854484063692812
0.2,TS_oracle,0.00908532913855826
0.2,TS_oracle,0.0106719875435175
0.2,TS_oracle,0.0103457551255647
0.2,TS_oracle,0.0148245427428026
0.2,TS_oracle,0.0156584632501709
0.2,TS_oracle,0.00634646115236169
0.2,TS_oracle,0.00396794059724694
0.2,TS_oracle,0.00778500869673303
0.2,TS_oracle,0.0126268621768421
0.2,TS_oracle,0.0114821758929712
0.2,TS_oracle,0.0110284521345771
0.2,TS_oracle,0.00514367311291687
0.2,TS_oracle,0.00322537019173979
0.2,TS_oracle,0.00428283272369097
0.2,TS_oracle,0.0148513909554014
0.2,TS_oracle,0.00410924738247663
0.2,TS_oracle,0.00711110348648539
0.2,TS_oracle,0.0154694461444536
0.2,TS_oracle,0.0252566572982493
0.2,TS_oracle,0.00477672153809037
0.2,TS_oracle,0.0055521002134525
0.2,TS_oracle,0.00761290141646078
0.2,TS_oracle,0.00312123084626772
0.2,TS_oracle,0.00468529232861607
0.2,TS_oracle,0.00527843170473392
0.2,TS_oracle,0.00595358623622242
0.2,TS_oracle,0.00948908668123435
0.2,TS_oracle,0.00534732443625978
0.2,TS_oracle,0.00371645313760625
0.2,TS_oracle,0.00525759225063018
0.2,TS_oracle,0.00910608245275325
0.2,TS_oracle,0.0150698041846009
0.2,TS_oracle,0.00352735386806643
0.2,TS_oracle,0.00361011528365393
0.2,TS_oracle,0.0106774782057121
0.2,TS_oracle,0.00892120217033776
0.2,TS_oracle,0.00313799520137011
0.2,TS_oracle,0.0127506429633015
0.2,TS_oracle,0.0120216977688191
0.2,TS_oracle,0.018265215371877
0.2,TS_oracle,0.00884971321232002
0.2,TS_oracle,0.00579701071888561
0.2,TS_oracle,0.00890508330616869
0.2,TS_oracle,0.00525583058473736
0.2,TS_oracle,0.00442166810896739
0.2,TS_oracle,0.0100536580164063
0.2,TS_oracle,0.00720857191515855
0.2,TS_oracle,0.0235096074400726
0.2,TS_oracle,0.011450995504224
0.2,TS_oracle,0.0037176046423994
0.2,TS_oracle,0.00365994847773328
0.2,TS_oracle,0.00782054419355446
0.2,TS_oracle,0.00495897217631874
0.2,TS_oracle,0.00613163611865898
0.2,TS_oracle,0.00689709813174813
0.2,TS_oracle,0.0216230951469174
0.2,TS_oracle,0.00843016034725769
0.2,TS_oracle,0.00547778514713486
0.2,TS_oracle,0.00569152127033255
0.2,TS_oracle,0.0111275841465608
0.2,TS_oracle,0.00863957837040959
0.3,PLS,0.00960479892672101
0.3,PLS,0.0168931512183025
0.3,PLS,0.0099367395762724
0.3,PLS,0.00535878118048838
0.3,PLS,0.0109904428923192
0.3,PLS,0.00358181455609787
0.3,PLS,0.00936473515853176
0.3,PLS,0.0197969625279526
0.3,PLS,0.00587065791759272
0.3,PLS,0.00745524964470185
0.3,PLS,0.00775940104733309
0.3,PLS,0.0185209726383007
0.3,PLS,0.0109027512014343
0.3,PLS,0.0109724774180008
0.3,PLS,0.00232758027004261
0.3,PLS,0.00373369025424996
0.3,PLS,0.00963364184142105
0.3,PLS,0.0176973271033129
0.3,PLS,0.00454193672015495
0.3,PLS,0.0101447682211662
0.3,PLS,0.016243386309362
0.3,PLS,0.00781975050307518
0.3,PLS,0.0193131033270179
0.3,PLS,0.00746429868531769
0.3,PLS,0.00194759984625903
0.3,PLS,0.00986553776406728
0.3,PLS,0.0169500514994643
0.3,PLS,0.0381106401825253
0.3,PLS,0.0168037850427247
0.3,PLS,0.00943660454117325
0.3,PLS,0.0043364325755323
0.3,PLS,0.00877113532404138
0.3,PLS,0.00408094098765025
0.3,PLS,0.00491941876051318
0.3,PLS,0.00618358120994903
0.3,PLS,0.00918356687300751
0.3,PLS,0.00940001439341782
0.3,PLS,0.0214319368129599
0.3,PLS,0.0142025648163039
0.3,PLS,0.00259908284861957
0.3,PLS,0.0075054018659381
0.3,PLS,0.0120997368518012
0.3,PLS,0.0111194125557572
0.3,PLS,0.00988233906066764
0.3,PLS,0.00499176594958967
0.3,PLS,0.00811193139365042
0.3,PLS,0.00865013455952388
0.3,PLS,0.00634411622168257
0.3,PLS,0.0058748514831128
0.3,PLS,0.010378633200456
0.3,PLS,0.0164091039469181
0.3,PLS,0.00717515483993475
0.3,PLS,0.0127761981781184
0.3,PLS,0.0109994626095836
0.3,PLS,0.0158509691958778
0.3,PLS,0.00470973140018699
0.3,PLS,0.0108478984235652
0.3,PLS,0.00353167189307228
0.3,PLS,0.0110984228602106
0.3,PLS,0.00996004539232219
0.3,PLS,0.00712878176311398
0.3,PLS,0.0200267794705443
0.3,PLS,0.0159470526162013
0.3,PLS,0.0103888452391338
0.3,PLS,0.00949519695424779
0.3,PLS,0.0100895753765044
0.3,PLS,0.00543380987540642
0.3,PLS,0.00368544586009716
0.3,PLS,0.00604340520218723
0.3,PLS,0.0202389174981365
0.3,PLS,0.00737362953484293
0.3,PLS,0.0168538101489625
0.3,PLS,0.0140192008089909
0.3,PLS,0.0175421685570982
0.3,PLS,0.00804723037218205
0.3,PLS,0.0242150473384756
0.3,PLS,0.0197749845017375
0.3,PLS,0.0052079384277332
0.3,PLS,0.012657420328836
0.3,PLS,0.01059258400815
0.3,PLS,0.0290174908850037
0.3,PLS,0.016987033392319
0.3,PLS,0.00897352979863079
0.3,PLS,0.00720321166394474
0.3,PLS,0.0120857316429571
0.3,PLS,0.0116439002224637
0.3,PLS,0.0126299611796437
0.3,PLS,0.00635191008194265
0.3,PLS,0.0124147284023684
0.3,PLS,0.0151328825062784
0.3,PLS,0.0149374096335757
0.3,PLS,0.00447658971441839
0.3,PLS,0.0088424480641962
0.3,PLS,0.0216541466051759
0.3,PLS,0.00266110686315203
0.3,PLS,0.00665786896130108
0.3,PLS,0.010844072061186
0.3,PLS,0.00649574743144152
0.3,PLS,0.00435007341206593
0.3,PLS,0.00681662728438728
0.3,PLS,0.00662476553662396
0.3,PLS,0.00701805564343259
0.3,PLS,0.00927849855546385
0.3,PLS,0.00905567930588873
0.3,PLS,0.00416292025907811
0.3,PLS,0.00564070296284486
0.3,PLS,0.0055508455015843
0.3,PLS,0.0069467878605774
0.3,PLS,0.0115517927486418
0.3,PLS,0.0051796414639477
0.3,PLS,0.00987967205261927
0.3,PLS,0.0209004207970649
0.3,PLS,0.00437696921398709
0.3,PLS,0.00678817370673708
0.3,PLS,0.0153278916968261
0.3,PLS,0.00712619476206241
0.3,PLS,0.00415384948246698
0.3,PLS,0.0277029774585716
0.3,PLS,0.0037963603200221
0.3,PLS,0.00654072342101639
0.3,PLS,0.0124626915441404
0.3,PLS,0.00890212880814819
0.3,PLS,0.0048522446429148
0.3,PLS,0.00474529438900477
0.3,PLS,0.00222174049125503
0.3,PLS,0.0167791484678849
0.3,PLS,0.00538989599757127
0.3,PLS,0.00549151809750818
0.3,PLS,0.00803652945156511
0.3,PLS,0.0100309840362915
0.3,PLS,0.00631052606052796
0.3,PLS,0.00780138926875671
0.3,PLS,0.00389514557340002
0.3,PLS,0.00909573370904266
0.3,PLS,0.00792596969932229
0.3,PLS,0.0030971315494667
0.3,PLS,0.00412133144079313
0.3,PLS,0.00861992620799747
0.3,PLS,0.00328242917018627
0.3,PLS,0.00585700033184673
0.3,PLS,0.0142675476910844
0.3,PLS,0.00306186839494672
0.3,PLS,0.00754333048349731
0.3,PLS,0.0067789274013682
0.3,PLS,0.00958506898801288
0.3,PLS,0.00978229003521885
0.3,PLS,0.0107119914696437
0.3,PLS,0.00234732426532536
0.3,PLS,0.0064062654032209
0.3,PLS,0.0115335185038535
0.3,PLS,0.00964595635002373
0.3,PLS,0.00619853020558856
0.3,PLS,0.00785676205073641
0.3,PLS,0.00709837360504534
0.3,PLS,0.00898437370589563
0.3,PLS,0.0110463024368789
0.3,PLS,0.0120876105947106
0.3,PLS,0.0021203744988813
0.3,PLS,0.00565321331016352
0.3,PLS,0.00548435706976581
0.3,PLS,0.00627100096201847
0.3,PLS,0.00600316703852818
0.3,PLS,0.00694563185820881
0.3,PLS,0.0129509269450125
0.3,PLS,0.0121917195520386
0.3,PLS,0.012410289486293
0.3,PLS,0.0168708275163883
0.3,PLS,0.00612596527280585
0.3,PLS,0.0105963666058289
0.3,PLS,0.00265886987021038
0.3,PLS,0.00643925693323516
0.3,PLS,0.00893770443444605
0.3,PLS,0.00400651928966024
0.3,PLS,0.0139067596389183
0.3,PLS,0.00560048896717758
0.3,PLS,0.0158401588517101
0.3,PLS,0.00579381339716112
0.3,PLS,0.00224067961430508
0.3,PLS,0.00340012643942008
0.3,PLS,0.0111562826204353
0.3,PLS,0.00594395525886428
0.3,PLS,0.0147428323463386
0.3,PLS,0.00944214572749304
0.3,PLS,0.00362340385101297
0.3,PLS,0.00939538061260849
0.3,PLS,0.0238902955903795
0.3,PLS,0.0083584713171571
0.3,PLS,0.0182902953766935
0.3,PLS,0.0228246639104406
0.3,PLS,0.0196691651923554
0.3,PLS,0.0103326205983946
0.3,PLS,0.0419500857477222
0.3,PLS,0.0218598752584101
0.3,PLS,0.00765074913935508
0.3,PLS,0.0195288757427241
0.3,PLS,0.0114508243246986
0.3,PLS,0.00314307843641608
0.3,PLS,0.0104543238491325
0.3,PLS,0.00702513476040349
0.3,PLS,0.00881759944570237
0.3,fTS,0.00843590534261754
0.3,fTS,0.014534316039714
0.3,fTS,0.0121242104509027
0.3,fTS,0.00460309239203651
0.3,fTS,0.00917733102443249
0.3,fTS,0.00605378804055592
0.3,fTS,0.00901108690124149
0.3,fTS,0.0103908655198484
0.3,fTS,0.0073918773673169
0.3,fTS,0.00486604858221768
0.3,fTS,0.00747359238925534
0.3,fTS,0.0194564364223548
0.3,fTS,0.0126211128677989
0.3,fTS,0.0112685230392368
0.3,fTS,0.00264787180120862
0.3,fTS,0.00330951611133719
0.3,fTS,0.00590097610890103
0.3,fTS,0.0126988665008724
0.3,fTS,0.00463663707507285
0.3,fTS,0.00800392769513142
0.3,fTS,0.0170214611580001
0.3,fTS,0.0080764290677895
0.3,fTS,0.0134169858793914
0.3,fTS,0.0101527826250261
0.3,fTS,0.00156683468892576
0.3,fTS,0.00719256522507384
0.3,fTS,0.01284759822574
0.3,fTS,0.0232163362194936
0.3,fTS,0.00849532154942429
0.3,fTS,0.00763034447208379
0.3,fTS,0.00413789663095727
0.3,fTS,0.00713157461965827
0.3,fTS,0.00311543171509493
0.3,fTS,0.00840138428889368
0.3,fTS,0.00435041195346566
0.3,fTS,0.0122305487057601
0.3,fTS,0.00960298648415866
0.3,fTS,0.0248921565902059
0.3,fTS,0.0139866629649972
0.3,fTS,0.00374673719052794
0.3,fTS,0.00712748118327969
0.3,fTS,0.00790209147205732
0.3,fTS,0.00808083820876553
0.3,fTS,0.00691519654978198
0.3,fTS,0.00662068308674876
0.3,fTS,0.0155493169452675
0.3,fTS,0.00637410936658438
0.3,fTS,0.00898481787827417
0.3,fTS,0.00410429522599796
0.3,fTS,0.00845388747076165
0.3,fTS,0.014905223521749
0.3,fTS,0.00733195609334177
0.3,fTS,0.0107424356511838
0.3,fTS,0.0103846513282465
0.3,fTS,0.0130944807814071
0.3,fTS,0.00329878052803052
0.3,fTS,0.00901284435692277
0.3,fTS,0.0049265460591688
0.3,fTS,0.00747771583442431
0.3,fTS,0.00784677026505352
0.3,fTS,0.00551216649094301
0.3,fTS,0.0172998365467325
0.3,fTS,0.0151905314739369
0.3,fTS,0.0131236482496991
0.3,fTS,0.0111259337949456
0.3,fTS,0.00528588015489514
0.3,fTS,0.00470522204366658
0.3,fTS,0.00362092490784092
0.3,fTS,0.00374022748676376
0.3,fTS,0.022268314926663
0.3,fTS,0.00863103752304348
0.3,fTS,0.0142732787834356
0.3,fTS,0.00986907909976488
0.3,fTS,0.0141939934891821
0.3,fTS,0.00708071184375163
0.3,fTS,0.0186323277157125
0.3,fTS,0.00674688955308544
0.3,fTS,0.00403518194808159
0.3,fTS,0.0107800262793885
0.3,fTS,0.00966185911086274
0.3,fTS,0.0141813936298055
0.3,fTS,0.0159705423872446
0.3,fTS,0.00798475112847543
0.3,fTS,0.00558319673533707
0.3,fTS,0.0107156237374945
0.3,fTS,0.00862241045860108
0.3,fTS,0.00835424049409329
0.3,fTS,0.00401931679231289
0.3,fTS,0.016102326035819
0.3,fTS,0.0120069222220216
0.3,fTS,0.0109204081368949
0.3,fTS,0.00704454975346521
0.3,fTS,0.0121072125920989
0.3,fTS,0.0193981442429691
0.3,fTS,0.00341965236315663
0.3,fTS,0.00705438177307607
0.3,fTS,0.0104385039621096
0.3,fTS,0.00246119573159997
0.3,fTS,0.00335814576731526
0.3,fTS,0.0051169679342196
0.3,fTS,0.00572763663502581
0.3,fTS,0.00869460424413528
0.3,fTS,0.00798537629017553
0.3,fTS,0.0108479817212943
0.3,fTS,0.00353706915091455
0.3,fTS,0.00423026092981717
0.3,fTS,0.00656927082444953
0.3,fTS,0.00838596761325016
0.3,fTS,0.0111735030309047
0.3,fTS,0.00458653342114125
0.3,fTS,0.0104024207978612
0.3,fTS,0.0176382776768511
0.3,fTS,0.00257665964023995
0.3,fTS,0.00670252547645207
0.3,fTS,0.0139173127196107
0.3,fTS,0.00583830109163674
0.3,fTS,0.0032687959631588
0.3,fTS,0.0286594980278914
0.3,fTS,0.00465813641211015
0.3,fTS,0.00501655531691703
0.3,fTS,0.0101036516584737
0.3,fTS,0.00976274761895976
0.3,fTS,0.00491385518664354
0.3,fTS,0.00475003384310025
0.3,fTS,0.00251803572078125
0.3,fTS,0.0128908916391463
0.3,fTS,0.012144485474603
0.3,fTS,0.00279406770360218
0.3,fTS,0.00597396553117315
0.3,fTS,0.00907453168508779
0.3,fTS,0.00606947767761716
0.3,fTS,0.0072587164215921
0.3,fTS,0.00485888465624401
0.3,fTS,0.00640907095099465
0.3,fTS,0.00362099830841144
0.3,fTS,0.00233097556953868
0.3,fTS,0.00230514497674331
0.3,fTS,0.00726467089565368
0.3,fTS,0.00360411729895778
0.3,fTS,0.0106629475200778
0.3,fTS,0.00920358371060651
0.3,fTS,0.00293741327299258
0.3,fTS,0.00307775329920246
0.3,fTS,0.0101702937234912
0.3,fTS,0.00625034219225329
0.3,fTS,0.00718770886546116
0.3,fTS,0.0105357745274912
0.3,fTS,0.000923352777795768
0.3,fTS,0.00565379755971525
0.3,fTS,0.00974996227555834
0.3,fTS,0.00635771737673496
0.3,fTS,0.00835145627888236
0.3,fTS,0.00882185670025657
0.3,fTS,0.00684778025499016
0.3,fTS,0.00936882583447177
0.3,fTS,0.0102039931721879
0.3,fTS,0.0106682405325311
0.3,fTS,0.00145338365571657
0.3,fTS,0.0054042517603469
0.3,fTS,0.00388485444627752
0.3,fTS,0.00550614177461717
0.3,fTS,0.00225753605004272
0.3,fTS,0.00785803410742872
0.3,fTS,0.0139094001202723
0.3,fTS,0.00757026712007126
0.3,fTS,0.00991237663179743
0.3,fTS,0.0106899231468382
0.3,fTS,0.00728667697937922
0.3,fTS,0.00718839914863029
0.3,fTS,0.00235999448690462
0.3,fTS,0.00630741750713161
0.3,fTS,0.00441985019608358
0.3,fTS,0.00498919182049345
0.3,fTS,0.0110888613352416
0.3,fTS,0.00723414088747419
0.3,fTS,0.00835176903335266
0.3,fTS,0.00346413616215712
0.3,fTS,0.00307230367570691
0.3,fTS,0.00411192915479226
0.3,fTS,0.00816473657595018
0.3,fTS,0.00448686227816933
0.3,fTS,0.00997033629620664
0.3,fTS,0.00930686675919529
0.3,fTS,0.00468632147248145
0.3,fTS,0.0117878013362657
0.3,fTS,0.015987041973435
0.3,fTS,0.0072472562634928
0.3,fTS,0.0106795550325337
0.3,fTS,0.0197711221999249
0.3,fTS,0.0109752059019178
0.3,fTS,0.011779152819704
0.3,fTS,0.0308956982725428
0.3,fTS,0.0210569784630217
0.3,fTS,0.00416472651016822
0.3,fTS,0.0142679878688931
0.3,fTS,0.00991781843303235
0.3,fTS,0.0027856324304613
0.3,fTS,0.00794051788444826
0.3,fTS,0.00416891382845935
0.3,fTS,0.00927189160026863
0.3,LS_oracle,0.0098367225182957
0.3,LS_oracle,0.0162333014665685
0.3,LS_oracle,0.010051632551875
0.3,LS_oracle,0.00662727434431826
0.3,LS_oracle,0.00971246693999693
0.3,LS_oracle,0.0035818658437482
0.3,LS_oracle,0.00966773107667176
0.3,LS_oracle,0.0196175892439882
0.3,LS_oracle,0.00608891048088831
0.3,LS_oracle,0.00569612374783933
0.3,LS_oracle,0.00762858133908841
0.3,LS_oracle,0.014650483134455
0.3,LS_oracle,0.0110282124447804
0.3,LS_oracle,0.0109303541114512
0.3,LS_oracle,0.00132883866039811
0.3,LS_oracle,0.00434362799240491
0.3,LS_oracle,0.00944135732344707
0.3,LS_oracle,0.0185801566122221
0.3,LS_oracle,0.00414374423098219
0.3,LS_oracle,0.0100057091336794
0.3,LS_oracle,0.0150963382024087
0.3,LS_oracle,0.00781528842203416
0.3,LS_oracle,0.0165111680724912
0.3,LS_oracle,0.0067211612216596
0.3,LS_oracle,0.0019288596840278
0.3,LS_oracle,0.00794455402011418
0.3,LS_oracle,0.0138925243037377
0.3,LS_oracle,0.0279889218575992
0.3,LS_oracle,0.0109453057259866
0.3,LS_oracle,0.00896426104116185
0.3,LS_oracle,0.00417821779249994
0.3,LS_oracle,0.00809367868282217
0.3,LS_oracle,0.00356029440391283
0.3,LS_oracle,0.00491567720650748
0.3,LS_oracle,0.00623991953194792
0.3,LS_oracle,0.00890878102643732
0.3,LS_oracle,0.00917689958190829
0.3,LS_oracle,0.0209970332054141
0.3,LS_oracle,0.0135960096211383
0.3,LS_oracle,0.00241405199366423
0.3,LS_oracle,0.00706804351053327
0.3,LS_oracle,0.00705036799858553
0.3,LS_oracle,0.00997076024431047
0.3,LS_oracle,0.0097561779340885
0.3,LS_oracle,0.00598108440468117
0.3,LS_oracle,0.00704959667732995
0.3,LS_oracle,0.00863027161830186
0.3,LS_oracle,0.00674795729191371
0.3,LS_oracle,0.00480629909944748
0.3,LS_oracle,0.00785583599556679
0.3,LS_oracle,0.0124900150488355
0.3,LS_oracle,0.00706206488342121
0.3,LS_oracle,0.0124156859083582
0.3,LS_oracle,0.00912626122720591
0.3,LS_oracle,0.0136965937545794
0.3,LS_oracle,0.00441711516886201
0.3,LS_oracle,0.00906894158223392
0.3,LS_oracle,0.00331268875892167
0.3,LS_oracle,0.0102880009861117
0.3,LS_oracle,0.0100227146979426
0.3,LS_oracle,0.00479764041952925
0.3,LS_oracle,0.0201698436948711
0.3,LS_oracle,0.0159905640238197
0.3,LS_oracle,0.00967208289652327
0.3,LS_oracle,0.00913079965089801
0.3,LS_oracle,0.00836646104961552
0.3,LS_oracle,0.00514022646806604
0.3,LS_oracle,0.00368999808967947
0.3,LS_oracle,0.0060443435481311
0.3,LS_oracle,0.0163913972596725
0.3,LS_oracle,0.00480092692735022
0.3,LS_oracle,0.0181972720555612
0.3,LS_oracle,0.0116546722876046
0.3,LS_oracle,0.0162245183117783
0.3,LS_oracle,0.00993804436337916
0.3,LS_oracle,0.0222059602898637
0.3,LS_oracle,0.0114829021104443
0.3,LS_oracle,0.00511777781727237
0.3,LS_oracle,0.012751291892499
0.3,LS_oracle,0.00859393737027207
0.3,LS_oracle,0.026837164476588
0.3,LS_oracle,0.0144394075679174
0.3,LS_oracle,0.00754758089204032
0.3,LS_oracle,0.00456641780071597
0.3,LS_oracle,0.0110286540919082
0.3,LS_oracle,0.00724889650089294
0.3,LS_oracle,0.0130611304869606
0.3,LS_oracle,0.00544164855182589
0.3,LS_oracle,0.0104652972233036
0.3,LS_oracle,0.0165479811408672
0.3,LS_oracle,0.0149808421804236
0.3,LS_oracle,0.00372146670140727
0.3,LS_oracle,0.00762620311181783
0.3,LS_oracle,0.0234357386401559
0.3,LS_oracle,0.00274429406613507
0.3,LS_oracle,0.00615680995741832
0.3,LS_oracle,0.0112818495852192
0.3,LS_oracle,0.00560101017590081
0.3,LS_oracle,0.00423034487954746
0.3,LS_oracle,0.00646079722867944
0.3,LS_oracle,0.00615346946063012
0.3,LS_oracle,0.00723153067737587
0.3,LS_oracle,0.00913225458669617
0.3,LS_oracle,0.00714819386769299
0.3,LS_oracle,0.00679508845109542
0.3,LS_oracle,0.00561623193153448
0.3,LS_oracle,0.00521803679545439
0.3,LS_oracle,0.00706960589272585
0.3,LS_oracle,0.0119110290509471
0.3,LS_oracle,0.00353200482906635
0.3,LS_oracle,0.00626976576774164
0.3,LS_oracle,0.0175902145289012
0.3,LS_oracle,0.00493287378452999
0.3,LS_oracle,0.00669676966577456
0.3,LS_oracle,0.0145670949410075
0.3,LS_oracle,0.00730748176176219
0.3,LS_oracle,0.00277433523289508
0.3,LS_oracle,0.0194766070720326
0.3,LS_oracle,0.00370407645011484
0.3,LS_oracle,0.00635913480762882
0.3,LS_oracle,0.0109025659889071
0.3,LS_oracle,0.00852795728672459
0.3,LS_oracle,0.00432480086041443
0.3,LS_oracle,0.00479839264025296
0.3,LS_oracle,0.00252918677447551
0.3,LS_oracle,0.012525005842283
0.3,LS_oracle,0.00381383929747534
0.3,LS_oracle,0.0050744051801345
0.3,LS_oracle,0.00272250282662199
0.3,LS_oracle,0.0103969801044039
0.3,LS_oracle,0.00611599447378474
0.3,LS_oracle,0.00770779856351919
0.3,LS_oracle,0.00377223904936775
0.3,LS_oracle,0.00880104996315053
0.3,LS_oracle,0.00692187750961633
0.3,LS_oracle,0.00307623203900255
0.3,LS_oracle,0.00315852207091093
0.3,LS_oracle,0.0103629455221691
0.3,LS_oracle,0.00228627144647662
0.3,LS_oracle,0.00589150174088485
0.3,LS_oracle,0.0134796517077832
0.3,LS_oracle,0.00263818083487981
0.3,LS_oracle,0.00855909181145263
0.3,LS_oracle,0.00687718875157326
0.3,LS_oracle,0.00871184492515846
0.3,LS_oracle,0.00754457852801349
0.3,LS_oracle,0.0107549436797667
0.3,LS_oracle,0.00393923391662658
0.3,LS_oracle,0.0052431590658852
0.3,LS_oracle,0.0116712665193125
0.3,LS_oracle,0.0078869631991302
0.3,LS_oracle,0.00547138711221938
0.3,LS_oracle,0.0113458337547092
0.3,LS_oracle,0.00816576451770343
0.3,LS_oracle,0.00893659910643877
0.3,LS_oracle,0.0110461224860027
0.3,LS_oracle,0.0102682698992666
0.3,LS_oracle,0.00168242160580564
0.3,LS_oracle,0.00483540924948716
0.3,LS_oracle,0.00674015629179236
0.3,LS_oracle,0.00531085772842926
0.3,LS_oracle,0.00651711506685364
0.3,LS_oracle,0.00706298234777325
0.3,LS_oracle,0.0119348976513989
0.3,LS_oracle,0.0106084041539057
0.3,LS_oracle,0.00952681138072159
0.3,LS_oracle,0.0161711200057188
0.3,LS_oracle,0.00602106972319191
0.3,LS_oracle,0.00798327744300588
0.3,LS_oracle,0.00362840223129205
0.3,LS_oracle,0.00515221381955199
0.3,LS_oracle,0.00899600537381715
0.3,LS_oracle,0.00340214967437925
0.3,LS_oracle,0.0145991621947196
0.3,LS_oracle,0.00537802495128913
0.3,LS_oracle,0.0145288374188164
0.3,LS_oracle,0.00589114522789394
0.3,LS_oracle,0.00214753986853236
0.3,LS_oracle,0.00291074526922667
0.3,LS_oracle,0.0107676067550073
0.3,LS_oracle,0.00589027542767711
0.3,LS_oracle,0.0129598106897195
0.3,LS_oracle,0.00624720457377483
0.3,LS_oracle,0.00348804026347469
0.3,LS_oracle,0.0095769543639616
0.3,LS_oracle,0.0181958749309428
0.3,LS_oracle,0.00824634812523738
0.3,LS_oracle,0.0144614444164875
0.3,LS_oracle,0.0201999160353568
0.3,LS_oracle,0.0194450237349954
0.3,LS_oracle,0.0116776055120568
0.3,LS_oracle,0.0121867622276049
0.3,LS_oracle,0.0159822338184976
0.3,LS_oracle,0.00465416068340156
0.3,LS_oracle,0.0191682004905161
0.3,LS_oracle,0.00969895788793365
0.3,LS_oracle,0.0028642542151841
0.3,LS_oracle,0.0100748504430023
0.3,LS_oracle,0.00262433860115261
0.3,LS_oracle,0.00771576558006349
0.3,TS_oracle,0.00833022285850048
0.3,TS_oracle,0.0139074791688035
0.3,TS_oracle,0.0111737847472226
0.3,TS_oracle,0.00507776233202544
0.3,TS_oracle,0.00758012390960807
0.3,TS_oracle,0.00589314382920975
0.3,TS_oracle,0.00871101412620325
0.3,TS_oracle,0.0102164609608546
0.3,TS_oracle,0.00772304160899284
0.3,TS_oracle,0.00435508485300445
0.3,TS_oracle,0.00618423000233706
0.3,TS_oracle,0.0106552311177757
0.3,TS_oracle,0.0127783027092796
0.3,TS_oracle,0.0112513497420244
0.3,TS_oracle,0.00149099787467187
0.3,TS_oracle,0.00351030910564645
0.3,TS_oracle,0.00545102534617484
0.3,TS_oracle,0.0129330508664348
0.3,TS_oracle,0.0042553422195118
0.3,TS_oracle,0.00785946783300251
0.3,TS_oracle,0.0164464929033017
0.3,TS_oracle,0.00804620317946726
0.3,TS_oracle,0.011980941112255
0.3,TS_oracle,0.0088563036756139
0.3,TS_oracle,0.00162417671669606
0.3,TS_oracle,0.00414626318126755
0.3,TS_oracle,0.011915660088855
0.3,TS_oracle,0.0218971282857049
0.3,TS_oracle,0.00849582094954507
0.3,TS_oracle,0.00740492161331056
0.3,TS_oracle,0.00412005755969589
0.3,TS_oracle,0.00734583321290726
0.3,TS_oracle,0.00257920811345905
0.3,TS_oracle,0.00852243348844976
0.3,TS_oracle,0.00440956808129238
0.3,TS_oracle,0.0082953706405486
0.3,TS_oracle,0.00999622959683555
0.3,TS_oracle,0.0245684101812315
0.3,TS_oracle,0.0135848938961521
0.3,TS_oracle,0.00369227416528602
0.3,TS_oracle,0.00697767344370514
0.3,TS_oracle,0.00471951822741923
0.3,TS_oracle,0.00792826712786207
0.3,TS_oracle,0.00690056292749181
0.3,TS_oracle,0.00631453537546338
0.3,TS_oracle,0.0108270585689312
0.3,TS_oracle,0.00624539639420045
0.3,TS_oracle,0.00944076436667812
0.3,TS_oracle,0.00320753018035188
0.3,TS_oracle,0.00644304290669093
0.3,TS_oracle,0.0122722889304292
0.3,TS_oracle,0.00733173503825443
0.3,TS_oracle,0.00956591801313066
0.3,TS_oracle,0.00895251253121935
0.3,TS_oracle,0.0118286632418021
0.3,TS_oracle,0.00306004232615538
0.3,TS_oracle,0.00726394009252475
0.3,TS_oracle,0.00475037044443493
0.3,TS_oracle,0.00711371396676134
0.3,TS_oracle,0.00768271766353688
0.3,TS_oracle,0.00536331120894921
0.3,TS_oracle,0.0173453453268163
0.3,TS_oracle,0.0152105875049525
0.3,TS_oracle,0.0117620264697361
0.3,TS_oracle,0.0102266744572203
0.3,TS_oracle,0.00518585912953895
0.3,TS_oracle,0.00445469935835875
0.3,TS_oracle,0.00355390175678393
0.3,TS_oracle,0.00374967435371172
0.3,TS_oracle,0.0182479160327934
0.3,TS_oracle,0.00494702842498722
0.3,TS_oracle,0.0150489349552947
0.3,TS_oracle,0.00808856959170667
0.3,TS_oracle,0.012043607646236
0.3,TS_oracle,0.00792673073005319
0.3,TS_oracle,0.0155009957639888
0.3,TS_oracle,0.00523009841329362
0.3,TS_oracle,0.00452989786406143
0.3,TS_oracle,0.0108567250221861
0.3,TS_oracle,0.00552910273125788
0.3,TS_oracle,0.0138113527405458
0.3,TS_oracle,0.0143634772441051
0.3,TS_oracle,0.00501656460005542
0.3,TS_oracle,0.00523179209777685
0.3,TS_oracle,0.00947507773543318
0.3,TS_oracle,0.00417180049151085
0.3,TS_oracle,0.00843789207820386
0.3,TS_oracle,0.00401995619767062
0.3,TS_oracle,0.0151354415255372
0.3,TS_oracle,0.0127041770063644
0.3,TS_oracle,0.0116928040660033
0.3,TS_oracle,0.00569694542676317
0.3,TS_oracle,0.00874139462920582
0.3,TS_oracle,0.0203634666775594
0.3,TS_oracle,0.0026090179395487
0.3,TS_oracle,0.00561232394999152
0.3,TS_oracle,0.0107289527568504
0.3,TS_oracle,0.00225043559671353
0.3,TS_oracle,0.00324923312640189
0.3,TS_oracle,0.00492712520266496
0.3,TS_oracle,0.00543833130510068
0.3,TS_oracle,0.00881750014910338
0.3,TS_oracle,0.00785191513888007
0.3,TS_oracle,0.00894829986026268
0.3,TS_oracle,0.00530200988316964
0.3,TS_oracle,0.00423441825501966
0.3,TS_oracle,0.00631364097430501
0.3,TS_oracle,0.0085004463395433
0.3,TS_oracle,0.01144614201104
0.3,TS_oracle,0.00337051355271539
0.3,TS_oracle,0.00590632034262881
0.3,TS_oracle,0.0165789335677306
0.3,TS_oracle,0.00291711204577401
0.3,TS_oracle,0.00672135287344493
0.3,TS_oracle,0.0124623385493009
0.3,TS_oracle,0.00597797633202007
0.3,TS_oracle,0.00202499577127886
0.3,TS_oracle,0.0167992376078593
0.3,TS_oracle,0.00455983002296903
0.3,TS_oracle,0.00489922308728856
0.3,TS_oracle,0.00867586387146888
0.3,TS_oracle,0.00940573236762779
0.3,TS_oracle,0.00362170771702297
0.3,TS_oracle,0.00468252153561968
0.3,TS_oracle,0.00263793989056635
0.3,TS_oracle,0.0107667774794928
0.3,TS_oracle,0.00490574505799954
0.3,TS_oracle,0.00281821512989719
0.3,TS_oracle,0.00305692973584385
0.3,TS_oracle,0.00890872741430427
0.3,TS_oracle,0.00421399922252637
0.3,TS_oracle,0.00684539890709418
0.3,TS_oracle,0.00475685643428712
0.3,TS_oracle,0.00604157661667955
0.3,TS_oracle,0.00323684701966609
0.3,TS_oracle,0.00201565397776529
0.3,TS_oracle,0.00205701946159342
0.3,TS_oracle,0.00803971604005783
0.3,TS_oracle,0.00156315481566918
0.3,TS_oracle,0.0106741204453367
0.3,TS_oracle,0.00895710869311949
0.3,TS_oracle,0.00318121551406581
0.3,TS_oracle,0.00360019643275511
0.3,TS_oracle,0.0104315206754437
0.3,TS_oracle,0.00529572182228396
0.3,TS_oracle,0.00483749152962211
0.3,TS_oracle,0.0107560853536472
0.3,TS_oracle,0.00195938282781002
0.3,TS_oracle,0.00371300040959871
0.3,TS_oracle,0.0102085899047443
0.3,TS_oracle,0.00624931364726155
0.3,TS_oracle,0.00815911505736614
0.3,TS_oracle,0.0107167062993801
0.3,TS_oracle,0.00797423007606563
0.3,TS_oracle,0.00991243271880873
0.3,TS_oracle,0.010206140806374
0.3,TS_oracle,0.0105986888846754
0.3,TS_oracle,0.00127710345614472
0.3,TS_oracle,0.00423715123771376
0.3,TS_oracle,0.00343984659239804
0.3,TS_oracle,0.00553457344818405
0.3,TS_oracle,0.00252571867778133
0.3,TS_oracle,0.00796167332316471
0.3,TS_oracle,0.0125346800631728
0.3,TS_oracle,0.00701387221288661
0.3,TS_oracle,0.0095352900053546
0.3,TS_oracle,0.0102137855987386
0.3,TS_oracle,0.00711610407702333
0.3,TS_oracle,0.00636679746442502
0.3,TS_oracle,0.00311906051424708
0.3,TS_oracle,0.00582051658853919
0.3,TS_oracle,0.00447687057617625
0.3,TS_oracle,0.00458375542584104
0.3,TS_oracle,0.0112483329476322
0.3,TS_oracle,0.00689739470682185
0.3,TS_oracle,0.00831690709471104
0.3,TS_oracle,0.00336232790790793
0.3,TS_oracle,0.00312595834650189
0.3,TS_oracle,0.00393196556689454
0.3,TS_oracle,0.00788916267649972
0.3,TS_oracle,0.00456547787407987
0.3,TS_oracle,0.00872070878557875
0.3,TS_oracle,0.00769493755659281
0.3,TS_oracle,0.0047384095950058
0.3,TS_oracle,0.0121819805141809
0.3,TS_oracle,0.013986469166028
0.3,TS_oracle,0.00717875034974831
0.3,TS_oracle,0.00993369044620737
0.3,TS_oracle,0.0190011579948491
0.3,TS_oracle,0.0111438294522369
0.3,TS_oracle,0.0125443350836865
0.3,TS_oracle,0.00827329893168613
0.3,TS_oracle,0.0196028885065973
0.3,TS_oracle,0.00390067591760882
0.3,TS_oracle,0.0141248568880321
0.3,TS_oracle,0.00828609421175296
0.3,TS_oracle,0.00251910803606896
0.3,TS_oracle,0.00795539545057721
0.3,TS_oracle,0.0038366954423477
0.3,TS_oracle,0.00808821161530362
0.4,PLS,0.00346277107636941
0.4,PLS,0.00697483823893966
0.4,PLS,0.00811842349034666
0.4,PLS,0.0025753414086506
0.4,PLS,0.00780064822400644
0.4,PLS,0.00630285808603746
0.4,PLS,0.01692476814083
0.4,PLS,0.0153849483348904
0.4,PLS,0.0103775773585304
0.4,PLS,0.00587946743226148
0.4,PLS,0.0314102214785595
0.4,PLS,0.00610596738415262
0.4,PLS,0.00799406850825644
0.4,PLS,0.0143389987217674
0.4,PLS,0.00423176104468567
0.4,PLS,0.00347756058921503
0.4,PLS,0.00529754340960399
0.4,PLS,0.0122462553705904
0.4,PLS,0.00444666392504579
0.4,PLS,0.00916372310465885
0.4,PLS,0.0126209693350947
0.4,PLS,0.0083098910412914
0.4,PLS,0.00501092886173974
0.4,PLS,0.00256834760973384
0.4,PLS,0.00770710973425134
0.4,PLS,0.0159739591072203
0.4,PLS,0.0124092964998475
0.4,PLS,0.010565917816584
0.4,PLS,0.0178781030548958
0.4,PLS,0.0239704876603463
0.4,PLS,0.0127199316425526
0.4,PLS,0.00638271035350227
0.4,PLS,0.00308472998654142
0.4,PLS,0.00835112591103449
0.4,PLS,0.0065565002695965
0.4,PLS,0.0230517506762663
0.4,PLS,0.0103895837456675
0.4,PLS,0.0118732853802663
0.4,PLS,0.00955691530963051
0.4,PLS,0.00665643743330968
0.4,PLS,0.0101306179674757
0.4,PLS,0.00930821055690534
0.4,PLS,0.020780823446213
0.4,PLS,0.014645131527507
0.4,PLS,0.00828673310624334
0.4,PLS,0.00747846806443761
0.4,PLS,0.0132355797566517
0.4,PLS,0.0176465661970178
0.4,PLS,0.00541137329907222
0.4,PLS,0.0101477880199702
0.4,PLS,0.00910627339365172
0.4,PLS,0.00422542359317463
0.4,PLS,0.00256613149222275
0.4,PLS,0.00887102019086979
0.4,PLS,0.00190557136412377
0.4,PLS,0.0235291873846889
0.4,PLS,0.0131270821531796
0.4,PLS,0.00900838736832841
0.4,PLS,0.00963864602183605
0.4,PLS,0.0151646874759105
0.4,PLS,0.00789312291401729
0.4,PLS,0.0214751963799157
0.4,PLS,0.00618174699177738
0.4,PLS,0.00464666114432743
0.4,PLS,0.00700796287981571
0.4,PLS,0.0046540312440639
0.4,PLS,0.0218042248414692
0.4,PLS,0.0122047516487207
0.4,PLS,0.00463007872030951
0.4,PLS,0.00888556361923415
0.4,PLS,0.0168192506247016
0.4,PLS,0.00900571543019388
0.4,PLS,0.0124839772015991
0.4,PLS,0.00352186084576483
0.4,PLS,0.00565313712539379
0.4,PLS,0.00552379901083185
0.4,PLS,0.00842172792543455
0.4,PLS,0.00320934188338125
0.4,PLS,0.00992710416089241
0.4,PLS,0.00463841100531827
0.4,PLS,0.0153570036492797
0.4,PLS,0.00202111044628969
0.4,PLS,0.0186078897939157
0.4,PLS,0.012561669850777
0.4,PLS,0.00341642027004034
0.4,PLS,0.00788883505671206
0.4,PLS,0.00510753701913674
0.4,PLS,0.0187318822860614
0.4,PLS,0.00197933582418921
0.4,PLS,0.0195071120566262
0.4,PLS,0.0114218379792447
0.4,PLS,0.0106811173101926
0.4,PLS,0.00411584892867623
0.4,PLS,0.0126717200853967
0.4,PLS,0.0166101338845247
0.4,PLS,0.00293588673383366
0.4,PLS,0.00900570994972194
0.4,PLS,0.00797448655623169
0.4,PLS,0.0062691755854921
0.4,PLS,0.00877895090514188
0.4,PLS,0.00841055455335515
0.4,PLS,0.014634439720746
0.4,PLS,0.00286838488404911
0.4,PLS,0.005309429982009
0.4,PLS,0.0203628124269569
0.4,PLS,0.0227968238061199
0.4,PLS,0.0124986970298349
0.4,PLS,0.0133454330013107
0.4,PLS,0.010078230110864
0.4,PLS,0.0105966280097805
0.4,PLS,0.0097751455243573
0.4,PLS,0.00607784898717039
0.4,PLS,0.0136445046827673
0.4,PLS,0.0249645026591257
0.4,PLS,0.0207389685503484
0.4,PLS,0.0140816694636104
0.4,PLS,0.00540050678489646
0.4,PLS,0.0101066867071102
0.4,PLS,0.00834985292656495
0.4,PLS,0.0071967295051316
0.4,PLS,0.00975965926036015
0.4,PLS,0.0135485713442803
0.4,PLS,0.00707222789445955
0.4,PLS,0.0100085852878804
0.4,PLS,0.00711676596227465
0.4,PLS,0.0151184046545292
0.4,PLS,0.0099624980037108
0.4,PLS,0.00864972819440253
0.4,PLS,0.00814012153165596
0.4,PLS,0.00772518761915615
0.4,PLS,0.00732863228883351
0.4,PLS,0.00632874872095926
0.4,PLS,0.0230348578509759
0.4,PLS,0.0066290053987705
0.4,PLS,0.0141977370937474
0.4,PLS,0.010352693412259
0.4,PLS,0.00646265565599322
0.4,PLS,0.00605301155481237
0.4,PLS,0.0356767980461841
0.4,PLS,0.0119266708682407
0.4,PLS,0.0139730234025323
0.4,PLS,0.0077860519030439
0.4,PLS,0.00901975365464906
0.4,PLS,0.0098700485413531
0.4,PLS,0.010679401006347
0.4,PLS,0.00278500695952632
0.4,PLS,0.00836727262098227
0.4,PLS,0.0153813765037429
0.4,PLS,0.00649573606785752
0.4,PLS,0.00485892006493464
0.4,PLS,0.01150465473141
0.4,PLS,0.00430050766464969
0.4,PLS,0.00217096832789129
0.4,PLS,0.008819973553269
0.4,PLS,0.00662809293587677
0.4,PLS,0.00962444679329873
0.4,PLS,0.0199248224711759
0.4,PLS,0.00769872737433903
0.4,PLS,0.0175500067559656
0.4,PLS,0.00539248544447245
0.4,PLS,0.00776302672271753
0.4,PLS,0.00674501737039862
0.4,PLS,0.00556751871551245
0.4,PLS,0.00857315991613794
0.4,PLS,0.0255833542880858
0.4,PLS,0.00998728887547708
0.4,PLS,0.0206378188453223
0.4,PLS,0.0257721518499483
0.4,PLS,0.00327670584370379
0.4,PLS,0.00780580579928884
0.4,PLS,0.00818211135772733
0.4,PLS,0.00860577334806593
0.4,PLS,0.00361486646081808
0.4,PLS,0.00632588722307787
0.4,PLS,0.0043071716154538
0.4,PLS,0.0181934433144551
0.4,PLS,0.0248682531693765
0.4,PLS,0.0111322719373125
0.4,PLS,0.0221839308679114
0.4,PLS,0.00373532042424756
0.4,PLS,0.0136200858341789
0.4,PLS,0.00693315828636007
0.4,PLS,0.00993204800775277
0.4,PLS,0.00287740226167335
0.4,PLS,0.00481458968382673
0.4,PLS,0.0133667370953765
0.4,PLS,0.0115774516826262
0.4,PLS,0.00837296169216185
0.4,PLS,0.00035709594423681
0.4,PLS,0.0120087958120628
0.4,PLS,0.0136812148658824
0.4,PLS,0.010526741024129
0.4,PLS,0.0055679768816692
0.4,PLS,0.0118840664606543
0.4,PLS,0.00609803238429146
0.4,PLS,0.00656944430881063
0.4,PLS,0.0249770263512077
0.4,PLS,0.0052841404601814
0.4,PLS,0.00821544601602357
0.4,PLS,0.0146127296432238
0.4,fTS,0.00554890810865779
0.4,fTS,0.00555300843314311
0.4,fTS,0.00602998508064169
0.4,fTS,0.00298318673820078
0.4,fTS,0.01015435833796
0.4,fTS,0.00776090531057382
0.4,fTS,0.00879561275185683
0.4,fTS,0.00787004777698996
0.4,fTS,0.00763271789545133
0.4,fTS,0.00307265949902532
0.4,fTS,0.0114864694730421
0.4,fTS,0.00692088128015957
0.4,fTS,0.0111576419970079
0.4,fTS,0.0117600045303899
0.4,fTS,0.00399779694610018
0.4,fTS,0.00401805285936869
0.4,fTS,0.00442194914209578
0.4,fTS,0.00471213034873742
0.4,fTS,0.00364036262488751
0.4,fTS,0.00703767488784579
0.4,fTS,0.0045444264921565
0.4,fTS,0.00947081042971197
0.4,fTS,0.00428703834134535
0.4,fTS,0.00431473818181555
0.4,fTS,0.0104407845668691
0.4,fTS,0.0127429732505211
0.4,fTS,0.012406805814602
0.4,fTS,0.00686499673590985
0.4,fTS,0.0149028136815977
0.4,fTS,0.0177103863077647
0.4,fTS,0.0160021441588453
0.4,fTS,0.00158205058488846
0.4,fTS,0.00514660682335326
0.4,fTS,0.00944692248035728
0.4,fTS,0.00570082797088115
0.4,fTS,0.0194936045634641
0.4,fTS,0.00632299667314484
0.4,fTS,0.015319841664708
0.4,fTS,0.00718338336828475
0.4,fTS,0.00240978329110874
0.4,fTS,0.00994834467594976
0.4,fTS,0.00895343119144392
0.4,fTS,0.0220472640941383
0.4,fTS,0.00740470026583585
0.4,fTS,0.00779378065144888
0.4,fTS,0.00468120035410984
0.4,fTS,0.0129463970073824
0.4,fTS,0.0113692068849664
0.4,fTS,0.00417448469949023
0.4,fTS,0.0049180740097405
0.4,fTS,0.00579958044318177
0.4,fTS,0.00355930775732625
0.4,fTS,0.00272654431082456
0.4,fTS,0.00478151749470723
0.4,fTS,0.000964601700669775
0.4,fTS,0.0213686755178264
0.4,fTS,0.0118361451397824
0.4,fTS,0.0112667773494977
0.4,fTS,0.0073832584783159
0.4,fTS,0.0120136798058309
0.4,fTS,0.00482858664050689
0.4,fTS,0.0146536731303303
0.4,fTS,0.00392667048420895
0.4,fTS,0.00424857049734083
0.4,fTS,0.00295413665143609
0.4,fTS,0.00353355689796285
0.4,fTS,0.0170438565127146
0.4,fTS,0.0078748640408858
0.4,fTS,0.00436090438766785
0.4,fTS,0.00389411114913197
0.4,fTS,0.00881831088138069
0.4,fTS,0.00864323202624759
0.4,fTS,0.00719104769111739
0.4,fTS,0.0044663847588061
0.4,fTS,0.00683133150254133
0.4,fTS,0.00573030040490386
0.4,fTS,0.00557124671503722
0.4,fTS,0.00264253824582748
0.4,fTS,0.008596334318189
0.4,fTS,0.00320257754599783
0.4,fTS,0.0183372922234853
0.4,fTS,0.00398482227910866
0.4,fTS,0.00942544369456629
0.4,fTS,0.00546071055458536
0.4,fTS,0.00367122594447986
0.4,fTS,0.00803388101267342
0.4,fTS,0.00277400039064296
0.4,fTS,0.0129359448912822
0.4,fTS,0.00368357516853886
0.4,fTS,0.0116337518057586
0.4,fTS,0.00650713589082015
0.4,fTS,0.0105759472015409
0.4,fTS,0.00258039832840396
0.4,fTS,0.00727166281150973
0.4,fTS,0.00987814315621268
0.4,fTS,0.00210590638584698
0.4,fTS,0.00325320998029585
0.4,fTS,0.00567745250215926
0.4,fTS,0.00611359187639776
0.4,fTS,0.00689368136826404
0.4,fTS,0.0056915860352979
0.4,fTS,0.0132860022966096
0.4,fTS,0.0016298926987634
0.4,fTS,0.00777255966198571
0.4,fTS,0.014500880982288
0.4,fTS,0.0164660556587749
0.4,fTS,0.00712478264099585
0.4,fTS,0.0104568085256081
0.4,fTS,0.00681287224081887
0.4,fTS,0.0140664120130589
0.4,fTS,0.00958030222511393
0.4,fTS,0.00616342284770254
0.4,fTS,0.0107153988537033
0.4,fTS,0.0236094551325533
0.4,fTS,0.00987548820900601
0.4,fTS,0.00877309759409497
0.4,fTS,0.0105526308548157
0.4,fTS,0.00486335400880814
0.4,fTS,0.00670810913314935
0.4,fTS,0.0059067176481835
0.4,fTS,0.00749946687760834
0.4,fTS,0.00833089261868658
0.4,fTS,0.00289405882613618
0.4,fTS,0.00914477882079147
0.4,fTS,0.00652478452793807
0.4,fTS,0.0127509185778386
0.4,fTS,0.00678148013497515
0.4,fTS,0.00890175619963075
0.4,fTS,0.0113803143389174
0.4,fTS,0.00640795849559566
0.4,fTS,0.00643779088215095
0.4,fTS,0.00228351146666356
0.4,fTS,0.00843569560781701
0.4,fTS,0.0065475919342754
0.4,fTS,0.0123589723048716
0.4,fTS,0.00898329537221264
0.4,fTS,0.00814810555641584
0.4,fTS,0.00664958584833819
0.4,fTS,0.0227709223259317
0.4,fTS,0.0113905862762875
0.4,fTS,0.0111919722230446
0.4,fTS,0.00582284693999309
0.4,fTS,0.00403832601920196
0.4,fTS,0.0088167257626658
0.4,fTS,0.00509760395792189
0.4,fTS,0.00303858455061036
0.4,fTS,0.00624275960587523
0.4,fTS,0.0100208890546051
0.4,fTS,0.00578328669009798
0.4,fTS,0.0038953432489672
0.4,fTS,0.00887367348001062
0.4,fTS,0.00277466679633655
0.4,fTS,0.00225399064375535
0.4,fTS,0.00617111044173039
0.4,fTS,0.00528959677589721
0.4,fTS,0.00700391146284967
0.4,fTS,0.0147324395897229
0.4,fTS,0.0074670504836175
0.4,fTS,0.0142089764618117
0.4,fTS,0.00769749696717132
0.4,fTS,0.00747056409465815
0.4,fTS,0.00429637804932104
0.4,fTS,0.00927848345980914
0.4,fTS,0.00618182396242408
0.4,fTS,0.0194414671947005
0.4,fTS,0.0106522885054747
0.4,fTS,0.00716006937192899
0.4,fTS,0.0198379483179628
0.4,fTS,0.00318132130422421
0.4,fTS,0.00375921987464706
0.4,fTS,0.0103379582376774
0.4,fTS,0.00710838068191098
0.4,fTS,0.00208132874215921
0.4,fTS,0.00486676556622669
0.4,fTS,0.00787274224337832
0.4,fTS,0.00907248021036627
0.4,fTS,0.0182666515014697
0.4,fTS,0.00517014520656807
0.4,fTS,0.0156429119851934
0.4,fTS,0.00286099576075894
0.4,fTS,0.0090033565332894
0.4,fTS,0.00488731785195277
0.4,fTS,0.0143679948456205
0.4,fTS,0.00559090662906078
0.4,fTS,0.00298222443914762
0.4,fTS,0.012523568152688
0.4,fTS,0.00547143631417341
0.4,fTS,0.00466145633726691
0.4,fTS,0.00180008599591967
0.4,fTS,0.0167876640761427
0.4,fTS,0.0076194787347448
0.4,fTS,0.0118106361419156
0.4,fTS,0.00523702856805426
0.4,fTS,0.0122671554105087
0.4,fTS,0.0043913031580696
0.4,fTS,0.00535992882554385
0.4,fTS,0.0276051709321556
0.4,fTS,0.00375662761645428
0.4,fTS,0.00549559933504212
0.4,fTS,0.01473839152068
0.4,LS_oracle,0.00393518515190422
0.4,LS_oracle,0.0100097530056375
0.4,LS_oracle,0.00872020401392776
0.4,LS_oracle,0.00259415361699353
0.4,LS_oracle,0.00796130683542275
0.4,LS_oracle,0.0058878961046449
0.4,LS_oracle,0.0131068761587175
0.4,LS_oracle,0.0152682401465057
0.4,LS_oracle,0.0102593126911241
0.4,LS_oracle,0.00548906804281581
0.4,LS_oracle,0.0234078539783566
0.4,LS_oracle,0.00432450661731559
0.4,LS_oracle,0.00798806522744439
0.4,LS_oracle,0.0142656840818928
0.4,LS_oracle,0.00382646817948953
0.4,LS_oracle,0.00357680426349548
0.4,LS_oracle,0.00468871520798979
0.4,LS_oracle,0.0117330173747193
0.4,LS_oracle,0.00412079885020095
0.4,LS_oracle,0.00784633927422315
0.4,LS_oracle,0.00583938440885976
0.4,LS_oracle,0.00795435799351436
0.4,LS_oracle,0.00489648604106127
0.4,LS_oracle,0.00237769807543867
0.4,LS_oracle,0.00708191203278657
0.4,LS_oracle,0.0139541304286069
0.4,LS_oracle,0.00944566129412758
0.4,LS_oracle,0.0101890451796113
0.4,LS_oracle,0.0190009969794053
0.4,LS_oracle,0.023464284190155
0.4,LS_oracle,0.0112287739877038
0.4,LS_oracle,0.00275983789545028
0.4,LS_oracle,0.00218480650356833
0.4,LS_oracle,0.00774886353441017
0.4,LS_oracle,0.00754037877563502
0.4,LS_oracle,0.021470865539629
0.4,LS_oracle,0.00968663273023992
0.4,LS_oracle,0.0124046932361817
0.4,LS_oracle,0.00913979832045564
0.4,LS_oracle,0.00567821255661903
0.4,LS_oracle,0.00987292955742453
0.4,LS_oracle,0.00975117438393976
0.4,LS_oracle,0.0218276440517509
0.4,LS_oracle,0.0134977845389638
0.4,LS_oracle,0.00703887299814501
0.4,LS_oracle,0.00705961597110084
0.4,LS_oracle,0.0128634348293291
0.4,LS_oracle,0.0157208935741504
0.4,LS_oracle,0.00558778295403943
0.4,LS_oracle,0.0103710499599387
0.4,LS_oracle,0.00261320604146105
0.4,LS_oracle,0.00427086565839974
0.4,LS_oracle,0.00208057380481922
0.4,LS_oracle,0.00803258487707408
0.4,LS_oracle,0.00237843503024496
0.4,LS_oracle,0.0226273233156416
0.4,LS_oracle,0.00934259391513104
0.4,LS_oracle,0.0103944362865394
0.4,LS_oracle,0.0104266422009841
0.4,LS_oracle,0.0147076126464405
0.4,LS_oracle,0.00862716303838349
0.4,LS_oracle,0.0213681680648061
0.4,LS_oracle,0.00629661361753507
0.4,LS_oracle,0.0043772941133738
0.4,LS_oracle,0.00167480728370597
0.4,LS_oracle,0.00458062376782488
0.4,LS_oracle,0.015538404293129
0.4,LS_oracle,0.0120469029361169
0.4,LS_oracle,0.00290099788857004
0.4,LS_oracle,0.0106060503616315
0.4,LS_oracle,0.0183335361006343
0.4,LS_oracle,0.00895318511395179
0.4,LS_oracle,0.0133840929104407
0.4,LS_oracle,0.00535983143320343
0.4,LS_oracle,0.00537846380337293
0.4,LS_oracle,0.00581471373502815
0.4,LS_oracle,0.00834386600852637
0.4,LS_oracle,0.00331884426992607
0.4,LS_oracle,0.00997801091362309
0.4,LS_oracle,0.0033327556137686
0.4,LS_oracle,0.0147614945822174
0.4,LS_oracle,0.00262101920030674
0.4,LS_oracle,0.0164091285069258
0.4,LS_oracle,0.00914512183624117
0.4,LS_oracle,0.0035711517693729
0.4,LS_oracle,0.0078936377538025
0.4,LS_oracle,0.00496086959635567
0.4,LS_oracle,0.0191183577842258
0.4,LS_oracle,0.00211254791007482
0.4,LS_oracle,0.0188695835934502
0.4,LS_oracle,0.0110991741503676
0.4,LS_oracle,0.0099695781801684
0.4,LS_oracle,0.00421847649301712
0.4,LS_oracle,0.00750328641426441
0.4,LS_oracle,0.0078086644098224
0.4,LS_oracle,0.00244054673676585
0.4,LS_oracle,0.00645775510597967
0.4,LS_oracle,0.00850988699121432
0.4,LS_oracle,0.00613952783721976
0.4,LS_oracle,0.00724979823964333
0.4,LS_oracle,0.0082539506101967
0.4,LS_oracle,0.0145773946493823
0.4,LS_oracle,0.00233575761245925
0.4,LS_oracle,0.00532496691562185
0.4,LS_oracle,0.0204463708207483
0.4,LS_oracle,0.0215671221492984
0.4,LS_oracle,0.0109176966831665
0.4,LS_oracle,0.0105163757624628
0.4,LS_oracle,0.00929277232185743
0.4,LS_oracle,0.0103239342544416
0.4,LS_oracle,0.00909218220992776
0.4,LS_oracle,0.00755810047636494
0.4,LS_oracle,0.0135849040639073
0.4,LS_oracle,0.0266358937332931
0.4,LS_oracle,0.0210695601289837
0.4,LS_oracle,0.0124439772049982
0.4,LS_oracle,0.0060159621994077
0.4,LS_oracle,0.00931493671000785
0.4,LS_oracle,0.00768311227943685
0.4,LS_oracle,0.00630080332224142
0.4,LS_oracle,0.00973616759106292
0.4,LS_oracle,0.0176763366120488
0.4,LS_oracle,0.00656022982262789
0.4,LS_oracle,0.00849021029510278
0.4,LS_oracle,0.00691684885186987
0.4,LS_oracle,0.0143636351655475
0.4,LS_oracle,0.00969642637100228
0.4,LS_oracle,0.00497209462229201
0.4,LS_oracle,0.00634141251645897
0.4,LS_oracle,0.00733592574390085
0.4,LS_oracle,0.00733962173342101
0.4,LS_oracle,0.00588446103860027
0.4,LS_oracle,0.0344762964432017
0.4,LS_oracle,0.00627263303825827
0.4,LS_oracle,0.0130718837115434
0.4,LS_oracle,0.00821561635976895
0.4,LS_oracle,0.00657514687810307
0.4,LS_oracle,0.00376614197087966
0.4,LS_oracle,0.023586099215542
0.4,LS_oracle,0.0128254760703274
0.4,LS_oracle,0.0131467476530138
0.4,LS_oracle,0.0073953346766415
0.4,LS_oracle,0.00744766387134395
0.4,LS_oracle,0.00957768348085031
0.4,LS_oracle,0.00986723159235983
0.4,LS_oracle,0.00349540303831178
0.4,LS_oracle,0.00782540479138969
0.4,LS_oracle,0.0127035535989343
0.4,LS_oracle,0.0066895956659494
0.4,LS_oracle,0.00451516926341829
0.4,LS_oracle,0.0106904926696687
0.4,LS_oracle,0.00432437837467745
0.4,LS_oracle,0.00198022109863568
0.4,LS_oracle,0.0102655736509932
0.4,LS_oracle,0.00605221227725213
0.4,LS_oracle,0.0086386131673403
0.4,LS_oracle,0.0194393537487316
0.4,LS_oracle,0.00744568409690499
0.4,LS_oracle,0.0160789139794698
0.4,LS_oracle,0.0085621928248185
0.4,LS_oracle,0.00771096731563951
0.4,LS_oracle,0.00652989251607553
0.4,LS_oracle,0.00515090534657291
0.4,LS_oracle,0.00721094506481571
0.4,LS_oracle,0.0258541041833075
0.4,LS_oracle,0.00857904814427344
0.4,LS_oracle,0.0183326936095896
0.4,LS_oracle,0.0254298923416827
0.4,LS_oracle,0.00341471351905639
0.4,LS_oracle,0.00579625463899972
0.4,LS_oracle,0.00803051031569836
0.4,LS_oracle,0.0093169042637662
0.4,LS_oracle,0.000940437261172205
0.4,LS_oracle,0.00661407556813461
0.4,LS_oracle,0.00372707125391033
0.4,LS_oracle,0.0086606759447631
0.4,LS_oracle,0.0202235149325295
0.4,LS_oracle,0.0101090579011365
0.4,LS_oracle,0.0212492837955853
0.4,LS_oracle,0.00326980582888213
0.4,LS_oracle,0.0136109704631878
0.4,LS_oracle,0.00785435736218086
0.4,LS_oracle,0.0103058514051635
0.4,LS_oracle,0.00282572343198735
0.4,LS_oracle,0.00357988374888327
0.4,LS_oracle,0.0139840771632624
0.4,LS_oracle,0.00897540613611833
0.4,LS_oracle,0.0077908324334712
0.4,LS_oracle,0.000615661405398102
0.4,LS_oracle,0.00456760068118741
0.4,LS_oracle,0.016089134271019
0.4,LS_oracle,0.0106542883441558
0.4,LS_oracle,0.00447770676932543
0.4,LS_oracle,0.00994744509686318
0.4,LS_oracle,0.00217912119206083
0.4,LS_oracle,0.00617825215246394
0.4,LS_oracle,0.0206004397882837
0.4,LS_oracle,0.00563035023400876
0.4,LS_oracle,0.0103275895988727
0.4,LS_oracle,0.0158060054511146
0.4,TS_oracle,0.00578920151623274
0.4,TS_oracle,0.0065914651121743
0.4,TS_oracle,0.00616303676570495
0.4,TS_oracle,0.00306791459961754
0.4,TS_oracle,0.0102668903643952
0.4,TS_oracle,0.00500189909260187
0.4,TS_oracle,0.00796245424861386
0.4,TS_oracle,0.00778432431826757
0.4,TS_oracle,0.00738963238170761
0.4,TS_oracle,0.00308034416818309
0.4,TS_oracle,0.0103167501180468
0.4,TS_oracle,0.00654142809990524
0.4,TS_oracle,0.00800461697548734
0.4,TS_oracle,0.0116936642574548
0.4,TS_oracle,0.00319202658458074
0.4,TS_oracle,0.00162389671632065
0.4,TS_oracle,0.00321612031190188
0.4,TS_oracle,0.00442132866247928
0.4,TS_oracle,0.00358276262156149
0.4,TS_oracle,0.00697509777022537
0.4,TS_oracle,0.0045429542624832
0.4,TS_oracle,0.00926405157230155
0.4,TS_oracle,0.00427942097473715
0.4,TS_oracle,0.00432485250055847
0.4,TS_oracle,0.0087284663952601
0.4,TS_oracle,0.0122681661832164
0.4,TS_oracle,0.0113001204047566
0.4,TS_oracle,0.00648484616315062
0.4,TS_oracle,0.0147749300737505
0.4,TS_oracle,0.0177375373992064
0.4,TS_oracle,0.0146612449171627
0.4,TS_oracle,0.00100129505142897
0.4,TS_oracle,0.00445715488061215
0.4,TS_oracle,0.00639388686597924
0.4,TS_oracle,0.00638613419778906
0.4,TS_oracle,0.0168948222782135
0.4,TS_oracle,0.00652193085066121
0.4,TS_oracle,0.0157099626759057
0.4,TS_oracle,0.00431769388000174
0.4,TS_oracle,0.00237554459133319
0.4,TS_oracle,0.00985261176497412
0.4,TS_oracle,0.00920796055911332
0.4,TS_oracle,0.0222116806491131
0.4,TS_oracle,0.00767921474878639
0.4,TS_oracle,0.00753555447525857
0.4,TS_oracle,0.00419872778064156
0.4,TS_oracle,0.0131313925615467
0.4,TS_oracle,0.00844842238317262
0.4,TS_oracle,0.00386967363656613
0.4,TS_oracle,0.00470880965074862
0.4,TS_oracle,0.00543294026408731
0.4,TS_oracle,0.00352115740874392
0.4,TS_oracle,0.00278489313414501
0.4,TS_oracle,0.00390927464122607
0.4,TS_oracle,0.00104000310208004
0.4,TS_oracle,0.0198266869082773
0.4,TS_oracle,0.00856935008617606
0.4,TS_oracle,0.0115801626005558
0.4,TS_oracle,0.00754863878014952
0.4,TS_oracle,0.010790118749769
0.4,TS_oracle,0.00496923097389505
0.4,TS_oracle,0.0147487310197892
0.4,TS_oracle,0.00408428294216237
0.4,TS_oracle,0.00447940176646672
0.4,TS_oracle,0.00239735483555471
0.4,TS_oracle,0.00323432781119809
0.4,TS_oracle,0.0129967585361258
0.4,TS_oracle,0.0078434606848831
0.4,TS_oracle,0.00309523342754569
0.4,TS_oracle,0.00433797866934753
0.4,TS_oracle,0.00944217661583948
0.4,TS_oracle,0.00871400096546207
0.4,TS_oracle,0.00752615956280597
0.4,TS_oracle,0.00486567525346532
0.4,TS_oracle,0.0067065041406822
0.4,TS_oracle,0.00564816514934359
0.4,TS_oracle,0.00526169981579147
0.4,TS_oracle,0.0026834858691706
0.4,TS_oracle,0.00866834358935962
0.4,TS_oracle,0.00266041674849288
0.4,TS_oracle,0.0178641978686567
0.4,TS_oracle,0.00444904984742489
0.4,TS_oracle,0.00799119511558462
0.4,TS_oracle,0.00456274849783548
0.4,TS_oracle,0.00384366993544426
0.4,TS_oracle,0.00512958411802934
0.4,TS_oracle,0.00191471343718472
0.4,TS_oracle,0.0125481708327266
0.4,TS_oracle,0.00359543759443869
0.4,TS_oracle,0.0113797144573183
0.4,TS_oracle,0.00637588921830507
0.4,TS_oracle,0.0100068470282201
0.4,TS_oracle,0.00280533070611979
0.4,TS_oracle,0.0056402068499567
0.4,TS_oracle,0.0068764562195095
0.4,TS_oracle,0.00209448679247163
0.4,TS_oracle,0.003203795197457
0.4,TS_oracle,0.00621540771680042
0.4,TS_oracle,0.00559404737272849
0.4,TS_oracle,0.00581692918869072
0.4,TS_oracle,0.00572142487910153
0.4,TS_oracle,0.0132517263233486
0.4,TS_oracle,0.00157513846509742
0.4,TS_oracle,0.00663274012262684
0.4,TS_oracle,0.0145242257453869
0.4,TS_oracle,0.0144741517738048
0.4,TS_oracle,0.00642795355682619
0.4,TS_oracle,0.00941396251818692
0.4,TS_oracle,0.00671105730217533
0.4,TS_oracle,0.0142215890950497
0.4,TS_oracle,0.00791598216561318
0.4,TS_oracle,0.00675799714186573
0.4,TS_oracle,0.0106838584408488
0.4,TS_oracle,0.0248869828254834
0.4,TS_oracle,0.00991075048094383
0.4,TS_oracle,0.00840689707590644
0.4,TS_oracle,0.0109102372731938
0.4,TS_oracle,0.00528372973590423
0.4,TS_oracle,0.00656048110410537
0.4,TS_oracle,0.00550737176343514
0.4,TS_oracle,0.00746644779127894
0.4,TS_oracle,0.00971242900630962
0.4,TS_oracle,0.00294042117403007
0.4,TS_oracle,0.00588719151825584
0.4,TS_oracle,0.00647546813823512
0.4,TS_oracle,0.0124308488514457
0.4,TS_oracle,0.0065906416791396
0.4,TS_oracle,0.00855671754862653
0.4,TS_oracle,0.00776299542806466
0.4,TS_oracle,0.00630727446978481
0.4,TS_oracle,0.00642425637945887
0.4,TS_oracle,0.00216593589102706
0.4,TS_oracle,0.0118553326526184
0.4,TS_oracle,0.00640894457079418
0.4,TS_oracle,0.0118745451735861
0.4,TS_oracle,0.00821567476781155
0.4,TS_oracle,0.0083106058478755
0.4,TS_oracle,0.0057140219128572
0.4,TS_oracle,0.0152507911622471
0.4,TS_oracle,0.0110796325918243
0.4,TS_oracle,0.0102166700375265
0.4,TS_oracle,0.00565178213484305
0.4,TS_oracle,0.00357206156774254
0.4,TS_oracle,0.00858224249160924
0.4,TS_oracle,0.00543085600081586
0.4,TS_oracle,0.00179813472339538
0.4,TS_oracle,0.00595149407920498
0.4,TS_oracle,0.00928716561234318
0.4,TS_oracle,0.00568595311351649
0.4,TS_oracle,0.00380722071304439
0.4,TS_oracle,0.0081201840869874
0.4,TS_oracle,0.00278106755258257
0.4,TS_oracle,0.00218589158136569
0.4,TS_oracle,0.00605126375745313
0.4,TS_oracle,0.00333972760985192
0.4,TS_oracle,0.00669331795462102
0.4,TS_oracle,0.0147197640651014
0.4,TS_oracle,0.00718388038275782
0.4,TS_oracle,0.013505118852579
0.4,TS_oracle,0.00921211645174096
0.4,TS_oracle,0.00753996637471898
0.4,TS_oracle,0.0043243063044618
0.4,TS_oracle,0.00907506495761492
0.4,TS_oracle,0.00559927771764467
0.4,TS_oracle,0.0195141709777088
0.4,TS_oracle,0.00966363677531947
0.4,TS_oracle,0.00420141792615337
0.4,TS_oracle,0.0187239193078027
0.4,TS_oracle,0.00269346022659215
0.4,TS_oracle,0.00375863272369593
0.4,TS_oracle,0.0102891113184004
0.4,TS_oracle,0.00733715629800551
0.4,TS_oracle,0.0015228531980878
0.4,TS_oracle,0.00465533681050676
0.4,TS_oracle,0.00646269541779406
0.4,TS_oracle,0.0075768178813093
0.4,TS_oracle,0.0139399032803479
0.4,TS_oracle,0.00516385338991111
0.4,TS_oracle,0.0155354092297124
0.4,TS_oracle,0.00280920501259433
0.4,TS_oracle,0.00900145241314051
0.4,TS_oracle,0.00529967258496134
0.4,TS_oracle,0.0143975161746173
0.4,TS_oracle,0.00528400522842439
0.4,TS_oracle,0.0022961932483725
0.4,TS_oracle,0.0126458627392823
0.4,TS_oracle,0.00554842092494006
0.4,TS_oracle,0.00455761004414564
0.4,TS_oracle,0.00149611774093545
0.4,TS_oracle,0.00576745540515171
0.4,TS_oracle,0.00789813915348886
0.4,TS_oracle,0.0118410600054437
0.4,TS_oracle,0.00519173137822757
0.4,TS_oracle,0.011509557761123
0.4,TS_oracle,0.0037813230139106
0.4,TS_oracle,0.00517425003576364
0.4,TS_oracle,0.0251029391183921
0.4,TS_oracle,0.00395082035684311
0.4,TS_oracle,0.00679484397576928
0.4,TS_oracle,0.0149768681429632
0.5,PLS,0.00917640243379686
0.5,PLS,0.0114528766537446
0.5,PLS,0.0157426540035158
0.5,PLS,0.0305928060203024
0.5,PLS,0.00817721216900549
0.5,PLS,0.00753652034372471
0.5,PLS,0.00382070791760236
0.5,PLS,0.0174099268028257
0.5,PLS,0.0105234435271467
0.5,PLS,0.0111950860378646
0.5,PLS,0.00347773743226347
0.5,PLS,0.0038844695853842
0.5,PLS,0.00770345119931391
0.5,PLS,0.0279520649595696
0.5,PLS,0.0133369228716759
0.5,PLS,0.00659501793295581
0.5,PLS,0.0102134116843032
0.5,PLS,0.00868418403378955
0.5,PLS,0.00482856491848155
0.5,PLS,0.00324922974736303
0.5,PLS,0.0126030876417917
0.5,PLS,0.00834108836419675
0.5,PLS,0.0104831031575503
0.5,PLS,0.00505381751214302
0.5,PLS,0.00428313797298365
0.5,PLS,0.0117980802450086
0.5,PLS,0.00494015715623754
0.5,PLS,0.00733205170562253
0.5,PLS,0.0189314949215786
0.5,PLS,0.00729237798573915
0.5,PLS,0.00701744483467929
0.5,PLS,0.015241349318429
0.5,PLS,0.0106365148411595
0.5,PLS,0.00340294415236596
0.5,PLS,0.00761789582725816
0.5,PLS,0.00463152935769178
0.5,PLS,0.010891420815623
0.5,PLS,0.00851210914395074
0.5,PLS,0.00818027877011261
0.5,PLS,0.01289202464864
0.5,PLS,0.00588002300141729
0.5,PLS,0.00699394800806753
0.5,PLS,0.00827289688283511
0.5,PLS,0.00451933212432732
0.5,PLS,0.00245355094839484
0.5,PLS,0.0172074195647098
0.5,PLS,0.00897697530359188
0.5,PLS,0.0127166233932542
0.5,PLS,0.0203608914631125
0.5,PLS,0.00631761962598477
0.5,PLS,0.00307145935918869
0.5,PLS,0.00965996967812279
0.5,PLS,0.00637629824579104
0.5,PLS,0.00519696375877303
0.5,PLS,0.00619075882602605
0.5,PLS,0.0144077696615126
0.5,PLS,0.0136018080767427
0.5,PLS,0.00752407440091283
0.5,PLS,0.00932460954124767
0.5,PLS,0.00575830108559221
0.5,PLS,0.00906466244267255
0.5,PLS,0.00170867191304189
0.5,PLS,0.00415871029891093
0.5,PLS,0.00746972783960442
0.5,PLS,0.015193595114888
0.5,PLS,0.0072549601228427
0.5,PLS,0.00693333385069
0.5,PLS,0.0053893670263016
0.5,PLS,0.0049735216971103
0.5,PLS,0.00224779315489444
0.5,PLS,0.0152302419498814
0.5,PLS,0.00340721124091946
0.5,PLS,0.00604330544187242
0.5,PLS,0.00960815195023828
0.5,PLS,0.00835687343702676
0.5,PLS,0.0125483496631914
0.5,PLS,0.0103045090317267
0.5,PLS,0.0093900795676435
0.5,PLS,0.0177395807679104
0.5,PLS,0.0144433293661047
0.5,PLS,0.00259424503358227
0.5,PLS,0.002560481030794
0.5,PLS,0.00746814530556002
0.5,PLS,0.00804540942983692
0.5,PLS,0.0119939156520716
0.5,PLS,0.00768983120738717
0.5,PLS,0.00229770817360241
0.5,PLS,0.0039710026525428
0.5,PLS,0.0111911004000409
0.5,PLS,0.0140008538450429
0.5,PLS,0.0327048121305816
0.5,PLS,0.0183050946768382
0.5,PLS,0.00640632809882057
0.5,PLS,0.00372686156072105
0.5,PLS,0.0143931241543276
0.5,PLS,0.00703567379876235
0.5,PLS,0.00409844531488844
0.5,PLS,0.0174147536750627
0.5,PLS,0.00660726578591272
0.5,PLS,0.016201160752478
0.5,PLS,0.00425597858688274
0.5,PLS,0.00488794590519243
0.5,PLS,0.0123531678900036
0.5,PLS,0.0109177998908311
0.5,PLS,0.0052768671810892
0.5,PLS,0.00654104500288992
0.5,PLS,0.00876753063613724
0.5,PLS,0.00843016684487123
0.5,PLS,0.00450671696553229
0.5,PLS,0.00991479085153952
0.5,PLS,0.0207618967901552
0.5,PLS,0.00457127215312031
0.5,PLS,0.00328871908799783
0.5,PLS,0.00601532969638516
0.5,PLS,0.00732080730881216
0.5,PLS,0.0107500831733432
0.5,PLS,0.0095325424812636
0.5,PLS,0.013077079675595
0.5,PLS,0.00732229879127217
0.5,PLS,0.00654289976533895
0.5,PLS,0.0144756558437362
0.5,PLS,0.00549726783047214
0.5,PLS,0.00255424892950067
0.5,PLS,0.00539255180800533
0.5,PLS,0.00307276698054934
0.5,PLS,0.0128843448566008
0.5,PLS,0.00663505113011488
0.5,PLS,0.0135910783587245
0.5,PLS,0.00441728948144365
0.5,PLS,0.00397179816766948
0.5,PLS,0.0113398360739974
0.5,PLS,0.0117951285576202
0.5,PLS,0.00315721909772319
0.5,PLS,0.00600908052938018
0.5,PLS,0.00405080156228967
0.5,PLS,0.00249706051014673
0.5,PLS,0.00756693679533038
0.5,PLS,0.0106610685756731
0.5,PLS,0.00871347167776754
0.5,PLS,0.0172751032764036
0.5,PLS,0.0231081675012619
0.5,PLS,0.0124383150376762
0.5,PLS,0.0113834895995034
0.5,PLS,0.0018827015480764
0.5,PLS,0.00488432359843302
0.5,PLS,0.00594638396036204
0.5,PLS,0.00279998052966321
0.5,PLS,0.00590202494524065
0.5,PLS,0.011908289030573
0.5,PLS,0.00822777882131114
0.5,PLS,0.00633304164665167
0.5,PLS,0.00587168046044377
0.5,PLS,0.00480873586876276
0.5,PLS,0.0116785684649151
0.5,PLS,0.00731557100568485
0.5,PLS,0.00199665682142497
0.5,PLS,0.0145180804285769
0.5,PLS,0.0224926978917017
0.5,PLS,0.0185969224950011
0.5,PLS,0.011118065796038
0.5,PLS,0.00619005569901098
0.5,PLS,0.00210269960801866
0.5,PLS,0.0168983262834569
0.5,PLS,0.02025429953771
0.5,PLS,0.0188122982072448
0.5,PLS,0.0133930095527004
0.5,PLS,0.00834088533565091
0.5,PLS,0.00341087708629362
0.5,PLS,0.00856214822763373
0.5,PLS,0.0105356994495375
0.5,PLS,0.0120564438145539
0.5,PLS,0.0184245251880739
0.5,PLS,0.00447779127416052
0.5,PLS,0.0101833560391059
0.5,PLS,0.0256264197897722
0.5,PLS,0.0159127927128392
0.5,PLS,0.0108302149048663
0.5,PLS,0.00287454716742747
0.5,PLS,0.00806142488599643
0.5,PLS,0.00714832776401484
0.5,PLS,0.0129998918434407
0.5,PLS,0.0208514716448735
0.5,PLS,0.0117779810556694
0.5,PLS,0.00599510230443865
0.5,PLS,0.00751778051167495
0.5,PLS,0.017011184592489
0.5,PLS,0.00881512772966516
0.5,PLS,0.0114913757870062
0.5,PLS,0.0115502861738431
0.5,PLS,0.00959136613107324
0.5,PLS,0.00610244004217287
0.5,PLS,0.00778586276843582
0.5,PLS,0.0106014018575054
0.5,PLS,0.00790252645171451
0.5,PLS,0.00650316044707975
0.5,PLS,0.0246684439421261
0.5,PLS,0.0138666477354182
0.5,PLS,0.00437362462249076
0.5,PLS,0.00512058618273087
0.5,PLS,0.00173083035178246
0.5,fTS,0.00654289423656721
0.5,fTS,0.00573772898721825
0.5,fTS,0.0145982332682939
0.5,fTS,0.0200954660156889
0.5,fTS,0.00298978320226423
0.5,fTS,0.00635093699872783
0.5,fTS,0.0020655279331312
0.5,fTS,0.00415571874502362
0.5,fTS,0.00360142342227562
0.5,fTS,0.00600824476946657
0.5,fTS,0.00272634608974585
0.5,fTS,0.00555775417840114
0.5,fTS,0.00834407741487394
0.5,fTS,0.0112703217371509
0.5,fTS,0.0136996362380981
0.5,fTS,0.00238426872948439
0.5,fTS,0.00212124492364478
0.5,fTS,0.00459892722877149
0.5,fTS,0.00654084017234545
0.5,fTS,0.00280568693194943
0.5,fTS,0.0121342761369449
0.5,fTS,0.00450480481416537
0.5,fTS,0.00587224203427642
0.5,fTS,0.00604044900474798
0.5,fTS,0.00656038898161316
0.5,fTS,0.00765545616760429
0.5,fTS,0.00685303965737978
0.5,fTS,0.00490287995033173
0.5,fTS,0.00863497249258766
0.5,fTS,0.00887662586824881
0.5,fTS,0.00528189348344126
0.5,fTS,0.00615879521625004
0.5,fTS,0.00958155355601207
0.5,fTS,0.00441537629203123
0.5,fTS,0.00448227367343038
0.5,fTS,0.0120331361988967
0.5,fTS,0.00355037417499284
0.5,fTS,0.00776515606325519
0.5,fTS,0.00474832748371492
0.5,fTS,0.0024183807088159
0.5,fTS,0.00657170476277937
0.5,fTS,0.00623142294760038
0.5,fTS,0.00323418229810564
0.5,fTS,0.00236971147728807
0.5,fTS,0.00470850835919131
0.5,fTS,0.011434936786553
0.5,fTS,0.00422030794250448
0.5,fTS,0.0113837704636831
0.5,fTS,0.0105014707982287
0.5,fTS,0.00446708842476638
0.5,fTS,0.00266448409994015
0.5,fTS,0.0118796295159361
0.5,fTS,0.0107715018748755
0.5,fTS,0.00563461821887435
0.5,fTS,0.00410650991672693
0.5,fTS,0.00947929533323044
0.5,fTS,0.0108593312692585
0.5,fTS,0.00436426339708306
0.5,fTS,0.00703920658278189
0.5,fTS,0.00316650326749569
0.5,fTS,0.00777296248822313
0.5,fTS,0.00245590760821495
0.5,fTS,0.00621218522589192
0.5,fTS,0.00319777619545059
0.5,fTS,0.00901540049712921
0.5,fTS,0.00504352529188541
0.5,fTS,0.00694328855064724
0.5,fTS,0.00683557521733343
0.5,fTS,0.00319766454280658
0.5,fTS,0.00304919076315234
0.5,fTS,0.0125827704307859
0.5,fTS,0.00361956977253307
0.5,fTS,0.00351619768548003
0.5,fTS,0.00775021217352013
0.5,fTS,0.00811544087493966
0.5,fTS,0.00920337462757267
0.5,fTS,0.00897869555045182
0.5,fTS,0.00973473164623429
0.5,fTS,0.00688581494766829
0.5,fTS,0.0125403761932149
0.5,fTS,0.00139553179969379
0.5,fTS,0.0018901332380791
0.5,fTS,0.00422515715519908
0.5,fTS,0.00628568859410792
0.5,fTS,0.00443501433036552
0.5,fTS,0.00640052533204847
0.5,fTS,0.00100326797758915
0.5,fTS,0.00167396821594973
0.5,fTS,0.00845188108730353
0.5,fTS,0.00694607422298419
0.5,fTS,0.0262465753976454
0.5,fTS,0.0117263642056591
0.5,fTS,0.00786035587660894
0.5,fTS,0.00275946078937996
0.5,fTS,0.00834537485618564
0.5,fTS,0.00654578053265358
0.5,fTS,0.00229202945568164
0.5,fTS,0.00912638338115267
0.5,fTS,0.00536217244173273
0.5,fTS,0.0114460407177989
0.5,fTS,0.00552623447534415
0.5,fTS,0.00761962166294256
0.5,fTS,0.00243899098838114
0.5,fTS,0.00807270530285834
0.5,fTS,0.00514359602983345
0.5,fTS,0.00641243694199469
0.5,fTS,0.0048768691623101
0.5,fTS,0.00385972266435562
0.5,fTS,0.00477666960876383
0.5,fTS,0.00486968542856598
0.5,fTS,0.00873426447741384
0.5,fTS,0.00172155463508211
0.5,fTS,0.0041811097146405
0.5,fTS,0.00590482230222813
0.5,fTS,0.00381674983304531
0.5,fTS,0.00741789548601362
0.5,fTS,0.0118403153653261
0.5,fTS,0.0124151427531135
0.5,fTS,0.00519121174294594
0.5,fTS,0.00982736520415851
0.5,fTS,0.0152005287166193
0.5,fTS,0.00799933452102904
0.5,fTS,0.00219334298508541
0.5,fTS,0.00232708497996231
0.5,fTS,0.0045009159048753
0.5,fTS,0.00916796811532613
0.5,fTS,0.00527477948317071
0.5,fTS,0.0143133929480114
0.5,fTS,0.00259805627732615
0.5,fTS,0.005039007292778
0.5,fTS,0.0072451103837375
0.5,fTS,0.00747584402788519
0.5,fTS,0.00542342300809933
0.5,fTS,0.00352813221883305
0.5,fTS,0.00352989019273142
0.5,fTS,0.00162727767190583
0.5,fTS,0.0127137463738502
0.5,fTS,0.0068926476277188
0.5,fTS,0.00627064963482827
0.5,fTS,0.00951260483488232
0.5,fTS,0.0242130809376036
0.5,fTS,0.0115032296954831
0.5,fTS,0.00767952289471589
0.5,fTS,0.00346790628072011
0.5,fTS,0.00359945554039263
0.5,fTS,0.00536401675082501
0.5,fTS,0.00116828134306701
0.5,fTS,0.00259991596405359
0.5,fTS,0.00892453245521251
0.5,fTS,0.00634604199857301
0.5,fTS,0.00704923369929027
0.5,fTS,0.00505224435332569
0.5,fTS,0.00539390670533163
0.5,fTS,0.0081422886863737
0.5,fTS,0.00846903969209851
0.5,fTS,0.00398542776505311
0.5,fTS,0.0168977882504526
0.5,fTS,0.0110750315146925
0.5,fTS,0.00776131025098697
0.5,fTS,0.00598428525771581
0.5,fTS,0.00773059840520338
0.5,fTS,0.00166905766160659
0.5,fTS,0.00809839684257581
0.5,fTS,0.0187667124652128
0.5,fTS,0.0193352676200358
0.5,fTS,0.00551373265629392
0.5,fTS,0.00513366422630547
0.5,fTS,0.00396286176186957
0.5,fTS,0.00287201786728909
0.5,fTS,0.00758480511653422
0.5,fTS,0.0145631789004682
0.5,fTS,0.012641898356691
0.5,fTS,0.00405302287762176
0.5,fTS,0.00470179857216264
0.5,fTS,0.0134309282825439
0.5,fTS,0.00835138782025798
0.5,fTS,0.0103551505636894
0.5,fTS,0.00174786497151627
0.5,fTS,0.00459442185053332
0.5,fTS,0.00675293466795136
0.5,fTS,0.00417368286622006
0.5,fTS,0.0155284622299576
0.5,fTS,0.0187026797670152
0.5,fTS,0.00419656221561988
0.5,fTS,0.00339144969811896
0.5,fTS,0.00881392905273223
0.5,fTS,0.00763993520703217
0.5,fTS,0.00988622576337621
0.5,fTS,0.0075304944636817
0.5,fTS,0.00413558909690328
0.5,fTS,0.00275318051517052
0.5,fTS,0.00561139505836779
0.5,fTS,0.0147971377608114
0.5,fTS,0.00617460724397164
0.5,fTS,0.00499328164652736
0.5,fTS,0.00834518798528192
0.5,fTS,0.00652518271040422
0.5,fTS,0.00433202533759425
0.5,fTS,0.00510630044722247
0.5,fTS,0.00649600704898704
0.5,LS_oracle,0.00998229095391934
0.5,LS_oracle,0.0109933464309255
0.5,LS_oracle,0.014340167031187
0.5,LS_oracle,0.0122032506582787
0.5,LS_oracle,0.00976072307414138
0.5,LS_oracle,0.00765651672582033
0.5,LS_oracle,0.0028003630524825
0.5,LS_oracle,0.016810529187494
0.5,LS_oracle,0.00982017768881828
0.5,LS_oracle,0.00827694368882381
0.5,LS_oracle,0.0035490748262981
0.5,LS_oracle,0.00292114377002516
0.5,LS_oracle,0.00838440994397764
0.5,LS_oracle,0.0195467459938809
0.5,LS_oracle,0.00725101224919698
0.5,LS_oracle,0.0067059554267232
0.5,LS_oracle,0.00858802731929078
0.5,LS_oracle,0.00855316651531253
0.5,LS_oracle,0.00455871344518129
0.5,LS_oracle,0.00390021329125686
0.5,LS_oracle,0.0111564020623559
0.5,LS_oracle,0.00871635446207997
0.5,LS_oracle,0.0122004797316625
0.5,LS_oracle,0.0049891128741485
0.5,LS_oracle,0.00449776048422822
0.5,LS_oracle,0.013532208048731
0.5,LS_oracle,0.00554234311046234
0.5,LS_oracle,0.00695789596014237
0.5,LS_oracle,0.0174583354680305
0.5,LS_oracle,0.0071274046423012
0.5,LS_oracle,0.00815797979334989
0.5,LS_oracle,0.0160603388061671
0.5,LS_oracle,0.0105719047034771
0.5,LS_oracle,0.00315331819490094
0.5,LS_oracle,0.00689922370204779
0.5,LS_oracle,0.00463404704867047
0.5,LS_oracle,0.0111418354379601
0.5,LS_oracle,0.00834461682895629
0.5,LS_oracle,0.00809558700538547
0.5,LS_oracle,0.00785452254788142
0.5,LS_oracle,0.00564337124700545
0.5,LS_oracle,0.00450301485507283
0.5,LS_oracle,0.00841547253540236
0.5,LS_oracle,0.00565256508020772
0.5,LS_oracle,0.00147717488553122
0.5,LS_oracle,0.0152267490438084
0.5,LS_oracle,0.00902514654668258
0.5,LS_oracle,0.0116759303022225
0.5,LS_oracle,0.0197578292844544
0.5,LS_oracle,0.00487869347483362
0.5,LS_oracle,0.00327847025776089
0.5,LS_oracle,0.00924035745444015
0.5,LS_oracle,0.00614325890355126
0.5,LS_oracle,0.00444907057580897
0.5,LS_oracle,0.00618665622878578
0.5,LS_oracle,0.0144510643695231
0.5,LS_oracle,0.0106737208825553
0.5,LS_oracle,0.00557535886600325
0.5,LS_oracle,0.00886799843318659
0.5,LS_oracle,0.00419718760922229
0.5,LS_oracle,0.011933530000997
0.5,LS_oracle,0.00141847284544077
0.5,LS_oracle,0.00216517047086557
0.5,LS_oracle,0.00593553382508544
0.5,LS_oracle,0.0123080210663154
0.5,LS_oracle,0.00656598198490427
0.5,LS_oracle,0.00699894176210639
0.5,LS_oracle,0.00569068246141492
0.5,LS_oracle,0.00424442844583097
0.5,LS_oracle,0.00217371842562758
0.5,LS_oracle,0.0100742704168351
0.5,LS_oracle,0.00286186086216699
0.5,LS_oracle,0.00541252936524618
0.5,LS_oracle,0.010629916290397
0.5,LS_oracle,0.00985975970149056
0.5,LS_oracle,0.0109117679288859
0.5,LS_oracle,0.0102911743755938
0.5,LS_oracle,0.00927124042648887
0.5,LS_oracle,0.0142196849921665
0.5,LS_oracle,0.0145391390550711
0.5,LS_oracle,0.00244722232152847
0.5,LS_oracle,0.00294414631314009
0.5,LS_oracle,0.00741509421224891
0.5,LS_oracle,0.00821203583525807
0.5,LS_oracle,0.010028399625916
0.5,LS_oracle,0.00553462699919229
0.5,LS_oracle,0.00248418868045905
0.5,LS_oracle,0.00338863239967698
0.5,LS_oracle,0.00881226244974294
0.5,LS_oracle,0.0152202396540605
0.5,LS_oracle,0.0325182918053994
0.5,LS_oracle,0.0182818247940451
0.5,LS_oracle,0.00759193077525485
0.5,LS_oracle,0.00286252418683017
0.5,LS_oracle,0.00743839574963607
0.5,LS_oracle,0.0069673768667578
0.5,LS_oracle,0.0041732194890533
0.5,LS_oracle,0.0185166281662281
0.5,LS_oracle,0.00661916243488621
0.5,LS_oracle,0.0114580080948268
0.5,LS_oracle,0.00404352182098487
0.5,LS_oracle,0.00534124361731959
0.5,LS_oracle,0.0125795897939594
0.5,LS_oracle,0.00947067639795018
0.5,LS_oracle,0.00323044569150536
0.5,LS_oracle,0.0067560272426597
0.5,LS_oracle,0.00776354381766849
0.5,LS_oracle,0.00687996194134836
0.5,LS_oracle,0.00439597929885832
0.5,LS_oracle,0.00755466263295105
0.5,LS_oracle,0.0208449571454623
0.5,LS_oracle,0.00412982086566932
0.5,LS_oracle,0.0035361419409913
0.5,LS_oracle,0.00479416980394656
0.5,LS_oracle,0.00582609502256464
0.5,LS_oracle,0.0103621733014988
0.5,LS_oracle,0.00890597927800622
0.5,LS_oracle,0.0113999381526606
0.5,LS_oracle,0.00568511478394191
0.5,LS_oracle,0.00599440490468487
0.5,LS_oracle,0.014030897962936
0.5,LS_oracle,0.00381342064804178
0.5,LS_oracle,0.000989099481281592
0.5,LS_oracle,0.00519794720535189
0.5,LS_oracle,0.00167636541033913
0.5,LS_oracle,0.0126191418616951
0.5,LS_oracle,0.00639998321867173
0.5,LS_oracle,0.0107009545919078
0.5,LS_oracle,0.00429536275603291
0.5,LS_oracle,0.0041471895836722
0.5,LS_oracle,0.00982114559295306
0.5,LS_oracle,0.0110021438976895
0.5,LS_oracle,0.00322397643976903
0.5,LS_oracle,0.00606434411640414
0.5,LS_oracle,0.00433367234078181
0.5,LS_oracle,0.00201362069814167
0.5,LS_oracle,0.00651188613969074
0.5,LS_oracle,0.0111972518008015
0.5,LS_oracle,0.00813393909403286
0.5,LS_oracle,0.00831926119426059
0.5,LS_oracle,0.024743869419819
0.5,LS_oracle,0.0127359072246159
0.5,LS_oracle,0.0119525750209038
0.5,LS_oracle,0.00157908709240362
0.5,LS_oracle,0.00469405824663494
0.5,LS_oracle,0.00556653357502205
0.5,LS_oracle,0.00266587640803865
0.5,LS_oracle,0.00537292600383077
0.5,LS_oracle,0.00946133455026156
0.5,LS_oracle,0.00750306687095091
0.5,LS_oracle,0.00460316801917363
0.5,LS_oracle,0.0067350838349391
0.5,LS_oracle,0.00476670852967015
0.5,LS_oracle,0.00965407619702092
0.5,LS_oracle,0.0066474104308232
0.5,LS_oracle,0.00187569201429748
0.5,LS_oracle,0.0141866507029376
0.5,LS_oracle,0.0161168320810678
0.5,LS_oracle,0.00786625172776669
0.5,LS_oracle,0.0116803379617527
0.5,LS_oracle,0.00432818191652841
0.5,LS_oracle,0.00180351544371368
0.5,LS_oracle,0.016729760799281
0.5,LS_oracle,0.0202225376521287
0.5,LS_oracle,0.0210533254582298
0.5,LS_oracle,0.0132406116781656
0.5,LS_oracle,0.00844620024898643
0.5,LS_oracle,0.00326024668233924
0.5,LS_oracle,0.00690916443827834
0.5,LS_oracle,0.00811928323706505
0.5,LS_oracle,0.0121775775341942
0.5,LS_oracle,0.018068110416441
0.5,LS_oracle,0.00486235963188193
0.5,LS_oracle,0.00746339748606964
0.5,LS_oracle,0.0289618037425698
0.5,LS_oracle,0.0155968691380983
0.5,LS_oracle,0.00929418858439201
0.5,LS_oracle,0.00318751625680958
0.5,LS_oracle,0.00660564251788135
0.5,LS_oracle,0.00470167739369698
0.5,LS_oracle,0.0109811703231161
0.5,LS_oracle,0.0204248903833905
0.5,LS_oracle,0.0131074517156758
0.5,LS_oracle,0.00612269915685298
0.5,LS_oracle,0.00730878802573358
0.5,LS_oracle,0.0158140869599903
0.5,LS_oracle,0.00694029095624121
0.5,LS_oracle,0.0103879326573329
0.5,LS_oracle,0.0135584217293999
0.5,LS_oracle,0.00944525765251082
0.5,LS_oracle,0.00670756563183508
0.5,LS_oracle,0.0128727499679348
0.5,LS_oracle,0.00869607582623098
0.5,LS_oracle,0.00753134904047878
0.5,LS_oracle,0.00689319077212245
0.5,LS_oracle,0.0243731512804093
0.5,LS_oracle,0.0135089099144629
0.5,LS_oracle,0.00434719513358598
0.5,LS_oracle,0.0034640694817172
0.5,LS_oracle,0.0017584547759159
0.5,TS_oracle,0.00621239238818748
0.5,TS_oracle,0.00576884090580225
0.5,TS_oracle,0.0142955509485466
0.5,TS_oracle,0.0109781440773281
0.5,TS_oracle,0.00328740776127641
0.5,TS_oracle,0.00635767245024248
0.5,TS_oracle,0.00164816872414282
0.5,TS_oracle,0.00413433120519791
0.5,TS_oracle,0.00357078584826432
0.5,TS_oracle,0.00555311948363915
0.5,TS_oracle,0.0026244388628591
0.5,TS_oracle,0.00482589504876909
0.5,TS_oracle,0.00846241999620841
0.5,TS_oracle,0.0112501987010087
0.5,TS_oracle,0.00482642259718562
0.5,TS_oracle,0.00239265536053794
0.5,TS_oracle,0.00173745003347779
0.5,TS_oracle,0.00456801872191589
0.5,TS_oracle,0.00608476151509655
0.5,TS_oracle,0.0028896048807532
0.5,TS_oracle,0.0107224835617167
0.5,TS_oracle,0.00458120229709155
0.5,TS_oracle,0.00612233532699127
0.5,TS_oracle,0.00600716546481951
0.5,TS_oracle,0.00400426936285414
0.5,TS_oracle,0.0072188166086411
0.5,TS_oracle,0.00720317814693508
0.5,TS_oracle,0.00483255106336464
0.5,TS_oracle,0.0082143307600569
0.5,TS_oracle,0.00829541910060736
0.5,TS_oracle,0.00519707731312767
0.5,TS_oracle,0.00632854110765284
0.5,TS_oracle,0.00880121355840357
0.5,TS_oracle,0.00432923599885844
0.5,TS_oracle,0.00428234247933993
0.5,TS_oracle,0.0106378166286265
0.5,TS_oracle,0.0037584284384662
0.5,TS_oracle,0.00718197357362179
0.5,TS_oracle,0.00528762758025731
0.5,TS_oracle,0.00240397411490831
0.5,TS_oracle,0.00653695767463749
0.5,TS_oracle,0.00485368024588928
0.5,TS_oracle,0.0032399394709973
0.5,TS_oracle,0.00235364493322539
0.5,TS_oracle,0.00554760398566887
0.5,TS_oracle,0.0105563880140898
0.5,TS_oracle,0.00422365595753895
0.5,TS_oracle,0.0108126007555146
0.5,TS_oracle,0.00823642381849236
0.5,TS_oracle,0.00422412647997903
0.5,TS_oracle,0.00244371619552256
0.5,TS_oracle,0.0116206085257023
0.5,TS_oracle,0.0107629414983267
0.5,TS_oracle,0.00564320520798116
0.5,TS_oracle,0.0044003834779416
0.5,TS_oracle,0.00948121143277592
0.5,TS_oracle,0.00946842358520786
0.5,TS_oracle,0.0039973250445787
0.5,TS_oracle,0.00696491135447554
0.5,TS_oracle,0.00304870936470042
0.5,TS_oracle,0.00860022856476103
0.5,TS_oracle,0.00228966470323696
0.5,TS_oracle,0.00421958480477727
0.5,TS_oracle,0.00316687345103144
0.5,TS_oracle,0.00851134376366062
0.5,TS_oracle,0.00483999987623615
0.5,TS_oracle,0.0069658250689291
0.5,TS_oracle,0.00490406828969065
0.5,TS_oracle,0.00316143744370181
0.5,TS_oracle,0.00284021138565425
0.5,TS_oracle,0.0121658433765235
0.5,TS_oracle,0.00368055405501377
0.5,TS_oracle,0.00331024817413933
0.5,TS_oracle,0.00805585041926779
0.5,TS_oracle,0.00711152978047636
0.5,TS_oracle,0.00901403647598349
0.5,TS_oracle,0.00788062459449183
0.5,TS_oracle,0.00946210266950891
0.5,TS_oracle,0.00632019014124284
0.5,TS_oracle,0.0128909668542958
0.5,TS_oracle,0.00139582561287193
0.5,TS_oracle,0.00158708736227631
0.5,TS_oracle,0.00422714677038031
0.5,TS_oracle,0.00633922593667529
0.5,TS_oracle,0.00430699018863057
0.5,TS_oracle,0.00546541333182545
0.5,TS_oracle,0.000965468515436228
0.5,TS_oracle,0.00163874353164055
0.5,TS_oracle,0.00778420851997032
0.5,TS_oracle,0.00590602009877101
0.5,TS_oracle,0.0254632170224631
0.5,TS_oracle,0.0117491372545756
0.5,TS_oracle,0.00734918419999839
0.5,TS_oracle,0.00255687171192587
0.5,TS_oracle,0.00588159693291312
0.5,TS_oracle,0.00652229447297047
0.5,TS_oracle,0.00232144847109523
0.5,TS_oracle,0.0096109701550022
0.5,TS_oracle,0.00533322479325967
0.5,TS_oracle,0.00758531707837108
0.5,TS_oracle,0.00562556154837064
0.5,TS_oracle,0.007869959497731
0.5,TS_oracle,0.00251376343857703
0.5,TS_oracle,0.00752106171133011
0.5,TS_oracle,0.00137637682736909
0.5,TS_oracle,0.00621460678817468
0.5,TS_oracle,0.00483331047414071
0.5,TS_oracle,0.00342512495065251
0.5,TS_oracle,0.00536883712913834
0.5,TS_oracle,0.00478602877782316
0.5,TS_oracle,0.00882538917156903
0.5,TS_oracle,0.00144293201131423
0.5,TS_oracle,0.00426180439826517
0.5,TS_oracle,0.00581712766401489
0.5,TS_oracle,0.00318652646803899
0.5,TS_oracle,0.00736025547898244
0.5,TS_oracle,0.012617506944206
0.5,TS_oracle,0.0117161425924606
0.5,TS_oracle,0.00485525024416504
0.5,TS_oracle,0.009266531437156
0.5,TS_oracle,0.0149795646841856
0.5,TS_oracle,0.0038214852541942
0.5,TS_oracle,0.000843724432779157
0.5,TS_oracle,0.00256717359526084
0.5,TS_oracle,0.00461193086090821
0.5,TS_oracle,0.0091973795671328
0.5,TS_oracle,0.0046730281446689
0.5,TS_oracle,0.0131042274356884
0.5,TS_oracle,0.00266208307664367
0.5,TS_oracle,0.00401793451865646
0.5,TS_oracle,0.00661575256991876
0.5,TS_oracle,0.00719655237541705
0.5,TS_oracle,0.0052189097288285
0.5,TS_oracle,0.00316645926284476
0.5,TS_oracle,0.00351054940347408
0.5,TS_oracle,0.00161253533528761
0.5,TS_oracle,0.0120129711979054
0.5,TS_oracle,0.00676478855010391
0.5,TS_oracle,0.00632421944358033
0.5,TS_oracle,0.00924292346823821
0.5,TS_oracle,0.0250907957277436
0.5,TS_oracle,0.0112165621028367
0.5,TS_oracle,0.00768550878654216
0.5,TS_oracle,0.00260787768272895
0.5,TS_oracle,0.00307378751948964
0.5,TS_oracle,0.00540363693609275
0.5,TS_oracle,0.00064058081916014
0.5,TS_oracle,0.00245336843471429
0.5,TS_oracle,0.00870689072966685
0.5,TS_oracle,0.00612087093265019
0.5,TS_oracle,0.00330733559818191
0.5,TS_oracle,0.00391244535201337
0.5,TS_oracle,0.00542213638560046
0.5,TS_oracle,0.00801270953897421
0.5,TS_oracle,0.00752718836612498
0.5,TS_oracle,0.00413466821703031
0.5,TS_oracle,0.0168358493666844
0.5,TS_oracle,0.0111535859923105
0.5,TS_oracle,0.00649870049869671
0.5,TS_oracle,0.00622434894986371
0.5,TS_oracle,0.00724104350232174
0.5,TS_oracle,0.00162451939293673
0.5,TS_oracle,0.00802308623162437
0.5,TS_oracle,0.0186354991551358
0.5,TS_oracle,0.0204254307583278
0.5,TS_oracle,0.00538525610612007
0.5,TS_oracle,0.00515820484370309
0.5,TS_oracle,0.00434289443889099
0.5,TS_oracle,0.00287386464080824
0.5,TS_oracle,0.00431555946456967
0.5,TS_oracle,0.0146477772638308
0.5,TS_oracle,0.0126740808410398
0.5,TS_oracle,0.00425483721806124
0.5,TS_oracle,0.00235544627214289
0.5,TS_oracle,0.0126235669316148
0.5,TS_oracle,0.00822473454507814
0.5,TS_oracle,0.00880033019581796
0.5,TS_oracle,0.00180318556139242
0.5,TS_oracle,0.00436255133356355
0.5,TS_oracle,0.00578342409429733
0.5,TS_oracle,0.0037449481995088
0.5,TS_oracle,0.0150108894782301
0.5,TS_oracle,0.0193644496447704
0.5,TS_oracle,0.00422075353126171
0.5,TS_oracle,0.00333148708078611
0.5,TS_oracle,0.00839962389391723
0.5,TS_oracle,0.00709336349017437
0.5,TS_oracle,0.0102995925815172
0.5,TS_oracle,0.00657850348581548
0.5,TS_oracle,0.00413473735349921
0.5,TS_oracle,0.00307011026632305
0.5,TS_oracle,0.00736100520845926
0.5,TS_oracle,0.0131611344741209
0.5,TS_oracle,0.00500421978738919
0.5,TS_oracle,0.00562375770230277
0.5,TS_oracle,0.00663094054962732
0.5,TS_oracle,0.00653315365078834
0.5,TS_oracle,0.00332903250346718
0.5,TS_oracle,0.0047952958001401
0.5,TS_oracle,0.00594588536268495
0.6,PLS,0.00894068847608901
0.6,PLS,0.0165450130192158
0.6,PLS,0.0163070682450085
0.6,PLS,0.00843325308773489
0.6,PLS,0.0105697919892314
0.6,PLS,0.0209691943564617
0.6,PLS,0.00255471696641941
0.6,PLS,0.0138609494387942
0.6,PLS,0.0111599305007202
0.6,PLS,0.00632387018333079
0.6,PLS,0.00695214519456736
0.6,PLS,0.0139610144253095
0.6,PLS,0.0197069776885032
0.6,PLS,0.0131943174898038
0.6,PLS,0.0251863019319524
0.6,PLS,0.00451578270865442
0.6,PLS,0.0292606701669502
0.6,PLS,0.0101656429014357
0.6,PLS,0.00563518725367174
0.6,PLS,0.00830792326140976
0.6,PLS,0.0224438577456763
0.6,PLS,0.0218456539474314
0.6,PLS,0.00529977976283611
0.6,PLS,0.0143334250166894
0.6,PLS,0.0129169979301549
0.6,PLS,0.010133549141385
0.6,PLS,0.00591002808540576
0.6,PLS,0.00645346893426607
0.6,PLS,0.0153964686153226
0.6,PLS,0.00614142857477057
0.6,PLS,0.00695422479737013
0.6,PLS,0.0181092959836005
0.6,PLS,0.00581378248879327
0.6,PLS,0.0233932487605307
0.6,PLS,0.00472517902939117
0.6,PLS,0.00598141991666279
0.6,PLS,0.00274272130817311
0.6,PLS,0.0100604763176697
0.6,PLS,0.00526754710323724
0.6,PLS,0.00219978834817695
0.6,PLS,0.0177030352502867
0.6,PLS,0.00468496542647227
0.6,PLS,0.00225404228549975
0.6,PLS,0.004629209294212
0.6,PLS,0.00890243709246345
0.6,PLS,0.0151911893579702
0.6,PLS,0.021789020534945
0.6,PLS,0.00873572449235619
0.6,PLS,0.00620523095607883
0.6,PLS,0.0153178650532415
0.6,PLS,0.0128665273605577
0.6,PLS,0.0213344729164959
0.6,PLS,0.0115502815008037
0.6,PLS,0.0204564270853917
0.6,PLS,0.00467581982830465
0.6,PLS,0.00673011059130348
0.6,PLS,0.00981059053758022
0.6,PLS,0.015554292837926
0.6,PLS,0.00546833448531021
0.6,PLS,0.00607211346615341
0.6,PLS,0.0229570717801879
0.6,PLS,0.0129662994142293
0.6,PLS,0.00705310950816173
0.6,PLS,0.00975849044258492
0.6,PLS,0.00745456446278651
0.6,PLS,0.00658201627428344
0.6,PLS,0.00718292614234109
0.6,PLS,0.0196377623967982
0.6,PLS,0.000660860107648644
0.6,PLS,0.009796802730529
0.6,PLS,0.0371539141595165
0.6,PLS,0.003876382295806
0.6,PLS,0.00778548858396741
0.6,PLS,0.0088196653858556
0.6,PLS,0.0018495594396117
0.6,PLS,0.010874897396938
0.6,PLS,0.00323480605657309
0.6,PLS,0.00446385615124065
0.6,PLS,0.00169563840820137
0.6,PLS,0.0046941146373338
0.6,PLS,0.0204539580675995
0.6,PLS,0.00523208592430157
0.6,PLS,0.00445413596514919
0.6,PLS,0.0153405034740879
0.6,PLS,0.0122370692360282
0.6,PLS,0.0072848812309943
0.6,PLS,0.00853854366205043
0.6,PLS,0.0219989880939228
0.6,PLS,0.00888570184159681
0.6,PLS,0.012965282835963
0.6,PLS,0.00494116920889421
0.6,PLS,0.00911776486421756
0.6,PLS,0.0153385850474567
0.6,PLS,0.00912378450027363
0.6,PLS,0.00469111511288434
0.6,PLS,0.0262945783813224
0.6,PLS,0.0100815304688167
0.6,PLS,0.00630220608934385
0.6,PLS,0.0101275114713611
0.6,PLS,0.012379214560838
0.6,PLS,0.00488142308078769
0.6,PLS,0.00940948299957209
0.6,PLS,0.00969164993405579
0.6,PLS,0.00527011169823591
0.6,PLS,0.0297404601542461
0.6,PLS,0.0052216174526987
0.6,PLS,0.0083022208053893
0.6,PLS,0.00857086753865306
0.6,PLS,0.0078598338152172
0.6,PLS,0.00607947986619902
0.6,PLS,0.00712598514268652
0.6,PLS,0.011303436978948
0.6,PLS,0.00749612679279977
0.6,PLS,0.0118049223789283
0.6,PLS,0.0118208071242429
0.6,PLS,0.011148723909183
0.6,PLS,0.00633166683390804
0.6,PLS,0.00956726432395742
0.6,PLS,0.00758005154675745
0.6,PLS,0.00619835391468241
0.6,PLS,0.0104865627761139
0.6,PLS,0.00833021485090232
0.6,PLS,0.00752082765631044
0.6,PLS,0.0174288344490279
0.6,PLS,0.00675631701768588
0.6,PLS,0.00569285868483721
0.6,PLS,0.0129006313965001
0.6,PLS,0.0023349541015816
0.6,PLS,0.00876342917257539
0.6,PLS,0.00791146732392624
0.6,PLS,0.00853178919856537
0.6,PLS,0.0109903847546671
0.6,PLS,0.0117580555086693
0.6,PLS,0.00707478563468837
0.6,PLS,0.00697249224206235
0.6,PLS,0.0170216959182341
0.6,PLS,0.0192031883573928
0.6,PLS,0.0051443629414265
0.6,PLS,0.00494905102873408
0.6,PLS,0.00203879083847694
0.6,PLS,0.0093465013630575
0.6,PLS,0.00861863095739504
0.6,PLS,0.013870198389234
0.6,PLS,0.00309008636467345
0.6,PLS,0.0253848431730774
0.6,PLS,0.00645480988338368
0.6,PLS,0.0177642834919647
0.6,PLS,0.00251927587117218
0.6,PLS,0.00587463112370459
0.6,PLS,0.012664436592201
0.6,PLS,0.0146724763152778
0.6,PLS,0.0097715128890791
0.6,PLS,0.0122820926622169
0.6,PLS,0.00665484509300118
0.6,PLS,0.0103171916232564
0.6,PLS,0.00754918532895603
0.6,PLS,0.0248190405253433
0.6,PLS,0.00656141478133376
0.6,PLS,0.0174791884888983
0.6,PLS,0.0150889552056585
0.6,PLS,0.0162871580595713
0.6,PLS,0.0032908268164473
0.6,PLS,0.00659519209105252
0.6,PLS,0.0108480828981638
0.6,PLS,0.00884127022832198
0.6,PLS,0.00437183832646565
0.6,PLS,0.00755648825916485
0.6,PLS,0.00395202409870694
0.6,PLS,0.0029859419521133
0.6,PLS,0.0144534748022159
0.6,PLS,0.00869371304125133
0.6,PLS,0.00534136965478059
0.6,PLS,0.00694051144738685
0.6,PLS,0.0230837208709174
0.6,PLS,0.00844231822780062
0.6,PLS,0.00933505490951731
0.6,PLS,0.00822237979225976
0.6,PLS,0.00674140939518684
0.6,PLS,0.0139013321991587
0.6,PLS,0.00435739557708717
0.6,PLS,0.00453407054737077
0.6,PLS,0.0173884521133941
0.6,PLS,0.00386043292611646
0.6,PLS,0.00835743468103853
0.6,PLS,0.00732832515863469
0.6,PLS,0.00958640116335598
0.6,PLS,0.00137130294880821
0.6,PLS,0.00827148874214043
0.6,PLS,0.00503502480415573
0.6,PLS,0.00922800266944254
0.6,PLS,0.00975382694315541
0.6,PLS,0.0135208561011647
0.6,PLS,0.0106028474309302
0.6,PLS,0.00651632932668799
0.6,PLS,0.0122001058252441
0.6,PLS,0.00394088457277688
0.6,PLS,0.00484152798348569
0.6,PLS,0.0066021394284869
0.6,PLS,0.00736499482946231
0.6,PLS,0.0269738446525226
0.6,fTS,0.00394331672221423
0.6,fTS,0.00472119956972201
0.6,fTS,0.00502520336141033
0.6,fTS,0.00492294330021985
0.6,fTS,0.00461833836691213
0.6,fTS,0.0139610353739429
0.6,fTS,0.00231906894082454
0.6,fTS,0.00883546295060352
0.6,fTS,0.00793988787360319
0.6,fTS,0.0033780096624648
0.6,fTS,0.00534435213714548
0.6,fTS,0.00619771797895791
0.6,fTS,0.0145470399815128
0.6,fTS,0.00521621011214465
0.6,fTS,0.00897821378986035
0.6,fTS,0.00261028172867518
0.6,fTS,0.0292288200718565
0.6,fTS,0.0054059151609989
0.6,fTS,0.00344739611304975
0.6,fTS,0.00544090523416773
0.6,fTS,0.0148879247733049
0.6,fTS,0.0157169396441971
0.6,fTS,0.00279305056606909
0.6,fTS,0.00348070711920325
0.6,fTS,0.00896961624808936
0.6,fTS,0.00446421299752427
0.6,fTS,0.00437144289333925
0.6,fTS,0.00628397530999271
0.6,fTS,0.00692574928089983
0.6,fTS,0.00659605605562449
0.6,fTS,0.00709111200775431
0.6,fTS,0.00742308995175874
0.6,fTS,0.00318128228141227
0.6,fTS,0.00616849018854134
0.6,fTS,0.00204656242234262
0.6,fTS,0.00926125961618412
0.6,fTS,0.00356463570723811
0.6,fTS,0.00361074335401863
0.6,fTS,0.00187014144751203
0.6,fTS,0.00350443411371212
0.6,fTS,0.00636326252498593
0.6,fTS,0.00622545860557514
0.6,fTS,0.00179993227079355
0.6,fTS,0.001225124510739
0.6,fTS,0.00280739929019962
0.6,fTS,0.00588470788934296
0.6,fTS,0.0171003211774165
0.6,fTS,0.00879514788535772
0.6,fTS,0.00306928068909916
0.6,fTS,0.0085074305789346
0.6,fTS,0.0104504010712547
0.6,fTS,0.0091727901386074
0.6,fTS,0.00869497070729177
0.6,fTS,0.00425330020061114
0.6,fTS,0.00395100200249308
0.6,fTS,0.00730315746474721
0.6,fTS,0.00232779483312269
0.6,fTS,0.00486894668707149
0.6,fTS,0.00145325172559676
0.6,fTS,0.00259579317488249
0.6,fTS,0.015762845469775
0.6,fTS,0.0102448957706056
0.6,fTS,0.00505890874095277
0.6,fTS,0.00831306578078343
0.6,fTS,0.00412608333917823
0.6,fTS,0.00867968837102921
0.6,fTS,0.00362565674667269
0.6,fTS,0.00732974766482864
0.6,fTS,0.00115822371266306
0.6,fTS,0.00669937398095257
0.6,fTS,0.0055196104197886
0.6,fTS,0.00404945317373296
0.6,fTS,0.00375244943181726
0.6,fTS,0.0031558111218973
0.6,fTS,0.00129137857699694
0.6,fTS,0.00398778313738055
0.6,fTS,0.0025402214844757
0.6,fTS,0.00238270993397935
0.6,fTS,0.0020741630912844
0.6,fTS,0.0065450373429674
0.6,fTS,0.00472906293057298
0.6,fTS,0.00316011820692978
0.6,fTS,0.00447438329306145
0.6,fTS,0.0135735547066166
0.6,fTS,0.00389304832135819
0.6,fTS,0.00309159654514207
0.6,fTS,0.00398615369612789
0.6,fTS,0.00936200619532609
0.6,fTS,0.00235243239971372
0.6,fTS,0.00808002816400116
0.6,fTS,0.00154951036869458
0.6,fTS,0.00448000692228188
0.6,fTS,0.0127468029352008
0.6,fTS,0.00827225100189866
0.6,fTS,0.0024633894409951
0.6,fTS,0.00996433774657852
0.6,fTS,0.00423330974059074
0.6,fTS,0.00560866809348266
0.6,fTS,0.00316215335000611
0.6,fTS,0.00459306289841702
0.6,fTS,0.00357209732046355
0.6,fTS,0.00394277003503944
0.6,fTS,0.00546342015917315
0.6,fTS,0.0087279418475062
0.6,fTS,0.0167091735767765
0.6,fTS,0.00194295505240222
0.6,fTS,0.00597129493691363
0.6,fTS,0.0050733384574327
0.6,fTS,0.00478494385304013
0.6,fTS,0.00245344901378117
0.6,fTS,0.00694087325952596
0.6,fTS,0.00637902105003077
0.6,fTS,0.00446995714048935
0.6,fTS,0.00780821831572413
0.6,fTS,0.00968549813281712
0.6,fTS,0.00520221873617879
0.6,fTS,0.00744898871064253
0.6,fTS,0.00911192224447565
0.6,fTS,0.00658542246296784
0.6,fTS,0.00551825355520635
0.6,fTS,0.00433480141544175
0.6,fTS,0.0047607747169264
0.6,fTS,0.00276973906125888
0.6,fTS,0.00765222650162024
0.6,fTS,0.00372201639330215
0.6,fTS,0.00607748090983422
0.6,fTS,0.0052822752940481
0.6,fTS,0.00342777690748122
0.6,fTS,0.00273620302600455
0.6,fTS,0.00916853289847246
0.6,fTS,0.0021049142667705
0.6,fTS,0.0073813654637396
0.6,fTS,0.0053269935167631
0.6,fTS,0.00381954260151712
0.6,fTS,0.00123989629196249
0.6,fTS,0.00793094006011013
0.6,fTS,0.00546897895117644
0.6,fTS,0.00220641864435322
0.6,fTS,0.00319893388091403
0.6,fTS,0.000970649838094503
0.6,fTS,0.00439321662056533
0.6,fTS,0.0062786066790699
0.6,fTS,0.0112421198432024
0.6,fTS,0.00415264170313124
0.6,fTS,0.0125473213516795
0.6,fTS,0.00669825281131154
0.6,fTS,0.00753198848304242
0.6,fTS,0.00774357141588382
0.6,fTS,0.00336756311622092
0.6,fTS,0.00395411046072724
0.6,fTS,0.00712257931642421
0.6,fTS,0.00747250630921313
0.6,fTS,0.00969687850119334
0.6,fTS,0.00395599613050258
0.6,fTS,0.00451882621558276
0.6,fTS,0.00447584931162605
0.6,fTS,0.00993401320500293
0.6,fTS,0.00404350234031064
0.6,fTS,0.00799434751944268
0.6,fTS,0.013150846874118
0.6,fTS,0.00351737799101617
0.6,fTS,0.00378081551253484
0.6,fTS,0.00426720177012632
0.6,fTS,0.00622669263127514
0.6,fTS,0.011706532114227
0.6,fTS,0.00421415515045834
0.6,fTS,0.00350909523314291
0.6,fTS,0.000971069655105241
0.6,fTS,0.00167593701043868
0.6,fTS,0.0090141317488767
0.6,fTS,0.00263800484620408
0.6,fTS,0.0025692676858375
0.6,fTS,0.00167752194928487
0.6,fTS,0.00522890595079673
0.6,fTS,0.00454156538554901
0.6,fTS,0.00541565165768689
0.6,fTS,0.00501912191015505
0.6,fTS,0.00493006199769702
0.6,fTS,0.00938928486068657
0.6,fTS,0.00316572810821587
0.6,fTS,0.00362849590919471
0.6,fTS,0.00687882336059718
0.6,fTS,0.00452470319045266
0.6,fTS,0.00501009648500593
0.6,fTS,0.00478554215228395
0.6,fTS,0.00601210240698207
0.6,fTS,0.00143900832147971
0.6,fTS,0.00504941322384477
0.6,fTS,0.00399515072010304
0.6,fTS,0.00375722549012655
0.6,fTS,0.00454858200655404
0.6,fTS,0.00550471710348267
0.6,fTS,0.00958817118149555
0.6,fTS,0.00497482015035523
0.6,fTS,0.00901456832176376
0.6,fTS,0.00269649115129604
0.6,fTS,0.00961246590587335
0.6,fTS,0.0055893661134277
0.6,fTS,0.00713024530313482
0.6,fTS,0.00843281083522868
0.6,LS_oracle,0.00771825872308112
0.6,LS_oracle,0.0139339467206359
0.6,LS_oracle,0.0158352360698124
0.6,LS_oracle,0.00757975612457247
0.6,LS_oracle,0.0132360297677859
0.6,LS_oracle,0.0207600163254058
0.6,LS_oracle,0.00232366709273896
0.6,LS_oracle,0.0145135647572041
0.6,LS_oracle,0.0107467238737659
0.6,LS_oracle,0.0062217783804346
0.6,LS_oracle,0.00631786496740622
0.6,LS_oracle,0.0107030505354646
0.6,LS_oracle,0.0161997685866878
0.6,LS_oracle,0.0135730084792082
0.6,LS_oracle,0.0161499307513894
0.6,LS_oracle,0.00424222243623762
0.6,LS_oracle,0.0304130747403005
0.6,LS_oracle,0.0100627241364922
0.6,LS_oracle,0.00431645350492393
0.6,LS_oracle,0.00924166405803748
0.6,LS_oracle,0.0230265225150408
0.6,LS_oracle,0.0202381362878548
0.6,LS_oracle,0.00518725533810636
0.6,LS_oracle,0.0200633868496246
0.6,LS_oracle,0.00300481777660286
0.6,LS_oracle,0.00929342698272693
0.6,LS_oracle,0.00510726722872491
0.6,LS_oracle,0.00530436925859455
0.6,LS_oracle,0.015252353650957
0.6,LS_oracle,0.00492596840618519
0.6,LS_oracle,0.00904437428500596
0.6,LS_oracle,0.0164573296797432
0.6,LS_oracle,0.00536367170964704
0.6,LS_oracle,0.0209113914604677
0.6,LS_oracle,0.00392988665332075
0.6,LS_oracle,0.00526110440504866
0.6,LS_oracle,0.00282395669535567
0.6,LS_oracle,0.00818490853077091
0.6,LS_oracle,0.00517610228138008
0.6,LS_oracle,0.00199889871447312
0.6,LS_oracle,0.0187854686310576
0.6,LS_oracle,0.00379837545372204
0.6,LS_oracle,0.00213859926014756
0.6,LS_oracle,0.00453871539973875
0.6,LS_oracle,0.00728725668633807
0.6,LS_oracle,0.0169846827864963
0.6,LS_oracle,0.0210333166547216
0.6,LS_oracle,0.00836210616861227
0.6,LS_oracle,0.00561470229494144
0.6,LS_oracle,0.0150841760917418
0.6,LS_oracle,0.0117654381565565
0.6,LS_oracle,0.0163743822362892
0.6,LS_oracle,0.010703459716554
0.6,LS_oracle,0.0125842990155994
0.6,LS_oracle,0.00486576105502232
0.6,LS_oracle,0.00537892372719087
0.6,LS_oracle,0.00978655454664574
0.6,LS_oracle,0.0167875214917272
0.6,LS_oracle,0.00208646376277891
0.6,LS_oracle,0.00504280047964548
0.6,LS_oracle,0.0209143880108903
0.6,LS_oracle,0.0125721066820646
0.6,LS_oracle,0.00649528049295508
0.6,LS_oracle,0.00593019482540154
0.6,LS_oracle,0.00737434159078499
0.6,LS_oracle,0.00515104134455347
0.6,LS_oracle,0.00703485477758062
0.6,LS_oracle,0.0192256160469505
0.6,LS_oracle,0.00037565097890648
0.6,LS_oracle,0.00996241520665091
0.6,LS_oracle,0.0255022436931568
0.6,LS_oracle,0.00378393449218115
0.6,LS_oracle,0.00825498254699496
0.6,LS_oracle,0.00838407417386559
0.6,LS_oracle,0.00145218076105076
0.6,LS_oracle,0.00973901703028593
0.6,LS_oracle,0.00303232549547001
0.6,LS_oracle,0.00577606015206607
0.6,LS_oracle,0.00168320501685451
0.6,LS_oracle,0.00440496504995299
0.6,LS_oracle,0.0136645833401225
0.6,LS_oracle,0.00512614501489655
0.6,LS_oracle,0.00505762768165492
0.6,LS_oracle,0.0144921119893881
0.6,LS_oracle,0.0109385771911606
0.6,LS_oracle,0.00765864270810346
0.6,LS_oracle,0.0087444212356592
0.6,LS_oracle,0.0199595188402251
0.6,LS_oracle,0.00677938539543292
0.6,LS_oracle,0.0125663646828872
0.6,LS_oracle,0.00593545089834944
0.6,LS_oracle,0.00432466815978106
0.6,LS_oracle,0.0133487995103807
0.6,LS_oracle,0.00838997563681976
0.6,LS_oracle,0.0044680993527438
0.6,LS_oracle,0.0195823668887942
0.6,LS_oracle,0.0114624879609897
0.6,LS_oracle,0.00559404854015743
0.6,LS_oracle,0.00943178913292357
0.6,LS_oracle,0.0110004536684626
0.6,LS_oracle,0.00433406649244756
0.6,LS_oracle,0.00840969269748608
0.6,LS_oracle,0.00850226547070974
0.6,LS_oracle,0.00622387335395399
0.6,LS_oracle,0.0306536585216786
0.6,LS_oracle,0.00497759180351186
0.6,LS_oracle,0.00679024518151888
0.6,LS_oracle,0.00874260290593658
0.6,LS_oracle,0.00792347885715439
0.6,LS_oracle,0.00586524272877111
0.6,LS_oracle,0.007054928567721
0.6,LS_oracle,0.0115295251366915
0.6,LS_oracle,0.00690480952391394
0.6,LS_oracle,0.00888435566770961
0.6,LS_oracle,0.0123852138480919
0.6,LS_oracle,0.00931095895752702
0.6,LS_oracle,0.00589537659411048
0.6,LS_oracle,0.0103283991195334
0.6,LS_oracle,0.00861315868827071
0.6,LS_oracle,0.00627482697981989
0.6,LS_oracle,0.00945424185155211
0.6,LS_oracle,0.00405399879053258
0.6,LS_oracle,0.00759087902983597
0.6,LS_oracle,0.0176307071504223
0.6,LS_oracle,0.00662467607263863
0.6,LS_oracle,0.00285156444819166
0.6,LS_oracle,0.0103700341672761
0.6,LS_oracle,0.00224520520175596
0.6,LS_oracle,0.00811500831288424
0.6,LS_oracle,0.0074850442249742
0.6,LS_oracle,0.00654723622063281
0.6,LS_oracle,0.00999295743445943
0.6,LS_oracle,0.0116084712277973
0.6,LS_oracle,0.00438298777337683
0.6,LS_oracle,0.00738572923765847
0.6,LS_oracle,0.0201497066407305
0.6,LS_oracle,0.0183514738359776
0.6,LS_oracle,0.00508577845312837
0.6,LS_oracle,0.0052129066003224
0.6,LS_oracle,0.00187882045922583
0.6,LS_oracle,0.00926665345547211
0.6,LS_oracle,0.00845087391194297
0.6,LS_oracle,0.0131594727208803
0.6,LS_oracle,0.00361878402007505
0.6,LS_oracle,0.0250592133691121
0.6,LS_oracle,0.00566498337232395
0.6,LS_oracle,0.0144587770697006
0.6,LS_oracle,0.00307771126072279
0.6,LS_oracle,0.00529293306121166
0.6,LS_oracle,0.010462570361473
0.6,LS_oracle,0.0122512035173416
0.6,LS_oracle,0.00879278244067021
0.6,LS_oracle,0.0121448667934158
0.6,LS_oracle,0.00842138867418466
0.6,LS_oracle,0.0102440984998886
0.6,LS_oracle,0.00751840157157089
0.6,LS_oracle,0.0247301548322151
0.6,LS_oracle,0.00651700137060501
0.6,LS_oracle,0.0167389456882807
0.6,LS_oracle,0.0157306959899334
0.6,LS_oracle,0.0130921362823921
0.6,LS_oracle,0.00284169812422366
0.6,LS_oracle,0.00914724188742902
0.6,LS_oracle,0.00938646622762144
0.6,LS_oracle,0.00883523078950474
0.6,LS_oracle,0.00370246368067401
0.6,LS_oracle,0.00671094738306572
0.6,LS_oracle,0.00381743152311184
0.6,LS_oracle,0.00259845140926704
0.6,LS_oracle,0.0132331251516183
0.6,LS_oracle,0.0119114738988265
0.6,LS_oracle,0.00435756971972654
0.6,LS_oracle,0.00740947528518742
0.6,LS_oracle,0.0197531343320107
0.6,LS_oracle,0.00703398498553401
0.6,LS_oracle,0.00924017095216292
0.6,LS_oracle,0.00645301176109464
0.6,LS_oracle,0.00654067902336125
0.6,LS_oracle,0.00962233758173191
0.6,LS_oracle,0.00482499573425237
0.6,LS_oracle,0.00501487339926104
0.6,LS_oracle,0.0159537877037975
0.6,LS_oracle,0.00377164538948716
0.6,LS_oracle,0.0064016582934116
0.6,LS_oracle,0.00592277887902304
0.6,LS_oracle,0.0101710289626163
0.6,LS_oracle,0.00172216188278747
0.6,LS_oracle,0.00623566810029267
0.6,LS_oracle,0.00478817512005237
0.6,LS_oracle,0.00747734454189293
0.6,LS_oracle,0.00884070651304051
0.6,LS_oracle,0.00707147496046752
0.6,LS_oracle,0.0102476929091614
0.6,LS_oracle,0.00664606386669494
0.6,LS_oracle,0.0115434080642985
0.6,LS_oracle,0.00393372968729582
0.6,LS_oracle,0.00331637437285507
0.6,LS_oracle,0.00608213477131817
0.6,LS_oracle,0.00637751971132327
0.6,LS_oracle,0.00948077635681164
0.6,TS_oracle,0.00345088072257517
0.6,TS_oracle,0.00478317902713196
0.6,TS_oracle,0.00497224078475719
0.6,TS_oracle,0.00421027081049756
0.6,TS_oracle,0.0051068508401443
0.6,TS_oracle,0.0119541838444496
0.6,TS_oracle,0.00215224128379597
0.6,TS_oracle,0.00817317308195933
0.6,TS_oracle,0.00577969051642432
0.6,TS_oracle,0.00341531720997198
0.6,TS_oracle,0.00458180466603588
0.6,TS_oracle,0.00601552047525568
0.6,TS_oracle,0.0138194299162123
0.6,TS_oracle,0.0051257535579267
0.6,TS_oracle,0.00248124708597904
0.6,TS_oracle,0.00256214117793598
0.6,TS_oracle,0.0296100718702226
0.6,TS_oracle,0.0053521992433095
0.6,TS_oracle,0.00289207017875777
0.6,TS_oracle,0.00620207683604084
0.6,TS_oracle,0.00790066945289202
0.6,TS_oracle,0.015597324481842
0.6,TS_oracle,0.00282759823908814
0.6,TS_oracle,0.00377255170228271
0.6,TS_oracle,0.00332734910996845
0.6,TS_oracle,0.00389786230561614
0.6,TS_oracle,0.00356651225413518
0.6,TS_oracle,0.00444712411872215
0.6,TS_oracle,0.00674948168673371
0.6,TS_oracle,0.00618736180139151
0.6,TS_oracle,0.00556896946280063
0.6,TS_oracle,0.00688855678562161
0.6,TS_oracle,0.00377584226717481
0.6,TS_oracle,0.00617254269642807
0.6,TS_oracle,0.000902400118449487
0.6,TS_oracle,0.00895311593802333
0.6,TS_oracle,0.00346513948989273
0.6,TS_oracle,0.00343867800007367
0.6,TS_oracle,0.00190143939331724
0.6,TS_oracle,0.00270576382066928
0.6,TS_oracle,0.00644104568196658
0.6,TS_oracle,0.00483622906641163
0.6,TS_oracle,0.00180819054671046
0.6,TS_oracle,0.00116468762717088
0.6,TS_oracle,0.00289540990358051
0.6,TS_oracle,0.00628772978162395
0.6,TS_oracle,0.016642658044086
0.6,TS_oracle,0.00878476139531884
0.6,TS_oracle,0.00275221208307759
0.6,TS_oracle,0.00728732197054856
0.6,TS_oracle,0.00939228210629257
0.6,TS_oracle,0.00832468086560081
0.6,TS_oracle,0.0060607915260925
0.6,TS_oracle,0.00360792634023945
0.6,TS_oracle,0.00242616915424769
0.6,TS_oracle,0.00593585480036333
0.6,TS_oracle,0.00233729936940847
0.6,TS_oracle,0.00514754781703608
0.6,TS_oracle,0.00142396464871029
0.6,TS_oracle,0.00244861717578461
0.6,TS_oracle,0.015486061294554
0.6,TS_oracle,0.00914387592620573
0.6,TS_oracle,0.0050726292523459
0.6,TS_oracle,0.00839650928865871
0.6,TS_oracle,0.00430489622802109
0.6,TS_oracle,0.008723771743691
0.6,TS_oracle,0.00362774129368447
0.6,TS_oracle,0.00729189992607018
0.6,TS_oracle,0.000907743695252481
0.6,TS_oracle,0.00671952786952666
0.6,TS_oracle,0.00447249956728766
0.6,TS_oracle,0.00387205933459602
0.6,TS_oracle,0.00415640265183927
0.6,TS_oracle,0.00280663543285878
0.6,TS_oracle,0.00124065489303882
0.6,TS_oracle,0.00378628828928549
0.6,TS_oracle,0.0020903185692443
0.6,TS_oracle,0.00259668735924231
0.6,TS_oracle,0.000939079174045347
0.6,TS_oracle,0.00606772664976134
0.6,TS_oracle,0.00383640300008289
0.6,TS_oracle,0.00135939122884534
0.6,TS_oracle,0.00437967450270688
0.6,TS_oracle,0.0131004027579661
0.6,TS_oracle,0.00358550403137884
0.6,TS_oracle,0.0039827122767515
0.6,TS_oracle,0.00396278649658454
0.6,TS_oracle,0.00913254733896572
0.6,TS_oracle,0.00226658344309341
0.6,TS_oracle,0.0079993939644379
0.6,TS_oracle,0.00154055480199916
0.6,TS_oracle,0.00211033621827979
0.6,TS_oracle,0.0116710485653212
0.6,TS_oracle,0.00832716291650579
0.6,TS_oracle,0.00244644058963753
0.6,TS_oracle,0.00927281094610667
0.6,TS_oracle,0.00409429162176565
0.6,TS_oracle,0.00561829366201839
0.6,TS_oracle,0.003176705873316
0.6,TS_oracle,0.00423390178776998
0.6,TS_oracle,0.00335003250815367
0.6,TS_oracle,0.00340390168807222
0.6,TS_oracle,0.00511637371262936
0.6,TS_oracle,0.00559241055269876
0.6,TS_oracle,0.0163893117197452
0.6,TS_oracle,0.00167839056166547
0.6,TS_oracle,0.00494516741004058
0.6,TS_oracle,0.00519725607061081
0.6,TS_oracle,0.00472445194468594
0.6,TS_oracle,0.00244182342754573
0.6,TS_oracle,0.0056936508206336
0.6,TS_oracle,0.00647239859482703
0.6,TS_oracle,0.00478021047203679
0.6,TS_oracle,0.00792960006710632
0.6,TS_oracle,0.00984269972783905
0.6,TS_oracle,0.00432117500184813
0.6,TS_oracle,0.00742577508806462
0.6,TS_oracle,0.00928299550412884
0.6,TS_oracle,0.00687339865607568
0.6,TS_oracle,0.00518084253790385
0.6,TS_oracle,0.00426217477581657
0.6,TS_oracle,0.00418847665231276
0.6,TS_oracle,0.00249235335938327
0.6,TS_oracle,0.00528499284126731
0.6,TS_oracle,0.00374428196626758
0.6,TS_oracle,0.00308835074318105
0.6,TS_oracle,0.00509748284260862
0.6,TS_oracle,0.00347618397271049
0.6,TS_oracle,0.00273746810921556
0.6,TS_oracle,0.00701277553350923
0.6,TS_oracle,0.00122710361853931
0.6,TS_oracle,0.00738681138320447
0.6,TS_oracle,0.00402138214044818
0.6,TS_oracle,0.00321860186777673
0.6,TS_oracle,0.000916407271626108
0.6,TS_oracle,0.00826062111798116
0.6,TS_oracle,0.00540212874961977
0.6,TS_oracle,0.0014911353939743
0.6,TS_oracle,0.00270546503959757
0.6,TS_oracle,0.00097829939615157
0.6,TS_oracle,0.00408932376924647
0.6,TS_oracle,0.00605805554994422
0.6,TS_oracle,0.0112609807668517
0.6,TS_oracle,0.00431313049346715
0.6,TS_oracle,0.0124133841186555
0.6,TS_oracle,0.00630032048999544
0.6,TS_oracle,0.00498378808296659
0.6,TS_oracle,0.00754117388878103
0.6,TS_oracle,0.00332282049694088
0.6,TS_oracle,0.00412680046365411
0.6,TS_oracle,0.00698150252749317
0.6,TS_oracle,0.00892254514239768
0.6,TS_oracle,0.00960314402384226
0.6,TS_oracle,0.00429334682602885
0.6,TS_oracle,0.00451803854005993
0.6,TS_oracle,0.00341823944613509
0.6,TS_oracle,0.00994897021805056
0.6,TS_oracle,0.0039018415133921
0.6,TS_oracle,0.00797629851376178
0.6,TS_oracle,0.0131214667853246
0.6,TS_oracle,0.00350797343248239
0.6,TS_oracle,0.00364634806031711
0.6,TS_oracle,0.00460571610481438
0.6,TS_oracle,0.00593906636527098
0.6,TS_oracle,0.0117065234991413
0.6,TS_oracle,0.00409385903592479
0.6,TS_oracle,0.00376474306416545
0.6,TS_oracle,0.000904337205951354
0.6,TS_oracle,0.00144436137006261
0.6,TS_oracle,0.00659975658327916
0.6,TS_oracle,0.00303205300782461
0.6,TS_oracle,0.00258557595551757
0.6,TS_oracle,0.00182996269205582
0.6,TS_oracle,0.00496762023316083
0.6,TS_oracle,0.00461840923890033
0.6,TS_oracle,0.00497751172791588
0.6,TS_oracle,0.00498731031280365
0.6,TS_oracle,0.00480252698452214
0.6,TS_oracle,0.00190810045991321
0.6,TS_oracle,0.00347914581828244
0.6,TS_oracle,0.00365472481057804
0.6,TS_oracle,0.00699668894102642
0.6,TS_oracle,0.0045174383125948
0.6,TS_oracle,0.00415837308587064
0.6,TS_oracle,0.00449652822818267
0.6,TS_oracle,0.00616189296826909
0.6,TS_oracle,0.00127069011997005
0.6,TS_oracle,0.00522261291222832
0.6,TS_oracle,0.00393738247240129
0.6,TS_oracle,0.00361315050746793
0.6,TS_oracle,0.00262139622098796
0.6,TS_oracle,0.00544083775681437
0.6,TS_oracle,0.00955823517618748
0.6,TS_oracle,0.00498564923175838
0.6,TS_oracle,0.00880226965383824
0.6,TS_oracle,0.00269762793185255
0.6,TS_oracle,0.00608693055822826
0.6,TS_oracle,0.0056755750187229
0.6,TS_oracle,0.00704838128963852
0.6,TS_oracle,0.0076230864544398
0.7,PLS,0.0082238398208075
0.7,PLS,0.0198369287059318
0.7,PLS,0.00364188668409973
0.7,PLS,0.0111394652177753
0.7,PLS,0.0073535479479128
0.7,PLS,0.00144587852088804
0.7,PLS,0.0101003531383301
0.7,PLS,0.00684838335394453
0.7,PLS,0.0226584998882979
0.7,PLS,0.00310077969529355
0.7,PLS,0.0100796334266286
0.7,PLS,0.00416257200735343
0.7,PLS,0.0184932321027647
0.7,PLS,0.0107574177170844
0.7,PLS,0.00631535539635513
0.7,PLS,0.0198127696757455
0.7,PLS,0.0029137014016617
0.7,PLS,0.00594732701764228
0.7,PLS,0.0106197721083443
0.7,PLS,0.010933188479663
0.7,PLS,0.00498951141231904
0.7,PLS,0.00554572950197155
0.7,PLS,0.0150924684263795
0.7,PLS,0.00425310998612262
0.7,PLS,0.00509848941073252
0.7,PLS,0.0151567571426229
0.7,PLS,0.00308994342532449
0.7,PLS,0.0087449234376356
0.7,PLS,0.00506185378913107
0.7,PLS,0.0105484844539143
0.7,PLS,0.00420236395138119
0.7,PLS,0.00511036091089025
0.7,PLS,0.00714450766452373
0.7,PLS,0.00483821597008166
0.7,PLS,0.00351437119023996
0.7,PLS,0.0122171736912035
0.7,PLS,0.0250038469270214
0.7,PLS,0.010481504685831
0.7,PLS,0.00955139998563817
0.7,PLS,0.00652457856598416
0.7,PLS,0.0177603120528889
0.7,PLS,0.0113568485374863
0.7,PLS,0.015349203001484
0.7,PLS,0.0107788171769214
0.7,PLS,0.00430060340698334
0.7,PLS,0.0144122677895636
0.7,PLS,0.0186171166091008
0.7,PLS,0.0160815056590518
0.7,PLS,0.00583369085287266
0.7,PLS,0.00536084049577914
0.7,PLS,0.00888213706795816
0.7,PLS,0.0149988150961006
0.7,PLS,0.0077892408485938
0.7,PLS,0.00853492557065719
0.7,PLS,0.0122372145945241
0.7,PLS,0.00936600069843999
0.7,PLS,0.00467334621286894
0.7,PLS,0.0028420032624153
0.7,PLS,0.00362875962872287
0.7,PLS,0.0118588049668813
0.7,PLS,0.00727890837935222
0.7,PLS,0.0201995989974999
0.7,PLS,0.00501225000976614
0.7,PLS,0.00115725444138917
0.7,PLS,0.0157250647189436
0.7,PLS,0.0158180389659608
0.7,PLS,0.00408808161000729
0.7,PLS,0.0135951342712606
0.7,PLS,0.0128086534774787
0.7,PLS,0.00388153101234251
0.7,PLS,0.0293395285014827
0.7,PLS,0.0138304568934498
0.7,PLS,0.00591971086589725
0.7,PLS,0.0157801308820013
0.7,PLS,0.00625480622307452
0.7,PLS,0.00366025838911992
0.7,PLS,0.00857432916831664
0.7,PLS,0.00195793252148469
0.7,PLS,0.00671246449590178
0.7,PLS,0.0132498104908981
0.7,PLS,0.0110543106594997
0.7,PLS,0.00966130039909206
0.7,PLS,0.0118647449190633
0.7,PLS,0.00584513493786147
0.7,PLS,0.00939535204831716
0.7,PLS,0.0104503113144453
0.7,PLS,0.00694139079152268
0.7,PLS,0.018139069055916
0.7,PLS,0.0219550427018734
0.7,PLS,0.0076725353422373
0.7,PLS,0.00659728651008726
0.7,PLS,0.0108072671536423
0.7,PLS,0.0043800437144491
0.7,PLS,0.00576290832879351
0.7,PLS,0.0104720183264202
0.7,PLS,0.00560339431363977
0.7,PLS,0.00891460421351889
0.7,PLS,0.0116187137430462
0.7,PLS,0.00703956295624864
0.7,PLS,0.00622537936213976
0.7,PLS,0.00743268942819151
0.7,PLS,0.00737579613556697
0.7,PLS,0.00712613222100235
0.7,PLS,0.0112221218732501
0.7,PLS,0.00384588306681926
0.7,PLS,0.0088595035895662
0.7,PLS,0.0141561902919072
0.7,PLS,0.00334068384671524
0.7,PLS,0.00710082322673484
0.7,PLS,0.0101090974877153
0.7,PLS,0.00847580391536361
0.7,PLS,0.00968554905405737
0.7,PLS,0.00272258912868707
0.7,PLS,0.00877375935609699
0.7,PLS,0.0167585666700271
0.7,PLS,0.00493029045288757
0.7,PLS,0.0243989318810509
0.7,PLS,0.00619869207483885
0.7,PLS,0.0074440881702716
0.7,PLS,0.00646256737389859
0.7,PLS,0.0184139383597684
0.7,PLS,0.00818864361766007
0.7,PLS,0.00993777080232983
0.7,PLS,0.00793854573677549
0.7,PLS,0.00525496554551575
0.7,PLS,0.0122172859165811
0.7,PLS,0.00843446319427449
0.7,PLS,0.0161721049056475
0.7,PLS,0.00453812090005195
0.7,PLS,0.0014687170880841
0.7,PLS,0.00716898927353155
0.7,PLS,0.00839520186550206
0.7,PLS,0.0102279432161949
0.7,PLS,0.0068130986153573
0.7,PLS,0.0254327102426839
0.7,PLS,0.0125063551027356
0.7,PLS,0.00726921170210539
0.7,PLS,0.00526844113820752
0.7,PLS,0.00699707010239418
0.7,PLS,0.00861629698508064
0.7,PLS,0.00576568594979926
0.7,PLS,0.00608132826697704
0.7,PLS,0.00894227260143557
0.7,PLS,0.00355713964906741
0.7,PLS,0.00827118569358262
0.7,PLS,0.0061536494611351
0.7,PLS,0.00675367625491307
0.7,PLS,0.00830107487121575
0.7,PLS,0.0112576420728629
0.7,PLS,0.00774724362197394
0.7,PLS,0.0171460939197478
0.7,PLS,0.029734616264644
0.7,PLS,0.0165278165008506
0.7,PLS,0.011175467251671
0.7,PLS,0.00645200556866358
0.7,PLS,0.00606279926497124
0.7,PLS,0.00501744834260952
0.7,PLS,0.00925679864432708
0.7,PLS,0.00464415910917474
0.7,PLS,0.00331295268706333
0.7,PLS,0.012243321869331
0.7,PLS,0.00943635138701078
0.7,PLS,0.0186864378462886
0.7,PLS,0.0260970385148237
0.7,PLS,0.00885583923307654
0.7,PLS,0.0170908080615993
0.7,PLS,0.00742822386861981
0.7,PLS,0.00791431328280085
0.7,PLS,0.0158699605700578
0.7,PLS,0.0252402632552476
0.7,PLS,0.0218051696030496
0.7,PLS,0.00948732882218233
0.7,PLS,0.00577811077372332
0.7,PLS,0.00705460676361439
0.7,PLS,0.00334921481771765
0.7,PLS,0.00570814715249667
0.7,PLS,0.00873973337454476
0.7,PLS,0.003897142628878
0.7,PLS,0.00321010094803659
0.7,PLS,0.00660318626216562
0.7,PLS,0.0133291758835007
0.7,PLS,0.0161230977044902
0.7,PLS,0.0156062327926274
0.7,PLS,0.00463132266963595
0.7,PLS,0.0124169672834315
0.7,PLS,0.015524929408199
0.7,PLS,0.00488584768323754
0.7,PLS,0.00602571374372756
0.7,PLS,0.00173171452713226
0.7,PLS,0.0196349887184088
0.7,PLS,0.00856267897023029
0.7,PLS,0.0126120275685718
0.7,PLS,0.0340712111631264
0.7,PLS,0.00803403156999209
0.7,PLS,0.0107678941287541
0.7,PLS,0.00443872048028108
0.7,PLS,0.0028406782998759
0.7,PLS,0.00675090241819992
0.7,PLS,0.00667645240366417
0.7,PLS,0.0100342540728621
0.7,fTS,0.00581479864796928
0.7,fTS,0.00355799276588564
0.7,fTS,0.00389985503155642
0.7,fTS,0.00619211529331358
0.7,fTS,0.00329817468564757
0.7,fTS,0.00409702474993504
0.7,fTS,0.00370656337584792
0.7,fTS,0.00105032227494081
0.7,fTS,0.00470643243479626
0.7,fTS,0.00392574271007142
0.7,fTS,0.00617690530307282
0.7,fTS,0.00517460429416846
0.7,fTS,0.00386801481265094
0.7,fTS,0.00153917299153393
0.7,fTS,0.00286894012181895
0.7,fTS,0.0147366432155487
0.7,fTS,0.00394464818911751
0.7,fTS,0.0045314102635392
0.7,fTS,0.00121506627951941
0.7,fTS,0.00511551724110941
0.7,fTS,0.00191638601560239
0.7,fTS,0.00172909076659274
0.7,fTS,0.00181689085785582
0.7,fTS,0.00409658747159266
0.7,fTS,0.00243183242104684
0.7,fTS,0.0038365712442836
0.7,fTS,0.00300454605282614
0.7,fTS,0.00100466939449308
0.7,fTS,0.00174647200127197
0.7,fTS,0.00381297216686266
0.7,fTS,0.00485994595878706
0.7,fTS,0.00514671257211414
0.7,fTS,0.0016514461544077
0.7,fTS,0.00129816033322615
0.7,fTS,0.000670231585043754
0.7,fTS,0.00740121838553439
0.7,fTS,0.00819885337263849
0.7,fTS,0.00620183501561245
0.7,fTS,0.00519069126033908
0.7,fTS,0.00212261916661875
0.7,fTS,0.00616292589261997
0.7,fTS,0.00473880489960608
0.7,fTS,0.0197053951002478
0.7,fTS,0.00826482776349316
0.7,fTS,0.00198634747212906
0.7,fTS,0.00457268022358253
0.7,fTS,0.0119181189330081
0.7,fTS,0.00740653737137328
0.7,fTS,0.00167664977568982
0.7,fTS,0.00442446918865623
0.7,fTS,0.00783301805388428
0.7,fTS,0.00915435481318802
0.7,fTS,0.003514852783554
0.7,fTS,0.00201894104015168
0.7,fTS,0.00648829087201436
0.7,fTS,0.00201765497098407
0.7,fTS,0.00387419432966247
0.7,fTS,0.00642468892548368
0.7,fTS,0.0042611185578908
0.7,fTS,0.00455761017671023
0.7,fTS,0.00963240542394969
0.7,fTS,0.00182590140079246
0.7,fTS,0.00107322355463273
0.7,fTS,0.00254353015866534
0.7,fTS,0.00646507653826824
0.7,fTS,0.00755588938340235
0.7,fTS,0.00187411792091381
0.7,fTS,0.00393695059119929
0.7,fTS,0.00857901311933762
0.7,fTS,0.00501885846129321
0.7,fTS,0.0172783748659796
0.7,fTS,0.0263811646356565
0.7,fTS,0.00430995979601531
0.7,fTS,0.00692658317874146
0.7,fTS,0.0059929983375377
0.7,fTS,0.00234763915297215
0.7,fTS,0.00622538023289852
0.7,fTS,0.00334220415186027
0.7,fTS,0.0069797441918837
0.7,fTS,0.00646199743202172
0.7,fTS,0.00375530779144883
0.7,fTS,0.00880217646052009
0.7,fTS,0.00344463218766325
0.7,fTS,0.00755209535622284
0.7,fTS,0.00898988729585228
0.7,fTS,0.00303492317139435
0.7,fTS,0.00316556581230909
0.7,fTS,0.00417841363382404
0.7,fTS,0.0123963679978611
0.7,fTS,0.000808463686165754
0.7,fTS,0.00811275471625807
0.7,fTS,0.00258087721652182
0.7,fTS,0.00174869982892876
0.7,fTS,0.00307256824572814
0.7,fTS,0.0059574310124359
0.7,fTS,0.0048201412942848
0.7,fTS,0.00541744075866502
0.7,fTS,0.00403032480295637
0.7,fTS,0.0109019528209738
0.7,fTS,0.00284982057636438
0.7,fTS,0.00568543093135194
0.7,fTS,0.00333761285896876
0.7,fTS,0.00102172910739129
0.7,fTS,0.00245533652793993
0.7,fTS,0.00434672251179448
0.7,fTS,0.00865312113712832
0.7,fTS,0.0035845052445817
0.7,fTS,0.00244620400477379
0.7,fTS,0.00303392879515925
0.7,fTS,0.00255225291405052
0.7,fTS,0.00558667869933513
0.7,fTS,0.00472385202921794
0.7,fTS,0.00415156286343623
0.7,fTS,0.00669819959153994
0.7,fTS,0.00511690916420636
0.7,fTS,0.0019963808140697
0.7,fTS,0.00768410506513475
0.7,fTS,0.00256158424604135
0.7,fTS,0.00262809532568785
0.7,fTS,0.00350987779222729
0.7,fTS,0.00670749751618059
0.7,fTS,0.00182401088194952
0.7,fTS,0.00202222989987196
0.7,fTS,0.00365687068459228
0.7,fTS,0.0063401776748247
0.7,fTS,0.00154890845295056
0.7,fTS,0.00273565915672416
0.7,fTS,0.0129021326430547
0.7,fTS,0.0022229727109961
0.7,fTS,0.00155216592734044
0.7,fTS,0.00394630059409591
0.7,fTS,0.00268119631545529
0.7,fTS,0.0046187136498205
0.7,fTS,0.0040855415429434
0.7,fTS,0.00470746419281906
0.7,fTS,0.00490032763315931
0.7,fTS,0.00572556785846886
0.7,fTS,0.00431419176631541
0.7,fTS,0.00364923781769351
0.7,fTS,0.00574534037566499
0.7,fTS,0.00538671190334631
0.7,fTS,0.00351128712653925
0.7,fTS,0.00367701637347301
0.7,fTS,0.00627042855039334
0.7,fTS,0.00266081340738508
0.7,fTS,0.00881942838969339
0.7,fTS,0.00826338386139673
0.7,fTS,0.00535414996212362
0.7,fTS,0.0118815159501531
0.7,fTS,0.00953306472299619
0.7,fTS,0.00298102145592642
0.7,fTS,0.00363941378788323
0.7,fTS,0.00684636102390006
0.7,fTS,0.00251684531101205
0.7,fTS,0.00368351918556649
0.7,fTS,0.00130647062923161
0.7,fTS,0.00326949132240713
0.7,fTS,0.00831121033546234
0.7,fTS,0.00641407105857673
0.7,fTS,0.00357996770820538
0.7,fTS,0.0022987727953383
0.7,fTS,0.000712675401683958
0.7,fTS,0.00160536372295848
0.7,fTS,0.00252323039135406
0.7,fTS,0.00877247669700807
0.7,fTS,0.0082545747247275
0.7,fTS,0.00423795726010557
0.7,fTS,0.00722266073040994
0.7,fTS,0.00735309905785298
0.7,fTS,0.0163073731379336
0.7,fTS,0.0150074918286707
0.7,fTS,0.00214411157819622
0.7,fTS,0.00413074769261085
0.7,fTS,0.00208430875320013
0.7,fTS,0.00258082205475182
0.7,fTS,0.0056776644208287
0.7,fTS,0.00319441551820992
0.7,fTS,0.00882495230922261
0.7,fTS,0.00153459508901997
0.7,fTS,0.00997819331230234
0.7,fTS,0.00294979170211852
0.7,fTS,0.00993523574239007
0.7,fTS,0.00514454353467203
0.7,fTS,0.00618792944300109
0.7,fTS,0.0033561896555963
0.7,fTS,0.016209494496053
0.7,fTS,0.0031897667780711
0.7,fTS,0.00360789232207232
0.7,fTS,0.00241175102850747
0.7,fTS,0.0100876063130289
0.7,fTS,0.00722023859830454
0.7,fTS,0.00543772345965257
0.7,fTS,0.00423043678733456
0.7,fTS,0.00507661745098892
0.7,fTS,0.00414851016827326
0.7,fTS,0.00420493024348506
0.7,fTS,0.001095262576613
0.7,fTS,0.00500939625067978
0.7,fTS,0.00757071379067394
0.7,fTS,0.00600395518749015
0.7,LS_oracle,0.00927073772815443
0.7,LS_oracle,0.0197970519105815
0.7,LS_oracle,0.00361885618544845
0.7,LS_oracle,0.00933711054900588
0.7,LS_oracle,0.00541989614438531
0.7,LS_oracle,0.00158080331950247
0.7,LS_oracle,0.00909671891267213
0.7,LS_oracle,0.00609456171715356
0.7,LS_oracle,0.0180533997669255
0.7,LS_oracle,0.0030135075889164
0.7,LS_oracle,0.00977981719665919
0.7,LS_oracle,0.00475231484203266
0.7,LS_oracle,0.0191431500410108
0.7,LS_oracle,0.0120596267490967
0.7,LS_oracle,0.00742847629889382
0.7,LS_oracle,0.0196874607228778
0.7,LS_oracle,0.00273845090421937
0.7,LS_oracle,0.00586519142835544
0.7,LS_oracle,0.0103341624483385
0.7,LS_oracle,0.0107849048079221
0.7,LS_oracle,0.00487636731217837
0.7,LS_oracle,0.00538622668719909
0.7,LS_oracle,0.00581898813514495
0.7,LS_oracle,0.00344780495372233
0.7,LS_oracle,0.0061579361306175
0.7,LS_oracle,0.0139271973015696
0.7,LS_oracle,0.00262708251200805
0.7,LS_oracle,0.00874441582310075
0.7,LS_oracle,0.00505400482824199
0.7,LS_oracle,0.0100966411944763
0.7,LS_oracle,0.00411944317182439
0.7,LS_oracle,0.00535709220746535
0.7,LS_oracle,0.00649716680136487
0.7,LS_oracle,0.0045535878122673
0.7,LS_oracle,0.00345498525625901
0.7,LS_oracle,0.0101080730894206
0.7,LS_oracle,0.0245012701402979
0.7,LS_oracle,0.0105999602990216
0.7,LS_oracle,0.0099905715733725
0.7,LS_oracle,0.00592810855216224
0.7,LS_oracle,0.0101613442920247
0.7,LS_oracle,0.010488401236205
0.7,LS_oracle,0.0120845744524248
0.7,LS_oracle,0.0107421523384781
0.7,LS_oracle,0.00612984859820451
0.7,LS_oracle,0.0147009864564383
0.7,LS_oracle,0.018499247887231
0.7,LS_oracle,0.010923883879999
0.7,LS_oracle,0.00332431111227502
0.7,LS_oracle,0.00460177534315864
0.7,LS_oracle,0.00863661731170723
0.7,LS_oracle,0.0146855238415987
0.7,LS_oracle,0.00787226870118494
0.7,LS_oracle,0.00950509295731996
0.7,LS_oracle,0.0111256205231539
0.7,LS_oracle,0.00408359468202763
0.7,LS_oracle,0.00490845804547653
0.7,LS_oracle,0.00329234549818015
0.7,LS_oracle,0.00394446034225471
0.7,LS_oracle,0.0113791576229239
0.7,LS_oracle,0.00655352359829774
0.7,LS_oracle,0.0174708405837001
0.7,LS_oracle,0.00503485361528826
0.7,LS_oracle,0.00110144478728656
0.7,LS_oracle,0.0104152009506892
0.7,LS_oracle,0.014480852126947
0.7,LS_oracle,0.00408025563749012
0.7,LS_oracle,0.0128339226097779
0.7,LS_oracle,0.0139656001774597
0.7,LS_oracle,0.00398537732353236
0.7,LS_oracle,0.0267001953209144
0.7,LS_oracle,0.0140233777673428
0.7,LS_oracle,0.00608367646381554
0.7,LS_oracle,0.0156877454438989
0.7,LS_oracle,0.00608654686007662
0.7,LS_oracle,0.00429874198179152
0.7,LS_oracle,0.00961273570912792
0.7,LS_oracle,0.00160998353439253
0.7,LS_oracle,0.0132207694003106
0.7,LS_oracle,0.0136809420097376
0.7,LS_oracle,0.0115782423042503
0.7,LS_oracle,0.0083304199597242
0.7,LS_oracle,0.0107131809400363
0.7,LS_oracle,0.00530116137598564
0.7,LS_oracle,0.00834801445690144
0.7,LS_oracle,0.00984025960375269
0.7,LS_oracle,0.00582468497191699
0.7,LS_oracle,0.012446628929865
0.7,LS_oracle,0.0216894707799396
0.7,LS_oracle,0.00756915539664238
0.7,LS_oracle,0.00659312887762815
0.7,LS_oracle,0.0111199343493248
0.7,LS_oracle,0.00413131646551892
0.7,LS_oracle,0.00543147750337355
0.7,LS_oracle,0.0104693740643772
0.7,LS_oracle,0.0056038558146324
0.7,LS_oracle,0.0083331415862265
0.7,LS_oracle,0.00970671183879746
0.7,LS_oracle,0.00520593956800351
0.7,LS_oracle,0.00621105934561446
0.7,LS_oracle,0.00727366646599626
0.7,LS_oracle,0.00613427598195153
0.7,LS_oracle,0.00860377219206325
0.7,LS_oracle,0.00942801324718358
0.7,LS_oracle,0.00327882278795411
0.7,LS_oracle,0.0087947865207108
0.7,LS_oracle,0.0135133805826823
0.7,LS_oracle,0.00528236081962259
0.7,LS_oracle,0.00517665157034907
0.7,LS_oracle,0.00790312102641481
0.7,LS_oracle,0.004444009829526
0.7,LS_oracle,0.00958393869187525
0.7,LS_oracle,0.00284424476983801
0.7,LS_oracle,0.00900977614826984
0.7,LS_oracle,0.0175860901225297
0.7,LS_oracle,0.00531469616004829
0.7,LS_oracle,0.017970656032891
0.7,LS_oracle,0.00621416356242092
0.7,LS_oracle,0.00760699150819692
0.7,LS_oracle,0.00595214709360911
0.7,LS_oracle,0.0178615644756521
0.7,LS_oracle,0.0076953476368981
0.7,LS_oracle,0.0108054543792
0.7,LS_oracle,0.00774944338536958
0.7,LS_oracle,0.00495844472233029
0.7,LS_oracle,0.00781808268515299
0.7,LS_oracle,0.00814948199100611
0.7,LS_oracle,0.0170422155651013
0.7,LS_oracle,0.00463494069442286
0.7,LS_oracle,0.00149450681422295
0.7,LS_oracle,0.006628939648326
0.7,LS_oracle,0.0083791181560295
0.7,LS_oracle,0.00974328262283126
0.7,LS_oracle,0.0065197161599181
0.7,LS_oracle,0.0287773970269598
0.7,LS_oracle,0.0113604287162185
0.7,LS_oracle,0.00704819653366718
0.7,LS_oracle,0.00504548834216806
0.7,LS_oracle,0.00644883263838638
0.7,LS_oracle,0.00404134789652427
0.7,LS_oracle,0.0052111236437009
0.7,LS_oracle,0.00564253621448481
0.7,LS_oracle,0.00711475315275641
0.7,LS_oracle,0.00350158652178618
0.7,LS_oracle,0.00785661048263656
0.7,LS_oracle,0.0063979898152673
0.7,LS_oracle,0.00785068640097425
0.7,LS_oracle,0.00876712149091255
0.7,LS_oracle,0.0160076528838616
0.7,LS_oracle,0.00561590322471531
0.7,LS_oracle,0.0171825851034328
0.7,LS_oracle,0.0253063996405821
0.7,LS_oracle,0.0172689455808853
0.7,LS_oracle,0.00541447243235586
0.7,LS_oracle,0.00752828714492469
0.7,LS_oracle,0.00550359119413235
0.7,LS_oracle,0.00512567328624497
0.7,LS_oracle,0.0087732505713081
0.7,LS_oracle,0.00419805062898161
0.7,LS_oracle,0.00280621135246157
0.7,LS_oracle,0.0108496929158712
0.7,LS_oracle,0.00948826120841513
0.7,LS_oracle,0.0185060017449745
0.7,LS_oracle,0.0185845515556858
0.7,LS_oracle,0.00685957839299626
0.7,LS_oracle,0.0158777651222052
0.7,LS_oracle,0.00728348015733176
0.7,LS_oracle,0.0062034593171854
0.7,LS_oracle,0.0111055871202379
0.7,LS_oracle,0.0248970752426014
0.7,LS_oracle,0.0190517787989758
0.7,LS_oracle,0.00722954701843082
0.7,LS_oracle,0.00747960963903531
0.7,LS_oracle,0.00672034425709452
0.7,LS_oracle,0.00337286873153604
0.7,LS_oracle,0.00611968534606237
0.7,LS_oracle,0.00816374457156419
0.7,LS_oracle,0.00222131856300517
0.7,LS_oracle,0.00290446437414108
0.7,LS_oracle,0.00661167395458416
0.7,LS_oracle,0.0124749867021772
0.7,LS_oracle,0.0189278000672128
0.7,LS_oracle,0.0148873659788938
0.7,LS_oracle,0.00380254642912848
0.7,LS_oracle,0.0127803474153872
0.7,LS_oracle,0.00740301231814629
0.7,LS_oracle,0.00284163526856069
0.7,LS_oracle,0.00566379989596817
0.7,LS_oracle,0.00172253600728222
0.7,LS_oracle,0.0194434100553322
0.7,LS_oracle,0.00843419106243916
0.7,LS_oracle,0.0134494994286256
0.7,LS_oracle,0.029768510731966
0.7,LS_oracle,0.00800304150430064
0.7,LS_oracle,0.0101158567014232
0.7,LS_oracle,0.00471816256463996
0.7,LS_oracle,0.0032488752411672
0.7,LS_oracle,0.00788070182743008
0.7,LS_oracle,0.00474789597417605
0.7,LS_oracle,0.00916777319327418
0.7,TS_oracle,0.00583462487198195
0.7,TS_oracle,0.0030739173334125
0.7,TS_oracle,0.00383332285825254
0.7,TS_oracle,0.00536500410117367
0.7,TS_oracle,0.00326390129742373
0.7,TS_oracle,0.00418930383198657
0.7,TS_oracle,0.0036600050030216
0.7,TS_oracle,0.00096144362559671
0.7,TS_oracle,0.00471257387150812
0.7,TS_oracle,0.00389534053854483
0.7,TS_oracle,0.00609516938548483
0.7,TS_oracle,0.00513647858837398
0.7,TS_oracle,0.00392321690446843
0.7,TS_oracle,0.0012603689389505
0.7,TS_oracle,0.00228304396140184
0.7,TS_oracle,0.00842615971036501
0.7,TS_oracle,0.00395461713086269
0.7,TS_oracle,0.00446937736095726
0.7,TS_oracle,0.000957219922262846
0.7,TS_oracle,0.00511337115182134
0.7,TS_oracle,0.00188820523857603
0.7,TS_oracle,0.00164253791601686
0.7,TS_oracle,0.00183639329073482
0.7,TS_oracle,0.00375407203878273
0.7,TS_oracle,0.00236828515603444
0.7,TS_oracle,0.00371308354600226
0.7,TS_oracle,0.000999950688149911
0.7,TS_oracle,0.00100590539228314
0.7,TS_oracle,0.00174551655400842
0.7,TS_oracle,0.00313651625327211
0.7,TS_oracle,0.00478195285287151
0.7,TS_oracle,0.00409386319142417
0.7,TS_oracle,0.00163653871418155
0.7,TS_oracle,0.00126522572948953
0.7,TS_oracle,0.000562787229273624
0.7,TS_oracle,0.00731852915088633
0.7,TS_oracle,0.00818948351957897
0.7,TS_oracle,0.00599024944954593
0.7,TS_oracle,0.00530746410310444
0.7,TS_oracle,0.00183275041738785
0.7,TS_oracle,0.00622532220968774
0.7,TS_oracle,0.00194683426931926
0.7,TS_oracle,0.0172905245121892
0.7,TS_oracle,0.00834340808890557
0.7,TS_oracle,0.00211610563540967
0.7,TS_oracle,0.00460791878070893
0.7,TS_oracle,0.00653528671932556
0.7,TS_oracle,0.00530201950744188
0.7,TS_oracle,0.00171692761417192
0.7,TS_oracle,0.00446257260528616
0.7,TS_oracle,0.0080386235340087
0.7,TS_oracle,0.00914973139602646
0.7,TS_oracle,0.00351413874781896
0.7,TS_oracle,0.002015461945763
0.7,TS_oracle,0.00379868249056748
0.7,TS_oracle,0.001796290173799
0.7,TS_oracle,0.00353823832419104
0.7,TS_oracle,0.00565332568383191
0.7,TS_oracle,0.00379227164561641
0.7,TS_oracle,0.00460925561207133
0.7,TS_oracle,0.00969976477968044
0.7,TS_oracle,0.00196879642049363
0.7,TS_oracle,0.000951227857020977
0.7,TS_oracle,0.00240514145933117
0.7,TS_oracle,0.00640729182498902
0.7,TS_oracle,0.00656623838136534
0.7,TS_oracle,0.00140667607931301
0.7,TS_oracle,0.00383151578723032
0.7,TS_oracle,0.00871033131052943
0.7,TS_oracle,0.00416993663734262
0.7,TS_oracle,0.0167245213846567
0.7,TS_oracle,0.0178890911282545
0.7,TS_oracle,0.00431327560740355
0.7,TS_oracle,0.00691671739890362
0.7,TS_oracle,0.00525447899001267
0.7,TS_oracle,0.00241683501922515
0.7,TS_oracle,0.00643664849285202
0.7,TS_oracle,0.00292332356439985
0.7,TS_oracle,0.00760821800791913
0.7,TS_oracle,0.00596835468124735
0.7,TS_oracle,0.00380613682893579
0.7,TS_oracle,0.00840134907430951
0.7,TS_oracle,0.00275326302861704
0.7,TS_oracle,0.0046472456416683
0.7,TS_oracle,0.00904100100155866
0.7,TS_oracle,0.00300904697098613
0.7,TS_oracle,0.00269986628400611
0.7,TS_oracle,0.00405545455471848
0.7,TS_oracle,0.0123439977899145
0.7,TS_oracle,0.000809537380866496
0.7,TS_oracle,0.00680741997096852
0.7,TS_oracle,0.00196587511516097
0.7,TS_oracle,0.000827870614887869
0.7,TS_oracle,0.00262424199937486
0.7,TS_oracle,0.00445112462931813
0.7,TS_oracle,0.00456884681689528
0.7,TS_oracle,0.00544448265397891
0.7,TS_oracle,0.00383462028765047
0.7,TS_oracle,0.0104158696878856
0.7,TS_oracle,0.00284787614759449
0.7,TS_oracle,0.00588796715684266
0.7,TS_oracle,0.00333600000292974
0.7,TS_oracle,0.00109162889975209
0.7,TS_oracle,0.00214976085645747
0.7,TS_oracle,0.00358490657013527
0.7,TS_oracle,0.00867437070908215
0.7,TS_oracle,0.00350946350116847
0.7,TS_oracle,0.00265665401939611
0.7,TS_oracle,0.0030341061845755
0.7,TS_oracle,0.00180567473784987
0.7,TS_oracle,0.00555447757304319
0.7,TS_oracle,0.00472127106153281
0.7,TS_oracle,0.00407939212664582
0.7,TS_oracle,0.00702462999593161
0.7,TS_oracle,0.00522273746807914
0.7,TS_oracle,0.00106689787503643
0.7,TS_oracle,0.00755547253394726
0.7,TS_oracle,0.00246399915877574
0.7,TS_oracle,0.00245683692223046
0.7,TS_oracle,0.00378288009039222
0.7,TS_oracle,0.00655808354400349
0.7,TS_oracle,0.00176100287191954
0.7,TS_oracle,0.0020938158579559
0.7,TS_oracle,0.00366789324698936
0.7,TS_oracle,0.00633116475388297
0.7,TS_oracle,0.00155257827521039
0.7,TS_oracle,0.00270270885341076
0.7,TS_oracle,0.0133236510274983
0.7,TS_oracle,0.00212030503696791
0.7,TS_oracle,0.00154736950342332
0.7,TS_oracle,0.00387951054164426
0.7,TS_oracle,0.00273074183515449
0.7,TS_oracle,0.00443434553107953
0.7,TS_oracle,0.00363637948164672
0.7,TS_oracle,0.00433438535107803
0.7,TS_oracle,0.00496761464114674
0.7,TS_oracle,0.00458519182459779
0.7,TS_oracle,0.00323741462554821
0.7,TS_oracle,0.00366745882460883
0.7,TS_oracle,0.00442269174160892
0.7,TS_oracle,0.00524324466436042
0.7,TS_oracle,0.00354729376602264
0.7,TS_oracle,0.00366421202806149
0.7,TS_oracle,0.00612014034608695
0.7,TS_oracle,0.00266263119863309
0.7,TS_oracle,0.00889346916410813
0.7,TS_oracle,0.00879303568436149
0.7,TS_oracle,0.00446601969369814
0.7,TS_oracle,0.0129522303631321
0.7,TS_oracle,0.00943902004607953
0.7,TS_oracle,0.00297438896907163
0.7,TS_oracle,0.00369515061088561
0.7,TS_oracle,0.00674900527877762
0.7,TS_oracle,0.00122401936301951
0.7,TS_oracle,0.00335606338490513
0.7,TS_oracle,0.00130953802056824
0.7,TS_oracle,0.0032369671330244
0.7,TS_oracle,0.00753293143763185
0.7,TS_oracle,0.00641314186498471
0.7,TS_oracle,0.00289119029341744
0.7,TS_oracle,0.0022131670555342
0.7,TS_oracle,0.000726410384442289
0.7,TS_oracle,0.00127709755346728
0.7,TS_oracle,0.00251420998903746
0.7,TS_oracle,0.00845570774273116
0.7,TS_oracle,0.0081103543629681
0.7,TS_oracle,0.00398070741588079
0.7,TS_oracle,0.00668591148517081
0.7,TS_oracle,0.00724814028466284
0.7,TS_oracle,0.0160935469034205
0.7,TS_oracle,0.0153874880215863
0.7,TS_oracle,0.00214569234702506
0.7,TS_oracle,0.00410210388713404
0.7,TS_oracle,0.00207506955365324
0.7,TS_oracle,0.00234829710031029
0.7,TS_oracle,0.00387434633518451
0.7,TS_oracle,0.00327049828819673
0.7,TS_oracle,0.00373911879863656
0.7,TS_oracle,0.00144570776606926
0.7,TS_oracle,0.00998140591833299
0.7,TS_oracle,0.00190451937656501
0.7,TS_oracle,0.00483706116782037
0.7,TS_oracle,0.00442255299159773
0.7,TS_oracle,0.00568441554312821
0.7,TS_oracle,0.00334768260458531
0.7,TS_oracle,0.0115528284936984
0.7,TS_oracle,0.00182220529001534
0.7,TS_oracle,0.00360206663308585
0.7,TS_oracle,0.00241422524862719
0.7,TS_oracle,0.00881344104255217
0.7,TS_oracle,0.00659009348972359
0.7,TS_oracle,0.00558406476528314
0.7,TS_oracle,0.00418613441188341
0.7,TS_oracle,0.00507690973602877
0.7,TS_oracle,0.00392456210161281
0.7,TS_oracle,0.00425111623554668
0.7,TS_oracle,0.0010741338130116
0.7,TS_oracle,0.00467476450310561
0.7,TS_oracle,0.00646988805022708
0.7,TS_oracle,0.00589255053020471
0.8,PLS,0.0119726133552874
0.8,PLS,0.00525942325145237
0.8,PLS,0.0163361535958969
0.8,PLS,0.0270156492303512
0.8,PLS,0.00648367193842191
0.8,PLS,0.00363824877117585
0.8,PLS,0.00921252379312072
0.8,PLS,0.00447050978215313
0.8,PLS,0.00417312259261478
0.8,PLS,0.0116485272042641
0.8,PLS,0.00356110565435424
0.8,PLS,0.00420391279611501
0.8,PLS,0.0107302687905551
0.8,PLS,0.00942032718988234
0.8,PLS,0.00932773200343969
0.8,PLS,0.0235722946230982
0.8,PLS,0.028840924194912
0.8,PLS,0.00571503262539313
0.8,PLS,0.0210501289281008
0.8,PLS,0.00538797696258863
0.8,PLS,0.00711171810271126
0.8,PLS,0.00401156647824457
0.8,PLS,0.00296240125973549
0.8,PLS,0.0101334790723536
0.8,PLS,0.0128468203010419
0.8,PLS,0.0233333832277583
0.8,PLS,0.0103261786576567
0.8,PLS,0.00574840266485739
0.8,PLS,0.00227208209379557
0.8,PLS,0.0143202462809045
0.8,PLS,0.0162464501173494
0.8,PLS,0.00601804242719053
0.8,PLS,0.0112828801991067
0.8,PLS,0.0353819349212689
0.8,PLS,0.0109178380699638
0.8,PLS,0.00395355401458663
0.8,PLS,0.00560708333217073
0.8,PLS,0.00281318161322978
0.8,PLS,0.0112800188141966
0.8,PLS,0.00573272795244165
0.8,PLS,0.00362234521412882
0.8,PLS,0.0156448841046873
0.8,PLS,0.00447926061334436
0.8,PLS,0.0291924581403346
0.8,PLS,0.00561265828249856
0.8,PLS,0.0255455018816914
0.8,PLS,0.00796031790969416
0.8,PLS,0.00758636394396782
0.8,PLS,0.00766715346471899
0.8,PLS,0.0200282178083514
0.8,PLS,0.010088453805621
0.8,PLS,0.0102902315772111
0.8,PLS,0.0145131986591526
0.8,PLS,0.00169096481851517
0.8,PLS,0.0170119950587165
0.8,PLS,0.00720756931037395
0.8,PLS,0.0112857356568286
0.8,PLS,0.00407325711506976
0.8,PLS,0.00364106783332951
0.8,PLS,0.00475915163627888
0.8,PLS,0.010921758962276
0.8,PLS,0.00416942283764082
0.8,PLS,0.00815384162304585
0.8,PLS,0.00495617217912791
0.8,PLS,0.0124949278197367
0.8,PLS,0.00539152576355093
0.8,PLS,0.00706929823323585
0.8,PLS,0.0305649063607833
0.8,PLS,0.00731209995873708
0.8,PLS,0.0128885624201512
0.8,PLS,0.00563711950106761
0.8,PLS,0.00687452979313424
0.8,PLS,0.00476643180431548
0.8,PLS,0.0049784395794069
0.8,PLS,0.0141314437937807
0.8,PLS,0.00404728073285546
0.8,PLS,0.012560412225992
0.8,PLS,0.00853292852167424
0.8,PLS,0.0243753509936944
0.8,PLS,0.0116636927366235
0.8,PLS,0.0100409225763813
0.8,PLS,0.0227094996624499
0.8,PLS,0.0109872226012871
0.8,PLS,0.00712079547615538
0.8,PLS,0.0105275337423101
0.8,PLS,0.0059459832078627
0.8,PLS,0.00256725583364546
0.8,PLS,0.0104601854145488
0.8,PLS,0.0321288356137624
0.8,PLS,0.00912407023562748
0.8,PLS,0.0125916007016301
0.8,PLS,0.0066455327262731
0.8,PLS,0.00705614499754003
0.8,PLS,0.0103002917327008
0.8,PLS,0.0119903863249589
0.8,PLS,0.00947503372796231
0.8,PLS,0.0081358824457768
0.8,PLS,0.00400147611680859
0.8,PLS,0.0061636143930819
0.8,PLS,0.00772637581570158
0.8,PLS,0.037236054582574
0.8,PLS,0.00329908823379411
0.8,PLS,0.00591516907203555
0.8,PLS,0.0147696822421288
0.8,PLS,0.00925232001832976
0.8,PLS,0.0043186681194911
0.8,PLS,0.00780719330099307
0.8,PLS,0.0064888132231825
0.8,PLS,0.00257500037876778
0.8,PLS,0.00823092939650427
0.8,PLS,0.00511975116083402
0.8,PLS,0.00262943707251456
0.8,PLS,0.0139721993595187
0.8,PLS,0.00592978956269747
0.8,PLS,0.0111800688121667
0.8,PLS,0.00757818801115249
0.8,PLS,0.00627690171398122
0.8,PLS,0.0115334528795534
0.8,PLS,0.00850740672684862
0.8,PLS,0.00537907822195838
0.8,PLS,0.00732793621726637
0.8,PLS,0.00678395710193474
0.8,PLS,0.01231913029754
0.8,PLS,0.0130255032977983
0.8,PLS,0.00393431329675717
0.8,PLS,0.00612056010625731
0.8,PLS,0.0115419953401888
0.8,PLS,0.0140130063496792
0.8,PLS,0.00553752164933422
0.8,PLS,0.0111881224173991
0.8,PLS,0.00106875205995647
0.8,PLS,0.0106417258841187
0.8,PLS,0.0100435628133706
0.8,PLS,0.017520516316321
0.8,PLS,0.0276605940260669
0.8,PLS,0.0182478572861439
0.8,PLS,0.0103469475503957
0.8,PLS,0.00999055552380738
0.8,PLS,0.011996670544403
0.8,PLS,0.0134976654657914
0.8,PLS,0.00707252415253206
0.8,PLS,0.00444933886961877
0.8,PLS,0.00915588377155857
0.8,PLS,0.0117141234342529
0.8,PLS,0.0119481489506818
0.8,PLS,0.0159186159694332
0.8,PLS,0.00311899741809056
0.8,PLS,0.00932772200533953
0.8,PLS,0.00286161747138437
0.8,PLS,0.016141951045205
0.8,PLS,0.0145303673132243
0.8,PLS,0.00484158431162718
0.8,PLS,0.00573617810020499
0.8,PLS,0.0128994182705806
0.8,PLS,0.00535479237702132
0.8,PLS,0.0121472964541797
0.8,PLS,0.00497561729906979
0.8,PLS,0.0104593521159337
0.8,PLS,0.00114917447604416
0.8,PLS,0.00845955860516138
0.8,PLS,0.00671784242171588
0.8,PLS,0.0082574641226454
0.8,PLS,0.00112650012044833
0.8,PLS,0.00576920121564277
0.8,PLS,0.00834961701828976
0.8,PLS,0.0116786344623958
0.8,PLS,0.0168998635788254
0.8,PLS,0.0179148154084097
0.8,PLS,0.0230396550848283
0.8,PLS,0.00450265985426688
0.8,PLS,0.0220790127871997
0.8,PLS,0.015307910486758
0.8,PLS,0.00881557686304401
0.8,PLS,0.00405411986589649
0.8,PLS,0.0061036729823381
0.8,PLS,0.0047978310148356
0.8,PLS,0.011743650645357
0.8,PLS,0.00514512265046893
0.8,PLS,0.00336077687633813
0.8,PLS,0.010692610654468
0.8,PLS,0.00518025857189601
0.8,PLS,0.0138717280961435
0.8,PLS,0.00878414006068809
0.8,PLS,0.00800324619070402
0.8,PLS,0.00948773115867324
0.8,PLS,0.0105072575015111
0.8,PLS,0.0125551680310145
0.8,PLS,0.00730039450918656
0.8,PLS,0.00660201926988184
0.8,PLS,0.0109675780018285
0.8,PLS,0.00922492433766517
0.8,PLS,0.0242938617031285
0.8,PLS,0.00798568862747249
0.8,PLS,0.00584749324982463
0.8,PLS,0.00964180368261035
0.8,PLS,0.00151479425455101
0.8,PLS,0.00832206411632822
0.8,PLS,0.00428606533205784
0.8,PLS,0.0432145300825585
0.8,PLS,0.0140065669556825
0.8,fTS,0.0104845823832994
0.8,fTS,0.00170617936418891
0.8,fTS,0.00087322050664795
0.8,fTS,0.00700985981429815
0.8,fTS,0.00128908374611423
0.8,fTS,0.00622964253036368
0.8,fTS,0.00370281425009191
0.8,fTS,0.00158516508695666
0.8,fTS,0.00215036937488534
0.8,fTS,0.00462891516560601
0.8,fTS,0.000943008076674105
0.8,fTS,0.00228264157034537
0.8,fTS,0.00276421501989979
0.8,fTS,0.00231996988095318
0.8,fTS,0.00069117593828165
0.8,fTS,0.00610502782435107
0.8,fTS,0.00984836513653825
0.8,fTS,0.00208182277992509
0.8,fTS,0.0106666299416072
0.8,fTS,0.00126861852113624
0.8,fTS,0.00122491982434936
0.8,fTS,0.00200164512272076
0.8,fTS,0.00177439238235666
0.8,fTS,0.00161656780422919
0.8,fTS,0.0079275355458441
0.8,fTS,0.00605810495737187
0.8,fTS,0.00165694543921736
0.8,fTS,0.00130561853825434
0.8,fTS,0.00159206350747788
0.8,fTS,0.00262326032228569
0.8,fTS,0.00555506719769215
0.8,fTS,0.00234388223880861
0.8,fTS,0.00465906299749244
0.8,fTS,0.00345996493568397
0.8,fTS,0.00242050129910923
0.8,fTS,0.0010548905990852
0.8,fTS,0.00327949708265348
0.8,fTS,0.00348811242303765
0.8,fTS,0.00217626390735118
0.8,fTS,0.00527805945772616
0.8,fTS,0.000832266384768096
0.8,fTS,0.00387838066035306
0.8,fTS,0.00427941510384202
0.8,fTS,0.0107622254614158
0.8,fTS,0.00228992149276277
0.8,fTS,0.000973571335459148
0.8,fTS,0.00287002475663489
0.8,fTS,0.00371706002746926
0.8,fTS,0.00519647490175595
0.8,fTS,0.00302396392129404
0.8,fTS,0.00471422746523138
0.8,fTS,0.00212196309753722
0.8,fTS,0.00290455608876149
0.8,fTS,0.00189817044103549
0.8,fTS,0.00639576581103566
0.8,fTS,0.00328107574855116
0.8,fTS,0.00331225582528835
0.8,fTS,0.00185349205365596
0.8,fTS,0.00129622791617379
0.8,fTS,0.00235247394109064
0.8,fTS,0.000740960731927585
0.8,fTS,0.00190044493445281
0.8,fTS,0.00160212199988828
0.8,fTS,0.00253907346749831
0.8,fTS,0.00291287586366658
0.8,fTS,0.00674290434679337
0.8,fTS,0.00654303838004681
0.8,fTS,0.00529276815722455
0.8,fTS,0.00240676792764326
0.8,fTS,0.00493110765204177
0.8,fTS,0.00270491029893981
0.8,fTS,0.00140843077657013
0.8,fTS,0.00244660377641179
0.8,fTS,0.00161203641456976
0.8,fTS,0.0042576817803033
0.8,fTS,0.00415450660010625
0.8,fTS,0.0073245671698798
0.8,fTS,0.00191271343744931
0.8,fTS,0.00605564610242741
0.8,fTS,0.00283889260015186
0.8,fTS,0.000774509699250389
0.8,fTS,0.00696557944856826
0.8,fTS,0.00323999627142688
0.8,fTS,0.000891419193031258
0.8,fTS,0.00117570683483803
0.8,fTS,0.00387688667639628
0.8,fTS,0.00389160543563009
0.8,fTS,0.00188490038045373
0.8,fTS,0.00306355441789187
0.8,fTS,0.00588665116751075
0.8,fTS,0.00515149230114946
0.8,fTS,0.00639807014811507
0.8,fTS,0.00182755945613794
0.8,fTS,0.000859903080083924
0.8,fTS,0.00228546810492585
0.8,fTS,0.00227474728698384
0.8,fTS,0.00306685145404944
0.8,fTS,0.00430451334110628
0.8,fTS,0.0035122655827714
0.8,fTS,0.00357060458416007
0.8,fTS,0.0165884063411963
0.8,fTS,0.00389044184954705
0.8,fTS,0.00133477667129663
0.8,fTS,0.00329541694440693
0.8,fTS,0.00283528397615058
0.8,fTS,0.00264544796702312
0.8,fTS,0.00276237541042221
0.8,fTS,0.00340036169092646
0.8,fTS,0.000803502633460694
0.8,fTS,0.00497471336927224
0.8,fTS,0.00489012631072735
0.8,fTS,0.000948034402395184
0.8,fTS,0.00678459030713891
0.8,fTS,0.00231706788551538
0.8,fTS,0.00188713580521304
0.8,fTS,0.00259802055562548
0.8,fTS,0.00287982976616931
0.8,fTS,0.0026295809677824
0.8,fTS,0.00205726626595355
0.8,fTS,0.00643703090289517
0.8,fTS,0.00225455790259133
0.8,fTS,0.00281077963424508
0.8,fTS,0.00671442347535493
0.8,fTS,0.00392454418872769
0.8,fTS,0.00700268214700571
0.8,fTS,0.00323855104722845
0.8,fTS,0.00644268559083397
0.8,fTS,0.00448878755686092
0.8,fTS,0.00120340223222606
0.8,fTS,0.00240112828285137
0.8,fTS,0.00167902149218396
0.8,fTS,0.00138254432331877
0.8,fTS,0.00258488630371857
0.8,fTS,0.00134631629850198
0.8,fTS,0.00554191024905626
0.8,fTS,0.00375943719016534
0.8,fTS,0.00555940116493404
0.8,fTS,0.000702144575969802
0.8,fTS,0.00181137492021606
0.8,fTS,0.0048794099556865
0.8,fTS,0.00630342320164595
0.8,fTS,0.000765523970308047
0.8,fTS,0.00291201183846962
0.8,fTS,0.00534196982075492
0.8,fTS,0.00231076062829005
0.8,fTS,0.00423984765326911
0.8,fTS,0.0045585191068735
0.8,fTS,0.00543600593354093
0.8,fTS,0.00449157818711877
0.8,fTS,0.00440398961017496
0.8,fTS,0.00607667210363767
0.8,fTS,0.00148663249033035
0.8,fTS,0.00261766904848024
0.8,fTS,0.00461152228244777
0.8,fTS,0.0023394833549015
0.8,fTS,0.00181901597363208
0.8,fTS,0.000201492066593473
0.8,fTS,0.00187345464446116
0.8,fTS,0.00230837427911202
0.8,fTS,0.00493473095100455
0.8,fTS,0.00165947406823586
0.8,fTS,0.00289930366478087
0.8,fTS,0.00179602195187096
0.8,fTS,0.00364726962786296
0.8,fTS,0.00390745967530293
0.8,fTS,0.00563693367098441
0.8,fTS,0.00725582105329857
0.8,fTS,0.0049176535299261
0.8,fTS,0.00283920467467044
0.8,fTS,0.00229539555500181
0.8,fTS,0.00423908475693343
0.8,fTS,0.00491859831132733
0.8,fTS,0.00452357409652487
0.8,fTS,0.00486802459259918
0.8,fTS,0.00203871170192334
0.8,fTS,0.00178779758700679
0.8,fTS,0.00242778499531459
0.8,fTS,0.00376761658897316
0.8,fTS,0.00198830207717086
0.8,fTS,0.0108344695012865
0.8,fTS,0.00128478037781965
0.8,fTS,0.00261478975372043
0.8,fTS,0.00131226577935723
0.8,fTS,0.00130249519959351
0.8,fTS,0.0068532068527035
0.8,fTS,0.00427440487324194
0.8,fTS,0.00413315405682239
0.8,fTS,0.00177451907262476
0.8,fTS,0.00196918247927561
0.8,fTS,0.00253193057961343
0.8,fTS,0.00225344954380006
0.8,fTS,0.00489717272599297
0.8,fTS,0.00263567729368184
0.8,fTS,0.00120824936439823
0.8,fTS,0.00446785758563068
0.8,fTS,0.00214427878364524
0.8,fTS,0.00318678570401718
0.8,fTS,0.00379198993049999
0.8,fTS,0.00304395232064396
0.8,fTS,0.00462543023753919
0.8,LS_oracle,0.0113076951642599
0.8,LS_oracle,0.00314171075577057
0.8,LS_oracle,0.0154397441484615
0.8,LS_oracle,0.0194188605278801
0.8,LS_oracle,0.00659251967455782
0.8,LS_oracle,0.0037614160095561
0.8,LS_oracle,0.00982643612451432
0.8,LS_oracle,0.00448716527927122
0.8,LS_oracle,0.00499678167482427
0.8,LS_oracle,0.00581460223620101
0.8,LS_oracle,0.00311492277639654
0.8,LS_oracle,0.00403243799331923
0.8,LS_oracle,0.0107121594532405
0.8,LS_oracle,0.0098179317967401
0.8,LS_oracle,0.0095331567063087
0.8,LS_oracle,0.0197569964291186
0.8,LS_oracle,0.0286591895135046
0.8,LS_oracle,0.0055041053502994
0.8,LS_oracle,0.0172657156412936
0.8,LS_oracle,0.00379578293823716
0.8,LS_oracle,0.0063466190252479
0.8,LS_oracle,0.00397870884384732
0.8,LS_oracle,0.00288549487873202
0.8,LS_oracle,0.00994850777863758
0.8,LS_oracle,0.0108094440478953
0.8,LS_oracle,0.0223462704188166
0.8,LS_oracle,0.0109776616003736
0.8,LS_oracle,0.00584913192413771
0.8,LS_oracle,0.00189900279123292
0.8,LS_oracle,0.00738821923463373
0.8,LS_oracle,0.0153911981129688
0.8,LS_oracle,0.00634360076037315
0.8,LS_oracle,0.0116344883814749
0.8,LS_oracle,0.024680870036388
0.8,LS_oracle,0.011511997497071
0.8,LS_oracle,0.00397377181186415
0.8,LS_oracle,0.00555461399243721
0.8,LS_oracle,0.00297465528137693
0.8,LS_oracle,0.01001607736653
0.8,LS_oracle,0.0055564955209308
0.8,LS_oracle,0.00332720198449293
0.8,LS_oracle,0.0102923979181136
0.8,LS_oracle,0.00441008508727954
0.8,LS_oracle,0.0197322791877612
0.8,LS_oracle,0.00596479240363645
0.8,LS_oracle,0.0248161291988679
0.8,LS_oracle,0.00773719706977895
0.8,LS_oracle,0.00758866840812459
0.8,LS_oracle,0.0076701337802606
0.8,LS_oracle,0.019041506697307
0.8,LS_oracle,0.0103225166144029
0.8,LS_oracle,0.0106159853019249
0.8,LS_oracle,0.0146126552039929
0.8,LS_oracle,0.00252576800866457
0.8,LS_oracle,0.0152887330579495
0.8,LS_oracle,0.00684402386237148
0.8,LS_oracle,0.0110214981940505
0.8,LS_oracle,0.00370513553163464
0.8,LS_oracle,0.0036971897060525
0.8,LS_oracle,0.00393671109461112
0.8,LS_oracle,0.00674610820103913
0.8,LS_oracle,0.00451150004116295
0.8,LS_oracle,0.00816654563432578
0.8,LS_oracle,0.00536336705081984
0.8,LS_oracle,0.0109182819878667
0.8,LS_oracle,0.003985111507923
0.8,LS_oracle,0.00706115758625187
0.8,LS_oracle,0.0143059228984387
0.8,LS_oracle,0.00729560013896625
0.8,LS_oracle,0.0133958858114362
0.8,LS_oracle,0.00455809993405762
0.8,LS_oracle,0.00609659832440424
0.8,LS_oracle,0.0055097291766904
0.8,LS_oracle,0.00500590209896768
0.8,LS_oracle,0.0149089269336674
0.8,LS_oracle,0.00295715002000562
0.8,LS_oracle,0.0117934411680551
0.8,LS_oracle,0.00652480062852933
0.8,LS_oracle,0.0188850237703563
0.8,LS_oracle,0.0114920469188583
0.8,LS_oracle,0.00939728020331437
0.8,LS_oracle,0.0251623399844011
0.8,LS_oracle,0.0111409354471558
0.8,LS_oracle,0.0105025779932043
0.8,LS_oracle,0.00908489877106697
0.8,LS_oracle,0.00655335046676791
0.8,LS_oracle,0.0039083628038712
0.8,LS_oracle,0.0109658903394083
0.8,LS_oracle,0.0254953598591462
0.8,LS_oracle,0.00955413116082142
0.8,LS_oracle,0.012894158129727
0.8,LS_oracle,0.0056556042226314
0.8,LS_oracle,0.00522047175841334
0.8,LS_oracle,0.0110506609584357
0.8,LS_oracle,0.00641550708301489
0.8,LS_oracle,0.00704990343481204
0.8,LS_oracle,0.00934797204697682
0.8,LS_oracle,0.00411775489863129
0.8,LS_oracle,0.00559175336274848
0.8,LS_oracle,0.00574302929277781
0.8,LS_oracle,0.0284826780861792
0.8,LS_oracle,0.00283832926933899
0.8,LS_oracle,0.00400318274992577
0.8,LS_oracle,0.0140883467433075
0.8,LS_oracle,0.0105948167006575
0.8,LS_oracle,0.00329390962809677
0.8,LS_oracle,0.00796484356913622
0.8,LS_oracle,0.00699195883499191
0.8,LS_oracle,0.00249615275324672
0.8,LS_oracle,0.00703678744987552
0.8,LS_oracle,0.00620064202744673
0.8,LS_oracle,0.00253116839562641
0.8,LS_oracle,0.0126648248468799
0.8,LS_oracle,0.00620810761442906
0.8,LS_oracle,0.0092470613490547
0.8,LS_oracle,0.00721940316942546
0.8,LS_oracle,0.00626333914145013
0.8,LS_oracle,0.0109613755592378
0.8,LS_oracle,0.00453483308478179
0.8,LS_oracle,0.00311118399240692
0.8,LS_oracle,0.00711742330510135
0.8,LS_oracle,0.00676549457929582
0.8,LS_oracle,0.0113170763724535
0.8,LS_oracle,0.0130632028525422
0.8,LS_oracle,0.00324368165451223
0.8,LS_oracle,0.00312747494988736
0.8,LS_oracle,0.00834639426975159
0.8,LS_oracle,0.0128356257233746
0.8,LS_oracle,0.00549930599209875
0.8,LS_oracle,0.00974089650560502
0.8,LS_oracle,0.00127484891837992
0.8,LS_oracle,0.0100903701074034
0.8,LS_oracle,0.00329009481199235
0.8,LS_oracle,0.0152213682967286
0.8,LS_oracle,0.0244535732907301
0.8,LS_oracle,0.0192704714801158
0.8,LS_oracle,0.0115387655785845
0.8,LS_oracle,0.0100092983712613
0.8,LS_oracle,0.00809892918799671
0.8,LS_oracle,0.0150986270041058
0.8,LS_oracle,0.00731450141211255
0.8,LS_oracle,0.00507390080232027
0.8,LS_oracle,0.00893964291332189
0.8,LS_oracle,0.0116606455211913
0.8,LS_oracle,0.0108960832569248
0.8,LS_oracle,0.0159539854672444
0.8,LS_oracle,0.00271635692946172
0.8,LS_oracle,0.011975266263949
0.8,LS_oracle,0.00276589752661129
0.8,LS_oracle,0.0124437779183881
0.8,LS_oracle,0.0151602032261256
0.8,LS_oracle,0.00689490133730654
0.8,LS_oracle,0.00541253821879447
0.8,LS_oracle,0.012986361369999
0.8,LS_oracle,0.00532263215883516
0.8,LS_oracle,0.0121824648841815
0.8,LS_oracle,0.00571888468788115
0.8,LS_oracle,0.0106114480453982
0.8,LS_oracle,0.0014257508148886
0.8,LS_oracle,0.00860403164243779
0.8,LS_oracle,0.00657796201036988
0.8,LS_oracle,0.00791098616394354
0.8,LS_oracle,0.00137781350133618
0.8,LS_oracle,0.00562596234265386
0.8,LS_oracle,0.00794423716082904
0.8,LS_oracle,0.00934346142969664
0.8,LS_oracle,0.0168672576487136
0.8,LS_oracle,0.0165408910397324
0.8,LS_oracle,0.019933812752215
0.8,LS_oracle,0.00577593178325156
0.8,LS_oracle,0.0203610803419322
0.8,LS_oracle,0.0155663456048954
0.8,LS_oracle,0.00683594981000609
0.8,LS_oracle,0.00345355490092332
0.8,LS_oracle,0.00661659473451294
0.8,LS_oracle,0.00492565117002486
0.8,LS_oracle,0.0076458081147758
0.8,LS_oracle,0.00522024679562938
0.8,LS_oracle,0.00352530498239125
0.8,LS_oracle,0.0118002960357918
0.8,LS_oracle,0.00534428779363765
0.8,LS_oracle,0.011467286940308
0.8,LS_oracle,0.0079684591180229
0.8,LS_oracle,0.00816614440319908
0.8,LS_oracle,0.010926164489318
0.8,LS_oracle,0.0069262189766683
0.8,LS_oracle,0.0115630959728367
0.8,LS_oracle,0.00717688668149646
0.8,LS_oracle,0.00603606240307006
0.8,LS_oracle,0.0114230367234968
0.8,LS_oracle,0.00648832054164388
0.8,LS_oracle,0.0198307460076348
0.8,LS_oracle,0.00749261536678764
0.8,LS_oracle,0.00555524915104593
0.8,LS_oracle,0.00876847254035612
0.8,LS_oracle,0.00186429006398952
0.8,LS_oracle,0.00921776139891546
0.8,LS_oracle,0.00381440150956639
0.8,LS_oracle,0.0254155532162576
0.8,LS_oracle,0.0142267753654508
0.8,TS_oracle,0.00997667531295622
0.8,TS_oracle,0.00162137272302776
0.8,TS_oracle,0.000792375662696907
0.8,TS_oracle,0.00493966599942045
0.8,TS_oracle,0.00119707162272076
0.8,TS_oracle,0.00623997434051723
0.8,TS_oracle,0.00367537247033049
0.8,TS_oracle,0.00158524268585224
0.8,TS_oracle,0.00212890379740216
0.8,TS_oracle,0.00247949120159579
0.8,TS_oracle,0.000953779760242981
0.8,TS_oracle,0.00163141672216952
0.8,TS_oracle,0.00276083382702942
0.8,TS_oracle,0.00207180014228608
0.8,TS_oracle,0.000662003157754357
0.8,TS_oracle,0.00604832402879805
0.8,TS_oracle,0.00984498056555793
0.8,TS_oracle,0.000783925380166052
0.8,TS_oracle,0.00401611844859348
0.8,TS_oracle,0.00116160033822711
0.8,TS_oracle,0.00115796505229434
0.8,TS_oracle,0.00189339468101513
0.8,TS_oracle,0.00176377242730115
0.8,TS_oracle,0.00126367948033433
0.8,TS_oracle,0.00699401265735483
0.8,TS_oracle,0.00612711681568173
0.8,TS_oracle,0.0016763990150292
0.8,TS_oracle,0.00130675576922505
0.8,TS_oracle,0.00162011545364064
0.8,TS_oracle,0.00121934208475267
0.8,TS_oracle,0.00522928128526431
0.8,TS_oracle,0.00237291987886235
0.8,TS_oracle,0.00447836762800911
0.8,TS_oracle,0.00346048612366274
0.8,TS_oracle,0.00237569702493934
0.8,TS_oracle,0.00105471640993342
0.8,TS_oracle,0.00307500164444971
0.8,TS_oracle,0.00352574274441265
0.8,TS_oracle,0.0021483834947801
0.8,TS_oracle,0.0044964745431757
0.8,TS_oracle,0.000805126375354968
0.8,TS_oracle,0.00382562034094448
0.8,TS_oracle,0.00422250626742457
0.8,TS_oracle,0.00335742068463697
0.8,TS_oracle,0.00233672592138414
0.8,TS_oracle,0.000961053122626893
0.8,TS_oracle,0.00290419890179536
0.8,TS_oracle,0.0025492480130363
0.8,TS_oracle,0.00529578321076959
0.8,TS_oracle,0.00302485956989939
0.8,TS_oracle,0.00477773955473153
0.8,TS_oracle,0.00215325455302439
0.8,TS_oracle,0.00295445876782395
0.8,TS_oracle,0.00195518200252795
0.8,TS_oracle,0.00640689690608805
0.8,TS_oracle,0.00327802411086872
0.8,TS_oracle,0.00330914795597983
0.8,TS_oracle,0.00182031845175206
0.8,TS_oracle,0.00134627209916325
0.8,TS_oracle,0.00225482180202958
0.8,TS_oracle,0.000743263027226816
0.8,TS_oracle,0.00108014538046469
0.8,TS_oracle,0.00160372003534357
0.8,TS_oracle,0.00256545495344367
0.8,TS_oracle,0.00284054133314857
0.8,TS_oracle,0.00593404159883779
0.8,TS_oracle,0.0061079778198088
0.8,TS_oracle,0.00528197628302997
0.8,TS_oracle,0.00241416425237769
0.8,TS_oracle,0.00491528977843399
0.8,TS_oracle,0.00251487649912121
0.8,TS_oracle,0.00092390455673379
0.8,TS_oracle,0.00248762961327305
0.8,TS_oracle,0.00160998697889158
0.8,TS_oracle,0.00429972998747105
0.8,TS_oracle,0.00403539330063943
0.8,TS_oracle,0.00735046274532802
0.8,TS_oracle,0.00191412407176169
0.8,TS_oracle,0.00498323713851889
0.8,TS_oracle,0.00275142436088489
0.8,TS_oracle,0.000813292230593115
0.8,TS_oracle,0.00428612535228415
0.8,TS_oracle,0.00329523290295907
0.8,TS_oracle,0.000923389685086711
0.8,TS_oracle,0.0011853788880095
0.8,TS_oracle,0.00398992516757645
0.8,TS_oracle,0.00377295538710377
0.8,TS_oracle,0.00188830469596381
0.8,TS_oracle,0.0020565096519104
0.8,TS_oracle,0.00390485176723131
0.8,TS_oracle,0.00513005732928608
0.8,TS_oracle,0.00633908159304772
0.8,TS_oracle,0.00176816088546775
0.8,TS_oracle,0.000850898226150568
0.8,TS_oracle,0.00222896935240329
0.8,TS_oracle,0.00224951136692482
0.8,TS_oracle,0.00310361524707715
0.8,TS_oracle,0.00422107153819042
0.8,TS_oracle,0.00248012032057652
0.8,TS_oracle,0.00248204183816815
0.8,TS_oracle,0.00352514242207602
0.8,TS_oracle,0.00187013961048076
0.8,TS_oracle,0.000884284234730768
0.8,TS_oracle,0.00162267231858928
0.8,TS_oracle,0.00257266809499853
0.8,TS_oracle,0.00259451746253529
0.8,TS_oracle,0.00269208676672513
0.8,TS_oracle,0.00167310454471704
0.8,TS_oracle,0.000705813447016924
0.8,TS_oracle,0.00424110431206754
0.8,TS_oracle,0.00501145124125175
0.8,TS_oracle,0.0010060896009229
0.8,TS_oracle,0.00561505480059927
0.8,TS_oracle,0.00233375786131965
0.8,TS_oracle,0.000607291710501494
0.8,TS_oracle,0.00254818881883867
0.8,TS_oracle,0.00289975203829706
0.8,TS_oracle,0.00265654954320975
0.8,TS_oracle,0.00208686620886626
0.8,TS_oracle,0.00655622834598055
0.8,TS_oracle,0.00218388457703463
0.8,TS_oracle,0.00281863507487835
0.8,TS_oracle,0.0067267737946946
0.8,TS_oracle,0.00185801127306607
0.8,TS_oracle,0.00707213738484773
0.8,TS_oracle,0.00328725728053478
0.8,TS_oracle,0.00643515364120935
0.8,TS_oracle,0.00436235317504365
0.8,TS_oracle,0.00114996826152825
0.8,TS_oracle,0.00151583177406365
0.8,TS_oracle,0.00165423852843185
0.8,TS_oracle,0.000751900228367464
0.8,TS_oracle,0.00201641613463381
0.8,TS_oracle,0.00132925991250263
0.8,TS_oracle,0.00523447649999036
0.8,TS_oracle,0.00374172566556957
0.8,TS_oracle,0.00357195695172085
0.8,TS_oracle,0.000709088875679247
0.8,TS_oracle,0.001677043724201
0.8,TS_oracle,0.00396135965992617
0.8,TS_oracle,0.00590248497809376
0.8,TS_oracle,0.000387058028848053
0.8,TS_oracle,0.00295903901526807
0.8,TS_oracle,0.00544304355698326
0.8,TS_oracle,0.00226377381937755
0.8,TS_oracle,0.00408828619995644
0.8,TS_oracle,0.00452796341343388
0.8,TS_oracle,0.00567426763939027
0.8,TS_oracle,0.0028439729566091
0.8,TS_oracle,0.00411341169846543
0.8,TS_oracle,0.00579019463472003
0.8,TS_oracle,0.00136425853691659
0.8,TS_oracle,0.00260745053908387
0.8,TS_oracle,0.00435414619006002
0.8,TS_oracle,0.00232000021719433
0.8,TS_oracle,0.00181689817196261
0.8,TS_oracle,0.000103699280600265
0.8,TS_oracle,0.000792416414063015
0.8,TS_oracle,0.00236399686341306
0.8,TS_oracle,0.00494054397876604
0.8,TS_oracle,0.00164482167824186
0.8,TS_oracle,0.00288334432899682
0.8,TS_oracle,0.00201916801358133
0.8,TS_oracle,0.00371744987553474
0.8,TS_oracle,0.00406060435163226
0.8,TS_oracle,0.00547683628768311
0.8,TS_oracle,0.00669502699821286
0.8,TS_oracle,0.0047710265728157
0.8,TS_oracle,0.00292622314586382
0.8,TS_oracle,0.00194237387879025
0.8,TS_oracle,0.00397968697324788
0.8,TS_oracle,0.00490986117430866
0.8,TS_oracle,0.00366107701919578
0.8,TS_oracle,0.00308810173953684
0.8,TS_oracle,0.00202918195380566
0.8,TS_oracle,0.00178570244063157
0.8,TS_oracle,0.00212862789707237
0.8,TS_oracle,0.00379316988405153
0.8,TS_oracle,0.00208080840453744
0.8,TS_oracle,0.00963861699303628
0.8,TS_oracle,0.00116616815314002
0.8,TS_oracle,0.00219563813260691
0.8,TS_oracle,0.00104886848137929
0.8,TS_oracle,0.00131146352775657
0.8,TS_oracle,0.00693499669644018
0.8,TS_oracle,0.00413689554461544
0.8,TS_oracle,0.00396394720529479
0.8,TS_oracle,0.00102371908166777
0.8,TS_oracle,0.00196982169901339
0.8,TS_oracle,0.00254588709462016
0.8,TS_oracle,0.00216775381708416
0.8,TS_oracle,0.00487211910484806
0.8,TS_oracle,0.00223411829346279
0.8,TS_oracle,0.00119626262381165
0.8,TS_oracle,0.0042072838518944
0.8,TS_oracle,0.00235656253773492
0.8,TS_oracle,0.00316801827211402
0.8,TS_oracle,0.00377416198854269
0.8,TS_oracle,0.00296136510916606
0.8,TS_oracle,0.00429577244356913
0.9,PLS,0.00527330964382078
0.9,PLS,0.0139017683191718
0.9,PLS,0.00269946436123286
0.9,PLS,0.00536662182033523
0.9,PLS,0.00576756219444423
0.9,PLS,0.0215571740792506
0.9,PLS,0.00926795267934885
0.9,PLS,0.00281223658629107
0.9,PLS,0.0202524775043844
0.9,PLS,0.0148006156067518
0.9,PLS,0.00370429397341982
0.9,PLS,0.0063337343268997
0.9,PLS,0.00713801130217746
0.9,PLS,0.010586368578906
0.9,PLS,0.00841158470979846
0.9,PLS,0.00822388105107804
0.9,PLS,0.00285440718574252
0.9,PLS,0.0186826459649143
0.9,PLS,0.0278967783014635
0.9,PLS,0.0066227646668824
0.9,PLS,0.00269113555106182
0.9,PLS,0.012481975653005
0.9,PLS,0.0158356394805097
0.9,PLS,0.000960827043902349
0.9,PLS,0.00832512229499564
0.9,PLS,0.00524558505907191
0.9,PLS,0.00965564485988865
0.9,PLS,0.0049493919892392
0.9,PLS,0.00880244993720047
0.9,PLS,0.00877986872939099
0.9,PLS,0.021200798393578
0.9,PLS,0.00348460241425652
0.9,PLS,0.00213311913930586
0.9,PLS,0.00554144805846718
0.9,PLS,0.00502636839762799
0.9,PLS,0.0140187612320851
0.9,PLS,0.00197489530626429
0.9,PLS,0.019988984002621
0.9,PLS,0.0081947840408363
0.9,PLS,0.00404364716972606
0.9,PLS,0.0127678735067705
0.9,PLS,0.00264359052650084
0.9,PLS,0.00887269856356916
0.9,PLS,0.0120346992917135
0.9,PLS,0.0112719330734402
0.9,PLS,0.00261901243415221
0.9,PLS,0.0010071907894017
0.9,PLS,0.0151977119705247
0.9,PLS,0.00977568203805964
0.9,PLS,0.0162783980910718
0.9,PLS,0.0049816003960535
0.9,PLS,0.00512634139317007
0.9,PLS,0.00223499222486554
0.9,PLS,0.00790650822562241
0.9,PLS,0.00610500553197519
0.9,PLS,0.00671601553157567
0.9,PLS,0.011044127161818
0.9,PLS,0.00286251215683246
0.9,PLS,0.00663167843089023
0.9,PLS,0.00309186477219631
0.9,PLS,0.00406778841433419
0.9,PLS,0.00862912118269296
0.9,PLS,0.00417319253885807
0.9,PLS,0.0171830713145802
0.9,PLS,0.00110022298330505
0.9,PLS,0.00398882425864513
0.9,PLS,0.012294978152593
0.9,PLS,0.00786355913320337
0.9,PLS,0.0240663371207923
0.9,PLS,0.0109336180829944
0.9,PLS,0.0048532132431603
0.9,PLS,0.0200906182824794
0.9,PLS,0.0100219335846956
0.9,PLS,0.0156378000883576
0.9,PLS,0.00212091513267563
0.9,PLS,0.00498157101341341
0.9,PLS,0.0136699670951481
0.9,PLS,0.00702529556541286
0.9,PLS,0.0196556889264045
0.9,PLS,0.00595784088872113
0.9,PLS,0.0116684540508499
0.9,PLS,0.012473428726142
0.9,PLS,0.00899852737396848
0.9,PLS,0.0102134342041377
0.9,PLS,0.00428311370414696
0.9,PLS,0.00503381522890427
0.9,PLS,0.00632050116251507
0.9,PLS,0.0221448763916085
0.9,PLS,0.00656733962769553
0.9,PLS,0.013362856110312
0.9,PLS,0.00367449102894701
0.9,PLS,0.0214538860616429
0.9,PLS,0.0144527387186409
0.9,PLS,0.00506600301595416
0.9,PLS,0.0126034781165025
0.9,PLS,0.00805618963143001
0.9,PLS,0.000669403554953289
0.9,PLS,0.00364391828941709
0.9,PLS,0.00154159945214459
0.9,PLS,0.00252579619124095
0.9,PLS,0.00170050415427919
0.9,PLS,0.007829127750282
0.9,PLS,0.00902396492762958
0.9,PLS,0.0179517933403382
0.9,PLS,0.00529882523795186
0.9,PLS,0.00749398423252058
0.9,PLS,0.00546210671920185
0.9,PLS,0.0139772900916934
0.9,PLS,0.00416693122121824
0.9,PLS,0.0191752812642756
0.9,PLS,0.0246223040207045
0.9,PLS,0.00360295746331888
0.9,PLS,0.0100527609694629
0.9,PLS,0.0075158972679891
0.9,PLS,0.00405712812780662
0.9,PLS,0.0063270338020935
0.9,PLS,0.00320046952109473
0.9,PLS,0.00606005007378923
0.9,PLS,0.00797033079941791
0.9,PLS,0.010162043983658
0.9,PLS,0.00473439268209091
0.9,PLS,0.0178177797840391
0.9,PLS,0.000896380449575485
0.9,PLS,0.00953901001309081
0.9,PLS,0.00850791290657459
0.9,PLS,0.0112816341165943
0.9,PLS,0.0153284764388479
0.9,PLS,0.0241694085299622
0.9,PLS,0.00756287278949688
0.9,PLS,0.0091610776480834
0.9,PLS,0.00343632066373677
0.9,PLS,0.0158256359256237
0.9,PLS,0.0160299242806373
0.9,PLS,0.0169237080444371
0.9,PLS,0.0113358043177265
0.9,PLS,0.00514211825080887
0.9,PLS,0.00486984828392354
0.9,PLS,0.0166397123986431
0.9,PLS,0.00666709782907138
0.9,PLS,0.00962731322320305
0.9,PLS,0.00841448867861441
0.9,PLS,0.00247747469475009
0.9,PLS,0.00438359002960669
0.9,PLS,0.00745859337928689
0.9,PLS,0.0157228363614861
0.9,PLS,0.000926658580412198
0.9,PLS,0.00319605450062274
0.9,PLS,0.00276411817672987
0.9,PLS,0.00587268918614763
0.9,PLS,0.00383174427309525
0.9,PLS,0.00428440942567009
0.9,PLS,0.00647541128447697
0.9,PLS,0.00289255832855044
0.9,PLS,0.0148040632698389
0.9,PLS,0.00806173079385661
0.9,PLS,0.0102498749703437
0.9,PLS,0.0197944931984953
0.9,PLS,0.0089220031940679
0.9,PLS,0.00683136452528042
0.9,PLS,0.00605301872550598
0.9,PLS,0.00461015643652869
0.9,PLS,0.0433922638843899
0.9,PLS,0.00886216396626063
0.9,PLS,0.0119782069675714
0.9,PLS,0.0165105445312562
0.9,PLS,0.00612499212270576
0.9,PLS,0.0105270408029412
0.9,PLS,0.00410366727532485
0.9,PLS,0.00774285564446265
0.9,PLS,0.0115354581254846
0.9,PLS,0.00555237792619313
0.9,PLS,0.00605620119549542
0.9,PLS,0.0129870929098404
0.9,PLS,0.0149046213718866
0.9,PLS,0.00670561432709748
0.9,PLS,0.0118854926633403
0.9,PLS,0.00506194770306529
0.9,PLS,0.0030484535219627
0.9,PLS,0.00328645325511033
0.9,PLS,0.0106122710723015
0.9,PLS,0.0170378122615772
0.9,PLS,0.0219025751910694
0.9,PLS,0.0150712081719891
0.9,PLS,0.0114959494091195
0.9,PLS,0.0254682262894043
0.9,PLS,0.0114717069839786
0.9,PLS,0.00390409993514453
0.9,PLS,0.0133238775415373
0.9,PLS,0.00582735610629502
0.9,PLS,0.00303113929449672
0.9,PLS,0.00590180924732835
0.9,PLS,0.00235731114988429
0.9,PLS,0.00763102946209758
0.9,PLS,0.0162368458355111
0.9,PLS,0.00725355075087167
0.9,PLS,0.00763404713582185
0.9,PLS,0.00590130876896973
0.9,PLS,0.0128435139223879
0.9,PLS,0.0143477144248867
0.9,PLS,0.00617211276476825
0.9,fTS,0.0006600779938346
0.9,fTS,0.00157064426654887
0.9,fTS,0.00438933007662693
0.9,fTS,0.00419378836735852
0.9,fTS,0.00119659978791953
0.9,fTS,0.00193588802306815
0.9,fTS,0.00191996844516547
0.9,fTS,0.00136283218706365
0.9,fTS,0.00202653441117793
0.9,fTS,0.00420069300695443
0.9,fTS,0.00103454962377656
0.9,fTS,0.0021285335514925
0.9,fTS,0.00227894313996631
0.9,fTS,0.00138263055253221
0.9,fTS,0.00252294502538056
0.9,fTS,0.0016347695483561
0.9,fTS,0.00198768685123327
0.9,fTS,0.00155444591263809
0.9,fTS,0.00339316275131751
0.9,fTS,0.000188824680344473
0.9,fTS,0.00132891283164885
0.9,fTS,0.00345196390247823
0.9,fTS,0.00506901577984258
0.9,fTS,0.00310163532202204
0.9,fTS,0.00181471569098435
0.9,fTS,0.00212629491359215
0.9,fTS,0.0026458575862598
0.9,fTS,0.00219644692687282
0.9,fTS,0.00124612597220938
0.9,fTS,0.000579617277591397
0.9,fTS,0.00413211118891312
0.9,fTS,0.000432097895020289
0.9,fTS,0.000763146426077168
0.9,fTS,0.00154036435049729
0.9,fTS,0.000566219035908039
0.9,fTS,0.00253249981586013
0.9,fTS,0.00076674811006588
0.9,fTS,0.00426704047285531
0.9,fTS,0.00382392398874392
0.9,fTS,0.00315853992870746
0.9,fTS,0.000917300426716057
0.9,fTS,0.00133793495826939
0.9,fTS,0.00141483737413364
0.9,fTS,0.00134296123705974
0.9,fTS,0.00214916327099542
0.9,fTS,0.000593565116033604
0.9,fTS,0.00226412950934957
0.9,fTS,0.00199659435807507
0.9,fTS,0.00285910976898316
0.9,fTS,0.00146336419465152
0.9,fTS,0.000679044249084074
0.9,fTS,0.00155065848717709
0.9,fTS,0.000892272861683226
0.9,fTS,0.000947441777668923
0.9,fTS,0.00166232024933997
0.9,fTS,0.000804539515594629
0.9,fTS,0.00323229472301128
0.9,fTS,0.00110337692420257
0.9,fTS,0.00224643452260909
0.9,fTS,0.00100790801005649
0.9,fTS,0.000999300511997514
0.9,fTS,0.000681623119958424
0.9,fTS,0.0014134300173007
0.9,fTS,0.00327513693223008
0.9,fTS,0.00180220700892021
0.9,fTS,0.000451356488118606
0.9,fTS,0.00224422239023158
0.9,fTS,0.001809067978739
0.9,fTS,0.00711523076311829
0.9,fTS,0.00357419832707048
0.9,fTS,0.00233271706692587
0.9,fTS,0.00122301526135131
0.9,fTS,0.00321867647248837
0.9,fTS,0.00268799122722381
0.9,fTS,0.00114795689213736
0.9,fTS,0.00160461329815427
0.9,fTS,0.00103661570442444
0.9,fTS,0.00332541335379888
0.9,fTS,0.00396576058149598
0.9,fTS,0.00134011429831545
0.9,fTS,0.00346848399978706
0.9,fTS,0.00109628887044211
0.9,fTS,0.00205629151776004
0.9,fTS,0.00252133560186966
0.9,fTS,0.00112225170887951
0.9,fTS,0.00093388338411567
0.9,fTS,0.00213280686140104
0.9,fTS,0.00215675628182527
0.9,fTS,0.0037106452807842
0.9,fTS,0.00135346509211761
0.9,fTS,0.000484862168683752
0.9,fTS,0.00366052360639013
0.9,fTS,0.00369895116070574
0.9,fTS,0.000900980626002604
0.9,fTS,0.00128468322969233
0.9,fTS,0.00100682989504322
0.9,fTS,0.000330169008066914
0.9,fTS,0.00250428239121172
0.9,fTS,0.00157346350305002
0.9,fTS,0.00219930916850497
0.9,fTS,0.00121788184411325
0.9,fTS,0.00457395826066136
0.9,fTS,0.00396372054682651
0.9,fTS,0.00166008225190066
0.9,fTS,0.0028617730669614
0.9,fTS,0.000884974446757708
0.9,fTS,0.000946548028997102
0.9,fTS,0.00230331895373037
0.9,fTS,0.00209368649488837
0.9,fTS,0.0021584891237435
0.9,fTS,0.00643050005334374
0.9,fTS,0.00109764438517263
0.9,fTS,0.00120596299249778
0.9,fTS,0.000785612753476773
0.9,fTS,0.00101379089481129
0.9,fTS,0.00047847703030782
0.9,fTS,0.000613113018387717
0.9,fTS,0.000694708882643061
0.9,fTS,0.00153536464207545
0.9,fTS,0.00142059844198039
0.9,fTS,0.00218755625256911
0.9,fTS,0.00178428834325919
0.9,fTS,0.00179705709981428
0.9,fTS,0.0010526412211839
0.9,fTS,0.0029356390018019
0.9,fTS,0.00213615483313515
0.9,fTS,0.00190965651556373
0.9,fTS,0.00222549424673666
0.9,fTS,0.00182143632178102
0.9,fTS,0.00262896049236982
0.9,fTS,0.00144303932918281
0.9,fTS,0.00177356056722101
0.9,fTS,0.00117621881011726
0.9,fTS,0.0012610326503691
0.9,fTS,0.00178293263303056
0.9,fTS,0.000534861144440599
0.9,fTS,0.000444513210234965
0.9,fTS,0.00176737896990413
0.9,fTS,0.00112237615312095
0.9,fTS,0.00245630071351311
0.9,fTS,0.00167295166444753
0.9,fTS,0.000484485684685158
0.9,fTS,0.00272035168389455
0.9,fTS,0.00207373354228518
0.9,fTS,0.0010731975580698
0.9,fTS,0.00032030970351008
0.9,fTS,0.00127065883840797
0.9,fTS,0.00149398825796296
0.9,fTS,0.00585266623554539
0.9,fTS,0.00401633467566598
0.9,fTS,0.000753780141108289
0.9,fTS,0.000902704528814438
0.9,fTS,0.00210289792035978
0.9,fTS,0.00298272400633057
0.9,fTS,0.00372654735638614
0.9,fTS,0.00116429018475986
0.9,fTS,0.00386627689005078
0.9,fTS,0.000850131611519356
0.9,fTS,0.0034188272698263
0.9,fTS,0.00110323306096791
0.9,fTS,0.000339123371359095
0.9,fTS,0.00363674984713994
0.9,fTS,0.000998728795964491
0.9,fTS,0.000630361593759222
0.9,fTS,0.00244022434009137
0.9,fTS,0.00228214002745151
0.9,fTS,0.00154653039821474
0.9,fTS,0.00207970932604726
0.9,fTS,0.00156005332538098
0.9,fTS,0.00124469088348176
0.9,fTS,0.00118084715119882
0.9,fTS,0.00115649258324136
0.9,fTS,0.00229800525250764
0.9,fTS,0.00167143369370441
0.9,fTS,0.000608110044107167
0.9,fTS,0.000870820743498991
0.9,fTS,0.00058618106541732
0.9,fTS,0.00305699983762042
0.9,fTS,0.00289966263393212
0.9,fTS,0.00283150143881734
0.9,fTS,0.000781530991781664
0.9,fTS,0.00162333058125732
0.9,fTS,0.00131235097893266
0.9,fTS,0.00192584193370549
0.9,fTS,0.00253871745283077
0.9,fTS,0.000398218975663
0.9,fTS,0.00120305422432712
0.9,fTS,0.00165566286324539
0.9,fTS,0.00172629699360458
0.9,fTS,0.00153714728524595
0.9,fTS,0.000749617320815009
0.9,fTS,0.000820802351261681
0.9,fTS,0.00222190282294652
0.9,fTS,0.00361565629593112
0.9,fTS,0.00402406610073268
0.9,fTS,0.00220343381777096
0.9,fTS,0.00405238316403174
0.9,fTS,0.00226604839210689
0.9,fTS,0.00368335197180076
0.9,fTS,0.000867269746979491
0.9,LS_oracle,0.00506815110183217
0.9,LS_oracle,0.00898952204176497
0.9,LS_oracle,0.00267708014670553
0.9,LS_oracle,0.00536748397671078
0.9,LS_oracle,0.00501025766359759
0.9,LS_oracle,0.0190602290312459
0.9,LS_oracle,0.00926919835097758
0.9,LS_oracle,0.00296840203774456
0.9,LS_oracle,0.0201802414566368
0.9,LS_oracle,0.0141141870911564
0.9,LS_oracle,0.00277142453994608
0.9,LS_oracle,0.00627173782902603
0.9,LS_oracle,0.00595437030957206
0.9,LS_oracle,0.00858853212851697
0.9,LS_oracle,0.00850765351223788
0.9,LS_oracle,0.00920520141374105
0.9,LS_oracle,0.00295950061573694
0.9,LS_oracle,0.0160397016144076
0.9,LS_oracle,0.0276156816638469
0.9,LS_oracle,0.00648628101017022
0.9,LS_oracle,0.00280871705461682
0.9,LS_oracle,0.0120566119007618
0.9,LS_oracle,0.0162077713241879
0.9,LS_oracle,0.00113500727526555
0.9,LS_oracle,0.0109124326804371
0.9,LS_oracle,0.00419757194572275
0.9,LS_oracle,0.0108167175842924
0.9,LS_oracle,0.00491172100060695
0.9,LS_oracle,0.0106706847428495
0.9,LS_oracle,0.00768349289945617
0.9,LS_oracle,0.0107468106881623
0.9,LS_oracle,0.00318778651145667
0.9,LS_oracle,0.00273330788255177
0.9,LS_oracle,0.00553573560838621
0.9,LS_oracle,0.00500573097878662
0.9,LS_oracle,0.012804842172694
0.9,LS_oracle,0.00237670215875832
0.9,LS_oracle,0.0238070716562011
0.9,LS_oracle,0.00844884878745003
0.9,LS_oracle,0.00403185530340585
0.9,LS_oracle,0.0120765895389002
0.9,LS_oracle,0.00209517257339699
0.9,LS_oracle,0.00936867197451987
0.9,LS_oracle,0.011297461675017
0.9,LS_oracle,0.0132087538309353
0.9,LS_oracle,0.00266813727852613
0.9,LS_oracle,0.00103215665991623
0.9,LS_oracle,0.0100701034532933
0.9,LS_oracle,0.00945502718988085
0.9,LS_oracle,0.0153103179142776
0.9,LS_oracle,0.00532937949697447
0.9,LS_oracle,0.00473425611931371
0.9,LS_oracle,0.001687655577643
0.9,LS_oracle,0.00658758388792631
0.9,LS_oracle,0.00581807971605524
0.9,LS_oracle,0.00629874800167246
0.9,LS_oracle,0.00854527821287329
0.9,LS_oracle,0.00262796882625977
0.9,LS_oracle,0.00595057619909806
0.9,LS_oracle,0.00301371332207158
0.9,LS_oracle,0.00401578842264983
0.9,LS_oracle,0.00845780107617609
0.9,LS_oracle,0.00486363319775808
0.9,LS_oracle,0.0179774372849122
0.9,LS_oracle,0.00124464418442467
0.9,LS_oracle,0.00449349652279144
0.9,LS_oracle,0.0109964188755346
0.9,LS_oracle,0.00873031485548983
0.9,LS_oracle,0.0227391076218914
0.9,LS_oracle,0.0110430634138142
0.9,LS_oracle,0.00342715453898458
0.9,LS_oracle,0.0197614699965645
0.9,LS_oracle,0.00989195848561122
0.9,LS_oracle,0.0160700015990215
0.9,LS_oracle,0.0017879640881263
0.9,LS_oracle,0.00482280767410615
0.9,LS_oracle,0.012078584424253
0.9,LS_oracle,0.00697822522862865
0.9,LS_oracle,0.0189557972899537
0.9,LS_oracle,0.00446928824727236
0.9,LS_oracle,0.0108760648697804
0.9,LS_oracle,0.0125415742017779
0.9,LS_oracle,0.00851969821988734
0.9,LS_oracle,0.00863752604859213
0.9,LS_oracle,0.0052989995575063
0.9,LS_oracle,0.00501491035101026
0.9,LS_oracle,0.00569028885052549
0.9,LS_oracle,0.0206167073319659
0.9,LS_oracle,0.00596930125296456
0.9,LS_oracle,0.0130555337162678
0.9,LS_oracle,0.00310257093896054
0.9,LS_oracle,0.020100915199399
0.9,LS_oracle,0.0154713043369086
0.9,LS_oracle,0.00558564334953324
0.9,LS_oracle,0.0133580878649348
0.9,LS_oracle,0.00630188861613715
0.9,LS_oracle,0.0012891219463041
0.9,LS_oracle,0.00358248773151792
0.9,LS_oracle,0.00150014481230081
0.9,LS_oracle,0.00283480826571415
0.9,LS_oracle,0.00147062948645173
0.9,LS_oracle,0.00842839876073217
0.9,LS_oracle,0.00961185916451406
0.9,LS_oracle,0.0168322992759907
0.9,LS_oracle,0.0051305585681128
0.9,LS_oracle,0.00707778342945714
0.9,LS_oracle,0.00544916623799822
0.9,LS_oracle,0.0143941677904937
0.9,LS_oracle,0.00471884060972166
0.9,LS_oracle,0.0146441486499862
0.9,LS_oracle,0.0274893204789061
0.9,LS_oracle,0.00410030294884512
0.9,LS_oracle,0.00841459006936153
0.9,LS_oracle,0.00798677999196819
0.9,LS_oracle,0.00481391469541596
0.9,LS_oracle,0.00708181409939924
0.9,LS_oracle,0.00262023341836994
0.9,LS_oracle,0.00684546565277327
0.9,LS_oracle,0.0084909686642712
0.9,LS_oracle,0.0109621157379157
0.9,LS_oracle,0.00454436574041523
0.9,LS_oracle,0.011884735051261
0.9,LS_oracle,0.000982798536225891
0.9,LS_oracle,0.00562150819989296
0.9,LS_oracle,0.00792402298586404
0.9,LS_oracle,0.00853392335891283
0.9,LS_oracle,0.0139046035128867
0.9,LS_oracle,0.0250562690211486
0.9,LS_oracle,0.00871132286116671
0.9,LS_oracle,0.00711955641112927
0.9,LS_oracle,0.00385372925013917
0.9,LS_oracle,0.0158953935203233
0.9,LS_oracle,0.0167979731833544
0.9,LS_oracle,0.0156103805355287
0.9,LS_oracle,0.0113695895327287
0.9,LS_oracle,0.00451970744968725
0.9,LS_oracle,0.00486398594557807
0.9,LS_oracle,0.0148751282753386
0.9,LS_oracle,0.00529129921033634
0.9,LS_oracle,0.00954793781226799
0.9,LS_oracle,0.00750134928209295
0.9,LS_oracle,0.00141816099983944
0.9,LS_oracle,0.00444185692487549
0.9,LS_oracle,0.00753517909725685
0.9,LS_oracle,0.0149125375387474
0.9,LS_oracle,0.00089850371248717
0.9,LS_oracle,0.00325538006883072
0.9,LS_oracle,0.0020902880604104
0.9,LS_oracle,0.00635217164830712
0.9,LS_oracle,0.0039470545630639
0.9,LS_oracle,0.00348650925770937
0.9,LS_oracle,0.00702902367276302
0.9,LS_oracle,0.00297550706977171
0.9,LS_oracle,0.0145981703065576
0.9,LS_oracle,0.00788688678234818
0.9,LS_oracle,0.00953197084176138
0.9,LS_oracle,0.0183561482409767
0.9,LS_oracle,0.00913007705790758
0.9,LS_oracle,0.00684871688521373
0.9,LS_oracle,0.00538560319305609
0.9,LS_oracle,0.00500932735398721
0.9,LS_oracle,0.0360517778456235
0.9,LS_oracle,0.00950014068883214
0.9,LS_oracle,0.00853775083287614
0.9,LS_oracle,0.0171427979807146
0.9,LS_oracle,0.00760301015768975
0.9,LS_oracle,0.00801937713880001
0.9,LS_oracle,0.00372869662021605
0.9,LS_oracle,0.00485051768058266
0.9,LS_oracle,0.0115434044243923
0.9,LS_oracle,0.0102549729021359
0.9,LS_oracle,0.00602240569463627
0.9,LS_oracle,0.0129412738164393
0.9,LS_oracle,0.0107669478762842
0.9,LS_oracle,0.00627543433245076
0.9,LS_oracle,0.0128174188754934
0.9,LS_oracle,0.00350938637737861
0.9,LS_oracle,0.00416279678514135
0.9,LS_oracle,0.00247631049890482
0.9,LS_oracle,0.0061901802520596
0.9,LS_oracle,0.0180897093503962
0.9,LS_oracle,0.022978343866367
0.9,LS_oracle,0.00754655906742228
0.9,LS_oracle,0.0109578350767271
0.9,LS_oracle,0.0232531924865663
0.9,LS_oracle,0.0114918715467925
0.9,LS_oracle,0.00390263710173559
0.9,LS_oracle,0.0125413990700652
0.9,LS_oracle,0.00560021923664667
0.9,LS_oracle,0.00297521287970343
0.9,LS_oracle,0.00575833037114987
0.9,LS_oracle,0.00227992711158649
0.9,LS_oracle,0.0031451343809751
0.9,LS_oracle,0.0145221853879349
0.9,LS_oracle,0.00899362771787335
0.9,LS_oracle,0.00799332385636228
0.9,LS_oracle,0.00534545588488164
0.9,LS_oracle,0.0105494945613071
0.9,LS_oracle,0.014433261246652
0.9,LS_oracle,0.0066343679114899
0.9,TS_oracle,0.000702575383368424
0.9,TS_oracle,0.000975006759809627
0.9,TS_oracle,0.00450877245283352
0.9,TS_oracle,0.00398284409103265
0.9,TS_oracle,0.00120606553873804
0.9,TS_oracle,0.00183351949032089
0.9,TS_oracle,0.00192081631601582
0.9,TS_oracle,0.00107971563138011
0.9,TS_oracle,0.00203413903264424
0.9,TS_oracle,0.003995495418065
0.9,TS_oracle,0.000982427845072907
0.9,TS_oracle,0.00211977316267311
0.9,TS_oracle,0.00223480385454783
0.9,TS_oracle,0.00138212764890463
0.9,TS_oracle,0.00252594962829496
0.9,TS_oracle,0.00165494798945111
0.9,TS_oracle,0.00143773213606314
0.9,TS_oracle,0.0015217336199464
0.9,TS_oracle,0.00339585034314281
0.9,TS_oracle,0.000187787836781342
0.9,TS_oracle,0.00130106103566745
0.9,TS_oracle,0.00329911981955736
0.9,TS_oracle,0.0050067737283634
0.9,TS_oracle,0.00302319216745797
0.9,TS_oracle,0.00178323476270891
0.9,TS_oracle,0.00212587797384284
0.9,TS_oracle,0.00260901191088123
0.9,TS_oracle,0.00165504568808043
0.9,TS_oracle,0.0012769542873184
0.9,TS_oracle,0.000578033894225514
0.9,TS_oracle,0.00394426105523527
0.9,TS_oracle,0.000401488522929437
0.9,TS_oracle,0.000701412198321115
0.9,TS_oracle,0.00151673730355793
0.9,TS_oracle,0.00042996928747156
0.9,TS_oracle,0.00252675012338611
0.9,TS_oracle,0.000762379400869241
0.9,TS_oracle,0.00392855761705143
0.9,TS_oracle,0.00375273157154818
0.9,TS_oracle,0.00310994264395704
0.9,TS_oracle,0.000789799222320299
0.9,TS_oracle,0.00134277944333422
0.9,TS_oracle,0.00141798108843375
0.9,TS_oracle,0.00129562898695389
0.9,TS_oracle,0.001811006781324
0.9,TS_oracle,0.000594206188568207
0.9,TS_oracle,0.00226780923194973
0.9,TS_oracle,0.00191035994776618
0.9,TS_oracle,0.0022699856813897
0.9,TS_oracle,0.00142792194362115
0.9,TS_oracle,0.000695082016234454
0.9,TS_oracle,0.00139853834309607
0.9,TS_oracle,0.000232027238273322
0.9,TS_oracle,0.000841567889595955
0.9,TS_oracle,0.00101810964476343
0.9,TS_oracle,0.000783503812757943
0.9,TS_oracle,0.00323564231818896
0.9,TS_oracle,0.00110869717502621
0.9,TS_oracle,0.00220855071762148
0.9,TS_oracle,0.000987858161768131
0.9,TS_oracle,0.000992753975204532
0.9,TS_oracle,0.000681705382801386
0.9,TS_oracle,0.00140024284801147
0.9,TS_oracle,0.00310467563231317
0.9,TS_oracle,0.00182053357173107
0.9,TS_oracle,0.000448515696239772
0.9,TS_oracle,0.00219160613229387
0.9,TS_oracle,0.00171748325873843
0.9,TS_oracle,0.00671376969542709
0.9,TS_oracle,0.00207988303447256
0.9,TS_oracle,0.0023294219482142
0.9,TS_oracle,0.00101043749568372
0.9,TS_oracle,0.00322685581561607
0.9,TS_oracle,0.00265317146114379
0.9,TS_oracle,0.00105061057076839
0.9,TS_oracle,0.00161381065010313
0.9,TS_oracle,0.00042549142147879
0.9,TS_oracle,0.0029712448218198
0.9,TS_oracle,0.00387715565213713
0.9,TS_oracle,0.00133907968518494
0.9,TS_oracle,0.00346688356692115
0.9,TS_oracle,0.00108971269059865
0.9,TS_oracle,0.00202547378861491
0.9,TS_oracle,0.00239446950304065
0.9,TS_oracle,0.00114140486659037
0.9,TS_oracle,0.000754913819214916
0.9,TS_oracle,0.00194355387503405
0.9,TS_oracle,0.0021148617032998
0.9,TS_oracle,0.00237763738142797
0.9,TS_oracle,0.00112514646223714
0.9,TS_oracle,0.00048308098194055
0.9,TS_oracle,0.00365063080115329
0.9,TS_oracle,0.00362616275544915
0.9,TS_oracle,0.000927768206914336
0.9,TS_oracle,0.00130933567688347
0.9,TS_oracle,0.000777990942385986
0.9,TS_oracle,0.000355016720894367
0.9,TS_oracle,0.00250889291151952
0.9,TS_oracle,0.00153198435776675
0.9,TS_oracle,0.00219805442960859
0.9,TS_oracle,0.00106834558783828
0.9,TS_oracle,0.00410403037129134
0.9,TS_oracle,0.00319577866450792
0.9,TS_oracle,0.00156563817842268
0.9,TS_oracle,0.00286053607615157
0.9,TS_oracle,0.000884871752705877
0.9,TS_oracle,0.000626150614959285
0.9,TS_oracle,0.00175565161929584
0.9,TS_oracle,0.00208156722478999
0.9,TS_oracle,0.00104010842364682
0.9,TS_oracle,0.00459465086770545
0.9,TS_oracle,0.00109886116534392
0.9,TS_oracle,0.00109596579595578
0.9,TS_oracle,0.000793891494590307
0.9,TS_oracle,0.00100595239270681
0.9,TS_oracle,0.000485372893844797
0.9,TS_oracle,0.000598869845782652
0.9,TS_oracle,0.000695422501752737
0.9,TS_oracle,0.00148546812438902
0.9,TS_oracle,0.00110021804782171
0.9,TS_oracle,0.00217967866447921
0.9,TS_oracle,0.000619165243952361
0.9,TS_oracle,0.00147745464845889
0.9,TS_oracle,0.00104549233615989
0.9,TS_oracle,0.00298314570012774
0.9,TS_oracle,0.00205191578138792
0.9,TS_oracle,0.00188153253245034
0.9,TS_oracle,0.00225072356652374
0.9,TS_oracle,0.00181502135810159
0.9,TS_oracle,0.00256996725955214
0.9,TS_oracle,0.00138993788619847
0.9,TS_oracle,0.00179381316806039
0.9,TS_oracle,0.00131484249144485
0.9,TS_oracle,0.00110850580243615
0.9,TS_oracle,0.00178173127584083
0.9,TS_oracle,0.000539850624349916
0.9,TS_oracle,0.00028942958149877
0.9,TS_oracle,0.00157494452193763
0.9,TS_oracle,0.00109511329519049
0.9,TS_oracle,0.00251414789872239
0.9,TS_oracle,0.0016391314500811
0.9,TS_oracle,0.000383435329454356
0.9,TS_oracle,0.00274137008121002
0.9,TS_oracle,0.00208330772507084
0.9,TS_oracle,0.00108500818642215
0.9,TS_oracle,0.000218383987415778
0.9,TS_oracle,0.00120606299582763
0.9,TS_oracle,0.00145605570435285
0.9,TS_oracle,0.00200087837171057
0.9,TS_oracle,0.0039384720626052
0.9,TS_oracle,0.000640268573157949
0.9,TS_oracle,0.000901060471205428
0.9,TS_oracle,0.00208338348140497
0.9,TS_oracle,0.00297967018697312
0.9,TS_oracle,0.00373318462653655
0.9,TS_oracle,0.00104686348908515
0.9,TS_oracle,0.00389142587016006
0.9,TS_oracle,0.000906700446685658
0.9,TS_oracle,0.00341715595303554
0.9,TS_oracle,0.00110474176702929
0.9,TS_oracle,0.000347750600669235
0.9,TS_oracle,0.00135920101666048
0.9,TS_oracle,0.000993350973976587
0.9,TS_oracle,0.000635320243135283
0.9,TS_oracle,0.00187553525290387
0.9,TS_oracle,0.00034063700382787
0.9,TS_oracle,0.00157362587072202
0.9,TS_oracle,0.00207339093055598
0.9,TS_oracle,0.00152621359995945
0.9,TS_oracle,0.00124530853233419
0.9,TS_oracle,0.00115759837025073
0.9,TS_oracle,0.00114892939615678
0.9,TS_oracle,0.00228645253810666
0.9,TS_oracle,0.00167173825312192
0.9,TS_oracle,0.000605984804022149
0.9,TS_oracle,0.000883465041325758
0.9,TS_oracle,0.00043829375678159
0.9,TS_oracle,0.00304851622265361
0.9,TS_oracle,0.00287051035206814
0.9,TS_oracle,0.00283675822963074
0.9,TS_oracle,0.00079066543952011
0.9,TS_oracle,0.00160100737811403
0.9,TS_oracle,0.00115336268398933
0.9,TS_oracle,0.00183702977949662
0.9,TS_oracle,0.00246139347615508
0.9,TS_oracle,0.000202421696367635
0.9,TS_oracle,0.00107911294546843
0.9,TS_oracle,0.00163863758064809
0.9,TS_oracle,0.00170684651454894
0.9,TS_oracle,0.00143328667845849
0.9,TS_oracle,0.000645248357976869
0.9,TS_oracle,0.000823356469145921
0.9,TS_oracle,0.00219420577667486
0.9,TS_oracle,0.00336637379403485
0.9,TS_oracle,0.00381251336176407
0.9,TS_oracle,0.00221055708378273
0.9,TS_oracle,0.00127338924943076
0.9,TS_oracle,0.00229710789898861
0.9,TS_oracle,0.00367990871076922
0.9,TS_oracle,0.000864761616741376
