rho,methods,MSEs_value
0,PLS,0.0125216065534177
0,PLS,0.00141715850683711
0,PLS,0.0127640545619145
0,PLS,0.0108759991426598
0,PLS,0.011964221580643
0,PLS,0.00589029466404874
0,PLS,0.00820950299917634
0,PLS,0.00351573527402997
0,PLS,0.0180171227737097
0,PLS,0.00486048039501126
0,PLS,0.0135374175592223
0,PLS,0.0133636651825259
0,PLS,0.00446540967086319
0,PLS,0.0239323917337207
0,PLS,0.0108254080313685
0,PLS,0.00193951651171191
0,PLS,0.00649248435565912
0,PLS,0.0169270345254687
0,PLS,0.0101756163528801
0,PLS,0.00538573941782353
0,PLS,0.0082394439176255
0,PLS,0.00249938792342698
0,PLS,0.0133302484408602
0,PLS,0.00346984343919888
0,PLS,0.0106478755250455
0,PLS,0.0130411028075184
0,PLS,0.00451352514266598
0,PLS,0.0175279273564494
0,PLS,0.00207157517336962
0,PLS,0.0123605851956111
0,PLS,0.0141925362215102
0,PLS,0.00510901629867573
0,PLS,0.0078384180127249
0,PLS,0.00820995010096373
0,PLS,0.00827822642851295
0,PLS,0.00451589515298743
0,PLS,0.0121675367364889
0,PLS,0.00538291489533931
0,PLS,0.00978154235168611
0,PLS,0.00620212935839459
0,PLS,0.00635187572729261
0,PLS,0.00585051367183586
0,PLS,0.00947297523869361
0,PLS,0.0201559818941137
0,PLS,0.0192045997657543
0,PLS,0.0241517522769401
0,PLS,0.0105562392032482
0,PLS,0.00437117009527912
0,PLS,0.00743423690205229
0,PLS,0.00255281525679283
0,PLS,0.00831261835394919
0,PLS,0.0170807548698219
0,PLS,0.0225706460221871
0,PLS,0.00711589941464203
0,PLS,0.0174382778034498
0,PLS,0.00775140240098007
0,PLS,0.0102246572994018
0,PLS,0.0185236444044482
0,PLS,0.0102361647751309
0,PLS,0.00558798936236814
0,PLS,0.0171489584370104
0,PLS,0.010637392132304
0,PLS,0.00812166635822458
0,PLS,0.00983272520778256
0,PLS,0.012922334477304
0,PLS,0.018921062431562
0,PLS,0.00706733446884354
0,PLS,0.00763523036081601
0,PLS,0.0140021167125846
0,PLS,0.00547986676333488
0,PLS,0.0191346470409629
0,PLS,0.00645910103856251
0,PLS,0.0156089216079264
0,PLS,0.00904418699371543
0,PLS,0.0123964880288413
0,PLS,0.00707666590999505
0,PLS,0.00474663662234078
0,PLS,0.00768650158234735
0,PLS,0.00305856541996619
0,PLS,0.0145610325917515
0,PLS,0.0078493137694665
0,PLS,0.007614327145817
0,PLS,0.00753732022629978
0,PLS,0.00931870236075423
0,PLS,0.00827804039775976
0,PLS,0.00409386146558072
0,PLS,0.0108720851620703
0,PLS,0.00658412066594714
0,PLS,0.0132225647345685
0,PLS,0.00918450239932399
0,PLS,0.0059235954205537
0,PLS,0.00740638339667903
0,PLS,0.00755380751164198
0,PLS,0.00656675097691453
0,PLS,0.0084974006698304
0,PLS,0.00957337081163603
0,PLS,0.0236646480550124
0,PLS,0.00546107434034693
0,PLS,0.0107550079958921
0,PLS,0.00860495402579712
0,PLS,0.00749849577357868
0,PLS,0.00396509620339368
0,PLS,0.0208438037446145
0,PLS,0.022602673429999
0,PLS,0.00837196339092641
0,PLS,0.0152003832113154
0,PLS,0.00576133136885616
0,PLS,0.00274321648829201
0,PLS,0.0140243536726832
0,PLS,0.0116462469922935
0,PLS,0.00692483450589206
0,PLS,0.00341673306011622
0,PLS,0.0109054894113572
0,PLS,0.0134918393984375
0,PLS,0.0028420783367461
0,PLS,0.00360872062832236
0,PLS,0.0154156174166058
0,PLS,0.0049792800700343
0,PLS,0.0124160326369537
0,PLS,0.00968974242071578
0,PLS,0.0123819967024458
0,PLS,0.0138918894583843
0,PLS,0.0101367491073496
0,PLS,0.00794663163713391
0,PLS,0.0115536387126955
0,PLS,0.0157273543812997
0,PLS,0.0129448581714735
0,PLS,0.00392119129821494
0,PLS,0.00529577435689275
0,PLS,0.0148603715292596
0,PLS,0.00681576198241842
0,PLS,0.0130114080728027
0,PLS,0.00423064944640711
0,PLS,0.00228208848001466
0,PLS,0.0184091398306003
0,PLS,0.0157523914253062
0,PLS,0.00959638323824951
0,PLS,0.009325355654408
0,PLS,0.00843701279956545
0,PLS,0.00359835093958341
0,PLS,0.0125817562700656
0,PLS,0.0170693782311541
0,PLS,0.0116603858409244
0,PLS,0.0124250286962926
0,PLS,0.00455104875921839
0,PLS,0.0120955583382647
0,PLS,0.0211867456059913
0,PLS,0.00608403309505547
0,PLS,0.0185098566571841
0,PLS,0.0188764635842866
0,PLS,0.0146343709953566
0,PLS,0.00508482596683435
0,PLS,0.0180979523336096
0,PLS,0.0143050592379653
0,PLS,0.0192843776009176
0,PLS,0.0164387740473511
0,PLS,0.00288177751438312
0,PLS,0.011523854329154
0,PLS,0.00568659173994679
0,PLS,0.0149627828722382
0,PLS,0.0182416643603813
0,PLS,0.00298781120689046
0,PLS,0.00561092082866139
0,PLS,0.0104751419497045
0,PLS,0.00751384144925016
0,PLS,0.026394289965596
0,PLS,0.00632094134703685
0,PLS,0.00563688039242675
0,PLS,0.0101943076185052
0,PLS,0.0258220148323106
0,PLS,0.00673850592384934
0,PLS,0.0092838340107659
0,PLS,0.00647238125085057
0,PLS,0.0230807606549273
0,PLS,0.0189965234657127
0,PLS,0.0163100207581774
0,PLS,0.00244818385461639
0,PLS,0.0200344180861089
0,PLS,0.00441600847171718
0,PLS,0.0219097995408396
0,PLS,0.0143084595953656
0,PLS,0.00639051282086713
0,PLS,0.0110721177001223
0,PLS,0.00512221604988235
0,PLS,0.0191275932368418
0,PLS,0.00664827089550016
0,PLS,0.0058260872381189
0,PLS,0.0102620936051839
0,PLS,0.0168380873895177
0,PLS,0.0167013006751962
0,PLS,0.00655367955176899
0,PLS,0.0239385666274067
0,PLS,0.0170612449784841
0,PLS,0.0128202682225546
0,PLS,0.00362364080173393
0,PLS,0.0166653592168183
0,PLS,0.0280360239565839
0,PLS,0.0164673878392751
0,PLS,0.0068109757101439
0,PLS,0.00459638539568577
0,fTS,0.0125223684388719
0,fTS,0.00144705637528091
0,fTS,0.0127640545619145
0,fTS,0.0110253752247106
0,fTS,0.0120714007613014
0,fTS,0.00570186554808859
0,fTS,0.00821684280273865
0,fTS,0.00351573527402997
0,fTS,0.0183300437848319
0,fTS,0.00484615264945757
0,fTS,0.0135488653828412
0,fTS,0.013085610051172
0,fTS,0.00440277708926183
0,fTS,0.0254776341793669
0,fTS,0.0109126526907155
0,fTS,0.00224167756751653
0,fTS,0.00651240344139655
0,fTS,0.0169270345254687
0,fTS,0.0101755751756288
0,fTS,0.0053924908454
0,fTS,0.00820912836009428
0,fTS,0.00250621196499024
0,fTS,0.0135786232064509
0,fTS,0.00353371894607744
0,fTS,0.0105847350288574
0,fTS,0.0130411028075184
0,fTS,0.00441400078194812
0,fTS,0.0174427608539772
0,fTS,0.0021858135720171
0,fTS,0.0123762623011551
0,fTS,0.0141925362215102
0,fTS,0.00510901629867573
0,fTS,0.00783349849434671
0,fTS,0.00824198952408571
0,fTS,0.00827822642851295
0,fTS,0.00451638183520625
0,fTS,0.0121675504731888
0,fTS,0.00538291489533931
0,fTS,0.0106099999929754
0,fTS,0.00620212935839459
0,fTS,0.00630797441260266
0,fTS,0.00592593106929766
0,fTS,0.00950106114352835
0,fTS,0.0201542794101895
0,fTS,0.0192045997657543
0,fTS,0.0241844712080573
0,fTS,0.0104577642278442
0,fTS,0.00426231971226031
0,fTS,0.00743655421861247
0,fTS,0.00255277982486351
0,fTS,0.00831220054837465
0,fTS,0.0170756206559422
0,fTS,0.023009328372523
0,fTS,0.00711589941464203
0,fTS,0.0185184466159216
0,fTS,0.00775327938832166
0,fTS,0.0102271247372905
0,fTS,0.0190236378189914
0,fTS,0.010240133364021
0,fTS,0.00562846267882375
0,fTS,0.0170972380281769
0,fTS,0.0107678145509556
0,fTS,0.00812206762010943
0,fTS,0.0102877442653648
0,fTS,0.0140921919664585
0,fTS,0.0190847072533281
0,fTS,0.00709098078079831
0,fTS,0.00763523036081601
0,fTS,0.0139954088513067
0,fTS,0.00547986676333488
0,fTS,0.0193788101698516
0,fTS,0.0064593193065444
0,fTS,0.0156087330601347
0,fTS,0.00899378245659148
0,fTS,0.0122663419057391
0,fTS,0.00704250930053995
0,fTS,0.00474663662234078
0,fTS,0.00760887695152245
0,fTS,0.00305645984051998
0,fTS,0.0145598044668459
0,fTS,0.00771716061446149
0,fTS,0.00790774877075193
0,fTS,0.00739004498162756
0,fTS,0.0092962849737152
0,fTS,0.00822493437826954
0,fTS,0.00386733895037565
0,fTS,0.0108720851620703
0,fTS,0.00657900359902026
0,fTS,0.0132225647345685
0,fTS,0.00996355806768149
0,fTS,0.00587281648580881
0,fTS,0.00766323554238785
0,fTS,0.00762905194104835
0,fTS,0.00658781127055029
0,fTS,0.0084974006698304
0,fTS,0.00957337081163603
0,fTS,0.0236162340904113
0,fTS,0.00542173014955641
0,fTS,0.00852769952440773
0,fTS,0.00860495402579712
0,fTS,0.00749816792337154
0,fTS,0.00396509620339368
0,fTS,0.0207965962659556
0,fTS,0.022602673429999
0,fTS,0.00839685790778193
0,fTS,0.0152003832113154
0,fTS,0.00540035243909893
0,fTS,0.00277208116887669
0,fTS,0.0140243536726832
0,fTS,0.0116462469922935
0,fTS,0.00692483450589206
0,fTS,0.00341673306011622
0,fTS,0.0109054894113572
0,fTS,0.0134918393984375
0,fTS,0.00328229232465428
0,fTS,0.00357881493044167
0,fTS,0.0154424661087987
0,fTS,0.00497667157375676
0,fTS,0.0127001308921014
0,fTS,0.00968974242071578
0,fTS,0.0128688824188302
0,fTS,0.0138493534292337
0,fTS,0.0109791725136638
0,fTS,0.00814248865858485
0,fTS,0.0129012383693327
0,fTS,0.0159807619349145
0,fTS,0.0130141849861399
0,fTS,0.00392119129821494
0,fTS,0.00531209309786423
0,fTS,0.0169690177451672
0,fTS,0.006905977566876
0,fTS,0.0130091636165421
0,fTS,0.00422429040886895
0,fTS,0.00223860475534957
0,fTS,0.0184177478313153
0,fTS,0.0147477077815925
0,fTS,0.00966148171356022
0,fTS,0.00932339821168728
0,fTS,0.0081920977001867
0,fTS,0.00359414993669062
0,fTS,0.0129676196827638
0,fTS,0.0169269246604088
0,fTS,0.0119933465732719
0,fTS,0.0115258018139883
0,fTS,0.00455033278701775
0,fTS,0.0127897857858905
0,fTS,0.0211886534713955
0,fTS,0.00605199644125852
0,fTS,0.018611248273702
0,fTS,0.0187739965688045
0,fTS,0.0143959192696735
0,fTS,0.00503369416210292
0,fTS,0.0180979523336096
0,fTS,0.0142717391301129
0,fTS,0.0196145790242172
0,fTS,0.0162575150200203
0,fTS,0.00292457641375684
0,fTS,0.0114594960757371
0,fTS,0.00577554775686659
0,fTS,0.0155034853285962
0,fTS,0.0183061884967984
0,fTS,0.0030382984068976
0,fTS,0.00561092082866139
0,fTS,0.0105082022943534
0,fTS,0.00751384144925018
0,fTS,0.02639861396214
0,fTS,0.00632105722992965
0,fTS,0.00558792745107927
0,fTS,0.0100339146196066
0,fTS,0.0259188903472301
0,fTS,0.00673850592384934
0,fTS,0.00955579854698872
0,fTS,0.00648192589400643
0,fTS,0.0237067948640132
0,fTS,0.0190690711522034
0,fTS,0.0163488817017886
0,fTS,0.00244818385461639
0,fTS,0.0200369413819779
0,fTS,0.00437984052261152
0,fTS,0.0226639093181811
0,fTS,0.0144071704191887
0,fTS,0.00667611906318203
0,fTS,0.0109292515235436
0,fTS,0.00509855410362354
0,fTS,0.0190938787939957
0,fTS,0.00659681699854681
0,fTS,0.00583834298341676
0,fTS,0.0102620936051839
0,fTS,0.0170026063673604
0,fTS,0.0166980425837757
0,fTS,0.00655367955176899
0,fTS,0.0231616864473726
0,fTS,0.0170836126336218
0,fTS,0.0128202682225546
0,fTS,0.00363901914503142
0,fTS,0.0166653592168183
0,fTS,0.0288562968525509
0,fTS,0.0164749920284316
0,fTS,0.00690935606317636
0,fTS,0.00463893260993934
0,LS_oracle,0.0134090997779463
0,LS_oracle,0.00139405209763605
0,LS_oracle,0.00925329681766776
0,LS_oracle,0.00897849817901172
0,LS_oracle,0.0116313730593868
0,LS_oracle,0.00554081945820788
0,LS_oracle,0.00858714725827059
0,LS_oracle,0.00323647240694743
0,LS_oracle,0.0162844818169417
0,LS_oracle,0.00631722742178109
0,LS_oracle,0.0131459200431161
0,LS_oracle,0.0111676407216028
0,LS_oracle,0.00441449494370002
0,LS_oracle,0.0242073004833019
0,LS_oracle,0.0136965655649063
0,LS_oracle,0.00110135729914804
0,LS_oracle,0.00582498645056443
0,LS_oracle,0.0140474504040468
0,LS_oracle,0.0102489098400037
0,LS_oracle,0.00505260166489307
0,LS_oracle,0.0125242562247725
0,LS_oracle,0.00246033617235749
0,LS_oracle,0.012146187111897
0,LS_oracle,0.00314917850992137
0,LS_oracle,0.00763096995692757
0,LS_oracle,0.0129950566367353
0,LS_oracle,0.00553740761349887
0,LS_oracle,0.0181861695229457
0,LS_oracle,0.00123035727243038
0,LS_oracle,0.0125900307360762
0,LS_oracle,0.0144012805479578
0,LS_oracle,0.00452601421737276
0,LS_oracle,0.00784621495468062
0,LS_oracle,0.00692865056963027
0,LS_oracle,0.00875258646130508
0,LS_oracle,0.00371337481655731
0,LS_oracle,0.0104360235034167
0,LS_oracle,0.00551674718137601
0,LS_oracle,0.00755607792604118
0,LS_oracle,0.00821735886435673
0,LS_oracle,0.00769241707647597
0,LS_oracle,0.0059158935853201
0,LS_oracle,0.00755616954110172
0,LS_oracle,0.0205250419435655
0,LS_oracle,0.0192039240582874
0,LS_oracle,0.0225191300045051
0,LS_oracle,0.00981035266374097
0,LS_oracle,0.00384347021239094
0,LS_oracle,0.00559928514846891
0,LS_oracle,0.00243911698046694
0,LS_oracle,0.00748978818709711
0,LS_oracle,0.017704017871988
0,LS_oracle,0.0231359287783117
0,LS_oracle,0.00629525884170402
0,LS_oracle,0.0157903869082357
0,LS_oracle,0.00765655366128548
0,LS_oracle,0.00916847331716104
0,LS_oracle,0.0194602865776023
0,LS_oracle,0.00506230744170042
0,LS_oracle,0.00503700528894384
0,LS_oracle,0.0168363847724329
0,LS_oracle,0.00999559099390036
0,LS_oracle,0.00794270912278033
0,LS_oracle,0.00994668684655834
0,LS_oracle,0.00672978277895486
0,LS_oracle,0.0191635577233888
0,LS_oracle,0.0114345601260213
0,LS_oracle,0.00781357427521128
0,LS_oracle,0.0140753928031147
0,LS_oracle,0.00544129035776899
0,LS_oracle,0.0173727631528994
0,LS_oracle,0.00603018770404433
0,LS_oracle,0.0159131040280775
0,LS_oracle,0.00809713307121732
0,LS_oracle,0.0118111565575949
0,LS_oracle,0.0078610172196216
0,LS_oracle,0.00489073592043127
0,LS_oracle,0.0074738423392828
0,LS_oracle,0.00289437952024177
0,LS_oracle,0.01469197558929
0,LS_oracle,0.00389664562739767
0,LS_oracle,0.00649098895581473
0,LS_oracle,0.00744710103057684
0,LS_oracle,0.00917253898539317
0,LS_oracle,0.00727455155457783
0,LS_oracle,0.00417845994689534
0,LS_oracle,0.0130469153885742
0,LS_oracle,0.0065383411111161
0,LS_oracle,0.00713640521644052
0,LS_oracle,0.00752136391195166
0,LS_oracle,0.00504588529680643
0,LS_oracle,0.0070308281042551
0,LS_oracle,0.00623803156338005
0,LS_oracle,0.00675720565530875
0,LS_oracle,0.0103758525929354
0,LS_oracle,0.00779207808888964
0,LS_oracle,0.0228412372342308
0,LS_oracle,0.00915058911459333
0,LS_oracle,0.00642850514904265
0,LS_oracle,0.00663028549989306
0,LS_oracle,0.00684441982078389
0,LS_oracle,0.00495639856452114
0,LS_oracle,0.0207023594731101
0,LS_oracle,0.0214969018321249
0,LS_oracle,0.00736874368138512
0,LS_oracle,0.0109006610555875
0,LS_oracle,0.00614248600555235
0,LS_oracle,0.00402954492686314
0,LS_oracle,0.0136283905921695
0,LS_oracle,0.00910600749685061
0,LS_oracle,0.00695484465309255
0,LS_oracle,0.00337938283435301
0,LS_oracle,0.0100515650811048
0,LS_oracle,0.0132535112180562
0,LS_oracle,0.00273590186688816
0,LS_oracle,0.00353797808672502
0,LS_oracle,0.012154760695544
0,LS_oracle,0.00354696188493252
0,LS_oracle,0.0094660399653535
0,LS_oracle,0.00925072510908912
0,LS_oracle,0.00948803254737387
0,LS_oracle,0.0139969849378703
0,LS_oracle,0.00709959079436506
0,LS_oracle,0.00802917252786992
0,LS_oracle,0.0104397556177453
0,LS_oracle,0.0175356360518103
0,LS_oracle,0.0108974793042207
0,LS_oracle,0.00301579090703918
0,LS_oracle,0.00516047289689957
0,LS_oracle,0.01326574287189
0,LS_oracle,0.00640458878251312
0,LS_oracle,0.0136591329433784
0,LS_oracle,0.00252922940642133
0,LS_oracle,0.00240829032432096
0,LS_oracle,0.0196092676421986
0,LS_oracle,0.0166400547887909
0,LS_oracle,0.0101395881703385
0,LS_oracle,0.0094545428732024
0,LS_oracle,0.00659685583105405
0,LS_oracle,0.00358816875700812
0,LS_oracle,0.0117486843427441
0,LS_oracle,0.0176178039143365
0,LS_oracle,0.0125281062231019
0,LS_oracle,0.00982110163275851
0,LS_oracle,0.00351600734121494
0,LS_oracle,0.0105876901815202
0,LS_oracle,0.00507742235658711
0,LS_oracle,0.00458954001344383
0,LS_oracle,0.0170814495071058
0,LS_oracle,0.0173100015447086
0,LS_oracle,0.0133653026907098
0,LS_oracle,0.00394394777464825
0,LS_oracle,0.0177967803284419
0,LS_oracle,0.0143463734622658
0,LS_oracle,0.019317240412495
0,LS_oracle,0.0134873783270875
0,LS_oracle,0.00287715561099008
0,LS_oracle,0.0120553829931491
0,LS_oracle,0.00440200912804487
0,LS_oracle,0.014950038808152
0,LS_oracle,0.0115081662038292
0,LS_oracle,0.00286169366340693
0,LS_oracle,0.00584631120263393
0,LS_oracle,0.0109825226070486
0,LS_oracle,0.00671263546355349
0,LS_oracle,0.0207897490147052
0,LS_oracle,0.00625509436770501
0,LS_oracle,0.00565056783363911
0,LS_oracle,0.0100252571473962
0,LS_oracle,0.0250683693329691
0,LS_oracle,0.00732606451730441
0,LS_oracle,0.010167736048249
0,LS_oracle,0.00584893727567993
0,LS_oracle,0.0213543732182721
0,LS_oracle,0.0170973321643801
0,LS_oracle,0.0124448010857711
0,LS_oracle,0.00226167951793298
0,LS_oracle,0.0198882392660296
0,LS_oracle,0.00442717085094885
0,LS_oracle,0.0219049530836624
0,LS_oracle,0.0101821103133373
0,LS_oracle,0.00643994023133386
0,LS_oracle,0.0119921167872924
0,LS_oracle,0.00364732456156284
0,LS_oracle,0.0144082585508332
0,LS_oracle,0.00662840026634838
0,LS_oracle,0.0058732536358946
0,LS_oracle,0.0104184928022511
0,LS_oracle,0.0150793730561129
0,LS_oracle,0.0172618438463185
0,LS_oracle,0.00408311495379192
0,LS_oracle,0.0253823528425552
0,LS_oracle,0.0161710908595095
0,LS_oracle,0.0103356399980864
0,LS_oracle,0.00378308363148728
0,LS_oracle,0.0175836904650743
0,LS_oracle,0.0224777555929814
0,LS_oracle,0.0164225823653355
0,LS_oracle,0.00470230843012803
0,LS_oracle,0.00464618480365305
0,TS_oracle,0.0134094418465038
0,TS_oracle,0.00139405209763605
0,TS_oracle,0.00925329681766776
0,TS_oracle,0.00897849817901172
0,TS_oracle,0.0117994631786258
0,TS_oracle,0.00535600215705529
0,TS_oracle,0.00858587418202484
0,TS_oracle,0.00323647240694743
0,TS_oracle,0.0166972385403475
0,TS_oracle,0.00628408378696752
0,TS_oracle,0.0131600079344751
0,TS_oracle,0.010863607488937
0,TS_oracle,0.00434886267565561
0,TS_oracle,0.025434287483517
0,TS_oracle,0.0137265129726676
0,TS_oracle,0.00110696933930167
0,TS_oracle,0.00584368811116723
0,TS_oracle,0.0140474504040468
0,TS_oracle,0.0102488574119194
0,TS_oracle,0.00505656725482564
0,TS_oracle,0.0124273567670663
0,TS_oracle,0.00246647560314657
0,TS_oracle,0.0121972211091788
0,TS_oracle,0.00321950705733422
0,TS_oracle,0.00763054872211532
0,TS_oracle,0.0129950566367353
0,TS_oracle,0.00541836068201285
0,TS_oracle,0.0180928690442116
0,TS_oracle,0.00120366961051895
0,TS_oracle,0.0125900307360762
0,TS_oracle,0.0144314642327928
0,TS_oracle,0.00456340774852482
0,TS_oracle,0.0078400615756732
0,TS_oracle,0.00694188199139257
0,TS_oracle,0.00876625184952377
0,TS_oracle,0.00371400258736974
0,TS_oracle,0.0104360987006534
0,TS_oracle,0.00551674718137601
0,TS_oracle,0.00784503519365547
0,TS_oracle,0.00821735886435673
0,TS_oracle,0.00764078753841759
0,TS_oracle,0.00599071896903194
0,TS_oracle,0.00755616954110172
0,TS_oracle,0.0205233069674667
0,TS_oracle,0.0192039240582874
0,TS_oracle,0.022552896021961
0,TS_oracle,0.00970949922813441
0,TS_oracle,0.00379597023154108
0,TS_oracle,0.00549112652199656
0,TS_oracle,0.00243901042468044
0,TS_oracle,0.00748798968900588
0,TS_oracle,0.0176274399307829
0,TS_oracle,0.0234794583822268
0,TS_oracle,0.00628043469813639
0,TS_oracle,0.0158967945621063
0,TS_oracle,0.00764627236081441
0,TS_oracle,0.00917176078567835
0,TS_oracle,0.0199813453120594
0,TS_oracle,0.00511670655645197
0,TS_oracle,0.00503213653080706
0,TS_oracle,0.0167817853650508
0,TS_oracle,0.0100248085245722
0,TS_oracle,0.00794302927611284
0,TS_oracle,0.0103846698387194
0,TS_oracle,0.00697586343100427
0,TS_oracle,0.019292144492491
0,TS_oracle,0.0114345601260213
0,TS_oracle,0.00781357427521128
0,TS_oracle,0.0140583480137897
0,TS_oracle,0.00555210281589116
0,TS_oracle,0.0176127448233189
0,TS_oracle,0.00603154775518127
0,TS_oracle,0.0159128951284247
0,TS_oracle,0.00806067835752464
0,TS_oracle,0.0117189059793826
0,TS_oracle,0.007820644172088
0,TS_oracle,0.00489073592043127
0,TS_oracle,0.00739279793478052
0,TS_oracle,0.00289237362561306
0,TS_oracle,0.0146907184300412
0,TS_oracle,0.00377361982445185
0,TS_oracle,0.0066548352517676
0,TS_oracle,0.00731292842483989
0,TS_oracle,0.00915924047135527
0,TS_oracle,0.00727825008650915
0,TS_oracle,0.00393638322408085
0,TS_oracle,0.0130469153885742
0,TS_oracle,0.00653360336344049
0,TS_oracle,0.00713640521644052
0,TS_oracle,0.00747597173350604
0,TS_oracle,0.00501428745538901
0,TS_oracle,0.00729332970563916
0,TS_oracle,0.0062488099430537
0,TS_oracle,0.00675720565530875
0,TS_oracle,0.0105203081356278
0,TS_oracle,0.00779207808888964
0,TS_oracle,0.0228130001179165
0,TS_oracle,0.00880078070912236
0,TS_oracle,0.00644847954663511
0,TS_oracle,0.00653964520003818
0,TS_oracle,0.00684419173896946
0,TS_oracle,0.00495639856452114
0,TS_oracle,0.0206873957646969
0,TS_oracle,0.0214969018321259
0,TS_oracle,0.00744171585455909
0,TS_oracle,0.0109006610555875
0,TS_oracle,0.00576665527175329
0,TS_oracle,0.00404870288819516
0,TS_oracle,0.0136283905921695
0,TS_oracle,0.00918912775257548
0,TS_oracle,0.00695484465309255
0,TS_oracle,0.00337938283435301
0,TS_oracle,0.0100515650811048
0,TS_oracle,0.0132535112180562
0,TS_oracle,0.00316206759449169
0,TS_oracle,0.00350834733981853
0,TS_oracle,0.01221911806612
0,TS_oracle,0.00354751406776273
0,TS_oracle,0.00952311921589929
0,TS_oracle,0.00925072510908764
0,TS_oracle,0.00998450003154227
0,TS_oracle,0.0139547028021322
0,TS_oracle,0.00731821454464335
0,TS_oracle,0.00811691359787097
0,TS_oracle,0.0103982406905199
0,TS_oracle,0.0177467791106651
0,TS_oracle,0.0110207111547622
0,TS_oracle,0.00301579090703918
0,TS_oracle,0.00516047289689957
0,TS_oracle,0.0132704817333262
0,TS_oracle,0.00649908641715245
0,TS_oracle,0.0136565344493721
0,TS_oracle,0.00252900518621486
0,TS_oracle,0.00235899431380198
0,TS_oracle,0.0196161230237952
0,TS_oracle,0.0165241039421263
0,TS_oracle,0.0101921154747463
0,TS_oracle,0.00945262539819905
0,TS_oracle,0.0064291736014837
0,TS_oracle,0.00358394137531455
0,TS_oracle,0.0120704182302549
0,TS_oracle,0.0175682505196524
0,TS_oracle,0.0125281062231019
0,TS_oracle,0.0104603134861963
0,TS_oracle,0.0035156741645783
0,TS_oracle,0.0106171006994409
0,TS_oracle,0.00503632299627157
0,TS_oracle,0.00458954001344383
0,TS_oracle,0.0171231478884608
0,TS_oracle,0.0172428046439722
0,TS_oracle,0.0133024267686619
0,TS_oracle,0.00389869419760117
0,TS_oracle,0.0178301767398686
0,TS_oracle,0.0143463734622658
0,TS_oracle,0.0196236928672873
0,TS_oracle,0.0134474284063773
0,TS_oracle,0.00292209776860345
0,TS_oracle,0.0119961662358973
0,TS_oracle,0.00438697124520283
0,TS_oracle,0.0154921701091486
0,TS_oracle,0.0115703070331034
0,TS_oracle,0.00291321748398213
0,TS_oracle,0.00584631120263393
0,TS_oracle,0.0110106808954964
0,TS_oracle,0.00671263546355349
0,TS_oracle,0.0207940506046986
0,TS_oracle,0.00625521882265068
0,TS_oracle,0.00566714503589351
0,TS_oracle,0.0100608491309954
0,TS_oracle,0.0251308362222787
0,TS_oracle,0.00732606451730441
0,TS_oracle,0.0104167220551043
0,TS_oracle,0.00585935153231782
0,TS_oracle,0.0220627034256192
0,TS_oracle,0.017187162764632
0,TS_oracle,0.0124228276377832
0,TS_oracle,0.00226167951793298
0,TS_oracle,0.0198907980325935
0,TS_oracle,0.00439192935638389
0,TS_oracle,0.0226599052273496
0,TS_oracle,0.0102841378056238
0,TS_oracle,0.00643994023133386
0,TS_oracle,0.0118297961675756
0,TS_oracle,0.00362292830518642
0,TS_oracle,0.0143177552282988
0,TS_oracle,0.00657664304189237
0,TS_oracle,0.00588725786315532
0,TS_oracle,0.0101994613626679
0,TS_oracle,0.0152256387793505
0,TS_oracle,0.017258338509433
0,TS_oracle,0.00408311495379192
0,TS_oracle,0.0243861689248989
0,TS_oracle,0.0161644671852731
0,TS_oracle,0.0102585313341059
0,TS_oracle,0.00380579819452363
0,TS_oracle,0.0175836904650743
0,TS_oracle,0.0228660857372774
0,TS_oracle,0.0164297781337728
0,TS_oracle,0.00474779587329621
0,TS_oracle,0.00468367173166944
0.1,PLS,0.00188066273525349
0.1,PLS,0.011660402617644
0.1,PLS,0.00704209672821284
0.1,PLS,0.0104828908740849
0.1,PLS,0.013119437610019
0.1,PLS,0.0176715436799178
0.1,PLS,0.0161932031027499
0.1,PLS,0.0114697161079548
0.1,PLS,0.0211047827922949
0.1,PLS,0.00471241578780781
0.1,PLS,0.00524043089893373
0.1,PLS,0.0142408518012395
0.1,PLS,0.0105105134061759
0.1,PLS,0.00583439862809722
0.1,PLS,0.0122291606855802
0.1,PLS,0.0280553039757932
0.1,PLS,0.0120700885426041
0.1,PLS,0.0186265059499956
0.1,PLS,0.00770919704134445
0.1,PLS,0.0070378746983373
0.1,PLS,0.00198607484916024
0.1,PLS,0.0172272943286523
0.1,PLS,0.0178557655414607
0.1,PLS,0.0176552874950673
0.1,PLS,0.00921655432401424
0.1,PLS,0.00479409583335393
0.1,PLS,0.0188819353920599
0.1,PLS,0.00442202337360116
0.1,PLS,0.0220111701391017
0.1,PLS,0.0163133296724316
0.1,PLS,0.00907919804160735
0.1,PLS,0.0131882313993556
0.1,PLS,0.00654127249589589
0.1,PLS,0.00590245148624175
0.1,PLS,0.0124096831068071
0.1,PLS,0.0126938531984858
0.1,PLS,0.0114378861222995
0.1,PLS,0.0129817107432108
0.1,PLS,0.0149646127713095
0.1,PLS,0.0159814756160675
0.1,PLS,0.019509208073422
0.1,PLS,0.0175989201600682
0.1,PLS,0.0210029174181994
0.1,PLS,0.00700122972109731
0.1,PLS,0.00766050282501454
0.1,PLS,0.00515778194753033
0.1,PLS,0.00909478464833391
0.1,PLS,0.00454861189831239
0.1,PLS,0.00604408501450558
0.1,PLS,0.00405209307526918
0.1,PLS,0.00801512624598521
0.1,PLS,0.00433770445064401
0.1,PLS,0.00826636117359476
0.1,PLS,0.00476560948842898
0.1,PLS,0.0124284329584008
0.1,PLS,0.0190766431790223
0.1,PLS,0.00398969304610608
0.1,PLS,0.00914865123677321
0.1,PLS,0.00678255689490143
0.1,PLS,0.00647923446751474
0.1,PLS,0.0162495064055129
0.1,PLS,0.00538443354473515
0.1,PLS,0.00342686116891975
0.1,PLS,0.00822018471880345
0.1,PLS,0.00351085084553985
0.1,PLS,0.0132762512373605
0.1,PLS,0.0207636131701391
0.1,PLS,0.0085234686472825
0.1,PLS,0.00358818182749991
0.1,PLS,0.0106968153230184
0.1,PLS,0.0273757796921552
0.1,PLS,0.00810021166708291
0.1,PLS,0.00442979644407172
0.1,PLS,0.00596973481123837
0.1,PLS,0.00951415509339618
0.1,PLS,0.0121756324115169
0.1,PLS,0.00538940978084545
0.1,PLS,0.0219983134966329
0.1,PLS,0.00280569522395342
0.1,PLS,0.00992249805112736
0.1,PLS,0.00504070213294933
0.1,PLS,0.0122636511616714
0.1,PLS,0.00339984064240263
0.1,PLS,0.00375924223577873
0.1,PLS,0.020184221547119
0.1,PLS,0.00625639618414834
0.1,PLS,0.0223916969504273
0.1,PLS,0.0191848407215672
0.1,PLS,0.00545222035347085
0.1,PLS,0.0139922143962418
0.1,PLS,0.0113108983362315
0.1,PLS,0.0132871277830095
0.1,PLS,0.01011724265675
0.1,PLS,0.0167030555936117
0.1,PLS,0.0204698483892039
0.1,PLS,0.0267703143016545
0.1,PLS,0.0194370423756991
0.1,PLS,0.00642625038096711
0.1,PLS,0.00745060073246342
0.1,PLS,0.0267592268884421
0.1,PLS,0.00449436369019869
0.1,PLS,0.00572813598529365
0.1,PLS,0.00471700823954405
0.1,PLS,0.00460263798287942
0.1,PLS,0.00366234734452069
0.1,PLS,0.00385358380003504
0.1,PLS,0.0162232727321029
0.1,PLS,0.0192209517521047
0.1,PLS,0.00377157949612426
0.1,PLS,0.0052480118327966
0.1,PLS,0.00217975145122362
0.1,PLS,0.0102319050651417
0.1,PLS,0.0117477933458028
0.1,PLS,0.0128131200255215
0.1,PLS,0.012466895948365
0.1,PLS,0.0353892574446982
0.1,PLS,0.00958886369315027
0.1,PLS,0.0135238300959419
0.1,PLS,0.0078589543139517
0.1,PLS,0.0055598768240908
0.1,PLS,0.0140346723009046
0.1,PLS,0.0107533290251985
0.1,PLS,0.0157042634644956
0.1,PLS,0.00229324092683199
0.1,PLS,0.0135879930515041
0.1,PLS,0.00992592847791611
0.1,PLS,0.00549476602443817
0.1,PLS,0.0046730142496358
0.1,PLS,0.00700360502789586
0.1,PLS,0.00352841790585214
0.1,PLS,0.0149281071638534
0.1,PLS,0.0154722800613395
0.1,PLS,0.00767892884689365
0.1,PLS,0.00754832480358825
0.1,PLS,0.00823937799773644
0.1,PLS,0.0119750371085526
0.1,PLS,0.0174163198345682
0.1,PLS,0.00410863094245843
0.1,PLS,0.00707088318719035
0.1,PLS,0.0222788096809541
0.1,PLS,0.0105765169587245
0.1,PLS,0.00699779169176568
0.1,PLS,0.00975076267259139
0.1,PLS,0.0121337342547659
0.1,PLS,0.0130959784076426
0.1,PLS,0.0132386722767857
0.1,PLS,0.008246809666536
0.1,PLS,0.00319690235755507
0.1,PLS,0.0110860809946051
0.1,PLS,0.00597650968978444
0.1,PLS,0.008717815027855
0.1,PLS,0.0110798676379383
0.1,PLS,0.00451867254416501
0.1,PLS,0.00344689288674497
0.1,PLS,0.00965144093906343
0.1,PLS,0.0122569997724088
0.1,PLS,0.0102574021316712
0.1,PLS,0.00624255548845601
0.1,PLS,0.0134906966976368
0.1,PLS,0.0142123621531936
0.1,PLS,0.00507369890994929
0.1,PLS,0.005352149543774
0.1,PLS,0.00652902841541881
0.1,PLS,0.00730833166309776
0.1,PLS,0.00860356613971769
0.1,PLS,0.00528690246197188
0.1,PLS,0.0292919627975605
0.1,PLS,0.0103285743106645
0.1,PLS,0.0190056722772617
0.1,PLS,0.00711162836114855
0.1,PLS,0.0101633553892354
0.1,PLS,0.0145540574077103
0.1,PLS,0.0181201539807438
0.1,PLS,0.011815985215569
0.1,PLS,0.0126964423620724
0.1,PLS,0.0131142911858141
0.1,PLS,0.00531980396824633
0.1,PLS,0.00888925996141033
0.1,PLS,0.0069187398485034
0.1,PLS,0.00778354118281279
0.1,PLS,0.0159643300240033
0.1,PLS,0.0102839690146578
0.1,PLS,0.0175729541232502
0.1,PLS,0.00334926749614523
0.1,PLS,0.0052233428881673
0.1,PLS,0.0201890900677313
0.1,PLS,0.00907039744809707
0.1,PLS,0.00346755009016041
0.1,PLS,0.0138020348434859
0.1,PLS,0.007492527643374
0.1,PLS,0.0207420882319473
0.1,PLS,0.00826420647877986
0.1,PLS,0.0133361334384681
0.1,PLS,0.00731937811288364
0.1,PLS,0.0107060129684698
0.1,PLS,0.00714679902302074
0.1,PLS,0.00441092723881392
0.1,PLS,0.01874494141696
0.1,PLS,0.00188662857328805
0.1,PLS,0.00667375801889814
0.1,fTS,0.00158355899373693
0.1,fTS,0.0107936829338688
0.1,fTS,0.00637147056727181
0.1,fTS,0.011467496321327
0.1,fTS,0.0119430592372834
0.1,fTS,0.0164651476840552
0.1,fTS,0.0152279763664375
0.1,fTS,0.0135116171231196
0.1,fTS,0.0211440501027979
0.1,fTS,0.00443851298018045
0.1,fTS,0.00397888668245863
0.1,fTS,0.0141224816056553
0.1,fTS,0.012685530452698
0.1,fTS,0.00565864195818749
0.1,fTS,0.0119087700032176
0.1,fTS,0.0267376571419059
0.1,fTS,0.0138986407068413
0.1,fTS,0.0172317097033182
0.1,fTS,0.00690158584497953
0.1,fTS,0.00664784984641542
0.1,fTS,0.00235281908233741
0.1,fTS,0.0166646310264618
0.1,fTS,0.0163409273249223
0.1,fTS,0.016995696273671
0.1,fTS,0.0135622987443685
0.1,fTS,0.00633164200301848
0.1,fTS,0.0182909040865175
0.1,fTS,0.00347124116233868
0.1,fTS,0.0174653728730752
0.1,fTS,0.0166814612363189
0.1,fTS,0.00856874489456089
0.1,fTS,0.0128313165019139
0.1,fTS,0.00952119526790197
0.1,fTS,0.00440616706429137
0.1,fTS,0.0112507601485064
0.1,fTS,0.0105229692986519
0.1,fTS,0.0147735855222756
0.1,fTS,0.0133136139286805
0.1,fTS,0.0136952532001996
0.1,fTS,0.0180375041602456
0.1,fTS,0.0182734596665666
0.1,fTS,0.0192041376878383
0.1,fTS,0.017965224735922
0.1,fTS,0.00721118090275577
0.1,fTS,0.00770680965813619
0.1,fTS,0.00557745021677943
0.1,fTS,0.008071621408568
0.1,fTS,0.00395998763658883
0.1,fTS,0.00692937234546307
0.1,fTS,0.00342527284263258
0.1,fTS,0.00827534721794664
0.1,fTS,0.0052498737317673
0.1,fTS,0.00729280382207393
0.1,fTS,0.00546135962035171
0.1,fTS,0.0117813631733044
0.1,fTS,0.0202383110107924
0.1,fTS,0.00381259134493799
0.1,fTS,0.00946962543318359
0.1,fTS,0.00618331713514101
0.1,fTS,0.00672204236683011
0.1,fTS,0.0159816621778512
0.1,fTS,0.00441304172268227
0.1,fTS,0.00276464438260744
0.1,fTS,0.00713142324888943
0.1,fTS,0.0053584941234489
0.1,fTS,0.0114055389437702
0.1,fTS,0.0177674030481947
0.1,fTS,0.00826290458816823
0.1,fTS,0.00470041728493676
0.1,fTS,0.0084178585482324
0.1,fTS,0.0280866365974705
0.1,fTS,0.00738148933318834
0.1,fTS,0.00391305562252625
0.1,fTS,0.00564477049143964
0.1,fTS,0.0072613573340634
0.1,fTS,0.012030896271119
0.1,fTS,0.00785974597342364
0.1,fTS,0.0196338940026087
0.1,fTS,0.00247905808602791
0.1,fTS,0.0104755974343087
0.1,fTS,0.0042637189116472
0.1,fTS,0.0107415378076013
0.1,fTS,0.00266562301394502
0.1,fTS,0.00395665612428114
0.1,fTS,0.0237482695426911
0.1,fTS,0.007341813533123
0.1,fTS,0.0196920916941657
0.1,fTS,0.0151375026476928
0.1,fTS,0.00682713422561539
0.1,fTS,0.0183588264712423
0.1,fTS,0.0105597445177774
0.1,fTS,0.012858868691533
0.1,fTS,0.0106320722566973
0.1,fTS,0.0179814264243976
0.1,fTS,0.0202595685235525
0.1,fTS,0.0247609402057143
0.1,fTS,0.0210365218095311
0.1,fTS,0.00791120156560388
0.1,fTS,0.00528150449970518
0.1,fTS,0.024333498315752
0.1,fTS,0.00514199163009281
0.1,fTS,0.00634305391921567
0.1,fTS,0.00449933988443687
0.1,fTS,0.00419722522059409
0.1,fTS,0.00408095801560604
0.1,fTS,0.00436931710739567
0.1,fTS,0.0157457401857299
0.1,fTS,0.0165691908323058
0.1,fTS,0.0025233606486215
0.1,fTS,0.00351781826491402
0.1,fTS,0.00243050135172554
0.1,fTS,0.00888465847193459
0.1,fTS,0.0102767374184486
0.1,fTS,0.0117348243382907
0.1,fTS,0.00996682682903381
0.1,fTS,0.0369509835479249
0.1,fTS,0.0106803997892513
0.1,fTS,0.0126980844133951
0.1,fTS,0.00919018921419105
0.1,fTS,0.00597376998226068
0.1,fTS,0.0149813236091695
0.1,fTS,0.0126662285200408
0.1,fTS,0.0156814096669778
0.1,fTS,0.00189250058159493
0.1,fTS,0.0135408466331969
0.1,fTS,0.00841257011366247
0.1,fTS,0.00586385063695112
0.1,fTS,0.00413434373250583
0.1,fTS,0.00691558314110275
0.1,fTS,0.00309057288437064
0.1,fTS,0.0136449550621071
0.1,fTS,0.0124307752425081
0.1,fTS,0.00798119401805173
0.1,fTS,0.00771018855623505
0.1,fTS,0.00825926816226663
0.1,fTS,0.0115436858441381
0.1,fTS,0.0182406963962447
0.1,fTS,0.00342763092154349
0.1,fTS,0.0070833454365233
0.1,fTS,0.022801792858444
0.1,fTS,0.0111911599589778
0.1,fTS,0.00720850779648053
0.1,fTS,0.0105746169312136
0.1,fTS,0.012737577263586
0.1,fTS,0.0107762250844521
0.1,fTS,0.0124709162542014
0.1,fTS,0.00983138731766727
0.1,fTS,0.00330339018671877
0.1,fTS,0.00927289143764271
0.1,fTS,0.00423887784932458
0.1,fTS,0.00843159274985093
0.1,fTS,0.0102555436169954
0.1,fTS,0.00426904539433095
0.1,fTS,0.00257414467354582
0.1,fTS,0.00810261923525454
0.1,fTS,0.00711199821706886
0.1,fTS,0.00931581930231669
0.1,fTS,0.00524232501273507
0.1,fTS,0.0125521478526541
0.1,fTS,0.0124095802341779
0.1,fTS,0.00445450440082506
0.1,fTS,0.003866849633229
0.1,fTS,0.00533063614030525
0.1,fTS,0.00665921473392506
0.1,fTS,0.0101952767602742
0.1,fTS,0.00598468350506567
0.1,fTS,0.0299856300189359
0.1,fTS,0.00822575862739072
0.1,fTS,0.0183740400066169
0.1,fTS,0.00888977676848298
0.1,fTS,0.00931900059218111
0.1,fTS,0.0116858779141744
0.1,fTS,0.0184938516595878
0.1,fTS,0.0100048204483098
0.1,fTS,0.00962393552751687
0.1,fTS,0.0117448548973978
0.1,fTS,0.00489037579566226
0.1,fTS,0.00745891748825795
0.1,fTS,0.00662533600002026
0.1,fTS,0.00660999814370825
0.1,fTS,0.0164818991855249
0.1,fTS,0.0132300464109531
0.1,fTS,0.0167051991699478
0.1,fTS,0.00473182923786719
0.1,fTS,0.00600199088448698
0.1,fTS,0.0213859835527307
0.1,fTS,0.00911026329390217
0.1,fTS,0.00378227461799085
0.1,fTS,0.0134199275067449
0.1,fTS,0.00565971031315551
0.1,fTS,0.0174731997251197
0.1,fTS,0.00826420647877986
0.1,fTS,0.0111417432892996
0.1,fTS,0.00701784866536141
0.1,fTS,0.00797285003796008
0.1,fTS,0.00792573333394623
0.1,fTS,0.00509668822352755
0.1,fTS,0.0163567798345456
0.1,fTS,0.00213876538192117
0.1,fTS,0.00555822716722002
0.1,LS_oracle,0.00177891136697124
0.1,LS_oracle,0.00477311236943441
0.1,LS_oracle,0.00697105938980131
0.1,LS_oracle,0.0118751864649463
0.1,LS_oracle,0.012251196191496
0.1,LS_oracle,0.0183133408051418
0.1,LS_oracle,0.0163887872054352
0.1,LS_oracle,0.00964732999493615
0.1,LS_oracle,0.0173735000251629
0.1,LS_oracle,0.00447586179729514
0.1,LS_oracle,0.00205081474160535
0.1,LS_oracle,0.0155818473591106
0.1,LS_oracle,0.0102342561295653
0.1,LS_oracle,0.00538450876803662
0.1,LS_oracle,0.0103982846666463
0.1,LS_oracle,0.0256652958140917
0.1,LS_oracle,0.0120233521159776
0.1,LS_oracle,0.0202243267083219
0.1,LS_oracle,0.0077405963015009
0.1,LS_oracle,0.00721114128115146
0.1,LS_oracle,0.00176161059084432
0.1,LS_oracle,0.0104337610496869
0.1,LS_oracle,0.0153303518941731
0.1,LS_oracle,0.0174911293819429
0.1,LS_oracle,0.00726858090431861
0.1,LS_oracle,0.00456531973040793
0.1,LS_oracle,0.0184946621211122
0.1,LS_oracle,0.00442505096975265
0.1,LS_oracle,0.0181124810735734
0.1,LS_oracle,0.0163229738085456
0.1,LS_oracle,0.00850735279545054
0.1,LS_oracle,0.0132883170530421
0.1,LS_oracle,0.00594494804540328
0.1,LS_oracle,0.0058365904157191
0.1,LS_oracle,0.0144672769476508
0.1,LS_oracle,0.0103134706512863
0.1,LS_oracle,0.0104871869362296
0.1,LS_oracle,0.011624740359329
0.1,LS_oracle,0.0135596037701331
0.1,LS_oracle,0.0110636081598768
0.1,LS_oracle,0.0193559067334267
0.1,LS_oracle,0.0168783751767029
0.1,LS_oracle,0.0216863191206121
0.1,LS_oracle,0.00835492087796845
0.1,LS_oracle,0.00741642133941386
0.1,LS_oracle,0.00505773538981256
0.1,LS_oracle,0.00452437745474713
0.1,LS_oracle,0.00387339367137007
0.1,LS_oracle,0.00535661936519416
0.1,LS_oracle,0.00285447779193492
0.1,LS_oracle,0.00749628430066647
0.1,LS_oracle,0.00437375968010016
0.1,LS_oracle,0.00852459712237278
0.1,LS_oracle,0.00610039756581661
0.1,LS_oracle,0.0105717153096046
0.1,LS_oracle,0.0194402553787987
0.1,LS_oracle,0.00597834300810078
0.1,LS_oracle,0.00454510504562622
0.1,LS_oracle,0.00420176574347545
0.1,LS_oracle,0.00703647550127271
0.1,LS_oracle,0.0144560597769692
0.1,LS_oracle,0.00457785713399575
0.1,LS_oracle,0.00347894437349501
0.1,LS_oracle,0.00789501793947749
0.1,LS_oracle,0.00336415944024256
0.1,LS_oracle,0.0145113183478571
0.1,LS_oracle,0.0167811906376875
0.1,LS_oracle,0.0061533424552765
0.1,LS_oracle,0.00353269562580175
0.1,LS_oracle,0.00905647217577026
0.1,LS_oracle,0.0252638720190098
0.1,LS_oracle,0.00754329464419419
0.1,LS_oracle,0.00345970240039268
0.1,LS_oracle,0.00602042430200214
0.1,LS_oracle,0.00950860607275769
0.1,LS_oracle,0.0115330150186629
0.1,LS_oracle,0.00621629922466066
0.1,LS_oracle,0.0116601783694427
0.1,LS_oracle,0.00348254873760168
0.1,LS_oracle,0.0109079167390625
0.1,LS_oracle,0.00481510894893483
0.1,LS_oracle,0.0115176398041676
0.1,LS_oracle,0.00273650185653412
0.1,LS_oracle,0.00395303752768049
0.1,LS_oracle,0.0162672606378184
0.1,LS_oracle,0.0098039652076863
0.1,LS_oracle,0.0210359490367356
0.1,LS_oracle,0.0110529386649588
0.1,LS_oracle,0.00528661816762834
0.1,LS_oracle,0.00930335160309857
0.1,LS_oracle,0.00838470873272823
0.1,LS_oracle,0.0123229791193162
0.1,LS_oracle,0.00940178908205546
0.1,LS_oracle,0.0148211000077762
0.1,LS_oracle,0.0187132436476103
0.1,LS_oracle,0.0151626285157032
0.1,LS_oracle,0.0171830630949855
0.1,LS_oracle,0.0042185467625122
0.1,LS_oracle,0.00948558677325359
0.1,LS_oracle,0.033294166904865
0.1,LS_oracle,0.00456783465571034
0.1,LS_oracle,0.00457618061327775
0.1,LS_oracle,0.00462331096268566
0.1,LS_oracle,0.00494203659586674
0.1,LS_oracle,0.00285981401901185
0.1,LS_oracle,0.00425381261824929
0.1,LS_oracle,0.0153356496846815
0.1,LS_oracle,0.0174966767605898
0.1,LS_oracle,0.00370519441767118
0.1,LS_oracle,0.00470718906777932
0.1,LS_oracle,0.00294343778557662
0.1,LS_oracle,0.0110631630998235
0.1,LS_oracle,0.0118556487228065
0.1,LS_oracle,0.0117276649406587
0.1,LS_oracle,0.0111760187121723
0.1,LS_oracle,0.0354106941097166
0.1,LS_oracle,0.00889952594354161
0.1,LS_oracle,0.013440752960402
0.1,LS_oracle,0.00710011954787754
0.1,LS_oracle,0.00625125174395093
0.1,LS_oracle,0.0135774808269059
0.1,LS_oracle,0.0109129826910828
0.1,LS_oracle,0.0166224534826957
0.1,LS_oracle,0.00264193059427596
0.1,LS_oracle,0.0110385816114174
0.1,LS_oracle,0.0107928660732722
0.1,LS_oracle,0.00585180020194329
0.1,LS_oracle,0.00427701370177843
0.1,LS_oracle,0.0105183943442346
0.1,LS_oracle,0.00335429513303498
0.1,LS_oracle,0.0120817020276786
0.1,LS_oracle,0.0186061377845606
0.1,LS_oracle,0.00913415686191533
0.1,LS_oracle,0.00732119628908493
0.1,LS_oracle,0.007237222158615
0.1,LS_oracle,0.0119760023425556
0.1,LS_oracle,0.0170205149248098
0.1,LS_oracle,0.0036079585164255
0.1,LS_oracle,0.00645018796441062
0.1,LS_oracle,0.0203400214557161
0.1,LS_oracle,0.0118626471427817
0.1,LS_oracle,0.00638000211837526
0.1,LS_oracle,0.00960465203745835
0.1,LS_oracle,0.0111980555439632
0.1,LS_oracle,0.0110051023873203
0.1,LS_oracle,0.0132396101425806
0.1,LS_oracle,0.0079722888786189
0.1,LS_oracle,0.00327275057699865
0.1,LS_oracle,0.00314347361782722
0.1,LS_oracle,0.00506880456093457
0.1,LS_oracle,0.00771142272971707
0.1,LS_oracle,0.0111893681236181
0.1,LS_oracle,0.00519233481861441
0.1,LS_oracle,0.00383097201417897
0.1,LS_oracle,0.00923109752421673
0.1,LS_oracle,0.00886442565979038
0.1,LS_oracle,0.00915479990813729
0.1,LS_oracle,0.00220020251800216
0.1,LS_oracle,0.0127926645417415
0.1,LS_oracle,0.0142642737708875
0.1,LS_oracle,0.00414466937637882
0.1,LS_oracle,0.00385949943837387
0.1,LS_oracle,0.00623446351542142
0.1,LS_oracle,0.00841309489538761
0.1,LS_oracle,0.00824123783644184
0.1,LS_oracle,0.00506728060971407
0.1,LS_oracle,0.029997964819304
0.1,LS_oracle,0.0082855208018858
0.1,LS_oracle,0.0187904635292316
0.1,LS_oracle,0.00567365211794328
0.1,LS_oracle,0.0104446729596777
0.1,LS_oracle,0.0145514696822085
0.1,LS_oracle,0.0134584070423697
0.1,LS_oracle,0.00954561950113024
0.1,LS_oracle,0.011162482504236
0.1,LS_oracle,0.0109928834031583
0.1,LS_oracle,0.00527706386722959
0.1,LS_oracle,0.00801572311547162
0.1,LS_oracle,0.00644432319872549
0.1,LS_oracle,0.00725780667702283
0.1,LS_oracle,0.0158908148596306
0.1,LS_oracle,0.00882440848292363
0.1,LS_oracle,0.0122812215025216
0.1,LS_oracle,0.0025677410692136
0.1,LS_oracle,0.00353641605212168
0.1,LS_oracle,0.025686394029683
0.1,LS_oracle,0.00918650225126767
0.1,LS_oracle,0.00393746995841284
0.1,LS_oracle,0.0136749611439098
0.1,LS_oracle,0.00609876974867514
0.1,LS_oracle,0.0190510213480509
0.1,LS_oracle,0.00653006485928762
0.1,LS_oracle,0.0142219662605584
0.1,LS_oracle,0.00599179372062431
0.1,LS_oracle,0.0101913883310608
0.1,LS_oracle,0.0056242304957454
0.1,LS_oracle,0.00460525319162167
0.1,LS_oracle,0.0159399745667228
0.1,LS_oracle,0.0018229425860146
0.1,LS_oracle,0.00458588355804392
0.1,TS_oracle,0.0017034609886065
0.1,TS_oracle,0.00434582052017175
0.1,TS_oracle,0.00636745224748548
0.1,TS_oracle,0.0122601070613905
0.1,TS_oracle,0.011291850824439
0.1,TS_oracle,0.0168366656959198
0.1,TS_oracle,0.0152435548431611
0.1,TS_oracle,0.0104014952454253
0.1,TS_oracle,0.0148699875068231
0.1,TS_oracle,0.00435887046626904
0.1,TS_oracle,0.00208323849139874
0.1,TS_oracle,0.0149235782827491
0.1,TS_oracle,0.0108701080284924
0.1,TS_oracle,0.00503842230519956
0.1,TS_oracle,0.011057500071805
0.1,TS_oracle,0.026051673812133
0.1,TS_oracle,0.0134193323132072
0.1,TS_oracle,0.0181960170981773
0.1,TS_oracle,0.00692338074004926
0.1,TS_oracle,0.00700443659390853
0.1,TS_oracle,0.00217268815064316
0.1,TS_oracle,0.0115441277037123
0.1,TS_oracle,0.0145908493798696
0.1,TS_oracle,0.0169202377899293
0.1,TS_oracle,0.00994374821736665
0.1,TS_oracle,0.00514313745708326
0.1,TS_oracle,0.0180353409561223
0.1,TS_oracle,0.00347065642868678
0.1,TS_oracle,0.0140965861414251
0.1,TS_oracle,0.0162228758890804
0.1,TS_oracle,0.0081283800970351
0.1,TS_oracle,0.0129032142725947
0.1,TS_oracle,0.00669866701246504
0.1,TS_oracle,0.0043359391045549
0.1,TS_oracle,0.0128198212772598
0.1,TS_oracle,0.00852758625396019
0.1,TS_oracle,0.0146431867052884
0.1,TS_oracle,0.0108947090371068
0.1,TS_oracle,0.0132995825701456
0.1,TS_oracle,0.0115101488451167
0.1,TS_oracle,0.0174642576361966
0.1,TS_oracle,0.0182079971401779
0.1,TS_oracle,0.0183903533539588
0.1,TS_oracle,0.00750134856349114
0.1,TS_oracle,0.00751814064395595
0.1,TS_oracle,0.00542251935277756
0.1,TS_oracle,0.00508804466746239
0.1,TS_oracle,0.00367820026871954
0.1,TS_oracle,0.0061970447498347
0.1,TS_oracle,0.00151092270772991
0.1,TS_oracle,0.00794884322065941
0.1,TS_oracle,0.00537997074276602
0.1,TS_oracle,0.00740225545733817
0.1,TS_oracle,0.00644310042577354
0.1,TS_oracle,0.00946239514027418
0.1,TS_oracle,0.0206979335243488
0.1,TS_oracle,0.00521509688687802
0.1,TS_oracle,0.0055660176481911
0.1,TS_oracle,0.00501673475768837
0.1,TS_oracle,0.00715053230287206
0.1,TS_oracle,0.0141640131139492
0.1,TS_oracle,0.00383384723087566
0.1,TS_oracle,0.002835358032116
0.1,TS_oracle,0.00552550088800032
0.1,TS_oracle,0.00520455003951762
0.1,TS_oracle,0.0120333250467143
0.1,TS_oracle,0.0154511200687335
0.1,TS_oracle,0.00520215446642111
0.1,TS_oracle,0.0036333531233059
0.1,TS_oracle,0.00692629296581388
0.1,TS_oracle,0.025630114119941
0.1,TS_oracle,0.00721880446114152
0.1,TS_oracle,0.00362667005977601
0.1,TS_oracle,0.00473128238037289
0.1,TS_oracle,0.00725973719786565
0.1,TS_oracle,0.011080645036035
0.1,TS_oracle,0.00508807567723312
0.1,TS_oracle,0.00909524455723059
0.1,TS_oracle,0.00310371691047786
0.1,TS_oracle,0.0110002380225455
0.1,TS_oracle,0.00423958417033263
0.1,TS_oracle,0.00978402270276294
0.1,TS_oracle,0.00243746262723777
0.1,TS_oracle,0.00403639808219117
0.1,TS_oracle,0.0164556526046365
0.1,TS_oracle,0.00904890970065821
0.1,TS_oracle,0.0192788395991469
0.1,TS_oracle,0.00969461895875378
0.1,TS_oracle,0.00658571790627698
0.1,TS_oracle,0.0104077676757035
0.1,TS_oracle,0.00714771042648064
0.1,TS_oracle,0.0120284785803307
0.1,TS_oracle,0.00938112939555114
0.1,TS_oracle,0.014040955702494
0.1,TS_oracle,0.0188008724818322
0.1,TS_oracle,0.0134900071724337
0.1,TS_oracle,0.0190822533053466
0.1,TS_oracle,0.00553539911926812
0.1,TS_oracle,0.00646893947932054
0.1,TS_oracle,0.0294085946644998
0.1,TS_oracle,0.00519249505596644
0.1,TS_oracle,0.00525495977605076
0.1,TS_oracle,0.00433522014730287
0.1,TS_oracle,0.00438793175108509
0.1,TS_oracle,0.00255986470513696
0.1,TS_oracle,0.00467338672195003
0.1,TS_oracle,0.0149884895829209
0.1,TS_oracle,0.0157798352947788
0.1,TS_oracle,0.00245148568846818
0.1,TS_oracle,0.00334963475792434
0.1,TS_oracle,0.00297070752265658
0.1,TS_oracle,0.00937526988626832
0.1,TS_oracle,0.0104252635750204
0.1,TS_oracle,0.0118898381518483
0.1,TS_oracle,0.00958928629758499
0.1,TS_oracle,0.0369700674680334
0.1,TS_oracle,0.010641937238013
0.1,TS_oracle,0.0128593777241519
0.1,TS_oracle,0.00654609367411972
0.1,TS_oracle,0.0068554674535845
0.1,TS_oracle,0.0145216388954749
0.1,TS_oracle,0.0123258097478852
0.1,TS_oracle,0.0166224534826957
0.1,TS_oracle,0.00199746484559561
0.1,TS_oracle,0.0116025390923599
0.1,TS_oracle,0.00884083026845009
0.1,TS_oracle,0.00621493957273232
0.1,TS_oracle,0.00494555217797957
0.1,TS_oracle,0.00895395207641196
0.1,TS_oracle,0.00313555744528084
0.1,TS_oracle,0.0108746811344141
0.1,TS_oracle,0.0135661405117242
0.1,TS_oracle,0.00941319632116227
0.1,TS_oracle,0.00802769180460397
0.1,TS_oracle,0.00785843677213976
0.1,TS_oracle,0.0112180204299917
0.1,TS_oracle,0.0163154228688898
0.1,TS_oracle,0.00318472453221299
0.1,TS_oracle,0.00652055867440886
0.1,TS_oracle,0.0206738463172919
0.1,TS_oracle,0.012101260681199
0.1,TS_oracle,0.00497265906730746
0.1,TS_oracle,0.0106489888899443
0.1,TS_oracle,0.0105549557836208
0.1,TS_oracle,0.00806857494611967
0.1,TS_oracle,0.0124798510129307
0.1,TS_oracle,0.00975116811513744
0.1,TS_oracle,0.0032634765161623
0.1,TS_oracle,0.0036989135422675
0.1,TS_oracle,0.00368058046127691
0.1,TS_oracle,0.0074291720946921
0.1,TS_oracle,0.0103082421699207
0.1,TS_oracle,0.00476588704014669
0.1,TS_oracle,0.0029001753430652
0.1,TS_oracle,0.00789873298674171
0.1,TS_oracle,0.0053811618389385
0.1,TS_oracle,0.00789600962824875
0.1,TS_oracle,0.00132526038839113
0.1,TS_oracle,0.012005523809105
0.1,TS_oracle,0.0114169721387605
0.1,TS_oracle,0.00421597381292211
0.1,TS_oracle,0.00291551791198921
0.1,TS_oracle,0.00515843222471557
0.1,TS_oracle,0.00722635555758366
0.1,TS_oracle,0.00924760464938947
0.1,TS_oracle,0.00577122086954331
0.1,TS_oracle,0.0304729014446798
0.1,TS_oracle,0.00726493535348098
0.1,TS_oracle,0.0179592493009248
0.1,TS_oracle,0.00717434934324669
0.1,TS_oracle,0.00878348727590442
0.1,TS_oracle,0.0117701971831211
0.1,TS_oracle,0.0136436115088622
0.1,TS_oracle,0.00792790449397505
0.1,TS_oracle,0.0079239638239545
0.1,TS_oracle,0.00975905231572779
0.1,TS_oracle,0.00491720632343284
0.1,TS_oracle,0.00708805831267224
0.1,TS_oracle,0.00628464944132596
0.1,TS_oracle,0.00629341506888041
0.1,TS_oracle,0.0163962131857986
0.1,TS_oracle,0.0122115614795454
0.1,TS_oracle,0.0137062080399817
0.1,TS_oracle,0.00296808627066464
0.1,TS_oracle,0.00467057572985851
0.1,TS_oracle,0.0245843043650639
0.1,TS_oracle,0.00932352420837
0.1,TS_oracle,0.00363716384530593
0.1,TS_oracle,0.0134203963330834
0.1,TS_oracle,0.00480545047599015
0.1,TS_oracle,0.0163564826449235
0.1,TS_oracle,0.00673630671538676
0.1,TS_oracle,0.0118181793520873
0.1,TS_oracle,0.00563290983746861
0.1,TS_oracle,0.00797506118927545
0.1,TS_oracle,0.00653148311544524
0.1,TS_oracle,0.00570899944380941
0.1,TS_oracle,0.0143535145987607
0.1,TS_oracle,0.0018778771112428
0.1,TS_oracle,0.00434181748231491
0.2,PLS,0.00912419781665976
0.2,PLS,0.0170146628434821
0.2,PLS,0.00587615846186323
0.2,PLS,0.00816124222149024
0.2,PLS,0.00954124419147939
0.2,PLS,0.0104680456871621
0.2,PLS,0.0255186245943682
0.2,PLS,0.00654336780653467
0.2,PLS,0.0148928620360673
0.2,PLS,0.0104761123164895
0.2,PLS,0.0189893850498184
0.2,PLS,0.00960740535082652
0.2,PLS,0.00680026738550557
0.2,PLS,0.0122832943646194
0.2,PLS,0.0108797686799824
0.2,PLS,0.0122052077514641
0.2,PLS,0.0167041459875483
0.2,PLS,0.0108976645483685
0.2,PLS,0.00494491351925445
0.2,PLS,0.00852396273919464
0.2,PLS,0.0179154016477741
0.2,PLS,0.00281369222483813
0.2,PLS,0.00462618907125947
0.2,PLS,0.0118640651253988
0.2,PLS,0.00679626291065182
0.2,PLS,0.00389880623972723
0.2,PLS,0.00781293256917986
0.2,PLS,0.00932312196886469
0.2,PLS,0.00481280149591517
0.2,PLS,0.0164802083659873
0.2,PLS,0.0151401498469539
0.2,PLS,0.00438976424097802
0.2,PLS,0.00631581569066909
0.2,PLS,0.0153617664948486
0.2,PLS,0.00353757523214334
0.2,PLS,0.00396714896901818
0.2,PLS,0.0116733481057359
0.2,PLS,0.00925083479764361
0.2,PLS,0.00531345720306557
0.2,PLS,0.00761173938182197
0.2,PLS,0.0134509569055319
0.2,PLS,0.0123954397439173
0.2,PLS,0.0233897397496406
0.2,PLS,0.00851130844066414
0.2,PLS,0.00888362808931817
0.2,PLS,0.0108095549455067
0.2,PLS,0.0146716396904451
0.2,PLS,0.00309448077000819
0.2,PLS,0.00575695008551624
0.2,PLS,0.0122516601601037
0.2,PLS,0.0121042973364394
0.2,PLS,0.0080266984169862
0.2,PLS,0.00790806310578369
0.2,PLS,0.00440422820809796
0.2,PLS,0.00515335906971825
0.2,PLS,0.0124188820744458
0.2,PLS,0.0110008886282655
0.2,PLS,0.00517014853236574
0.2,PLS,0.00655264801569559
0.2,PLS,0.027611367677844
0.2,PLS,0.0177723111502564
0.2,PLS,0.00679463093608847
0.2,PLS,0.00787138372408228
0.2,PLS,0.00612880635766871
0.2,PLS,0.00573003619144101
0.2,PLS,0.00503955388606594
0.2,PLS,0.0117159501501614
0.2,PLS,0.0130734513600171
0.2,PLS,0.00320847499819563
0.2,PLS,0.00678760269102855
0.2,PLS,0.00514153309239234
0.2,PLS,0.00484134213546227
0.2,PLS,0.00581521913353286
0.2,PLS,0.0124007917041856
0.2,PLS,0.0176467845693545
0.2,PLS,0.00581149316551185
0.2,PLS,0.00839310091215858
0.2,PLS,0.00194220528844839
0.2,PLS,0.00652238580615935
0.2,PLS,0.00503302375371171
0.2,PLS,0.00748758693838375
0.2,PLS,0.0165936124592766
0.2,PLS,0.0157942171742163
0.2,PLS,0.0135231619754514
0.2,PLS,0.00799883547535604
0.2,PLS,0.0105043113779384
0.2,PLS,0.00524966373991644
0.2,PLS,0.0148182927440194
0.2,PLS,0.00754942858248321
0.2,PLS,0.00415695883477424
0.2,PLS,0.00467586294738088
0.2,PLS,0.00425765905575198
0.2,PLS,0.0150251302461368
0.2,PLS,0.00745797157448794
0.2,PLS,0.0323980233043334
0.2,PLS,0.00440035112178848
0.2,PLS,0.011731598823165
0.2,PLS,0.0144125647371248
0.2,PLS,0.00301184961200881
0.2,PLS,0.00746001274705808
0.2,PLS,0.0219163225163357
0.2,PLS,0.00877916058093505
0.2,PLS,0.00774543550785927
0.2,PLS,0.0132754797122388
0.2,PLS,0.00498811652592141
0.2,PLS,0.0191986605945436
0.2,PLS,0.0151175222611548
0.2,PLS,0.0187429643592576
0.2,PLS,0.0128065337941197
0.2,PLS,0.00792346756655865
0.2,PLS,0.0109987739887549
0.2,PLS,0.00627696830534384
0.2,PLS,0.00694507189343913
0.2,PLS,0.0152276325476891
0.2,PLS,0.00625876184010365
0.2,PLS,0.0168741416054387
0.2,PLS,0.0099357016786932
0.2,PLS,0.015574048737971
0.2,PLS,0.00589170855903727
0.2,PLS,0.00235884016019443
0.2,PLS,0.00779957507657676
0.2,PLS,0.0157705869102088
0.2,PLS,0.0235853730203624
0.2,PLS,0.011549189552432
0.2,PLS,0.00661469618479018
0.2,PLS,0.00782992206751917
0.2,PLS,0.00823370949340792
0.2,PLS,0.00785335794519016
0.2,PLS,0.00644528910870998
0.2,PLS,0.0131939092056975
0.2,PLS,0.00667860884036253
0.2,PLS,0.00947550554482377
0.2,PLS,0.0285791294230841
0.2,PLS,0.00699376844782363
0.2,PLS,0.00347075451113485
0.2,PLS,0.019298733527905
0.2,PLS,0.0101849505616795
0.2,PLS,0.00471022022400697
0.2,PLS,0.00445189025489558
0.2,PLS,0.0158604443163188
0.2,PLS,0.0122780865565339
0.2,PLS,0.00757782302289697
0.2,PLS,0.00456325579961411
0.2,PLS,0.00931306555264679
0.2,PLS,0.0036259835197547
0.2,PLS,0.0079032030868165
0.2,PLS,0.0105307302414981
0.2,PLS,0.0060420243679864
0.2,PLS,0.0105948911236803
0.2,PLS,0.00514091851317554
0.2,PLS,0.00592449685607586
0.2,PLS,0.00816408989290759
0.2,PLS,0.00692072971252942
0.2,PLS,0.0145946766472945
0.2,PLS,0.00962917413028204
0.2,PLS,0.00348723002747804
0.2,PLS,0.00697881307773245
0.2,PLS,0.00587379226756788
0.2,PLS,0.0100343065018154
0.2,PLS,0.0124150984108475
0.2,PLS,0.00339523588926364
0.2,PLS,0.0129916660425995
0.2,PLS,0.00682442964832705
0.2,PLS,0.0100206367845739
0.2,PLS,0.00184824423576576
0.2,PLS,0.00713849912133332
0.2,PLS,0.00416447525922661
0.2,PLS,0.00421488927699623
0.2,PLS,0.0141043034999804
0.2,PLS,0.00460280879240166
0.2,PLS,0.0117499576737916
0.2,PLS,0.0156875342811553
0.2,PLS,0.0210950971909784
0.2,PLS,0.00603670464681798
0.2,PLS,0.0066125549436398
0.2,PLS,0.0104111575852496
0.2,PLS,0.0177385478283806
0.2,PLS,0.00140750666792742
0.2,PLS,0.0126398666452722
0.2,PLS,0.013011779444377
0.2,PLS,0.00651804494184105
0.2,PLS,0.00600584952598029
0.2,PLS,0.0198354337610366
0.2,PLS,0.00574354656345081
0.2,PLS,0.0116927424708799
0.2,PLS,0.00215903471639078
0.2,PLS,0.00405738132045043
0.2,PLS,0.00468644913814426
0.2,PLS,0.010686896349845
0.2,PLS,0.00871472063965941
0.2,PLS,0.00981906909121501
0.2,PLS,0.00694660949099112
0.2,PLS,0.0155434899342225
0.2,PLS,0.00649515062812647
0.2,PLS,0.00600257829065526
0.2,PLS,0.00541230095296393
0.2,PLS,0.0136662588692554
0.2,PLS,0.0115984421205631
0.2,PLS,0.00425413717626862
0.2,PLS,0.00737001394002826
0.2,fTS,0.00989515397242584
0.2,fTS,0.0128516011917429
0.2,fTS,0.00392086420212926
0.2,fTS,0.0115843627938775
0.2,fTS,0.00854694849000037
0.2,fTS,0.00726435873925676
0.2,fTS,0.0254118956187744
0.2,fTS,0.00870514097195071
0.2,fTS,0.0125253862672333
0.2,fTS,0.00910230427069788
0.2,fTS,0.018583480287022
0.2,fTS,0.00738734962892929
0.2,fTS,0.00649727435508263
0.2,fTS,0.012286659381323
0.2,fTS,0.00718438638983995
0.2,fTS,0.00648606825469708
0.2,fTS,0.012584255563528
0.2,fTS,0.0102585514094256
0.2,fTS,0.0037939771632966
0.2,fTS,0.00652247700630079
0.2,fTS,0.0136073933361137
0.2,fTS,0.00448954644367505
0.2,fTS,0.00536496230449893
0.2,fTS,0.0125825471846132
0.2,fTS,0.00859334455463181
0.2,fTS,0.00332559651134179
0.2,fTS,0.00665226037754715
0.2,fTS,0.00737505961773796
0.2,fTS,0.0072860713351639
0.2,fTS,0.0157357941662681
0.2,fTS,0.0136192198011812
0.2,fTS,0.00575059598247824
0.2,fTS,0.00701412079986587
0.2,fTS,0.0125259934521905
0.2,fTS,0.00303103496815445
0.2,fTS,0.00328735275443122
0.2,fTS,0.00598163699223811
0.2,fTS,0.00715743951966941
0.2,fTS,0.00464414157308823
0.2,fTS,0.0105266172283151
0.2,fTS,0.0153165246334452
0.2,fTS,0.01295432617627
0.2,fTS,0.0211325175674281
0.2,fTS,0.00673078319171863
0.2,fTS,0.0104222039759945
0.2,fTS,0.00708444869757108
0.2,fTS,0.0155331136935347
0.2,fTS,0.00421148083497037
0.2,fTS,0.00477363117520063
0.2,fTS,0.00950662392189064
0.2,fTS,0.0104858101341638
0.2,fTS,0.0119583547071038
0.2,fTS,0.0094447147991432
0.2,fTS,0.00471879282835049
0.2,fTS,0.00534411775147422
0.2,fTS,0.009697566700192
0.2,fTS,0.0109866201048476
0.2,fTS,0.00871644062823045
0.2,fTS,0.00579813460020802
0.2,fTS,0.0168918357826825
0.2,fTS,0.0130459722012094
0.2,fTS,0.00431829401270858
0.2,fTS,0.00717672958212545
0.2,fTS,0.00569976273350943
0.2,fTS,0.00634457319264697
0.2,fTS,0.00534027037263881
0.2,fTS,0.00959203675417322
0.2,fTS,0.0128343146083375
0.2,fTS,0.00467648122974637
0.2,fTS,0.0025694665037671
0.2,fTS,0.00337551529362384
0.2,fTS,0.00175811611465916
0.2,fTS,0.00369413416285951
0.2,fTS,0.0149565001397772
0.2,fTS,0.0146788436677116
0.2,fTS,0.0129772632497917
0.2,fTS,0.013759968715614
0.2,fTS,0.00142297934383121
0.2,fTS,0.00766647765971075
0.2,fTS,0.00493288920503154
0.2,fTS,0.00539743744608892
0.2,fTS,0.0122197943945908
0.2,fTS,0.00878191607466423
0.2,fTS,0.00949232407734973
0.2,fTS,0.00705558914770107
0.2,fTS,0.0075960849229346
0.2,fTS,0.00340696262745273
0.2,fTS,0.0146082523249734
0.2,fTS,0.00780165083572071
0.2,fTS,0.00504446081252243
0.2,fTS,0.00875067425458191
0.2,fTS,0.00418271033362
0.2,fTS,0.0141550824771334
0.2,fTS,0.00517293427796509
0.2,fTS,0.0220223627808043
0.2,fTS,0.00608997598577695
0.2,fTS,0.0109725926463685
0.2,fTS,0.0071479495761679
0.2,fTS,0.00339057958926098
0.2,fTS,0.00923927421120288
0.2,fTS,0.0170909833045252
0.2,fTS,0.0074031448602352
0.2,fTS,0.00819738384316583
0.2,fTS,0.0145594963053397
0.2,fTS,0.00558012008691076
0.2,fTS,0.0216099276259994
0.2,fTS,0.0107695874777094
0.2,fTS,0.011082129205803
0.2,fTS,0.010318641290433
0.2,fTS,0.00261814578489059
0.2,fTS,0.00954255220210298
0.2,fTS,0.00426887301479413
0.2,fTS,0.0064678610297309
0.2,fTS,0.0142480639001598
0.2,fTS,0.00664235581999281
0.2,fTS,0.0153688072845512
0.2,fTS,0.0100279462851299
0.2,fTS,0.0175403567320033
0.2,fTS,0.00631889244956333
0.2,fTS,0.00103809804649106
0.2,fTS,0.00482915526967304
0.2,fTS,0.0171734342386594
0.2,fTS,0.0205172111298761
0.2,fTS,0.00658389462626812
0.2,fTS,0.00728166386429531
0.2,fTS,0.00671929931109294
0.2,fTS,0.00616855987292327
0.2,fTS,0.00624630409738171
0.2,fTS,0.00684287108884383
0.2,fTS,0.0123722444961194
0.2,fTS,0.00480586184554615
0.2,fTS,0.00812305808847737
0.2,fTS,0.0252568187691851
0.2,fTS,0.00739983455970373
0.2,fTS,0.00265324129529262
0.2,fTS,0.011073557607832
0.2,fTS,0.00944410532304757
0.2,fTS,0.00620218260177506
0.2,fTS,0.00716726893335391
0.2,fTS,0.016706975824647
0.2,fTS,0.00725182929283352
0.2,fTS,0.0105763969276307
0.2,fTS,0.00500703545038334
0.2,fTS,0.00376307998766875
0.2,fTS,0.00456035298365871
0.2,fTS,0.00549915832929602
0.2,fTS,0.00836248108087014
0.2,fTS,0.00839332796951698
0.2,fTS,0.00874999038116287
0.2,fTS,0.00172258067865735
0.2,fTS,0.00713235098787835
0.2,fTS,0.00676125775688421
0.2,fTS,0.00565592521918521
0.2,fTS,0.012027622885101
0.2,fTS,0.0108677820005281
0.2,fTS,0.00699301859222539
0.2,fTS,0.00562489231791509
0.2,fTS,0.00693702549573465
0.2,fTS,0.00776952758577258
0.2,fTS,0.0128691585470086
0.2,fTS,0.00392262217205972
0.2,fTS,0.0100807967525236
0.2,fTS,0.00865718471605412
0.2,fTS,0.00961789049216466
0.2,fTS,0.00263004122986421
0.2,fTS,0.00607333173886126
0.2,fTS,0.00495721134341369
0.2,fTS,0.00389041405109313
0.2,fTS,0.0124492875929933
0.2,fTS,0.00631750479190864
0.2,fTS,0.0069005046750472
0.2,fTS,0.0133214748688453
0.2,fTS,0.0190197141594773
0.2,fTS,0.00477936223147137
0.2,fTS,0.00736176440323027
0.2,fTS,0.00816544230906653
0.2,fTS,0.0192782442224659
0.2,fTS,0.00110838995865541
0.2,fTS,0.0154772884259743
0.2,fTS,0.0112023556758451
0.2,fTS,0.00689807192985443
0.2,fTS,0.00864001484175891
0.2,fTS,0.0120985774668329
0.2,fTS,0.00438332559253524
0.2,fTS,0.00677715364936354
0.2,fTS,0.00172059082391517
0.2,fTS,0.00419682805712185
0.2,fTS,0.00915058838781301
0.2,fTS,0.00885016628362307
0.2,fTS,0.00869049710600544
0.2,fTS,0.00989546943143276
0.2,fTS,0.00796352123659705
0.2,fTS,0.0190514412689597
0.2,fTS,0.00534572771946097
0.2,fTS,0.00694180347550913
0.2,fTS,0.00770615204535296
0.2,fTS,0.00855152228610994
0.2,fTS,0.0126970498454915
0.2,fTS,0.00315271857682084
0.2,fTS,0.0102064297195385
0.2,LS_oracle,0.00920813080929554
0.2,LS_oracle,0.0169436411211468
0.2,LS_oracle,0.00645719193308045
0.2,LS_oracle,0.0087595324672153
0.2,LS_oracle,0.00805215957738995
0.2,LS_oracle,0.010714738418869
0.2,LS_oracle,0.0241719180113771
0.2,LS_oracle,0.00710216369056795
0.2,LS_oracle,0.0137669366537212
0.2,LS_oracle,0.0140861706589656
0.2,LS_oracle,0.0155943086794288
0.2,LS_oracle,0.00933220699653384
0.2,LS_oracle,0.00633865884598938
0.2,LS_oracle,0.0101617133416138
0.2,LS_oracle,0.00939599628214866
0.2,LS_oracle,0.0109022656141205
0.2,LS_oracle,0.0119906564811902
0.2,LS_oracle,0.00904231581821319
0.2,LS_oracle,0.00348210554063902
0.2,LS_oracle,0.00769544335008233
0.2,LS_oracle,0.0172370731652611
0.2,LS_oracle,0.00241256940258472
0.2,LS_oracle,0.0055802506202695
0.2,LS_oracle,0.00901815666355765
0.2,LS_oracle,0.00499401229394091
0.2,LS_oracle,0.00328588114823272
0.2,LS_oracle,0.00778800869084596
0.2,LS_oracle,0.0089657508885498
0.2,LS_oracle,0.00436170718683096
0.2,LS_oracle,0.0163663984255033
0.2,LS_oracle,0.0137971490259922
0.2,LS_oracle,0.00403395537561853
0.2,LS_oracle,0.00609111539192888
0.2,LS_oracle,0.015312766644386
0.2,LS_oracle,0.00355671047063114
0.2,LS_oracle,0.00408344238605553
0.2,LS_oracle,0.00821960536374859
0.2,LS_oracle,0.00530861980830538
0.2,LS_oracle,0.00484177629839653
0.2,LS_oracle,0.00727300041552999
0.2,LS_oracle,0.00637235554996753
0.2,LS_oracle,0.0134308271412097
0.2,LS_oracle,0.0213800283476947
0.2,LS_oracle,0.00920812206625368
0.2,LS_oracle,0.00851314559247263
0.2,LS_oracle,0.0108012599044947
0.2,LS_oracle,0.0141029596531703
0.2,LS_oracle,0.00305632081321278
0.2,LS_oracle,0.00650212383977159
0.2,LS_oracle,0.0120428373769837
0.2,LS_oracle,0.011464509435635
0.2,LS_oracle,0.00881349272317811
0.2,LS_oracle,0.00813094196461041
0.2,LS_oracle,0.00436217478234085
0.2,LS_oracle,0.0051435537699231
0.2,LS_oracle,0.0120739826373785
0.2,LS_oracle,0.0101700868889605
0.2,LS_oracle,0.00414162955584546
0.2,LS_oracle,0.0060960807436476
0.2,LS_oracle,0.0299972508233217
0.2,LS_oracle,0.0183480982914053
0.2,LS_oracle,0.00692773801359666
0.2,LS_oracle,0.007863210331658
0.2,LS_oracle,0.00543109454475856
0.2,LS_oracle,0.00531640436358885
0.2,LS_oracle,0.00476697385780654
0.2,LS_oracle,0.0131676175711804
0.2,LS_oracle,0.0111786405997107
0.2,LS_oracle,0.003390270852202
0.2,LS_oracle,0.00168759921683365
0.2,LS_oracle,0.00508660827808525
0.2,LS_oracle,0.002167823509076
0.2,LS_oracle,0.00565670662319189
0.2,LS_oracle,0.0123391625964047
0.2,LS_oracle,0.0134506832967689
0.2,LS_oracle,0.00420752345701291
0.2,LS_oracle,0.00876541016464837
0.2,LS_oracle,0.00218092586468667
0.2,LS_oracle,0.00654279597991366
0.2,LS_oracle,0.00436351201534608
0.2,LS_oracle,0.00761350273088405
0.2,LS_oracle,0.0138495878233444
0.2,LS_oracle,0.0154146795079845
0.2,LS_oracle,0.011614262852384
0.2,LS_oracle,0.00904072267810521
0.2,LS_oracle,0.010945919647511
0.2,LS_oracle,0.00466117574154976
0.2,LS_oracle,0.0125053097248471
0.2,LS_oracle,0.0089093774163097
0.2,LS_oracle,0.00380875034966895
0.2,LS_oracle,0.00361916235565092
0.2,LS_oracle,0.00378980033213641
0.2,LS_oracle,0.0164048717772318
0.2,LS_oracle,0.00617331557126909
0.2,LS_oracle,0.0264731579632017
0.2,LS_oracle,0.00443000084436696
0.2,LS_oracle,0.0115898710620908
0.2,LS_oracle,0.00661499470964841
0.2,LS_oracle,0.0029781077922344
0.2,LS_oracle,0.00731140761103779
0.2,LS_oracle,0.0225019921713999
0.2,LS_oracle,0.00890588899627444
0.2,LS_oracle,0.00726871481079921
0.2,LS_oracle,0.0130549301911223
0.2,LS_oracle,0.00692433524819206
0.2,LS_oracle,0.0221864411621432
0.2,LS_oracle,0.0146616433890055
0.2,LS_oracle,0.0177891810848849
0.2,LS_oracle,0.0134939764953129
0.2,LS_oracle,0.00374894224310515
0.2,LS_oracle,0.0117164906459369
0.2,LS_oracle,0.00480243866562729
0.2,LS_oracle,0.00709192157186088
0.2,LS_oracle,0.0152077377532493
0.2,LS_oracle,0.00623745744653055
0.2,LS_oracle,0.00874694916908916
0.2,LS_oracle,0.00976547673860819
0.2,LS_oracle,0.0130367174157139
0.2,LS_oracle,0.00680509065470627
0.2,LS_oracle,0.00230302571981871
0.2,LS_oracle,0.00436861377003774
0.2,LS_oracle,0.0141737850360256
0.2,LS_oracle,0.0232124236367564
0.2,LS_oracle,0.0116917825801767
0.2,LS_oracle,0.00545324301441832
0.2,LS_oracle,0.00880609088882118
0.2,LS_oracle,0.0077619336551998
0.2,LS_oracle,0.00762617103165028
0.2,LS_oracle,0.00595032757094011
0.2,LS_oracle,0.0128302642371654
0.2,LS_oracle,0.00371195725287647
0.2,LS_oracle,0.00946552561537349
0.2,LS_oracle,0.0297354836450675
0.2,LS_oracle,0.00638898562562217
0.2,LS_oracle,0.00228004289684654
0.2,LS_oracle,0.0183782859889869
0.2,LS_oracle,0.00891113698691218
0.2,LS_oracle,0.0045309184286362
0.2,LS_oracle,0.00414478823732293
0.2,LS_oracle,0.01584864851521
0.2,LS_oracle,0.0112413312594615
0.2,LS_oracle,0.00671329607367759
0.2,LS_oracle,0.00357541792058621
0.2,LS_oracle,0.00732954342053798
0.2,LS_oracle,0.0036819024880492
0.2,LS_oracle,0.00800528250265308
0.2,LS_oracle,0.0104891653687971
0.2,LS_oracle,0.00625656029649988
0.2,LS_oracle,0.0105441559957541
0.2,LS_oracle,0.0045763305788417
0.2,LS_oracle,0.00606962254174123
0.2,LS_oracle,0.00792816365459092
0.2,LS_oracle,0.00610589112527125
0.2,LS_oracle,0.0148608029654349
0.2,LS_oracle,0.0089465088982868
0.2,LS_oracle,0.00310794676872611
0.2,LS_oracle,0.00649842197750299
0.2,LS_oracle,0.00571690490785875
0.2,LS_oracle,0.00774614367650931
0.2,LS_oracle,0.012243050963352
0.2,LS_oracle,0.0033067763855743
0.2,LS_oracle,0.0132744499732096
0.2,LS_oracle,0.00752933072164273
0.2,LS_oracle,0.00981479149752967
0.2,LS_oracle,0.00248609591289281
0.2,LS_oracle,0.00771672128430038
0.2,LS_oracle,0.00407537156254913
0.2,LS_oracle,0.00402120009749638
0.2,LS_oracle,0.0136093403253384
0.2,LS_oracle,0.00450611421466968
0.2,LS_oracle,0.0122364102035747
0.2,LS_oracle,0.0179342075971408
0.2,LS_oracle,0.0185469801686568
0.2,LS_oracle,0.00595223314560667
0.2,LS_oracle,0.00841723920886602
0.2,LS_oracle,0.0104485834909338
0.2,LS_oracle,0.0171037388693953
0.2,LS_oracle,0.00108572600204039
0.2,LS_oracle,0.0113466196664632
0.2,LS_oracle,0.0123822721752521
0.2,LS_oracle,0.0059739338460251
0.2,LS_oracle,0.00608753669578058
0.2,LS_oracle,0.0176909228702157
0.2,LS_oracle,0.00565796555567829
0.2,LS_oracle,0.0115159312862046
0.2,LS_oracle,0.00186692364718873
0.2,LS_oracle,0.00390832076150545
0.2,LS_oracle,0.00468448729567571
0.2,LS_oracle,0.00899169428142867
0.2,LS_oracle,0.00836991056962386
0.2,LS_oracle,0.00879414450939097
0.2,LS_oracle,0.00665519786716367
0.2,LS_oracle,0.0154462585182754
0.2,LS_oracle,0.00618119271859387
0.2,LS_oracle,0.00630933551714311
0.2,LS_oracle,0.00550639666338043
0.2,LS_oracle,0.016397972208029
0.2,LS_oracle,0.0111128841849088
0.2,LS_oracle,0.00374530580716739
0.2,LS_oracle,0.00669624537569057
0.2,TS_oracle,0.00995708406777281
0.2,TS_oracle,0.0128122476060425
0.2,TS_oracle,0.0041808642468943
0.2,TS_oracle,0.0119124142037839
0.2,TS_oracle,0.008743649108704
0.2,TS_oracle,0.00696430015335054
0.2,TS_oracle,0.0240898414121371
0.2,TS_oracle,0.00926984329187373
0.2,TS_oracle,0.0119489258757684
0.2,TS_oracle,0.00972799708712813
0.2,TS_oracle,0.018680989251666
0.2,TS_oracle,0.00738720127422983
0.2,TS_oracle,0.0054506951262902
0.2,TS_oracle,0.0117363625682444
0.2,TS_oracle,0.00657877678408129
0.2,TS_oracle,0.00658930876948464
0.2,TS_oracle,0.0104988374921666
0.2,TS_oracle,0.00722109339450184
0.2,TS_oracle,0.00328076998073237
0.2,TS_oracle,0.00513658054586017
0.2,TS_oracle,0.0131486356766222
0.2,TS_oracle,0.00385125094422793
0.2,TS_oracle,0.00574861772334885
0.2,TS_oracle,0.0128354536612411
0.2,TS_oracle,0.00851078405963695
0.2,TS_oracle,0.00246493694343863
0.2,TS_oracle,0.00665215769696533
0.2,TS_oracle,0.00737261490386357
0.2,TS_oracle,0.00696746590821707
0.2,TS_oracle,0.0152184570646552
0.2,TS_oracle,0.0119959961938911
0.2,TS_oracle,0.00478892871549649
0.2,TS_oracle,0.00662669635203188
0.2,TS_oracle,0.0125098237430141
0.2,TS_oracle,0.00306775263101241
0.2,TS_oracle,0.00323847534621404
0.2,TS_oracle,0.00352136147868787
0.2,TS_oracle,0.00791995385462833
0.2,TS_oracle,0.00442832881695026
0.2,TS_oracle,0.0101129110195411
0.2,TS_oracle,0.00556473060939351
0.2,TS_oracle,0.0136144814853948
0.2,TS_oracle,0.0179107078971554
0.2,TS_oracle,0.00653424322731764
0.2,TS_oracle,0.00890035292069831
0.2,TS_oracle,0.00649099295764234
0.2,TS_oracle,0.0151652742109016
0.2,TS_oracle,0.00416828115424707
0.2,TS_oracle,0.00437808375606071
0.2,TS_oracle,0.00957332368433149
0.2,TS_oracle,0.0104210719172459
0.2,TS_oracle,0.0122940945816259
0.2,TS_oracle,0.00963030740699435
0.2,TS_oracle,0.00455602836059613
0.2,TS_oracle,0.00539355258902181
0.2,TS_oracle,0.0095477571753682
0.2,TS_oracle,0.0104151808042499
0.2,TS_oracle,0.00579074670063489
0.2,TS_oracle,0.00551115738372767
0.2,TS_oracle,0.0174525794053404
0.2,TS_oracle,0.0131842686727922
0.2,TS_oracle,0.00427285205710263
0.2,TS_oracle,0.00640636543187428
0.2,TS_oracle,0.00588832908199468
0.2,TS_oracle,0.00607399256944039
0.2,TS_oracle,0.00518830975252018
0.2,TS_oracle,0.0103190225077228
0.2,TS_oracle,0.0123753793542793
0.2,TS_oracle,0.00487059149936305
0.2,TS_oracle,0.00122742988653683
0.2,TS_oracle,0.0033866974640854
0.2,TS_oracle,0.000932931763495176
0.2,TS_oracle,0.0031429037325446
0.2,TS_oracle,0.0149062278716061
0.2,TS_oracle,0.0115142484289281
0.2,TS_oracle,0.011907016987394
0.2,TS_oracle,0.0129348994839161
0.2,TS_oracle,0.00152491724817061
0.2,TS_oracle,0.00767208534953988
0.2,TS_oracle,0.00423899599068474
0.2,TS_oracle,0.00546023810284054
0.2,TS_oracle,0.0112526283380189
0.2,TS_oracle,0.00878923500918185
0.2,TS_oracle,0.00708540477725702
0.2,TS_oracle,0.00642699057808901
0.2,TS_oracle,0.00787776959230851
0.2,TS_oracle,0.00330712971559824
0.2,TS_oracle,0.0136352757535644
0.2,TS_oracle,0.00745212633280935
0.2,TS_oracle,0.00503834871497599
0.2,TS_oracle,0.00688227878288695
0.2,TS_oracle,0.00409679196753212
0.2,TS_oracle,0.0150669547154415
0.2,TS_oracle,0.00502447677614076
0.2,TS_oracle,0.0174422426131135
0.2,TS_oracle,0.00600957934458135
0.2,TS_oracle,0.0108989166670873
0.2,TS_oracle,0.00487497796446733
0.2,TS_oracle,0.00330558632647823
0.2,TS_oracle,0.00934534347733585
0.2,TS_oracle,0.0174592971418123
0.2,TS_oracle,0.00734389182605123
0.2,TS_oracle,0.00789568930379309
0.2,TS_oracle,0.0143926374737227
0.2,TS_oracle,0.00662214971822154
0.2,TS_oracle,0.0234118638280112
0.2,TS_oracle,0.00951033193117424
0.2,TS_oracle,0.0110526813219311
0.2,TS_oracle,0.0106525896156684
0.2,TS_oracle,0.00191914327410629
0.2,TS_oracle,0.009797803572021
0.2,TS_oracle,0.0041857765656629
0.2,TS_oracle,0.00642184173193289
0.2,TS_oracle,0.0142047260778528
0.2,TS_oracle,0.00545645804554048
0.2,TS_oracle,0.0146844349745592
0.2,TS_oracle,0.00993629804643921
0.2,TS_oracle,0.00992153856591034
0.2,TS_oracle,0.00678857183314075
0.2,TS_oracle,0.00122816598204236
0.2,TS_oracle,0.00415956446236542
0.2,TS_oracle,0.0160980787405777
0.2,TS_oracle,0.020315242272554
0.2,TS_oracle,0.0066288708617626
0.2,TS_oracle,0.00595078126946682
0.2,TS_oracle,0.00721915624251718
0.2,TS_oracle,0.00619198677559798
0.2,TS_oracle,0.0063842426292633
0.2,TS_oracle,0.00569005947761888
0.2,TS_oracle,0.0122250422407194
0.2,TS_oracle,0.00398745778732412
0.2,TS_oracle,0.00753923508910747
0.2,TS_oracle,0.0257769925586569
0.2,TS_oracle,0.00708994000778405
0.2,TS_oracle,0.00232590865311714
0.2,TS_oracle,0.00912719598092299
0.2,TS_oracle,0.00939677446600457
0.2,TS_oracle,0.00621277943776572
0.2,TS_oracle,0.0055462757380003
0.2,TS_oracle,0.016074752405949
0.2,TS_oracle,0.0071355540276278
0.2,TS_oracle,0.00946247901953627
0.2,TS_oracle,0.00430237754474724
0.2,TS_oracle,0.00311164276007694
0.2,TS_oracle,0.00463975916529419
0.2,TS_oracle,0.00549876890070627
0.2,TS_oracle,0.0083288961256432
0.2,TS_oracle,0.00855076476170525
0.2,TS_oracle,0.008433038316642
0.2,TS_oracle,0.00170272667807405
0.2,TS_oracle,0.0068691331869817
0.2,TS_oracle,0.00677941587324619
0.2,TS_oracle,0.00574626512652448
0.2,TS_oracle,0.0119229369629865
0.2,TS_oracle,0.0105523347194032
0.2,TS_oracle,0.00629326866744583
0.2,TS_oracle,0.00556329208520322
0.2,TS_oracle,0.00592930523888192
0.2,TS_oracle,0.00675092714779038
0.2,TS_oracle,0.012737801215829
0.2,TS_oracle,0.00375575260984976
0.2,TS_oracle,0.00994080825333116
0.2,TS_oracle,0.00897008054789494
0.2,TS_oracle,0.00940128795506545
0.2,TS_oracle,0.00236893670648473
0.2,TS_oracle,0.00639026319452539
0.2,TS_oracle,0.00441465172452806
0.2,TS_oracle,0.00360756721281783
0.2,TS_oracle,0.0122502093037541
0.2,TS_oracle,0.00646840831909162
0.2,TS_oracle,0.00699488836453451
0.2,TS_oracle,0.0143804866735652
0.2,TS_oracle,0.0181066412259891
0.2,TS_oracle,0.00501444873345442
0.2,TS_oracle,0.008072478450599
0.2,TS_oracle,0.00811588044108191
0.2,TS_oracle,0.0179317099059706
0.2,TS_oracle,0.000700423473322766
0.2,TS_oracle,0.0102787863393277
0.2,TS_oracle,0.0106097697706508
0.2,TS_oracle,0.00668252044425088
0.2,TS_oracle,0.00871127686674661
0.2,TS_oracle,0.0116088743121914
0.2,TS_oracle,0.00435790783237849
0.2,TS_oracle,0.00583410612829986
0.2,TS_oracle,0.00164482568342053
0.2,TS_oracle,0.00411783332476008
0.2,TS_oracle,0.00914325950818752
0.2,TS_oracle,0.00817235336693702
0.2,TS_oracle,0.00828426868120272
0.2,TS_oracle,0.00755375079715266
0.2,TS_oracle,0.00720812521269053
0.2,TS_oracle,0.0189896754086586
0.2,TS_oracle,0.0048177991334025
0.2,TS_oracle,0.00672480731455213
0.2,TS_oracle,0.00778687129994224
0.2,TS_oracle,0.00946208906486168
0.2,TS_oracle,0.0126171720161948
0.2,TS_oracle,0.00337084818998159
0.2,TS_oracle,0.00988206206128159
0.3,PLS,0.0126697120292791
0.3,PLS,0.0171534524102104
0.3,PLS,0.00981252613034285
0.3,PLS,0.0108176635380468
0.3,PLS,0.00544489429001845
0.3,PLS,0.00804629490225673
0.3,PLS,0.00760495847582464
0.3,PLS,0.00605977021843594
0.3,PLS,0.0105612745790147
0.3,PLS,0.00282453002051418
0.3,PLS,0.00731747130460761
0.3,PLS,0.00664301817976159
0.3,PLS,0.0132661827351761
0.3,PLS,0.0112199564361103
0.3,PLS,0.0162258719276934
0.3,PLS,0.0208846393631805
0.3,PLS,0.0148110298316177
0.3,PLS,0.0225383947409308
0.3,PLS,0.0125482273324859
0.3,PLS,0.0131144898250667
0.3,PLS,0.0173760538607652
0.3,PLS,0.00374034772556926
0.3,PLS,0.00393438426545963
0.3,PLS,0.00437173029628567
0.3,PLS,0.0192508562787371
0.3,PLS,0.00420731238086858
0.3,PLS,0.0135871254243219
0.3,PLS,0.0111075942703297
0.3,PLS,0.00931570364857109
0.3,PLS,0.0152095371971371
0.3,PLS,0.00487810311714698
0.3,PLS,0.00626019863256527
0.3,PLS,0.0190519176356372
0.3,PLS,0.00908576958657395
0.3,PLS,0.00483164554186531
0.3,PLS,0.010248051289135
0.3,PLS,0.0059048413590778
0.3,PLS,0.00506576161996121
0.3,PLS,0.0183391683239487
0.3,PLS,0.0198330002357126
0.3,PLS,0.00666448592277233
0.3,PLS,0.0192026152344113
0.3,PLS,0.00784405779569019
0.3,PLS,0.0145871424682101
0.3,PLS,0.00398198592739058
0.3,PLS,0.00369744665832798
0.3,PLS,0.0144427483251033
0.3,PLS,0.0058483756759743
0.3,PLS,0.0106401401105023
0.3,PLS,0.00682683642237453
0.3,PLS,0.00916614755356782
0.3,PLS,0.0121988347403223
0.3,PLS,0.0130198322955413
0.3,PLS,0.0153929970961013
0.3,PLS,0.0153965241116518
0.3,PLS,0.0137893829666746
0.3,PLS,0.00365357266040348
0.3,PLS,0.0232408801345028
0.3,PLS,0.0083188981717806
0.3,PLS,0.00569824244768968
0.3,PLS,0.00602848568663176
0.3,PLS,0.0119626512742516
0.3,PLS,0.0138942979284412
0.3,PLS,0.0118669178595833
0.3,PLS,0.024114501407479
0.3,PLS,0.027259984153849
0.3,PLS,0.00930373165480756
0.3,PLS,0.00411215832595326
0.3,PLS,0.0050997263710926
0.3,PLS,0.00825102662229891
0.3,PLS,0.0200389070957507
0.3,PLS,0.00860057810393627
0.3,PLS,0.0112933723714071
0.3,PLS,0.0109983618593364
0.3,PLS,0.00959526746919657
0.3,PLS,0.00652716633160191
0.3,PLS,0.0285576872650262
0.3,PLS,0.0108040006558521
0.3,PLS,0.0133927914571217
0.3,PLS,0.0158077688857016
0.3,PLS,0.0139373784930944
0.3,PLS,0.00711156381485606
0.3,PLS,0.0109776663784937
0.3,PLS,0.0129593687516647
0.3,PLS,0.0282244563768585
0.3,PLS,0.0185205375230956
0.3,PLS,0.0105314762170292
0.3,PLS,0.0204616888149608
0.3,PLS,0.00763760797047117
0.3,PLS,0.0130006379848973
0.3,PLS,0.00489078258716919
0.3,PLS,0.00489829327963812
0.3,PLS,0.00571846831893064
0.3,PLS,0.00707053351424062
0.3,PLS,0.00765517732089146
0.3,PLS,0.0111382929083027
0.3,PLS,0.0135376089965627
0.3,PLS,0.00505885449846199
0.3,PLS,0.0132717605737777
0.3,PLS,0.00176623469570987
0.3,PLS,0.0141626084073884
0.3,PLS,0.00536918944273933
0.3,PLS,0.00426036941314652
0.3,PLS,0.0252877997361057
0.3,PLS,0.00556398149754026
0.3,PLS,0.0116298609559366
0.3,PLS,0.0100571227016923
0.3,PLS,0.0061441871256461
0.3,PLS,0.00928742943832959
0.3,PLS,0.00789159226755427
0.3,PLS,0.00721822789017536
0.3,PLS,0.0099993862248861
0.3,PLS,0.0145612851174814
0.3,PLS,0.00935059300391379
0.3,PLS,0.0129008062729727
0.3,PLS,0.0225012773705466
0.3,PLS,0.0104450794577954
0.3,PLS,0.00344835231819042
0.3,PLS,0.00705758264098917
0.3,PLS,0.00244003389760622
0.3,PLS,0.00685580118008229
0.3,PLS,0.0162602624414555
0.3,PLS,0.0058778138499123
0.3,PLS,0.00840087624713394
0.3,PLS,0.00643444504999498
0.3,PLS,0.00566526421527662
0.3,PLS,0.00977649422704473
0.3,PLS,0.00488738799502777
0.3,PLS,0.0114737356784001
0.3,PLS,0.0119033748989107
0.3,PLS,0.0120017777587775
0.3,PLS,0.0117980129637286
0.3,PLS,0.0134617460408103
0.3,PLS,0.00648837672024687
0.3,PLS,0.00603717206189477
0.3,PLS,0.0118747285956977
0.3,PLS,0.00410804334315276
0.3,PLS,0.00565819920222416
0.3,PLS,0.0154841912914505
0.3,PLS,0.00376886645218404
0.3,PLS,0.00438828997326577
0.3,PLS,0.0131428860000824
0.3,PLS,0.00634622799031039
0.3,PLS,0.00948354501747417
0.3,PLS,0.00964986411307556
0.3,PLS,0.00817978821214637
0.3,PLS,0.00707082609264177
0.3,PLS,0.0177103518035155
0.3,PLS,0.0109335007508615
0.3,PLS,0.00535518531269831
0.3,PLS,0.00337855210003924
0.3,PLS,0.0057358431607896
0.3,PLS,0.0188851892938909
0.3,PLS,0.00635754358115114
0.3,PLS,0.0211448399134752
0.3,PLS,0.017935823552234
0.3,PLS,0.0137729156730662
0.3,PLS,0.0148069395365936
0.3,PLS,0.00712685368747359
0.3,PLS,0.0135414513384554
0.3,PLS,0.00389191173708013
0.3,PLS,0.00350366461441099
0.3,PLS,0.00338070125216285
0.3,PLS,0.0055932298343087
0.3,PLS,0.0204164249577788
0.3,PLS,0.0176820270829639
0.3,PLS,0.00487036966301482
0.3,PLS,0.00880400829624308
0.3,PLS,0.0226770454263162
0.3,PLS,0.0216760311422469
0.3,PLS,0.0214001884234183
0.3,PLS,0.017647411793722
0.3,PLS,0.0211347704225433
0.3,PLS,0.00769993374015517
0.3,PLS,0.00266909076333742
0.3,PLS,0.00331079069219856
0.3,PLS,0.0114595870585277
0.3,PLS,0.0026349015513352
0.3,PLS,0.0107742915920119
0.3,PLS,0.00609166528021918
0.3,PLS,0.00588971666795235
0.3,PLS,0.0185864925644996
0.3,PLS,0.0141001392923108
0.3,PLS,0.00155091775916964
0.3,PLS,0.0150019047776712
0.3,PLS,0.0116434017619515
0.3,PLS,0.00620728410686515
0.3,PLS,0.0160882233100575
0.3,PLS,0.0220552358493284
0.3,PLS,0.0201336534764577
0.3,PLS,0.00841396657099813
0.3,PLS,0.0115288445144391
0.3,PLS,0.0142393191411466
0.3,PLS,0.00540717682757512
0.3,PLS,0.0116626425820533
0.3,PLS,0.00433583982323439
0.3,PLS,0.0041799219977036
0.3,PLS,0.00260543996436402
0.3,PLS,0.00883694374935061
0.3,PLS,0.00912828303709013
0.3,fTS,0.00945017159243394
0.3,fTS,0.0111908986514175
0.3,fTS,0.00760289212410497
0.3,fTS,0.0125015261681246
0.3,fTS,0.00592843503053986
0.3,fTS,0.00504293602640296
0.3,fTS,0.00757146200405554
0.3,fTS,0.00364573381962879
0.3,fTS,0.00904480056772467
0.3,fTS,0.00960139184021775
0.3,fTS,0.0096024653120847
0.3,fTS,0.0046914912025393
0.3,fTS,0.0134948766390225
0.3,fTS,0.0101889770651149
0.3,fTS,0.0183401113203248
0.3,fTS,0.0245650534637711
0.3,fTS,0.0111421883200418
0.3,fTS,0.0166766333088633
0.3,fTS,0.00829785343123541
0.3,fTS,0.0154770004376178
0.3,fTS,0.00896102082800416
0.3,fTS,0.00381428571228672
0.3,fTS,0.00469763731459784
0.3,fTS,0.00625113979984403
0.3,fTS,0.0152365875695875
0.3,fTS,0.00312713623109964
0.3,fTS,0.00699431340066568
0.3,fTS,0.00985760842482262
0.3,fTS,0.00505030280358472
0.3,fTS,0.0107444418375762
0.3,fTS,0.00742602195545259
0.3,fTS,0.00294159197758571
0.3,fTS,0.00953208128595902
0.3,fTS,0.00658558389396609
0.3,fTS,0.00769641646770376
0.3,fTS,0.0101411510456297
0.3,fTS,0.00495528308082253
0.3,fTS,0.00539224067813015
0.3,fTS,0.0132471472131198
0.3,fTS,0.0132163688475437
0.3,fTS,0.0055609768940145
0.3,fTS,0.0215797675663057
0.3,fTS,0.00757035074896517
0.3,fTS,0.0139278932510855
0.3,fTS,0.00243250021463621
0.3,fTS,0.00427426607314475
0.3,fTS,0.0164033119489394
0.3,fTS,0.00375581323133236
0.3,fTS,0.00718472806438417
0.3,fTS,0.00536924998550649
0.3,fTS,0.00856903513238306
0.3,fTS,0.00787268197930927
0.3,fTS,0.0125307466483517
0.3,fTS,0.0127353950125176
0.3,fTS,0.0148203783329428
0.3,fTS,0.0113301566726388
0.3,fTS,0.00407093637954994
0.3,fTS,0.0206258139140302
0.3,fTS,0.00746722353807526
0.3,fTS,0.00634743667423218
0.3,fTS,0.00574891439328485
0.3,fTS,0.00363581910158762
0.3,fTS,0.0132429401818003
0.3,fTS,0.0150868683641185
0.3,fTS,0.0245049186891825
0.3,fTS,0.0217148600248161
0.3,fTS,0.007000787036053
0.3,fTS,0.00526959270693061
0.3,fTS,0.00763628472292874
0.3,fTS,0.00556346351380198
0.3,fTS,0.0148942684083502
0.3,fTS,0.0123788901122413
0.3,fTS,0.00834165007322481
0.3,fTS,0.0056331761645377
0.3,fTS,0.00511461022201573
0.3,fTS,0.00385796084500849
0.3,fTS,0.0152633248550563
0.3,fTS,0.00741502564348049
0.3,fTS,0.00792835068527097
0.3,fTS,0.0112812925529003
0.3,fTS,0.00604357125109268
0.3,fTS,0.00571499792306605
0.3,fTS,0.00778340368490872
0.3,fTS,0.0112177154665384
0.3,fTS,0.0191737397136932
0.3,fTS,0.0110301415602996
0.3,fTS,0.00711232000289232
0.3,fTS,0.0171345544224068
0.3,fTS,0.00613359240720954
0.3,fTS,0.0136565337130428
0.3,fTS,0.00531952085068315
0.3,fTS,0.00453660555326495
0.3,fTS,0.00498475093743023
0.3,fTS,0.0088460974081848
0.3,fTS,0.00462050461318468
0.3,fTS,0.00579382710494625
0.3,fTS,0.00994792147082799
0.3,fTS,0.00757813255592109
0.3,fTS,0.00916839597029728
0.3,fTS,0.00516932764339433
0.3,fTS,0.00872129235559136
0.3,fTS,0.00731610037992324
0.3,fTS,0.00453932646603809
0.3,fTS,0.0169308371527881
0.3,fTS,0.00609062426422604
0.3,fTS,0.0043226242255936
0.3,fTS,0.00691336389147966
0.3,fTS,0.00587928840744779
0.3,fTS,0.0109002820864383
0.3,fTS,0.00787384538601837
0.3,fTS,0.00779650680814475
0.3,fTS,0.00518132183789608
0.3,fTS,0.0106660898308765
0.3,fTS,0.00519177629085683
0.3,fTS,0.00627868738399873
0.3,fTS,0.0129662311260752
0.3,fTS,0.00797692713407549
0.3,fTS,0.00181382757784624
0.3,fTS,0.00827771801219017
0.3,fTS,0.00588328487681908
0.3,fTS,0.00480260191753921
0.3,fTS,0.0107171219315914
0.3,fTS,0.0046830494497767
0.3,fTS,0.00722647881809237
0.3,fTS,0.00558797310252991
0.3,fTS,0.00406394219931662
0.3,fTS,0.00638895055789566
0.3,fTS,0.00368998403534083
0.3,fTS,0.0141268344151345
0.3,fTS,0.00743561783131218
0.3,fTS,0.0112113176909608
0.3,fTS,0.0135073038785566
0.3,fTS,0.0114437470691046
0.3,fTS,0.00515658954713181
0.3,fTS,0.00544183996133741
0.3,fTS,0.0122048305190377
0.3,fTS,0.00457420960729934
0.3,fTS,0.0029418147278229
0.3,fTS,0.00992850652205769
0.3,fTS,0.00355914719028099
0.3,fTS,0.0102044634166904
0.3,fTS,0.00924751933803614
0.3,fTS,0.00745196117144847
0.3,fTS,0.0112240536617125
0.3,fTS,0.00508810453197029
0.3,fTS,0.00610152134493871
0.3,fTS,0.00340870516559358
0.3,fTS,0.015876267316475
0.3,fTS,0.0110557078314476
0.3,fTS,0.00566124050309322
0.3,fTS,0.00403075390950227
0.3,fTS,0.00763200714315062
0.3,fTS,0.0151428676314252
0.3,fTS,0.00850895943542598
0.3,fTS,0.012590044932502
0.3,fTS,0.0154749319338054
0.3,fTS,0.00928608776905485
0.3,fTS,0.0105680348648581
0.3,fTS,0.00773597541588092
0.3,fTS,0.0232868252507403
0.3,fTS,0.0068348949099409
0.3,fTS,0.0039614220144969
0.3,fTS,0.00198077202479993
0.3,fTS,0.0102013472071311
0.3,fTS,0.0170113092469409
0.3,fTS,0.0114842702202424
0.3,fTS,0.0033777961811557
0.3,fTS,0.0104666758995581
0.3,fTS,0.0168091997837826
0.3,fTS,0.00791344806812803
0.3,fTS,0.0205247357697538
0.3,fTS,0.0123304750407178
0.3,fTS,0.0101989382192782
0.3,fTS,0.00830889009447755
0.3,fTS,0.00365340365395535
0.3,fTS,0.00328616707703178
0.3,fTS,0.00603814158244657
0.3,fTS,0.00374271947829349
0.3,fTS,0.00871123892768747
0.3,fTS,0.00722351232316221
0.3,fTS,0.00721975294186471
0.3,fTS,0.0141562375126994
0.3,fTS,0.00928232847357689
0.3,fTS,0.00275405523720389
0.3,fTS,0.0132035867128734
0.3,fTS,0.00745552997697881
0.3,fTS,0.00619163355068856
0.3,fTS,0.00655113734234358
0.3,fTS,0.0160528971947107
0.3,fTS,0.0117208175293401
0.3,fTS,0.00578206986158738
0.3,fTS,0.0102891575635505
0.3,fTS,0.0112167936452592
0.3,fTS,0.00576958458129211
0.3,fTS,0.00648016048820471
0.3,fTS,0.00318346720319718
0.3,fTS,0.00878111006125136
0.3,fTS,0.00234546639019124
0.3,fTS,0.0111523606392552
0.3,fTS,0.0101342030704772
0.3,LS_oracle,0.0127409226282777
0.3,LS_oracle,0.00900318626669441
0.3,LS_oracle,0.0103560471918728
0.3,LS_oracle,0.0102843446673465
0.3,LS_oracle,0.00506083037594647
0.3,LS_oracle,0.00776369748796966
0.3,LS_oracle,0.00462253820165957
0.3,LS_oracle,0.00730696131725452
0.3,LS_oracle,0.00850720931381556
0.3,LS_oracle,0.00270843727577727
0.3,LS_oracle,0.00771805636728857
0.3,LS_oracle,0.00568162167523092
0.3,LS_oracle,0.00968974375556769
0.3,LS_oracle,0.00863701608690183
0.3,LS_oracle,0.015443245487498
0.3,LS_oracle,0.0141281672745138
0.3,LS_oracle,0.0163659715241014
0.3,LS_oracle,0.0216341596546258
0.3,LS_oracle,0.0104492172237214
0.3,LS_oracle,0.0123266319523533
0.3,LS_oracle,0.0161581818817349
0.3,LS_oracle,0.00329128919334273
0.3,LS_oracle,0.00386486879040611
0.3,LS_oracle,0.00440962922537333
0.3,LS_oracle,0.0199832118484003
0.3,LS_oracle,0.0026217330768471
0.3,LS_oracle,0.0130453856399687
0.3,LS_oracle,0.0107575292402521
0.3,LS_oracle,0.00984809207900964
0.3,LS_oracle,0.00579977524287677
0.3,LS_oracle,0.00468412872338537
0.3,LS_oracle,0.00429484012244321
0.3,LS_oracle,0.0134345469032119
0.3,LS_oracle,0.00937214814507156
0.3,LS_oracle,0.00417986344684678
0.3,LS_oracle,0.00672766761374395
0.3,LS_oracle,0.0054136695568785
0.3,LS_oracle,0.00502216446161051
0.3,LS_oracle,0.0067344862387602
0.3,LS_oracle,0.0205460900085047
0.3,LS_oracle,0.00650824975293473
0.3,LS_oracle,0.013649030040732
0.3,LS_oracle,0.00735103263162172
0.3,LS_oracle,0.0123514459779049
0.3,LS_oracle,0.00350769492705217
0.3,LS_oracle,0.00355786063430132
0.3,LS_oracle,0.0146557854298185
0.3,LS_oracle,0.00586098382088396
0.3,LS_oracle,0.00994319959586813
0.3,LS_oracle,0.00677034821026726
0.3,LS_oracle,0.00839452061886639
0.3,LS_oracle,0.0129377129083543
0.3,LS_oracle,0.0122272108865795
0.3,LS_oracle,0.0148918945646635
0.3,LS_oracle,0.0153495445654399
0.3,LS_oracle,0.0106283843363536
0.3,LS_oracle,0.00371359856135461
0.3,LS_oracle,0.0201513056698566
0.3,LS_oracle,0.00824008862620409
0.3,LS_oracle,0.00686520775280626
0.3,LS_oracle,0.00602267381563725
0.3,LS_oracle,0.00736268170110697
0.3,LS_oracle,0.0137740148186772
0.3,LS_oracle,0.0116278986437905
0.3,LS_oracle,0.0242134107876986
0.3,LS_oracle,0.025970786816335
0.3,LS_oracle,0.0100541496059471
0.3,LS_oracle,0.00352107797983112
0.3,LS_oracle,0.0050760290600289
0.3,LS_oracle,0.00899788980414676
0.3,LS_oracle,0.0214419594241313
0.3,LS_oracle,0.00265314866776311
0.3,LS_oracle,0.00884815002120037
0.3,LS_oracle,0.00830723117720911
0.3,LS_oracle,0.00954675826032011
0.3,LS_oracle,0.00662159097101099
0.3,LS_oracle,0.0246826879068519
0.3,LS_oracle,0.0122784629661128
0.3,LS_oracle,0.00526220467088019
0.3,LS_oracle,0.0154246584116219
0.3,LS_oracle,0.0147680946579406
0.3,LS_oracle,0.00750312056282858
0.3,LS_oracle,0.0110441297087584
0.3,LS_oracle,0.0123825945317673
0.3,LS_oracle,0.0266616139768824
0.3,LS_oracle,0.015012928839751
0.3,LS_oracle,0.0132896712465072
0.3,LS_oracle,0.0189286595773603
0.3,LS_oracle,0.00671450611552108
0.3,LS_oracle,0.0142965256339572
0.3,LS_oracle,0.00491363024890579
0.3,LS_oracle,0.00462054029957718
0.3,LS_oracle,0.0058348915640496
0.3,LS_oracle,0.00547778673168522
0.3,LS_oracle,0.00684016114506661
0.3,LS_oracle,0.0107844982137654
0.3,LS_oracle,0.0106622276673779
0.3,LS_oracle,0.00455705613924096
0.3,LS_oracle,0.0100838905691875
0.3,LS_oracle,0.00152639123012884
0.3,LS_oracle,0.0133428673733532
0.3,LS_oracle,0.00477780634118286
0.3,LS_oracle,0.00423407906095976
0.3,LS_oracle,0.0263896912442079
0.3,LS_oracle,0.00579983218198096
0.3,LS_oracle,0.0116852220871843
0.3,LS_oracle,0.00418800248104223
0.3,LS_oracle,0.00633732533536253
0.3,LS_oracle,0.00910685618632279
0.3,LS_oracle,0.00763735007395058
0.3,LS_oracle,0.00646913568946478
0.3,LS_oracle,0.0102181006736868
0.3,LS_oracle,0.01410632581073
0.3,LS_oracle,0.00952932585576988
0.3,LS_oracle,0.0127410701336504
0.3,LS_oracle,0.0278192748559406
0.3,LS_oracle,0.00582745841535117
0.3,LS_oracle,0.00378735066111877
0.3,LS_oracle,0.00711354449021849
0.3,LS_oracle,0.00247054743624447
0.3,LS_oracle,0.00909055365756174
0.3,LS_oracle,0.015126475815423
0.3,LS_oracle,0.00631976216645857
0.3,LS_oracle,0.00807023448555057
0.3,LS_oracle,0.00539424320552785
0.3,LS_oracle,0.00539627809602018
0.3,LS_oracle,0.00745715024731149
0.3,LS_oracle,0.00572815886948005
0.3,LS_oracle,0.00730021445616487
0.3,LS_oracle,0.0117819110892909
0.3,LS_oracle,0.00963918852022569
0.3,LS_oracle,0.0151214523949931
0.3,LS_oracle,0.0136280177802009
0.3,LS_oracle,0.00476409168678127
0.3,LS_oracle,0.00603282417380965
0.3,LS_oracle,0.0113873298044737
0.3,LS_oracle,0.00282447560324431
0.3,LS_oracle,0.00509439300332082
0.3,LS_oracle,0.0160346101010323
0.3,LS_oracle,0.00399387845151441
0.3,LS_oracle,0.00542704398900122
0.3,LS_oracle,0.0106461112655469
0.3,LS_oracle,0.0056691420932427
0.3,LS_oracle,0.00751407006423381
0.3,LS_oracle,0.00796069640924984
0.3,LS_oracle,0.00785591086975166
0.3,LS_oracle,0.00465796018416677
0.3,LS_oracle,0.0176782173233034
0.3,LS_oracle,0.0126098625767043
0.3,LS_oracle,0.00574097561307234
0.3,LS_oracle,0.00244925731323913
0.3,LS_oracle,0.00497463951350296
0.3,LS_oracle,0.0185748025979511
0.3,LS_oracle,0.00616722978830551
0.3,LS_oracle,0.010902171961072
0.3,LS_oracle,0.01916580384193
0.3,LS_oracle,0.0138362326489134
0.3,LS_oracle,0.0127139189980337
0.3,LS_oracle,0.00757989189777279
0.3,LS_oracle,0.0110725950979572
0.3,LS_oracle,0.00395084265040066
0.3,LS_oracle,0.00361374674194593
0.3,LS_oracle,0.00309807873330606
0.3,LS_oracle,0.00431402209685397
0.3,LS_oracle,0.0143873484482485
0.3,LS_oracle,0.0181634828919019
0.3,LS_oracle,0.00511202092580762
0.3,LS_oracle,0.00716778209064149
0.3,LS_oracle,0.0225837269383284
0.3,LS_oracle,0.0132799233178603
0.3,LS_oracle,0.0219015882391736
0.3,LS_oracle,0.0173570999020813
0.3,LS_oracle,0.0180862382826959
0.3,LS_oracle,0.00771241439765358
0.3,LS_oracle,0.00154135807213492
0.3,LS_oracle,0.00434413859479402
0.3,LS_oracle,0.0110274445447252
0.3,LS_oracle,0.00262983942134767
0.3,LS_oracle,0.0102063423351335
0.3,LS_oracle,0.00582123211575162
0.3,LS_oracle,0.00449740709983482
0.3,LS_oracle,0.00956796819706882
0.3,LS_oracle,0.0156205222665149
0.3,LS_oracle,0.00151724237533741
0.3,LS_oracle,0.0135616497663804
0.3,LS_oracle,0.0068707739863395
0.3,LS_oracle,0.00615308426382977
0.3,LS_oracle,0.0041079742071599
0.3,LS_oracle,0.0217726152366453
0.3,LS_oracle,0.0173826515207403
0.3,LS_oracle,0.00771931145075471
0.3,LS_oracle,0.010296838856697
0.3,LS_oracle,0.0136454766046863
0.3,LS_oracle,0.00602913749441616
0.3,LS_oracle,0.010788940718269
0.3,LS_oracle,0.00432626374127912
0.3,LS_oracle,0.0028503626357187
0.3,LS_oracle,0.00362306714831505
0.3,LS_oracle,0.0080832494584183
0.3,LS_oracle,0.00905395155273764
0.3,TS_oracle,0.00947500296766383
0.3,TS_oracle,0.00710303722637044
0.3,TS_oracle,0.00766221255414755
0.3,TS_oracle,0.0114884102312849
0.3,TS_oracle,0.00274869448911379
0.3,TS_oracle,0.00484812668576197
0.3,TS_oracle,0.00669251733395373
0.3,TS_oracle,0.00389711120250303
0.3,TS_oracle,0.008821132078391
0.3,TS_oracle,0.00867338749707107
0.3,TS_oracle,0.00975580203110106
0.3,TS_oracle,0.00435933446737152
0.3,TS_oracle,0.00875518594124448
0.3,TS_oracle,0.00813962328119133
0.3,TS_oracle,0.0161700164764518
0.3,TS_oracle,0.0104872428481282
0.3,TS_oracle,0.0116534200541054
0.3,TS_oracle,0.0165651731422333
0.3,TS_oracle,0.00676439827746107
0.3,TS_oracle,0.015469361189619
0.3,TS_oracle,0.00781039414287026
0.3,TS_oracle,0.00379277356395048
0.3,TS_oracle,0.00438571093689321
0.3,TS_oracle,0.00558508344833485
0.3,TS_oracle,0.0154483281857528
0.3,TS_oracle,0.00253561512148521
0.3,TS_oracle,0.00691522206395552
0.3,TS_oracle,0.00970154786129917
0.3,TS_oracle,0.00375660958709944
0.3,TS_oracle,0.00682846824486405
0.3,TS_oracle,0.00667013682185797
0.3,TS_oracle,0.00175247202692039
0.3,TS_oracle,0.00794012287099799
0.3,TS_oracle,0.0064563864128486
0.3,TS_oracle,0.00308681284106381
0.3,TS_oracle,0.00526095496281668
0.3,TS_oracle,0.0041892368495217
0.3,TS_oracle,0.0053991708996315
0.3,TS_oracle,0.0104888049707451
0.3,TS_oracle,0.0133253790028412
0.3,TS_oracle,0.0055014256487935
0.3,TS_oracle,0.00816131470222032
0.3,TS_oracle,0.00722059269788142
0.3,TS_oracle,0.0134424342620189
0.3,TS_oracle,0.00226392491961644
0.3,TS_oracle,0.00421597572244815
0.3,TS_oracle,0.0164697140815135
0.3,TS_oracle,0.00393762453701402
0.3,TS_oracle,0.00683867126664476
0.3,TS_oracle,0.00466064633023164
0.3,TS_oracle,0.00816830736141773
0.3,TS_oracle,0.00819692465489065
0.3,TS_oracle,0.0124871706439436
0.3,TS_oracle,0.0125458743089607
0.3,TS_oracle,0.0155115005047222
0.3,TS_oracle,0.00735140110120956
0.3,TS_oracle,0.00411548927287631
0.3,TS_oracle,0.0162910596946468
0.3,TS_oracle,0.00741808836450527
0.3,TS_oracle,0.00653375219128114
0.3,TS_oracle,0.00534103881003085
0.3,TS_oracle,0.00313185920558042
0.3,TS_oracle,0.0131868941678817
0.3,TS_oracle,0.0149805541583136
0.3,TS_oracle,0.0245777066412835
0.3,TS_oracle,0.0202570787454923
0.3,TS_oracle,0.00764860538765052
0.3,TS_oracle,0.00346225955950565
0.3,TS_oracle,0.00759777835506578
0.3,TS_oracle,0.00552335057314902
0.3,TS_oracle,0.014379571341721
0.3,TS_oracle,0.00196460784818995
0.3,TS_oracle,0.00827101871498964
0.3,TS_oracle,0.00315639821114026
0.3,TS_oracle,0.00512061796392915
0.3,TS_oracle,0.00370632314782777
0.3,TS_oracle,0.0144165966670518
0.3,TS_oracle,0.00739920982285012
0.3,TS_oracle,0.00647205342475193
0.3,TS_oracle,0.0100417588421158
0.3,TS_oracle,0.00656211200918729
0.3,TS_oracle,0.00602048158906778
0.3,TS_oracle,0.00711428459029186
0.3,TS_oracle,0.0106849672887599
0.3,TS_oracle,0.0180808744017737
0.3,TS_oracle,0.00944525701008712
0.3,TS_oracle,0.00791628733083661
0.3,TS_oracle,0.0164575613076695
0.3,TS_oracle,0.0056886644011615
0.3,TS_oracle,0.0141242795611273
0.3,TS_oracle,0.00539270485985335
0.3,TS_oracle,0.00454155749663945
0.3,TS_oracle,0.00505025561782709
0.3,TS_oracle,0.00808737647393169
0.3,TS_oracle,0.00440613257085854
0.3,TS_oracle,0.00569727394923951
0.3,TS_oracle,0.00917938524991397
0.3,TS_oracle,0.00727672590470061
0.3,TS_oracle,0.00794654934818883
0.3,TS_oracle,0.00236880059261461
0.3,TS_oracle,0.00860787886743796
0.3,TS_oracle,0.00708515028910476
0.3,TS_oracle,0.00387232135348131
0.3,TS_oracle,0.0166221794151263
0.3,TS_oracle,0.00622533592752627
0.3,TS_oracle,0.00440507934118444
0.3,TS_oracle,0.00669558350781261
0.3,TS_oracle,0.00593573934469927
0.3,TS_oracle,0.0101535331686192
0.3,TS_oracle,0.00779798362628987
0.3,TS_oracle,0.00666003820305744
0.3,TS_oracle,0.00521669277664588
0.3,TS_oracle,0.0103976774044034
0.3,TS_oracle,0.0050657857328832
0.3,TS_oracle,0.00559668399914402
0.3,TS_oracle,0.014594581760807
0.3,TS_oracle,0.00647238704527946
0.3,TS_oracle,0.00198649182286751
0.3,TS_oracle,0.00820775781988001
0.3,TS_oracle,0.00590670932113757
0.3,TS_oracle,0.00444350995207563
0.3,TS_oracle,0.0108276170712138
0.3,TS_oracle,0.00490208342628723
0.3,TS_oracle,0.0068355924494503
0.3,TS_oracle,0.00548126658816276
0.3,TS_oracle,0.0029040303469019
0.3,TS_oracle,0.00634733692554189
0.3,TS_oracle,0.0038691079767079
0.3,TS_oracle,0.00590551701702645
0.3,TS_oracle,0.00738817166281369
0.3,TS_oracle,0.00644916172115346
0.3,TS_oracle,0.0151967469436112
0.3,TS_oracle,0.0114970827635909
0.3,TS_oracle,0.0048041084539652
0.3,TS_oracle,0.00542057728571518
0.3,TS_oracle,0.0120612204373835
0.3,TS_oracle,0.00466559836249122
0.3,TS_oracle,0.0026591489297192
0.3,TS_oracle,0.0104816670267686
0.3,TS_oracle,0.00355507944571637
0.3,TS_oracle,0.0108728400252154
0.3,TS_oracle,0.00875010366101199
0.3,TS_oracle,0.0066857156857693
0.3,TS_oracle,0.0114821476348182
0.3,TS_oracle,0.00499485406111099
0.3,TS_oracle,0.00611028459614719
0.3,TS_oracle,0.00298893451638309
0.3,TS_oracle,0.0159652841613263
0.3,TS_oracle,0.0115952953318762
0.3,TS_oracle,0.00585977160564997
0.3,TS_oracle,0.00397402292472845
0.3,TS_oracle,0.00754528723946009
0.3,TS_oracle,0.0146979522270839
0.3,TS_oracle,0.00850805923102546
0.3,TS_oracle,0.00886693320736676
0.3,TS_oracle,0.0159433593760979
0.3,TS_oracle,0.00941308071640154
0.3,TS_oracle,0.00875894860106061
0.3,TS_oracle,0.00794592104569677
0.3,TS_oracle,0.00681851515091984
0.3,TS_oracle,0.00695906125357672
0.3,TS_oracle,0.00395146384985738
0.3,TS_oracle,0.00196535253213731
0.3,TS_oracle,0.00856602299135248
0.3,TS_oracle,0.0133940760276959
0.3,TS_oracle,0.011488306886535
0.3,TS_oracle,0.00339769608371433
0.3,TS_oracle,0.010429098080226
0.3,TS_oracle,0.0171525895295068
0.3,TS_oracle,0.00711013783792612
0.3,TS_oracle,0.0207641237146821
0.3,TS_oracle,0.0122252136135383
0.3,TS_oracle,0.0102042369348601
0.3,TS_oracle,0.00831330086068341
0.3,TS_oracle,0.00292926641133552
0.3,TS_oracle,0.00329714935880384
0.3,TS_oracle,0.00601902158881548
0.3,TS_oracle,0.00230471604053728
0.3,TS_oracle,0.00856006953877443
0.3,TS_oracle,0.00663036009072257
0.3,TS_oracle,0.00688937147521818
0.3,TS_oracle,0.00620644066644868
0.3,TS_oracle,0.00931932542640598
0.3,TS_oracle,0.00217260640909834
0.3,TS_oracle,0.0120108645749158
0.3,TS_oracle,0.0058662290344804
0.3,TS_oracle,0.00589775950303425
0.3,TS_oracle,0.00441786641585372
0.3,TS_oracle,0.0155066864654839
0.3,TS_oracle,0.0112484691553652
0.3,TS_oracle,0.00437406618414963
0.3,TS_oracle,0.00895692151073646
0.3,TS_oracle,0.0111631860256558
0.3,TS_oracle,0.00548408186857928
0.3,TS_oracle,0.0062531662363947
0.3,TS_oracle,0.00318339378198714
0.3,TS_oracle,0.00792997535974315
0.3,TS_oracle,0.00293956112007752
0.3,TS_oracle,0.0105031354757798
0.3,TS_oracle,0.00961776566683222
0.4,PLS,0.0193192247476105
0.4,PLS,0.00587794391207449
0.4,PLS,0.0064771907137236
0.4,PLS,0.00889157013638448
0.4,PLS,0.00350301418635774
0.4,PLS,0.0095941756391922
0.4,PLS,0.0105630561471817
0.4,PLS,0.0240833464464834
0.4,PLS,0.00230602867599763
0.4,PLS,0.00237167184676852
0.4,PLS,0.00956117624374285
0.4,PLS,0.0090750182252983
0.4,PLS,0.00672015664463405
0.4,PLS,0.00748041616160582
0.4,PLS,0.00410405478212153
0.4,PLS,0.00777847023661033
0.4,PLS,0.00672738889947827
0.4,PLS,0.00743997857849402
0.4,PLS,0.00863303009225324
0.4,PLS,0.00519410069575077
0.4,PLS,0.00711391717136466
0.4,PLS,0.0237465837786451
0.4,PLS,0.00540547696705952
0.4,PLS,0.00890726368910987
0.4,PLS,0.00823810454846206
0.4,PLS,0.00402545908547876
0.4,PLS,0.00677138364839725
0.4,PLS,0.00500098955250787
0.4,PLS,0.00629317543144085
0.4,PLS,0.0131413971354401
0.4,PLS,0.00152840694322378
0.4,PLS,0.0121450687112806
0.4,PLS,0.0150119503598635
0.4,PLS,0.0214682872013174
0.4,PLS,0.00327588327792724
0.4,PLS,0.00509157180319551
0.4,PLS,0.00574224260918035
0.4,PLS,0.010274979667163
0.4,PLS,0.00260363193793877
0.4,PLS,0.00510547641479811
0.4,PLS,0.00548758361297534
0.4,PLS,0.0145164160367839
0.4,PLS,0.00261403572737718
0.4,PLS,0.00753056990282832
0.4,PLS,0.014172663506607
0.4,PLS,0.00451706550234118
0.4,PLS,0.0109779720704686
0.4,PLS,0.0218298199735922
0.4,PLS,0.00473684901982008
0.4,PLS,0.0121191629131291
0.4,PLS,0.00561986616633162
0.4,PLS,0.011764442903607
0.4,PLS,0.00801631172454512
0.4,PLS,0.0115209445737371
0.4,PLS,0.0147231024141763
0.4,PLS,0.00515718353563539
0.4,PLS,0.00750023956152332
0.4,PLS,0.0126986126505627
0.4,PLS,0.0107319632459048
0.4,PLS,0.00584553782108136
0.4,PLS,0.0104167374019976
0.4,PLS,0.0129176960568007
0.4,PLS,0.00703701643728619
0.4,PLS,0.0132142448301866
0.4,PLS,0.00646237528750759
0.4,PLS,0.00531323698132787
0.4,PLS,0.0204698246368831
0.4,PLS,0.0069584676179634
0.4,PLS,0.0125386759082492
0.4,PLS,0.00587555754475966
0.4,PLS,0.00545621844466604
0.4,PLS,0.0154160935610872
0.4,PLS,0.0164248340850212
0.4,PLS,0.0102227658624287
0.4,PLS,0.0156313880590245
0.4,PLS,0.00949948233350749
0.4,PLS,0.00562994176937253
0.4,PLS,0.00506028640365507
0.4,PLS,0.00712397204856508
0.4,PLS,0.00460341921208352
0.4,PLS,0.00841993263160409
0.4,PLS,0.0110982514028062
0.4,PLS,0.0104508408112491
0.4,PLS,0.00231415593666641
0.4,PLS,0.00781402461582676
0.4,PLS,0.0039548005283558
0.4,PLS,0.00822610894854342
0.4,PLS,0.00898671343965034
0.4,PLS,0.00753282434389145
0.4,PLS,0.00595903570600954
0.4,PLS,0.013598824394185
0.4,PLS,0.0269968174026786
0.4,PLS,0.0135455199246155
0.4,PLS,0.0156866157196609
0.4,PLS,0.00252965144521361
0.4,PLS,0.00664306159148114
0.4,PLS,0.0173359630409905
0.4,PLS,0.00192202755104048
0.4,PLS,0.0122027981426916
0.4,PLS,0.010477562942411
0.4,PLS,0.00629045142894884
0.4,PLS,0.00836569689431704
0.4,PLS,0.0128392620259397
0.4,PLS,0.00181646602891252
0.4,PLS,0.0116500931906619
0.4,PLS,0.00794709250034962
0.4,PLS,0.0146807050317302
0.4,PLS,0.0090069075542215
0.4,PLS,0.00922275741512224
0.4,PLS,0.0138081425434809
0.4,PLS,0.0077405403193221
0.4,PLS,0.00708470672339058
0.4,PLS,0.0053265009672515
0.4,PLS,0.00960472477462575
0.4,PLS,0.00975327808675495
0.4,PLS,0.00492757623620452
0.4,PLS,0.00580839830067395
0.4,PLS,0.00267309381198635
0.4,PLS,0.0092093266781427
0.4,PLS,0.00585693901536039
0.4,PLS,0.0170033355323938
0.4,PLS,0.00912085195730477
0.4,PLS,0.012345250079255
0.4,PLS,0.00482078325386522
0.4,PLS,0.0136528871026941
0.4,PLS,0.0076101199064693
0.4,PLS,0.00544015532805581
0.4,PLS,0.0147400756063612
0.4,PLS,0.00768874352979149
0.4,PLS,0.00755298741795628
0.4,PLS,0.00750248454223869
0.4,PLS,0.0142547587606769
0.4,PLS,0.0107007968816556
0.4,PLS,0.0084384558223154
0.4,PLS,0.00835201195720538
0.4,PLS,0.00444537967192144
0.4,PLS,0.00836754072859345
0.4,PLS,0.0110152926513651
0.4,PLS,0.0047995859153293
0.4,PLS,0.0110055522739689
0.4,PLS,0.0139719881980525
0.4,PLS,0.00165021333779637
0.4,PLS,0.00527631686671425
0.4,PLS,0.0240450874200438
0.4,PLS,0.00165089122047334
0.4,PLS,0.0114604225745905
0.4,PLS,0.00478585616072761
0.4,PLS,0.0148332983372044
0.4,PLS,0.00328422871645809
0.4,PLS,0.0104814091961214
0.4,PLS,0.0167690874270014
0.4,PLS,0.0191879521680338
0.4,PLS,0.0069616297376579
0.4,PLS,0.0115841327033888
0.4,PLS,0.00342740038139545
0.4,PLS,0.0138695134125771
0.4,PLS,0.00311307025738698
0.4,PLS,0.0171781322704717
0.4,PLS,0.00389124615037514
0.4,PLS,0.0240601221546743
0.4,PLS,0.0106149614681652
0.4,PLS,0.00899455083854834
0.4,PLS,0.00982666514851476
0.4,PLS,0.012130889980032
0.4,PLS,0.00846235021057616
0.4,PLS,0.0125970889654885
0.4,PLS,0.0139578929569795
0.4,PLS,0.00277449832596509
0.4,PLS,0.00988486309545312
0.4,PLS,0.00378070909990092
0.4,PLS,0.00991909990806666
0.4,PLS,0.00795906921253177
0.4,PLS,0.0287525746944829
0.4,PLS,0.00315990387389248
0.4,PLS,0.0368390497103018
0.4,PLS,0.00682804420099077
0.4,PLS,0.00409078618391471
0.4,PLS,0.0155149847622465
0.4,PLS,0.00329563478548893
0.4,PLS,0.00678343091992461
0.4,PLS,0.00491471043125914
0.4,PLS,0.0341546457671268
0.4,PLS,0.00409233325378034
0.4,PLS,0.00946934881963735
0.4,PLS,0.00549440099642439
0.4,PLS,0.00654798299963895
0.4,PLS,0.00879010492168688
0.4,PLS,0.00734398525344471
0.4,PLS,0.0073290529162219
0.4,PLS,0.00883527621965384
0.4,PLS,0.00798320912046474
0.4,PLS,0.00631310655555238
0.4,PLS,0.00944067208902072
0.4,PLS,0.00716440111520876
0.4,PLS,0.00852417349425029
0.4,PLS,0.00871262532927148
0.4,PLS,0.0117943012506445
0.4,PLS,0.0167987702258744
0.4,PLS,0.00286778220526112
0.4,PLS,0.00400103772228337
0.4,fTS,0.012129739833146
0.4,fTS,0.00618723471152688
0.4,fTS,0.0070787927792969
0.4,fTS,0.0119975381546585
0.4,fTS,0.00220601384573106
0.4,fTS,0.00509561663290401
0.4,fTS,0.00909959199862193
0.4,fTS,0.00346156168024761
0.4,fTS,0.00363358360943631
0.4,fTS,0.00357284361971753
0.4,fTS,0.00826622055518904
0.4,fTS,0.00708257406805362
0.4,fTS,0.00525561308114216
0.4,fTS,0.00246801547425482
0.4,fTS,0.00300774416186313
0.4,fTS,0.00828654127032558
0.4,fTS,0.00379034325171221
0.4,fTS,0.00679438525606293
0.4,fTS,0.00609927197515704
0.4,fTS,0.00365764824543568
0.4,fTS,0.00299667272145104
0.4,fTS,0.0201151808546862
0.4,fTS,0.0043789589346484
0.4,fTS,0.00947513604363582
0.4,fTS,0.00579363675399098
0.4,fTS,0.00446543397210681
0.4,fTS,0.00302737347454364
0.4,fTS,0.00479199982327779
0.4,fTS,0.00393447289880052
0.4,fTS,0.00974588012912161
0.4,fTS,0.00250746669297265
0.4,fTS,0.00827895028130653
0.4,fTS,0.00354731037931031
0.4,fTS,0.0125940890697071
0.4,fTS,0.00554302276655457
0.4,fTS,0.0060136172826059
0.4,fTS,0.00181634804493825
0.4,fTS,0.00853813322998199
0.4,fTS,0.00375414423711157
0.4,fTS,0.00150466397485822
0.4,fTS,0.00710869842318411
0.4,fTS,0.016426304351417
0.4,fTS,0.00291963241469568
0.4,fTS,0.0077368351434106
0.4,fTS,0.0122021634692838
0.4,fTS,0.00485530753301244
0.4,fTS,0.00735698316214171
0.4,fTS,0.00797706774838649
0.4,fTS,0.00595507900089916
0.4,fTS,0.00853621075083078
0.4,fTS,0.00567280169954332
0.4,fTS,0.00401043632399772
0.4,fTS,0.00260218563791321
0.4,fTS,0.00350525921730081
0.4,fTS,0.015714181523425
0.4,fTS,0.00130137538171543
0.4,fTS,0.00739210432973328
0.4,fTS,0.00921180955075086
0.4,fTS,0.00959026654176588
0.4,fTS,0.00315688731150716
0.4,fTS,0.0103442412773262
0.4,fTS,0.00364958848535268
0.4,fTS,0.00398438691458808
0.4,fTS,0.00779775515950527
0.4,fTS,0.004312583957284
0.4,fTS,0.00252230359487119
0.4,fTS,0.0132877744297089
0.4,fTS,0.0024672146858296
0.4,fTS,0.0107627565785422
0.4,fTS,0.00502069242304883
0.4,fTS,0.00583017070057297
0.4,fTS,0.0087461055583702
0.4,fTS,0.00806116840771153
0.4,fTS,0.0085713778764314
0.4,fTS,0.00426326218210968
0.4,fTS,0.00518686251974808
0.4,fTS,0.0108875686223782
0.4,fTS,0.00446899945876611
0.4,fTS,0.00555948273253425
0.4,fTS,0.00476991006673323
0.4,fTS,0.00432698287984188
0.4,fTS,0.00614327538113274
0.4,fTS,0.00667767258011506
0.4,fTS,0.00831654290806235
0.4,fTS,0.00598954040417576
0.4,fTS,0.00303409675523952
0.4,fTS,0.00456607082174196
0.4,fTS,0.00435781888704437
0.4,fTS,0.00574728468301142
0.4,fTS,0.00516992568887399
0.4,fTS,0.00865472612980594
0.4,fTS,0.0158127569232163
0.4,fTS,0.00733435009848873
0.4,fTS,0.00386763231732938
0.4,fTS,0.00210298295505349
0.4,fTS,0.00652353580949022
0.4,fTS,0.0138531836964217
0.4,fTS,0.00147551687333667
0.4,fTS,0.0155453861329776
0.4,fTS,0.00687305513800279
0.4,fTS,0.00305216060752887
0.4,fTS,0.00636191583381869
0.4,fTS,0.00541669236490467
0.4,fTS,0.0030745748071586
0.4,fTS,0.00744670611494355
0.4,fTS,0.00387763043819538
0.4,fTS,0.0124585073016403
0.4,fTS,0.00547893148164503
0.4,fTS,0.00971909216494517
0.4,fTS,0.0114349854688133
0.4,fTS,0.0075580993598043
0.4,fTS,0.00576275697122905
0.4,fTS,0.00702843900250277
0.4,fTS,0.00479154240563984
0.4,fTS,0.00826254081956524
0.4,fTS,0.00275359833916059
0.4,fTS,0.0011841713673599
0.4,fTS,0.00205711541163449
0.4,fTS,0.0073504957707517
0.4,fTS,0.00400729166017632
0.4,fTS,0.00918357459724693
0.4,fTS,0.0108928901462501
0.4,fTS,0.00635675669056471
0.4,fTS,0.00345426061911908
0.4,fTS,0.013337147593445
0.4,fTS,0.0063657211461104
0.4,fTS,0.0056482951326885
0.4,fTS,0.00962360901033315
0.4,fTS,0.0114824038187949
0.4,fTS,0.00265750362394205
0.4,fTS,0.00418883506733744
0.4,fTS,0.00899340994205455
0.4,fTS,0.00548241691468509
0.4,fTS,0.00831340446305764
0.4,fTS,0.00717713999707769
0.4,fTS,0.00687453430258658
0.4,fTS,0.00576944404688806
0.4,fTS,0.00914728377263363
0.4,fTS,0.00523811446162507
0.4,fTS,0.0113716059875254
0.4,fTS,0.0133502994966907
0.4,fTS,0.00308383517799028
0.4,fTS,0.00502960805152117
0.4,fTS,0.0113238905053595
0.4,fTS,0.00204933526021867
0.4,fTS,0.0114064901392056
0.4,fTS,0.00388440866478382
0.4,fTS,0.00977520911324635
0.4,fTS,0.00212799555674866
0.4,fTS,0.0110282053490242
0.4,fTS,0.0127918554417679
0.4,fTS,0.00883178473986121
0.4,fTS,0.00729549267195327
0.4,fTS,0.00947620157314173
0.4,fTS,0.00267036809745988
0.4,fTS,0.00380155911263965
0.4,fTS,0.0034175537280246
0.4,fTS,0.00661839121632331
0.4,fTS,0.00561907625314369
0.4,fTS,0.0125097060302661
0.4,fTS,0.00648891501694101
0.4,fTS,0.00576139833598011
0.4,fTS,0.00610489525241344
0.4,fTS,0.00873698016137259
0.4,fTS,0.00558021397758458
0.4,fTS,0.00761390323182421
0.4,fTS,0.00769139907944798
0.4,fTS,0.00343704316608644
0.4,fTS,0.00569749186437574
0.4,fTS,0.00236653838582733
0.4,fTS,0.00839519517470985
0.4,fTS,0.00697935307105715
0.4,fTS,0.00589429121809212
0.4,fTS,0.00258692054588114
0.4,fTS,0.00829483632768117
0.4,fTS,0.00768516243856212
0.4,fTS,0.00910743203928702
0.4,fTS,0.0118555851541346
0.4,fTS,0.0054624788864215
0.4,fTS,0.0113792952347355
0.4,fTS,0.0072122359800615
0.4,fTS,0.017593584159258
0.4,fTS,0.00316625299225838
0.4,fTS,0.00451766732650529
0.4,fTS,0.00506161029814289
0.4,fTS,0.00558737429021755
0.4,fTS,0.00758885004868958
0.4,fTS,0.0072280725740039
0.4,fTS,0.0076848674866053
0.4,fTS,0.00467943290616512
0.4,fTS,0.00381963719618381
0.4,fTS,0.00655469083725133
0.4,fTS,0.00532699759178136
0.4,fTS,0.0084084787294302
0.4,fTS,0.00820751325390238
0.4,fTS,0.00362859558406818
0.4,fTS,0.00773443520600103
0.4,fTS,0.00777245589033339
0.4,fTS,0.00207724552179775
0.4,fTS,0.00455183276532485
0.4,LS_oracle,0.0195179853470365
0.4,LS_oracle,0.00719521291176466
0.4,LS_oracle,0.00618793507537007
0.4,LS_oracle,0.0093273602191636
0.4,LS_oracle,0.00200650142907761
0.4,LS_oracle,0.00581504639935994
0.4,LS_oracle,0.0140832442399536
0.4,LS_oracle,0.0156034784851187
0.4,LS_oracle,0.0023912412466493
0.4,LS_oracle,0.00252948492108977
0.4,LS_oracle,0.00609957983895566
0.4,LS_oracle,0.00894256396164978
0.4,LS_oracle,0.0104643964747271
0.4,LS_oracle,0.00774801168283041
0.4,LS_oracle,0.000875713052746197
0.4,LS_oracle,0.00688081654627277
0.4,LS_oracle,0.00647280189756666
0.4,LS_oracle,0.00735411919562332
0.4,LS_oracle,0.00858178971571402
0.4,LS_oracle,0.00492298326863022
0.4,LS_oracle,0.00512026290700347
0.4,LS_oracle,0.0235519876525709
0.4,LS_oracle,0.00631616681719463
0.4,LS_oracle,0.00819405770807988
0.4,LS_oracle,0.00636635520642931
0.4,LS_oracle,0.00382817617332636
0.4,LS_oracle,0.00666443570605471
0.4,LS_oracle,0.00505812326411713
0.4,LS_oracle,0.00433812201539139
0.4,LS_oracle,0.0160841100651323
0.4,LS_oracle,0.00157305695895419
0.4,LS_oracle,0.0121489056874427
0.4,LS_oracle,0.0101285845542624
0.4,LS_oracle,0.0211859946351564
0.4,LS_oracle,0.00311555500875491
0.4,LS_oracle,0.00480051342184337
0.4,LS_oracle,0.0059708244901826
0.4,LS_oracle,0.0102600418074832
0.4,LS_oracle,0.0022916703382441
0.4,LS_oracle,0.00747564798085039
0.4,LS_oracle,0.00387511050953961
0.4,LS_oracle,0.0143714123536608
0.4,LS_oracle,0.00206609473004911
0.4,LS_oracle,0.00748547899721334
0.4,LS_oracle,0.0138869000001214
0.4,LS_oracle,0.00457486863621403
0.4,LS_oracle,0.0100358685926068
0.4,LS_oracle,0.0190053096022245
0.4,LS_oracle,0.00585415533368147
0.4,LS_oracle,0.0121851047028665
0.4,LS_oracle,0.00386165876224632
0.4,LS_oracle,0.00875814450112845
0.4,LS_oracle,0.00827413948346594
0.4,LS_oracle,0.00840918806531219
0.4,LS_oracle,0.0149278230155794
0.4,LS_oracle,0.00430214806619253
0.4,LS_oracle,0.00748351532332416
0.4,LS_oracle,0.0125810203786019
0.4,LS_oracle,0.00853619556673847
0.4,LS_oracle,0.00405645933452531
0.4,LS_oracle,0.00652166575418678
0.4,LS_oracle,0.0121958131302019
0.4,LS_oracle,0.00691356990914952
0.4,LS_oracle,0.0146836202615703
0.4,LS_oracle,0.00746730144833222
0.4,LS_oracle,0.00503637110966206
0.4,LS_oracle,0.0198934705239701
0.4,LS_oracle,0.00745556936253735
0.4,LS_oracle,0.00928232179936115
0.4,LS_oracle,0.00605616246763573
0.4,LS_oracle,0.00482888005933862
0.4,LS_oracle,0.0150190985571523
0.4,LS_oracle,0.0158156962029755
0.4,LS_oracle,0.00530082244891977
0.4,LS_oracle,0.0137539812356918
0.4,LS_oracle,0.0146337458841828
0.4,LS_oracle,0.0056037027406719
0.4,LS_oracle,0.00499505916846837
0.4,LS_oracle,0.00502936769845555
0.4,LS_oracle,0.00426795727402664
0.4,LS_oracle,0.00712696318675989
0.4,LS_oracle,0.0110193793555753
0.4,LS_oracle,0.00764057347112168
0.4,LS_oracle,0.00183173025083312
0.4,LS_oracle,0.00598752606388182
0.4,LS_oracle,0.00328074977234594
0.4,LS_oracle,0.00824437580362829
0.4,LS_oracle,0.00942865179388385
0.4,LS_oracle,0.00743083424048919
0.4,LS_oracle,0.00772481790313195
0.4,LS_oracle,0.0121074036127326
0.4,LS_oracle,0.0270705068143952
0.4,LS_oracle,0.0124178713498867
0.4,LS_oracle,0.0173467823501162
0.4,LS_oracle,0.00313623963921128
0.4,LS_oracle,0.00675102037814105
0.4,LS_oracle,0.0150679380229993
0.4,LS_oracle,0.00197271115211309
0.4,LS_oracle,0.0120894381798178
0.4,LS_oracle,0.00787827494413832
0.4,LS_oracle,0.005585893500635
0.4,LS_oracle,0.00385456449623012
0.4,LS_oracle,0.0128081635728934
0.4,LS_oracle,0.00151476195363831
0.4,LS_oracle,0.00922534792602301
0.4,LS_oracle,0.0099026072119778
0.4,LS_oracle,0.0103768823627678
0.4,LS_oracle,0.00717870945940814
0.4,LS_oracle,0.00926361411492216
0.4,LS_oracle,0.0135679552874448
0.4,LS_oracle,0.00872127749994108
0.4,LS_oracle,0.00661268426924984
0.4,LS_oracle,0.0052821902603446
0.4,LS_oracle,0.00935607683753346
0.4,LS_oracle,0.00983937797825215
0.4,LS_oracle,0.00487386336311878
0.4,LS_oracle,0.00570968947468307
0.4,LS_oracle,0.00236576549090026
0.4,LS_oracle,0.00912612980883895
0.4,LS_oracle,0.00352875059394293
0.4,LS_oracle,0.0143782829528643
0.4,LS_oracle,0.00979992297513028
0.4,LS_oracle,0.0107573521185943
0.4,LS_oracle,0.00491144955404902
0.4,LS_oracle,0.0129149992861544
0.4,LS_oracle,0.00615974356765193
0.4,LS_oracle,0.00377175351168884
0.4,LS_oracle,0.0158675535774338
0.4,LS_oracle,0.00628700165549464
0.4,LS_oracle,0.00323550982499087
0.4,LS_oracle,0.0077945989993003
0.4,LS_oracle,0.0169734350641616
0.4,LS_oracle,0.00867929888457954
0.4,LS_oracle,0.00615179682614161
0.4,LS_oracle,0.00817747466941329
0.4,LS_oracle,0.00409600414021931
0.4,LS_oracle,0.00824930961464087
0.4,LS_oracle,0.0106500760828743
0.4,LS_oracle,0.00487978473889304
0.4,LS_oracle,0.00921254915230024
0.4,LS_oracle,0.0132366226513733
0.4,LS_oracle,0.00175439732644403
0.4,LS_oracle,0.0053929687266133
0.4,LS_oracle,0.0243279492325795
0.4,LS_oracle,0.00189788631787564
0.4,LS_oracle,0.0119261030662786
0.4,LS_oracle,0.00474955664186033
0.4,LS_oracle,0.0134027504349529
0.4,LS_oracle,0.00309573261018269
0.4,LS_oracle,0.0101388393417381
0.4,LS_oracle,0.0176367906094294
0.4,LS_oracle,0.0186724378809589
0.4,LS_oracle,0.00703748349248913
0.4,LS_oracle,0.0115404358622145
0.4,LS_oracle,0.00327190452489235
0.4,LS_oracle,0.00468913736695584
0.4,LS_oracle,0.0021245694809456
0.4,LS_oracle,0.0154877530453185
0.4,LS_oracle,0.00329122096114782
0.4,LS_oracle,0.0288007838984018
0.4,LS_oracle,0.0105057980968048
0.4,LS_oracle,0.0083875402795021
0.4,LS_oracle,0.00859503594958071
0.4,LS_oracle,0.0123626948466404
0.4,LS_oracle,0.00754385486992738
0.4,LS_oracle,0.0119693314198262
0.4,LS_oracle,0.00964874657130062
0.4,LS_oracle,0.00231439052209914
0.4,LS_oracle,0.0101717657454878
0.4,LS_oracle,0.0039182004193845
0.4,LS_oracle,0.0102724302797202
0.4,LS_oracle,0.00736546862038269
0.4,LS_oracle,0.0269740456271537
0.4,LS_oracle,0.00172272413523392
0.4,LS_oracle,0.0083000369108885
0.4,LS_oracle,0.00564415117229649
0.4,LS_oracle,0.00377553413407683
0.4,LS_oracle,0.0163034692620018
0.4,LS_oracle,0.00348578156874217
0.4,LS_oracle,0.0028979740989439
0.4,LS_oracle,0.00470204187157692
0.4,LS_oracle,0.0316225835589834
0.4,LS_oracle,0.00411437458272563
0.4,LS_oracle,0.0101042045165494
0.4,LS_oracle,0.00475214048704027
0.4,LS_oracle,0.00650483386779835
0.4,LS_oracle,0.00882324717206269
0.4,LS_oracle,0.0073790543232418
0.4,LS_oracle,0.00732178622122895
0.4,LS_oracle,0.00945112376974212
0.4,LS_oracle,0.00279135738589111
0.4,LS_oracle,0.00553371010111806
0.4,LS_oracle,0.00749214892346855
0.4,LS_oracle,0.00759366099731555
0.4,LS_oracle,0.00791386467637433
0.4,LS_oracle,0.00481073506197182
0.4,LS_oracle,0.00917644780280948
0.4,LS_oracle,0.014346136674368
0.4,LS_oracle,0.00224569584645144
0.4,LS_oracle,0.00354771644941145
0.4,TS_oracle,0.0121640991292614
0.4,TS_oracle,0.00620998782143131
0.4,TS_oracle,0.00703891274289004
0.4,TS_oracle,0.011243586232124
0.4,TS_oracle,0.00215661974212549
0.4,TS_oracle,0.00490931004672602
0.4,TS_oracle,0.00923832711070413
0.4,TS_oracle,0.00329630004140448
0.4,TS_oracle,0.00189237557378027
0.4,TS_oracle,0.00237744180780985
0.4,TS_oracle,0.00716669392956341
0.4,TS_oracle,0.00686554446940802
0.4,TS_oracle,0.00495897520143519
0.4,TS_oracle,0.00247293665077211
0.4,TS_oracle,0.00217128153344237
0.4,TS_oracle,0.00821388139509214
0.4,TS_oracle,0.00396841292029364
0.4,TS_oracle,0.00676204593451782
0.4,TS_oracle,0.00615877591093639
0.4,TS_oracle,0.00367223589975505
0.4,TS_oracle,0.00265909622717365
0.4,TS_oracle,0.0200580742006115
0.4,TS_oracle,0.00460249252080455
0.4,TS_oracle,0.00920070484814323
0.4,TS_oracle,0.00491951129175246
0.4,TS_oracle,0.0035246335510071
0.4,TS_oracle,0.00266577872757148
0.4,TS_oracle,0.00492486057181723
0.4,TS_oracle,0.00335037537356395
0.4,TS_oracle,0.0107264646834847
0.4,TS_oracle,0.00250409157104561
0.4,TS_oracle,0.0082757223977741
0.4,TS_oracle,0.00306980993577332
0.4,TS_oracle,0.0114857439535506
0.4,TS_oracle,0.00540861069915194
0.4,TS_oracle,0.00585075635711655
0.4,TS_oracle,0.00166327969000615
0.4,TS_oracle,0.00828107666935637
0.4,TS_oracle,0.00385395439372162
0.4,TS_oracle,0.00195901788704649
0.4,TS_oracle,0.00441420454768745
0.4,TS_oracle,0.0126068381699585
0.4,TS_oracle,0.00251817237733214
0.4,TS_oracle,0.00534232579378187
0.4,TS_oracle,0.0119640246740964
0.4,TS_oracle,0.00486407159245293
0.4,TS_oracle,0.00721050093941371
0.4,TS_oracle,0.00705132561648468
0.4,TS_oracle,0.00629446230284253
0.4,TS_oracle,0.00856184028380736
0.4,TS_oracle,0.00542365268579504
0.4,TS_oracle,0.00360458150464771
0.4,TS_oracle,0.00261390428771451
0.4,TS_oracle,0.00220171305035005
0.4,TS_oracle,0.0151822307639385
0.4,TS_oracle,0.00113018224342395
0.4,TS_oracle,0.00738032686566815
0.4,TS_oracle,0.00919471371523875
0.4,TS_oracle,0.00927015784745261
0.4,TS_oracle,0.00312400479045135
0.4,TS_oracle,0.00814574650572016
0.4,TS_oracle,0.00312414137324947
0.4,TS_oracle,0.00396855639534723
0.4,TS_oracle,0.00817663365632499
0.4,TS_oracle,0.00444498009679136
0.4,TS_oracle,0.00226319603643899
0.4,TS_oracle,0.0132982827711975
0.4,TS_oracle,0.0023111453493769
0.4,TS_oracle,0.0092102409657802
0.4,TS_oracle,0.00508071809991526
0.4,TS_oracle,0.00436848351528944
0.4,TS_oracle,0.00826390040975618
0.4,TS_oracle,0.00724011362977235
0.4,TS_oracle,0.00749333827703002
0.4,TS_oracle,0.00390126526413621
0.4,TS_oracle,0.00605891571385239
0.4,TS_oracle,0.010454193016856
0.4,TS_oracle,0.00445863543640884
0.4,TS_oracle,0.0055938055433215
0.4,TS_oracle,0.00467331383611828
0.4,TS_oracle,0.00402688787003759
0.4,TS_oracle,0.00615548233037198
0.4,TS_oracle,0.00577463763303528
0.4,TS_oracle,0.00537528135258967
0.4,TS_oracle,0.00602026506023089
0.4,TS_oracle,0.00278365607773253
0.4,TS_oracle,0.00456603017600738
0.4,TS_oracle,0.00404504732455524
0.4,TS_oracle,0.00547284736074019
0.4,TS_oracle,0.00565517850609735
0.4,TS_oracle,0.00582865664527766
0.4,TS_oracle,0.0157614851207359
0.4,TS_oracle,0.00703545629120523
0.4,TS_oracle,0.00396036895273302
0.4,TS_oracle,0.00211461997604407
0.4,TS_oracle,0.00578330049362059
0.4,TS_oracle,0.013580571825326
0.4,TS_oracle,0.0015040051824017
0.4,TS_oracle,0.0156174770258098
0.4,TS_oracle,0.00612691724524426
0.4,TS_oracle,0.00208119391783288
0.4,TS_oracle,0.00265643941032894
0.4,TS_oracle,0.005434963335234
0.4,TS_oracle,0.00307324641107312
0.4,TS_oracle,0.00703927937225464
0.4,TS_oracle,0.00420256517344729
0.4,TS_oracle,0.00819729421516399
0.4,TS_oracle,0.00413320626733944
0.4,TS_oracle,0.00708932615655737
0.4,TS_oracle,0.00993125366433124
0.4,TS_oracle,0.00747325129815433
0.4,TS_oracle,0.00575651238857702
0.4,TS_oracle,0.00679846644076537
0.4,TS_oracle,0.00315996584270141
0.4,TS_oracle,0.00813308654276864
0.4,TS_oracle,0.00257590683114976
0.4,TS_oracle,0.00117072797246863
0.4,TS_oracle,0.00198047720924924
0.4,TS_oracle,0.00743502257009829
0.4,TS_oracle,0.0012785199596833
0.4,TS_oracle,0.00838030071035959
0.4,TS_oracle,0.0112785328718147
0.4,TS_oracle,0.00585232494052407
0.4,TS_oracle,0.00357395220249851
0.4,TS_oracle,0.0128348850450915
0.4,TS_oracle,0.00544551512622768
0.4,TS_oracle,0.0026890544140625
0.4,TS_oracle,0.0099005748257638
0.4,TS_oracle,0.00983712751950783
0.4,TS_oracle,0.00243348619693682
0.4,TS_oracle,0.00416315133904634
0.4,TS_oracle,0.00882798686608542
0.4,TS_oracle,0.00404730956724009
0.4,TS_oracle,0.00795861909688427
0.4,TS_oracle,0.00681419748597331
0.4,TS_oracle,0.00447799698776377
0.4,TS_oracle,0.005460874384358
0.4,TS_oracle,0.00902850356532559
0.4,TS_oracle,0.00520699957182966
0.4,TS_oracle,0.0110570888654801
0.4,TS_oracle,0.00590904189242144
0.4,TS_oracle,0.00215094618084022
0.4,TS_oracle,0.00510085984137523
0.4,TS_oracle,0.0115371482148277
0.4,TS_oracle,0.00194341661575323
0.4,TS_oracle,0.0114933847036996
0.4,TS_oracle,0.00215293945090119
0.4,TS_oracle,0.00804067567968697
0.4,TS_oracle,0.00179459220905261
0.4,TS_oracle,0.0110042350227169
0.4,TS_oracle,0.0117868523476973
0.4,TS_oracle,0.00793773570152306
0.4,TS_oracle,0.00632363078794173
0.4,TS_oracle,0.00869729491052124
0.4,TS_oracle,0.00264131610280258
0.4,TS_oracle,0.00334565738379083
0.4,TS_oracle,0.00346034306563174
0.4,TS_oracle,0.00658518478307268
0.4,TS_oracle,0.00568743890527771
0.4,TS_oracle,0.0131031295405969
0.4,TS_oracle,0.00628249817473969
0.4,TS_oracle,0.00478766527924122
0.4,TS_oracle,0.00569902290157037
0.4,TS_oracle,0.00884942625536795
0.4,TS_oracle,0.0049041075433734
0.4,TS_oracle,0.00755638585145629
0.4,TS_oracle,0.00684308693098642
0.4,TS_oracle,0.00318870902762273
0.4,TS_oracle,0.0057515863791098
0.4,TS_oracle,0.00238000366524706
0.4,TS_oracle,0.00846509125509365
0.4,TS_oracle,0.00588380719076644
0.4,TS_oracle,0.00611398823351051
0.4,TS_oracle,0.00267967300306386
0.4,TS_oracle,0.00773443166053566
0.4,TS_oracle,0.00739486543569825
0.4,TS_oracle,0.00893585049398199
0.4,TS_oracle,0.0115895566821645
0.4,TS_oracle,0.00549374129770347
0.4,TS_oracle,0.00439047705841562
0.4,TS_oracle,0.00708671687791482
0.4,TS_oracle,0.0163106547776038
0.4,TS_oracle,0.0031651721240542
0.4,TS_oracle,0.00474702780305558
0.4,TS_oracle,0.00475909030580381
0.4,TS_oracle,0.00557647033459158
0.4,TS_oracle,0.00760702956542376
0.4,TS_oracle,0.00712210696203585
0.4,TS_oracle,0.00694885734047476
0.4,TS_oracle,0.00484265320641154
0.4,TS_oracle,0.00333895738733971
0.4,TS_oracle,0.00661957609690116
0.4,TS_oracle,0.0051285315261261
0.4,TS_oracle,0.00737630685292775
0.4,TS_oracle,0.00736600950146845
0.4,TS_oracle,0.00293244377511385
0.4,TS_oracle,0.00716936352383409
0.4,TS_oracle,0.00704452153074454
0.4,TS_oracle,0.00191009828746113
0.4,TS_oracle,0.00481150070693532
0.5,PLS,0.00449572459583469
0.5,PLS,0.0123390375333891
0.5,PLS,0.0106396423267959
0.5,PLS,0.0151847449198229
0.5,PLS,0.00749316578360697
0.5,PLS,0.00834699708454234
0.5,PLS,0.00495531765512322
0.5,PLS,0.00303104460976641
0.5,PLS,0.0144606123005903
0.5,PLS,0.0177060370126814
0.5,PLS,0.0112690370238229
0.5,PLS,0.024698892870472
0.5,PLS,0.015496723325608
0.5,PLS,0.00916081397555628
0.5,PLS,0.0116266016135216
0.5,PLS,0.0101137860650559
0.5,PLS,0.00750921141879701
0.5,PLS,0.00832577934582877
0.5,PLS,0.0159079966515711
0.5,PLS,0.000807335957908122
0.5,PLS,0.00613419579473475
0.5,PLS,0.00860022203199218
0.5,PLS,0.0138773723552018
0.5,PLS,0.00157709488575543
0.5,PLS,0.0170831283871517
0.5,PLS,0.0147595075226673
0.5,PLS,0.0313690364120039
0.5,PLS,0.00513774435995607
0.5,PLS,0.00252450259829585
0.5,PLS,0.0218488379149214
0.5,PLS,0.017973469602023
0.5,PLS,0.00813872585484815
0.5,PLS,0.00764008606609802
0.5,PLS,0.0073201729247345
0.5,PLS,0.00682951735201901
0.5,PLS,0.0193102281167764
0.5,PLS,0.0119958265296922
0.5,PLS,0.0115419853802359
0.5,PLS,0.0102934784472123
0.5,PLS,0.0118450982418285
0.5,PLS,0.00493413639979061
0.5,PLS,0.0154110025956017
0.5,PLS,0.00844604221496307
0.5,PLS,0.00727453380728823
0.5,PLS,0.00394378948996049
0.5,PLS,0.012047636827333
0.5,PLS,0.0325761594978676
0.5,PLS,0.00548376595729958
0.5,PLS,0.0117026284238866
0.5,PLS,0.0155839963325136
0.5,PLS,0.00748543137372868
0.5,PLS,0.00777550619817003
0.5,PLS,0.0153155383133492
0.5,PLS,0.00169707100729159
0.5,PLS,0.00799242815156258
0.5,PLS,0.00750446468479685
0.5,PLS,0.0126229880013351
0.5,PLS,0.0107040718391122
0.5,PLS,0.00833775909064623
0.5,PLS,0.0166320632481043
0.5,PLS,0.011242273221244
0.5,PLS,0.00369527891291372
0.5,PLS,0.0124341885261402
0.5,PLS,0.00441362042375252
0.5,PLS,0.00403980382130498
0.5,PLS,0.00128436986279256
0.5,PLS,0.00743781368947625
0.5,PLS,0.00400196762637552
0.5,PLS,0.0082421778794114
0.5,PLS,0.0193018289168673
0.5,PLS,0.0088541176342642
0.5,PLS,0.00683519958646116
0.5,PLS,0.0152041462251314
0.5,PLS,0.0102861790262461
0.5,PLS,0.00604701845671099
0.5,PLS,0.00898723030205256
0.5,PLS,0.00813941453968496
0.5,PLS,0.00599866585488503
0.5,PLS,0.00602343808239568
0.5,PLS,0.00829413397908993
0.5,PLS,0.0115744490282319
0.5,PLS,0.00695436746214707
0.5,PLS,0.00299794367381813
0.5,PLS,0.0302872410988813
0.5,PLS,0.00410108338884
0.5,PLS,0.0138264588937255
0.5,PLS,0.00949217443726396
0.5,PLS,0.00645122396843174
0.5,PLS,0.00382593174853068
0.5,PLS,0.0115667148324031
0.5,PLS,0.0052292326565419
0.5,PLS,0.0137740196411236
0.5,PLS,0.00485807620595269
0.5,PLS,0.0122651976907489
0.5,PLS,0.0175193914295659
0.5,PLS,0.0159248745628633
0.5,PLS,0.00439743892277246
0.5,PLS,0.0109549608844354
0.5,PLS,0.00338579536253141
0.5,PLS,0.00920272314402791
0.5,PLS,0.0058695440526066
0.5,PLS,0.0134433346394715
0.5,PLS,0.0106041667358509
0.5,PLS,0.011077357008011
0.5,PLS,0.011312827171005
0.5,PLS,0.0189145993157101
0.5,PLS,0.00498925990361362
0.5,PLS,0.0212645212775595
0.5,PLS,0.00231610698006059
0.5,PLS,0.0136718762343559
0.5,PLS,0.01582211767199
0.5,PLS,0.00564929918456415
0.5,PLS,0.011932554052771
0.5,PLS,0.00315862419384165
0.5,PLS,0.0105426718454583
0.5,PLS,0.00996154544773412
0.5,PLS,0.0228192362206472
0.5,PLS,0.00658681738798907
0.5,PLS,0.00925784449209071
0.5,PLS,0.0132562363256411
0.5,PLS,0.0111728108596249
0.5,PLS,0.00613291545569831
0.5,PLS,0.0126072143823115
0.5,PLS,0.00342763187902934
0.5,PLS,0.00858101680394456
0.5,PLS,0.0120851290707385
0.5,PLS,0.0072654668730315
0.5,PLS,0.00903415037186239
0.5,PLS,0.00302997759325957
0.5,PLS,0.015307992595398
0.5,PLS,0.00362168396325868
0.5,PLS,0.0195500436218342
0.5,PLS,0.0015491028325643
0.5,PLS,0.00790809007693792
0.5,PLS,0.0040773676766785
0.5,PLS,0.0143169873363616
0.5,PLS,0.00402313501070687
0.5,PLS,0.0147312345546706
0.5,PLS,0.0101550078661525
0.5,PLS,0.00766125611549984
0.5,PLS,0.00581316698011971
0.5,PLS,0.0169766524355642
0.5,PLS,0.0108553889118823
0.5,PLS,0.00598385870186571
0.5,PLS,0.0155557908786418
0.5,PLS,0.00373263365033681
0.5,PLS,0.0033108115798046
0.5,PLS,0.00995864612484444
0.5,PLS,0.00306406278957894
0.5,PLS,0.021189395208125
0.5,PLS,0.0104023925311151
0.5,PLS,0.0205691050048857
0.5,PLS,0.00851029375223765
0.5,PLS,0.00847879137984497
0.5,PLS,0.0101189395043116
0.5,PLS,0.00338333575667625
0.5,PLS,0.0161201661270783
0.5,PLS,0.0211841136549421
0.5,PLS,0.0158941618926701
0.5,PLS,0.00449164530911941
0.5,PLS,0.00496026544871222
0.5,PLS,0.00971822824239213
0.5,PLS,0.011830919205815
0.5,PLS,0.0108659358746516
0.5,PLS,0.00371105129912289
0.5,PLS,0.0363697697962307
0.5,PLS,0.00890777897742333
0.5,PLS,0.0100659202272122
0.5,PLS,0.00550579438028485
0.5,PLS,0.00731715321703948
0.5,PLS,0.0115801309493892
0.5,PLS,0.0101307514513779
0.5,PLS,0.00202476928743152
0.5,PLS,0.00607126845536567
0.5,PLS,0.00684013782267526
0.5,PLS,0.0125593018829895
0.5,PLS,0.00375649925899788
0.5,PLS,0.022329999872653
0.5,PLS,0.00537703569292099
0.5,PLS,0.00118758087814671
0.5,PLS,0.0129480432556093
0.5,PLS,0.0132057599451046
0.5,PLS,0.0156877287833006
0.5,PLS,0.00786054578679231
0.5,PLS,0.00669771355095148
0.5,PLS,0.0229347990642139
0.5,PLS,0.0146215107603072
0.5,PLS,0.0054598410801631
0.5,PLS,0.00868704279513071
0.5,PLS,0.0112766772658831
0.5,PLS,0.00412922029843772
0.5,PLS,0.00909251166524976
0.5,PLS,0.0157261402954458
0.5,PLS,0.00215965329141337
0.5,PLS,0.00578947799701433
0.5,PLS,0.0119506070736339
0.5,PLS,0.0143246754304985
0.5,PLS,0.0169028987826444
0.5,PLS,0.00381680597754695
0.5,PLS,0.0076819948369825
0.5,fTS,0.0054369876183617
0.5,fTS,0.00460898096371952
0.5,fTS,0.00476538587774845
0.5,fTS,0.0145385901579943
0.5,fTS,0.00423985655848713
0.5,fTS,0.00487399873624854
0.5,fTS,0.00519144025426588
0.5,fTS,0.00183182037019644
0.5,fTS,0.00508365987296589
0.5,fTS,0.0088238845467674
0.5,fTS,0.00636000633476903
0.5,fTS,0.00712690892992237
0.5,fTS,0.00930494323942776
0.5,fTS,0.00591428029052551
0.5,fTS,0.0084681103440614
0.5,fTS,0.00817491526220301
0.5,fTS,0.00735579901752075
0.5,fTS,0.0036247463228302
0.5,fTS,0.0174598430862146
0.5,fTS,0.00330830688691822
0.5,fTS,0.00454348226580313
0.5,fTS,0.00782066122393527
0.5,fTS,0.00597959186490658
0.5,fTS,0.00341712358219783
0.5,fTS,0.0103182979134161
0.5,fTS,0.0111829449664549
0.5,fTS,0.00628273485549055
0.5,fTS,0.00535907579142203
0.5,fTS,0.00107536045231671
0.5,fTS,0.00974804102474745
0.5,fTS,0.0089076710211402
0.5,fTS,0.011509514570293
0.5,fTS,0.00525241673572471
0.5,fTS,0.00859330863995843
0.5,fTS,0.00730720961388561
0.5,fTS,0.00800850125775249
0.5,fTS,0.0130162695888338
0.5,fTS,0.0117170499719793
0.5,fTS,0.00676042257721804
0.5,fTS,0.0174005091386614
0.5,fTS,0.004118712322389
0.5,fTS,0.0111846366077112
0.5,fTS,0.00450107589670733
0.5,fTS,0.0110898165645094
0.5,fTS,0.0041026102831079
0.5,fTS,0.00738091760027893
0.5,fTS,0.0147772195536868
0.5,fTS,0.00519704394451847
0.5,fTS,0.00264559778787706
0.5,fTS,0.00776515229976766
0.5,fTS,0.00687725849580616
0.5,fTS,0.00531455194059763
0.5,fTS,0.00069551882827957
0.5,fTS,0.00260497393470697
0.5,fTS,0.00914326619291584
0.5,fTS,0.00354104215016077
0.5,fTS,0.00221019589702406
0.5,fTS,0.00335889324091522
0.5,fTS,0.00451555581443133
0.5,fTS,0.00734994266062405
0.5,fTS,0.00648466657488458
0.5,fTS,0.00517092251512824
0.5,fTS,0.00366555691237717
0.5,fTS,0.0029654258257553
0.5,fTS,0.0060027211843573
0.5,fTS,0.00209204716386314
0.5,fTS,0.00366958751535715
0.5,fTS,0.00203667796578848
0.5,fTS,0.00414714291536137
0.5,fTS,0.0138015666336551
0.5,fTS,0.00888416049027653
0.5,fTS,0.00378273740036446
0.5,fTS,0.00443655924840095
0.5,fTS,0.00909957692356198
0.5,fTS,0.00623194935528994
0.5,fTS,0.00423174061582913
0.5,fTS,0.00256133636894393
0.5,fTS,0.00319147846908956
0.5,fTS,0.00153194301315636
0.5,fTS,0.00330272397694963
0.5,fTS,0.00941569344947254
0.5,fTS,0.00642453104567199
0.5,fTS,0.00480618486689869
0.5,fTS,0.019531019407526
0.5,fTS,0.00400551779257098
0.5,fTS,0.00732593909416753
0.5,fTS,0.00346070400264833
0.5,fTS,0.00362411768222684
0.5,fTS,0.00465881500581331
0.5,fTS,0.00669548584521977
0.5,fTS,0.00506183009298324
0.5,fTS,0.0146023369705289
0.5,fTS,0.00144999221848453
0.5,fTS,0.012402423396465
0.5,fTS,0.00731010207220527
0.5,fTS,0.0132062602301746
0.5,fTS,0.00895187301629306
0.5,fTS,0.00769324532061549
0.5,fTS,0.00686188327745185
0.5,fTS,0.00654940462840363
0.5,fTS,0.00110990303353093
0.5,fTS,0.00815677007013139
0.5,fTS,0.00740660501115354
0.5,fTS,0.00797565945772375
0.5,fTS,0.00505831035028874
0.5,fTS,0.00851499661751312
0.5,fTS,0.00549549920239441
0.5,fTS,0.00381202658819008
0.5,fTS,0.00232816446217459
0.5,fTS,0.00487123464817227
0.5,fTS,0.00836035928072474
0.5,fTS,0.004614619132174
0.5,fTS,0.00740527029271564
0.5,fTS,0.00600601580987448
0.5,fTS,0.00534535860916936
0.5,fTS,0.00662895744965992
0.5,fTS,0.00649319473037889
0.5,fTS,0.00546749887051991
0.5,fTS,0.00424489589079111
0.5,fTS,0.0136457473016686
0.5,fTS,0.000656507281452068
0.5,fTS,0.00570792329210286
0.5,fTS,0.00630811794587595
0.5,fTS,0.00300116525630122
0.5,fTS,0.00389275285542587
0.5,fTS,0.0147941095833865
0.5,fTS,0.00664415161762925
0.5,fTS,0.00335477743821907
0.5,fTS,0.00580444228358507
0.5,fTS,0.0111174868645268
0.5,fTS,0.00190341857775384
0.5,fTS,0.0131556233479069
0.5,fTS,0.00115566412034728
0.5,fTS,0.00526505849019315
0.5,fTS,0.00296234289728966
0.5,fTS,0.00869533624617303
0.5,fTS,0.00686456910375652
0.5,fTS,0.0132386678793031
0.5,fTS,0.00676444439359883
0.5,fTS,0.00475335689177642
0.5,fTS,0.00251340335894718
0.5,fTS,0.00371022822814773
0.5,fTS,0.0100346449818112
0.5,fTS,0.00250002164073656
0.5,fTS,0.00845420371484276
0.5,fTS,0.00573710970021191
0.5,fTS,0.00122928563580845
0.5,fTS,0.00765596166453421
0.5,fTS,0.00684782012925175
0.5,fTS,0.00910347933172968
0.5,fTS,0.0108450791884151
0.5,fTS,0.0089643665477697
0.5,fTS,0.00495549711468831
0.5,fTS,0.00221695439284649
0.5,fTS,0.0230469810199432
0.5,fTS,0.00189139039459007
0.5,fTS,0.00569313302347272
0.5,fTS,0.00881563699416571
0.5,fTS,0.00532909189784826
0.5,fTS,0.00465847742281648
0.5,fTS,0.00440888122929225
0.5,fTS,0.00966735587623338
0.5,fTS,0.00668744548141195
0.5,fTS,0.00356383838173484
0.5,fTS,0.00465301839506453
0.5,fTS,0.0127522867213165
0.5,fTS,0.00519975442384227
0.5,fTS,0.00687884147811573
0.5,fTS,0.00525887542869352
0.5,fTS,0.00323236176859186
0.5,fTS,0.00490429109194658
0.5,fTS,0.00529037242144536
0.5,fTS,0.00156625249490935
0.5,fTS,0.00310321925917405
0.5,fTS,0.00679775467226226
0.5,fTS,0.00555745164238055
0.5,fTS,0.00304916142544733
0.5,fTS,0.00748723555317644
0.5,fTS,0.00904982848355191
0.5,fTS,0.0013987836370298
0.5,fTS,0.00435154596855594
0.5,fTS,0.00330027634304577
0.5,fTS,0.00737290779039294
0.5,fTS,0.00492426567833688
0.5,fTS,0.00441467845249543
0.5,fTS,0.0117506138100821
0.5,fTS,0.00412044293541122
0.5,fTS,0.00453745002917738
0.5,fTS,0.00554546776604006
0.5,fTS,0.00514736891776392
0.5,fTS,0.00434124070311447
0.5,fTS,0.00140267395225035
0.5,fTS,0.00686225130619779
0.5,fTS,0.00075665145952804
0.5,fTS,0.00638526605208275
0.5,fTS,0.0068367241127591
0.5,fTS,0.00616055710191164
0.5,fTS,0.00842434267621113
0.5,fTS,0.00595930172078258
0.5,fTS,0.00716332818049422
0.5,LS_oracle,0.00392121860122692
0.5,LS_oracle,0.0118661632996928
0.5,LS_oracle,0.010241149495964
0.5,LS_oracle,0.0146223421101301
0.5,LS_oracle,0.00670102949663761
0.5,LS_oracle,0.00687776051230891
0.5,LS_oracle,0.00380542582274315
0.5,LS_oracle,0.00312237510999659
0.5,LS_oracle,0.00548481446649056
0.5,LS_oracle,0.0165130278477832
0.5,LS_oracle,0.010857839849293
0.5,LS_oracle,0.0188446573980786
0.5,LS_oracle,0.0139805706893309
0.5,LS_oracle,0.0103290510663992
0.5,LS_oracle,0.0118323510936645
0.5,LS_oracle,0.00761614192122218
0.5,LS_oracle,0.00749496342937398
0.5,LS_oracle,0.0075900756298758
0.5,LS_oracle,0.0154023994900727
0.5,LS_oracle,0.00040359882273678
0.5,LS_oracle,0.00495465056481178
0.5,LS_oracle,0.00589047260389847
0.5,LS_oracle,0.012353919357382
0.5,LS_oracle,0.00173842399874719
0.5,LS_oracle,0.017762166419449
0.5,LS_oracle,0.01163139060892
0.5,LS_oracle,0.0319991328220789
0.5,LS_oracle,0.00227437001363818
0.5,LS_oracle,0.00337497541618973
0.5,LS_oracle,0.0219626312655432
0.5,LS_oracle,0.0187047396410749
0.5,LS_oracle,0.00737547791470671
0.5,LS_oracle,0.00608812669546048
0.5,LS_oracle,0.008371053950988
0.5,LS_oracle,0.00598600430648456
0.5,LS_oracle,0.0190069930256591
0.5,LS_oracle,0.0129168896099739
0.5,LS_oracle,0.016315210630152
0.5,LS_oracle,0.00907309158070105
0.5,LS_oracle,0.0102438239787194
0.5,LS_oracle,0.00540694132283888
0.5,LS_oracle,0.0103479580360029
0.5,LS_oracle,0.00885665941684551
0.5,LS_oracle,0.00741003294019911
0.5,LS_oracle,0.00377787801023531
0.5,LS_oracle,0.0113587636343044
0.5,LS_oracle,0.0301428454488258
0.5,LS_oracle,0.00551382893885121
0.5,LS_oracle,0.0114695121135908
0.5,LS_oracle,0.012856493712545
0.5,LS_oracle,0.00658240067378352
0.5,LS_oracle,0.00925603837164366
0.5,LS_oracle,0.0105903788058664
0.5,LS_oracle,0.00245928936414813
0.5,LS_oracle,0.00770664617070496
0.5,LS_oracle,0.00633438266563456
0.5,LS_oracle,0.0129763499430457
0.5,LS_oracle,0.0134819725102727
0.5,LS_oracle,0.00675056121498847
0.5,LS_oracle,0.0159584011091969
0.5,LS_oracle,0.00978928678337933
0.5,LS_oracle,0.0031191621431968
0.5,LS_oracle,0.0116968498939036
0.5,LS_oracle,0.00446023267900477
0.5,LS_oracle,0.00406048337444951
0.5,LS_oracle,0.00126609222188069
0.5,LS_oracle,0.00494472856380283
0.5,LS_oracle,0.00385066045657032
0.5,LS_oracle,0.00811769957113979
0.5,LS_oracle,0.0182751414603645
0.5,LS_oracle,0.0106263766662836
0.5,LS_oracle,0.00452090059142651
0.5,LS_oracle,0.0151168958286243
0.5,LS_oracle,0.00873952859100718
0.5,LS_oracle,0.00564226522747795
0.5,LS_oracle,0.00719977504779982
0.5,LS_oracle,0.00712837787667394
0.5,LS_oracle,0.00668125170764047
0.5,LS_oracle,0.00611842263118371
0.5,LS_oracle,0.00723343336516148
0.5,LS_oracle,0.00779910466883187
0.5,LS_oracle,0.00692242810300593
0.5,LS_oracle,0.00381635642401329
0.5,LS_oracle,0.022326626050873
0.5,LS_oracle,0.00390419000504885
0.5,LS_oracle,0.00918747028078008
0.5,LS_oracle,0.00873433117067402
0.5,LS_oracle,0.00647907175255734
0.5,LS_oracle,0.00338126575887555
0.5,LS_oracle,0.00955616702446767
0.5,LS_oracle,0.00486803689337805
0.5,LS_oracle,0.00760364934768941
0.5,LS_oracle,0.00461598491529676
0.5,LS_oracle,0.0117190871756222
0.5,LS_oracle,0.0166614110062073
0.5,LS_oracle,0.0172806576713207
0.5,LS_oracle,0.00427634345921595
0.5,LS_oracle,0.00974242249780279
0.5,LS_oracle,0.00371999780940643
0.5,LS_oracle,0.00616551984088627
0.5,LS_oracle,0.00491135829531739
0.5,LS_oracle,0.0128252129661965
0.5,LS_oracle,0.00668220209209053
0.5,LS_oracle,0.00939681723756731
0.5,LS_oracle,0.00993186206627032
0.5,LS_oracle,0.0162880631288128
0.5,LS_oracle,0.00580787706880538
0.5,LS_oracle,0.0102906457829129
0.5,LS_oracle,0.00197007171632914
0.5,LS_oracle,0.0142066792478354
0.5,LS_oracle,0.0164184210284874
0.5,LS_oracle,0.00573158083746668
0.5,LS_oracle,0.0131230897603093
0.5,LS_oracle,0.00244597949574862
0.5,LS_oracle,0.00763611468479896
0.5,LS_oracle,0.0086409418160239
0.5,LS_oracle,0.0199352274586711
0.5,LS_oracle,0.0068238722102875
0.5,LS_oracle,0.00860977503093177
0.5,LS_oracle,0.0125047423940189
0.5,LS_oracle,0.00888462657639109
0.5,LS_oracle,0.00593421011024215
0.5,LS_oracle,0.0114546343471968
0.5,LS_oracle,0.00380754298105167
0.5,LS_oracle,0.00837064238727349
0.5,LS_oracle,0.0112986990285756
0.5,LS_oracle,0.00823008346529415
0.5,LS_oracle,0.0090273695978358
0.5,LS_oracle,0.00341085772898631
0.5,LS_oracle,0.0150518946220471
0.5,LS_oracle,0.0033444800544819
0.5,LS_oracle,0.0201621009543237
0.5,LS_oracle,0.00175026757794591
0.5,LS_oracle,0.00845265444975428
0.5,LS_oracle,0.00257953248112996
0.5,LS_oracle,0.0163982157257566
0.5,LS_oracle,0.00366027315833097
0.5,LS_oracle,0.014946112772718
0.5,LS_oracle,0.0115718017441486
0.5,LS_oracle,0.00759540548676483
0.5,LS_oracle,0.00440642153706813
0.5,LS_oracle,0.0170359662247827
0.5,LS_oracle,0.010963715860728
0.5,LS_oracle,0.00707374238259487
0.5,LS_oracle,0.0147195772204926
0.5,LS_oracle,0.00365908795000785
0.5,LS_oracle,0.00260316097005657
0.5,LS_oracle,0.0101345634268455
0.5,LS_oracle,0.00302105694297368
0.5,LS_oracle,0.022899886551927
0.5,LS_oracle,0.0108372086888305
0.5,LS_oracle,0.0161624470020983
0.5,LS_oracle,0.00854500991455294
0.5,LS_oracle,0.00705759554445055
0.5,LS_oracle,0.0113792518978505
0.5,LS_oracle,0.00260526537788083
0.5,LS_oracle,0.0159923674170622
0.5,LS_oracle,0.018638779813971
0.5,LS_oracle,0.0089851376736716
0.5,LS_oracle,0.00469783239249624
0.5,LS_oracle,0.00498047946378488
0.5,LS_oracle,0.00730484624627624
0.5,LS_oracle,0.0111914484335448
0.5,LS_oracle,0.00677675179063376
0.5,LS_oracle,0.00347879541754527
0.5,LS_oracle,0.0361750202115868
0.5,LS_oracle,0.0087125404359869
0.5,LS_oracle,0.010251181805002
0.5,LS_oracle,0.00557625734875338
0.5,LS_oracle,0.00852680206325006
0.5,LS_oracle,0.00993115580971449
0.5,LS_oracle,0.0101231139058698
0.5,LS_oracle,0.00205650050999532
0.5,LS_oracle,0.00539897287207031
0.5,LS_oracle,0.00455447874839159
0.5,LS_oracle,0.0150609285516416
0.5,LS_oracle,0.00393365567263305
0.5,LS_oracle,0.0219384622104734
0.5,LS_oracle,0.00513041888149039
0.5,LS_oracle,0.00100857723165976
0.5,LS_oracle,0.0130489381708208
0.5,LS_oracle,0.0117692490521055
0.5,LS_oracle,0.0111241177992735
0.5,LS_oracle,0.00791375566526728
0.5,LS_oracle,0.00596221263363911
0.5,LS_oracle,0.0203560567835363
0.5,LS_oracle,0.0160997827648017
0.5,LS_oracle,0.00337607023062543
0.5,LS_oracle,0.00828254633897781
0.5,LS_oracle,0.0124818034321499
0.5,LS_oracle,0.00445143724450082
0.5,LS_oracle,0.0132714019930945
0.5,LS_oracle,0.0123438444033659
0.5,LS_oracle,0.00228376026603505
0.5,LS_oracle,0.00614048922426653
0.5,LS_oracle,0.0122495413710487
0.5,LS_oracle,0.0107198045531028
0.5,LS_oracle,0.015098323097714
0.5,LS_oracle,0.00374188337885845
0.5,LS_oracle,0.0080993885413592
0.5,TS_oracle,0.00526451067776989
0.5,TS_oracle,0.00367471940883343
0.5,TS_oracle,0.00441266065932212
0.5,TS_oracle,0.0144477688369393
0.5,TS_oracle,0.00372116156058132
0.5,TS_oracle,0.00413245404565134
0.5,TS_oracle,0.00499992415842226
0.5,TS_oracle,0.00169808213518765
0.5,TS_oracle,0.00405942109199134
0.5,TS_oracle,0.00635131557371124
0.5,TS_oracle,0.00602015385401203
0.5,TS_oracle,0.00610538154350884
0.5,TS_oracle,0.00924710792807898
0.5,TS_oracle,0.00404948193465309
0.5,TS_oracle,0.00805327666289515
0.5,TS_oracle,0.00716437415518416
0.5,TS_oracle,0.00712661789198751
0.5,TS_oracle,0.00376117412773112
0.5,TS_oracle,0.0174493618154495
0.5,TS_oracle,0.0030762600029982
0.5,TS_oracle,0.00416296149765863
0.5,TS_oracle,0.0047795701552723
0.5,TS_oracle,0.00457866755603275
0.5,TS_oracle,0.00315573797349734
0.5,TS_oracle,0.0104574606094078
0.5,TS_oracle,0.00991608048278692
0.5,TS_oracle,0.00635285125513088
0.5,TS_oracle,0.00471536190201567
0.5,TS_oracle,0.000661112617464113
0.5,TS_oracle,0.0094252051871269
0.5,TS_oracle,0.00904647675914562
0.5,TS_oracle,0.00997080810435054
0.5,TS_oracle,0.00452638902370022
0.5,TS_oracle,0.0087095918997659
0.5,TS_oracle,0.00413693415700212
0.5,TS_oracle,0.00797597594692796
0.5,TS_oracle,0.0122415337869305
0.5,TS_oracle,0.012443264197411
0.5,TS_oracle,0.00625587882450177
0.5,TS_oracle,0.00981266853191207
0.5,TS_oracle,0.00422337236518679
0.5,TS_oracle,0.00619184224459811
0.5,TS_oracle,0.00457006802587812
0.5,TS_oracle,0.0105329731830905
0.5,TS_oracle,0.00408464566036867
0.5,TS_oracle,0.0073800958608748
0.5,TS_oracle,0.0142972660177724
0.5,TS_oracle,0.00525614964471702
0.5,TS_oracle,0.00258671537196144
0.5,TS_oracle,0.00652648359548349
0.5,TS_oracle,0.00657838687193202
0.5,TS_oracle,0.00288913212382526
0.5,TS_oracle,0.000686055020234672
0.5,TS_oracle,0.00121551207278443
0.5,TS_oracle,0.00707908909827015
0.5,TS_oracle,0.0032872061329323
0.5,TS_oracle,0.00146756794319793
0.5,TS_oracle,0.00333828141353503
0.5,TS_oracle,0.00404618290228645
0.5,TS_oracle,0.00527409838139995
0.5,TS_oracle,0.00608463859749307
0.5,TS_oracle,0.00264025780779847
0.5,TS_oracle,0.00352949083449143
0.5,TS_oracle,0.00297744199600732
0.5,TS_oracle,0.00600553313235012
0.5,TS_oracle,0.00209861839721638
0.5,TS_oracle,0.00363531126862699
0.5,TS_oracle,0.00203449763391593
0.5,TS_oracle,0.00419085958153265
0.5,TS_oracle,0.0124720470421215
0.5,TS_oracle,0.00908890460895146
0.5,TS_oracle,0.00291972500171581
0.5,TS_oracle,0.00429808155748688
0.5,TS_oracle,0.00863257465598569
0.5,TS_oracle,0.00615615225099784
0.5,TS_oracle,0.0043906698855504
0.5,TS_oracle,0.0024258269798
0.5,TS_oracle,0.00290846174199047
0.5,TS_oracle,0.0015529578860581
0.5,TS_oracle,0.00210590830844282
0.5,TS_oracle,0.00715314686481011
0.5,TS_oracle,0.00648884466383763
0.5,TS_oracle,0.00512806653619511
0.5,TS_oracle,0.0169628103682402
0.5,TS_oracle,0.00399021282877385
0.5,TS_oracle,0.00541517775877566
0.5,TS_oracle,0.00350957651666249
0.5,TS_oracle,0.00331185336695715
0.5,TS_oracle,0.0044383179840128
0.5,TS_oracle,0.00538483471270399
0.5,TS_oracle,0.0046996556775802
0.5,TS_oracle,0.0142539185729465
0.5,TS_oracle,0.00143574094875798
0.5,TS_oracle,0.00559718054967063
0.5,TS_oracle,0.00717104280399069
0.5,TS_oracle,0.0134041217090784
0.5,TS_oracle,0.00710401179091047
0.5,TS_oracle,0.00632480407023957
0.5,TS_oracle,0.00354121778503211
0.5,TS_oracle,0.00627648502306542
0.5,TS_oracle,0.000961014800963563
0.5,TS_oracle,0.00795832916037721
0.5,TS_oracle,0.0071939727360177
0.5,TS_oracle,0.00635850650628256
0.5,TS_oracle,0.00398425809277025
0.5,TS_oracle,0.00705644589414858
0.5,TS_oracle,0.00568243679243855
0.5,TS_oracle,0.00379157064713987
0.5,TS_oracle,0.00207395470820656
0.5,TS_oracle,0.00498218479268679
0.5,TS_oracle,0.00837048640910575
0.5,TS_oracle,0.00342025658857198
0.5,TS_oracle,0.00744556569293425
0.5,TS_oracle,0.00642616890783579
0.5,TS_oracle,0.00469790070642746
0.5,TS_oracle,0.00463706527109046
0.5,TS_oracle,0.00545788195185272
0.5,TS_oracle,0.00560622261159091
0.5,TS_oracle,0.00413371481315988
0.5,TS_oracle,0.0128076121690928
0.5,TS_oracle,0.000682975993049
0.5,TS_oracle,0.0049704652266546
0.5,TS_oracle,0.00587763437297861
0.5,TS_oracle,0.00293932848530037
0.5,TS_oracle,0.00385692390705927
0.5,TS_oracle,0.0146205095679209
0.5,TS_oracle,0.00276783879668098
0.5,TS_oracle,0.00336656794944061
0.5,TS_oracle,0.00535699901175134
0.5,TS_oracle,0.01116522566892
0.5,TS_oracle,0.00193600652394037
0.5,TS_oracle,0.0098132228850482
0.5,TS_oracle,0.0012509543205489
0.5,TS_oracle,0.00538812631288509
0.5,TS_oracle,0.00111899911615736
0.5,TS_oracle,0.00702752174813998
0.5,TS_oracle,0.00587219556427589
0.5,TS_oracle,0.013280386511576
0.5,TS_oracle,0.00697869656094609
0.5,TS_oracle,0.00473567198136178
0.5,TS_oracle,0.00241780560138217
0.5,TS_oracle,0.00375899027572297
0.5,TS_oracle,0.00904014397131913
0.5,TS_oracle,0.00248763014111488
0.5,TS_oracle,0.00649421478831831
0.5,TS_oracle,0.00596928623618829
0.5,TS_oracle,0.00135353586155499
0.5,TS_oracle,0.00583490810982239
0.5,TS_oracle,0.0068308062571852
0.5,TS_oracle,0.00957244694710607
0.5,TS_oracle,0.0108791650662596
0.5,TS_oracle,0.00856310471338496
0.5,TS_oracle,0.00496037264596379
0.5,TS_oracle,0.00211440987470886
0.5,TS_oracle,0.0109475753045667
0.5,TS_oracle,0.00173783107136537
0.5,TS_oracle,0.0052169267491034
0.5,TS_oracle,0.00847921705830267
0.5,TS_oracle,0.00523457638602387
0.5,TS_oracle,0.00225707115793561
0.5,TS_oracle,0.00437785392830379
0.5,TS_oracle,0.00939856516713391
0.5,TS_oracle,0.00689217461121255
0.5,TS_oracle,0.00350691218893865
0.5,TS_oracle,0.0042786067050498
0.5,TS_oracle,0.0122664387939263
0.5,TS_oracle,0.00514058533651953
0.5,TS_oracle,0.00695852747238498
0.5,TS_oracle,0.00526319686108849
0.5,TS_oracle,0.0033082252536905
0.5,TS_oracle,0.00462692387805068
0.5,TS_oracle,0.00425229669168229
0.5,TS_oracle,0.00134741983002424
0.5,TS_oracle,0.00236505728150467
0.5,TS_oracle,0.00580688630111801
0.5,TS_oracle,0.00581852284368607
0.5,TS_oracle,0.00331162433902927
0.5,TS_oracle,0.00741844652712628
0.5,TS_oracle,0.00849581580174725
0.5,TS_oracle,0.000667820113205226
0.5,TS_oracle,0.0042941021080708
0.5,TS_oracle,0.00319091882499538
0.5,TS_oracle,0.00549374737968099
0.5,TS_oracle,0.0049097545600754
0.5,TS_oracle,0.00443328025251246
0.5,TS_oracle,0.0107324183658568
0.5,TS_oracle,0.00420084021625811
0.5,TS_oracle,0.00405226063937537
0.5,TS_oracle,0.00553705180329525
0.5,TS_oracle,0.00498228411291601
0.5,TS_oracle,0.00441547763034395
0.5,TS_oracle,0.0012864152815575
0.5,TS_oracle,0.00560308030897665
0.5,TS_oracle,0.000650446828083548
0.5,TS_oracle,0.00646713133290913
0.5,TS_oracle,0.00656149200451112
0.5,TS_oracle,0.00369708687117125
0.5,TS_oracle,0.00839351644963807
0.5,TS_oracle,0.00599188087130387
0.5,TS_oracle,0.00463848373894522
0.6,PLS,0.00210277489284696
0.6,PLS,0.0101056698125135
0.6,PLS,0.00669175933509096
0.6,PLS,0.00708524103867591
0.6,PLS,0.00521084416829375
0.6,PLS,0.00283449158147649
0.6,PLS,0.0131489060692933
0.6,PLS,0.0093427908003351
0.6,PLS,0.00748428475795563
0.6,PLS,0.00467745720784425
0.6,PLS,0.0054235580078242
0.6,PLS,0.0169662072446011
0.6,PLS,0.00270765823826589
0.6,PLS,0.0104123095943519
0.6,PLS,0.0342922743129764
0.6,PLS,0.00473005711449862
0.6,PLS,0.0234619547306003
0.6,PLS,0.0136521737248653
0.6,PLS,0.0110761031508869
0.6,PLS,0.00453332832263517
0.6,PLS,0.0105593274447587
0.6,PLS,0.0146513258616929
0.6,PLS,0.00571258253249196
0.6,PLS,0.00683028705761978
0.6,PLS,0.00899654878816218
0.6,PLS,0.0116527440206132
0.6,PLS,0.0047169862568315
0.6,PLS,0.0217969691353816
0.6,PLS,0.00705911993539225
0.6,PLS,0.0151851096284357
0.6,PLS,0.00467165760734123
0.6,PLS,0.00497318825278771
0.6,PLS,0.0193581703092532
0.6,PLS,0.00920761286743842
0.6,PLS,0.00513389164025225
0.6,PLS,0.0099309619902079
0.6,PLS,0.00654544362078122
0.6,PLS,0.0107453826607494
0.6,PLS,0.00910832145314001
0.6,PLS,0.0105392592942967
0.6,PLS,0.0328805981138703
0.6,PLS,0.00578671568166717
0.6,PLS,0.00209994999635065
0.6,PLS,0.0011076566481787
0.6,PLS,0.0141839213089413
0.6,PLS,0.0121672109214711
0.6,PLS,0.00387074481497299
0.6,PLS,0.00742553200530563
0.6,PLS,0.00544351952258041
0.6,PLS,0.0110530184127167
0.6,PLS,0.00865678005325307
0.6,PLS,0.0123125738330535
0.6,PLS,0.00821534651999883
0.6,PLS,0.00497708787818305
0.6,PLS,0.0030365191603196
0.6,PLS,0.00239407083615956
0.6,PLS,0.0130279601736577
0.6,PLS,0.0032199244867729
0.6,PLS,0.0131497715768798
0.6,PLS,0.002636429130793
0.6,PLS,0.00536272799132167
0.6,PLS,0.00538791953901692
0.6,PLS,0.00323071860099635
0.6,PLS,0.00325951067291648
0.6,PLS,0.00861490330834426
0.6,PLS,0.00799453760324143
0.6,PLS,0.0120507607127323
0.6,PLS,0.0289644172398887
0.6,PLS,0.00626387184909859
0.6,PLS,0.00749345169475944
0.6,PLS,0.00434929676161546
0.6,PLS,0.0209441433264926
0.6,PLS,0.0081649343772323
0.6,PLS,0.00247670656913358
0.6,PLS,0.0229925932332874
0.6,PLS,0.0121881906788965
0.6,PLS,0.0192932350545373
0.6,PLS,0.0125591232796911
0.6,PLS,0.0104998277846113
0.6,PLS,0.0193731710465905
0.6,PLS,0.0102086000600381
0.6,PLS,0.0168456785425885
0.6,PLS,0.00247545636150342
0.6,PLS,0.0133891424587084
0.6,PLS,0.00732290912897396
0.6,PLS,0.00332217745869563
0.6,PLS,0.0182491244568214
0.6,PLS,0.0202161994108536
0.6,PLS,0.00360383216995463
0.6,PLS,0.0149746726126586
0.6,PLS,0.00644885796304284
0.6,PLS,0.00110626742312887
0.6,PLS,0.0191586383700219
0.6,PLS,0.00863140398271761
0.6,PLS,0.00814068501795038
0.6,PLS,0.00330935539943649
0.6,PLS,0.00532271338284664
0.6,PLS,0.00835384765252235
0.6,PLS,0.00758253979854247
0.6,PLS,0.00424866061085896
0.6,PLS,0.00731893231039031
0.6,PLS,0.00623617021705606
0.6,PLS,0.0294109247194835
0.6,PLS,0.00321042573904021
0.6,PLS,0.00799827905671885
0.6,PLS,0.0218444131288495
0.6,PLS,0.00630700213971821
0.6,PLS,0.00165091150407071
0.6,PLS,0.0159201496026995
0.6,PLS,0.00110533271360572
0.6,PLS,0.0135091692524298
0.6,PLS,0.00508030832050949
0.6,PLS,0.0283167171285667
0.6,PLS,0.00978742542928647
0.6,PLS,0.00950248585789559
0.6,PLS,0.00971300218405747
0.6,PLS,0.00943055879005204
0.6,PLS,0.00677555533797936
0.6,PLS,0.00384341842159729
0.6,PLS,0.00551618784415101
0.6,PLS,0.00739901935246764
0.6,PLS,0.0106722724470972
0.6,PLS,0.00480024519428225
0.6,PLS,0.00606510254157166
0.6,PLS,0.0182348629726347
0.6,PLS,0.0123259457895667
0.6,PLS,0.0142708603541839
0.6,PLS,0.00373478850880905
0.6,PLS,0.00933825728961304
0.6,PLS,0.016669633178449
0.6,PLS,0.00555287763962987
0.6,PLS,0.0061871621207742
0.6,PLS,0.0150509001778592
0.6,PLS,0.00688786797575367
0.6,PLS,0.00783645492418563
0.6,PLS,0.00422667193054844
0.6,PLS,0.0185830132894169
0.6,PLS,0.00523653096098173
0.6,PLS,0.00770273294935317
0.6,PLS,0.00528264490955982
0.6,PLS,0.00585674244145057
0.6,PLS,0.00564453909876275
0.6,PLS,0.0110477011292422
0.6,PLS,0.00866265661346872
0.6,PLS,0.0112333922244207
0.6,PLS,0.0128600732468524
0.6,PLS,0.00618900607591777
0.6,PLS,0.00963717969636256
0.6,PLS,0.00464956299429596
0.6,PLS,0.0113546539477359
0.6,PLS,0.00837972773435195
0.6,PLS,0.00614791804429658
0.6,PLS,0.00603232498083196
0.6,PLS,0.00685610316155719
0.6,PLS,0.00246187840285231
0.6,PLS,0.00928214096555097
0.6,PLS,0.00763271987697261
0.6,PLS,0.0119820630590632
0.6,PLS,0.00455268944258264
0.6,PLS,0.0123721856916456
0.6,PLS,0.0138687104492527
0.6,PLS,0.00140897853463532
0.6,PLS,0.00505342407020142
0.6,PLS,0.010115216395352
0.6,PLS,0.00712931528428535
0.6,PLS,0.0119050857971915
0.6,PLS,0.00529748605972183
0.6,PLS,0.00439576233607541
0.6,PLS,0.0134582762522891
0.6,PLS,0.0104600130324596
0.6,PLS,0.00552526824204878
0.6,PLS,0.00209320476738374
0.6,PLS,0.00818885575960047
0.6,PLS,0.00809112101080548
0.6,PLS,0.00334120019174933
0.6,PLS,0.0113780691875719
0.6,PLS,0.0103837304103567
0.6,PLS,0.0158585800482989
0.6,PLS,0.00525786116173175
0.6,PLS,0.00890012929878011
0.6,PLS,0.00788057797742225
0.6,PLS,0.010071625775556
0.6,PLS,0.029134605199956
0.6,PLS,0.0209020110598812
0.6,PLS,0.022268222915816
0.6,PLS,0.00527602279180405
0.6,PLS,0.00595217548519558
0.6,PLS,0.00279409390460034
0.6,PLS,0.00343244545933032
0.6,PLS,0.0128245759229207
0.6,PLS,0.0166010235932127
0.6,PLS,0.013598203694049
0.6,PLS,0.0129811604603528
0.6,PLS,0.00660427919406227
0.6,PLS,0.00725938141269747
0.6,PLS,0.0124882066172913
0.6,PLS,0.0287475386028016
0.6,PLS,0.00617704948396225
0.6,PLS,0.0089227666313477
0.6,PLS,0.00556344773664513
0.6,fTS,0.00464413313162737
0.6,fTS,0.0111484651438648
0.6,fTS,0.00130673871980313
0.6,fTS,0.00406955334839337
0.6,fTS,0.00306438674175908
0.6,fTS,0.00184740162360622
0.6,fTS,0.00380370636290282
0.6,fTS,0.00901567988169941
0.6,fTS,0.00583714849850499
0.6,fTS,0.00521291231840333
0.6,fTS,0.00155933748905412
0.6,fTS,0.00405632466818379
0.6,fTS,0.00279079269574842
0.6,fTS,0.00340995992023621
0.6,fTS,0.00683391001974219
0.6,fTS,0.00606965327068035
0.6,fTS,0.00246250183776223
0.6,fTS,0.00680416508046678
0.6,fTS,0.00395042575843818
0.6,fTS,0.00285124018832012
0.6,fTS,0.00533942929058125
0.6,fTS,0.00953742378420436
0.6,fTS,0.0015985520922349
0.6,fTS,0.0059685927228786
0.6,fTS,0.0024290579381814
0.6,fTS,0.00768010960091877
0.6,fTS,0.00309791652950814
0.6,fTS,0.00765938951021321
0.6,fTS,0.00427048997443657
0.6,fTS,0.00611650863908075
0.6,fTS,0.00313965587328942
0.6,fTS,0.00585451579057453
0.6,fTS,0.00611944923663502
0.6,fTS,0.00321153434937827
0.6,fTS,0.00323384720949662
0.6,fTS,0.00446470872598243
0.6,fTS,0.00195582912665859
0.6,fTS,0.00496367361820854
0.6,fTS,0.00538757840240835
0.6,fTS,0.00683675832456401
0.6,fTS,0.0089132600508343
0.6,fTS,0.00331485957690722
0.6,fTS,0.00538703323897831
0.6,fTS,0.000736843206052568
0.6,fTS,0.010322118054289
0.6,fTS,0.00234584697927896
0.6,fTS,0.00491944253311059
0.6,fTS,0.00429163145207947
0.6,fTS,0.00739038748500952
0.6,fTS,0.00558597586314879
0.6,fTS,0.00408329386823381
0.6,fTS,0.0020155968239299
0.6,fTS,0.00530515436212299
0.6,fTS,0.00461072753806721
0.6,fTS,0.00290661250013786
0.6,fTS,0.00194645083590853
0.6,fTS,0.00559170917731514
0.6,fTS,0.00196415980310373
0.6,fTS,0.0139050659045821
0.6,fTS,0.00253763045128522
0.6,fTS,0.00684166516449656
0.6,fTS,0.00400571123891302
0.6,fTS,0.00539414724562247
0.6,fTS,0.0034817817296516
0.6,fTS,0.00253131413297147
0.6,fTS,0.0100013140087154
0.6,fTS,0.00455540272996302
0.6,fTS,0.00911126224192475
0.6,fTS,0.00390011856168509
0.6,fTS,0.0059073556172551
0.6,fTS,0.00291395730267659
0.6,fTS,0.0116710484700525
0.6,fTS,0.00557349618325072
0.6,fTS,0.00184384763878769
0.6,fTS,0.00437339694118712
0.6,fTS,0.003053651498473
0.6,fTS,0.00973446014653918
0.6,fTS,0.00816439339748617
0.6,fTS,0.00484015011841043
0.6,fTS,0.00345211055609506
0.6,fTS,0.0029459117373773
0.6,fTS,0.00639544220727135
0.6,fTS,0.0017330871214432
0.6,fTS,0.00321354682221752
0.6,fTS,0.00268056741731596
0.6,fTS,0.000808415121344124
0.6,fTS,0.00445632840505174
0.6,fTS,0.00524428862512969
0.6,fTS,0.00498887676297521
0.6,fTS,0.0139295826824731
0.6,fTS,0.00499182715258901
0.6,fTS,0.00113999493796538
0.6,fTS,0.00145351588523095
0.6,fTS,0.00636485017430342
0.6,fTS,0.00286623913881993
0.6,fTS,0.00478492462675408
0.6,fTS,0.00245137093537384
0.6,fTS,0.00430778640731255
0.6,fTS,0.0052779227896488
0.6,fTS,0.00500241604133515
0.6,fTS,0.00268192214980139
0.6,fTS,0.00282016623029364
0.6,fTS,0.0157888598930495
0.6,fTS,0.00284570914182061
0.6,fTS,0.00175019544308592
0.6,fTS,0.0106306426016067
0.6,fTS,0.0052304469529867
0.6,fTS,0.00213750058659478
0.6,fTS,0.00631088721807512
0.6,fTS,0.00153992190052391
0.6,fTS,0.00370848227299606
0.6,fTS,0.00352395831018608
0.6,fTS,0.0091722076825469
0.6,fTS,0.00828163488179197
0.6,fTS,0.00340065647449453
0.6,fTS,0.00593444356619213
0.6,fTS,0.00982290792089042
0.6,fTS,0.00408800356080237
0.6,fTS,0.00155786440915176
0.6,fTS,0.00268352921686137
0.6,fTS,0.00503731019098368
0.6,fTS,0.010036858644472
0.6,fTS,0.000855112355879654
0.6,fTS,0.00512010263032619
0.6,fTS,0.0115826990734629
0.6,fTS,0.00403374143183356
0.6,fTS,0.00433416538978864
0.6,fTS,0.00390539200131413
0.6,fTS,0.00237399590431636
0.6,fTS,0.00418717845084449
0.6,fTS,0.00973116305821658
0.6,fTS,0.00553143950751035
0.6,fTS,0.00354398518028851
0.6,fTS,0.00326934879186506
0.6,fTS,0.00326668629025944
0.6,fTS,0.00225271857393816
0.6,fTS,0.00451348733274301
0.6,fTS,0.00123057833971488
0.6,fTS,0.00334168862082654
0.6,fTS,0.00380187560423023
0.6,fTS,0.00570651271546032
0.6,fTS,0.00852772795414936
0.6,fTS,0.0066742907968581
0.6,fTS,0.00502925664466243
0.6,fTS,0.0053649249129401
0.6,fTS,0.00688326590623638
0.6,fTS,0.00516861517855316
0.6,fTS,0.00648800452783047
0.6,fTS,0.00467138141126913
0.6,fTS,0.00874011000211218
0.6,fTS,0.00528854470775071
0.6,fTS,0.00599345358930264
0.6,fTS,0.00263478488778084
0.6,fTS,0.00698690225326475
0.6,fTS,0.00414628942211232
0.6,fTS,0.0068621611359408
0.6,fTS,0.00561709041929374
0.6,fTS,0.00407805666055156
0.6,fTS,0.00334953717726024
0.6,fTS,0.00300059768621991
0.6,fTS,0.00839044644740158
0.6,fTS,0.00366637735356913
0.6,fTS,0.0105413111220888
0.6,fTS,0.00273713422259892
0.6,fTS,0.0062317862077196
0.6,fTS,0.011636537234413
0.6,fTS,0.00193223576644338
0.6,fTS,0.00544105195429913
0.6,fTS,0.00514424181540873
0.6,fTS,0.00179463572331959
0.6,fTS,0.00304002220131317
0.6,fTS,0.00175637217055657
0.6,fTS,0.00182520808897623
0.6,fTS,0.00362389598058524
0.6,fTS,0.00107934993930305
0.6,fTS,0.00362155282405675
0.6,fTS,0.00746620690840398
0.6,fTS,0.00631547294983658
0.6,fTS,0.00424147293347893
0.6,fTS,0.0111770944089508
0.6,fTS,0.00289960842193282
0.6,fTS,0.012883751357881
0.6,fTS,0.0081054431226533
0.6,fTS,0.00758927899472324
0.6,fTS,0.00855352246745376
0.6,fTS,0.00664171679394906
0.6,fTS,0.00376615085669805
0.6,fTS,0.00319587116971757
0.6,fTS,0.00261086508288775
0.6,fTS,0.0113958242649719
0.6,fTS,0.00700681588225122
0.6,fTS,0.00973689638014042
0.6,fTS,0.0103526330826104
0.6,fTS,0.000981411151657444
0.6,fTS,0.0010996174318378
0.6,fTS,0.00340286218806567
0.6,fTS,0.00454769875438489
0.6,fTS,0.0021526168731999
0.6,fTS,0.0129314734025715
0.6,fTS,0.00332889611513236
0.6,LS_oracle,0.00212069666875551
0.6,LS_oracle,0.010257323723204
0.6,LS_oracle,0.00618199396537995
0.6,LS_oracle,0.00678291332836167
0.6,LS_oracle,0.0052764196599919
0.6,LS_oracle,0.00307938290042969
0.6,LS_oracle,0.00986216087870506
0.6,LS_oracle,0.00816365310387579
0.6,LS_oracle,0.00683631451008322
0.6,LS_oracle,0.00493363062986945
0.6,LS_oracle,0.00582342456300434
0.6,LS_oracle,0.016212969665322
0.6,LS_oracle,0.00251404344636832
0.6,LS_oracle,0.010712556362041
0.6,LS_oracle,0.0292938582809538
0.6,LS_oracle,0.00500978194322132
0.6,LS_oracle,0.0235533462076472
0.6,LS_oracle,0.0133926273571431
0.6,LS_oracle,0.0113287464848445
0.6,LS_oracle,0.00481104737990566
0.6,LS_oracle,0.0120671731221822
0.6,LS_oracle,0.0121656106954427
0.6,LS_oracle,0.00562443977952472
0.6,LS_oracle,0.00523245017449017
0.6,LS_oracle,0.0070322881784359
0.6,LS_oracle,0.0117027578150694
0.6,LS_oracle,0.00305199489914413
0.6,LS_oracle,0.0166114402624738
0.6,LS_oracle,0.00715020849830806
0.6,LS_oracle,0.0140484146111488
0.6,LS_oracle,0.00399265279549704
0.6,LS_oracle,0.00520792045682956
0.6,LS_oracle,0.0183946348193966
0.6,LS_oracle,0.0065047218089928
0.6,LS_oracle,0.00471006315347138
0.6,LS_oracle,0.0108853353600285
0.6,LS_oracle,0.00649669669795071
0.6,LS_oracle,0.0106754173097379
0.6,LS_oracle,0.00621088196368908
0.6,LS_oracle,0.00610304238295208
0.6,LS_oracle,0.0330676335909201
0.6,LS_oracle,0.00459473860952838
0.6,LS_oracle,0.00219283161780466
0.6,LS_oracle,0.00118875196637577
0.6,LS_oracle,0.014436968699321
0.6,LS_oracle,0.0121280844452286
0.6,LS_oracle,0.00579941767825027
0.6,LS_oracle,0.0070893997738461
0.6,LS_oracle,0.00577978233284579
0.6,LS_oracle,0.0109969554984096
0.6,LS_oracle,0.00677944879832777
0.6,LS_oracle,0.00967657139214024
0.6,LS_oracle,0.00947112400407177
0.6,LS_oracle,0.00479465698499973
0.6,LS_oracle,0.00207899941784272
0.6,LS_oracle,0.00231097085316853
0.6,LS_oracle,0.0101880350405822
0.6,LS_oracle,0.0029824449640855
0.6,LS_oracle,0.0123284947685319
0.6,LS_oracle,0.00261124644456605
0.6,LS_oracle,0.0030361040622978
0.6,LS_oracle,0.00443400600084831
0.6,LS_oracle,0.00323945580325594
0.6,LS_oracle,0.00328875026793839
0.6,LS_oracle,0.00657143062055303
0.6,LS_oracle,0.00721330503617416
0.6,LS_oracle,0.0110811116551453
0.6,LS_oracle,0.0158044915741707
0.6,LS_oracle,0.00628804761830837
0.6,LS_oracle,0.00888830235543642
0.6,LS_oracle,0.00432193069215648
0.6,LS_oracle,0.0210373303491786
0.6,LS_oracle,0.00661075726169732
0.6,LS_oracle,0.00247768096529744
0.6,LS_oracle,0.0180664608909658
0.6,LS_oracle,0.00963374250170768
0.6,LS_oracle,0.0193393788543677
0.6,LS_oracle,0.0120594435891401
0.6,LS_oracle,0.0151034043846026
0.6,LS_oracle,0.0119847572535356
0.6,LS_oracle,0.00651429634665301
0.6,LS_oracle,0.0158289680027574
0.6,LS_oracle,0.00252567254055195
0.6,LS_oracle,0.013447495647807
0.6,LS_oracle,0.00976792728738394
0.6,LS_oracle,0.00340321267429421
0.6,LS_oracle,0.01828368045345
0.6,LS_oracle,0.0191023467188563
0.6,LS_oracle,0.00354603200590314
0.6,LS_oracle,0.015211617125479
0.6,LS_oracle,0.00700482913204533
0.6,LS_oracle,0.00111070155077368
0.6,LS_oracle,0.0183265440474491
0.6,LS_oracle,0.00975011419114496
0.6,LS_oracle,0.00807659589862736
0.6,LS_oracle,0.00331767178249999
0.6,LS_oracle,0.00502669322549197
0.6,LS_oracle,0.00737719602543646
0.6,LS_oracle,0.00602990389799487
0.6,LS_oracle,0.00450737166997809
0.6,LS_oracle,0.00272232920856561
0.6,LS_oracle,0.0060772868213653
0.6,LS_oracle,0.0139198491169654
0.6,LS_oracle,0.00260225084399373
0.6,LS_oracle,0.00734823306948552
0.6,LS_oracle,0.0231829317148806
0.6,LS_oracle,0.00577590841361473
0.6,LS_oracle,0.00163598682143229
0.6,LS_oracle,0.0133307497169195
0.6,LS_oracle,0.00100623366833693
0.6,LS_oracle,0.014054451475693
0.6,LS_oracle,0.00491371860616431
0.6,LS_oracle,0.0265389240561356
0.6,LS_oracle,0.00976997130778789
0.6,LS_oracle,0.00935602424315271
0.6,LS_oracle,0.00538046141359307
0.6,LS_oracle,0.00697301830610707
0.6,LS_oracle,0.00670910362564916
0.6,LS_oracle,0.00394735356361451
0.6,LS_oracle,0.00548792927884224
0.6,LS_oracle,0.00739828757325883
0.6,LS_oracle,0.0104322405398822
0.6,LS_oracle,0.00480320857455294
0.6,LS_oracle,0.00764112173773488
0.6,LS_oracle,0.0179659359387192
0.6,LS_oracle,0.0120527481983253
0.6,LS_oracle,0.00368269049877885
0.6,LS_oracle,0.00372670760515225
0.6,LS_oracle,0.00961439480457124
0.6,LS_oracle,0.0166462615823984
0.6,LS_oracle,0.00490328599146366
0.6,LS_oracle,0.00740207775855348
0.6,LS_oracle,0.00428794071060917
0.6,LS_oracle,0.00319126176952299
0.6,LS_oracle,0.00905097331299836
0.6,LS_oracle,0.00398174835594005
0.6,LS_oracle,0.0226708082642687
0.6,LS_oracle,0.00555812664346558
0.6,LS_oracle,0.00585270398119334
0.6,LS_oracle,0.011271657806768
0.6,LS_oracle,0.00476496115664698
0.6,LS_oracle,0.00591512002766023
0.6,LS_oracle,0.0110568664331533
0.6,LS_oracle,0.0106860632525778
0.6,LS_oracle,0.0119609767079304
0.6,LS_oracle,0.010797815528871
0.6,LS_oracle,0.00453883084534969
0.6,LS_oracle,0.00951031912660745
0.6,LS_oracle,0.00246646608661674
0.6,LS_oracle,0.0122910118025928
0.6,LS_oracle,0.0115388655427659
0.6,LS_oracle,0.00660899976451183
0.6,LS_oracle,0.00494133450778429
0.6,LS_oracle,0.00556510693743119
0.6,LS_oracle,0.00247670641718509
0.6,LS_oracle,0.0101971874481114
0.6,LS_oracle,0.00794552744174396
0.6,LS_oracle,0.011731479833666
0.6,LS_oracle,0.00329864927123261
0.6,LS_oracle,0.0127286368290504
0.6,LS_oracle,0.0134268724770345
0.6,LS_oracle,0.00121724368766179
0.6,LS_oracle,0.00485239892937418
0.6,LS_oracle,0.0103773367194123
0.6,LS_oracle,0.00794053142949827
0.6,LS_oracle,0.0119062716239233
0.6,LS_oracle,0.00456513510223897
0.6,LS_oracle,0.00407110660687481
0.6,LS_oracle,0.012120670882396
0.6,LS_oracle,0.00496442004425118
0.6,LS_oracle,0.00644361799882069
0.6,LS_oracle,0.00223600374605052
0.6,LS_oracle,0.00770326434584431
0.6,LS_oracle,0.00704606452092752
0.6,LS_oracle,0.00158872267393409
0.6,LS_oracle,0.0112844321431365
0.6,LS_oracle,0.0100658504546239
0.6,LS_oracle,0.0165476702637169
0.6,LS_oracle,0.00534230476038419
0.6,LS_oracle,0.0102636450259709
0.6,LS_oracle,0.00594118069226922
0.6,LS_oracle,0.0171090327876359
0.6,LS_oracle,0.0277227432654674
0.6,LS_oracle,0.020400247557192
0.6,LS_oracle,0.0217345602191866
0.6,LS_oracle,0.00459642126262382
0.6,LS_oracle,0.00613088539355627
0.6,LS_oracle,0.00187183228284533
0.6,LS_oracle,0.00356056700172176
0.6,LS_oracle,0.0113494204462824
0.6,LS_oracle,0.0167513617444072
0.6,LS_oracle,0.0142652504047077
0.6,LS_oracle,0.0135140258282826
0.6,LS_oracle,0.00610459031004302
0.6,LS_oracle,0.00826499325226997
0.6,LS_oracle,0.0127841698664403
0.6,LS_oracle,0.0125670984115148
0.6,LS_oracle,0.00637539300429298
0.6,LS_oracle,0.00887996539751856
0.6,LS_oracle,0.00681341540005012
0.6,TS_oracle,0.00450688810257778
0.6,TS_oracle,0.0111157106036729
0.6,TS_oracle,0.000892723629202397
0.6,TS_oracle,0.00343025110453486
0.6,TS_oracle,0.00306433972059719
0.6,TS_oracle,0.00184755062172255
0.6,TS_oracle,0.00301809279105847
0.6,TS_oracle,0.00529363812112183
0.6,TS_oracle,0.00568092375184712
0.6,TS_oracle,0.00462863291357773
0.6,TS_oracle,0.00162764245656083
0.6,TS_oracle,0.0040174141145447
0.6,TS_oracle,0.00279770872409268
0.6,TS_oracle,0.00256716577911667
0.6,TS_oracle,0.00637410412825347
0.6,TS_oracle,0.00611739702977263
0.6,TS_oracle,0.00246566582568268
0.6,TS_oracle,0.00678999588737658
0.6,TS_oracle,0.00385528785411434
0.6,TS_oracle,0.00245182535418223
0.6,TS_oracle,0.00525988048242163
0.6,TS_oracle,0.00845878792600185
0.6,TS_oracle,0.000945663961284402
0.6,TS_oracle,0.00599058972373356
0.6,TS_oracle,0.00210539288150487
0.6,TS_oracle,0.00768795405953458
0.6,TS_oracle,0.00309234517081488
0.6,TS_oracle,0.00670444240580288
0.6,TS_oracle,0.00356308173467405
0.6,TS_oracle,0.00577926379664184
0.6,TS_oracle,0.00312738938296307
0.6,TS_oracle,0.00531712056734599
0.6,TS_oracle,0.0051064380995637
0.6,TS_oracle,0.00150802706701154
0.6,TS_oracle,0.00307940925264067
0.6,TS_oracle,0.00436459535685265
0.6,TS_oracle,0.00167779112797272
0.6,TS_oracle,0.0041444189872736
0.6,TS_oracle,0.00511437840174656
0.6,TS_oracle,0.00282359067920724
0.6,TS_oracle,0.00865573648629601
0.6,TS_oracle,0.00332071122223335
0.6,TS_oracle,0.00508607671285256
0.6,TS_oracle,0.000743494609572272
0.6,TS_oracle,0.0105018765116522
0.6,TS_oracle,0.00235561150724492
0.6,TS_oracle,0.00523120367881181
0.6,TS_oracle,0.00325538148138337
0.6,TS_oracle,0.00680359630076946
0.6,TS_oracle,0.00556203714247184
0.6,TS_oracle,0.00394437023763839
0.6,TS_oracle,0.00201499805801504
0.6,TS_oracle,0.00524193885153497
0.6,TS_oracle,0.00415581814169792
0.6,TS_oracle,0.00256656282418639
0.6,TS_oracle,0.00190150745335824
0.6,TS_oracle,0.00493967678269172
0.6,TS_oracle,0.00194491194240719
0.6,TS_oracle,0.0137153938850898
0.6,TS_oracle,0.00248633966916556
0.6,TS_oracle,0.00587725742145094
0.6,TS_oracle,0.00400546337094031
0.6,TS_oracle,0.00525286356812666
0.6,TS_oracle,0.00353122410795212
0.6,TS_oracle,0.0019910580352901
0.6,TS_oracle,0.00977655579621499
0.6,TS_oracle,0.00456159438706255
0.6,TS_oracle,0.00574522350699189
0.6,TS_oracle,0.00313902995657772
0.6,TS_oracle,0.00535504948885326
0.6,TS_oracle,0.00226881961442185
0.6,TS_oracle,0.0116826509208507
0.6,TS_oracle,0.00555602673736683
0.6,TS_oracle,0.00157642506702788
0.6,TS_oracle,0.00327737904026473
0.6,TS_oracle,0.00284774541107094
0.6,TS_oracle,0.009361940420853
0.6,TS_oracle,0.00718173494018215
0.6,TS_oracle,0.00505362039429549
0.6,TS_oracle,0.00197728985317739
0.6,TS_oracle,0.00198275278255175
0.6,TS_oracle,0.00607505489663232
0.6,TS_oracle,0.00178737040387938
0.6,TS_oracle,0.00318312759476121
0.6,TS_oracle,0.00260220887660051
0.6,TS_oracle,0.000786967309142964
0.6,TS_oracle,0.00413637026526678
0.6,TS_oracle,0.00517353526770846
0.6,TS_oracle,0.00339821308635515
0.6,TS_oracle,0.0138985057321945
0.6,TS_oracle,0.00519988722220585
0.6,TS_oracle,0.00110324423444122
0.6,TS_oracle,0.00148804692267442
0.6,TS_oracle,0.00647000313989296
0.6,TS_oracle,0.00249636789502049
0.6,TS_oracle,0.00479262986763116
0.6,TS_oracle,0.00243729723692645
0.6,TS_oracle,0.00468315544010533
0.6,TS_oracle,0.0032482104923889
0.6,TS_oracle,0.00489635711639818
0.6,TS_oracle,0.00213488106267549
0.6,TS_oracle,0.00282597259104265
0.6,TS_oracle,0.00455539085119937
0.6,TS_oracle,0.00271967896749738
0.6,TS_oracle,0.00175098391880887
0.6,TS_oracle,0.0105565720247614
0.6,TS_oracle,0.00514720885141903
0.6,TS_oracle,0.00214271886299957
0.6,TS_oracle,0.00405452968478717
0.6,TS_oracle,0.00141293280405764
0.6,TS_oracle,0.00373865991169824
0.6,TS_oracle,0.00329641008589979
0.6,TS_oracle,0.00690712954967492
0.6,TS_oracle,0.00659288779683957
0.6,TS_oracle,0.00339049533884991
0.6,TS_oracle,0.00433172041385782
0.6,TS_oracle,0.00612163392500803
0.6,TS_oracle,0.00381365602717353
0.6,TS_oracle,0.00156519029795132
0.6,TS_oracle,0.00268389820905387
0.6,TS_oracle,0.00503736613173908
0.6,TS_oracle,0.0100130749703539
0.6,TS_oracle,0.000855074556639261
0.6,TS_oracle,0.00507194622315146
0.6,TS_oracle,0.0115482911635941
0.6,TS_oracle,0.00403817594839155
0.6,TS_oracle,0.00163564922408212
0.6,TS_oracle,0.00392294809270148
0.6,TS_oracle,0.00237781408153837
0.6,TS_oracle,0.00397429057564461
0.6,TS_oracle,0.00941718302287273
0.6,TS_oracle,0.00297938312832391
0.6,TS_oracle,0.00233865774388303
0.6,TS_oracle,0.00322678204160843
0.6,TS_oracle,0.00335952481995031
0.6,TS_oracle,0.00224887478436086
0.6,TS_oracle,0.00468495036048797
0.6,TS_oracle,0.00122196801420133
0.6,TS_oracle,0.00246925351217137
0.6,TS_oracle,0.00346782869699465
0.6,TS_oracle,0.00351054734301322
0.6,TS_oracle,0.00631722354784087
0.6,TS_oracle,0.00657135379733162
0.6,TS_oracle,0.00509998215348786
0.6,TS_oracle,0.00510127274860231
0.6,TS_oracle,0.0051090816900528
0.6,TS_oracle,0.00506411142765384
0.6,TS_oracle,0.00614628947874794
0.6,TS_oracle,0.0047419525514378
0.6,TS_oracle,0.00887295458081849
0.6,TS_oracle,0.0053435800082006
0.6,TS_oracle,0.00606714494692868
0.6,TS_oracle,0.00260310114100572
0.6,TS_oracle,0.00692744012368814
0.6,TS_oracle,0.0035146430197917
0.6,TS_oracle,0.00584196877109025
0.6,TS_oracle,0.00566502850480586
0.6,TS_oracle,0.00403853630597834
0.6,TS_oracle,0.00329257398506358
0.6,TS_oracle,0.00231789965391355
0.6,TS_oracle,0.00843272202754047
0.6,TS_oracle,0.00274920833526362
0.6,TS_oracle,0.0105378082725713
0.6,TS_oracle,0.00256968969596395
0.6,TS_oracle,0.0047301699537747
0.6,TS_oracle,0.0116381646736795
0.6,TS_oracle,0.00189082898748229
0.6,TS_oracle,0.00226823465699144
0.6,TS_oracle,0.00513177102462196
0.6,TS_oracle,0.00181839182581859
0.6,TS_oracle,0.00216690431372125
0.6,TS_oracle,0.00167926066226997
0.6,TS_oracle,0.0018424641738024
0.6,TS_oracle,0.00357539439514541
0.6,TS_oracle,0.000667597798751978
0.6,TS_oracle,0.00357389819324797
0.6,TS_oracle,0.00563308764449409
0.6,TS_oracle,0.00643588566265852
0.6,TS_oracle,0.00366793660495606
0.6,TS_oracle,0.00975955237796522
0.6,TS_oracle,0.00289402464155469
0.6,TS_oracle,0.0138973210092647
0.6,TS_oracle,0.00816045013043114
0.6,TS_oracle,0.00759221907219383
0.6,TS_oracle,0.00794142638550488
0.6,TS_oracle,0.00459231122381277
0.6,TS_oracle,0.00388833065063085
0.6,TS_oracle,0.0031058459219868
0.6,TS_oracle,0.00262827771771505
0.6,TS_oracle,0.00927855439802759
0.6,TS_oracle,0.00702753557440519
0.6,TS_oracle,0.00886567511906576
0.6,TS_oracle,0.0104804796350161
0.6,TS_oracle,0.000831552898912585
0.6,TS_oracle,0.00114584444306857
0.6,TS_oracle,0.00311591192165641
0.6,TS_oracle,0.00432904120600774
0.6,TS_oracle,0.00207756978755881
0.6,TS_oracle,0.0118140064869069
0.6,TS_oracle,0.00341969298053487
0.7,PLS,0.00712188308122356
0.7,PLS,0.0163300056774633
0.7,PLS,0.00736282423460566
0.7,PLS,0.00319601605397877
0.7,PLS,0.00251365019015223
0.7,PLS,0.00614850184626941
0.7,PLS,0.014034829558907
0.7,PLS,0.00340357621662913
0.7,PLS,0.0177558201684287
0.7,PLS,0.00202153027839002
0.7,PLS,0.0148353992849405
0.7,PLS,0.0207076453254145
0.7,PLS,0.00298384284300721
0.7,PLS,0.010356425708685
0.7,PLS,0.050085032975149
0.7,PLS,0.0144920363109979
0.7,PLS,0.0122527923629861
0.7,PLS,0.00707677408539925
0.7,PLS,0.0106582479740564
0.7,PLS,0.0108849274737581
0.7,PLS,0.00439447298674979
0.7,PLS,0.00238019549487737
0.7,PLS,0.0104991647949133
0.7,PLS,0.00452875247512014
0.7,PLS,0.00332063189020167
0.7,PLS,0.00921050700472906
0.7,PLS,0.0024853999596835
0.7,PLS,0.0111942389743463
0.7,PLS,0.0104352386831655
0.7,PLS,0.0015603618570595
0.7,PLS,0.0080311593065501
0.7,PLS,0.00916647271554364
0.7,PLS,0.0134959694933538
0.7,PLS,0.00598541250721618
0.7,PLS,0.016529294248833
0.7,PLS,0.0114786312291059
0.7,PLS,0.0055469820968791
0.7,PLS,0.0028224457369677
0.7,PLS,0.0049944984526715
0.7,PLS,0.00713072800815275
0.7,PLS,0.0135106163425944
0.7,PLS,0.00617980992346152
0.7,PLS,0.00241389072408055
0.7,PLS,0.00618213169218192
0.7,PLS,0.0177097584527419
0.7,PLS,0.00633847966845974
0.7,PLS,0.00731003006011869
0.7,PLS,0.0127411713494709
0.7,PLS,0.00229362034996004
0.7,PLS,0.00958935863181625
0.7,PLS,0.0113000679978817
0.7,PLS,0.0187147932814763
0.7,PLS,0.00242937517427702
0.7,PLS,0.00462921691149485
0.7,PLS,0.0161267670341924
0.7,PLS,0.00862584302776253
0.7,PLS,0.0167788867308975
0.7,PLS,0.00982871847388064
0.7,PLS,0.00727295696433129
0.7,PLS,0.0271560746147467
0.7,PLS,0.00274162413615961
0.7,PLS,0.00346391884397986
0.7,PLS,0.00692324579790709
0.7,PLS,0.0108531447759153
0.7,PLS,0.0030223363983691
0.7,PLS,0.00817532181289711
0.7,PLS,0.00824092109192364
0.7,PLS,0.0128361124950705
0.7,PLS,0.00335004658397198
0.7,PLS,0.00640974079934672
0.7,PLS,0.00414181515343861
0.7,PLS,0.0104088842255941
0.7,PLS,0.0168561263089369
0.7,PLS,0.00497557986892602
0.7,PLS,0.00758044208820643
0.7,PLS,0.00539697217615127
0.7,PLS,0.0124323537691337
0.7,PLS,0.00709926522081235
0.7,PLS,0.0113700323695891
0.7,PLS,0.0111710374359389
0.7,PLS,0.00653141376834914
0.7,PLS,0.00770813140318622
0.7,PLS,0.0133316301178008
0.7,PLS,0.0187148734866475
0.7,PLS,0.00687681644815077
0.7,PLS,0.00367765147021916
0.7,PLS,0.0106779607445669
0.7,PLS,0.00566502147197692
0.7,PLS,0.0192790714283456
0.7,PLS,0.0046725248556391
0.7,PLS,0.00471623227514434
0.7,PLS,0.00960879233087784
0.7,PLS,0.0141969415392444
0.7,PLS,0.00562203600881234
0.7,PLS,0.00757653269076504
0.7,PLS,0.011780322229659
0.7,PLS,0.0148151867856576
0.7,PLS,0.00201323456942993
0.7,PLS,0.00355624358622729
0.7,PLS,0.00367874516707603
0.7,PLS,0.0160867570857392
0.7,PLS,0.00917946826739787
0.7,PLS,0.014679538225523
0.7,PLS,0.018498589800878
0.7,PLS,0.00725896867276998
0.7,PLS,0.00565647527040158
0.7,PLS,0.0131249033329041
0.7,PLS,0.00784596972152404
0.7,PLS,0.0195327366647852
0.7,PLS,0.00962047834893531
0.7,PLS,0.00833239189813057
0.7,PLS,0.00657615914954837
0.7,PLS,0.0014825009595245
0.7,PLS,0.0195815707032559
0.7,PLS,0.00981339336041969
0.7,PLS,0.00161297573161825
0.7,PLS,0.0137350191313598
0.7,PLS,0.00859308632375621
0.7,PLS,0.00992196644512016
0.7,PLS,0.0149666462890746
0.7,PLS,0.0070810586486187
0.7,PLS,0.0175047497660927
0.7,PLS,0.00355161003868781
0.7,PLS,0.0206092888892418
0.7,PLS,0.0167856086645154
0.7,PLS,0.0091936248339806
0.7,PLS,0.00931506547908729
0.7,PLS,0.00377535081363244
0.7,PLS,0.00774157547303128
0.7,PLS,0.0038854302137317
0.7,PLS,0.0210437094068906
0.7,PLS,0.00716535728526222
0.7,PLS,0.0271510893501676
0.7,PLS,0.00481283608650363
0.7,PLS,0.0124663519934635
0.7,PLS,0.00468461429619652
0.7,PLS,0.0162037496531786
0.7,PLS,0.00513516921063621
0.7,PLS,0.0112413022174791
0.7,PLS,0.00302239308706864
0.7,PLS,0.00414236309085988
0.7,PLS,0.0111412268897149
0.7,PLS,0.00967668744437118
0.7,PLS,0.00242881530725289
0.7,PLS,0.00291626308386501
0.7,PLS,0.0100215043592701
0.7,PLS,0.00838080173007836
0.7,PLS,0.0117972023317726
0.7,PLS,0.00339886972644631
0.7,PLS,0.00105995751006491
0.7,PLS,0.00407071876984068
0.7,PLS,0.0080758829451276
0.7,PLS,0.0134190700492245
0.7,PLS,0.0162844360351328
0.7,PLS,0.00858356714379838
0.7,PLS,0.00540467684761751
0.7,PLS,0.00685329559089613
0.7,PLS,0.00699882327251254
0.7,PLS,0.0127423640426721
0.7,PLS,0.0193566852693519
0.7,PLS,0.00919712644119376
0.7,PLS,0.0209676425067997
0.7,PLS,0.00492913784471251
0.7,PLS,0.0112984030698099
0.7,PLS,0.00408020815587538
0.7,PLS,0.0173433845663288
0.7,PLS,0.00960750050657515
0.7,PLS,0.0132125492079993
0.7,PLS,0.00431457552059506
0.7,PLS,0.0228371248212675
0.7,PLS,0.00448118261442195
0.7,PLS,0.0043743711348033
0.7,PLS,0.00564674655602061
0.7,PLS,0.00245511237422524
0.7,PLS,0.00905304350942153
0.7,PLS,0.00617710163590625
0.7,PLS,0.0175026004067374
0.7,PLS,0.00909998655426929
0.7,PLS,0.00907671834848796
0.7,PLS,0.0256200292424213
0.7,PLS,0.00617222337371718
0.7,PLS,0.00643410937168119
0.7,PLS,0.00592400150040375
0.7,PLS,0.0252243933804683
0.7,PLS,0.00498980518388992
0.7,PLS,0.0148417040909734
0.7,PLS,0.00965014619098888
0.7,PLS,0.0043448239154204
0.7,PLS,0.0114747779528931
0.7,PLS,0.0184415496039364
0.7,PLS,0.0208409316187226
0.7,PLS,0.0139584410168903
0.7,PLS,0.00318635524979412
0.7,PLS,0.010872077646585
0.7,PLS,0.00983585222308723
0.7,PLS,0.00869858389241462
0.7,PLS,0.00618021921553401
0.7,PLS,0.00354133019921074
0.7,PLS,0.0174436060498953
0.7,PLS,0.0224346130111867
0.7,fTS,0.00227369423282227
0.7,fTS,0.00325854019242568
0.7,fTS,0.00141202784632301
0.7,fTS,0.00492916014878716
0.7,fTS,0.00558187030632646
0.7,fTS,0.00294170269481289
0.7,fTS,0.00498065557043827
0.7,fTS,0.00501532811939861
0.7,fTS,0.00529818692648209
0.7,fTS,0.00198035108427512
0.7,fTS,0.00209912748055156
0.7,fTS,0.00725068245347667
0.7,fTS,0.0035012543192307
0.7,fTS,0.00181398400300608
0.7,fTS,0.01470296062796
0.7,fTS,0.00485163915336211
0.7,fTS,0.0036006540481732
0.7,fTS,0.00144658040622794
0.7,fTS,0.00206423303602151
0.7,fTS,0.0068319009070458
0.7,fTS,0.00353947237731569
0.7,fTS,0.0052044701809673
0.7,fTS,0.00286570573285361
0.7,fTS,0.0039960916808293
0.7,fTS,0.00597575743818766
0.7,fTS,0.00628200994313626
0.7,fTS,0.00300314325516583
0.7,fTS,0.0030103193689606
0.7,fTS,0.00140997524144799
0.7,fTS,0.0016457859558324
0.7,fTS,0.00516723481233492
0.7,fTS,0.00502772745046006
0.7,fTS,0.00352254599474979
0.7,fTS,0.00384716562888991
0.7,fTS,0.00751368588678405
0.7,fTS,0.00314777839701412
0.7,fTS,0.00204481434477746
0.7,fTS,0.00204262758506321
0.7,fTS,0.00593950614201779
0.7,fTS,0.00431732014243763
0.7,fTS,0.00344929652908956
0.7,fTS,0.00230656398507943
0.7,fTS,0.00541801318785971
0.7,fTS,0.00363569936615998
0.7,fTS,0.00504300944541803
0.7,fTS,0.00326446696467909
0.7,fTS,0.00398217813856847
0.7,fTS,0.00699464986970556
0.7,fTS,0.00248509713592477
0.7,fTS,0.00351567031610083
0.7,fTS,0.00468506692138919
0.7,fTS,0.00197608760915545
0.7,fTS,0.0021190850326219
0.7,fTS,0.00249946074390296
0.7,fTS,0.00377107521157889
0.7,fTS,0.0029370032503867
0.7,fTS,0.00206882870932339
0.7,fTS,0.00360518221682588
0.7,fTS,0.00274398170059621
0.7,fTS,0.00376571702689359
0.7,fTS,0.00153091305504758
0.7,fTS,0.00237676773997605
0.7,fTS,0.00305079874046548
0.7,fTS,0.00433318621918944
0.7,fTS,0.00235261788775873
0.7,fTS,0.00260098226929382
0.7,fTS,0.00434685840787205
0.7,fTS,0.00135115417647108
0.7,fTS,0.00215859918783788
0.7,fTS,0.00427853724667056
0.7,fTS,0.00184417178909953
0.7,fTS,0.00220921829040806
0.7,fTS,0.00732289589491063
0.7,fTS,0.00248594524365442
0.7,fTS,0.00171458332530713
0.7,fTS,0.00292508207071229
0.7,fTS,0.00119660801740374
0.7,fTS,0.00346602592455992
0.7,fTS,0.00259091614904704
0.7,fTS,0.0020672820256362
0.7,fTS,0.00470708656199265
0.7,fTS,0.00264438305263027
0.7,fTS,0.00608454274009392
0.7,fTS,0.0057282673593507
0.7,fTS,0.00114985040803908
0.7,fTS,0.00865531243698011
0.7,fTS,0.00568272561649091
0.7,fTS,0.00368931210593162
0.7,fTS,0.0023318590262832
0.7,fTS,0.00250435812115354
0.7,fTS,0.00141445828039495
0.7,fTS,0.0032762258619617
0.7,fTS,0.00156311428696999
0.7,fTS,0.00206292135269616
0.7,fTS,0.00292144498398359
0.7,fTS,0.0020346797127573
0.7,fTS,0.00838363443756132
0.7,fTS,0.00191306019285123
0.7,fTS,0.00220999557882319
0.7,fTS,0.00412467491860092
0.7,fTS,0.00555000878042826
0.7,fTS,0.00180175807741824
0.7,fTS,0.00551286222626161
0.7,fTS,0.00154709125081092
0.7,fTS,0.00309467580428918
0.7,fTS,0.00234705476479431
0.7,fTS,0.00595405951110344
0.7,fTS,0.00134368180550508
0.7,fTS,0.0046837260499654
0.7,fTS,0.00307461785086422
0.7,fTS,0.00193067688578149
0.7,fTS,0.00175826485249799
0.7,fTS,0.00259433743153983
0.7,fTS,0.00790686722192824
0.7,fTS,0.00251471684757478
0.7,fTS,0.00161433134675916
0.7,fTS,0.00311144301259667
0.7,fTS,0.00374726243907865
0.7,fTS,0.00641107560751453
0.7,fTS,0.00467330765432541
0.7,fTS,0.00360292212493495
0.7,fTS,0.00422664921570267
0.7,fTS,0.0009249088041211
0.7,fTS,0.00735398744980234
0.7,fTS,0.00153533453936087
0.7,fTS,0.00488497858626015
0.7,fTS,0.00208071542318102
0.7,fTS,0.00556560481182243
0.7,fTS,0.00466970547995988
0.7,fTS,0.00235873642338434
0.7,fTS,0.00901874883938214
0.7,fTS,0.0014546214718005
0.7,fTS,0.00793191563239825
0.7,fTS,0.00302353170315763
0.7,fTS,0.00291379139921997
0.7,fTS,0.00537340645370023
0.7,fTS,0.00298642287289213
0.7,fTS,0.00561260831281451
0.7,fTS,0.00530162063199398
0.7,fTS,0.00200564340899739
0.7,fTS,0.00394690155535773
0.7,fTS,0.00664220390058494
0.7,fTS,0.00372420665053784
0.7,fTS,0.00223022662800882
0.7,fTS,0.0027886185160813
0.7,fTS,0.00292398231052794
0.7,fTS,0.00156971987486801
0.7,fTS,0.00443494331016398
0.7,fTS,0.00401278976171431
0.7,fTS,0.00271863996847269
0.7,fTS,0.00385324269045888
0.7,fTS,0.00494416580014002
0.7,fTS,0.00158035593726569
0.7,fTS,0.0064242239984831
0.7,fTS,0.00792472876503772
0.7,fTS,0.00305283144981586
0.7,fTS,0.00530845716296968
0.7,fTS,0.00336177872913821
0.7,fTS,0.000676376752768021
0.7,fTS,0.0030326805935211
0.7,fTS,0.00266035551992014
0.7,fTS,0.00540398936385112
0.7,fTS,0.00253204119015488
0.7,fTS,0.00273538534563902
0.7,fTS,0.00294239617784071
0.7,fTS,0.00325343474798601
0.7,fTS,0.00606178293341677
0.7,fTS,0.00264839780930431
0.7,fTS,0.00381252584653311
0.7,fTS,0.00673354695518675
0.7,fTS,0.00185296289180619
0.7,fTS,0.00653002571317061
0.7,fTS,0.00253314407362151
0.7,fTS,0.00506066352503174
0.7,fTS,0.00427164056158174
0.7,fTS,0.00551171307069211
0.7,fTS,0.00463123134152329
0.7,fTS,0.00127943980032072
0.7,fTS,0.00218867413528184
0.7,fTS,0.0175302488806778
0.7,fTS,0.00270711768067195
0.7,fTS,0.00225010967538941
0.7,fTS,0.00246684562134304
0.7,fTS,0.00446187170623522
0.7,fTS,0.00540401499304976
0.7,fTS,0.00392876620764701
0.7,fTS,0.00841512853000582
0.7,fTS,0.00134822966271298
0.7,fTS,0.00796070239923004
0.7,fTS,0.00488660180617159
0.7,fTS,0.0153959564003182
0.7,fTS,0.00445170101604335
0.7,fTS,0.00302429532708922
0.7,fTS,0.00363050466374482
0.7,fTS,0.00393968694405504
0.7,fTS,0.00446336505013301
0.7,fTS,0.00303812148111907
0.7,fTS,0.00449314522073795
0.7,fTS,0.00504237820425375
0.7,fTS,0.00225810028465486
0.7,LS_oracle,0.00705226926201627
0.7,LS_oracle,0.0169532987079108
0.7,LS_oracle,0.00710126449082412
0.7,LS_oracle,0.00143548166315141
0.7,LS_oracle,0.00198299259932217
0.7,LS_oracle,0.00265975308689555
0.7,LS_oracle,0.0116041328565339
0.7,LS_oracle,0.00382445825934974
0.7,LS_oracle,0.0177529708642816
0.7,LS_oracle,0.00147712012956775
0.7,LS_oracle,0.0139236503269018
0.7,LS_oracle,0.0212115991951191
0.7,LS_oracle,0.00282568749618956
0.7,LS_oracle,0.00920664346080775
0.7,LS_oracle,0.0487272004458646
0.7,LS_oracle,0.0111920059938622
0.7,LS_oracle,0.012319679903614
0.7,LS_oracle,0.00732408484207434
0.7,LS_oracle,0.0106455831950112
0.7,LS_oracle,0.0110139545711126
0.7,LS_oracle,0.00430446143377824
0.7,LS_oracle,0.00227095351442572
0.7,LS_oracle,0.00657880013490054
0.7,LS_oracle,0.00385847837309485
0.7,LS_oracle,0.00338191442410286
0.7,LS_oracle,0.00766262432983894
0.7,LS_oracle,0.00234351822536773
0.7,LS_oracle,0.0110497149614143
0.7,LS_oracle,0.0103058049643323
0.7,LS_oracle,0.00219087818221734
0.7,LS_oracle,0.00700141945167874
0.7,LS_oracle,0.0072852162115845
0.7,LS_oracle,0.0172836655705441
0.7,LS_oracle,0.00746211327718027
0.7,LS_oracle,0.0120267758328432
0.7,LS_oracle,0.0111112975460213
0.7,LS_oracle,0.00537525570818144
0.7,LS_oracle,0.00272455420879542
0.7,LS_oracle,0.00412894927651534
0.7,LS_oracle,0.00796371460714171
0.7,LS_oracle,0.0134270211074818
0.7,LS_oracle,0.00581476437736316
0.7,LS_oracle,0.000263024335291223
0.7,LS_oracle,0.00110773408540855
0.7,LS_oracle,0.0148314038631756
0.7,LS_oracle,0.0072207147827837
0.7,LS_oracle,0.00758061991058344
0.7,LS_oracle,0.0123268826510877
0.7,LS_oracle,0.00326642983516047
0.7,LS_oracle,0.00901871377393566
0.7,LS_oracle,0.0111512169625704
0.7,LS_oracle,0.0172563603741855
0.7,LS_oracle,0.00201723288899505
0.7,LS_oracle,0.00273411364091262
0.7,LS_oracle,0.0155182288605915
0.7,LS_oracle,0.00836630085370048
0.7,LS_oracle,0.0162185626683092
0.7,LS_oracle,0.00918439229780573
0.7,LS_oracle,0.0069484621803121
0.7,LS_oracle,0.0272558586863554
0.7,LS_oracle,0.00273541008025735
0.7,LS_oracle,0.00335243235960348
0.7,LS_oracle,0.00687777310072428
0.7,LS_oracle,0.00915177901347878
0.7,LS_oracle,0.00343715710213075
0.7,LS_oracle,0.00549418642243043
0.7,LS_oracle,0.00809242730117638
0.7,LS_oracle,0.0103804783564239
0.7,LS_oracle,0.0033958826004801
0.7,LS_oracle,0.00686489157243634
0.7,LS_oracle,0.00409578059466716
0.7,LS_oracle,0.00970713814559986
0.7,LS_oracle,0.0175960486033713
0.7,LS_oracle,0.00273958478232038
0.7,LS_oracle,0.00724950069875822
0.7,LS_oracle,0.00465116007832017
0.7,LS_oracle,0.0110491319578866
0.7,LS_oracle,0.00795157709308961
0.7,LS_oracle,0.0111418505098246
0.7,LS_oracle,0.0153293430841534
0.7,LS_oracle,0.00643382910708105
0.7,LS_oracle,0.00742146333245353
0.7,LS_oracle,0.0165431993546894
0.7,LS_oracle,0.0185686270376127
0.7,LS_oracle,0.00354887581550001
0.7,LS_oracle,0.00377790351289497
0.7,LS_oracle,0.0124436299214077
0.7,LS_oracle,0.00535528160015864
0.7,LS_oracle,0.0145014835163453
0.7,LS_oracle,0.00478003238213746
0.7,LS_oracle,0.00335622071566852
0.7,LS_oracle,0.00895307095855115
0.7,LS_oracle,0.00281227044632027
0.7,LS_oracle,0.00494702839144173
0.7,LS_oracle,0.00775388604333523
0.7,LS_oracle,0.0138053957770147
0.7,LS_oracle,0.0135483442562712
0.7,LS_oracle,0.0017594332694941
0.7,LS_oracle,0.00158198559605202
0.7,LS_oracle,0.00365921116062674
0.7,LS_oracle,0.0160962856416657
0.7,LS_oracle,0.00832676314959442
0.7,LS_oracle,0.0136629458989323
0.7,LS_oracle,0.016604897420227
0.7,LS_oracle,0.00726074446680227
0.7,LS_oracle,0.00583558485436206
0.7,LS_oracle,0.0112377200880638
0.7,LS_oracle,0.00606241707622944
0.7,LS_oracle,0.0198413593295887
0.7,LS_oracle,0.00908967057677573
0.7,LS_oracle,0.00757010561339175
0.7,LS_oracle,0.0064353410515221
0.7,LS_oracle,0.00180009953375223
0.7,LS_oracle,0.0137222085317678
0.7,LS_oracle,0.0105075867632834
0.7,LS_oracle,0.00166340917816393
0.7,LS_oracle,0.0135430116112962
0.7,LS_oracle,0.00917698132846835
0.7,LS_oracle,0.00857918957695453
0.7,LS_oracle,0.0129533696802592
0.7,LS_oracle,0.00702134630607741
0.7,LS_oracle,0.0113947168653873
0.7,LS_oracle,0.00328332902462735
0.7,LS_oracle,0.0257561748861606
0.7,LS_oracle,0.0178159285806134
0.7,LS_oracle,0.0105560099757131
0.7,LS_oracle,0.00992872900673491
0.7,LS_oracle,0.00348237999077664
0.7,LS_oracle,0.00784518345778287
0.7,LS_oracle,0.00381968917143489
0.7,LS_oracle,0.0211476833076615
0.7,LS_oracle,0.00727442346861453
0.7,LS_oracle,0.025626538472624
0.7,LS_oracle,0.00436715458431536
0.7,LS_oracle,0.0125898339541276
0.7,LS_oracle,0.00409388187622686
0.7,LS_oracle,0.0145457890720747
0.7,LS_oracle,0.00508124985844603
0.7,LS_oracle,0.0111707695751051
0.7,LS_oracle,0.00280065502604581
0.7,LS_oracle,0.00394390695513972
0.7,LS_oracle,0.00972146978143174
0.7,LS_oracle,0.00870224298721771
0.7,LS_oracle,0.0014441839907146
0.7,LS_oracle,0.00309263858954229
0.7,LS_oracle,0.009030506245229
0.7,LS_oracle,0.00840155134236285
0.7,LS_oracle,0.0104806544165092
0.7,LS_oracle,0.00302393094418686
0.7,LS_oracle,0.00156357376962871
0.7,LS_oracle,0.00407313403961161
0.7,LS_oracle,0.00841076187537338
0.7,LS_oracle,0.0128157666359281
0.7,LS_oracle,0.0161148118558923
0.7,LS_oracle,0.00782751609375268
0.7,LS_oracle,0.00540374799239023
0.7,LS_oracle,0.00645071981068773
0.7,LS_oracle,0.00670176894804607
0.7,LS_oracle,0.0123593768030967
0.7,LS_oracle,0.00896941825313386
0.7,LS_oracle,0.00877561789142629
0.7,LS_oracle,0.0210827374328741
0.7,LS_oracle,0.00526698769647489
0.7,LS_oracle,0.00807510927465823
0.7,LS_oracle,0.00409469257715215
0.7,LS_oracle,0.0183485684524988
0.7,LS_oracle,0.0103891494264145
0.7,LS_oracle,0.0140185895377361
0.7,LS_oracle,0.00465502557534287
0.7,LS_oracle,0.0222546129115885
0.7,LS_oracle,0.0043827931541099
0.7,LS_oracle,0.00406663156550913
0.7,LS_oracle,0.00595968181435702
0.7,LS_oracle,0.00263197729391174
0.7,LS_oracle,0.0068264622907941
0.7,LS_oracle,0.00688022671287115
0.7,LS_oracle,0.0158734757657186
0.7,LS_oracle,0.0102127140660288
0.7,LS_oracle,0.00742923469152111
0.7,LS_oracle,0.0231805290431223
0.7,LS_oracle,0.00590735602087627
0.7,LS_oracle,0.00652554100675211
0.7,LS_oracle,0.00375153779049164
0.7,LS_oracle,0.0182701651500279
0.7,LS_oracle,0.00300316836289686
0.7,LS_oracle,0.0149228306779464
0.7,LS_oracle,0.0103743439803068
0.7,LS_oracle,0.00434182095689313
0.7,LS_oracle,0.00854289784052046
0.7,LS_oracle,0.0176383476277353
0.7,LS_oracle,0.0219387713135777
0.7,LS_oracle,0.00976882383192065
0.7,LS_oracle,0.00361822595919559
0.7,LS_oracle,0.00981224225776975
0.7,LS_oracle,0.00574239707051083
0.7,LS_oracle,0.0077865089498964
0.7,LS_oracle,0.00647119678636526
0.7,LS_oracle,0.00378571797665171
0.7,LS_oracle,0.0166585595784888
0.7,LS_oracle,0.018150087170623
0.7,TS_oracle,0.00227228723045546
0.7,TS_oracle,0.0033025739448288
0.7,TS_oracle,0.00101291851950738
0.7,TS_oracle,0.00459890004505216
0.7,TS_oracle,0.00535780616384476
0.7,TS_oracle,0.00262351130100651
0.7,TS_oracle,0.00492696286069494
0.7,TS_oracle,0.00433752164625506
0.7,TS_oracle,0.00529974474585867
0.7,TS_oracle,0.00198138363192745
0.7,TS_oracle,0.00185206623813195
0.7,TS_oracle,0.00686936157878722
0.7,TS_oracle,0.00341273842592768
0.7,TS_oracle,0.0015031931511315
0.7,TS_oracle,0.0147268656838432
0.7,TS_oracle,0.00472401060217369
0.7,TS_oracle,0.00362143837342415
0.7,TS_oracle,0.00143032404430139
0.7,TS_oracle,0.00205126409330688
0.7,TS_oracle,0.00682456402743303
0.7,TS_oracle,0.00351263371007111
0.7,TS_oracle,0.00501583709296136
0.7,TS_oracle,0.00262160959848694
0.7,TS_oracle,0.00258406902278088
0.7,TS_oracle,0.00634298154884692
0.7,TS_oracle,0.00455266276366582
0.7,TS_oracle,0.00241667060873316
0.7,TS_oracle,0.00296666124397733
0.7,TS_oracle,0.00139656803472511
0.7,TS_oracle,0.00170966927893446
0.7,TS_oracle,0.00481864138232514
0.7,TS_oracle,0.00485996518955284
0.7,TS_oracle,0.00357466243581995
0.7,TS_oracle,0.00397230770913587
0.7,TS_oracle,0.00741685073668531
0.7,TS_oracle,0.00323084939168095
0.7,TS_oracle,0.00112186038535766
0.7,TS_oracle,0.00202705353614713
0.7,TS_oracle,0.00527958358867682
0.7,TS_oracle,0.00389325958867006
0.7,TS_oracle,0.00343916176261379
0.7,TS_oracle,0.00228819642987101
0.7,TS_oracle,0.00534479034948449
0.7,TS_oracle,0.00131318796178785
0.7,TS_oracle,0.00481358331251445
0.7,TS_oracle,0.00274715112994608
0.7,TS_oracle,0.00353514327932262
0.7,TS_oracle,0.00696232661809117
0.7,TS_oracle,0.00218978198931792
0.7,TS_oracle,0.00328722145327419
0.7,TS_oracle,0.00470424423698
0.7,TS_oracle,0.0018512872439173
0.7,TS_oracle,0.00189350731834082
0.7,TS_oracle,0.00246842320240688
0.7,TS_oracle,0.00379688433707202
0.7,TS_oracle,0.00268949777724874
0.7,TS_oracle,0.0020872808077288
0.7,TS_oracle,0.00325868609797817
0.7,TS_oracle,0.0027730817076904
0.7,TS_oracle,0.00336549712163514
0.7,TS_oracle,0.00153176564993303
0.7,TS_oracle,0.00237685065688235
0.7,TS_oracle,0.00306936137945942
0.7,TS_oracle,0.00428576881835562
0.7,TS_oracle,0.00191374409008207
0.7,TS_oracle,0.00247265521392515
0.7,TS_oracle,0.00323118046894116
0.7,TS_oracle,0.000795904942325207
0.7,TS_oracle,0.00213542582434529
0.7,TS_oracle,0.00420479318671028
0.7,TS_oracle,0.00185158111516367
0.7,TS_oracle,0.00217981164403885
0.7,TS_oracle,0.00737245202430906
0.7,TS_oracle,0.00227128692218152
0.7,TS_oracle,0.00169790007848958
0.7,TS_oracle,0.00288265639012445
0.7,TS_oracle,0.000418869521509065
0.7,TS_oracle,0.00346730274593952
0.7,TS_oracle,0.00257707881973655
0.7,TS_oracle,0.00189562869004747
0.7,TS_oracle,0.00470744406036226
0.7,TS_oracle,0.00247706157564693
0.7,TS_oracle,0.00389147959261855
0.7,TS_oracle,0.00415352465806547
0.7,TS_oracle,0.00112213533208392
0.7,TS_oracle,0.00826870616055492
0.7,TS_oracle,0.00551007066718696
0.7,TS_oracle,0.00212601933222581
0.7,TS_oracle,0.00213494566814225
0.7,TS_oracle,0.00246901131060477
0.7,TS_oracle,0.00141622121844165
0.7,TS_oracle,0.00315734059556916
0.7,TS_oracle,0.00147952203502246
0.7,TS_oracle,0.00181694138372823
0.7,TS_oracle,0.00295887394710613
0.7,TS_oracle,0.00212091386931878
0.7,TS_oracle,0.00772443262820573
0.7,TS_oracle,0.00160539285036636
0.7,TS_oracle,0.00176879556773849
0.7,TS_oracle,0.00411609609619438
0.7,TS_oracle,0.00555265896624082
0.7,TS_oracle,0.00181551488761365
0.7,TS_oracle,0.00396010396570757
0.7,TS_oracle,0.00131363463879365
0.7,TS_oracle,0.00281487905489618
0.7,TS_oracle,0.00158776925267879
0.7,TS_oracle,0.00528628390055172
0.7,TS_oracle,0.00102752366960018
0.7,TS_oracle,0.00466256440780686
0.7,TS_oracle,0.00291706543538626
0.7,TS_oracle,0.00191863804880905
0.7,TS_oracle,0.0011177058714186
0.7,TS_oracle,0.00218530881224984
0.7,TS_oracle,0.00760282110071139
0.7,TS_oracle,0.00257022696957997
0.7,TS_oracle,0.00165239809285425
0.7,TS_oracle,0.00312275398114305
0.7,TS_oracle,0.00380902789437531
0.7,TS_oracle,0.00598356287141144
0.7,TS_oracle,0.00309952850539038
0.7,TS_oracle,0.00358023134019789
0.7,TS_oracle,0.00399885935389727
0.7,TS_oracle,0.000917849730295921
0.7,TS_oracle,0.00755074930981044
0.7,TS_oracle,0.00153871484567934
0.7,TS_oracle,0.00500342229339357
0.7,TS_oracle,0.00210989359583078
0.7,TS_oracle,0.00439075932637463
0.7,TS_oracle,0.0047483698519491
0.7,TS_oracle,0.00154112674640833
0.7,TS_oracle,0.00902705246958486
0.7,TS_oracle,0.0014783263955903
0.7,TS_oracle,0.00781464694093736
0.7,TS_oracle,0.00182474930667553
0.7,TS_oracle,0.00291056874440621
0.7,TS_oracle,0.00397355009360225
0.7,TS_oracle,0.00298462227283429
0.7,TS_oracle,0.00469292040926017
0.7,TS_oracle,0.00531504957753734
0.7,TS_oracle,0.00198891100226963
0.7,TS_oracle,0.0030469920532466
0.7,TS_oracle,0.00588210778893222
0.7,TS_oracle,0.00305942306310575
0.7,TS_oracle,0.00193595419807429
0.7,TS_oracle,0.0026499975775443
0.7,TS_oracle,0.00252077618017498
0.7,TS_oracle,0.00156821693582345
0.7,TS_oracle,0.00467493024933745
0.7,TS_oracle,0.00327499285732617
0.7,TS_oracle,0.00286536978124397
0.7,TS_oracle,0.00244330018434527
0.7,TS_oracle,0.0047760415245565
0.7,TS_oracle,0.00154696602759108
0.7,TS_oracle,0.00643990111248796
0.7,TS_oracle,0.00788244720374351
0.7,TS_oracle,0.00305412690640983
0.7,TS_oracle,0.00528961387982896
0.7,TS_oracle,0.00336903561937011
0.7,TS_oracle,0.000665292626602466
0.7,TS_oracle,0.00317215379609964
0.7,TS_oracle,0.00255201366498946
0.7,TS_oracle,0.00527196214151472
0.7,TS_oracle,0.00232183267704915
0.7,TS_oracle,0.00208416894465882
0.7,TS_oracle,0.00294383624184311
0.7,TS_oracle,0.00287984776753402
0.7,TS_oracle,0.00610920866799986
0.7,TS_oracle,0.00266712637319199
0.7,TS_oracle,0.00367128670395314
0.7,TS_oracle,0.00688646197094441
0.7,TS_oracle,0.00184975555186654
0.7,TS_oracle,0.002305906002155
0.7,TS_oracle,0.00250395159875324
0.7,TS_oracle,0.00418580370709477
0.7,TS_oracle,0.00407295329000827
0.7,TS_oracle,0.0043684779169556
0.7,TS_oracle,0.00234539518722665
0.7,TS_oracle,0.00126864988215495
0.7,TS_oracle,0.00227308854864557
0.7,TS_oracle,0.00779278230499921
0.7,TS_oracle,0.000424501286226899
0.7,TS_oracle,0.00224716062020039
0.7,TS_oracle,0.00129502911239496
0.7,TS_oracle,0.00367827776386101
0.7,TS_oracle,0.00541533392776686
0.7,TS_oracle,0.0024895787775388
0.7,TS_oracle,0.00787660670669262
0.7,TS_oracle,0.00134693642588576
0.7,TS_oracle,0.00524640648246975
0.7,TS_oracle,0.00478787081790358
0.7,TS_oracle,0.0155284872236348
0.7,TS_oracle,0.00439437993064736
0.7,TS_oracle,0.00306740256499303
0.7,TS_oracle,0.00357706419068715
0.7,TS_oracle,0.00149247717754895
0.7,TS_oracle,0.00443881866320013
0.7,TS_oracle,0.00284747261133601
0.7,TS_oracle,0.00447187677546821
0.7,TS_oracle,0.00497941796590453
0.7,TS_oracle,0.000897193795275159
0.8,PLS,0.0125651175330817
0.8,PLS,0.00897695225059864
0.8,PLS,0.00620635676444653
0.8,PLS,0.00648154907438819
0.8,PLS,0.00995833149637388
0.8,PLS,0.00554390072187085
0.8,PLS,0.00864610061977926
0.8,PLS,0.00789560704173883
0.8,PLS,0.00823878647471459
0.8,PLS,0.00616344004710707
0.8,PLS,0.0126829462879035
0.8,PLS,0.0067428725552419
0.8,PLS,0.00912740746696026
0.8,PLS,0.00726579721224633
0.8,PLS,0.0173023137624591
0.8,PLS,0.0122992499911607
0.8,PLS,0.00902561279742855
0.8,PLS,0.00384109191147021
0.8,PLS,0.00879918006968078
0.8,PLS,0.00643348976527765
0.8,PLS,0.00671705083548865
0.8,PLS,0.00540763316324051
0.8,PLS,0.00574953261686472
0.8,PLS,0.0133342491009831
0.8,PLS,0.00463034345485601
0.8,PLS,0.0078357222254957
0.8,PLS,0.00913784000187759
0.8,PLS,0.0108958066492965
0.8,PLS,0.00610897026040026
0.8,PLS,0.0162506661589974
0.8,PLS,0.0176725727096268
0.8,PLS,0.00402609219123321
0.8,PLS,0.00417535768594055
0.8,PLS,0.00812370367426144
0.8,PLS,0.00651860823959843
0.8,PLS,0.00141700502063459
0.8,PLS,0.00702666023212013
0.8,PLS,0.0199622587726699
0.8,PLS,0.0209549232453511
0.8,PLS,0.0141062257579444
0.8,PLS,0.00334345723693216
0.8,PLS,0.00642563394799964
0.8,PLS,0.00282271179712295
0.8,PLS,0.0116872063796511
0.8,PLS,0.00819579291483542
0.8,PLS,0.00424923333415593
0.8,PLS,0.00730748622253885
0.8,PLS,0.00826237613345274
0.8,PLS,0.00576168784422915
0.8,PLS,0.0116065518145679
0.8,PLS,0.00790463364280745
0.8,PLS,0.00478387077221016
0.8,PLS,0.00519572747099492
0.8,PLS,0.00674269682232919
0.8,PLS,0.00618906444687031
0.8,PLS,0.00468143170055616
0.8,PLS,0.00922773252071325
0.8,PLS,0.00320255158936598
0.8,PLS,0.0090104527907885
0.8,PLS,0.0213890460858859
0.8,PLS,0.00927839280140983
0.8,PLS,0.00481983837331966
0.8,PLS,0.00280775549963858
0.8,PLS,0.0134619792021987
0.8,PLS,0.00556449566959837
0.8,PLS,0.00229813311814364
0.8,PLS,0.00519717751494004
0.8,PLS,0.00983827526437868
0.8,PLS,0.0182551838455168
0.8,PLS,0.00293257236474623
0.8,PLS,0.0231526180506458
0.8,PLS,0.0110489064321843
0.8,PLS,0.00175902622736416
0.8,PLS,0.00644404598254767
0.8,PLS,0.00586416694608914
0.8,PLS,0.00734408081108921
0.8,PLS,0.0042566274966248
0.8,PLS,0.0233951610059567
0.8,PLS,0.00535758262933418
0.8,PLS,0.00658317365041491
0.8,PLS,0.0039351159349189
0.8,PLS,0.0145830193583662
0.8,PLS,0.0219239596235217
0.8,PLS,0.00785374255684279
0.8,PLS,0.0154279781798083
0.8,PLS,0.0104413956501936
0.8,PLS,0.00327660427832966
0.8,PLS,0.0124213965418962
0.8,PLS,0.003448188768218
0.8,PLS,0.0134772177300639
0.8,PLS,0.00461764835398796
0.8,PLS,0.00462516706867255
0.8,PLS,0.0140399966160846
0.8,PLS,0.01002230088243
0.8,PLS,0.006680537567949
0.8,PLS,0.00891971813296038
0.8,PLS,0.0240539501788397
0.8,PLS,0.0218816259986747
0.8,PLS,0.00263265542779188
0.8,PLS,0.00435794712985511
0.8,PLS,0.00795478949097186
0.8,PLS,0.00961274476029581
0.8,PLS,0.0527864031196464
0.8,PLS,0.00507664282068353
0.8,PLS,0.0132720070872464
0.8,PLS,0.0238467650184647
0.8,PLS,0.0149818030839278
0.8,PLS,0.0178251250981032
0.8,PLS,0.00349373986595174
0.8,PLS,0.0076840149522506
0.8,PLS,0.00899597516824116
0.8,PLS,0.0030408069831925
0.8,PLS,0.00660952460271722
0.8,PLS,0.0160898297380161
0.8,PLS,0.0112720192307606
0.8,PLS,0.0172437753407307
0.8,PLS,0.00964965594499369
0.8,PLS,0.0073691822100165
0.8,PLS,0.00218596542541859
0.8,PLS,0.00381564320663774
0.8,PLS,0.00712562002695366
0.8,PLS,0.0122131126910811
0.8,PLS,0.0174469475203691
0.8,PLS,0.00220179266757186
0.8,PLS,0.00334540103001708
0.8,PLS,0.00422932470353404
0.8,PLS,0.00402992459007115
0.8,PLS,0.00612139161635557
0.8,PLS,0.0152733426181682
0.8,PLS,0.00646303635756737
0.8,PLS,0.0163663274294382
0.8,PLS,0.00997007946813941
0.8,PLS,0.0135313390693132
0.8,PLS,0.00392457222698471
0.8,PLS,0.00294545859547555
0.8,PLS,0.00820555975990652
0.8,PLS,0.0384838252538311
0.8,PLS,0.00956724724202991
0.8,PLS,0.0140527395930364
0.8,PLS,0.0108599348234262
0.8,PLS,0.00229084477491469
0.8,PLS,0.000759503359780318
0.8,PLS,0.00595398191000739
0.8,PLS,0.00431105577298292
0.8,PLS,0.0111163329115003
0.8,PLS,0.0254248575028333
0.8,PLS,0.00472895162777314
0.8,PLS,0.00892753333882026
0.8,PLS,0.00708532203510126
0.8,PLS,0.0103084450025977
0.8,PLS,0.0130669988326298
0.8,PLS,0.0428241646936928
0.8,PLS,0.0099980879876639
0.8,PLS,0.00332257712523493
0.8,PLS,0.00769024880412712
0.8,PLS,0.00985194780011694
0.8,PLS,0.00269995106144775
0.8,PLS,0.00394573126656288
0.8,PLS,0.0137793718982962
0.8,PLS,0.0198925199620477
0.8,PLS,0.00844823244555979
0.8,PLS,0.0177369289307916
0.8,PLS,0.00470573990137203
0.8,PLS,0.00394945845160362
0.8,PLS,0.00536588866859651
0.8,PLS,0.00926311399163309
0.8,PLS,0.00693393460147379
0.8,PLS,0.00220351092143402
0.8,PLS,0.00837403245478522
0.8,PLS,0.00783050974877736
0.8,PLS,0.0219558432369205
0.8,PLS,0.0054279362804524
0.8,PLS,0.0205884225107524
0.8,PLS,0.0104711080343292
0.8,PLS,0.00527904926935206
0.8,PLS,0.0113737552809916
0.8,PLS,0.00364085638388127
0.8,PLS,0.00653747130035989
0.8,PLS,0.00985678520483328
0.8,PLS,0.00570331386619584
0.8,PLS,0.00386736536979447
0.8,PLS,0.0035483060717387
0.8,PLS,0.00462649142886412
0.8,PLS,0.0104973373344202
0.8,PLS,0.00779295580614048
0.8,PLS,0.000930854573562539
0.8,PLS,0.0229916028416481
0.8,PLS,0.0116208790547968
0.8,PLS,0.00787604009293963
0.8,PLS,0.00320088537659564
0.8,PLS,0.00744611379249588
0.8,PLS,0.007274401498865
0.8,PLS,0.0164412958225096
0.8,PLS,0.0046438867231955
0.8,PLS,0.00310699954691011
0.8,PLS,0.0185549789413477
0.8,PLS,0.0166836772011537
0.8,PLS,0.0065801640166449
0.8,PLS,0.0104216203206295
0.8,PLS,0.00743512987072127
0.8,fTS,0.00387948273318333
0.8,fTS,0.00343478509688988
0.8,fTS,0.00107251226043569
0.8,fTS,0.00177520144261015
0.8,fTS,0.00471431614858917
0.8,fTS,0.000714845226907566
0.8,fTS,0.00196800814402143
0.8,fTS,0.00128236750720698
0.8,fTS,0.0106574078509525
0.8,fTS,0.0038603072994765
0.8,fTS,0.00235558802008632
0.8,fTS,0.00451108957261663
0.8,fTS,0.00465822816104318
0.8,fTS,0.00349864915318711
0.8,fTS,0.00100910442364332
0.8,fTS,0.00375529330105435
0.8,fTS,0.00321097816106063
0.8,fTS,0.00182358418581078
0.8,fTS,0.00378321496545216
0.8,fTS,0.00479051994157626
0.8,fTS,0.00363573947089516
0.8,fTS,0.00115643019203801
0.8,fTS,0.00114615736094158
0.8,fTS,0.00439879764213996
0.8,fTS,0.00263957611690327
0.8,fTS,0.00301862437956037
0.8,fTS,0.00302423179122104
0.8,fTS,0.00193084991137171
0.8,fTS,0.0023353389413663
0.8,fTS,0.00146552956325699
0.8,fTS,0.00274270976683254
0.8,fTS,0.00169281980342193
0.8,fTS,0.00257384506404434
0.8,fTS,0.00238174020347859
0.8,fTS,0.00250144309207556
0.8,fTS,0.00170663705202187
0.8,fTS,0.00234705301222215
0.8,fTS,0.00541897215670915
0.8,fTS,0.00379622113812038
0.8,fTS,0.00328382655313328
0.8,fTS,0.00164534418389282
0.8,fTS,0.00209138241717084
0.8,fTS,0.00209616317749382
0.8,fTS,0.00454316033294956
0.8,fTS,0.00591000161839501
0.8,fTS,0.00180976860378969
0.8,fTS,0.0011984561308781
0.8,fTS,0.00341039234206316
0.8,fTS,0.00165239673164976
0.8,fTS,0.00232717103765285
0.8,fTS,0.00301575129572224
0.8,fTS,0.00280125320253332
0.8,fTS,0.0032648946864025
0.8,fTS,0.00224272825035578
0.8,fTS,0.00507391873388642
0.8,fTS,0.00631122294299259
0.8,fTS,0.002751040061834
0.8,fTS,0.00291834875320403
0.8,fTS,0.00192267610719261
0.8,fTS,0.0022044059950436
0.8,fTS,0.00184278271276477
0.8,fTS,0.00252431908326529
0.8,fTS,0.00145649183814447
0.8,fTS,0.0036948109016563
0.8,fTS,0.00255407864283366
0.8,fTS,0.000969256534700601
0.8,fTS,0.00685762602650337
0.8,fTS,0.00480722277537272
0.8,fTS,0.00146097342901474
0.8,fTS,0.00266554693787028
0.8,fTS,0.00135838378438324
0.8,fTS,0.0047952185178019
0.8,fTS,0.0024895045042794
0.8,fTS,0.00309575548981187
0.8,fTS,0.00133073179268691
0.8,fTS,0.00270835031580147
0.8,fTS,0.000876194325714334
0.8,fTS,0.00306404481399925
0.8,fTS,0.00328164664805438
0.8,fTS,0.00376931799209572
0.8,fTS,0.0021936551489609
0.8,fTS,0.00273482192387592
0.8,fTS,0.00715241112784978
0.8,fTS,0.0014223163618022
0.8,fTS,0.00211163414015406
0.8,fTS,0.00261933727168983
0.8,fTS,0.00539062259322164
0.8,fTS,0.00368776149829248
0.8,fTS,0.00261337732394762
0.8,fTS,0.00195367850929072
0.8,fTS,0.00325643291433258
0.8,fTS,0.00114589898790037
0.8,fTS,0.00182490634796174
0.8,fTS,0.00298224618836043
0.8,fTS,0.00246092629939373
0.8,fTS,0.00110087217887426
0.8,fTS,0.00159672759309609
0.8,fTS,0.00570011719179893
0.8,fTS,0.00388018958361563
0.8,fTS,0.00160673726269992
0.8,fTS,0.00201695240936957
0.8,fTS,0.00327218381577458
0.8,fTS,0.00232572176689734
0.8,fTS,0.00373355817449984
0.8,fTS,0.00193279570793928
0.8,fTS,0.00162997186964229
0.8,fTS,0.00412389651994912
0.8,fTS,0.00142866001507336
0.8,fTS,0.00310216361726457
0.8,fTS,0.00405696369639666
0.8,fTS,0.00178442768411782
0.8,fTS,0.00106696850571168
0.8,fTS,0.00244807765480478
0.8,fTS,0.00637451708595532
0.8,fTS,0.00130271118859539
0.8,fTS,0.00353684452036922
0.8,fTS,0.00555789009815302
0.8,fTS,0.00502572807034317
0.8,fTS,0.00556803700954451
0.8,fTS,0.00291340824030465
0.8,fTS,0.00166464421131203
0.8,fTS,0.000431604038738336
0.8,fTS,0.00144863311643749
0.8,fTS,0.0019462500715194
0.8,fTS,0.00165410353180694
0.8,fTS,0.00138954522204549
0.8,fTS,0.00123697819668949
0.8,fTS,0.00221503983967532
0.8,fTS,0.00439396672922142
0.8,fTS,0.00290047251194995
0.8,fTS,0.00232610489395604
0.8,fTS,0.00363113388772091
0.8,fTS,0.00141068981626098
0.8,fTS,0.000906640628015956
0.8,fTS,0.00296563209278954
0.8,fTS,0.00302693169869689
0.8,fTS,0.00320658869028482
0.8,fTS,0.00373213854704883
0.8,fTS,0.00407462473853238
0.8,fTS,0.000924561335709518
0.8,fTS,0.00125525565070248
0.8,fTS,0.00147578032340222
0.8,fTS,0.0018782288928562
0.8,fTS,0.00327981603155814
0.8,fTS,0.00224556076964118
0.8,fTS,0.00228707319211387
0.8,fTS,0.0033003089009425
0.8,fTS,0.00146241474353301
0.8,fTS,0.00394524635848017
0.8,fTS,0.00200227504849814
0.8,fTS,0.00298735877353743
0.8,fTS,0.00545890405977726
0.8,fTS,0.00792734630797261
0.8,fTS,0.00475313575108138
0.8,fTS,0.00199472536313355
0.8,fTS,0.00521259325111835
0.8,fTS,0.00169093252057065
0.8,fTS,0.00235637205600506
0.8,fTS,0.00351660064964265
0.8,fTS,0.00473641444677771
0.8,fTS,0.00223398616947617
0.8,fTS,0.000844720444070028
0.8,fTS,0.00324590166588692
0.8,fTS,0.00169281187251689
0.8,fTS,0.00791989602719062
0.8,fTS,0.00252009445934932
0.8,fTS,0.00205699205294151
0.8,fTS,0.00361529141055779
0.8,fTS,0.002371015312091
0.8,fTS,0.00330337242914483
0.8,fTS,0.00325704631082032
0.8,fTS,0.0047469478481538
0.8,fTS,0.00472345005370067
0.8,fTS,0.00190065632183763
0.8,fTS,0.00142717928053425
0.8,fTS,0.00443290840371243
0.8,fTS,0.00138959394920311
0.8,fTS,0.00220104187980353
0.8,fTS,0.000618941258375834
0.8,fTS,0.00083134967072017
0.8,fTS,0.00182959874932382
0.8,fTS,0.00117715622041957
0.8,fTS,0.00145529151165695
0.8,fTS,0.00126611304275362
0.8,fTS,0.000407629908531546
0.8,fTS,0.00150152643751087
0.8,fTS,0.00533453089657112
0.8,fTS,0.00276454442502472
0.8,fTS,0.0022276098655158
0.8,fTS,0.00290021743989566
0.8,fTS,0.00133223351368143
0.8,fTS,0.00186213588190045
0.8,fTS,0.00164672499868787
0.8,fTS,0.00417992024383624
0.8,fTS,0.0031514939514688
0.8,fTS,0.00388334942298796
0.8,fTS,0.00584611012431469
0.8,fTS,0.00674757648502585
0.8,fTS,0.00260269413524776
0.8,fTS,0.00270839329068691
0.8,LS_oracle,0.0134040999027825
0.8,LS_oracle,0.00771475956271645
0.8,LS_oracle,0.00603228844102999
0.8,LS_oracle,0.00633007486409611
0.8,LS_oracle,0.00942969351667564
0.8,LS_oracle,0.00530826028172273
0.8,LS_oracle,0.00431021367408412
0.8,LS_oracle,0.00806371476360037
0.8,LS_oracle,0.00835173654938351
0.8,LS_oracle,0.00919233646386793
0.8,LS_oracle,0.0120980383846461
0.8,LS_oracle,0.00602292580903324
0.8,LS_oracle,0.00821276806844696
0.8,LS_oracle,0.00708943235384253
0.8,LS_oracle,0.0129206916145454
0.8,LS_oracle,0.0109231811042328
0.8,LS_oracle,0.00922738773948667
0.8,LS_oracle,0.00379903947093403
0.8,LS_oracle,0.00893655741938128
0.8,LS_oracle,0.00732094834195433
0.8,LS_oracle,0.00670485237037405
0.8,LS_oracle,0.0051117093710961
0.8,LS_oracle,0.00533962797704826
0.8,LS_oracle,0.0113697011627593
0.8,LS_oracle,0.00519075297241044
0.8,LS_oracle,0.00753193955401766
0.8,LS_oracle,0.00629265260794178
0.8,LS_oracle,0.00539793907600972
0.8,LS_oracle,0.00576375306554524
0.8,LS_oracle,0.014136776773303
0.8,LS_oracle,0.0169736848046646
0.8,LS_oracle,0.00288117571871685
0.8,LS_oracle,0.00468362820525854
0.8,LS_oracle,0.00265942015177646
0.8,LS_oracle,0.00626432853404489
0.8,LS_oracle,0.0014102505900409
0.8,LS_oracle,0.00696177030691854
0.8,LS_oracle,0.0199677751119038
0.8,LS_oracle,0.0197252588504446
0.8,LS_oracle,0.0152759149472333
0.8,LS_oracle,0.0039690845935479
0.8,LS_oracle,0.00624211791600296
0.8,LS_oracle,0.00324783381297461
0.8,LS_oracle,0.00715304968118176
0.8,LS_oracle,0.0094545447532038
0.8,LS_oracle,0.0045527373896456
0.8,LS_oracle,0.00673781765201758
0.8,LS_oracle,0.00843945579561264
0.8,LS_oracle,0.00601095314287327
0.8,LS_oracle,0.00775917189547583
0.8,LS_oracle,0.00761121202393792
0.8,LS_oracle,0.00421886533411188
0.8,LS_oracle,0.00433286481196495
0.8,LS_oracle,0.00482364649718746
0.8,LS_oracle,0.00584034519238659
0.8,LS_oracle,0.0041575213444924
0.8,LS_oracle,0.00652974056349134
0.8,LS_oracle,0.00336110892698677
0.8,LS_oracle,0.00881766617648941
0.8,LS_oracle,0.0160391930191137
0.8,LS_oracle,0.00863479767841804
0.8,LS_oracle,0.00872068507016468
0.8,LS_oracle,0.00324344946676198
0.8,LS_oracle,0.0108052374070806
0.8,LS_oracle,0.00443007682372033
0.8,LS_oracle,0.00226742343118613
0.8,LS_oracle,0.00527703106903209
0.8,LS_oracle,0.00844764408013535
0.8,LS_oracle,0.0150536854236721
0.8,LS_oracle,0.00356338963950399
0.8,LS_oracle,0.0226140699977417
0.8,LS_oracle,0.0115140620421394
0.8,LS_oracle,0.00154809246583981
0.8,LS_oracle,0.00593663482157578
0.8,LS_oracle,0.00671229009634036
0.8,LS_oracle,0.00729539314621813
0.8,LS_oracle,0.00342010698745639
0.8,LS_oracle,0.023354377906779
0.8,LS_oracle,0.00323703506527621
0.8,LS_oracle,0.0063752298030723
0.8,LS_oracle,0.00352796545188156
0.8,LS_oracle,0.0167426580363244
0.8,LS_oracle,0.021854407711059
0.8,LS_oracle,0.00770223686906356
0.8,LS_oracle,0.00686021854559088
0.8,LS_oracle,0.0101127161262938
0.8,LS_oracle,0.00318037778844396
0.8,LS_oracle,0.0118169731444605
0.8,LS_oracle,0.00374680782040075
0.8,LS_oracle,0.0122055960904208
0.8,LS_oracle,0.00456109465304328
0.8,LS_oracle,0.00534154984446906
0.8,LS_oracle,0.0105940078994504
0.8,LS_oracle,0.0100173335991478
0.8,LS_oracle,0.00668469679445587
0.8,LS_oracle,0.00979740758596366
0.8,LS_oracle,0.0192900615582408
0.8,LS_oracle,0.0195850967712968
0.8,LS_oracle,0.0030059617281958
0.8,LS_oracle,0.00398841413980032
0.8,LS_oracle,0.00726244229349578
0.8,LS_oracle,0.00792567128672204
0.8,LS_oracle,0.0192048469023772
0.8,LS_oracle,0.00488206116068627
0.8,LS_oracle,0.011925599018516
0.8,LS_oracle,0.00741086765269133
0.8,LS_oracle,0.00614695228099269
0.8,LS_oracle,0.0172188870989652
0.8,LS_oracle,0.00341265003668272
0.8,LS_oracle,0.00676656433539696
0.8,LS_oracle,0.00893058158500271
0.8,LS_oracle,0.00260366810077214
0.8,LS_oracle,0.00634185025878769
0.8,LS_oracle,0.0133717320297108
0.8,LS_oracle,0.00558106819281007
0.8,LS_oracle,0.0154264092173674
0.8,LS_oracle,0.00968563720214425
0.8,LS_oracle,0.00596584794282273
0.8,LS_oracle,0.00195523290529489
0.8,LS_oracle,0.0039842840181661
0.8,LS_oracle,0.0065283977511859
0.8,LS_oracle,0.0102983363011893
0.8,LS_oracle,0.0156923792237528
0.8,LS_oracle,0.00210428735417062
0.8,LS_oracle,0.00289651002747607
0.8,LS_oracle,0.00444892645520053
0.8,LS_oracle,0.00405033406735003
0.8,LS_oracle,0.00547574427230952
0.8,LS_oracle,0.00817621708149683
0.8,LS_oracle,0.00662941950385875
0.8,LS_oracle,0.0113421224048227
0.8,LS_oracle,0.00895432139565951
0.8,LS_oracle,0.0119795923550534
0.8,LS_oracle,0.00385897803481405
0.8,LS_oracle,0.00299957348080555
0.8,LS_oracle,0.00782510121964792
0.8,LS_oracle,0.0345426666246718
0.8,LS_oracle,0.00842660187686772
0.8,LS_oracle,0.0136470870230284
0.8,LS_oracle,0.0111233973710458
0.8,LS_oracle,0.00203542843943487
0.8,LS_oracle,0.000679826746266774
0.8,LS_oracle,0.00234721650539566
0.8,LS_oracle,0.0047078771698886
0.8,LS_oracle,0.0087241801456289
0.8,LS_oracle,0.0244645536340551
0.8,LS_oracle,0.0046486524196611
0.8,LS_oracle,0.00769742740839968
0.8,LS_oracle,0.00733783746119366
0.8,LS_oracle,0.0102966598585694
0.8,LS_oracle,0.00999032450995448
0.8,LS_oracle,0.0434478705995248
0.8,LS_oracle,0.00992965418188625
0.8,LS_oracle,0.00373563782290467
0.8,LS_oracle,0.00719206483402616
0.8,LS_oracle,0.00865789469413809
0.8,LS_oracle,0.00227558930642438
0.8,LS_oracle,0.00393770355472196
0.8,LS_oracle,0.0118940373809567
0.8,LS_oracle,0.0188365910625021
0.8,LS_oracle,0.00808151466302718
0.8,LS_oracle,0.0171149368970024
0.8,LS_oracle,0.00584449535576099
0.8,LS_oracle,0.00274028769166704
0.8,LS_oracle,0.00697488251123706
0.8,LS_oracle,0.00968176380870773
0.8,LS_oracle,0.00644255602445257
0.8,LS_oracle,0.00227179264920466
0.8,LS_oracle,0.0082723585686482
0.8,LS_oracle,0.00664161484213072
0.8,LS_oracle,0.0177550879836917
0.8,LS_oracle,0.00649594635532489
0.8,LS_oracle,0.0190769159043293
0.8,LS_oracle,0.00966998720901202
0.8,LS_oracle,0.00494164325292726
0.8,LS_oracle,0.0109766489063973
0.8,LS_oracle,0.00351182574121292
0.8,LS_oracle,0.00582728941483922
0.8,LS_oracle,0.00924017053436328
0.8,LS_oracle,0.0056762713925421
0.8,LS_oracle,0.0040097223943216
0.8,LS_oracle,0.00299333740868606
0.8,LS_oracle,0.00396633869497519
0.8,LS_oracle,0.0101755426381279
0.8,LS_oracle,0.00438096124949881
0.8,LS_oracle,0.00100371186538643
0.8,LS_oracle,0.0236615029948468
0.8,LS_oracle,0.0120213334789353
0.8,LS_oracle,0.00855498610944589
0.8,LS_oracle,0.00315075786521301
0.8,LS_oracle,0.00420278325178253
0.8,LS_oracle,0.00473374593594702
0.8,LS_oracle,0.0185598867119041
0.8,LS_oracle,0.00145482512994866
0.8,LS_oracle,0.00273090089513042
0.8,LS_oracle,0.0146889420549311
0.8,LS_oracle,0.0144883359086214
0.8,LS_oracle,0.00680894936489332
0.8,LS_oracle,0.00999394573520336
0.8,LS_oracle,0.00635731539228231
0.8,TS_oracle,0.00393068114493072
0.8,TS_oracle,0.00343637892053386
0.8,TS_oracle,0.00107319675636442
0.8,TS_oracle,0.00171481767636354
0.8,TS_oracle,0.00469833913045523
0.8,TS_oracle,0.000700679015602676
0.8,TS_oracle,0.000602957338866533
0.8,TS_oracle,0.00127270769482821
0.8,TS_oracle,0.0106024428971345
0.8,TS_oracle,0.00370204412947019
0.8,TS_oracle,0.00198088268593792
0.8,TS_oracle,0.00347501922583898
0.8,TS_oracle,0.00459987612437411
0.8,TS_oracle,0.00264811611644392
0.8,TS_oracle,0.000885613896113883
0.8,TS_oracle,0.00364171336831374
0.8,TS_oracle,0.00276029369769522
0.8,TS_oracle,0.00109884588812474
0.8,TS_oracle,0.00375953201694583
0.8,TS_oracle,0.00296383713077398
0.8,TS_oracle,0.00260772923529193
0.8,TS_oracle,0.00119498422679763
0.8,TS_oracle,0.00113319331871257
0.8,TS_oracle,0.00379373952673578
0.8,TS_oracle,0.0022934176287623
0.8,TS_oracle,0.00302784591007895
0.8,TS_oracle,0.00200141120603928
0.8,TS_oracle,0.00191589197628611
0.8,TS_oracle,0.00231674124086768
0.8,TS_oracle,0.00146248046602374
0.8,TS_oracle,0.00272080599732266
0.8,TS_oracle,0.00161911501463952
0.8,TS_oracle,0.00240143916888324
0.8,TS_oracle,0.00238916157983675
0.8,TS_oracle,0.00250424186752392
0.8,TS_oracle,0.00151257688548525
0.8,TS_oracle,0.00216546506490479
0.8,TS_oracle,0.00541916209920291
0.8,TS_oracle,0.00371608812314111
0.8,TS_oracle,0.00319182363281946
0.8,TS_oracle,0.00161344030303921
0.8,TS_oracle,0.00209579063469536
0.8,TS_oracle,0.0019738968527588
0.8,TS_oracle,0.00452602863087505
0.8,TS_oracle,0.00588610926179144
0.8,TS_oracle,0.0012615904250174
0.8,TS_oracle,0.0011755911021364
0.8,TS_oracle,0.00316196344744599
0.8,TS_oracle,0.00165695071652749
0.8,TS_oracle,0.00227074788299662
0.8,TS_oracle,0.00302048560949264
0.8,TS_oracle,0.00279559746215036
0.8,TS_oracle,0.00326311370084011
0.8,TS_oracle,0.000632851770354607
0.8,TS_oracle,0.00501520736101088
0.8,TS_oracle,0.00163446654633764
0.8,TS_oracle,0.00201108521477043
0.8,TS_oracle,0.0028308012702436
0.8,TS_oracle,0.0019061016890126
0.8,TS_oracle,0.00211394069010138
0.8,TS_oracle,0.00184144275022237
0.8,TS_oracle,0.00228943931995548
0.8,TS_oracle,0.00144766791936433
0.8,TS_oracle,0.00370396764316901
0.8,TS_oracle,0.00240104839401548
0.8,TS_oracle,0.000970596799904999
0.8,TS_oracle,0.00632892279512926
0.8,TS_oracle,0.00456372480883889
0.8,TS_oracle,0.00129362479289945
0.8,TS_oracle,0.00269704670858707
0.8,TS_oracle,0.00134335394094674
0.8,TS_oracle,0.00395614980892175
0.8,TS_oracle,0.0016063541692474
0.8,TS_oracle,0.00297274495066331
0.8,TS_oracle,0.00132392554447981
0.8,TS_oracle,0.00270865297638657
0.8,TS_oracle,0.000857641817613985
0.8,TS_oracle,0.00305087962098287
0.8,TS_oracle,0.00325837198837519
0.8,TS_oracle,0.00338937453323592
0.8,TS_oracle,0.00219565029202902
0.8,TS_oracle,0.00228816385506021
0.8,TS_oracle,0.0071173167394627
0.8,TS_oracle,0.00147913223599675
0.8,TS_oracle,0.00211454696223593
0.8,TS_oracle,0.00262551147408447
0.8,TS_oracle,0.00539580602157072
0.8,TS_oracle,0.00318643665149517
0.8,TS_oracle,0.00266426655483201
0.8,TS_oracle,0.00195859349416435
0.8,TS_oracle,0.00320660131780362
0.8,TS_oracle,0.000351278208047631
0.8,TS_oracle,0.00183159753202723
0.8,TS_oracle,0.00297991057455534
0.8,TS_oracle,0.00246119247889263
0.8,TS_oracle,0.00110045560270213
0.8,TS_oracle,0.000993002212113374
0.8,TS_oracle,0.00569670908210501
0.8,TS_oracle,0.00357537253003792
0.8,TS_oracle,0.00160818430653729
0.8,TS_oracle,0.00201085479995984
0.8,TS_oracle,0.00264385116704102
0.8,TS_oracle,0.00236027994961062
0.8,TS_oracle,0.00356443219624905
0.8,TS_oracle,0.00115428147678492
0.8,TS_oracle,0.00163241300603877
0.8,TS_oracle,0.0036211195235084
0.8,TS_oracle,0.00142244053345178
0.8,TS_oracle,0.00314532169747808
0.8,TS_oracle,0.0037503996227953
0.8,TS_oracle,0.00176792428126931
0.8,TS_oracle,0.00106998050100695
0.8,TS_oracle,0.00242310831314604
0.8,TS_oracle,0.0063296077880264
0.8,TS_oracle,0.00124775849834679
0.8,TS_oracle,0.00354407921968037
0.8,TS_oracle,0.0055607804035441
0.8,TS_oracle,0.00471736319884954
0.8,TS_oracle,0.00434524205661651
0.8,TS_oracle,0.00292324993597091
0.8,TS_oracle,0.00168129141100816
0.8,TS_oracle,0.000412873523211567
0.8,TS_oracle,0.00142933443022757
0.8,TS_oracle,0.00196127885499088
0.8,TS_oracle,0.00167011579115522
0.8,TS_oracle,0.00139665161701535
0.8,TS_oracle,0.00123734300771811
0.8,TS_oracle,0.00195444837633685
0.8,TS_oracle,0.00498612713100699
0.8,TS_oracle,0.00289294658598247
0.8,TS_oracle,0.00237528438941533
0.8,TS_oracle,0.00365705841502024
0.8,TS_oracle,0.00140933378914301
0.8,TS_oracle,0.000887263947816327
0.8,TS_oracle,0.00299383149740139
0.8,TS_oracle,0.00299811207435911
0.8,TS_oracle,0.00251303224819455
0.8,TS_oracle,0.003540929378618
0.8,TS_oracle,0.00313099168067618
0.8,TS_oracle,0.000932598484964528
0.8,TS_oracle,0.00107772245237293
0.8,TS_oracle,0.00148826590078618
0.8,TS_oracle,0.00182911445273854
0.8,TS_oracle,0.00244183296704075
0.8,TS_oracle,0.00218409784500449
0.8,TS_oracle,0.00230698785051313
0.8,TS_oracle,0.00341370864630143
0.8,TS_oracle,0.00114894331458367
0.8,TS_oracle,0.00332300233839101
0.8,TS_oracle,0.00108452174532446
0.8,TS_oracle,0.00104120065162319
0.8,TS_oracle,0.00546955726775391
0.8,TS_oracle,0.00728466177809237
0.8,TS_oracle,0.00466461984029965
0.8,TS_oracle,0.00186046459859776
0.8,TS_oracle,0.00338331061432528
0.8,TS_oracle,0.00148704543769204
0.8,TS_oracle,0.00235724995222459
0.8,TS_oracle,0.00349050509963193
0.8,TS_oracle,0.00471947255971521
0.8,TS_oracle,0.00202738639430513
0.8,TS_oracle,0.00080150143678217
0.8,TS_oracle,0.00321944073698944
0.8,TS_oracle,0.0017145848591218
0.8,TS_oracle,0.00802486713604505
0.8,TS_oracle,0.00192707589793306
0.8,TS_oracle,0.00162496101162773
0.8,TS_oracle,0.00354403924879196
0.8,TS_oracle,0.00216542054668722
0.8,TS_oracle,0.00332719440156959
0.8,TS_oracle,0.00337551407763233
0.8,TS_oracle,0.00341614247616651
0.8,TS_oracle,0.00475446830060479
0.8,TS_oracle,0.0010314497715015
0.8,TS_oracle,0.00142713915682817
0.8,TS_oracle,0.0042383548512439
0.8,TS_oracle,0.00131891850429153
0.8,TS_oracle,0.00215765136174415
0.8,TS_oracle,0.000619739889418852
0.8,TS_oracle,0.000832689409713649
0.8,TS_oracle,0.00181101044129248
0.8,TS_oracle,0.00117227464169865
0.8,TS_oracle,0.00142967851500237
0.8,TS_oracle,0.00110916099052274
0.8,TS_oracle,0.000381423040036729
0.8,TS_oracle,0.00149781754406616
0.8,TS_oracle,0.00417152736614786
0.8,TS_oracle,0.00262318592416484
0.8,TS_oracle,0.0022331819863357
0.8,TS_oracle,0.00289354179947824
0.8,TS_oracle,0.00118048232439862
0.8,TS_oracle,0.00180366107482384
0.8,TS_oracle,0.00126225645365221
0.8,TS_oracle,0.000779554469958065
0.8,TS_oracle,0.00134720572705367
0.8,TS_oracle,0.00369859755432535
0.8,TS_oracle,0.00550344537507823
0.8,TS_oracle,0.00674292228158688
0.8,TS_oracle,0.002484336313624
0.8,TS_oracle,0.00263617228939961
0.9,PLS,0.00764361091216047
0.9,PLS,0.0296907225456547
0.9,PLS,0.0478777200370237
0.9,PLS,0.022750182181847
0.9,PLS,0.00886906893356418
0.9,PLS,0.0161806090890073
0.9,PLS,0.00361061735029707
0.9,PLS,0.00639665874797002
0.9,PLS,0.0355333391837666
0.9,PLS,0.00258721242950203
0.9,PLS,0.0120663488349025
0.9,PLS,0.0220221968766404
0.9,PLS,0.00669590094946913
0.9,PLS,0.00668739658615303
0.9,PLS,0.018161780860849
0.9,PLS,0.00614724894098538
0.9,PLS,0.0106504212716959
0.9,PLS,0.0221269806516016
0.9,PLS,0.00847942558234967
0.9,PLS,0.00335642976335926
0.9,PLS,0.00912935985967313
0.9,PLS,0.00534414405027953
0.9,PLS,0.00352856241012287
0.9,PLS,0.00210601689957114
0.9,PLS,0.00967108762670884
0.9,PLS,0.0114122251467416
0.9,PLS,0.0169221005833715
0.9,PLS,0.00664487261834879
0.9,PLS,0.0230519258432447
0.9,PLS,0.0124546068270979
0.9,PLS,0.0157304696947895
0.9,PLS,0.00718412737640263
0.9,PLS,0.012102413089211
0.9,PLS,0.00437961898115402
0.9,PLS,0.00354424428659433
0.9,PLS,0.003955018875479
0.9,PLS,0.00643001982823822
0.9,PLS,0.00571828614823181
0.9,PLS,0.0100346037557158
0.9,PLS,0.0166560747990843
0.9,PLS,0.00538851902420892
0.9,PLS,0.00676009121761142
0.9,PLS,0.0130722412308237
0.9,PLS,0.00536151815068988
0.9,PLS,0.00862995525315109
0.9,PLS,0.00272186344852426
0.9,PLS,0.0265718267709798
0.9,PLS,0.0061185486264643
0.9,PLS,0.0121038148223415
0.9,PLS,0.00337012275772437
0.9,PLS,0.00386088221405595
0.9,PLS,0.0112217626848728
0.9,PLS,0.0168003237619428
0.9,PLS,0.0127401101781363
0.9,PLS,0.00928106231870254
0.9,PLS,0.006564794340114
0.9,PLS,0.0120744505874033
0.9,PLS,0.0389164577406642
0.9,PLS,0.00872146262796565
0.9,PLS,0.0177413775303314
0.9,PLS,0.00925871608978688
0.9,PLS,0.00621692302057936
0.9,PLS,0.0104151893160569
0.9,PLS,0.0205839449623586
0.9,PLS,0.0303849345488956
0.9,PLS,0.00543361059926572
0.9,PLS,0.00856789261532524
0.9,PLS,0.0125970610281111
0.9,PLS,0.01235946877039
0.9,PLS,0.0105559503999531
0.9,PLS,0.00448097889669988
0.9,PLS,0.0292089220368893
0.9,PLS,0.00851186849331398
0.9,PLS,0.00770917293763753
0.9,PLS,0.00166686071681424
0.9,PLS,0.00256970057881008
0.9,PLS,0.00898210522561229
0.9,PLS,0.00915570888566064
0.9,PLS,0.0118226011492573
0.9,PLS,0.00641072729328959
0.9,PLS,0.00816318404987507
0.9,PLS,0.00273094237324943
0.9,PLS,0.000363656968201943
0.9,PLS,0.00222062605325343
0.9,PLS,0.0110234277593362
0.9,PLS,0.0162503717575305
0.9,PLS,0.00273559208672749
0.9,PLS,0.0233028265582717
0.9,PLS,0.00444470734839167
0.9,PLS,0.00753129313264189
0.9,PLS,0.00948533685483773
0.9,PLS,0.0167601345617652
0.9,PLS,0.00879090363256548
0.9,PLS,0.00291132771108059
0.9,PLS,0.00432197579265364
0.9,PLS,0.0168149484923153
0.9,PLS,0.0158750772176289
0.9,PLS,0.00527976680277144
0.9,PLS,0.0145416246509741
0.9,PLS,0.0053764808795501
0.9,PLS,0.0167368119499317
0.9,PLS,0.0064707507791944
0.9,PLS,0.00577941820522389
0.9,PLS,0.0235684363369815
0.9,PLS,0.0203573876411673
0.9,PLS,0.00426750071240151
0.9,PLS,0.0121190601547158
0.9,PLS,0.00935354737898581
0.9,PLS,0.0126603129271253
0.9,PLS,0.0314707758715872
0.9,PLS,0.00382281413795773
0.9,PLS,0.00889972873947038
0.9,PLS,0.00226280242552139
0.9,PLS,0.00687543314386942
0.9,PLS,0.033499026015494
0.9,PLS,0.0147428372557307
0.9,PLS,0.00405670190025048
0.9,PLS,0.010335512970703
0.9,PLS,0.00503462233286412
0.9,PLS,0.0151505748619971
0.9,PLS,0.0136451302544585
0.9,PLS,0.00767740001535051
0.9,PLS,0.00440824333356386
0.9,PLS,0.00263711572516162
0.9,PLS,0.00540775388272216
0.9,PLS,0.0195740323432735
0.9,PLS,0.029101919151294
0.9,PLS,0.00755798418479644
0.9,PLS,0.0137558932221982
0.9,PLS,0.00963981057838385
0.9,PLS,0.00311040093714942
0.9,PLS,0.00170425558499637
0.9,PLS,0.014604146888958
0.9,PLS,0.00595128873177189
0.9,PLS,0.00630949602776624
0.9,PLS,0.0258039182822469
0.9,PLS,0.00268409008730984
0.9,PLS,0.0266571291114056
0.9,PLS,0.0213215296060471
0.9,PLS,0.000660604332265392
0.9,PLS,0.00799922525915807
0.9,PLS,0.00256368041080379
0.9,PLS,0.0338720814874161
0.9,PLS,0.0100549783567488
0.9,PLS,0.00630094980110371
0.9,PLS,0.0258195983999396
0.9,PLS,0.0115125861731637
0.9,PLS,0.00361510441094105
0.9,PLS,0.00136142268840678
0.9,PLS,0.0171921540644734
0.9,PLS,0.0107812087358653
0.9,PLS,0.0141193104508415
0.9,PLS,0.01458513971854
0.9,PLS,0.00467079582708087
0.9,PLS,0.0120861171733906
0.9,PLS,0.00252062638461199
0.9,PLS,0.0168608520517233
0.9,PLS,0.00857965141207191
0.9,PLS,0.00543427985393592
0.9,PLS,0.00797785068571603
0.9,PLS,0.0151237597160657
0.9,PLS,0.0305812182667589
0.9,PLS,0.0114004752484838
0.9,PLS,0.0084580313404265
0.9,PLS,0.0228253123479668
0.9,PLS,0.00960357131122983
0.9,PLS,0.0220746490272593
0.9,PLS,0.00406571888675653
0.9,PLS,0.00144641419723911
0.9,PLS,0.0237704497524871
0.9,PLS,0.00217860400587881
0.9,PLS,0.00694541766606276
0.9,PLS,0.0294640055330065
0.9,PLS,0.0404720709054275
0.9,PLS,0.00896435342732432
0.9,PLS,0.0164399194200483
0.9,PLS,0.00729936741464839
0.9,PLS,0.0167186547270562
0.9,PLS,0.00330920014891003
0.9,PLS,0.0026704322398946
0.9,PLS,0.00659682755786946
0.9,PLS,0.00160127521790999
0.9,PLS,0.00433588134654358
0.9,PLS,0.00693425599721189
0.9,PLS,0.00519320314403349
0.9,PLS,0.0025453876126438
0.9,PLS,0.00798414968376906
0.9,PLS,0.00890259653307357
0.9,PLS,0.00219128118820333
0.9,PLS,0.0140151802215222
0.9,PLS,0.0113063535734596
0.9,PLS,0.00756970372456114
0.9,PLS,0.00323426406737721
0.9,PLS,0.0177799628064651
0.9,PLS,0.00130273750441842
0.9,PLS,0.001810622682198
0.9,PLS,0.0127576481556869
0.9,PLS,0.00626136599999381
0.9,PLS,0.0286715449991005
0.9,PLS,0.00569222952954623
0.9,fTS,0.0010189890725323
0.9,fTS,0.00303717808841222
0.9,fTS,0.00180493046199143
0.9,fTS,0.00231124596408563
0.9,fTS,0.000514103857867464
0.9,fTS,0.0020258799734061
0.9,fTS,0.00122500455947226
0.9,fTS,0.00187205560026755
0.9,fTS,0.0010628986023802
0.9,fTS,0.00070715251572736
0.9,fTS,0.00143797358558318
0.9,fTS,0.00219095688144222
0.9,fTS,0.000875287583724132
0.9,fTS,0.000790324280051086
0.9,fTS,0.00276094828630221
0.9,fTS,0.00120989813996262
0.9,fTS,0.000584916611683359
0.9,fTS,0.000778458898820941
0.9,fTS,0.00135331036182973
0.9,fTS,0.000558231172647729
0.9,fTS,0.00132835092934496
0.9,fTS,0.00133401101464864
0.9,fTS,0.00111874618306937
0.9,fTS,0.00173984278780254
0.9,fTS,0.00264805855384595
0.9,fTS,0.000978468454515917
0.9,fTS,0.000784581886209062
0.9,fTS,0.0016006156350671
0.9,fTS,0.00330694256985045
0.9,fTS,0.002229168152266
0.9,fTS,0.00110955796233674
0.9,fTS,0.00101773037383607
0.9,fTS,0.00183609418425839
0.9,fTS,0.000692152181417858
0.9,fTS,0.00115796387502386
0.9,fTS,0.000280353932015593
0.9,fTS,0.00135318430935012
0.9,fTS,0.00125072217512237
0.9,fTS,0.00259322539803338
0.9,fTS,0.00188046988719297
0.9,fTS,0.000511625595758096
0.9,fTS,0.00156417004466335
0.9,fTS,0.0012297903050244
0.9,fTS,0.00206299636572481
0.9,fTS,0.000827366929369133
0.9,fTS,0.00104803342731142
0.9,fTS,0.00340293927770405
0.9,fTS,0.00193367040172755
0.9,fTS,0.00175200273671814
0.9,fTS,0.00161721612271046
0.9,fTS,0.00108637833152653
0.9,fTS,0.00165508515059039
0.9,fTS,0.00132536888136217
0.9,fTS,0.00115661070045885
0.9,fTS,0.00385172320658808
0.9,fTS,0.000409240838418361
0.9,fTS,0.00260332519964038
0.9,fTS,0.000975883924480236
0.9,fTS,0.00128626626980853
0.9,fTS,0.00235067540274384
0.9,fTS,0.00249586627759929
0.9,fTS,0.00233690460231227
0.9,fTS,0.00186515264569869
0.9,fTS,0.00081947256682964
0.9,fTS,0.00155517965390109
0.9,fTS,0.00105091345678443
0.9,fTS,0.00146304378251356
0.9,fTS,0.00159414085366411
0.9,fTS,0.00141071373625287
0.9,fTS,0.00227508827330342
0.9,fTS,0.00151378205188274
0.9,fTS,0.00138899950174479
0.9,fTS,0.000373128139936566
0.9,fTS,0.000762421712373122
0.9,fTS,0.0011523083959126
0.9,fTS,0.00196995910813203
0.9,fTS,0.0012639552247075
0.9,fTS,0.00489559835619256
0.9,fTS,0.00279183581084348
0.9,fTS,0.000860947683002682
0.9,fTS,0.00109761609817447
0.9,fTS,0.00179768153919846
0.9,fTS,0.000989556042296839
0.9,fTS,0.00302644439256869
0.9,fTS,0.00154957780395914
0.9,fTS,0.00106618090857641
0.9,fTS,0.00217039506874341
0.9,fTS,0.00584030380440683
0.9,fTS,0.000891221076278742
0.9,fTS,0.0014657624578601
0.9,fTS,0.000270564796129229
0.9,fTS,0.00146602846956144
0.9,fTS,0.000994673467376453
0.9,fTS,0.00115771387096443
0.9,fTS,0.00291421960842684
0.9,fTS,0.0015439989130635
0.9,fTS,0.00243891459952468
0.9,fTS,0.000917674263897414
0.9,fTS,0.00377397084870293
0.9,fTS,0.00312616601184361
0.9,fTS,0.0003375709268589
0.9,fTS,0.0024810860780132
0.9,fTS,0.00336885507445868
0.9,fTS,0.00311324620818776
0.9,fTS,0.0019972908070085
0.9,fTS,0.000285854022743681
0.9,fTS,0.00130457795426249
0.9,fTS,0.00170835351730904
0.9,fTS,0.00259184390230783
0.9,fTS,0.0023046309995645
0.9,fTS,0.00103032114324977
0.9,fTS,0.00145531629604045
0.9,fTS,0.0033557034870817
0.9,fTS,0.00161646879699403
0.9,fTS,0.00201180732169135
0.9,fTS,0.00118610568892084
0.9,fTS,0.000873010695634371
0.9,fTS,0.000976041454156037
0.9,fTS,0.00282463973592543
0.9,fTS,0.00485422214239601
0.9,fTS,0.00273825219430339
0.9,fTS,0.00162791115267711
0.9,fTS,0.00193872684541735
0.9,fTS,0.0017615146172509
0.9,fTS,0.00105184599058521
0.9,fTS,0.00218560590969901
0.9,fTS,0.00169843306575725
0.9,fTS,0.00167755652697874
0.9,fTS,0.00176587427025489
0.9,fTS,0.000893471160449025
0.9,fTS,0.00234505798534076
0.9,fTS,0.00171375461957058
0.9,fTS,0.000942838182414613
0.9,fTS,0.00230181341620723
0.9,fTS,0.000844551305081261
0.9,fTS,0.00113787066750795
0.9,fTS,0.00064559824303375
0.9,fTS,0.00282890692493957
0.9,fTS,0.0011130342099308
0.9,fTS,0.000851283963424981
0.9,fTS,0.00208606606027362
0.9,fTS,0.000904795419723916
0.9,fTS,0.00098448191235782
0.9,fTS,0.00277446040329273
0.9,fTS,0.00205358803357211
0.9,fTS,0.00168483533800168
0.9,fTS,0.00280169030158028
0.9,fTS,0.00216073832461598
0.9,fTS,0.000526152098465548
0.9,fTS,0.00216781608871838
0.9,fTS,0.000711209903516438
0.9,fTS,0.00236062891843184
0.9,fTS,0.00228721175382896
0.9,fTS,0.00116521147686749
0.9,fTS,0.00213097534179772
0.9,fTS,0.000309626514144758
0.9,fTS,0.00608006907619049
0.9,fTS,0.00113783345049316
0.9,fTS,0.002327684955698
0.9,fTS,0.000662380813898689
0.9,fTS,0.00156545414060011
0.9,fTS,0.00168921896396143
0.9,fTS,0.000545208615875608
0.9,fTS,0.00159786147859861
0.9,fTS,0.000871653041290785
0.9,fTS,0.00226709154159072
0.9,fTS,0.0018153763413958
0.9,fTS,0.0025885717178065
0.9,fTS,0.000713089611715911
0.9,fTS,0.000800940569602051
0.9,fTS,0.00187800155315303
0.9,fTS,0.00138861972342237
0.9,fTS,0.00167808903311451
0.9,fTS,0.00107307262507046
0.9,fTS,0.00262042884074877
0.9,fTS,0.00287594395034547
0.9,fTS,0.00300945478299479
0.9,fTS,0.000743808999048364
0.9,fTS,0.00139653824861706
0.9,fTS,0.000954399786350129
0.9,fTS,0.0024165407497294
0.9,fTS,0.000619581836280817
0.9,fTS,0.000769174697081551
0.9,fTS,0.00238327806887223
0.9,fTS,0.00176306184073859
0.9,fTS,0.00226052878709599
0.9,fTS,0.000857951489820687
0.9,fTS,0.00176612916472843
0.9,fTS,0.00306552941737757
0.9,fTS,0.00178387290846856
0.9,fTS,0.00138173352439116
0.9,fTS,0.000530711485659248
0.9,fTS,0.00362913794854549
0.9,fTS,0.00142791922474888
0.9,fTS,0.00229733502129659
0.9,fTS,0.00122356232549608
0.9,fTS,0.000923001470033408
0.9,fTS,0.00135650888727306
0.9,fTS,0.00325804275372906
0.9,fTS,0.00227481247088512
0.9,LS_oracle,0.00915951890637558
0.9,LS_oracle,0.0247029503398833
0.9,LS_oracle,0.0238343033624242
0.9,LS_oracle,0.0161961270338126
0.9,LS_oracle,0.00984947370762192
0.9,LS_oracle,0.00650211235807801
0.9,LS_oracle,0.00348117145671881
0.9,LS_oracle,0.00633029176454849
0.9,LS_oracle,0.0172135520602866
0.9,LS_oracle,0.00325044076050854
0.9,LS_oracle,0.0116606612208195
0.9,LS_oracle,0.0204755618919044
0.9,LS_oracle,0.0101914726879459
0.9,LS_oracle,0.00672783235417005
0.9,LS_oracle,0.0181729850116648
0.9,LS_oracle,0.00552249679898396
0.9,LS_oracle,0.0102295788971764
0.9,LS_oracle,0.0215084545940658
0.9,LS_oracle,0.00896480423522847
0.9,LS_oracle,0.00290748134755469
0.9,LS_oracle,0.0100939969559705
0.9,LS_oracle,0.00523139853273098
0.9,LS_oracle,0.00289616892302397
0.9,LS_oracle,0.00189820779511416
0.9,LS_oracle,0.00948291497419699
0.9,LS_oracle,0.00890423294684484
0.9,LS_oracle,0.016683673358275
0.9,LS_oracle,0.00680522500955693
0.9,LS_oracle,0.0219400204232779
0.9,LS_oracle,0.00969305859495915
0.9,LS_oracle,0.0152253439216107
0.9,LS_oracle,0.00503610459529339
0.9,LS_oracle,0.0120130162770985
0.9,LS_oracle,0.00417757259271905
0.9,LS_oracle,0.00337349081209807
0.9,LS_oracle,0.00445088712033723
0.9,LS_oracle,0.00628974517521281
0.9,LS_oracle,0.00500765035878196
0.9,LS_oracle,0.00998450118822501
0.9,LS_oracle,0.0161464669482668
0.9,LS_oracle,0.00441361241059128
0.9,LS_oracle,0.00636599132890888
0.9,LS_oracle,0.0127174662319751
0.9,LS_oracle,0.00534515937832077
0.9,LS_oracle,0.00798053300508442
0.9,LS_oracle,0.00243638900959647
0.9,LS_oracle,0.0262474133839394
0.9,LS_oracle,0.00538964878842306
0.9,LS_oracle,0.0119519699453318
0.9,LS_oracle,0.00288464348393053
0.9,LS_oracle,0.00384995560543553
0.9,LS_oracle,0.0144487373739025
0.9,LS_oracle,0.017421625476467
0.9,LS_oracle,0.00801986168531331
0.9,LS_oracle,0.0107677471822706
0.9,LS_oracle,0.00564479145641025
0.9,LS_oracle,0.0111049385826041
0.9,LS_oracle,0.0216911044611313
0.9,LS_oracle,0.00840165308971825
0.9,LS_oracle,0.0176488694522347
0.9,LS_oracle,0.00840684266326373
0.9,LS_oracle,0.00695263374750682
0.9,LS_oracle,0.00984215134492665
0.9,LS_oracle,0.0205490791451002
0.9,LS_oracle,0.0168785975606547
0.9,LS_oracle,0.00475990819879703
0.9,LS_oracle,0.00853102160145787
0.9,LS_oracle,0.0141390716264152
0.9,LS_oracle,0.0129346672396514
0.9,LS_oracle,0.0103045273985405
0.9,LS_oracle,0.00419993594501037
0.9,LS_oracle,0.0317915006828746
0.9,LS_oracle,0.00882891510337357
0.9,LS_oracle,0.00660414928075021
0.9,LS_oracle,0.00144413112492322
0.9,LS_oracle,0.00383347177115863
0.9,LS_oracle,0.00902087133805244
0.9,LS_oracle,0.00885369913336879
0.9,LS_oracle,0.0118256454650322
0.9,LS_oracle,0.00889972405998542
0.9,LS_oracle,0.00606846133266862
0.9,LS_oracle,0.00242522092471761
0.9,LS_oracle,0.000626921708832484
0.9,LS_oracle,0.00242083277895295
0.9,LS_oracle,0.0114854303712634
0.9,LS_oracle,0.0163385345167347
0.9,LS_oracle,0.0027513086857166
0.9,LS_oracle,0.0213550822627347
0.9,LS_oracle,0.00523921463708111
0.9,LS_oracle,0.00686746942966305
0.9,LS_oracle,0.00829727673279238
0.9,LS_oracle,0.01609294820234
0.9,LS_oracle,0.00811396941072942
0.9,LS_oracle,0.00282220417938362
0.9,LS_oracle,0.0041997794417562
0.9,LS_oracle,0.0164843682349564
0.9,LS_oracle,0.015408484896653
0.9,LS_oracle,0.00453971368028513
0.9,LS_oracle,0.0103621782865425
0.9,LS_oracle,0.00477048583426167
0.9,LS_oracle,0.0149315188616288
0.9,LS_oracle,0.0065639656096982
0.9,LS_oracle,0.00275008568571275
0.9,LS_oracle,0.0209232896478841
0.9,LS_oracle,0.0220794408230521
0.9,LS_oracle,0.00384660168839455
0.9,LS_oracle,0.00770688221515371
0.9,LS_oracle,0.00801145181029108
0.9,LS_oracle,0.0117612733792084
0.9,LS_oracle,0.0301153509019641
0.9,LS_oracle,0.00384387999921336
0.9,LS_oracle,0.00690967880222516
0.9,LS_oracle,0.00330223645038873
0.9,LS_oracle,0.00685345397532699
0.9,LS_oracle,0.0285270326110403
0.9,LS_oracle,0.0145103837341313
0.9,LS_oracle,0.00369507151251377
0.9,LS_oracle,0.00996247632274171
0.9,LS_oracle,0.00505628634295407
0.9,LS_oracle,0.0129106351879268
0.9,LS_oracle,0.0133247715018157
0.9,LS_oracle,0.00773606776971262
0.9,LS_oracle,0.00470452348770756
0.9,LS_oracle,0.00203650026942091
0.9,LS_oracle,0.00549053587613486
0.9,LS_oracle,0.0175715405036809
0.9,LS_oracle,0.0291238800099232
0.9,LS_oracle,0.00799833410686381
0.9,LS_oracle,0.0138588671819259
0.9,LS_oracle,0.0108470659351489
0.9,LS_oracle,0.00304601906719291
0.9,LS_oracle,0.00140910923670263
0.9,LS_oracle,0.0144246668671798
0.9,LS_oracle,0.00279628106918961
0.9,LS_oracle,0.00689311991034523
0.9,LS_oracle,0.0262059422706324
0.9,LS_oracle,0.00148125563115166
0.9,LS_oracle,0.0221825152473423
0.9,LS_oracle,0.016146984587207
0.9,LS_oracle,0.000601395787921734
0.9,LS_oracle,0.00736491309612349
0.9,LS_oracle,0.00275196927091588
0.9,LS_oracle,0.014609050665088
0.9,LS_oracle,0.00272097130268465
0.9,LS_oracle,0.00612150765742219
0.9,LS_oracle,0.0120310407286467
0.9,LS_oracle,0.0147338269624388
0.9,LS_oracle,0.00252147155500324
0.9,LS_oracle,0.00127325904268108
0.9,LS_oracle,0.0127692812776151
0.9,LS_oracle,0.00838326129177599
0.9,LS_oracle,0.0117671142206713
0.9,LS_oracle,0.00566924646357233
0.9,LS_oracle,0.00469781931445466
0.9,LS_oracle,0.0103900170712523
0.9,LS_oracle,0.00260099185536696
0.9,LS_oracle,0.0129785714018777
0.9,LS_oracle,0.008654846760343
0.9,LS_oracle,0.00537979402054023
0.9,LS_oracle,0.00915428477512653
0.9,LS_oracle,0.0150321345420718
0.9,LS_oracle,0.0331998564817815
0.9,LS_oracle,0.0117821788292947
0.9,LS_oracle,0.00692853998604098
0.9,LS_oracle,0.0207397408037382
0.9,LS_oracle,0.00939289057847664
0.9,LS_oracle,0.0200757976271376
0.9,LS_oracle,0.00336176605610975
0.9,LS_oracle,0.0013787450352054
0.9,LS_oracle,0.0226583219982617
0.9,LS_oracle,0.00284982941741292
0.9,LS_oracle,0.00499147803646061
0.9,LS_oracle,0.0143232999498368
0.9,LS_oracle,0.0378107535468501
0.9,LS_oracle,0.00769313081118915
0.9,LS_oracle,0.0160562238810015
0.9,LS_oracle,0.00720697877521543
0.9,LS_oracle,0.0158889577187822
0.9,LS_oracle,0.00228046915127805
0.9,LS_oracle,0.00247876846278302
0.9,LS_oracle,0.00579836324769715
0.9,LS_oracle,0.00143092334027337
0.9,LS_oracle,0.00467112094203303
0.9,LS_oracle,0.011535345889753
0.9,LS_oracle,0.0040346603923959
0.9,LS_oracle,0.0021575030950965
0.9,LS_oracle,0.0094999953014068
0.9,LS_oracle,0.0102265328832748
0.9,LS_oracle,0.0023117160386302
0.9,LS_oracle,0.0121551952359186
0.9,LS_oracle,0.00958019026665655
0.9,LS_oracle,0.00701300121472116
0.9,LS_oracle,0.00365818752543569
0.9,LS_oracle,0.0187086112776422
0.9,LS_oracle,0.00494638210713487
0.9,LS_oracle,0.000151280418280019
0.9,LS_oracle,0.00895661195145082
0.9,LS_oracle,0.00914714216847397
0.9,LS_oracle,0.0269203991585255
0.9,LS_oracle,0.00678114419541682
0.9,TS_oracle,0.0010307357423509
0.9,TS_oracle,0.00274285577534466
0.9,TS_oracle,0.00177578582549977
0.9,TS_oracle,0.00213130116080829
0.9,TS_oracle,0.00051805332716974
0.9,TS_oracle,0.00203504324216165
0.9,TS_oracle,0.00123498990498488
0.9,TS_oracle,0.00188284850023228
0.9,TS_oracle,0.00106225830028378
0.9,TS_oracle,0.000701238410278488
0.9,TS_oracle,0.000979538973213207
0.9,TS_oracle,0.00166133522029953
0.9,TS_oracle,0.000830296607614954
0.9,TS_oracle,0.000790248521963479
0.9,TS_oracle,0.00276118929221512
0.9,TS_oracle,0.00121117617238969
0.9,TS_oracle,0.000587677729670189
0.9,TS_oracle,0.000773010457428465
0.9,TS_oracle,0.00136886963323374
0.9,TS_oracle,0.000562763124848016
0.9,TS_oracle,0.00105012350906637
0.9,TS_oracle,0.00133404874482423
0.9,TS_oracle,0.000805653005056632
0.9,TS_oracle,0.00165579676735548
0.9,TS_oracle,0.00198721608512451
0.9,TS_oracle,0.000759992930249597
0.9,TS_oracle,0.000783506804530983
0.9,TS_oracle,0.00153868330844453
0.9,TS_oracle,0.00317415087922592
0.9,TS_oracle,0.00211907841474769
0.9,TS_oracle,0.00111446254296094
0.9,TS_oracle,0.000981661573519118
0.9,TS_oracle,0.00184165440062322
0.9,TS_oracle,0.000637800807012966
0.9,TS_oracle,0.000998011023474239
0.9,TS_oracle,0.000278965817672319
0.9,TS_oracle,0.00127896892391433
0.9,TS_oracle,0.00112502764744829
0.9,TS_oracle,0.00232570970305249
0.9,TS_oracle,0.001881161928708
0.9,TS_oracle,0.000504375723927044
0.9,TS_oracle,0.00129700699148408
0.9,TS_oracle,0.00111906330888729
0.9,TS_oracle,0.00183933858072566
0.9,TS_oracle,0.00082411748519538
0.9,TS_oracle,0.000816259469462788
0.9,TS_oracle,0.00339686933243256
0.9,TS_oracle,0.00173880592752633
0.9,TS_oracle,0.00175058160558188
0.9,TS_oracle,0.00152414792992593
0.9,TS_oracle,0.000829776638275472
0.9,TS_oracle,0.0014703455515257
0.9,TS_oracle,0.00133091409700606
0.9,TS_oracle,0.00114131721156824
0.9,TS_oracle,0.0033867062276564
0.9,TS_oracle,0.000411300646498314
0.9,TS_oracle,0.00175521188305292
0.9,TS_oracle,0.000933439016787981
0.9,TS_oracle,0.001283541197187
0.9,TS_oracle,0.00230586821820385
0.9,TS_oracle,0.0024876496441228
0.9,TS_oracle,0.00232092776353224
0.9,TS_oracle,0.00156695035439077
0.9,TS_oracle,0.000533178700502817
0.9,TS_oracle,0.00156348162072517
0.9,TS_oracle,0.000979404015480063
0.9,TS_oracle,0.00145179979622102
0.9,TS_oracle,0.00128339502495147
0.9,TS_oracle,0.00121523914453034
0.9,TS_oracle,0.00226851229506214
0.9,TS_oracle,0.00115578821693793
0.9,TS_oracle,0.00142064287742826
0.9,TS_oracle,0.000256726158862076
0.9,TS_oracle,0.000750769693028808
0.9,TS_oracle,0.00118266434783863
0.9,TS_oracle,0.00192673824514608
0.9,TS_oracle,0.000931631442231956
0.9,TS_oracle,0.000676847814359405
0.9,TS_oracle,0.00279187201423554
0.9,TS_oracle,0.000664835615896184
0.9,TS_oracle,0.00108397892306047
0.9,TS_oracle,0.00179806744638412
0.9,TS_oracle,0.000977609706131424
0.9,TS_oracle,0.00241562762295521
0.9,TS_oracle,0.00153965157629895
0.9,TS_oracle,0.00106656569264646
0.9,TS_oracle,0.00216817564584858
0.9,TS_oracle,0.00558242290572879
0.9,TS_oracle,0.000733940346328926
0.9,TS_oracle,0.00109018357658406
0.9,TS_oracle,9.24916177892593e-05
0.9,TS_oracle,0.00147822886351356
0.9,TS_oracle,0.000802967161655223
0.9,TS_oracle,0.000922812028140331
0.9,TS_oracle,0.00207384075178427
0.9,TS_oracle,0.00154371053508998
0.9,TS_oracle,0.00243963393318384
0.9,TS_oracle,0.000673437204756876
0.9,TS_oracle,0.00310288347449698
0.9,TS_oracle,0.00313382458264587
0.9,TS_oracle,0.000341227566990627
0.9,TS_oracle,0.00197537858221268
0.9,TS_oracle,0.00288197715048303
0.9,TS_oracle,0.00311366382847716
0.9,TS_oracle,0.000664820470697058
0.9,TS_oracle,0.000203808024894025
0.9,TS_oracle,0.00130409586907767
0.9,TS_oracle,0.00168714972421866
0.9,TS_oracle,0.00117460852593291
0.9,TS_oracle,0.00230247419538603
0.9,TS_oracle,0.00070724792263876
0.9,TS_oracle,0.00137019526303862
0.9,TS_oracle,0.000544999439209665
0.9,TS_oracle,0.00161114978495185
0.9,TS_oracle,0.00200989877822871
0.9,TS_oracle,0.0011959221988094
0.9,TS_oracle,0.000824912479977029
0.9,TS_oracle,0.000941448203620992
0.9,TS_oracle,0.00284624604929671
0.9,TS_oracle,0.00123306868978856
0.9,TS_oracle,0.00256987970335651
0.9,TS_oracle,0.00118824663382546
0.9,TS_oracle,0.00156226710954338
0.9,TS_oracle,0.00175894531104556
0.9,TS_oracle,0.00105070942400345
0.9,TS_oracle,0.0021791180420515
0.9,TS_oracle,0.00151889551824488
0.9,TS_oracle,0.00165164214505658
0.9,TS_oracle,0.00176568409239183
0.9,TS_oracle,0.000579752279669767
0.9,TS_oracle,0.00164959130401674
0.9,TS_oracle,0.00162340534993356
0.9,TS_oracle,0.000942907735301001
0.9,TS_oracle,0.00229315597759447
0.9,TS_oracle,0.000650157001823054
0.9,TS_oracle,0.00112280324276053
0.9,TS_oracle,0.000613278386672079
0.9,TS_oracle,0.00291137380308427
0.9,TS_oracle,0.0011095991802486
0.9,TS_oracle,0.000859233949376169
0.9,TS_oracle,0.00204894939903871
0.9,TS_oracle,0.000912213841063385
0.9,TS_oracle,0.000979222703080447
0.9,TS_oracle,0.00241637758831503
0.9,TS_oracle,0.00110700367559494
0.9,TS_oracle,0.00160304029317812
0.9,TS_oracle,0.00279078384388701
0.9,TS_oracle,0.00200649808310421
0.9,TS_oracle,0.000522326985811097
0.9,TS_oracle,0.00217918582798071
0.9,TS_oracle,0.000709421384766272
0.9,TS_oracle,0.00175631842854796
0.9,TS_oracle,0.00220827067565225
0.9,TS_oracle,0.000757725176462285
0.9,TS_oracle,0.00123404947275368
0.9,TS_oracle,0.000322436356173654
0.9,TS_oracle,0.00527255318580334
0.9,TS_oracle,0.00113563038075168
0.9,TS_oracle,0.00227897140328613
0.9,TS_oracle,0.000673911520650392
0.9,TS_oracle,0.0015587571744818
0.9,TS_oracle,0.00139220121614288
0.9,TS_oracle,0.000539129419822674
0.9,TS_oracle,0.00163170622161685
0.9,TS_oracle,0.000859443563798037
0.9,TS_oracle,0.00226025568953961
0.9,TS_oracle,0.00160782883403496
0.9,TS_oracle,0.0026044485298517
0.9,TS_oracle,0.000709622852740846
0.9,TS_oracle,0.000801071761979784
0.9,TS_oracle,0.00162408866189855
0.9,TS_oracle,0.00138853797887024
0.9,TS_oracle,0.000529168693941395
0.9,TS_oracle,0.00107198193894898
0.9,TS_oracle,0.00261344974514172
0.9,TS_oracle,0.002875087009333
0.9,TS_oracle,0.00247775674607874
0.9,TS_oracle,0.000557999140043647
0.9,TS_oracle,0.00122242801623169
0.9,TS_oracle,0.000957850964543734
0.9,TS_oracle,0.00232797214598431
0.9,TS_oracle,0.000621944563680933
0.9,TS_oracle,0.000553239693922954
0.9,TS_oracle,0.00230923527967644
0.9,TS_oracle,0.00145533598285732
0.9,TS_oracle,0.00213868210450891
0.9,TS_oracle,0.000866096443161247
0.9,TS_oracle,0.00157162625098087
0.9,TS_oracle,0.00294734087812579
0.9,TS_oracle,0.00178465020853247
0.9,TS_oracle,0.00137945666387644
0.9,TS_oracle,0.000467517135590676
0.9,TS_oracle,0.00261949913277797
0.9,TS_oracle,0.00142965352917956
0.9,TS_oracle,0.00213254799105635
0.9,TS_oracle,0.00122765811664681
0.9,TS_oracle,0.000667740134883038
0.9,TS_oracle,0.00114885264821128
0.9,TS_oracle,0.00308748236408606
0.9,TS_oracle,0.00193546471276377
