rho,methods,PE_value
0,PLS,0.0575447946664516
0,PLS,0.0633183013960086
0,PLS,0.0178807549823687
0,PLS,0.0857602647846345
0,PLS,0.0264345712435576
0,PLS,0.0191916290289038
0,PLS,0.0427941161937584
0,PLS,0.088177242726162
0,PLS,0.0905858331952636
0,PLS,0.0118106612496649
0,PLS,0.0612480017238024
0,PLS,0.0816875939416195
0,PLS,0.066307159330393
0,PLS,0.0656568126095138
0,PLS,0.0571333527305267
0,PLS,0.0574256220516012
0,PLS,0.0330005613701143
0,PLS,0.0894940384332625
0,PLS,0.0181112783223256
0,PLS,0.0936015687188223
0,PLS,0.0728581303083804
0,PLS,0.0541806139468684
0,PLS,0.0348770528205391
0,PLS,0.0377637089775045
0,PLS,0.0139671969287429
0,PLS,0.0362368017860737
0,PLS,0.084786114461614
0,PLS,0.0623296277109022
0,PLS,0.106578519049378
0,PLS,0.0688070199785979
0,PLS,0.11951940505473
0,PLS,0.088726107004818
0,PLS,0.0677454091186585
0,PLS,0.0291256772668467
0,PLS,0.0798518353113671
0,PLS,-0.00173902349984256
0,PLS,0.0810218884430407
0,PLS,0.0887974258180144
0,PLS,0.0664592352128843
0,PLS,0.0999748701199403
0,PLS,0.00316167123333089
0,PLS,0.00886849813526647
0,PLS,0.0685359391262561
0,PLS,0.0910430766959562
0,PLS,0.05464671708258
0,PLS,0.05404183859763
0,PLS,0.118987467438718
0,PLS,0.0355357300719537
0,PLS,0.072440032497189
0,PLS,0.0645728064459745
0,PLS,0.0645919425812329
0,PLS,0.0912974587012239
0,PLS,0.0494130728162789
0,PLS,0.0617794479610969
0,PLS,0.0611933188420286
0,PLS,0.0117522805210335
0,PLS,0.076562368231843
0,PLS,0.0632153968359195
0,PLS,0.0884766997341202
0,PLS,0.104849404717175
0,PLS,0.0498123631957197
0,PLS,0.0816835155678277
0,PLS,0.0305215605179929
0,PLS,0.0846648373692491
0,PLS,0.0824927418307961
0,PLS,0.0707266571174812
0,PLS,0.0924635541410064
0,PLS,0.0393892636179478
0,PLS,0.040048406676283
0,PLS,0.102818077293548
0,PLS,0.0595093495948429
0,PLS,-0.0166581156550543
0,PLS,0.0855287951680113
0,PLS,0.0577458364146204
0,PLS,0.0580386079453863
0,PLS,0.0433105572571546
0,PLS,0.0777188289889377
0,PLS,0.0614071103247398
0,PLS,0.0532455345464304
0,PLS,0.0562938816066274
0,PLS,0.0563173015536553
0,PLS,0.0373428820693904
0,PLS,0.0713327340978527
0,PLS,0.0331802938223633
0,PLS,0.0325486076761914
0,PLS,0.0392250601002462
0,PLS,0.07967089008652
0,PLS,0.0645621742434253
0,PLS,0.0739616177050104
0,PLS,0.0404211946023425
0,PLS,0.0728911530042995
0,PLS,0.0641602089956022
0,PLS,0.0764421136780919
0,PLS,0.111823974007565
0,PLS,0.107671938327575
0,PLS,0.0861133091233004
0,PLS,0.0629811359060555
0,PLS,0.0777575314915779
0,PLS,0.0806914659642479
0,PLS,0.0536613806785777
0,PLS,0.0383985903448152
0,PLS,0.0193981923464719
0,PLS,0.142391098753363
0,PLS,0.0527600937883745
0,PLS,0.0749055587610583
0,PLS,0.0688037296860775
0,PLS,0.0687145013110702
0,PLS,0.0231764824421914
0,PLS,0.0578706571469298
0,PLS,0.0688142874660613
0,PLS,0.0532097114428749
0,PLS,0.0904928389972
0,PLS,0.0221460937061329
0,PLS,0.101174687259981
0,PLS,0.0796419937108441
0,PLS,0.115498576003815
0,PLS,0.0943640688390719
0,PLS,0.00269843858680852
0,PLS,0.0440648283748231
0,PLS,0.0341836089778655
0,PLS,0.0728529034897052
0,PLS,0.0955763101486855
0,PLS,0.0295434823232017
0,PLS,0.0754808691685973
0,PLS,0.0908766715585465
0,PLS,0.0663602020946474
0,PLS,0.0665367156953043
0,PLS,0.034768839232582
0,PLS,0.0725753331589376
0,PLS,0.056641611704731
0,PLS,0.0553921529501602
0,PLS,0.107223091597864
0,PLS,0.0422450744719267
0,PLS,0.0801186744086915
0,PLS,0.0373815085931224
0,PLS,0.144657151171564
0,PLS,0.0341088058662258
0,PLS,0.0354504530452997
0,PLS,-0.0121508245464301
0,PLS,0.0535618634083237
0,PLS,0.0714697889770373
0,PLS,0.00213371266720874
0,PLS,0.0507068182301242
0,PLS,0.0610053536057213
0,PLS,0.0168515358434296
0,PLS,0.0814263063327609
0,PLS,0.0174554021325062
0,PLS,0.0683171030790022
0,PLS,0.0308994152807047
0,PLS,0.0439487321004173
0,PLS,0.0803665642206599
0,PLS,0.0211812914568277
0,PLS,0.0961231542352479
0,PLS,0.166110626142699
0,PLS,0.0883110744508673
0,PLS,0.0200524392980608
0,PLS,0.0804017941179365
0,PLS,0.0794809070127009
0,PLS,0.0430747215255625
0,PLS,0.10079060526275
0,PLS,0.0601796430600627
0,PLS,0.0863620421405593
0,PLS,0.043442223238207
0,PLS,0.0306960783720722
0,PLS,0.0490453114612031
0,PLS,0.0573195239821878
0,PLS,0.0933744741322831
0,PLS,0.0395578631791822
0,PLS,0.0502197734640757
0,PLS,0.116841684033654
0,PLS,0.074350661538116
0,PLS,0.0427941134497771
0,PLS,0.036344302768869
0,PLS,0.0655095785111128
0,PLS,0.0803800343946286
0,PLS,0.0560140828640461
0,PLS,0.09645803358177
0,PLS,0.0704401545950823
0,PLS,0.0947821276801106
0,PLS,0.0374116909202042
0,PLS,0.104526804826307
0,PLS,0.0963232167091996
0,PLS,0.0716838331171721
0,PLS,0.0677396372009382
0,PLS,0.0295910755971576
0,PLS,0.0357919560841584
0,PLS,0.0454623584643108
0,PLS,0.0658835610700077
0,PLS,0.0497618923543206
0,PLS,0.0613669996684751
0,PLS,0.0834621042565498
0,PLS,0.031533681699085
0,PLS,0.0731229207917121
0,PLS,0.0402969906946311
0,PLS,0.0461690427186237
0,PLS,0.0693815582196504
0,PLS,0.103171989001829
0,PLS,0.0714823734589152
0,PLS,0.176754510399384
0,PLS,0.0424237991159473
0,fTS,0.0575448664598261
0,fTS,0.0632421181990808
0,fTS,0.0178803228005091
0,fTS,0.0857602647846345
0,fTS,0.0264165842387287
0,fTS,0.0192002803760687
0,fTS,0.0428007674958539
0,fTS,0.088177242726162
0,fTS,0.0905858331952636
0,fTS,0.0118104057104313
0,fTS,0.0612254376569326
0,fTS,0.0817207453083226
0,fTS,0.0663389552283846
0,fTS,0.0658994195598908
0,fTS,0.0569590616079705
0,fTS,0.0574256220516012
0,fTS,0.0330005613701143
0,fTS,0.0894833127486343
0,fTS,0.0181255061563137
0,fTS,0.0934830345390911
0,fTS,0.0728581303083804
0,fTS,0.054333949266713
0,fTS,0.034860470635697
0,fTS,0.0377837727008266
0,fTS,0.0139706786244966
0,fTS,0.0362368017860737
0,fTS,0.0849281528317312
0,fTS,0.0623296277109022
0,fTS,0.106578519049378
0,fTS,0.0687485932756917
0,fTS,0.119395428073471
0,fTS,0.0885885858382192
0,fTS,0.0677454091186585
0,fTS,0.0291256772668467
0,fTS,0.0798518353113671
0,fTS,-0.00176184433559512
0,fTS,0.0810249366875482
0,fTS,0.0887974258180144
0,fTS,0.0664491157484624
0,fTS,0.0999834342489938
0,fTS,0.00313409538514509
0,fTS,0.00877488927228587
0,fTS,0.0685215603676046
0,fTS,0.0910377754250584
0,fTS,0.05464671708258
0,fTS,0.05404183859763
0,fTS,0.119078223144854
0,fTS,0.03587378154403
0,fTS,0.0725824672450261
0,fTS,0.0645728436839004
0,fTS,0.0645919425812329
0,fTS,0.0913891495497388
0,fTS,0.0493835464435546
0,fTS,0.0617794479610969
0,fTS,0.061605777225674
0,fTS,0.0119360845867964
0,fTS,0.0761831850003216
0,fTS,0.0632173222958128
0,fTS,0.088586132797978
0,fTS,0.10485238372756
0,fTS,0.0498346176308775
0,fTS,0.0814670407163578
0,fTS,0.0305132556163614
0,fTS,0.0845037942434896
0,fTS,0.0827464666249957
0,fTS,0.0706630290535333
0,fTS,0.0916616318549339
0,fTS,0.0393565028163643
0,fTS,0.0399163913553813
0,fTS,0.102816067577039
0,fTS,0.0594249121142634
0,fTS,-0.0166309665034318
0,fTS,0.0855450949430281
0,fTS,0.0577338289546772
0,fTS,0.0580522409549604
0,fTS,0.0433172348520781
0,fTS,0.0777205351408621
0,fTS,0.0613656841162267
0,fTS,0.0533371173303243
0,fTS,0.0562933383607764
0,fTS,0.0563173015536553
0,fTS,0.0373715140797686
0,fTS,0.0716592485926602
0,fTS,0.0330695529419263
0,fTS,0.0325486076761914
0,fTS,0.0392503619477651
0,fTS,0.07967089008652
0,fTS,0.0645579151334299
0,fTS,0.0739616177050104
0,fTS,0.0404218092458308
0,fTS,0.0730639449617019
0,fTS,0.0641602089956022
0,fTS,0.0765062324547705
0,fTS,0.111696037663264
0,fTS,0.107671938327575
0,fTS,0.0861133091233004
0,fTS,0.0629811359060555
0,fTS,0.0777678165582381
0,fTS,0.0807356873503919
0,fTS,0.053684643424184
0,fTS,0.0382335473880366
0,fTS,0.019398251177233
0,fTS,0.142348379369597
0,fTS,0.0526894581846067
0,fTS,0.0749263142046186
0,fTS,0.0685186494123979
0,fTS,0.0685771662303403
0,fTS,0.0231764824421914
0,fTS,0.0579214046296272
0,fTS,0.0687492787765316
0,fTS,0.0532310835577272
0,fTS,0.0905438451967193
0,fTS,0.0221584998128905
0,fTS,0.101179992437555
0,fTS,0.0795617587431248
0,fTS,0.115498576003815
0,fTS,0.0944043292499004
0,fTS,0.00269947775186608
0,fTS,0.0441404678468793
0,fTS,0.0342405027510799
0,fTS,0.0728441649062752
0,fTS,0.0955763101486855
0,fTS,0.0298462348581581
0,fTS,0.0754808691685973
0,fTS,0.0908807972765009
0,fTS,0.0660145534176746
0,fTS,0.0665356080054966
0,fTS,0.0348898924132097
0,fTS,0.0722733368983715
0,fTS,0.056721292569492
0,fTS,0.0554223518491319
0,fTS,0.107223091597864
0,fTS,0.0422450744719267
0,fTS,0.0801760727259668
0,fTS,0.0372577780952617
0,fTS,0.144632362284645
0,fTS,0.0340999438710841
0,fTS,0.0354723738491196
0,fTS,-0.0121747776747689
0,fTS,0.0535667783182645
0,fTS,0.0717401553389034
0,fTS,0.00212825913111225
0,fTS,0.0507432399203418
0,fTS,0.0610053536057213
0,fTS,0.0168515358434296
0,fTS,0.0814427604115076
0,fTS,0.0174554021325062
0,fTS,0.0683169443659566
0,fTS,0.0309003519196482
0,fTS,0.0438957437818919
0,fTS,0.0804126247022974
0,fTS,0.0212321839636231
0,fTS,0.0961231542352479
0,fTS,0.166304506917901
0,fTS,0.0883110744508671
0,fTS,0.0200317655577917
0,fTS,0.080303719804286
0,fTS,0.0793909622653952
0,fTS,0.043083432768662
0,fTS,0.10079060526275
0,fTS,0.0601671317688608
0,fTS,0.0863006623785816
0,fTS,0.043441001384612
0,fTS,0.0306960783720722
0,fTS,0.0490727229022487
0,fTS,0.0573195239821878
0,fTS,0.0933803773615896
0,fTS,0.0395808331999905
0,fTS,0.0502053752263047
0,fTS,0.116841454653457
0,fTS,0.0742301869145334
0,fTS,0.042804893534627
0,fTS,0.036344302768869
0,fTS,0.0655286451825896
0,fTS,0.0803688391579758
0,fTS,0.0560140828640461
0,fTS,0.0964586610092883
0,fTS,0.0702858026985529
0,fTS,0.0947457874847908
0,fTS,0.0374166044264512
0,fTS,0.104522327440835
0,fTS,0.0964855619830998
0,fTS,0.0716838331171721
0,fTS,0.0675824806962879
0,fTS,0.0285523287433218
0,fTS,0.0357919560841584
0,fTS,0.045546612979857
0,fTS,0.0661238390402648
0,fTS,0.0497088730389041
0,fTS,0.0613998563282387
0,fTS,0.0835056174364384
0,fTS,0.0315396508987817
0,fTS,0.0731229207917121
0,fTS,0.0402969906946311
0,fTS,0.0462124412794995
0,fTS,0.0694225428097022
0,fTS,0.103108180778313
0,fTS,0.0714658425271979
0,fTS,0.176816243364655
0,fTS,0.0422765131474654
0,LS_oracle,0.0577257990768458
0,LS_oracle,0.0625118833342555
0,LS_oracle,0.0176169624573184
0,LS_oracle,0.0857836994177295
0,LS_oracle,0.0256584601328094
0,LS_oracle,0.0197767892893035
0,LS_oracle,0.0430001104102218
0,LS_oracle,0.0883447666471633
0,LS_oracle,0.0907199086683077
0,LS_oracle,0.0123054348823413
0,LS_oracle,0.0613174985825575
0,LS_oracle,0.0778818745051928
0,LS_oracle,0.0661957560759738
0,LS_oracle,0.0655130523100595
0,LS_oracle,0.0572268517294943
0,LS_oracle,0.058110358852145
0,LS_oracle,0.032963539179391
0,LS_oracle,0.0893488888663805
0,LS_oracle,0.0181099537219933
0,LS_oracle,0.0935360499190454
0,LS_oracle,0.072515374879488
0,LS_oracle,0.0541482141020233
0,LS_oracle,0.0348458731083057
0,LS_oracle,0.0385863881050461
0,LS_oracle,0.014071121108981
0,LS_oracle,0.036426184740957
0,LS_oracle,0.084045538593521
0,LS_oracle,0.0610900069574032
0,LS_oracle,0.105185637456164
0,LS_oracle,0.0686817188565754
0,LS_oracle,0.119260054067614
0,LS_oracle,0.0887083960827557
0,LS_oracle,0.0680136828450224
0,LS_oracle,0.0278915249752085
0,LS_oracle,0.0787380129744297
0,LS_oracle,-0.00208527389334523
0,LS_oracle,0.0794212233063589
0,LS_oracle,0.087687764357278
0,LS_oracle,0.0664583817406839
0,LS_oracle,0.100192850407768
0,LS_oracle,0.00335664988010453
0,LS_oracle,0.00853482829466978
0,LS_oracle,0.0671106958159993
0,LS_oracle,0.0910424336455573
0,LS_oracle,0.0546580167773458
0,LS_oracle,0.0533975221165366
0,LS_oracle,0.118918648671715
0,LS_oracle,0.0360286912416117
0,LS_oracle,0.0717569964059193
0,LS_oracle,0.0635831020989215
0,LS_oracle,0.0640675273364266
0,LS_oracle,0.0927002970775295
0,LS_oracle,0.0476880372498509
0,LS_oracle,0.0578052913649687
0,LS_oracle,0.0606158360822344
0,LS_oracle,0.0111372645797896
0,LS_oracle,0.0762032180488676
0,LS_oracle,0.0630830126040245
0,LS_oracle,0.0886593124531527
0,LS_oracle,0.104712331173316
0,LS_oracle,0.0498354512937838
0,LS_oracle,0.0813173995621903
0,LS_oracle,0.0308559882293449
0,LS_oracle,0.084670091387872
0,LS_oracle,0.0825442144293276
0,LS_oracle,0.0709261460376476
0,LS_oracle,0.0925367012707421
0,LS_oracle,0.0387133191115927
0,LS_oracle,0.0388710186326213
0,LS_oracle,0.10240625629678
0,LS_oracle,0.0597006104547908
0,LS_oracle,-0.0160791908221787
0,LS_oracle,0.0855586442725469
0,LS_oracle,0.0571268982990385
0,LS_oracle,0.0585516875053511
0,LS_oracle,0.0429043294626661
0,LS_oracle,0.0787546828132193
0,LS_oracle,0.0619130704485809
0,LS_oracle,0.0517804402547124
0,LS_oracle,0.0562871343554889
0,LS_oracle,0.0563605733402464
0,LS_oracle,0.0374435196826528
0,LS_oracle,0.0713418922952
0,LS_oracle,0.0332008420204857
0,LS_oracle,0.0323147193469606
0,LS_oracle,0.0392840514500454
0,LS_oracle,0.0799332090022371
0,LS_oracle,0.0638247375706227
0,LS_oracle,0.0740060067493993
0,LS_oracle,0.0406691716067009
0,LS_oracle,0.0724532851518873
0,LS_oracle,0.0641318689695543
0,LS_oracle,0.0758257056507512
0,LS_oracle,0.111437262080048
0,LS_oracle,0.107679681424997
0,LS_oracle,0.0866378619581085
0,LS_oracle,0.0633249700205927
0,LS_oracle,0.0774292980330025
0,LS_oracle,0.0808732993482724
0,LS_oracle,0.0504750710211233
0,LS_oracle,0.0383879447127862
0,LS_oracle,0.0192461397815298
0,LS_oracle,0.142351790826337
0,LS_oracle,0.0524587121011812
0,LS_oracle,0.0761952020379097
0,LS_oracle,0.0693173602136481
0,LS_oracle,0.0685302535170789
0,LS_oracle,0.0232210916781479
0,LS_oracle,0.057825125073331
0,LS_oracle,0.0687917241907894
0,LS_oracle,0.0537366952549989
0,LS_oracle,0.0914925765789092
0,LS_oracle,0.0222150910752821
0,LS_oracle,0.101175004313159
0,LS_oracle,0.0792649923375943
0,LS_oracle,0.115678794844015
0,LS_oracle,0.0943455592379923
0,LS_oracle,0.00248429566018049
0,LS_oracle,0.0436497388420058
0,LS_oracle,0.0339092292053571
0,LS_oracle,0.0725308409251606
0,LS_oracle,0.0956660021835931
0,LS_oracle,0.0301828693425104
0,LS_oracle,0.0751016382917129
0,LS_oracle,0.090912564873985
0,LS_oracle,0.0666521083560951
0,LS_oracle,0.0666508423781211
0,LS_oracle,0.0341692801723072
0,LS_oracle,0.0727342098604826
0,LS_oracle,0.0563891483661092
0,LS_oracle,0.0552815035177801
0,LS_oracle,0.10748218261785
0,LS_oracle,0.0429584822973776
0,LS_oracle,0.079052888211623
0,LS_oracle,0.0384321779894674
0,LS_oracle,0.145340084429117
0,LS_oracle,0.0339536687714435
0,LS_oracle,0.0357457206358716
0,LS_oracle,-0.012144554390646
0,LS_oracle,0.0532039300665763
0,LS_oracle,0.0711293044762922
0,LS_oracle,0.00217015643637075
0,LS_oracle,0.0496729468176424
0,LS_oracle,0.0599381494270053
0,LS_oracle,0.0144473374259873
0,LS_oracle,0.0815033585937996
0,LS_oracle,0.0171505627193596
0,LS_oracle,0.0683621596423964
0,LS_oracle,0.0316400865962325
0,LS_oracle,0.0437715326037447
0,LS_oracle,0.0800970299184602
0,LS_oracle,0.0211309668885509
0,LS_oracle,0.0918152211132763
0,LS_oracle,0.166763268264955
0,LS_oracle,0.0882397966587429
0,LS_oracle,0.0200732202489164
0,LS_oracle,0.0800491489462563
0,LS_oracle,0.0787303883233206
0,LS_oracle,0.0431003710177229
0,LS_oracle,0.100770213983403
0,LS_oracle,0.0602202418130977
0,LS_oracle,0.0865384566438845
0,LS_oracle,0.0442878540327201
0,LS_oracle,0.030930972220701
0,LS_oracle,0.0493489387645258
0,LS_oracle,0.0563532868134273
0,LS_oracle,0.0933635243818769
0,LS_oracle,0.0384688859388371
0,LS_oracle,0.050219548973985
0,LS_oracle,0.117967503989612
0,LS_oracle,0.0740749790947171
0,LS_oracle,0.0442300899019468
0,LS_oracle,0.0375816237717808
0,LS_oracle,0.0658793784599565
0,LS_oracle,0.0814210133586166
0,LS_oracle,0.0563380411562189
0,LS_oracle,0.096557016321533
0,LS_oracle,0.0728672097860712
0,LS_oracle,0.0948844429706803
0,LS_oracle,0.038188856496258
0,LS_oracle,0.105197609329245
0,LS_oracle,0.096305350398691
0,LS_oracle,0.0719702035097864
0,LS_oracle,0.067781802713853
0,LS_oracle,0.0282444349632442
0,LS_oracle,0.0357865877965613
0,LS_oracle,0.0456564489980706
0,LS_oracle,0.0659346529954266
0,LS_oracle,0.0497877727300065
0,LS_oracle,0.0613332832273059
0,LS_oracle,0.0834729339562787
0,LS_oracle,0.0303311097599592
0,LS_oracle,0.0726346812575251
0,LS_oracle,0.0400139094092216
0,LS_oracle,0.0461914955314477
0,LS_oracle,0.0693571069580132
0,LS_oracle,0.103284254175128
0,LS_oracle,0.0715776680154045
0,LS_oracle,0.17675841198894
0,LS_oracle,0.0423673589216522
0,TS_oracle,0.0577258389251667
0,TS_oracle,0.0623283310354419
0,TS_oracle,0.0176165464117599
0,TS_oracle,0.0857836994177295
0,TS_oracle,0.0256454665414974
0,TS_oracle,0.0197863285818567
0,TS_oracle,0.0430070390384725
0,TS_oracle,0.0883447666471633
0,TS_oracle,0.0907199086683079
0,TS_oracle,0.0123084735796488
0,TS_oracle,0.0612959928682002
0,TS_oracle,0.0778830653971732
0,TS_oracle,0.0662257744662169
0,TS_oracle,0.0656794304593942
0,TS_oracle,0.0570508186099798
0,TS_oracle,0.058110358852145
0,TS_oracle,0.032963539179391
0,TS_oracle,0.0893389055460168
0,TS_oracle,0.0181240607562325
0,TS_oracle,0.0935594434554941
0,TS_oracle,0.072515374879488
0,TS_oracle,0.0542161976903361
0,TS_oracle,0.0348291491566086
0,TS_oracle,0.03860682145687
0,TS_oracle,0.0140745927622716
0,TS_oracle,0.0364410264141839
0,TS_oracle,0.0840440814911236
0,TS_oracle,0.0610900069574032
0,TS_oracle,0.105185637456164
0,TS_oracle,0.06862540978902
0,TS_oracle,0.119595903716042
0,TS_oracle,0.0885737588120619
0,TS_oracle,0.0680136828450228
0,TS_oracle,0.0278915249752085
0,TS_oracle,0.0787380129744297
0,TS_oracle,-0.002085385092638
0,TS_oracle,0.0794247511807387
0,TS_oracle,0.0876900656412718
0,TS_oracle,0.0664477801295331
0,TS_oracle,0.100197529968302
0,TS_oracle,0.00332160903873846
0,TS_oracle,0.00844548756327779
0,TS_oracle,0.0670746654410583
0,TS_oracle,0.0910371216209898
0,TS_oracle,0.0546580167773445
0,TS_oracle,0.0533975221165366
0,TS_oracle,0.119011102449498
0,TS_oracle,0.0361159653641743
0,TS_oracle,0.0719382645561875
0,TS_oracle,0.0635831019932578
0,TS_oracle,0.0640675273364266
0,TS_oracle,0.0927566973337892
0,TS_oracle,0.0477045700973269
0,TS_oracle,0.0578052913649687
0,TS_oracle,0.0610484199103176
0,TS_oracle,0.0111152398957879
0,TS_oracle,0.0761395528332411
0,TS_oracle,0.0630816983776639
0,TS_oracle,0.0886488021156839
0,TS_oracle,0.104715662303989
0,TS_oracle,0.049858708986761
0,TS_oracle,0.0813428580278337
0,TS_oracle,0.0308771084451989
0,TS_oracle,0.0845085833668637
0,TS_oracle,0.0827982143916246
0,TS_oracle,0.0708350184846633
0,TS_oracle,0.0917365828078049
0,TS_oracle,0.0387133191115927
0,TS_oracle,0.0387372482335215
0,TS_oracle,0.102403020531161
0,TS_oracle,0.059614301318186
0,TS_oracle,-0.0160288142309392
0,TS_oracle,0.0855698589099665
0,TS_oracle,0.0571055178999946
0,TS_oracle,0.0585489561234465
0,TS_oracle,0.0428997481974505
0,TS_oracle,0.0787545051151586
0,TS_oracle,0.0618893569211894
0,TS_oracle,0.0518030018872766
0,TS_oracle,0.0562866028113487
0,TS_oracle,0.0563427165959589
0,TS_oracle,0.0374717666164683
0,TS_oracle,0.0716710287014357
0,TS_oracle,0.0330868923241503
0,TS_oracle,0.0323147193469606
0,TS_oracle,0.0393093923565122
0,TS_oracle,0.0799332090022371
0,TS_oracle,0.0638066670882926
0,TS_oracle,0.0740060067493993
0,TS_oracle,0.040669753016656
0,TS_oracle,0.072650330047934
0,TS_oracle,0.0641318689695543
0,TS_oracle,0.0758861698404047
0,TS_oracle,0.111339185382338
0,TS_oracle,0.107679681424997
0,TS_oracle,0.0866378619581074
0,TS_oracle,0.0633249700205927
0,TS_oracle,0.077470059836138
0,TS_oracle,0.0809068669977266
0,TS_oracle,0.0505129286583383
0,TS_oracle,0.0382239315326245
0,TS_oracle,0.0192462220219116
0,TS_oracle,0.142308918544008
0,TS_oracle,0.0524103462316146
0,TS_oracle,0.0761808578448508
0,TS_oracle,0.0693173601777357
0,TS_oracle,0.0684257502644632
0,TS_oracle,0.0231985951097995
0,TS_oracle,0.0578715573735404
0,TS_oracle,0.0687245410844854
0,TS_oracle,0.0537620824663438
0,TS_oracle,0.0914761891382423
0,TS_oracle,0.0222252913053687
0,TS_oracle,0.101179836137926
0,TS_oracle,0.0790765766505424
0,TS_oracle,0.11576602114479
0,TS_oracle,0.0943867271451098
0,TS_oracle,0.00248535790364102
0,TS_oracle,0.043757631066065
0,TS_oracle,0.0339657924305834
0,TS_oracle,0.0725218276677164
0,TS_oracle,0.0956660021835931
0,TS_oracle,0.030249257794519
0,TS_oracle,0.0751016382917129
0,TS_oracle,0.0909158585780778
0,TS_oracle,0.0663635636052673
0,TS_oracle,0.0666497407687503
0,TS_oracle,0.0342910958695546
0,TS_oracle,0.0724464238238307
0,TS_oracle,0.0564676883025148
0,TS_oracle,0.0553067977048218
0,TS_oracle,0.10748218261785
0,TS_oracle,0.0429584822973776
0,TS_oracle,0.0790721118228008
0,TS_oracle,0.0383683923165294
0,TS_oracle,0.145310948260529
0,TS_oracle,0.0339393877793897
0,TS_oracle,0.0357867150691931
0,TS_oracle,-0.0121671226679744
0,TS_oracle,0.0531719038538765
0,TS_oracle,0.0716980136172705
0,TS_oracle,0.00216488165710649
0,TS_oracle,0.0496369264604692
0,TS_oracle,0.0599381494270053
0,TS_oracle,0.0144473374259873
0,TS_oracle,0.0815238593620049
0,TS_oracle,0.0171505627193596
0,TS_oracle,0.0683619834740317
0,TS_oracle,0.0316418116790673
0,TS_oracle,0.0437168911818158
0,TS_oracle,0.080196256822739
0,TS_oracle,0.0211309668885509
0,TS_oracle,0.0918152211132763
0,TS_oracle,0.166905030755255
0,TS_oracle,0.0882397966587432
0,TS_oracle,0.0200615676646811
0,TS_oracle,0.079851815965678
0,TS_oracle,0.078654290292256
0,TS_oracle,0.0431083308588815
0,TS_oracle,0.100770213983402
0,TS_oracle,0.0602083073935842
0,TS_oracle,0.0865074663706475
0,TS_oracle,0.044290469128732
0,TS_oracle,0.030930972220701
0,TS_oracle,0.0493522068751755
0,TS_oracle,0.0563532868134273
0,TS_oracle,0.0933697251588324
0,TS_oracle,0.0385027242789397
0,TS_oracle,0.050205105024435
0,TS_oracle,0.117967669281687
0,TS_oracle,0.0740508394807904
0,TS_oracle,0.0442362706622976
0,TS_oracle,0.0375816237717808
0,TS_oracle,0.0659031850238028
0,TS_oracle,0.0814210133586166
0,TS_oracle,0.0563380411562189
0,TS_oracle,0.0965577162649343
0,TS_oracle,0.0727383677778837
0,TS_oracle,0.0948331008516912
0,TS_oracle,0.0381930880716708
0,TS_oracle,0.10518945032963
0,TS_oracle,0.0962208046201625
0,TS_oracle,0.0719702035097864
0,TS_oracle,0.0676215817562906
0,TS_oracle,0.0282214724376106
0,TS_oracle,0.0357865877965613
0,TS_oracle,0.0457984430688931
0,TS_oracle,0.0661738333029358
0,TS_oracle,0.0497295125634092
0,TS_oracle,0.0613917326850792
0,TS_oracle,0.0835533111504358
0,TS_oracle,0.0303311097599592
0,TS_oracle,0.0726900247503222
0,TS_oracle,0.0400139094092216
0,TS_oracle,0.0462339403295458
0,TS_oracle,0.0694434062798077
0,TS_oracle,0.103284254175128
0,TS_oracle,0.0715613213057582
0,TS_oracle,0.17681309480279
0,TS_oracle,0.0422208307649061
0.1,PLS,0.051936352427725
0.1,PLS,0.0990310331867177
0.1,PLS,0.0371320764287175
0.1,PLS,0.110986547547275
0.1,PLS,0.061584910461804
0.1,PLS,0.103444778605375
0.1,PLS,0.046949621187093
0.1,PLS,0.0804718340154569
0.1,PLS,0.12031347780675
0.1,PLS,0.0778787377877606
0.1,PLS,0.072773236295429
0.1,PLS,0.0663493290325212
0.1,PLS,0.0508515667398137
0.1,PLS,0.0607321598450503
0.1,PLS,0.11015172687051
0.1,PLS,0.0595999840696582
0.1,PLS,0.071176625825673
0.1,PLS,0.0337054596319937
0.1,PLS,0.0968946772491563
0.1,PLS,0.0972266869435296
0.1,PLS,0.113562551498021
0.1,PLS,0.15227170389319
0.1,PLS,0.0493442460109921
0.1,PLS,0.0475882247192521
0.1,PLS,0.0200435217315993
0.1,PLS,0.0700983313712167
0.1,PLS,0.0991342095196706
0.1,PLS,0.0656361581500213
0.1,PLS,0.0964448424271254
0.1,PLS,0.0512381547568894
0.1,PLS,0.0553730641765604
0.1,PLS,0.125003029262383
0.1,PLS,0.0358161546369851
0.1,PLS,0.0458185553341501
0.1,PLS,0.0699316544044244
0.1,PLS,0.0478804855061705
0.1,PLS,0.0639302799031272
0.1,PLS,0.0785668073696102
0.1,PLS,0.0541669175191211
0.1,PLS,0.0862580288533685
0.1,PLS,0.0386530094568274
0.1,PLS,0.0521053764384891
0.1,PLS,0.0247792647154346
0.1,PLS,0.0957071748874729
0.1,PLS,0.0412250926450712
0.1,PLS,0.0781598178144103
0.1,PLS,0.049143471027892
0.1,PLS,0.103931231698959
0.1,PLS,0.0125544791114187
0.1,PLS,0.083379708911643
0.1,PLS,0.0977583070157639
0.1,PLS,0.00873632692419246
0.1,PLS,0.0697469932057568
0.1,PLS,0.0238378118619318
0.1,PLS,0.0845225301132946
0.1,PLS,0.0870351245871774
0.1,PLS,0.0669890803726099
0.1,PLS,0.0816406653621937
0.1,PLS,0.054003220804048
0.1,PLS,0.0828690260040092
0.1,PLS,0.0473564412217415
0.1,PLS,0.0671126061100735
0.1,PLS,0.0449654200514238
0.1,PLS,0.054139173332872
0.1,PLS,0.0560859294892435
0.1,PLS,0.0503758934648499
0.1,PLS,0.0371215315838058
0.1,PLS,0.0657544052894588
0.1,PLS,0.0826460603696744
0.1,PLS,0.0749572081262493
0.1,PLS,0.000456919486967244
0.1,PLS,0.0609838220885048
0.1,PLS,0.0780256719368468
0.1,PLS,0.00955684862156025
0.1,PLS,0.0400597758619081
0.1,PLS,0.117461935132211
0.1,PLS,0.0740463162027254
0.1,PLS,0.0559847331289449
0.1,PLS,0.0370365501642902
0.1,PLS,0.0686183482596796
0.1,PLS,0.0895195956411159
0.1,PLS,0.0858755147353454
0.1,PLS,0.0475757340054583
0.1,PLS,0.0369868221611802
0.1,PLS,0.0549093256979991
0.1,PLS,-0.0118055729380832
0.1,PLS,0.0723276405952213
0.1,PLS,0.0894957152287885
0.1,PLS,0.082536460702574
0.1,PLS,0.0150256517154241
0.1,PLS,0.0803923544974972
0.1,PLS,0.0576218081832827
0.1,PLS,0.0471315457967652
0.1,PLS,0.120895424166246
0.1,PLS,0.0439386106607451
0.1,PLS,0.0695105332993293
0.1,PLS,0.0970642457738169
0.1,PLS,0.104162644290842
0.1,PLS,0.0187086704500279
0.1,PLS,0.0276518839224666
0.1,PLS,0.0915421139136272
0.1,PLS,0.119299289644855
0.1,PLS,0.048446316177418
0.1,PLS,0.0794657075419936
0.1,PLS,0.026015103057462
0.1,PLS,0.0957153012139387
0.1,PLS,0.0592063214720271
0.1,PLS,0.074983214994047
0.1,PLS,0.0881432584012463
0.1,PLS,0.0787247282467187
0.1,PLS,0.109469272166602
0.1,PLS,0.0593920671717956
0.1,PLS,0.100613244313238
0.1,PLS,0.0887521053760836
0.1,PLS,0.0820460846293696
0.1,PLS,0.0593002676340055
0.1,PLS,0.072972952203741
0.1,PLS,0.0621197960520796
0.1,PLS,0.0583666327240413
0.1,PLS,0.090639192625001
0.1,PLS,0.104685736606346
0.1,PLS,0.0487482106285302
0.1,PLS,0.138770882970417
0.1,PLS,0.0527135272834125
0.1,PLS,0.061368110017797
0.1,PLS,0.0852585062218119
0.1,PLS,0.10115655872847
0.1,PLS,0.0946046317549991
0.1,PLS,0.0660273310955226
0.1,PLS,0.0773232889122892
0.1,PLS,0.037010373465387
0.1,PLS,0.0643768833345615
0.1,PLS,0.0901518230712131
0.1,PLS,0.0416390290738895
0.1,PLS,0.0100247591141591
0.1,PLS,0.113312450142902
0.1,PLS,0.0657655267799511
0.1,PLS,0.0772317702786918
0.1,PLS,0.0267616615155422
0.1,PLS,0.0790349399930885
0.1,PLS,0.063530805835299
0.1,PLS,0.050190328000052
0.1,PLS,0.0498879629348319
0.1,PLS,0.0461879948829129
0.1,PLS,0.0739642969403795
0.1,PLS,0.0362333203051508
0.1,PLS,0.0482213808109355
0.1,PLS,0.0916970802585773
0.1,PLS,-0.00339791146001867
0.1,PLS,0.0690663248266288
0.1,PLS,0.101421730733262
0.1,PLS,0.103409183596027
0.1,PLS,0.076752649639984
0.1,PLS,0.0374786884458191
0.1,PLS,0.0751765805605409
0.1,PLS,-0.00616871048586565
0.1,PLS,-0.000439516925218486
0.1,PLS,0.0648157200361774
0.1,PLS,0.0351983993795646
0.1,PLS,0.0766141565400857
0.1,PLS,0.0263574622244036
0.1,PLS,0.0479376660278747
0.1,PLS,0.076397451904614
0.1,PLS,0.0784350626984855
0.1,PLS,0.0493408821626877
0.1,PLS,0.071370162563694
0.1,PLS,0.0612425390185884
0.1,PLS,0.0165781406404619
0.1,PLS,0.0627058719456155
0.1,PLS,0.0280241818772928
0.1,PLS,0.145881004108074
0.1,PLS,0.123632538838792
0.1,PLS,0.0246294638199942
0.1,PLS,0.0458383524813071
0.1,PLS,0.0874153605776464
0.1,PLS,0.048035276941419
0.1,PLS,0.0544943324670077
0.1,PLS,0.00294050013888536
0.1,PLS,0.0283072654715202
0.1,PLS,0.0841464839524544
0.1,PLS,0.1576737167039
0.1,PLS,0.100870161400624
0.1,PLS,0.112627819201983
0.1,PLS,0.032696550721764
0.1,PLS,0.0701859527723501
0.1,PLS,0.047033963177282
0.1,PLS,0.0933227380617609
0.1,PLS,0.10216663787149
0.1,PLS,0.104680577579143
0.1,PLS,0.136335371183655
0.1,PLS,0.099155038025468
0.1,PLS,0.0644720894680262
0.1,PLS,0.0560497030304634
0.1,PLS,0.0472586025529305
0.1,PLS,0.109086305535692
0.1,PLS,0.0362319859932378
0.1,PLS,0.0542165543528004
0.1,PLS,0.054488071748932
0.1,PLS,0.0684794015635912
0.1,PLS,0.0567539631207166
0.1,fTS,0.0511707794646312
0.1,fTS,0.0990583954484265
0.1,fTS,0.037277554404116
0.1,fTS,0.110780661821767
0.1,fTS,0.0611811773103335
0.1,fTS,0.102909222930471
0.1,fTS,0.0477748747664297
0.1,fTS,0.0790669355954841
0.1,fTS,0.12031347780675
0.1,fTS,0.0775545426856015
0.1,fTS,0.0733167656826024
0.1,fTS,0.0663236049296421
0.1,fTS,0.0510249563688274
0.1,fTS,0.0621350030735321
0.1,fTS,0.109670656034765
0.1,fTS,0.0593852609117251
0.1,fTS,0.0705180112590549
0.1,fTS,0.0338761970822801
0.1,fTS,0.0965875567346777
0.1,fTS,0.0975284593534627
0.1,fTS,0.113458305232986
0.1,fTS,0.152351860844679
0.1,fTS,0.0484874695396995
0.1,fTS,0.046582802999553
0.1,fTS,0.0198535806274514
0.1,fTS,0.0705254860792268
0.1,fTS,0.0985022795949226
0.1,fTS,0.0659085655622709
0.1,fTS,0.0962958748115028
0.1,fTS,0.0507972035210849
0.1,fTS,0.0557202478496805
0.1,fTS,0.124871444586033
0.1,fTS,0.0352236572032354
0.1,fTS,0.045745776126864
0.1,fTS,0.0697772144711339
0.1,fTS,0.0477836877284616
0.1,fTS,0.0643816811390368
0.1,fTS,0.0782223598057155
0.1,fTS,0.0542414179926134
0.1,fTS,0.086407427816545
0.1,fTS,0.0385565420564626
0.1,fTS,0.0521053764384891
0.1,fTS,0.0247127307253094
0.1,fTS,0.0956544928255207
0.1,fTS,0.041236863745526
0.1,fTS,0.078299513723969
0.1,fTS,0.0486661015300416
0.1,fTS,0.105515231549141
0.1,fTS,0.0123354803247195
0.1,fTS,0.082196028560928
0.1,fTS,0.097757613251821
0.1,fTS,0.0087701559305573
0.1,fTS,0.0691337057871499
0.1,fTS,0.022971985285229
0.1,fTS,0.0841404656402625
0.1,fTS,0.0868200971505342
0.1,fTS,0.0669051866917807
0.1,fTS,0.0829505699347768
0.1,fTS,0.0537104117067051
0.1,fTS,0.0830503760805965
0.1,fTS,0.0478818928279197
0.1,fTS,0.0670049281934157
0.1,fTS,0.044560794811829
0.1,fTS,0.0540541793404932
0.1,fTS,0.0561592503058013
0.1,fTS,0.0497117768141255
0.1,fTS,0.0369243759902176
0.1,fTS,0.0654655325739018
0.1,fTS,0.08243588157326
0.1,fTS,0.0739787812372019
0.1,fTS,-3.92677639977634e-05
0.1,fTS,0.0605121193303098
0.1,fTS,0.0791037599918127
0.1,fTS,0.00907937915924828
0.1,fTS,0.0407066802300122
0.1,fTS,0.117788113246892
0.1,fTS,0.0743247299495833
0.1,fTS,0.056216961437817
0.1,fTS,0.0373380028011416
0.1,fTS,0.0689498659775158
0.1,fTS,0.0907966895460628
0.1,fTS,0.0848799456666933
0.1,fTS,0.0478552685943527
0.1,fTS,0.0367182062010065
0.1,fTS,0.0552410093956839
0.1,fTS,-0.0119580213747831
0.1,fTS,0.072678767020828
0.1,fTS,0.0882729561626745
0.1,fTS,0.0827819034343016
0.1,fTS,0.0148109278548552
0.1,fTS,0.0800842614788566
0.1,fTS,0.0574621896397944
0.1,fTS,0.0471422177132095
0.1,fTS,0.121824458266033
0.1,fTS,0.0438745623374346
0.1,fTS,0.0689648259966855
0.1,fTS,0.0975034179551453
0.1,fTS,0.103852188515837
0.1,fTS,0.0184718861826214
0.1,fTS,0.0276496431231699
0.1,fTS,0.0924601273148788
0.1,fTS,0.119650691573242
0.1,fTS,0.0485170801743009
0.1,fTS,0.080397897059626
0.1,fTS,0.0262547249023055
0.1,fTS,0.0954216820936182
0.1,fTS,0.058483323748471
0.1,fTS,0.0745836171316374
0.1,fTS,0.0875142101845519
0.1,fTS,0.0787946334946144
0.1,fTS,0.108879642369294
0.1,fTS,0.0584674422429898
0.1,fTS,0.10062640991834
0.1,fTS,0.0893836947262441
0.1,fTS,0.0819484316069803
0.1,fTS,0.0594338227816062
0.1,fTS,0.072981815325168
0.1,fTS,0.0625978562311593
0.1,fTS,0.0582403456165059
0.1,fTS,0.0907410864993234
0.1,fTS,0.104571221416423
0.1,fTS,0.0497702507615969
0.1,fTS,0.138238117629518
0.1,fTS,0.0521461708163271
0.1,fTS,0.0610358586761648
0.1,fTS,0.0847909191592773
0.1,fTS,0.101489453471377
0.1,fTS,0.0943999554155641
0.1,fTS,0.0657171557211131
0.1,fTS,0.0784274310250195
0.1,fTS,0.0362510574002133
0.1,fTS,0.0648886207667803
0.1,fTS,0.0902700454776151
0.1,fTS,0.0424390387957991
0.1,fTS,0.00920668586537166
0.1,fTS,0.111661420654446
0.1,fTS,0.0651324332440153
0.1,fTS,0.0772631199250464
0.1,fTS,0.0269954484182691
0.1,fTS,0.079261964911876
0.1,fTS,0.0651669702394246
0.1,fTS,0.0497858597144794
0.1,fTS,0.0496083498830977
0.1,fTS,0.0462537986931157
0.1,fTS,0.0738459909281968
0.1,fTS,0.0370179334064165
0.1,fTS,0.0487435691056624
0.1,fTS,0.091339286022406
0.1,fTS,-0.00345237268602172
0.1,fTS,0.0680773618537329
0.1,fTS,0.101380708708216
0.1,fTS,0.102783032043577
0.1,fTS,0.0758161877342378
0.1,fTS,0.0375108035637237
0.1,fTS,0.0752731183801765
0.1,fTS,-0.00602446664155565
0.1,fTS,-0.00056158520486993
0.1,fTS,0.0643828094111236
0.1,fTS,0.0341049473049726
0.1,fTS,0.0762701069670171
0.1,fTS,0.0260068034833973
0.1,fTS,0.04733340378165
0.1,fTS,0.0765165173794631
0.1,fTS,0.0781369426057064
0.1,fTS,0.0490635274897875
0.1,fTS,0.0715706432318921
0.1,fTS,0.0613037903184543
0.1,fTS,0.0168943827109316
0.1,fTS,0.0629832221301656
0.1,fTS,0.027668662765205
0.1,fTS,0.146091837844883
0.1,fTS,0.124687605027422
0.1,fTS,0.025394929766144
0.1,fTS,0.0458364014423165
0.1,fTS,0.0874622335739048
0.1,fTS,0.0479414248816006
0.1,fTS,0.0545794580486023
0.1,fTS,0.0028030613065535
0.1,fTS,0.0280266709538455
0.1,fTS,0.0841509424176992
0.1,fTS,0.156493044738807
0.1,fTS,0.100971265487799
0.1,fTS,0.112576197880197
0.1,fTS,0.0322729243822903
0.1,fTS,0.0705797187459025
0.1,fTS,0.0474194092684546
0.1,fTS,0.0927967247876038
0.1,fTS,0.101216516167887
0.1,fTS,0.105003550244796
0.1,fTS,0.136183339133436
0.1,fTS,0.0995294798549622
0.1,fTS,0.0633353155280703
0.1,fTS,0.0565187558753375
0.1,fTS,0.0469948228302788
0.1,fTS,0.109112300696878
0.1,fTS,0.0360783012302828
0.1,fTS,0.0545810569974963
0.1,fTS,0.0549039738588211
0.1,fTS,0.0688488918156922
0.1,fTS,0.0566428876015972
0.1,LS_oracle,0.0519167507913691
0.1,LS_oracle,0.0993785104741709
0.1,LS_oracle,0.036959239174716
0.1,LS_oracle,0.110355553488947
0.1,LS_oracle,0.0612548302258977
0.1,LS_oracle,0.103015555804922
0.1,LS_oracle,0.0458222479815733
0.1,LS_oracle,0.0809224937501627
0.1,LS_oracle,0.120289415815444
0.1,LS_oracle,0.0771908794243867
0.1,LS_oracle,0.0709784092229022
0.1,LS_oracle,0.0661646327262928
0.1,LS_oracle,0.0495735698313469
0.1,LS_oracle,0.0607489811317254
0.1,LS_oracle,0.109919487985849
0.1,LS_oracle,0.0593098317748342
0.1,LS_oracle,0.0700631061050019
0.1,LS_oracle,0.0337567705355859
0.1,LS_oracle,0.095411265349149
0.1,LS_oracle,0.0967570078465929
0.1,LS_oracle,0.113539305563397
0.1,LS_oracle,0.152304126650043
0.1,LS_oracle,0.0488737963576491
0.1,LS_oracle,0.0466894478517565
0.1,LS_oracle,0.019962443151109
0.1,LS_oracle,0.0701104559279819
0.1,LS_oracle,0.0991581714408081
0.1,LS_oracle,0.0656352207327935
0.1,LS_oracle,0.0964779350046217
0.1,LS_oracle,0.0512745967541985
0.1,LS_oracle,0.0556127652839276
0.1,LS_oracle,0.124975952795354
0.1,LS_oracle,0.0358937400262924
0.1,LS_oracle,0.0458197380308971
0.1,LS_oracle,0.0694938456960228
0.1,LS_oracle,0.0478796938668871
0.1,LS_oracle,0.0614281206842144
0.1,LS_oracle,0.0785406287118597
0.1,LS_oracle,0.0543295638756436
0.1,LS_oracle,0.0851966491061491
0.1,LS_oracle,0.036126996650788
0.1,LS_oracle,0.0520682364539315
0.1,LS_oracle,0.0252496006705125
0.1,LS_oracle,0.0956272420501509
0.1,LS_oracle,0.0411763392296787
0.1,LS_oracle,0.0766799601970745
0.1,LS_oracle,0.0492719537607273
0.1,LS_oracle,0.100865221610972
0.1,LS_oracle,0.0124568181532709
0.1,LS_oracle,0.0837664155218067
0.1,LS_oracle,0.0975971606330177
0.1,LS_oracle,0.00884918535170121
0.1,LS_oracle,0.0694802806196442
0.1,LS_oracle,0.0217763518943606
0.1,LS_oracle,0.0845955623854138
0.1,LS_oracle,0.0870707759667455
0.1,LS_oracle,0.067548984512851
0.1,LS_oracle,0.0809476742315025
0.1,LS_oracle,0.0546774203027593
0.1,LS_oracle,0.0829389471271658
0.1,LS_oracle,0.0476498007788027
0.1,LS_oracle,0.0678321494188598
0.1,LS_oracle,0.0449605193783205
0.1,LS_oracle,0.0537979811702918
0.1,LS_oracle,0.0555696556868333
0.1,LS_oracle,0.050662984727637
0.1,LS_oracle,0.0370740041795752
0.1,LS_oracle,0.0660966863589865
0.1,LS_oracle,0.0823101874347578
0.1,LS_oracle,0.0740857688594945
0.1,LS_oracle,0.000252875244357575
0.1,LS_oracle,0.0613173362327777
0.1,LS_oracle,0.0763065553058973
0.1,LS_oracle,0.00992520055376622
0.1,LS_oracle,0.0398998113088449
0.1,LS_oracle,0.118264425579462
0.1,LS_oracle,0.0742583675180928
0.1,LS_oracle,0.055845756352785
0.1,LS_oracle,0.0369917609244823
0.1,LS_oracle,0.0689366675192915
0.1,LS_oracle,0.089479004015977
0.1,LS_oracle,0.0837975151625783
0.1,LS_oracle,0.0457907172633945
0.1,LS_oracle,0.037055841481217
0.1,LS_oracle,0.0553085103088256
0.1,LS_oracle,-0.0117498436677248
0.1,LS_oracle,0.0723376756523098
0.1,LS_oracle,0.0894463096378046
0.1,LS_oracle,0.0825878780399172
0.1,LS_oracle,0.0154495151967493
0.1,LS_oracle,0.0789423435473708
0.1,LS_oracle,0.0577821643589969
0.1,LS_oracle,0.0479858004795861
0.1,LS_oracle,0.120930202980831
0.1,LS_oracle,0.0447823325671313
0.1,LS_oracle,0.0703118302079657
0.1,LS_oracle,0.0971312383166734
0.1,LS_oracle,0.104821988030416
0.1,LS_oracle,0.0185029421550644
0.1,LS_oracle,0.0276333059223135
0.1,LS_oracle,0.0888111540673457
0.1,LS_oracle,0.119660586882942
0.1,LS_oracle,0.0484449151709656
0.1,LS_oracle,0.0797646241020669
0.1,LS_oracle,0.0255632982002985
0.1,LS_oracle,0.0961522399790384
0.1,LS_oracle,0.0608954840745575
0.1,LS_oracle,0.0750679301589512
0.1,LS_oracle,0.0885418859766121
0.1,LS_oracle,0.078809099915621
0.1,LS_oracle,0.110180095785541
0.1,LS_oracle,0.0596401687119399
0.1,LS_oracle,0.100710627646298
0.1,LS_oracle,0.0902313479502233
0.1,LS_oracle,0.0825376614089171
0.1,LS_oracle,0.0592480660901484
0.1,LS_oracle,0.0723569732012586
0.1,LS_oracle,0.0621455845104035
0.1,LS_oracle,0.0582301053120713
0.1,LS_oracle,0.0911474532931917
0.1,LS_oracle,0.104879490765062
0.1,LS_oracle,0.0462201946103249
0.1,LS_oracle,0.138712926400737
0.1,LS_oracle,0.0526401767893772
0.1,LS_oracle,0.0589417302382338
0.1,LS_oracle,0.083940513266628
0.1,LS_oracle,0.101203708487452
0.1,LS_oracle,0.094134608146331
0.1,LS_oracle,0.0658304193043668
0.1,LS_oracle,0.0743627132233766
0.1,LS_oracle,0.0356796887195885
0.1,LS_oracle,0.0625901941877218
0.1,LS_oracle,0.0901514649631763
0.1,LS_oracle,0.0414156597341939
0.1,LS_oracle,0.00990341602918443
0.1,LS_oracle,0.110943145788353
0.1,LS_oracle,0.0652028950696921
0.1,LS_oracle,0.0758306301763927
0.1,LS_oracle,0.0264582310570001
0.1,LS_oracle,0.0793466475909668
0.1,LS_oracle,0.0635295957798505
0.1,LS_oracle,0.0503247584716848
0.1,LS_oracle,0.0497248509892481
0.1,LS_oracle,0.0466177318838836
0.1,LS_oracle,0.0728480937107596
0.1,LS_oracle,0.0364751024711389
0.1,LS_oracle,0.0478929610820089
0.1,LS_oracle,0.0920753858810501
0.1,LS_oracle,-0.00342686785636659
0.1,LS_oracle,0.0698547536842902
0.1,LS_oracle,0.101484915641404
0.1,LS_oracle,0.103538350840826
0.1,LS_oracle,0.0765422728483691
0.1,LS_oracle,0.0378033798920991
0.1,LS_oracle,0.0749378147317938
0.1,LS_oracle,-0.00596012128259216
0.1,LS_oracle,-0.000433797361735544
0.1,LS_oracle,0.0648162191662613
0.1,LS_oracle,0.0352338202169191
0.1,LS_oracle,0.0766425639818973
0.1,LS_oracle,0.026111501819164
0.1,LS_oracle,0.0481266479091464
0.1,LS_oracle,0.0763046592993537
0.1,LS_oracle,0.0784907682731024
0.1,LS_oracle,0.0492767716741507
0.1,LS_oracle,0.0713693337218702
0.1,LS_oracle,0.0612336453582127
0.1,LS_oracle,0.0162909965081111
0.1,LS_oracle,0.0627297102310995
0.1,LS_oracle,0.0271704533149528
0.1,LS_oracle,0.145440624644515
0.1,LS_oracle,0.123550722295737
0.1,LS_oracle,0.0245383581941636
0.1,LS_oracle,0.0464432286128063
0.1,LS_oracle,0.0874000700206796
0.1,LS_oracle,0.0481510714197058
0.1,LS_oracle,0.0545414103456174
0.1,LS_oracle,0.00343904103091042
0.1,LS_oracle,0.0271140807989709
0.1,LS_oracle,0.0842819442093543
0.1,LS_oracle,0.156992116541108
0.1,LS_oracle,0.100947406629956
0.1,LS_oracle,0.112497878876557
0.1,LS_oracle,0.0316970652574617
0.1,LS_oracle,0.0700773114764106
0.1,LS_oracle,0.0492182195717135
0.1,LS_oracle,0.0924137982630133
0.1,LS_oracle,0.102360454237576
0.1,LS_oracle,0.104529760618855
0.1,LS_oracle,0.136191188479361
0.1,LS_oracle,0.0986177999190396
0.1,LS_oracle,0.0634698400034606
0.1,LS_oracle,0.0560834068333944
0.1,LS_oracle,0.0469041162334654
0.1,LS_oracle,0.108924049381368
0.1,LS_oracle,0.0362206216514105
0.1,LS_oracle,0.0551746468056005
0.1,LS_oracle,0.0535475899094422
0.1,LS_oracle,0.0688080053442801
0.1,LS_oracle,0.0573773501284607
0.1,TS_oracle,0.0511501120251154
0.1,TS_oracle,0.0991279066796606
0.1,TS_oracle,0.0370969405181472
0.1,TS_oracle,0.110607707390139
0.1,TS_oracle,0.0611157828942044
0.1,TS_oracle,0.102854330154381
0.1,TS_oracle,0.0461610166549866
0.1,TS_oracle,0.0791640310429045
0.1,TS_oracle,0.120284089416292
0.1,TS_oracle,0.0772183349510334
0.1,TS_oracle,0.0711065017302712
0.1,TS_oracle,0.0661396520828568
0.1,TS_oracle,0.0503104318160679
0.1,TS_oracle,0.0622557052895318
0.1,TS_oracle,0.109465359718706
0.1,TS_oracle,0.0590995127415115
0.1,TS_oracle,0.0705846575644451
0.1,TS_oracle,0.033919611263727
0.1,TS_oracle,0.0954694707560348
0.1,TS_oracle,0.0970951424010138
0.1,TS_oracle,0.113435951027647
0.1,TS_oracle,0.152180540634396
0.1,TS_oracle,0.0482646080222173
0.1,TS_oracle,0.0463472721480118
0.1,TS_oracle,0.0198523300228757
0.1,TS_oracle,0.0705366801763765
0.1,TS_oracle,0.0985227290873165
0.1,TS_oracle,0.065911339128703
0.1,TS_oracle,0.0963258542136309
0.1,TS_oracle,0.0508324875321298
0.1,TS_oracle,0.0557265989570186
0.1,TS_oracle,0.124846756722581
0.1,TS_oracle,0.0353102245496839
0.1,TS_oracle,0.0456402841757697
0.1,TS_oracle,0.0693794242734778
0.1,TS_oracle,0.0478424765038576
0.1,TS_oracle,0.061159278880325
0.1,TS_oracle,0.0782005976163429
0.1,TS_oracle,0.0542600767200585
0.1,TS_oracle,0.084977684948653
0.1,TS_oracle,0.0350674973277512
0.1,TS_oracle,0.0520682364539315
0.1,TS_oracle,0.0251353359305087
0.1,TS_oracle,0.095603216157411
0.1,TS_oracle,0.0413597178571734
0.1,TS_oracle,0.0765204259122367
0.1,TS_oracle,0.0487783429552446
0.1,TS_oracle,0.10132447561966
0.1,TS_oracle,0.012226314147419
0.1,TS_oracle,0.0825884997127055
0.1,TS_oracle,0.0977473131209206
0.1,TS_oracle,0.00884257264358213
0.1,TS_oracle,0.0689205898416796
0.1,TS_oracle,0.0214241608097874
0.1,TS_oracle,0.0840848694676553
0.1,TS_oracle,0.086931504775196
0.1,TS_oracle,0.0672417748400755
0.1,TS_oracle,0.0823067405832774
0.1,TS_oracle,0.054161250537784
0.1,TS_oracle,0.0830728314461857
0.1,TS_oracle,0.0481653324234621
0.1,TS_oracle,0.0675856866032056
0.1,TS_oracle,0.0445394334271787
0.1,TS_oracle,0.0539897330336929
0.1,TS_oracle,0.0558567804985439
0.1,TS_oracle,0.0502829173087216
0.1,TS_oracle,0.0368696296592061
0.1,TS_oracle,0.0658240961186933
0.1,TS_oracle,0.0823170330620875
0.1,TS_oracle,0.0736771704769987
0.1,TS_oracle,-0.000232612814044963
0.1,TS_oracle,0.0608243981841496
0.1,TS_oracle,0.077277169772356
0.1,TS_oracle,0.00929543518909703
0.1,TS_oracle,0.0405357927270458
0.1,TS_oracle,0.118476018696784
0.1,TS_oracle,0.074530015753044
0.1,TS_oracle,0.0561814368420086
0.1,TS_oracle,0.0373843671235055
0.1,TS_oracle,0.0691780211639008
0.1,TS_oracle,0.0907603500787557
0.1,TS_oracle,0.0839421034386343
0.1,TS_oracle,0.0457785659898944
0.1,TS_oracle,0.036768239060831
0.1,TS_oracle,0.0554954040460622
0.1,TS_oracle,-0.0118623754086651
0.1,TS_oracle,0.0726815285586491
0.1,TS_oracle,0.088936532651305
0.1,TS_oracle,0.0825630936648614
0.1,TS_oracle,0.0152808577579031
0.1,TS_oracle,0.0794116615858822
0.1,TS_oracle,0.0575959068506822
0.1,TS_oracle,0.0475162531577287
0.1,TS_oracle,0.121161599718421
0.1,TS_oracle,0.0444322247164883
0.1,TS_oracle,0.0696249737843688
0.1,TS_oracle,0.0975503075427282
0.1,TS_oracle,0.104396559565346
0.1,TS_oracle,0.0184947244912506
0.1,TS_oracle,0.0276314946544016
0.1,TS_oracle,0.0892250347519246
0.1,TS_oracle,0.120005452260133
0.1,TS_oracle,0.0485160631396282
0.1,TS_oracle,0.0803681808162104
0.1,TS_oracle,0.0256476193633353
0.1,TS_oracle,0.0957833970142381
0.1,TS_oracle,0.0599244831129191
0.1,TS_oracle,0.0746990601012758
0.1,TS_oracle,0.0877980515436074
0.1,TS_oracle,0.0788516389463609
0.1,TS_oracle,0.10973807793038
0.1,TS_oracle,0.0592640164315172
0.1,TS_oracle,0.100718062846761
0.1,TS_oracle,0.0906757610799322
0.1,TS_oracle,0.0822462216778319
0.1,TS_oracle,0.0593858776731624
0.1,TS_oracle,0.0721139699601767
0.1,TS_oracle,0.0626309566783361
0.1,TS_oracle,0.0583211018233281
0.1,TS_oracle,0.0911726300092823
0.1,TS_oracle,0.104739622082443
0.1,TS_oracle,0.0459553264898238
0.1,TS_oracle,0.138008908312353
0.1,TS_oracle,0.0520769593271337
0.1,TS_oracle,0.0579644202358267
0.1,TS_oracle,0.0838567701198949
0.1,TS_oracle,0.101183849472305
0.1,TS_oracle,0.0939793160696276
0.1,TS_oracle,0.0656257434261476
0.1,TS_oracle,0.0743625260148471
0.1,TS_oracle,0.0353997101188179
0.1,TS_oracle,0.0633182856496648
0.1,TS_oracle,0.0902693975855817
0.1,TS_oracle,0.0412677756598678
0.1,TS_oracle,0.00920004557740084
0.1,TS_oracle,0.110271207098378
0.1,TS_oracle,0.0642876202261891
0.1,TS_oracle,0.0754976947484607
0.1,TS_oracle,0.0270286879718353
0.1,TS_oracle,0.0806649162054749
0.1,TS_oracle,0.0651641958270133
0.1,TS_oracle,0.0501528507727538
0.1,TS_oracle,0.0492512405987593
0.1,TS_oracle,0.046835871598405
0.1,TS_oracle,0.0722943892359846
0.1,TS_oracle,0.0371938103755503
0.1,TS_oracle,0.0481939447293702
0.1,TS_oracle,0.0916511409911358
0.1,TS_oracle,-0.00361792010056128
0.1,TS_oracle,0.0687848302263989
0.1,TS_oracle,0.100868787321405
0.1,TS_oracle,0.102913492580887
0.1,TS_oracle,0.0756341970919201
0.1,TS_oracle,0.0378213951616795
0.1,TS_oracle,0.0750581278882778
0.1,TS_oracle,-0.00584818421011624
0.1,TS_oracle,-0.000542495531055565
0.1,TS_oracle,0.0643824813555798
0.1,TS_oracle,0.0343476489976851
0.1,TS_oracle,0.0763785437698181
0.1,TS_oracle,0.02583760084979
0.1,TS_oracle,0.0475442288160415
0.1,TS_oracle,0.0764244351680747
0.1,TS_oracle,0.0780064372818083
0.1,TS_oracle,0.0490096856040834
0.1,TS_oracle,0.0713919415443405
0.1,TS_oracle,0.0612809317669327
0.1,TS_oracle,0.0163907893390112
0.1,TS_oracle,0.0630121455016137
0.1,TS_oracle,0.0265858599830235
0.1,TS_oracle,0.145391305795684
0.1,TS_oracle,0.12463126873177
0.1,TS_oracle,0.0253894078888206
0.1,TS_oracle,0.0467563447586052
0.1,TS_oracle,0.0874990076375723
0.1,TS_oracle,0.0480508741834225
0.1,TS_oracle,0.054522398152429
0.1,TS_oracle,0.0035124388292751
0.1,TS_oracle,0.0270742651636464
0.1,TS_oracle,0.0842712875894089
0.1,TS_oracle,0.156561843171844
0.1,TS_oracle,0.100951985595077
0.1,TS_oracle,0.112640176098859
0.1,TS_oracle,0.0318331799176483
0.1,TS_oracle,0.070199839196708
0.1,TS_oracle,0.0501744561620532
0.1,TS_oracle,0.0920024363259639
0.1,TS_oracle,0.101379989266952
0.1,TS_oracle,0.104876145800558
0.1,TS_oracle,0.13607114753161
0.1,TS_oracle,0.0995164007513627
0.1,TS_oracle,0.0629839647325761
0.1,TS_oracle,0.0561649474114922
0.1,TS_oracle,0.0466404742396596
0.1,TS_oracle,0.108973451044056
0.1,TS_oracle,0.0360246898354915
0.1,TS_oracle,0.0553901367168228
0.1,TS_oracle,0.0529807796455328
0.1,TS_oracle,0.0689746978156114
0.1,TS_oracle,0.057276739574013
0.2,PLS,0.0565098676759885
0.2,PLS,0.0732353141350188
0.2,PLS,0.051438362039425
0.2,PLS,0.0653616473689655
0.2,PLS,0.0653822510688493
0.2,PLS,0.095155601382553
0.2,PLS,0.114981343092572
0.2,PLS,0.0605449373741338
0.2,PLS,0.115118851507639
0.2,PLS,0.0228677683503307
0.2,PLS,0.0727802288945858
0.2,PLS,0.0845644809910899
0.2,PLS,0.0734445756868101
0.2,PLS,0.0204433578723069
0.2,PLS,0.10445873672999
0.2,PLS,0.0500985662138356
0.2,PLS,0.0372404922712566
0.2,PLS,0.0457187669006742
0.2,PLS,0.0737590025589272
0.2,PLS,0.0490312168444376
0.2,PLS,0.084134673379415
0.2,PLS,0.102173074052904
0.2,PLS,0.0862830881667258
0.2,PLS,0.159176825426376
0.2,PLS,0.0848474547785019
0.2,PLS,0.0859999177995037
0.2,PLS,0.0450566317619778
0.2,PLS,0.144871328879748
0.2,PLS,0.0699211184862096
0.2,PLS,0.0996654146228506
0.2,PLS,0.106742146078131
0.2,PLS,0.0753102384183948
0.2,PLS,0.0384409883518881
0.2,PLS,0.0635594645985016
0.2,PLS,0.0497571543973367
0.2,PLS,0.0785216793510204
0.2,PLS,0.0302428601687528
0.2,PLS,0.103657208819384
0.2,PLS,0.131178803363947
0.2,PLS,0.0602847950941188
0.2,PLS,0.066829587515155
0.2,PLS,0.0932146818030442
0.2,PLS,0.0442442718095952
0.2,PLS,0.076314802369891
0.2,PLS,0.0523607469914635
0.2,PLS,0.0155414013800903
0.2,PLS,0.0764126652026236
0.2,PLS,0.039302659588869
0.2,PLS,0.0983852356251265
0.2,PLS,0.0101776091763246
0.2,PLS,0.0850802188093343
0.2,PLS,0.0400422158128775
0.2,PLS,0.0800711872667261
0.2,PLS,0.0561398198265706
0.2,PLS,0.0432146245450089
0.2,PLS,0.0484615196870661
0.2,PLS,0.0284283354485104
0.2,PLS,0.0277862112841887
0.2,PLS,0.0864288072921877
0.2,PLS,0.0937290022632917
0.2,PLS,0.0122111254299073
0.2,PLS,0.0501352303098566
0.2,PLS,0.063219556573443
0.2,PLS,0.0370883854300579
0.2,PLS,0.0512945624675838
0.2,PLS,0.0657910373774011
0.2,PLS,0.0284663869132902
0.2,PLS,0.0472115829611013
0.2,PLS,0.0861769683608538
0.2,PLS,-0.0051883292037872
0.2,PLS,0.0616892448723365
0.2,PLS,0.0493565258661293
0.2,PLS,0.0306504457588395
0.2,PLS,0.0273902512643525
0.2,PLS,0.0438447546081615
0.2,PLS,0.000782683785966576
0.2,PLS,0.0498892336352414
0.2,PLS,0.0678751148055465
0.2,PLS,0.0562199240270342
0.2,PLS,0.0577770765103367
0.2,PLS,0.0693437627394382
0.2,PLS,0.0555620925088882
0.2,PLS,0.0699837895644591
0.2,PLS,0.0127148017062535
0.2,PLS,0.0345344241818972
0.2,PLS,0.0720641789959207
0.2,PLS,0.0515851244937424
0.2,PLS,0.0888811775618858
0.2,PLS,0.0514144359904061
0.2,PLS,0.0272655438194329
0.2,PLS,0.0409940906454986
0.2,PLS,0.0573169681191243
0.2,PLS,0.0601311216988647
0.2,PLS,0.113983083722837
0.2,PLS,-0.00646104119693403
0.2,PLS,0.0599941695483062
0.2,PLS,0.080137235732759
0.2,PLS,0.103045828426958
0.2,PLS,0.075540350242385
0.2,PLS,0.0925369657925608
0.2,PLS,0.0538988023614357
0.2,PLS,0.0726059560614811
0.2,PLS,0.0911985490857325
0.2,PLS,0.0853586445162555
0.2,PLS,0.114229077031774
0.2,PLS,0.0853356110382382
0.2,PLS,0.00152054343190078
0.2,PLS,0.00794718671583361
0.2,PLS,0.106061222635043
0.2,PLS,0.0936344764612997
0.2,PLS,0.0371952819480681
0.2,PLS,0.0414779645794512
0.2,PLS,0.0671662596708986
0.2,PLS,-0.0391089106853328
0.2,PLS,0.0869698037774438
0.2,PLS,0.0644160284323838
0.2,PLS,0.0707747965555252
0.2,PLS,0.0600897815982078
0.2,PLS,0.0830291113726394
0.2,PLS,0.0716641319833551
0.2,PLS,0.0807030259950234
0.2,PLS,0.0543957470589871
0.2,PLS,0.108314097394425
0.2,PLS,0.076120082783546
0.2,PLS,0.0700365070625053
0.2,PLS,-0.025642133102724
0.2,PLS,0.0657207559293953
0.2,PLS,0.116819924360987
0.2,PLS,0.0661861167206768
0.2,PLS,0.012005043429502
0.2,PLS,0.0785636528064582
0.2,PLS,0.0259800192357234
0.2,PLS,0.0588171065511121
0.2,PLS,0.0382157294710506
0.2,PLS,0.0591900825565721
0.2,PLS,0.0727425644284891
0.2,PLS,0.0563942613155961
0.2,PLS,0.0850127474884843
0.2,PLS,0.0675976628567605
0.2,PLS,0.0214293108749419
0.2,PLS,0.0485519650631032
0.2,PLS,-0.00236509190983203
0.2,PLS,0.104825666870231
0.2,PLS,0.0537897855181562
0.2,PLS,0.0316819481394244
0.2,PLS,0.0338705745292203
0.2,PLS,0.0601734055793917
0.2,PLS,0.0872265147896567
0.2,PLS,0.0729600822335681
0.2,PLS,0.0268983517635826
0.2,PLS,0.0185415527793944
0.2,PLS,0.0559297780225607
0.2,PLS,0.0740730199078643
0.2,PLS,0.0895389170542971
0.2,PLS,0.0733712334048182
0.2,PLS,0.0779560943740707
0.2,PLS,0.0760286797030056
0.2,PLS,0.096412076764655
0.2,PLS,0.0421243264520612
0.2,PLS,0.0346387739831335
0.2,PLS,0.0516868326061184
0.2,PLS,0.062328034652281
0.2,PLS,0.0794339423242754
0.2,PLS,0.074822461445911
0.2,PLS,0.0206808790599187
0.2,PLS,0.043893460421599
0.2,PLS,0.0863093960561754
0.2,PLS,0.078443081962116
0.2,PLS,0.098934754928522
0.2,PLS,0.0257077774290011
0.2,PLS,0.114416761709573
0.2,PLS,0.105278873644309
0.2,PLS,0.125186216660999
0.2,PLS,0.0938790660478299
0.2,PLS,0.0728423294888787
0.2,PLS,0.0335814092361861
0.2,PLS,0.0536943265539693
0.2,PLS,0.0603442191220045
0.2,PLS,0.107826877128594
0.2,PLS,0.0132569724722134
0.2,PLS,0.0781392721526093
0.2,PLS,0.0479689097228426
0.2,PLS,0.0983244183138923
0.2,PLS,0.0234604547727841
0.2,PLS,0.0998881197710639
0.2,PLS,0.0804273295666538
0.2,PLS,0.0408977797835406
0.2,PLS,0.0595719292774073
0.2,PLS,0.0811861030930878
0.2,PLS,0.0379855520945047
0.2,PLS,0.0952222562649172
0.2,PLS,0.0361953255316361
0.2,PLS,0.112866427064526
0.2,PLS,0.0792396662677166
0.2,PLS,0.0716457823434604
0.2,PLS,0.107527257067774
0.2,PLS,0.0810742810340754
0.2,PLS,0.0401597366634463
0.2,PLS,0.0636143096891129
0.2,PLS,0.0559922068979446
0.2,fTS,0.0563238849213161
0.2,fTS,0.0730444012088571
0.2,fTS,0.0518344996501487
0.2,fTS,0.065288295709556
0.2,fTS,0.0652616667196768
0.2,fTS,0.0938616903718072
0.2,fTS,0.114585454667445
0.2,fTS,0.0583052333098333
0.2,fTS,0.116784469905818
0.2,fTS,0.0216132704442455
0.2,fTS,0.070330462593472
0.2,fTS,0.0845518026621543
0.2,fTS,0.0738059349871159
0.2,fTS,0.0200434143879902
0.2,fTS,0.102392552384502
0.2,fTS,0.0506013254937743
0.2,fTS,0.0367911204508991
0.2,fTS,0.0468558264699133
0.2,fTS,0.0718443918057896
0.2,fTS,0.0482031839777084
0.2,fTS,0.0825170486186499
0.2,fTS,0.102091093040929
0.2,fTS,0.0839596459791201
0.2,fTS,0.159236005808869
0.2,fTS,0.0856658420692658
0.2,fTS,0.0860578469332085
0.2,fTS,0.044222982936454
0.2,fTS,0.144910975493953
0.2,fTS,0.0708397160398839
0.2,fTS,0.100870972041045
0.2,fTS,0.106403371913014
0.2,fTS,0.0745370224874036
0.2,fTS,0.0384973214019566
0.2,fTS,0.0626095761535199
0.2,fTS,0.0487759174413487
0.2,fTS,0.0785680409632739
0.2,fTS,0.0305831022628207
0.2,fTS,0.102710009574676
0.2,fTS,0.131694574512513
0.2,fTS,0.0568397880793106
0.2,fTS,0.0672665167875752
0.2,fTS,0.0930107765588
0.2,fTS,0.0432644983352972
0.2,fTS,0.0763485347819024
0.2,fTS,0.0530156013513283
0.2,fTS,0.015518905508483
0.2,fTS,0.0739944139055193
0.2,fTS,0.0386683956909413
0.2,fTS,0.0964204220217952
0.2,fTS,0.00943159866946797
0.2,fTS,0.0830447080083943
0.2,fTS,0.0392970612661554
0.2,fTS,0.0793064883493277
0.2,fTS,0.0547045442726721
0.2,fTS,0.0429491962570994
0.2,fTS,0.0480233027645773
0.2,fTS,0.0270498925750717
0.2,fTS,0.0284602436327255
0.2,fTS,0.0863477813058577
0.2,fTS,0.0936240635429633
0.2,fTS,0.0111694249016909
0.2,fTS,0.0472542818380413
0.2,fTS,0.0630426099999548
0.2,fTS,0.0353912308451465
0.2,fTS,0.0523153848965905
0.2,fTS,0.0660762595264506
0.2,fTS,0.028905070504617
0.2,fTS,0.0466913542194298
0.2,fTS,0.0870651010744208
0.2,fTS,-0.00460917058703736
0.2,fTS,0.0629582450256758
0.2,fTS,0.0493767521926463
0.2,fTS,0.0286464357940701
0.2,fTS,0.0260507399622532
0.2,fTS,0.0432818265812254
0.2,fTS,4.1563940637257e-05
0.2,fTS,0.0490097518917656
0.2,fTS,0.0670250773637966
0.2,fTS,0.0548440536380888
0.2,fTS,0.0532726322979336
0.2,fTS,0.0689733858559014
0.2,fTS,0.0558085248480753
0.2,fTS,0.0687991995358352
0.2,fTS,0.0109891476280564
0.2,fTS,0.0335232095830824
0.2,fTS,0.0710980876196163
0.2,fTS,0.0525514198828303
0.2,fTS,0.0898274888531554
0.2,fTS,0.0497826490683966
0.2,fTS,0.0267979761470671
0.2,fTS,0.0403525187548306
0.2,fTS,0.0554214240633701
0.2,fTS,0.0581660295656166
0.2,fTS,0.112631643542435
0.2,fTS,-0.00591714866626625
0.2,fTS,0.0605186125264858
0.2,fTS,0.0800728390526104
0.2,fTS,0.103603223392204
0.2,fTS,0.0728592253034106
0.2,fTS,0.0932623205705818
0.2,fTS,0.0525682274674799
0.2,fTS,0.0730137770650994
0.2,fTS,0.0913204060325106
0.2,fTS,0.0845029898968979
0.2,fTS,0.114452281167462
0.2,fTS,0.0862637531619797
0.2,fTS,0.000746538817098852
0.2,fTS,0.00579697702914861
0.2,fTS,0.104261313569212
0.2,fTS,0.0939724384946434
0.2,fTS,0.0363539030092679
0.2,fTS,0.0400360984547814
0.2,fTS,0.0665675658151463
0.2,fTS,-0.0394041468172776
0.2,fTS,0.0884254859419653
0.2,fTS,0.0637285652277892
0.2,fTS,0.0698010025503968
0.2,fTS,0.0621572357297075
0.2,fTS,0.0799674919406221
0.2,fTS,0.0698811044379015
0.2,fTS,0.0802200628634748
0.2,fTS,0.0537850387695951
0.2,fTS,0.108083635746577
0.2,fTS,0.0746582931513189
0.2,fTS,0.0703970331116579
0.2,fTS,-0.0253910628778934
0.2,fTS,0.0666894533750126
0.2,fTS,0.117143542897226
0.2,fTS,0.064444556280695
0.2,fTS,0.0126581733707247
0.2,fTS,0.0763995168224605
0.2,fTS,0.0240644851679512
0.2,fTS,0.0577150528915413
0.2,fTS,0.0387782644518242
0.2,fTS,0.0581737018459396
0.2,fTS,0.0729673717409014
0.2,fTS,0.0561526222342941
0.2,fTS,0.0843937516757713
0.2,fTS,0.0700176817162723
0.2,fTS,0.0205763889138795
0.2,fTS,0.0493269983659426
0.2,fTS,-0.00253293941157351
0.2,fTS,0.104009897736441
0.2,fTS,0.0534175763034568
0.2,fTS,0.0317791492249266
0.2,fTS,0.0332346323706281
0.2,fTS,0.0615288726523213
0.2,fTS,0.0870837826780948
0.2,fTS,0.0722308973174703
0.2,fTS,0.0253599599980656
0.2,fTS,0.017138411130635
0.2,fTS,0.0537968987630189
0.2,fTS,0.073786351632446
0.2,fTS,0.0877724769461683
0.2,fTS,0.0705572961480305
0.2,fTS,0.0768927978971028
0.2,fTS,0.0759423213495622
0.2,fTS,0.0949645063083857
0.2,fTS,0.0411384035125055
0.2,fTS,0.0329027198004366
0.2,fTS,0.0507561742140379
0.2,fTS,0.0625348196973696
0.2,fTS,0.079328067230972
0.2,fTS,0.0766782590987627
0.2,fTS,0.0207012192642571
0.2,fTS,0.0443106171802459
0.2,fTS,0.0855961387628008
0.2,fTS,0.0787064615988105
0.2,fTS,0.097955769732416
0.2,fTS,0.0258515497781073
0.2,fTS,0.11206042423149
0.2,fTS,0.105477959763325
0.2,fTS,0.124303643094961
0.2,fTS,0.0947357470747843
0.2,fTS,0.0708624279555461
0.2,fTS,0.032775580667487
0.2,fTS,0.0544480025900569
0.2,fTS,0.0610789996339809
0.2,fTS,0.106363764499231
0.2,fTS,0.0132890981037641
0.2,fTS,0.0765068562074225
0.2,fTS,0.0467563152329036
0.2,fTS,0.0976416253076686
0.2,fTS,0.022146641047827
0.2,fTS,0.10052301141308
0.2,fTS,0.0792605969052114
0.2,fTS,0.0400618068050618
0.2,fTS,0.0574499714822578
0.2,fTS,0.0825557793438489
0.2,fTS,0.0389242691575475
0.2,fTS,0.0950373828457449
0.2,fTS,0.0348643675752798
0.2,fTS,0.112344282181335
0.2,fTS,0.0784207453218357
0.2,fTS,0.0726259095780595
0.2,fTS,0.107723589206416
0.2,fTS,0.0792123691808531
0.2,fTS,0.0395930427640636
0.2,fTS,0.0631302223198618
0.2,fTS,0.0561349702441336
0.2,LS_oracle,0.0564581646172178
0.2,LS_oracle,0.0730826369604647
0.2,LS_oracle,0.049740829301032
0.2,LS_oracle,0.0665990562028709
0.2,LS_oracle,0.0647140634289458
0.2,LS_oracle,0.0943437694808174
0.2,LS_oracle,0.115034229247537
0.2,LS_oracle,0.0595140049833613
0.2,LS_oracle,0.115423450390123
0.2,LS_oracle,0.0227157335183754
0.2,LS_oracle,0.0708464290271846
0.2,LS_oracle,0.083644252290255
0.2,LS_oracle,0.0738194230331997
0.2,LS_oracle,0.0172856305155311
0.2,LS_oracle,0.104924107341489
0.2,LS_oracle,0.0501145561495238
0.2,LS_oracle,0.0380851406577642
0.2,LS_oracle,0.0456991702712719
0.2,LS_oracle,0.0734604146725895
0.2,LS_oracle,0.0490797211405651
0.2,LS_oracle,0.0826649702715057
0.2,LS_oracle,0.104701700543053
0.2,LS_oracle,0.087303228087626
0.2,LS_oracle,0.159177816702568
0.2,LS_oracle,0.0847640781062151
0.2,LS_oracle,0.0857527863187291
0.2,LS_oracle,0.044113633877636
0.2,LS_oracle,0.144879140416315
0.2,LS_oracle,0.0699569615372007
0.2,LS_oracle,0.100179238855307
0.2,LS_oracle,0.106654440767219
0.2,LS_oracle,0.0753272075206461
0.2,LS_oracle,0.0373503823980603
0.2,LS_oracle,0.0626556867776928
0.2,LS_oracle,0.0496558221986363
0.2,LS_oracle,0.0785828887399818
0.2,LS_oracle,0.0303203524551725
0.2,LS_oracle,0.102330044662805
0.2,LS_oracle,0.131141149285726
0.2,LS_oracle,0.0607433981937762
0.2,LS_oracle,0.0678576533873514
0.2,LS_oracle,0.0929855164638642
0.2,LS_oracle,0.0445152542442346
0.2,LS_oracle,0.0763148939383942
0.2,LS_oracle,0.0523728314714766
0.2,LS_oracle,0.0142256561578176
0.2,LS_oracle,0.0766556848175395
0.2,LS_oracle,0.0395229712509992
0.2,LS_oracle,0.0980960347796414
0.2,LS_oracle,0.00972659187689895
0.2,LS_oracle,0.0849266684186749
0.2,LS_oracle,0.0396296348458347
0.2,LS_oracle,0.080492110130066
0.2,LS_oracle,0.0557895138260129
0.2,LS_oracle,0.0431387881641676
0.2,LS_oracle,0.04851880739451
0.2,LS_oracle,0.0280389697804109
0.2,LS_oracle,0.0277877761280501
0.2,LS_oracle,0.0863567479466338
0.2,LS_oracle,0.0947772674669445
0.2,LS_oracle,0.0118991130862651
0.2,LS_oracle,0.0455054662906644
0.2,LS_oracle,0.06043089349023
0.2,LS_oracle,0.036892024304487
0.2,LS_oracle,0.0517093671102715
0.2,LS_oracle,0.0652092805456337
0.2,LS_oracle,0.0284682155941884
0.2,LS_oracle,0.0475155192822125
0.2,LS_oracle,0.0862110243322529
0.2,LS_oracle,-0.0052017013229656
0.2,LS_oracle,0.0613259983508008
0.2,LS_oracle,0.0492235836403896
0.2,LS_oracle,0.0308243442581766
0.2,LS_oracle,0.0259847482651607
0.2,LS_oracle,0.0435636649562587
0.2,LS_oracle,0.000399483156034108
0.2,LS_oracle,0.0498281662573603
0.2,LS_oracle,0.0679371187915927
0.2,LS_oracle,0.0554609010726217
0.2,LS_oracle,0.0577873842929224
0.2,LS_oracle,0.0690545121702895
0.2,LS_oracle,0.0559975504757255
0.2,LS_oracle,0.0695941618264149
0.2,LS_oracle,0.0106737336421141
0.2,LS_oracle,0.0347191116282135
0.2,LS_oracle,0.0720080095470323
0.2,LS_oracle,0.0515865723341442
0.2,LS_oracle,0.0881442533792665
0.2,LS_oracle,0.0518587284928922
0.2,LS_oracle,0.0270976940275631
0.2,LS_oracle,0.0410064859880253
0.2,LS_oracle,0.0571722851983392
0.2,LS_oracle,0.0598698278684306
0.2,LS_oracle,0.112685839485163
0.2,LS_oracle,-0.00596784454697097
0.2,LS_oracle,0.0596778144087196
0.2,LS_oracle,0.0815031278899643
0.2,LS_oracle,0.101538602745664
0.2,LS_oracle,0.0751310187874688
0.2,LS_oracle,0.0923503449858036
0.2,LS_oracle,0.0535995759295047
0.2,LS_oracle,0.0725626037810378
0.2,LS_oracle,0.0910070815251058
0.2,LS_oracle,0.0852119451037461
0.2,LS_oracle,0.111754872479329
0.2,LS_oracle,0.0853350161571407
0.2,LS_oracle,0.00156437742266036
0.2,LS_oracle,0.00523566008014997
0.2,LS_oracle,0.106280935083486
0.2,LS_oracle,0.0937192281296522
0.2,LS_oracle,0.0372257881403684
0.2,LS_oracle,0.0417068885309166
0.2,LS_oracle,0.0669833172439289
0.2,LS_oracle,-0.0405286605822103
0.2,LS_oracle,0.0866472262520726
0.2,LS_oracle,0.0645343348940774
0.2,LS_oracle,0.0705073623619001
0.2,LS_oracle,0.0598478846047925
0.2,LS_oracle,0.0849200044313954
0.2,LS_oracle,0.0707175135613427
0.2,LS_oracle,0.0770097081486927
0.2,LS_oracle,0.0543289250311321
0.2,LS_oracle,0.108090465080689
0.2,LS_oracle,0.0764449572518546
0.2,LS_oracle,0.0703112535406631
0.2,LS_oracle,-0.0255527326756203
0.2,LS_oracle,0.0647564207711628
0.2,LS_oracle,0.116848699882209
0.2,LS_oracle,0.0661466123831058
0.2,LS_oracle,0.012618840038042
0.2,LS_oracle,0.0785577326706826
0.2,LS_oracle,0.0273973385217152
0.2,LS_oracle,0.0579877213840645
0.2,LS_oracle,0.0382508350338029
0.2,LS_oracle,0.0567585390074654
0.2,LS_oracle,0.073493385322545
0.2,LS_oracle,0.0563507424186225
0.2,LS_oracle,0.0844790163494249
0.2,LS_oracle,0.068384997177678
0.2,LS_oracle,0.0212021318753839
0.2,LS_oracle,0.0485993700024479
0.2,LS_oracle,-0.00238807257530582
0.2,LS_oracle,0.104536468723651
0.2,LS_oracle,0.0535099555899896
0.2,LS_oracle,0.0323605401917009
0.2,LS_oracle,0.0338705776984884
0.2,LS_oracle,0.0595961203951156
0.2,LS_oracle,0.0870603577920799
0.2,LS_oracle,0.0737444154990115
0.2,LS_oracle,0.0268813799051175
0.2,LS_oracle,0.0182210462667036
0.2,LS_oracle,0.0532635614094126
0.2,LS_oracle,0.0747341746700763
0.2,LS_oracle,0.0892600353222421
0.2,LS_oracle,0.0726895255473947
0.2,LS_oracle,0.078085003204482
0.2,LS_oracle,0.0758485809244556
0.2,LS_oracle,0.0956849251222827
0.2,LS_oracle,0.0423630898916534
0.2,LS_oracle,0.0343899979117439
0.2,LS_oracle,0.0527218395904758
0.2,LS_oracle,0.0623354932552269
0.2,LS_oracle,0.0786740170135978
0.2,LS_oracle,0.0740299765793135
0.2,LS_oracle,0.019388197029379
0.2,LS_oracle,0.043962279003787
0.2,LS_oracle,0.0862998236093901
0.2,LS_oracle,0.0784940775682741
0.2,LS_oracle,0.0970241375737599
0.2,LS_oracle,0.0261952611020742
0.2,LS_oracle,0.113909120332864
0.2,LS_oracle,0.105507104618439
0.2,LS_oracle,0.125215192066576
0.2,LS_oracle,0.0941855963480482
0.2,LS_oracle,0.072933438709639
0.2,LS_oracle,0.0336389601988285
0.2,LS_oracle,0.0536339310436107
0.2,LS_oracle,0.0594848740250209
0.2,LS_oracle,0.105340202772547
0.2,LS_oracle,0.0134182368555036
0.2,LS_oracle,0.0782226101560828
0.2,LS_oracle,0.047913025814456
0.2,LS_oracle,0.0990015889284246
0.2,LS_oracle,0.0226548126287816
0.2,LS_oracle,0.0997751057207004
0.2,LS_oracle,0.0780062419804191
0.2,LS_oracle,0.0387259836495186
0.2,LS_oracle,0.0593607809876948
0.2,LS_oracle,0.0812175327108628
0.2,LS_oracle,0.0379952891817357
0.2,LS_oracle,0.0949149758904972
0.2,LS_oracle,0.0361931240967828
0.2,LS_oracle,0.112565141095891
0.2,LS_oracle,0.0781383946072089
0.2,LS_oracle,0.0709021558558742
0.2,LS_oracle,0.107755584654278
0.2,LS_oracle,0.0813599577358759
0.2,LS_oracle,0.0401874755542739
0.2,LS_oracle,0.0643525369708289
0.2,LS_oracle,0.0561522768067642
0.2,TS_oracle,0.0562181258821954
0.2,TS_oracle,0.0740744232479793
0.2,TS_oracle,0.0502478883197142
0.2,TS_oracle,0.0661291104741888
0.2,TS_oracle,0.0645948610868736
0.2,TS_oracle,0.093327115330738
0.2,TS_oracle,0.114614266742584
0.2,TS_oracle,0.0575468952704354
0.2,TS_oracle,0.115655099421819
0.2,TS_oracle,0.0214974548516915
0.2,TS_oracle,0.0693472706059386
0.2,TS_oracle,0.0827483756496592
0.2,TS_oracle,0.0735866564061316
0.2,TS_oracle,0.0161878345107282
0.2,TS_oracle,0.102609440420965
0.2,TS_oracle,0.0499735393147678
0.2,TS_oracle,0.0373913553728515
0.2,TS_oracle,0.0472025834853902
0.2,TS_oracle,0.0720200389061938
0.2,TS_oracle,0.0481056113635208
0.2,TS_oracle,0.0825380810372984
0.2,TS_oracle,0.104036957999948
0.2,TS_oracle,0.0850205203537033
0.2,TS_oracle,0.158984672876038
0.2,TS_oracle,0.08554292386234
0.2,TS_oracle,0.0860456485186414
0.2,TS_oracle,0.0435226878663499
0.2,TS_oracle,0.144913972182622
0.2,TS_oracle,0.0714305943574591
0.2,TS_oracle,0.101533162082115
0.2,TS_oracle,0.10595030406478
0.2,TS_oracle,0.0745516212902566
0.2,TS_oracle,0.0378263141052746
0.2,TS_oracle,0.0623275778002714
0.2,TS_oracle,0.0487036992509484
0.2,TS_oracle,0.0789715763482459
0.2,TS_oracle,0.0294579487231574
0.2,TS_oracle,0.101975804807431
0.2,TS_oracle,0.131488111994872
0.2,TS_oracle,0.0569626521741662
0.2,TS_oracle,0.0678897876097107
0.2,TS_oracle,0.0923585157402536
0.2,TS_oracle,0.0431768594606836
0.2,TS_oracle,0.0763612135918639
0.2,TS_oracle,0.0530249679433075
0.2,TS_oracle,0.0144639841881142
0.2,TS_oracle,0.074271281163099
0.2,TS_oracle,0.0386902452151838
0.2,TS_oracle,0.0959434225348437
0.2,TS_oracle,0.00942215428655446
0.2,TS_oracle,0.0826966775802664
0.2,TS_oracle,0.0390314699117578
0.2,TS_oracle,0.0798232326478001
0.2,TS_oracle,0.054528498701949
0.2,TS_oracle,0.0415364920046954
0.2,TS_oracle,0.0480647062320254
0.2,TS_oracle,0.0270488372895907
0.2,TS_oracle,0.0284043639663052
0.2,TS_oracle,0.0852238775435266
0.2,TS_oracle,0.0949240631802022
0.2,TS_oracle,0.0109088556775869
0.2,TS_oracle,0.0434517027002441
0.2,TS_oracle,0.0589162662846776
0.2,TS_oracle,0.0352547748594028
0.2,TS_oracle,0.0526686351446575
0.2,TS_oracle,0.0654839847417712
0.2,TS_oracle,0.0289039095910575
0.2,TS_oracle,0.0470732577710387
0.2,TS_oracle,0.0873135062207511
0.2,TS_oracle,-0.00461178294236042
0.2,TS_oracle,0.0631767307617417
0.2,TS_oracle,0.0492877176611286
0.2,TS_oracle,0.0286474841094762
0.2,TS_oracle,0.025911419412274
0.2,TS_oracle,0.0430815551073018
0.2,TS_oracle,-4.93220007323769e-05
0.2,TS_oracle,0.048988242467058
0.2,TS_oracle,0.0670573011899176
0.2,TS_oracle,0.0546219984059773
0.2,TS_oracle,0.0532494624656836
0.2,TS_oracle,0.0688689622941412
0.2,TS_oracle,0.0553453559453332
0.2,TS_oracle,0.0687538922634856
0.2,TS_oracle,0.0101242209042813
0.2,TS_oracle,0.0334952298848588
0.2,TS_oracle,0.0708865851542551
0.2,TS_oracle,0.0525209967879177
0.2,TS_oracle,0.0891486556036822
0.2,TS_oracle,0.0503019636421642
0.2,TS_oracle,0.0269014524223332
0.2,TS_oracle,0.0401257133991173
0.2,TS_oracle,0.0559808873679912
0.2,TS_oracle,0.0580313881047276
0.2,TS_oracle,0.11184434489705
0.2,TS_oracle,-0.00562547883612796
0.2,TS_oracle,0.060289463731227
0.2,TS_oracle,0.081009780101766
0.2,TS_oracle,0.101519568363902
0.2,TS_oracle,0.0731971269249341
0.2,TS_oracle,0.0931992567681992
0.2,TS_oracle,0.0525689463516232
0.2,TS_oracle,0.0731498107917659
0.2,TS_oracle,0.090633848995153
0.2,TS_oracle,0.0844913519795403
0.2,TS_oracle,0.112171212337994
0.2,TS_oracle,0.0863958741314041
0.2,TS_oracle,0.000760858369761808
0.2,TS_oracle,0.00343524696664699
0.2,TS_oracle,0.105244906953974
0.2,TS_oracle,0.0941191648241728
0.2,TS_oracle,0.0363729111800288
0.2,TS_oracle,0.0400895339379372
0.2,TS_oracle,0.0665154982103506
0.2,TS_oracle,-0.040334230991535
0.2,TS_oracle,0.0879400199254399
0.2,TS_oracle,0.0638814059097224
0.2,TS_oracle,0.0693048945275463
0.2,TS_oracle,0.0614631062196151
0.2,TS_oracle,0.0817095362744005
0.2,TS_oracle,0.0689166251306819
0.2,TS_oracle,0.0773285534728545
0.2,TS_oracle,0.0537240395624028
0.2,TS_oracle,0.108131183696141
0.2,TS_oracle,0.0743858514673752
0.2,TS_oracle,0.0704711393688346
0.2,TS_oracle,-0.0253176171937468
0.2,TS_oracle,0.0660296733209709
0.2,TS_oracle,0.117157085904558
0.2,TS_oracle,0.0644147258690733
0.2,TS_oracle,0.0134177300214935
0.2,TS_oracle,0.076370911833934
0.2,TS_oracle,0.0249043481712503
0.2,TS_oracle,0.0574735130780419
0.2,TS_oracle,0.0388071086518631
0.2,TS_oracle,0.0556900539399416
0.2,TS_oracle,0.073193550690513
0.2,TS_oracle,0.0561044255714829
0.2,TS_oracle,0.0834324972795446
0.2,TS_oracle,0.0699117589079936
0.2,TS_oracle,0.0206688393364587
0.2,TS_oracle,0.0493544334904785
0.2,TS_oracle,-0.00276082685485524
0.2,TS_oracle,0.103838053862901
0.2,TS_oracle,0.0532000822797924
0.2,TS_oracle,0.0321647189692669
0.2,TS_oracle,0.0333448936155087
0.2,TS_oracle,0.0610180903404005
0.2,TS_oracle,0.0869580943410093
0.2,TS_oracle,0.0727971921721249
0.2,TS_oracle,0.0253788073103796
0.2,TS_oracle,0.0168665592653658
0.2,TS_oracle,0.0525599387362181
0.2,TS_oracle,0.0745385451984206
0.2,TS_oracle,0.0876572738100256
0.2,TS_oracle,0.0698993510295749
0.2,TS_oracle,0.0770200275550736
0.2,TS_oracle,0.0758209360950701
0.2,TS_oracle,0.0949673937901339
0.2,TS_oracle,0.0412057055809643
0.2,TS_oracle,0.0329260889320915
0.2,TS_oracle,0.0515388752504788
0.2,TS_oracle,0.0625297460012932
0.2,TS_oracle,0.0789133760693281
0.2,TS_oracle,0.0760832650367043
0.2,TS_oracle,0.0196328566581589
0.2,TS_oracle,0.0445612731087548
0.2,TS_oracle,0.085587518802396
0.2,TS_oracle,0.0788121023605495
0.2,TS_oracle,0.0962820428429887
0.2,TS_oracle,0.0261176277584145
0.2,TS_oracle,0.111584317847379
0.2,TS_oracle,0.105281924765792
0.2,TS_oracle,0.124325738017524
0.2,TS_oracle,0.0948655577866071
0.2,TS_oracle,0.0709546842043292
0.2,TS_oracle,0.0328662634893386
0.2,TS_oracle,0.0542294362116007
0.2,TS_oracle,0.059916880538029
0.2,TS_oracle,0.104969495509842
0.2,TS_oracle,0.0133718715936522
0.2,TS_oracle,0.0767932342359592
0.2,TS_oracle,0.0467253618611221
0.2,TS_oracle,0.0976596792210132
0.2,TS_oracle,0.0215721912576623
0.2,TS_oracle,0.10056151850199
0.2,TS_oracle,0.0788560553113078
0.2,TS_oracle,0.0384686998784718
0.2,TS_oracle,0.0573180664903543
0.2,TS_oracle,0.0821256341195451
0.2,TS_oracle,0.0389304972645925
0.2,TS_oracle,0.0949074808123964
0.2,TS_oracle,0.0346915538714374
0.2,TS_oracle,0.112144940195688
0.2,TS_oracle,0.0770087100170511
0.2,TS_oracle,0.0725694142960218
0.2,TS_oracle,0.10791249218312
0.2,TS_oracle,0.0794168490785689
0.2,TS_oracle,0.0399665525243631
0.2,TS_oracle,0.0636795446796252
0.2,TS_oracle,0.05603423539006
0.3,PLS,0.0490450841792003
0.3,PLS,0.0880929384654578
0.3,PLS,0.106763469276627
0.3,PLS,0.0518528866606651
0.3,PLS,0.050527312932739
0.3,PLS,0.0459065500482707
0.3,PLS,0.0333001259441252
0.3,PLS,0.0551630153421778
0.3,PLS,0.0178280816630074
0.3,PLS,0.0804831962097741
0.3,PLS,0.0432838898885786
0.3,PLS,0.064154958231134
0.3,PLS,0.09473124728321
0.3,PLS,0.116290607987838
0.3,PLS,0.0914423850656492
0.3,PLS,0.0672643926919956
0.3,PLS,0.100083292339092
0.3,PLS,0.0142937165013721
0.3,PLS,0.0426122427829314
0.3,PLS,0.0441373058720329
0.3,PLS,0.0281276433841766
0.3,PLS,0.104033058743711
0.3,PLS,0.00903369968752843
0.3,PLS,0.0887390675003894
0.3,PLS,0.0995002312666162
0.3,PLS,-0.00331269102904463
0.3,PLS,0.0290784070125898
0.3,PLS,0.0764918342886298
0.3,PLS,0.0916818199478744
0.3,PLS,0.0836090658458037
0.3,PLS,0.0773581113311477
0.3,PLS,0.0473725758952557
0.3,PLS,0.0916535755818895
0.3,PLS,0.0918820067916382
0.3,PLS,0.0766706050145352
0.3,PLS,0.0836714199169739
0.3,PLS,0.0623830684966418
0.3,PLS,0.0273468506346231
0.3,PLS,0.0942372093132027
0.3,PLS,0.0518306464084883
0.3,PLS,0.0431050871114682
0.3,PLS,0.0301334949791634
0.3,PLS,0.076840132686844
0.3,PLS,0.12222461898898
0.3,PLS,0.0986272274679054
0.3,PLS,0.115018788440705
0.3,PLS,0.0988105214805131
0.3,PLS,0.0273726825862006
0.3,PLS,0.0635197388523547
0.3,PLS,0.0134992556438982
0.3,PLS,0.14335896509583
0.3,PLS,0.144372755159377
0.3,PLS,0.0578274701399641
0.3,PLS,0.0549102431603994
0.3,PLS,0.0574580450780977
0.3,PLS,0.0622277867616079
0.3,PLS,0.0824231208647317
0.3,PLS,0.0803568315908256
0.3,PLS,0.0669960555451756
0.3,PLS,0.119890066030919
0.3,PLS,0.0776583810302423
0.3,PLS,0.0444177545750151
0.3,PLS,0.0946279418536096
0.3,PLS,0.0413775205137823
0.3,PLS,0.0386307302615703
0.3,PLS,0.0676092573198495
0.3,PLS,0.079344037618045
0.3,PLS,0.020020174991128
0.3,PLS,0.0429909232590213
0.3,PLS,0.0742293462466561
0.3,PLS,0.0359045340393793
0.3,PLS,0.0624929735616842
0.3,PLS,0.0120668810158742
0.3,PLS,-0.021608661039302
0.3,PLS,0.0625604996455118
0.3,PLS,0.0168399281665941
0.3,PLS,0.0920805787568082
0.3,PLS,0.153736272442269
0.3,PLS,0.0372762949797454
0.3,PLS,0.0739127556495589
0.3,PLS,0.0980015565197336
0.3,PLS,0.0788148767540842
0.3,PLS,-0.00835320909597947
0.3,PLS,0.0405910237341736
0.3,PLS,0.0343303820547345
0.3,PLS,0.0894594826684831
0.3,PLS,0.0853105269070018
0.3,PLS,0.0682338628424888
0.3,PLS,0.0222161769453959
0.3,PLS,0.0440951893619799
0.3,PLS,0.0729568032444503
0.3,PLS,0.131214903504634
0.3,PLS,0.057040100469923
0.3,PLS,0.115596728807217
0.3,PLS,0.0457690970322902
0.3,PLS,0.0916294905696364
0.3,PLS,0.0488108077681224
0.3,PLS,-0.0115057916452651
0.3,PLS,0.0421724422053125
0.3,PLS,0.0242108323387609
0.3,PLS,0.0560099913711993
0.3,PLS,0.0344730674740714
0.3,PLS,0.0510560021725897
0.3,PLS,-0.00223938170599158
0.3,PLS,0.120750597413499
0.3,PLS,0.0869415572641814
0.3,PLS,0.0566702111326962
0.3,PLS,0.0693607855583838
0.3,PLS,0.041836639417524
0.3,PLS,0.0214359297735609
0.3,PLS,4.41179544496961e-05
0.3,PLS,0.0894727066967063
0.3,PLS,0.0518182631282333
0.3,PLS,0.0178483792848392
0.3,PLS,0.129987353547871
0.3,PLS,-0.0135667284364446
0.3,PLS,0.043902429100946
0.3,PLS,0.109598355869152
0.3,PLS,0.0752206463827811
0.3,PLS,0.0414190364913278
0.3,PLS,0.039789854725705
0.3,PLS,0.0999541314696608
0.3,PLS,0.0717268065968601
0.3,PLS,0.00115063195670695
0.3,PLS,0.0260496011820155
0.3,PLS,0.046430905169218
0.3,PLS,0.0855898365233692
0.3,PLS,0.0258534882109258
0.3,PLS,0.112744966096507
0.3,PLS,0.0785584810969484
0.3,PLS,-0.00895718091070019
0.3,PLS,0.0962392846062299
0.3,PLS,0.0101049508423658
0.3,PLS,0.0965686065218903
0.3,PLS,0.0919219110723504
0.3,PLS,-0.0156691187033215
0.3,PLS,0.131885991333152
0.3,PLS,0.0852369087986951
0.3,PLS,0.114997485845496
0.3,PLS,0.0966292904864385
0.3,PLS,0.0329489655677722
0.3,PLS,0.0322400088069641
0.3,PLS,0.073456626645132
0.3,PLS,0.0459872329026569
0.3,PLS,0.104308243886569
0.3,PLS,-0.0170476454878816
0.3,PLS,0.0901278826088419
0.3,PLS,0.0235748638937701
0.3,PLS,0.0863808701171769
0.3,PLS,0.0476634649593535
0.3,PLS,0.073765838936432
0.3,PLS,0.0322325557658918
0.3,PLS,0.0672513103960506
0.3,PLS,0.0802756585960931
0.3,PLS,0.00924342871393713
0.3,PLS,0.0587521512909781
0.3,PLS,0.0363062062957515
0.3,PLS,0.0919609974323385
0.3,PLS,0.0038168029119352
0.3,PLS,0.0600207604993432
0.3,PLS,0.0262437156170212
0.3,PLS,0.0910605358311407
0.3,PLS,0.0453300828957002
0.3,PLS,0.0482014021262374
0.3,PLS,0.0333404848403178
0.3,PLS,0.0765847239558324
0.3,PLS,0.0443759381698603
0.3,PLS,0.0765516905941126
0.3,PLS,0.0606820213651187
0.3,PLS,0.0543237438625181
0.3,PLS,0.00718460121435593
0.3,PLS,0.0575953690811759
0.3,PLS,0.0531910780674678
0.3,PLS,0.0381789263400882
0.3,PLS,0.151412352541443
0.3,PLS,0.0559504777815796
0.3,PLS,0.0957708165981326
0.3,PLS,0.0528820831592485
0.3,PLS,0.0432909207138374
0.3,PLS,0.0803294787862414
0.3,PLS,0.0712076458523376
0.3,PLS,0.0725469187167798
0.3,PLS,-0.0073747192164666
0.3,PLS,-0.00951119845046122
0.3,PLS,0.0196368377474399
0.3,PLS,0.112609799012749
0.3,PLS,0.0895153416588599
0.3,PLS,0.0501702186544335
0.3,PLS,0.0883150528505887
0.3,PLS,0.137077564222233
0.3,PLS,0.038670293460588
0.3,PLS,0.0768596432975091
0.3,PLS,0.0570838457164717
0.3,PLS,0.120232823001087
0.3,PLS,0.0563141841096024
0.3,PLS,0.0140334588728595
0.3,PLS,0.0310292312505782
0.3,PLS,0.0970984430448694
0.3,PLS,0.0809148829686732
0.3,PLS,0.0535212189862082
0.3,fTS,0.0496417634417725
0.3,fTS,0.0853198235919188
0.3,fTS,0.107057285093665
0.3,fTS,0.0476253198276568
0.3,fTS,0.047164240139526
0.3,fTS,0.0446874744644259
0.3,fTS,0.0303014852286574
0.3,fTS,0.0514393117619987
0.3,fTS,0.016254585384152
0.3,fTS,0.0790484467550199
0.3,fTS,0.0409873026565315
0.3,fTS,0.0645402557608956
0.3,fTS,0.0928263009290278
0.3,fTS,0.115121389784235
0.3,fTS,0.0951758928859225
0.3,fTS,0.0655928412800786
0.3,fTS,0.100327527862341
0.3,fTS,0.0140477544606863
0.3,fTS,0.0417684970281973
0.3,fTS,0.04277056013877
0.3,fTS,0.0260256153793423
0.3,fTS,0.10440997576231
0.3,fTS,0.00932267074093818
0.3,fTS,0.0874890668622506
0.3,fTS,0.099262973884243
0.3,fTS,-0.00359159787954433
0.3,fTS,0.0256308206476858
0.3,fTS,0.07559146065982
0.3,fTS,0.0954348281878614
0.3,fTS,0.0843989065835593
0.3,fTS,0.0787590985219877
0.3,fTS,0.0463255432689431
0.3,fTS,0.0876777069124446
0.3,fTS,0.0899756072681483
0.3,fTS,0.0757852384007698
0.3,fTS,0.0830749953738452
0.3,fTS,0.0600858798984985
0.3,fTS,0.0292580565346219
0.3,fTS,0.0906358051201372
0.3,fTS,0.0503935216559519
0.3,fTS,0.0442878577991894
0.3,fTS,0.0297482507046494
0.3,fTS,0.0733526422123736
0.3,fTS,0.120046729243044
0.3,fTS,0.0987010335323524
0.3,fTS,0.114191299452484
0.3,fTS,0.0989713929927327
0.3,fTS,0.0282122856253262
0.3,fTS,0.0604792298046803
0.3,fTS,0.0122755415224969
0.3,fTS,0.14171838360158
0.3,fTS,0.143355569465952
0.3,fTS,0.0566105485860477
0.3,fTS,0.0503845590470826
0.3,fTS,0.0564706604544813
0.3,fTS,0.0628567716205171
0.3,fTS,0.0811699894859523
0.3,fTS,0.0785431747521232
0.3,fTS,0.0649152610548918
0.3,fTS,0.119359395824352
0.3,fTS,0.0770722003832636
0.3,fTS,0.0441815625983224
0.3,fTS,0.0937927686084901
0.3,fTS,0.0422527267674615
0.3,fTS,0.0393039836628644
0.3,fTS,0.0689673187627529
0.3,fTS,0.0751592220943069
0.3,fTS,0.0190629720720203
0.3,fTS,0.0432803852053378
0.3,fTS,0.0726177629903304
0.3,fTS,0.0334568543554372
0.3,fTS,0.0621554009681191
0.3,fTS,0.0101533370383742
0.3,fTS,-0.0237588429426574
0.3,fTS,0.0613181208840214
0.3,fTS,0.0161903242436212
0.3,fTS,0.0909985717634438
0.3,fTS,0.15088196651552
0.3,fTS,0.0363978111925682
0.3,fTS,0.0730378307188966
0.3,fTS,0.0950188644774883
0.3,fTS,0.0782161254366471
0.3,fTS,-0.0101672469354149
0.3,fTS,0.0458201608930842
0.3,fTS,0.037548853180873
0.3,fTS,0.0870488490571917
0.3,fTS,0.0828393131482068
0.3,fTS,0.0691104931941207
0.3,fTS,0.0222291124472391
0.3,fTS,0.0460319678019276
0.3,fTS,0.0710800305400088
0.3,fTS,0.130699521501992
0.3,fTS,0.0596469607661259
0.3,fTS,0.112353666248788
0.3,fTS,0.0481418381282095
0.3,fTS,0.089748077358152
0.3,fTS,0.0475153398022192
0.3,fTS,-0.0123445616840046
0.3,fTS,0.0412094796805775
0.3,fTS,0.0222551402031326
0.3,fTS,0.0560638765393389
0.3,fTS,0.0315571933392946
0.3,fTS,0.050613497536814
0.3,fTS,-0.00280554426371016
0.3,fTS,0.117967549400309
0.3,fTS,0.0881452945689374
0.3,fTS,0.0557354505740455
0.3,fTS,0.0711866198573856
0.3,fTS,0.0404279742812239
0.3,fTS,0.0202400079230509
0.3,fTS,0.000470525854779913
0.3,fTS,0.0845570595084375
0.3,fTS,0.0493985695514318
0.3,fTS,0.0181439909431114
0.3,fTS,0.126938111571278
0.3,fTS,-0.0090687427946915
0.3,fTS,0.0408417003341115
0.3,fTS,0.109292478409679
0.3,fTS,0.0753800145932411
0.3,fTS,0.0420569913271454
0.3,fTS,0.0397833547546134
0.3,fTS,0.0952693208372937
0.3,fTS,0.0708821036381171
0.3,fTS,0.0023078141480859
0.3,fTS,0.0267909451762931
0.3,fTS,0.0444230310779299
0.3,fTS,0.0847948438390602
0.3,fTS,0.0232331939232682
0.3,fTS,0.111432006096144
0.3,fTS,0.0775510019101393
0.3,fTS,-0.00865337775000652
0.3,fTS,0.0957694193081513
0.3,fTS,0.00962457389600813
0.3,fTS,0.097168484115298
0.3,fTS,0.0902087067934765
0.3,fTS,-0.0154756775638318
0.3,fTS,0.130530276649926
0.3,fTS,0.0850603401048116
0.3,fTS,0.115387148162223
0.3,fTS,0.0994011277268279
0.3,fTS,0.0329214323469118
0.3,fTS,0.0293622237203981
0.3,fTS,0.0730459245485087
0.3,fTS,0.0453185356803545
0.3,fTS,0.101739658468681
0.3,fTS,-0.0185537736253427
0.3,fTS,0.0880664235902611
0.3,fTS,0.024209556899655
0.3,fTS,0.0845640684902393
0.3,fTS,0.0459388747785485
0.3,fTS,0.0745470757616082
0.3,fTS,0.0328275367616067
0.3,fTS,0.067522903809812
0.3,fTS,0.0784970271930421
0.3,fTS,0.00913892929685045
0.3,fTS,0.0572711368343863
0.3,fTS,0.0388116136704288
0.3,fTS,0.0897860383758566
0.3,fTS,0.00449923862736501
0.3,fTS,0.0592644567622322
0.3,fTS,0.0278444447756498
0.3,fTS,0.0890286224544843
0.3,fTS,0.0448947961954174
0.3,fTS,0.0484084132850979
0.3,fTS,0.0318866005199052
0.3,fTS,0.0780064123546902
0.3,fTS,0.0461256574226114
0.3,fTS,0.0778729775333402
0.3,fTS,0.0591176290927806
0.3,fTS,0.0536332980666447
0.3,fTS,0.0057724281946987
0.3,fTS,0.0561377371052507
0.3,fTS,0.0508127356761994
0.3,fTS,0.0399559350649961
0.3,fTS,0.151591910797017
0.3,fTS,0.0535093681853684
0.3,fTS,0.0950472215546609
0.3,fTS,0.054594045429665
0.3,fTS,0.0421841136093213
0.3,fTS,0.0798133211677057
0.3,fTS,0.0700093229069614
0.3,fTS,0.0745483399057438
0.3,fTS,-0.00784436614572537
0.3,fTS,-0.0101948096220246
0.3,fTS,0.0168121011287909
0.3,fTS,0.111040262626698
0.3,fTS,0.0872300535824213
0.3,fTS,0.0478610583109951
0.3,fTS,0.0851931063978475
0.3,fTS,0.136460240676314
0.3,fTS,0.0372641512469924
0.3,fTS,0.076715182871619
0.3,fTS,0.0525725698170554
0.3,fTS,0.120300706365752
0.3,fTS,0.0548326756570505
0.3,fTS,0.0155750939730788
0.3,fTS,0.0304806694872726
0.3,fTS,0.0924058817735918
0.3,fTS,0.0797815628772267
0.3,fTS,0.0508227411433579
0.3,LS_oracle,0.0493085146185142
0.3,LS_oracle,0.0870164114343221
0.3,LS_oracle,0.107570628797114
0.3,LS_oracle,0.0520206788178483
0.3,LS_oracle,0.0509352030401948
0.3,LS_oracle,0.0441568597910134
0.3,LS_oracle,0.0325873067667111
0.3,LS_oracle,0.0547109559382657
0.3,LS_oracle,0.0175551590029057
0.3,LS_oracle,0.0810156452784636
0.3,LS_oracle,0.0392744620930054
0.3,LS_oracle,0.0641038869287278
0.3,LS_oracle,0.0943653985787081
0.3,LS_oracle,0.116302363427105
0.3,LS_oracle,0.0918191307153815
0.3,LS_oracle,0.0680799804786127
0.3,LS_oracle,0.100097131796072
0.3,LS_oracle,0.0142382155538507
0.3,LS_oracle,0.0418072280921837
0.3,LS_oracle,0.0439612468037858
0.3,LS_oracle,0.0277581250168748
0.3,LS_oracle,0.104485130302804
0.3,LS_oracle,0.00904090612722741
0.3,LS_oracle,0.0877720822927153
0.3,LS_oracle,0.0993376602969231
0.3,LS_oracle,-0.00212986262382042
0.3,LS_oracle,0.0290889445403206
0.3,LS_oracle,0.0765213287056088
0.3,LS_oracle,0.0919653972601608
0.3,LS_oracle,0.0836257377559422
0.3,LS_oracle,0.0786467697373734
0.3,LS_oracle,0.0470833887024587
0.3,LS_oracle,0.091871223113978
0.3,LS_oracle,0.0919059202528021
0.3,LS_oracle,0.0766452931576329
0.3,LS_oracle,0.0834166088239376
0.3,LS_oracle,0.0617789881659774
0.3,LS_oracle,0.0277307535663278
0.3,LS_oracle,0.0942590997565969
0.3,LS_oracle,0.0511000062558065
0.3,LS_oracle,0.042972662047617
0.3,LS_oracle,0.0304701862963703
0.3,LS_oracle,0.0770130525910542
0.3,LS_oracle,0.122383862050238
0.3,LS_oracle,0.0986159032748983
0.3,LS_oracle,0.115264668459895
0.3,LS_oracle,0.0987911385910871
0.3,LS_oracle,0.0270869713279296
0.3,LS_oracle,0.063511703996223
0.3,LS_oracle,0.0132393302872733
0.3,LS_oracle,0.142953273716355
0.3,LS_oracle,0.144481929682502
0.3,LS_oracle,0.05796459032322
0.3,LS_oracle,0.0548611121582474
0.3,LS_oracle,0.0574784248766707
0.3,LS_oracle,0.0619377146886013
0.3,LS_oracle,0.082102516072619
0.3,LS_oracle,0.0801779797340314
0.3,LS_oracle,0.0676797539915797
0.3,LS_oracle,0.119548267188262
0.3,LS_oracle,0.077010739705601
0.3,LS_oracle,0.0446791079700237
0.3,LS_oracle,0.0949985595668721
0.3,LS_oracle,0.0415917448795216
0.3,LS_oracle,0.0365471689881882
0.3,LS_oracle,0.0677793837319147
0.3,LS_oracle,0.0789742973746996
0.3,LS_oracle,0.0200336455954431
0.3,LS_oracle,0.0429565256804672
0.3,LS_oracle,0.074197683370675
0.3,LS_oracle,0.0361562631091918
0.3,LS_oracle,0.0624442413746393
0.3,LS_oracle,0.0119301890038634
0.3,LS_oracle,-0.0221741900360899
0.3,LS_oracle,0.0626603844958797
0.3,LS_oracle,0.0159737908009414
0.3,LS_oracle,0.0908472130385454
0.3,LS_oracle,0.153242802010078
0.3,LS_oracle,0.0355144066766933
0.3,LS_oracle,0.0742276991590733
0.3,LS_oracle,0.0975205224505171
0.3,LS_oracle,0.0778025602838255
0.3,LS_oracle,-0.00890958420034305
0.3,LS_oracle,0.0406338022197112
0.3,LS_oracle,0.0338881824611417
0.3,LS_oracle,0.0897505977437021
0.3,LS_oracle,0.0855246797721807
0.3,LS_oracle,0.0686786468571419
0.3,LS_oracle,0.0229886923718126
0.3,LS_oracle,0.044028244310087
0.3,LS_oracle,0.0736356930597886
0.3,LS_oracle,0.131758639194642
0.3,LS_oracle,0.0569964444580651
0.3,LS_oracle,0.115444475441002
0.3,LS_oracle,0.0446151454967809
0.3,LS_oracle,0.0916859322680197
0.3,LS_oracle,0.0487902684338795
0.3,LS_oracle,-0.010657880277112
0.3,LS_oracle,0.0421529975614063
0.3,LS_oracle,0.0243430452895612
0.3,LS_oracle,0.0568753892243725
0.3,LS_oracle,0.0345267111670118
0.3,LS_oracle,0.0510567198038094
0.3,LS_oracle,-0.00217254874696793
0.3,LS_oracle,0.120839358297028
0.3,LS_oracle,0.0869387748626445
0.3,LS_oracle,0.0570294877668347
0.3,LS_oracle,0.0677451497985873
0.3,LS_oracle,0.0416348380985654
0.3,LS_oracle,0.0214095379165515
0.3,LS_oracle,-0.000263172157845881
0.3,LS_oracle,0.0846594364727229
0.3,LS_oracle,0.0518319403549548
0.3,LS_oracle,0.0178408328992636
0.3,LS_oracle,0.129897042043808
0.3,LS_oracle,-0.012509147149311
0.3,LS_oracle,0.0439531808592866
0.3,LS_oracle,0.109912488610098
0.3,LS_oracle,0.075159813932455
0.3,LS_oracle,0.0413351518997962
0.3,LS_oracle,0.0406018093060825
0.3,LS_oracle,0.0999570478175003
0.3,LS_oracle,0.0708678331817056
0.3,LS_oracle,0.00069697460704643
0.3,LS_oracle,0.0260858139378215
0.3,LS_oracle,0.0467615825503553
0.3,LS_oracle,0.0855919318186702
0.3,LS_oracle,0.0257485134115085
0.3,LS_oracle,0.111491897354136
0.3,LS_oracle,0.0760888820966856
0.3,LS_oracle,-0.0086366664477241
0.3,LS_oracle,0.0962348298199518
0.3,LS_oracle,0.0100282147436965
0.3,LS_oracle,0.0959987054172957
0.3,LS_oracle,0.0906913009459653
0.3,LS_oracle,-0.0156095173217213
0.3,LS_oracle,0.131872859854229
0.3,LS_oracle,0.0852394926235063
0.3,LS_oracle,0.11455028436097
0.3,LS_oracle,0.0964690344465085
0.3,LS_oracle,0.0329915912287471
0.3,LS_oracle,0.0323466580752438
0.3,LS_oracle,0.0737016706782267
0.3,LS_oracle,0.0459241030491457
0.3,LS_oracle,0.104170678300571
0.3,LS_oracle,-0.0167631127907872
0.3,LS_oracle,0.0901368832257046
0.3,LS_oracle,0.0235819678642204
0.3,LS_oracle,0.0864917110120391
0.3,LS_oracle,0.0477974712253368
0.3,LS_oracle,0.0738292727199692
0.3,LS_oracle,0.0318210944933512
0.3,LS_oracle,0.0672708805942024
0.3,LS_oracle,0.0776139839279737
0.3,LS_oracle,0.00949494281178231
0.3,LS_oracle,0.0586780801724698
0.3,LS_oracle,0.0363956609350491
0.3,LS_oracle,0.0943567006685004
0.3,LS_oracle,0.00298052679102612
0.3,LS_oracle,0.0600064029767404
0.3,LS_oracle,0.0264122806341789
0.3,LS_oracle,0.0872217902083616
0.3,LS_oracle,0.0452819540220017
0.3,LS_oracle,0.0479743400962394
0.3,LS_oracle,0.032912880657729
0.3,LS_oracle,0.0762663870299169
0.3,LS_oracle,0.0450468822546939
0.3,LS_oracle,0.0774313719243307
0.3,LS_oracle,0.0606054782858572
0.3,LS_oracle,0.0543316083222587
0.3,LS_oracle,0.0073240932632288
0.3,LS_oracle,0.0561945636773036
0.3,LS_oracle,0.0533561536413079
0.3,LS_oracle,0.0390184552581259
0.3,LS_oracle,0.15173613597002
0.3,LS_oracle,0.0562908920482001
0.3,LS_oracle,0.0955924715156904
0.3,LS_oracle,0.0530009976781716
0.3,LS_oracle,0.0426539763089335
0.3,LS_oracle,0.0803201863436527
0.3,LS_oracle,0.0715668539339511
0.3,LS_oracle,0.0715844006470281
0.3,LS_oracle,-0.00784745856848468
0.3,LS_oracle,-0.00956900138990546
0.3,LS_oracle,0.017529306559914
0.3,LS_oracle,0.112276278007216
0.3,LS_oracle,0.0895238031303542
0.3,LS_oracle,0.0500801453029698
0.3,LS_oracle,0.0883124707061063
0.3,LS_oracle,0.136862106611686
0.3,LS_oracle,0.0393299552876267
0.3,LS_oracle,0.0752298562263654
0.3,LS_oracle,0.0576340269132722
0.3,LS_oracle,0.116467265630924
0.3,LS_oracle,0.0565222579841191
0.3,LS_oracle,0.0147006832357048
0.3,LS_oracle,0.0310990675316363
0.3,LS_oracle,0.0971045561177082
0.3,LS_oracle,0.0808244201357813
0.3,LS_oracle,0.0523920295365488
0.3,TS_oracle,0.0500386331549105
0.3,TS_oracle,0.0843078204087138
0.3,TS_oracle,0.107510217924983
0.3,TS_oracle,0.0475923768210933
0.3,TS_oracle,0.0475339695360479
0.3,TS_oracle,0.0436743213466821
0.3,TS_oracle,0.0301692357175929
0.3,TS_oracle,0.0513360973577739
0.3,TS_oracle,0.0162110200398655
0.3,TS_oracle,0.0790558520614446
0.3,TS_oracle,0.0382208584563553
0.3,TS_oracle,0.0637477501570944
0.3,TS_oracle,0.0919416889377733
0.3,TS_oracle,0.115052992930583
0.3,TS_oracle,0.0948648647964998
0.3,TS_oracle,0.0665291603079188
0.3,TS_oracle,0.100372698040143
0.3,TS_oracle,0.0140113410242502
0.3,TS_oracle,0.041214231620035
0.3,TS_oracle,0.0426472300691711
0.3,TS_oracle,0.0257200869202101
0.3,TS_oracle,0.104200054376281
0.3,TS_oracle,0.00908961588544477
0.3,TS_oracle,0.0880385092344085
0.3,TS_oracle,0.0992659463334697
0.3,TS_oracle,-0.00300562841989105
0.3,TS_oracle,0.0256395198137613
0.3,TS_oracle,0.0755053088608699
0.3,TS_oracle,0.0955953248512087
0.3,TS_oracle,0.0842394020618318
0.3,TS_oracle,0.0793177105055354
0.3,TS_oracle,0.0461878441833921
0.3,TS_oracle,0.087684602899663
0.3,TS_oracle,0.0899982081354347
0.3,TS_oracle,0.0760700372353884
0.3,TS_oracle,0.082859894591693
0.3,TS_oracle,0.0595724925719081
0.3,TS_oracle,0.0294143590700517
0.3,TS_oracle,0.0906350044968471
0.3,TS_oracle,0.0497327945848647
0.3,TS_oracle,0.0442293255387041
0.3,TS_oracle,0.0296449577311915
0.3,TS_oracle,0.0735091011682101
0.3,TS_oracle,0.120317955389798
0.3,TS_oracle,0.0986788405736501
0.3,TS_oracle,0.11438227850397
0.3,TS_oracle,0.097791212685709
0.3,TS_oracle,0.0279664864584872
0.3,TS_oracle,0.0604714748205313
0.3,TS_oracle,0.0125416118975867
0.3,TS_oracle,0.141078985921326
0.3,TS_oracle,0.143342130605519
0.3,TS_oracle,0.0566955369290829
0.3,TS_oracle,0.050431191963771
0.3,TS_oracle,0.0564821225849195
0.3,TS_oracle,0.0627310989572643
0.3,TS_oracle,0.080635543331413
0.3,TS_oracle,0.0783523843864411
0.3,TS_oracle,0.0651516062144484
0.3,TS_oracle,0.118797481030583
0.3,TS_oracle,0.0771291459167232
0.3,TS_oracle,0.0444220284222967
0.3,TS_oracle,0.0936761539764686
0.3,TS_oracle,0.0422174168584488
0.3,TS_oracle,0.0388083637416692
0.3,TS_oracle,0.0694461889670102
0.3,TS_oracle,0.0752754062222716
0.3,TS_oracle,0.0190887852156296
0.3,TS_oracle,0.0432835805240914
0.3,TS_oracle,0.0726446672358052
0.3,TS_oracle,0.0335254689225883
0.3,TS_oracle,0.0621166723265061
0.3,TS_oracle,0.0101334872273693
0.3,TS_oracle,-0.0237772335578561
0.3,TS_oracle,0.0617040640482405
0.3,TS_oracle,0.0162773126164069
0.3,TS_oracle,0.090383029214171
0.3,TS_oracle,0.150325488138516
0.3,TS_oracle,0.0361982341199438
0.3,TS_oracle,0.0731778058157571
0.3,TS_oracle,0.0949972637370897
0.3,TS_oracle,0.0777643339537222
0.3,TS_oracle,-0.0104702116600971
0.3,TS_oracle,0.0458286319465797
0.3,TS_oracle,0.0370759773229614
0.3,TS_oracle,0.0872148701520439
0.3,TS_oracle,0.0830409314250773
0.3,TS_oracle,0.0689402272004485
0.3,TS_oracle,0.0230573994353243
0.3,TS_oracle,0.0460106584562534
0.3,TS_oracle,0.0709846924619337
0.3,TS_oracle,0.130576983099841
0.3,TS_oracle,0.0596132132469773
0.3,TS_oracle,0.112244116111035
0.3,TS_oracle,0.0466359969684735
0.3,TS_oracle,0.0897767232102888
0.3,TS_oracle,0.0474970119910609
0.3,TS_oracle,-0.011099175345343
0.3,TS_oracle,0.0412202070090242
0.3,TS_oracle,0.0223450414463182
0.3,TS_oracle,0.0563822684582083
0.3,TS_oracle,0.03168482621385
0.3,TS_oracle,0.0508985175931318
0.3,TS_oracle,-0.00269998582534214
0.3,TS_oracle,0.118002697124498
0.3,TS_oracle,0.0881451758034941
0.3,TS_oracle,0.0570013844710018
0.3,TS_oracle,0.0691516340064227
0.3,TS_oracle,0.0396405345050852
0.3,TS_oracle,0.0199876617393246
0.3,TS_oracle,0.000384917105752391
0.3,TS_oracle,0.0820854609128585
0.3,TS_oracle,0.0494022046106566
0.3,TS_oracle,0.0181834133508101
0.3,TS_oracle,0.127772884932624
0.3,TS_oracle,-0.00861813944564294
0.3,TS_oracle,0.0409180583709277
0.3,TS_oracle,0.109030329918912
0.3,TS_oracle,0.0753355008553349
0.3,TS_oracle,0.0420196221632998
0.3,TS_oracle,0.0400732214042856
0.3,TS_oracle,0.095685087258029
0.3,TS_oracle,0.0699692461285353
0.3,TS_oracle,0.00199832017706258
0.3,TS_oracle,0.0267871280524088
0.3,TS_oracle,0.0446840965704067
0.3,TS_oracle,0.084796870622281
0.3,TS_oracle,0.0233154348002977
0.3,TS_oracle,0.109988872201267
0.3,TS_oracle,0.0760061541249031
0.3,TS_oracle,-0.00877137116509519
0.3,TS_oracle,0.0959218995512137
0.3,TS_oracle,0.00955628976393652
0.3,TS_oracle,0.0965474382351406
0.3,TS_oracle,0.0892682133856106
0.3,TS_oracle,-0.0157124608195065
0.3,TS_oracle,0.130391281776663
0.3,TS_oracle,0.0850032072914342
0.3,TS_oracle,0.114121971626353
0.3,TS_oracle,0.0992591563449352
0.3,TS_oracle,0.0329386888157857
0.3,TS_oracle,0.0290389407983713
0.3,TS_oracle,0.0730295364995093
0.3,TS_oracle,0.0452804752793177
0.3,TS_oracle,0.101777395102757
0.3,TS_oracle,-0.0182334345172289
0.3,TS_oracle,0.0880599622069549
0.3,TS_oracle,0.0242231995454736
0.3,TS_oracle,0.0846432329098794
0.3,TS_oracle,0.0463962715526371
0.3,TS_oracle,0.0741933667578363
0.3,TS_oracle,0.0320608495086045
0.3,TS_oracle,0.0675363577412691
0.3,TS_oracle,0.076276709869874
0.3,TS_oracle,0.00930711947304008
0.3,TS_oracle,0.0571901241345412
0.3,TS_oracle,0.0388748061824045
0.3,TS_oracle,0.0908712210864069
0.3,TS_oracle,0.00460974953872162
0.3,TS_oracle,0.0592741005038997
0.3,TS_oracle,0.0280548635123854
0.3,TS_oracle,0.0857808494359995
0.3,TS_oracle,0.0445746381815983
0.3,TS_oracle,0.0485583532631269
0.3,TS_oracle,0.0315281167438428
0.3,TS_oracle,0.0777208999507368
0.3,TS_oracle,0.0460813559833528
0.3,TS_oracle,0.077937031110711
0.3,TS_oracle,0.0590494557103123
0.3,TS_oracle,0.0536362435373834
0.3,TS_oracle,0.00553956844135972
0.3,TS_oracle,0.0561403075085853
0.3,TS_oracle,0.0509404083850844
0.3,TS_oracle,0.0405265305875595
0.3,TS_oracle,0.151824258215577
0.3,TS_oracle,0.0537631213563352
0.3,TS_oracle,0.0949124126778895
0.3,TS_oracle,0.0546777295871577
0.3,TS_oracle,0.0417717188897471
0.3,TS_oracle,0.0797706314309401
0.3,TS_oracle,0.0700488664467118
0.3,TS_oracle,0.07379818445583
0.3,TS_oracle,-0.00817670578992313
0.3,TS_oracle,-0.010259307682343
0.3,TS_oracle,0.015448382192643
0.3,TS_oracle,0.11031935757698
0.3,TS_oracle,0.0872348875650122
0.3,TS_oracle,0.0478579475236651
0.3,TS_oracle,0.0850125654485105
0.3,TS_oracle,0.135852719559902
0.3,TS_oracle,0.0379036274272782
0.3,TS_oracle,0.0765922552465814
0.3,TS_oracle,0.0532408742582184
0.3,TS_oracle,0.117473704830785
0.3,TS_oracle,0.0548532504723724
0.3,TS_oracle,0.0157196530776387
0.3,TS_oracle,0.0304842156630754
0.3,TS_oracle,0.092402023660803
0.3,TS_oracle,0.0797256371044612
0.3,TS_oracle,0.0509102307249099
0.4,PLS,0.0843062434948936
0.4,PLS,0.0268471956756009
0.4,PLS,0.0503663646314851
0.4,PLS,0.0956438600367837
0.4,PLS,0.0652942661425036
0.4,PLS,0.0317347150088354
0.4,PLS,0.0869930850113951
0.4,PLS,0.0428565903702776
0.4,PLS,0.0569297125095976
0.4,PLS,0.0970620505526587
0.4,PLS,0.0732566506097001
0.4,PLS,0.110151957668794
0.4,PLS,0.0673115640054094
0.4,PLS,0.0697482970138168
0.4,PLS,0.0320127929501852
0.4,PLS,0.0319192925641876
0.4,PLS,0.0331167241858192
0.4,PLS,0.0369427115126169
0.4,PLS,0.149475597975952
0.4,PLS,0.177655224679214
0.4,PLS,0.125712625788697
0.4,PLS,0.00306550170141562
0.4,PLS,-0.0283151798354173
0.4,PLS,0.087035711911569
0.4,PLS,0.0286968243919543
0.4,PLS,0.0547301622664493
0.4,PLS,0.0193872306079641
0.4,PLS,0.0917951613646437
0.4,PLS,0.059848554016448
0.4,PLS,0.0621033051614093
0.4,PLS,0.0485211555411738
0.4,PLS,0.0335340117568583
0.4,PLS,0.0846224800325737
0.4,PLS,0.0114377897019862
0.4,PLS,0.0904409640643535
0.4,PLS,0.0387245195754184
0.4,PLS,0.106890412092552
0.4,PLS,0.0542636554721132
0.4,PLS,0.111080399704006
0.4,PLS,0.101152741185627
0.4,PLS,0.027389369942262
0.4,PLS,0.122513112042311
0.4,PLS,0.102500407930614
0.4,PLS,0.0915866957789484
0.4,PLS,-0.0168859014581977
0.4,PLS,0.025989337980733
0.4,PLS,0.0456114611366287
0.4,PLS,0.161083083837131
0.4,PLS,-0.00524323264975934
0.4,PLS,0.0570458809139711
0.4,PLS,0.128740120969538
0.4,PLS,0.0180694603385285
0.4,PLS,0.0662337614390878
0.4,PLS,0.0432262853158449
0.4,PLS,0.0913673049536778
0.4,PLS,0.101368158472843
0.4,PLS,0.0476626059453416
0.4,PLS,0.0742342674241581
0.4,PLS,0.131764693556734
0.4,PLS,0.0561114267033418
0.4,PLS,0.0852916099394561
0.4,PLS,0.0663656482941519
0.4,PLS,0.109403149577586
0.4,PLS,0.0508239309260146
0.4,PLS,0.0858896075269526
0.4,PLS,0.0511951484061275
0.4,PLS,0.11367413151911
0.4,PLS,0.0507118861968043
0.4,PLS,0.04357327189909
0.4,PLS,0.0343261440373197
0.4,PLS,0.0843898518284425
0.4,PLS,0.109676848059572
0.4,PLS,0.0449394196934858
0.4,PLS,0.0614877096498603
0.4,PLS,0.0959507758412732
0.4,PLS,0.0674700957146215
0.4,PLS,0.027288419417052
0.4,PLS,0.030543469656108
0.4,PLS,0.0499791402610068
0.4,PLS,0.0489071771391145
0.4,PLS,0.0869882714308048
0.4,PLS,0.0441948565569383
0.4,PLS,0.076967749308114
0.4,PLS,0.0417708183289398
0.4,PLS,0.0685851225901231
0.4,PLS,0.0330355674603053
0.4,PLS,0.0702832260591904
0.4,PLS,0.035118518188654
0.4,PLS,0.0702998119264033
0.4,PLS,0.0482988494816514
0.4,PLS,0.0844723303644608
0.4,PLS,0.0756958281461946
0.4,PLS,0.062070820804766
0.4,PLS,0.0575512237766727
0.4,PLS,0.083869043364192
0.4,PLS,0.142427548196781
0.4,PLS,0.00476224645635948
0.4,PLS,0.0505013130210845
0.4,PLS,0.0591107774991821
0.4,PLS,0.0433913706789553
0.4,PLS,0.117836163148645
0.4,PLS,0.0259172632188494
0.4,PLS,0.025806718942744
0.4,PLS,0.0658995395108883
0.4,PLS,0.0379866388258849
0.4,PLS,0.067104955905934
0.4,PLS,0.0731023881751205
0.4,PLS,0.117675105929787
0.4,PLS,0.0603077200597952
0.4,PLS,0.103791622443518
0.4,PLS,0.0768739016282451
0.4,PLS,0.0708449300081373
0.4,PLS,0.0206726839328415
0.4,PLS,0.0970377149307269
0.4,PLS,0.0751933815575847
0.4,PLS,0.0912727064103982
0.4,PLS,0.0655535709631685
0.4,PLS,0.0978314636143962
0.4,PLS,0.0178246610906243
0.4,PLS,0.0423520889903661
0.4,PLS,0.0884842734194118
0.4,PLS,0.0711568073122877
0.4,PLS,0.0456497298900214
0.4,PLS,0.0641261517558802
0.4,PLS,0.0763744397291111
0.4,PLS,0.0492791461291697
0.4,PLS,0.0753456422216703
0.4,PLS,0.0628016554192572
0.4,PLS,0.0538649222597036
0.4,PLS,0.105107076916556
0.4,PLS,0.0359912025964892
0.4,PLS,0.0500640839108573
0.4,PLS,0.0479286931664058
0.4,PLS,0.0637474605267085
0.4,PLS,0.0100714888009132
0.4,PLS,0.117818752542759
0.4,PLS,0.0307990561105629
0.4,PLS,0.0312755781538201
0.4,PLS,0.0617940127509591
0.4,PLS,0.0448354979358407
0.4,PLS,0.0531728404466689
0.4,PLS,0.0440117262988373
0.4,PLS,-0.0235435587838911
0.4,PLS,0.0556335534672865
0.4,PLS,0.0221596109047939
0.4,PLS,0.0365481377756884
0.4,PLS,0.0834660216246099
0.4,PLS,0.0534918400563755
0.4,PLS,0.00714964328796808
0.4,PLS,0.044420923386046
0.4,PLS,0.0669455124664116
0.4,PLS,0.0460514711734197
0.4,PLS,0.0432948804712971
0.4,PLS,-0.038703069794471
0.4,PLS,0.0726072721811264
0.4,PLS,0.0447253104718819
0.4,PLS,0.0399119662295133
0.4,PLS,0.0328160269513453
0.4,PLS,0.0419326832324571
0.4,PLS,0.0781670297985171
0.4,PLS,0.101524258123382
0.4,PLS,0.0261053934556186
0.4,PLS,0.141380514759181
0.4,PLS,0.0915205572461095
0.4,PLS,0.0500434922353474
0.4,PLS,0.0743957487249074
0.4,PLS,0.0803531069450805
0.4,PLS,0.0629959334265402
0.4,PLS,0.133076563093101
0.4,PLS,0.0412922546489067
0.4,PLS,0.045041361720223
0.4,PLS,0.0747096242574374
0.4,PLS,0.088762848446186
0.4,PLS,0.058331368560685
0.4,PLS,0.00902733573047221
0.4,PLS,0.111498567640661
0.4,PLS,0.0748592742562217
0.4,PLS,0.0715663066465329
0.4,PLS,0.0784820803690931
0.4,PLS,0.0971598204924708
0.4,PLS,0.129292194852254
0.4,PLS,0.0807449459818605
0.4,PLS,0.0561861780966697
0.4,PLS,0.0961353251220156
0.4,PLS,0.116808312175473
0.4,PLS,0.0444874060563833
0.4,PLS,0.0925992068793013
0.4,PLS,0.069721937118403
0.4,PLS,0.0322661966748219
0.4,PLS,0.0487427070197135
0.4,PLS,0.110285886229381
0.4,PLS,0.0231850068459019
0.4,PLS,0.0579244921651842
0.4,PLS,0.0341120888846487
0.4,PLS,0.1785797833921
0.4,PLS,0.036520847665457
0.4,PLS,-0.0291767183958159
0.4,PLS,-0.0033422059298458
0.4,PLS,0.0120261260160182
0.4,PLS,0.0550211091180028
0.4,fTS,0.085805604725264
0.4,fTS,0.0324640667995786
0.4,fTS,0.0456021254618619
0.4,fTS,0.0972361388074965
0.4,fTS,0.0655793579429964
0.4,fTS,0.030438679824234
0.4,fTS,0.0859224526463602
0.4,fTS,0.0441113850503327
0.4,fTS,0.0550633654647357
0.4,fTS,0.0958484798947969
0.4,fTS,0.0703088197365813
0.4,fTS,0.108963966444205
0.4,fTS,0.0680174097892527
0.4,fTS,0.0695973247749464
0.4,fTS,0.0284470301807092
0.4,fTS,0.0292220799442917
0.4,fTS,0.031676046015497
0.4,fTS,0.035020853858819
0.4,fTS,0.149161001614909
0.4,fTS,0.174586069951207
0.4,fTS,0.123798760367881
0.4,fTS,0.00248781545131127
0.4,fTS,-0.027901740891793
0.4,fTS,0.0884222517739324
0.4,fTS,0.0268506340884165
0.4,fTS,0.0516068999019523
0.4,fTS,0.0201540990076916
0.4,fTS,0.0935966593967694
0.4,fTS,0.0583175730427363
0.4,fTS,0.0617101122390604
0.4,fTS,0.0444871336046728
0.4,fTS,0.0315970519062854
0.4,fTS,0.0836685033712417
0.4,fTS,0.0104671266514615
0.4,fTS,0.0847460540676408
0.4,fTS,0.0396293055765362
0.4,fTS,0.10487733295252
0.4,fTS,0.0527726664914172
0.4,fTS,0.112133574764371
0.4,fTS,0.0991053986569037
0.4,fTS,0.0249119547549173
0.4,fTS,0.123455076875208
0.4,fTS,0.0930067312408795
0.4,fTS,0.0894351348684146
0.4,fTS,-0.0182899918423
0.4,fTS,0.0234140470929982
0.4,fTS,0.0411298055608815
0.4,fTS,0.158819447783533
0.4,fTS,-0.00653267721708439
0.4,fTS,0.0559172775253622
0.4,fTS,0.129000819871259
0.4,fTS,0.0160768312799509
0.4,fTS,0.062758529971334
0.4,fTS,0.0414299871567556
0.4,fTS,0.0907600642224986
0.4,fTS,0.100014074095089
0.4,fTS,0.0463919254751124
0.4,fTS,0.0741287875835352
0.4,fTS,0.131170844040535
0.4,fTS,0.0520436389762795
0.4,fTS,0.0838051995242219
0.4,fTS,0.0625255291394851
0.4,fTS,0.109735539910759
0.4,fTS,0.0534359765468297
0.4,fTS,0.0857120207540045
0.4,fTS,0.0471418004939033
0.4,fTS,0.114015672103549
0.4,fTS,0.047533162520571
0.4,fTS,0.042721235347841
0.4,fTS,0.0368810400411421
0.4,fTS,0.0857203227663585
0.4,fTS,0.106849473198834
0.4,fTS,0.0431844403138983
0.4,fTS,0.0594939072286764
0.4,fTS,0.0976116190803984
0.4,fTS,0.0658531902915118
0.4,fTS,0.0300179160690137
0.4,fTS,0.0323018059555162
0.4,fTS,0.0458837080316141
0.4,fTS,0.0449508075458191
0.4,fTS,0.087865992817824
0.4,fTS,0.0431646570546949
0.4,fTS,0.0737751314123309
0.4,fTS,0.0407606812790615
0.4,fTS,0.0684446910014198
0.4,fTS,0.0327413372885765
0.4,fTS,0.0701790427604549
0.4,fTS,0.0329234945053718
0.4,fTS,0.0770243943577062
0.4,fTS,0.0483568970346586
0.4,fTS,0.0831694441625916
0.4,fTS,0.0724198854727749
0.4,fTS,0.0636726430469623
0.4,fTS,0.0582165921828335
0.4,fTS,0.0797792434938325
0.4,fTS,0.140172556576385
0.4,fTS,0.00284500899911921
0.4,fTS,0.0514177234898705
0.4,fTS,0.0550408032339673
0.4,fTS,0.0435980449428179
0.4,fTS,0.119971117448215
0.4,fTS,0.0247709703018231
0.4,fTS,0.0256099513207855
0.4,fTS,0.0651587705675716
0.4,fTS,0.0353248423459662
0.4,fTS,0.0700582213507632
0.4,fTS,0.0715389828159634
0.4,fTS,0.118503200857601
0.4,fTS,0.0618298196767748
0.4,fTS,0.098338086342407
0.4,fTS,0.0787164888176433
0.4,fTS,0.0760143159818347
0.4,fTS,0.0222439469353142
0.4,fTS,0.0995487109337556
0.4,fTS,0.0724665789295762
0.4,fTS,0.089868535572577
0.4,fTS,0.0601093401911679
0.4,fTS,0.0993445894469018
0.4,fTS,0.0164010721026058
0.4,fTS,0.045430520021817
0.4,fTS,0.0903440829293449
0.4,fTS,0.06911429449953
0.4,fTS,0.0438277897414234
0.4,fTS,0.060887046970203
0.4,fTS,0.0717071011051194
0.4,fTS,0.0487896619403727
0.4,fTS,0.0743802726531639
0.4,fTS,0.0616579698522421
0.4,fTS,0.0512593199225828
0.4,fTS,0.103051998455924
0.4,fTS,0.0272580212701234
0.4,fTS,0.0508194742393795
0.4,fTS,0.0497017099891173
0.4,fTS,0.0623843529869565
0.4,fTS,0.008697241699124
0.4,fTS,0.117339330030319
0.4,fTS,0.0318409808062752
0.4,fTS,0.0294620985555285
0.4,fTS,0.0596839983660076
0.4,fTS,0.0449994204552118
0.4,fTS,0.0496098204994457
0.4,fTS,0.0441934871584788
0.4,fTS,-0.0235105478469656
0.4,fTS,0.0547721106104919
0.4,fTS,0.0216767830094204
0.4,fTS,0.0391681566354525
0.4,fTS,0.0868385141954711
0.4,fTS,0.044522533780968
0.4,fTS,0.00997577035386388
0.4,fTS,0.0449917195995704
0.4,fTS,0.0650730646534943
0.4,fTS,0.044408834900947
0.4,fTS,0.0383271740725908
0.4,fTS,-0.0381733032497205
0.4,fTS,0.0747074674666308
0.4,fTS,0.0460422224212174
0.4,fTS,0.0367605765409267
0.4,fTS,0.0327318535279277
0.4,fTS,0.0408077606106245
0.4,fTS,0.0779538874313199
0.4,fTS,0.098544165519308
0.4,fTS,0.0226809431071462
0.4,fTS,0.137728233763887
0.4,fTS,0.09275800775238
0.4,fTS,0.0519544727429233
0.4,fTS,0.0701084383677673
0.4,fTS,0.0821297722455869
0.4,fTS,0.0667377596227279
0.4,fTS,0.130811638242034
0.4,fTS,0.0419761160634216
0.4,fTS,0.043707603146417
0.4,fTS,0.0722177509726085
0.4,fTS,0.0869738254024184
0.4,fTS,0.0578711068047479
0.4,fTS,0.0131895680843488
0.4,fTS,0.109853475772276
0.4,fTS,0.0674110588557404
0.4,fTS,0.0707488295084575
0.4,fTS,0.0728643856663798
0.4,fTS,0.0980946723078369
0.4,fTS,0.125990089907907
0.4,fTS,0.0773900491955195
0.4,fTS,0.0543830631709674
0.4,fTS,0.0957445740567298
0.4,fTS,0.109625025245932
0.4,fTS,0.041219349780786
0.4,fTS,0.0906848022016247
0.4,fTS,0.0658227728509686
0.4,fTS,0.0288790032893342
0.4,fTS,0.0431677544988029
0.4,fTS,0.106395825706076
0.4,fTS,0.0185816898720574
0.4,fTS,0.0552333188633347
0.4,fTS,0.0345700908866251
0.4,fTS,0.182593272768722
0.4,fTS,0.0323069360518353
0.4,fTS,-0.0261968175693401
0.4,fTS,-0.00317261618775799
0.4,fTS,0.0140026966171902
0.4,fTS,0.0528069492504304
0.4,LS_oracle,0.0845864254130684
0.4,LS_oracle,0.0264767515796538
0.4,LS_oracle,0.0514284447098956
0.4,LS_oracle,0.0959962766313345
0.4,LS_oracle,0.0659161246463231
0.4,LS_oracle,0.0281055736226359
0.4,LS_oracle,0.085753384407756
0.4,LS_oracle,0.0430360345723364
0.4,LS_oracle,0.0571468342864458
0.4,LS_oracle,0.0970082380060624
0.4,LS_oracle,0.0720038196036117
0.4,LS_oracle,0.110148117399008
0.4,LS_oracle,0.0673928654971134
0.4,LS_oracle,0.0695682943015254
0.4,LS_oracle,0.0320591776339803
0.4,LS_oracle,0.0323122338047086
0.4,LS_oracle,0.0335892366387371
0.4,LS_oracle,0.0372429021822898
0.4,LS_oracle,0.150217135536747
0.4,LS_oracle,0.178166435174306
0.4,LS_oracle,0.125382496127122
0.4,LS_oracle,0.00318471542791365
0.4,LS_oracle,-0.0282077760895461
0.4,LS_oracle,0.0873103040138445
0.4,LS_oracle,0.0291413830621563
0.4,LS_oracle,0.0565166920788867
0.4,LS_oracle,0.0185982906368738
0.4,LS_oracle,0.091338719001965
0.4,LS_oracle,0.0598594959153309
0.4,LS_oracle,0.0625786705124041
0.4,LS_oracle,0.0448213467150609
0.4,LS_oracle,0.0333794987214133
0.4,LS_oracle,0.0848382370163276
0.4,LS_oracle,0.0112494089618806
0.4,LS_oracle,0.0905482322297724
0.4,LS_oracle,0.0387633095275206
0.4,LS_oracle,0.10688774475848
0.4,LS_oracle,0.0542463397121176
0.4,LS_oracle,0.11108503849525
0.4,LS_oracle,0.101098929006101
0.4,LS_oracle,0.0279878468498929
0.4,LS_oracle,0.12330901850958
0.4,LS_oracle,0.0999615630577364
0.4,LS_oracle,0.0915813582063409
0.4,LS_oracle,-0.0169655666156652
0.4,LS_oracle,0.0248275486728531
0.4,LS_oracle,0.0456918187948419
0.4,LS_oracle,0.161154723453688
0.4,LS_oracle,-0.00607261715341501
0.4,LS_oracle,0.0566269356112363
0.4,LS_oracle,0.128830103357136
0.4,LS_oracle,0.0183990637948184
0.4,LS_oracle,0.0662375963403377
0.4,LS_oracle,0.0426288816233811
0.4,LS_oracle,0.090854617581656
0.4,LS_oracle,0.101115939850183
0.4,LS_oracle,0.0474403900828202
0.4,LS_oracle,0.0746357954318251
0.4,LS_oracle,0.131015485009318
0.4,LS_oracle,0.0554890467681504
0.4,LS_oracle,0.084084232637057
0.4,LS_oracle,0.0663807304677198
0.4,LS_oracle,0.109879297569865
0.4,LS_oracle,0.0505360214418944
0.4,LS_oracle,0.0841640365803495
0.4,LS_oracle,0.0505321722426784
0.4,LS_oracle,0.113855329951881
0.4,LS_oracle,0.0510650597158075
0.4,LS_oracle,0.0446868398536344
0.4,LS_oracle,0.0343046091263541
0.4,LS_oracle,0.0845885268331077
0.4,LS_oracle,0.109799262740765
0.4,LS_oracle,0.0448838904490225
0.4,LS_oracle,0.0616881302963102
0.4,LS_oracle,0.0969257109233317
0.4,LS_oracle,0.0686370296238044
0.4,LS_oracle,0.0272343436157219
0.4,LS_oracle,0.031051138591472
0.4,LS_oracle,0.0494806639694754
0.4,LS_oracle,0.0486945527993108
0.4,LS_oracle,0.0876832006130448
0.4,LS_oracle,0.0431089187148082
0.4,LS_oracle,0.0754909676289854
0.4,LS_oracle,0.0415932896435567
0.4,LS_oracle,0.0686038867231646
0.4,LS_oracle,0.0321139880636541
0.4,LS_oracle,0.0705787972367224
0.4,LS_oracle,0.0351489399880434
0.4,LS_oracle,0.0705602708929032
0.4,LS_oracle,0.0483450083957515
0.4,LS_oracle,0.0845264961018819
0.4,LS_oracle,0.0746803708973092
0.4,LS_oracle,0.0620325477407979
0.4,LS_oracle,0.0579097802066946
0.4,LS_oracle,0.0825821264804609
0.4,LS_oracle,0.142460441194101
0.4,LS_oracle,0.00444842239976828
0.4,LS_oracle,0.0504117418395769
0.4,LS_oracle,0.0591245323809033
0.4,LS_oracle,0.0430598090238097
0.4,LS_oracle,0.11725351598939
0.4,LS_oracle,0.0259573552715857
0.4,LS_oracle,0.0254570782472763
0.4,LS_oracle,0.0658926147704961
0.4,LS_oracle,0.0371437228190807
0.4,LS_oracle,0.0672063375351148
0.4,LS_oracle,0.0734963341351964
0.4,LS_oracle,0.118841281760451
0.4,LS_oracle,0.0602676309436985
0.4,LS_oracle,0.104880371917109
0.4,LS_oracle,0.0765147988814097
0.4,LS_oracle,0.0704155960616959
0.4,LS_oracle,0.0212029003756948
0.4,LS_oracle,0.0965369727993579
0.4,LS_oracle,0.0751638423687968
0.4,LS_oracle,0.0905131253375238
0.4,LS_oracle,0.0653811928358572
0.4,LS_oracle,0.0974608995015755
0.4,LS_oracle,0.0177918322407753
0.4,LS_oracle,0.042271112042201
0.4,LS_oracle,0.0884623127423116
0.4,LS_oracle,0.0711150410249393
0.4,LS_oracle,0.0461353340905595
0.4,LS_oracle,0.0639203013763723
0.4,LS_oracle,0.0760467803800331
0.4,LS_oracle,0.0490612579994769
0.4,LS_oracle,0.0742855929680766
0.4,LS_oracle,0.0625835319870267
0.4,LS_oracle,0.0539520301026293
0.4,LS_oracle,0.105151220268315
0.4,LS_oracle,0.0359536175449555
0.4,LS_oracle,0.049997863758098
0.4,LS_oracle,0.0479284966904594
0.4,LS_oracle,0.0604129487694562
0.4,LS_oracle,0.00655090076396214
0.4,LS_oracle,0.117159850423525
0.4,LS_oracle,0.0303613973172405
0.4,LS_oracle,0.0311684048161944
0.4,LS_oracle,0.0618487487605641
0.4,LS_oracle,0.0448318818173485
0.4,LS_oracle,0.0531417705822659
0.4,LS_oracle,0.0439401073061401
0.4,LS_oracle,-0.0235604978296673
0.4,LS_oracle,0.0552423682002254
0.4,LS_oracle,0.0215227697399563
0.4,LS_oracle,0.0367094797668639
0.4,LS_oracle,0.0844837053750946
0.4,LS_oracle,0.0532039952888981
0.4,LS_oracle,0.007355508187457
0.4,LS_oracle,0.0437823866295486
0.4,LS_oracle,0.0665318741250887
0.4,LS_oracle,0.0463803921914376
0.4,LS_oracle,0.0432913426407737
0.4,LS_oracle,-0.03874740078178
0.4,LS_oracle,0.0721861163915261
0.4,LS_oracle,0.0441175040562858
0.4,LS_oracle,0.0418602186098209
0.4,LS_oracle,0.0327075386493081
0.4,LS_oracle,0.0396035660241558
0.4,LS_oracle,0.0773618314462072
0.4,LS_oracle,0.101218848652786
0.4,LS_oracle,0.0239825613115978
0.4,LS_oracle,0.139565957733282
0.4,LS_oracle,0.0911657940942432
0.4,LS_oracle,0.0497577208372295
0.4,LS_oracle,0.0742910241088934
0.4,LS_oracle,0.0803721791067757
0.4,LS_oracle,0.0626970217260026
0.4,LS_oracle,0.13289299580482
0.4,LS_oracle,0.041090048636224
0.4,LS_oracle,0.0448492913368346
0.4,LS_oracle,0.074224882198995
0.4,LS_oracle,0.0895897832508967
0.4,LS_oracle,0.0582089586777157
0.4,LS_oracle,0.0104362166404111
0.4,LS_oracle,0.110759329096755
0.4,LS_oracle,0.0747823045068299
0.4,LS_oracle,0.0717479581287368
0.4,LS_oracle,0.0776889571945354
0.4,LS_oracle,0.0981634960155022
0.4,LS_oracle,0.129456670690773
0.4,LS_oracle,0.0807112024614116
0.4,LS_oracle,0.0556794834169489
0.4,LS_oracle,0.0959628399823158
0.4,LS_oracle,0.11680272553579
0.4,LS_oracle,0.0443027774185409
0.4,LS_oracle,0.0907325392094671
0.4,LS_oracle,0.0678450420435222
0.4,LS_oracle,0.0294004598350344
0.4,LS_oracle,0.0489565427609249
0.4,LS_oracle,0.110102951939871
0.4,LS_oracle,0.0231877256431858
0.4,LS_oracle,0.0579182410275361
0.4,LS_oracle,0.0349519602478157
0.4,LS_oracle,0.178111540702559
0.4,LS_oracle,0.0365487333467291
0.4,LS_oracle,-0.0292650962702607
0.4,LS_oracle,-0.00540680019630302
0.4,LS_oracle,0.0121307964649398
0.4,LS_oracle,0.0545367023805239
0.4,TS_oracle,0.0861106778188829
0.4,TS_oracle,0.0309135305932298
0.4,TS_oracle,0.045747898787613
0.4,TS_oracle,0.0980754038706959
0.4,TS_oracle,0.0656279946400233
0.4,TS_oracle,0.0294398345489997
0.4,TS_oracle,0.0853831762999471
0.4,TS_oracle,0.0442403859445926
0.4,TS_oracle,0.0554877163753968
0.4,TS_oracle,0.0960428565574516
0.4,TS_oracle,0.0700217803051431
0.4,TS_oracle,0.108963462333369
0.4,TS_oracle,0.068056537207861
0.4,TS_oracle,0.0688749790890746
0.4,TS_oracle,0.0286764349837951
0.4,TS_oracle,0.0299876707466757
0.4,TS_oracle,0.0319118149707525
0.4,TS_oracle,0.0355833103354819
0.4,TS_oracle,0.149403676981025
0.4,TS_oracle,0.174673277615606
0.4,TS_oracle,0.123698050327301
0.4,TS_oracle,0.00252918816823677
0.4,TS_oracle,-0.027893321580361
0.4,TS_oracle,0.0883353889608829
0.4,TS_oracle,0.0272084898540719
0.4,TS_oracle,0.0536832678242101
0.4,TS_oracle,0.020227977596404
0.4,TS_oracle,0.0927420388327074
0.4,TS_oracle,0.0578084935517822
0.4,TS_oracle,0.0621797998672189
0.4,TS_oracle,0.0442778877537158
0.4,TS_oracle,0.0317017800332127
0.4,TS_oracle,0.0835777626307324
0.4,TS_oracle,0.0104646786200668
0.4,TS_oracle,0.0847481432175703
0.4,TS_oracle,0.0403658819477459
0.4,TS_oracle,0.104703292138482
0.4,TS_oracle,0.0527541409924344
0.4,TS_oracle,0.112151615785808
0.4,TS_oracle,0.0990786525047527
0.4,TS_oracle,0.02528858161687
0.4,TS_oracle,0.123645795659489
0.4,TS_oracle,0.0930460362238763
0.4,TS_oracle,0.0887174885372275
0.4,TS_oracle,-0.0189423270924184
0.4,TS_oracle,0.0225141518073813
0.4,TS_oracle,0.0408660796832063
0.4,TS_oracle,0.158861971327816
0.4,TS_oracle,-0.00665787963737219
0.4,TS_oracle,0.0559164206610783
0.4,TS_oracle,0.129240953034136
0.4,TS_oracle,0.016342941144581
0.4,TS_oracle,0.062754339414183
0.4,TS_oracle,0.0417454508113146
0.4,TS_oracle,0.0904705648240705
0.4,TS_oracle,0.099865043303708
0.4,TS_oracle,0.0462747369531531
0.4,TS_oracle,0.0746155057385538
0.4,TS_oracle,0.130696521788898
0.4,TS_oracle,0.0521396152067068
0.4,TS_oracle,0.0828398762584832
0.4,TS_oracle,0.0632061271075135
0.4,TS_oracle,0.109736104103488
0.4,TS_oracle,0.0533490593086599
0.4,TS_oracle,0.083733265381581
0.4,TS_oracle,0.0471131993711191
0.4,TS_oracle,0.115771583569671
0.4,TS_oracle,0.0476481424800386
0.4,TS_oracle,0.0441485549538343
0.4,TS_oracle,0.0356927486959999
0.4,TS_oracle,0.085886931191248
0.4,TS_oracle,0.106907110131288
0.4,TS_oracle,0.0429291783540171
0.4,TS_oracle,0.0595577301594419
0.4,TS_oracle,0.0982785275709466
0.4,TS_oracle,0.0661612762874579
0.4,TS_oracle,0.0299535669423996
0.4,TS_oracle,0.0326721539554296
0.4,TS_oracle,0.0459393114977795
0.4,TS_oracle,0.044437216610697
0.4,TS_oracle,0.0881240349170531
0.4,TS_oracle,0.0430936629033758
0.4,TS_oracle,0.0722324483836461
0.4,TS_oracle,0.0409333076860188
0.4,TS_oracle,0.0684951688502689
0.4,TS_oracle,0.0327191670908955
0.4,TS_oracle,0.0703766343239058
0.4,TS_oracle,0.0307629976330708
0.4,TS_oracle,0.0753807548293317
0.4,TS_oracle,0.0484255082161857
0.4,TS_oracle,0.083086015875439
0.4,TS_oracle,0.0714750257871284
0.4,TS_oracle,0.0637235759354979
0.4,TS_oracle,0.0583870956822614
0.4,TS_oracle,0.0805932928463908
0.4,TS_oracle,0.140212937616108
0.4,TS_oracle,0.0027708626721894
0.4,TS_oracle,0.0513835067998214
0.4,TS_oracle,0.0548741688542014
0.4,TS_oracle,0.0436062123142478
0.4,TS_oracle,0.119566285599783
0.4,TS_oracle,0.0246910633661093
0.4,TS_oracle,0.025872451901167
0.4,TS_oracle,0.0651595481999077
0.4,TS_oracle,0.0345464910963917
0.4,TS_oracle,0.0700944834127735
0.4,TS_oracle,0.0716734941924935
0.4,TS_oracle,0.118497873256311
0.4,TS_oracle,0.0618716642312331
0.4,TS_oracle,0.0988849224033119
0.4,TS_oracle,0.0786246391249892
0.4,TS_oracle,0.0758126729975217
0.4,TS_oracle,0.0220647949326689
0.4,TS_oracle,0.0984382521962657
0.4,TS_oracle,0.071876581442583
0.4,TS_oracle,0.0887028492578754
0.4,TS_oracle,0.0600983381512457
0.4,TS_oracle,0.099504852798209
0.4,TS_oracle,0.0164199099617131
0.4,TS_oracle,0.0454288749481881
0.4,TS_oracle,0.0903314317129178
0.4,TS_oracle,0.0691029609754592
0.4,TS_oracle,0.0447184347220573
0.4,TS_oracle,0.0609020789322019
0.4,TS_oracle,0.07197313014739
0.4,TS_oracle,0.0488123580105404
0.4,TS_oracle,0.0734035710329854
0.4,TS_oracle,0.061213887630466
0.4,TS_oracle,0.0515904953930915
0.4,TS_oracle,0.103088897277768
0.4,TS_oracle,0.0278380228196995
0.4,TS_oracle,0.0506570873977186
0.4,TS_oracle,0.0496139330660941
0.4,TS_oracle,0.0607272102585859
0.4,TS_oracle,0.00459791642427154
0.4,TS_oracle,0.116332621314482
0.4,TS_oracle,0.0316624956851808
0.4,TS_oracle,0.0293782966518747
0.4,TS_oracle,0.0596846423887634
0.4,TS_oracle,0.0449975741525646
0.4,TS_oracle,0.0490685024120452
0.4,TS_oracle,0.0441197425227002
0.4,TS_oracle,-0.0237795378989645
0.4,TS_oracle,0.0549052455585841
0.4,TS_oracle,0.0211742182261385
0.4,TS_oracle,0.0387459384651467
0.4,TS_oracle,0.0876728268584583
0.4,TS_oracle,0.0442528801059856
0.4,TS_oracle,0.00988410712222088
0.4,TS_oracle,0.0432263962831012
0.4,TS_oracle,0.0647584032307087
0.4,TS_oracle,0.0445201077003965
0.4,TS_oracle,0.0383309474950635
0.4,TS_oracle,-0.0380247137481121
0.4,TS_oracle,0.0745264242992738
0.4,TS_oracle,0.0437199978135652
0.4,TS_oracle,0.0382699936212214
0.4,TS_oracle,0.0332556060182643
0.4,TS_oracle,0.038422888481469
0.4,TS_oracle,0.0768841979901285
0.4,TS_oracle,0.0986338124188701
0.4,TS_oracle,0.0224444702140141
0.4,TS_oracle,0.137270907371199
0.4,TS_oracle,0.0921621849949599
0.4,TS_oracle,0.0516755280678893
0.4,TS_oracle,0.0700907728532432
0.4,TS_oracle,0.0821316311268909
0.4,TS_oracle,0.0664770156880938
0.4,TS_oracle,0.130595554649219
0.4,TS_oracle,0.0417024310164502
0.4,TS_oracle,0.0435765811872275
0.4,TS_oracle,0.0718389916433191
0.4,TS_oracle,0.0873951429800868
0.4,TS_oracle,0.0575647212195782
0.4,TS_oracle,0.0132234664545903
0.4,TS_oracle,0.110189964202368
0.4,TS_oracle,0.0673773505841522
0.4,TS_oracle,0.0707793715164238
0.4,TS_oracle,0.0729751496600464
0.4,TS_oracle,0.0982867464181105
0.4,TS_oracle,0.125537354865505
0.4,TS_oracle,0.0773805341626193
0.4,TS_oracle,0.0542679532436254
0.4,TS_oracle,0.0956485477599942
0.4,TS_oracle,0.109648993716168
0.4,TS_oracle,0.0407677876767505
0.4,TS_oracle,0.0894849525045192
0.4,TS_oracle,0.065222748810936
0.4,TS_oracle,0.0286318132643635
0.4,TS_oracle,0.0434904107265603
0.4,TS_oracle,0.106250151167065
0.4,TS_oracle,0.0185078939208856
0.4,TS_oracle,0.0552317328753242
0.4,TS_oracle,0.0344725630698073
0.4,TS_oracle,0.182197957379918
0.4,TS_oracle,0.0320253185445345
0.4,TS_oracle,-0.0262606171434487
0.4,TS_oracle,-0.0048097308978623
0.4,TS_oracle,0.0141388188089102
0.4,TS_oracle,0.0526741640170061
0.5,PLS,0.0509500473348747
0.5,PLS,0.063147435521967
0.5,PLS,0.0975153263038697
0.5,PLS,0.0341205518423793
0.5,PLS,0.0637833104170935
0.5,PLS,0.0554429370812017
0.5,PLS,0.0919299885724476
0.5,PLS,0.0397199057624813
0.5,PLS,0.035864034932473
0.5,PLS,0.0129520758882058
0.5,PLS,0.135992365604913
0.5,PLS,0.00409554769755549
0.5,PLS,0.127673969869257
0.5,PLS,0.0908109402497381
0.5,PLS,0.0663349447686201
0.5,PLS,0.0847783177423043
0.5,PLS,0.0918204754684515
0.5,PLS,0.0520804666074459
0.5,PLS,0.153950291578483
0.5,PLS,0.0762054937855519
0.5,PLS,0.00017411801167988
0.5,PLS,0.0964836277476515
0.5,PLS,0.0608847273013979
0.5,PLS,0.0690584389078273
0.5,PLS,0.0594784089044922
0.5,PLS,0.037654737848051
0.5,PLS,0.122844949376516
0.5,PLS,0.0504480858073277
0.5,PLS,0.0390405819235728
0.5,PLS,0.0757073765298386
0.5,PLS,0.0774412831737199
0.5,PLS,0.0269745546723867
0.5,PLS,0.057825611816666
0.5,PLS,0.0390830316124691
0.5,PLS,0.104179467906718
0.5,PLS,0.0581919729843998
0.5,PLS,0.0934934215625376
0.5,PLS,0.0990567227942465
0.5,PLS,0.081868096400104
0.5,PLS,0.106990208642462
0.5,PLS,0.0667849079579907
0.5,PLS,0.127661578612624
0.5,PLS,0.174750637408554
0.5,PLS,0.0359886582748583
0.5,PLS,0.0568172725406721
0.5,PLS,0.0495753542306823
0.5,PLS,0.0335184596274889
0.5,PLS,0.0681090614109827
0.5,PLS,-0.00947626691811998
0.5,PLS,0.0568663845917423
0.5,PLS,0.0403240462822039
0.5,PLS,0.106258368503103
0.5,PLS,0.0186761227938721
0.5,PLS,0.0876846735307484
0.5,PLS,0.0521622360098453
0.5,PLS,0.0374147509752984
0.5,PLS,0.0549893112395812
0.5,PLS,0.0761253627134653
0.5,PLS,0.0839057289781815
0.5,PLS,0.0660678432007482
0.5,PLS,0.0275400949401499
0.5,PLS,0.0403007828136626
0.5,PLS,0.0522482899005865
0.5,PLS,0.0424459748134298
0.5,PLS,0.0553932453807922
0.5,PLS,0.0559030208963001
0.5,PLS,0.0498832526232726
0.5,PLS,-0.0120772784574334
0.5,PLS,0.104115457083655
0.5,PLS,0.00387890045069783
0.5,PLS,0.06532647226716
0.5,PLS,0.0700085573261382
0.5,PLS,0.0400131751613269
0.5,PLS,0.0187808037135417
0.5,PLS,0.0759002643140547
0.5,PLS,0.0552583461354299
0.5,PLS,0.0510382258062068
0.5,PLS,0.112242582446917
0.5,PLS,0.0652710363846676
0.5,PLS,0.0635888591287446
0.5,PLS,0.0461284260538197
0.5,PLS,0.114177608204459
0.5,PLS,0.0397497970942273
0.5,PLS,0.132809583222982
0.5,PLS,0.0245470398503247
0.5,PLS,-0.0263808018476566
0.5,PLS,0.0294341092067931
0.5,PLS,0.172902011195476
0.5,PLS,0.0952530789714245
0.5,PLS,0.0131053001453565
0.5,PLS,0.0457525591826726
0.5,PLS,0.0331331457077331
0.5,PLS,0.0656326397186773
0.5,PLS,0.107881938817215
0.5,PLS,0.0706897253109406
0.5,PLS,0.130995704496848
0.5,PLS,0.0679391616976128
0.5,PLS,0.0478027690542053
0.5,PLS,0.143674378925473
0.5,PLS,0.130435671996225
0.5,PLS,0.0960632113224145
0.5,PLS,0.102665752535907
0.5,PLS,0.100429211746573
0.5,PLS,0.033270391919958
0.5,PLS,0.0290152645536945
0.5,PLS,0.0860157054002482
0.5,PLS,0.100924304740462
0.5,PLS,0.141216628758849
0.5,PLS,0.125592389520477
0.5,PLS,0.0440138445038691
0.5,PLS,-0.00756690581948805
0.5,PLS,0.0640040320861044
0.5,PLS,0.0277359007098745
0.5,PLS,0.10552273309696
0.5,PLS,0.0679185549471804
0.5,PLS,0.0229618238855807
0.5,PLS,0.0594723194946449
0.5,PLS,0.0356361549523361
0.5,PLS,0.119943397271379
0.5,PLS,0.0750275803099862
0.5,PLS,0.0400818689800835
0.5,PLS,0.0160015035474006
0.5,PLS,0.0692944291219701
0.5,PLS,0.0994236714745964
0.5,PLS,0.156484459075184
0.5,PLS,0.11904193065229
0.5,PLS,0.0622743231837499
0.5,PLS,0.0173895728558897
0.5,PLS,0.058923084262029
0.5,PLS,0.0667499271001324
0.5,PLS,0.0961171301897519
0.5,PLS,0.0348022652997999
0.5,PLS,0.0607517766667067
0.5,PLS,0.0740558413124797
0.5,PLS,0.0513524580424911
0.5,PLS,0.016719398588301
0.5,PLS,0.043637611856834
0.5,PLS,0.137077462720855
0.5,PLS,0.05717098275444
0.5,PLS,0.0364448679162894
0.5,PLS,0.0582321979188329
0.5,PLS,0.0791852261881931
0.5,PLS,-0.00170820788904369
0.5,PLS,0.077771349257336
0.5,PLS,0.0744563247941674
0.5,PLS,0.0379164423426397
0.5,PLS,-0.0240865391665419
0.5,PLS,0.0645899616327468
0.5,PLS,0.0987170649083895
0.5,PLS,0.0618872954278089
0.5,PLS,0.108269569111197
0.5,PLS,0.0243007683351089
0.5,PLS,0.0813074255487469
0.5,PLS,0.0287238660196476
0.5,PLS,0.102657906741982
0.5,PLS,0.0169119665118982
0.5,PLS,0.014683368408706
0.5,PLS,0.0857320595450659
0.5,PLS,0.109400953243588
0.5,PLS,0.0218301056601433
0.5,PLS,0.061839139927516
0.5,PLS,0.0973184072022764
0.5,PLS,0.0491504426519167
0.5,PLS,0.092417493148454
0.5,PLS,0.0271204413174999
0.5,PLS,0.0359883210182947
0.5,PLS,0.0388130956728789
0.5,PLS,0.0206757899448637
0.5,PLS,0.0955365498271437
0.5,PLS,0.0380593091410524
0.5,PLS,0.0528264431612258
0.5,PLS,0.0634424813838077
0.5,PLS,0.059241122009648
0.5,PLS,0.117735715243891
0.5,PLS,0.0864678842140743
0.5,PLS,0.0893263676215355
0.5,PLS,0.0916259434997353
0.5,PLS,0.123822796582043
0.5,PLS,0.0481327433187804
0.5,PLS,0.0633347187901303
0.5,PLS,0.0990362561761553
0.5,PLS,0.0234209464518771
0.5,PLS,0.119326377842181
0.5,PLS,0.114174123876741
0.5,PLS,0.0766318025166002
0.5,PLS,0.0859091808782619
0.5,PLS,0.0637871925424232
0.5,PLS,0.0506733391088061
0.5,PLS,0.0780940998351349
0.5,PLS,0.0923505998407894
0.5,PLS,0.0598755372943451
0.5,PLS,0.0666587034390611
0.5,PLS,0.0815620778074355
0.5,PLS,0.110247734810026
0.5,PLS,0.0655408545584606
0.5,PLS,0.023267337277177
0.5,PLS,0.0937956708081569
0.5,PLS,0.042218718901051
0.5,PLS,0.0504682397601735
0.5,PLS,0.0533908084059753
0.5,fTS,0.0567832264174373
0.5,fTS,0.0633048575498405
0.5,fTS,0.0974238209472182
0.5,fTS,0.034078050506966
0.5,fTS,0.0607269084496869
0.5,fTS,0.0522700607854993
0.5,fTS,0.0885521102357223
0.5,fTS,0.0373813793492592
0.5,fTS,0.0335561359241421
0.5,fTS,0.0102021275035766
0.5,fTS,0.130832227708995
0.5,fTS,0.00269036249420607
0.5,fTS,0.127391416614138
0.5,fTS,0.0809295529469007
0.5,fTS,0.0662931596054899
0.5,fTS,0.0849425801557799
0.5,fTS,0.088269007486006
0.5,fTS,0.0490704781049707
0.5,fTS,0.156172270735856
0.5,fTS,0.0733864588244642
0.5,fTS,0.000184421923066891
0.5,fTS,0.092074201996921
0.5,fTS,0.0643937925852638
0.5,fTS,0.0678723369269305
0.5,fTS,0.0518647974585666
0.5,fTS,0.035612900362072
0.5,fTS,0.124034019496122
0.5,fTS,0.0433188645450979
0.5,fTS,0.0384139333111138
0.5,fTS,0.0740536246877155
0.5,fTS,0.0808873059794559
0.5,fTS,0.025010860890363
0.5,fTS,0.0512038772232055
0.5,fTS,0.0355725519222647
0.5,fTS,0.0984849166258643
0.5,fTS,0.0565971279217301
0.5,fTS,0.0923779254329302
0.5,fTS,0.0955934164863717
0.5,fTS,0.0778620399663041
0.5,fTS,0.104329120784098
0.5,fTS,0.0557279357207821
0.5,fTS,0.12935864628456
0.5,fTS,0.175932321733358
0.5,fTS,0.0320277922597167
0.5,fTS,0.0506599628312547
0.5,fTS,0.0518888675006592
0.5,fTS,0.0350662566987991
0.5,fTS,0.0630504005087202
0.5,fTS,-0.00930648703007053
0.5,fTS,0.0563302767325689
0.5,fTS,0.0412023646029003
0.5,fTS,0.0999579064496796
0.5,fTS,0.0202166814827875
0.5,fTS,0.0888285293980497
0.5,fTS,0.0506637194485362
0.5,fTS,0.0403931141048757
0.5,fTS,0.0583171028232308
0.5,fTS,0.072120347315686
0.5,fTS,0.0847668568062401
0.5,fTS,0.0629565747124852
0.5,fTS,0.023107539952411
0.5,fTS,0.0399686283789005
0.5,fTS,0.0447066516487746
0.5,fTS,0.0416804500301031
0.5,fTS,0.0572343620490434
0.5,fTS,0.0500553053575159
0.5,fTS,0.0510302798166307
0.5,fTS,-0.0153433439618218
0.5,fTS,0.101771390387438
0.5,fTS,0.000448080051516975
0.5,fTS,0.067805652923862
0.5,fTS,0.0756689263552686
0.5,fTS,0.038345436802784
0.5,fTS,0.0135950997076089
0.5,fTS,0.0770150128431744
0.5,fTS,0.0569560196929637
0.5,fTS,0.0513565369559472
0.5,fTS,0.10635136733037
0.5,fTS,0.0636117845369124
0.5,fTS,0.0582699272806224
0.5,fTS,0.0411003763221622
0.5,fTS,0.105294777057424
0.5,fTS,0.0413873082313863
0.5,fTS,0.136919196431462
0.5,fTS,0.0218793155261385
0.5,fTS,-0.031907256205665
0.5,fTS,0.0248670131446693
0.5,fTS,0.167837076940434
0.5,fTS,0.0927327729790524
0.5,fTS,0.0127465663769428
0.5,fTS,0.0452451920034675
0.5,fTS,0.0278282150657663
0.5,fTS,0.0592919907954053
0.5,fTS,0.103732885106472
0.5,fTS,0.0660346347481868
0.5,fTS,0.126393145699942
0.5,fTS,0.0698878198835631
0.5,fTS,0.048187761363701
0.5,fTS,0.144588675252462
0.5,fTS,0.132033227252262
0.5,fTS,0.0942595874829393
0.5,fTS,0.0990786454107231
0.5,fTS,0.096439056856499
0.5,fTS,0.0349352142989827
0.5,fTS,0.0298563002214332
0.5,fTS,0.081862091613875
0.5,fTS,0.100233634318832
0.5,fTS,0.138054815686552
0.5,fTS,0.122690615023455
0.5,fTS,0.0464788870814719
0.5,fTS,-0.0109589705140425
0.5,fTS,0.0607647774401516
0.5,fTS,0.0234431163017661
0.5,fTS,0.095112648430991
0.5,fTS,0.0684195873483642
0.5,fTS,0.021679457101424
0.5,fTS,0.0582514418209361
0.5,fTS,0.0372500679527277
0.5,fTS,0.111698329372826
0.5,fTS,0.0745717121039715
0.5,fTS,0.0415848480466752
0.5,fTS,0.0133492723283701
0.5,fTS,0.0690209805097295
0.5,fTS,0.0977327070221101
0.5,fTS,0.155853069006122
0.5,fTS,0.113985524586777
0.5,fTS,0.0644022756274814
0.5,fTS,0.0129708602444092
0.5,fTS,0.0618050321794401
0.5,fTS,0.0636995364591095
0.5,fTS,0.0973067689876046
0.5,fTS,0.0337895481022681
0.5,fTS,0.0617322541994374
0.5,fTS,0.0719156198893651
0.5,fTS,0.0448275848761237
0.5,fTS,0.0134877564225788
0.5,fTS,0.0351101345706168
0.5,fTS,0.136968555165837
0.5,fTS,0.0516091447384597
0.5,fTS,0.0379217496680784
0.5,fTS,0.0566274999973044
0.5,fTS,0.0805264776722994
0.5,fTS,-0.00164891660480937
0.5,fTS,0.0762962090069483
0.5,fTS,0.0717020099428467
0.5,fTS,0.0401311008671004
0.5,fTS,-0.0264885655228698
0.5,fTS,0.0571981722911847
0.5,fTS,0.0961966421397196
0.5,fTS,0.0566345867258202
0.5,fTS,0.110241787312378
0.5,fTS,0.0221563074115432
0.5,fTS,0.0802877576097039
0.5,fTS,0.0236596079454165
0.5,fTS,0.097920802942502
0.5,fTS,0.0122509531404271
0.5,fTS,0.0174114075462086
0.5,fTS,0.0830051240272487
0.5,fTS,0.10894806093095
0.5,fTS,0.0147847379247055
0.5,fTS,0.0613345608703006
0.5,fTS,0.100099141863326
0.5,fTS,0.045598724356801
0.5,fTS,0.0894363899389823
0.5,fTS,0.0259321720632053
0.5,fTS,0.0341564784625938
0.5,fTS,0.0377874678425578
0.5,fTS,0.018344419503004
0.5,fTS,0.092344304663101
0.5,fTS,0.0370601238553661
0.5,fTS,0.0505567446233053
0.5,fTS,0.0608211133261845
0.5,fTS,0.0553241286565864
0.5,fTS,0.114644811172992
0.5,fTS,0.0857419319332802
0.5,fTS,0.0855386305940131
0.5,fTS,0.0902033506155013
0.5,fTS,0.119597050954053
0.5,fTS,0.0435209427263268
0.5,fTS,0.0586993482261997
0.5,fTS,0.0980552412914348
0.5,fTS,0.0265627551642287
0.5,fTS,0.116282941249013
0.5,fTS,0.112183788939199
0.5,fTS,0.0703112371510495
0.5,fTS,0.0813121542333826
0.5,fTS,0.0630239096705663
0.5,fTS,0.044441536447589
0.5,fTS,0.0786719846501753
0.5,fTS,0.0869480812876438
0.5,fTS,0.0591215786996895
0.5,fTS,0.0674022522397622
0.5,fTS,0.0814896288238198
0.5,fTS,0.110211482798055
0.5,fTS,0.0698314724107107
0.5,fTS,0.0216801245562681
0.5,fTS,0.097836261334582
0.5,fTS,0.0395587721923516
0.5,fTS,0.0500253756652753
0.5,fTS,0.0541562868846657
0.5,LS_oracle,0.0514780013521994
0.5,LS_oracle,0.0631730835424407
0.5,LS_oracle,0.0974696313531112
0.5,LS_oracle,0.034426179694921
0.5,LS_oracle,0.063432082517056
0.5,LS_oracle,0.0573819502199526
0.5,LS_oracle,0.0914801343050364
0.5,LS_oracle,0.0386339058799774
0.5,LS_oracle,0.0357414645016298
0.5,LS_oracle,0.0110090564035761
0.5,LS_oracle,0.134394569350186
0.5,LS_oracle,0.00380374961836738
0.5,LS_oracle,0.127416946611188
0.5,LS_oracle,0.0907680884141659
0.5,LS_oracle,0.0667117970370927
0.5,LS_oracle,0.0848166707804356
0.5,LS_oracle,0.087030729998502
0.5,LS_oracle,0.0517521567226635
0.5,LS_oracle,0.153915046996496
0.5,LS_oracle,0.0763154352396505
0.5,LS_oracle,-0.000625403807681502
0.5,LS_oracle,0.0960911397538691
0.5,LS_oracle,0.0607208561747405
0.5,LS_oracle,0.0687197297226245
0.5,LS_oracle,0.0608321299550696
0.5,LS_oracle,0.0372044697021046
0.5,LS_oracle,0.123164038135603
0.5,LS_oracle,0.050699893709661
0.5,LS_oracle,0.0393572664216748
0.5,LS_oracle,0.0757310147790164
0.5,LS_oracle,0.0770622447188782
0.5,LS_oracle,0.0267184208048783
0.5,LS_oracle,0.0578686300844413
0.5,LS_oracle,0.0391042085324484
0.5,LS_oracle,0.103994947767186
0.5,LS_oracle,0.0579923156031761
0.5,LS_oracle,0.0935301973388543
0.5,LS_oracle,0.100010938605456
0.5,LS_oracle,0.0820722325684364
0.5,LS_oracle,0.107004473980856
0.5,LS_oracle,0.0661809771144635
0.5,LS_oracle,0.127734921707483
0.5,LS_oracle,0.175003033282614
0.5,LS_oracle,0.0352053895220703
0.5,LS_oracle,0.0555575023684585
0.5,LS_oracle,0.0485906428229013
0.5,LS_oracle,0.033500257556792
0.5,LS_oracle,0.068338989080013
0.5,LS_oracle,-0.00980600569806167
0.5,LS_oracle,0.0565067522534262
0.5,LS_oracle,0.0403222492111028
0.5,LS_oracle,0.105596560773265
0.5,LS_oracle,0.0184888145961049
0.5,LS_oracle,0.0873980988056133
0.5,LS_oracle,0.0518610952147334
0.5,LS_oracle,0.0382173142238829
0.5,LS_oracle,0.0585751520932805
0.5,LS_oracle,0.0760619492312837
0.5,LS_oracle,0.082303562909273
0.5,LS_oracle,0.0660637232946986
0.5,LS_oracle,0.0273455729786254
0.5,LS_oracle,0.0401466660509664
0.5,LS_oracle,0.0515090118612913
0.5,LS_oracle,0.0417004801496879
0.5,LS_oracle,0.0577371834588811
0.5,LS_oracle,0.0562780303176276
0.5,LS_oracle,0.0496899440653185
0.5,LS_oracle,-0.0118004985563712
0.5,LS_oracle,0.104115676673521
0.5,LS_oracle,0.00413251323650532
0.5,LS_oracle,0.0652994955147217
0.5,LS_oracle,0.0708568531513867
0.5,LS_oracle,0.0401122553110804
0.5,LS_oracle,0.0181341145429992
0.5,LS_oracle,0.0760615092372874
0.5,LS_oracle,0.0547566251723335
0.5,LS_oracle,0.0510190658765504
0.5,LS_oracle,0.110999297317158
0.5,LS_oracle,0.0651396582603032
0.5,LS_oracle,0.0636555097466103
0.5,LS_oracle,0.0438210953865643
0.5,LS_oracle,0.113680501913961
0.5,LS_oracle,0.0414201587494201
0.5,LS_oracle,0.132970351283736
0.5,LS_oracle,0.0246425980861376
0.5,LS_oracle,-0.0279676327532732
0.5,LS_oracle,0.0295967972005693
0.5,LS_oracle,0.172917250681583
0.5,LS_oracle,0.0953474232279719
0.5,LS_oracle,0.0132815930491079
0.5,LS_oracle,0.0458400561416854
0.5,LS_oracle,0.033503185830748
0.5,LS_oracle,0.0656735631520189
0.5,LS_oracle,0.10802845144323
0.5,LS_oracle,0.0714641208160709
0.5,LS_oracle,0.131000513980385
0.5,LS_oracle,0.0675102136137786
0.5,LS_oracle,0.047554700333166
0.5,LS_oracle,0.143625231869736
0.5,LS_oracle,0.13104350980653
0.5,LS_oracle,0.0943649717988275
0.5,LS_oracle,0.102906128355201
0.5,LS_oracle,0.100245164934539
0.5,LS_oracle,0.0328616660114645
0.5,LS_oracle,0.0288707211640056
0.5,LS_oracle,0.0862315411895396
0.5,LS_oracle,0.100560110805683
0.5,LS_oracle,0.140263911328824
0.5,LS_oracle,0.127072619915357
0.5,LS_oracle,0.0440751180307022
0.5,LS_oracle,-0.00848500597339352
0.5,LS_oracle,0.0637919347006175
0.5,LS_oracle,0.0277191073072292
0.5,LS_oracle,0.105756617416969
0.5,LS_oracle,0.0671021286959608
0.5,LS_oracle,0.0220161141128883
0.5,LS_oracle,0.059456436040588
0.5,LS_oracle,0.0346479984431802
0.5,LS_oracle,0.118858993124206
0.5,LS_oracle,0.0741734801387641
0.5,LS_oracle,0.0400997205587055
0.5,LS_oracle,0.015451452148747
0.5,LS_oracle,0.0684793638300678
0.5,LS_oracle,0.0991105465953894
0.5,LS_oracle,0.157443167281437
0.5,LS_oracle,0.118851079838736
0.5,LS_oracle,0.0621640739693841
0.5,LS_oracle,0.0180969363501355
0.5,LS_oracle,0.0584508973577202
0.5,LS_oracle,0.0669048149659897
0.5,LS_oracle,0.0962277859116556
0.5,LS_oracle,0.0345382970927173
0.5,LS_oracle,0.0598662038889382
0.5,LS_oracle,0.0740522026840302
0.5,LS_oracle,0.0505777332774984
0.5,LS_oracle,0.0163982337774953
0.5,LS_oracle,0.0426560932667155
0.5,LS_oracle,0.136444365836284
0.5,LS_oracle,0.0565602380575336
0.5,LS_oracle,0.0369170976433506
0.5,LS_oracle,0.0580293287263816
0.5,LS_oracle,0.0792091619746089
0.5,LS_oracle,-0.00172248375006079
0.5,LS_oracle,0.0773518165054652
0.5,LS_oracle,0.0731252811716552
0.5,LS_oracle,0.0379052669415285
0.5,LS_oracle,-0.0240229166159859
0.5,LS_oracle,0.0661774655951373
0.5,LS_oracle,0.098789149159018
0.5,LS_oracle,0.0599221795304217
0.5,LS_oracle,0.108086960912153
0.5,LS_oracle,0.0242906396094251
0.5,LS_oracle,0.0808934684792315
0.5,LS_oracle,0.0295193222260963
0.5,LS_oracle,0.101731060066822
0.5,LS_oracle,0.0184910088757673
0.5,LS_oracle,0.0147310045279849
0.5,LS_oracle,0.0856618078665428
0.5,LS_oracle,0.109464259382662
0.5,LS_oracle,0.0219124329511704
0.5,LS_oracle,0.0632421369836134
0.5,LS_oracle,0.0955654542362123
0.5,LS_oracle,0.0479310695967965
0.5,LS_oracle,0.0912729189006551
0.5,LS_oracle,0.026847439555356
0.5,LS_oracle,0.0360911503813839
0.5,LS_oracle,0.0382449193619292
0.5,LS_oracle,0.022322433542596
0.5,LS_oracle,0.0954292133536165
0.5,LS_oracle,0.0368910690614959
0.5,LS_oracle,0.0530259639887407
0.5,LS_oracle,0.0628482272087205
0.5,LS_oracle,0.0593920081785382
0.5,LS_oracle,0.117069625156875
0.5,LS_oracle,0.087871347285754
0.5,LS_oracle,0.0885424342790142
0.5,LS_oracle,0.0919563154775358
0.5,LS_oracle,0.124696659738478
0.5,LS_oracle,0.0473544503307737
0.5,LS_oracle,0.0629713330392909
0.5,LS_oracle,0.0984129738496862
0.5,LS_oracle,0.0249108689848134
0.5,LS_oracle,0.120023366059204
0.5,LS_oracle,0.11427156029088
0.5,LS_oracle,0.0751533057194953
0.5,LS_oracle,0.0860069292966947
0.5,LS_oracle,0.0638946032151351
0.5,LS_oracle,0.0475795092423448
0.5,LS_oracle,0.078131050751354
0.5,LS_oracle,0.0926970992690055
0.5,LS_oracle,0.0590656695973286
0.5,LS_oracle,0.0665164796280577
0.5,LS_oracle,0.0810392165986622
0.5,LS_oracle,0.110176150489131
0.5,LS_oracle,0.0678567487783555
0.5,LS_oracle,0.0230530607653425
0.5,LS_oracle,0.094299569842337
0.5,LS_oracle,0.0422497113159612
0.5,LS_oracle,0.0505469889200036
0.5,LS_oracle,0.0539487592000689
0.5,TS_oracle,0.057449351114955
0.5,TS_oracle,0.0633261111045078
0.5,TS_oracle,0.0975039345496798
0.5,TS_oracle,0.0342764312203137
0.5,TS_oracle,0.0609988619061386
0.5,TS_oracle,0.0537317863219473
0.5,TS_oracle,0.088093822426778
0.5,TS_oracle,0.037240764783592
0.5,TS_oracle,0.0334407050697374
0.5,TS_oracle,0.0101052697570381
0.5,TS_oracle,0.129830577970068
0.5,TS_oracle,0.00256441699391807
0.5,TS_oracle,0.127133699659434
0.5,TS_oracle,0.0809054859134886
0.5,TS_oracle,0.0664186770682331
0.5,TS_oracle,0.0841478610295532
0.5,TS_oracle,0.0879979190478946
0.5,TS_oracle,0.0488199039078929
0.5,TS_oracle,0.156166396598155
0.5,TS_oracle,0.0745622077593731
0.5,TS_oracle,0.000185692203046539
0.5,TS_oracle,0.0922337982212174
0.5,TS_oracle,0.064326992690658
0.5,TS_oracle,0.0679456016572297
0.5,TS_oracle,0.052309730126995
0.5,TS_oracle,0.0366010893085611
0.5,TS_oracle,0.1241739223273
0.5,TS_oracle,0.043354395636362
0.5,TS_oracle,0.0385674545154417
0.5,TS_oracle,0.0737589323263985
0.5,TS_oracle,0.0808983300716561
0.5,TS_oracle,0.0249552196447154
0.5,TS_oracle,0.0509869748100302
0.5,TS_oracle,0.035577379663231
0.5,TS_oracle,0.0984081540114325
0.5,TS_oracle,0.0565986092128981
0.5,TS_oracle,0.0923552613202792
0.5,TS_oracle,0.0970074708382531
0.5,TS_oracle,0.0779432801340776
0.5,TS_oracle,0.104634191720224
0.5,TS_oracle,0.0554325790925718
0.5,TS_oracle,0.129327439950778
0.5,TS_oracle,0.175543824339431
0.5,TS_oracle,0.031977391822021
0.5,TS_oracle,0.0506119361034407
0.5,TS_oracle,0.0513444655298529
0.5,TS_oracle,0.0350367644669731
0.5,TS_oracle,0.0630610051576534
0.5,TS_oracle,-0.00939548448207039
0.5,TS_oracle,0.0563460597614496
0.5,TS_oracle,0.0411841787834333
0.5,TS_oracle,0.0998349993759575
0.5,TS_oracle,0.0201861239034118
0.5,TS_oracle,0.0887089157219556
0.5,TS_oracle,0.0507193579668999
0.5,TS_oracle,0.0411815367975417
0.5,TS_oracle,0.0587510795070525
0.5,TS_oracle,0.071955115763132
0.5,TS_oracle,0.082344629578345
0.5,TS_oracle,0.0629520567913142
0.5,TS_oracle,0.0230657895532913
0.5,TS_oracle,0.0399938828658535
0.5,TS_oracle,0.0446882859285822
0.5,TS_oracle,0.0414304310408877
0.5,TS_oracle,0.0578779157028997
0.5,TS_oracle,0.0519549503242558
0.5,TS_oracle,0.0513033182973102
0.5,TS_oracle,-0.0153905264074834
0.5,TS_oracle,0.101665620149834
0.5,TS_oracle,0.000601112770987289
0.5,TS_oracle,0.0674587805499929
0.5,TS_oracle,0.0756478198016517
0.5,TS_oracle,0.0383830990201572
0.5,TS_oracle,0.0137026879286308
0.5,TS_oracle,0.0770589959951511
0.5,TS_oracle,0.0560732161749069
0.5,TS_oracle,0.0513495702502731
0.5,TS_oracle,0.105903818427713
0.5,TS_oracle,0.0632421111970816
0.5,TS_oracle,0.0582744465606653
0.5,TS_oracle,0.0409132714766078
0.5,TS_oracle,0.105125152803997
0.5,TS_oracle,0.0383213804162439
0.5,TS_oracle,0.137080750984473
0.5,TS_oracle,0.0217461477088876
0.5,TS_oracle,-0.0322544267891276
0.5,TS_oracle,0.0244956257070219
0.5,TS_oracle,0.167958945331778
0.5,TS_oracle,0.0927356320757871
0.5,TS_oracle,0.0129360990941583
0.5,TS_oracle,0.0452784108677464
0.5,TS_oracle,0.0284726552827941
0.5,TS_oracle,0.0593128507403582
0.5,TS_oracle,0.104052673414213
0.5,TS_oracle,0.0665420106437125
0.5,TS_oracle,0.126422548965979
0.5,TS_oracle,0.0696542134671747
0.5,TS_oracle,0.0481219607570298
0.5,TS_oracle,0.144562710023045
0.5,TS_oracle,0.132059088193777
0.5,TS_oracle,0.0932878158636556
0.5,TS_oracle,0.0990406396810455
0.5,TS_oracle,0.0961417048526785
0.5,TS_oracle,0.0349283579559923
0.5,TS_oracle,0.029811002299323
0.5,TS_oracle,0.0819576373922288
0.5,TS_oracle,0.099935772365104
0.5,TS_oracle,0.13727111756774
0.5,TS_oracle,0.122494526601745
0.5,TS_oracle,0.0440976871081324
0.5,TS_oracle,-0.0114969494152234
0.5,TS_oracle,0.0604032420912115
0.5,TS_oracle,0.023640250425806
0.5,TS_oracle,0.0953034507838171
0.5,TS_oracle,0.0678614506805282
0.5,TS_oracle,0.0218507587629819
0.5,TS_oracle,0.0581926255601217
0.5,TS_oracle,0.03527405443073
0.5,TS_oracle,0.110909406870659
0.5,TS_oracle,0.0745959923849144
0.5,TS_oracle,0.0416427429225461
0.5,TS_oracle,0.0128123931076791
0.5,TS_oracle,0.0691497919524828
0.5,TS_oracle,0.0977775984778129
0.5,TS_oracle,0.155984787486712
0.5,TS_oracle,0.113905740052076
0.5,TS_oracle,0.0643151023667872
0.5,TS_oracle,0.0129786330583495
0.5,TS_oracle,0.0615095184804348
0.5,TS_oracle,0.0637548792571401
0.5,TS_oracle,0.0968699519920473
0.5,TS_oracle,0.0331508123700031
0.5,TS_oracle,0.0610625826045126
0.5,TS_oracle,0.0717514659772596
0.5,TS_oracle,0.0453197085798329
0.5,TS_oracle,0.0134066111780593
0.5,TS_oracle,0.0343940527034123
0.5,TS_oracle,0.136760761280616
0.5,TS_oracle,0.0516404197096236
0.5,TS_oracle,0.0379025658351329
0.5,TS_oracle,0.0565837024767524
0.5,TS_oracle,0.0805461712330895
0.5,TS_oracle,-0.00165222194194425
0.5,TS_oracle,0.0764972969384525
0.5,TS_oracle,0.0712088820513839
0.5,TS_oracle,0.0401306370738159
0.5,TS_oracle,-0.0264626569524662
0.5,TS_oracle,0.0574678128507438
0.5,TS_oracle,0.0962099160091001
0.5,TS_oracle,0.0563433497943222
0.5,TS_oracle,0.110186174731705
0.5,TS_oracle,0.0221545207621858
0.5,TS_oracle,0.0802865923013958
0.5,TS_oracle,0.0245568820342454
0.5,TS_oracle,0.0983876531214274
0.5,TS_oracle,0.0139965194982683
0.5,TS_oracle,0.0177204108165565
0.5,TS_oracle,0.082828513011912
0.5,TS_oracle,0.108978620649011
0.5,TS_oracle,0.0148074082353138
0.5,TS_oracle,0.0625804582797618
0.5,TS_oracle,0.0986414776981195
0.5,TS_oracle,0.0452153359974976
0.5,TS_oracle,0.0894648297450298
0.5,TS_oracle,0.025804911908307
0.5,TS_oracle,0.034168285427008
0.5,TS_oracle,0.0378900022748974
0.5,TS_oracle,0.018418188262227
0.5,TS_oracle,0.0922984690788395
0.5,TS_oracle,0.0367299645865125
0.5,TS_oracle,0.0506160510528089
0.5,TS_oracle,0.0610331148646093
0.5,TS_oracle,0.0553777147262535
0.5,TS_oracle,0.114137045425381
0.5,TS_oracle,0.0858472019919989
0.5,TS_oracle,0.0843834510636865
0.5,TS_oracle,0.090373946226455
0.5,TS_oracle,0.120237174200207
0.5,TS_oracle,0.0426009652415194
0.5,TS_oracle,0.0630523221820398
0.5,TS_oracle,0.097686870440933
0.5,TS_oracle,0.0268610831347382
0.5,TS_oracle,0.116623988190552
0.5,TS_oracle,0.112198499079986
0.5,TS_oracle,0.069823638851197
0.5,TS_oracle,0.0817840370022995
0.5,TS_oracle,0.0630340439320607
0.5,TS_oracle,0.0445102196763327
0.5,TS_oracle,0.0785879827335021
0.5,TS_oracle,0.0865475143439187
0.5,TS_oracle,0.0591383616389916
0.5,TS_oracle,0.0673539689958622
0.5,TS_oracle,0.08131624523619
0.5,TS_oracle,0.110119481758266
0.5,TS_oracle,0.0716936428537791
0.5,TS_oracle,0.0212883235434045
0.5,TS_oracle,0.0983684548562991
0.5,TS_oracle,0.0395675413623107
0.5,TS_oracle,0.0497558170417272
0.5,TS_oracle,0.053040470762062
0.6,PLS,0.0405041631360838
0.6,PLS,-0.0233831437648704
0.6,PLS,0.0491623246693134
0.6,PLS,0.0751514410412724
0.6,PLS,0.142337910727513
0.6,PLS,0.0401090529420478
0.6,PLS,0.07759101478732
0.6,PLS,0.0946334341412298
0.6,PLS,0.0879242688248383
0.6,PLS,0.109706510586044
0.6,PLS,0.142582144688459
0.6,PLS,0.105617570988582
0.6,PLS,0.056218836630993
0.6,PLS,0.0769829733461349
0.6,PLS,0.0173862848317208
0.6,PLS,0.0983191556253353
0.6,PLS,0.0613729597643389
0.6,PLS,0.115845068064147
0.6,PLS,-0.027072175986138
0.6,PLS,0.0153286373137456
0.6,PLS,0.138951605180484
0.6,PLS,0.077811149260463
0.6,PLS,0.031983947905454
0.6,PLS,0.0504899473143197
0.6,PLS,0.0404743056760044
0.6,PLS,0.100211540994263
0.6,PLS,0.0889987207376652
0.6,PLS,0.0198023373556082
0.6,PLS,0.0566848515524057
0.6,PLS,0.00482520584349166
0.6,PLS,0.0220766134227022
0.6,PLS,0.0386140852753638
0.6,PLS,-0.0150297391328956
0.6,PLS,0.0728032543879074
0.6,PLS,0.0645287964162489
0.6,PLS,-0.00194260149949776
0.6,PLS,0.0510668580546552
0.6,PLS,0.0374620463540773
0.6,PLS,0.181837403231822
0.6,PLS,0.0695601494560447
0.6,PLS,0.150502014494335
0.6,PLS,-0.00425856093782839
0.6,PLS,0.0561378511567319
0.6,PLS,0.0322159418846857
0.6,PLS,-0.0206471864339119
0.6,PLS,0.00623838989563996
0.6,PLS,0.0792228723407888
0.6,PLS,0.0704726908006996
0.6,PLS,0.0217365742298288
0.6,PLS,0.112258555670432
0.6,PLS,0.0782814304949684
0.6,PLS,0.0102348057504205
0.6,PLS,0.0765673337815376
0.6,PLS,-0.0146105305440383
0.6,PLS,-0.0403124036019964
0.6,PLS,0.0909585528302066
0.6,PLS,0.0834419887134734
0.6,PLS,0.0520491661491269
0.6,PLS,0.0645321089988351
0.6,PLS,0.0385249790602971
0.6,PLS,0.0767728076518108
0.6,PLS,0.0313070305699532
0.6,PLS,0.127650825316818
0.6,PLS,0.0518671067297489
0.6,PLS,0.0494697266135939
0.6,PLS,0.0107299003035211
0.6,PLS,0.0632903535667295
0.6,PLS,0.0510848314525523
0.6,PLS,0.0973873193546295
0.6,PLS,0.0251776545034819
0.6,PLS,0.126920847839882
0.6,PLS,0.0245512416810996
0.6,PLS,0.0478518411676923
0.6,PLS,0.0131130649628739
0.6,PLS,0.0101664857654391
0.6,PLS,0.0640390363800303
0.6,PLS,0.122052335961425
0.6,PLS,0.040239409321559
0.6,PLS,0.0500143687646177
0.6,PLS,0.0696405021703688
0.6,PLS,0.0217127107001289
0.6,PLS,0.0858528809256893
0.6,PLS,-0.00202371626401365
0.6,PLS,0.136004280432064
0.6,PLS,0.121064380150792
0.6,PLS,0.104668507584913
0.6,PLS,0.0415695557437472
0.6,PLS,0.0423513543811176
0.6,PLS,0.0779366659842957
0.6,PLS,0.162746260273736
0.6,PLS,0.118914103993337
0.6,PLS,0.0332156074022651
0.6,PLS,0.0261964903934389
0.6,PLS,0.0324707596656715
0.6,PLS,0.0540073466742677
0.6,PLS,0.138121132613955
0.6,PLS,0.123845918062793
0.6,PLS,0.0672763889326995
0.6,PLS,0.0298301417710998
0.6,PLS,0.0489333690970188
0.6,PLS,0.106302654140723
0.6,PLS,0.038226580937007
0.6,PLS,0.0765613942981587
0.6,PLS,0.0825116782106705
0.6,PLS,0.0369576118806454
0.6,PLS,0.0876039820951979
0.6,PLS,0.1086261357492
0.6,PLS,0.0246862727742663
0.6,PLS,0.0540361398602376
0.6,PLS,0.0305530998755699
0.6,PLS,0.0498793156794721
0.6,PLS,0.025443778598554
0.6,PLS,0.0899304485621459
0.6,PLS,0.0382241469263505
0.6,PLS,-0.0194837390218373
0.6,PLS,0.00971016580774253
0.6,PLS,0.0898375204245887
0.6,PLS,0.079490305303777
0.6,PLS,0.0284931180198829
0.6,PLS,0.137504579649404
0.6,PLS,0.0542073518186692
0.6,PLS,-0.0235828452761125
0.6,PLS,0.171039773722751
0.6,PLS,0.122819379408194
0.6,PLS,0.076771764625458
0.6,PLS,0.0373975790981753
0.6,PLS,0.0656789019521491
0.6,PLS,0.0756525106438881
0.6,PLS,0.00429269500352802
0.6,PLS,0.0662071569056941
0.6,PLS,-0.000629643094987919
0.6,PLS,0.0423491583891886
0.6,PLS,0.0272777279439993
0.6,PLS,-0.00380775410168221
0.6,PLS,0.034322269574548
0.6,PLS,0.0763428162080755
0.6,PLS,0.060741330881066
0.6,PLS,0.116678168117193
0.6,PLS,0.032523627834949
0.6,PLS,0.00419213127384799
0.6,PLS,0.0252485277751773
0.6,PLS,0.200736269210861
0.6,PLS,-0.0200015525796265
0.6,PLS,0.064388363310534
0.6,PLS,0.0428698564124188
0.6,PLS,0.110186135471456
0.6,PLS,-0.0011026877215341
0.6,PLS,0.0632382066589776
0.6,PLS,-0.00910775571711786
0.6,PLS,0.0988357975510492
0.6,PLS,0.0677671635712001
0.6,PLS,-0.000956959461735463
0.6,PLS,0.06432479384947
0.6,PLS,0.015132425325513
0.6,PLS,0.0874092393644967
0.6,PLS,0.0863087411682277
0.6,PLS,0.052299312056767
0.6,PLS,0.0829678707458172
0.6,PLS,0.131605281573371
0.6,PLS,0.0531596565523742
0.6,PLS,0.0655641878066666
0.6,PLS,0.0790036008456043
0.6,PLS,0.0471311434543318
0.6,PLS,0.0551977004211708
0.6,PLS,0.102584290412363
0.6,PLS,0.00130508359249415
0.6,PLS,0.0798869834361253
0.6,PLS,0.0638702583716153
0.6,PLS,0.069012301754056
0.6,PLS,0.0224363114315496
0.6,PLS,0.114001586854972
0.6,PLS,0.0303517939156315
0.6,PLS,0.0695947169774906
0.6,PLS,0.019107683803208
0.6,PLS,0.0929361048947899
0.6,PLS,0.0923118826752312
0.6,PLS,0.0812655676337199
0.6,PLS,0.0685655884779437
0.6,PLS,0.0653166654820936
0.6,PLS,-0.0134651078648077
0.6,PLS,0.0863442503017635
0.6,PLS,0.0753929218595981
0.6,PLS,-0.0142469570288678
0.6,PLS,0.0610053229492993
0.6,PLS,0.0515760902274331
0.6,PLS,0.0737493566605354
0.6,PLS,0.156831264940592
0.6,PLS,0.0124242367831904
0.6,PLS,0.035678748935452
0.6,PLS,0.0152107669553823
0.6,PLS,0.0337345681215371
0.6,PLS,0.0540744317157544
0.6,PLS,0.0177277008301269
0.6,PLS,0.0456548165198816
0.6,PLS,0.0916888210912965
0.6,PLS,0.0405979128303844
0.6,PLS,0.0480159759544514
0.6,PLS,0.00150461918839451
0.6,PLS,0.0446559302214224
0.6,PLS,0.148495061986549
0.6,fTS,0.0303771093976397
0.6,fTS,-0.0238882943104224
0.6,fTS,0.0422070620861401
0.6,fTS,0.0726289828550633
0.6,fTS,0.135689151351765
0.6,fTS,0.0323464596142427
0.6,fTS,0.0789953310619584
0.6,fTS,0.0847388680037524
0.6,fTS,0.0913970901906456
0.6,fTS,0.103562185823757
0.6,fTS,0.136056659768924
0.6,fTS,0.106051452025955
0.6,fTS,0.0517195489005295
0.6,fTS,0.0724673902799811
0.6,fTS,0.0138213059750203
0.6,fTS,0.105799419708381
0.6,fTS,0.0461948883406202
0.6,fTS,0.107455675399245
0.6,fTS,-0.0284279060117149
0.6,fTS,0.0149334278064361
0.6,fTS,0.130451133324514
0.6,fTS,0.0700183555418996
0.6,fTS,0.0296193421462212
0.6,fTS,0.051827502254669
0.6,fTS,0.0338970461530281
0.6,fTS,0.0971530549385937
0.6,fTS,0.0864943749047213
0.6,fTS,0.0225612907213628
0.6,fTS,0.0617359687303891
0.6,fTS,0.00340557306464295
0.6,fTS,0.0207058782013019
0.6,fTS,0.0372867226492046
0.6,fTS,-0.0216409910401971
0.6,fTS,0.0674479166694542
0.6,fTS,0.0673296421120011
0.6,fTS,-0.00381261864263038
0.6,fTS,0.0436029414805437
0.6,fTS,0.0418009416069627
0.6,fTS,0.180499305952907
0.6,fTS,0.0638349914025833
0.6,fTS,0.140297613730152
0.6,fTS,-0.000111884167561249
0.6,fTS,0.0430877061140262
0.6,fTS,0.028949316572475
0.6,fTS,-0.0190022655311639
0.6,fTS,0.00505959271955603
0.6,fTS,0.0827944198163371
0.6,fTS,0.0617156938465488
0.6,fTS,0.0189625734749619
0.6,fTS,0.111109174524097
0.6,fTS,0.0736537579342584
0.6,fTS,0.00571678257005925
0.6,fTS,0.0786054015857645
0.6,fTS,-0.0197701799890991
0.6,fTS,-0.0460894960899878
0.6,fTS,0.0910878226427827
0.6,fTS,0.0822764459619505
0.6,fTS,0.0476362086354671
0.6,fTS,0.0684316278463064
0.6,fTS,0.0352580128614528
0.6,fTS,0.069963195290313
0.6,fTS,0.031962837923091
0.6,fTS,0.121557658044853
0.6,fTS,0.0468249346123992
0.6,fTS,0.0505693244909418
0.6,fTS,0.0102163654760821
0.6,fTS,0.0631413401414433
0.6,fTS,0.0523970507331402
0.6,fTS,0.0928795977146786
0.6,fTS,0.0174220501763067
0.6,fTS,0.130262247756498
0.6,fTS,0.0328447345715963
0.6,fTS,0.0466752049977655
0.6,fTS,0.00723626474285322
0.6,fTS,0.00776215009441472
0.6,fTS,0.058174212451984
0.6,fTS,0.123893743815178
0.6,fTS,0.0372189096212518
0.6,fTS,0.0504577583000951
0.6,fTS,0.0652441230448995
0.6,fTS,0.0199120179610022
0.6,fTS,0.0790138028952487
0.6,fTS,-0.00676221153946988
0.6,fTS,0.142142795045725
0.6,fTS,0.118175714914198
0.6,fTS,0.0964346317947893
0.6,fTS,0.0371008801237231
0.6,fTS,0.0400020639444454
0.6,fTS,0.0763403144215953
0.6,fTS,0.164666448996347
0.6,fTS,0.114758080744929
0.6,fTS,0.0297890386830988
0.6,fTS,0.0216873108068543
0.6,fTS,0.0317462532608161
0.6,fTS,0.0468810951592449
0.6,fTS,0.133975633487148
0.6,fTS,0.114367678071739
0.6,fTS,0.0650170993748409
0.6,fTS,0.0305484680509525
0.6,fTS,0.048311407386717
0.6,fTS,0.0960313904898487
0.6,fTS,0.0326508406233996
0.6,fTS,0.0692346685159533
0.6,fTS,0.092929191119602
0.6,fTS,0.033351605934437
0.6,fTS,0.0826978376434242
0.6,fTS,0.106052287131237
0.6,fTS,0.0200327185543712
0.6,fTS,0.0548866934438677
0.6,fTS,0.0237544557329596
0.6,fTS,0.0498486099727904
0.6,fTS,0.0262004276597343
0.6,fTS,0.0919307575033714
0.6,fTS,0.0279225567266075
0.6,fTS,-0.0163882700179081
0.6,fTS,-0.00241604348208357
0.6,fTS,0.0854903773105857
0.6,fTS,0.0747081705747734
0.6,fTS,0.0274313805679971
0.6,fTS,0.137722753825494
0.6,fTS,0.0533224456847075
0.6,fTS,-0.035686933063854
0.6,fTS,0.16052670922739
0.6,fTS,0.12540040162937
0.6,fTS,0.0790990804210956
0.6,fTS,0.0373460497540794
0.6,fTS,0.066225841899783
0.6,fTS,0.0728103265616575
0.6,fTS,0.00385689124020971
0.6,fTS,0.0584892971869146
0.6,fTS,-0.00360461891420794
0.6,fTS,0.0402185892779883
0.6,fTS,0.0138227598254397
0.6,fTS,0.000807353682962475
0.6,fTS,0.0407606780377803
0.6,fTS,0.0697917114506925
0.6,fTS,0.0631427306621422
0.6,fTS,0.122128562570083
0.6,fTS,0.0314342573951554
0.6,fTS,0.00339446316278269
0.6,fTS,0.0257822715236034
0.6,fTS,0.191173714998583
0.6,fTS,-0.0227560732640745
0.6,fTS,0.0684587139861814
0.6,fTS,0.0408747591963778
0.6,fTS,0.103602263934892
0.6,fTS,-0.00545124231437899
0.6,fTS,0.0681224116980508
0.6,fTS,-0.00858591304283207
0.6,fTS,0.0952937683155497
0.6,fTS,0.0655036732005911
0.6,fTS,-0.00289032300202041
0.6,fTS,0.0712913258045313
0.6,fTS,0.0128591842668853
0.6,fTS,0.0903545135014938
0.6,fTS,0.0829794220603057
0.6,fTS,0.0615524203532534
0.6,fTS,0.0820448577201984
0.6,fTS,0.127795672660822
0.6,fTS,0.0529501044325504
0.6,fTS,0.0606702372746282
0.6,fTS,0.0764262208519417
0.6,fTS,0.0405905189628863
0.6,fTS,0.0512479145388596
0.6,fTS,0.0984779816330863
0.6,fTS,0.00525119255559936
0.6,fTS,0.0814581760116677
0.6,fTS,0.0582405141235744
0.6,fTS,0.0658928471676525
0.6,fTS,0.015591486061344
0.6,fTS,0.10989568496623
0.6,fTS,0.0242946593202806
0.6,fTS,0.0614234010266288
0.6,fTS,0.0157119877563339
0.6,fTS,0.0896968806049403
0.6,fTS,0.0830088856637503
0.6,fTS,0.083334347872499
0.6,fTS,0.0626410242673467
0.6,fTS,0.0601347717078347
0.6,fTS,-0.0184023164019443
0.6,fTS,0.0813278126152976
0.6,fTS,0.0763685548848103
0.6,fTS,-0.0159556027483435
0.6,fTS,0.0570649543555288
0.6,fTS,0.052785984391329
0.6,fTS,0.0725320855603897
0.6,fTS,0.151293832326189
0.6,fTS,0.0103377605592092
0.6,fTS,0.0261875633663065
0.6,fTS,0.00689112376110979
0.6,fTS,0.0286298183720048
0.6,fTS,0.0575535806056404
0.6,fTS,0.0169338074284557
0.6,fTS,0.0389861944669869
0.6,fTS,0.0932081420516944
0.6,fTS,0.0424577149194136
0.6,fTS,0.047287896571268
0.6,fTS,-0.00113147223744381
0.6,fTS,0.0428844619018884
0.6,fTS,0.149395856190922
0.6,LS_oracle,0.0406936061276
0.6,LS_oracle,-0.0239878489788345
0.6,LS_oracle,0.0495927037267374
0.6,LS_oracle,0.0754015064793196
0.6,LS_oracle,0.137097355144074
0.6,LS_oracle,0.0400802507290716
0.6,LS_oracle,0.0772712820210071
0.6,LS_oracle,0.0946608508936742
0.6,LS_oracle,0.0876879098639549
0.6,LS_oracle,0.108016558636561
0.6,LS_oracle,0.14240788167454
0.6,LS_oracle,0.105372698353065
0.6,LS_oracle,0.056270148230551
0.6,LS_oracle,0.0772944539656679
0.6,LS_oracle,0.017571955117224
0.6,LS_oracle,0.0966911179976351
0.6,LS_oracle,0.0587667643624192
0.6,LS_oracle,0.113072008799657
0.6,LS_oracle,-0.0272972750760471
0.6,LS_oracle,0.0151171149364822
0.6,LS_oracle,0.138799914670857
0.6,LS_oracle,0.0778119599094038
0.6,LS_oracle,0.0319608679785803
0.6,LS_oracle,0.0510681663949888
0.6,LS_oracle,0.0400392880285341
0.6,LS_oracle,0.100759479056952
0.6,LS_oracle,0.0890817094802947
0.6,LS_oracle,0.0197853477513454
0.6,LS_oracle,0.0562666166882846
0.6,LS_oracle,0.00511858069747362
0.6,LS_oracle,0.0220685214743741
0.6,LS_oracle,0.0388634621058155
0.6,LS_oracle,-0.0155093000096352
0.6,LS_oracle,0.0730317097129141
0.6,LS_oracle,0.064935001564757
0.6,LS_oracle,-0.00133237191333702
0.6,LS_oracle,0.0509921494893371
0.6,LS_oracle,0.0358148053793048
0.6,LS_oracle,0.180678302606946
0.6,LS_oracle,0.0686250002571449
0.6,LS_oracle,0.149919262196868
0.6,LS_oracle,-0.00424271796570441
0.6,LS_oracle,0.0546548706299717
0.6,LS_oracle,0.0303399827662552
0.6,LS_oracle,-0.0194040651889476
0.6,LS_oracle,0.0060644440793578
0.6,LS_oracle,0.0791885882888803
0.6,LS_oracle,0.0702435999600828
0.6,LS_oracle,0.0221114581447013
0.6,LS_oracle,0.111977767037676
0.6,LS_oracle,0.0778158564125908
0.6,LS_oracle,0.00878037970241752
0.6,LS_oracle,0.0754234676604586
0.6,LS_oracle,-0.0130894290861008
0.6,LS_oracle,-0.0402268364993542
0.6,LS_oracle,0.0914845020582076
0.6,LS_oracle,0.0834546651013788
0.6,LS_oracle,0.0513057637082759
0.6,LS_oracle,0.0648546860882739
0.6,LS_oracle,0.0394904826791795
0.6,LS_oracle,0.0754509187184795
0.6,LS_oracle,0.0312776114235096
0.6,LS_oracle,0.127994322265593
0.6,LS_oracle,0.0504589825673574
0.6,LS_oracle,0.0495550568744987
0.6,LS_oracle,0.00969911423308245
0.6,LS_oracle,0.0638813075677094
0.6,LS_oracle,0.0511656884035923
0.6,LS_oracle,0.0973805048650722
0.6,LS_oracle,0.0253676996031786
0.6,LS_oracle,0.127054300964829
0.6,LS_oracle,0.0233651871314513
0.6,LS_oracle,0.0450423707240799
0.6,LS_oracle,0.013308371675075
0.6,LS_oracle,0.0097962113910961
0.6,LS_oracle,0.0634152691284144
0.6,LS_oracle,0.121989077870557
0.6,LS_oracle,0.0402361660702284
0.6,LS_oracle,0.0500817175662276
0.6,LS_oracle,0.0694384426724572
0.6,LS_oracle,0.0230209620757942
0.6,LS_oracle,0.0867597860921159
0.6,LS_oracle,-0.00392432396340681
0.6,LS_oracle,0.135435194707949
0.6,LS_oracle,0.121014744003194
0.6,LS_oracle,0.104930403757543
0.6,LS_oracle,0.0414228090899125
0.6,LS_oracle,0.0414777281337926
0.6,LS_oracle,0.0778018565054088
0.6,LS_oracle,0.162828187183976
0.6,LS_oracle,0.11868925007582
0.6,LS_oracle,0.0344174166325288
0.6,LS_oracle,0.0271610882609392
0.6,LS_oracle,0.0306852553951031
0.6,LS_oracle,0.0528795978101655
0.6,LS_oracle,0.138063063128522
0.6,LS_oracle,0.123474689335107
0.6,LS_oracle,0.0674025471503852
0.6,LS_oracle,0.0305270167359315
0.6,LS_oracle,0.0490711822432039
0.6,LS_oracle,0.105657361218455
0.6,LS_oracle,0.0378424307054452
0.6,LS_oracle,0.0756724381883671
0.6,LS_oracle,0.08272243210724
0.6,LS_oracle,0.0369611222582
0.6,LS_oracle,0.0880137445618385
0.6,LS_oracle,0.108561738064462
0.6,LS_oracle,0.0242412709509183
0.6,LS_oracle,0.0540166865335334
0.6,LS_oracle,0.0310168428846536
0.6,LS_oracle,0.049824233766832
0.6,LS_oracle,0.0254366556786239
0.6,LS_oracle,0.0888782012816278
0.6,LS_oracle,0.0400502721658083
0.6,LS_oracle,-0.01731395531751
0.6,LS_oracle,0.00961601785795874
0.6,LS_oracle,0.089804463996942
0.6,LS_oracle,0.0791419154549695
0.6,LS_oracle,0.0285905143794889
0.6,LS_oracle,0.138121327414
0.6,LS_oracle,0.0537973654238357
0.6,LS_oracle,-0.0236835102844698
0.6,LS_oracle,0.169755458560365
0.6,LS_oracle,0.122909916612257
0.6,LS_oracle,0.0771776491112091
0.6,LS_oracle,0.037468022051067
0.6,LS_oracle,0.0640409655016325
0.6,LS_oracle,0.0756421086643975
0.6,LS_oracle,0.00438890307709938
0.6,LS_oracle,0.0662395715504969
0.6,LS_oracle,-0.000644499140026289
0.6,LS_oracle,0.0423486509447406
0.6,LS_oracle,0.0257864637854919
0.6,LS_oracle,-0.00368551751066859
0.6,LS_oracle,0.034599542180338
0.6,LS_oracle,0.076152732634436
0.6,LS_oracle,0.0608144150480421
0.6,LS_oracle,0.115835976460536
0.6,LS_oracle,0.0326539993423691
0.6,LS_oracle,0.00544480706320027
0.6,LS_oracle,0.0275690723291411
0.6,LS_oracle,0.200853507847698
0.6,LS_oracle,-0.0211979416680022
0.6,LS_oracle,0.0638792987134866
0.6,LS_oracle,0.0458917463846114
0.6,LS_oracle,0.109203274793148
0.6,LS_oracle,-0.00111599467383428
0.6,LS_oracle,0.0633222081119023
0.6,LS_oracle,-0.010385583037162
0.6,LS_oracle,0.0990397142237098
0.6,LS_oracle,0.0672641841197694
0.6,LS_oracle,-0.0008171556934361
0.6,LS_oracle,0.0616557342490414
0.6,LS_oracle,0.0143466478711827
0.6,LS_oracle,0.0866778172189464
0.6,LS_oracle,0.0857990974816356
0.6,LS_oracle,0.0524733965606674
0.6,LS_oracle,0.0837744335700712
0.6,LS_oracle,0.131623073770114
0.6,LS_oracle,0.0521918282504144
0.6,LS_oracle,0.0656356653913588
0.6,LS_oracle,0.0787033034893501
0.6,LS_oracle,0.0461943471553852
0.6,LS_oracle,0.0549679767891462
0.6,LS_oracle,0.101764605272808
0.6,LS_oracle,0.00039601496465913
0.6,LS_oracle,0.0799676200809347
0.6,LS_oracle,0.063813706723997
0.6,LS_oracle,0.0660845348332753
0.6,LS_oracle,0.0223929688462623
0.6,LS_oracle,0.113960704292651
0.6,LS_oracle,0.0293661841958188
0.6,LS_oracle,0.0674746682861083
0.6,LS_oracle,0.0176507630891853
0.6,LS_oracle,0.0933374332903663
0.6,LS_oracle,0.0922788221828328
0.6,LS_oracle,0.0813563511806146
0.6,LS_oracle,0.0685501349283162
0.6,LS_oracle,0.0646860522957533
0.6,LS_oracle,-0.0132068400060955
0.6,LS_oracle,0.0865877175697327
0.6,LS_oracle,0.0758869513002298
0.6,LS_oracle,-0.0150529529563592
0.6,LS_oracle,0.0608233070333906
0.6,LS_oracle,0.0514193640886516
0.6,LS_oracle,0.0739069069886571
0.6,LS_oracle,0.158111055365635
0.6,LS_oracle,0.0128358397805897
0.6,LS_oracle,0.0358185133386062
0.6,LS_oracle,0.0152658200014626
0.6,LS_oracle,0.0326353713024001
0.6,LS_oracle,0.0540699095024668
0.6,LS_oracle,0.017753046594265
0.6,LS_oracle,0.0432181335720769
0.6,LS_oracle,0.091787352231147
0.6,LS_oracle,0.0405932638787565
0.6,LS_oracle,0.0478087964496507
0.6,LS_oracle,0.0020102265718136
0.6,LS_oracle,0.0448421853491323
0.6,LS_oracle,0.148723260789988
0.6,TS_oracle,0.0304119985810738
0.6,TS_oracle,-0.0246114638583254
0.6,TS_oracle,0.0412914155048516
0.6,TS_oracle,0.0727281959664903
0.6,TS_oracle,0.134877702417748
0.6,TS_oracle,0.0324387225990683
0.6,TS_oracle,0.0780886870509643
0.6,TS_oracle,0.0847709293900205
0.6,TS_oracle,0.0914346395602696
0.6,TS_oracle,0.103346657071401
0.6,TS_oracle,0.13607209496195
0.6,TS_oracle,0.105989175320029
0.6,TS_oracle,0.0517319464387453
0.6,TS_oracle,0.0724920742129036
0.6,TS_oracle,0.0138658040177546
0.6,TS_oracle,0.104171318016664
0.6,TS_oracle,0.0461507960269032
0.6,TS_oracle,0.103861955096548
0.6,TS_oracle,-0.0285267204575108
0.6,TS_oracle,0.0144627763409753
0.6,TS_oracle,0.130426712264806
0.6,TS_oracle,0.0700183777418297
0.6,TS_oracle,0.0300709009559001
0.6,TS_oracle,0.0522456185706615
0.6,TS_oracle,0.0344378844846378
0.6,TS_oracle,0.096915959672746
0.6,TS_oracle,0.0864426793462041
0.6,TS_oracle,0.0225488902653497
0.6,TS_oracle,0.0616878760674835
0.6,TS_oracle,0.00377017274009317
0.6,TS_oracle,0.0207197949545956
0.6,TS_oracle,0.0373898432942854
0.6,TS_oracle,-0.021751899358633
0.6,TS_oracle,0.0675683598308949
0.6,TS_oracle,0.0675136928589601
0.6,TS_oracle,-0.00271942688627935
0.6,TS_oracle,0.0433992813944954
0.6,TS_oracle,0.0386839174432443
0.6,TS_oracle,0.18044900540577
0.6,TS_oracle,0.0637241427017941
0.6,TS_oracle,0.139768978618821
0.6,TS_oracle,-0.000105981671410071
0.6,TS_oracle,0.0427282437344751
0.6,TS_oracle,0.0278319320576121
0.6,TS_oracle,-0.0190374427178611
0.6,TS_oracle,0.00470011201639431
0.6,TS_oracle,0.0829812682896445
0.6,TS_oracle,0.0616845109402204
0.6,TS_oracle,0.0189891584857125
0.6,TS_oracle,0.111005935491427
0.6,TS_oracle,0.0728180314766851
0.6,TS_oracle,0.00434121564122902
0.6,TS_oracle,0.0783328927294094
0.6,TS_oracle,-0.0193193469917085
0.6,TS_oracle,-0.0460903211379896
0.6,TS_oracle,0.0897878121282218
0.6,TS_oracle,0.0822770714708803
0.6,TS_oracle,0.0478705663308416
0.6,TS_oracle,0.0683869588770283
0.6,TS_oracle,0.0353356881588867
0.6,TS_oracle,0.0695234692453746
0.6,TS_oracle,0.0311520600842565
0.6,TS_oracle,0.121060706404288
0.6,TS_oracle,0.0466772671138416
0.6,TS_oracle,0.0506100182515208
0.6,TS_oracle,0.0099230195985609
0.6,TS_oracle,0.0636965171944686
0.6,TS_oracle,0.0523937662870828
0.6,TS_oracle,0.0928860082904759
0.6,TS_oracle,0.0174178709978712
0.6,TS_oracle,0.130271713878879
0.6,TS_oracle,0.031900303440034
0.6,TS_oracle,0.0466737370683101
0.6,TS_oracle,0.00731008821109991
0.6,TS_oracle,0.00761532951781541
0.6,TS_oracle,0.0571641939614325
0.6,TS_oracle,0.123846964087862
0.6,TS_oracle,0.0371376032478135
0.6,TS_oracle,0.0505076139539562
0.6,TS_oracle,0.0652082490157917
0.6,TS_oracle,0.0203772989511986
0.6,TS_oracle,0.0794365388596692
0.6,TS_oracle,-0.00770326736331339
0.6,TS_oracle,0.142435988652139
0.6,TS_oracle,0.117790640378362
0.6,TS_oracle,0.0964966645300374
0.6,TS_oracle,0.0370799521250802
0.6,TS_oracle,0.0396126255943314
0.6,TS_oracle,0.0763777618793582
0.6,TS_oracle,0.164728660362417
0.6,TS_oracle,0.1146751578777
0.6,TS_oracle,0.0298252798283476
0.6,TS_oracle,0.0210869698764464
0.6,TS_oracle,0.0317595119638099
0.6,TS_oracle,0.0465018757402886
0.6,TS_oracle,0.133576156773144
0.6,TS_oracle,0.114292855411894
0.6,TS_oracle,0.0653314236830242
0.6,TS_oracle,0.0306331327721923
0.6,TS_oracle,0.0483066138249024
0.6,TS_oracle,0.0955896113585977
0.6,TS_oracle,0.0320506044835542
0.6,TS_oracle,0.0692495148339549
0.6,TS_oracle,0.094694297874383
0.6,TS_oracle,0.0333296356149888
0.6,TS_oracle,0.0828443737771627
0.6,TS_oracle,0.105376324612078
0.6,TS_oracle,0.0201350571241696
0.6,TS_oracle,0.0547553697380243
0.6,TS_oracle,0.0245705170881845
0.6,TS_oracle,0.0498496652835441
0.6,TS_oracle,0.0262045005104889
0.6,TS_oracle,0.0912830079804838
0.6,TS_oracle,0.0280950518478584
0.6,TS_oracle,-0.0162225728950282
0.6,TS_oracle,-0.0024117337019216
0.6,TS_oracle,0.0852271881482378
0.6,TS_oracle,0.0744521359190189
0.6,TS_oracle,0.027470545848445
0.6,TS_oracle,0.136901867002961
0.6,TS_oracle,0.0531825160430683
0.6,TS_oracle,-0.0351569033985785
0.6,TS_oracle,0.160680765379526
0.6,TS_oracle,0.123996205985905
0.6,TS_oracle,0.0791047237660516
0.6,TS_oracle,0.036680456277554
0.6,TS_oracle,0.0656338178358651
0.6,TS_oracle,0.0728097710610736
0.6,TS_oracle,0.0038713698466839
0.6,TS_oracle,0.0575935831074703
0.6,TS_oracle,-0.00323701767510443
0.6,TS_oracle,0.04014735720545
0.6,TS_oracle,0.0146072472298284
0.6,TS_oracle,0.000830572232954019
0.6,TS_oracle,0.0405200805759727
0.6,TS_oracle,0.0698759314197164
0.6,TS_oracle,0.0629536771977637
0.6,TS_oracle,0.122070965801183
0.6,TS_oracle,0.0313683644800962
0.6,TS_oracle,0.0036304032583041
0.6,TS_oracle,0.0276266898139346
0.6,TS_oracle,0.192350542220608
0.6,TS_oracle,-0.0237605704916943
0.6,TS_oracle,0.068419694246868
0.6,TS_oracle,0.0408060655348039
0.6,TS_oracle,0.103471842307687
0.6,TS_oracle,-0.00509479999550966
0.6,TS_oracle,0.0681677640036071
0.6,TS_oracle,-0.00867899610250833
0.6,TS_oracle,0.0953607403295202
0.6,TS_oracle,0.0651369719055959
0.6,TS_oracle,-0.00240663418885412
0.6,TS_oracle,0.0713448095262024
0.6,TS_oracle,0.0132013601421084
0.6,TS_oracle,0.0901264127278354
0.6,TS_oracle,0.0828966496428547
0.6,TS_oracle,0.0616308100255516
0.6,TS_oracle,0.0819310389161372
0.6,TS_oracle,0.12780095915698
0.6,TS_oracle,0.0527202538151215
0.6,TS_oracle,0.0609748050334442
0.6,TS_oracle,0.0765820764985226
0.6,TS_oracle,0.0398109090555552
0.6,TS_oracle,0.0512097573842276
0.6,TS_oracle,0.0984782019199362
0.6,TS_oracle,0.00515388457863719
0.6,TS_oracle,0.0814034359655278
0.6,TS_oracle,0.0581147884288515
0.6,TS_oracle,0.0624706904345353
0.6,TS_oracle,0.0155562912456335
0.6,TS_oracle,0.109887908310019
0.6,TS_oracle,0.022847789632358
0.6,TS_oracle,0.0609641737002311
0.6,TS_oracle,0.0139304210058886
0.6,TS_oracle,0.0896503003617153
0.6,TS_oracle,0.0830022954564276
0.6,TS_oracle,0.0821076513171317
0.6,TS_oracle,0.0626306537574122
0.6,TS_oracle,0.0575474192241607
0.6,TS_oracle,-0.0183045285401414
0.6,TS_oracle,0.0827358696429294
0.6,TS_oracle,0.0763099903547206
0.6,TS_oracle,-0.0162538036585075
0.6,TS_oracle,0.0568898250337098
0.6,TS_oracle,0.0527289552412584
0.6,TS_oracle,0.0726007417629646
0.6,TS_oracle,0.151424345332138
0.6,TS_oracle,0.0103957656714302
0.6,TS_oracle,0.0262972572962064
0.6,TS_oracle,0.00722524636059729
0.6,TS_oracle,0.0286626382985433
0.6,TS_oracle,0.0575609638107559
0.6,TS_oracle,0.0167846454172496
0.6,TS_oracle,0.0394151084528496
0.6,TS_oracle,0.0931895546164683
0.6,TS_oracle,0.0424515016274893
0.6,TS_oracle,0.0467796175710264
0.6,TS_oracle,-0.0011359794667567
0.6,TS_oracle,0.0431380491332269
0.6,TS_oracle,0.149401356536108
0.7,PLS,-0.0233480285424672
0.7,PLS,0.0883185313858832
0.7,PLS,0.0788281532475748
0.7,PLS,0.130345443577155
0.7,PLS,0.0417915370686588
0.7,PLS,0.0563846842463698
0.7,PLS,0.0787794647289912
0.7,PLS,0.0607136067965819
0.7,PLS,0.00188524794754219
0.7,PLS,-0.0219751293071894
0.7,PLS,0.0538378773805324
0.7,PLS,0.0328641914336911
0.7,PLS,0.126588117225575
0.7,PLS,0.0686400916371503
0.7,PLS,0.087792492654958
0.7,PLS,0.102958100715589
0.7,PLS,0.0747564356735251
0.7,PLS,-0.0114201736376303
0.7,PLS,0.0603299617131066
0.7,PLS,0.0343977784332177
0.7,PLS,0.103655909977912
0.7,PLS,0.0270949475254747
0.7,PLS,0.0227817333031437
0.7,PLS,0.0621863235031797
0.7,PLS,0.0503321885925505
0.7,PLS,0.0964460742686026
0.7,PLS,0.0895446798332358
0.7,PLS,0.0112065165632629
0.7,PLS,0.0675297331164746
0.7,PLS,-0.0322469182270243
0.7,PLS,-0.000484616369869073
0.7,PLS,0.139058742532736
0.7,PLS,0.0565222128784921
0.7,PLS,0.102823717337176
0.7,PLS,0.0609055331654986
0.7,PLS,0.0904957630158219
0.7,PLS,0.0427477098889844
0.7,PLS,0.0237259042258162
0.7,PLS,0.0738918783129883
0.7,PLS,0.0198067732188807
0.7,PLS,0.0441813414139556
0.7,PLS,0.0537237373265396
0.7,PLS,0.137551281059653
0.7,PLS,0.0196341898268353
0.7,PLS,-0.0320329362363186
0.7,PLS,0.152596219449032
0.7,PLS,0.00704142963318422
0.7,PLS,0.0132557582910884
0.7,PLS,0.061364121377909
0.7,PLS,-0.0116961919834676
0.7,PLS,0.143913993095375
0.7,PLS,0.0366355425766494
0.7,PLS,0.14221502734249
0.7,PLS,0.0582928649715002
0.7,PLS,0.043278908695312
0.7,PLS,0.0538479117435837
0.7,PLS,0.099662098484339
0.7,PLS,0.104440705363913
0.7,PLS,0.148257070209713
0.7,PLS,0.0483316028189482
0.7,PLS,0.119679846732988
0.7,PLS,0.0615511703983951
0.7,PLS,0.146000537191192
0.7,PLS,0.0367879909179045
0.7,PLS,0.141962664689237
0.7,PLS,0.115255875022677
0.7,PLS,0.0971230105421439
0.7,PLS,0.159080136682179
0.7,PLS,-0.0976958893355225
0.7,PLS,0.00777629264437918
0.7,PLS,0.0388656551089748
0.7,PLS,0.0204073893075798
0.7,PLS,0.081831350111619
0.7,PLS,0.10519856628469
0.7,PLS,0.104688409622578
0.7,PLS,0.0566952836871022
0.7,PLS,0.0382260549091582
0.7,PLS,0.0617794943147683
0.7,PLS,0.0227942366715019
0.7,PLS,0.0833096166753386
0.7,PLS,0.081644184324988
0.7,PLS,-0.0137665455721359
0.7,PLS,0.0691846290261262
0.7,PLS,-0.00453692478047119
0.7,PLS,0.0450454175963049
0.7,PLS,0.143715329666376
0.7,PLS,0.109016580137657
0.7,PLS,0.0219566572818584
0.7,PLS,0.0327425051691708
0.7,PLS,0.0721787071386653
0.7,PLS,0.123307442564465
0.7,PLS,0.0270482987888889
0.7,PLS,0.0642008770273073
0.7,PLS,0.105505882476061
0.7,PLS,0.0466655338679556
0.7,PLS,0.0582699469109933
0.7,PLS,0.0455815245973643
0.7,PLS,-0.0128624283064933
0.7,PLS,0.111390757483137
0.7,PLS,0.0940276358614569
0.7,PLS,-0.00738695365791597
0.7,PLS,0.0430843504350706
0.7,PLS,0.0578521325571011
0.7,PLS,0.0271174141786752
0.7,PLS,0.0621324121246067
0.7,PLS,0.0546929475860392
0.7,PLS,0.0591053207080718
0.7,PLS,0.106205053636666
0.7,PLS,0.0329262427279045
0.7,PLS,0.028356700333559
0.7,PLS,0.0812521156285573
0.7,PLS,0.0956804373581386
0.7,PLS,0.0892707535498938
0.7,PLS,0.0370353340628382
0.7,PLS,0.0694186372870191
0.7,PLS,0.137260017835272
0.7,PLS,0.1686935450545
0.7,PLS,0.017250100834213
0.7,PLS,0.0667755093139912
0.7,PLS,0.0207271138194314
0.7,PLS,0.0740454799170691
0.7,PLS,0.131100905738036
0.7,PLS,0.0763370852172369
0.7,PLS,-0.00573330799361849
0.7,PLS,0.0974040591326863
0.7,PLS,0.0071498355461086
0.7,PLS,0.0384857284269473
0.7,PLS,0.12410406052175
0.7,PLS,0.102569029340253
0.7,PLS,0.0539318386193672
0.7,PLS,0.0261070149965688
0.7,PLS,0.118753148978272
0.7,PLS,0.069796403210229
0.7,PLS,0.0696828917856038
0.7,PLS,0.0901372403665301
0.7,PLS,0.132685873134168
0.7,PLS,0.0303143055493371
0.7,PLS,0.113390118058225
0.7,PLS,0.0821915295173008
0.7,PLS,0.00331569637657458
0.7,PLS,0.10762834221084
0.7,PLS,0.110386162824049
0.7,PLS,0.0589930934889991
0.7,PLS,0.0261374315757847
0.7,PLS,0.0168063767751925
0.7,PLS,0.0698056079122185
0.7,PLS,0.0577501769223938
0.7,PLS,0.0781258279994954
0.7,PLS,0.121302848224248
0.7,PLS,0.0449199466109322
0.7,PLS,0.0616395684702427
0.7,PLS,0.136722438129133
0.7,PLS,0.0849772154360275
0.7,PLS,0.0528036905157305
0.7,PLS,0.0386245960998328
0.7,PLS,-0.0159980202228964
0.7,PLS,0.0568196862783152
0.7,PLS,0.0937581722313452
0.7,PLS,0.00914048197484618
0.7,PLS,0.0645722630395165
0.7,PLS,0.0221051261643519
0.7,PLS,-0.00370999044072673
0.7,PLS,0.100025930531136
0.7,PLS,0.0406266678345193
0.7,PLS,0.110310915082305
0.7,PLS,0.0235639632460674
0.7,PLS,0.0834787841489462
0.7,PLS,0.0882664208112509
0.7,PLS,0.107732846363459
0.7,PLS,0.09010651925186
0.7,PLS,0.0408918432292882
0.7,PLS,0.0565647139282375
0.7,PLS,0.0521983638161934
0.7,PLS,0.179661163172893
0.7,PLS,0.0409950728748714
0.7,PLS,-0.0132246983025867
0.7,PLS,-0.00834978547115661
0.7,PLS,0.0916884171583898
0.7,PLS,0.11608762322975
0.7,PLS,0.0564701492701924
0.7,PLS,0.048333429130357
0.7,PLS,0.0269452584650793
0.7,PLS,-0.0219883656758947
0.7,PLS,0.074781196241327
0.7,PLS,0.028750271972334
0.7,PLS,0.101090195733449
0.7,PLS,0.0331457614387811
0.7,PLS,0.0438812484337021
0.7,PLS,0.12865737598339
0.7,PLS,0.0405886809729947
0.7,PLS,0.0392612813761428
0.7,PLS,0.0293867067747189
0.7,PLS,0.070612127186098
0.7,PLS,0.0273203108176612
0.7,PLS,0.119702300434629
0.7,PLS,0.0405277978090273
0.7,PLS,0.0711173548451618
0.7,PLS,0.161762889122538
0.7,PLS,0.0607738256915689
0.7,PLS,0.0308958896137339
0.7,fTS,-0.0270563110528538
0.7,fTS,0.0925897411439414
0.7,fTS,0.0812317148742405
0.7,fTS,0.122783724913701
0.7,fTS,0.0320736676148303
0.7,fTS,0.052593600956228
0.7,fTS,0.0744879185447045
0.7,fTS,0.0547046179537691
0.7,fTS,-0.0051243202427721
0.7,fTS,-0.0178847752743475
0.7,fTS,0.0504811141595798
0.7,fTS,0.0365696897038377
0.7,fTS,0.117475270020725
0.7,fTS,0.0633339182788966
0.7,fTS,0.091477651910931
0.7,fTS,0.0907871391326458
0.7,fTS,0.06753429198276
0.7,fTS,-0.0171929285746433
0.7,fTS,0.0565393322978773
0.7,fTS,0.0276918826478736
0.7,fTS,0.101988750120506
0.7,fTS,0.0251864383453244
0.7,fTS,0.0231216875332618
0.7,fTS,0.0523196464374138
0.7,fTS,0.0523268002090618
0.7,fTS,0.0941585770780968
0.7,fTS,0.0890541917103087
0.7,fTS,0.01098026445675
0.7,fTS,0.0669154337017359
0.7,fTS,-0.0337645005897863
0.7,fTS,-0.00406403160234303
0.7,fTS,0.13637749275339
0.7,fTS,0.0496812629838341
0.7,fTS,0.105075675572812
0.7,fTS,0.0559509342576281
0.7,fTS,0.0870499094612511
0.7,fTS,0.0361824604577099
0.7,fTS,0.0282829789364487
0.7,fTS,0.0644858988896293
0.7,fTS,0.0170672562178538
0.7,fTS,0.0404441782433864
0.7,fTS,0.0581683254166572
0.7,fTS,0.136629569488914
0.7,fTS,0.0199292707362668
0.7,fTS,-0.039081021639689
0.7,fTS,0.159821914523766
0.7,fTS,0.0112093458090221
0.7,fTS,-0.00172821402996048
0.7,fTS,0.0641879602459716
0.7,fTS,-0.00948200808956567
0.7,fTS,0.140748579108604
0.7,fTS,0.0322829049758064
0.7,fTS,0.132814621065612
0.7,fTS,0.0510108756437981
0.7,fTS,0.0416139970917944
0.7,fTS,0.0591376260971974
0.7,fTS,0.0987737195893392
0.7,fTS,0.0967621615021919
0.7,fTS,0.140908092874027
0.7,fTS,0.0448371331877044
0.7,fTS,0.1145114703982
0.7,fTS,0.0617762331148548
0.7,fTS,0.148843902457832
0.7,fTS,0.0418634233548494
0.7,fTS,0.138923335298965
0.7,fTS,0.0999302720183584
0.7,fTS,0.0893867602386624
0.7,fTS,0.154405636310058
0.7,fTS,-0.0999958161840058
0.7,fTS,0.0124976396698167
0.7,fTS,0.0363462835020048
0.7,fTS,0.0117916295161256
0.7,fTS,0.0827458707172317
0.7,fTS,0.104830217639319
0.7,fTS,0.110861156536697
0.7,fTS,0.0547354095704444
0.7,fTS,0.027247376985944
0.7,fTS,0.0478075459286944
0.7,fTS,0.0225148930695851
0.7,fTS,0.0847916881183775
0.7,fTS,0.077813195516433
0.7,fTS,-0.0133049426154244
0.7,fTS,0.071030925460567
0.7,fTS,-0.00741155899655654
0.7,fTS,0.0452745129201142
0.7,fTS,0.133323352078441
0.7,fTS,0.106903390688705
0.7,fTS,0.00673161986156057
0.7,fTS,0.0238861905195857
0.7,fTS,0.0660574739286588
0.7,fTS,0.120383148472752
0.7,fTS,0.0203506593344818
0.7,fTS,0.0656271439004847
0.7,fTS,0.102825697695706
0.7,fTS,0.0388858133727448
0.7,fTS,0.0574589799380698
0.7,fTS,0.0431462623091194
0.7,fTS,-0.022288833994576
0.7,fTS,0.110806515712571
0.7,fTS,0.0875710025061547
0.7,fTS,-0.0076042948259204
0.7,fTS,0.036991481699695
0.7,fTS,0.052291006580846
0.7,fTS,0.0189643940339099
0.7,fTS,0.0589841659592218
0.7,fTS,0.0574904596987165
0.7,fTS,0.0598354232725622
0.7,fTS,0.113317030330791
0.7,fTS,0.036405260379802
0.7,fTS,0.0276536527561517
0.7,fTS,0.0736238686310298
0.7,fTS,0.0948911003180837
0.7,fTS,0.0780508184112645
0.7,fTS,0.0306508429237127
0.7,fTS,0.0683321937021077
0.7,fTS,0.143526838192079
0.7,fTS,0.165737369747267
0.7,fTS,0.0175222603414884
0.7,fTS,0.0581096602318725
0.7,fTS,0.0153822816882392
0.7,fTS,0.0751617157697566
0.7,fTS,0.122064069824726
0.7,fTS,0.0623546118502929
0.7,fTS,-0.0104745618367741
0.7,fTS,0.0978472395365944
0.7,fTS,0.0001345619319717
0.7,fTS,0.0394233643746698
0.7,fTS,0.114277613554049
0.7,fTS,0.109153919424852
0.7,fTS,0.0556568389240064
0.7,fTS,0.024775488523884
0.7,fTS,0.123790883418057
0.7,fTS,0.0791994139847354
0.7,fTS,0.0673401121163903
0.7,fTS,0.0723501369141251
0.7,fTS,0.121369651985673
0.7,fTS,0.0259750699714454
0.7,fTS,0.103630319756566
0.7,fTS,0.0771052658580258
0.7,fTS,-0.00222459720183521
0.7,fTS,0.108777400759364
0.7,fTS,0.108720662455458
0.7,fTS,0.0546379399047681
0.7,fTS,0.0231456633922382
0.7,fTS,0.00319187025564971
0.7,fTS,0.0628534950930981
0.7,fTS,0.0488532094571483
0.7,fTS,0.0735574651419091
0.7,fTS,0.118626938119995
0.7,fTS,0.0446051212752643
0.7,fTS,0.0679865164814795
0.7,fTS,0.141303258917612
0.7,fTS,0.0907530567093597
0.7,fTS,0.0463749923786485
0.7,fTS,0.0421661570425755
0.7,fTS,-0.021585966037843
0.7,fTS,0.0579422386759061
0.7,fTS,0.0895915630083632
0.7,fTS,0.00592113281014917
0.7,fTS,0.0639130418328988
0.7,fTS,0.0188306713166055
0.7,fTS,-0.00824035550356661
0.7,fTS,0.102572593931439
0.7,fTS,0.0350138072580495
0.7,fTS,0.0889348423014467
0.7,fTS,0.0206974924472407
0.7,fTS,0.0865163771330326
0.7,fTS,0.0850858642072172
0.7,fTS,0.105635764538754
0.7,fTS,0.0945181144164611
0.7,fTS,0.0359464788578807
0.7,fTS,0.0469627436645093
0.7,fTS,0.0480505800288469
0.7,fTS,0.168699572361174
0.7,fTS,0.0366221984134179
0.7,fTS,-0.0174663192777367
0.7,fTS,-0.0178057935982349
0.7,fTS,0.0821068534293377
0.7,fTS,0.10320477957505
0.7,fTS,0.0491234150965125
0.7,fTS,0.0455824113053889
0.7,fTS,0.026400297545037
0.7,fTS,-0.0151597756946213
0.7,fTS,0.0742065952989626
0.7,fTS,0.02151941584867
0.7,fTS,0.0955866377337085
0.7,fTS,0.0228130408376042
0.7,fTS,0.0384827051489562
0.7,fTS,0.126257499987328
0.7,fTS,0.0419210225603757
0.7,fTS,0.0462047425091359
0.7,fTS,0.0273578655941142
0.7,fTS,0.0663541763524367
0.7,fTS,0.0271498139316511
0.7,fTS,0.123045594584199
0.7,fTS,0.0332437809696913
0.7,fTS,0.0650765195085519
0.7,fTS,0.15990670189102
0.7,fTS,0.051419908006173
0.7,fTS,0.0341992646862102
0.7,LS_oracle,-0.0230553606373696
0.7,LS_oracle,0.0861764705993553
0.7,LS_oracle,0.0773447283620727
0.7,LS_oracle,0.130847346231713
0.7,LS_oracle,0.0377534530826684
0.7,LS_oracle,0.053255955733569
0.7,LS_oracle,0.078880198822133
0.7,LS_oracle,0.0593866347448033
0.7,LS_oracle,0.00192388578184932
0.7,LS_oracle,-0.0215910889118284
0.7,LS_oracle,0.0555699742269609
0.7,LS_oracle,0.0329934643352119
0.7,LS_oracle,0.123949464124551
0.7,LS_oracle,0.0694484492972514
0.7,LS_oracle,0.0876877524851924
0.7,LS_oracle,0.104106958378029
0.7,LS_oracle,0.07417443435793
0.7,LS_oracle,-0.0113601622479286
0.7,LS_oracle,0.0603814696402809
0.7,LS_oracle,0.0333042748929415
0.7,LS_oracle,0.102167396010399
0.7,LS_oracle,0.0268124067623905
0.7,LS_oracle,0.0219949346266426
0.7,LS_oracle,0.0622432165049052
0.7,LS_oracle,0.0502836715633919
0.7,LS_oracle,0.0966147429808968
0.7,LS_oracle,0.0895723372641106
0.7,LS_oracle,0.0110405509107034
0.7,LS_oracle,0.066964849045547
0.7,LS_oracle,-0.032370982811451
0.7,LS_oracle,-0.000301757476757425
0.7,LS_oracle,0.139046345499261
0.7,LS_oracle,0.0520674065541527
0.7,LS_oracle,0.103734642638696
0.7,LS_oracle,0.0606501914295277
0.7,LS_oracle,0.0903940070276494
0.7,LS_oracle,0.0339578890857195
0.7,LS_oracle,0.0237118835170589
0.7,LS_oracle,0.0736763224188615
0.7,LS_oracle,0.0192923517073831
0.7,LS_oracle,0.0436294333602898
0.7,LS_oracle,0.0537143982186372
0.7,LS_oracle,0.137570342241218
0.7,LS_oracle,0.0179585440909762
0.7,LS_oracle,-0.0322269032959787
0.7,LS_oracle,0.153175254510134
0.7,LS_oracle,0.00682370393162834
0.7,LS_oracle,0.0134307764260548
0.7,LS_oracle,0.0611969487122082
0.7,LS_oracle,-0.0117161560660881
0.7,LS_oracle,0.143876794202338
0.7,LS_oracle,0.0360615428593927
0.7,LS_oracle,0.139312646413849
0.7,LS_oracle,0.0585570586104445
0.7,LS_oracle,0.0425114011647834
0.7,LS_oracle,0.0535990643645909
0.7,LS_oracle,0.0994071655417648
0.7,LS_oracle,0.104420004994945
0.7,LS_oracle,0.147975879063776
0.7,LS_oracle,0.0484404333406248
0.7,LS_oracle,0.119597832121431
0.7,LS_oracle,0.0615626964236895
0.7,LS_oracle,0.146213278935882
0.7,LS_oracle,0.0366781229216055
0.7,LS_oracle,0.142934427934118
0.7,LS_oracle,0.114954778074631
0.7,LS_oracle,0.0965789913645398
0.7,LS_oracle,0.15919765610711
0.7,LS_oracle,-0.0975265115515291
0.7,LS_oracle,0.00599460548523889
0.7,LS_oracle,0.0393232643269759
0.7,LS_oracle,0.0213597744180463
0.7,LS_oracle,0.0816408367873618
0.7,LS_oracle,0.104784975541954
0.7,LS_oracle,0.104819922317532
0.7,LS_oracle,0.0566906542384593
0.7,LS_oracle,0.0389203951120534
0.7,LS_oracle,0.0622601430574967
0.7,LS_oracle,0.0223959530078259
0.7,LS_oracle,0.083085436976466
0.7,LS_oracle,0.0816205307939117
0.7,LS_oracle,-0.0148197103996902
0.7,LS_oracle,0.069478259255614
0.7,LS_oracle,-0.0045162083845528
0.7,LS_oracle,0.0455820984373476
0.7,LS_oracle,0.142262118801652
0.7,LS_oracle,0.10872848799283
0.7,LS_oracle,0.0231380202087508
0.7,LS_oracle,0.0326364524011122
0.7,LS_oracle,0.0718055014473702
0.7,LS_oracle,0.123131891465323
0.7,LS_oracle,0.0234895083321702
0.7,LS_oracle,0.0632826037743257
0.7,LS_oracle,0.105551215098086
0.7,LS_oracle,0.0463684645464966
0.7,LS_oracle,0.0583485559011678
0.7,LS_oracle,0.0454251748513284
0.7,LS_oracle,-0.013007097656093
0.7,LS_oracle,0.111538215269838
0.7,LS_oracle,0.0920238563638154
0.7,LS_oracle,-0.00751194448656156
0.7,LS_oracle,0.0435682351053965
0.7,LS_oracle,0.0578523618887667
0.7,LS_oracle,0.0246365275560392
0.7,LS_oracle,0.0623090200035852
0.7,LS_oracle,0.053585986438097
0.7,LS_oracle,0.0588433772757493
0.7,LS_oracle,0.105397375614502
0.7,LS_oracle,0.032747725047227
0.7,LS_oracle,0.0285980420245373
0.7,LS_oracle,0.0766553611656786
0.7,LS_oracle,0.0952931360758964
0.7,LS_oracle,0.0891469242341258
0.7,LS_oracle,0.0367874459565669
0.7,LS_oracle,0.0694617073350672
0.7,LS_oracle,0.137944303978794
0.7,LS_oracle,0.167969660675448
0.7,LS_oracle,0.0172302462015532
0.7,LS_oracle,0.06579650370899
0.7,LS_oracle,0.0204207931994531
0.7,LS_oracle,0.0737595512821949
0.7,LS_oracle,0.130713395242314
0.7,LS_oracle,0.0739292818858319
0.7,LS_oracle,-0.00567333503255274
0.7,LS_oracle,0.0958049202265001
0.7,LS_oracle,0.0069349196413715
0.7,LS_oracle,0.0383306672329888
0.7,LS_oracle,0.12435338102923
0.7,LS_oracle,0.102551758152207
0.7,LS_oracle,0.0542512822017351
0.7,LS_oracle,0.026369383838923
0.7,LS_oracle,0.118963251627702
0.7,LS_oracle,0.069716246943162
0.7,LS_oracle,0.0697435869775431
0.7,LS_oracle,0.0890300036323828
0.7,LS_oracle,0.134173411830639
0.7,LS_oracle,0.0305508601108035
0.7,LS_oracle,0.112745740013825
0.7,LS_oracle,0.0819933162490565
0.7,LS_oracle,0.0033069836725359
0.7,LS_oracle,0.106845730256144
0.7,LS_oracle,0.110155332037889
0.7,LS_oracle,0.0590318857751799
0.7,LS_oracle,0.0264367388133055
0.7,LS_oracle,0.0167033439416302
0.7,LS_oracle,0.0696908534399459
0.7,LS_oracle,0.0577794849141002
0.7,LS_oracle,0.0776360974864736
0.7,LS_oracle,0.121824568421657
0.7,LS_oracle,0.0451345096924216
0.7,LS_oracle,0.0621455931429584
0.7,LS_oracle,0.139196977417831
0.7,LS_oracle,0.085113143288106
0.7,LS_oracle,0.0519385122244165
0.7,LS_oracle,0.0386485958983769
0.7,LS_oracle,-0.0156564213597844
0.7,LS_oracle,0.0569032127125439
0.7,LS_oracle,0.0937505715073601
0.7,LS_oracle,0.00968407161335394
0.7,LS_oracle,0.0642175780582903
0.7,LS_oracle,0.0207073406716327
0.7,LS_oracle,-0.00381941392339802
0.7,LS_oracle,0.0998912834770969
0.7,LS_oracle,0.0414014202355033
0.7,LS_oracle,0.108581075091728
0.7,LS_oracle,0.0241339122122182
0.7,LS_oracle,0.0836379525228823
0.7,LS_oracle,0.0883688794336446
0.7,LS_oracle,0.105957651103914
0.7,LS_oracle,0.0899618708222496
0.7,LS_oracle,0.0406137036296108
0.7,LS_oracle,0.0563882163186911
0.7,LS_oracle,0.0525765749236238
0.7,LS_oracle,0.17966107307484
0.7,LS_oracle,0.0403974769294482
0.7,LS_oracle,-0.0133410147279989
0.7,LS_oracle,-0.00845312831529088
0.7,LS_oracle,0.0906922638519183
0.7,LS_oracle,0.11606709406171
0.7,LS_oracle,0.0562843900595251
0.7,LS_oracle,0.0479015912041343
0.7,LS_oracle,0.0279440316028516
0.7,LS_oracle,-0.0211212776368296
0.7,LS_oracle,0.0747354923148897
0.7,LS_oracle,0.0277510099592941
0.7,LS_oracle,0.100513369734614
0.7,LS_oracle,0.0330952511107407
0.7,LS_oracle,0.043893614494916
0.7,LS_oracle,0.128826610663813
0.7,LS_oracle,0.0419384170727455
0.7,LS_oracle,0.0397646883222496
0.7,LS_oracle,0.029037639481349
0.7,LS_oracle,0.0706224324376938
0.7,LS_oracle,0.0275244657273575
0.7,LS_oracle,0.119629713751408
0.7,LS_oracle,0.0398841982427565
0.7,LS_oracle,0.0712490850405161
0.7,LS_oracle,0.161372132283045
0.7,LS_oracle,0.0598471729577714
0.7,LS_oracle,0.0307666893233423
0.7,TS_oracle,-0.0270116105616161
0.7,TS_oracle,0.0923323103605764
0.7,TS_oracle,0.0812035808561833
0.7,TS_oracle,0.122916773596628
0.7,TS_oracle,0.0315436349653253
0.7,TS_oracle,0.0512735801313715
0.7,TS_oracle,0.0747036210254743
0.7,TS_oracle,0.054694877262182
0.7,TS_oracle,-0.00515994257635011
0.7,TS_oracle,-0.0180862624949855
0.7,TS_oracle,0.050481168440055
0.7,TS_oracle,0.0353511154713406
0.7,TS_oracle,0.117047293922858
0.7,TS_oracle,0.0633833479906301
0.7,TS_oracle,0.0914562169523365
0.7,TS_oracle,0.0907629479411234
0.7,TS_oracle,0.0675031685859766
0.7,TS_oracle,-0.0171521181750989
0.7,TS_oracle,0.0565329317824104
0.7,TS_oracle,0.0277840319385194
0.7,TS_oracle,0.101989232093108
0.7,TS_oracle,0.022983085588512
0.7,TS_oracle,0.0231419167062237
0.7,TS_oracle,0.0523171276993106
0.7,TS_oracle,0.0523791036354162
0.7,TS_oracle,0.0940747474776249
0.7,TS_oracle,0.0896261903196311
0.7,TS_oracle,0.0109343196881593
0.7,TS_oracle,0.0668120919598705
0.7,TS_oracle,-0.0338833544531718
0.7,TS_oracle,-0.00415752020561722
0.7,TS_oracle,0.136374250498642
0.7,TS_oracle,0.0492703738791951
0.7,TS_oracle,0.105210774212056
0.7,TS_oracle,0.0559392746994543
0.7,TS_oracle,0.0867720042410327
0.7,TS_oracle,0.0363921077567655
0.7,TS_oracle,0.0282929254138156
0.7,TS_oracle,0.0641632291126888
0.7,TS_oracle,0.0170298734975438
0.7,TS_oracle,0.0402848501647934
0.7,TS_oracle,0.0581623326410066
0.7,TS_oracle,0.13659072835325
0.7,TS_oracle,0.0185168581593989
0.7,TS_oracle,-0.0392387050918073
0.7,TS_oracle,0.159829030103063
0.7,TS_oracle,0.0111235471496856
0.7,TS_oracle,-0.00175381415983067
0.7,TS_oracle,0.0642394556296824
0.7,TS_oracle,-0.00953419588890569
0.7,TS_oracle,0.14079607280714
0.7,TS_oracle,0.0323147874674816
0.7,TS_oracle,0.133037059154353
0.7,TS_oracle,0.0510622522395976
0.7,TS_oracle,0.039321914131027
0.7,TS_oracle,0.0590774001623102
0.7,TS_oracle,0.0987690369692733
0.7,TS_oracle,0.0963914316727212
0.7,TS_oracle,0.141034526818964
0.7,TS_oracle,0.0443608666618149
0.7,TS_oracle,0.11449304898847
0.7,TS_oracle,0.0617434075607348
0.7,TS_oracle,0.148905056716348
0.7,TS_oracle,0.0418586488080304
0.7,TS_oracle,0.139127387134945
0.7,TS_oracle,0.0999081865226694
0.7,TS_oracle,0.0894880727177976
0.7,TS_oracle,0.154621452235357
0.7,TS_oracle,-0.0999417364392755
0.7,TS_oracle,0.0124882180418711
0.7,TS_oracle,0.0364062779715262
0.7,TS_oracle,0.0115315954359385
0.7,TS_oracle,0.0827289236437492
0.7,TS_oracle,0.10463937482243
0.7,TS_oracle,0.110843405846215
0.7,TS_oracle,0.0535735653357405
0.7,TS_oracle,0.0274196711712464
0.7,TS_oracle,0.0476383822682234
0.7,TS_oracle,0.0224519403712298
0.7,TS_oracle,0.0847441665052298
0.7,TS_oracle,0.0778050816542109
0.7,TS_oracle,-0.0134688553561195
0.7,TS_oracle,0.0710772480702799
0.7,TS_oracle,-0.00740714893542227
0.7,TS_oracle,0.0453121260178087
0.7,TS_oracle,0.133789481456362
0.7,TS_oracle,0.106873207731606
0.7,TS_oracle,0.00694577017228615
0.7,TS_oracle,0.0244277037778877
0.7,TS_oracle,0.0660481408516127
0.7,TS_oracle,0.120368876613034
0.7,TS_oracle,0.0202782844094525
0.7,TS_oracle,0.0654403697947061
0.7,TS_oracle,0.102858991869793
0.7,TS_oracle,0.0388788742151058
0.7,TS_oracle,0.0565510965907821
0.7,TS_oracle,0.0431624640875945
0.7,TS_oracle,-0.0220311608388739
0.7,TS_oracle,0.110880158879136
0.7,TS_oracle,0.0866841030391685
0.7,TS_oracle,-0.00757215688087243
0.7,TS_oracle,0.0382304329782117
0.7,TS_oracle,0.0521120818995942
0.7,TS_oracle,0.0189793943365688
0.7,TS_oracle,0.0590287681633423
0.7,TS_oracle,0.0574681359868021
0.7,TS_oracle,0.0597756318263742
0.7,TS_oracle,0.113426678755014
0.7,TS_oracle,0.0356368759214285
0.7,TS_oracle,0.027641257638197
0.7,TS_oracle,0.0736191165722964
0.7,TS_oracle,0.0949179947928069
0.7,TS_oracle,0.0780641268530438
0.7,TS_oracle,0.0306285316634545
0.7,TS_oracle,0.068352769743828
0.7,TS_oracle,0.14354651066181
0.7,TS_oracle,0.165894543653157
0.7,TS_oracle,0.0174799084611201
0.7,TS_oracle,0.0563657837258353
0.7,TS_oracle,0.0155227165903642
0.7,TS_oracle,0.0748767264461698
0.7,TS_oracle,0.121187761139016
0.7,TS_oracle,0.0622975352322164
0.7,TS_oracle,-0.0104686667005298
0.7,TS_oracle,0.0975919029338799
0.7,TS_oracle,4.90687845495774e-05
0.7,TS_oracle,0.0390716830840734
0.7,TS_oracle,0.114324699388366
0.7,TS_oracle,0.10914007770005
0.7,TS_oracle,0.0558668078961546
0.7,TS_oracle,0.024795793254214
0.7,TS_oracle,0.12383838183458
0.7,TS_oracle,0.0791766827997145
0.7,TS_oracle,0.0665683650460125
0.7,TS_oracle,0.0725163061916325
0.7,TS_oracle,0.121602739235548
0.7,TS_oracle,0.0260022022039577
0.7,TS_oracle,0.103515424743632
0.7,TS_oracle,0.0766264531485013
0.7,TS_oracle,-0.00201044521156524
0.7,TS_oracle,0.108786275158566
0.7,TS_oracle,0.108560837726886
0.7,TS_oracle,0.054645511875806
0.7,TS_oracle,0.0230666803056345
0.7,TS_oracle,0.00317487671003636
0.7,TS_oracle,0.0628488735848871
0.7,TS_oracle,0.0488546108894996
0.7,TS_oracle,0.0734783076730878
0.7,TS_oracle,0.118800373743785
0.7,TS_oracle,0.0446270655878496
0.7,TS_oracle,0.0679379949550287
0.7,TS_oracle,0.141253263424135
0.7,TS_oracle,0.0897452843698097
0.7,TS_oracle,0.0462528402296845
0.7,TS_oracle,0.0421759455134418
0.7,TS_oracle,-0.0219078670489363
0.7,TS_oracle,0.0582520958274657
0.7,TS_oracle,0.0895733172881445
0.7,TS_oracle,0.006067725212199
0.7,TS_oracle,0.0638887685612628
0.7,TS_oracle,0.0188127880253375
0.7,TS_oracle,-0.0081393951088522
0.7,TS_oracle,0.102567567958747
0.7,TS_oracle,0.0353036168714294
0.7,TS_oracle,0.0889223698631729
0.7,TS_oracle,0.0209049545556006
0.7,TS_oracle,0.0865305199938897
0.7,TS_oracle,0.0849150494762299
0.7,TS_oracle,0.105385289645191
0.7,TS_oracle,0.0944677509601788
0.7,TS_oracle,0.0343298454176408
0.7,TS_oracle,0.0467210957797595
0.7,TS_oracle,0.0479655649767752
0.7,TS_oracle,0.168698035803246
0.7,TS_oracle,0.0364016598921781
0.7,TS_oracle,-0.0174668630722821
0.7,TS_oracle,-0.0178259886496495
0.7,TS_oracle,0.0820579434291837
0.7,TS_oracle,0.103194619561257
0.7,TS_oracle,0.0489402666388767
0.7,TS_oracle,0.0458134565417847
0.7,TS_oracle,0.0266782794283806
0.7,TS_oracle,-0.0147769585502666
0.7,TS_oracle,0.0742041994835638
0.7,TS_oracle,0.0206360194124144
0.7,TS_oracle,0.095476267323479
0.7,TS_oracle,0.0228079392621736
0.7,TS_oracle,0.0384897721060502
0.7,TS_oracle,0.126278495184514
0.7,TS_oracle,0.0424887370618856
0.7,TS_oracle,0.0461046160424075
0.7,TS_oracle,0.0269249081163014
0.7,TS_oracle,0.066245559473417
0.7,TS_oracle,0.0272741837064641
0.7,TS_oracle,0.123038621138017
0.7,TS_oracle,0.0332434433206918
0.7,TS_oracle,0.0656219501897
0.7,TS_oracle,0.15972142481949
0.7,TS_oracle,0.0514389347662652
0.7,TS_oracle,0.0344014663010748
0.8,PLS,0.0242706953719418
0.8,PLS,0.19805433685371
0.8,PLS,0.0399409034575304
0.8,PLS,0.100494505627155
0.8,PLS,0.0510472398280009
0.8,PLS,0.0941234755715568
0.8,PLS,0.0586235225621967
0.8,PLS,0.0206087749780599
0.8,PLS,0.116140426181397
0.8,PLS,0.150018302208216
0.8,PLS,0.116739327305271
0.8,PLS,0.0784862415544989
0.8,PLS,0.0982784778872627
0.8,PLS,-0.044867236894952
0.8,PLS,0.0391217542341584
0.8,PLS,0.0310337039821271
0.8,PLS,0.111319252229644
0.8,PLS,-0.0290056200122136
0.8,PLS,0.0682132781148379
0.8,PLS,0.0531718381558579
0.8,PLS,-0.004602365224045
0.8,PLS,0.0977369505229888
0.8,PLS,0.0181608470990946
0.8,PLS,0.015638626245952
0.8,PLS,0.0515202190277633
0.8,PLS,0.0939065661504024
0.8,PLS,0.060308234731713
0.8,PLS,0.116768910933385
0.8,PLS,-0.0291398045000469
0.8,PLS,0.0397183951406084
0.8,PLS,0.0122037875820091
0.8,PLS,0.139261249509098
0.8,PLS,0.0228214846038926
0.8,PLS,0.124881369736375
0.8,PLS,-0.000121797026865433
0.8,PLS,0.0675779412914042
0.8,PLS,-0.0366610787806037
0.8,PLS,0.0432995889707228
0.8,PLS,0.0119239173105805
0.8,PLS,-0.0169093504045098
0.8,PLS,-0.00803602657175073
0.8,PLS,0.122329410909435
0.8,PLS,0.0519697563284516
0.8,PLS,0.0344706737898319
0.8,PLS,0.0771759467691726
0.8,PLS,0.100376983423566
0.8,PLS,0.0471555077029595
0.8,PLS,0.0358328646407862
0.8,PLS,0.0550128128779221
0.8,PLS,0.0656726917500927
0.8,PLS,0.0799811308592371
0.8,PLS,0.131865237570227
0.8,PLS,0.0421917585456715
0.8,PLS,0.107709032114603
0.8,PLS,0.0423499100969686
0.8,PLS,0.0275333060738354
0.8,PLS,0.0988274171970451
0.8,PLS,0.0828929992070269
0.8,PLS,0.00423654877207857
0.8,PLS,0.0698763253426005
0.8,PLS,0.0731248378507894
0.8,PLS,0.0151600950256954
0.8,PLS,0.103266291042202
0.8,PLS,0.0798074607713088
0.8,PLS,0.0717539174488793
0.8,PLS,0.107838152154705
0.8,PLS,0.121869576051947
0.8,PLS,0.0489086792158273
0.8,PLS,0.144846774270065
0.8,PLS,0.120506887449487
0.8,PLS,0.173247849514232
0.8,PLS,0.0998658149483165
0.8,PLS,0.126342588491265
0.8,PLS,0.178549271421916
0.8,PLS,-0.0081531718505844
0.8,PLS,0.0755086377256287
0.8,PLS,0.0309076986840746
0.8,PLS,0.0881051099602557
0.8,PLS,0.0848091551656012
0.8,PLS,0.0917121598702983
0.8,PLS,-0.00235391323756295
0.8,PLS,0.126680393812374
0.8,PLS,0.0686341309213652
0.8,PLS,0.139726400729712
0.8,PLS,0.0181897390193064
0.8,PLS,0.111328257626137
0.8,PLS,0.00080699236602455
0.8,PLS,-0.0328943646070621
0.8,PLS,0.0341222823060674
0.8,PLS,0.171546740321974
0.8,PLS,0.130637904032581
0.8,PLS,0.0243911504576695
0.8,PLS,-0.00998996816584508
0.8,PLS,0.136153339322581
0.8,PLS,0.0284715579593966
0.8,PLS,-0.00284801381213651
0.8,PLS,0.0582427851894332
0.8,PLS,0.0768565554974705
0.8,PLS,0.00336301437878039
0.8,PLS,0.0400839966084885
0.8,PLS,0.0894577987524514
0.8,PLS,0.0932316903218864
0.8,PLS,0.0393525296932966
0.8,PLS,0.00389567063692087
0.8,PLS,-0.0572196580316591
0.8,PLS,-0.00652796913247533
0.8,PLS,0.0700732136872915
0.8,PLS,0.0512769125351678
0.8,PLS,0.105357498089175
0.8,PLS,-0.0179181651121658
0.8,PLS,0.0496417680274714
0.8,PLS,0.0764104641467971
0.8,PLS,0.0908546770664502
0.8,PLS,0.176984543498734
0.8,PLS,0.106914727701102
0.8,PLS,0.131831287106434
0.8,PLS,0.0377729215271689
0.8,PLS,0.0382087928491692
0.8,PLS,0.0097715515456922
0.8,PLS,0.0543656872520863
0.8,PLS,0.123173161942885
0.8,PLS,0.0829526897368651
0.8,PLS,0.0318701447946843
0.8,PLS,0.00942564193671602
0.8,PLS,-0.0120512885882759
0.8,PLS,0.032771734268602
0.8,PLS,0.118503687511575
0.8,PLS,0.0503986400312038
0.8,PLS,-0.0101400729923989
0.8,PLS,0.0518379307878027
0.8,PLS,0.0816616781273058
0.8,PLS,0.0336384933975638
0.8,PLS,0.0719971249328744
0.8,PLS,0.0722300620187155
0.8,PLS,0.0564810711152472
0.8,PLS,0.0564054172270436
0.8,PLS,0.0372258007471185
0.8,PLS,-0.0100821893672193
0.8,PLS,0.0295139344815802
0.8,PLS,-0.0445207213309182
0.8,PLS,-0.0103409348444617
0.8,PLS,0.0924997927994082
0.8,PLS,0.0521625276438114
0.8,PLS,0.120233035496089
0.8,PLS,0.108465893894397
0.8,PLS,-0.0226655469405977
0.8,PLS,0.145753735651915
0.8,PLS,0.0953422599212084
0.8,PLS,-0.0518926923354921
0.8,PLS,0.0917854022846696
0.8,PLS,0.076083705012149
0.8,PLS,0.138299182337376
0.8,PLS,0.070279797039144
0.8,PLS,0.144559296095442
0.8,PLS,0.04061859930543
0.8,PLS,0.130512976262565
0.8,PLS,0.130730337194538
0.8,PLS,0.0567693885129712
0.8,PLS,-0.0651996146928153
0.8,PLS,0.0549628714202219
0.8,PLS,0.0682002224897194
0.8,PLS,0.0950148637698167
0.8,PLS,0.168219078034951
0.8,PLS,0.0760847744492488
0.8,PLS,0.0386726277375098
0.8,PLS,-0.0224350961777594
0.8,PLS,0.103199980996935
0.8,PLS,-0.0556446596724353
0.8,PLS,0.0306080637130837
0.8,PLS,0.0383432928400242
0.8,PLS,0.0511915319728136
0.8,PLS,0.137199391565859
0.8,PLS,0.0957039066596137
0.8,PLS,0.0579266542346171
0.8,PLS,0.0111160764877991
0.8,PLS,-0.0250476863887988
0.8,PLS,-0.032291414264752
0.8,PLS,0.168814648295875
0.8,PLS,-0.00945694683073817
0.8,PLS,0.122178531834454
0.8,PLS,0.0902164980736977
0.8,PLS,0.0445834158046214
0.8,PLS,0.0297118728860741
0.8,PLS,0.0212362461128239
0.8,PLS,0.0652928890931923
0.8,PLS,0.0364273600574658
0.8,PLS,0.0363621389198774
0.8,PLS,0.0196752704389476
0.8,PLS,0.0849569810189179
0.8,PLS,0.0363448116441418
0.8,PLS,0.0401473006290041
0.8,PLS,0.0304180882077469
0.8,PLS,0.109668959100175
0.8,PLS,0.0595582167920898
0.8,PLS,-0.0227879045543624
0.8,PLS,0.00119534650650022
0.8,PLS,0.0904339909089891
0.8,PLS,-0.0135197396644768
0.8,PLS,0.192403334717484
0.8,PLS,0.130870077555268
0.8,fTS,0.0220130073846065
0.8,fTS,0.19418187718958
0.8,fTS,0.0205365596689315
0.8,fTS,0.0909220752618431
0.8,fTS,0.0519185146308252
0.8,fTS,0.0814473524351966
0.8,fTS,0.0610364746331118
0.8,fTS,0.0263650862679878
0.8,fTS,0.122672713608342
0.8,fTS,0.135501097511211
0.8,fTS,0.118902519056531
0.8,fTS,0.0756086554168693
0.8,fTS,0.0931477576049649
0.8,fTS,-0.0472832778069001
0.8,fTS,0.02840667365076
0.8,fTS,0.0335581031369778
0.8,fTS,0.119231467948848
0.8,fTS,-0.0440513925890372
0.8,fTS,0.0612932814093954
0.8,fTS,0.0432488702949776
0.8,fTS,-0.0101779430505453
0.8,fTS,0.103912911772671
0.8,fTS,0.0122831020492755
0.8,fTS,0.0176136141251313
0.8,fTS,0.0485972168134337
0.8,fTS,0.0986997238436371
0.8,fTS,0.0430628325583262
0.8,fTS,0.122312439700886
0.8,fTS,-0.0389096794908538
0.8,fTS,0.0405248759953249
0.8,fTS,-0.00509515470576971
0.8,fTS,0.137953809495072
0.8,fTS,0.0240507202160867
0.8,fTS,0.117516441525786
0.8,fTS,-0.0162052252297369
0.8,fTS,0.0606345330274869
0.8,fTS,-0.0437941322959565
0.8,fTS,0.0392024758093943
0.8,fTS,-0.00692400284065808
0.8,fTS,-0.0249842595962384
0.8,fTS,-0.010894735433732
0.8,fTS,0.111492989015985
0.8,fTS,0.0587414662163221
0.8,fTS,0.0229721215371728
0.8,fTS,0.0638411288598293
0.8,fTS,0.0977744337647641
0.8,fTS,0.0560458498369258
0.8,fTS,0.0357413927019805
0.8,fTS,0.04098768945367
0.8,fTS,0.0521968734672327
0.8,fTS,0.0729212919286641
0.8,fTS,0.1220694885834
0.8,fTS,0.0400639003087129
0.8,fTS,0.100090877257859
0.8,fTS,0.0276180492673845
0.8,fTS,0.0192808232384292
0.8,fTS,0.100490720594328
0.8,fTS,0.0761792979044713
0.8,fTS,-0.0169049066948158
0.8,fTS,0.0641765453983858
0.8,fTS,0.0658654597894073
0.8,fTS,0.0101175644542346
0.8,fTS,0.0851909543649143
0.8,fTS,0.0760750089605977
0.8,fTS,0.0786993229457238
0.8,fTS,0.107135246699588
0.8,fTS,0.113602471193921
0.8,fTS,0.0409545057959237
0.8,fTS,0.14357737372851
0.8,fTS,0.121603918879872
0.8,fTS,0.169254410133432
0.8,fTS,0.0899961325990495
0.8,fTS,0.122660086526211
0.8,fTS,0.177443390270954
0.8,fTS,-0.0135525085960133
0.8,fTS,0.0582038803237102
0.8,fTS,0.0252275568246274
0.8,fTS,0.0894644771060544
0.8,fTS,0.0812148154080554
0.8,fTS,0.0880056981362773
0.8,fTS,-3.88821764782943e-05
0.8,fTS,0.130186768289154
0.8,fTS,0.0664934590409116
0.8,fTS,0.137528187612894
0.8,fTS,0.0153502111664829
0.8,fTS,0.0929186331019272
0.8,fTS,0.00119919699512594
0.8,fTS,-0.0397495304389243
0.8,fTS,0.0360591619212076
0.8,fTS,0.16335648993974
0.8,fTS,0.122325211127895
0.8,fTS,0.0173363758759246
0.8,fTS,-0.0123003505912097
0.8,fTS,0.138255962380421
0.8,fTS,0.0222459514123732
0.8,fTS,-0.0068903349265238
0.8,fTS,0.0513782906384372
0.8,fTS,0.0724875090296884
0.8,fTS,0.00687548860304066
0.8,fTS,0.0275238058737419
0.8,fTS,0.0834907948731496
0.8,fTS,0.0921812496437944
0.8,fTS,0.0496121644771648
0.8,fTS,-0.00951775147184009
0.8,fTS,-0.0595243800346602
0.8,fTS,0.00123378624463277
0.8,fTS,0.0698614498467507
0.8,fTS,0.0398581330592453
0.8,fTS,0.105768924268078
0.8,fTS,-0.0278694590287114
0.8,fTS,0.0446385346405054
0.8,fTS,0.0816832115490591
0.8,fTS,0.0926555246986578
0.8,fTS,0.172232932349942
0.8,fTS,0.099998882325832
0.8,fTS,0.130829991588988
0.8,fTS,0.0476926473675321
0.8,fTS,0.0385191836195482
0.8,fTS,0.00926114359116514
0.8,fTS,0.0601941236026124
0.8,fTS,0.109717837532191
0.8,fTS,0.0744185690097487
0.8,fTS,0.0216757177872624
0.8,fTS,0.00409176333113126
0.8,fTS,-0.0188734544709839
0.8,fTS,0.035104011468992
0.8,fTS,0.107359335008204
0.8,fTS,0.0359024517627538
0.8,fTS,-0.0162063265733901
0.8,fTS,0.0453104633080748
0.8,fTS,0.073308191941472
0.8,fTS,0.0313926674525247
0.8,fTS,0.0699093491728628
0.8,fTS,0.0688682302745676
0.8,fTS,0.0526506846099699
0.8,fTS,0.0534577812875507
0.8,fTS,0.033746032544913
0.8,fTS,-0.0142011917557592
0.8,fTS,0.026519591308779
0.8,fTS,-0.0430749847153674
0.8,fTS,-0.0091113935068613
0.8,fTS,0.0795875702683986
0.8,fTS,0.0409332916405876
0.8,fTS,0.121014862237626
0.8,fTS,0.102350789857843
0.8,fTS,-0.0265213690241168
0.8,fTS,0.145246735928964
0.8,fTS,0.0757802999601074
0.8,fTS,-0.0563486901687222
0.8,fTS,0.0894437482669932
0.8,fTS,0.0674693328782725
0.8,fTS,0.129426845349871
0.8,fTS,0.0620569894371887
0.8,fTS,0.144150559892265
0.8,fTS,0.0314214348968185
0.8,fTS,0.116420281829155
0.8,fTS,0.124834803183421
0.8,fTS,0.051741493842232
0.8,fTS,-0.0636684060157482
0.8,fTS,0.0408684565201356
0.8,fTS,0.0738941249920568
0.8,fTS,0.0881877005187046
0.8,fTS,0.157318061207891
0.8,fTS,0.0798376048573646
0.8,fTS,0.0298938292113446
0.8,fTS,-0.0242301782990048
0.8,fTS,0.0898180794337582
0.8,fTS,-0.0620679473394173
0.8,fTS,0.0246841671381559
0.8,fTS,0.0357701720901529
0.8,fTS,0.055544248182708
0.8,fTS,0.125426336878278
0.8,fTS,0.0937821710977065
0.8,fTS,0.0509195723971898
0.8,fTS,0.000208885593856456
0.8,fTS,-0.0268083386131425
0.8,fTS,-0.0383821451753372
0.8,fTS,0.149002067214424
0.8,fTS,-0.0116717643416296
0.8,fTS,0.115132505727952
0.8,fTS,0.0866434917826544
0.8,fTS,0.0411015133014487
0.8,fTS,0.0235492963081203
0.8,fTS,0.0233833370161378
0.8,fTS,0.064148960114472
0.8,fTS,0.0298798147154828
0.8,fTS,0.029797844494555
0.8,fTS,0.0169872780703431
0.8,fTS,0.0741340828432677
0.8,fTS,0.0272408536970234
0.8,fTS,0.0327603451264113
0.8,fTS,0.0206521134769695
0.8,fTS,0.112720293618232
0.8,fTS,0.0573598915146458
0.8,fTS,-0.0190456372141168
0.8,fTS,0.00323673101527255
0.8,fTS,0.0768048137929427
0.8,fTS,-0.0159720165902909
0.8,fTS,0.19098134303464
0.8,fTS,0.129724071069501
0.8,LS_oracle,0.0205005034396737
0.8,LS_oracle,0.195608207386303
0.8,LS_oracle,0.0386032920079611
0.8,LS_oracle,0.0988065615436236
0.8,LS_oracle,0.0509257212262766
0.8,LS_oracle,0.0963593412042971
0.8,LS_oracle,0.0585696134514144
0.8,LS_oracle,0.0237197511853995
0.8,LS_oracle,0.116716350422915
0.8,LS_oracle,0.150075215461461
0.8,LS_oracle,0.117167698322777
0.8,LS_oracle,0.0782516861470759
0.8,LS_oracle,0.0990528031942746
0.8,LS_oracle,-0.0452615636515686
0.8,LS_oracle,0.0391905771626846
0.8,LS_oracle,0.0307369947137841
0.8,LS_oracle,0.110933985754456
0.8,LS_oracle,-0.0291130021738305
0.8,LS_oracle,0.0682107809627148
0.8,LS_oracle,0.0535967571635074
0.8,LS_oracle,-0.00450387935316077
0.8,LS_oracle,0.0979135068291737
0.8,LS_oracle,0.019598576151715
0.8,LS_oracle,0.0156391868452819
0.8,LS_oracle,0.0470480509951259
0.8,LS_oracle,0.0927621748758962
0.8,LS_oracle,0.0560644348482526
0.8,LS_oracle,0.117511221910377
0.8,LS_oracle,-0.0289230058694792
0.8,LS_oracle,0.0390329588852463
0.8,LS_oracle,0.00920094540041161
0.8,LS_oracle,0.138935976461701
0.8,LS_oracle,0.0227592234411125
0.8,LS_oracle,0.12454946895287
0.8,LS_oracle,-0.00108670602564442
0.8,LS_oracle,0.0675801689817663
0.8,LS_oracle,-0.0368411492330346
0.8,LS_oracle,0.0434477315154511
0.8,LS_oracle,0.0116715657875006
0.8,LS_oracle,-0.0169602210052088
0.8,LS_oracle,-0.00820323875712081
0.8,LS_oracle,0.123243606340573
0.8,LS_oracle,0.0523391787892684
0.8,LS_oracle,0.0341890549476198
0.8,LS_oracle,0.0772575711520986
0.8,LS_oracle,0.100385141191329
0.8,LS_oracle,0.045492541351412
0.8,LS_oracle,0.0368779126873919
0.8,LS_oracle,0.0504014995240147
0.8,LS_oracle,0.0657174969122973
0.8,LS_oracle,0.0797075857851903
0.8,LS_oracle,0.131808808902564
0.8,LS_oracle,0.0420763662275117
0.8,LS_oracle,0.107716331481681
0.8,LS_oracle,0.0428568341942392
0.8,LS_oracle,0.0273693981680618
0.8,LS_oracle,0.0977499229100081
0.8,LS_oracle,0.0828889873859673
0.8,LS_oracle,0.00430932929658612
0.8,LS_oracle,0.0695458122731818
0.8,LS_oracle,0.0731931140228452
0.8,LS_oracle,0.0154558920302601
0.8,LS_oracle,0.104309494659853
0.8,LS_oracle,0.0800409942611064
0.8,LS_oracle,0.0716882129740863
0.8,LS_oracle,0.107993425629189
0.8,LS_oracle,0.122891863468265
0.8,LS_oracle,0.0448921045602375
0.8,LS_oracle,0.144847960495115
0.8,LS_oracle,0.120436955816531
0.8,LS_oracle,0.172596341560217
0.8,LS_oracle,0.100112043307642
0.8,LS_oracle,0.126489912779896
0.8,LS_oracle,0.177913475898049
0.8,LS_oracle,-0.00901301831967616
0.8,LS_oracle,0.0750648357546171
0.8,LS_oracle,0.0304812640387313
0.8,LS_oracle,0.0853693678153675
0.8,LS_oracle,0.0844449790199988
0.8,LS_oracle,0.0913324042410546
0.8,LS_oracle,-0.00175670760854418
0.8,LS_oracle,0.128353359418793
0.8,LS_oracle,0.0695626121508461
0.8,LS_oracle,0.140143737292461
0.8,LS_oracle,0.017028670231068
0.8,LS_oracle,0.110235605580373
0.8,LS_oracle,0.000907855652807932
0.8,LS_oracle,-0.0333698400844274
0.8,LS_oracle,0.0340820368795449
0.8,LS_oracle,0.171784489676294
0.8,LS_oracle,0.131504931848862
0.8,LS_oracle,0.0234087385328146
0.8,LS_oracle,-0.0140906911356512
0.8,LS_oracle,0.136159397851549
0.8,LS_oracle,0.0287863531161869
0.8,LS_oracle,-0.00324536825165334
0.8,LS_oracle,0.0554776902034082
0.8,LS_oracle,0.0760654084514893
0.8,LS_oracle,0.0032521666033607
0.8,LS_oracle,0.040135899780271
0.8,LS_oracle,0.0892613682889525
0.8,LS_oracle,0.0940920271525292
0.8,LS_oracle,0.0390478776414653
0.8,LS_oracle,0.00344690889540522
0.8,LS_oracle,-0.0572882234017951
0.8,LS_oracle,-0.00660380081687384
0.8,LS_oracle,0.0698411048688035
0.8,LS_oracle,0.0511307719245968
0.8,LS_oracle,0.105441926046862
0.8,LS_oracle,-0.0178829545806258
0.8,LS_oracle,0.0502452731602505
0.8,LS_oracle,0.076419208418544
0.8,LS_oracle,0.0908506590464293
0.8,LS_oracle,0.176847618282337
0.8,LS_oracle,0.107263435851689
0.8,LS_oracle,0.130090792211083
0.8,LS_oracle,0.0382415958853823
0.8,LS_oracle,0.0382822067841539
0.8,LS_oracle,0.00999571197925153
0.8,LS_oracle,0.0538733915072049
0.8,LS_oracle,0.123096387864332
0.8,LS_oracle,0.0826579171219322
0.8,LS_oracle,0.0321238330992899
0.8,LS_oracle,0.00953701350020464
0.8,LS_oracle,-0.0123980972681494
0.8,LS_oracle,0.0327841673639768
0.8,LS_oracle,0.115227870344366
0.8,LS_oracle,0.0501997274865189
0.8,LS_oracle,-0.0129724504623682
0.8,LS_oracle,0.051670170441906
0.8,LS_oracle,0.0819008017722069
0.8,LS_oracle,0.033642937042601
0.8,LS_oracle,0.0717186064618576
0.8,LS_oracle,0.071921805923536
0.8,LS_oracle,0.0581318863355913
0.8,LS_oracle,0.0561021250618792
0.8,LS_oracle,0.0372141492869291
0.8,LS_oracle,-0.0102968000050585
0.8,LS_oracle,0.02869481404931
0.8,LS_oracle,-0.0451335107251125
0.8,LS_oracle,-0.00958728073779835
0.8,LS_oracle,0.0922002961796056
0.8,LS_oracle,0.0521616812102748
0.8,LS_oracle,0.122162480920858
0.8,LS_oracle,0.107892046361558
0.8,LS_oracle,-0.0223612419161062
0.8,LS_oracle,0.145455773722652
0.8,LS_oracle,0.0958058306266349
0.8,LS_oracle,-0.0513812679318655
0.8,LS_oracle,0.0914086763023474
0.8,LS_oracle,0.0761046672477126
0.8,LS_oracle,0.138306162783156
0.8,LS_oracle,0.0703958239925715
0.8,LS_oracle,0.14430160410252
0.8,LS_oracle,0.0405726316792658
0.8,LS_oracle,0.130612081683016
0.8,LS_oracle,0.130753821484892
0.8,LS_oracle,0.0564362095310411
0.8,LS_oracle,-0.0647307654268148
0.8,LS_oracle,0.0538934171536913
0.8,LS_oracle,0.0682448975972167
0.8,LS_oracle,0.0938062117330387
0.8,LS_oracle,0.168311819334914
0.8,LS_oracle,0.0750958466081824
0.8,LS_oracle,0.0388729442328763
0.8,LS_oracle,-0.0218730764251858
0.8,LS_oracle,0.102251386249691
0.8,LS_oracle,-0.0572073931329438
0.8,LS_oracle,0.0305381117977028
0.8,LS_oracle,0.0384424589289933
0.8,LS_oracle,0.0510598562635705
0.8,LS_oracle,0.13762978017128
0.8,LS_oracle,0.0952627853943011
0.8,LS_oracle,0.0582869982646408
0.8,LS_oracle,0.0110766000192934
0.8,LS_oracle,-0.0250995730772696
0.8,LS_oracle,-0.0332559379007195
0.8,LS_oracle,0.168925546672748
0.8,LS_oracle,-0.00973088708134773
0.8,LS_oracle,0.122164296093964
0.8,LS_oracle,0.0901346824077616
0.8,LS_oracle,0.0445921185023799
0.8,LS_oracle,0.0299396040199817
0.8,LS_oracle,0.0214114090577577
0.8,LS_oracle,0.0654024862228615
0.8,LS_oracle,0.0363889434520697
0.8,LS_oracle,0.0362577767530472
0.8,LS_oracle,0.0165681771325681
0.8,LS_oracle,0.0849569879420884
0.8,LS_oracle,0.0363216135217796
0.8,LS_oracle,0.0401571942462366
0.8,LS_oracle,0.0269586260982235
0.8,LS_oracle,0.109649820128944
0.8,LS_oracle,0.0590679811096748
0.8,LS_oracle,-0.0227410973272526
0.8,LS_oracle,0.00169515352929639
0.8,LS_oracle,0.0907597006856027
0.8,LS_oracle,-0.0138779300154046
0.8,LS_oracle,0.193371642275884
0.8,LS_oracle,0.130888260246758
0.8,TS_oracle,0.0220178510844178
0.8,TS_oracle,0.194210936876691
0.8,TS_oracle,0.0205232863765101
0.8,TS_oracle,0.0909089392702978
0.8,TS_oracle,0.0519109206283028
0.8,TS_oracle,0.0819156945383048
0.8,TS_oracle,0.0610206608589432
0.8,TS_oracle,0.0264938189361468
0.8,TS_oracle,0.122775321939213
0.8,TS_oracle,0.134769981024347
0.8,TS_oracle,0.118443704299659
0.8,TS_oracle,0.0753638064406725
0.8,TS_oracle,0.0937943539084027
0.8,TS_oracle,-0.0473709497519518
0.8,TS_oracle,0.0284134722225839
0.8,TS_oracle,0.0335401209492256
0.8,TS_oracle,0.119966261381669
0.8,TS_oracle,-0.0440509551709245
0.8,TS_oracle,0.0612575925206118
0.8,TS_oracle,0.0431090602204895
0.8,TS_oracle,-0.010195324938703
0.8,TS_oracle,0.103979185349071
0.8,TS_oracle,0.0122671738646121
0.8,TS_oracle,0.0176136987625084
0.8,TS_oracle,0.0485927663239547
0.8,TS_oracle,0.0985885681086145
0.8,TS_oracle,0.0431158599431953
0.8,TS_oracle,0.122254246336655
0.8,TS_oracle,-0.0389735013832081
0.8,TS_oracle,0.0405489806170316
0.8,TS_oracle,-0.00510469683316117
0.8,TS_oracle,0.13699094806178
0.8,TS_oracle,0.0248243510622306
0.8,TS_oracle,0.118298614452059
0.8,TS_oracle,-0.0162582148532501
0.8,TS_oracle,0.0607879229469164
0.8,TS_oracle,-0.0438152007974059
0.8,TS_oracle,0.039185973612736
0.8,TS_oracle,-0.00691850004519201
0.8,TS_oracle,-0.0249880350281775
0.8,TS_oracle,-0.0109635244483246
0.8,TS_oracle,0.111617259698086
0.8,TS_oracle,0.0574470685496025
0.8,TS_oracle,0.0230371843271393
0.8,TS_oracle,0.0640577912268285
0.8,TS_oracle,0.0977675798888147
0.8,TS_oracle,0.0560407129658655
0.8,TS_oracle,0.0355477595794169
0.8,TS_oracle,0.0409555765770986
0.8,TS_oracle,0.0526589274596116
0.8,TS_oracle,0.0728867592958042
0.8,TS_oracle,0.122280358800019
0.8,TS_oracle,0.0400662747690137
0.8,TS_oracle,0.0999428590796581
0.8,TS_oracle,0.0277177632150751
0.8,TS_oracle,0.0192804421091883
0.8,TS_oracle,0.100492564632297
0.8,TS_oracle,0.0761790640208813
0.8,TS_oracle,-0.0172408524941182
0.8,TS_oracle,0.0636942141457415
0.8,TS_oracle,0.0658069806945436
0.8,TS_oracle,0.0100646290404305
0.8,TS_oracle,0.0851471288359831
0.8,TS_oracle,0.0761025772166566
0.8,TS_oracle,0.0786737518253182
0.8,TS_oracle,0.107828542734281
0.8,TS_oracle,0.113519139215243
0.8,TS_oracle,0.0410073698823943
0.8,TS_oracle,0.143573020177552
0.8,TS_oracle,0.121388447936098
0.8,TS_oracle,0.169164751897634
0.8,TS_oracle,0.089846460639158
0.8,TS_oracle,0.122675726876663
0.8,TS_oracle,0.177422924036212
0.8,TS_oracle,-0.0139418598497516
0.8,TS_oracle,0.0587662924209833
0.8,TS_oracle,0.02522722787212
0.8,TS_oracle,0.0893809553776073
0.8,TS_oracle,0.0812106375201955
0.8,TS_oracle,0.0875638342239105
0.8,TS_oracle,2.00176098621441e-05
0.8,TS_oracle,0.131017049459633
0.8,TS_oracle,0.0649537821551314
0.8,TS_oracle,0.137602931172965
0.8,TS_oracle,0.0153775276318144
0.8,TS_oracle,0.0930834949996895
0.8,TS_oracle,0.00121092849470839
0.8,TS_oracle,-0.0397486892010663
0.8,TS_oracle,0.0360577123447039
0.8,TS_oracle,0.163381968147046
0.8,TS_oracle,0.122075631835922
0.8,TS_oracle,0.0172819697587825
0.8,TS_oracle,-0.012874709424111
0.8,TS_oracle,0.138242603106934
0.8,TS_oracle,0.0223040224098854
0.8,TS_oracle,-0.00693537136352118
0.8,TS_oracle,0.0505094821192205
0.8,TS_oracle,0.0721824922966117
0.8,TS_oracle,0.00684274819898145
0.8,TS_oracle,0.0278955911833372
0.8,TS_oracle,0.083469644368771
0.8,TS_oracle,0.0926924526980419
0.8,TS_oracle,0.0495743339036125
0.8,TS_oracle,-0.00958330427883003
0.8,TS_oracle,-0.0595187684474088
0.8,TS_oracle,0.00130106711618816
0.8,TS_oracle,0.0698350919736295
0.8,TS_oracle,0.0398150562690236
0.8,TS_oracle,0.1057648230242
0.8,TS_oracle,-0.0277910387919128
0.8,TS_oracle,0.0447750972470127
0.8,TS_oracle,0.0816862699034304
0.8,TS_oracle,0.0923519036148781
0.8,TS_oracle,0.172389517677156
0.8,TS_oracle,0.0996770432127805
0.8,TS_oracle,0.130578519018023
0.8,TS_oracle,0.0474588515989629
0.8,TS_oracle,0.0386838431021299
0.8,TS_oracle,0.00928562543309952
0.8,TS_oracle,0.0601929227380575
0.8,TS_oracle,0.109765046964976
0.8,TS_oracle,0.0746095932436575
0.8,TS_oracle,0.0214773353069497
0.8,TS_oracle,0.00379304250217594
0.8,TS_oracle,-0.0187815773229699
0.8,TS_oracle,0.0350755399497418
0.8,TS_oracle,0.107229433454521
0.8,TS_oracle,0.0358907768439714
0.8,TS_oracle,-0.0163052986957511
0.8,TS_oracle,0.0453328584116002
0.8,TS_oracle,0.0727319130470956
0.8,TS_oracle,0.0307893946769155
0.8,TS_oracle,0.0699198522115612
0.8,TS_oracle,0.0688473107982939
0.8,TS_oracle,0.0525533773587377
0.8,TS_oracle,0.0533677994186585
0.8,TS_oracle,0.0337453921717488
0.8,TS_oracle,-0.0141337112618071
0.8,TS_oracle,0.0265163704634481
0.8,TS_oracle,-0.042872356722784
0.8,TS_oracle,-0.00953350558875321
0.8,TS_oracle,0.079533524947937
0.8,TS_oracle,0.0407328531033335
0.8,TS_oracle,0.121015036989718
0.8,TS_oracle,0.102335354853976
0.8,TS_oracle,-0.0264915546968923
0.8,TS_oracle,0.144838066788218
0.8,TS_oracle,0.0758111476621179
0.8,TS_oracle,-0.0564445422482388
0.8,TS_oracle,0.0895630116874111
0.8,TS_oracle,0.0674715381264543
0.8,TS_oracle,0.129762964735564
0.8,TS_oracle,0.0615804426147766
0.8,TS_oracle,0.144157794370413
0.8,TS_oracle,0.031415130552735
0.8,TS_oracle,0.116404929102294
0.8,TS_oracle,0.124845066805889
0.8,TS_oracle,0.0516589288215112
0.8,TS_oracle,-0.0636615088983157
0.8,TS_oracle,0.0399433183070415
0.8,TS_oracle,0.0739056470807566
0.8,TS_oracle,0.088187950269796
0.8,TS_oracle,0.157339875815034
0.8,TS_oracle,0.0798339364321305
0.8,TS_oracle,0.0301085003414177
0.8,TS_oracle,-0.0242312875394823
0.8,TS_oracle,0.0882441753582064
0.8,TS_oracle,-0.0621978849988891
0.8,TS_oracle,0.0246796276853734
0.8,TS_oracle,0.034557933982712
0.8,TS_oracle,0.0555378246701781
0.8,TS_oracle,0.125395586991386
0.8,TS_oracle,0.0937822397629435
0.8,TS_oracle,0.0509151620596158
0.8,TS_oracle,0.000193667238736595
0.8,TS_oracle,-0.0267839398365997
0.8,TS_oracle,-0.0384129564914463
0.8,TS_oracle,0.149017715489218
0.8,TS_oracle,-0.0117358237867662
0.8,TS_oracle,0.115132110524597
0.8,TS_oracle,0.0861519154988615
0.8,TS_oracle,0.0405050567944216
0.8,TS_oracle,0.0234446125649974
0.8,TS_oracle,0.0231476582550638
0.8,TS_oracle,0.0643405581445906
0.8,TS_oracle,0.0298793721880546
0.8,TS_oracle,0.0300395527903052
0.8,TS_oracle,0.0169944032615996
0.8,TS_oracle,0.0741337791490235
0.8,TS_oracle,0.0272206366977052
0.8,TS_oracle,0.0327605478165061
0.8,TS_oracle,0.020861697068743
0.8,TS_oracle,0.112700775976782
0.8,TS_oracle,0.0573484138220104
0.8,TS_oracle,-0.0190515726175168
0.8,TS_oracle,0.00328438406049658
0.8,TS_oracle,0.0767523341051588
0.8,TS_oracle,-0.0158762890089955
0.8,TS_oracle,0.190963352909085
0.8,TS_oracle,0.129700429796059
0.9,PLS,0.119858576867606
0.9,PLS,0.0896002294917158
0.9,PLS,0.0726860005630838
0.9,PLS,0.0169516809219163
0.9,PLS,0.155043717720343
0.9,PLS,0.0429603161504997
0.9,PLS,0.0246622476905429
0.9,PLS,0.0988282707887733
0.9,PLS,0.152128957588257
0.9,PLS,0.0834101640855074
0.9,PLS,0.125057244633826
0.9,PLS,0.131843626053144
0.9,PLS,0.158230075272814
0.9,PLS,-0.0122986827275798
0.9,PLS,0.097770550403911
0.9,PLS,0.0970775583278307
0.9,PLS,-0.00472630741225755
0.9,PLS,0.0996224418017682
0.9,PLS,0.101402154097176
0.9,PLS,0.0308837998102758
0.9,PLS,-0.0190619665732036
0.9,PLS,0.0871070797532127
0.9,PLS,-0.00179926806498165
0.9,PLS,0.000790450096146644
0.9,PLS,0.204666275742684
0.9,PLS,0.00604670381427264
0.9,PLS,0.130116775616964
0.9,PLS,0.145882927267542
0.9,PLS,0.0668544954088943
0.9,PLS,0.076827344234343
0.9,PLS,0.0690753909379569
0.9,PLS,0.172638369402097
0.9,PLS,0.136034943484471
0.9,PLS,0.0541170304618492
0.9,PLS,0.165683387901128
0.9,PLS,0.0600761388615754
0.9,PLS,0.0544718382544822
0.9,PLS,0.0820134802167489
0.9,PLS,0.0942838142988063
0.9,PLS,0.153469470245179
0.9,PLS,0.0352265093636417
0.9,PLS,0.0593646789584417
0.9,PLS,0.069515155175798
0.9,PLS,0.0960781509565498
0.9,PLS,0.117658656751661
0.9,PLS,0.0908221527457265
0.9,PLS,0.0150557929369535
0.9,PLS,0.0682756194764371
0.9,PLS,0.0331231102291927
0.9,PLS,0.028670213158394
0.9,PLS,0.0302930734435534
0.9,PLS,0.119285326779717
0.9,PLS,0.10782265331798
0.9,PLS,0.038172597996043
0.9,PLS,0.154168846698292
0.9,PLS,0.0678107097508613
0.9,PLS,0.0273106333803093
0.9,PLS,0.046277223052487
0.9,PLS,0.0781444795313255
0.9,PLS,0.0969125302449052
0.9,PLS,0.0672442136433735
0.9,PLS,0.0888284581001226
0.9,PLS,0.0326937710764761
0.9,PLS,0.115386112732374
0.9,PLS,0.078156846422359
0.9,PLS,0.105550054622698
0.9,PLS,0.169543517854856
0.9,PLS,0.120484836778815
0.9,PLS,0.136721475252079
0.9,PLS,0.0924886277817556
0.9,PLS,0.0327261721730121
0.9,PLS,0.0244515966649228
0.9,PLS,0.0750760857488288
0.9,PLS,0.0546856789220536
0.9,PLS,0.0482047116255491
0.9,PLS,0.0248775760930693
0.9,PLS,0.0636277751903553
0.9,PLS,0.0345197173839158
0.9,PLS,0.191968512269996
0.9,PLS,0.0135867876235367
0.9,PLS,0.209909290251986
0.9,PLS,0.0554659518484306
0.9,PLS,0.0167075166569615
0.9,PLS,0.011146206432614
0.9,PLS,-0.050604415675173
0.9,PLS,-0.00659931348474985
0.9,PLS,0.0548760617271453
0.9,PLS,0.084100194684736
0.9,PLS,-0.00095872018460863
0.9,PLS,0.0098030306404091
0.9,PLS,0.0569472476875879
0.9,PLS,0.0433789179402486
0.9,PLS,0.0353882933951066
0.9,PLS,0.0131713599872554
0.9,PLS,0.0426191762042081
0.9,PLS,0.0262136336177263
0.9,PLS,0.0483328688055507
0.9,PLS,0.0300628937469047
0.9,PLS,0.0559803160188375
0.9,PLS,0.0211637761987604
0.9,PLS,0.125894985555679
0.9,PLS,0.0620234935749271
0.9,PLS,0.0354727601940255
0.9,PLS,-0.00984604956602531
0.9,PLS,0.00611028539407688
0.9,PLS,0.0748447176599427
0.9,PLS,-0.0898963106551376
0.9,PLS,0.0560490480625311
0.9,PLS,0.081391278944867
0.9,PLS,0.124892473718511
0.9,PLS,0.0620012556151799
0.9,PLS,0.130696604065169
0.9,PLS,0.00603879880078728
0.9,PLS,4.68304280576426e-06
0.9,PLS,0.159691559400278
0.9,PLS,0.0379321807520279
0.9,PLS,0.0504194093736876
0.9,PLS,0.0961180122257024
0.9,PLS,0.0394904774146525
0.9,PLS,-0.0621336598135785
0.9,PLS,0.0574191412848539
0.9,PLS,0.0920388428217167
0.9,PLS,0.0172449608086416
0.9,PLS,0.0668130378603764
0.9,PLS,0.176422642994747
0.9,PLS,0.0284451027035151
0.9,PLS,0.170923113178845
0.9,PLS,0.142521582465632
0.9,PLS,0.0370491969160482
0.9,PLS,-0.00851564413760253
0.9,PLS,0.115728686939213
0.9,PLS,0.0360508299986351
0.9,PLS,-0.0209063777900494
0.9,PLS,0.0806719174365418
0.9,PLS,0.227295022421341
0.9,PLS,0.00248925902335184
0.9,PLS,0.111171125231698
0.9,PLS,0.078489559339799
0.9,PLS,0.00729487061054512
0.9,PLS,0.0924714537267932
0.9,PLS,0.111071964570214
0.9,PLS,-0.0827040973668709
0.9,PLS,0.103685421659816
0.9,PLS,0.00039909277325556
0.9,PLS,0.0233433952568474
0.9,PLS,0.120345277792335
0.9,PLS,0.092953558271309
0.9,PLS,0.0719252011189992
0.9,PLS,0.0356763492376035
0.9,PLS,0.143897874132753
0.9,PLS,0.0313116809291463
0.9,PLS,0.0800142731210762
0.9,PLS,-0.00543415067060637
0.9,PLS,0.0845489468611325
0.9,PLS,0.0884716185234971
0.9,PLS,0.121087074122269
0.9,PLS,0.0780999273195899
0.9,PLS,0.0195331082704495
0.9,PLS,0.125480334092422
0.9,PLS,0.00381741174369665
0.9,PLS,0.113621323281838
0.9,PLS,0.0713181805680827
0.9,PLS,0.059445252237009
0.9,PLS,0.055201698611592
0.9,PLS,0.0935366514320124
0.9,PLS,0.0663224437966639
0.9,PLS,0.0150514440373763
0.9,PLS,0.0367252638551732
0.9,PLS,0.0940124461822103
0.9,PLS,0.0773768555088317
0.9,PLS,0.0673157850827104
0.9,PLS,0.0240361443155135
0.9,PLS,0.151485077193704
0.9,PLS,0.0564537523749258
0.9,PLS,0.0193976540880616
0.9,PLS,0.0555900264225246
0.9,PLS,-0.00438292071915891
0.9,PLS,0.0480195015796914
0.9,PLS,0.097853055096804
0.9,PLS,-0.0045348401743599
0.9,PLS,0.0103976410054472
0.9,PLS,0.0992612693885868
0.9,PLS,0.00940381909297372
0.9,PLS,0.0767006350546973
0.9,PLS,0.0237294205849923
0.9,PLS,0.0433528219056623
0.9,PLS,0.0242609649592229
0.9,PLS,-0.036306704793722
0.9,PLS,0.0847669009428256
0.9,PLS,0.00788625148667643
0.9,PLS,0.0590170046116496
0.9,PLS,0.0427293793077952
0.9,PLS,0.118671850620156
0.9,PLS,0.0612785207886832
0.9,PLS,0.0670055355299846
0.9,PLS,-0.0120590574916496
0.9,PLS,-0.000378309345963723
0.9,PLS,0.0838261190933849
0.9,PLS,0.0289230790368746
0.9,PLS,0.0524825372100999
0.9,fTS,0.12274091522632
0.9,fTS,0.0799373254385958
0.9,fTS,0.0721690271343185
0.9,fTS,-0.00849522249358903
0.9,fTS,0.153601693712746
0.9,fTS,0.0492738199018621
0.9,fTS,0.0209867386894838
0.9,fTS,0.0882392912361012
0.9,fTS,0.149663083250248
0.9,fTS,0.082515597793738
0.9,fTS,0.105910933264704
0.9,fTS,0.135374631933767
0.9,fTS,0.151854815798307
0.9,fTS,-0.00779195269601696
0.9,fTS,0.0916322769194715
0.9,fTS,0.0756111168864635
0.9,fTS,-0.00660424302148388
0.9,fTS,0.0964504441595635
0.9,fTS,0.0979635703893271
0.9,fTS,0.0318008899655926
0.9,fTS,-0.0358673856130051
0.9,fTS,0.0776762483574776
0.9,fTS,-0.00311062963328046
0.9,fTS,0.00194302252647449
0.9,fTS,0.19920771982439
0.9,fTS,0.0134300688597371
0.9,fTS,0.129664860652616
0.9,fTS,0.133757338195336
0.9,fTS,0.0561961215892175
0.9,fTS,0.0661645614947961
0.9,fTS,0.0694052068422466
0.9,fTS,0.162718544585625
0.9,fTS,0.110437070864363
0.9,fTS,0.054415865141844
0.9,fTS,0.161084664177459
0.9,fTS,0.0680774931460126
0.9,fTS,0.047182614109617
0.9,fTS,0.076593190118226
0.9,fTS,0.0878942141276078
0.9,fTS,0.139904631364434
0.9,fTS,0.0385904278674589
0.9,fTS,0.0568170571171149
0.9,fTS,0.057151116281424
0.9,fTS,0.0832399557706491
0.9,fTS,0.125482802539568
0.9,fTS,0.0940045854428959
0.9,fTS,0.0130038984588794
0.9,fTS,0.0659000534634051
0.9,fTS,0.0268847402158752
0.9,fTS,0.0385688909645618
0.9,fTS,0.027257200040455
0.9,fTS,0.11665427404237
0.9,fTS,0.0992564224130466
0.9,fTS,0.0352769542572333
0.9,fTS,0.150091629263379
0.9,fTS,0.0458235137736758
0.9,fTS,0.0160816392899781
0.9,fTS,0.0388071276885642
0.9,fTS,0.0605111777592997
0.9,fTS,0.0902485167599278
0.9,fTS,0.0702951326253674
0.9,fTS,0.0831193760692841
0.9,fTS,0.0256255177041225
0.9,fTS,0.106250342501202
0.9,fTS,0.0635722257811793
0.9,fTS,0.0879493455844758
0.9,fTS,0.162153216171241
0.9,fTS,0.0964397576955929
0.9,fTS,0.151497557268273
0.9,fTS,0.0981303533848361
0.9,fTS,0.0325278789939913
0.9,fTS,0.0229373043522565
0.9,fTS,0.0514371744248872
0.9,fTS,0.0482672368554333
0.9,fTS,0.0475929657764966
0.9,fTS,0.0230904215272854
0.9,fTS,0.0539638565776086
0.9,fTS,0.0308025815783255
0.9,fTS,0.19230524305017
0.9,fTS,0.00399023497827944
0.9,fTS,0.209830504669704
0.9,fTS,0.0480651516695267
0.9,fTS,0.0136408221453899
0.9,fTS,0.0141541560876275
0.9,fTS,-0.0539617022350318
0.9,fTS,-0.0297706270334013
0.9,fTS,0.0547514896432379
0.9,fTS,0.0827297699152072
0.9,fTS,-0.00665941985387541
0.9,fTS,0.0112954445939537
0.9,fTS,0.0704769494933264
0.9,fTS,0.042552048548141
0.9,fTS,0.0330151508261372
0.9,fTS,0.0141298583489646
0.9,fTS,0.0286763053883095
0.9,fTS,0.0230810087963078
0.9,fTS,0.0421440816443368
0.9,fTS,0.0342192455230206
0.9,fTS,0.0539753387270574
0.9,fTS,0.0237761827066822
0.9,fTS,0.109813395544735
0.9,fTS,0.0505592357645845
0.9,fTS,0.0308086579126468
0.9,fTS,-0.0168149189320852
0.9,fTS,0.00246225428539226
0.9,fTS,0.0575840231972715
0.9,fTS,-0.0919907216430875
0.9,fTS,0.0374855489301584
0.9,fTS,0.0563523005789188
0.9,fTS,0.133077280844743
0.9,fTS,0.0548675186220484
0.9,fTS,0.136143215559183
0.9,fTS,0.00347075966044863
0.9,fTS,-0.000686642227097356
0.9,fTS,0.157515900838537
0.9,fTS,0.033088694366568
0.9,fTS,0.0408820673778327
0.9,fTS,0.0824668471008851
0.9,fTS,0.0382919292558901
0.9,fTS,-0.0649348159901928
0.9,fTS,0.0432785877564585
0.9,fTS,0.0703739957264282
0.9,fTS,0.0186421602366944
0.9,fTS,0.0622352567619657
0.9,fTS,0.167948912848272
0.9,fTS,0.0242812996746504
0.9,fTS,0.15804292409292
0.9,fTS,0.138039632489904
0.9,fTS,0.0319414248805507
0.9,fTS,-0.0174688856407405
0.9,fTS,0.121398819453375
0.9,fTS,0.0308338295254731
0.9,fTS,-0.0157409589419056
0.9,fTS,0.0866281360144283
0.9,fTS,0.223410304890133
0.9,fTS,-0.0109954043463988
0.9,fTS,0.111670999476148
0.9,fTS,0.083372947804387
0.9,fTS,0.00834178856509116
0.9,fTS,0.0902694975345184
0.9,fTS,0.101821148305903
0.9,fTS,-0.0862961121342266
0.9,fTS,0.0645203461955508
0.9,fTS,-0.00368889369228143
0.9,fTS,0.0272418017956055
0.9,fTS,0.10188687481614
0.9,fTS,0.0877860181449523
0.9,fTS,0.0727816089705888
0.9,fTS,0.0361875486598862
0.9,fTS,0.129039216929323
0.9,fTS,0.0295446182804864
0.9,fTS,0.0830138588416485
0.9,fTS,-0.00339430077979097
0.9,fTS,0.0846779155820589
0.9,fTS,0.0717105587905087
0.9,fTS,0.112841187879219
0.9,fTS,0.0723680750960236
0.9,fTS,0.0024119354899117
0.9,fTS,0.0989166720140335
0.9,fTS,-0.00696114457795194
0.9,fTS,0.105096109132547
0.9,fTS,0.052574013696804
0.9,fTS,0.0549799083024904
0.9,fTS,0.0527797963406877
0.9,fTS,0.0922752451387854
0.9,fTS,0.0584581832779658
0.9,fTS,0.015656957718529
0.9,fTS,0.0237514210470131
0.9,fTS,0.0791340975538952
0.9,fTS,0.0767280081029675
0.9,fTS,0.0706112405234356
0.9,fTS,0.0244306795024842
0.9,fTS,0.136846397862516
0.9,fTS,0.0581249646972155
0.9,fTS,0.0174875107615988
0.9,fTS,0.0481397525188243
0.9,fTS,0.00258873104056412
0.9,fTS,0.038820390908535
0.9,fTS,0.089706384459475
0.9,fTS,-0.0118727788504479
0.9,fTS,0.0121340243029082
0.9,fTS,0.103147781854569
0.9,fTS,0.00821109571798528
0.9,fTS,0.0671536840776861
0.9,fTS,0.0212980290657279
0.9,fTS,0.0305915257960099
0.9,fTS,0.00333648542728615
0.9,fTS,-0.0405862980424809
0.9,fTS,0.0700673280538429
0.9,fTS,-0.00310329773560614
0.9,fTS,0.0515058928207579
0.9,fTS,0.0325684924619738
0.9,fTS,0.121528823673323
0.9,fTS,0.0543078466766285
0.9,fTS,0.0593959235567942
0.9,fTS,-0.0193535594129275
0.9,fTS,-0.00705742432215994
0.9,fTS,0.083954887233149
0.9,fTS,0.0251242613237617
0.9,fTS,0.0369418797696799
0.9,LS_oracle,0.119852486274792
0.9,LS_oracle,0.089701825317962
0.9,LS_oracle,0.0722112764055576
0.9,LS_oracle,0.0149804586732463
0.9,LS_oracle,0.155909818892547
0.9,LS_oracle,0.0430570266286612
0.9,LS_oracle,0.0241619152198094
0.9,LS_oracle,0.0989572043392581
0.9,LS_oracle,0.151932321554226
0.9,LS_oracle,0.0835361567886752
0.9,LS_oracle,0.125096771493752
0.9,LS_oracle,0.13178710724675
0.9,LS_oracle,0.159010463231067
0.9,LS_oracle,-0.013058369577662
0.9,LS_oracle,0.0977712421509982
0.9,LS_oracle,0.0958502132705328
0.9,LS_oracle,-0.00439004081729333
0.9,LS_oracle,0.101234896212008
0.9,LS_oracle,0.101892030764237
0.9,LS_oracle,0.0304404846898081
0.9,LS_oracle,-0.0189822728696162
0.9,LS_oracle,0.0866728329914304
0.9,LS_oracle,-0.00183326388544547
0.9,LS_oracle,0.000676094718700782
0.9,LS_oracle,0.201311980080404
0.9,LS_oracle,0.00587623421357031
0.9,LS_oracle,0.130054672446625
0.9,LS_oracle,0.144397130135182
0.9,LS_oracle,0.06792793796775
0.9,LS_oracle,0.0776085783187084
0.9,LS_oracle,0.0704649865847411
0.9,LS_oracle,0.172695591730907
0.9,LS_oracle,0.135834530927148
0.9,LS_oracle,0.0512051430376235
0.9,LS_oracle,0.165718164834785
0.9,LS_oracle,0.059422136531194
0.9,LS_oracle,0.0544716948335042
0.9,LS_oracle,0.0825250197835294
0.9,LS_oracle,0.094157897896491
0.9,LS_oracle,0.153480488409092
0.9,LS_oracle,0.0311847883085952
0.9,LS_oracle,0.0600327518165167
0.9,LS_oracle,0.0694765560831851
0.9,LS_oracle,0.0970234341528986
0.9,LS_oracle,0.116619844795409
0.9,LS_oracle,0.0908539747744854
0.9,LS_oracle,0.0150582435219946
0.9,LS_oracle,0.0686224887240854
0.9,LS_oracle,0.0329947101302845
0.9,LS_oracle,0.028747856284056
0.9,LS_oracle,0.0289083983576626
0.9,LS_oracle,0.119223355298405
0.9,LS_oracle,0.107591027371399
0.9,LS_oracle,0.0379231627819712
0.9,LS_oracle,0.153443200913076
0.9,LS_oracle,0.0672575874976462
0.9,LS_oracle,0.0269733050066858
0.9,LS_oracle,0.046283913386598
0.9,LS_oracle,0.0781210257793894
0.9,LS_oracle,0.0971040473329501
0.9,LS_oracle,0.067086222102174
0.9,LS_oracle,0.0888680719857093
0.9,LS_oracle,0.0324590536204916
0.9,LS_oracle,0.116207294388806
0.9,LS_oracle,0.0781664666275212
0.9,LS_oracle,0.105466027933831
0.9,LS_oracle,0.169810920535012
0.9,LS_oracle,0.116510112438476
0.9,LS_oracle,0.136755404396859
0.9,LS_oracle,0.095400267502463
0.9,LS_oracle,0.0326670587202165
0.9,LS_oracle,0.024609198851149
0.9,LS_oracle,0.0744079785214615
0.9,LS_oracle,0.0544712603862163
0.9,LS_oracle,0.0488159346131904
0.9,LS_oracle,0.0248882597498927
0.9,LS_oracle,0.0639793237887918
0.9,LS_oracle,0.0344893190526214
0.9,LS_oracle,0.191974471593714
0.9,LS_oracle,0.013373055989732
0.9,LS_oracle,0.209902169727113
0.9,LS_oracle,0.0553863167293762
0.9,LS_oracle,0.0162690301680553
0.9,LS_oracle,0.0117420723767601
0.9,LS_oracle,-0.0498804041514502
0.9,LS_oracle,-0.00637837676344244
0.9,LS_oracle,0.0550608052862789
0.9,LS_oracle,0.0838291063101322
0.9,LS_oracle,-0.00110468939002561
0.9,LS_oracle,0.00948708198332771
0.9,LS_oracle,0.0570043537324274
0.9,LS_oracle,0.04331975461212
0.9,LS_oracle,0.0359695681776491
0.9,LS_oracle,0.0136896200475769
0.9,LS_oracle,0.0436887517724744
0.9,LS_oracle,0.0270450271927756
0.9,LS_oracle,0.0483175529518673
0.9,LS_oracle,0.0294103849333971
0.9,LS_oracle,0.0562487702757077
0.9,LS_oracle,0.0214065835836086
0.9,LS_oracle,0.124111998860582
0.9,LS_oracle,0.0617581506257205
0.9,LS_oracle,0.0354149296075414
0.9,LS_oracle,-0.0128860656033535
0.9,LS_oracle,0.0055525500888427
0.9,LS_oracle,0.0749770247635171
0.9,LS_oracle,-0.0898982252416644
0.9,LS_oracle,0.0558908985374589
0.9,LS_oracle,0.0813872988623261
0.9,LS_oracle,0.124948031578898
0.9,LS_oracle,0.0625841781868808
0.9,LS_oracle,0.130162812184427
0.9,LS_oracle,0.0061988731841065
0.9,LS_oracle,8.67807306828006e-05
0.9,LS_oracle,0.159837365951356
0.9,LS_oracle,0.0377992323650918
0.9,LS_oracle,0.0487482543420537
0.9,LS_oracle,0.0968318460484141
0.9,LS_oracle,0.0395079862976848
0.9,LS_oracle,-0.0623718596949637
0.9,LS_oracle,0.0576096966697581
0.9,LS_oracle,0.0885742991652223
0.9,LS_oracle,0.0178198767710833
0.9,LS_oracle,0.0668690459575487
0.9,LS_oracle,0.176348490227676
0.9,LS_oracle,0.0287329418759781
0.9,LS_oracle,0.170846087508913
0.9,LS_oracle,0.140435696200599
0.9,LS_oracle,0.0369095100142347
0.9,LS_oracle,-0.00849759624073343
0.9,LS_oracle,0.116074413716015
0.9,LS_oracle,0.0361139428422221
0.9,LS_oracle,-0.021560067060364
0.9,LS_oracle,0.0804998897395908
0.9,LS_oracle,0.227263233563306
0.9,LS_oracle,0.00213658073117484
0.9,LS_oracle,0.111558664417581
0.9,LS_oracle,0.0788768510367159
0.9,LS_oracle,0.00929614302936588
0.9,LS_oracle,0.0924642507040958
0.9,LS_oracle,0.110716718471148
0.9,LS_oracle,-0.0827224041844016
0.9,LS_oracle,0.103706950621725
0.9,LS_oracle,0.000328555954130616
0.9,LS_oracle,0.0233882039062228
0.9,LS_oracle,0.120545713039734
0.9,LS_oracle,0.0929593729906633
0.9,LS_oracle,0.0730299068028146
0.9,LS_oracle,0.0355802043613
0.9,LS_oracle,0.142169633239499
0.9,LS_oracle,0.0306332186739209
0.9,LS_oracle,0.079984455027758
0.9,LS_oracle,-0.00525946170412017
0.9,LS_oracle,0.0844809482855837
0.9,LS_oracle,0.0884423648212826
0.9,LS_oracle,0.121245334135752
0.9,LS_oracle,0.0770163719574279
0.9,LS_oracle,0.0196405956924932
0.9,LS_oracle,0.123007658818026
0.9,LS_oracle,0.00395275649488358
0.9,LS_oracle,0.113630946504841
0.9,LS_oracle,0.0711646128308765
0.9,LS_oracle,0.0602052293998021
0.9,LS_oracle,0.0550849995383416
0.9,LS_oracle,0.0937026874849529
0.9,LS_oracle,0.0664412304581179
0.9,LS_oracle,0.0151190319961747
0.9,LS_oracle,0.0367445779894084
0.9,LS_oracle,0.093818237271214
0.9,LS_oracle,0.077227361986492
0.9,LS_oracle,0.067345554132874
0.9,LS_oracle,0.022882677538812
0.9,LS_oracle,0.151464779683102
0.9,LS_oracle,0.0566024367280262
0.9,LS_oracle,0.0194471616133585
0.9,LS_oracle,0.0552448596258759
0.9,LS_oracle,-0.00430525607446741
0.9,LS_oracle,0.047983155397789
0.9,LS_oracle,0.0978072130606233
0.9,LS_oracle,-0.00454422630245055
0.9,LS_oracle,0.0097179789193973
0.9,LS_oracle,0.100223595448514
0.9,LS_oracle,0.00916227325251739
0.9,LS_oracle,0.0770477683201756
0.9,LS_oracle,0.0237501521392944
0.9,LS_oracle,0.0424928775498552
0.9,LS_oracle,0.0241685269258587
0.9,LS_oracle,-0.0360311118019355
0.9,LS_oracle,0.0846804021037391
0.9,LS_oracle,0.00788808672854535
0.9,LS_oracle,0.05920632096499
0.9,LS_oracle,0.0427239027439938
0.9,LS_oracle,0.117723117982721
0.9,LS_oracle,0.0613298561588198
0.9,LS_oracle,0.0670069878012962
0.9,LS_oracle,-0.00901775463690979
0.9,LS_oracle,-0.000661588186722462
0.9,LS_oracle,0.0841092042248901
0.9,LS_oracle,0.0290946723703518
0.9,LS_oracle,0.0528842349438472
0.9,TS_oracle,0.122675498922249
0.9,TS_oracle,0.0799058341515446
0.9,TS_oracle,0.0722461507007197
0.9,TS_oracle,-0.00897442570758422
0.9,TS_oracle,0.153700388229757
0.9,TS_oracle,0.0492885335193949
0.9,TS_oracle,0.0209885199393158
0.9,TS_oracle,0.0881799049360192
0.9,TS_oracle,0.149768837484934
0.9,TS_oracle,0.0824607669100303
0.9,TS_oracle,0.105910287595457
0.9,TS_oracle,0.135358827783246
0.9,TS_oracle,0.151604208836256
0.9,TS_oracle,-0.00790847004386841
0.9,TS_oracle,0.0916517416679967
0.9,TS_oracle,0.0755901688402769
0.9,TS_oracle,-0.00661732662041148
0.9,TS_oracle,0.0960252827922115
0.9,TS_oracle,0.0982382330660934
0.9,TS_oracle,0.0319620684500246
0.9,TS_oracle,-0.0358747319885275
0.9,TS_oracle,0.0776815018699961
0.9,TS_oracle,-0.0067519259484442
0.9,TS_oracle,0.00194586640387007
0.9,TS_oracle,0.199242013394691
0.9,TS_oracle,0.0134023748645162
0.9,TS_oracle,0.129657536751051
0.9,TS_oracle,0.133758009817017
0.9,TS_oracle,0.0562087615778388
0.9,TS_oracle,0.066323455615463
0.9,TS_oracle,0.0694272893671399
0.9,TS_oracle,0.162727950498798
0.9,TS_oracle,0.110434807999232
0.9,TS_oracle,0.0546698048193017
0.9,TS_oracle,0.160949090832567
0.9,TS_oracle,0.0679868774472212
0.9,TS_oracle,0.0470607837911976
0.9,TS_oracle,0.0766185650482174
0.9,TS_oracle,0.0878896477044235
0.9,TS_oracle,0.139965835948589
0.9,TS_oracle,0.0385833741446739
0.9,TS_oracle,0.0566599488451771
0.9,TS_oracle,0.0571641398394735
0.9,TS_oracle,0.0830954553794065
0.9,TS_oracle,0.125394795476476
0.9,TS_oracle,0.0940699631820947
0.9,TS_oracle,0.0130127906521589
0.9,TS_oracle,0.0658976365088211
0.9,TS_oracle,0.0268821366639163
0.9,TS_oracle,0.0385647101953244
0.9,TS_oracle,0.0272492037880103
0.9,TS_oracle,0.116649075533136
0.9,TS_oracle,0.0991991938234349
0.9,TS_oracle,0.0352682720708857
0.9,TS_oracle,0.150088081530196
0.9,TS_oracle,0.0458234124931363
0.9,TS_oracle,0.0160719519121204
0.9,TS_oracle,0.0388777719653517
0.9,TS_oracle,0.0605106809940428
0.9,TS_oracle,0.0902055782191487
0.9,TS_oracle,0.0702605666669114
0.9,TS_oracle,0.0831180792245669
0.9,TS_oracle,0.0256233879997636
0.9,TS_oracle,0.106280232596657
0.9,TS_oracle,0.0635724573316439
0.9,TS_oracle,0.0877736700991296
0.9,TS_oracle,0.162183784981206
0.9,TS_oracle,0.0964405957731402
0.9,TS_oracle,0.151495729985299
0.9,TS_oracle,0.0981410035166017
0.9,TS_oracle,0.0325230085162154
0.9,TS_oracle,0.0229608725982353
0.9,TS_oracle,0.0514547796065103
0.9,TS_oracle,0.0482617017644664
0.9,TS_oracle,0.0480269173190901
0.9,TS_oracle,0.0230926676612622
0.9,TS_oracle,0.0539674725351686
0.9,TS_oracle,0.0312951165980253
0.9,TS_oracle,0.192305261163991
0.9,TS_oracle,0.00386562878611985
0.9,TS_oracle,0.209473517631334
0.9,TS_oracle,0.0482716622553188
0.9,TS_oracle,0.0137507367623435
0.9,TS_oracle,0.0141623439749845
0.9,TS_oracle,-0.0544936493214329
0.9,TS_oracle,-0.0295670878802644
0.9,TS_oracle,0.054761188016589
0.9,TS_oracle,0.0827129630871408
0.9,TS_oracle,-0.00666923788691243
0.9,TS_oracle,0.0113342883406469
0.9,TS_oracle,0.0703427333352611
0.9,TS_oracle,0.0426488475466051
0.9,TS_oracle,0.0330166345193441
0.9,TS_oracle,0.0141323031837302
0.9,TS_oracle,0.0279652177893515
0.9,TS_oracle,0.0233543057843277
0.9,TS_oracle,0.0421500542835003
0.9,TS_oracle,0.0344170934250487
0.9,TS_oracle,0.0527732257421651
0.9,TS_oracle,0.0237897527414521
0.9,TS_oracle,0.109726914380524
0.9,TS_oracle,0.0506696149143353
0.9,TS_oracle,0.0307638837876076
0.9,TS_oracle,-0.017009784926467
0.9,TS_oracle,0.00243538965131229
0.9,TS_oracle,0.0575552931229872
0.9,TS_oracle,-0.0918272280847678
0.9,TS_oracle,0.0374399270067609
0.9,TS_oracle,0.0563516122741912
0.9,TS_oracle,0.133050611930616
0.9,TS_oracle,0.0548478459837434
0.9,TS_oracle,0.136118842285443
0.9,TS_oracle,0.00322349833499191
0.9,TS_oracle,-0.0010994108372917
0.9,TS_oracle,0.157516160456832
0.9,TS_oracle,0.0324499403743792
0.9,TS_oracle,0.0400732494920255
0.9,TS_oracle,0.0824798963735522
0.9,TS_oracle,0.0382905683395056
0.9,TS_oracle,-0.0649358964573614
0.9,TS_oracle,0.043291588608986
0.9,TS_oracle,0.070371697506576
0.9,TS_oracle,0.0187477398954166
0.9,TS_oracle,0.0622419628183664
0.9,TS_oracle,0.167853763658184
0.9,TS_oracle,0.0242690880275758
0.9,TS_oracle,0.158041816586336
0.9,TS_oracle,0.13811249349763
0.9,TS_oracle,0.0319409626771483
0.9,TS_oracle,-0.0174704002892591
0.9,TS_oracle,0.121325584596188
0.9,TS_oracle,0.030825493776143
0.9,TS_oracle,-0.0157432921758777
0.9,TS_oracle,0.0866320694016127
0.9,TS_oracle,0.223397280129145
0.9,TS_oracle,-0.0110109979091405
0.9,TS_oracle,0.111686732298716
0.9,TS_oracle,0.0832766343749587
0.9,TS_oracle,0.00806818026209655
0.9,TS_oracle,0.0902844643799192
0.9,TS_oracle,0.101829072694101
0.9,TS_oracle,-0.0862917459773253
0.9,TS_oracle,0.0645202918615526
0.9,TS_oracle,-0.00481092853138743
0.9,TS_oracle,0.0272441671452737
0.9,TS_oracle,0.101900492047976
0.9,TS_oracle,0.0877868984423504
0.9,TS_oracle,0.0727892106249644
0.9,TS_oracle,0.0361848273977521
0.9,TS_oracle,0.128922797986549
0.9,TS_oracle,0.0294367003316756
0.9,TS_oracle,0.083060113295125
0.9,TS_oracle,-0.00345629278772941
0.9,TS_oracle,0.0846970098178521
0.9,TS_oracle,0.0717130904212422
0.9,TS_oracle,0.112453840544723
0.9,TS_oracle,0.0724007981332275
0.9,TS_oracle,0.00252059584532582
0.9,TS_oracle,0.0987765492355925
0.9,TS_oracle,-0.00693781435715124
0.9,TS_oracle,0.105083512356551
0.9,TS_oracle,0.0533195575566783
0.9,TS_oracle,0.0548599467287003
0.9,TS_oracle,0.0525374482760586
0.9,TS_oracle,0.092288853781592
0.9,TS_oracle,0.0585871402855722
0.9,TS_oracle,0.0155112848301271
0.9,TS_oracle,0.0237535202056243
0.9,TS_oracle,0.0791237521806296
0.9,TS_oracle,0.0763649224733143
0.9,TS_oracle,0.0708072246406823
0.9,TS_oracle,0.0241845390270601
0.9,TS_oracle,0.136897889524897
0.9,TS_oracle,0.0573840427850849
0.9,TS_oracle,0.0174925394297474
0.9,TS_oracle,0.0481388784524421
0.9,TS_oracle,0.00260324055759287
0.9,TS_oracle,0.038823970941152
0.9,TS_oracle,0.089708614538603
0.9,TS_oracle,-0.0119515035033212
0.9,TS_oracle,0.0120573365665357
0.9,TS_oracle,0.103168732632906
0.9,TS_oracle,0.00800910100910746
0.9,TS_oracle,0.0671806162846551
0.9,TS_oracle,0.0213027491868052
0.9,TS_oracle,0.0311140633998324
0.9,TS_oracle,0.00342897538331588
0.9,TS_oracle,-0.0405562281247793
0.9,TS_oracle,0.070397787688389
0.9,TS_oracle,-0.00279241630585825
0.9,TS_oracle,0.0516019073314811
0.9,TS_oracle,0.0325681536415221
0.9,TS_oracle,0.121533871872936
0.9,TS_oracle,0.0543133408749337
0.9,TS_oracle,0.0593859135101553
0.9,TS_oracle,-0.0192981236551673
0.9,TS_oracle,-0.00706207015942206
0.9,TS_oracle,0.0835895390799188
0.9,TS_oracle,0.0251187227798866
0.9,TS_oracle,0.0337085079851218
