rho,methods,MSEf_value
0,PLS,0.13637094814689
0,PLS,0.0508925762062021
0,PLS,0.0469980050237945
0,PLS,0.0665236691605768
0,PLS,0.0970071432841106
0,PLS,0.0700325585988622
0,PLS,0.0663285233274012
0,PLS,0.0448152371224353
0,PLS,0.0308138777478983
0,PLS,0.078975553275289
0,PLS,0.0710732977152268
0,PLS,0.0764796605860956
0,PLS,0.0650183688226786
0,PLS,0.0992051943834951
0,PLS,0.0437683772751929
0,PLS,0.070280510775045
0,PLS,0.0997125862976876
0,PLS,0.0560288100071662
0,PLS,0.0386555455287118
0,PLS,0.0611574627814627
0,PLS,0.108152174148276
0,PLS,0.0529738926856326
0,PLS,0.123559560218681
0,PLS,0.0489338620156164
0,PLS,0.0516662849856072
0,PLS,0.0466027428886561
0,PLS,0.0610533137655683
0,PLS,0.0596869630767096
0,PLS,0.0458753865970376
0,PLS,0.0624663715939289
0,PLS,0.0789832047264564
0,PLS,0.0522745252875062
0,PLS,0.0527376012291162
0,PLS,0.0361798042932208
0,PLS,0.0811153024284619
0,PLS,0.0797041527968947
0,PLS,0.075789737856837
0,PLS,0.0795876613469164
0,PLS,0.0543395914869004
0,PLS,0.0778601083135026
0,PLS,0.0977801692419915
0,PLS,0.0804813667721845
0,PLS,0.0770729830146833
0,PLS,0.0368878319624881
0,PLS,0.0476360374656251
0,PLS,0.0551861800580903
0,PLS,0.0484375402769515
0,PLS,0.052566498834054
0,PLS,0.0738760853473887
0,PLS,0.0665370450139516
0,PLS,0.0562906868255248
0,PLS,0.0433611430666394
0,PLS,0.0476021879378824
0,PLS,0.0590562504278922
0,PLS,0.0965694163982884
0,PLS,0.100771808803127
0,PLS,0.0329131848234722
0,PLS,0.06735074673195
0,PLS,0.0563890514394623
0,PLS,0.0438386288158904
0,PLS,0.0531349811541115
0,PLS,0.03344775818404
0,PLS,0.0552997382776601
0,PLS,0.0651933360255173
0,PLS,0.0604729167163468
0,PLS,0.0440347972166105
0,PLS,0.077748987956842
0,PLS,0.0566135666459265
0,PLS,0.0769901274016718
0,PLS,0.0854934051009817
0,PLS,0.0275920625069735
0,PLS,0.0599400405395723
0,PLS,0.0474147111941348
0,PLS,0.0803819095362997
0,PLS,0.0515124739422233
0,PLS,0.054021361891487
0,PLS,0.0440502489392941
0,PLS,0.0432122712875665
0,PLS,0.0661769927846968
0,PLS,0.0512145825411733
0,PLS,0.0463474873376268
0,PLS,0.0558757387314999
0,PLS,0.0927891088431199
0,PLS,0.0623346987203937
0,PLS,0.0659662337644809
0,PLS,0.0452080974286914
0,PLS,0.0615085491448012
0,PLS,0.0646857393945311
0,PLS,0.0749112255009176
0,PLS,0.0671651935516508
0,PLS,0.0548456508959619
0,PLS,0.0484680997333606
0,PLS,0.0902496463546228
0,PLS,0.0567779291604452
0,PLS,0.0637672787547397
0,PLS,0.0582705743078417
0,PLS,0.0518175888983382
0,PLS,0.0496316847567993
0,PLS,0.0529310010251557
0,PLS,0.102871553906773
0,PLS,0.0597182510405515
0,PLS,0.040152013259742
0,PLS,0.0451654232099509
0,PLS,0.05097130418596
0,PLS,0.0978620123993508
0,PLS,0.0541146942469919
0,PLS,0.067399702264133
0,PLS,0.0736459228997109
0,PLS,0.0667522189331719
0,PLS,0.0866940463944017
0,PLS,0.116311957990151
0,PLS,0.0331392507831614
0,PLS,0.0699235275513945
0,PLS,0.063214222044356
0,PLS,0.0448249415308028
0,PLS,0.0631985701993818
0,PLS,0.0728766359074471
0,PLS,0.104012496550287
0,PLS,0.0541693410725475
0,PLS,0.059774362565092
0,PLS,0.0571871239652841
0,PLS,0.0333811597632417
0,PLS,0.0768061400774129
0,PLS,0.042358562402678
0,PLS,0.0525951767737834
0,PLS,0.0508098060197291
0,PLS,0.0662922026150549
0,PLS,0.0643223171353058
0,PLS,0.0842369606012476
0,PLS,0.0650324796896118
0,PLS,0.0349619288952815
0,PLS,0.0583394413805789
0,PLS,0.0480526105612964
0,PLS,0.04721874869598
0,PLS,0.0850413445397524
0,PLS,0.0691556240828518
0,PLS,0.0464150108786825
0,PLS,0.0958761106014914
0,PLS,0.0841483313563357
0,PLS,0.0682921206092909
0,PLS,0.0741982599236545
0,PLS,0.056938055758233
0,PLS,0.0838706843911078
0,PLS,0.0663079370213315
0,PLS,0.0658235158806132
0,PLS,0.042598893513518
0,PLS,0.0862226593907045
0,PLS,0.053008099901823
0,PLS,0.0605425849472934
0,PLS,0.0530086701036922
0,PLS,0.0523490297511585
0,PLS,0.0579965846880751
0,PLS,0.0888232130631177
0,PLS,0.0640913783006637
0,PLS,0.0319220146902415
0,PLS,0.0570560350143559
0,PLS,0.0738625550012032
0,PLS,0.115877117448244
0,PLS,0.0678132556671383
0,PLS,0.043471823595989
0,PLS,0.0535081674765295
0,PLS,0.0755647392871614
0,PLS,0.05136472563395
0,PLS,0.0817262019049407
0,PLS,0.0683895852768425
0,PLS,0.0549752722882059
0,PLS,0.0552164619922492
0,PLS,0.0573592419624296
0,PLS,0.0606356892481862
0,PLS,0.0408626483288497
0,PLS,0.0543147033267642
0,PLS,0.052708365157776
0,PLS,0.101902654512164
0,PLS,0.0594056117702585
0,PLS,0.064296522986319
0,PLS,0.0665318041613984
0,PLS,0.0725079242870326
0,PLS,0.0342007726944106
0,PLS,0.118078198601987
0,PLS,0.0583710004259039
0,PLS,0.0547701169021302
0,PLS,0.0514344945743296
0,PLS,0.0558818495372283
0,PLS,0.0711436047388599
0,PLS,0.0336160284272953
0,PLS,0.0636771394207236
0,PLS,0.0860463457599024
0,PLS,0.0738097485541746
0,PLS,0.101131721507665
0,PLS,0.0672377778412265
0,PLS,0.0516662266353294
0,PLS,0.0412350338051749
0,PLS,0.0668148164774903
0,PLS,0.0410580989886441
0,PLS,0.0496478258312868
0,PLS,0.0793718598568413
0,PLS,0.0458793417757434
0,PLS,0.0615649729932353
0,PLS,0.0437768481543128
0,PLS,0.0859251065587529
0,fTS,0.13635837316691
0,fTS,0.0508919966884298
0,fTS,0.0470161046758421
0,fTS,0.0665236691605768
0,fTS,0.0970073731878501
0,fTS,0.0692226753133982
0,fTS,0.0663285233274012
0,fTS,0.0448152371224353
0,fTS,0.0308137831059383
0,fTS,0.0789854483949485
0,fTS,0.0723864087931588
0,fTS,0.0766332077073337
0,fTS,0.0650183688226786
0,fTS,0.0992047948112068
0,fTS,0.0437644396226685
0,fTS,0.070227287413769
0,fTS,0.0997137075334198
0,fTS,0.0566948526803276
0,fTS,0.0386645032761531
0,fTS,0.061159976417522
0,fTS,0.10814487991625
0,fTS,0.0528874672597653
0,fTS,0.123581832010116
0,fTS,0.0489338620156164
0,fTS,0.0516662849856072
0,fTS,0.0463984265812026
0,fTS,0.0610599685847728
0,fTS,0.0596960320179375
0,fTS,0.0458700210231884
0,fTS,0.0626499985459456
0,fTS,0.0789832047264564
0,fTS,0.0527125773589436
0,fTS,0.0527376012291162
0,fTS,0.0359093796477658
0,fTS,0.0811144126419646
0,fTS,0.0797284304250657
0,fTS,0.0758790464708149
0,fTS,0.0795822760152517
0,fTS,0.0543395914869004
0,fTS,0.0778525550926203
0,fTS,0.0977715557877742
0,fTS,0.0804962127051733
0,fTS,0.0771000040743982
0,fTS,0.0368950017815518
0,fTS,0.0477056702021493
0,fTS,0.0551803388118658
0,fTS,0.0484459266874103
0,fTS,0.0523666117350626
0,fTS,0.0747540713668513
0,fTS,0.0664979243560867
0,fTS,0.0566142689492931
0,fTS,0.0433576382445483
0,fTS,0.0476035846304176
0,fTS,0.0606725563437891
0,fTS,0.0965694163982884
0,fTS,0.100771387160888
0,fTS,0.0329131848234722
0,fTS,0.06735074673195
0,fTS,0.056896587801153
0,fTS,0.0438679905704215
0,fTS,0.0522176296482927
0,fTS,0.0334409531576372
0,fTS,0.0539125016933872
0,fTS,0.0651939626152421
0,fTS,0.0604315571225328
0,fTS,0.0440347972166105
0,fTS,0.077748987956842
0,fTS,0.0569316826098318
0,fTS,0.0771996966087501
0,fTS,0.0854934051009817
0,fTS,0.0276894530763825
0,fTS,0.0599446392412458
0,fTS,0.0473466513389817
0,fTS,0.079998843855218
0,fTS,0.051550248624247
0,fTS,0.0540220724003778
0,fTS,0.0440487722757597
0,fTS,0.0431970438159018
0,fTS,0.0661795630610811
0,fTS,0.0512547809718152
0,fTS,0.0463412532384259
0,fTS,0.0559042406963302
0,fTS,0.0927891088431199
0,fTS,0.0623493972372204
0,fTS,0.0659716187386736
0,fTS,0.0451922199358472
0,fTS,0.0615085491448012
0,fTS,0.0646145212770932
0,fTS,0.0749152383828076
0,fTS,0.0675248820424336
0,fTS,0.0548456508959619
0,fTS,0.0484680997333606
0,fTS,0.0902496463546228
0,fTS,0.0566391806646793
0,fTS,0.0653022195975417
0,fTS,0.0582705743078417
0,fTS,0.0518175888983382
0,fTS,0.0496294549345115
0,fTS,0.0529263023926683
0,fTS,0.102891472024353
0,fTS,0.0597182510405515
0,fTS,0.040152013259742
0,fTS,0.0453381247686038
0,fTS,0.0509711824985641
0,fTS,0.0978216582151593
0,fTS,0.0541122444808624
0,fTS,0.067399702264133
0,fTS,0.0736875332149945
0,fTS,0.0667508243173102
0,fTS,0.0868810780662292
0,fTS,0.116311626851569
0,fTS,0.0331392507831614
0,fTS,0.0699906879911009
0,fTS,0.0636173303040993
0,fTS,0.0447952600375575
0,fTS,0.0632405395296872
0,fTS,0.0745362683416499
0,fTS,0.104012496550287
0,fTS,0.0541989125832343
0,fTS,0.059774362565092
0,fTS,0.0572124508245
0,fTS,0.0333556858099781
0,fTS,0.0768059773444575
0,fTS,0.0421716836132053
0,fTS,0.0525858306433763
0,fTS,0.0508086012034395
0,fTS,0.0662897998240275
0,fTS,0.0643125193552044
0,fTS,0.084237514758831
0,fTS,0.0650324796896118
0,fTS,0.0350682391323067
0,fTS,0.0583417520294696
0,fTS,0.0479382688328743
0,fTS,0.0472168851278071
0,fTS,0.0850413333563513
0,fTS,0.0691339924128545
0,fTS,0.0463931528993513
0,fTS,0.0958761247940476
0,fTS,0.0843215009602983
0,fTS,0.0682921206092909
0,fTS,0.0743243733453455
0,fTS,0.0567098783188768
0,fTS,0.0838317837357208
0,fTS,0.0663079370213315
0,fTS,0.0661791770642289
0,fTS,0.0425687569311435
0,fTS,0.0868959271921532
0,fTS,0.053008099901823
0,fTS,0.0605395384607246
0,fTS,0.0528791655885274
0,fTS,0.0523490297511585
0,fTS,0.0579664242979327
0,fTS,0.0888232130631177
0,fTS,0.0640913783006637
0,fTS,0.0319060284574164
0,fTS,0.0570562629819335
0,fTS,0.0738625898573093
0,fTS,0.116232485664591
0,fTS,0.0678119412988614
0,fTS,0.0434711332018549
0,fTS,0.0535211139184065
0,fTS,0.0755584745450078
0,fTS,0.05136472563395
0,fTS,0.0824904934134302
0,fTS,0.0683895852768425
0,fTS,0.0549797699425586
0,fTS,0.0552801576712707
0,fTS,0.0573605237883805
0,fTS,0.0606356892481862
0,fTS,0.0408606736418638
0,fTS,0.0543147033267642
0,fTS,0.052832594260758
0,fTS,0.101902654512164
0,fTS,0.0593917437537978
0,fTS,0.0639202791045893
0,fTS,0.0665318041613984
0,fTS,0.072506092943099
0,fTS,0.0342358480708113
0,fTS,0.118073144690002
0,fTS,0.0583662672595441
0,fTS,0.0548057481331362
0,fTS,0.0514344945743296
0,fTS,0.0558880729941403
0,fTS,0.0711451761880633
0,fTS,0.0336108066909434
0,fTS,0.063677326931358
0,fTS,0.086259081694585
0,fTS,0.0738267191190147
0,fTS,0.101131721507665
0,fTS,0.0672393642802249
0,fTS,0.0516633934741966
0,fTS,0.0412350338051749
0,fTS,0.0668152913808571
0,fTS,0.0410580989886441
0,fTS,0.0496479471154931
0,fTS,0.0793718598568413
0,fTS,0.0458660632161466
0,fTS,0.0616650951548999
0,fTS,0.0437305798436176
0,fTS,0.0859251065587529
0,LS_oracle,0.136604487496044
0,LS_oracle,0.0508574293974484
0,LS_oracle,0.047057654674207
0,LS_oracle,0.0669857359086311
0,LS_oracle,0.096874430672509
0,LS_oracle,0.0701902179249661
0,LS_oracle,0.0662916016640846
0,LS_oracle,0.0446137043873324
0,LS_oracle,0.0308711239812599
0,LS_oracle,0.0789718625443345
0,LS_oracle,0.0714093976316496
0,LS_oracle,0.0761493256948865
0,LS_oracle,0.0648265498209962
0,LS_oracle,0.0989929817680278
0,LS_oracle,0.043830353303607
0,LS_oracle,0.0697924157434398
0,LS_oracle,0.0999374139108803
0,LS_oracle,0.0558845344442051
0,LS_oracle,0.038713815072552
0,LS_oracle,0.0611445098232974
0,LS_oracle,0.108574448941404
0,LS_oracle,0.0529892209976282
0,LS_oracle,0.123574525928974
0,LS_oracle,0.0490991663351473
0,LS_oracle,0.0516408152588476
0,LS_oracle,0.0466142940667242
0,LS_oracle,0.0609040605871596
0,LS_oracle,0.0598251969190957
0,LS_oracle,0.0457928351942154
0,LS_oracle,0.0624498645864352
0,LS_oracle,0.0790005198710933
0,LS_oracle,0.0522761024126369
0,LS_oracle,0.0525611941307552
0,LS_oracle,0.0359547999322244
0,LS_oracle,0.0811914643290144
0,LS_oracle,0.0798362293374876
0,LS_oracle,0.0754237351673661
0,LS_oracle,0.0795049041234079
0,LS_oracle,0.0543380565990422
0,LS_oracle,0.0774904400860509
0,LS_oracle,0.0979837454404655
0,LS_oracle,0.0805148127044757
0,LS_oracle,0.0773682128491559
0,LS_oracle,0.0369703785956229
0,LS_oracle,0.0478289418404461
0,LS_oracle,0.0550727969488691
0,LS_oracle,0.0484600998909986
0,LS_oracle,0.0525525079518785
0,LS_oracle,0.0738363788515305
0,LS_oracle,0.0665361402165077
0,LS_oracle,0.0556694622043119
0,LS_oracle,0.0434218457950354
0,LS_oracle,0.047574195933565
0,LS_oracle,0.0601230346172334
0,LS_oracle,0.09654984290445
0,LS_oracle,0.100408371547178
0,LS_oracle,0.0324311688329046
0,LS_oracle,0.0674620430728776
0,LS_oracle,0.0572233176131757
0,LS_oracle,0.0438354956488515
0,LS_oracle,0.053444458164043
0,LS_oracle,0.0334036146193444
0,LS_oracle,0.0554791054581863
0,LS_oracle,0.065257592556043
0,LS_oracle,0.0605145453389305
0,LS_oracle,0.043990177865823
0,LS_oracle,0.0779548812503395
0,LS_oracle,0.0565252212339715
0,LS_oracle,0.0769851889837958
0,LS_oracle,0.0854236211563311
0,LS_oracle,0.0274775983275722
0,LS_oracle,0.0599397876929573
0,LS_oracle,0.0463432694239099
0,LS_oracle,0.0803322974480034
0,LS_oracle,0.0515767873282844
0,LS_oracle,0.0540757402858385
0,LS_oracle,0.0442859900875381
0,LS_oracle,0.0432281335072077
0,LS_oracle,0.0663774576805516
0,LS_oracle,0.0513196305699669
0,LS_oracle,0.0464163480576648
0,LS_oracle,0.0554676041910156
0,LS_oracle,0.0938443438719879
0,LS_oracle,0.0623401523699239
0,LS_oracle,0.0658918155107729
0,LS_oracle,0.0453288054646876
0,LS_oracle,0.061449561177965
0,LS_oracle,0.0646230792671569
0,LS_oracle,0.0748569438426764
0,LS_oracle,0.0669845303981305
0,LS_oracle,0.0548609419560667
0,LS_oracle,0.0486837227736788
0,LS_oracle,0.0897110532229813
0,LS_oracle,0.0558329382008827
0,LS_oracle,0.0637085291739968
0,LS_oracle,0.0581977574494054
0,LS_oracle,0.0511939463189107
0,LS_oracle,0.049456415976923
0,LS_oracle,0.0530497972779194
0,LS_oracle,0.102678687561187
0,LS_oracle,0.0601326364269338
0,LS_oracle,0.0400403732101704
0,LS_oracle,0.0450915092110696
0,LS_oracle,0.0507913585887466
0,LS_oracle,0.0984192791221552
0,LS_oracle,0.0542113238032244
0,LS_oracle,0.067365834721139
0,LS_oracle,0.0743072509623305
0,LS_oracle,0.0670099116522478
0,LS_oracle,0.0866962146260268
0,LS_oracle,0.116219341326217
0,LS_oracle,0.0331413052794693
0,LS_oracle,0.0693068194614644
0,LS_oracle,0.0624431624831098
0,LS_oracle,0.0453235260699294
0,LS_oracle,0.0629129427960736
0,LS_oracle,0.0727940122062372
0,LS_oracle,0.104170600411145
0,LS_oracle,0.0541652637018273
0,LS_oracle,0.0598414733529971
0,LS_oracle,0.0571738655443799
0,LS_oracle,0.0334052992227153
0,LS_oracle,0.0764163163380297
0,LS_oracle,0.0423456465572986
0,LS_oracle,0.0526128581493741
0,LS_oracle,0.0508293327345687
0,LS_oracle,0.0662065762182218
0,LS_oracle,0.0643165027579108
0,LS_oracle,0.0841812890626481
0,LS_oracle,0.0649454521077652
0,LS_oracle,0.034822692940011
0,LS_oracle,0.0583184908162193
0,LS_oracle,0.0482252574449401
0,LS_oracle,0.0472571137591521
0,LS_oracle,0.0850702019583944
0,LS_oracle,0.0691141554364013
0,LS_oracle,0.0463155578811261
0,LS_oracle,0.0959810385229343
0,LS_oracle,0.0841128581310863
0,LS_oracle,0.0682953021592685
0,LS_oracle,0.0741003459133306
0,LS_oracle,0.0579550961559749
0,LS_oracle,0.083965211718444
0,LS_oracle,0.0664166900842214
0,LS_oracle,0.0656940386074527
0,LS_oracle,0.0437158226884573
0,LS_oracle,0.0861418721482617
0,LS_oracle,0.0526750274643064
0,LS_oracle,0.060578216343335
0,LS_oracle,0.0526605060200536
0,LS_oracle,0.0525918032340593
0,LS_oracle,0.0580045148303832
0,LS_oracle,0.0892848830331213
0,LS_oracle,0.0657227319745929
0,LS_oracle,0.0318687201734476
0,LS_oracle,0.0570580050250244
0,LS_oracle,0.074328070153097
0,LS_oracle,0.116361099250006
0,LS_oracle,0.0679907951468923
0,LS_oracle,0.0434560966585666
0,LS_oracle,0.053582957156154
0,LS_oracle,0.0756954770661076
0,LS_oracle,0.0513826007706163
0,LS_oracle,0.0814110572842197
0,LS_oracle,0.0673069666821941
0,LS_oracle,0.0546801520997877
0,LS_oracle,0.0555390589776813
0,LS_oracle,0.0573631962365946
0,LS_oracle,0.060552008367587
0,LS_oracle,0.0407005312812408
0,LS_oracle,0.0543144837699281
0,LS_oracle,0.0532888858488857
0,LS_oracle,0.102986904766399
0,LS_oracle,0.0593961825757572
0,LS_oracle,0.0644232700305335
0,LS_oracle,0.0665273147713282
0,LS_oracle,0.0725116030101966
0,LS_oracle,0.0338664669889972
0,LS_oracle,0.117931084648079
0,LS_oracle,0.0584970923910563
0,LS_oracle,0.0543916293860892
0,LS_oracle,0.0516392430468587
0,LS_oracle,0.0559534521141193
0,LS_oracle,0.0711266413467363
0,LS_oracle,0.0335778062790337
0,LS_oracle,0.0638029564242004
0,LS_oracle,0.0852440374896191
0,LS_oracle,0.0737016697173195
0,LS_oracle,0.101096652401198
0,LS_oracle,0.0667069987282172
0,LS_oracle,0.0515491570571342
0,LS_oracle,0.0411842585359988
0,LS_oracle,0.0668095281710318
0,LS_oracle,0.0410623631183989
0,LS_oracle,0.049734995867134
0,LS_oracle,0.0793564843639752
0,LS_oracle,0.0458533556162476
0,LS_oracle,0.0615806654662104
0,LS_oracle,0.0439517395792921
0,LS_oracle,0.0859648751148571
0,TS_oracle,0.136588549083515
0,TS_oracle,0.0508573613610595
0,TS_oracle,0.0470644702124587
0,TS_oracle,0.0669857359086311
0,TS_oracle,0.0968746613968068
0,TS_oracle,0.0693817499411443
0,TS_oracle,0.0662916016640846
0,TS_oracle,0.0446137043873324
0,TS_oracle,0.0308710176367358
0,TS_oracle,0.0789816769876417
0,TS_oracle,0.0727737172599815
0,TS_oracle,0.0762445189905873
0,TS_oracle,0.0648265498209962
0,TS_oracle,0.098991435378296
0,TS_oracle,0.0438263109969445
0,TS_oracle,0.0697924157434398
0,TS_oracle,0.0999379131390282
0,TS_oracle,0.0565400486906196
0,TS_oracle,0.038713815072552
0,TS_oracle,0.0611470041504106
0,TS_oracle,0.108572451915908
0,TS_oracle,0.0529020736186345
0,TS_oracle,0.123596586341688
0,TS_oracle,0.0488639596921138
0,TS_oracle,0.0516454502712947
0,TS_oracle,0.0464099224706111
0,TS_oracle,0.0609049233531853
0,TS_oracle,0.0598251969190957
0,TS_oracle,0.0457872716803565
0,TS_oracle,0.0626453236245981
0,TS_oracle,0.0789826159873314
0,TS_oracle,0.0527120428653325
0,TS_oracle,0.0525611941307552
0,TS_oracle,0.0356849934255245
0,TS_oracle,0.0811903603743518
0,TS_oracle,0.0798573043930447
0,TS_oracle,0.0754782110013721
0,TS_oracle,0.0794998114062682
0,TS_oracle,0.0543380565990422
0,TS_oracle,0.0774811697954959
0,TS_oracle,0.0979837454404655
0,TS_oracle,0.0805293885257117
0,TS_oracle,0.0773904470127903
0,TS_oracle,0.0369760244564107
0,TS_oracle,0.0479002531964938
0,TS_oracle,0.0550678715919861
0,TS_oracle,0.0484655645226229
0,TS_oracle,0.0523541043169924
0,TS_oracle,0.0747143813018227
0,TS_oracle,0.066497323407543
0,TS_oracle,0.0556694622043119
0,TS_oracle,0.0434180482210104
0,TS_oracle,0.0475765499381215
0,TS_oracle,0.0614860002538016
0,TS_oracle,0.0971670156876077
0,TS_oracle,0.100410428389472
0,TS_oracle,0.0324311688329046
0,TS_oracle,0.0674620430728776
0,TS_oracle,0.0577333722438387
0,TS_oracle,0.0438649960548729
0,TS_oracle,0.0534142468971704
0,TS_oracle,0.0333964604575497
0,TS_oracle,0.0540885680776361
0,TS_oracle,0.0652581799209856
0,TS_oracle,0.0605145453389305
0,TS_oracle,0.043990177865823
0,TS_oracle,0.0782299099271384
0,TS_oracle,0.0568494722568992
0,TS_oracle,0.0771949923114279
0,TS_oracle,0.0854236211563311
0,TS_oracle,0.0275681110918847
0,TS_oracle,0.0599444042395184
0,TS_oracle,0.0462859533197331
0,TS_oracle,0.0799553612149402
0,TS_oracle,0.0517192250606445
0,TS_oracle,0.0540756096461814
0,TS_oracle,0.0442859447215419
0,TS_oracle,0.0432281335072077
0,TS_oracle,0.066470101966298
0,TS_oracle,0.0512703083098066
0,TS_oracle,0.0464163480576648
0,TS_oracle,0.0554972256136711
0,TS_oracle,0.0938443438719879
0,TS_oracle,0.0623554941160475
0,TS_oracle,0.065897801153139
0,TS_oracle,0.0453130180179351
0,TS_oracle,0.0614495611779646
0,TS_oracle,0.064552499157526
0,TS_oracle,0.0748607222017131
0,TS_oracle,0.0673431412692409
0,TS_oracle,0.0549019541054842
0,TS_oracle,0.0486837227736788
0,TS_oracle,0.0897110532229813
0,TS_oracle,0.0558094589383471
0,TS_oracle,0.0652357867240817
0,TS_oracle,0.0581977574494054
0,TS_oracle,0.0511939463189107
0,TS_oracle,0.0494518581523747
0,TS_oracle,0.0530445385161475
0,TS_oracle,0.102658320016324
0,TS_oracle,0.0601326364269338
0,TS_oracle,0.0400403732101704
0,TS_oracle,0.0452646307377545
0,TS_oracle,0.0507952161900324
0,TS_oracle,0.0984173879001114
0,TS_oracle,0.0542046547599246
0,TS_oracle,0.0674057444449342
0,TS_oracle,0.0743635819769002
0,TS_oracle,0.0670081735414216
0,TS_oracle,0.0868835767348266
0,TS_oracle,0.11621917238435
0,TS_oracle,0.0331413052794693
0,TS_oracle,0.0693068194614644
0,TS_oracle,0.0624682729618202
0,TS_oracle,0.045314122449739
0,TS_oracle,0.0629556179354208
0,TS_oracle,0.0744556869742163
0,TS_oracle,0.104170600411145
0,TS_oracle,0.0541961800337807
0,TS_oracle,0.0598440904060869
0,TS_oracle,0.0571994799309761
0,TS_oracle,0.0333792257813641
0,TS_oracle,0.076416277539434
0,TS_oracle,0.0421580692247415
0,TS_oracle,0.0526032220030842
0,TS_oracle,0.0508258551223997
0,TS_oracle,0.0662040927419278
0,TS_oracle,0.0643067770069735
0,TS_oracle,0.0841815256811854
0,TS_oracle,0.0649545948801412
0,TS_oracle,0.0348546597246957
0,TS_oracle,0.0583206860831708
0,TS_oracle,0.0481109594698713
0,TS_oracle,0.0472553968025352
0,TS_oracle,0.0850699676231931
0,TS_oracle,0.069087354407546
0,TS_oracle,0.0462798262383469
0,TS_oracle,0.0959810497353953
0,TS_oracle,0.084228222108252
0,TS_oracle,0.0682953021592685
0,TS_oracle,0.0742275606340798
0,TS_oracle,0.0579553210915794
0,TS_oracle,0.0839284461537366
0,TS_oracle,0.0664166900842214
0,TS_oracle,0.0660533112354969
0,TS_oracle,0.0436923477707073
0,TS_oracle,0.0868084484921675
0,TS_oracle,0.0526750274643064
0,TS_oracle,0.0605753174006479
0,TS_oracle,0.052554539845765
0,TS_oracle,0.0525045937117915
0,TS_oracle,0.057974230523159
0,TS_oracle,0.0892848830331213
0,TS_oracle,0.0657227319745929
0,TS_oracle,0.0318523505114268
0,TS_oracle,0.0570582312155866
0,TS_oracle,0.0743280802088522
0,TS_oracle,0.116716349365373
0,TS_oracle,0.0679948686570134
0,TS_oracle,0.0434552629768609
0,TS_oracle,0.0535957295416574
0,TS_oracle,0.0756847535709182
0,TS_oracle,0.0513826007706163
0,TS_oracle,0.0821807245079898
0,TS_oracle,0.0673069666821942
0,TS_oracle,0.0546850562425754
0,TS_oracle,0.0556225025237845
0,TS_oracle,0.0573631962365946
0,TS_oracle,0.060552008367587
0,TS_oracle,0.0406986220214229
0,TS_oracle,0.0543144837699281
0,TS_oracle,0.053413267211219
0,TS_oracle,0.103081511256763
0,TS_oracle,0.0594005720731041
0,TS_oracle,0.0640381756069154
0,TS_oracle,0.0665273147713282
0,TS_oracle,0.0725097722865745
0,TS_oracle,0.0338831794495513
0,TS_oracle,0.117927143519148
0,TS_oracle,0.0584970923910563
0,TS_oracle,0.0544456188661639
0,TS_oracle,0.0516392430468587
0,TS_oracle,0.0559584509019289
0,TS_oracle,0.0711282216748783
0,TS_oracle,0.0335665023637251
0,TS_oracle,0.0638032134414043
0,TS_oracle,0.0853612779373844
0,TS_oracle,0.0737086837949573
0,TS_oracle,0.101096652401198
0,TS_oracle,0.0667087676907707
0,TS_oracle,0.0515459179104651
0,TS_oracle,0.0411782844827794
0,TS_oracle,0.0668100051624428
0,TS_oracle,0.0410623631183989
0,TS_oracle,0.0497350500627168
0,TS_oracle,0.0793564843639752
0,TS_oracle,0.0458408763551787
0,TS_oracle,0.0616753304663952
0,TS_oracle,0.0439517395792921
0,TS_oracle,0.0859670109631962
0.1,PLS,0.0561310920715061
0.1,PLS,0.0638079121384303
0.1,PLS,0.0394323326749789
0.1,PLS,0.0986428377471994
0.1,PLS,0.0719533713136172
0.1,PLS,0.0578717438040696
0.1,PLS,0.0422590622970385
0.1,PLS,0.0665308247431971
0.1,PLS,0.0692423090125854
0.1,PLS,0.0600964682320836
0.1,PLS,0.076085029287985
0.1,PLS,0.0481966044567503
0.1,PLS,0.053234962904876
0.1,PLS,0.0626451410654833
0.1,PLS,0.0391376032404088
0.1,PLS,0.0798320364795913
0.1,PLS,0.061229223142684
0.1,PLS,0.050850133846675
0.1,PLS,0.0791315370394718
0.1,PLS,0.0894959775974459
0.1,PLS,0.0785444308075051
0.1,PLS,0.0626427325398156
0.1,PLS,0.0505942627541378
0.1,PLS,0.0542377318890391
0.1,PLS,0.0517119357703612
0.1,PLS,0.0566980461912229
0.1,PLS,0.073892110087107
0.1,PLS,0.0501241420484596
0.1,PLS,0.0746753932084994
0.1,PLS,0.0559634262498059
0.1,PLS,0.0337381592966309
0.1,PLS,0.0538067160765042
0.1,PLS,0.0970448913432907
0.1,PLS,0.0305223070211157
0.1,PLS,0.111853269339566
0.1,PLS,0.109805793831473
0.1,PLS,0.0838087538334805
0.1,PLS,0.061712010574865
0.1,PLS,0.0525551655580212
0.1,PLS,0.0713025726938199
0.1,PLS,0.0763575452588383
0.1,PLS,0.0687522747980085
0.1,PLS,0.0477639674936752
0.1,PLS,0.0700855714824333
0.1,PLS,0.055508531254697
0.1,PLS,0.0493783262043772
0.1,PLS,0.0792479736402654
0.1,PLS,0.0407965897709385
0.1,PLS,0.0428753103135031
0.1,PLS,0.0596100639649441
0.1,PLS,0.0576682112365415
0.1,PLS,0.0520952333552949
0.1,PLS,0.0488770019586239
0.1,PLS,0.0650663748947324
0.1,PLS,0.0504071538735266
0.1,PLS,0.0550862214082961
0.1,PLS,0.0547025893594658
0.1,PLS,0.0535039747203984
0.1,PLS,0.0684376110977889
0.1,PLS,0.0718647896353924
0.1,PLS,0.0612570004123186
0.1,PLS,0.0606401090339233
0.1,PLS,0.0553814526987864
0.1,PLS,0.0857897070167791
0.1,PLS,0.0652055326338455
0.1,PLS,0.0597040847888159
0.1,PLS,0.06246953038754
0.1,PLS,0.140784828321444
0.1,PLS,0.0356333884835415
0.1,PLS,0.050842649345139
0.1,PLS,0.0658251539367139
0.1,PLS,0.0664306313846255
0.1,PLS,0.0401488295659723
0.1,PLS,0.0527966552179733
0.1,PLS,0.0500551904817605
0.1,PLS,0.0569881015735542
0.1,PLS,0.0456199006566878
0.1,PLS,0.0893403682106135
0.1,PLS,0.0703390518310864
0.1,PLS,0.0338897388928733
0.1,PLS,0.0443254597428222
0.1,PLS,0.0514349216212959
0.1,PLS,0.0693361099389527
0.1,PLS,0.0523661919018998
0.1,PLS,0.0501764769677129
0.1,PLS,0.0678410905762007
0.1,PLS,0.0293222334782974
0.1,PLS,0.0471729653827826
0.1,PLS,0.0452312579197119
0.1,PLS,0.0695138633617073
0.1,PLS,0.0528895771409262
0.1,PLS,0.0719362201885584
0.1,PLS,0.0491308059929306
0.1,PLS,0.069879100690099
0.1,PLS,0.0829253567368701
0.1,PLS,0.0569486662024008
0.1,PLS,0.0459883800148822
0.1,PLS,0.0454099617361246
0.1,PLS,0.0494291520442683
0.1,PLS,0.0966550610623299
0.1,PLS,0.0552345501161517
0.1,PLS,0.0517953270489698
0.1,PLS,0.0418406009358632
0.1,PLS,0.0484123598478706
0.1,PLS,0.0540416193466392
0.1,PLS,0.0663646338728955
0.1,PLS,0.0584171635323339
0.1,PLS,0.0510237796106116
0.1,PLS,0.040040785710015
0.1,PLS,0.069141725007313
0.1,PLS,0.0423678676675451
0.1,PLS,0.0516394398335687
0.1,PLS,0.0831695619043483
0.1,PLS,0.0533531534229391
0.1,PLS,0.064527055378174
0.1,PLS,0.0324861492900526
0.1,PLS,0.0441713630758815
0.1,PLS,0.0353524466606175
0.1,PLS,0.0753072928821391
0.1,PLS,0.0770046740716716
0.1,PLS,0.0398182141278251
0.1,PLS,0.0647405907727552
0.1,PLS,0.0737716872579046
0.1,PLS,0.043874850926007
0.1,PLS,0.0414078701307987
0.1,PLS,0.0747020242481372
0.1,PLS,0.0595066003054491
0.1,PLS,0.0942481379727276
0.1,PLS,0.101326729137822
0.1,PLS,0.0570939373079597
0.1,PLS,0.160409637320563
0.1,PLS,0.0417856680335565
0.1,PLS,0.0580697448045922
0.1,PLS,0.0389974849302313
0.1,PLS,0.0440994338944632
0.1,PLS,0.0541620935838953
0.1,PLS,0.0512048184118823
0.1,PLS,0.0487622434435339
0.1,PLS,0.0702038267555171
0.1,PLS,0.0500039391155905
0.1,PLS,0.0501300296765477
0.1,PLS,0.0767984748034517
0.1,PLS,0.0424449967885058
0.1,PLS,0.0602487283769933
0.1,PLS,0.0574623128237312
0.1,PLS,0.0947169216372566
0.1,PLS,0.0417009184699786
0.1,PLS,0.0375310145439882
0.1,PLS,0.0486140216621345
0.1,PLS,0.0632532213152836
0.1,PLS,0.0828078907363244
0.1,PLS,0.0871196282317661
0.1,PLS,0.0747532217091217
0.1,PLS,0.0483152141567451
0.1,PLS,0.0584911415356814
0.1,PLS,0.0538820348836261
0.1,PLS,0.0610194736591084
0.1,PLS,0.124741258845151
0.1,PLS,0.0619596011480936
0.1,PLS,0.0528769444906928
0.1,PLS,0.0928590706561212
0.1,PLS,0.078140301201492
0.1,PLS,0.0459008179141747
0.1,PLS,0.0643498664481151
0.1,PLS,0.0738419131778201
0.1,PLS,0.045369499450006
0.1,PLS,0.0572128226726772
0.1,PLS,0.0473647084604747
0.1,PLS,0.0977984099516147
0.1,PLS,0.0780293496083787
0.1,PLS,0.0455993969650368
0.1,PLS,0.0451730036029822
0.1,PLS,0.0707288060304303
0.1,PLS,0.0549859439934058
0.1,PLS,0.069015798826794
0.1,PLS,0.0435259406634621
0.1,PLS,0.0346551031852904
0.1,PLS,0.0562670332785538
0.1,PLS,0.0551109359273812
0.1,PLS,0.0447210311702619
0.1,PLS,0.0872469351445343
0.1,PLS,0.0922823952098151
0.1,PLS,0.0715384050521595
0.1,PLS,0.100225807451827
0.1,PLS,0.0680860159911661
0.1,PLS,0.113394496649837
0.1,PLS,0.0799669399187327
0.1,PLS,0.0806170684312598
0.1,PLS,0.0724851930138144
0.1,PLS,0.0328274621548738
0.1,PLS,0.0550262452404982
0.1,PLS,0.045279002079199
0.1,PLS,0.0638094894897169
0.1,PLS,0.0448865129849979
0.1,PLS,0.0475755301879694
0.1,PLS,0.0689657982640173
0.1,PLS,0.109154920651159
0.1,PLS,0.0882298708075212
0.1,PLS,0.0688765132009818
0.1,PLS,0.0487356675184651
0.1,fTS,0.0554769710274519
0.1,fTS,0.063510862195854
0.1,fTS,0.0390428866292576
0.1,fTS,0.0978845746735484
0.1,fTS,0.0670680403217411
0.1,fTS,0.0532147794772584
0.1,fTS,0.0406917663517064
0.1,fTS,0.068911606627662
0.1,fTS,0.0694815611741033
0.1,fTS,0.0582814534787329
0.1,fTS,0.0740587193382029
0.1,fTS,0.0473976779686519
0.1,fTS,0.056728015315516
0.1,fTS,0.0614025782307785
0.1,fTS,0.0441367630503566
0.1,fTS,0.0766500545680476
0.1,fTS,0.0639675352736712
0.1,fTS,0.0483042742395286
0.1,fTS,0.0780981073636642
0.1,fTS,0.0874849066790346
0.1,fTS,0.0754352525946441
0.1,fTS,0.0608746121921047
0.1,fTS,0.0515338400548247
0.1,fTS,0.0569878526806243
0.1,fTS,0.0517097955523666
0.1,fTS,0.0582860114551843
0.1,fTS,0.0765826233235515
0.1,fTS,0.0498348519290107
0.1,fTS,0.0729674681768232
0.1,fTS,0.0566349169094254
0.1,fTS,0.0369515682749853
0.1,fTS,0.0513528205110695
0.1,fTS,0.097205752447094
0.1,fTS,0.0295517757025312
0.1,fTS,0.110087744591978
0.1,fTS,0.116514663128973
0.1,fTS,0.0791025012720965
0.1,fTS,0.0607495750826441
0.1,fTS,0.0507774086464277
0.1,fTS,0.0713025726938199
0.1,fTS,0.0758411005938053
0.1,fTS,0.0674419042412972
0.1,fTS,0.0472178180633283
0.1,fTS,0.0705787391126103
0.1,fTS,0.0564235206080013
0.1,fTS,0.0510706891985595
0.1,fTS,0.0780978443468427
0.1,fTS,0.0381224281097964
0.1,fTS,0.0429024571032047
0.1,fTS,0.0595026372765977
0.1,fTS,0.058190757401934
0.1,fTS,0.0510205744513664
0.1,fTS,0.049874618352002
0.1,fTS,0.0598652455056769
0.1,fTS,0.0514421003734422
0.1,fTS,0.0548599963386688
0.1,fTS,0.0521164205733652
0.1,fTS,0.0540291585484513
0.1,fTS,0.0689452210122991
0.1,fTS,0.071775080227659
0.1,fTS,0.0570542791063452
0.1,fTS,0.0601491945310632
0.1,fTS,0.0566018009913344
0.1,fTS,0.0826051438085123
0.1,fTS,0.0655590062562438
0.1,fTS,0.0574411664860826
0.1,fTS,0.0591223293239402
0.1,fTS,0.137592228988349
0.1,fTS,0.0385635405879068
0.1,fTS,0.0461060763093026
0.1,fTS,0.0653526264216673
0.1,fTS,0.0670742492118125
0.1,fTS,0.0385877630213911
0.1,fTS,0.0546691081859421
0.1,fTS,0.0517537583280172
0.1,fTS,0.0557136581189482
0.1,fTS,0.0462864388233746
0.1,fTS,0.093700061963451
0.1,fTS,0.0699322825098342
0.1,fTS,0.0352841460791327
0.1,fTS,0.0428193505481097
0.1,fTS,0.0507741718710929
0.1,fTS,0.0679219331045487
0.1,fTS,0.0543235856334923
0.1,fTS,0.050830023459855
0.1,fTS,0.0701897163350634
0.1,fTS,0.029448274147116
0.1,fTS,0.0476111286430944
0.1,fTS,0.0422540134320687
0.1,fTS,0.0710910195293807
0.1,fTS,0.0502089544011461
0.1,fTS,0.0668534449593133
0.1,fTS,0.0489734837955693
0.1,fTS,0.0685353843258367
0.1,fTS,0.0821014340109086
0.1,fTS,0.0579955953456143
0.1,fTS,0.0478191080666652
0.1,fTS,0.0488825760571051
0.1,fTS,0.0511644017777457
0.1,fTS,0.0945619090035241
0.1,fTS,0.0511015493609416
0.1,fTS,0.0560394719276269
0.1,fTS,0.0409027765786555
0.1,fTS,0.0466287250741299
0.1,fTS,0.0531174340585964
0.1,fTS,0.0670171583417517
0.1,fTS,0.051768173293334
0.1,fTS,0.0489162636897926
0.1,fTS,0.0409602315972238
0.1,fTS,0.0700676038308374
0.1,fTS,0.0421259971046813
0.1,fTS,0.0497565141580522
0.1,fTS,0.0809946817298477
0.1,fTS,0.0535278363180799
0.1,fTS,0.0683009753809675
0.1,fTS,0.0331275652857531
0.1,fTS,0.0431832711304687
0.1,fTS,0.0344859929911795
0.1,fTS,0.0754160528714861
0.1,fTS,0.071861590075141
0.1,fTS,0.0380504517470983
0.1,fTS,0.062391553040819
0.1,fTS,0.0777140295708597
0.1,fTS,0.0442517720765503
0.1,fTS,0.0394098762566674
0.1,fTS,0.0738722250517347
0.1,fTS,0.0586723765905426
0.1,fTS,0.0924771723974958
0.1,fTS,0.101949300549014
0.1,fTS,0.0571855237175912
0.1,fTS,0.159415001586697
0.1,fTS,0.0414133335676696
0.1,fTS,0.0569902620634481
0.1,fTS,0.0381858440809006
0.1,fTS,0.0454643325278963
0.1,fTS,0.0609986918965822
0.1,fTS,0.0513042255089199
0.1,fTS,0.0487982219876643
0.1,fTS,0.0662088420405193
0.1,fTS,0.0476942486150381
0.1,fTS,0.0479511343295182
0.1,fTS,0.0800937553593621
0.1,fTS,0.043783092962861
0.1,fTS,0.0616661535537271
0.1,fTS,0.0580119619459209
0.1,fTS,0.0928312347732518
0.1,fTS,0.0400492671811549
0.1,fTS,0.0385811232206605
0.1,fTS,0.0469232734623133
0.1,fTS,0.0675643899935195
0.1,fTS,0.0817361894382604
0.1,fTS,0.0835875892442849
0.1,fTS,0.0728832230872115
0.1,fTS,0.0510927567302845
0.1,fTS,0.0581427871913947
0.1,fTS,0.0538820348836261
0.1,fTS,0.0638867766899646
0.1,fTS,0.126321903918175
0.1,fTS,0.061393437525475
0.1,fTS,0.0507792643410768
0.1,fTS,0.0922492580585244
0.1,fTS,0.0781172064780287
0.1,fTS,0.0469821384262285
0.1,fTS,0.067860529304759
0.1,fTS,0.0715815187541946
0.1,fTS,0.0447226967584025
0.1,fTS,0.0559953060157555
0.1,fTS,0.0398154127577462
0.1,fTS,0.0975416873775451
0.1,fTS,0.0867726210293791
0.1,fTS,0.0434556939044892
0.1,fTS,0.04435447014865
0.1,fTS,0.070951391705482
0.1,fTS,0.0551747646773939
0.1,fTS,0.0662100188377008
0.1,fTS,0.043448334963626
0.1,fTS,0.0386624622621844
0.1,fTS,0.0559740052552099
0.1,fTS,0.0531781706024435
0.1,fTS,0.0445433497673706
0.1,fTS,0.0860279677855613
0.1,fTS,0.0881044928213692
0.1,fTS,0.0721033577020454
0.1,fTS,0.102134850606628
0.1,fTS,0.0671509880979972
0.1,fTS,0.115160063849402
0.1,fTS,0.0774093704776041
0.1,fTS,0.0838832648297427
0.1,fTS,0.0718115240234456
0.1,fTS,0.0300311300030425
0.1,fTS,0.0591546820084855
0.1,fTS,0.0460703486122234
0.1,fTS,0.0636772061206754
0.1,fTS,0.0445133713384005
0.1,fTS,0.04913829544242
0.1,fTS,0.0681846957982547
0.1,fTS,0.10565910470137
0.1,fTS,0.0868972901481042
0.1,fTS,0.0697912169668976
0.1,fTS,0.0502176689597313
0.1,LS_oracle,0.0559226145188635
0.1,LS_oracle,0.0634733414146688
0.1,LS_oracle,0.0389309571435609
0.1,LS_oracle,0.0985400862179596
0.1,LS_oracle,0.0719598377109861
0.1,LS_oracle,0.0578961579471623
0.1,LS_oracle,0.0422382091430376
0.1,LS_oracle,0.0664474777709417
0.1,LS_oracle,0.0693813038557158
0.1,LS_oracle,0.0600387911676498
0.1,LS_oracle,0.0760738131443923
0.1,LS_oracle,0.0482572713892933
0.1,LS_oracle,0.0541273523834273
0.1,LS_oracle,0.0623101466803367
0.1,LS_oracle,0.0391368831155364
0.1,LS_oracle,0.0798132464619633
0.1,LS_oracle,0.0605456860934297
0.1,LS_oracle,0.0507084204172151
0.1,LS_oracle,0.0787537750638508
0.1,LS_oracle,0.0887487319029786
0.1,LS_oracle,0.0787019136029517
0.1,LS_oracle,0.062442703919004
0.1,LS_oracle,0.0504524491059438
0.1,LS_oracle,0.0541149502845966
0.1,LS_oracle,0.051692858964903
0.1,LS_oracle,0.0567773149942434
0.1,LS_oracle,0.0737165871430789
0.1,LS_oracle,0.0501079113933062
0.1,LS_oracle,0.0746626337044831
0.1,LS_oracle,0.055286364784339
0.1,LS_oracle,0.0336646977125291
0.1,LS_oracle,0.0538830109506473
0.1,LS_oracle,0.0970765496479811
0.1,LS_oracle,0.0306072971661026
0.1,LS_oracle,0.111469763144818
0.1,LS_oracle,0.109534747863079
0.1,LS_oracle,0.0838211137479491
0.1,LS_oracle,0.0615712458827953
0.1,LS_oracle,0.0525377854894691
0.1,LS_oracle,0.0718532290740569
0.1,LS_oracle,0.0766155129686532
0.1,LS_oracle,0.0689528519637799
0.1,LS_oracle,0.0468618929252635
0.1,LS_oracle,0.0700587033248214
0.1,LS_oracle,0.0557741074669058
0.1,LS_oracle,0.0494425464111845
0.1,LS_oracle,0.0797412848682334
0.1,LS_oracle,0.0407305362598947
0.1,LS_oracle,0.0428801601750377
0.1,LS_oracle,0.0595949526838408
0.1,LS_oracle,0.0577832977227143
0.1,LS_oracle,0.0511567115087603
0.1,LS_oracle,0.0495165011693639
0.1,LS_oracle,0.0650114419274122
0.1,LS_oracle,0.0502835781146071
0.1,LS_oracle,0.054155257960521
0.1,LS_oracle,0.0547153602678549
0.1,LS_oracle,0.0526404299106579
0.1,LS_oracle,0.0682282346807814
0.1,LS_oracle,0.0718534356912138
0.1,LS_oracle,0.0614056083300073
0.1,LS_oracle,0.0610542960199323
0.1,LS_oracle,0.0558406990965142
0.1,LS_oracle,0.0865742176638128
0.1,LS_oracle,0.065115324288684
0.1,LS_oracle,0.0596235181319088
0.1,LS_oracle,0.0624689776383544
0.1,LS_oracle,0.141193321455927
0.1,LS_oracle,0.0357248300264745
0.1,LS_oracle,0.0508237633651121
0.1,LS_oracle,0.0658065389196098
0.1,LS_oracle,0.0655786218687179
0.1,LS_oracle,0.0403974022529897
0.1,LS_oracle,0.0527823937811296
0.1,LS_oracle,0.050001293325382
0.1,LS_oracle,0.0569797214705215
0.1,LS_oracle,0.0454705638507028
0.1,LS_oracle,0.0892903058037544
0.1,LS_oracle,0.0703498108147672
0.1,LS_oracle,0.0336844940070682
0.1,LS_oracle,0.0442058987593669
0.1,LS_oracle,0.0513454291266352
0.1,LS_oracle,0.0693354441504112
0.1,LS_oracle,0.053561466458645
0.1,LS_oracle,0.0502642957543859
0.1,LS_oracle,0.0679221738093068
0.1,LS_oracle,0.0293525456351741
0.1,LS_oracle,0.0471789981617034
0.1,LS_oracle,0.045907665013191
0.1,LS_oracle,0.0694667155198684
0.1,LS_oracle,0.0524944057418516
0.1,LS_oracle,0.0716958212721037
0.1,LS_oracle,0.0496054562319447
0.1,LS_oracle,0.0698500120914125
0.1,LS_oracle,0.0829806019034042
0.1,LS_oracle,0.0570449727867191
0.1,LS_oracle,0.0459279343306998
0.1,LS_oracle,0.0447869281294748
0.1,LS_oracle,0.0498705296649559
0.1,LS_oracle,0.0968761312919716
0.1,LS_oracle,0.055251432755997
0.1,LS_oracle,0.0517650756518925
0.1,LS_oracle,0.0416977161550968
0.1,LS_oracle,0.0486734571874987
0.1,LS_oracle,0.0552331793711909
0.1,LS_oracle,0.0663557059656594
0.1,LS_oracle,0.0584233007338522
0.1,LS_oracle,0.0510479130522656
0.1,LS_oracle,0.0400450538182614
0.1,LS_oracle,0.0691499310472713
0.1,LS_oracle,0.0424942396616818
0.1,LS_oracle,0.0521606835062183
0.1,LS_oracle,0.0829804259596941
0.1,LS_oracle,0.0533954131649911
0.1,LS_oracle,0.0643848771139341
0.1,LS_oracle,0.0325448909934608
0.1,LS_oracle,0.0442086464649354
0.1,LS_oracle,0.0353541009327599
0.1,LS_oracle,0.0752295356611451
0.1,LS_oracle,0.0763866084173016
0.1,LS_oracle,0.0398037633119136
0.1,LS_oracle,0.0647101982339497
0.1,LS_oracle,0.0738373205991597
0.1,LS_oracle,0.0439136955068774
0.1,LS_oracle,0.0411990497075828
0.1,LS_oracle,0.0746343906318597
0.1,LS_oracle,0.0596070382724318
0.1,LS_oracle,0.0942991177218233
0.1,LS_oracle,0.101690687176768
0.1,LS_oracle,0.0571565186061109
0.1,LS_oracle,0.16044403803448
0.1,LS_oracle,0.0418186901563047
0.1,LS_oracle,0.0580304088332742
0.1,LS_oracle,0.0389533636852903
0.1,LS_oracle,0.0441125869087388
0.1,LS_oracle,0.0542110812587699
0.1,LS_oracle,0.0511265714972505
0.1,LS_oracle,0.048390943935127
0.1,LS_oracle,0.0701683621359042
0.1,LS_oracle,0.0501419262744634
0.1,LS_oracle,0.051155898429218
0.1,LS_oracle,0.0767299607589419
0.1,LS_oracle,0.0424455361993736
0.1,LS_oracle,0.0605683477085608
0.1,LS_oracle,0.0574316093364252
0.1,LS_oracle,0.09534087953543
0.1,LS_oracle,0.0417973893327202
0.1,LS_oracle,0.03758762802787
0.1,LS_oracle,0.0485689681773651
0.1,LS_oracle,0.0632963625706452
0.1,LS_oracle,0.0828218450806276
0.1,LS_oracle,0.0871907444399298
0.1,LS_oracle,0.0744240291399988
0.1,LS_oracle,0.0484098669302989
0.1,LS_oracle,0.0584793599513233
0.1,LS_oracle,0.0538832314184111
0.1,LS_oracle,0.0610411536747338
0.1,LS_oracle,0.124708953379925
0.1,LS_oracle,0.0619358179202022
0.1,LS_oracle,0.0530062625217959
0.1,LS_oracle,0.0934272132898796
0.1,LS_oracle,0.0781364612667927
0.1,LS_oracle,0.0459734888783706
0.1,LS_oracle,0.0639891402457818
0.1,LS_oracle,0.0742017606268722
0.1,LS_oracle,0.045758078782462
0.1,LS_oracle,0.056960876816049
0.1,LS_oracle,0.0459318538476902
0.1,LS_oracle,0.0979971800622207
0.1,LS_oracle,0.0779051051613303
0.1,LS_oracle,0.0444324902826571
0.1,LS_oracle,0.044921793690939
0.1,LS_oracle,0.0707530720730783
0.1,LS_oracle,0.0548675539757687
0.1,LS_oracle,0.0685268868351755
0.1,LS_oracle,0.0440875605453927
0.1,LS_oracle,0.0346779553524723
0.1,LS_oracle,0.0564393993435264
0.1,LS_oracle,0.0552348602306463
0.1,LS_oracle,0.0446279318578335
0.1,LS_oracle,0.0874798080531474
0.1,LS_oracle,0.0924954466506619
0.1,LS_oracle,0.0716303621718361
0.1,LS_oracle,0.100347193560721
0.1,LS_oracle,0.0680940713455905
0.1,LS_oracle,0.113400575082713
0.1,LS_oracle,0.0809920947133886
0.1,LS_oracle,0.081086367811248
0.1,LS_oracle,0.072508368035232
0.1,LS_oracle,0.0327115493022926
0.1,LS_oracle,0.0549778027617971
0.1,LS_oracle,0.0450033177873259
0.1,LS_oracle,0.0638720894135247
0.1,LS_oracle,0.0448769845952012
0.1,LS_oracle,0.0472437470099104
0.1,LS_oracle,0.0688433620762634
0.1,LS_oracle,0.108910434604939
0.1,LS_oracle,0.0889198124307659
0.1,LS_oracle,0.0699115247172303
0.1,LS_oracle,0.0486634155644404
0.1,TS_oracle,0.0551068571882843
0.1,TS_oracle,0.0632022750906168
0.1,TS_oracle,0.0387176306174896
0.1,TS_oracle,0.0978197935805659
0.1,TS_oracle,0.0671994616903157
0.1,TS_oracle,0.0532359057861041
0.1,TS_oracle,0.0406821014042741
0.1,TS_oracle,0.0688408063770431
0.1,TS_oracle,0.0695812035475964
0.1,TS_oracle,0.0580502817639231
0.1,TS_oracle,0.0740435199436575
0.1,TS_oracle,0.0473882336921274
0.1,TS_oracle,0.0572092749727235
0.1,TS_oracle,0.061035422371449
0.1,TS_oracle,0.0441375726313977
0.1,TS_oracle,0.076634866763724
0.1,TS_oracle,0.0634977150361205
0.1,TS_oracle,0.0482382163039076
0.1,TS_oracle,0.077743053974348
0.1,TS_oracle,0.0869337053932621
0.1,TS_oracle,0.0755018404897322
0.1,TS_oracle,0.0607172700055502
0.1,TS_oracle,0.0516212944225709
0.1,TS_oracle,0.056803188924598
0.1,TS_oracle,0.0516939556467138
0.1,TS_oracle,0.0583250362408894
0.1,TS_oracle,0.0765568490658326
0.1,TS_oracle,0.049822323845661
0.1,TS_oracle,0.0729938780757053
0.1,TS_oracle,0.0557499068888952
0.1,TS_oracle,0.0368750443408508
0.1,TS_oracle,0.0514869523006078
0.1,TS_oracle,0.0971329627978074
0.1,TS_oracle,0.0296553101628704
0.1,TS_oracle,0.109832146253368
0.1,TS_oracle,0.116357306117821
0.1,TS_oracle,0.0791069725059166
0.1,TS_oracle,0.0606257691311022
0.1,TS_oracle,0.050766821341331
0.1,TS_oracle,0.0693800636097975
0.1,TS_oracle,0.0759003488319667
0.1,TS_oracle,0.0677724514425983
0.1,TS_oracle,0.0464415958364397
0.1,TS_oracle,0.070533019685633
0.1,TS_oracle,0.0567186309224771
0.1,TS_oracle,0.0511070423549956
0.1,TS_oracle,0.0784480169576947
0.1,TS_oracle,0.038103422207923
0.1,TS_oracle,0.042908387378668
0.1,TS_oracle,0.0595040583814625
0.1,TS_oracle,0.0583186024703971
0.1,TS_oracle,0.050038536712591
0.1,TS_oracle,0.0505464751021001
0.1,TS_oracle,0.0598292536082328
0.1,TS_oracle,0.0513715506122929
0.1,TS_oracle,0.0532413672585601
0.1,TS_oracle,0.0521349364581773
0.1,TS_oracle,0.0529185298338662
0.1,TS_oracle,0.0687597443136378
0.1,TS_oracle,0.0717637401731546
0.1,TS_oracle,0.057159914135571
0.1,TS_oracle,0.0606066038912014
0.1,TS_oracle,0.0570729703137029
0.1,TS_oracle,0.0830895596138251
0.1,TS_oracle,0.0655183497952352
0.1,TS_oracle,0.0574458573068146
0.1,TS_oracle,0.0591211741350473
0.1,TS_oracle,0.137870066680908
0.1,TS_oracle,0.0386445117175083
0.1,TS_oracle,0.0460918111827624
0.1,TS_oracle,0.0653376077616893
0.1,TS_oracle,0.0664627216160695
0.1,TS_oracle,0.0387517410854947
0.1,TS_oracle,0.054663803658427
0.1,TS_oracle,0.0517133526735927
0.1,TS_oracle,0.0557986803183619
0.1,TS_oracle,0.0461749718904432
0.1,TS_oracle,0.0936342515414968
0.1,TS_oracle,0.0699391567022713
0.1,TS_oracle,0.0348159823600285
0.1,TS_oracle,0.0427362101572918
0.1,TS_oracle,0.0507102423379548
0.1,TS_oracle,0.0679193790506028
0.1,TS_oracle,0.0551465891596447
0.1,TS_oracle,0.0509110053173027
0.1,TS_oracle,0.0695983018900996
0.1,TS_oracle,0.0292711200966661
0.1,TS_oracle,0.0476138026944519
0.1,TS_oracle,0.0424656318979565
0.1,TS_oracle,0.0710630128352576
0.1,TS_oracle,0.0497801036133824
0.1,TS_oracle,0.0667037600338156
0.1,TS_oracle,0.0488373794236363
0.1,TS_oracle,0.0685157943967537
0.1,TS_oracle,0.0820923998403969
0.1,TS_oracle,0.0580642931605641
0.1,TS_oracle,0.0478781495680174
0.1,TS_oracle,0.0483548070674438
0.1,TS_oracle,0.0516100017075605
0.1,TS_oracle,0.0940745011206781
0.1,TS_oracle,0.0511095786070855
0.1,TS_oracle,0.0559573774560837
0.1,TS_oracle,0.040733620359109
0.1,TS_oracle,0.0468838226600482
0.1,TS_oracle,0.0532081413380087
0.1,TS_oracle,0.0670102233403634
0.1,TS_oracle,0.0517650573343993
0.1,TS_oracle,0.0489246349499343
0.1,TS_oracle,0.0409583204348678
0.1,TS_oracle,0.0701839182913508
0.1,TS_oracle,0.042235366044604
0.1,TS_oracle,0.0503771473801641
0.1,TS_oracle,0.0808405060356095
0.1,TS_oracle,0.0535613872738998
0.1,TS_oracle,0.0682337316681472
0.1,TS_oracle,0.033166486371895
0.1,TS_oracle,0.0431955391170359
0.1,TS_oracle,0.0344865427032513
0.1,TS_oracle,0.0752935625338853
0.1,TS_oracle,0.0709222223434796
0.1,TS_oracle,0.0379629242748758
0.1,TS_oracle,0.0623826334672462
0.1,TS_oracle,0.0777598783847152
0.1,TS_oracle,0.0442910350960964
0.1,TS_oracle,0.039215476517175
0.1,TS_oracle,0.0738143198695986
0.1,TS_oracle,0.0587459722648074
0.1,TS_oracle,0.0922892386384312
0.1,TS_oracle,0.102370960586287
0.1,TS_oracle,0.0572436727226393
0.1,TS_oracle,0.1594404293669
0.1,TS_oracle,0.0414310065786662
0.1,TS_oracle,0.0569689319287474
0.1,TS_oracle,0.0381606297647916
0.1,TS_oracle,0.0454714788323734
0.1,TS_oracle,0.0610398944678267
0.1,TS_oracle,0.051370023158415
0.1,TS_oracle,0.048334892562546
0.1,TS_oracle,0.0661952042574502
0.1,TS_oracle,0.0477525018086894
0.1,TS_oracle,0.0493098780841391
0.1,TS_oracle,0.0800504857715249
0.1,TS_oracle,0.0437937672534538
0.1,TS_oracle,0.062007249264333
0.1,TS_oracle,0.0580267441664655
0.1,TS_oracle,0.0913151652805857
0.1,TS_oracle,0.0401785848269117
0.1,TS_oracle,0.0387725792632434
0.1,TS_oracle,0.0468166959708646
0.1,TS_oracle,0.0675959335000641
0.1,TS_oracle,0.0817880678228398
0.1,TS_oracle,0.0836155572124848
0.1,TS_oracle,0.072648233645736
0.1,TS_oracle,0.0511103874510967
0.1,TS_oracle,0.0581483833442716
0.1,TS_oracle,0.0538832314184111
0.1,TS_oracle,0.0639101422112527
0.1,TS_oracle,0.126287611966416
0.1,TS_oracle,0.0613915357903576
0.1,TS_oracle,0.0508575110352559
0.1,TS_oracle,0.0926594900131106
0.1,TS_oracle,0.0781132409978898
0.1,TS_oracle,0.0470466724915464
0.1,TS_oracle,0.0677892445209728
0.1,TS_oracle,0.0718311233967436
0.1,TS_oracle,0.0450014338849657
0.1,TS_oracle,0.0558037602764397
0.1,TS_oracle,0.0379166779526553
0.1,TS_oracle,0.0977076349162905
0.1,TS_oracle,0.0866624030831946
0.1,TS_oracle,0.0426462512210757
0.1,TS_oracle,0.0440574318287334
0.1,TS_oracle,0.0709393865679576
0.1,TS_oracle,0.0547687664569357
0.1,TS_oracle,0.0656240522491544
0.1,TS_oracle,0.0437097179165837
0.1,TS_oracle,0.0386799244540688
0.1,TS_oracle,0.0561073322581254
0.1,TS_oracle,0.0532721750857165
0.1,TS_oracle,0.0445282906423367
0.1,TS_oracle,0.0861765906714598
0.1,TS_oracle,0.0881546407190376
0.1,TS_oracle,0.0721058885340023
0.1,TS_oracle,0.102228615761868
0.1,TS_oracle,0.0671320019330595
0.1,TS_oracle,0.115164535247313
0.1,TS_oracle,0.0789944897770039
0.1,TS_oracle,0.0837515799600148
0.1,TS_oracle,0.0720394941472264
0.1,TS_oracle,0.0299658440771929
0.1,TS_oracle,0.0591310418637013
0.1,TS_oracle,0.0459141946856818
0.1,TS_oracle,0.0637085410554728
0.1,TS_oracle,0.0445079943098878
0.1,TS_oracle,0.0490433747684779
0.1,TS_oracle,0.0681208192615757
0.1,TS_oracle,0.105659517483041
0.1,TS_oracle,0.0880159407035435
0.1,TS_oracle,0.0698756434744843
0.1,TS_oracle,0.0500388186555416
0.2,PLS,0.0616645051389327
0.2,PLS,0.0535142622958815
0.2,PLS,0.0450310978521575
0.2,PLS,0.0796421060466062
0.2,PLS,0.0571975263586804
0.2,PLS,0.0850375302232894
0.2,PLS,0.106476068934595
0.2,PLS,0.0606394916856996
0.2,PLS,0.0516267675741799
0.2,PLS,0.0588032762900875
0.2,PLS,0.0835551218058367
0.2,PLS,0.0833527076073401
0.2,PLS,0.0620072567035159
0.2,PLS,0.056545067492777
0.2,PLS,0.0563098731752196
0.2,PLS,0.0805621339823915
0.2,PLS,0.0452147208403779
0.2,PLS,0.0656020489785355
0.2,PLS,0.0480695022234816
0.2,PLS,0.0695207798081056
0.2,PLS,0.0636252270917055
0.2,PLS,0.0862908871755627
0.2,PLS,0.112476528991672
0.2,PLS,0.0315798422836977
0.2,PLS,0.0828591369657614
0.2,PLS,0.0523773128967617
0.2,PLS,0.0533490489255202
0.2,PLS,0.0637075456214719
0.2,PLS,0.0517661250418424
0.2,PLS,0.045017477661721
0.2,PLS,0.0425591407461108
0.2,PLS,0.0547347796233772
0.2,PLS,0.0383715525420141
0.2,PLS,0.0590687846079124
0.2,PLS,0.0362432572151647
0.2,PLS,0.0445098423358186
0.2,PLS,0.0552110430478151
0.2,PLS,0.144967285796312
0.2,PLS,0.121982827763395
0.2,PLS,0.0698549052599502
0.2,PLS,0.0570390490231827
0.2,PLS,0.0469952179670786
0.2,PLS,0.045540191231254
0.2,PLS,0.052803362493348
0.2,PLS,0.0571787401126268
0.2,PLS,0.0721745997848037
0.2,PLS,0.0515018050900361
0.2,PLS,0.076482625161007
0.2,PLS,0.0420599954964666
0.2,PLS,0.0591171388379375
0.2,PLS,0.0375169605543083
0.2,PLS,0.0625969498365388
0.2,PLS,0.0425919858958909
0.2,PLS,0.0859579318111815
0.2,PLS,0.0303800572109224
0.2,PLS,0.0564472645089369
0.2,PLS,0.0431771380489247
0.2,PLS,0.0405492753899859
0.2,PLS,0.134627992301871
0.2,PLS,0.0448599299931733
0.2,PLS,0.0942457801533824
0.2,PLS,0.0419849576819107
0.2,PLS,0.110408930636915
0.2,PLS,0.0377341247942668
0.2,PLS,0.0728237156174465
0.2,PLS,0.0766683790093096
0.2,PLS,0.0542431202775024
0.2,PLS,0.0578424062286328
0.2,PLS,0.0499958520568376
0.2,PLS,0.0659994161919797
0.2,PLS,0.0459402728646734
0.2,PLS,0.0795940912590682
0.2,PLS,0.0649647345602846
0.2,PLS,0.0439946805415215
0.2,PLS,0.061354467311644
0.2,PLS,0.103225008552844
0.2,PLS,0.0665844886315956
0.2,PLS,0.0730435196294049
0.2,PLS,0.0988478358140004
0.2,PLS,0.088357298236718
0.2,PLS,0.0613931685506796
0.2,PLS,0.100136438169164
0.2,PLS,0.0580674094427328
0.2,PLS,0.0877978307407886
0.2,PLS,0.0355596505279488
0.2,PLS,0.0675508755094922
0.2,PLS,0.0577032556750864
0.2,PLS,0.0629106725905134
0.2,PLS,0.0399610167613855
0.2,PLS,0.0646486174687616
0.2,PLS,0.0447674614493796
0.2,PLS,0.0353321862585829
0.2,PLS,0.0676533838800156
0.2,PLS,0.0674349926057818
0.2,PLS,0.0453150057504442
0.2,PLS,0.0626268805356845
0.2,PLS,0.0397831209256188
0.2,PLS,0.072406241703787
0.2,PLS,0.0711613078087931
0.2,PLS,0.0868834296771363
0.2,PLS,0.0566812984994916
0.2,PLS,0.0425131729794745
0.2,PLS,0.0679712310262531
0.2,PLS,0.0904040386021683
0.2,PLS,0.0447917243819769
0.2,PLS,0.0479132405446876
0.2,PLS,0.0395254324855308
0.2,PLS,0.0742126308435682
0.2,PLS,0.0512200599092547
0.2,PLS,0.0514467314743081
0.2,PLS,0.0526574813149764
0.2,PLS,0.0791718498345235
0.2,PLS,0.0380646286973724
0.2,PLS,0.0459875738117115
0.2,PLS,0.0630885649560698
0.2,PLS,0.0554644296833397
0.2,PLS,0.0569222012444075
0.2,PLS,0.0579445111013808
0.2,PLS,0.144266309506981
0.2,PLS,0.157500795378267
0.2,PLS,0.0765718827884634
0.2,PLS,0.0680923351614341
0.2,PLS,0.0824278819236945
0.2,PLS,0.0828290400587619
0.2,PLS,0.0605361196808471
0.2,PLS,0.0673298916358514
0.2,PLS,0.0622215379727403
0.2,PLS,0.0455780129106799
0.2,PLS,0.0523556232633548
0.2,PLS,0.0840466696308603
0.2,PLS,0.0681795540436454
0.2,PLS,0.0835344868260424
0.2,PLS,0.0366341023274478
0.2,PLS,0.070928357637474
0.2,PLS,0.038900045676331
0.2,PLS,0.042537848203222
0.2,PLS,0.0480938866161918
0.2,PLS,0.0622415184680855
0.2,PLS,0.0372029071287467
0.2,PLS,0.0595210859346052
0.2,PLS,0.0646005821483908
0.2,PLS,0.074204045403086
0.2,PLS,0.0603721837905886
0.2,PLS,0.0644309341814467
0.2,PLS,0.0507661190219909
0.2,PLS,0.0606299786701084
0.2,PLS,0.0757757632445382
0.2,PLS,0.0654269475537685
0.2,PLS,0.0718453318704258
0.2,PLS,0.0426411811237717
0.2,PLS,0.0401208378338627
0.2,PLS,0.0548241190242255
0.2,PLS,0.058283360158354
0.2,PLS,0.0656725656671377
0.2,PLS,0.0734646250528409
0.2,PLS,0.0637713647211641
0.2,PLS,0.0525883236028666
0.2,PLS,0.0476722193803116
0.2,PLS,0.0503574340674834
0.2,PLS,0.0447514593665055
0.2,PLS,0.053006333905765
0.2,PLS,0.0402518067156203
0.2,PLS,0.0694214382333324
0.2,PLS,0.058285815910501
0.2,PLS,0.0765131603872354
0.2,PLS,0.0602183556823028
0.2,PLS,0.0628367008886673
0.2,PLS,0.0703948979974626
0.2,PLS,0.0488928563777808
0.2,PLS,0.0562859162706468
0.2,PLS,0.0713084473484565
0.2,PLS,0.0986294263130966
0.2,PLS,0.071901617560568
0.2,PLS,0.0661306028679074
0.2,PLS,0.0596416714283181
0.2,PLS,0.0688403878482531
0.2,PLS,0.0504816037369944
0.2,PLS,0.0295436324355592
0.2,PLS,0.0669936463479318
0.2,PLS,0.0875430798220232
0.2,PLS,0.0338822714222626
0.2,PLS,0.0730649103601624
0.2,PLS,0.0363567718897504
0.2,PLS,0.0726828944378072
0.2,PLS,0.0450416866813622
0.2,PLS,0.0562536779758443
0.2,PLS,0.0888007686008206
0.2,PLS,0.126154943883843
0.2,PLS,0.054221558464968
0.2,PLS,0.10331610623587
0.2,PLS,0.0490458535028394
0.2,PLS,0.0751155529194562
0.2,PLS,0.0510464282982103
0.2,PLS,0.0950529635711925
0.2,PLS,0.0468018243776021
0.2,PLS,0.0410983508092071
0.2,PLS,0.0846021329378206
0.2,PLS,0.105837642949682
0.2,PLS,0.0374143180867069
0.2,PLS,0.0814825717934621
0.2,fTS,0.0619444443604571
0.2,fTS,0.0437356909811605
0.2,fTS,0.0401824255274148
0.2,fTS,0.0793396501502464
0.2,fTS,0.065067228668003
0.2,fTS,0.0846198499430218
0.2,fTS,0.104194680762061
0.2,fTS,0.0709087244087673
0.2,fTS,0.0507474156382315
0.2,fTS,0.0467477394115531
0.2,fTS,0.0859505332575694
0.2,fTS,0.079433269629698
0.2,fTS,0.0552572397015576
0.2,fTS,0.0500687261753271
0.2,fTS,0.0458726378539498
0.2,fTS,0.0747183137199341
0.2,fTS,0.0451381796950257
0.2,fTS,0.0466708230977047
0.2,fTS,0.0535204926841888
0.2,fTS,0.0604096901412849
0.2,fTS,0.0603370496918144
0.2,fTS,0.0755276376092609
0.2,fTS,0.115093480447913
0.2,fTS,0.0349811645115084
0.2,fTS,0.0786524013735721
0.2,fTS,0.0624794354340901
0.2,fTS,0.058641715336975
0.2,fTS,0.0596431174344595
0.2,fTS,0.0497059340302831
0.2,fTS,0.0345877220772738
0.2,fTS,0.0468490466460312
0.2,fTS,0.0528941252456527
0.2,fTS,0.0352072090484543
0.2,fTS,0.0522580612877226
0.2,fTS,0.0403539460868446
0.2,fTS,0.0524929311247563
0.2,fTS,0.0532459061004297
0.2,fTS,0.147176141112358
0.2,fTS,0.124136077547129
0.2,fTS,0.0703089846635986
0.2,fTS,0.0556549170863439
0.2,fTS,0.0475902620402495
0.2,fTS,0.0451191837159687
0.2,fTS,0.0556003975937108
0.2,fTS,0.0588945139837048
0.2,fTS,0.0676294065088406
0.2,fTS,0.0520446079963826
0.2,fTS,0.0676074960101495
0.2,fTS,0.0398500698016154
0.2,fTS,0.0578447024428292
0.2,fTS,0.0361099077883055
0.2,fTS,0.0636360085236292
0.2,fTS,0.0380535099994767
0.2,fTS,0.0780095768068711
0.2,fTS,0.0286155848419954
0.2,fTS,0.0487273432965976
0.2,fTS,0.0328023822018535
0.2,fTS,0.0382537499882312
0.2,fTS,0.126587951434518
0.2,fTS,0.048853942112231
0.2,fTS,0.0946439778268628
0.2,fTS,0.0393271336444186
0.2,fTS,0.0862258238911547
0.2,fTS,0.0385798208427255
0.2,fTS,0.0801925512456171
0.2,fTS,0.0765249041200795
0.2,fTS,0.0530549179463812
0.2,fTS,0.0577104834878941
0.2,fTS,0.0505447870697381
0.2,fTS,0.0527466338203567
0.2,fTS,0.0447416030998251
0.2,fTS,0.0832364503857673
0.2,fTS,0.0695011613812381
0.2,fTS,0.0441599962860223
0.2,fTS,0.0635314182609894
0.2,fTS,0.109234198408192
0.2,fTS,0.0732502199532948
0.2,fTS,0.0696239988993501
0.2,fTS,0.0985373890515051
0.2,fTS,0.080793257306771
0.2,fTS,0.0528110967216282
0.2,fTS,0.0814304131115103
0.2,fTS,0.0540306741144932
0.2,fTS,0.0742833877176499
0.2,fTS,0.0351401743129577
0.2,fTS,0.0701961691557024
0.2,fTS,0.0613477484841886
0.2,fTS,0.0738704525406322
0.2,fTS,0.0379361707078135
0.2,fTS,0.0610672569718124
0.2,fTS,0.0439055313918128
0.2,fTS,0.0332047559274687
0.2,fTS,0.0603427502516354
0.2,fTS,0.0602944840023152
0.2,fTS,0.0412611166600843
0.2,fTS,0.0569570516037954
0.2,fTS,0.0386447179823131
0.2,fTS,0.0675911735219332
0.2,fTS,0.0609053431606355
0.2,fTS,0.0840588405080736
0.2,fTS,0.0485821795793901
0.2,fTS,0.0421274089831231
0.2,fTS,0.0789971264911838
0.2,fTS,0.0901247949244135
0.2,fTS,0.0464872160229893
0.2,fTS,0.0520031985081195
0.2,fTS,0.0444761660956701
0.2,fTS,0.077810846967848
0.2,fTS,0.0487944998533464
0.2,fTS,0.0535930501602603
0.2,fTS,0.0605711517244562
0.2,fTS,0.0731606659583526
0.2,fTS,0.0384688781012864
0.2,fTS,0.0507688018740554
0.2,fTS,0.0660437627684786
0.2,fTS,0.0527816035072438
0.2,fTS,0.0563284928457701
0.2,fTS,0.0506869806853482
0.2,fTS,0.13870593872935
0.2,fTS,0.133156138916392
0.2,fTS,0.0704980003730015
0.2,fTS,0.062481681339724
0.2,fTS,0.0714638394859545
0.2,fTS,0.0820467583693102
0.2,fTS,0.0610533640336646
0.2,fTS,0.0631149586129333
0.2,fTS,0.0693162046855815
0.2,fTS,0.0391524055672976
0.2,fTS,0.0406702577378649
0.2,fTS,0.0836199338791564
0.2,fTS,0.0528316601226888
0.2,fTS,0.0790440299911819
0.2,fTS,0.0352618393477109
0.2,fTS,0.0717964703694654
0.2,fTS,0.0373600580998528
0.2,fTS,0.0451864949710026
0.2,fTS,0.0455297689968828
0.2,fTS,0.0636947536101263
0.2,fTS,0.0377780047241023
0.2,fTS,0.0598329145393992
0.2,fTS,0.0676971132510382
0.2,fTS,0.0656946634014529
0.2,fTS,0.0624130225055249
0.2,fTS,0.0535926369487868
0.2,fTS,0.0425751265536473
0.2,fTS,0.0618325592547296
0.2,fTS,0.0679878868737481
0.2,fTS,0.055709340324516
0.2,fTS,0.0719041952500102
0.2,fTS,0.0367965912216797
0.2,fTS,0.0387951959916915
0.2,fTS,0.0594194907723194
0.2,fTS,0.0556319860223018
0.2,fTS,0.06328928337643
0.2,fTS,0.0718977171880345
0.2,fTS,0.0631506117768276
0.2,fTS,0.0450876346222524
0.2,fTS,0.0539981290525798
0.2,fTS,0.0490785337526425
0.2,fTS,0.0444066936905048
0.2,fTS,0.0527038864690852
0.2,fTS,0.045994000085719
0.2,fTS,0.0712108400950701
0.2,fTS,0.0550851270092855
0.2,fTS,0.0786890544936693
0.2,fTS,0.0536318617200404
0.2,fTS,0.0494458223635464
0.2,fTS,0.0707677330026099
0.2,fTS,0.0399686912159499
0.2,fTS,0.0575382314801062
0.2,fTS,0.0747014790123902
0.2,fTS,0.0798497869845409
0.2,fTS,0.0712034091398263
0.2,fTS,0.0678001708261955
0.2,fTS,0.0621512377483808
0.2,fTS,0.0665667447583525
0.2,fTS,0.0435719231931863
0.2,fTS,0.0245379650973981
0.2,fTS,0.0661142955280795
0.2,fTS,0.0872733053533389
0.2,fTS,0.0335894020260841
0.2,fTS,0.0656432658563176
0.2,fTS,0.0338051452605357
0.2,fTS,0.0768528445900735
0.2,fTS,0.0410357159012584
0.2,fTS,0.0535684330543305
0.2,fTS,0.0875475989621826
0.2,fTS,0.115036314009645
0.2,fTS,0.0481783027505719
0.2,fTS,0.0946533176629781
0.2,fTS,0.04424208123199
0.2,fTS,0.0841250456289681
0.2,fTS,0.0471338381817927
0.2,fTS,0.0865638907183458
0.2,fTS,0.0498717873162479
0.2,fTS,0.046311174656757
0.2,fTS,0.0751230698206762
0.2,fTS,0.107027085566676
0.2,fTS,0.0369229543491272
0.2,fTS,0.0800324629677997
0.2,LS_oracle,0.0615816854064379
0.2,LS_oracle,0.0532380032541147
0.2,LS_oracle,0.0448805421970153
0.2,LS_oracle,0.0774735261881243
0.2,LS_oracle,0.0571640609413842
0.2,LS_oracle,0.0854421802696431
0.2,LS_oracle,0.106200329915188
0.2,LS_oracle,0.0604196252664963
0.2,LS_oracle,0.0520291079224677
0.2,LS_oracle,0.0581211129102978
0.2,LS_oracle,0.0844300047355877
0.2,LS_oracle,0.0843441828999311
0.2,LS_oracle,0.0618894591890575
0.2,LS_oracle,0.0565443110048264
0.2,LS_oracle,0.0561665547215995
0.2,LS_oracle,0.0804862175190992
0.2,LS_oracle,0.0452116122302608
0.2,LS_oracle,0.066212564845565
0.2,LS_oracle,0.0479547371753235
0.2,LS_oracle,0.0693207780850093
0.2,LS_oracle,0.0635996950789016
0.2,LS_oracle,0.0848757886769071
0.2,LS_oracle,0.112648460653002
0.2,LS_oracle,0.0315186687301359
0.2,LS_oracle,0.0829281333319594
0.2,LS_oracle,0.0522422591933796
0.2,LS_oracle,0.0528903870595797
0.2,LS_oracle,0.0639322990344366
0.2,LS_oracle,0.0517205493328705
0.2,LS_oracle,0.0448655314611597
0.2,LS_oracle,0.0425488283954033
0.2,LS_oracle,0.0548338669097095
0.2,LS_oracle,0.0378842645977933
0.2,LS_oracle,0.0592090937537045
0.2,LS_oracle,0.0363332882812416
0.2,LS_oracle,0.0445461961589696
0.2,LS_oracle,0.0551968559923844
0.2,LS_oracle,0.144979320727684
0.2,LS_oracle,0.122068105005748
0.2,LS_oracle,0.0700789167359836
0.2,LS_oracle,0.0569890589601565
0.2,LS_oracle,0.047049936435016
0.2,LS_oracle,0.0455604387448114
0.2,LS_oracle,0.0528619533880991
0.2,LS_oracle,0.0571743295242733
0.2,LS_oracle,0.0721386356279188
0.2,LS_oracle,0.0517580766331942
0.2,LS_oracle,0.0766128098226119
0.2,LS_oracle,0.0421242265324813
0.2,LS_oracle,0.0591330012542909
0.2,LS_oracle,0.0377341142069786
0.2,LS_oracle,0.062587594432486
0.2,LS_oracle,0.0418700289670966
0.2,LS_oracle,0.0856854820800114
0.2,LS_oracle,0.0306934562580875
0.2,LS_oracle,0.0564247618377619
0.2,LS_oracle,0.0431882327521449
0.2,LS_oracle,0.0405523941427736
0.2,LS_oracle,0.13468184469946
0.2,LS_oracle,0.0445563992284256
0.2,LS_oracle,0.0942289256725047
0.2,LS_oracle,0.0421312230835328
0.2,LS_oracle,0.11039620870579
0.2,LS_oracle,0.0378934132133296
0.2,LS_oracle,0.0728515270846837
0.2,LS_oracle,0.0767628078943109
0.2,LS_oracle,0.0544748912712434
0.2,LS_oracle,0.0573393576513561
0.2,LS_oracle,0.0501301126015599
0.2,LS_oracle,0.066368859358296
0.2,LS_oracle,0.0460235836267178
0.2,LS_oracle,0.0791329896980097
0.2,LS_oracle,0.0650366814512953
0.2,LS_oracle,0.0439936797904296
0.2,LS_oracle,0.0613161882921546
0.2,LS_oracle,0.103203611708684
0.2,LS_oracle,0.0663757861085728
0.2,LS_oracle,0.0733264051495036
0.2,LS_oracle,0.0988385985641184
0.2,LS_oracle,0.0885015800651288
0.2,LS_oracle,0.0614081177793031
0.2,LS_oracle,0.10054381830202
0.2,LS_oracle,0.0581650871956738
0.2,LS_oracle,0.0879401077797442
0.2,LS_oracle,0.035558438339049
0.2,LS_oracle,0.067780260425174
0.2,LS_oracle,0.0573301840441744
0.2,LS_oracle,0.0628052139692533
0.2,LS_oracle,0.0395149183829927
0.2,LS_oracle,0.0644283858955356
0.2,LS_oracle,0.0448723167899849
0.2,LS_oracle,0.0352339268987192
0.2,LS_oracle,0.0686543696137404
0.2,LS_oracle,0.0651685401711763
0.2,LS_oracle,0.045623542496408
0.2,LS_oracle,0.0624847649690954
0.2,LS_oracle,0.0385751488137319
0.2,LS_oracle,0.0723603766071998
0.2,LS_oracle,0.0710187461083937
0.2,LS_oracle,0.0867633644706692
0.2,LS_oracle,0.0566698374503967
0.2,LS_oracle,0.0424550500878634
0.2,LS_oracle,0.0674479402493014
0.2,LS_oracle,0.0891481769528314
0.2,LS_oracle,0.0445642192107385
0.2,LS_oracle,0.0478880809231848
0.2,LS_oracle,0.0403677258778434
0.2,LS_oracle,0.074759625557506
0.2,LS_oracle,0.0513588980775681
0.2,LS_oracle,0.0514630886875923
0.2,LS_oracle,0.0526742141692011
0.2,LS_oracle,0.0795009159584322
0.2,LS_oracle,0.0380678610377906
0.2,LS_oracle,0.0458549146813943
0.2,LS_oracle,0.0628987061054581
0.2,LS_oracle,0.0554576617514779
0.2,LS_oracle,0.0569720954958608
0.2,LS_oracle,0.0580289588309533
0.2,LS_oracle,0.144271674630558
0.2,LS_oracle,0.156806385125182
0.2,LS_oracle,0.0760625363544873
0.2,LS_oracle,0.0679475047188437
0.2,LS_oracle,0.0824054810143931
0.2,LS_oracle,0.0827210312592025
0.2,LS_oracle,0.0605442535699532
0.2,LS_oracle,0.0685044334906993
0.2,LS_oracle,0.0622696428669694
0.2,LS_oracle,0.0455018822627024
0.2,LS_oracle,0.0527420604479557
0.2,LS_oracle,0.0836100878949667
0.2,LS_oracle,0.0680915225086089
0.2,LS_oracle,0.0831117613912101
0.2,LS_oracle,0.0369346134888046
0.2,LS_oracle,0.0714830371007765
0.2,LS_oracle,0.0389605378083802
0.2,LS_oracle,0.0424177287295428
0.2,LS_oracle,0.04787267286213
0.2,LS_oracle,0.061734589818863
0.2,LS_oracle,0.0373245946926707
0.2,LS_oracle,0.0594763626006953
0.2,LS_oracle,0.0645831902308389
0.2,LS_oracle,0.0739638480514385
0.2,LS_oracle,0.0596523987946938
0.2,LS_oracle,0.0644435403923569
0.2,LS_oracle,0.0508375553712197
0.2,LS_oracle,0.0606762233251474
0.2,LS_oracle,0.0755936715353008
0.2,LS_oracle,0.065400247971584
0.2,LS_oracle,0.0716558674628534
0.2,LS_oracle,0.0426503536909624
0.2,LS_oracle,0.0403414333962864
0.2,LS_oracle,0.0557425970236698
0.2,LS_oracle,0.0582039785571174
0.2,LS_oracle,0.0653806689858672
0.2,LS_oracle,0.0732935743076506
0.2,LS_oracle,0.0637752872761241
0.2,LS_oracle,0.0526570886049648
0.2,LS_oracle,0.0476794433884767
0.2,LS_oracle,0.0500462767726355
0.2,LS_oracle,0.0447298424773332
0.2,LS_oracle,0.0530002352548377
0.2,LS_oracle,0.0402469784459275
0.2,LS_oracle,0.0696585024746036
0.2,LS_oracle,0.0582781437573726
0.2,LS_oracle,0.0768256788767665
0.2,LS_oracle,0.0603687163728199
0.2,LS_oracle,0.0628561628721313
0.2,LS_oracle,0.0704846031216306
0.2,LS_oracle,0.0489337460814451
0.2,LS_oracle,0.0562676676675734
0.2,LS_oracle,0.0712926384445854
0.2,LS_oracle,0.0975926662902331
0.2,LS_oracle,0.0718382171312892
0.2,LS_oracle,0.0661050610399658
0.2,LS_oracle,0.059593372886743
0.2,LS_oracle,0.0683682063548189
0.2,LS_oracle,0.0502884533141501
0.2,LS_oracle,0.0295443084010095
0.2,LS_oracle,0.0675782356785722
0.2,LS_oracle,0.0873049096662976
0.2,LS_oracle,0.0338901496758062
0.2,LS_oracle,0.0731109341709123
0.2,LS_oracle,0.0363677802809765
0.2,LS_oracle,0.0728655565899467
0.2,LS_oracle,0.0450642097199853
0.2,LS_oracle,0.0561622141219168
0.2,LS_oracle,0.0889140664385525
0.2,LS_oracle,0.126183943906848
0.2,LS_oracle,0.0543181249456598
0.2,LS_oracle,0.102502986553348
0.2,LS_oracle,0.0489237581160763
0.2,LS_oracle,0.075116228988844
0.2,LS_oracle,0.051519791424016
0.2,LS_oracle,0.0951427860722212
0.2,LS_oracle,0.046679599058222
0.2,LS_oracle,0.0411188504204355
0.2,LS_oracle,0.0844240265128441
0.2,LS_oracle,0.106197613895788
0.2,LS_oracle,0.0371873025854939
0.2,LS_oracle,0.0808169134674138
0.2,TS_oracle,0.061821299023329
0.2,TS_oracle,0.0435952677441328
0.2,TS_oracle,0.0400056176919391
0.2,TS_oracle,0.0768321820833809
0.2,TS_oracle,0.0650458998489527
0.2,TS_oracle,0.0842133791862618
0.2,TS_oracle,0.103249915523536
0.2,TS_oracle,0.0709490848625085
0.2,TS_oracle,0.0509530095973322
0.2,TS_oracle,0.0458955703578439
0.2,TS_oracle,0.0863459322349053
0.2,TS_oracle,0.0808251010083265
0.2,TS_oracle,0.0552207839137553
0.2,TS_oracle,0.0500682414390588
0.2,TS_oracle,0.0458782979847956
0.2,TS_oracle,0.074632318826988
0.2,TS_oracle,0.0451385318684762
0.2,TS_oracle,0.0470488800670704
0.2,TS_oracle,0.0535980444210673
0.2,TS_oracle,0.0603470484194567
0.2,TS_oracle,0.0603224874198873
0.2,TS_oracle,0.0743658104001927
0.2,TS_oracle,0.115230720862841
0.2,TS_oracle,0.034968928880931
0.2,TS_oracle,0.0785636613622059
0.2,TS_oracle,0.0623613868144783
0.2,TS_oracle,0.0586130612984408
0.2,TS_oracle,0.0596559048023214
0.2,TS_oracle,0.0495248116943491
0.2,TS_oracle,0.0348345595615724
0.2,TS_oracle,0.0468499283753405
0.2,TS_oracle,0.0531627981956568
0.2,TS_oracle,0.0349510369738626
0.2,TS_oracle,0.0523255927134856
0.2,TS_oracle,0.0404041881706392
0.2,TS_oracle,0.0525133012673205
0.2,TS_oracle,0.0534651572116213
0.2,TS_oracle,0.14716916752858
0.2,TS_oracle,0.12372531538614
0.2,TS_oracle,0.0706519498362922
0.2,TS_oracle,0.0556483132911535
0.2,TS_oracle,0.0476413724010399
0.2,TS_oracle,0.0451707706850436
0.2,TS_oracle,0.0553148993593335
0.2,TS_oracle,0.0588921351232755
0.2,TS_oracle,0.0676385228975097
0.2,TS_oracle,0.0520804141472312
0.2,TS_oracle,0.0677222850462629
0.2,TS_oracle,0.0398593418830824
0.2,TS_oracle,0.0578514259994626
0.2,TS_oracle,0.0362639113490927
0.2,TS_oracle,0.063634677038615
0.2,TS_oracle,0.0375305897269886
0.2,TS_oracle,0.0778937658276172
0.2,TS_oracle,0.0288100192147526
0.2,TS_oracle,0.0488522771576171
0.2,TS_oracle,0.0328097434324756
0.2,TS_oracle,0.0387680685062683
0.2,TS_oracle,0.126589341681975
0.2,TS_oracle,0.0489279995674525
0.2,TS_oracle,0.0948497690206865
0.2,TS_oracle,0.0395007037537018
0.2,TS_oracle,0.0862185570766518
0.2,TS_oracle,0.0386123138287984
0.2,TS_oracle,0.080187057388777
0.2,TS_oracle,0.0765679018768664
0.2,TS_oracle,0.0531651238225355
0.2,TS_oracle,0.057496197208704
0.2,TS_oracle,0.0507622123227743
0.2,TS_oracle,0.0527544722017852
0.2,TS_oracle,0.0447881663983338
0.2,TS_oracle,0.0826040293720554
0.2,TS_oracle,0.0699471489649826
0.2,TS_oracle,0.0441599129377846
0.2,TS_oracle,0.0636629652773431
0.2,TS_oracle,0.109221404947649
0.2,TS_oracle,0.0731925340504616
0.2,TS_oracle,0.0695383447918262
0.2,TS_oracle,0.0992079024412378
0.2,TS_oracle,0.0807978279929684
0.2,TS_oracle,0.0530695435979691
0.2,TS_oracle,0.0814561845888111
0.2,TS_oracle,0.0540726333530857
0.2,TS_oracle,0.0745984137145048
0.2,TS_oracle,0.0351399679763652
0.2,TS_oracle,0.0702939769865857
0.2,TS_oracle,0.0612103190719194
0.2,TS_oracle,0.0733293525324928
0.2,TS_oracle,0.0378339617437359
0.2,TS_oracle,0.06090937764993
0.2,TS_oracle,0.0439675573820967
0.2,TS_oracle,0.0331456084592957
0.2,TS_oracle,0.0605575487203471
0.2,TS_oracle,0.0593812852626645
0.2,TS_oracle,0.0413918505630666
0.2,TS_oracle,0.05645878136416
0.2,TS_oracle,0.0377732027845672
0.2,TS_oracle,0.0677219128740351
0.2,TS_oracle,0.0607888905635883
0.2,TS_oracle,0.0840704181340443
0.2,TS_oracle,0.0485568312793532
0.2,TS_oracle,0.0420797068478897
0.2,TS_oracle,0.0787098325513143
0.2,TS_oracle,0.089236581241345
0.2,TS_oracle,0.0463781123358231
0.2,TS_oracle,0.0519933703704749
0.2,TS_oracle,0.0445221128449413
0.2,TS_oracle,0.0789216231783361
0.2,TS_oracle,0.0488532950951514
0.2,TS_oracle,0.0535890578627499
0.2,TS_oracle,0.0607225484885874
0.2,TS_oracle,0.073364650445464
0.2,TS_oracle,0.0384689994444663
0.2,TS_oracle,0.0507730733479335
0.2,TS_oracle,0.0660526867982603
0.2,TS_oracle,0.0527778825163192
0.2,TS_oracle,0.0563617814138888
0.2,TS_oracle,0.0507094804978314
0.2,TS_oracle,0.138498799061575
0.2,TS_oracle,0.13273141194691
0.2,TS_oracle,0.070288192651732
0.2,TS_oracle,0.0624161948552017
0.2,TS_oracle,0.0715116946458479
0.2,TS_oracle,0.0825559309610532
0.2,TS_oracle,0.0610077768874052
0.2,TS_oracle,0.0640847505898195
0.2,TS_oracle,0.0698340226483756
0.2,TS_oracle,0.0391590575076869
0.2,TS_oracle,0.0409040117865264
0.2,TS_oracle,0.0831613885924489
0.2,TS_oracle,0.0527953751851522
0.2,TS_oracle,0.0789383683498261
0.2,TS_oracle,0.035541447215131
0.2,TS_oracle,0.0720122945504036
0.2,TS_oracle,0.0374760337715555
0.2,TS_oracle,0.045151583023846
0.2,TS_oracle,0.045497992404475
0.2,TS_oracle,0.0636114016921893
0.2,TS_oracle,0.0379036654599649
0.2,TS_oracle,0.0598032718896378
0.2,TS_oracle,0.0676936608760432
0.2,TS_oracle,0.0656138724643268
0.2,TS_oracle,0.0624283998906918
0.2,TS_oracle,0.0535978219500114
0.2,TS_oracle,0.0427108576743179
0.2,TS_oracle,0.0619572780483486
0.2,TS_oracle,0.0679130850833074
0.2,TS_oracle,0.0554888553533778
0.2,TS_oracle,0.0716423490901458
0.2,TS_oracle,0.0367995372546955
0.2,TS_oracle,0.039250172944107
0.2,TS_oracle,0.0599237833878129
0.2,TS_oracle,0.0556663292812427
0.2,TS_oracle,0.0634097402750855
0.2,TS_oracle,0.0716122525883292
0.2,TS_oracle,0.0631425326900148
0.2,TS_oracle,0.0450660155071067
0.2,TS_oracle,0.0540038100550487
0.2,TS_oracle,0.0486672033109059
0.2,TS_oracle,0.0444659308330045
0.2,TS_oracle,0.0526557893486403
0.2,TS_oracle,0.0459934356593868
0.2,TS_oracle,0.0712967491257141
0.2,TS_oracle,0.0550771235946141
0.2,TS_oracle,0.0786613279173621
0.2,TS_oracle,0.0535835105494682
0.2,TS_oracle,0.0494528795867962
0.2,TS_oracle,0.0708143937426866
0.2,TS_oracle,0.0399062823628164
0.2,TS_oracle,0.0575362489677081
0.2,TS_oracle,0.0746989627015856
0.2,TS_oracle,0.0789179565430609
0.2,TS_oracle,0.0711112436482091
0.2,TS_oracle,0.0678112133275202
0.2,TS_oracle,0.0621141713618842
0.2,TS_oracle,0.0664058270416515
0.2,TS_oracle,0.0433554132847774
0.2,TS_oracle,0.0245402380505986
0.2,TS_oracle,0.0666925007763167
0.2,TS_oracle,0.0874569486797548
0.2,TS_oracle,0.0336341324049908
0.2,TS_oracle,0.0648130053029352
0.2,TS_oracle,0.0336980232862435
0.2,TS_oracle,0.0770990766825276
0.2,TS_oracle,0.0410431812182396
0.2,TS_oracle,0.0536054034441533
0.2,TS_oracle,0.087602034816364
0.2,TS_oracle,0.115210329745801
0.2,TS_oracle,0.0482596226653861
0.2,TS_oracle,0.0944451216292621
0.2,TS_oracle,0.0442868126176999
0.2,TS_oracle,0.0841253879997954
0.2,TS_oracle,0.04713022818945
0.2,TS_oracle,0.0866204893166532
0.2,TS_oracle,0.049845811542464
0.2,TS_oracle,0.0463202861566978
0.2,TS_oracle,0.074834915828811
0.2,TS_oracle,0.107275963392035
0.2,TS_oracle,0.0364785238040034
0.2,TS_oracle,0.0798464107155816
0.3,PLS,0.0841670355552572
0.3,PLS,0.0466509059415536
0.3,PLS,0.110970111686602
0.3,PLS,0.0523597316768093
0.3,PLS,0.0533038296495602
0.3,PLS,0.0777534843087516
0.3,PLS,0.0856243354079964
0.3,PLS,0.0497639653764953
0.3,PLS,0.0809466639090182
0.3,PLS,0.0449909675167098
0.3,PLS,0.0725445351952911
0.3,PLS,0.0460192347988144
0.3,PLS,0.0654555983002578
0.3,PLS,0.0341997683488855
0.3,PLS,0.0700972725999174
0.3,PLS,0.0344702916831481
0.3,PLS,0.0775365524840747
0.3,PLS,0.0343344881342454
0.3,PLS,0.0487406226969281
0.3,PLS,0.0599201785367266
0.3,PLS,0.0511207483292451
0.3,PLS,0.0375993209100615
0.3,PLS,0.041371431021756
0.3,PLS,0.0322623095507646
0.3,PLS,0.0738965980799411
0.3,PLS,0.0401441511210053
0.3,PLS,0.0766786874741793
0.3,PLS,0.0364771349570197
0.3,PLS,0.109701790758365
0.3,PLS,0.0428113548695429
0.3,PLS,0.0321631118430544
0.3,PLS,0.0716549347606958
0.3,PLS,0.0720836458491977
0.3,PLS,0.0821487702185204
0.3,PLS,0.0729280006271516
0.3,PLS,0.0412031976951706
0.3,PLS,0.0576751727766412
0.3,PLS,0.0518801920763718
0.3,PLS,0.0405223314877137
0.3,PLS,0.0504474880358018
0.3,PLS,0.0648938407704074
0.3,PLS,0.0349639590945617
0.3,PLS,0.0736966261223305
0.3,PLS,0.112480444107196
0.3,PLS,0.0439253880104074
0.3,PLS,0.0703767598049798
0.3,PLS,0.0895635029481933
0.3,PLS,0.042226430106494
0.3,PLS,0.0418361651006282
0.3,PLS,0.0665916659937641
0.3,PLS,0.0499260096180165
0.3,PLS,0.04715627458688
0.3,PLS,0.0282617462414288
0.3,PLS,0.0462860147483923
0.3,PLS,0.0748620836634091
0.3,PLS,0.0371209008459354
0.3,PLS,0.0426790569568333
0.3,PLS,0.0538798712095241
0.3,PLS,0.0432802927023474
0.3,PLS,0.0500217435438987
0.3,PLS,0.0651236210329828
0.3,PLS,0.0614306690869808
0.3,PLS,0.042161459580586
0.3,PLS,0.0403544512665745
0.3,PLS,0.0538172973331479
0.3,PLS,0.0467911081513276
0.3,PLS,0.07847334344102
0.3,PLS,0.0565768699193122
0.3,PLS,0.0682225423932868
0.3,PLS,0.0674132014048587
0.3,PLS,0.0585428224198433
0.3,PLS,0.0619920835409665
0.3,PLS,0.0921336594380043
0.3,PLS,0.0524552815186782
0.3,PLS,0.0713677429857242
0.3,PLS,0.068739458323498
0.3,PLS,0.0573349032262997
0.3,PLS,0.0730414030686702
0.3,PLS,0.0569962737007793
0.3,PLS,0.0480416845690324
0.3,PLS,0.0733037074371206
0.3,PLS,0.042880486749332
0.3,PLS,0.0539050594412511
0.3,PLS,0.0615620988507612
0.3,PLS,0.0403560054451487
0.3,PLS,0.117018367944138
0.3,PLS,0.0464255645468128
0.3,PLS,0.0828029285007239
0.3,PLS,0.0539628653623558
0.3,PLS,0.0779608762168149
0.3,PLS,0.0526697123283663
0.3,PLS,0.0483313023330643
0.3,PLS,0.0733259236718559
0.3,PLS,0.0962218065832987
0.3,PLS,0.0398726985469136
0.3,PLS,0.0555157103142838
0.3,PLS,0.0450354958991666
0.3,PLS,0.0699849613192925
0.3,PLS,0.0452327019187705
0.3,PLS,0.0576792613780795
0.3,PLS,0.040946444106082
0.3,PLS,0.0699745976123985
0.3,PLS,0.064283920991782
0.3,PLS,0.0688149515124296
0.3,PLS,0.0552002121369047
0.3,PLS,0.0680244579386431
0.3,PLS,0.0883113366698939
0.3,PLS,0.0422793634159906
0.3,PLS,0.0763586025517734
0.3,PLS,0.0650382500190286
0.3,PLS,0.0347408960732594
0.3,PLS,0.074613933754631
0.3,PLS,0.0599305053038389
0.3,PLS,0.046359331306959
0.3,PLS,0.0333203232687726
0.3,PLS,0.0611610688570173
0.3,PLS,0.0218447598596166
0.3,PLS,0.0528911126403542
0.3,PLS,0.0768621682603025
0.3,PLS,0.0700852946308489
0.3,PLS,0.0936514027042246
0.3,PLS,0.0756290033227792
0.3,PLS,0.064133242209925
0.3,PLS,0.0449006905890375
0.3,PLS,0.0859452829635752
0.3,PLS,0.0721854708790579
0.3,PLS,0.0719297813553742
0.3,PLS,0.0508450102789235
0.3,PLS,0.0454837754472673
0.3,PLS,0.0345371940860195
0.3,PLS,0.0483650222922169
0.3,PLS,0.0418637028436111
0.3,PLS,0.0796404737934479
0.3,PLS,0.0452752674299318
0.3,PLS,0.0468850980557663
0.3,PLS,0.0439151950126922
0.3,PLS,0.060754670986828
0.3,PLS,0.106612209124472
0.3,PLS,0.077728887290745
0.3,PLS,0.0344218046403778
0.3,PLS,0.0427571379056124
0.3,PLS,0.0330612234802099
0.3,PLS,0.118015746802284
0.3,PLS,0.0856488761900218
0.3,PLS,0.0322189900965853
0.3,PLS,0.0747815676119698
0.3,PLS,0.0663426887450939
0.3,PLS,0.121826022968666
0.3,PLS,0.0755999848840282
0.3,PLS,0.0593098242442475
0.3,PLS,0.0224338299502447
0.3,PLS,0.0329905219528314
0.3,PLS,0.0721854793922232
0.3,PLS,0.0440920743748799
0.3,PLS,0.0637582646289611
0.3,PLS,0.0563654249206515
0.3,PLS,0.0800475811543714
0.3,PLS,0.0535849549103048
0.3,PLS,0.0369987316443276
0.3,PLS,0.0691422733615349
0.3,PLS,0.0814742571151794
0.3,PLS,0.0263679615068843
0.3,PLS,0.0740153005458238
0.3,PLS,0.0430676072712935
0.3,PLS,0.0725534225800522
0.3,PLS,0.063223816965329
0.3,PLS,0.0862959497037537
0.3,PLS,0.0666019263065685
0.3,PLS,0.0640683959114741
0.3,PLS,0.0866890204294247
0.3,PLS,0.0386375317036165
0.3,PLS,0.0660637069197713
0.3,PLS,0.137452328888601
0.3,PLS,0.0615145466003943
0.3,PLS,0.0696146837947688
0.3,PLS,0.0628014477933994
0.3,PLS,0.0809433498335073
0.3,PLS,0.0497415096037908
0.3,PLS,0.0884764335652767
0.3,PLS,0.0563532689009429
0.3,PLS,0.0649014676707051
0.3,PLS,0.0608220633725862
0.3,PLS,0.0414123327816089
0.3,PLS,0.0657837106263394
0.3,PLS,0.0840850279498575
0.3,PLS,0.116899287064066
0.3,PLS,0.0692181138274592
0.3,PLS,0.123562072171575
0.3,PLS,0.0495671813353754
0.3,PLS,0.0916359042420661
0.3,PLS,0.109094766900107
0.3,PLS,0.0930309230335184
0.3,PLS,0.0563237892627606
0.3,PLS,0.0383057303569002
0.3,PLS,0.0605659888397121
0.3,PLS,0.0362760317921955
0.3,PLS,0.0658852763249004
0.3,PLS,0.0675601965687348
0.3,PLS,0.0449358913246315
0.3,PLS,0.0489891667816888
0.3,fTS,0.0746098295792917
0.3,fTS,0.0351492688265329
0.3,fTS,0.0849766667485247
0.3,fTS,0.0502798009670011
0.3,fTS,0.0502311265859494
0.3,fTS,0.0737701494210416
0.3,fTS,0.0767455986326103
0.3,fTS,0.040135343984879
0.3,fTS,0.0730945096896826
0.3,fTS,0.0340765148558481
0.3,fTS,0.0655896823836625
0.3,fTS,0.04734629958345
0.3,fTS,0.0513408853306076
0.3,fTS,0.0309545082486215
0.3,fTS,0.0538306155093605
0.3,fTS,0.0409139422753924
0.3,fTS,0.0800823541465465
0.3,fTS,0.030701621368279
0.3,fTS,0.0521655333297069
0.3,fTS,0.0450912156442276
0.3,fTS,0.0427737418815332
0.3,fTS,0.0375169408655958
0.3,fTS,0.0351594687103757
0.3,fTS,0.0299504890319871
0.3,fTS,0.0683432153975602
0.3,fTS,0.0360603488708682
0.3,fTS,0.0750785343994777
0.3,fTS,0.033627143038978
0.3,fTS,0.0861950287531739
0.3,fTS,0.0306233970315969
0.3,fTS,0.0360790681379889
0.3,fTS,0.0835361722913354
0.3,fTS,0.0699361410437116
0.3,fTS,0.0682498416083873
0.3,fTS,0.0610890727134929
0.3,fTS,0.0382584291734884
0.3,fTS,0.0549241953161212
0.3,fTS,0.0502586404554097
0.3,fTS,0.0369122193632189
0.3,fTS,0.0480382151606906
0.3,fTS,0.0549140946293242
0.3,fTS,0.0337286036923228
0.3,fTS,0.0693570138309677
0.3,fTS,0.103876778711461
0.3,fTS,0.050698029951293
0.3,fTS,0.071669046438682
0.3,fTS,0.0925950841338464
0.3,fTS,0.0331765275898408
0.3,fTS,0.0376902228150341
0.3,fTS,0.0691914145911155
0.3,fTS,0.0363316957506612
0.3,fTS,0.0525968039961104
0.3,fTS,0.0295835120404847
0.3,fTS,0.0511490673687649
0.3,fTS,0.0668944076864842
0.3,fTS,0.0309183829725177
0.3,fTS,0.0420674201175972
0.3,fTS,0.054690934894697
0.3,fTS,0.0404347978300073
0.3,fTS,0.0524072279250489
0.3,fTS,0.0522381946859276
0.3,fTS,0.0672526774277317
0.3,fTS,0.03678557281424
0.3,fTS,0.0327914074369294
0.3,fTS,0.0489799322872001
0.3,fTS,0.0405075418951559
0.3,fTS,0.0585971468564145
0.3,fTS,0.0594066412679778
0.3,fTS,0.0680034413321138
0.3,fTS,0.0580649153462036
0.3,fTS,0.0547305942124078
0.3,fTS,0.0494226819823849
0.3,fTS,0.0836511375625989
0.3,fTS,0.0485200516723783
0.3,fTS,0.0757978291071886
0.3,fTS,0.0701895367697171
0.3,fTS,0.058737669843982
0.3,fTS,0.0743372599643962
0.3,fTS,0.0578976469930919
0.3,fTS,0.0473179656132199
0.3,fTS,0.0790875608322462
0.3,fTS,0.0437860774320378
0.3,fTS,0.0488712490802948
0.3,fTS,0.0573908373202684
0.3,fTS,0.040190446576274
0.3,fTS,0.0995693063975114
0.3,fTS,0.0450053753056495
0.3,fTS,0.0713184832187855
0.3,fTS,0.0581016216827911
0.3,fTS,0.0594558087548237
0.3,fTS,0.0472326922046141
0.3,fTS,0.0440359010876449
0.3,fTS,0.0537347627443214
0.3,fTS,0.0891018576631931
0.3,fTS,0.0358630075754368
0.3,fTS,0.0582483611345838
0.3,fTS,0.0409659643966206
0.3,fTS,0.0570697948793043
0.3,fTS,0.0438853055124352
0.3,fTS,0.0509792567673198
0.3,fTS,0.0309467191021085
0.3,fTS,0.0577884146945515
0.3,fTS,0.0575660783324138
0.3,fTS,0.0806890482656459
0.3,fTS,0.0523005450785132
0.3,fTS,0.063757435723294
0.3,fTS,0.0912362344281386
0.3,fTS,0.0491553909151761
0.3,fTS,0.0810035442748172
0.3,fTS,0.0740168103909953
0.3,fTS,0.0339068692399221
0.3,fTS,0.0668070595001315
0.3,fTS,0.0535775871647333
0.3,fTS,0.0514552304786697
0.3,fTS,0.041835339219482
0.3,fTS,0.061922348264025
0.3,fTS,0.0238906240772612
0.3,fTS,0.0529577520505611
0.3,fTS,0.0603877567827876
0.3,fTS,0.0496124675224406
0.3,fTS,0.0894728355214534
0.3,fTS,0.0788134568542944
0.3,fTS,0.0653875352462512
0.3,fTS,0.0471765060893898
0.3,fTS,0.0776020767254531
0.3,fTS,0.0688802071591131
0.3,fTS,0.0708858333194154
0.3,fTS,0.0494946920178315
0.3,fTS,0.058039799143022
0.3,fTS,0.0360778878389461
0.3,fTS,0.0499575781239799
0.3,fTS,0.0406099732790667
0.3,fTS,0.0667478633648511
0.3,fTS,0.0484193631912405
0.3,fTS,0.0466255244615732
0.3,fTS,0.0488773831881967
0.3,fTS,0.0697691224408115
0.3,fTS,0.101913207214581
0.3,fTS,0.0674486370855495
0.3,fTS,0.0325230910430913
0.3,fTS,0.0455618626678021
0.3,fTS,0.0286712206733486
0.3,fTS,0.0954096930334635
0.3,fTS,0.0664322150708676
0.3,fTS,0.0309790754750318
0.3,fTS,0.0675978502144562
0.3,fTS,0.0527100103474311
0.3,fTS,0.0983675695196766
0.3,fTS,0.0822091892982736
0.3,fTS,0.0573174446320118
0.3,fTS,0.0212747937532463
0.3,fTS,0.0336732248140671
0.3,fTS,0.0565488008249998
0.3,fTS,0.0440427457404184
0.3,fTS,0.0569308512234634
0.3,fTS,0.0546831536223107
0.3,fTS,0.0769421969188384
0.3,fTS,0.038512942568091
0.3,fTS,0.0351144255313204
0.3,fTS,0.0611157458576
0.3,fTS,0.0737783931022352
0.3,fTS,0.0263213854445936
0.3,fTS,0.0621745426664907
0.3,fTS,0.0416635293096289
0.3,fTS,0.0699516631623885
0.3,fTS,0.0673781423719124
0.3,fTS,0.0885178316964813
0.3,fTS,0.0582293882005296
0.3,fTS,0.073794782528032
0.3,fTS,0.0646012171730598
0.3,fTS,0.0443889554712358
0.3,fTS,0.06351849351997
0.3,fTS,0.109548600919792
0.3,fTS,0.0539017018692103
0.3,fTS,0.0597148733479534
0.3,fTS,0.0571600525277832
0.3,fTS,0.0694229449919625
0.3,fTS,0.0481788563590372
0.3,fTS,0.0962098729382064
0.3,fTS,0.0559975262058706
0.3,fTS,0.0716957499099962
0.3,fTS,0.0500341130256435
0.3,fTS,0.0450269291189049
0.3,fTS,0.0640831525749311
0.3,fTS,0.0712448219239577
0.3,fTS,0.11654218189052
0.3,fTS,0.0694553937281747
0.3,fTS,0.111148903389193
0.3,fTS,0.0503836437183503
0.3,fTS,0.0951812968660618
0.3,fTS,0.112655210180171
0.3,fTS,0.0750215757069038
0.3,fTS,0.0538142248564567
0.3,fTS,0.0432244579241688
0.3,fTS,0.052411080641539
0.3,fTS,0.0339294465323297
0.3,fTS,0.0750351269025882
0.3,fTS,0.0613859156787015
0.3,fTS,0.0320905333345227
0.3,fTS,0.0478761879157483
0.3,LS_oracle,0.0841702068964347
0.3,LS_oracle,0.0465916083655315
0.3,LS_oracle,0.111028928012273
0.3,LS_oracle,0.0522746314012288
0.3,LS_oracle,0.0531324876517742
0.3,LS_oracle,0.0779148274969605
0.3,LS_oracle,0.0861670706268067
0.3,LS_oracle,0.0498278961597545
0.3,LS_oracle,0.0812183680137819
0.3,LS_oracle,0.0448910174098214
0.3,LS_oracle,0.0716168536513715
0.3,LS_oracle,0.0457993075426777
0.3,LS_oracle,0.0654391474137965
0.3,LS_oracle,0.0339161357205433
0.3,LS_oracle,0.0718269879494317
0.3,LS_oracle,0.0344747955949689
0.3,LS_oracle,0.0781481018183978
0.3,LS_oracle,0.0342300056185865
0.3,LS_oracle,0.0493168185311613
0.3,LS_oracle,0.0599278964297467
0.3,LS_oracle,0.05108293871666
0.3,LS_oracle,0.0375205153381292
0.3,LS_oracle,0.0413683762943789
0.3,LS_oracle,0.0322863039362176
0.3,LS_oracle,0.0738823895627291
0.3,LS_oracle,0.0404232593203381
0.3,LS_oracle,0.0755492932768247
0.3,LS_oracle,0.0364797131140974
0.3,LS_oracle,0.109555849843503
0.3,LS_oracle,0.0427837445287932
0.3,LS_oracle,0.0319125470760874
0.3,LS_oracle,0.0720656059244301
0.3,LS_oracle,0.0719767161352005
0.3,LS_oracle,0.0821787814368899
0.3,LS_oracle,0.0732696609304084
0.3,LS_oracle,0.0414043880793922
0.3,LS_oracle,0.0576525352651836
0.3,LS_oracle,0.0519755758966743
0.3,LS_oracle,0.0405563240424714
0.3,LS_oracle,0.0502628268163435
0.3,LS_oracle,0.0650771914077836
0.3,LS_oracle,0.0349347057396795
0.3,LS_oracle,0.0736647931469579
0.3,LS_oracle,0.113179836722867
0.3,LS_oracle,0.0437249226577085
0.3,LS_oracle,0.0707627986444102
0.3,LS_oracle,0.0896984298426777
0.3,LS_oracle,0.0422240433228538
0.3,LS_oracle,0.0422115533475335
0.3,LS_oracle,0.0666768141622277
0.3,LS_oracle,0.0498250315219226
0.3,LS_oracle,0.0469187819073665
0.3,LS_oracle,0.0282806570851232
0.3,LS_oracle,0.0464826296159975
0.3,LS_oracle,0.0750909184273779
0.3,LS_oracle,0.0369633391134774
0.3,LS_oracle,0.0424448055190935
0.3,LS_oracle,0.053879951840245
0.3,LS_oracle,0.0425298546889993
0.3,LS_oracle,0.0500701103629148
0.3,LS_oracle,0.0651853276945066
0.3,LS_oracle,0.0617778666895256
0.3,LS_oracle,0.0421961200914522
0.3,LS_oracle,0.0403550509972517
0.3,LS_oracle,0.0535418366618426
0.3,LS_oracle,0.0467903658296994
0.3,LS_oracle,0.0786287121558105
0.3,LS_oracle,0.0567799309406381
0.3,LS_oracle,0.0681994845898557
0.3,LS_oracle,0.0674629313732487
0.3,LS_oracle,0.0585645329576899
0.3,LS_oracle,0.0620363877912572
0.3,LS_oracle,0.0921428507256525
0.3,LS_oracle,0.0524281511779766
0.3,LS_oracle,0.0706422513899869
0.3,LS_oracle,0.0691121652117585
0.3,LS_oracle,0.0573335073522896
0.3,LS_oracle,0.0730111876655762
0.3,LS_oracle,0.056983769796254
0.3,LS_oracle,0.0477811608361341
0.3,LS_oracle,0.0740448341627397
0.3,LS_oracle,0.0427392799009365
0.3,LS_oracle,0.0541866623149404
0.3,LS_oracle,0.0616328304056849
0.3,LS_oracle,0.0400899884843443
0.3,LS_oracle,0.117334615675013
0.3,LS_oracle,0.0463604078612473
0.3,LS_oracle,0.0807001227950503
0.3,LS_oracle,0.0539570471255367
0.3,LS_oracle,0.0779809760727384
0.3,LS_oracle,0.052709634211923
0.3,LS_oracle,0.0483046475429667
0.3,LS_oracle,0.0736030539452679
0.3,LS_oracle,0.0960639158783645
0.3,LS_oracle,0.0400252341271206
0.3,LS_oracle,0.055161127471967
0.3,LS_oracle,0.0444583778740358
0.3,LS_oracle,0.0693626773394481
0.3,LS_oracle,0.0452393249329097
0.3,LS_oracle,0.0576224061511803
0.3,LS_oracle,0.0409480763100789
0.3,LS_oracle,0.0698117219162336
0.3,LS_oracle,0.0647243607134195
0.3,LS_oracle,0.0687577129645185
0.3,LS_oracle,0.0551779535640169
0.3,LS_oracle,0.0677526970966671
0.3,LS_oracle,0.0884964954268669
0.3,LS_oracle,0.0422489947792856
0.3,LS_oracle,0.0746636217316599
0.3,LS_oracle,0.06506434857607
0.3,LS_oracle,0.034973208456893
0.3,LS_oracle,0.074149118378755
0.3,LS_oracle,0.0598717422472746
0.3,LS_oracle,0.0463825803360009
0.3,LS_oracle,0.0332748275289202
0.3,LS_oracle,0.0613149074701506
0.3,LS_oracle,0.0218307128083816
0.3,LS_oracle,0.0529097365518399
0.3,LS_oracle,0.0766864067889657
0.3,LS_oracle,0.0696812844786697
0.3,LS_oracle,0.0934872610693311
0.3,LS_oracle,0.0755929305988348
0.3,LS_oracle,0.0640489803590539
0.3,LS_oracle,0.0449674611381773
0.3,LS_oracle,0.0857437758873231
0.3,LS_oracle,0.0714624940272636
0.3,LS_oracle,0.0719651814900789
0.3,LS_oracle,0.0508145473149288
0.3,LS_oracle,0.0456786454897134
0.3,LS_oracle,0.0344097579283414
0.3,LS_oracle,0.0483425643858109
0.3,LS_oracle,0.041788108739433
0.3,LS_oracle,0.0800979599439171
0.3,LS_oracle,0.0451724176286803
0.3,LS_oracle,0.0468947899297051
0.3,LS_oracle,0.0441338657542107
0.3,LS_oracle,0.0621121946740334
0.3,LS_oracle,0.106471318987179
0.3,LS_oracle,0.0775357643736975
0.3,LS_oracle,0.0342744953957757
0.3,LS_oracle,0.0426768394888719
0.3,LS_oracle,0.0329507046885035
0.3,LS_oracle,0.117947585771492
0.3,LS_oracle,0.0863932084091618
0.3,LS_oracle,0.0322234624889607
0.3,LS_oracle,0.0747602504878581
0.3,LS_oracle,0.0662739869595034
0.3,LS_oracle,0.121589423355934
0.3,LS_oracle,0.0752961900769919
0.3,LS_oracle,0.0591519073407825
0.3,LS_oracle,0.0224047547733238
0.3,LS_oracle,0.0331682728940486
0.3,LS_oracle,0.0718253505881535
0.3,LS_oracle,0.0439649113413424
0.3,LS_oracle,0.0638732965288265
0.3,LS_oracle,0.0566019991275837
0.3,LS_oracle,0.080078100765113
0.3,LS_oracle,0.0546003941951319
0.3,LS_oracle,0.0368285359252434
0.3,LS_oracle,0.0682168897209492
0.3,LS_oracle,0.082395277882792
0.3,LS_oracle,0.0263465206233761
0.3,LS_oracle,0.0739932946193262
0.3,LS_oracle,0.0430688447329457
0.3,LS_oracle,0.0719215707050904
0.3,LS_oracle,0.0632001904271599
0.3,LS_oracle,0.0860900413148459
0.3,LS_oracle,0.0666489450116365
0.3,LS_oracle,0.0653080865473039
0.3,LS_oracle,0.0868322591347836
0.3,LS_oracle,0.0387780461468014
0.3,LS_oracle,0.0658989577640381
0.3,LS_oracle,0.137418289128884
0.3,LS_oracle,0.061306626113469
0.3,LS_oracle,0.0696063581939579
0.3,LS_oracle,0.0635670455884413
0.3,LS_oracle,0.0809609697271829
0.3,LS_oracle,0.0497237788191485
0.3,LS_oracle,0.0883600633138991
0.3,LS_oracle,0.0563608536779445
0.3,LS_oracle,0.0649246421946869
0.3,LS_oracle,0.0608431557390651
0.3,LS_oracle,0.0410395594164108
0.3,LS_oracle,0.0660645723376094
0.3,LS_oracle,0.0834470692336024
0.3,LS_oracle,0.117092513903609
0.3,LS_oracle,0.0691737278930733
0.3,LS_oracle,0.122973968997482
0.3,LS_oracle,0.0495501401142168
0.3,LS_oracle,0.0916745996891629
0.3,LS_oracle,0.109666846691348
0.3,LS_oracle,0.0904173720950245
0.3,LS_oracle,0.0562946188744388
0.3,LS_oracle,0.0387636920286368
0.3,LS_oracle,0.0603274310718018
0.3,LS_oracle,0.0362769298779178
0.3,LS_oracle,0.0659470580233621
0.3,LS_oracle,0.0675836458246465
0.3,LS_oracle,0.0448872162077292
0.3,LS_oracle,0.0494717117315402
0.3,TS_oracle,0.0746248359156166
0.3,TS_oracle,0.0354893432758962
0.3,TS_oracle,0.0850622008968888
0.3,TS_oracle,0.0502706758982221
0.3,TS_oracle,0.0500730243239151
0.3,TS_oracle,0.0732875607382999
0.3,TS_oracle,0.0770589063742727
0.3,TS_oracle,0.0401413328116587
0.3,TS_oracle,0.0731835022137173
0.3,TS_oracle,0.0340834115308985
0.3,TS_oracle,0.0646251940070553
0.3,TS_oracle,0.0472702750978601
0.3,TS_oracle,0.0513360137492902
0.3,TS_oracle,0.0306974108073395
0.3,TS_oracle,0.0544895652307623
0.3,TS_oracle,0.0409156966243713
0.3,TS_oracle,0.0792762766788265
0.3,TS_oracle,0.0307190542468023
0.3,TS_oracle,0.0523740245572336
0.3,TS_oracle,0.0450913025004755
0.3,TS_oracle,0.0427406660170082
0.3,TS_oracle,0.0374992446701179
0.3,TS_oracle,0.0351615117517955
0.3,TS_oracle,0.0299142379696426
0.3,TS_oracle,0.0683145916986392
0.3,TS_oracle,0.036459590221494
0.3,TS_oracle,0.0745823638363173
0.3,TS_oracle,0.0336276838220942
0.3,TS_oracle,0.0862263454579634
0.3,TS_oracle,0.0306588563339442
0.3,TS_oracle,0.0359989407019095
0.3,TS_oracle,0.083485590760041
0.3,TS_oracle,0.0699207371748894
0.3,TS_oracle,0.0682574157505147
0.3,TS_oracle,0.0612869392175616
0.3,TS_oracle,0.0382701774243895
0.3,TS_oracle,0.0548933364465173
0.3,TS_oracle,0.0504245740140958
0.3,TS_oracle,0.0369351139728804
0.3,TS_oracle,0.0477142992383078
0.3,TS_oracle,0.0548626556397085
0.3,TS_oracle,0.0338507318060728
0.3,TS_oracle,0.0692750904949372
0.3,TS_oracle,0.104483635420678
0.3,TS_oracle,0.0506630706110483
0.3,TS_oracle,0.0717962688843208
0.3,TS_oracle,0.0926170133611265
0.3,TS_oracle,0.0332336600984732
0.3,TS_oracle,0.0379253357185187
0.3,TS_oracle,0.0691973854590976
0.3,TS_oracle,0.0362658016001152
0.3,TS_oracle,0.0523280074617715
0.3,TS_oracle,0.0295689385718627
0.3,TS_oracle,0.0512057953403059
0.3,TS_oracle,0.0669711933367881
0.3,TS_oracle,0.0306137445743005
0.3,TS_oracle,0.0420415977818853
0.3,TS_oracle,0.0545748663694177
0.3,TS_oracle,0.0407448934376552
0.3,TS_oracle,0.0524055076513274
0.3,TS_oracle,0.052351086403814
0.3,TS_oracle,0.0673694607332722
0.3,TS_oracle,0.0368899160614056
0.3,TS_oracle,0.0327163932328181
0.3,TS_oracle,0.0489347185988369
0.3,TS_oracle,0.0405040293932969
0.3,TS_oracle,0.0583034507940253
0.3,TS_oracle,0.059423997942055
0.3,TS_oracle,0.0679797822889059
0.3,TS_oracle,0.0580528898799215
0.3,TS_oracle,0.0547462643634059
0.3,TS_oracle,0.049426843899049
0.3,TS_oracle,0.0836508818516502
0.3,TS_oracle,0.0485169555853621
0.3,TS_oracle,0.0756879741757043
0.3,TS_oracle,0.070198816332107
0.3,TS_oracle,0.0586968212279643
0.3,TS_oracle,0.0740447144925501
0.3,TS_oracle,0.0580890949739609
0.3,TS_oracle,0.0483988516578353
0.3,TS_oracle,0.0794321139628559
0.3,TS_oracle,0.0435561997834249
0.3,TS_oracle,0.0497630151071394
0.3,TS_oracle,0.0574090582444128
0.3,TS_oracle,0.0401167216242823
0.3,TS_oracle,0.0994798282078829
0.3,TS_oracle,0.0449873583580742
0.3,TS_oracle,0.0684788527221623
0.3,TS_oracle,0.0576666233176542
0.3,TS_oracle,0.0591876615441189
0.3,TS_oracle,0.0472362449354433
0.3,TS_oracle,0.0440243503695202
0.3,TS_oracle,0.0535932880758237
0.3,TS_oracle,0.0890683184869331
0.3,TS_oracle,0.0359232026870762
0.3,TS_oracle,0.0580938309248649
0.3,TS_oracle,0.0409871555104759
0.3,TS_oracle,0.0570629809572009
0.3,TS_oracle,0.0439498765477186
0.3,TS_oracle,0.050998226594023
0.3,TS_oracle,0.0309531430773723
0.3,TS_oracle,0.0577235037261536
0.3,TS_oracle,0.0581750813427053
0.3,TS_oracle,0.0806601461371493
0.3,TS_oracle,0.0522542745614495
0.3,TS_oracle,0.0635420248135
0.3,TS_oracle,0.0912940139864651
0.3,TS_oracle,0.0491440132639829
0.3,TS_oracle,0.0806472507199692
0.3,TS_oracle,0.0740165379772138
0.3,TS_oracle,0.0339420257810021
0.3,TS_oracle,0.0667284387708738
0.3,TS_oracle,0.0538875158878734
0.3,TS_oracle,0.0513107176605683
0.3,TS_oracle,0.0420457648544654
0.3,TS_oracle,0.0619132183682778
0.3,TS_oracle,0.0238802240306826
0.3,TS_oracle,0.0529722380518421
0.3,TS_oracle,0.060358083953507
0.3,TS_oracle,0.0493328729826916
0.3,TS_oracle,0.0892382368645432
0.3,TS_oracle,0.0787362141953406
0.3,TS_oracle,0.0650803835118277
0.3,TS_oracle,0.0472134764084776
0.3,TS_oracle,0.0774452959245657
0.3,TS_oracle,0.0687854479001565
0.3,TS_oracle,0.07091811598589
0.3,TS_oracle,0.0493151146711872
0.3,TS_oracle,0.0583839822786543
0.3,TS_oracle,0.0360449559559464
0.3,TS_oracle,0.049962239796392
0.3,TS_oracle,0.0404785386848036
0.3,TS_oracle,0.0667025539028585
0.3,TS_oracle,0.048371410093168
0.3,TS_oracle,0.0468850232067541
0.3,TS_oracle,0.0489111441218051
0.3,TS_oracle,0.070427486764579
0.3,TS_oracle,0.101927019727118
0.3,TS_oracle,0.0672033350145609
0.3,TS_oracle,0.0324786795087972
0.3,TS_oracle,0.0455232596597178
0.3,TS_oracle,0.0286295757637364
0.3,TS_oracle,0.0953664412702082
0.3,TS_oracle,0.066969037646406
0.3,TS_oracle,0.030948732650463
0.3,TS_oracle,0.0675914842772351
0.3,TS_oracle,0.0526675070065872
0.3,TS_oracle,0.0988546949493705
0.3,TS_oracle,0.0822031152599941
0.3,TS_oracle,0.0567036293213999
0.3,TS_oracle,0.0214320976554273
0.3,TS_oracle,0.0337769879940189
0.3,TS_oracle,0.0565513992311651
0.3,TS_oracle,0.0440167658703275
0.3,TS_oracle,0.0570770765612244
0.3,TS_oracle,0.0547083518725113
0.3,TS_oracle,0.0769441109898974
0.3,TS_oracle,0.0393395394659758
0.3,TS_oracle,0.0349779592027207
0.3,TS_oracle,0.0608680697477258
0.3,TS_oracle,0.0736750240898832
0.3,TS_oracle,0.026311857166506
0.3,TS_oracle,0.0621397524689579
0.3,TS_oracle,0.0416615828947924
0.3,TS_oracle,0.0691147210320325
0.3,TS_oracle,0.0683948331593543
0.3,TS_oracle,0.088583703858801
0.3,TS_oracle,0.0583321441271099
0.3,TS_oracle,0.0737654732143947
0.3,TS_oracle,0.0645550760388408
0.3,TS_oracle,0.0444023364183072
0.3,TS_oracle,0.0634922938101747
0.3,TS_oracle,0.109585714829097
0.3,TS_oracle,0.0538194655710857
0.3,TS_oracle,0.0597315558598808
0.3,TS_oracle,0.0579239212740336
0.3,TS_oracle,0.0694259047292389
0.3,TS_oracle,0.0481732792591588
0.3,TS_oracle,0.0962442976982548
0.3,TS_oracle,0.0559988990645898
0.3,TS_oracle,0.0719429560827039
0.3,TS_oracle,0.0499573459157415
0.3,TS_oracle,0.0439112854516676
0.3,TS_oracle,0.064227691575002
0.3,TS_oracle,0.0709106178958784
0.3,TS_oracle,0.116594504617957
0.3,TS_oracle,0.0690939332980881
0.3,TS_oracle,0.110960151004437
0.3,TS_oracle,0.0504095280952394
0.3,TS_oracle,0.0951914686088348
0.3,TS_oracle,0.112788691763326
0.3,TS_oracle,0.0747731769146689
0.3,TS_oracle,0.053765540332714
0.3,TS_oracle,0.0430970248197303
0.3,TS_oracle,0.0523507037182961
0.3,TS_oracle,0.0339293846453627
0.3,TS_oracle,0.0751027047626885
0.3,TS_oracle,0.0613824426771713
0.3,TS_oracle,0.032101615741927
0.3,TS_oracle,0.0484356646761519
0.4,PLS,0.0609960176958614
0.4,PLS,0.0430320154245667
0.4,PLS,0.0372220974825429
0.4,PLS,0.0631068590409852
0.4,PLS,0.0806631087221814
0.4,PLS,0.0607795905668583
0.4,PLS,0.0654067828040239
0.4,PLS,0.0785105637492676
0.4,PLS,0.0361660000156338
0.4,PLS,0.0464801466848922
0.4,PLS,0.0495337203455115
0.4,PLS,0.0399229014273505
0.4,PLS,0.0607260808423332
0.4,PLS,0.0832532606683882
0.4,PLS,0.0625686780944497
0.4,PLS,0.0490052765416936
0.4,PLS,0.0404324286083327
0.4,PLS,0.0791879496943834
0.4,PLS,0.0476956246106435
0.4,PLS,0.0692533086290329
0.4,PLS,0.0490559603107812
0.4,PLS,0.0591350935506231
0.4,PLS,0.0616564950214449
0.4,PLS,0.169532394383291
0.4,PLS,0.0501082391785408
0.4,PLS,0.0426746388677946
0.4,PLS,0.0496135008047891
0.4,PLS,0.0557630262159721
0.4,PLS,0.043992497395113
0.4,PLS,0.0465870777763782
0.4,PLS,0.0493388985222721
0.4,PLS,0.100198242666323
0.4,PLS,0.0447278123494828
0.4,PLS,0.0423565286373738
0.4,PLS,0.0573030645231581
0.4,PLS,0.0525562389612996
0.4,PLS,0.0877100451484097
0.4,PLS,0.0381517375455912
0.4,PLS,0.0636200855492685
0.4,PLS,0.0772578831710796
0.4,PLS,0.0666236188755173
0.4,PLS,0.0473094288000902
0.4,PLS,0.0910601234950809
0.4,PLS,0.0734473862138365
0.4,PLS,0.0637364920116312
0.4,PLS,0.0407879810690257
0.4,PLS,0.0596297108320448
0.4,PLS,0.0759943654415532
0.4,PLS,0.0692866302166878
0.4,PLS,0.0851536325840805
0.4,PLS,0.0549104012886766
0.4,PLS,0.025726745702854
0.4,PLS,0.0760331565775822
0.4,PLS,0.0374433897001909
0.4,PLS,0.0418425986363758
0.4,PLS,0.0667907983579697
0.4,PLS,0.0424760084093245
0.4,PLS,0.0246247732296784
0.4,PLS,0.0635320292909504
0.4,PLS,0.0865786302435472
0.4,PLS,0.0533434693024868
0.4,PLS,0.0487888579725387
0.4,PLS,0.0730707622478649
0.4,PLS,0.081998618975141
0.4,PLS,0.0680810789777338
0.4,PLS,0.0300606567408747
0.4,PLS,0.0165918019954195
0.4,PLS,0.0895696459257621
0.4,PLS,0.060420901486392
0.4,PLS,0.0444993747040478
0.4,PLS,0.0712052668638922
0.4,PLS,0.0890845847568039
0.4,PLS,0.0554280756469103
0.4,PLS,0.0634924901974291
0.4,PLS,0.0491464094097736
0.4,PLS,0.0566752380958611
0.4,PLS,0.0590777116731296
0.4,PLS,0.0912508509989839
0.4,PLS,0.080402364667818
0.4,PLS,0.0583642232437609
0.4,PLS,0.0808772451072567
0.4,PLS,0.0662732436127042
0.4,PLS,0.0316726498423053
0.4,PLS,0.1084033854835
0.4,PLS,0.0195925737115771
0.4,PLS,0.043778146465637
0.4,PLS,0.0724493491073202
0.4,PLS,0.0462200839985965
0.4,PLS,0.0869865137828537
0.4,PLS,0.0456559398583356
0.4,PLS,0.0777224437831115
0.4,PLS,0.0344571297549639
0.4,PLS,0.109171163334677
0.4,PLS,0.0474057104986364
0.4,PLS,0.0689580835224846
0.4,PLS,0.0489102451026797
0.4,PLS,0.0373442771764082
0.4,PLS,0.057347360554354
0.4,PLS,0.0634376023957553
0.4,PLS,0.0306070403612341
0.4,PLS,0.0861524475102116
0.4,PLS,0.0571011289136853
0.4,PLS,0.0836056042353499
0.4,PLS,0.0863309546946452
0.4,PLS,0.0793033172873218
0.4,PLS,0.0360478236567503
0.4,PLS,0.0887876067383773
0.4,PLS,0.038751968946665
0.4,PLS,0.0461507553238232
0.4,PLS,0.0377463905193131
0.4,PLS,0.0857187867046255
0.4,PLS,0.0577136800326493
0.4,PLS,0.131177479628158
0.4,PLS,0.0868931311162609
0.4,PLS,0.048436488523501
0.4,PLS,0.0635911061445741
0.4,PLS,0.0782953082284131
0.4,PLS,0.0519184973739865
0.4,PLS,0.0572955691685075
0.4,PLS,0.057757772642397
0.4,PLS,0.0567909682620214
0.4,PLS,0.0975065656218438
0.4,PLS,0.0413162964028342
0.4,PLS,0.0707224520708592
0.4,PLS,0.0840759217423365
0.4,PLS,0.0509997294249163
0.4,PLS,0.100215067548132
0.4,PLS,0.0443734819084588
0.4,PLS,0.0776527200941272
0.4,PLS,0.056885864124952
0.4,PLS,0.0810464687909026
0.4,PLS,0.0723740633652161
0.4,PLS,0.0738672282801006
0.4,PLS,0.0812770728418173
0.4,PLS,0.0546040469831405
0.4,PLS,0.0375587882693459
0.4,PLS,0.0343623548663591
0.4,PLS,0.0487977674590468
0.4,PLS,0.115088542053203
0.4,PLS,0.0524719400366187
0.4,PLS,0.0372165778584524
0.4,PLS,0.0651989831492484
0.4,PLS,0.0698340887677553
0.4,PLS,0.0412828443575018
0.4,PLS,0.0624052401369261
0.4,PLS,0.0452406145416313
0.4,PLS,0.0511571288512958
0.4,PLS,0.0402708014988202
0.4,PLS,0.0434115547299961
0.4,PLS,0.0386602204144122
0.4,PLS,0.064984664524184
0.4,PLS,0.0567385446108284
0.4,PLS,0.0968789389534483
0.4,PLS,0.0501631056404632
0.4,PLS,0.0508205970541047
0.4,PLS,0.0442108331707118
0.4,PLS,0.0594060845301872
0.4,PLS,0.0414150754229315
0.4,PLS,0.0433725378103708
0.4,PLS,0.0560904730570557
0.4,PLS,0.0625380350435984
0.4,PLS,0.0835279340635815
0.4,PLS,0.0782124648209231
0.4,PLS,0.0503234240863109
0.4,PLS,0.0655467264320213
0.4,PLS,0.0716567919685361
0.4,PLS,0.0937435497207067
0.4,PLS,0.079388267670855
0.4,PLS,0.0521838909583094
0.4,PLS,0.0669048163182613
0.4,PLS,0.0462735220544481
0.4,PLS,0.057793576093571
0.4,PLS,0.0475924665112933
0.4,PLS,0.0490417358142008
0.4,PLS,0.063507631315665
0.4,PLS,0.102451178367399
0.4,PLS,0.0803284160819381
0.4,PLS,0.0737598942062472
0.4,PLS,0.061902171780086
0.4,PLS,0.0733469737541831
0.4,PLS,0.0684906306993981
0.4,PLS,0.0797229515656499
0.4,PLS,0.0737207843672654
0.4,PLS,0.0458382926021282
0.4,PLS,0.0535442397655985
0.4,PLS,0.0419024946297395
0.4,PLS,0.0581438838069796
0.4,PLS,0.0399745821384795
0.4,PLS,0.106211018912684
0.4,PLS,0.0556322002912251
0.4,PLS,0.0387730298237868
0.4,PLS,0.0579202159860032
0.4,PLS,0.0613936753096348
0.4,PLS,0.0596174022589624
0.4,PLS,0.0535852501010367
0.4,PLS,0.0439201117151295
0.4,PLS,0.0749587694183109
0.4,PLS,0.0797509080443712
0.4,PLS,0.0653850917082668
0.4,PLS,0.0793852500554269
0.4,fTS,0.0518081889106774
0.4,fTS,0.0437689241762875
0.4,fTS,0.0490004042410012
0.4,fTS,0.0458024883355866
0.4,fTS,0.0606302153617863
0.4,fTS,0.0702131384584984
0.4,fTS,0.0685803422714775
0.4,fTS,0.0746264036490285
0.4,fTS,0.0295538723847622
0.4,fTS,0.0353507745082657
0.4,fTS,0.048814245327559
0.4,fTS,0.0337019624892796
0.4,fTS,0.0498923163067386
0.4,fTS,0.0706883940626214
0.4,fTS,0.0667012428051193
0.4,fTS,0.0487252689022153
0.4,fTS,0.0317753329102947
0.4,fTS,0.0623137804241583
0.4,fTS,0.0340019204272556
0.4,fTS,0.0674523926948227
0.4,fTS,0.0394848884672941
0.4,fTS,0.0453789403355681
0.4,fTS,0.0622575335264402
0.4,fTS,0.0974995726851856
0.4,fTS,0.0489721347834097
0.4,fTS,0.0326088593575653
0.4,fTS,0.0433815781801193
0.4,fTS,0.0508567388014768
0.4,fTS,0.0326613284501843
0.4,fTS,0.0471437316091793
0.4,fTS,0.0454023925614243
0.4,fTS,0.0929817163129151
0.4,fTS,0.0469652363357105
0.4,fTS,0.0385135899240749
0.4,fTS,0.0551039903992505
0.4,fTS,0.050008816345569
0.4,fTS,0.0767351090269672
0.4,fTS,0.0404954675999677
0.4,fTS,0.0597023623791897
0.4,fTS,0.0785702478292824
0.4,fTS,0.0550861143635744
0.4,fTS,0.0377437483500549
0.4,fTS,0.0941484370399784
0.4,fTS,0.0724820869282114
0.4,fTS,0.0838139877847482
0.4,fTS,0.0379917428645384
0.4,fTS,0.0489460715074092
0.4,fTS,0.0629775463564331
0.4,fTS,0.0698759873405451
0.4,fTS,0.102458215257977
0.4,fTS,0.0654417470650014
0.4,fTS,0.0269018846516926
0.4,fTS,0.0593876663736823
0.4,fTS,0.0347872240690506
0.4,fTS,0.0469111212084948
0.4,fTS,0.046065389891227
0.4,fTS,0.0537212769863155
0.4,fTS,0.0279503729036173
0.4,fTS,0.0573944593267036
0.4,fTS,0.0756050026619394
0.4,fTS,0.0476382049188336
0.4,fTS,0.0416121273173681
0.4,fTS,0.0748708034486504
0.4,fTS,0.0723502144970025
0.4,fTS,0.0903108723538411
0.4,fTS,0.0314210853912269
0.4,fTS,0.0190919739047024
0.4,fTS,0.0719390930332611
0.4,fTS,0.051288559902995
0.4,fTS,0.0315728422708369
0.4,fTS,0.0624446845041813
0.4,fTS,0.0815560134127338
0.4,fTS,0.0659909234754282
0.4,fTS,0.0644554701762047
0.4,fTS,0.0407824845589672
0.4,fTS,0.0517403524854999
0.4,fTS,0.0526691744287274
0.4,fTS,0.052060481833449
0.4,fTS,0.0652548040796206
0.4,fTS,0.0572254207448624
0.4,fTS,0.0653213976813405
0.4,fTS,0.059970955289866
0.4,fTS,0.0326340548051222
0.4,fTS,0.116238932175274
0.4,fTS,0.0284864591522619
0.4,fTS,0.0389065312650732
0.4,fTS,0.0517760783926409
0.4,fTS,0.0445140537716419
0.4,fTS,0.0782813239992544
0.4,fTS,0.0469915257230394
0.4,fTS,0.0772466288418134
0.4,fTS,0.0444583021422049
0.4,fTS,0.0992906463419616
0.4,fTS,0.0493672721327579
0.4,fTS,0.0830055811240847
0.4,fTS,0.0470530744898181
0.4,fTS,0.033143376559608
0.4,fTS,0.0497955115780571
0.4,fTS,0.0614409328324627
0.4,fTS,0.0325260957553209
0.4,fTS,0.0707506310456774
0.4,fTS,0.0616240058450148
0.4,fTS,0.074000845019556
0.4,fTS,0.066166173838496
0.4,fTS,0.0776747674862062
0.4,fTS,0.035635588997704
0.4,fTS,0.0999890609688475
0.4,fTS,0.0326534782812837
0.4,fTS,0.0487897027322937
0.4,fTS,0.0418587986531238
0.4,fTS,0.0645657894669981
0.4,fTS,0.0592346947990718
0.4,fTS,0.117787918289056
0.4,fTS,0.0655788975337712
0.4,fTS,0.0508899028953256
0.4,fTS,0.0595820285843618
0.4,fTS,0.0879948256145062
0.4,fTS,0.0579269746815329
0.4,fTS,0.0513113723920164
0.4,fTS,0.0419992512928817
0.4,fTS,0.056031661867105
0.4,fTS,0.088082428089484
0.4,fTS,0.0412854688133463
0.4,fTS,0.0641027582781858
0.4,fTS,0.0557857869598267
0.4,fTS,0.0428645576160313
0.4,fTS,0.107369859598703
0.4,fTS,0.0434381635157735
0.4,fTS,0.0782342082738595
0.4,fTS,0.0547827039999581
0.4,fTS,0.0970547100928417
0.4,fTS,0.070464624380709
0.4,fTS,0.0553506872350281
0.4,fTS,0.0878890248017734
0.4,fTS,0.0534586124447504
0.4,fTS,0.0308589416401301
0.4,fTS,0.0296431536908953
0.4,fTS,0.0418672430089292
0.4,fTS,0.101164530176391
0.4,fTS,0.0559032995564282
0.4,fTS,0.0382242307885595
0.4,fTS,0.0619056727860284
0.4,fTS,0.0615786597511616
0.4,fTS,0.0456983053247261
0.4,fTS,0.0554475018570616
0.4,fTS,0.0441493143777471
0.4,fTS,0.0584899313156372
0.4,fTS,0.044068049830728
0.4,fTS,0.0522839433198919
0.4,fTS,0.0373941479317258
0.4,fTS,0.0594852918754068
0.4,fTS,0.0448518491277789
0.4,fTS,0.0862247924311633
0.4,fTS,0.0508502758188093
0.4,fTS,0.0448402746270252
0.4,fTS,0.0464421874240741
0.4,fTS,0.0442557644321665
0.4,fTS,0.038630934180191
0.4,fTS,0.0445938713557767
0.4,fTS,0.0366631002977806
0.4,fTS,0.0700500641521553
0.4,fTS,0.0868793207095719
0.4,fTS,0.0677316886347618
0.4,fTS,0.0521807764959603
0.4,fTS,0.0570945399899875
0.4,fTS,0.073027262049008
0.4,fTS,0.072714420217311
0.4,fTS,0.0771293504670528
0.4,fTS,0.0422868130893025
0.4,fTS,0.0698107092374466
0.4,fTS,0.0447487084975668
0.4,fTS,0.0571430001660189
0.4,fTS,0.0431709985822221
0.4,fTS,0.049288977652029
0.4,fTS,0.0457258063222553
0.4,fTS,0.0844113853519065
0.4,fTS,0.067319107765494
0.4,fTS,0.0675130511655518
0.4,fTS,0.0491793971804106
0.4,fTS,0.0538429297715321
0.4,fTS,0.0596696063555233
0.4,fTS,0.0514874041646437
0.4,fTS,0.0670809880659456
0.4,fTS,0.0411063631251205
0.4,fTS,0.0630811605722164
0.4,fTS,0.0473578330338584
0.4,fTS,0.0511456588889371
0.4,fTS,0.0442123647960328
0.4,fTS,0.109193224622126
0.4,fTS,0.0698500966757583
0.4,fTS,0.0423275923822721
0.4,fTS,0.0517667433170039
0.4,fTS,0.0662719186255018
0.4,fTS,0.058211618554212
0.4,fTS,0.0477953375547015
0.4,fTS,0.04983267489143
0.4,fTS,0.0802847310512772
0.4,fTS,0.0754595094204684
0.4,fTS,0.0598943903296103
0.4,fTS,0.0617349415235505
0.4,LS_oracle,0.0606562547471989
0.4,LS_oracle,0.0430200760445727
0.4,LS_oracle,0.0383523491928041
0.4,LS_oracle,0.0631107219758271
0.4,LS_oracle,0.0802878657653351
0.4,LS_oracle,0.0605814975436217
0.4,LS_oracle,0.064585974650672
0.4,LS_oracle,0.0782909016138834
0.4,LS_oracle,0.036216488963473
0.4,LS_oracle,0.0460457820806289
0.4,LS_oracle,0.0502077771821673
0.4,LS_oracle,0.0398781634522683
0.4,LS_oracle,0.0606812559742198
0.4,LS_oracle,0.0831576688877826
0.4,LS_oracle,0.0624982335652759
0.4,LS_oracle,0.0490075751372864
0.4,LS_oracle,0.0390825607836541
0.4,LS_oracle,0.0790944396017878
0.4,LS_oracle,0.0474723420104379
0.4,LS_oracle,0.0694562930765423
0.4,LS_oracle,0.0490428957508418
0.4,LS_oracle,0.0596225877801516
0.4,LS_oracle,0.0616959686293359
0.4,LS_oracle,0.168545508962307
0.4,LS_oracle,0.0501039083613285
0.4,LS_oracle,0.0426711014710952
0.4,LS_oracle,0.049541390020723
0.4,LS_oracle,0.0552644455966269
0.4,LS_oracle,0.0440019430220763
0.4,LS_oracle,0.0465653061395455
0.4,LS_oracle,0.0493787067070014
0.4,LS_oracle,0.0972271187239749
0.4,LS_oracle,0.0447017373864493
0.4,LS_oracle,0.0422680872173224
0.4,LS_oracle,0.0578540600463901
0.4,LS_oracle,0.0525441108449971
0.4,LS_oracle,0.0876283128840557
0.4,LS_oracle,0.0391088431115124
0.4,LS_oracle,0.0636156543536761
0.4,LS_oracle,0.0772155402133061
0.4,LS_oracle,0.0656634836042308
0.4,LS_oracle,0.0468920141922683
0.4,LS_oracle,0.0910231701531506
0.4,LS_oracle,0.0725796850908786
0.4,LS_oracle,0.0636636925701034
0.4,LS_oracle,0.0411148143524651
0.4,LS_oracle,0.0596474019519503
0.4,LS_oracle,0.0759413203182893
0.4,LS_oracle,0.0687061857868736
0.4,LS_oracle,0.0852692324275011
0.4,LS_oracle,0.0548920760963577
0.4,LS_oracle,0.0257763827795747
0.4,LS_oracle,0.0761580583725209
0.4,LS_oracle,0.0374951020361541
0.4,LS_oracle,0.0418158962479107
0.4,LS_oracle,0.0667284388269766
0.4,LS_oracle,0.0428231930032966
0.4,LS_oracle,0.0246700074098742
0.4,LS_oracle,0.063338550662286
0.4,LS_oracle,0.0866111159655885
0.4,LS_oracle,0.0527139616434202
0.4,LS_oracle,0.0487700283871143
0.4,LS_oracle,0.0736438071608006
0.4,LS_oracle,0.0821741426368253
0.4,LS_oracle,0.0681887065784576
0.4,LS_oracle,0.0297938115775343
0.4,LS_oracle,0.0165757551877472
0.4,LS_oracle,0.0895241003148839
0.4,LS_oracle,0.0604821285848607
0.4,LS_oracle,0.0443039715887862
0.4,LS_oracle,0.0714727190644653
0.4,LS_oracle,0.0892734570522946
0.4,LS_oracle,0.0558615073231507
0.4,LS_oracle,0.0636639328495693
0.4,LS_oracle,0.0497112042369011
0.4,LS_oracle,0.0567969998362142
0.4,LS_oracle,0.0590662739713404
0.4,LS_oracle,0.0914775344608983
0.4,LS_oracle,0.0802960089090057
0.4,LS_oracle,0.058529535399533
0.4,LS_oracle,0.08082879542319
0.4,LS_oracle,0.0661506280532605
0.4,LS_oracle,0.0320717412887861
0.4,LS_oracle,0.108482763162035
0.4,LS_oracle,0.0195068256121064
0.4,LS_oracle,0.0451816636092696
0.4,LS_oracle,0.0718652901626512
0.4,LS_oracle,0.0458924087758292
0.4,LS_oracle,0.0861969837382132
0.4,LS_oracle,0.0460303908670553
0.4,LS_oracle,0.0777387167367696
0.4,LS_oracle,0.0343900311436052
0.4,LS_oracle,0.109346038636745
0.4,LS_oracle,0.0475645046745394
0.4,LS_oracle,0.0691791730955892
0.4,LS_oracle,0.0491584519058795
0.4,LS_oracle,0.0377824095614466
0.4,LS_oracle,0.0573081948678801
0.4,LS_oracle,0.0630965205123673
0.4,LS_oracle,0.0314271265371944
0.4,LS_oracle,0.0861437829265462
0.4,LS_oracle,0.0573917877996549
0.4,LS_oracle,0.083333321432313
0.4,LS_oracle,0.0864093675897063
0.4,LS_oracle,0.0792403079151392
0.4,LS_oracle,0.035881491658427
0.4,LS_oracle,0.088792482294958
0.4,LS_oracle,0.0386457821188963
0.4,LS_oracle,0.0461615064535957
0.4,LS_oracle,0.0373576681561193
0.4,LS_oracle,0.0862894945903332
0.4,LS_oracle,0.057590789380146
0.4,LS_oracle,0.131523490337305
0.4,LS_oracle,0.0878191274716753
0.4,LS_oracle,0.0484320789865423
0.4,LS_oracle,0.0639407099058308
0.4,LS_oracle,0.0781302737644293
0.4,LS_oracle,0.0523334581206383
0.4,LS_oracle,0.0571938607957889
0.4,LS_oracle,0.0578829624421437
0.4,LS_oracle,0.0569363720066519
0.4,LS_oracle,0.0981084090981662
0.4,LS_oracle,0.0417290573418789
0.4,LS_oracle,0.0707460121236581
0.4,LS_oracle,0.0830583968156569
0.4,LS_oracle,0.050957640396163
0.4,LS_oracle,0.100548654161655
0.4,LS_oracle,0.0443675011673678
0.4,LS_oracle,0.0777517335579199
0.4,LS_oracle,0.0568704040458585
0.4,LS_oracle,0.0831087494572881
0.4,LS_oracle,0.0720811042527312
0.4,LS_oracle,0.073851115187405
0.4,LS_oracle,0.0817171930184782
0.4,LS_oracle,0.0545288932651228
0.4,LS_oracle,0.0372565647771251
0.4,LS_oracle,0.0343493802287346
0.4,LS_oracle,0.0488172931172517
0.4,LS_oracle,0.11503769599228
0.4,LS_oracle,0.0523555464986397
0.4,LS_oracle,0.0371800348198619
0.4,LS_oracle,0.0649104054192809
0.4,LS_oracle,0.0698163377697155
0.4,LS_oracle,0.0412827386161119
0.4,LS_oracle,0.0625154770764068
0.4,LS_oracle,0.0453049607067994
0.4,LS_oracle,0.0511802587805896
0.4,LS_oracle,0.040267428512847
0.4,LS_oracle,0.0434217442257551
0.4,LS_oracle,0.0392806721127324
0.4,LS_oracle,0.0652827470315173
0.4,LS_oracle,0.0566778239918874
0.4,LS_oracle,0.0968683389907443
0.4,LS_oracle,0.0501332918703697
0.4,LS_oracle,0.0504482440171488
0.4,LS_oracle,0.0442622040682834
0.4,LS_oracle,0.0596025734613406
0.4,LS_oracle,0.0413622371516352
0.4,LS_oracle,0.0433954767467551
0.4,LS_oracle,0.0562260670105682
0.4,LS_oracle,0.0624194784018835
0.4,LS_oracle,0.0836022801743858
0.4,LS_oracle,0.0781609528844118
0.4,LS_oracle,0.049990619227193
0.4,LS_oracle,0.0649108829707877
0.4,LS_oracle,0.0715796325179547
0.4,LS_oracle,0.0932902730448301
0.4,LS_oracle,0.0796626528640968
0.4,LS_oracle,0.0522051948775035
0.4,LS_oracle,0.0669023280935665
0.4,LS_oracle,0.0461773347010448
0.4,LS_oracle,0.0580779553531882
0.4,LS_oracle,0.0480774111759688
0.4,LS_oracle,0.0491101985880732
0.4,LS_oracle,0.0635254518842639
0.4,LS_oracle,0.102389301774172
0.4,LS_oracle,0.0805583167637732
0.4,LS_oracle,0.0737682476294945
0.4,LS_oracle,0.0618319454241115
0.4,LS_oracle,0.0736115274003576
0.4,LS_oracle,0.0689202425265524
0.4,LS_oracle,0.079604815380472
0.4,LS_oracle,0.0735398463076392
0.4,LS_oracle,0.0456612260067678
0.4,LS_oracle,0.0535055822200931
0.4,LS_oracle,0.0418837119420937
0.4,LS_oracle,0.0581223730335392
0.4,LS_oracle,0.0396568351454864
0.4,LS_oracle,0.105995947283472
0.4,LS_oracle,0.0557786421687556
0.4,LS_oracle,0.0391663515831838
0.4,LS_oracle,0.0582234966074009
0.4,LS_oracle,0.0614526272112923
0.4,LS_oracle,0.0596814292034331
0.4,LS_oracle,0.0535818057047784
0.4,LS_oracle,0.0440310891290988
0.4,LS_oracle,0.0757287776665853
0.4,LS_oracle,0.0796684915830812
0.4,LS_oracle,0.0657676601169054
0.4,LS_oracle,0.0792955830061625
0.4,TS_oracle,0.0518145984190531
0.4,TS_oracle,0.0438260950886567
0.4,TS_oracle,0.0489981887108495
0.4,TS_oracle,0.0458025318457208
0.4,TS_oracle,0.0606295644751231
0.4,TS_oracle,0.0701859105445624
0.4,TS_oracle,0.0674461336708523
0.4,TS_oracle,0.0738638468596352
0.4,TS_oracle,0.0294281571576032
0.4,TS_oracle,0.0352455854133283
0.4,TS_oracle,0.0490753952954824
0.4,TS_oracle,0.0337028366359693
0.4,TS_oracle,0.0498864927135568
0.4,TS_oracle,0.0706768843620581
0.4,TS_oracle,0.0665012764686491
0.4,TS_oracle,0.0487872838927652
0.4,TS_oracle,0.0309607936702741
0.4,TS_oracle,0.0624710346554303
0.4,TS_oracle,0.0340021754981089
0.4,TS_oracle,0.0678919794498434
0.4,TS_oracle,0.0394867223268808
0.4,TS_oracle,0.0455322469560407
0.4,TS_oracle,0.0622517899486475
0.4,TS_oracle,0.0976190815517052
0.4,TS_oracle,0.0489979246741359
0.4,TS_oracle,0.0323711344477868
0.4,TS_oracle,0.0433810755851866
0.4,TS_oracle,0.0510656882425848
0.4,TS_oracle,0.0326673949967022
0.4,TS_oracle,0.0474277808548774
0.4,TS_oracle,0.0452309156240915
0.4,TS_oracle,0.0914831252645062
0.4,TS_oracle,0.0469580591671208
0.4,TS_oracle,0.0386311247915806
0.4,TS_oracle,0.0551309507033388
0.4,TS_oracle,0.0503410806284697
0.4,TS_oracle,0.0767462606832033
0.4,TS_oracle,0.0406583097452667
0.4,TS_oracle,0.059701915915783
0.4,TS_oracle,0.0785862061774617
0.4,TS_oracle,0.0547933192891893
0.4,TS_oracle,0.0377012020144961
0.4,TS_oracle,0.0941394469617518
0.4,TS_oracle,0.0719657043661021
0.4,TS_oracle,0.0837381387567636
0.4,TS_oracle,0.0385658211216448
0.4,TS_oracle,0.0489693505760931
0.4,TS_oracle,0.0632815873436917
0.4,TS_oracle,0.069883281803808
0.4,TS_oracle,0.102166023533037
0.4,TS_oracle,0.0654398653425559
0.4,TS_oracle,0.0268871585973252
0.4,TS_oracle,0.0595017572367285
0.4,TS_oracle,0.034771786603875
0.4,TS_oracle,0.0469147884222559
0.4,TS_oracle,0.0460579487908204
0.4,TS_oracle,0.0538863422635888
0.4,TS_oracle,0.0279799113143302
0.4,TS_oracle,0.057410618079577
0.4,TS_oracle,0.0759254588194613
0.4,TS_oracle,0.0466582383093215
0.4,TS_oracle,0.0414848761382029
0.4,TS_oracle,0.0748467273017963
0.4,TS_oracle,0.0723138363898937
0.4,TS_oracle,0.090794946188159
0.4,TS_oracle,0.0314169698077108
0.4,TS_oracle,0.01908529488444
0.4,TS_oracle,0.0720339936982823
0.4,TS_oracle,0.0512974444637865
0.4,TS_oracle,0.0312847475785521
0.4,TS_oracle,0.0625618629820728
0.4,TS_oracle,0.0814594944863044
0.4,TS_oracle,0.0660011923334236
0.4,TS_oracle,0.0643628950440391
0.4,TS_oracle,0.0409025470457387
0.4,TS_oracle,0.0518781936022896
0.4,TS_oracle,0.0526764672218829
0.4,TS_oracle,0.0519790998050027
0.4,TS_oracle,0.0652625765795999
0.4,TS_oracle,0.0572152702682221
0.4,TS_oracle,0.0650978175367785
0.4,TS_oracle,0.0598708759598985
0.4,TS_oracle,0.0323033756580201
0.4,TS_oracle,0.116163804674985
0.4,TS_oracle,0.0284859862376423
0.4,TS_oracle,0.0390263852899534
0.4,TS_oracle,0.0521395171059762
0.4,TS_oracle,0.0449574266673631
0.4,TS_oracle,0.0767921342321266
0.4,TS_oracle,0.0470619677888195
0.4,TS_oracle,0.0772898985233548
0.4,TS_oracle,0.0445408959509326
0.4,TS_oracle,0.0993372378324665
0.4,TS_oracle,0.049477876710488
0.4,TS_oracle,0.0830600740835788
0.4,TS_oracle,0.047151636993191
0.4,TS_oracle,0.0333827487760692
0.4,TS_oracle,0.0497132767074528
0.4,TS_oracle,0.0613506084494411
0.4,TS_oracle,0.0330762209459259
0.4,TS_oracle,0.0707485877539428
0.4,TS_oracle,0.061408878206144
0.4,TS_oracle,0.0740052863671134
0.4,TS_oracle,0.065973011775378
0.4,TS_oracle,0.0775756745871932
0.4,TS_oracle,0.0355691266516696
0.4,TS_oracle,0.0999920298804175
0.4,TS_oracle,0.0325758188852918
0.4,TS_oracle,0.04878770829085
0.4,TS_oracle,0.0418593214956386
0.4,TS_oracle,0.0655069885299645
0.4,TS_oracle,0.0590082266123226
0.4,TS_oracle,0.117935799012033
0.4,TS_oracle,0.0661741201072508
0.4,TS_oracle,0.050916377984049
0.4,TS_oracle,0.0593032319111955
0.4,TS_oracle,0.0878968127529124
0.4,TS_oracle,0.0580012928442451
0.4,TS_oracle,0.0510788164924234
0.4,TS_oracle,0.0420440222315471
0.4,TS_oracle,0.0560051328417729
0.4,TS_oracle,0.0884994374344666
0.4,TS_oracle,0.0411447355696216
0.4,TS_oracle,0.0641129555324011
0.4,TS_oracle,0.055121364620576
0.4,TS_oracle,0.0426785601205795
0.4,TS_oracle,0.107960456218827
0.4,TS_oracle,0.0434306225152629
0.4,TS_oracle,0.0775598332639344
0.4,TS_oracle,0.0548604760436123
0.4,TS_oracle,0.0980359291120176
0.4,TS_oracle,0.0697924079552818
0.4,TS_oracle,0.0551756226303751
0.4,TS_oracle,0.08829241764857
0.4,TS_oracle,0.0527406894341554
0.4,TS_oracle,0.030835837724887
0.4,TS_oracle,0.0296452301136906
0.4,TS_oracle,0.0418695001826033
0.4,TS_oracle,0.101175477581471
0.4,TS_oracle,0.0561488133227136
0.4,TS_oracle,0.0382305238731464
0.4,TS_oracle,0.0619186856977803
0.4,TS_oracle,0.0616440582353046
0.4,TS_oracle,0.0457350617707506
0.4,TS_oracle,0.055473219516024
0.4,TS_oracle,0.0444304942902755
0.4,TS_oracle,0.0584989376022526
0.4,TS_oracle,0.0441165377578225
0.4,TS_oracle,0.0522854042659908
0.4,TS_oracle,0.0373705519106191
0.4,TS_oracle,0.0595739666937249
0.4,TS_oracle,0.0449393000656198
0.4,TS_oracle,0.0861259228740529
0.4,TS_oracle,0.0508209567608983
0.4,TS_oracle,0.0446064942449794
0.4,TS_oracle,0.0465322672031868
0.4,TS_oracle,0.0442477811306536
0.4,TS_oracle,0.0386318786001325
0.4,TS_oracle,0.0446218054976124
0.4,TS_oracle,0.0366757164415234
0.4,TS_oracle,0.0700187413994483
0.4,TS_oracle,0.0868585601317033
0.4,TS_oracle,0.0677649085396096
0.4,TS_oracle,0.0521420085988722
0.4,TS_oracle,0.0564874011954034
0.4,TS_oracle,0.073171153589553
0.4,TS_oracle,0.0721095280049927
0.4,TS_oracle,0.077136330547032
0.4,TS_oracle,0.0425708280151738
0.4,TS_oracle,0.0696949509996351
0.4,TS_oracle,0.0446059158583366
0.4,TS_oracle,0.0573066289370369
0.4,TS_oracle,0.0436587302753339
0.4,TS_oracle,0.0492895116961057
0.4,TS_oracle,0.0458039324312057
0.4,TS_oracle,0.0841169817936497
0.4,TS_oracle,0.0673502926403479
0.4,TS_oracle,0.0675272624039729
0.4,TS_oracle,0.048993814010439
0.4,TS_oracle,0.0538389744248013
0.4,TS_oracle,0.0597125587404199
0.4,TS_oracle,0.0515191236682701
0.4,TS_oracle,0.0671790056195737
0.4,TS_oracle,0.0411187878422907
0.4,TS_oracle,0.0630895107529263
0.4,TS_oracle,0.0470663255346542
0.4,TS_oracle,0.051133856432476
0.4,TS_oracle,0.0441492798081641
0.4,TS_oracle,0.1091990084362
0.4,TS_oracle,0.0703633691702546
0.4,TS_oracle,0.0423785463701638
0.4,TS_oracle,0.0517665918783625
0.4,TS_oracle,0.0659594653039152
0.4,TS_oracle,0.0582408455505614
0.4,TS_oracle,0.0477942745715271
0.4,TS_oracle,0.0500773866766376
0.4,TS_oracle,0.0811526393830477
0.4,TS_oracle,0.0754666550308277
0.4,TS_oracle,0.0598929102088006
0.4,TS_oracle,0.0617416328951826
0.5,PLS,0.10246503857122
0.5,PLS,0.0929462586230944
0.5,PLS,0.0338592422339351
0.5,PLS,0.0276611981345804
0.5,PLS,0.0920887648273231
0.5,PLS,0.0399205110595591
0.5,PLS,0.0688022083067348
0.5,PLS,0.0379695437105728
0.5,PLS,0.0567990564413898
0.5,PLS,0.0391158694932847
0.5,PLS,0.0967546777423828
0.5,PLS,0.0678495193444947
0.5,PLS,0.0475047254654192
0.5,PLS,0.122973234579572
0.5,PLS,0.049679398152371
0.5,PLS,0.0426047385522264
0.5,PLS,0.0365817320113468
0.5,PLS,0.0424774953224645
0.5,PLS,0.0383349952909893
0.5,PLS,0.0900700563413058
0.5,PLS,0.0319864822852158
0.5,PLS,0.0763179985723335
0.5,PLS,0.0474822141577852
0.5,PLS,0.0336585085043818
0.5,PLS,0.076565391939796
0.5,PLS,0.0332447436087916
0.5,PLS,0.0934922917172112
0.5,PLS,0.0500611299990986
0.5,PLS,0.0503687869611279
0.5,PLS,0.0456402345464437
0.5,PLS,0.058628276657774
0.5,PLS,0.0735112363661918
0.5,PLS,0.0615656335627667
0.5,PLS,0.0315718587444065
0.5,PLS,0.0476852177819425
0.5,PLS,0.0643307589697601
0.5,PLS,0.0990876087319324
0.5,PLS,0.0621013717207379
0.5,PLS,0.0541229799356776
0.5,PLS,0.0740742615534941
0.5,PLS,0.0352172434066137
0.5,PLS,0.0755518445306403
0.5,PLS,0.0475015886804305
0.5,PLS,0.0402094121276126
0.5,PLS,0.0929457331545713
0.5,PLS,0.071539396518429
0.5,PLS,0.0558387204540506
0.5,PLS,0.0595142211926266
0.5,PLS,0.035788084674634
0.5,PLS,0.175187661640861
0.5,PLS,0.0633518447319379
0.5,PLS,0.0571827549110768
0.5,PLS,0.083628342464109
0.5,PLS,0.0501574167302942
0.5,PLS,0.0884207754078915
0.5,PLS,0.0492294377247266
0.5,PLS,0.044101073183238
0.5,PLS,0.025926303109412
0.5,PLS,0.0466044617731225
0.5,PLS,0.0380698878285807
0.5,PLS,0.0551960395224376
0.5,PLS,0.0420972681692804
0.5,PLS,0.0821639921368253
0.5,PLS,0.0417386194547791
0.5,PLS,0.0867949083672976
0.5,PLS,0.0894061175300991
0.5,PLS,0.0326162571273915
0.5,PLS,0.0612197544122763
0.5,PLS,0.0415983929638397
0.5,PLS,0.0638085408120645
0.5,PLS,0.120585863716534
0.5,PLS,0.0776411206795138
0.5,PLS,0.0821514193787416
0.5,PLS,0.0532702827076916
0.5,PLS,0.106625777766422
0.5,PLS,0.0390878163631569
0.5,PLS,0.0880897119626712
0.5,PLS,0.0911118075087281
0.5,PLS,0.0595043018584792
0.5,PLS,0.0343884253375787
0.5,PLS,0.056948425178544
0.5,PLS,0.0636284753940381
0.5,PLS,0.0682982993205149
0.5,PLS,0.045738193760438
0.5,PLS,0.0718755774725315
0.5,PLS,0.0823181282068432
0.5,PLS,0.0569565769057612
0.5,PLS,0.0407454040263594
0.5,PLS,0.0706987882885587
0.5,PLS,0.0598693962524443
0.5,PLS,0.0560535275844762
0.5,PLS,0.0517478797927325
0.5,PLS,0.0729342257513557
0.5,PLS,0.0356788182333407
0.5,PLS,0.0575089443622416
0.5,PLS,0.0609058380465768
0.5,PLS,0.0526910675961318
0.5,PLS,0.077536660116667
0.5,PLS,0.0508330369778396
0.5,PLS,0.0811872829885979
0.5,PLS,0.0580413435247692
0.5,PLS,0.0508415955287324
0.5,PLS,0.0537535986959001
0.5,PLS,0.0912491400577326
0.5,PLS,0.0409486224370052
0.5,PLS,0.0450838140082737
0.5,PLS,0.0402243122842591
0.5,PLS,0.0718437744089996
0.5,PLS,0.12780386182561
0.5,PLS,0.0914932200449048
0.5,PLS,0.0528621906564864
0.5,PLS,0.034357539935658
0.5,PLS,0.0666595046407128
0.5,PLS,0.0450550872517522
0.5,PLS,0.0957318364806056
0.5,PLS,0.0861178490303455
0.5,PLS,0.0773493579867246
0.5,PLS,0.077597338076001
0.5,PLS,0.0782580946048232
0.5,PLS,0.0490069189509766
0.5,PLS,0.0395341224714039
0.5,PLS,0.0429427055004306
0.5,PLS,0.0382298140633866
0.5,PLS,0.0422053302274562
0.5,PLS,0.118213472383918
0.5,PLS,0.033000935791607
0.5,PLS,0.101741714407854
0.5,PLS,0.0538176563968574
0.5,PLS,0.0277685249741034
0.5,PLS,0.0438376284107184
0.5,PLS,0.0880976002592687
0.5,PLS,0.0646946131256134
0.5,PLS,0.0639559956435911
0.5,PLS,0.029432657013184
0.5,PLS,0.0831251766232561
0.5,PLS,0.0687124217556517
0.5,PLS,0.077682666790906
0.5,PLS,0.0481133049491507
0.5,PLS,0.0750627059850678
0.5,PLS,0.0525869293732546
0.5,PLS,0.0732004249683742
0.5,PLS,0.0321480741796684
0.5,PLS,0.0693707011647334
0.5,PLS,0.0618978830517672
0.5,PLS,0.0687595799220556
0.5,PLS,0.0331424669813295
0.5,PLS,0.0697514944485197
0.5,PLS,0.0472597868289364
0.5,PLS,0.0718507870398764
0.5,PLS,0.0506500611541803
0.5,PLS,0.0659951698996582
0.5,PLS,0.067199482952873
0.5,PLS,0.078686202570229
0.5,PLS,0.114036659016829
0.5,PLS,0.0691745217275452
0.5,PLS,0.0781333200017203
0.5,PLS,0.0535460671997016
0.5,PLS,0.042217117602479
0.5,PLS,0.0274062584152628
0.5,PLS,0.0555164147096862
0.5,PLS,0.0921009217758163
0.5,PLS,0.0407227454597567
0.5,PLS,0.0573348896593295
0.5,PLS,0.0558774425822865
0.5,PLS,0.0491863283319707
0.5,PLS,0.061810061616136
0.5,PLS,0.0474180061653673
0.5,PLS,0.0626659982665197
0.5,PLS,0.0846234261443759
0.5,PLS,0.0420253924254143
0.5,PLS,0.0661645828906563
0.5,PLS,0.0735929179437459
0.5,PLS,0.0662670177528437
0.5,PLS,0.0795649066798035
0.5,PLS,0.0719661953525071
0.5,PLS,0.0343000525423914
0.5,PLS,0.0327415075548087
0.5,PLS,0.0765391838618346
0.5,PLS,0.0778345536867141
0.5,PLS,0.0426798156750261
0.5,PLS,0.0619777460668858
0.5,PLS,0.0365112535134369
0.5,PLS,0.120250073329381
0.5,PLS,0.0630615921859914
0.5,PLS,0.0623191700083773
0.5,PLS,0.0462754443952508
0.5,PLS,0.0281568081865673
0.5,PLS,0.046696976954259
0.5,PLS,0.0885722822177899
0.5,PLS,0.0773024429154196
0.5,PLS,0.0713871422718786
0.5,PLS,0.0650551728992019
0.5,PLS,0.0486520706980102
0.5,PLS,0.0771950261025565
0.5,PLS,0.0232908344425966
0.5,PLS,0.0470954595194891
0.5,PLS,0.0854331023213965
0.5,PLS,0.072326003929374
0.5,PLS,0.049963792279474
0.5,PLS,0.0473020737234234
0.5,fTS,0.0611070460170667
0.5,fTS,0.0773797542888207
0.5,fTS,0.0398667417287113
0.5,fTS,0.0360658262250257
0.5,fTS,0.0637537449300057
0.5,fTS,0.0398924130798032
0.5,fTS,0.095162857686148
0.5,fTS,0.0515904675575041
0.5,fTS,0.0462217653826075
0.5,fTS,0.0334966350102476
0.5,fTS,0.0800319188246419
0.5,fTS,0.0945069757863142
0.5,fTS,0.0304421008684551
0.5,fTS,0.0761594034318906
0.5,fTS,0.0300028320522385
0.5,fTS,0.0517977406615303
0.5,fTS,0.0421230791649042
0.5,fTS,0.0343071593990358
0.5,fTS,0.0560917211431936
0.5,fTS,0.0747203289543612
0.5,fTS,0.0295914184108179
0.5,fTS,0.0495755321437912
0.5,fTS,0.0534161453544902
0.5,fTS,0.0227772452608846
0.5,fTS,0.060880370726427
0.5,fTS,0.0216247956733898
0.5,fTS,0.071146224874729
0.5,fTS,0.0470772774453659
0.5,fTS,0.0254752662526411
0.5,fTS,0.0317393336561399
0.5,fTS,0.0626870550792826
0.5,fTS,0.0508613876831102
0.5,fTS,0.0374144585915487
0.5,fTS,0.0233438316510503
0.5,fTS,0.0493385089964332
0.5,fTS,0.0543257760700431
0.5,fTS,0.0600873005311093
0.5,fTS,0.0435821192856224
0.5,fTS,0.0420679772856778
0.5,fTS,0.0792409779540244
0.5,fTS,0.0427229789937271
0.5,fTS,0.0612702594899994
0.5,fTS,0.0542465613081681
0.5,fTS,0.0477791421025642
0.5,fTS,0.0742237615314454
0.5,fTS,0.063455578465275
0.5,fTS,0.043458758992274
0.5,fTS,0.0585688524703984
0.5,fTS,0.0254939115807773
0.5,fTS,0.142149272640997
0.5,fTS,0.0426022250786183
0.5,fTS,0.0445524161635904
0.5,fTS,0.0643590420774778
0.5,fTS,0.0363970982838003
0.5,fTS,0.0651201895223877
0.5,fTS,0.0518799089475677
0.5,fTS,0.0363468900901339
0.5,fTS,0.0245516560763391
0.5,fTS,0.0415007511639065
0.5,fTS,0.0331111516933555
0.5,fTS,0.0642453262302019
0.5,fTS,0.0426335281258382
0.5,fTS,0.0792687338266219
0.5,fTS,0.0441974042752682
0.5,fTS,0.098265885414074
0.5,fTS,0.0768945187350648
0.5,fTS,0.0399928268131602
0.5,fTS,0.0405994059565635
0.5,fTS,0.035411324800589
0.5,fTS,0.0507781883654953
0.5,fTS,0.0801611263772522
0.5,fTS,0.0687370299866887
0.5,fTS,0.070616850646118
0.5,fTS,0.0443863886124764
0.5,fTS,0.0796517395703656
0.5,fTS,0.0553271774541549
0.5,fTS,0.0546490922969189
0.5,fTS,0.0794295203499158
0.5,fTS,0.0477780848578375
0.5,fTS,0.0390793356428291
0.5,fTS,0.059005625691771
0.5,fTS,0.045326148922893
0.5,fTS,0.0721841570051918
0.5,fTS,0.0320171323565904
0.5,fTS,0.0709522440556998
0.5,fTS,0.105765295491932
0.5,fTS,0.0448357203115052
0.5,fTS,0.0290131969899198
0.5,fTS,0.067204193058834
0.5,fTS,0.0543170715958473
0.5,fTS,0.0537381961265532
0.5,fTS,0.0486030047997471
0.5,fTS,0.0706134458354549
0.5,fTS,0.0383699769744879
0.5,fTS,0.0559183959700943
0.5,fTS,0.070731572809124
0.5,fTS,0.0506014885214381
0.5,fTS,0.068962778494449
0.5,fTS,0.0513287571199032
0.5,fTS,0.0673242399404219
0.5,fTS,0.0408158526780329
0.5,fTS,0.0473721646932425
0.5,fTS,0.0619932458587642
0.5,fTS,0.0537072598200397
0.5,fTS,0.038586613827013
0.5,fTS,0.0518300853675194
0.5,fTS,0.0447330767296135
0.5,fTS,0.051275533368392
0.5,fTS,0.110116310849349
0.5,fTS,0.0608410360125896
0.5,fTS,0.053458236454379
0.5,fTS,0.0347920642037902
0.5,fTS,0.054202806951783
0.5,fTS,0.0573663143897124
0.5,fTS,0.0854210020873862
0.5,fTS,0.0732987468526678
0.5,fTS,0.0887019721717777
0.5,fTS,0.0572141171543081
0.5,fTS,0.0779408059239522
0.5,fTS,0.0429401115144327
0.5,fTS,0.043658641851751
0.5,fTS,0.0427036248865824
0.5,fTS,0.0422595771307356
0.5,fTS,0.0564973676325024
0.5,fTS,0.0978089472640423
0.5,fTS,0.0364145070506465
0.5,fTS,0.110682765460676
0.5,fTS,0.0459267884855388
0.5,fTS,0.0327826953013036
0.5,fTS,0.0719107896765874
0.5,fTS,0.0735977745169518
0.5,fTS,0.0546979150954672
0.5,fTS,0.0609707132991934
0.5,fTS,0.0380847481517577
0.5,fTS,0.0680136544293441
0.5,fTS,0.0635557111804498
0.5,fTS,0.067699870987784
0.5,fTS,0.0453001553396387
0.5,fTS,0.061591192830607
0.5,fTS,0.0394178772546247
0.5,fTS,0.0441700175722498
0.5,fTS,0.0305931964664387
0.5,fTS,0.0562302268215924
0.5,fTS,0.0442715806958133
0.5,fTS,0.0395663035077441
0.5,fTS,0.033593457502578
0.5,fTS,0.0794076861747336
0.5,fTS,0.0357350109891187
0.5,fTS,0.071491530264614
0.5,fTS,0.0538873566741516
0.5,fTS,0.0442991003652389
0.5,fTS,0.0603784596963604
0.5,fTS,0.0612163284266474
0.5,fTS,0.0932333126411455
0.5,fTS,0.0627685404544006
0.5,fTS,0.0705632425658709
0.5,fTS,0.0541337523075796
0.5,fTS,0.0342414808564769
0.5,fTS,0.0258338740667018
0.5,fTS,0.0632233746099362
0.5,fTS,0.0684247397763535
0.5,fTS,0.0449373900091775
0.5,fTS,0.0411772827563778
0.5,fTS,0.0578745855633045
0.5,fTS,0.0557680171923257
0.5,fTS,0.0408150349018262
0.5,fTS,0.0497464011172305
0.5,fTS,0.0618608379506378
0.5,fTS,0.0662546935057536
0.5,fTS,0.0589562641467342
0.5,fTS,0.0516369205458271
0.5,fTS,0.0729546996711877
0.5,fTS,0.0693841322407781
0.5,fTS,0.0835386915828659
0.5,fTS,0.0762670144887062
0.5,fTS,0.0245090244445019
0.5,fTS,0.0292508816838534
0.5,fTS,0.0810696049661264
0.5,fTS,0.0617747795300553
0.5,fTS,0.0450664199496565
0.5,fTS,0.0607214750849983
0.5,fTS,0.0397782922999933
0.5,fTS,0.0916150498888547
0.5,fTS,0.057470206867781
0.5,fTS,0.0566507783022733
0.5,fTS,0.0348017005906339
0.5,fTS,0.0243348232675231
0.5,fTS,0.0423944636337056
0.5,fTS,0.0924863927658137
0.5,fTS,0.0439859013313938
0.5,fTS,0.0611566388403094
0.5,fTS,0.061537540342151
0.5,fTS,0.0439844996246605
0.5,fTS,0.0783831767285778
0.5,fTS,0.0279515000555332
0.5,fTS,0.0472921683055848
0.5,fTS,0.0886064884306819
0.5,fTS,0.0464640490623646
0.5,fTS,0.0471453710249977
0.5,fTS,0.0464636589462968
0.5,LS_oracle,0.102486520390833
0.5,LS_oracle,0.0920003091451387
0.5,LS_oracle,0.0339185125548588
0.5,LS_oracle,0.0277031849266223
0.5,LS_oracle,0.0920949367582316
0.5,LS_oracle,0.0399745349217786
0.5,LS_oracle,0.0688617403754755
0.5,LS_oracle,0.0374725135948098
0.5,LS_oracle,0.056737480676655
0.5,LS_oracle,0.0399673648687377
0.5,LS_oracle,0.0965685818678152
0.5,LS_oracle,0.0678632467558154
0.5,LS_oracle,0.0479621859748314
0.5,LS_oracle,0.122951251989881
0.5,LS_oracle,0.0493466713698498
0.5,LS_oracle,0.0426050918003876
0.5,LS_oracle,0.0365591694650605
0.5,LS_oracle,0.0424837044188678
0.5,LS_oracle,0.0383860917670587
0.5,LS_oracle,0.0899277547317369
0.5,LS_oracle,0.0321178049724547
0.5,LS_oracle,0.0767225856353334
0.5,LS_oracle,0.0468081067921939
0.5,LS_oracle,0.0336563807873679
0.5,LS_oracle,0.07657990285389
0.5,LS_oracle,0.0337787402540387
0.5,LS_oracle,0.0934010259432539
0.5,LS_oracle,0.0500549781293644
0.5,LS_oracle,0.050422985227907
0.5,LS_oracle,0.0456959111940148
0.5,LS_oracle,0.0583909666368617
0.5,LS_oracle,0.0733206102912481
0.5,LS_oracle,0.0617114333128661
0.5,LS_oracle,0.0315072719364466
0.5,LS_oracle,0.0476815943718515
0.5,LS_oracle,0.063842112191215
0.5,LS_oracle,0.0991196339160235
0.5,LS_oracle,0.0620849594288682
0.5,LS_oracle,0.0537275210425425
0.5,LS_oracle,0.0740749591717533
0.5,LS_oracle,0.0352464357313735
0.5,LS_oracle,0.0755510917280867
0.5,LS_oracle,0.0473113691192543
0.5,LS_oracle,0.0403725491137302
0.5,LS_oracle,0.0929131335758723
0.5,LS_oracle,0.0719741532859268
0.5,LS_oracle,0.0559489253227006
0.5,LS_oracle,0.0591224577536729
0.5,LS_oracle,0.035829235066538
0.5,LS_oracle,0.175469294734094
0.5,LS_oracle,0.062977126484054
0.5,LS_oracle,0.0570260686349672
0.5,LS_oracle,0.083287625112126
0.5,LS_oracle,0.0501479778362816
0.5,LS_oracle,0.088313103869242
0.5,LS_oracle,0.0492126353255633
0.5,LS_oracle,0.044163942570374
0.5,LS_oracle,0.0258067790810289
0.5,LS_oracle,0.0465121414088484
0.5,LS_oracle,0.0389687393974648
0.5,LS_oracle,0.0553300391318321
0.5,LS_oracle,0.0419930670957899
0.5,LS_oracle,0.0821816367016898
0.5,LS_oracle,0.0417799748895413
0.5,LS_oracle,0.0868084608767965
0.5,LS_oracle,0.0894245483993111
0.5,LS_oracle,0.03257185818162
0.5,LS_oracle,0.0612012770022077
0.5,LS_oracle,0.0419018768047484
0.5,LS_oracle,0.0637761236588467
0.5,LS_oracle,0.120233518723352
0.5,LS_oracle,0.0775735498323395
0.5,LS_oracle,0.081031623719515
0.5,LS_oracle,0.0536620639284765
0.5,LS_oracle,0.106382841454324
0.5,LS_oracle,0.0390915514653671
0.5,LS_oracle,0.0880917846631366
0.5,LS_oracle,0.0907705118258335
0.5,LS_oracle,0.0586003621319442
0.5,LS_oracle,0.0344082271021574
0.5,LS_oracle,0.0567574163701254
0.5,LS_oracle,0.0637304178231873
0.5,LS_oracle,0.0680531240926605
0.5,LS_oracle,0.0459451488651528
0.5,LS_oracle,0.0726513371355521
0.5,LS_oracle,0.0818093526591103
0.5,LS_oracle,0.0569592254005866
0.5,LS_oracle,0.0407158249273054
0.5,LS_oracle,0.0701050302162095
0.5,LS_oracle,0.0599620304351635
0.5,LS_oracle,0.0560078531430612
0.5,LS_oracle,0.0517161629036451
0.5,LS_oracle,0.0729341417825289
0.5,LS_oracle,0.0359378238526463
0.5,LS_oracle,0.0572828903595665
0.5,LS_oracle,0.0609253702473142
0.5,LS_oracle,0.051457620654694
0.5,LS_oracle,0.0780691862297286
0.5,LS_oracle,0.0507622519860869
0.5,LS_oracle,0.0806215740953519
0.5,LS_oracle,0.0579638802452937
0.5,LS_oracle,0.0506354672597869
0.5,LS_oracle,0.0537297677283695
0.5,LS_oracle,0.0913450977002609
0.5,LS_oracle,0.0409064072864678
0.5,LS_oracle,0.0449815930093211
0.5,LS_oracle,0.0401648246378432
0.5,LS_oracle,0.0723842310164914
0.5,LS_oracle,0.128368444182751
0.5,LS_oracle,0.0913610980192303
0.5,LS_oracle,0.0529617343460869
0.5,LS_oracle,0.0342489814120991
0.5,LS_oracle,0.0664120907947001
0.5,LS_oracle,0.0451072064785573
0.5,LS_oracle,0.0946994615271562
0.5,LS_oracle,0.0862650408064138
0.5,LS_oracle,0.0776320842051288
0.5,LS_oracle,0.0775237461317467
0.5,LS_oracle,0.0785596558232644
0.5,LS_oracle,0.0490875393975301
0.5,LS_oracle,0.0394928928205433
0.5,LS_oracle,0.0427748195950236
0.5,LS_oracle,0.038212106990852
0.5,LS_oracle,0.0415402520391314
0.5,LS_oracle,0.11791487999389
0.5,LS_oracle,0.0329793293093055
0.5,LS_oracle,0.102115604295045
0.5,LS_oracle,0.0537778693636671
0.5,LS_oracle,0.0277757482578806
0.5,LS_oracle,0.0438227330212449
0.5,LS_oracle,0.0881532405702078
0.5,LS_oracle,0.0650067162191825
0.5,LS_oracle,0.0639525431865957
0.5,LS_oracle,0.0294220352707921
0.5,LS_oracle,0.0837935658650167
0.5,LS_oracle,0.0685690792801298
0.5,LS_oracle,0.0778574472650813
0.5,LS_oracle,0.0479985595213447
0.5,LS_oracle,0.0764618047795161
0.5,LS_oracle,0.0526069093268994
0.5,LS_oracle,0.0731987283804761
0.5,LS_oracle,0.0321417235077785
0.5,LS_oracle,0.0692815178438713
0.5,LS_oracle,0.061581541967439
0.5,LS_oracle,0.0686532559747655
0.5,LS_oracle,0.0331687482987223
0.5,LS_oracle,0.0703588129282305
0.5,LS_oracle,0.0470044493211689
0.5,LS_oracle,0.0719097245327067
0.5,LS_oracle,0.0506745301718423
0.5,LS_oracle,0.0661767617977261
0.5,LS_oracle,0.0662107625412495
0.5,LS_oracle,0.0793172024129564
0.5,LS_oracle,0.11389198776466
0.5,LS_oracle,0.0844889357250534
0.5,LS_oracle,0.0780922038846893
0.5,LS_oracle,0.0535087241780918
0.5,LS_oracle,0.0420222161539967
0.5,LS_oracle,0.0274128843900303
0.5,LS_oracle,0.0555243601066768
0.5,LS_oracle,0.0916938057933826
0.5,LS_oracle,0.0405415906469405
0.5,LS_oracle,0.0573128058415827
0.5,LS_oracle,0.055931576018679
0.5,LS_oracle,0.0477589387174437
0.5,LS_oracle,0.0621834976430873
0.5,LS_oracle,0.0472595723316994
0.5,LS_oracle,0.0629992751952055
0.5,LS_oracle,0.084689886301356
0.5,LS_oracle,0.0420537096276149
0.5,LS_oracle,0.0662541972098955
0.5,LS_oracle,0.0735318430291571
0.5,LS_oracle,0.0670261274902422
0.5,LS_oracle,0.0794418242561762
0.5,LS_oracle,0.071816735930797
0.5,LS_oracle,0.0345584583772947
0.5,LS_oracle,0.0326747504243495
0.5,LS_oracle,0.076557897059978
0.5,LS_oracle,0.0775696075423014
0.5,LS_oracle,0.0426979311706629
0.5,LS_oracle,0.0619555607299165
0.5,LS_oracle,0.0365127997907541
0.5,LS_oracle,0.118094604236146
0.5,LS_oracle,0.0630919595614757
0.5,LS_oracle,0.0624284582041714
0.5,LS_oracle,0.0462226530249016
0.5,LS_oracle,0.0277796827060701
0.5,LS_oracle,0.0463993029892628
0.5,LS_oracle,0.08856366585633
0.5,LS_oracle,0.077329437623938
0.5,LS_oracle,0.0709833822282405
0.5,LS_oracle,0.0651700076919573
0.5,LS_oracle,0.0488479968967765
0.5,LS_oracle,0.0775217205619699
0.5,LS_oracle,0.0234371497074078
0.5,LS_oracle,0.0466500570336651
0.5,LS_oracle,0.0854813679455114
0.5,LS_oracle,0.072376223931294
0.5,LS_oracle,0.0498285196809419
0.5,LS_oracle,0.0473526173963401
0.5,TS_oracle,0.061109011043504
0.5,TS_oracle,0.0771196556094667
0.5,TS_oracle,0.039864676679148
0.5,TS_oracle,0.036069996282833
0.5,TS_oracle,0.0637543440171615
0.5,TS_oracle,0.0398375003291828
0.5,TS_oracle,0.0947637224520563
0.5,TS_oracle,0.051669753634835
0.5,TS_oracle,0.0461990133572039
0.5,TS_oracle,0.0335187988038386
0.5,TS_oracle,0.0799861984973424
0.5,TS_oracle,0.09473241187256
0.5,TS_oracle,0.0306954486084575
0.5,TS_oracle,0.0761783947600346
0.5,TS_oracle,0.0299300637121286
0.5,TS_oracle,0.0518072769649272
0.5,TS_oracle,0.0421212139368953
0.5,TS_oracle,0.0342489338590901
0.5,TS_oracle,0.0562865259434434
0.5,TS_oracle,0.07472541543307
0.5,TS_oracle,0.0296069075485397
0.5,TS_oracle,0.0496041731768151
0.5,TS_oracle,0.0525542789823669
0.5,TS_oracle,0.0225824037592272
0.5,TS_oracle,0.0609344706020254
0.5,TS_oracle,0.0216159702389663
0.5,TS_oracle,0.0717270175680129
0.5,TS_oracle,0.0470761069861225
0.5,TS_oracle,0.0255586984126238
0.5,TS_oracle,0.0317949065684148
0.5,TS_oracle,0.0630338749406887
0.5,TS_oracle,0.0508614926190971
0.5,TS_oracle,0.0373830302114302
0.5,TS_oracle,0.023279110258248
0.5,TS_oracle,0.0493349802377393
0.5,TS_oracle,0.0542959037931212
0.5,TS_oracle,0.0600862775315301
0.5,TS_oracle,0.0435802407969114
0.5,TS_oracle,0.0420969176024123
0.5,TS_oracle,0.0792410317219162
0.5,TS_oracle,0.0429190418084896
0.5,TS_oracle,0.0612721734778531
0.5,TS_oracle,0.0543001706166346
0.5,TS_oracle,0.0476943503928553
0.5,TS_oracle,0.0741677216524849
0.5,TS_oracle,0.0634743552924121
0.5,TS_oracle,0.0434931370622922
0.5,TS_oracle,0.0588850994015745
0.5,TS_oracle,0.0254947143038595
0.5,TS_oracle,0.141760531078578
0.5,TS_oracle,0.0425409466652288
0.5,TS_oracle,0.0445598231346817
0.5,TS_oracle,0.0643953165474578
0.5,TS_oracle,0.0364906941821555
0.5,TS_oracle,0.0654459304171288
0.5,TS_oracle,0.0518810687838161
0.5,TS_oracle,0.0363962509930458
0.5,TS_oracle,0.0244099208070437
0.5,TS_oracle,0.0413796997224793
0.5,TS_oracle,0.0332242410370358
0.5,TS_oracle,0.0642633349575534
0.5,TS_oracle,0.042607266045247
0.5,TS_oracle,0.079271919232357
0.5,TS_oracle,0.0441885580792261
0.5,TS_oracle,0.0982400372125757
0.5,TS_oracle,0.0767616970753717
0.5,TS_oracle,0.0400052921460325
0.5,TS_oracle,0.0405992043691351
0.5,TS_oracle,0.0356730465816433
0.5,TS_oracle,0.0507795583160268
0.5,TS_oracle,0.0801576604854431
0.5,TS_oracle,0.068726737603387
0.5,TS_oracle,0.0701138248753689
0.5,TS_oracle,0.0444294952242001
0.5,TS_oracle,0.0802360930515389
0.5,TS_oracle,0.0553239534361848
0.5,TS_oracle,0.0546401892435532
0.5,TS_oracle,0.0794013760497221
0.5,TS_oracle,0.0477254411174167
0.5,TS_oracle,0.0390682664718307
0.5,TS_oracle,0.0590022696626816
0.5,TS_oracle,0.0452414471671119
0.5,TS_oracle,0.0723294095058342
0.5,TS_oracle,0.0320675776698535
0.5,TS_oracle,0.0710353777020008
0.5,TS_oracle,0.105272122387349
0.5,TS_oracle,0.0448356351000541
0.5,TS_oracle,0.0290858778177703
0.5,TS_oracle,0.067206197186646
0.5,TS_oracle,0.0542964098451368
0.5,TS_oracle,0.0532882267679365
0.5,TS_oracle,0.0485879628214415
0.5,TS_oracle,0.0724258424379236
0.5,TS_oracle,0.0383658995619898
0.5,TS_oracle,0.0559253778855324
0.5,TS_oracle,0.0703906736420264
0.5,TS_oracle,0.0504181561679981
0.5,TS_oracle,0.0692538986422012
0.5,TS_oracle,0.0513258406670949
0.5,TS_oracle,0.0673221967946486
0.5,TS_oracle,0.0402885598083455
0.5,TS_oracle,0.0471980366295287
0.5,TS_oracle,0.0619905022980246
0.5,TS_oracle,0.0534165000315955
0.5,TS_oracle,0.0385798520942863
0.5,TS_oracle,0.0518346639378713
0.5,TS_oracle,0.0446121947578634
0.5,TS_oracle,0.0512890033804118
0.5,TS_oracle,0.110607773356171
0.5,TS_oracle,0.060837203713323
0.5,TS_oracle,0.0534630311877789
0.5,TS_oracle,0.0349229380757675
0.5,TS_oracle,0.0541896504937851
0.5,TS_oracle,0.0573785262262274
0.5,TS_oracle,0.0854131041628297
0.5,TS_oracle,0.0732870749284279
0.5,TS_oracle,0.0886388136106032
0.5,TS_oracle,0.0571283467325682
0.5,TS_oracle,0.0779833556766787
0.5,TS_oracle,0.042456674296455
0.5,TS_oracle,0.0436582439834185
0.5,TS_oracle,0.0422294239530217
0.5,TS_oracle,0.0422687610209983
0.5,TS_oracle,0.0550460926115059
0.5,TS_oracle,0.0981995007069992
0.5,TS_oracle,0.0365316911652838
0.5,TS_oracle,0.115407030449401
0.5,TS_oracle,0.0457420420021921
0.5,TS_oracle,0.0324842272755531
0.5,TS_oracle,0.0718960711208306
0.5,TS_oracle,0.0736884167411594
0.5,TS_oracle,0.0546285047644268
0.5,TS_oracle,0.0612252627637597
0.5,TS_oracle,0.0380785321834514
0.5,TS_oracle,0.0679930789463754
0.5,TS_oracle,0.0635680663055566
0.5,TS_oracle,0.0674029431862707
0.5,TS_oracle,0.045302124369511
0.5,TS_oracle,0.0622058396880102
0.5,TS_oracle,0.0394141116809308
0.5,TS_oracle,0.0441695657060065
0.5,TS_oracle,0.0306073085199786
0.5,TS_oracle,0.0562176854959459
0.5,TS_oracle,0.0442535575904968
0.5,TS_oracle,0.0395555959101502
0.5,TS_oracle,0.0336383891712519
0.5,TS_oracle,0.0796648931105923
0.5,TS_oracle,0.0357187502682268
0.5,TS_oracle,0.0713996830261346
0.5,TS_oracle,0.0538843479301351
0.5,TS_oracle,0.0441680567583016
0.5,TS_oracle,0.0603790442276673
0.5,TS_oracle,0.0616187139801956
0.5,TS_oracle,0.0932126279887872
0.5,TS_oracle,0.0626709700843522
0.5,TS_oracle,0.0705635867658781
0.5,TS_oracle,0.0541717486837395
0.5,TS_oracle,0.0343103893400493
0.5,TS_oracle,0.0258276256236885
0.5,TS_oracle,0.0632734018810434
0.5,TS_oracle,0.0681393579244038
0.5,TS_oracle,0.0449180934629858
0.5,TS_oracle,0.0411921822133131
0.5,TS_oracle,0.0581491168656769
0.5,TS_oracle,0.0556878042448421
0.5,TS_oracle,0.0407936956223394
0.5,TS_oracle,0.0497410675064406
0.5,TS_oracle,0.062202032775222
0.5,TS_oracle,0.0663307782510058
0.5,TS_oracle,0.0589148355604622
0.5,TS_oracle,0.051651298650853
0.5,TS_oracle,0.0730465518575261
0.5,TS_oracle,0.0694923406714595
0.5,TS_oracle,0.0831458690103789
0.5,TS_oracle,0.0762617768243105
0.5,TS_oracle,0.0244961792493186
0.5,TS_oracle,0.0292643108640554
0.5,TS_oracle,0.0810666345584645
0.5,TS_oracle,0.0618243251691206
0.5,TS_oracle,0.0448834248196236
0.5,TS_oracle,0.0607302904055793
0.5,TS_oracle,0.0397402671831761
0.5,TS_oracle,0.091162281154338
0.5,TS_oracle,0.0576518438003735
0.5,TS_oracle,0.0568251169217987
0.5,TS_oracle,0.0348033112406042
0.5,TS_oracle,0.0241672415562595
0.5,TS_oracle,0.042406930321401
0.5,TS_oracle,0.0924829985099795
0.5,TS_oracle,0.0439792674066094
0.5,TS_oracle,0.0611299763909927
0.5,TS_oracle,0.0624621840616345
0.5,TS_oracle,0.0437591455821489
0.5,TS_oracle,0.0783866593455866
0.5,TS_oracle,0.0279985261141652
0.5,TS_oracle,0.0475505895313478
0.5,TS_oracle,0.08862459555235
0.5,TS_oracle,0.0464941502788615
0.5,TS_oracle,0.0471501836804235
0.5,TS_oracle,0.0467849904651136
0.6,PLS,0.0295226801353615
0.6,PLS,0.0752878578597626
0.6,PLS,0.0872270169719667
0.6,PLS,0.0738191785421941
0.6,PLS,0.0821719319110534
0.6,PLS,0.0855685526147751
0.6,PLS,0.0503978469870726
0.6,PLS,0.0651878155179969
0.6,PLS,0.0645695261135711
0.6,PLS,0.0450895969845464
0.6,PLS,0.0671051513390704
0.6,PLS,0.0779555949021045
0.6,PLS,0.168076124484905
0.6,PLS,0.0922028730389109
0.6,PLS,0.0346843105873885
0.6,PLS,0.0385033862259739
0.6,PLS,0.0362434161281053
0.6,PLS,0.0709760964356896
0.6,PLS,0.0491961779211322
0.6,PLS,0.0504197690039853
0.6,PLS,0.0587942998205679
0.6,PLS,0.059287382223119
0.6,PLS,0.0624352098624192
0.6,PLS,0.0510955787576999
0.6,PLS,0.054329305204425
0.6,PLS,0.0635347884217213
0.6,PLS,0.0681453762138383
0.6,PLS,0.072567566991826
0.6,PLS,0.0876358161594198
0.6,PLS,0.0952572701925296
0.6,PLS,0.0929015752109096
0.6,PLS,0.104933906115752
0.6,PLS,0.0706426706016656
0.6,PLS,0.0910115157960303
0.6,PLS,0.0440745390618786
0.6,PLS,0.033858599238894
0.6,PLS,0.0482148717876814
0.6,PLS,0.0970317692261488
0.6,PLS,0.0496335508065944
0.6,PLS,0.0412393511066003
0.6,PLS,0.0743946526680072
0.6,PLS,0.0530686983564857
0.6,PLS,0.071211296378038
0.6,PLS,0.0782599728587516
0.6,PLS,0.0564014063221711
0.6,PLS,0.129826549833237
0.6,PLS,0.0525931305321907
0.6,PLS,0.0466248287012166
0.6,PLS,0.106661980240894
0.6,PLS,0.074456882541565
0.6,PLS,0.0588560277027079
0.6,PLS,0.124337665249237
0.6,PLS,0.033107233036685
0.6,PLS,0.0701741657331423
0.6,PLS,0.0371929608552655
0.6,PLS,0.0407058101184954
0.6,PLS,0.0795915082086716
0.6,PLS,0.0416389010774797
0.6,PLS,0.08285209342043
0.6,PLS,0.0489580640353543
0.6,PLS,0.0888137324244487
0.6,PLS,0.0320761376148287
0.6,PLS,0.0491548438117664
0.6,PLS,0.0648229418224407
0.6,PLS,0.0418556121630632
0.6,PLS,0.0581169353309311
0.6,PLS,0.0883213915402251
0.6,PLS,0.0638640040191782
0.6,PLS,0.0533385466170352
0.6,PLS,0.0620865572260474
0.6,PLS,0.0486718822115836
0.6,PLS,0.0972677278664458
0.6,PLS,0.0477603934837891
0.6,PLS,0.0543937523005795
0.6,PLS,0.0667100436931361
0.6,PLS,0.0715224802349175
0.6,PLS,0.0875762298393518
0.6,PLS,0.0505426406014151
0.6,PLS,0.0735948134754844
0.6,PLS,0.120476174643356
0.6,PLS,0.0553329387381777
0.6,PLS,0.0684526719532445
0.6,PLS,0.0389121509396264
0.6,PLS,0.0864063626966941
0.6,PLS,0.147488058268597
0.6,PLS,0.0654899006238694
0.6,PLS,0.0392997311187866
0.6,PLS,0.0494415432057582
0.6,PLS,0.0529508297976213
0.6,PLS,0.0864175162360604
0.6,PLS,0.0431101127999944
0.6,PLS,0.0567006759754548
0.6,PLS,0.0758405170442486
0.6,PLS,0.112177628727092
0.6,PLS,0.101125106666331
0.6,PLS,0.0442184660951193
0.6,PLS,0.0614897845210842
0.6,PLS,0.0518644400448537
0.6,PLS,0.100175443856412
0.6,PLS,0.0646333618535441
0.6,PLS,0.056290560899129
0.6,PLS,0.0275417093573771
0.6,PLS,0.0420393544370631
0.6,PLS,0.0821842207757259
0.6,PLS,0.0742985253583048
0.6,PLS,0.0311074742957976
0.6,PLS,0.065318592392698
0.6,PLS,0.0461668403471744
0.6,PLS,0.0518182788422953
0.6,PLS,0.0632893669383159
0.6,PLS,0.0428660950899431
0.6,PLS,0.098075921467981
0.6,PLS,0.0446781721613093
0.6,PLS,0.0701767105975997
0.6,PLS,0.0629923091173755
0.6,PLS,0.0576762787160507
0.6,PLS,0.0973479369355013
0.6,PLS,0.0725640476524636
0.6,PLS,0.0630971241816298
0.6,PLS,0.0314702452682753
0.6,PLS,0.0632306725184966
0.6,PLS,0.0570935443488019
0.6,PLS,0.048273135911411
0.6,PLS,0.0909862987852719
0.6,PLS,0.0898933862173957
0.6,PLS,0.045625543013317
0.6,PLS,0.0539652234773284
0.6,PLS,0.0473886586113975
0.6,PLS,0.0691021483412361
0.6,PLS,0.116536924318632
0.6,PLS,0.0404378699702102
0.6,PLS,0.0654654765112695
0.6,PLS,0.0435731392747451
0.6,PLS,0.06474423349626
0.6,PLS,0.111996814413278
0.6,PLS,0.0563885476574098
0.6,PLS,0.0413250379141947
0.6,PLS,0.0945960969256573
0.6,PLS,0.0600059746615818
0.6,PLS,0.107095490628936
0.6,PLS,0.0561882669338908
0.6,PLS,0.0529451417081362
0.6,PLS,0.089949077318628
0.6,PLS,0.064398543045537
0.6,PLS,0.0803859374631636
0.6,PLS,0.0634174980498357
0.6,PLS,0.120199680606492
0.6,PLS,0.038502944951508
0.6,PLS,0.0571627599003657
0.6,PLS,0.0550477156787487
0.6,PLS,0.102670560608136
0.6,PLS,0.0461154536260284
0.6,PLS,0.0751208327315075
0.6,PLS,0.0464704152012506
0.6,PLS,0.0636994629198526
0.6,PLS,0.044869624508917
0.6,PLS,0.03529549130556
0.6,PLS,0.111725444136323
0.6,PLS,0.0375615495102335
0.6,PLS,0.0595976027551153
0.6,PLS,0.0359772244824844
0.6,PLS,0.0656535327191941
0.6,PLS,0.0592894014811974
0.6,PLS,0.0860448338835733
0.6,PLS,0.0829726015685269
0.6,PLS,0.0715146038082395
0.6,PLS,0.196691975076654
0.6,PLS,0.0598056942553885
0.6,PLS,0.0794411269338854
0.6,PLS,0.0343995031392773
0.6,PLS,0.0448312215423021
0.6,PLS,0.0554771104634487
0.6,PLS,0.0874827078479918
0.6,PLS,0.047666251149711
0.6,PLS,0.0811472376819836
0.6,PLS,0.0803893040696432
0.6,PLS,0.0666773508289607
0.6,PLS,0.0752408147206308
0.6,PLS,0.0592942648772722
0.6,PLS,0.103375272914982
0.6,PLS,0.0202157586341198
0.6,PLS,0.0495752485831831
0.6,PLS,0.0550957005934636
0.6,PLS,0.0678551540653339
0.6,PLS,0.0441719698538048
0.6,PLS,0.052602465800745
0.6,PLS,0.050157293206962
0.6,PLS,0.113479398791149
0.6,PLS,0.08272695564089
0.6,PLS,0.10516674015598
0.6,PLS,0.0445825987450591
0.6,PLS,0.0627166718134813
0.6,PLS,0.0311610537200519
0.6,PLS,0.0588021581881288
0.6,PLS,0.0665211315943531
0.6,PLS,0.0771904731216069
0.6,PLS,0.0281140032794833
0.6,PLS,0.0545094354878716
0.6,PLS,0.0579429897666308
0.6,PLS,0.0833928303914078
0.6,fTS,0.0321873794587337
0.6,fTS,0.0474313022671476
0.6,fTS,0.0617781916161021
0.6,fTS,0.0449846810159382
0.6,fTS,0.0628983704830502
0.6,fTS,0.0420182791431732
0.6,fTS,0.034788979676395
0.6,fTS,0.0417900514142098
0.6,fTS,0.0738033367973544
0.6,fTS,0.0440881676041296
0.6,fTS,0.0510655057853222
0.6,fTS,0.0639147843417687
0.6,fTS,0.0978972259755353
0.6,fTS,0.0948105885264515
0.6,fTS,0.0398046260627468
0.6,fTS,0.0421934368973004
0.6,fTS,0.0360036326356026
0.6,fTS,0.0774248315619441
0.6,fTS,0.0415402628861779
0.6,fTS,0.039202592702387
0.6,fTS,0.0481918311909352
0.6,fTS,0.0530449511288017
0.6,fTS,0.0327010578676684
0.6,fTS,0.046889682027331
0.6,fTS,0.0395322049076077
0.6,fTS,0.0718559706552444
0.6,fTS,0.0543897514358934
0.6,fTS,0.0721607973884661
0.6,fTS,0.0497157658393901
0.6,fTS,0.0796135594627665
0.6,fTS,0.071332388728557
0.6,fTS,0.0839543846806158
0.6,fTS,0.0381268222130154
0.6,fTS,0.0793167196261056
0.6,fTS,0.0408853907094952
0.6,fTS,0.0368614173010523
0.6,fTS,0.0388747568880229
0.6,fTS,0.0762899326518306
0.6,fTS,0.0544731995228255
0.6,fTS,0.0495251568500224
0.6,fTS,0.0531666280496713
0.6,fTS,0.0683786740749255
0.6,fTS,0.0548240834240272
0.6,fTS,0.0751717406743091
0.6,fTS,0.0545859038348642
0.6,fTS,0.0932758145509956
0.6,fTS,0.0426523465581129
0.6,fTS,0.05215185017905
0.6,fTS,0.101658850898436
0.6,fTS,0.055973389165797
0.6,fTS,0.0498017754215359
0.6,fTS,0.064100822513805
0.6,fTS,0.0315740140876704
0.6,fTS,0.0542171044698823
0.6,fTS,0.035768744821922
0.6,fTS,0.0399743867266084
0.6,fTS,0.0707555439293483
0.6,fTS,0.0543285344044297
0.6,fTS,0.0636607841816797
0.6,fTS,0.0335739335748052
0.6,fTS,0.0782290709352198
0.6,fTS,0.0351527156674136
0.6,fTS,0.041736520137103
0.6,fTS,0.0448278549405644
0.6,fTS,0.036270899389162
0.6,fTS,0.0625327388584231
0.6,fTS,0.0631208162671267
0.6,fTS,0.0580600699070675
0.6,fTS,0.062472680082235
0.6,fTS,0.0592560273241053
0.6,fTS,0.0513535839314621
0.6,fTS,0.0705852663327277
0.6,fTS,0.0431989036905482
0.6,fTS,0.043459634891576
0.6,fTS,0.0565179825611718
0.6,fTS,0.0540284238683438
0.6,fTS,0.0593215803544948
0.6,fTS,0.0458313894965792
0.6,fTS,0.0485440398718938
0.6,fTS,0.0628806698785013
0.6,fTS,0.0470984008719836
0.6,fTS,0.0610152213467686
0.6,fTS,0.0435088148053302
0.6,fTS,0.0859895841534534
0.6,fTS,0.0826976740299776
0.6,fTS,0.0642368969939765
0.6,fTS,0.0386125665211994
0.6,fTS,0.0439183781934877
0.6,fTS,0.0364500604206673
0.6,fTS,0.0856537179508971
0.6,fTS,0.0278227632931493
0.6,fTS,0.040604557056832
0.6,fTS,0.0796872092512253
0.6,fTS,0.0727442558228433
0.6,fTS,0.0956075890292598
0.6,fTS,0.0315777734859252
0.6,fTS,0.0491505734365189
0.6,fTS,0.0526564882074509
0.6,fTS,0.0604479152102232
0.6,fTS,0.0717166499696021
0.6,fTS,0.064895124894116
0.6,fTS,0.0246365937365415
0.6,fTS,0.047959898148069
0.6,fTS,0.0663018628290318
0.6,fTS,0.0608272750742124
0.6,fTS,0.0303188622756785
0.6,fTS,0.048417992074972
0.6,fTS,0.0516081552417465
0.6,fTS,0.0539709778029417
0.6,fTS,0.0374328299038113
0.6,fTS,0.0373167992684757
0.6,fTS,0.0734405022316187
0.6,fTS,0.0517346839759952
0.6,fTS,0.0538599541123609
0.6,fTS,0.0480502008640794
0.6,fTS,0.0439194862850747
0.6,fTS,0.0609125177195977
0.6,fTS,0.0528659950816792
0.6,fTS,0.0464202716292065
0.6,fTS,0.0308575095975909
0.6,fTS,0.0530610554903424
0.6,fTS,0.0460076580330463
0.6,fTS,0.0440414189085664
0.6,fTS,0.0744922427765204
0.6,fTS,0.0525144038870726
0.6,fTS,0.0466830019400883
0.6,fTS,0.0360039080210453
0.6,fTS,0.0648334845274069
0.6,fTS,0.0536053827497825
0.6,fTS,0.0935901804186787
0.6,fTS,0.0378767196859159
0.6,fTS,0.052540516579632
0.6,fTS,0.0517337014321498
0.6,fTS,0.0515304545083976
0.6,fTS,0.0816423448675091
0.6,fTS,0.0469715967313413
0.6,fTS,0.0463248935727477
0.6,fTS,0.0468539881109639
0.6,fTS,0.0475713889111327
0.6,fTS,0.0695127123315807
0.6,fTS,0.0608345812678071
0.6,fTS,0.0414041715174019
0.6,fTS,0.0787507568621139
0.6,fTS,0.0828272689250955
0.6,fTS,0.0470552797938996
0.6,fTS,0.0329992296596479
0.6,fTS,0.0961251180175141
0.6,fTS,0.0371453722194629
0.6,fTS,0.0544754131760765
0.6,fTS,0.0398216895885873
0.6,fTS,0.077313205669284
0.6,fTS,0.0428544428593077
0.6,fTS,0.0498245793588411
0.6,fTS,0.0622278620364155
0.6,fTS,0.0553355146352874
0.6,fTS,0.0299288356894708
0.6,fTS,0.0378884151492986
0.6,fTS,0.0787797857759026
0.6,fTS,0.0340795913926707
0.6,fTS,0.0521447291536785
0.6,fTS,0.0469353300043765
0.6,fTS,0.0550014789460924
0.6,fTS,0.0526256273704534
0.6,fTS,0.0374954000178848
0.6,fTS,0.076571475058864
0.6,fTS,0.0712839284010867
0.6,fTS,0.0633815073343213
0.6,fTS,0.0657879572302407
0.6,fTS,0.0717156924732016
0.6,fTS,0.0255490047459051
0.6,fTS,0.0467724943791764
0.6,fTS,0.0594781345184267
0.6,fTS,0.0572700525787163
0.6,fTS,0.0701157879708638
0.6,fTS,0.0406443145556102
0.6,fTS,0.0506950218550909
0.6,fTS,0.0636076477835222
0.6,fTS,0.0610997759040518
0.6,fTS,0.0431002315483299
0.6,fTS,0.0789313732930919
0.6,fTS,0.0182130493617064
0.6,fTS,0.0468140171836735
0.6,fTS,0.0460607058774259
0.6,fTS,0.0591960835237159
0.6,fTS,0.0385731788611137
0.6,fTS,0.0635996367803435
0.6,fTS,0.0550319669562887
0.6,fTS,0.0657778985671472
0.6,fTS,0.0656448176539242
0.6,fTS,0.0679545026701684
0.6,fTS,0.0700165947592241
0.6,fTS,0.058037635291369
0.6,fTS,0.044839060388469
0.6,fTS,0.052189843146767
0.6,fTS,0.0552440292910782
0.6,fTS,0.0778020545803369
0.6,fTS,0.0368686033379895
0.6,fTS,0.0427069773793372
0.6,fTS,0.0645055155649027
0.6,fTS,0.0457034579766515
0.6,LS_oracle,0.0296992529621576
0.6,LS_oracle,0.075938976660577
0.6,LS_oracle,0.0866679060962008
0.6,LS_oracle,0.0737573209667416
0.6,LS_oracle,0.0821779100859159
0.6,LS_oracle,0.0859465684392141
0.6,LS_oracle,0.050381199613591
0.6,LS_oracle,0.0650884736044735
0.6,LS_oracle,0.0645668888433388
0.6,LS_oracle,0.0447794457369242
0.6,LS_oracle,0.0672335935998345
0.6,LS_oracle,0.078083789681459
0.6,LS_oracle,0.168568119475279
0.6,LS_oracle,0.0922075793141362
0.6,LS_oracle,0.0348933956550781
0.6,LS_oracle,0.0384417771015088
0.6,LS_oracle,0.036236460923559
0.6,LS_oracle,0.0709119349709293
0.6,LS_oracle,0.0500137748099065
0.6,LS_oracle,0.050394384122618
0.6,LS_oracle,0.058950855211507
0.6,LS_oracle,0.0595208833097938
0.6,LS_oracle,0.0622050458877482
0.6,LS_oracle,0.0511430185429824
0.6,LS_oracle,0.0543493339981613
0.6,LS_oracle,0.0632366968926372
0.6,LS_oracle,0.0685992337433823
0.6,LS_oracle,0.0704572764234061
0.6,LS_oracle,0.0875632305775753
0.6,LS_oracle,0.0953326546709291
0.6,LS_oracle,0.0929706073393197
0.6,LS_oracle,0.105198428290562
0.6,LS_oracle,0.0695113411461945
0.6,LS_oracle,0.0928306296850514
0.6,LS_oracle,0.0442717536718825
0.6,LS_oracle,0.0335200112954404
0.6,LS_oracle,0.0482255050728532
0.6,LS_oracle,0.0946717314970138
0.6,LS_oracle,0.0512005714438212
0.6,LS_oracle,0.0412431670292603
0.6,LS_oracle,0.0745635453155709
0.6,LS_oracle,0.0525939367652808
0.6,LS_oracle,0.0712255663804699
0.6,LS_oracle,0.0783572560630698
0.6,LS_oracle,0.0567415055693415
0.6,LS_oracle,0.130636653664805
0.6,LS_oracle,0.0525878139866534
0.6,LS_oracle,0.0464519559535577
0.6,LS_oracle,0.10662223773327
0.6,LS_oracle,0.0748718881092827
0.6,LS_oracle,0.0627606558419129
0.6,LS_oracle,0.124810700811894
0.6,LS_oracle,0.0331138775018613
0.6,LS_oracle,0.0688956673449378
0.6,LS_oracle,0.0373641498715198
0.6,LS_oracle,0.0406401053137081
0.6,LS_oracle,0.0795279767299316
0.6,LS_oracle,0.0417218607814383
0.6,LS_oracle,0.0828882981828144
0.6,LS_oracle,0.0489635528638954
0.6,LS_oracle,0.0888078037661008
0.6,LS_oracle,0.0322242749810575
0.6,LS_oracle,0.0496125022638169
0.6,LS_oracle,0.0644140729491711
0.6,LS_oracle,0.0418740393822845
0.6,LS_oracle,0.0588373082332666
0.6,LS_oracle,0.0886406131862939
0.6,LS_oracle,0.0638644919431327
0.6,LS_oracle,0.0532512843631951
0.6,LS_oracle,0.061625721812707
0.6,LS_oracle,0.0485571361145273
0.6,LS_oracle,0.0971263195630576
0.6,LS_oracle,0.0477479809312392
0.6,LS_oracle,0.0542544597862382
0.6,LS_oracle,0.0668940568515271
0.6,LS_oracle,0.0719930481317527
0.6,LS_oracle,0.0876646850901151
0.6,LS_oracle,0.0505195076420205
0.6,LS_oracle,0.073916838752649
0.6,LS_oracle,0.120270381037743
0.6,LS_oracle,0.0553312040449058
0.6,LS_oracle,0.0686993737667436
0.6,LS_oracle,0.0388478838590729
0.6,LS_oracle,0.0862353584331157
0.6,LS_oracle,0.149186561031707
0.6,LS_oracle,0.0653519355465875
0.6,LS_oracle,0.0375038317543356
0.6,LS_oracle,0.0494153314472638
0.6,LS_oracle,0.0529881507023153
0.6,LS_oracle,0.0852478457793685
0.6,LS_oracle,0.043082032203215
0.6,LS_oracle,0.0566488699078988
0.6,LS_oracle,0.075917144530186
0.6,LS_oracle,0.112032679233869
0.6,LS_oracle,0.102015429638174
0.6,LS_oracle,0.044554114815836
0.6,LS_oracle,0.061497549958537
0.6,LS_oracle,0.0516202155813722
0.6,LS_oracle,0.098897561840486
0.6,LS_oracle,0.0644893768493994
0.6,LS_oracle,0.0564650290198179
0.6,LS_oracle,0.0276399620392892
0.6,LS_oracle,0.0421135519496838
0.6,LS_oracle,0.0797344404851716
0.6,LS_oracle,0.0743855399350912
0.6,LS_oracle,0.0310743077442735
0.6,LS_oracle,0.0652501897710094
0.6,LS_oracle,0.046593429628301
0.6,LS_oracle,0.0517951862760036
0.6,LS_oracle,0.06326055023936
0.6,LS_oracle,0.0428763222452918
0.6,LS_oracle,0.0982178448718732
0.6,LS_oracle,0.0448176494196966
0.6,LS_oracle,0.0692280756717629
0.6,LS_oracle,0.0626602499656244
0.6,LS_oracle,0.0575070875074636
0.6,LS_oracle,0.0972802348797712
0.6,LS_oracle,0.072831576391334
0.6,LS_oracle,0.061846251042581
0.6,LS_oracle,0.0313826950543874
0.6,LS_oracle,0.0632619696600377
0.6,LS_oracle,0.0569490913355631
0.6,LS_oracle,0.0486647600703134
0.6,LS_oracle,0.0910227533353712
0.6,LS_oracle,0.0901068141022047
0.6,LS_oracle,0.0456542509408374
0.6,LS_oracle,0.0537398534058962
0.6,LS_oracle,0.0473565834995828
0.6,LS_oracle,0.0691528163337539
0.6,LS_oracle,0.11668372657285
0.6,LS_oracle,0.0404174168631891
0.6,LS_oracle,0.0645368606609175
0.6,LS_oracle,0.0432226533930669
0.6,LS_oracle,0.0645537083511248
0.6,LS_oracle,0.112266597578197
0.6,LS_oracle,0.0563755848284282
0.6,LS_oracle,0.0412203880562919
0.6,LS_oracle,0.0946665445128142
0.6,LS_oracle,0.060250318966362
0.6,LS_oracle,0.107672021076678
0.6,LS_oracle,0.0559841096977832
0.6,LS_oracle,0.0493359269086236
0.6,LS_oracle,0.0904196320845975
0.6,LS_oracle,0.0653704401036739
0.6,LS_oracle,0.0826321244157062
0.6,LS_oracle,0.0634175282617437
0.6,LS_oracle,0.120213921939184
0.6,LS_oracle,0.038503166336512
0.6,LS_oracle,0.0565537299316158
0.6,LS_oracle,0.0554967450293196
0.6,LS_oracle,0.101890842596887
0.6,LS_oracle,0.0461312929237533
0.6,LS_oracle,0.0751198375949431
0.6,LS_oracle,0.0465407322070968
0.6,LS_oracle,0.0634788660603304
0.6,LS_oracle,0.0443439278919493
0.6,LS_oracle,0.035291529706442
0.6,LS_oracle,0.111030793959636
0.6,LS_oracle,0.0367876589298417
0.6,LS_oracle,0.0590983741568988
0.6,LS_oracle,0.0359965136718929
0.6,LS_oracle,0.0657261329617888
0.6,LS_oracle,0.0593746596158949
0.6,LS_oracle,0.0863896719473702
0.6,LS_oracle,0.0830107385508966
0.6,LS_oracle,0.0714698484055418
0.6,LS_oracle,0.196652215690965
0.6,LS_oracle,0.0593761749146733
0.6,LS_oracle,0.0785690537590501
0.6,LS_oracle,0.0342034917525327
0.6,LS_oracle,0.0447251893310094
0.6,LS_oracle,0.0554985439002027
0.6,LS_oracle,0.0874899333997956
0.6,LS_oracle,0.0476041625376831
0.6,LS_oracle,0.0810861529878076
0.6,LS_oracle,0.0801161945176646
0.6,LS_oracle,0.0667425069639789
0.6,LS_oracle,0.075185244978026
0.6,LS_oracle,0.0590606348894076
0.6,LS_oracle,0.103379103069297
0.6,LS_oracle,0.0197188942620696
0.6,LS_oracle,0.049083609972478
0.6,LS_oracle,0.0547475363672346
0.6,LS_oracle,0.0678841759570829
0.6,LS_oracle,0.0441738517765716
0.6,LS_oracle,0.0527828778488734
0.6,LS_oracle,0.0501424711886254
0.6,LS_oracle,0.11460892839139
0.6,LS_oracle,0.0828432379560279
0.6,LS_oracle,0.105372751450486
0.6,LS_oracle,0.044597441638672
0.6,LS_oracle,0.0626867605823419
0.6,LS_oracle,0.0311950682244533
0.6,LS_oracle,0.0588337292438042
0.6,LS_oracle,0.0666569978997691
0.6,LS_oracle,0.0776090643538945
0.6,LS_oracle,0.0281453763543009
0.6,LS_oracle,0.0545571765629973
0.6,LS_oracle,0.0581710745648235
0.6,LS_oracle,0.0839232761409802
0.6,TS_oracle,0.0321806919083885
0.6,TS_oracle,0.0476142559100079
0.6,TS_oracle,0.0618179195486101
0.6,TS_oracle,0.0449907502407065
0.6,TS_oracle,0.0628921500961784
0.6,TS_oracle,0.0419090719568447
0.6,TS_oracle,0.034914082430846
0.6,TS_oracle,0.0415016045480486
0.6,TS_oracle,0.0737760067530732
0.6,TS_oracle,0.0440910415327006
0.6,TS_oracle,0.0510508257693781
0.6,TS_oracle,0.0637688123200167
0.6,TS_oracle,0.0980286388162866
0.6,TS_oracle,0.0948127410285932
0.6,TS_oracle,0.0398167838408842
0.6,TS_oracle,0.0421704346898435
0.6,TS_oracle,0.0359953900212259
0.6,TS_oracle,0.0775599712891142
0.6,TS_oracle,0.0415427275657153
0.6,TS_oracle,0.0392024528205821
0.6,TS_oracle,0.0482397506988536
0.6,TS_oracle,0.0530655751705029
0.6,TS_oracle,0.032703590906076
0.6,TS_oracle,0.0468879722612131
0.6,TS_oracle,0.0395028928352867
0.6,TS_oracle,0.0719430468581382
0.6,TS_oracle,0.0548411462260677
0.6,TS_oracle,0.0705681361678971
0.6,TS_oracle,0.0497329549368305
0.6,TS_oracle,0.0796273497986412
0.6,TS_oracle,0.0711294510013705
0.6,TS_oracle,0.0839536815214014
0.6,TS_oracle,0.0381444545912552
0.6,TS_oracle,0.0802927611188208
0.6,TS_oracle,0.0406008407922199
0.6,TS_oracle,0.036358501039332
0.6,TS_oracle,0.0388742984708056
0.6,TS_oracle,0.0758115324514824
0.6,TS_oracle,0.0544736796945403
0.6,TS_oracle,0.0495208765497503
0.6,TS_oracle,0.0530881121914461
0.6,TS_oracle,0.0688690823515489
0.6,TS_oracle,0.0545802019693949
0.6,TS_oracle,0.0759933817633709
0.6,TS_oracle,0.0549795629770969
0.6,TS_oracle,0.0932745580849803
0.6,TS_oracle,0.0426347431763625
0.6,TS_oracle,0.0521281789810092
0.6,TS_oracle,0.101661190577151
0.6,TS_oracle,0.0559049614891677
0.6,TS_oracle,0.0504589884536744
0.6,TS_oracle,0.0637370509232959
0.6,TS_oracle,0.0315880435445013
0.6,TS_oracle,0.0530736939532549
0.6,TS_oracle,0.0360119778037216
0.6,TS_oracle,0.0400020130166786
0.6,TS_oracle,0.0707934413593677
0.6,TS_oracle,0.0542312695209406
0.6,TS_oracle,0.0636526771086998
0.6,TS_oracle,0.0335732335633649
0.6,TS_oracle,0.078228945114599
0.6,TS_oracle,0.0351542954139582
0.6,TS_oracle,0.0417477121920743
0.6,TS_oracle,0.0443853049387206
0.6,TS_oracle,0.0363533227214757
0.6,TS_oracle,0.0626000429269346
0.6,TS_oracle,0.0629680104420776
0.6,TS_oracle,0.0581292538634203
0.6,TS_oracle,0.0627914875606702
0.6,TS_oracle,0.058752445187001
0.6,TS_oracle,0.0514014564046882
0.6,TS_oracle,0.0706174131386731
0.6,TS_oracle,0.042938652218111
0.6,TS_oracle,0.0434540752947656
0.6,TS_oracle,0.0564936559270461
0.6,TS_oracle,0.0539381777363206
0.6,TS_oracle,0.0599329205275743
0.6,TS_oracle,0.0458005930002545
0.6,TS_oracle,0.0485527271043487
0.6,TS_oracle,0.0628653501595887
0.6,TS_oracle,0.0471063854426149
0.6,TS_oracle,0.0618133385059666
0.6,TS_oracle,0.0434992608693827
0.6,TS_oracle,0.0859097689439772
0.6,TS_oracle,0.0826941912325582
0.6,TS_oracle,0.0643597810079933
0.6,TS_oracle,0.0383148846646348
0.6,TS_oracle,0.0440382043008987
0.6,TS_oracle,0.0364594589135405
0.6,TS_oracle,0.0856593202740898
0.6,TS_oracle,0.027940171762514
0.6,TS_oracle,0.0406038586876493
0.6,TS_oracle,0.0796365775203817
0.6,TS_oracle,0.0728429632518811
0.6,TS_oracle,0.0927443679110082
0.6,TS_oracle,0.0308668799533632
0.6,TS_oracle,0.0491547122924967
0.6,TS_oracle,0.0526676823420085
0.6,TS_oracle,0.0601477918851254
0.6,TS_oracle,0.0717048686127549
0.6,TS_oracle,0.0647958788110712
0.6,TS_oracle,0.0246382956512593
0.6,TS_oracle,0.0484728644465634
0.6,TS_oracle,0.0662589016564932
0.6,TS_oracle,0.0606247222002031
0.6,TS_oracle,0.0303213836957699
0.6,TS_oracle,0.0484193143248458
0.6,TS_oracle,0.0516936771591066
0.6,TS_oracle,0.0539699638472125
0.6,TS_oracle,0.0374152927083046
0.6,TS_oracle,0.0373209899096804
0.6,TS_oracle,0.0729495288841931
0.6,TS_oracle,0.0517683317378789
0.6,TS_oracle,0.0538606992018826
0.6,TS_oracle,0.0481234782574704
0.6,TS_oracle,0.0438542770024822
0.6,TS_oracle,0.059523209036148
0.6,TS_oracle,0.0527640934843038
0.6,TS_oracle,0.0464007739926103
0.6,TS_oracle,0.0307988374408286
0.6,TS_oracle,0.0530493999831884
0.6,TS_oracle,0.0461289520304021
0.6,TS_oracle,0.0441737411012498
0.6,TS_oracle,0.0745124922136664
0.6,TS_oracle,0.0525069098753166
0.6,TS_oracle,0.0467392824471481
0.6,TS_oracle,0.036332515466044
0.6,TS_oracle,0.0648116269604612
0.6,TS_oracle,0.0536129683918282
0.6,TS_oracle,0.0937847979458598
0.6,TS_oracle,0.0378928789010386
0.6,TS_oracle,0.0525301011533349
0.6,TS_oracle,0.0514742163455754
0.6,TS_oracle,0.0514881548897778
0.6,TS_oracle,0.0816499630587683
0.6,TS_oracle,0.0470083040636892
0.6,TS_oracle,0.0464916296181801
0.6,TS_oracle,0.0468546420248106
0.6,TS_oracle,0.0474803203728963
0.6,TS_oracle,0.0695090339683377
0.6,TS_oracle,0.0609813588153612
0.6,TS_oracle,0.0414179174232119
0.6,TS_oracle,0.0787445414319523
0.6,TS_oracle,0.0841196448368827
0.6,TS_oracle,0.0466366594756916
0.6,TS_oracle,0.0330448675475547
0.6,TS_oracle,0.096123641742864
0.6,TS_oracle,0.0371273178369342
0.6,TS_oracle,0.0545320265654881
0.6,TS_oracle,0.0397368016952163
0.6,TS_oracle,0.0772774530655854
0.6,TS_oracle,0.0428606368410782
0.6,TS_oracle,0.04997816938186
0.6,TS_oracle,0.0620655702184015
0.6,TS_oracle,0.0553446587603868
0.6,TS_oracle,0.0299051834172423
0.6,TS_oracle,0.0378944117390467
0.6,TS_oracle,0.0788181257833137
0.6,TS_oracle,0.0339901278466664
0.6,TS_oracle,0.0521402391534904
0.6,TS_oracle,0.0469301675308643
0.6,TS_oracle,0.0550196555670925
0.6,TS_oracle,0.052572834816078
0.6,TS_oracle,0.0374890414622371
0.6,TS_oracle,0.0765753822581546
0.6,TS_oracle,0.0711490159316914
0.6,TS_oracle,0.0634150981110806
0.6,TS_oracle,0.0639611791394467
0.6,TS_oracle,0.0703263261949288
0.6,TS_oracle,0.0255500525460719
0.6,TS_oracle,0.0466762457934923
0.6,TS_oracle,0.0593132980435307
0.6,TS_oracle,0.0578832490900051
0.6,TS_oracle,0.0700578014690206
0.6,TS_oracle,0.040591995520962
0.6,TS_oracle,0.0506332004605989
0.6,TS_oracle,0.0635940217487298
0.6,TS_oracle,0.0610897993788636
0.6,TS_oracle,0.0431088896237705
0.6,TS_oracle,0.0790509502892539
0.6,TS_oracle,0.0181588176401009
0.6,TS_oracle,0.0465331700506942
0.6,TS_oracle,0.0460442166486934
0.6,TS_oracle,0.0591952908106987
0.6,TS_oracle,0.0385726713954899
0.6,TS_oracle,0.0635624065805591
0.6,TS_oracle,0.0546576835200732
0.6,TS_oracle,0.0660191975864321
0.6,TS_oracle,0.0655771821327721
0.6,TS_oracle,0.0674065748751601
0.6,TS_oracle,0.0700216561250962
0.6,TS_oracle,0.0580698050521976
0.6,TS_oracle,0.0449132630901039
0.6,TS_oracle,0.0521845832950967
0.6,TS_oracle,0.0552489599331381
0.6,TS_oracle,0.0779809130592485
0.6,TS_oracle,0.0368650257552595
0.6,TS_oracle,0.0427087810550709
0.6,TS_oracle,0.0645124373700659
0.6,TS_oracle,0.0456551368484529
0.7,PLS,0.0831673663094077
0.7,PLS,0.0858198516256245
0.7,PLS,0.0517854718961113
0.7,PLS,0.0288866232426768
0.7,PLS,0.0496112313773753
0.7,PLS,0.0448724213346685
0.7,PLS,0.0746567438684708
0.7,PLS,0.0581102052848508
0.7,PLS,0.146329728330959
0.7,PLS,0.056991678098897
0.7,PLS,0.0505684668523118
0.7,PLS,0.0579610865130074
0.7,PLS,0.0427181005296479
0.7,PLS,0.117341474247575
0.7,PLS,0.0475448544728326
0.7,PLS,0.0494848570650396
0.7,PLS,0.040850964020069
0.7,PLS,0.0527161501402714
0.7,PLS,0.0506438353780596
0.7,PLS,0.237704104743694
0.7,PLS,0.0732678142972477
0.7,PLS,0.0539014104262696
0.7,PLS,0.0423031691198786
0.7,PLS,0.0404447303802727
0.7,PLS,0.100904279036044
0.7,PLS,0.0509778395030247
0.7,PLS,0.0551924313578218
0.7,PLS,0.100084156393359
0.7,PLS,0.0472981367575147
0.7,PLS,0.0651546963941128
0.7,PLS,0.0849868408007152
0.7,PLS,0.0747912761063526
0.7,PLS,0.0400660873166727
0.7,PLS,0.134765798066658
0.7,PLS,0.0456075736372126
0.7,PLS,0.0621834405646465
0.7,PLS,0.117022615215171
0.7,PLS,0.0541685061516482
0.7,PLS,0.112291121185112
0.7,PLS,0.0515501213573683
0.7,PLS,0.0205323816545974
0.7,PLS,0.0653843624278941
0.7,PLS,0.0563884906786462
0.7,PLS,0.104755615082045
0.7,PLS,0.0499138845247953
0.7,PLS,0.0518694054917564
0.7,PLS,0.0427302630639047
0.7,PLS,0.0430994304994541
0.7,PLS,0.0413445862101074
0.7,PLS,0.0673595462472825
0.7,PLS,0.0376839005729317
0.7,PLS,0.060091079959202
0.7,PLS,0.0575136580082219
0.7,PLS,0.0497682392182261
0.7,PLS,0.0835302502895671
0.7,PLS,0.0313282854365465
0.7,PLS,0.0354231038567794
0.7,PLS,0.0506272456704958
0.7,PLS,0.0459430606240431
0.7,PLS,0.045619041586352
0.7,PLS,0.0372851559716223
0.7,PLS,0.0602996382419058
0.7,PLS,0.0532674192874327
0.7,PLS,0.0388774965655917
0.7,PLS,0.0494143704841628
0.7,PLS,0.0503332253126167
0.7,PLS,0.115896416130232
0.7,PLS,0.0847102626054391
0.7,PLS,0.0549224071638641
0.7,PLS,0.0344885388180509
0.7,PLS,0.0790738769203803
0.7,PLS,0.0892896300821359
0.7,PLS,0.0701964730844994
0.7,PLS,0.0384734171579281
0.7,PLS,0.0744517602461608
0.7,PLS,0.099437960607242
0.7,PLS,0.111343573056404
0.7,PLS,0.0418503694348158
0.7,PLS,0.0701207804735664
0.7,PLS,0.0511476036346352
0.7,PLS,0.0212109395174297
0.7,PLS,0.0463804876960015
0.7,PLS,0.0733986699753074
0.7,PLS,0.0750538631836069
0.7,PLS,0.0698704674492356
0.7,PLS,0.0589131114779623
0.7,PLS,0.0423138619780534
0.7,PLS,0.0829903238237328
0.7,PLS,0.079007492349766
0.7,PLS,0.0534480665032681
0.7,PLS,0.0421194252631895
0.7,PLS,0.0395214051113023
0.7,PLS,0.0409952067814094
0.7,PLS,0.0529108735772796
0.7,PLS,0.0447182455550238
0.7,PLS,0.0421812339817171
0.7,PLS,0.191984860715552
0.7,PLS,0.0507450452409495
0.7,PLS,0.0810166987996027
0.7,PLS,0.0477245972335176
0.7,PLS,0.0760223786867239
0.7,PLS,0.0705818790456445
0.7,PLS,0.0630471233358512
0.7,PLS,0.0772185142328018
0.7,PLS,0.098653153062045
0.7,PLS,0.0628153504031303
0.7,PLS,0.0422525163116025
0.7,PLS,0.0512686602492529
0.7,PLS,0.0345758510916245
0.7,PLS,0.0603813850576116
0.7,PLS,0.0401302599508183
0.7,PLS,0.0441603505596603
0.7,PLS,0.0563634741835543
0.7,PLS,0.0867877326331379
0.7,PLS,0.049092486076517
0.7,PLS,0.0436889681896026
0.7,PLS,0.0646825492188179
0.7,PLS,0.0494893698184571
0.7,PLS,0.0476691485909511
0.7,PLS,0.0292414699996818
0.7,PLS,0.0843497561792025
0.7,PLS,0.0949811575756422
0.7,PLS,0.028169256003447
0.7,PLS,0.086463127144976
0.7,PLS,0.0648837736840562
0.7,PLS,0.0487025851963966
0.7,PLS,0.0560507342940462
0.7,PLS,0.0744844411345572
0.7,PLS,0.0295031112542541
0.7,PLS,0.0783210642636224
0.7,PLS,0.123155163257662
0.7,PLS,0.0498731522790549
0.7,PLS,0.0497710738555302
0.7,PLS,0.0445079518924027
0.7,PLS,0.122512548852947
0.7,PLS,0.0433396223486988
0.7,PLS,0.0743511856371043
0.7,PLS,0.0422048019424127
0.7,PLS,0.0362583776408495
0.7,PLS,0.137224563283705
0.7,PLS,0.086370715969641
0.7,PLS,0.0762749267410952
0.7,PLS,0.110256707228159
0.7,PLS,0.0627865532465591
0.7,PLS,0.0462624722675243
0.7,PLS,0.0607869142232425
0.7,PLS,0.0401361780351762
0.7,PLS,0.0415336664396296
0.7,PLS,0.0502407692856677
0.7,PLS,0.093621948009535
0.7,PLS,0.0644896766210666
0.7,PLS,0.0587247667815383
0.7,PLS,0.0516407328730353
0.7,PLS,0.0848544665396992
0.7,PLS,0.0572277927474778
0.7,PLS,0.113179961786156
0.7,PLS,0.0500919775941622
0.7,PLS,0.0751545125696353
0.7,PLS,0.0255985334125314
0.7,PLS,0.0814064737737948
0.7,PLS,0.0763162057297895
0.7,PLS,0.070880552444876
0.7,PLS,0.0675357374806093
0.7,PLS,0.0437605882170917
0.7,PLS,0.0361693315418214
0.7,PLS,0.0492033525045062
0.7,PLS,0.0484488749162436
0.7,PLS,0.0738073779172797
0.7,PLS,0.141715465878116
0.7,PLS,0.0731939455251101
0.7,PLS,0.146029395978287
0.7,PLS,0.0773279180580544
0.7,PLS,0.0515587725581676
0.7,PLS,0.0913688732925351
0.7,PLS,0.0546965761237198
0.7,PLS,0.0510340692741153
0.7,PLS,0.0283841621155876
0.7,PLS,0.0870047543250084
0.7,PLS,0.050321557144305
0.7,PLS,0.0531656992341316
0.7,PLS,0.0358598503566491
0.7,PLS,0.0978563350380139
0.7,PLS,0.052647019853647
0.7,PLS,0.0797635689776951
0.7,PLS,0.0996512237502764
0.7,PLS,0.0642567742688725
0.7,PLS,0.105049917455007
0.7,PLS,0.127593728839631
0.7,PLS,0.0664159087355215
0.7,PLS,0.0824190197298275
0.7,PLS,0.0821615906295199
0.7,PLS,0.0304749727481718
0.7,PLS,0.13770233942542
0.7,PLS,0.0579317981950124
0.7,PLS,0.0557615911326449
0.7,PLS,0.0325336185651092
0.7,PLS,0.0413373327042191
0.7,PLS,0.0687738368913653
0.7,PLS,0.0720818590449975
0.7,PLS,0.0923903872293462
0.7,fTS,0.0688087859468962
0.7,fTS,0.0466036156930691
0.7,fTS,0.0389235380570791
0.7,fTS,0.0277343144039894
0.7,fTS,0.0315159860347107
0.7,fTS,0.0442680323345754
0.7,fTS,0.0947010270153968
0.7,fTS,0.0701553942065887
0.7,fTS,0.0526648225676273
0.7,fTS,0.0537072686933929
0.7,fTS,0.0466783628964874
0.7,fTS,0.0443412898626442
0.7,fTS,0.0296989115790521
0.7,fTS,0.061078141035929
0.7,fTS,0.0403010753676004
0.7,fTS,0.0328039453410445
0.7,fTS,0.0430628440516613
0.7,fTS,0.0443052495397168
0.7,fTS,0.0480899279234508
0.7,fTS,0.0504482035245745
0.7,fTS,0.0472501330349739
0.7,fTS,0.059338426389931
0.7,fTS,0.0478522619669403
0.7,fTS,0.0383696933428848
0.7,fTS,0.0735671192344963
0.7,fTS,0.03121044315333
0.7,fTS,0.0554758444694537
0.7,fTS,0.0499925670418493
0.7,fTS,0.0405663577530381
0.7,fTS,0.0758284583100438
0.7,fTS,0.0704413602685272
0.7,fTS,0.0398515175831342
0.7,fTS,0.030836203944165
0.7,fTS,0.0632472525026897
0.7,fTS,0.0579059116968081
0.7,fTS,0.051146150041524
0.7,fTS,0.0663682182473912
0.7,fTS,0.0505454931009133
0.7,fTS,0.11367974016352
0.7,fTS,0.0434188149629981
0.7,fTS,0.0305849486171589
0.7,fTS,0.0579399055538826
0.7,fTS,0.0460611592257833
0.7,fTS,0.0850621424278632
0.7,fTS,0.0399409077850401
0.7,fTS,0.0427549556856982
0.7,fTS,0.0329675617375727
0.7,fTS,0.051069408453274
0.7,fTS,0.0422437044007917
0.7,fTS,0.0659124758016567
0.7,fTS,0.0491411248795685
0.7,fTS,0.0531752646474663
0.7,fTS,0.0572913517572964
0.7,fTS,0.0426489623414056
0.7,fTS,0.0612585406512995
0.7,fTS,0.0445808350617487
0.7,fTS,0.0364336820940919
0.7,fTS,0.0450970292818754
0.7,fTS,0.0356914651239566
0.7,fTS,0.0506048032285564
0.7,fTS,0.0394927659260962
0.7,fTS,0.0423763536693942
0.7,fTS,0.0455613175993521
0.7,fTS,0.0362920222011007
0.7,fTS,0.0455237733408155
0.7,fTS,0.0507136848333757
0.7,fTS,0.0737437826712476
0.7,fTS,0.0581211599352485
0.7,fTS,0.0624297941306882
0.7,fTS,0.0336031061838851
0.7,fTS,0.0475884334894059
0.7,fTS,0.0353220162078204
0.7,fTS,0.0421372822213223
0.7,fTS,0.0301047659149826
0.7,fTS,0.0671965563188702
0.7,fTS,0.0526245057001924
0.7,fTS,0.0447025386844424
0.7,fTS,0.037460221619482
0.7,fTS,0.0591029157026899
0.7,fTS,0.0415100802997622
0.7,fTS,0.0203266653392088
0.7,fTS,0.0487975713684977
0.7,fTS,0.0510945567049568
0.7,fTS,0.0696416091918665
0.7,fTS,0.0495217836557498
0.7,fTS,0.0528442295249047
0.7,fTS,0.0388407400967327
0.7,fTS,0.0660540880880685
0.7,fTS,0.0445412272025596
0.7,fTS,0.0478173485075528
0.7,fTS,0.044251987603197
0.7,fTS,0.0410183921433586
0.7,fTS,0.0442858726613286
0.7,fTS,0.0557881717105907
0.7,fTS,0.0488783431078255
0.7,fTS,0.0428887886010647
0.7,fTS,0.0776359855382837
0.7,fTS,0.0300126722508799
0.7,fTS,0.0773059733240024
0.7,fTS,0.0513451101753555
0.7,fTS,0.0753150839251525
0.7,fTS,0.0464349211400778
0.7,fTS,0.0579429559037129
0.7,fTS,0.0545751919060943
0.7,fTS,0.0916817012625687
0.7,fTS,0.0591443766906083
0.7,fTS,0.0432830523069917
0.7,fTS,0.0574047457592093
0.7,fTS,0.0428098027022469
0.7,fTS,0.0602519605287112
0.7,fTS,0.0445751259256815
0.7,fTS,0.0534671867973694
0.7,fTS,0.0402946865759004
0.7,fTS,0.080329608033115
0.7,fTS,0.0405731746599707
0.7,fTS,0.0284041097864114
0.7,fTS,0.0668753963626
0.7,fTS,0.0345885036636055
0.7,fTS,0.0745149895336947
0.7,fTS,0.0363433672024683
0.7,fTS,0.0449952844479499
0.7,fTS,0.0539160674746882
0.7,fTS,0.0292805725287848
0.7,fTS,0.0685057943427624
0.7,fTS,0.0425940739248528
0.7,fTS,0.0358900249122582
0.7,fTS,0.0476449824410741
0.7,fTS,0.0574078651354201
0.7,fTS,0.0396330148489418
0.7,fTS,0.0501694995596654
0.7,fTS,0.0871665804553308
0.7,fTS,0.0449387657256162
0.7,fTS,0.0525557648931555
0.7,fTS,0.0467004178578561
0.7,fTS,0.0719409428446999
0.7,fTS,0.0428507034574474
0.7,fTS,0.045805344078438
0.7,fTS,0.0383255133670796
0.7,fTS,0.0296729735720974
0.7,fTS,0.121778599021469
0.7,fTS,0.0805348812579667
0.7,fTS,0.0579919572348057
0.7,fTS,0.0840965267453353
0.7,fTS,0.045748540085547
0.7,fTS,0.0394490631418426
0.7,fTS,0.0511510559031816
0.7,fTS,0.0369609546422082
0.7,fTS,0.0443709854796402
0.7,fTS,0.0454765694582734
0.7,fTS,0.0882019757590266
0.7,fTS,0.0660211832348048
0.7,fTS,0.0458883866588826
0.7,fTS,0.0329289606294471
0.7,fTS,0.0739556170721052
0.7,fTS,0.0511724745537374
0.7,fTS,0.0470847063347217
0.7,fTS,0.0523149943249327
0.7,fTS,0.0320957542892758
0.7,fTS,0.029538850804963
0.7,fTS,0.0573708706564496
0.7,fTS,0.0851973051487562
0.7,fTS,0.0594009007329197
0.7,fTS,0.0482648553768508
0.7,fTS,0.0648707276998658
0.7,fTS,0.0353438181426448
0.7,fTS,0.0465129202178932
0.7,fTS,0.0530793478759801
0.7,fTS,0.0432865847558853
0.7,fTS,0.0808949797096566
0.7,fTS,0.0739024869679611
0.7,fTS,0.0586649151916433
0.7,fTS,0.0550789845698388
0.7,fTS,0.0477239230093386
0.7,fTS,0.0460755359657882
0.7,fTS,0.0573998110612389
0.7,fTS,0.0341658998663655
0.7,fTS,0.0358550876049392
0.7,fTS,0.0647814405430189
0.7,fTS,0.0398191283096914
0.7,fTS,0.0428734014918018
0.7,fTS,0.0327954495668989
0.7,fTS,0.0738706485989352
0.7,fTS,0.0367098410727511
0.7,fTS,0.0692728442492725
0.7,fTS,0.0719442745865319
0.7,fTS,0.051607732530959
0.7,fTS,0.0604848952652838
0.7,fTS,0.0514810271002233
0.7,fTS,0.0540716367939014
0.7,fTS,0.0454504571170916
0.7,fTS,0.0278263225209194
0.7,fTS,0.0414759262823139
0.7,fTS,0.073885620291301
0.7,fTS,0.0297359671852156
0.7,fTS,0.0491848475245517
0.7,fTS,0.0314157902669263
0.7,fTS,0.0304615266566744
0.7,fTS,0.0354600651125387
0.7,fTS,0.0560749304093635
0.7,fTS,0.0692571660900778
0.7,LS_oracle,0.0831613996517745
0.7,LS_oracle,0.0864603899875628
0.7,LS_oracle,0.0519876663195638
0.7,LS_oracle,0.0288933780162996
0.7,LS_oracle,0.0495706610372541
0.7,LS_oracle,0.0447980252357049
0.7,LS_oracle,0.0747956691679948
0.7,LS_oracle,0.0568712869854991
0.7,LS_oracle,0.148126675309471
0.7,LS_oracle,0.0571249817357748
0.7,LS_oracle,0.0501616351973257
0.7,LS_oracle,0.05890297009898
0.7,LS_oracle,0.0417336436940317
0.7,LS_oracle,0.116632203552392
0.7,LS_oracle,0.0476825982162896
0.7,LS_oracle,0.0496211343005101
0.7,LS_oracle,0.0409391222281192
0.7,LS_oracle,0.0526868272864561
0.7,LS_oracle,0.0505645415893545
0.7,LS_oracle,0.237787096100834
0.7,LS_oracle,0.0733859234029032
0.7,LS_oracle,0.0538054476759644
0.7,LS_oracle,0.042343508062643
0.7,LS_oracle,0.0404939625494125
0.7,LS_oracle,0.101338398679792
0.7,LS_oracle,0.0509403857524418
0.7,LS_oracle,0.0552083836091745
0.7,LS_oracle,0.100407471246708
0.7,LS_oracle,0.0479407056389021
0.7,LS_oracle,0.0648109328762339
0.7,LS_oracle,0.0848731908970684
0.7,LS_oracle,0.0747996206787702
0.7,LS_oracle,0.0398714975360507
0.7,LS_oracle,0.134657791702282
0.7,LS_oracle,0.0455471530482184
0.7,LS_oracle,0.062107376894417
0.7,LS_oracle,0.11675194710646
0.7,LS_oracle,0.0544530634219165
0.7,LS_oracle,0.112010475042371
0.7,LS_oracle,0.0515977349641892
0.7,LS_oracle,0.0202223877081108
0.7,LS_oracle,0.0655107999794306
0.7,LS_oracle,0.0563541692676707
0.7,LS_oracle,0.105335632213794
0.7,LS_oracle,0.0499708445912618
0.7,LS_oracle,0.0518357901968227
0.7,LS_oracle,0.0431701117212992
0.7,LS_oracle,0.0428843195213145
0.7,LS_oracle,0.0407419131691998
0.7,LS_oracle,0.0675113234219174
0.7,LS_oracle,0.03760349562424
0.7,LS_oracle,0.0599065501393441
0.7,LS_oracle,0.0578969547586532
0.7,LS_oracle,0.0496686256706001
0.7,LS_oracle,0.0822338458646317
0.7,LS_oracle,0.0313376693909096
0.7,LS_oracle,0.0354221259087005
0.7,LS_oracle,0.0501153135472215
0.7,LS_oracle,0.0458821241132687
0.7,LS_oracle,0.0456134180662024
0.7,LS_oracle,0.0372743360098825
0.7,LS_oracle,0.0599508278929563
0.7,LS_oracle,0.0532891312975881
0.7,LS_oracle,0.0387167254877943
0.7,LS_oracle,0.0502938349174063
0.7,LS_oracle,0.0503191579013213
0.7,LS_oracle,0.115917159355346
0.7,LS_oracle,0.0847079025462714
0.7,LS_oracle,0.0548767667257013
0.7,LS_oracle,0.0345583113178215
0.7,LS_oracle,0.0790956177163169
0.7,LS_oracle,0.0891594865421137
0.7,LS_oracle,0.0696480442187472
0.7,LS_oracle,0.0385397240926508
0.7,LS_oracle,0.0745072497256101
0.7,LS_oracle,0.0993018674816152
0.7,LS_oracle,0.110631113111564
0.7,LS_oracle,0.0419650168814277
0.7,LS_oracle,0.0700598350329989
0.7,LS_oracle,0.0513540473444604
0.7,LS_oracle,0.020968900122742
0.7,LS_oracle,0.0463526517033379
0.7,LS_oracle,0.0730949823461178
0.7,LS_oracle,0.0750688634751307
0.7,LS_oracle,0.0698352782687159
0.7,LS_oracle,0.0589509260574412
0.7,LS_oracle,0.042299377432512
0.7,LS_oracle,0.0830061960201128
0.7,LS_oracle,0.0787784447877524
0.7,LS_oracle,0.0518219188700159
0.7,LS_oracle,0.0418395445783587
0.7,LS_oracle,0.0394404622047543
0.7,LS_oracle,0.0409696074437629
0.7,LS_oracle,0.0528767648902607
0.7,LS_oracle,0.0447215972564796
0.7,LS_oracle,0.0423485348850381
0.7,LS_oracle,0.188071102443885
0.7,LS_oracle,0.0507993424985373
0.7,LS_oracle,0.0810690096568311
0.7,LS_oracle,0.0477241372700964
0.7,LS_oracle,0.0758765641892299
0.7,LS_oracle,0.0705703721043883
0.7,LS_oracle,0.0629713240914462
0.7,LS_oracle,0.077077330317629
0.7,LS_oracle,0.0982974641481593
0.7,LS_oracle,0.0628435039744175
0.7,LS_oracle,0.0422546302944976
0.7,LS_oracle,0.0513376570459435
0.7,LS_oracle,0.0345283972434095
0.7,LS_oracle,0.0602830195217781
0.7,LS_oracle,0.040329431144268
0.7,LS_oracle,0.0442720509895604
0.7,LS_oracle,0.056705190768852
0.7,LS_oracle,0.0869171643638708
0.7,LS_oracle,0.0492337047002633
0.7,LS_oracle,0.0438585610562126
0.7,LS_oracle,0.0646641283372582
0.7,LS_oracle,0.0494968818180584
0.7,LS_oracle,0.0476617196295011
0.7,LS_oracle,0.0292483852966147
0.7,LS_oracle,0.0845040447800417
0.7,LS_oracle,0.0959608951752193
0.7,LS_oracle,0.0282422638143821
0.7,LS_oracle,0.0861998338585695
0.7,LS_oracle,0.0650658381624109
0.7,LS_oracle,0.0489638202883547
0.7,LS_oracle,0.0565286393238613
0.7,LS_oracle,0.0756309571629891
0.7,LS_oracle,0.0294948814313876
0.7,LS_oracle,0.0796301759637164
0.7,LS_oracle,0.123337256043421
0.7,LS_oracle,0.0498614759670214
0.7,LS_oracle,0.0497281341103504
0.7,LS_oracle,0.0444890251137936
0.7,LS_oracle,0.122669585364793
0.7,LS_oracle,0.0438741835352378
0.7,LS_oracle,0.0744971632695947
0.7,LS_oracle,0.042295177843748
0.7,LS_oracle,0.036116889110461
0.7,LS_oracle,0.13723643501375
0.7,LS_oracle,0.0864194330171703
0.7,LS_oracle,0.0764379294785769
0.7,LS_oracle,0.110158251215511
0.7,LS_oracle,0.0619493392352887
0.7,LS_oracle,0.0460000391344627
0.7,LS_oracle,0.0605268407908078
0.7,LS_oracle,0.0401396577990191
0.7,LS_oracle,0.0414229566782425
0.7,LS_oracle,0.0502662442804662
0.7,LS_oracle,0.0934518455966609
0.7,LS_oracle,0.0642006681202658
0.7,LS_oracle,0.0587415756350671
0.7,LS_oracle,0.051934633005927
0.7,LS_oracle,0.0849786158521332
0.7,LS_oracle,0.056029991780987
0.7,LS_oracle,0.113154322112629
0.7,LS_oracle,0.0500656496888708
0.7,LS_oracle,0.0750573347151831
0.7,LS_oracle,0.0260359017112714
0.7,LS_oracle,0.0813450088405122
0.7,LS_oracle,0.0764158304662266
0.7,LS_oracle,0.120730792318457
0.7,LS_oracle,0.0674230386220497
0.7,LS_oracle,0.0438110662205637
0.7,LS_oracle,0.0360070893165166
0.7,LS_oracle,0.04919741022468
0.7,LS_oracle,0.048625719013305
0.7,LS_oracle,0.0736314427499937
0.7,LS_oracle,0.141675064361281
0.7,LS_oracle,0.0731780580567443
0.7,LS_oracle,0.146159813509668
0.7,LS_oracle,0.0773564426633097
0.7,LS_oracle,0.0516050351274861
0.7,LS_oracle,0.0924355219515122
0.7,LS_oracle,0.0544771199540724
0.7,LS_oracle,0.0508102731907344
0.7,LS_oracle,0.028389796952343
0.7,LS_oracle,0.0869581596462579
0.7,LS_oracle,0.0501674277705974
0.7,LS_oracle,0.0529513992167082
0.7,LS_oracle,0.0357386945526859
0.7,LS_oracle,0.0977805810642901
0.7,LS_oracle,0.05222840341461
0.7,LS_oracle,0.0800742261253293
0.7,LS_oracle,0.100573863189647
0.7,LS_oracle,0.0633617444214167
0.7,LS_oracle,0.105164723964498
0.7,LS_oracle,0.127617855288545
0.7,LS_oracle,0.0660822239972936
0.7,LS_oracle,0.082376786379708
0.7,LS_oracle,0.0820000346290497
0.7,LS_oracle,0.0304720668779677
0.7,LS_oracle,0.137697789934462
0.7,LS_oracle,0.0579700863418208
0.7,LS_oracle,0.0557621675977351
0.7,LS_oracle,0.0323792072782951
0.7,LS_oracle,0.0413965883691409
0.7,LS_oracle,0.0687921529491708
0.7,LS_oracle,0.0720194605251407
0.7,LS_oracle,0.0919438295035694
0.7,TS_oracle,0.0688084423469176
0.7,TS_oracle,0.0467082040388213
0.7,TS_oracle,0.0388626108521758
0.7,TS_oracle,0.0277348518761832
0.7,TS_oracle,0.0317372867373675
0.7,TS_oracle,0.0444454227210967
0.7,TS_oracle,0.0949473584762737
0.7,TS_oracle,0.0691159185165307
0.7,TS_oracle,0.0526168629203122
0.7,TS_oracle,0.0534611903643191
0.7,TS_oracle,0.0466492056299074
0.7,TS_oracle,0.0447676836959162
0.7,TS_oracle,0.0297176240910695
0.7,TS_oracle,0.0609847494382979
0.7,TS_oracle,0.040426548342503
0.7,TS_oracle,0.0328234671928779
0.7,TS_oracle,0.043066982238363
0.7,TS_oracle,0.0442473746771594
0.7,TS_oracle,0.0479893242763881
0.7,TS_oracle,0.0498946116063132
0.7,TS_oracle,0.0469999356730997
0.7,TS_oracle,0.0593813002356902
0.7,TS_oracle,0.0478529027657065
0.7,TS_oracle,0.0389405488290274
0.7,TS_oracle,0.0735679656034825
0.7,TS_oracle,0.031186446036089
0.7,TS_oracle,0.0554742813450355
0.7,TS_oracle,0.0505009200790656
0.7,TS_oracle,0.0405880955420969
0.7,TS_oracle,0.0758144859473773
0.7,TS_oracle,0.0703307625035675
0.7,TS_oracle,0.0396061701242915
0.7,TS_oracle,0.0308208167402699
0.7,TS_oracle,0.0631784274878117
0.7,TS_oracle,0.0578990870470291
0.7,TS_oracle,0.0512210981077529
0.7,TS_oracle,0.0663385177312916
0.7,TS_oracle,0.0509387370956593
0.7,TS_oracle,0.113473015445539
0.7,TS_oracle,0.0433870858413407
0.7,TS_oracle,0.0305385963798613
0.7,TS_oracle,0.0579393778192275
0.7,TS_oracle,0.0460349275445569
0.7,TS_oracle,0.0850251019768743
0.7,TS_oracle,0.0399350352078018
0.7,TS_oracle,0.0427719963583484
0.7,TS_oracle,0.0330441267363547
0.7,TS_oracle,0.0504516578222596
0.7,TS_oracle,0.0426444518637436
0.7,TS_oracle,0.0660081913675918
0.7,TS_oracle,0.0491745287146678
0.7,TS_oracle,0.0529816137240448
0.7,TS_oracle,0.0567213739418871
0.7,TS_oracle,0.0426465328508071
0.7,TS_oracle,0.0611291932974111
0.7,TS_oracle,0.0445810581611232
0.7,TS_oracle,0.0365270361520913
0.7,TS_oracle,0.04510344823017
0.7,TS_oracle,0.0356958217076805
0.7,TS_oracle,0.0506042282963476
0.7,TS_oracle,0.0394947175612903
0.7,TS_oracle,0.0423681946505389
0.7,TS_oracle,0.0456366180892019
0.7,TS_oracle,0.0362973461279009
0.7,TS_oracle,0.0454940969708592
0.7,TS_oracle,0.050716053662107
0.7,TS_oracle,0.0732456403764969
0.7,TS_oracle,0.0582320681390585
0.7,TS_oracle,0.0624270069150221
0.7,TS_oracle,0.0337830627586367
0.7,TS_oracle,0.0475802512350664
0.7,TS_oracle,0.0353193971676413
0.7,TS_oracle,0.0420700324367573
0.7,TS_oracle,0.0302505504258177
0.7,TS_oracle,0.0672307843486571
0.7,TS_oracle,0.0526554882143187
0.7,TS_oracle,0.0450643877466078
0.7,TS_oracle,0.0372388113997584
0.7,TS_oracle,0.0591587802357833
0.7,TS_oracle,0.0415029532813161
0.7,TS_oracle,0.020378637292948
0.7,TS_oracle,0.0487595458236056
0.7,TS_oracle,0.0511119982142896
0.7,TS_oracle,0.0694799403658098
0.7,TS_oracle,0.049521817432616
0.7,TS_oracle,0.0528444215507137
0.7,TS_oracle,0.0389253300408001
0.7,TS_oracle,0.0656548089044379
0.7,TS_oracle,0.0444227984620639
0.7,TS_oracle,0.0479856118562988
0.7,TS_oracle,0.0442699967236976
0.7,TS_oracle,0.0410100019750784
0.7,TS_oracle,0.0443680317166197
0.7,TS_oracle,0.055674651186019
0.7,TS_oracle,0.0488775189970935
0.7,TS_oracle,0.0428991441990084
0.7,TS_oracle,0.0776538260623987
0.7,TS_oracle,0.0300096926911856
0.7,TS_oracle,0.0771262940103467
0.7,TS_oracle,0.0513451267751742
0.7,TS_oracle,0.075351298942525
0.7,TS_oracle,0.0469402849400036
0.7,TS_oracle,0.05794271327731
0.7,TS_oracle,0.0546318978542559
0.7,TS_oracle,0.091627492801607
0.7,TS_oracle,0.0591103177932851
0.7,TS_oracle,0.0432851730389
0.7,TS_oracle,0.0574049900183605
0.7,TS_oracle,0.0428196911172963
0.7,TS_oracle,0.0602487784525456
0.7,TS_oracle,0.044666810808723
0.7,TS_oracle,0.0532979222434671
0.7,TS_oracle,0.0402442006918762
0.7,TS_oracle,0.0803856327856869
0.7,TS_oracle,0.0405101497405511
0.7,TS_oracle,0.028402726591701
0.7,TS_oracle,0.0668275095498467
0.7,TS_oracle,0.0346261638323545
0.7,TS_oracle,0.0751769901744904
0.7,TS_oracle,0.0363418136072425
0.7,TS_oracle,0.0450002431350171
0.7,TS_oracle,0.0539108431589893
0.7,TS_oracle,0.0292723149360388
0.7,TS_oracle,0.0685073239287891
0.7,TS_oracle,0.0425980234295057
0.7,TS_oracle,0.0358871433305775
0.7,TS_oracle,0.0483440640599064
0.7,TS_oracle,0.0577686512434492
0.7,TS_oracle,0.0397645393712605
0.7,TS_oracle,0.0504843406366797
0.7,TS_oracle,0.0871490440578503
0.7,TS_oracle,0.044939020290533
0.7,TS_oracle,0.0524109741476057
0.7,TS_oracle,0.0468155464536182
0.7,TS_oracle,0.0719337431842073
0.7,TS_oracle,0.0428863412607973
0.7,TS_oracle,0.0458060411007755
0.7,TS_oracle,0.0383253532809745
0.7,TS_oracle,0.0296595272957998
0.7,TS_oracle,0.121508983704972
0.7,TS_oracle,0.0805395995356085
0.7,TS_oracle,0.0580097344181858
0.7,TS_oracle,0.0840909146193227
0.7,TS_oracle,0.0457319318345259
0.7,TS_oracle,0.0394223381892636
0.7,TS_oracle,0.0511787871398679
0.7,TS_oracle,0.0369794340949318
0.7,TS_oracle,0.0444135764806093
0.7,TS_oracle,0.0454759264051744
0.7,TS_oracle,0.0882045984009936
0.7,TS_oracle,0.0657449093938468
0.7,TS_oracle,0.045855555742144
0.7,TS_oracle,0.0331915923518409
0.7,TS_oracle,0.0741522738089866
0.7,TS_oracle,0.0511961320143706
0.7,TS_oracle,0.0470856398665097
0.7,TS_oracle,0.0523661797094109
0.7,TS_oracle,0.0319473401404098
0.7,TS_oracle,0.0296651297990007
0.7,TS_oracle,0.0573686477464626
0.7,TS_oracle,0.0853711393552758
0.7,TS_oracle,0.0593538627051964
0.7,TS_oracle,0.0483486032131288
0.7,TS_oracle,0.0648890963609048
0.7,TS_oracle,0.0354056441990253
0.7,TS_oracle,0.0464829378314108
0.7,TS_oracle,0.0530495376272331
0.7,TS_oracle,0.0432771039316845
0.7,TS_oracle,0.0809187367596892
0.7,TS_oracle,0.0738400217422198
0.7,TS_oracle,0.0586645110407835
0.7,TS_oracle,0.0549688163035115
0.7,TS_oracle,0.0477131544849654
0.7,TS_oracle,0.0460809625592689
0.7,TS_oracle,0.0572968878046029
0.7,TS_oracle,0.0341112465474554
0.7,TS_oracle,0.0359331719330046
0.7,TS_oracle,0.0647729507169077
0.7,TS_oracle,0.0398357434866394
0.7,TS_oracle,0.0426984075881183
0.7,TS_oracle,0.0327868578309618
0.7,TS_oracle,0.0738442247930789
0.7,TS_oracle,0.0367101122910927
0.7,TS_oracle,0.0692643523132804
0.7,TS_oracle,0.0717467712215708
0.7,TS_oracle,0.0518593819084741
0.7,TS_oracle,0.06027186756411
0.7,TS_oracle,0.0514364608321841
0.7,TS_oracle,0.0540568662876089
0.7,TS_oracle,0.0454476925566484
0.7,TS_oracle,0.0278304217829325
0.7,TS_oracle,0.0414307770082028
0.7,TS_oracle,0.0739033071888477
0.7,TS_oracle,0.0297361674646124
0.7,TS_oracle,0.0491685029985998
0.7,TS_oracle,0.0313136409995183
0.7,TS_oracle,0.0304354939550041
0.7,TS_oracle,0.0354440220383856
0.7,TS_oracle,0.0562123761813379
0.7,TS_oracle,0.0691867826772063
0.8,PLS,0.0505518183949
0.8,PLS,0.0848772940877063
0.8,PLS,0.0975805342648627
0.8,PLS,0.0512914819023755
0.8,PLS,0.0690470644594951
0.8,PLS,0.0441130610087465
0.8,PLS,0.109158270147178
0.8,PLS,0.0361315027759559
0.8,PLS,0.043572601516428
0.8,PLS,0.101967316374722
0.8,PLS,0.0700734648295422
0.8,PLS,0.0149622897589386
0.8,PLS,0.0475941445637319
0.8,PLS,0.0781859760776729
0.8,PLS,0.0754614340065657
0.8,PLS,0.0514447934134021
0.8,PLS,0.048736134493651
0.8,PLS,0.0222923611719757
0.8,PLS,0.0737593450947411
0.8,PLS,0.0669733013522793
0.8,PLS,0.119002329498605
0.8,PLS,0.0613715910369907
0.8,PLS,0.0742135247677043
0.8,PLS,0.0626545230329137
0.8,PLS,0.160008378422198
0.8,PLS,0.0810074511313414
0.8,PLS,0.0225148613277491
0.8,PLS,0.0479206710371035
0.8,PLS,0.0401253793496841
0.8,PLS,0.0537773142052806
0.8,PLS,0.0888298336799964
0.8,PLS,0.0451978411626793
0.8,PLS,0.0629688065164305
0.8,PLS,0.0568704273296819
0.8,PLS,0.0265989061698756
0.8,PLS,0.0731008620758922
0.8,PLS,0.0297673589293491
0.8,PLS,0.186362054353367
0.8,PLS,0.0711715771638282
0.8,PLS,0.0952987844920605
0.8,PLS,0.0455263579582342
0.8,PLS,0.0613143900506788
0.8,PLS,0.0378639995008286
0.8,PLS,0.0408288575508707
0.8,PLS,0.0848001513058041
0.8,PLS,0.0642360178505357
0.8,PLS,0.0566017220843181
0.8,PLS,0.0390907779190827
0.8,PLS,0.0550811858864178
0.8,PLS,0.0480512157521931
0.8,PLS,0.0609853259835159
0.8,PLS,0.0745832788573368
0.8,PLS,0.0630629521379892
0.8,PLS,0.0363520124318506
0.8,PLS,0.0306374181526212
0.8,PLS,0.0813329828731653
0.8,PLS,0.0453969643796496
0.8,PLS,0.0453155822890027
0.8,PLS,0.0283461361771197
0.8,PLS,0.0515833365319339
0.8,PLS,0.062810921935733
0.8,PLS,0.0582876275573236
0.8,PLS,0.0340749505846002
0.8,PLS,0.0556016384239841
0.8,PLS,0.0780502332567871
0.8,PLS,0.0865873092003773
0.8,PLS,0.0922101724977428
0.8,PLS,0.0455973958402606
0.8,PLS,0.0773534627743289
0.8,PLS,0.162823402858864
0.8,PLS,0.100901657446148
0.8,PLS,0.0574512859269733
0.8,PLS,0.0791498134847145
0.8,PLS,0.0453549988949709
0.8,PLS,0.043745722136209
0.8,PLS,0.0346031422736724
0.8,PLS,0.146594045251775
0.8,PLS,0.0875516337483606
0.8,PLS,0.102035777934153
0.8,PLS,0.111564826295523
0.8,PLS,0.0570300645844472
0.8,PLS,0.0599253956437669
0.8,PLS,0.0365494023017142
0.8,PLS,0.0344859235467897
0.8,PLS,0.0893136550008187
0.8,PLS,0.0414110529710777
0.8,PLS,0.102183624722084
0.8,PLS,0.138054365824031
0.8,PLS,0.0512232961309225
0.8,PLS,0.0343195957651845
0.8,PLS,0.0417061902517476
0.8,PLS,0.0835646062714536
0.8,PLS,0.0432642984223172
0.8,PLS,0.094772513420906
0.8,PLS,0.0573522185616315
0.8,PLS,0.0585105114504567
0.8,PLS,0.0828089373169472
0.8,PLS,0.041497654005404
0.8,PLS,0.068452507321809
0.8,PLS,0.0660566707883112
0.8,PLS,0.061209396979783
0.8,PLS,0.0848552440716602
0.8,PLS,0.0667169167492698
0.8,PLS,0.0481278830520601
0.8,PLS,0.0640631376723339
0.8,PLS,0.0247568149659122
0.8,PLS,0.068994993980765
0.8,PLS,0.057952871520144
0.8,PLS,0.0843019145130756
0.8,PLS,0.0696500917710675
0.8,PLS,0.0615453945267474
0.8,PLS,0.0472283891631572
0.8,PLS,0.070516815927042
0.8,PLS,0.0414511376062564
0.8,PLS,0.0792791235839503
0.8,PLS,0.0237267455301695
0.8,PLS,0.0697877133967288
0.8,PLS,0.0263075910839962
0.8,PLS,0.0451731353889534
0.8,PLS,0.0507561022885546
0.8,PLS,0.084224040663868
0.8,PLS,0.0341845886790383
0.8,PLS,0.0352598151835434
0.8,PLS,0.058284930770803
0.8,PLS,0.0502254466371085
0.8,PLS,0.049722784027033
0.8,PLS,0.0260581675498362
0.8,PLS,0.0714487685086572
0.8,PLS,0.0434701179154627
0.8,PLS,0.0569406081244847
0.8,PLS,0.109682606595844
0.8,PLS,0.0737584558704515
0.8,PLS,0.110781872066283
0.8,PLS,0.0433321167757249
0.8,PLS,0.0847292686686227
0.8,PLS,0.0573437336010467
0.8,PLS,0.0470022471593013
0.8,PLS,0.0482976971954196
0.8,PLS,0.0858107607914819
0.8,PLS,0.0734834860269821
0.8,PLS,0.0643604157232089
0.8,PLS,0.0361240381745875
0.8,PLS,0.0268019336682201
0.8,PLS,0.0440321364089876
0.8,PLS,0.0712157925657309
0.8,PLS,0.0680163735205298
0.8,PLS,0.057098862099699
0.8,PLS,0.048727838949406
0.8,PLS,0.0627480816347936
0.8,PLS,0.0533674201017792
0.8,PLS,0.0552485351424849
0.8,PLS,0.100672480357168
0.8,PLS,0.0617229372046298
0.8,PLS,0.13747736729355
0.8,PLS,0.0536254610158623
0.8,PLS,0.0408779245819678
0.8,PLS,0.0907010889828318
0.8,PLS,0.0655246138395264
0.8,PLS,0.0470518408999599
0.8,PLS,0.0862317212275521
0.8,PLS,0.0602524547515576
0.8,PLS,0.0614699323812887
0.8,PLS,0.0341967383155518
0.8,PLS,0.0447180244166877
0.8,PLS,0.135567888183209
0.8,PLS,0.0583321488525686
0.8,PLS,0.036077346014241
0.8,PLS,0.055409918117303
0.8,PLS,0.0343339650094223
0.8,PLS,0.0569400895122437
0.8,PLS,0.0749273337864487
0.8,PLS,0.0802847807652745
0.8,PLS,0.0666172853331245
0.8,PLS,0.0565821258807007
0.8,PLS,0.0701707886477922
0.8,PLS,0.127403398790434
0.8,PLS,0.0334520607441589
0.8,PLS,0.0368442226473857
0.8,PLS,0.0951291916465912
0.8,PLS,0.0450081616947346
0.8,PLS,0.0564250558068166
0.8,PLS,0.0462540026319103
0.8,PLS,0.0747906435664214
0.8,PLS,0.062654774828748
0.8,PLS,0.0894405391419733
0.8,PLS,0.0750971342397591
0.8,PLS,0.0420786048322959
0.8,PLS,0.0490420620272128
0.8,PLS,0.062512862485565
0.8,PLS,0.20970615775352
0.8,PLS,0.0433749084313886
0.8,PLS,0.103013307462447
0.8,PLS,0.0410005767669493
0.8,PLS,0.0610330420353838
0.8,PLS,0.108427177187807
0.8,PLS,0.0347115982006305
0.8,PLS,0.0459712053469213
0.8,PLS,0.113459668462236
0.8,PLS,0.0749549823077685
0.8,PLS,0.0722408363884775
0.8,fTS,0.0332825514640323
0.8,fTS,0.0742341692615672
0.8,fTS,0.0922264336230489
0.8,fTS,0.0469165564210302
0.8,fTS,0.0342082780530461
0.8,fTS,0.0329878884959729
0.8,fTS,0.0708337876158876
0.8,fTS,0.058013974170187
0.8,fTS,0.0407031062103477
0.8,fTS,0.0445854392945748
0.8,fTS,0.0576200831356236
0.8,fTS,0.0199276677353717
0.8,fTS,0.0448421039665027
0.8,fTS,0.0785281999182937
0.8,fTS,0.0513708157526898
0.8,fTS,0.0401080576776802
0.8,fTS,0.0280362345879794
0.8,fTS,0.0280640815756218
0.8,fTS,0.0342132708727676
0.8,fTS,0.0473446956300354
0.8,fTS,0.0914655395539166
0.8,fTS,0.0612865841372976
0.8,fTS,0.03594661593266
0.8,fTS,0.05873395155079
0.8,fTS,0.0771053300467041
0.8,fTS,0.0343459038273236
0.8,fTS,0.0248810424725497
0.8,fTS,0.0636631501749054
0.8,fTS,0.0273262626412551
0.8,fTS,0.046395123472478
0.8,fTS,0.0519346983540453
0.8,fTS,0.0377941120783977
0.8,fTS,0.059298670721414
0.8,fTS,0.056682493094375
0.8,fTS,0.0351592845312024
0.8,fTS,0.0370646998835766
0.8,fTS,0.0294041746990623
0.8,fTS,0.0651573651336692
0.8,fTS,0.0414527441235278
0.8,fTS,0.0558582245992544
0.8,fTS,0.0401403334951218
0.8,fTS,0.0579402777504741
0.8,fTS,0.0397189677227367
0.8,fTS,0.0537803160224163
0.8,fTS,0.063774925742659
0.8,fTS,0.0366723002698731
0.8,fTS,0.0419986958280888
0.8,fTS,0.0341198975766202
0.8,fTS,0.0529168209983475
0.8,fTS,0.0561176262849466
0.8,fTS,0.0364967682416876
0.8,fTS,0.0605171085708641
0.8,fTS,0.0447407580990646
0.8,fTS,0.0336115079491665
0.8,fTS,0.0312285834356781
0.8,fTS,0.0424163500381292
0.8,fTS,0.0447187162864543
0.8,fTS,0.0536593153479902
0.8,fTS,0.0298744323891685
0.8,fTS,0.0455829514334344
0.8,fTS,0.0522215194463614
0.8,fTS,0.0361775835487618
0.8,fTS,0.0285513222531499
0.8,fTS,0.0525671296941934
0.8,fTS,0.0574082082151996
0.8,fTS,0.0623102517332484
0.8,fTS,0.0516260563759231
0.8,fTS,0.0418384413022908
0.8,fTS,0.0721959923762138
0.8,fTS,0.0652853154261038
0.8,fTS,0.0360686306637117
0.8,fTS,0.0424422758384745
0.8,fTS,0.0561026905229511
0.8,fTS,0.0264273067389146
0.8,fTS,0.0390937035852552
0.8,fTS,0.0262478266530407
0.8,fTS,0.0423538853224888
0.8,fTS,0.0566162753280685
0.8,fTS,0.069536127375092
0.8,fTS,0.0552497060905537
0.8,fTS,0.0574903932360914
0.8,fTS,0.048328122420633
0.8,fTS,0.042164641371163
0.8,fTS,0.047456487515956
0.8,fTS,0.0390638934466433
0.8,fTS,0.0283211142651729
0.8,fTS,0.0744825790228232
0.8,fTS,0.079752390592739
0.8,fTS,0.0457625827852928
0.8,fTS,0.0288623850563608
0.8,fTS,0.0522239156334148
0.8,fTS,0.0555421315912837
0.8,fTS,0.0377873568479835
0.8,fTS,0.0546649877898367
0.8,fTS,0.0455912705685709
0.8,fTS,0.0628354185693871
0.8,fTS,0.0705113866182849
0.8,fTS,0.0500329117097467
0.8,fTS,0.0602182047573802
0.8,fTS,0.0779441443413524
0.8,fTS,0.0318596344334963
0.8,fTS,0.0391776790851259
0.8,fTS,0.0511722073674335
0.8,fTS,0.0212397161219394
0.8,fTS,0.0362230513458701
0.8,fTS,0.0214672134423335
0.8,fTS,0.0581213517578846
0.8,fTS,0.0404587635065476
0.8,fTS,0.0504541230780676
0.8,fTS,0.0524982944557998
0.8,fTS,0.0458205164045068
0.8,fTS,0.0490191430543523
0.8,fTS,0.0595678123834223
0.8,fTS,0.0482083126349254
0.8,fTS,0.0598142672602095
0.8,fTS,0.0408958114213636
0.8,fTS,0.0403965960144612
0.8,fTS,0.0382492679298904
0.8,fTS,0.0445346268899676
0.8,fTS,0.0450840544415355
0.8,fTS,0.0754073258231759
0.8,fTS,0.0373333812429107
0.8,fTS,0.053411305706432
0.8,fTS,0.0534912185095841
0.8,fTS,0.0273391577385783
0.8,fTS,0.0359935505893299
0.8,fTS,0.0292056406114469
0.8,fTS,0.0428727547013559
0.8,fTS,0.0337565352645222
0.8,fTS,0.0391680575989665
0.8,fTS,0.0667427225536044
0.8,fTS,0.0696485145126658
0.8,fTS,0.067770804854927
0.8,fTS,0.0470197717273727
0.8,fTS,0.0666909926610683
0.8,fTS,0.0472738142390604
0.8,fTS,0.0557005972856791
0.8,fTS,0.0575619063719628
0.8,fTS,0.0442093843832101
0.8,fTS,0.0487641311278468
0.8,fTS,0.063349168508064
0.8,fTS,0.0349332338905494
0.8,fTS,0.0345194640325757
0.8,fTS,0.032789345049131
0.8,fTS,0.0563956255042751
0.8,fTS,0.0351897160234972
0.8,fTS,0.0465095889984306
0.8,fTS,0.044297458064549
0.8,fTS,0.0479636183732177
0.8,fTS,0.0271365337594392
0.8,fTS,0.0392857104538431
0.8,fTS,0.0611557752403057
0.8,fTS,0.0534088019411119
0.8,fTS,0.0549863528829324
0.8,fTS,0.037567946730902
0.8,fTS,0.0452670492183365
0.8,fTS,0.0616836530951695
0.8,fTS,0.0421425870115563
0.8,fTS,0.0405857850765978
0.8,fTS,0.0979638771420785
0.8,fTS,0.0728213346858194
0.8,fTS,0.0391966412162206
0.8,fTS,0.0358756840288199
0.8,fTS,0.0425433401366677
0.8,fTS,0.0573156596119841
0.8,fTS,0.0448141043273372
0.8,fTS,0.0592829284328317
0.8,fTS,0.038136564224062
0.8,fTS,0.0288400742861507
0.8,fTS,0.0396523673452937
0.8,fTS,0.0445875765751047
0.8,fTS,0.0373348407281157
0.8,fTS,0.0511930823507952
0.8,fTS,0.0512214539121318
0.8,fTS,0.0762668619379183
0.8,fTS,0.0609826040754827
0.8,fTS,0.0267942992194237
0.8,fTS,0.031166968818311
0.8,fTS,0.0452166040541079
0.8,fTS,0.044367505405362
0.8,fTS,0.0412430152891575
0.8,fTS,0.0571853336051464
0.8,fTS,0.031976877217528
0.8,fTS,0.0505524261486772
0.8,fTS,0.0781386941415866
0.8,fTS,0.0631276161613175
0.8,fTS,0.0437288084238534
0.8,fTS,0.0424151142627884
0.8,fTS,0.0445316122022454
0.8,fTS,0.0736675534064021
0.8,fTS,0.0359253064642248
0.8,fTS,0.0466890629605461
0.8,fTS,0.0394621554614881
0.8,fTS,0.0363268222700887
0.8,fTS,0.0966512632082113
0.8,fTS,0.0409303258709962
0.8,fTS,0.0258789795876975
0.8,fTS,0.0442740130646147
0.8,fTS,0.053264793776512
0.8,fTS,0.0705820013448958
0.8,LS_oracle,0.0502791530284365
0.8,LS_oracle,0.0848838503029968
0.8,LS_oracle,0.0976101241952753
0.8,LS_oracle,0.0513557761129749
0.8,LS_oracle,0.0693366552806669
0.8,LS_oracle,0.0442989043243321
0.8,LS_oracle,0.112292843304656
0.8,LS_oracle,0.0360801242252272
0.8,LS_oracle,0.0434071296748722
0.8,LS_oracle,0.101567440648088
0.8,LS_oracle,0.0701436235171042
0.8,LS_oracle,0.0149324907220539
0.8,LS_oracle,0.0470531901034334
0.8,LS_oracle,0.0781714286838075
0.8,LS_oracle,0.075476213990237
0.8,LS_oracle,0.0510617387014372
0.8,LS_oracle,0.0486251970157074
0.8,LS_oracle,0.022192524689152
0.8,LS_oracle,0.0737201926539028
0.8,LS_oracle,0.0670741007460954
0.8,LS_oracle,0.119506687438365
0.8,LS_oracle,0.0614524392156678
0.8,LS_oracle,0.0734935538555665
0.8,LS_oracle,0.0613859399046527
0.8,LS_oracle,0.160021206886026
0.8,LS_oracle,0.080590506150123
0.8,LS_oracle,0.0222514935100335
0.8,LS_oracle,0.0478620844891943
0.8,LS_oracle,0.0404624298348067
0.8,LS_oracle,0.0540221214651756
0.8,LS_oracle,0.0890865937140266
0.8,LS_oracle,0.0454047060563453
0.8,LS_oracle,0.0629446216679923
0.8,LS_oracle,0.057003823706724
0.8,LS_oracle,0.0265815395636325
0.8,LS_oracle,0.0724658739172669
0.8,LS_oracle,0.0297481729920032
0.8,LS_oracle,0.186411226375789
0.8,LS_oracle,0.0726895021018818
0.8,LS_oracle,0.0967583834501706
0.8,LS_oracle,0.0455249058961943
0.8,LS_oracle,0.0612853177224194
0.8,LS_oracle,0.037838709367521
0.8,LS_oracle,0.0408255938442082
0.8,LS_oracle,0.0847027448437421
0.8,LS_oracle,0.0642366053045708
0.8,LS_oracle,0.056548401544912
0.8,LS_oracle,0.039075874285391
0.8,LS_oracle,0.0554954751745156
0.8,LS_oracle,0.0480287981064057
0.8,LS_oracle,0.0605149264974219
0.8,LS_oracle,0.0745243563330552
0.8,LS_oracle,0.0630632889687292
0.8,LS_oracle,0.0363210209325892
0.8,LS_oracle,0.0307942488577295
0.8,LS_oracle,0.0813543014089134
0.8,LS_oracle,0.0453413137176726
0.8,LS_oracle,0.0459588251518546
0.8,LS_oracle,0.0277791600442925
0.8,LS_oracle,0.0514958792274367
0.8,LS_oracle,0.0628790436670436
0.8,LS_oracle,0.0583178463054366
0.8,LS_oracle,0.0339795552524296
0.8,LS_oracle,0.0554807151353852
0.8,LS_oracle,0.0780819295551294
0.8,LS_oracle,0.0872654242917307
0.8,LS_oracle,0.0921627389293619
0.8,LS_oracle,0.0451433823596799
0.8,LS_oracle,0.0770057088648303
0.8,LS_oracle,0.16362332276716
0.8,LS_oracle,0.0992697115960592
0.8,LS_oracle,0.057431426828343
0.8,LS_oracle,0.0791587038618743
0.8,LS_oracle,0.0453364236625024
0.8,LS_oracle,0.0437562160962398
0.8,LS_oracle,0.0345453385119183
0.8,LS_oracle,0.146029941910846
0.8,LS_oracle,0.0867723166571897
0.8,LS_oracle,0.101720572499463
0.8,LS_oracle,0.111704093450504
0.8,LS_oracle,0.0570115224033124
0.8,LS_oracle,0.0601637050761501
0.8,LS_oracle,0.0364400987821814
0.8,LS_oracle,0.0347404219783875
0.8,LS_oracle,0.0887238316726355
0.8,LS_oracle,0.0417586098627925
0.8,LS_oracle,0.102346543667812
0.8,LS_oracle,0.136238688086849
0.8,LS_oracle,0.0512198417232326
0.8,LS_oracle,0.0337334325478351
0.8,LS_oracle,0.0416268544689259
0.8,LS_oracle,0.0835474842506252
0.8,LS_oracle,0.0434465818854733
0.8,LS_oracle,0.0947692407691905
0.8,LS_oracle,0.0573062702967149
0.8,LS_oracle,0.0586062285956897
0.8,LS_oracle,0.0828929260400909
0.8,LS_oracle,0.0414748520584411
0.8,LS_oracle,0.0680991787453561
0.8,LS_oracle,0.0661752011177628
0.8,LS_oracle,0.0612241443497584
0.8,LS_oracle,0.0847854685218148
0.8,LS_oracle,0.0667287533990025
0.8,LS_oracle,0.0480789332269398
0.8,LS_oracle,0.0638347566246504
0.8,LS_oracle,0.0247685078271033
0.8,LS_oracle,0.0686696542120815
0.8,LS_oracle,0.0580020670079717
0.8,LS_oracle,0.0834824664574404
0.8,LS_oracle,0.0705693366196899
0.8,LS_oracle,0.0615903569845008
0.8,LS_oracle,0.0472153663304053
0.8,LS_oracle,0.0704297825099056
0.8,LS_oracle,0.0412926795449338
0.8,LS_oracle,0.0789027718152747
0.8,LS_oracle,0.0237572750691166
0.8,LS_oracle,0.0697076243129909
0.8,LS_oracle,0.0266517135163219
0.8,LS_oracle,0.045169033854955
0.8,LS_oracle,0.0504677436700297
0.8,LS_oracle,0.0843743984383355
0.8,LS_oracle,0.0341821688740009
0.8,LS_oracle,0.0352231752981726
0.8,LS_oracle,0.0582737715889075
0.8,LS_oracle,0.0502458976766679
0.8,LS_oracle,0.0497525835401168
0.8,LS_oracle,0.0257969415093707
0.8,LS_oracle,0.0712085462039088
0.8,LS_oracle,0.0444000560308997
0.8,LS_oracle,0.0567778992570488
0.8,LS_oracle,0.109821181507142
0.8,LS_oracle,0.0738757768697286
0.8,LS_oracle,0.110874018499183
0.8,LS_oracle,0.0434651548622769
0.8,LS_oracle,0.0843969143269985
0.8,LS_oracle,0.0569458980453829
0.8,LS_oracle,0.0469147340399006
0.8,LS_oracle,0.0481476011046563
0.8,LS_oracle,0.0858964341546228
0.8,LS_oracle,0.0737431986480499
0.8,LS_oracle,0.064312530809925
0.8,LS_oracle,0.0360459551954296
0.8,LS_oracle,0.0270915421406046
0.8,LS_oracle,0.0430964920098163
0.8,LS_oracle,0.0712461367863006
0.8,LS_oracle,0.0682838557762043
0.8,LS_oracle,0.057105653809414
0.8,LS_oracle,0.0487079563313587
0.8,LS_oracle,0.0627563203573907
0.8,LS_oracle,0.0529322560589415
0.8,LS_oracle,0.0554912452634414
0.8,LS_oracle,0.10062962869008
0.8,LS_oracle,0.0621531413340306
0.8,LS_oracle,0.137649455459862
0.8,LS_oracle,0.0537064347466156
0.8,LS_oracle,0.040866380046013
0.8,LS_oracle,0.0907854726215585
0.8,LS_oracle,0.0655244237229462
0.8,LS_oracle,0.0469380234996291
0.8,LS_oracle,0.0875548754491233
0.8,LS_oracle,0.0599634338926223
0.8,LS_oracle,0.0615656128119702
0.8,LS_oracle,0.0344591224872716
0.8,LS_oracle,0.0446182190487864
0.8,LS_oracle,0.135534142189563
0.8,LS_oracle,0.0577276890593279
0.8,LS_oracle,0.0361469195280811
0.8,LS_oracle,0.0554447776469398
0.8,LS_oracle,0.0340098890722004
0.8,LS_oracle,0.0569517439723638
0.8,LS_oracle,0.074472678094501
0.8,LS_oracle,0.0802672400855136
0.8,LS_oracle,0.0666282106690607
0.8,LS_oracle,0.0559725997747385
0.8,LS_oracle,0.0701411145951962
0.8,LS_oracle,0.126633246908952
0.8,LS_oracle,0.033489245250923
0.8,LS_oracle,0.0371799803711448
0.8,LS_oracle,0.0950904740423091
0.8,LS_oracle,0.0450441296797801
0.8,LS_oracle,0.0564130716254293
0.8,LS_oracle,0.0461439708686862
0.8,LS_oracle,0.0748593320088
0.8,LS_oracle,0.0621736053983566
0.8,LS_oracle,0.0893925633229566
0.8,LS_oracle,0.0750686069385495
0.8,LS_oracle,0.0420647038554511
0.8,LS_oracle,0.0491862600392436
0.8,LS_oracle,0.0627667826140512
0.8,LS_oracle,0.209148085759921
0.8,LS_oracle,0.04365494379308
0.8,LS_oracle,0.102793893231844
0.8,LS_oracle,0.0408489129069053
0.8,LS_oracle,0.0609196785999943
0.8,LS_oracle,0.108654200614869
0.8,LS_oracle,0.0346024167623577
0.8,LS_oracle,0.0459642041127163
0.8,LS_oracle,0.113260237043355
0.8,LS_oracle,0.0762058807427548
0.8,LS_oracle,0.0723511663711129
0.8,TS_oracle,0.0332686153122072
0.8,TS_oracle,0.074234989343715
0.8,TS_oracle,0.0922304282406807
0.8,TS_oracle,0.0471821791103231
0.8,TS_oracle,0.0340922234915966
0.8,TS_oracle,0.0330540053920591
0.8,TS_oracle,0.070862790708209
0.8,TS_oracle,0.0580042155548163
0.8,TS_oracle,0.0406990905108302
0.8,TS_oracle,0.0443486074576819
0.8,TS_oracle,0.057624880366116
0.8,TS_oracle,0.0199293588899185
0.8,TS_oracle,0.0448385138591142
0.8,TS_oracle,0.0785305486218765
0.8,TS_oracle,0.0513689756762848
0.8,TS_oracle,0.0401343716605751
0.8,TS_oracle,0.0280812852250122
0.8,TS_oracle,0.0280653818015181
0.8,TS_oracle,0.0341991167594113
0.8,TS_oracle,0.047370286329033
0.8,TS_oracle,0.0914372146662723
0.8,TS_oracle,0.0612859343023316
0.8,TS_oracle,0.03590360665563
0.8,TS_oracle,0.0587089001900883
0.8,TS_oracle,0.0771060228276537
0.8,TS_oracle,0.0343045168164578
0.8,TS_oracle,0.0248470485112818
0.8,TS_oracle,0.0636606368215319
0.8,TS_oracle,0.0273344818925726
0.8,TS_oracle,0.0464659771917017
0.8,TS_oracle,0.0520711520680821
0.8,TS_oracle,0.0376936834667784
0.8,TS_oracle,0.0592972786213228
0.8,TS_oracle,0.0570653332262343
0.8,TS_oracle,0.0351563219318731
0.8,TS_oracle,0.0372569338300197
0.8,TS_oracle,0.0291635240132501
0.8,TS_oracle,0.0647621613041634
0.8,TS_oracle,0.041099451470027
0.8,TS_oracle,0.0559109610128067
0.8,TS_oracle,0.0401415670683188
0.8,TS_oracle,0.0578016062163471
0.8,TS_oracle,0.0397836331920904
0.8,TS_oracle,0.0537767539318927
0.8,TS_oracle,0.0639647029594378
0.8,TS_oracle,0.0365595813398805
0.8,TS_oracle,0.0421617325064567
0.8,TS_oracle,0.034121731596454
0.8,TS_oracle,0.0529184310062001
0.8,TS_oracle,0.0561893403076866
0.8,TS_oracle,0.036380979974078
0.8,TS_oracle,0.060469255030368
0.8,TS_oracle,0.0446586156077383
0.8,TS_oracle,0.0339220097588549
0.8,TS_oracle,0.0312458513103198
0.8,TS_oracle,0.0423787269321121
0.8,TS_oracle,0.0447298000408193
0.8,TS_oracle,0.0536720963503161
0.8,TS_oracle,0.0296028157854719
0.8,TS_oracle,0.045599974460151
0.8,TS_oracle,0.0521626115554522
0.8,TS_oracle,0.0361797027935662
0.8,TS_oracle,0.0282675636190104
0.8,TS_oracle,0.0527249280462079
0.8,TS_oracle,0.0574391203549601
0.8,TS_oracle,0.0606166457549654
0.8,TS_oracle,0.0516267553523826
0.8,TS_oracle,0.0418599978615316
0.8,TS_oracle,0.072199416085173
0.8,TS_oracle,0.0647031369575434
0.8,TS_oracle,0.0359122427799318
0.8,TS_oracle,0.0424425497028479
0.8,TS_oracle,0.0555357434292184
0.8,TS_oracle,0.0266043358791375
0.8,TS_oracle,0.0391697568313022
0.8,TS_oracle,0.0262485229320138
0.8,TS_oracle,0.0424302348763055
0.8,TS_oracle,0.0565546860790847
0.8,TS_oracle,0.0695340756780809
0.8,TS_oracle,0.05527250603394
0.8,TS_oracle,0.0574900364349031
0.8,TS_oracle,0.0483573381108924
0.8,TS_oracle,0.0414822556807038
0.8,TS_oracle,0.047499490273014
0.8,TS_oracle,0.0389112787178048
0.8,TS_oracle,0.0283281796738175
0.8,TS_oracle,0.0745958089396331
0.8,TS_oracle,0.0798143654283946
0.8,TS_oracle,0.0457638934941825
0.8,TS_oracle,0.0289105925320858
0.8,TS_oracle,0.0522222485962759
0.8,TS_oracle,0.0555378149412117
0.8,TS_oracle,0.037782988487981
0.8,TS_oracle,0.0545218434675705
0.8,TS_oracle,0.0455894593785635
0.8,TS_oracle,0.0628314973644286
0.8,TS_oracle,0.0705112978531315
0.8,TS_oracle,0.0498630600810878
0.8,TS_oracle,0.0602133835214173
0.8,TS_oracle,0.0779229519532227
0.8,TS_oracle,0.031862756073845
0.8,TS_oracle,0.0391707725032909
0.8,TS_oracle,0.0511707121892733
0.8,TS_oracle,0.0212040649037084
0.8,TS_oracle,0.0362281218038403
0.8,TS_oracle,0.021464486635597
0.8,TS_oracle,0.0581331509157169
0.8,TS_oracle,0.0404703831335006
0.8,TS_oracle,0.0504997916262494
0.8,TS_oracle,0.0525060654831505
0.8,TS_oracle,0.0458310776404983
0.8,TS_oracle,0.0490213360799251
0.8,TS_oracle,0.0594528936144484
0.8,TS_oracle,0.0482018627861378
0.8,TS_oracle,0.0598104245618459
0.8,TS_oracle,0.0415073163658317
0.8,TS_oracle,0.0404032843836495
0.8,TS_oracle,0.0383062530036425
0.8,TS_oracle,0.0445347640118132
0.8,TS_oracle,0.0451275307101076
0.8,TS_oracle,0.0753993067892359
0.8,TS_oracle,0.0373334219467061
0.8,TS_oracle,0.0534353826737343
0.8,TS_oracle,0.0534893528767688
0.8,TS_oracle,0.0273393382577336
0.8,TS_oracle,0.03599376248298
0.8,TS_oracle,0.0288701914732945
0.8,TS_oracle,0.0428696719465112
0.8,TS_oracle,0.0338801491399124
0.8,TS_oracle,0.0391456009130282
0.8,TS_oracle,0.0667388686816973
0.8,TS_oracle,0.0697383749444423
0.8,TS_oracle,0.0680103996268962
0.8,TS_oracle,0.0470445112327441
0.8,TS_oracle,0.0674401065136105
0.8,TS_oracle,0.0472573945604323
0.8,TS_oracle,0.0557002402131116
0.8,TS_oracle,0.0578177917988266
0.8,TS_oracle,0.0441065955691981
0.8,TS_oracle,0.0485489528976974
0.8,TS_oracle,0.0635880246800217
0.8,TS_oracle,0.0349325398563323
0.8,TS_oracle,0.0345314618187041
0.8,TS_oracle,0.0326619516277069
0.8,TS_oracle,0.0563781442308651
0.8,TS_oracle,0.0352039839273883
0.8,TS_oracle,0.0465074976226305
0.8,TS_oracle,0.044297513772189
0.8,TS_oracle,0.0484072581053353
0.8,TS_oracle,0.0271366882674816
0.8,TS_oracle,0.039156075449501
0.8,TS_oracle,0.0612192123243143
0.8,TS_oracle,0.0533615658124759
0.8,TS_oracle,0.0551928321676272
0.8,TS_oracle,0.0375381376415382
0.8,TS_oracle,0.0452655756932681
0.8,TS_oracle,0.0616872286779686
0.8,TS_oracle,0.0421433140459113
0.8,TS_oracle,0.0404533492704798
0.8,TS_oracle,0.0978245604923886
0.8,TS_oracle,0.0729829867350421
0.8,TS_oracle,0.0391962588029464
0.8,TS_oracle,0.0356569414593988
0.8,TS_oracle,0.0425445807992114
0.8,TS_oracle,0.057395770616729
0.8,TS_oracle,0.0448198841254963
0.8,TS_oracle,0.0592196883243924
0.8,TS_oracle,0.0382600958626116
0.8,TS_oracle,0.0288413762095573
0.8,TS_oracle,0.0396517805081967
0.8,TS_oracle,0.0440393337333515
0.8,TS_oracle,0.0372929972237162
0.8,TS_oracle,0.0511971952856008
0.8,TS_oracle,0.0516845104801431
0.8,TS_oracle,0.0762042421905333
0.8,TS_oracle,0.0609890766157978
0.8,TS_oracle,0.0268103683434059
0.8,TS_oracle,0.0311671238412869
0.8,TS_oracle,0.0452291044908275
0.8,TS_oracle,0.0443075687108092
0.8,TS_oracle,0.0412440999781365
0.8,TS_oracle,0.0571718437329578
0.8,TS_oracle,0.0319780838068739
0.8,TS_oracle,0.0505368945801176
0.8,TS_oracle,0.0780603377918458
0.8,TS_oracle,0.0630652709819292
0.8,TS_oracle,0.0436081931940059
0.8,TS_oracle,0.0422736040146584
0.8,TS_oracle,0.0445209603399337
0.8,TS_oracle,0.0736642356810848
0.8,TS_oracle,0.0358955952068558
0.8,TS_oracle,0.046743195285902
0.8,TS_oracle,0.0399268838579078
0.8,TS_oracle,0.0363221680445887
0.8,TS_oracle,0.0965828459846402
0.8,TS_oracle,0.0409503306463377
0.8,TS_oracle,0.0258786151725909
0.8,TS_oracle,0.0442495922576496
0.8,TS_oracle,0.0533388607057806
0.8,TS_oracle,0.0692044431661837
0.9,PLS,0.0556823849600044
0.9,PLS,0.0947829083688466
0.9,PLS,0.126600128565051
0.9,PLS,0.073552993645743
0.9,PLS,0.0401372817307052
0.9,PLS,0.0603167572063397
0.9,PLS,0.0888562904759158
0.9,PLS,0.0476602461299902
0.9,PLS,0.0424421888157521
0.9,PLS,0.0590683824826768
0.9,PLS,0.0572283678007625
0.9,PLS,0.109154174713351
0.9,PLS,0.0889251942223797
0.9,PLS,0.0777242069938607
0.9,PLS,0.0495818292484909
0.9,PLS,0.0540859876535531
0.9,PLS,0.0287056533313749
0.9,PLS,0.0479937133409989
0.9,PLS,0.0580540015145498
0.9,PLS,0.102908478798329
0.9,PLS,0.0257458343933822
0.9,PLS,0.0378835229596764
0.9,PLS,0.0684108001379225
0.9,PLS,0.0510191489304598
0.9,PLS,0.075677238225458
0.9,PLS,0.142245231162558
0.9,PLS,0.0477712104864933
0.9,PLS,0.0750119285262838
0.9,PLS,0.0728910416247101
0.9,PLS,0.049904617838524
0.9,PLS,0.0325062476060896
0.9,PLS,0.0328597287082405
0.9,PLS,0.0817801105113795
0.9,PLS,0.0392937222342248
0.9,PLS,0.122333469541612
0.9,PLS,0.0656298592128331
0.9,PLS,0.0583776830746319
0.9,PLS,0.0462510015301409
0.9,PLS,0.0537000372692015
0.9,PLS,0.0861926736824651
0.9,PLS,0.0622317278273709
0.9,PLS,0.0563097637182048
0.9,PLS,0.0544985764659761
0.9,PLS,0.104149436234082
0.9,PLS,0.0392559865151795
0.9,PLS,0.0582517766116348
0.9,PLS,0.0452273633250004
0.9,PLS,0.0394331722492408
0.9,PLS,0.0536141522159518
0.9,PLS,0.0785726465964922
0.9,PLS,0.0859332788346643
0.9,PLS,0.0766984541799046
0.9,PLS,0.0709384244454726
0.9,PLS,0.0978069257867724
0.9,PLS,0.117631679010456
0.9,PLS,0.0888932699340129
0.9,PLS,0.0880634643659249
0.9,PLS,0.0326024858751128
0.9,PLS,0.0596554415285814
0.9,PLS,0.0395437707505106
0.9,PLS,0.134023709866143
0.9,PLS,0.0569183806951252
0.9,PLS,0.0779759285995965
0.9,PLS,0.0866140775093902
0.9,PLS,0.0642444914944655
0.9,PLS,0.0436231554519255
0.9,PLS,0.0560113479066582
0.9,PLS,0.0389701139457414
0.9,PLS,0.0350702930108
0.9,PLS,0.0464809432416332
0.9,PLS,0.100027369220847
0.9,PLS,0.0470819834176624
0.9,PLS,0.0663239581488125
0.9,PLS,0.0812690216767134
0.9,PLS,0.0584122850972276
0.9,PLS,0.0410792724335139
0.9,PLS,0.0571497347580916
0.9,PLS,0.0785312247130162
0.9,PLS,0.0318859645733078
0.9,PLS,0.0490701387444464
0.9,PLS,0.0443552554037809
0.9,PLS,0.120207419256674
0.9,PLS,0.043134637302814
0.9,PLS,0.056403032437176
0.9,PLS,0.0759896414185661
0.9,PLS,0.0516238402094874
0.9,PLS,0.0311593999908079
0.9,PLS,0.0499831411503277
0.9,PLS,0.0788802862665833
0.9,PLS,0.071992627990464
0.9,PLS,0.0799946190338608
0.9,PLS,0.0531515737301485
0.9,PLS,0.0519221946448647
0.9,PLS,0.108330786153041
0.9,PLS,0.0437410801341265
0.9,PLS,0.0772085503796586
0.9,PLS,0.0485623129167422
0.9,PLS,0.0668176776961901
0.9,PLS,0.0475221855938616
0.9,PLS,0.143692568403989
0.9,PLS,0.0432146552727362
0.9,PLS,0.10796537598542
0.9,PLS,0.0513844648645205
0.9,PLS,0.0417548560728757
0.9,PLS,0.0731883691384215
0.9,PLS,0.0694672511825277
0.9,PLS,0.0966691369870935
0.9,PLS,0.037907028323193
0.9,PLS,0.0672510054315169
0.9,PLS,0.0406377917947482
0.9,PLS,0.0729500320327766
0.9,PLS,0.0593612117861489
0.9,PLS,0.0762249927274557
0.9,PLS,0.0705724488944434
0.9,PLS,0.0518980403477073
0.9,PLS,0.0203194934660122
0.9,PLS,0.028602030723008
0.9,PLS,0.0494244851715931
0.9,PLS,0.050165342970539
0.9,PLS,0.0835453618316533
0.9,PLS,0.0507334572954282
0.9,PLS,0.0284193776407901
0.9,PLS,0.0362333661145102
0.9,PLS,0.122256989071454
0.9,PLS,0.063762471885122
0.9,PLS,0.031536493409563
0.9,PLS,0.0309913893699942
0.9,PLS,0.087578826461038
0.9,PLS,0.0796771675505781
0.9,PLS,0.0475264058670482
0.9,PLS,0.0919236712194241
0.9,PLS,0.0617557097922563
0.9,PLS,0.128045460408371
0.9,PLS,0.0400786966017521
0.9,PLS,0.043974309025279
0.9,PLS,0.0514963047439958
0.9,PLS,0.0490250914317207
0.9,PLS,0.0800432503400645
0.9,PLS,0.0369206498220224
0.9,PLS,0.080153465433417
0.9,PLS,0.072386976355551
0.9,PLS,0.0290262408389759
0.9,PLS,0.0697301126688984
0.9,PLS,0.0545962004429396
0.9,PLS,0.0790762766537109
0.9,PLS,0.0465675899118094
0.9,PLS,0.0312168827730557
0.9,PLS,0.0595824825333749
0.9,PLS,0.0312479176003633
0.9,PLS,0.0447205133784174
0.9,PLS,0.0667388230152673
0.9,PLS,0.060372933009784
0.9,PLS,0.0469610812841714
0.9,PLS,0.0405819231768972
0.9,PLS,0.0854292457179511
0.9,PLS,0.056649688202061
0.9,PLS,0.0406597516244417
0.9,PLS,0.055815866025983
0.9,PLS,0.053752989834332
0.9,PLS,0.0752943512940864
0.9,PLS,0.0677081061799392
0.9,PLS,0.0314065686808936
0.9,PLS,0.0467716012233801
0.9,PLS,0.0740232171049817
0.9,PLS,0.0583646084456125
0.9,PLS,0.0418286191617538
0.9,PLS,0.0790885272205503
0.9,PLS,0.0226345110852204
0.9,PLS,0.0824794995518414
0.9,PLS,0.153584505950224
0.9,PLS,0.0434151907070257
0.9,PLS,0.0888622567526014
0.9,PLS,0.0701435355762422
0.9,PLS,0.0485427102550275
0.9,PLS,0.0920063012511352
0.9,PLS,0.02416127917422
0.9,PLS,0.0350814512489441
0.9,PLS,0.0633638245700837
0.9,PLS,0.174278537857806
0.9,PLS,0.0535010705849423
0.9,PLS,0.14433797394626
0.9,PLS,0.0761825352082793
0.9,PLS,0.0466464921071612
0.9,PLS,0.0873859407786552
0.9,PLS,0.0741725836630154
0.9,PLS,0.066200937882021
0.9,PLS,0.0814523640517774
0.9,PLS,0.0966973230422588
0.9,PLS,0.0802914833992575
0.9,PLS,0.0616063629075312
0.9,PLS,0.0488854132711093
0.9,PLS,0.0353577696298948
0.9,PLS,0.0533715488931126
0.9,PLS,0.0346462950040908
0.9,PLS,0.0536915331003779
0.9,PLS,0.0744559400818411
0.9,PLS,0.0387214200809771
0.9,PLS,0.0626825356723771
0.9,PLS,0.0797391246347303
0.9,PLS,0.0555491875470933
0.9,fTS,0.0653590855098783
0.9,fTS,0.0763366106788795
0.9,fTS,0.0387527890440101
0.9,fTS,0.0650711046473366
0.9,fTS,0.0384228064507816
0.9,fTS,0.0401171314867765
0.9,fTS,0.0784238160769015
0.9,fTS,0.028982835014773
0.9,fTS,0.0402594229404773
0.9,fTS,0.0641559809810371
0.9,fTS,0.0627325455345808
0.9,fTS,0.0751537922635392
0.9,fTS,0.0378475274888849
0.9,fTS,0.0429155603776582
0.9,fTS,0.0516551408719358
0.9,fTS,0.0395382062863014
0.9,fTS,0.0480528818018186
0.9,fTS,0.0367032162064153
0.9,fTS,0.0504752790102425
0.9,fTS,0.0671379905588814
0.9,fTS,0.0236247255698505
0.9,fTS,0.042302620226112
0.9,fTS,0.0376722730811469
0.9,fTS,0.0476931320421443
0.9,fTS,0.048639737449134
0.9,fTS,0.0419744263252976
0.9,fTS,0.0273430630312729
0.9,fTS,0.0351187943855919
0.9,fTS,0.0702912469425113
0.9,fTS,0.0233836820908173
0.9,fTS,0.0439503750161326
0.9,fTS,0.0340828326670778
0.9,fTS,0.0556204059851865
0.9,fTS,0.0350427268627177
0.9,fTS,0.0499747141803003
0.9,fTS,0.0552927192368754
0.9,fTS,0.0423696674637149
0.9,fTS,0.0610340572230531
0.9,fTS,0.0506783405596017
0.9,fTS,0.0421552876862785
0.9,fTS,0.0469367786847607
0.9,fTS,0.0445257660182314
0.9,fTS,0.0310485746494129
0.9,fTS,0.0455203664751868
0.9,fTS,0.0509475377091492
0.9,fTS,0.0458285681180737
0.9,fTS,0.0405282970036738
0.9,fTS,0.0401539211030239
0.9,fTS,0.043164820813975
0.9,fTS,0.043000337031752
0.9,fTS,0.0459888457282787
0.9,fTS,0.0436439071881839
0.9,fTS,0.0735279662780723
0.9,fTS,0.0713284535930569
0.9,fTS,0.0618164043460292
0.9,fTS,0.0703435868555067
0.9,fTS,0.0610866864573805
0.9,fTS,0.0378442457889092
0.9,fTS,0.0342364797663791
0.9,fTS,0.0382362448869981
0.9,fTS,0.0618482777666271
0.9,fTS,0.0615483716409009
0.9,fTS,0.0531659961712857
0.9,fTS,0.0399331234203194
0.9,fTS,0.0456541069216713
0.9,fTS,0.054879043601546
0.9,fTS,0.0506497315655153
0.9,fTS,0.0314939910642825
0.9,fTS,0.0340231314638866
0.9,fTS,0.0447145371777
0.9,fTS,0.0521838765334669
0.9,fTS,0.0531168352691696
0.9,fTS,0.0676584165980398
0.9,fTS,0.0422945735116031
0.9,fTS,0.0512910054797485
0.9,fTS,0.0359716241281969
0.9,fTS,0.0554048423849755
0.9,fTS,0.0253371733941996
0.9,fTS,0.0321719469358347
0.9,fTS,0.0505940725117118
0.9,fTS,0.054045964370406
0.9,fTS,0.0626441922210238
0.9,fTS,0.0311862638122923
0.9,fTS,0.0525805115436743
0.9,fTS,0.0532542728630137
0.9,fTS,0.0547333568399821
0.9,fTS,0.0310339485459827
0.9,fTS,0.028517203723238
0.9,fTS,0.0586171971612702
0.9,fTS,0.0696169840706219
0.9,fTS,0.0461507327495892
0.9,fTS,0.0514775291433256
0.9,fTS,0.0597868983836753
0.9,fTS,0.0924745693183893
0.9,fTS,0.0526730136197483
0.9,fTS,0.0710709106644319
0.9,fTS,0.0410074846768788
0.9,fTS,0.0632193899894914
0.9,fTS,0.0488852908422171
0.9,fTS,0.0504091123280566
0.9,fTS,0.03500363758879
0.9,fTS,0.0467304246142206
0.9,fTS,0.0314504363022633
0.9,fTS,0.0365832461699444
0.9,fTS,0.0679601994105549
0.9,fTS,0.0638321773857935
0.9,fTS,0.0542535286844211
0.9,fTS,0.0446781549265831
0.9,fTS,0.0567584355707862
0.9,fTS,0.0369932924091437
0.9,fTS,0.0499958575895535
0.9,fTS,0.036892881750822
0.9,fTS,0.0384297771971445
0.9,fTS,0.0805577680966321
0.9,fTS,0.0580808619265586
0.9,fTS,0.0271696494664777
0.9,fTS,0.0372171537513224
0.9,fTS,0.0390346923224906
0.9,fTS,0.0511095769098432
0.9,fTS,0.0567063403834678
0.9,fTS,0.0438974206983209
0.9,fTS,0.0429397094247742
0.9,fTS,0.0444615367535222
0.9,fTS,0.029169565364515
0.9,fTS,0.0548721731192169
0.9,fTS,0.029197090227222
0.9,fTS,0.02812442242251
0.9,fTS,0.0570127933432624
0.9,fTS,0.0725463229303138
0.9,fTS,0.0426455815419748
0.9,fTS,0.0817698019031161
0.9,fTS,0.0367058460445437
0.9,fTS,0.0480114460186725
0.9,fTS,0.0387611076313362
0.9,fTS,0.0451818057499152
0.9,fTS,0.0250736011910841
0.9,fTS,0.0529765660856282
0.9,fTS,0.0645257895685823
0.9,fTS,0.0279140525213509
0.9,fTS,0.0763106854131222
0.9,fTS,0.0377521833201874
0.9,fTS,0.0282842503600939
0.9,fTS,0.0446115392671079
0.9,fTS,0.0506826447924244
0.9,fTS,0.0509910839836091
0.9,fTS,0.0371111195654597
0.9,fTS,0.0410198542836455
0.9,fTS,0.0537488348634696
0.9,fTS,0.0394606969527405
0.9,fTS,0.0251936590856306
0.9,fTS,0.0362083293230292
0.9,fTS,0.0492530010779755
0.9,fTS,0.0391962736446078
0.9,fTS,0.0341400725219664
0.9,fTS,0.0651017239445059
0.9,fTS,0.0326297801398194
0.9,fTS,0.0314161306765915
0.9,fTS,0.0432025981193529
0.9,fTS,0.0428049788814194
0.9,fTS,0.0446381731493213
0.9,fTS,0.0560956160257416
0.9,fTS,0.0358139170851791
0.9,fTS,0.0385169229631637
0.9,fTS,0.0480802593861877
0.9,fTS,0.0340359226732081
0.9,fTS,0.0349973882784637
0.9,fTS,0.0562189456803615
0.9,fTS,0.0290989717223198
0.9,fTS,0.0543698354637142
0.9,fTS,0.0627647080788028
0.9,fTS,0.0458512272923139
0.9,fTS,0.0594280736502609
0.9,fTS,0.0360893505318837
0.9,fTS,0.0391731261387188
0.9,fTS,0.0364768976785855
0.9,fTS,0.0291010176048479
0.9,fTS,0.0369254098057816
0.9,fTS,0.0390483005085733
0.9,fTS,0.0265620652486019
0.9,fTS,0.0395752335297344
0.9,fTS,0.049200264456667
0.9,fTS,0.0717091120265343
0.9,fTS,0.0323154834993324
0.9,fTS,0.0581056924489239
0.9,fTS,0.0515447970688687
0.9,fTS,0.0409739682690661
0.9,fTS,0.0575654975811365
0.9,fTS,0.082581634819816
0.9,fTS,0.0732600926378427
0.9,fTS,0.0520474162150594
0.9,fTS,0.0331131169707859
0.9,fTS,0.0363412489911459
0.9,fTS,0.0390370267157876
0.9,fTS,0.0381542240493335
0.9,fTS,0.0363470299692026
0.9,fTS,0.0683010586812341
0.9,fTS,0.0368940193878226
0.9,fTS,0.0545088926570041
0.9,fTS,0.0539701634341256
0.9,fTS,0.0441348981775083
0.9,LS_oracle,0.0556862330996906
0.9,LS_oracle,0.0948143626670932
0.9,LS_oracle,0.136254325699719
0.9,LS_oracle,0.073565746260592
0.9,LS_oracle,0.0401558811463188
0.9,LS_oracle,0.0589666132978909
0.9,LS_oracle,0.0884103080051711
0.9,LS_oracle,0.0476640231577507
0.9,LS_oracle,0.042397539047408
0.9,LS_oracle,0.0592654385371056
0.9,LS_oracle,0.0571916473155347
0.9,LS_oracle,0.109272023826887
0.9,LS_oracle,0.088362408382633
0.9,LS_oracle,0.0778515318381458
0.9,LS_oracle,0.0508970371935255
0.9,LS_oracle,0.0540407048582739
0.9,LS_oracle,0.0288621661131839
0.9,LS_oracle,0.0477797069225159
0.9,LS_oracle,0.058144316739274
0.9,LS_oracle,0.102266896943647
0.9,LS_oracle,0.0259594648480574
0.9,LS_oracle,0.037894243372884
0.9,LS_oracle,0.0682947907089757
0.9,LS_oracle,0.0510111249775146
0.9,LS_oracle,0.0754162615022294
0.9,LS_oracle,0.139564301862413
0.9,LS_oracle,0.0478938257860871
0.9,LS_oracle,0.0750791288462817
0.9,LS_oracle,0.072887090878234
0.9,LS_oracle,0.0499829552265807
0.9,LS_oracle,0.032516043410885
0.9,LS_oracle,0.0328590356146557
0.9,LS_oracle,0.0822711695360204
0.9,LS_oracle,0.0392942353152668
0.9,LS_oracle,0.122514545008093
0.9,LS_oracle,0.0653451889778717
0.9,LS_oracle,0.0583656908879591
0.9,LS_oracle,0.0462487216225539
0.9,LS_oracle,0.0537032647587239
0.9,LS_oracle,0.086258562515248
0.9,LS_oracle,0.0621083139071613
0.9,LS_oracle,0.0566918053945617
0.9,LS_oracle,0.0545030917295147
0.9,LS_oracle,0.104846368422632
0.9,LS_oracle,0.0391758996668546
0.9,LS_oracle,0.0582823197038752
0.9,LS_oracle,0.0452322143693661
0.9,LS_oracle,0.0405545538177582
0.9,LS_oracle,0.0535721189861082
0.9,LS_oracle,0.0785975038658181
0.9,LS_oracle,0.0859396645769096
0.9,LS_oracle,0.0766985805147549
0.9,LS_oracle,0.0704279159635857
0.9,LS_oracle,0.0976283320976565
0.9,LS_oracle,0.118152191363632
0.9,LS_oracle,0.0890839371840101
0.9,LS_oracle,0.0881129682891526
0.9,LS_oracle,0.0327109067739466
0.9,LS_oracle,0.0604992198778638
0.9,LS_oracle,0.0391310612483085
0.9,LS_oracle,0.133852688623427
0.9,LS_oracle,0.0568407195451275
0.9,LS_oracle,0.0780895966232387
0.9,LS_oracle,0.0867629647085506
0.9,LS_oracle,0.0645059949786377
0.9,LS_oracle,0.0435213091135502
0.9,LS_oracle,0.0558588148359528
0.9,LS_oracle,0.039021575186794
0.9,LS_oracle,0.0350319994349692
0.9,LS_oracle,0.0465997150559015
0.9,LS_oracle,0.0999994546964432
0.9,LS_oracle,0.0470792252336722
0.9,LS_oracle,0.066328836670265
0.9,LS_oracle,0.0811898639759665
0.9,LS_oracle,0.0588513020099138
0.9,LS_oracle,0.0410451210474078
0.9,LS_oracle,0.0571643158016417
0.9,LS_oracle,0.0785172801956656
0.9,LS_oracle,0.0319924751065515
0.9,LS_oracle,0.049052054098375
0.9,LS_oracle,0.0444039426861625
0.9,LS_oracle,0.120243065083694
0.9,LS_oracle,0.0430376563012373
0.9,LS_oracle,0.056337023756042
0.9,LS_oracle,0.0761261875126919
0.9,LS_oracle,0.0516075277395868
0.9,LS_oracle,0.0311039998370972
0.9,LS_oracle,0.0501016745561662
0.9,LS_oracle,0.0788383083702946
0.9,LS_oracle,0.0719612929209195
0.9,LS_oracle,0.0800862702922126
0.9,LS_oracle,0.0532376745943136
0.9,LS_oracle,0.0518362563563762
0.9,LS_oracle,0.10791004430243
0.9,LS_oracle,0.0444412127166776
0.9,LS_oracle,0.0775488071026636
0.9,LS_oracle,0.0485585338272999
0.9,LS_oracle,0.0668687905777197
0.9,LS_oracle,0.0475154407356698
0.9,LS_oracle,0.146386756343605
0.9,LS_oracle,0.043361432769383
0.9,LS_oracle,0.107964239296748
0.9,LS_oracle,0.0515422578525797
0.9,LS_oracle,0.041718418807459
0.9,LS_oracle,0.0730346715334395
0.9,LS_oracle,0.0700566259358133
0.9,LS_oracle,0.0969185938856587
0.9,LS_oracle,0.0372947696794156
0.9,LS_oracle,0.068661266504371
0.9,LS_oracle,0.0405297219732766
0.9,LS_oracle,0.0742585161254396
0.9,LS_oracle,0.0599512730362094
0.9,LS_oracle,0.0758553438528178
0.9,LS_oracle,0.0706723374338324
0.9,LS_oracle,0.0518591296601021
0.9,LS_oracle,0.020386478702753
0.9,LS_oracle,0.0285508662106658
0.9,LS_oracle,0.0485790201185453
0.9,LS_oracle,0.0501762604335749
0.9,LS_oracle,0.0831418949013477
0.9,LS_oracle,0.0507809341175871
0.9,LS_oracle,0.0283716930906189
0.9,LS_oracle,0.0362448552366877
0.9,LS_oracle,0.122242498676275
0.9,LS_oracle,0.063582433613795
0.9,LS_oracle,0.0315934306554818
0.9,LS_oracle,0.0309597043510788
0.9,LS_oracle,0.0876740695058627
0.9,LS_oracle,0.0794516522530959
0.9,LS_oracle,0.0476143508103793
0.9,LS_oracle,0.0919457393238327
0.9,LS_oracle,0.0617277646824203
0.9,LS_oracle,0.130224547491197
0.9,LS_oracle,0.040080049620965
0.9,LS_oracle,0.0440358319396928
0.9,LS_oracle,0.0514803094867196
0.9,LS_oracle,0.0490930088243131
0.9,LS_oracle,0.0796472454482745
0.9,LS_oracle,0.0368222897434101
0.9,LS_oracle,0.080089067895882
0.9,LS_oracle,0.071954359089056
0.9,LS_oracle,0.0289783608800031
0.9,LS_oracle,0.0697395835322157
0.9,LS_oracle,0.0549327619102943
0.9,LS_oracle,0.0784218370797972
0.9,LS_oracle,0.0464515737068707
0.9,LS_oracle,0.0311966244122143
0.9,LS_oracle,0.0598006336607414
0.9,LS_oracle,0.0313373844791341
0.9,LS_oracle,0.0458596239966361
0.9,LS_oracle,0.0666376362534431
0.9,LS_oracle,0.0603807264837918
0.9,LS_oracle,0.0469814655638288
0.9,LS_oracle,0.0405567378076686
0.9,LS_oracle,0.0854767506998745
0.9,LS_oracle,0.0558057832977173
0.9,LS_oracle,0.0406680644962413
0.9,LS_oracle,0.0558123247850741
0.9,LS_oracle,0.0537985927138701
0.9,LS_oracle,0.0753314859732473
0.9,LS_oracle,0.0676505664291304
0.9,LS_oracle,0.0313197539203603
0.9,LS_oracle,0.0468182216132679
0.9,LS_oracle,0.0743465185388807
0.9,LS_oracle,0.0584976495109459
0.9,LS_oracle,0.0418834668587428
0.9,LS_oracle,0.0793572755789105
0.9,LS_oracle,0.0223394161985148
0.9,LS_oracle,0.0824846060770746
0.9,LS_oracle,0.153066080613639
0.9,LS_oracle,0.0437820885810391
0.9,LS_oracle,0.0894025244959758
0.9,LS_oracle,0.068824448985213
0.9,LS_oracle,0.0485559637132889
0.9,LS_oracle,0.0924519837689539
0.9,LS_oracle,0.024686899427845
0.9,LS_oracle,0.0351066002095552
0.9,LS_oracle,0.0633968109515995
0.9,LS_oracle,0.175104775578619
0.9,LS_oracle,0.0535050571186252
0.9,LS_oracle,0.144372984931392
0.9,LS_oracle,0.0770557867881258
0.9,LS_oracle,0.0458448797996941
0.9,LS_oracle,0.0873895182493396
0.9,LS_oracle,0.0737620325238216
0.9,LS_oracle,0.0661940617795971
0.9,LS_oracle,0.0811349969983072
0.9,LS_oracle,0.0957040027724115
0.9,LS_oracle,0.0803149687305391
0.9,LS_oracle,0.0618660284781894
0.9,LS_oracle,0.048827711178362
0.9,LS_oracle,0.0354715983251613
0.9,LS_oracle,0.0536023958929513
0.9,LS_oracle,0.0342297840207857
0.9,LS_oracle,0.05370440440353
0.9,LS_oracle,0.0757625155824648
0.9,LS_oracle,0.038750702132619
0.9,LS_oracle,0.0627934112689288
0.9,LS_oracle,0.0797377032639019
0.9,LS_oracle,0.0553087542842048
0.9,TS_oracle,0.0652900818890274
0.9,TS_oracle,0.076443257794509
0.9,TS_oracle,0.0387496043833127
0.9,TS_oracle,0.0650883940654332
0.9,TS_oracle,0.0384223165306509
0.9,TS_oracle,0.040059792110173
0.9,TS_oracle,0.0784217589378529
0.9,TS_oracle,0.0289782661170878
0.9,TS_oracle,0.0405183491314514
0.9,TS_oracle,0.064183770627306
0.9,TS_oracle,0.0627158698714492
0.9,TS_oracle,0.0751627824061606
0.9,TS_oracle,0.0378660351847612
0.9,TS_oracle,0.0429138378500412
0.9,TS_oracle,0.0516663059196112
0.9,TS_oracle,0.0398145026222259
0.9,TS_oracle,0.0482646542150897
0.9,TS_oracle,0.0367029083564494
0.9,TS_oracle,0.0504738949823787
0.9,TS_oracle,0.0671571879980199
0.9,TS_oracle,0.0236630001362886
0.9,TS_oracle,0.042299999080152
0.9,TS_oracle,0.0376691963509971
0.9,TS_oracle,0.0477239533457417
0.9,TS_oracle,0.048690724500134
0.9,TS_oracle,0.0419890869483846
0.9,TS_oracle,0.0273321823532865
0.9,TS_oracle,0.0351843493698217
0.9,TS_oracle,0.0702899305500114
0.9,TS_oracle,0.0234594026184864
0.9,TS_oracle,0.0441293065357611
0.9,TS_oracle,0.034066809407124
0.9,TS_oracle,0.0555153319430069
0.9,TS_oracle,0.0350423881037932
0.9,TS_oracle,0.0499768831567012
0.9,TS_oracle,0.0552857027067298
0.9,TS_oracle,0.0423636368326102
0.9,TS_oracle,0.0610366065970967
0.9,TS_oracle,0.0506803620424152
0.9,TS_oracle,0.0421041673051103
0.9,TS_oracle,0.0469406471601042
0.9,TS_oracle,0.0445285024601684
0.9,TS_oracle,0.0312988694898844
0.9,TS_oracle,0.0455881298004348
0.9,TS_oracle,0.0509151674484128
0.9,TS_oracle,0.0458291000627079
0.9,TS_oracle,0.0405267180070536
0.9,TS_oracle,0.0401549939040507
0.9,TS_oracle,0.0429683158617288
0.9,TS_oracle,0.043076498715855
0.9,TS_oracle,0.0459861456518629
0.9,TS_oracle,0.0436438901325835
0.9,TS_oracle,0.0737465615209736
0.9,TS_oracle,0.0715734587949706
0.9,TS_oracle,0.0619866180446929
0.9,TS_oracle,0.0703413691611633
0.9,TS_oracle,0.0610894565767027
0.9,TS_oracle,0.0378405263741749
0.9,TS_oracle,0.0342386896331764
0.9,TS_oracle,0.0382388485985564
0.9,TS_oracle,0.0618540928340518
0.9,TS_oracle,0.0614711061950151
0.9,TS_oracle,0.0531536840252218
0.9,TS_oracle,0.0399168156238878
0.9,TS_oracle,0.0456469991758117
0.9,TS_oracle,0.0548833961812439
0.9,TS_oracle,0.0506558534901261
0.9,TS_oracle,0.0314958073702564
0.9,TS_oracle,0.0340162629176352
0.9,TS_oracle,0.0447137065574722
0.9,TS_oracle,0.0522338214305755
0.9,TS_oracle,0.0531964359526312
0.9,TS_oracle,0.0680388171101529
0.9,TS_oracle,0.0422963623029594
0.9,TS_oracle,0.0513065423024472
0.9,TS_oracle,0.0363151691400162
0.9,TS_oracle,0.0553984250503836
0.9,TS_oracle,0.0253440270037872
0.9,TS_oracle,0.0322591579493023
0.9,TS_oracle,0.050586957713651
0.9,TS_oracle,0.0540640899363597
0.9,TS_oracle,0.0626574864729655
0.9,TS_oracle,0.0311935692088493
0.9,TS_oracle,0.0528005918767495
0.9,TS_oracle,0.0531556349081022
0.9,TS_oracle,0.0547387560081967
0.9,TS_oracle,0.0310362092655199
0.9,TS_oracle,0.0285095251801669
0.9,TS_oracle,0.0582528427634549
0.9,TS_oracle,0.0696154095046438
0.9,TS_oracle,0.0461442587011068
0.9,TS_oracle,0.0514978012819127
0.9,TS_oracle,0.0597852605779067
0.9,TS_oracle,0.0924420539792581
0.9,TS_oracle,0.0525444207006717
0.9,TS_oracle,0.0710766838278388
0.9,TS_oracle,0.0409784077246464
0.9,TS_oracle,0.0631486039044007
0.9,TS_oracle,0.0488823278341473
0.9,TS_oracle,0.0501566947509489
0.9,TS_oracle,0.0349949137689072
0.9,TS_oracle,0.0467332851791656
0.9,TS_oracle,0.0316439051922932
0.9,TS_oracle,0.0365791599113768
0.9,TS_oracle,0.067965875055319
0.9,TS_oracle,0.0638318905129201
0.9,TS_oracle,0.0542993867569176
0.9,TS_oracle,0.0446948896902268
0.9,TS_oracle,0.0567573741499011
0.9,TS_oracle,0.0368348617132563
0.9,TS_oracle,0.049996909869262
0.9,TS_oracle,0.0368916330738814
0.9,TS_oracle,0.0382765004983026
0.9,TS_oracle,0.0805476196654748
0.9,TS_oracle,0.0583455100411154
0.9,TS_oracle,0.0271589097195957
0.9,TS_oracle,0.0372116265629207
0.9,TS_oracle,0.0390911360863318
0.9,TS_oracle,0.0511004174424055
0.9,TS_oracle,0.0567840774206251
0.9,TS_oracle,0.0439174789385504
0.9,TS_oracle,0.043225654859216
0.9,TS_oracle,0.0444404904081806
0.9,TS_oracle,0.0293505739022838
0.9,TS_oracle,0.0548721224747139
0.9,TS_oracle,0.029195873281885
0.9,TS_oracle,0.0281722526254811
0.9,TS_oracle,0.0569803913453239
0.9,TS_oracle,0.0726475459919176
0.9,TS_oracle,0.04251131907692
0.9,TS_oracle,0.0817734848354495
0.9,TS_oracle,0.0367298106320282
0.9,TS_oracle,0.0480087459882288
0.9,TS_oracle,0.0387046345137454
0.9,TS_oracle,0.0451784222836692
0.9,TS_oracle,0.0250364613705246
0.9,TS_oracle,0.0530351396588822
0.9,TS_oracle,0.0639453256824619
0.9,TS_oracle,0.0279027200693272
0.9,TS_oracle,0.0763123394089752
0.9,TS_oracle,0.0377511726134389
0.9,TS_oracle,0.0283020047597019
0.9,TS_oracle,0.0445986491256832
0.9,TS_oracle,0.0507152810988111
0.9,TS_oracle,0.0509881974109342
0.9,TS_oracle,0.0371243662385824
0.9,TS_oracle,0.0410983233516809
0.9,TS_oracle,0.0537537469583252
0.9,TS_oracle,0.0394572659514346
0.9,TS_oracle,0.025189904180387
0.9,TS_oracle,0.0362231496613934
0.9,TS_oracle,0.0492530129405948
0.9,TS_oracle,0.0391955659733086
0.9,TS_oracle,0.0341384653527438
0.9,TS_oracle,0.065099293005115
0.9,TS_oracle,0.0326355928249223
0.9,TS_oracle,0.0315784341460019
0.9,TS_oracle,0.0432299735167646
0.9,TS_oracle,0.0431018679100601
0.9,TS_oracle,0.0446190347401526
0.9,TS_oracle,0.0560995756976854
0.9,TS_oracle,0.0358460321092559
0.9,TS_oracle,0.0385135349648604
0.9,TS_oracle,0.0480813477225608
0.9,TS_oracle,0.0340521048187472
0.9,TS_oracle,0.0352867173125417
0.9,TS_oracle,0.0559029695298944
0.9,TS_oracle,0.029153806190157
0.9,TS_oracle,0.0543503791941781
0.9,TS_oracle,0.0628018880942545
0.9,TS_oracle,0.0460933538726595
0.9,TS_oracle,0.0594240136340675
0.9,TS_oracle,0.0360881578725611
0.9,TS_oracle,0.0394948281128143
0.9,TS_oracle,0.0365131708614972
0.9,TS_oracle,0.0291261102751284
0.9,TS_oracle,0.0368959322007329
0.9,TS_oracle,0.0390574915654241
0.9,TS_oracle,0.0265604347609229
0.9,TS_oracle,0.0395623491509054
0.9,TS_oracle,0.0492538399455396
0.9,TS_oracle,0.0717073223162409
0.9,TS_oracle,0.0320734163740368
0.9,TS_oracle,0.0581215135088799
0.9,TS_oracle,0.0515482960747468
0.9,TS_oracle,0.0409464415724039
0.9,TS_oracle,0.0575608057302138
0.9,TS_oracle,0.082580129907606
0.9,TS_oracle,0.0732608953632758
0.9,TS_oracle,0.0516956581594373
0.9,TS_oracle,0.0331685364018059
0.9,TS_oracle,0.036342653797623
0.9,TS_oracle,0.0387243936006779
0.9,TS_oracle,0.0381560920860382
0.9,TS_oracle,0.0363502238565935
0.9,TS_oracle,0.0682998569403429
0.9,TS_oracle,0.0369955470645461
0.9,TS_oracle,0.0545028532182495
0.9,TS_oracle,0.0539702471121629
0.9,TS_oracle,0.0443183870326522
