rho,methods,MSEf_value
0,PLS,0.0623966416228543
0,PLS,0.0533028918977863
0,PLS,0.0894039767799806
0,PLS,0.0671204889767938
0,PLS,0.0791113429142871
0,PLS,0.0645947599814111
0,PLS,0.0586477873575373
0,PLS,0.070671395960128
0,PLS,0.0711207777942867
0,PLS,0.0490184099664615
0,PLS,0.0898133071322445
0,PLS,0.0545220706739
0,PLS,0.0984414166991885
0,PLS,0.0991042051868309
0,PLS,0.0520821065559391
0,PLS,0.0698648009744846
0,PLS,0.109327494695336
0,PLS,0.040202604832006
0,PLS,0.088223508458104
0,PLS,0.0385867514325237
0,PLS,0.0479032050594685
0,PLS,0.0504181159519919
0,PLS,0.0538392755841896
0,PLS,0.0785051844721676
0,PLS,0.0884196022130502
0,PLS,0.0635919885833703
0,PLS,0.082168164189957
0,PLS,0.071008151644832
0,PLS,0.112462489272748
0,PLS,0.0653845800633362
0,PLS,0.1356103457767
0,PLS,0.0567261525510359
0,PLS,0.0819601758803595
0,PLS,0.046217594916042
0,PLS,0.0526337596749703
0,PLS,0.132856492312975
0,PLS,0.051688193566673
0,PLS,0.0752056841631302
0,PLS,0.089569726394925
0,PLS,0.0850259079930941
0,PLS,0.117977826177678
0,PLS,0.0959119557915919
0,PLS,0.0892743453452214
0,PLS,0.0472895316552168
0,PLS,0.0509765913545662
0,PLS,0.126671405776485
0,PLS,0.044827345778173
0,PLS,0.0755141115116975
0,PLS,0.0682896667845392
0,PLS,0.0528222706084861
0,PLS,0.0851674277515818
0,PLS,0.0672081363276505
0,PLS,0.0436040778013473
0,PLS,0.0577985111594006
0,PLS,0.13931109629154
0,PLS,0.058412941872967
0,PLS,0.152413204018603
0,PLS,0.123234536122108
0,PLS,0.0816508105344143
0,PLS,0.124555352416708
0,PLS,0.0482838279528219
0,PLS,0.0387621284723949
0,PLS,0.0828745691759761
0,PLS,0.0735683016647811
0,PLS,0.125120401683541
0,PLS,0.0729513412997964
0,PLS,0.0923638780688467
0,PLS,0.0734839164838936
0,PLS,0.0872701815649434
0,PLS,0.0599045584090361
0,PLS,0.0480308609008773
0,PLS,0.091556567019075
0,PLS,0.0711149444977823
0,PLS,0.0989738135503451
0,PLS,0.0485216867021292
0,PLS,0.101654023648413
0,PLS,0.076256182294007
0,PLS,0.0730493586199733
0,PLS,0.0568438086089572
0,PLS,0.0367709588641826
0,PLS,0.0920427518181235
0,PLS,0.0523555186106027
0,PLS,0.0523155689644182
0,PLS,0.119025429990649
0,PLS,0.07459536732191
0,PLS,0.0525686825794306
0,PLS,0.0594626254097943
0,PLS,0.056865609910844
0,PLS,0.0817778452174528
0,PLS,0.0838111614928598
0,PLS,0.108105704886392
0,PLS,0.0824652914454143
0,PLS,0.042786490783121
0,PLS,0.0758593623727267
0,PLS,0.0453817445717837
0,PLS,0.092625783300139
0,PLS,0.0394681709207842
0,PLS,0.0640841506719258
0,PLS,0.0519548926761281
0,PLS,0.0767250228278874
0,PLS,0.059032221272373
0,PLS,0.061238542014594
0,PLS,0.0558771015822642
0,PLS,0.0892008913855486
0,PLS,0.0445122043944904
0,PLS,0.0786402876599642
0,PLS,0.0545726421679151
0,PLS,0.120527671375418
0,PLS,0.0529397167445479
0,PLS,0.0741497757929461
0,PLS,0.0416698396825756
0,PLS,0.110169841290989
0,PLS,0.0649336024180143
0,PLS,0.0565096886176843
0,PLS,0.0920594095557709
0,PLS,0.0379712718701686
0,PLS,0.118083520740845
0,PLS,0.0472099338552886
0,PLS,0.0490261349239839
0,PLS,0.0498321543276685
0,PLS,0.056309582453298
0,PLS,0.107398879247263
0,PLS,0.0950811540585796
0,PLS,0.0659102174100069
0,PLS,0.100037855131601
0,PLS,0.0467628461380124
0,PLS,0.0717291974286269
0,PLS,0.0842772359291533
0,PLS,0.061892931526672
0,PLS,0.0825872917360523
0,PLS,0.0583893650496061
0,PLS,0.0693811435334449
0,PLS,0.0446362823036844
0,PLS,0.0519100572090397
0,PLS,0.0791122622590839
0,PLS,0.0638267172823365
0,PLS,0.0883457508276351
0,PLS,0.0574852146862925
0,PLS,0.071022726241158
0,PLS,0.119356310545114
0,PLS,0.0798084483148202
0,PLS,0.0837436294978833
0,PLS,0.0444086217736406
0,PLS,0.0559961848090589
0,PLS,0.0507163778454338
0,PLS,0.0808557250405841
0,PLS,0.0719466872177779
0,PLS,0.101820226363218
0,PLS,0.0640350661028238
0,PLS,0.108836696157555
0,PLS,0.0492665680121274
0,PLS,0.0702586931355124
0,PLS,0.112194860474489
0,PLS,0.0513418062198563
0,PLS,0.105167977465352
0,PLS,0.0860144210793701
0,PLS,0.056727251814255
0,PLS,0.0855927604634399
0,PLS,0.0848666576533566
0,PLS,0.0641259814549025
0,PLS,0.0941476593241691
0,PLS,0.0350923033264678
0,PLS,0.078740552319803
0,PLS,0.0748646626867913
0,PLS,0.1251832192819
0,PLS,0.0922470014768388
0,PLS,0.0925129325477677
0,PLS,0.0821700495252137
0,PLS,0.0959504166329487
0,PLS,0.120514816803383
0,PLS,0.0657567371554818
0,PLS,0.0556035068126517
0,PLS,0.0961566728162685
0,PLS,0.0663444098961913
0,PLS,0.0911461611869398
0,PLS,0.0930979169868339
0,PLS,0.0883565840194423
0,PLS,0.0700234079911861
0,PLS,0.067452115750506
0,PLS,0.0702453063412073
0,PLS,0.0501313169427974
0,PLS,0.119212448018504
0,PLS,0.0578793633889293
0,PLS,0.053990245677625
0,PLS,0.10357573973509
0,PLS,0.0657591483519256
0,PLS,0.0642695715154721
0,PLS,0.0626334542335541
0,PLS,0.063068731692728
0,PLS,0.0718090807673353
0,PLS,0.0626661169872116
0,PLS,0.068423818718076
0,PLS,0.0733882513712081
0,PLS,0.0988894966659195
0,PLS,0.0646642137013839
0,PLS,0.0591102157239674
0,PLS,0.062259589692473
0,PLS,0.103132535185847
0,PLS,0.0628025575677601
0,PLS,0.0694256439142504
0,fTS,0.062567907867643
0,fTS,0.0524976276274007
0,fTS,0.0894263696402326
0,fTS,0.0691356014155967
0,fTS,0.0795911206127155
0,fTS,0.0646010931075488
0,fTS,0.0586473740996014
0,fTS,0.0706722340681755
0,fTS,0.0711226158540886
0,fTS,0.0490184099664615
0,fTS,0.0899220486477065
0,fTS,0.054621875474002
0,fTS,0.0984414166991885
0,fTS,0.0991042051868309
0,fTS,0.0520821065559391
0,fTS,0.0699114545988296
0,fTS,0.109303196587258
0,fTS,0.0401882414596419
0,fTS,0.0882403561330941
0,fTS,0.0385924305708482
0,fTS,0.0479002285597984
0,fTS,0.0498598904960993
0,fTS,0.0539853891284464
0,fTS,0.0785503746019196
0,fTS,0.0884196022130502
0,fTS,0.0636451722951666
0,fTS,0.0821128089491292
0,fTS,0.0709781041992887
0,fTS,0.112462489272748
0,fTS,0.065361731506191
0,fTS,0.135666300177747
0,fTS,0.0567267328064613
0,fTS,0.081886062133343
0,fTS,0.0462259917554692
0,fTS,0.0526365497599165
0,fTS,0.132856492312975
0,fTS,0.0516903834799415
0,fTS,0.0752066555024305
0,fTS,0.089569726394925
0,fTS,0.0850259079930941
0,fTS,0.117956721523679
0,fTS,0.0959119557915919
0,fTS,0.0892743453452214
0,fTS,0.0472925309334512
0,fTS,0.0509792560466455
0,fTS,0.126671405776485
0,fTS,0.0448276700821432
0,fTS,0.0755141115116975
0,fTS,0.0682366672186782
0,fTS,0.0528222706084861
0,fTS,0.0852293589662742
0,fTS,0.0670231427161955
0,fTS,0.0436662027403571
0,fTS,0.0577985111594006
0,fTS,0.13931109629154
0,fTS,0.0584127609673193
0,fTS,0.152273362096035
0,fTS,0.122795580472668
0,fTS,0.0816703939893254
0,fTS,0.124531857801859
0,fTS,0.0482885066553167
0,fTS,0.0387789624334763
0,fTS,0.0825710090373904
0,fTS,0.0735025924782761
0,fTS,0.125120401683541
0,fTS,0.0727670736460151
0,fTS,0.0923704280749793
0,fTS,0.0734810333143651
0,fTS,0.086954928647418
0,fTS,0.0599043167482636
0,fTS,0.0480308609008773
0,fTS,0.0915831831832353
0,fTS,0.0713183976407173
0,fTS,0.0989729214093792
0,fTS,0.0485216867021292
0,fTS,0.101654023648413
0,fTS,0.0764517312363291
0,fTS,0.0730493586199732
0,fTS,0.056841206701253
0,fTS,0.03670589037182
0,fTS,0.0935719109293223
0,fTS,0.0523555186106027
0,fTS,0.0523155689644182
0,fTS,0.119029431620224
0,fTS,0.07459536732191
0,fTS,0.0525771941241921
0,fTS,0.059752043426962
0,fTS,0.0568656702237595
0,fTS,0.0817944309665561
0,fTS,0.0840507215906668
0,fTS,0.10817831229713
0,fTS,0.0824405304056127
0,fTS,0.042786490783121
0,fTS,0.0757561863212427
0,fTS,0.0454045426668624
0,fTS,0.092625783300139
0,fTS,0.0394681709207842
0,fTS,0.0640750257055007
0,fTS,0.0518242901765324
0,fTS,0.0762731302633772
0,fTS,0.059032221272373
0,fTS,0.0611718036086599
0,fTS,0.0558771015822642
0,fTS,0.0893483072257901
0,fTS,0.044498378460993
0,fTS,0.0794529065824399
0,fTS,0.055332641741109
0,fTS,0.12055248195343
0,fTS,0.0531078145621929
0,fTS,0.0741627452547697
0,fTS,0.0416698396825756
0,fTS,0.110169841290989
0,fTS,0.0649326206789257
0,fTS,0.05651033945656
0,fTS,0.092058828940335
0,fTS,0.0379712718701686
0,fTS,0.118132481605232
0,fTS,0.047210045372405
0,fTS,0.0490514094052475
0,fTS,0.0498199262466176
0,fTS,0.0563869622150498
0,fTS,0.107398879247263
0,fTS,0.0950811540585796
0,fTS,0.0659102174100069
0,fTS,0.100040766792319
0,fTS,0.0467650618904375
0,fTS,0.0718362956100142
0,fTS,0.0841850617131879
0,fTS,0.0619013851311744
0,fTS,0.0824171479079533
0,fTS,0.0583893650496061
0,fTS,0.0693836521017685
0,fTS,0.0446362823036844
0,fTS,0.0520399066588902
0,fTS,0.0791122622590839
0,fTS,0.0639438922456819
0,fTS,0.0881837691875857
0,fTS,0.0574723681379308
0,fTS,0.0712279369758706
0,fTS,0.119356411178733
0,fTS,0.0799163231907546
0,fTS,0.0836735034034253
0,fTS,0.0443932218154279
0,fTS,0.0559951396090869
0,fTS,0.0507580466129932
0,fTS,0.0808425509713205
0,fTS,0.0719466872177779
0,fTS,0.101356813844784
0,fTS,0.0640349222815239
0,fTS,0.10881528966262
0,fTS,0.0492664751613316
0,fTS,0.0700686553249955
0,fTS,0.111912876907219
0,fTS,0.0513026519928832
0,fTS,0.106016010308422
0,fTS,0.0860144210793701
0,fTS,0.0566238642421301
0,fTS,0.0855927604634399
0,fTS,0.0848666825890968
0,fTS,0.0638763002809546
0,fTS,0.0941476593241691
0,fTS,0.0348651958325967
0,fTS,0.0787154870181078
0,fTS,0.0748646626867912
0,fTS,0.1251832192819
0,fTS,0.0922470014768388
0,fTS,0.0933331538373158
0,fTS,0.082065352898997
0,fTS,0.0959924534572945
0,fTS,0.121210704415447
0,fTS,0.0651751085300598
0,fTS,0.0556706239728048
0,fTS,0.0961576413532235
0,fTS,0.0662122715738357
0,fTS,0.091146326651191
0,fTS,0.0930939871064352
0,fTS,0.0883567116708741
0,fTS,0.070233934461713
0,fTS,0.0674521089790435
0,fTS,0.0701474916041806
0,fTS,0.0501249844004865
0,fTS,0.119348318124704
0,fTS,0.0581537256413302
0,fTS,0.0540044362307392
0,fTS,0.10357573973509
0,fTS,0.0657538842355993
0,fTS,0.0643644288566194
0,fTS,0.0626444538144777
0,fTS,0.0630876458804428
0,fTS,0.0714095849633757
0,fTS,0.0626661169872116
0,fTS,0.068423818718076
0,fTS,0.0733841066304
0,fTS,0.0989006001150021
0,fTS,0.0640404359025087
0,fTS,0.0589201980670986
0,fTS,0.0622796705200012
0,fTS,0.10053850195463
0,fTS,0.0628778971032296
0,fTS,0.0693452069584593
0,LS_oracle,0.0625014437669355
0,LS_oracle,0.0532779871505504
0,LS_oracle,0.0893363888340555
0,LS_oracle,0.0666842057461895
0,LS_oracle,0.0791229267395782
0,LS_oracle,0.0648297104226202
0,LS_oracle,0.0574401920049118
0,LS_oracle,0.0696709521716426
0,LS_oracle,0.0716288049556086
0,LS_oracle,0.0490839998479356
0,LS_oracle,0.0898177026425894
0,LS_oracle,0.0546695024150591
0,LS_oracle,0.0982687481437382
0,LS_oracle,0.0989815214219677
0,LS_oracle,0.0519415851873125
0,LS_oracle,0.0699405813001044
0,LS_oracle,0.109425838847366
0,LS_oracle,0.0402329676414835
0,LS_oracle,0.0881621077404448
0,LS_oracle,0.0382797722955165
0,LS_oracle,0.0481066825626233
0,LS_oracle,0.0502676921571613
0,LS_oracle,0.0538238399498562
0,LS_oracle,0.0786010573956106
0,LS_oracle,0.0883997059672465
0,LS_oracle,0.063560656509143
0,LS_oracle,0.0822016531341094
0,LS_oracle,0.0706475140462474
0,LS_oracle,0.112513336645053
0,LS_oracle,0.0646048504525915
0,LS_oracle,0.135474283885391
0,LS_oracle,0.0561859378522266
0,LS_oracle,0.0822617617416514
0,LS_oracle,0.0466659735056192
0,LS_oracle,0.0526269899253046
0,LS_oracle,0.132938492144226
0,LS_oracle,0.0511817112818549
0,LS_oracle,0.0755089685104285
0,LS_oracle,0.089841721366399
0,LS_oracle,0.0876615072227875
0,LS_oracle,0.118066025568836
0,LS_oracle,0.0958612401891401
0,LS_oracle,0.0881362470321444
0,LS_oracle,0.0472949900162762
0,LS_oracle,0.0508792538556101
0,LS_oracle,0.126673762337042
0,LS_oracle,0.044938335059329
0,LS_oracle,0.0755895266052663
0,LS_oracle,0.0683875880927387
0,LS_oracle,0.0525234948905978
0,LS_oracle,0.0851536379108763
0,LS_oracle,0.0664546547696775
0,LS_oracle,0.0436315368391144
0,LS_oracle,0.0576342469304187
0,LS_oracle,0.139682065190636
0,LS_oracle,0.0584969406033784
0,LS_oracle,0.152318998059639
0,LS_oracle,0.122585447782282
0,LS_oracle,0.0806844751253833
0,LS_oracle,0.124482250660168
0,LS_oracle,0.0482982711222859
0,LS_oracle,0.0388266419441818
0,LS_oracle,0.0828087199224795
0,LS_oracle,0.0730579982329144
0,LS_oracle,0.125353149478369
0,LS_oracle,0.0727644431287774
0,LS_oracle,0.0924228090070053
0,LS_oracle,0.0736786759180793
0,LS_oracle,0.0872755892611303
0,LS_oracle,0.0588363255446446
0,LS_oracle,0.0477393344487552
0,LS_oracle,0.0916843640202944
0,LS_oracle,0.0712530431147378
0,LS_oracle,0.0989059451874175
0,LS_oracle,0.0485372716953107
0,LS_oracle,0.101755299559501
0,LS_oracle,0.0765244125282021
0,LS_oracle,0.0730732029851195
0,LS_oracle,0.056851006631405
0,LS_oracle,0.0367798129387818
0,LS_oracle,0.0922018610092334
0,LS_oracle,0.0523447223958832
0,LS_oracle,0.0523347267451798
0,LS_oracle,0.11941012321755
0,LS_oracle,0.0735725239453608
0,LS_oracle,0.0526753569163333
0,LS_oracle,0.0595365309810113
0,LS_oracle,0.0571530615840131
0,LS_oracle,0.0821019060815604
0,LS_oracle,0.0840573295009368
0,LS_oracle,0.1079907633189
0,LS_oracle,0.0827779085384363
0,LS_oracle,0.0430448339763319
0,LS_oracle,0.0763791267058742
0,LS_oracle,0.045087200274057
0,LS_oracle,0.0924303808233191
0,LS_oracle,0.0396183490218801
0,LS_oracle,0.0637341016223914
0,LS_oracle,0.0520176642031764
0,LS_oracle,0.0771859424252037
0,LS_oracle,0.0588887140384932
0,LS_oracle,0.0611568792664929
0,LS_oracle,0.0558807232635687
0,LS_oracle,0.0892935956463263
0,LS_oracle,0.0441653224781892
0,LS_oracle,0.0782930181902395
0,LS_oracle,0.0545567466128786
0,LS_oracle,0.119979637334397
0,LS_oracle,0.052968843586654
0,LS_oracle,0.0741618735378692
0,LS_oracle,0.0414529211296962
0,LS_oracle,0.110272599714231
0,LS_oracle,0.0648949463450522
0,LS_oracle,0.056513130066121
0,LS_oracle,0.0922676623297924
0,LS_oracle,0.0378658822473871
0,LS_oracle,0.118169446848821
0,LS_oracle,0.0466253768216545
0,LS_oracle,0.0489930295724515
0,LS_oracle,0.049427378959836
0,LS_oracle,0.0566508529365068
0,LS_oracle,0.10746168318969
0,LS_oracle,0.0950651001449455
0,LS_oracle,0.0664898364905459
0,LS_oracle,0.100261526878408
0,LS_oracle,0.0467612893611729
0,LS_oracle,0.0712893809960095
0,LS_oracle,0.0842599591644027
0,LS_oracle,0.0618273077800452
0,LS_oracle,0.0819817392654764
0,LS_oracle,0.0587808077050833
0,LS_oracle,0.0694438137230908
0,LS_oracle,0.0442668301678761
0,LS_oracle,0.0519192808449791
0,LS_oracle,0.0773707007658814
0,LS_oracle,0.0639418861035159
0,LS_oracle,0.0875531912943942
0,LS_oracle,0.0573250622435871
0,LS_oracle,0.0711032998551176
0,LS_oracle,0.119340680416957
0,LS_oracle,0.079809745826081
0,LS_oracle,0.0832861420502019
0,LS_oracle,0.0444992407605646
0,LS_oracle,0.0560463881737528
0,LS_oracle,0.051034018682783
0,LS_oracle,0.0807956236558498
0,LS_oracle,0.073627895160674
0,LS_oracle,0.101060166576263
0,LS_oracle,0.0637332985793619
0,LS_oracle,0.108643961619911
0,LS_oracle,0.0490718379666143
0,LS_oracle,0.0710000066395536
0,LS_oracle,0.112374043085048
0,LS_oracle,0.0514424991602216
0,LS_oracle,0.106862405240016
0,LS_oracle,0.0861566213668039
0,LS_oracle,0.0566777054912127
0,LS_oracle,0.08583689637072
0,LS_oracle,0.0829316085739945
0,LS_oracle,0.0636379963621136
0,LS_oracle,0.0953120050359053
0,LS_oracle,0.0344814992153687
0,LS_oracle,0.0784585602094509
0,LS_oracle,0.0753727312979687
0,LS_oracle,0.125082710929147
0,LS_oracle,0.0921732809832116
0,LS_oracle,0.0932627541555217
0,LS_oracle,0.0825438936235163
0,LS_oracle,0.0967614332634521
0,LS_oracle,0.120514289092183
0,LS_oracle,0.0655487870489119
0,LS_oracle,0.0556183378055413
0,LS_oracle,0.0942712757387335
0,LS_oracle,0.0663120204620051
0,LS_oracle,0.0910210775620752
0,LS_oracle,0.09250311987284
0,LS_oracle,0.0881230354051659
0,LS_oracle,0.070303907299567
0,LS_oracle,0.0664506669541026
0,LS_oracle,0.0705018658819347
0,LS_oracle,0.0501451189397597
0,LS_oracle,0.118713135463688
0,LS_oracle,0.059007148778923
0,LS_oracle,0.0539620155337463
0,LS_oracle,0.103420907475304
0,LS_oracle,0.0655152262876736
0,LS_oracle,0.0648492351124711
0,LS_oracle,0.0625106678015468
0,LS_oracle,0.062626878571703
0,LS_oracle,0.0716274841882445
0,LS_oracle,0.0625977865423429
0,LS_oracle,0.0684416323307784
0,LS_oracle,0.0744662165481646
0,LS_oracle,0.0985354743461036
0,LS_oracle,0.0643978956047774
0,LS_oracle,0.0594376697110302
0,LS_oracle,0.0620635350077111
0,LS_oracle,0.10487074503257
0,LS_oracle,0.0628664483334788
0,LS_oracle,0.069229981183314
0,TS_oracle,0.0626759687141425
0,TS_oracle,0.0524489228959591
0,TS_oracle,0.089357068436184
0,TS_oracle,0.0686773102285479
0,TS_oracle,0.0796330052464622
0,TS_oracle,0.0648337325045635
0,TS_oracle,0.0574399408850123
0,TS_oracle,0.0696717808449095
0,TS_oracle,0.0716301639601221
0,TS_oracle,0.0490839998479356
0,TS_oracle,0.0899265195179132
0,TS_oracle,0.0547236267252543
0,TS_oracle,0.0982687481437382
0,TS_oracle,0.0989815214219677
0,TS_oracle,0.0519415851873125
0,TS_oracle,0.0699820374911445
0,TS_oracle,0.109425838847366
0,TS_oracle,0.0401778751701764
0,TS_oracle,0.0881864186837689
0,TS_oracle,0.0382855725500453
0,TS_oracle,0.0481034502085294
0,TS_oracle,0.0497208418490237
0,TS_oracle,0.0539601860313548
0,TS_oracle,0.0786010573956106
0,TS_oracle,0.0883997059672465
0,TS_oracle,0.0636138512256753
0,TS_oracle,0.0821473539789055
0,TS_oracle,0.0706158784170875
0,TS_oracle,0.112513336645053
0,TS_oracle,0.0646316835290124
0,TS_oracle,0.135471936000868
0,TS_oracle,0.0561973310842961
0,TS_oracle,0.0821804762702466
0,TS_oracle,0.0466445827241538
0,TS_oracle,0.0526298213600744
0,TS_oracle,0.13324327382371
0,TS_oracle,0.0511831106686089
0,TS_oracle,0.0755099321362921
0,TS_oracle,0.089841721366399
0,TS_oracle,0.0876615072227875
0,TS_oracle,0.118066025568836
0,TS_oracle,0.0958612401891401
0,TS_oracle,0.0881362470321444
0,TS_oracle,0.0472979843728701
0,TS_oracle,0.0508845622129542
0,TS_oracle,0.126673762337042
0,TS_oracle,0.0449395081884438
0,TS_oracle,0.0755895266052663
0,TS_oracle,0.0683342637418618
0,TS_oracle,0.0527041961211659
0,TS_oracle,0.0852154282576144
0,TS_oracle,0.0664581122695193
0,TS_oracle,0.0436987851684364
0,TS_oracle,0.0576342469304187
0,TS_oracle,0.13968212728735
0,TS_oracle,0.0584967864283005
0,TS_oracle,0.152178952570582
0,TS_oracle,0.122585447782282
0,TS_oracle,0.0806844751253833
0,TS_oracle,0.124464845106436
0,TS_oracle,0.048302657245878
0,TS_oracle,0.038811934220882
0,TS_oracle,0.0825156145152604
0,TS_oracle,0.0730386698761455
0,TS_oracle,0.125353149478369
0,TS_oracle,0.072586780932929
0,TS_oracle,0.0924295736432043
0,TS_oracle,0.0737157428784485
0,TS_oracle,0.0869389379477724
0,TS_oracle,0.0588350692025626
0,TS_oracle,0.0477393344487552
0,TS_oracle,0.091710305903842
0,TS_oracle,0.0714585608621731
0,TS_oracle,0.0989059451874175
0,TS_oracle,0.0485372716953107
0,TS_oracle,0.101993624433801
0,TS_oracle,0.0767282647703076
0,TS_oracle,0.0730732029851195
0,TS_oracle,0.0568484266798682
0,TS_oracle,0.0367171444400136
0,TS_oracle,0.0937322638231537
0,TS_oracle,0.0523447223958832
0,TS_oracle,0.0523347267451798
0,TS_oracle,0.119406156699672
0,TS_oracle,0.0735725239453608
0,TS_oracle,0.0526818357506997
0,TS_oracle,0.0599368624529393
0,TS_oracle,0.057153079707296
0,TS_oracle,0.0821110789733475
0,TS_oracle,0.0844656537949883
0,TS_oracle,0.108068967423318
0,TS_oracle,0.0827563502842512
0,TS_oracle,0.0430448339763319
0,TS_oracle,0.0763791267058742
0,TS_oracle,0.0451201808003362
0,TS_oracle,0.0924303808233191
0,TS_oracle,0.0396183490218801
0,TS_oracle,0.0637307378363754
0,TS_oracle,0.0520176642031764
0,TS_oracle,0.0767436522043014
0,TS_oracle,0.0588887140384928
0,TS_oracle,0.061131653548137
0,TS_oracle,0.0558807232635687
0,TS_oracle,0.089436830568936
0,TS_oracle,0.0441626792179227
0,TS_oracle,0.0790268780414073
0,TS_oracle,0.0553219061708621
0,TS_oracle,0.120008000009031
0,TS_oracle,0.0531381055433794
0,TS_oracle,0.074178107318764
0,TS_oracle,0.0414529211296962
0,TS_oracle,0.110272599714231
0,TS_oracle,0.0648942421195754
0,TS_oracle,0.0565138643905803
0,TS_oracle,0.0922671657028625
0,TS_oracle,0.0378658822473871
0,TS_oracle,0.118216040165834
0,TS_oracle,0.0462822734330442
0,TS_oracle,0.0490204129485122
0,TS_oracle,0.0494164102919315
0,TS_oracle,0.0566652308980951
0,TS_oracle,0.10746168318969
0,TS_oracle,0.0950651001449455
0,TS_oracle,0.0664898364905459
0,TS_oracle,0.100260955206995
0,TS_oracle,0.0467634996893974
0,TS_oracle,0.0713620540600011
0,TS_oracle,0.0841693777848116
0,TS_oracle,0.0618340130849908
0,TS_oracle,0.0818133395530423
0,TS_oracle,0.0587808077050833
0,TS_oracle,0.0694464202420464
0,TS_oracle,0.0449875838700491
0,TS_oracle,0.0520479478116746
0,TS_oracle,0.0773707007658814
0,TS_oracle,0.0640841392398507
0,TS_oracle,0.0875448474838572
0,TS_oracle,0.0573156537308205
0,TS_oracle,0.0711032998551176
0,TS_oracle,0.119340785774428
0,TS_oracle,0.0799179628711837
0,TS_oracle,0.083281006986125
0,TS_oracle,0.0444833882522972
0,TS_oracle,0.0560543963203932
0,TS_oracle,0.0510504126627037
0,TS_oracle,0.0807832896435215
0,TS_oracle,0.073627895160674
0,TS_oracle,0.100679577175339
0,TS_oracle,0.0637269835406771
0,TS_oracle,0.108626681065461
0,TS_oracle,0.0490718258867724
0,TS_oracle,0.0708787840625201
0,TS_oracle,0.112374043085048
0,TS_oracle,0.0514271878837513
0,TS_oracle,0.107859493234345
0,TS_oracle,0.0861566213668039
0,TS_oracle,0.0565737171545442
0,TS_oracle,0.0886734471196012
0,TS_oracle,0.0829316131485065
0,TS_oracle,0.063541942488736
0,TS_oracle,0.0953120050359053
0,TS_oracle,0.0343840183705716
0,TS_oracle,0.0784364331190446
0,TS_oracle,0.0753727312979683
0,TS_oracle,0.12507907273542
0,TS_oracle,0.0921732809832116
0,TS_oracle,0.0941188245713937
0,TS_oracle,0.0824795126242602
0,TS_oracle,0.0968972032412898
0,TS_oracle,0.121210122089796
0,TS_oracle,0.0655613812157591
0,TS_oracle,0.0556864779826872
0,TS_oracle,0.0942721161187725
0,TS_oracle,0.0661853184887351
0,TS_oracle,0.0910212226417589
0,TS_oracle,0.0924995261481341
0,TS_oracle,0.0881229150491186
0,TS_oracle,0.0700649917640484
0,TS_oracle,0.0664561798731355
0,TS_oracle,0.0705100272759361
0,TS_oracle,0.0501387386076765
0,TS_oracle,0.118886711520913
0,TS_oracle,0.0592821567653957
0,TS_oracle,0.0539760413751484
0,TS_oracle,0.103420907475304
0,TS_oracle,0.065509964208629
0,TS_oracle,0.0649406085449112
0,TS_oracle,0.0625219923643405
0,TS_oracle,0.062645728795315
0,TS_oracle,0.0712266771835368
0,TS_oracle,0.0625977865423429
0,TS_oracle,0.0684416323307784
0,TS_oracle,0.0744608936199557
0,TS_oracle,0.098571032547929
0,TS_oracle,0.0637959601360059
0,TS_oracle,0.0593731861438138
0,TS_oracle,0.0620635350077111
0,TS_oracle,0.102332072567823
0,TS_oracle,0.0629508100717982
0,TS_oracle,0.0691558405535077
0.1,PLS,0.082204123618497
0.1,PLS,0.0701052640371425
0.1,PLS,0.0723118616245225
0.1,PLS,0.0521326691343749
0.1,PLS,0.0808046180778622
0.1,PLS,0.0546894662165953
0.1,PLS,0.0646281533514013
0.1,PLS,0.0656289413109465
0.1,PLS,0.113119840709843
0.1,PLS,0.0738297726401482
0.1,PLS,0.0646242928792623
0.1,PLS,0.0653103939631655
0.1,PLS,0.0484023531536864
0.1,PLS,0.0472926755527454
0.1,PLS,0.0600990722362497
0.1,PLS,0.0582294938880252
0.1,PLS,0.0715253550809308
0.1,PLS,0.131419794314629
0.1,PLS,0.106183111114604
0.1,PLS,0.0683510286459111
0.1,PLS,0.0839678953622504
0.1,PLS,0.133681438803028
0.1,PLS,0.0989757003018601
0.1,PLS,0.0701323211292546
0.1,PLS,0.0589767975740317
0.1,PLS,0.0523555255637073
0.1,PLS,0.0632954333074038
0.1,PLS,0.0382484050014603
0.1,PLS,0.0938972574209583
0.1,PLS,0.0820622412814045
0.1,PLS,0.053828630354815
0.1,PLS,0.100314460921626
0.1,PLS,0.0903281409215641
0.1,PLS,0.0327448272501827
0.1,PLS,0.0820361462054407
0.1,PLS,0.067502370422767
0.1,PLS,0.0653659864295902
0.1,PLS,0.082070259111464
0.1,PLS,0.0683952668226004
0.1,PLS,0.0454273300898006
0.1,PLS,0.0573543452221347
0.1,PLS,0.103240395954753
0.1,PLS,0.0880031326944895
0.1,PLS,0.117040994590012
0.1,PLS,0.0655515739763703
0.1,PLS,0.0566652145277801
0.1,PLS,0.0687908027726741
0.1,PLS,0.0705041796348245
0.1,PLS,0.172252872356241
0.1,PLS,0.0724349581417776
0.1,PLS,0.106840491214829
0.1,PLS,0.103994892587922
0.1,PLS,0.0693083819776991
0.1,PLS,0.0569530274154809
0.1,PLS,0.0734554761341881
0.1,PLS,0.0962436665905942
0.1,PLS,0.0495727380417897
0.1,PLS,0.100419778759445
0.1,PLS,0.0530216899112874
0.1,PLS,0.0661588026788374
0.1,PLS,0.107202392309533
0.1,PLS,0.0624565511379774
0.1,PLS,0.0613706850090399
0.1,PLS,0.0482449659472459
0.1,PLS,0.0855137973311981
0.1,PLS,0.0492821801909637
0.1,PLS,0.0618032284992555
0.1,PLS,0.0973116176920739
0.1,PLS,0.0844681280725143
0.1,PLS,0.0918199391945401
0.1,PLS,0.0920150465937868
0.1,PLS,0.0435244302145891
0.1,PLS,0.0783919843551026
0.1,PLS,0.0534981957128611
0.1,PLS,0.0826370376895852
0.1,PLS,0.0443956091359969
0.1,PLS,0.185324291468235
0.1,PLS,0.0705563217468388
0.1,PLS,0.0925773517879439
0.1,PLS,0.0881243089006461
0.1,PLS,0.0867904094687909
0.1,PLS,0.106764363114986
0.1,PLS,0.114442670464844
0.1,PLS,0.0847151920744717
0.1,PLS,0.0830289853703465
0.1,PLS,0.0489889382119892
0.1,PLS,0.0684327277159153
0.1,PLS,0.0736821629570507
0.1,PLS,0.0738739273884736
0.1,PLS,0.054339801847771
0.1,PLS,0.0946095023491823
0.1,PLS,0.0614532577371057
0.1,PLS,0.0916110234267057
0.1,PLS,0.0596801569529194
0.1,PLS,0.0890776646053986
0.1,PLS,0.0832855871618454
0.1,PLS,0.0364976773449684
0.1,PLS,0.0641389526174169
0.1,PLS,0.0513408942746473
0.1,PLS,0.125035446629968
0.1,PLS,0.0627126424964617
0.1,PLS,0.0512882655749576
0.1,PLS,0.06788462385637
0.1,PLS,0.0474499738482555
0.1,PLS,0.104220379381769
0.1,PLS,0.0574794699701374
0.1,PLS,0.0603756553119087
0.1,PLS,0.0521549768555888
0.1,PLS,0.0451977257993328
0.1,PLS,0.046591171098533
0.1,PLS,0.0871028222003111
0.1,PLS,0.0649275814164526
0.1,PLS,0.123783860405467
0.1,PLS,0.0893387057871721
0.1,PLS,0.118237521416517
0.1,PLS,0.0778817811417726
0.1,PLS,0.058767555476662
0.1,PLS,0.0559735211698791
0.1,PLS,0.0922014212810244
0.1,PLS,0.0701772764004814
0.1,PLS,0.0291701796060405
0.1,PLS,0.0871917280878938
0.1,PLS,0.0754752291681412
0.1,PLS,0.0434021463531738
0.1,PLS,0.0808601507897325
0.1,PLS,0.0613243451436596
0.1,PLS,0.0725987693259509
0.1,PLS,0.0966480390713605
0.1,PLS,0.0846434041800168
0.1,PLS,0.0672662006107868
0.1,PLS,0.0471841340525594
0.1,PLS,0.0911081776763236
0.1,PLS,0.0652512137780554
0.1,PLS,0.198820629883013
0.1,PLS,0.103117114622898
0.1,PLS,0.0750205363985649
0.1,PLS,0.0872889660897322
0.1,PLS,0.0435485851398323
0.1,PLS,0.0592983429183484
0.1,PLS,0.0596636147194
0.1,PLS,0.0804095096923371
0.1,PLS,0.077423224480753
0.1,PLS,0.0903126983469025
0.1,PLS,0.0864856009611958
0.1,PLS,0.0634925707354187
0.1,PLS,0.0793070925025807
0.1,PLS,0.054139748279528
0.1,PLS,0.0707290991846688
0.1,PLS,0.0758286583099354
0.1,PLS,0.0811533406248683
0.1,PLS,0.0663564604707291
0.1,PLS,0.0393740031860048
0.1,PLS,0.0623109816231561
0.1,PLS,0.0509459637155303
0.1,PLS,0.112566922027558
0.1,PLS,0.145095059313917
0.1,PLS,0.09166093149436
0.1,PLS,0.0738637551667018
0.1,PLS,0.0578367139340628
0.1,PLS,0.0779967331182174
0.1,PLS,0.0738597381091347
0.1,PLS,0.0461163983754405
0.1,PLS,0.101229476469148
0.1,PLS,0.07336103583715
0.1,PLS,0.0768975168595483
0.1,PLS,0.0842872661780828
0.1,PLS,0.0564652065450861
0.1,PLS,0.0679681589412114
0.1,PLS,0.0615690311689525
0.1,PLS,0.083915433321862
0.1,PLS,0.0936036343036506
0.1,PLS,0.200569068185835
0.1,PLS,0.129683423719054
0.1,PLS,0.0933180227331933
0.1,PLS,0.0469195393218476
0.1,PLS,0.0751636551278163
0.1,PLS,0.079748606246796
0.1,PLS,0.130638104137136
0.1,PLS,0.0684498032336822
0.1,PLS,0.122516748619846
0.1,PLS,0.120379454604275
0.1,PLS,0.0572143964185008
0.1,PLS,0.0731414797040119
0.1,PLS,0.0543211386444781
0.1,PLS,0.0479211756824218
0.1,PLS,0.0596117323452582
0.1,PLS,0.0454237089006564
0.1,PLS,0.0658379230316717
0.1,PLS,0.064443639939562
0.1,PLS,0.072307024433584
0.1,PLS,0.11113946986717
0.1,PLS,0.106570668078959
0.1,PLS,0.0410329665434506
0.1,PLS,0.13294124172681
0.1,PLS,0.0601800162573214
0.1,PLS,0.0704003723192464
0.1,PLS,0.0741747355211823
0.1,PLS,0.151370872179985
0.1,PLS,0.0620921983001594
0.1,PLS,0.0858226717449845
0.1,fTS,0.0829433083190394
0.1,fTS,0.0696082523480303
0.1,fTS,0.0715513337143571
0.1,fTS,0.051226252010781
0.1,fTS,0.0801583233907845
0.1,fTS,0.0548559173419138
0.1,fTS,0.0628333630770954
0.1,fTS,0.064969721050573
0.1,fTS,0.113311183103322
0.1,fTS,0.0732802103015682
0.1,fTS,0.0668640566436071
0.1,fTS,0.0641470312777769
0.1,fTS,0.04922023046375
0.1,fTS,0.0477465041729133
0.1,fTS,0.0604236998856509
0.1,fTS,0.0582468524264185
0.1,fTS,0.0698418290044253
0.1,fTS,0.131351157195919
0.1,fTS,0.105535579682442
0.1,fTS,0.0686170601799981
0.1,fTS,0.0842615468700446
0.1,fTS,0.13421043251521
0.1,fTS,0.0956220874502087
0.1,fTS,0.0701323211292546
0.1,fTS,0.0587231705300588
0.1,fTS,0.0485083437988468
0.1,fTS,0.0663201901604617
0.1,fTS,0.0395490442700404
0.1,fTS,0.0939174825356365
0.1,fTS,0.0828237652268163
0.1,fTS,0.0542442097003743
0.1,fTS,0.0996742421283687
0.1,fTS,0.0909236463083967
0.1,fTS,0.0330909929648134
0.1,fTS,0.0819326651394259
0.1,fTS,0.0669518787862959
0.1,fTS,0.0648034689571557
0.1,fTS,0.082070259111464
0.1,fTS,0.0684846925076705
0.1,fTS,0.0453972468313218
0.1,fTS,0.0571858273129225
0.1,fTS,0.103415109018578
0.1,fTS,0.0859768978339426
0.1,fTS,0.116125890175984
0.1,fTS,0.0652790834326305
0.1,fTS,0.055823690570184
0.1,fTS,0.0674019971869626
0.1,fTS,0.0691121290688392
0.1,fTS,0.173537281050116
0.1,fTS,0.0714982496468213
0.1,fTS,0.107064501762156
0.1,fTS,0.105118478865891
0.1,fTS,0.069394210875222
0.1,fTS,0.0562983605325079
0.1,fTS,0.0734492670605863
0.1,fTS,0.0937048031270637
0.1,fTS,0.0495759002595753
0.1,fTS,0.097506214449938
0.1,fTS,0.0537628766850393
0.1,fTS,0.0643633438245831
0.1,fTS,0.107264655637852
0.1,fTS,0.0621400151571796
0.1,fTS,0.0592717867684664
0.1,fTS,0.0485537273722101
0.1,fTS,0.0873789873709913
0.1,fTS,0.0493396541677871
0.1,fTS,0.0618554519288377
0.1,fTS,0.0977794651583628
0.1,fTS,0.0832239264237114
0.1,fTS,0.0922018503003826
0.1,fTS,0.093406799477476
0.1,fTS,0.0435088736320645
0.1,fTS,0.0784795059655224
0.1,fTS,0.0530218243118021
0.1,fTS,0.0792462335876017
0.1,fTS,0.0440644919325535
0.1,fTS,0.184611829642121
0.1,fTS,0.0700200222218803
0.1,fTS,0.0925463360489893
0.1,fTS,0.0900689985726376
0.1,fTS,0.0876321032230842
0.1,fTS,0.106786097559454
0.1,fTS,0.114413477055719
0.1,fTS,0.0847488555378593
0.1,fTS,0.0830024945115055
0.1,fTS,0.0488313370408516
0.1,fTS,0.0699168978783473
0.1,fTS,0.0730008333513922
0.1,fTS,0.0732607149860599
0.1,fTS,0.0536843171787588
0.1,fTS,0.0891887225209839
0.1,fTS,0.0614398124471044
0.1,fTS,0.0914568704182423
0.1,fTS,0.0607332461052378
0.1,fTS,0.0889499320004602
0.1,fTS,0.0833844493246249
0.1,fTS,0.0364178196974689
0.1,fTS,0.0644325537938306
0.1,fTS,0.0530606120880637
0.1,fTS,0.125025642473011
0.1,fTS,0.0622232037515341
0.1,fTS,0.0521230537358427
0.1,fTS,0.0683105840371002
0.1,fTS,0.0468050459683173
0.1,fTS,0.108923869496085
0.1,fTS,0.0558612496040497
0.1,fTS,0.0605973690168169
0.1,fTS,0.0523501214729767
0.1,fTS,0.045510128271096
0.1,fTS,0.045037054865171
0.1,fTS,0.0873629100509477
0.1,fTS,0.0649283505068999
0.1,fTS,0.124538646431178
0.1,fTS,0.0896275818514098
0.1,fTS,0.118852650313368
0.1,fTS,0.0779034339181572
0.1,fTS,0.0597958833281263
0.1,fTS,0.0563808003664118
0.1,fTS,0.0918597880146773
0.1,fTS,0.0685279771953066
0.1,fTS,0.029000859143363
0.1,fTS,0.0871890365539205
0.1,fTS,0.0757814698491698
0.1,fTS,0.0441913379248922
0.1,fTS,0.0783324674539364
0.1,fTS,0.0613047164940155
0.1,fTS,0.0706754514292324
0.1,fTS,0.0963193164558151
0.1,fTS,0.0835239107555986
0.1,fTS,0.0677988400311575
0.1,fTS,0.0477318002661492
0.1,fTS,0.0890378504026378
0.1,fTS,0.0646945394186463
0.1,fTS,0.195414126063082
0.1,fTS,0.101980047006724
0.1,fTS,0.0760217132469153
0.1,fTS,0.0873875185095652
0.1,fTS,0.0435306927771033
0.1,fTS,0.0546766266228006
0.1,fTS,0.0596019935419713
0.1,fTS,0.0777459112514677
0.1,fTS,0.0781047837950438
0.1,fTS,0.0935510538359903
0.1,fTS,0.0844910830102729
0.1,fTS,0.062475071262446
0.1,fTS,0.0792892569161818
0.1,fTS,0.0540950316415024
0.1,fTS,0.0710674955983586
0.1,fTS,0.0749176622310185
0.1,fTS,0.0739361373244272
0.1,fTS,0.0667818694932588
0.1,fTS,0.0397426876971962
0.1,fTS,0.0622014520760194
0.1,fTS,0.0509713170064333
0.1,fTS,0.111583399595226
0.1,fTS,0.143499089997002
0.1,fTS,0.09166093149436
0.1,fTS,0.0731340878130788
0.1,fTS,0.0578487005202728
0.1,fTS,0.0787342994223558
0.1,fTS,0.07399883532864
0.1,fTS,0.0470110865811997
0.1,fTS,0.101328268591201
0.1,fTS,0.0730798364061291
0.1,fTS,0.0772770665032761
0.1,fTS,0.0840823512312244
0.1,fTS,0.0560423734519424
0.1,fTS,0.0698337558162619
0.1,fTS,0.0622170718983555
0.1,fTS,0.0839002821894945
0.1,fTS,0.0923339853706781
0.1,fTS,0.197041539560744
0.1,fTS,0.129762325177909
0.1,fTS,0.0931381114710824
0.1,fTS,0.0455676594263425
0.1,fTS,0.0751902273820093
0.1,fTS,0.0796175914929099
0.1,fTS,0.129987014547652
0.1,fTS,0.0685693999537054
0.1,fTS,0.125324840984261
0.1,fTS,0.121637806617902
0.1,fTS,0.0567008234945252
0.1,fTS,0.0729338060624201
0.1,fTS,0.054336795208927
0.1,fTS,0.0481012707910773
0.1,fTS,0.0597458673136581
0.1,fTS,0.0455085914967802
0.1,fTS,0.0656551862267406
0.1,fTS,0.0668644336270654
0.1,fTS,0.0717482324155002
0.1,fTS,0.110753267197715
0.1,fTS,0.107918551954248
0.1,fTS,0.0406840602780199
0.1,fTS,0.132563191902513
0.1,fTS,0.060962414912072
0.1,fTS,0.0703314615297599
0.1,fTS,0.0744346970061146
0.1,fTS,0.151285259772071
0.1,fTS,0.0624519684346778
0.1,fTS,0.0851098748348291
0.1,LS_oracle,0.0811726105620346
0.1,LS_oracle,0.069887895799744
0.1,LS_oracle,0.073105966277361
0.1,LS_oracle,0.0525103965503078
0.1,LS_oracle,0.0810382962716696
0.1,LS_oracle,0.0548004351482251
0.1,LS_oracle,0.0642364491913787
0.1,LS_oracle,0.0656399529276576
0.1,LS_oracle,0.11294312656587
0.1,LS_oracle,0.0738484032404965
0.1,LS_oracle,0.0643225444847099
0.1,LS_oracle,0.0651864985092236
0.1,LS_oracle,0.0485429149137501
0.1,LS_oracle,0.0465573758572558
0.1,LS_oracle,0.0591686250897166
0.1,LS_oracle,0.0588811357017165
0.1,LS_oracle,0.0717411201506839
0.1,LS_oracle,0.131084494497113
0.1,LS_oracle,0.106385960520265
0.1,LS_oracle,0.0682702385834229
0.1,LS_oracle,0.0835645230538947
0.1,LS_oracle,0.133484102206709
0.1,LS_oracle,0.0990115989784257
0.1,LS_oracle,0.070334752266064
0.1,LS_oracle,0.0588865364594103
0.1,LS_oracle,0.0523537909132901
0.1,LS_oracle,0.0632895152430893
0.1,LS_oracle,0.0382705958446397
0.1,LS_oracle,0.093964565238834
0.1,LS_oracle,0.0825854059949382
0.1,LS_oracle,0.0537837783134697
0.1,LS_oracle,0.100835749680347
0.1,LS_oracle,0.0903146715144383
0.1,LS_oracle,0.0327897929244512
0.1,LS_oracle,0.0820460116486306
0.1,LS_oracle,0.0674652540720801
0.1,LS_oracle,0.0659477445291891
0.1,LS_oracle,0.0813535926984141
0.1,LS_oracle,0.0684757413082776
0.1,LS_oracle,0.0453816514993776
0.1,LS_oracle,0.057753386424019
0.1,LS_oracle,0.103510208824189
0.1,LS_oracle,0.088025097559625
0.1,LS_oracle,0.116965870891878
0.1,LS_oracle,0.0653811726983375
0.1,LS_oracle,0.0569945166709673
0.1,LS_oracle,0.0685640304476328
0.1,LS_oracle,0.0706614605132743
0.1,LS_oracle,0.171715646817242
0.1,LS_oracle,0.072190609610601
0.1,LS_oracle,0.106792483820565
0.1,LS_oracle,0.104019403253905
0.1,LS_oracle,0.0685278349696689
0.1,LS_oracle,0.0566510556806478
0.1,LS_oracle,0.0729638201753314
0.1,LS_oracle,0.0959764149285554
0.1,LS_oracle,0.0496094583738162
0.1,LS_oracle,0.100361711410379
0.1,LS_oracle,0.0530035759773579
0.1,LS_oracle,0.0663667139163534
0.1,LS_oracle,0.106722078172479
0.1,LS_oracle,0.0625881096564404
0.1,LS_oracle,0.0610810561515316
0.1,LS_oracle,0.0482130168881831
0.1,LS_oracle,0.0851576784318128
0.1,LS_oracle,0.0492510082436795
0.1,LS_oracle,0.061805212797623
0.1,LS_oracle,0.0972188420686791
0.1,LS_oracle,0.0837068502564357
0.1,LS_oracle,0.0921967250156033
0.1,LS_oracle,0.0916791930178026
0.1,LS_oracle,0.0437577049277977
0.1,LS_oracle,0.0780230326682228
0.1,LS_oracle,0.053250077759806
0.1,LS_oracle,0.0822489952726823
0.1,LS_oracle,0.0441636673660052
0.1,LS_oracle,0.184881586275897
0.1,LS_oracle,0.0706147917262444
0.1,LS_oracle,0.0925598538615542
0.1,LS_oracle,0.0877617277847009
0.1,LS_oracle,0.0868491638816836
0.1,LS_oracle,0.106749602978651
0.1,LS_oracle,0.113701041827003
0.1,LS_oracle,0.0844399190211697
0.1,LS_oracle,0.0829653977747971
0.1,LS_oracle,0.0492157183415235
0.1,LS_oracle,0.0681936716565649
0.1,LS_oracle,0.0736709860811634
0.1,LS_oracle,0.073657680070655
0.1,LS_oracle,0.054211816554692
0.1,LS_oracle,0.094598076806446
0.1,LS_oracle,0.0614477600257193
0.1,LS_oracle,0.0913328099232508
0.1,LS_oracle,0.0596239328652618
0.1,LS_oracle,0.0891239398348553
0.1,LS_oracle,0.0832098031882492
0.1,LS_oracle,0.0371779099831312
0.1,LS_oracle,0.0639677919469885
0.1,LS_oracle,0.0511898109895344
0.1,LS_oracle,0.124939719228444
0.1,LS_oracle,0.0629152706065532
0.1,LS_oracle,0.0512819444524522
0.1,LS_oracle,0.0675311114820124
0.1,LS_oracle,0.0474802682252778
0.1,LS_oracle,0.103176894874298
0.1,LS_oracle,0.0574409737962345
0.1,LS_oracle,0.0604717036313433
0.1,LS_oracle,0.0522404061554136
0.1,LS_oracle,0.0452566775451569
0.1,LS_oracle,0.0463633921064882
0.1,LS_oracle,0.0869731140654914
0.1,LS_oracle,0.0652742087922492
0.1,LS_oracle,0.121921552988846
0.1,LS_oracle,0.0896066689873681
0.1,LS_oracle,0.117797745036197
0.1,LS_oracle,0.0781986056823194
0.1,LS_oracle,0.0591075429949161
0.1,LS_oracle,0.0559158296944436
0.1,LS_oracle,0.0919982633989324
0.1,LS_oracle,0.0701879154094087
0.1,LS_oracle,0.0293406194109981
0.1,LS_oracle,0.087321869397875
0.1,LS_oracle,0.0755604915490927
0.1,LS_oracle,0.0434437507373496
0.1,LS_oracle,0.0809364322048115
0.1,LS_oracle,0.0613904998021486
0.1,LS_oracle,0.0719138898408445
0.1,LS_oracle,0.0966190079439888
0.1,LS_oracle,0.0848463943165766
0.1,LS_oracle,0.0669645128043566
0.1,LS_oracle,0.0471986162417926
0.1,LS_oracle,0.0913614966095872
0.1,LS_oracle,0.0654435407159471
0.1,LS_oracle,0.198870581405142
0.1,LS_oracle,0.10315523995036
0.1,LS_oracle,0.0742558943898779
0.1,LS_oracle,0.087348267091984
0.1,LS_oracle,0.0432864842779601
0.1,LS_oracle,0.0594392197079025
0.1,LS_oracle,0.0593088797142481
0.1,LS_oracle,0.0804385553926003
0.1,LS_oracle,0.0798099836113519
0.1,LS_oracle,0.0905273116858938
0.1,LS_oracle,0.0872325457597106
0.1,LS_oracle,0.0633947354452715
0.1,LS_oracle,0.0800432101437216
0.1,LS_oracle,0.0541193868269914
0.1,LS_oracle,0.070722811755042
0.1,LS_oracle,0.0766014381490219
0.1,LS_oracle,0.0811898461125345
0.1,LS_oracle,0.0662274971591396
0.1,LS_oracle,0.0394324116651484
0.1,LS_oracle,0.0623352682700906
0.1,LS_oracle,0.0509579704567496
0.1,LS_oracle,0.112359635464815
0.1,LS_oracle,0.145204208255047
0.1,LS_oracle,0.0911757075643405
0.1,LS_oracle,0.073834001029102
0.1,LS_oracle,0.0577030966664212
0.1,LS_oracle,0.0779032816110195
0.1,LS_oracle,0.0740158160526625
0.1,LS_oracle,0.0459434147640049
0.1,LS_oracle,0.101303085355709
0.1,LS_oracle,0.0733794182023422
0.1,LS_oracle,0.0764630885426066
0.1,LS_oracle,0.0841683453553658
0.1,LS_oracle,0.0547723015216498
0.1,LS_oracle,0.067895271480154
0.1,LS_oracle,0.0615030315546907
0.1,LS_oracle,0.0841425473950138
0.1,LS_oracle,0.0934728072673694
0.1,LS_oracle,0.201212260576012
0.1,LS_oracle,0.129772343635453
0.1,LS_oracle,0.0938049263402369
0.1,LS_oracle,0.0476518178405688
0.1,LS_oracle,0.0751674446215724
0.1,LS_oracle,0.0800435092784188
0.1,LS_oracle,0.130323096673369
0.1,LS_oracle,0.0688347952239094
0.1,LS_oracle,0.12131139724416
0.1,LS_oracle,0.119300414283741
0.1,LS_oracle,0.0567075585030194
0.1,LS_oracle,0.0734834622197888
0.1,LS_oracle,0.0540272170567596
0.1,LS_oracle,0.0479219922428255
0.1,LS_oracle,0.0595842067334994
0.1,LS_oracle,0.0454408811815339
0.1,LS_oracle,0.0649966606710384
0.1,LS_oracle,0.0649315613050026
0.1,LS_oracle,0.0721308383373722
0.1,LS_oracle,0.111209776648249
0.1,LS_oracle,0.106287773190878
0.1,LS_oracle,0.0412072453019809
0.1,LS_oracle,0.132673259494487
0.1,LS_oracle,0.0604270663127054
0.1,LS_oracle,0.0704072399831346
0.1,LS_oracle,0.0739056248598744
0.1,LS_oracle,0.151536272001961
0.1,LS_oracle,0.0625105643314833
0.1,LS_oracle,0.085819243786393
0.1,TS_oracle,0.0817633259494974
0.1,TS_oracle,0.069182069211321
0.1,TS_oracle,0.0721588026429949
0.1,TS_oracle,0.0515053508324557
0.1,TS_oracle,0.0803740416093794
0.1,TS_oracle,0.0548889249558943
0.1,TS_oracle,0.0626935383497927
0.1,TS_oracle,0.0648743588024547
0.1,TS_oracle,0.112946818598067
0.1,TS_oracle,0.0732951062158299
0.1,TS_oracle,0.0665564574505208
0.1,TS_oracle,0.0640197143287002
0.1,TS_oracle,0.0493326028773039
0.1,TS_oracle,0.0470550715543564
0.1,TS_oracle,0.0591674214596005
0.1,TS_oracle,0.0588744679916989
0.1,TS_oracle,0.07173940815533
0.1,TS_oracle,0.131042696500041
0.1,TS_oracle,0.105702834668204
0.1,TS_oracle,0.0683874368902218
0.1,TS_oracle,0.0836887391309628
0.1,TS_oracle,0.133542938301262
0.1,TS_oracle,0.0949131589928363
0.1,TS_oracle,0.070334752266064
0.1,TS_oracle,0.0586690303096018
0.1,TS_oracle,0.048509910345027
0.1,TS_oracle,0.0663187472995206
0.1,TS_oracle,0.0395526773527173
0.1,TS_oracle,0.0939726587148168
0.1,TS_oracle,0.0832246710862475
0.1,TS_oracle,0.0542354964199284
0.1,TS_oracle,0.100665298749354
0.1,TS_oracle,0.0909124192875488
0.1,TS_oracle,0.0331200935094264
0.1,TS_oracle,0.0819406992366328
0.1,TS_oracle,0.0669167807966286
0.1,TS_oracle,0.0653077157976591
0.1,TS_oracle,0.0813535926984141
0.1,TS_oracle,0.068562555966597
0.1,TS_oracle,0.0453520304854469
0.1,TS_oracle,0.0576375147813942
0.1,TS_oracle,0.103433890916932
0.1,TS_oracle,0.0859827053625178
0.1,TS_oracle,0.116059024978867
0.1,TS_oracle,0.0650899149105206
0.1,TS_oracle,0.0561461780410472
0.1,TS_oracle,0.0672237305827662
0.1,TS_oracle,0.0692459643457698
0.1,TS_oracle,0.173067152710981
0.1,TS_oracle,0.0711413670212117
0.1,TS_oracle,0.106937074945471
0.1,TS_oracle,0.105139972477735
0.1,TS_oracle,0.0686431614185346
0.1,TS_oracle,0.0559346299486395
0.1,TS_oracle,0.0730820440585187
0.1,TS_oracle,0.0934051969004124
0.1,TS_oracle,0.0495724537554426
0.1,TS_oracle,0.0975333690731368
0.1,TS_oracle,0.0538911075663543
0.1,TS_oracle,0.0645989553379775
0.1,TS_oracle,0.106586171358051
0.1,TS_oracle,0.0622583645083876
0.1,TS_oracle,0.0590831733922114
0.1,TS_oracle,0.0485233822457047
0.1,TS_oracle,0.0867016129853684
0.1,TS_oracle,0.04931105766717
0.1,TS_oracle,0.0618560593659816
0.1,TS_oracle,0.097696930310854
0.1,TS_oracle,0.0819446692044997
0.1,TS_oracle,0.0925410758373978
0.1,TS_oracle,0.0929583342823663
0.1,TS_oracle,0.0437577049277977
0.1,TS_oracle,0.0780600877178499
0.1,TS_oracle,0.0528797798424089
0.1,TS_oracle,0.0789941179938032
0.1,TS_oracle,0.0441163834753301
0.1,TS_oracle,0.184334358734713
0.1,TS_oracle,0.07010794089862
0.1,TS_oracle,0.0925296687781793
0.1,TS_oracle,0.089195014210377
0.1,TS_oracle,0.0867525067230741
0.1,TS_oracle,0.106769568695369
0.1,TS_oracle,0.114089786663235
0.1,TS_oracle,0.0843939251677482
0.1,TS_oracle,0.0829404002759263
0.1,TS_oracle,0.0490297230085889
0.1,TS_oracle,0.0698190601910853
0.1,TS_oracle,0.0737130491328545
0.1,TS_oracle,0.0730075212765285
0.1,TS_oracle,0.0535889177577842
0.1,TS_oracle,0.0891855065076811
0.1,TS_oracle,0.0614332272018944
0.1,TS_oracle,0.0911956877428565
0.1,TS_oracle,0.0606728641040808
0.1,TS_oracle,0.0889139451011615
0.1,TS_oracle,0.0834807921545188
0.1,TS_oracle,0.0371199973461917
0.1,TS_oracle,0.0642626430464056
0.1,TS_oracle,0.0529475498641466
0.1,TS_oracle,0.124936086675761
0.1,TS_oracle,0.0625103668207589
0.1,TS_oracle,0.052009480422355
0.1,TS_oracle,0.0667480565507446
0.1,TS_oracle,0.0470753766591445
0.1,TS_oracle,0.108312270635307
0.1,TS_oracle,0.0558521839670925
0.1,TS_oracle,0.0606837687833945
0.1,TS_oracle,0.0524565200773962
0.1,TS_oracle,0.0455458574254025
0.1,TS_oracle,0.0448355056259261
0.1,TS_oracle,0.0872626115653241
0.1,TS_oracle,0.0652757474835674
0.1,TS_oracle,0.123133564502637
0.1,TS_oracle,0.0897860248765256
0.1,TS_oracle,0.11849341402251
0.1,TS_oracle,0.0781844091645176
0.1,TS_oracle,0.0600347078580862
0.1,TS_oracle,0.0563597687871526
0.1,TS_oracle,0.0918597594310271
0.1,TS_oracle,0.0685291029811394
0.1,TS_oracle,0.0291018900397569
0.1,TS_oracle,0.0873503793441153
0.1,TS_oracle,0.0758479388365211
0.1,TS_oracle,0.0442195373750916
0.1,TS_oracle,0.0789969046050893
0.1,TS_oracle,0.0613621914828078
0.1,TS_oracle,0.0702056586619211
0.1,TS_oracle,0.096291944337789
0.1,TS_oracle,0.0836139872121047
0.1,TS_oracle,0.0674863259570797
0.1,TS_oracle,0.0478770739454854
0.1,TS_oracle,0.0893471482847878
0.1,TS_oracle,0.0648312207180779
0.1,TS_oracle,0.195454658210747
0.1,TS_oracle,0.102005824695722
0.1,TS_oracle,0.0746730674157706
0.1,TS_oracle,0.0874459760970067
0.1,TS_oracle,0.0433091350939921
0.1,TS_oracle,0.05460729858282
0.1,TS_oracle,0.0592257394652811
0.1,TS_oracle,0.0777624195060876
0.1,TS_oracle,0.0791351687220385
0.1,TS_oracle,0.0937332358583425
0.1,TS_oracle,0.085094678934505
0.1,TS_oracle,0.0623986650564036
0.1,TS_oracle,0.079900238174931
0.1,TS_oracle,0.0540795170138049
0.1,TS_oracle,0.0710483382130838
0.1,TS_oracle,0.0754923035515909
0.1,TS_oracle,0.0736663234731046
0.1,TS_oracle,0.0666645256308071
0.1,TS_oracle,0.0397328260782834
0.1,TS_oracle,0.0622227574596295
0.1,TS_oracle,0.050983291399149
0.1,TS_oracle,0.111417716822478
0.1,TS_oracle,0.143926193327558
0.1,TS_oracle,0.0911757075643405
0.1,TS_oracle,0.0731171944931479
0.1,TS_oracle,0.0577676061481978
0.1,TS_oracle,0.0787340089539962
0.1,TS_oracle,0.0741157833890157
0.1,TS_oracle,0.0467199627649282
0.1,TS_oracle,0.101447054510617
0.1,TS_oracle,0.0730950501601022
0.1,TS_oracle,0.0766800789120663
0.1,TS_oracle,0.0839775274917571
0.1,TS_oracle,0.0546488882746612
0.1,TS_oracle,0.0697708077895999
0.1,TS_oracle,0.0622894085910213
0.1,TS_oracle,0.084121739300556
0.1,TS_oracle,0.091403235322141
0.1,TS_oracle,0.197786798157185
0.1,TS_oracle,0.129845002322291
0.1,TS_oracle,0.0937096442875081
0.1,TS_oracle,0.0460844257444088
0.1,TS_oracle,0.0751936649980971
0.1,TS_oracle,0.0798412644852035
0.1,TS_oracle,0.129421836331348
0.1,TS_oracle,0.0691519053021147
0.1,TS_oracle,0.123477067430521
0.1,TS_oracle,0.120049240238631
0.1,TS_oracle,0.0564433619215877
0.1,TS_oracle,0.0732246436234951
0.1,TS_oracle,0.054051100614763
0.1,TS_oracle,0.0481037257945322
0.1,TS_oracle,0.0597233176228794
0.1,TS_oracle,0.0455421650099953
0.1,TS_oracle,0.0647649901724533
0.1,TS_oracle,0.0671366545400469
0.1,TS_oracle,0.0718003331516855
0.1,TS_oracle,0.110797128731824
0.1,TS_oracle,0.107680180129257
0.1,TS_oracle,0.0410478547367455
0.1,TS_oracle,0.132795036993373
0.1,TS_oracle,0.0611834535601248
0.1,TS_oracle,0.0703360905620087
0.1,TS_oracle,0.0743402990626525
0.1,TS_oracle,0.151436491989483
0.1,TS_oracle,0.0630422778828978
0.1,TS_oracle,0.0851060928541374
0.2,PLS,0.0809795287805876
0.2,PLS,0.0711568228324601
0.2,PLS,0.0719549946498375
0.2,PLS,0.102246121315311
0.2,PLS,0.0993307896879971
0.2,PLS,0.0374588385387249
0.2,PLS,0.105158070069334
0.2,PLS,0.0694355046981921
0.2,PLS,0.0887655313374165
0.2,PLS,0.0772074222334219
0.2,PLS,0.0666545064613655
0.2,PLS,0.0833854578254417
0.2,PLS,0.107906614729172
0.2,PLS,0.0852962255749303
0.2,PLS,0.0677414936028406
0.2,PLS,0.0713754362225757
0.2,PLS,0.0575056464189941
0.2,PLS,0.049155418155921
0.2,PLS,0.0711108477223465
0.2,PLS,0.0921586732452356
0.2,PLS,0.0460579977334749
0.2,PLS,0.0796073970348959
0.2,PLS,0.0808443330967454
0.2,PLS,0.0773457652640679
0.2,PLS,0.0589410381399302
0.2,PLS,0.104644250429216
0.2,PLS,0.0880562140498768
0.2,PLS,0.0780704982999895
0.2,PLS,0.0601752928072636
0.2,PLS,0.0741562433853495
0.2,PLS,0.0590810998320885
0.2,PLS,0.0778157561347705
0.2,PLS,0.0646424139576296
0.2,PLS,0.0808869392762291
0.2,PLS,0.0903382480576597
0.2,PLS,0.0529073064707255
0.2,PLS,0.0675335464314557
0.2,PLS,0.0494920092112088
0.2,PLS,0.0721474379743429
0.2,PLS,0.0914994053477229
0.2,PLS,0.071222046329754
0.2,PLS,0.0656658660604511
0.2,PLS,0.125554571120131
0.2,PLS,0.0558090069687087
0.2,PLS,0.0612865378109703
0.2,PLS,0.0683580884967758
0.2,PLS,0.0471695634641931
0.2,PLS,0.0476094612707314
0.2,PLS,0.0311694803531209
0.2,PLS,0.0668426065781247
0.2,PLS,0.0402881615651925
0.2,PLS,0.0450947499792753
0.2,PLS,0.0975925402186388
0.2,PLS,0.115513006143469
0.2,PLS,0.117887321826715
0.2,PLS,0.044413820544151
0.2,PLS,0.0746601988552734
0.2,PLS,0.0742683247670915
0.2,PLS,0.0931748455570339
0.2,PLS,0.0755202999434509
0.2,PLS,0.0788186178883592
0.2,PLS,0.0659196050022604
0.2,PLS,0.0801138993298467
0.2,PLS,0.0734453082435595
0.2,PLS,0.107221101162785
0.2,PLS,0.14122828843025
0.2,PLS,0.0663100088190682
0.2,PLS,0.0920926785934755
0.2,PLS,0.0370457132050805
0.2,PLS,0.0567726169382314
0.2,PLS,0.123436318740712
0.2,PLS,0.0784573628300767
0.2,PLS,0.0748980568571943
0.2,PLS,0.0615490713650067
0.2,PLS,0.0810060136414926
0.2,PLS,0.0809893692948408
0.2,PLS,0.103512849411537
0.2,PLS,0.0537350716576913
0.2,PLS,0.0597384662619202
0.2,PLS,0.0407173672887572
0.2,PLS,0.142858490375711
0.2,PLS,0.0668620096379686
0.2,PLS,0.0999937233672424
0.2,PLS,0.0928600505458781
0.2,PLS,0.0738019094932481
0.2,PLS,0.0708106693580884
0.2,PLS,0.116378535561614
0.2,PLS,0.0752127689558662
0.2,PLS,0.0482788645062478
0.2,PLS,0.110378432365949
0.2,PLS,0.0880963781948488
0.2,PLS,0.0611408105540574
0.2,PLS,0.0406293500604018
0.2,PLS,0.054669214853362
0.2,PLS,0.0582732390839584
0.2,PLS,0.0674516513702441
0.2,PLS,0.0621281777735847
0.2,PLS,0.0588523768172917
0.2,PLS,0.140118236525565
0.2,PLS,0.0761667165637981
0.2,PLS,0.0774068671055902
0.2,PLS,0.0623339636978644
0.2,PLS,0.0666116525857808
0.2,PLS,0.0790072275263781
0.2,PLS,0.053386909157155
0.2,PLS,0.0272271099577938
0.2,PLS,0.094505882716444
0.2,PLS,0.0544562862421973
0.2,PLS,0.0534460444381845
0.2,PLS,0.0685830764048832
0.2,PLS,0.0589678191366883
0.2,PLS,0.0833051203007462
0.2,PLS,0.0715042164438177
0.2,PLS,0.061212370740851
0.2,PLS,0.0656095668428761
0.2,PLS,0.128439543365341
0.2,PLS,0.0884020727004174
0.2,PLS,0.0591323598540943
0.2,PLS,0.102237386204735
0.2,PLS,0.0863253800870496
0.2,PLS,0.0880748443258344
0.2,PLS,0.0771826619699871
0.2,PLS,0.0667922263779886
0.2,PLS,0.0840417294893935
0.2,PLS,0.0712885286565614
0.2,PLS,0.0551200249088825
0.2,PLS,0.0821360255816076
0.2,PLS,0.0507702541028321
0.2,PLS,0.0604724056042239
0.2,PLS,0.132484520255797
0.2,PLS,0.0808747140815208
0.2,PLS,0.0487490534351248
0.2,PLS,0.0255879725097081
0.2,PLS,0.14796454456088
0.2,PLS,0.0410328149328591
0.2,PLS,0.0565080349499334
0.2,PLS,0.0698245239221733
0.2,PLS,0.118010162630285
0.2,PLS,0.0492498783630866
0.2,PLS,0.0341712694844654
0.2,PLS,0.0686352484940657
0.2,PLS,0.104825972763018
0.2,PLS,0.101874389294099
0.2,PLS,0.0946549780341516
0.2,PLS,0.0594587970619581
0.2,PLS,0.0625578660434028
0.2,PLS,0.0520799224403029
0.2,PLS,0.0710773890430338
0.2,PLS,0.0525627029032613
0.2,PLS,0.0834355979948839
0.2,PLS,0.0637312254316688
0.2,PLS,0.0341089595692285
0.2,PLS,0.0565533955664179
0.2,PLS,0.0778870054725528
0.2,PLS,0.112754786783126
0.2,PLS,0.124000788122798
0.2,PLS,0.0691902796677087
0.2,PLS,0.0572899326580496
0.2,PLS,0.101784822008182
0.2,PLS,0.0627571643889913
0.2,PLS,0.0893196580610282
0.2,PLS,0.0484392804905008
0.2,PLS,0.0674438230515045
0.2,PLS,0.0714855956086708
0.2,PLS,0.0577894712503628
0.2,PLS,0.0625245180907922
0.2,PLS,0.105444656175303
0.2,PLS,0.206465029800981
0.2,PLS,0.0443128038911812
0.2,PLS,0.0878566694733242
0.2,PLS,0.0694636417210654
0.2,PLS,0.0502035619461812
0.2,PLS,0.0534901162466656
0.2,PLS,0.063477356181186
0.2,PLS,0.0399003909914448
0.2,PLS,0.0714686487079364
0.2,PLS,0.0548316713251567
0.2,PLS,0.0821302758610412
0.2,PLS,0.0583807063706252
0.2,PLS,0.0569358755513555
0.2,PLS,0.0892581847628205
0.2,PLS,0.0423629880234924
0.2,PLS,0.0672801073500975
0.2,PLS,0.0924610849657963
0.2,PLS,0.112033822536013
0.2,PLS,0.0515935481330957
0.2,PLS,0.0940666038257445
0.2,PLS,0.0742972543492948
0.2,PLS,0.0711150759986439
0.2,PLS,0.0770445285038056
0.2,PLS,0.0668509779478431
0.2,PLS,0.0958422673621083
0.2,PLS,0.120783269843911
0.2,PLS,0.0870211187823082
0.2,PLS,0.0603913291417808
0.2,PLS,0.0821723976923319
0.2,PLS,0.0543368890214737
0.2,PLS,0.0996012588217469
0.2,PLS,0.117512409631942
0.2,PLS,0.0572362975118345
0.2,fTS,0.0792247702395544
0.2,fTS,0.079824917658709
0.2,fTS,0.0744380739283525
0.2,fTS,0.103923375493916
0.2,fTS,0.0965179398990029
0.2,fTS,0.0341351307353702
0.2,fTS,0.104911023179023
0.2,fTS,0.0646239784898804
0.2,fTS,0.0875243054027213
0.2,fTS,0.0669630468660746
0.2,fTS,0.066913719790363
0.2,fTS,0.0826717113677493
0.2,fTS,0.108346270048962
0.2,fTS,0.0816653508156335
0.2,fTS,0.0704853533427026
0.2,fTS,0.0714873912818143
0.2,fTS,0.0623675497806574
0.2,fTS,0.0449240505992807
0.2,fTS,0.0639809273479766
0.2,fTS,0.0951346315547467
0.2,fTS,0.0453252231882297
0.2,fTS,0.0804765324815129
0.2,fTS,0.0766805358678736
0.2,fTS,0.0749086813266842
0.2,fTS,0.056562968568095
0.2,fTS,0.0956446649094652
0.2,fTS,0.0869063590252489
0.2,fTS,0.079674843306609
0.2,fTS,0.057826087168182
0.2,fTS,0.0739062600488245
0.2,fTS,0.0524772758438766
0.2,fTS,0.0797943048314218
0.2,fTS,0.0660915524024194
0.2,fTS,0.0796300532360646
0.2,fTS,0.0965733142172157
0.2,fTS,0.0525709354956122
0.2,fTS,0.0643410897050545
0.2,fTS,0.0476081763698674
0.2,fTS,0.0693826509009618
0.2,fTS,0.0939340436211921
0.2,fTS,0.0676128107833842
0.2,fTS,0.0622117291501099
0.2,fTS,0.106997020923231
0.2,fTS,0.0553647798119178
0.2,fTS,0.0586127482348519
0.2,fTS,0.0647690581862223
0.2,fTS,0.0468544006638666
0.2,fTS,0.0461115911441455
0.2,fTS,0.0320891719777831
0.2,fTS,0.0626937757602957
0.2,fTS,0.0402264172703712
0.2,fTS,0.0461788192071976
0.2,fTS,0.089963662550863
0.2,fTS,0.116399317448197
0.2,fTS,0.116057997648432
0.2,fTS,0.0443768633451632
0.2,fTS,0.0730272869974303
0.2,fTS,0.0756324848779768
0.2,fTS,0.0904491375954622
0.2,fTS,0.075710464868677
0.2,fTS,0.0769588911324326
0.2,fTS,0.0655389950045198
0.2,fTS,0.0739121623025434
0.2,fTS,0.0745697516736862
0.2,fTS,0.10526892837177
0.2,fTS,0.143606523655901
0.2,fTS,0.0677205723858824
0.2,fTS,0.0903489064584254
0.2,fTS,0.0393391121552809
0.2,fTS,0.0538813566947275
0.2,fTS,0.122712492401808
0.2,fTS,0.0733589736085439
0.2,fTS,0.0738444993136278
0.2,fTS,0.0610691033428635
0.2,fTS,0.0830300833065825
0.2,fTS,0.0890331912622859
0.2,fTS,0.10612156488434
0.2,fTS,0.0546043104319452
0.2,fTS,0.059038628264504
0.2,fTS,0.0409689456645466
0.2,fTS,0.140424318364671
0.2,fTS,0.065884603522262
0.2,fTS,0.0971419931060619
0.2,fTS,0.0895828576903509
0.2,fTS,0.0739492386808731
0.2,fTS,0.0700853142750058
0.2,fTS,0.113516066952147
0.2,fTS,0.0699726805348471
0.2,fTS,0.0469889737849546
0.2,fTS,0.104379294029933
0.2,fTS,0.0853327129143469
0.2,fTS,0.0582399378986716
0.2,fTS,0.0397070305932515
0.2,fTS,0.0570494886860933
0.2,fTS,0.0587859964838023
0.2,fTS,0.0633874915073083
0.2,fTS,0.0604189371222378
0.2,fTS,0.0579652341012014
0.2,fTS,0.136020524309302
0.2,fTS,0.0756373253138532
0.2,fTS,0.07466352526857
0.2,fTS,0.0541763979257909
0.2,fTS,0.0685729845762516
0.2,fTS,0.0773285582087274
0.2,fTS,0.053925027735363
0.2,fTS,0.028792158402239
0.2,fTS,0.0942133439046644
0.2,fTS,0.0543876605967259
0.2,fTS,0.0539636971043955
0.2,fTS,0.0639713939817762
0.2,fTS,0.0577043385626192
0.2,fTS,0.0770713634010084
0.2,fTS,0.0723852444594464
0.2,fTS,0.0606322726272684
0.2,fTS,0.0636848971464793
0.2,fTS,0.130433791274573
0.2,fTS,0.0847845170335914
0.2,fTS,0.0533286213595275
0.2,fTS,0.105327556866151
0.2,fTS,0.0803026383009456
0.2,fTS,0.0856984972701349
0.2,fTS,0.0775367570044535
0.2,fTS,0.0729558047828694
0.2,fTS,0.0766266067255162
0.2,fTS,0.0751221579139868
0.2,fTS,0.0538155532143783
0.2,fTS,0.0796642123106951
0.2,fTS,0.0506386243424491
0.2,fTS,0.0628032977157296
0.2,fTS,0.13358021974726
0.2,fTS,0.0833766124981623
0.2,fTS,0.0464704216369363
0.2,fTS,0.0238595111635557
0.2,fTS,0.146802381857401
0.2,fTS,0.0401261329077881
0.2,fTS,0.0559946464566033
0.2,fTS,0.0692840166668682
0.2,fTS,0.117640168842193
0.2,fTS,0.0474732622326145
0.2,fTS,0.0342820342453002
0.2,fTS,0.0674926707744473
0.2,fTS,0.103838080143603
0.2,fTS,0.100068239428183
0.2,fTS,0.0874549247969114
0.2,fTS,0.0591830898292591
0.2,fTS,0.0545841851605038
0.2,fTS,0.0519227751186532
0.2,fTS,0.0694137816678505
0.2,fTS,0.0522273901011618
0.2,fTS,0.092866294829103
0.2,fTS,0.0635360216992938
0.2,fTS,0.0328545787565475
0.2,fTS,0.0561957849460364
0.2,fTS,0.0716495254044903
0.2,fTS,0.103900316602356
0.2,fTS,0.121897070276636
0.2,fTS,0.0682333076994905
0.2,fTS,0.0527321414798285
0.2,fTS,0.108450963237852
0.2,fTS,0.0639053384380916
0.2,fTS,0.0805016461680602
0.2,fTS,0.0451836828582886
0.2,fTS,0.0612140530113452
0.2,fTS,0.0700741769866182
0.2,fTS,0.0545442358662391
0.2,fTS,0.066933011884941
0.2,fTS,0.0992591476468784
0.2,fTS,0.20558162660049
0.2,fTS,0.0462822281016022
0.2,fTS,0.0919686095491003
0.2,fTS,0.0664575813659952
0.2,fTS,0.0502220798092643
0.2,fTS,0.0502118763663397
0.2,fTS,0.0696123122499002
0.2,fTS,0.0426264708883088
0.2,fTS,0.0708374624512823
0.2,fTS,0.0549366624448936
0.2,fTS,0.0833955093216339
0.2,fTS,0.0568903181532831
0.2,fTS,0.0580826466362589
0.2,fTS,0.09240584491717
0.2,fTS,0.0419190619040709
0.2,fTS,0.0647714129155381
0.2,fTS,0.0884928794526729
0.2,fTS,0.111565183494915
0.2,fTS,0.0504502181580179
0.2,fTS,0.0970155671957956
0.2,fTS,0.0721831696789816
0.2,fTS,0.0713107522062219
0.2,fTS,0.0745263860448232
0.2,fTS,0.0647092104351319
0.2,fTS,0.0919003302488458
0.2,fTS,0.129297669028043
0.2,fTS,0.0831672085462132
0.2,fTS,0.0624714243561913
0.2,fTS,0.0801165415226271
0.2,fTS,0.0566945646546277
0.2,fTS,0.100811577699144
0.2,fTS,0.111217764750919
0.2,fTS,0.0544862163896444
0.2,LS_oracle,0.0801011047768753
0.2,LS_oracle,0.0701669661064218
0.2,LS_oracle,0.0725292263991274
0.2,LS_oracle,0.0996669424291123
0.2,LS_oracle,0.0982091192090711
0.2,LS_oracle,0.0374159197294636
0.2,LS_oracle,0.105164412722258
0.2,LS_oracle,0.0691810410242949
0.2,LS_oracle,0.0887347553783272
0.2,LS_oracle,0.077183224587515
0.2,LS_oracle,0.066310150035399
0.2,LS_oracle,0.0833746998264212
0.2,LS_oracle,0.108079251978333
0.2,LS_oracle,0.0853380920136667
0.2,LS_oracle,0.0677771079190617
0.2,LS_oracle,0.0710757371168139
0.2,LS_oracle,0.0574381751270391
0.2,LS_oracle,0.0485709590569999
0.2,LS_oracle,0.0713802876511884
0.2,LS_oracle,0.0922175694373368
0.2,LS_oracle,0.0457228364706872
0.2,LS_oracle,0.0794538862465839
0.2,LS_oracle,0.0808548866526856
0.2,LS_oracle,0.0754453511707356
0.2,LS_oracle,0.0589058876617722
0.2,LS_oracle,0.106897958327902
0.2,LS_oracle,0.0880094939701287
0.2,LS_oracle,0.0777792012477377
0.2,LS_oracle,0.0601601277875392
0.2,LS_oracle,0.0742918609772431
0.2,LS_oracle,0.0619602630769142
0.2,LS_oracle,0.0775770976079594
0.2,LS_oracle,0.0645304449558433
0.2,LS_oracle,0.0807785262397196
0.2,LS_oracle,0.0900217698656161
0.2,LS_oracle,0.0526110118366011
0.2,LS_oracle,0.0675106836024585
0.2,LS_oracle,0.0476509392714223
0.2,LS_oracle,0.0714829155636091
0.2,LS_oracle,0.0903279076115893
0.2,LS_oracle,0.0722811625618721
0.2,LS_oracle,0.0657824259079529
0.2,LS_oracle,0.125566167070735
0.2,LS_oracle,0.0558045448004955
0.2,LS_oracle,0.0614021950748376
0.2,LS_oracle,0.068307028294785
0.2,LS_oracle,0.0473769733346105
0.2,LS_oracle,0.0478750096571871
0.2,LS_oracle,0.0307058930034541
0.2,LS_oracle,0.0672639440113437
0.2,LS_oracle,0.0410910072352417
0.2,LS_oracle,0.0450962396187951
0.2,LS_oracle,0.0977019939445794
0.2,LS_oracle,0.11519634223124
0.2,LS_oracle,0.1178440333388
0.2,LS_oracle,0.0443027915994781
0.2,LS_oracle,0.0741671917756185
0.2,LS_oracle,0.0741861850670724
0.2,LS_oracle,0.0935217086134235
0.2,LS_oracle,0.0754671736865032
0.2,LS_oracle,0.0782582424811622
0.2,LS_oracle,0.0661568284155362
0.2,LS_oracle,0.0801819649765699
0.2,LS_oracle,0.0732214527597835
0.2,LS_oracle,0.107217963097157
0.2,LS_oracle,0.139935734030114
0.2,LS_oracle,0.0663022703655465
0.2,LS_oracle,0.0929728556478246
0.2,LS_oracle,0.0371308418761373
0.2,LS_oracle,0.0567393464944018
0.2,LS_oracle,0.123351223908946
0.2,LS_oracle,0.0768719077599191
0.2,LS_oracle,0.0755517367026479
0.2,LS_oracle,0.0614524078840235
0.2,LS_oracle,0.0816379511530214
0.2,LS_oracle,0.081030258606751
0.2,LS_oracle,0.103437142617797
0.2,LS_oracle,0.0539152090050128
0.2,LS_oracle,0.0595122943866565
0.2,LS_oracle,0.0404955785679359
0.2,LS_oracle,0.142852758946501
0.2,LS_oracle,0.0666469351478587
0.2,LS_oracle,0.0998789728957991
0.2,LS_oracle,0.0930738434024633
0.2,LS_oracle,0.0740339800993109
0.2,LS_oracle,0.0707997926999849
0.2,LS_oracle,0.116273005637279
0.2,LS_oracle,0.0751762002629576
0.2,LS_oracle,0.0483548650915945
0.2,LS_oracle,0.110211647719588
0.2,LS_oracle,0.0881065309870866
0.2,LS_oracle,0.0608082480842599
0.2,LS_oracle,0.0407191260074962
0.2,LS_oracle,0.0547431206965275
0.2,LS_oracle,0.0590846433476296
0.2,LS_oracle,0.0671884773671122
0.2,LS_oracle,0.0632418920203916
0.2,LS_oracle,0.0586235416416307
0.2,LS_oracle,0.140128422504994
0.2,LS_oracle,0.0752467663763454
0.2,LS_oracle,0.0776365549413889
0.2,LS_oracle,0.0627181744012513
0.2,LS_oracle,0.0663909617601099
0.2,LS_oracle,0.0786652127035703
0.2,LS_oracle,0.0531322063210491
0.2,LS_oracle,0.0272803577855961
0.2,LS_oracle,0.0941093269198511
0.2,LS_oracle,0.0546050881122384
0.2,LS_oracle,0.0543918283815505
0.2,LS_oracle,0.0684427540793948
0.2,LS_oracle,0.0593793648804028
0.2,LS_oracle,0.083288187417663
0.2,LS_oracle,0.071514894385983
0.2,LS_oracle,0.0611055827517469
0.2,LS_oracle,0.065575050557847
0.2,LS_oracle,0.128333659916483
0.2,LS_oracle,0.0888173378498636
0.2,LS_oracle,0.0590723206444746
0.2,LS_oracle,0.102423841500991
0.2,LS_oracle,0.0864168193935423
0.2,LS_oracle,0.0881414553072388
0.2,LS_oracle,0.077270832812784
0.2,LS_oracle,0.0669813161431525
0.2,LS_oracle,0.0848187200206565
0.2,LS_oracle,0.0713023016432304
0.2,LS_oracle,0.0550087848051037
0.2,LS_oracle,0.0822264827161349
0.2,LS_oracle,0.0496558505107183
0.2,LS_oracle,0.0605790878323938
0.2,LS_oracle,0.132490844023551
0.2,LS_oracle,0.0807019441673191
0.2,LS_oracle,0.0487510252772308
0.2,LS_oracle,0.0257283250801953
0.2,LS_oracle,0.150012481028015
0.2,LS_oracle,0.040709451051563
0.2,LS_oracle,0.0560039726416079
0.2,LS_oracle,0.0715997067860971
0.2,LS_oracle,0.118196270816625
0.2,LS_oracle,0.049301723737597
0.2,LS_oracle,0.0328040878091469
0.2,LS_oracle,0.0685896353205346
0.2,LS_oracle,0.105161746659753
0.2,LS_oracle,0.100065235006009
0.2,LS_oracle,0.0951974535806266
0.2,LS_oracle,0.059448081219094
0.2,LS_oracle,0.062926208082831
0.2,LS_oracle,0.0520122972997241
0.2,LS_oracle,0.0707845576279207
0.2,LS_oracle,0.0524258621914149
0.2,LS_oracle,0.0835779231219973
0.2,LS_oracle,0.0642430908392561
0.2,LS_oracle,0.0340649091222593
0.2,LS_oracle,0.0565591156911979
0.2,LS_oracle,0.0785044342506963
0.2,LS_oracle,0.112943750878842
0.2,LS_oracle,0.122906238441116
0.2,LS_oracle,0.0692674815189976
0.2,LS_oracle,0.0579402630493384
0.2,LS_oracle,0.101499338086949
0.2,LS_oracle,0.0626169287324577
0.2,LS_oracle,0.090023359723684
0.2,LS_oracle,0.0484247204004532
0.2,LS_oracle,0.0670281037364032
0.2,LS_oracle,0.0713272742699604
0.2,LS_oracle,0.0586857088620348
0.2,LS_oracle,0.0625717737731413
0.2,LS_oracle,0.105634177811658
0.2,LS_oracle,0.20557267795205
0.2,LS_oracle,0.044416675558635
0.2,LS_oracle,0.0883745446864257
0.2,LS_oracle,0.0696790420925865
0.2,LS_oracle,0.0501483633097466
0.2,LS_oracle,0.0529917371574451
0.2,LS_oracle,0.0635175409332335
0.2,LS_oracle,0.0396889497489364
0.2,LS_oracle,0.0706150027314038
0.2,LS_oracle,0.0546387246376942
0.2,LS_oracle,0.0817487408100948
0.2,LS_oracle,0.0587733208193071
0.2,LS_oracle,0.0555492512223081
0.2,LS_oracle,0.0885864512294728
0.2,LS_oracle,0.0421651201590971
0.2,LS_oracle,0.0670299379764345
0.2,LS_oracle,0.0926011525008721
0.2,LS_oracle,0.111526296414995
0.2,LS_oracle,0.0511702543819856
0.2,LS_oracle,0.0942702769203891
0.2,LS_oracle,0.0746614365485535
0.2,LS_oracle,0.070981602801043
0.2,LS_oracle,0.0771353141989716
0.2,LS_oracle,0.066441486617824
0.2,LS_oracle,0.0962089229081743
0.2,LS_oracle,0.120737959335197
0.2,LS_oracle,0.0865849714130785
0.2,LS_oracle,0.0601059751710746
0.2,LS_oracle,0.0821586198549087
0.2,LS_oracle,0.0540906652906467
0.2,LS_oracle,0.0993895666150161
0.2,LS_oracle,0.11773691507636
0.2,LS_oracle,0.0571649296765216
0.2,TS_oracle,0.0788214245110125
0.2,TS_oracle,0.0780419457994004
0.2,TS_oracle,0.0749564991953107
0.2,TS_oracle,0.102885342732334
0.2,TS_oracle,0.0957395850824847
0.2,TS_oracle,0.0341229682207235
0.2,TS_oracle,0.104903201331256
0.2,TS_oracle,0.0644969014313164
0.2,TS_oracle,0.087505993427463
0.2,TS_oracle,0.0671141189187587
0.2,TS_oracle,0.0666315366356673
0.2,TS_oracle,0.0826724606043749
0.2,TS_oracle,0.108734979054458
0.2,TS_oracle,0.0816356748161532
0.2,TS_oracle,0.0705058523964204
0.2,TS_oracle,0.0713179803086057
0.2,TS_oracle,0.0623197789076034
0.2,TS_oracle,0.0446928080372971
0.2,TS_oracle,0.0639369320133597
0.2,TS_oracle,0.095168657137975
0.2,TS_oracle,0.0450350436759931
0.2,TS_oracle,0.0803681222493956
0.2,TS_oracle,0.0772287798950723
0.2,TS_oracle,0.0716827665294861
0.2,TS_oracle,0.0565559945746188
0.2,TS_oracle,0.0973457397068289
0.2,TS_oracle,0.0868714337943508
0.2,TS_oracle,0.079500610489051
0.2,TS_oracle,0.0576263315146604
0.2,TS_oracle,0.0740110590245141
0.2,TS_oracle,0.0541082059862053
0.2,TS_oracle,0.0797187298373811
0.2,TS_oracle,0.0661394264517825
0.2,TS_oracle,0.0792158283495362
0.2,TS_oracle,0.0964162305204311
0.2,TS_oracle,0.0522930788683236
0.2,TS_oracle,0.0643284153728407
0.2,TS_oracle,0.0445941856841481
0.2,TS_oracle,0.0688751721663825
0.2,TS_oracle,0.0938732161068191
0.2,TS_oracle,0.0693130534968659
0.2,TS_oracle,0.0623552886698407
0.2,TS_oracle,0.106968254768809
0.2,TS_oracle,0.0553260852708532
0.2,TS_oracle,0.0587411003907345
0.2,TS_oracle,0.0647233470836109
0.2,TS_oracle,0.0469934837736133
0.2,TS_oracle,0.0462905248278643
0.2,TS_oracle,0.031844797271098
0.2,TS_oracle,0.0632804041694793
0.2,TS_oracle,0.0404280052381707
0.2,TS_oracle,0.0461835731330346
0.2,TS_oracle,0.0900326412374866
0.2,TS_oracle,0.115856468216444
0.2,TS_oracle,0.116075728624543
0.2,TS_oracle,0.0445923116631092
0.2,TS_oracle,0.0727400302461783
0.2,TS_oracle,0.0756786534086858
0.2,TS_oracle,0.0907334210835461
0.2,TS_oracle,0.0757034780511285
0.2,TS_oracle,0.0770357922673445
0.2,TS_oracle,0.0655695973011202
0.2,TS_oracle,0.0739549757890758
0.2,TS_oracle,0.0740757251192021
0.2,TS_oracle,0.1052377857928
0.2,TS_oracle,0.140631161553857
0.2,TS_oracle,0.0677183318093793
0.2,TS_oracle,0.0907075106717505
0.2,TS_oracle,0.0393939151695223
0.2,TS_oracle,0.0538532245512185
0.2,TS_oracle,0.122519013258454
0.2,TS_oracle,0.0720237275860729
0.2,TS_oracle,0.0761719428438296
0.2,TS_oracle,0.0610004005446932
0.2,TS_oracle,0.0830168551428893
0.2,TS_oracle,0.0887642055155712
0.2,TS_oracle,0.105619642725501
0.2,TS_oracle,0.0549576492641221
0.2,TS_oracle,0.0593558301933056
0.2,TS_oracle,0.0408202492146254
0.2,TS_oracle,0.140529006362646
0.2,TS_oracle,0.0658215895971666
0.2,TS_oracle,0.0970757346043613
0.2,TS_oracle,0.0898984817153522
0.2,TS_oracle,0.0741036732844752
0.2,TS_oracle,0.0700574996639385
0.2,TS_oracle,0.113178906761318
0.2,TS_oracle,0.0698409375922944
0.2,TS_oracle,0.0469629829635035
0.2,TS_oracle,0.1041760766462
0.2,TS_oracle,0.0853316438965367
0.2,TS_oracle,0.0572820017738813
0.2,TS_oracle,0.0400878063587189
0.2,TS_oracle,0.056986802111532
0.2,TS_oracle,0.0592160424945681
0.2,TS_oracle,0.063126657209927
0.2,TS_oracle,0.0622738041666498
0.2,TS_oracle,0.0577989907376419
0.2,TS_oracle,0.13603119939343
0.2,TS_oracle,0.0752957710130953
0.2,TS_oracle,0.0746949901964861
0.2,TS_oracle,0.0544266114919244
0.2,TS_oracle,0.0684254757041944
0.2,TS_oracle,0.0772174411529722
0.2,TS_oracle,0.0536754985314231
0.2,TS_oracle,0.028795907121445
0.2,TS_oracle,0.0939202282692263
0.2,TS_oracle,0.0545072813392633
0.2,TS_oracle,0.0547055624938185
0.2,TS_oracle,0.0638434468776781
0.2,TS_oracle,0.0582123878766564
0.2,TS_oracle,0.0770452754970723
0.2,TS_oracle,0.0723968282379051
0.2,TS_oracle,0.0605015011605309
0.2,TS_oracle,0.0636669207948706
0.2,TS_oracle,0.130461750076172
0.2,TS_oracle,0.0850192472349373
0.2,TS_oracle,0.0529176803329516
0.2,TS_oracle,0.105467211331606
0.2,TS_oracle,0.0803806115513207
0.2,TS_oracle,0.0856820061676615
0.2,TS_oracle,0.0776152793763132
0.2,TS_oracle,0.0730777469096227
0.2,TS_oracle,0.076892890580852
0.2,TS_oracle,0.0751338811635605
0.2,TS_oracle,0.0537391729368007
0.2,TS_oracle,0.0797290499801293
0.2,TS_oracle,0.0499639087368073
0.2,TS_oracle,0.0635504261720416
0.2,TS_oracle,0.133593978673817
0.2,TS_oracle,0.0833110593325384
0.2,TS_oracle,0.0466335502455229
0.2,TS_oracle,0.0241449382383615
0.2,TS_oracle,0.148420370740036
0.2,TS_oracle,0.0401146806774867
0.2,TS_oracle,0.0550910397300206
0.2,TS_oracle,0.069687955863643
0.2,TS_oracle,0.117932663401537
0.2,TS_oracle,0.0473656233039838
0.2,TS_oracle,0.0334992510571551
0.2,TS_oracle,0.067228278961017
0.2,TS_oracle,0.10402519143629
0.2,TS_oracle,0.0993100030017995
0.2,TS_oracle,0.0876112821821435
0.2,TS_oracle,0.0591618576040701
0.2,TS_oracle,0.054619843189662
0.2,TS_oracle,0.0517999583723873
0.2,TS_oracle,0.0690089338434508
0.2,TS_oracle,0.0516930888457018
0.2,TS_oracle,0.0929784219854599
0.2,TS_oracle,0.063843056506416
0.2,TS_oracle,0.0328179688836735
0.2,TS_oracle,0.0562240315466873
0.2,TS_oracle,0.0718151905447635
0.2,TS_oracle,0.103885372500681
0.2,TS_oracle,0.121456338203809
0.2,TS_oracle,0.0682514484283456
0.2,TS_oracle,0.0532105305577937
0.2,TS_oracle,0.108108695505023
0.2,TS_oracle,0.063754764990141
0.2,TS_oracle,0.0808359161857865
0.2,TS_oracle,0.0451425446491624
0.2,TS_oracle,0.0611508565152145
0.2,TS_oracle,0.069926131605193
0.2,TS_oracle,0.0546559527744135
0.2,TS_oracle,0.0672230571259729
0.2,TS_oracle,0.100368420513935
0.2,TS_oracle,0.204916628096138
0.2,TS_oracle,0.0464816498369889
0.2,TS_oracle,0.0922931774102658
0.2,TS_oracle,0.0667655777053591
0.2,TS_oracle,0.0501962326200166
0.2,TS_oracle,0.0497501627884707
0.2,TS_oracle,0.0696428419519067
0.2,TS_oracle,0.0424961172283864
0.2,TS_oracle,0.070368677543569
0.2,TS_oracle,0.0543823243979688
0.2,TS_oracle,0.0829772359811818
0.2,TS_oracle,0.0570541854479625
0.2,TS_oracle,0.0545758498990544
0.2,TS_oracle,0.0907176877299704
0.2,TS_oracle,0.041921591619925
0.2,TS_oracle,0.0646222547466171
0.2,TS_oracle,0.0876534530721695
0.2,TS_oracle,0.111133278103451
0.2,TS_oracle,0.0499081837407474
0.2,TS_oracle,0.0972112692186806
0.2,TS_oracle,0.0722848395044831
0.2,TS_oracle,0.071237004761586
0.2,TS_oracle,0.0745887972424061
0.2,TS_oracle,0.0643853310097066
0.2,TS_oracle,0.0925373343047807
0.2,TS_oracle,0.12930508865355
0.2,TS_oracle,0.0828847712671637
0.2,TS_oracle,0.0618931598671677
0.2,TS_oracle,0.0797675838642591
0.2,TS_oracle,0.0566317890845014
0.2,TS_oracle,0.100650684664926
0.2,TS_oracle,0.111188694223562
0.2,TS_oracle,0.0544180186829205
0.3,PLS,0.0618951920435994
0.3,PLS,0.0329591605920811
0.3,PLS,0.105727745593762
0.3,PLS,0.0663212617648295
0.3,PLS,0.0913867848600449
0.3,PLS,0.0873605102342691
0.3,PLS,0.0824839531680993
0.3,PLS,0.301513265450352
0.3,PLS,0.0937943132741502
0.3,PLS,0.0583670937048722
0.3,PLS,0.0828207171192805
0.3,PLS,0.0634414980982596
0.3,PLS,0.0995754213243989
0.3,PLS,0.0796380630288391
0.3,PLS,0.0769680160701453
0.3,PLS,0.0607918929862641
0.3,PLS,0.0542441359705178
0.3,PLS,0.0441933369434882
0.3,PLS,0.0611247274898376
0.3,PLS,0.0545582352749514
0.3,PLS,0.0709491636694069
0.3,PLS,0.0863262671854235
0.3,PLS,0.0494679466794944
0.3,PLS,0.0897004709245581
0.3,PLS,0.0651192128213496
0.3,PLS,0.0936754058046474
0.3,PLS,0.0570918291167351
0.3,PLS,0.12417426995091
0.3,PLS,0.0365048656046797
0.3,PLS,0.0426630678012996
0.3,PLS,0.046460549387375
0.3,PLS,0.0783928703524934
0.3,PLS,0.0441486239048473
0.3,PLS,0.0463661268804946
0.3,PLS,0.0404601677606199
0.3,PLS,0.0958737294845798
0.3,PLS,0.0755372624402261
0.3,PLS,0.0791892997510659
0.3,PLS,0.127823722574929
0.3,PLS,0.0694820813861927
0.3,PLS,0.11045207112108
0.3,PLS,0.0509151067407703
0.3,PLS,0.0690967377334179
0.3,PLS,0.0563783482997147
0.3,PLS,0.090439193722266
0.3,PLS,0.0874398859388827
0.3,PLS,0.0671788101361818
0.3,PLS,0.111740670365702
0.3,PLS,0.0885528169783446
0.3,PLS,0.0571687179945033
0.3,PLS,0.0659704946014669
0.3,PLS,0.0650112372921428
0.3,PLS,0.064725819153934
0.3,PLS,0.0840061169079286
0.3,PLS,0.113680150074619
0.3,PLS,0.0543437279404449
0.3,PLS,0.0980975768652775
0.3,PLS,0.0873686260018254
0.3,PLS,0.0988841440825195
0.3,PLS,0.0774589079541766
0.3,PLS,0.086866942521313
0.3,PLS,0.0654977433258743
0.3,PLS,0.0878900736199224
0.3,PLS,0.0625774287299669
0.3,PLS,0.0853679201551344
0.3,PLS,0.0875344451698358
0.3,PLS,0.108860287671068
0.3,PLS,0.0712835482577836
0.3,PLS,0.079800374175763
0.3,PLS,0.0857054914548167
0.3,PLS,0.0693637483644204
0.3,PLS,0.0626633782274395
0.3,PLS,0.104415844216666
0.3,PLS,0.038167182042817
0.3,PLS,0.0885017027505654
0.3,PLS,0.100982295803874
0.3,PLS,0.0536700722940858
0.3,PLS,0.0627044885552769
0.3,PLS,0.0603320638578774
0.3,PLS,0.0729940180789037
0.3,PLS,0.0653632848862961
0.3,PLS,0.0578675851726916
0.3,PLS,0.0844811792823643
0.3,PLS,0.0783265235019808
0.3,PLS,0.0442790861283044
0.3,PLS,0.0275570396617673
0.3,PLS,0.0630583835498661
0.3,PLS,0.0613736004613598
0.3,PLS,0.0999418696581308
0.3,PLS,0.117337228222684
0.3,PLS,0.109811054558163
0.3,PLS,0.0601017836363718
0.3,PLS,0.0684597592570606
0.3,PLS,0.0359577360647595
0.3,PLS,0.0561220474588115
0.3,PLS,0.0554828921533227
0.3,PLS,0.105010889076554
0.3,PLS,0.0764893744266816
0.3,PLS,0.0476437335587099
0.3,PLS,0.0737792320380079
0.3,PLS,0.0550471592317552
0.3,PLS,0.0954148339955505
0.3,PLS,0.0605188985245908
0.3,PLS,0.140190435164817
0.3,PLS,0.0470715080547133
0.3,PLS,0.100971881371675
0.3,PLS,0.0652791390612124
0.3,PLS,0.069858065041121
0.3,PLS,0.0743616773687857
0.3,PLS,0.0598388508344929
0.3,PLS,0.0823195017035816
0.3,PLS,0.079805221770017
0.3,PLS,0.0840842164542251
0.3,PLS,0.0978934355504017
0.3,PLS,0.0740779616351953
0.3,PLS,0.0765911136272917
0.3,PLS,0.0443773677418792
0.3,PLS,0.0788647782601546
0.3,PLS,0.108902779144284
0.3,PLS,0.0984179917635611
0.3,PLS,0.0805100000903896
0.3,PLS,0.115022852669689
0.3,PLS,0.0902628585965331
0.3,PLS,0.0798721820899544
0.3,PLS,0.0418881518284168
0.3,PLS,0.0727464727952687
0.3,PLS,0.0520960404728247
0.3,PLS,0.0560583814963136
0.3,PLS,0.0625341892592178
0.3,PLS,0.090177166033636
0.3,PLS,0.048945570924042
0.3,PLS,0.0379352724917831
0.3,PLS,0.0522064487944545
0.3,PLS,0.114994184347006
0.3,PLS,0.0509432159603835
0.3,PLS,0.0667837398323316
0.3,PLS,0.0721111009156621
0.3,PLS,0.102813833658938
0.3,PLS,0.0975875249588053
0.3,PLS,0.082355548285788
0.3,PLS,0.0833737568017916
0.3,PLS,0.0578884752080514
0.3,PLS,0.116210288423329
0.3,PLS,0.0608913384485387
0.3,PLS,0.0868977225575223
0.3,PLS,0.0811113524537567
0.3,PLS,0.0932813612142507
0.3,PLS,0.0839687920630536
0.3,PLS,0.115615146099137
0.3,PLS,0.0863410869827033
0.3,PLS,0.0741278986637523
0.3,PLS,0.109572374142666
0.3,PLS,0.0603926134524407
0.3,PLS,0.0536902028472558
0.3,PLS,0.0425515028711935
0.3,PLS,0.0538786289442682
0.3,PLS,0.0509047350843882
0.3,PLS,0.0644023136721034
0.3,PLS,0.0341787692142908
0.3,PLS,0.100610936356212
0.3,PLS,0.0846414273005897
0.3,PLS,0.0703325253212283
0.3,PLS,0.0435249454166838
0.3,PLS,0.0541794013463533
0.3,PLS,0.0605817833906505
0.3,PLS,0.104295654261919
0.3,PLS,0.0633654154558773
0.3,PLS,0.0454253350204996
0.3,PLS,0.0705708484112425
0.3,PLS,0.0723050334017665
0.3,PLS,0.049490260864588
0.3,PLS,0.0763177667448847
0.3,PLS,0.101410599764981
0.3,PLS,0.171517630522735
0.3,PLS,0.0439278958163773
0.3,PLS,0.0717243878056942
0.3,PLS,0.0806109769554159
0.3,PLS,0.0476495259206392
0.3,PLS,0.0969594507568683
0.3,PLS,0.0669462651418548
0.3,PLS,0.0558280133157292
0.3,PLS,0.067086863805499
0.3,PLS,0.0991058016931977
0.3,PLS,0.0993893999231306
0.3,PLS,0.0837279013487952
0.3,PLS,0.0957586517608598
0.3,PLS,0.0656691433743055
0.3,PLS,0.0675577461237666
0.3,PLS,0.121589191593849
0.3,PLS,0.127107821527909
0.3,PLS,0.0871667226198144
0.3,PLS,0.102667512324291
0.3,PLS,0.0652679995169085
0.3,PLS,0.0666464198505423
0.3,PLS,0.0832003455453288
0.3,PLS,0.0514214524412292
0.3,PLS,0.0754361131504781
0.3,PLS,0.0777690215638554
0.3,PLS,0.0633903628469797
0.3,PLS,0.0628499908145556
0.3,fTS,0.0617339265117724
0.3,fTS,0.0307561408561274
0.3,fTS,0.102936706653628
0.3,fTS,0.0575491337926477
0.3,fTS,0.0934622399439014
0.3,fTS,0.0920535123262065
0.3,fTS,0.0847231030366188
0.3,fTS,0.290784865620134
0.3,fTS,0.0840513529624107
0.3,fTS,0.057570360795203
0.3,fTS,0.0921825047496302
0.3,fTS,0.0615873332888472
0.3,fTS,0.0972282739636271
0.3,fTS,0.0746428418511446
0.3,fTS,0.0730981997451671
0.3,fTS,0.0582423970562339
0.3,fTS,0.0530795942654235
0.3,fTS,0.0385416097770233
0.3,fTS,0.0579437796358457
0.3,fTS,0.053610333305591
0.3,fTS,0.0731519955051514
0.3,fTS,0.0869632321293799
0.3,fTS,0.0518920111021248
0.3,fTS,0.0847123452585947
0.3,fTS,0.0594506514825837
0.3,fTS,0.0941606591318077
0.3,fTS,0.0447103205148503
0.3,fTS,0.126179020069781
0.3,fTS,0.0368683798440154
0.3,fTS,0.0430993648468516
0.3,fTS,0.0446389492570653
0.3,fTS,0.0842591644684949
0.3,fTS,0.0474725160518543
0.3,fTS,0.0478548511848243
0.3,fTS,0.041200909759374
0.3,fTS,0.0978805177560318
0.3,fTS,0.0735250093174997
0.3,fTS,0.0795479782738373
0.3,fTS,0.116802242533905
0.3,fTS,0.0633361547344591
0.3,fTS,0.0935008312444042
0.3,fTS,0.04565226284956
0.3,fTS,0.0695998861087184
0.3,fTS,0.0581908208265493
0.3,fTS,0.086024266083149
0.3,fTS,0.0896536798860047
0.3,fTS,0.063591152901719
0.3,fTS,0.105684319046787
0.3,fTS,0.0873107798286012
0.3,fTS,0.0525328667398209
0.3,fTS,0.0752312172544095
0.3,fTS,0.0593273614169152
0.3,fTS,0.0650936234881647
0.3,fTS,0.0836132604919987
0.3,fTS,0.114945797505552
0.3,fTS,0.0546721854359991
0.3,fTS,0.0902797669961816
0.3,fTS,0.077525664941588
0.3,fTS,0.101403728382006
0.3,fTS,0.0771220260026607
0.3,fTS,0.0859910701914457
0.3,fTS,0.0573254302014978
0.3,fTS,0.0791311520215487
0.3,fTS,0.0618933634718761
0.3,fTS,0.0903145185940138
0.3,fTS,0.0825121900528867
0.3,fTS,0.105532016129245
0.3,fTS,0.082027100059929
0.3,fTS,0.0806930944204751
0.3,fTS,0.0872123691030556
0.3,fTS,0.0671568385214752
0.3,fTS,0.0651190917290924
0.3,fTS,0.0953890762756677
0.3,fTS,0.0301093887505859
0.3,fTS,0.0932002556799915
0.3,fTS,0.0853731170009839
0.3,fTS,0.0612680374774038
0.3,fTS,0.0497227393013478
0.3,fTS,0.0531403404705438
0.3,fTS,0.0750228070760335
0.3,fTS,0.0589499747794765
0.3,fTS,0.067833118952233
0.3,fTS,0.0777355947455826
0.3,fTS,0.0822530714038629
0.3,fTS,0.0444042681926451
0.3,fTS,0.0275360023253758
0.3,fTS,0.0623499763230782
0.3,fTS,0.0605540252589085
0.3,fTS,0.0984883459169065
0.3,fTS,0.104147894382265
0.3,fTS,0.11140126685162
0.3,fTS,0.0600715235693732
0.3,fTS,0.0653303105808199
0.3,fTS,0.0311144232216642
0.3,fTS,0.0532643646609623
0.3,fTS,0.0514408979253892
0.3,fTS,0.105116175158165
0.3,fTS,0.0694782059540951
0.3,fTS,0.0483478635761162
0.3,fTS,0.0774374227377941
0.3,fTS,0.0548297098086486
0.3,fTS,0.0965218965356976
0.3,fTS,0.0589763466245176
0.3,fTS,0.143633374709609
0.3,fTS,0.0488749461964929
0.3,fTS,0.103329479615615
0.3,fTS,0.0649332101809557
0.3,fTS,0.0666040854068943
0.3,fTS,0.080884186220784
0.3,fTS,0.0630349515580916
0.3,fTS,0.0725843526642899
0.3,fTS,0.0840519797652856
0.3,fTS,0.0794814358187993
0.3,fTS,0.0920756931619245
0.3,fTS,0.071275544674409
0.3,fTS,0.0743273387777107
0.3,fTS,0.0450667794859955
0.3,fTS,0.0777872030763946
0.3,fTS,0.103043124528338
0.3,fTS,0.0830121644438859
0.3,fTS,0.0745487263885135
0.3,fTS,0.108559475430076
0.3,fTS,0.085763578284671
0.3,fTS,0.0818629483341572
0.3,fTS,0.0353466156835355
0.3,fTS,0.0713066891391344
0.3,fTS,0.0590154028092271
0.3,fTS,0.0559157003066358
0.3,fTS,0.0548447508797511
0.3,fTS,0.0949864344176757
0.3,fTS,0.0510265904699298
0.3,fTS,0.0360300941117028
0.3,fTS,0.0536918639085131
0.3,fTS,0.111900664607568
0.3,fTS,0.0521759688926331
0.3,fTS,0.0664868229583507
0.3,fTS,0.0698863041280968
0.3,fTS,0.105949069541633
0.3,fTS,0.0965862247355502
0.3,fTS,0.0764534645992552
0.3,fTS,0.076222339954142
0.3,fTS,0.0560037766463232
0.3,fTS,0.107264563571826
0.3,fTS,0.0615068805234224
0.3,fTS,0.084631390943644
0.3,fTS,0.0863400230452497
0.3,fTS,0.0955014667456336
0.3,fTS,0.0795075932418975
0.3,fTS,0.110981817660975
0.3,fTS,0.0805547655259899
0.3,fTS,0.0720324446413386
0.3,fTS,0.119120344250945
0.3,fTS,0.0546745604535191
0.3,fTS,0.0453442549870422
0.3,fTS,0.0500182230155378
0.3,fTS,0.0516451627129895
0.3,fTS,0.0455310779284681
0.3,fTS,0.0714257281911008
0.3,fTS,0.0337038658908674
0.3,fTS,0.106138591565523
0.3,fTS,0.0813243460570766
0.3,fTS,0.0612515777728359
0.3,fTS,0.044014137094574
0.3,fTS,0.0530334973058684
0.3,fTS,0.0587929596474519
0.3,fTS,0.10404202500426
0.3,fTS,0.0645856954427948
0.3,fTS,0.0457452905136401
0.3,fTS,0.0664168103907325
0.3,fTS,0.062963695121521
0.3,fTS,0.0465400976545491
0.3,fTS,0.0713400313903746
0.3,fTS,0.112306436514425
0.3,fTS,0.157043134253844
0.3,fTS,0.0435289669771311
0.3,fTS,0.0716567409491309
0.3,fTS,0.0904581470680224
0.3,fTS,0.048530905094008
0.3,fTS,0.0797722884168292
0.3,fTS,0.0591487543845342
0.3,fTS,0.0614022743352171
0.3,fTS,0.0642846070340311
0.3,fTS,0.099633438474697
0.3,fTS,0.0879068168338083
0.3,fTS,0.0815221199406908
0.3,fTS,0.0940631387775311
0.3,fTS,0.0596050534959639
0.3,fTS,0.0585965444841994
0.3,fTS,0.112898848589711
0.3,fTS,0.118722918502268
0.3,fTS,0.0943032170734684
0.3,fTS,0.0945258197110731
0.3,fTS,0.0623040360608748
0.3,fTS,0.0709088356303458
0.3,fTS,0.077579308914439
0.3,fTS,0.0476587384446
0.3,fTS,0.0671576904724748
0.3,fTS,0.0736561233821793
0.3,fTS,0.0602724730567736
0.3,fTS,0.0606870373206812
0.3,LS_oracle,0.0619358870790522
0.3,LS_oracle,0.0325962449130857
0.3,LS_oracle,0.105609558732688
0.3,LS_oracle,0.0663063838925282
0.3,LS_oracle,0.0917424579524539
0.3,LS_oracle,0.0873300777730984
0.3,LS_oracle,0.0822659069598577
0.3,LS_oracle,0.301545313048139
0.3,LS_oracle,0.0936741956981144
0.3,LS_oracle,0.0588638032120219
0.3,LS_oracle,0.0820732835393584
0.3,LS_oracle,0.0628103671272482
0.3,LS_oracle,0.0994828962733059
0.3,LS_oracle,0.0797357495638031
0.3,LS_oracle,0.0767592786640563
0.3,LS_oracle,0.0610284645308709
0.3,LS_oracle,0.0545812342682213
0.3,LS_oracle,0.0441789654625311
0.3,LS_oracle,0.0611208417312335
0.3,LS_oracle,0.0564366571108204
0.3,LS_oracle,0.0707686147563467
0.3,LS_oracle,0.0861214179875535
0.3,LS_oracle,0.0483025208596641
0.3,LS_oracle,0.088077175774081
0.3,LS_oracle,0.0655786478151015
0.3,LS_oracle,0.0931740936118608
0.3,LS_oracle,0.0569947006711363
0.3,LS_oracle,0.123075313172448
0.3,LS_oracle,0.0366333446261492
0.3,LS_oracle,0.0426002659126598
0.3,LS_oracle,0.046360061707171
0.3,LS_oracle,0.0785610606115449
0.3,LS_oracle,0.0445187857210776
0.3,LS_oracle,0.0463213198711537
0.3,LS_oracle,0.0404030864044998
0.3,LS_oracle,0.0962437479982997
0.3,LS_oracle,0.0755745238045604
0.3,LS_oracle,0.0799887643502595
0.3,LS_oracle,0.128117907004423
0.3,LS_oracle,0.0688478277284452
0.3,LS_oracle,0.110544910376314
0.3,LS_oracle,0.0512105324304669
0.3,LS_oracle,0.0690362127642558
0.3,LS_oracle,0.0561891851428003
0.3,LS_oracle,0.0901934387308084
0.3,LS_oracle,0.0875092458015826
0.3,LS_oracle,0.0669541175537699
0.3,LS_oracle,0.111555435317672
0.3,LS_oracle,0.0883247118016529
0.3,LS_oracle,0.0581168921714835
0.3,LS_oracle,0.0659716915897403
0.3,LS_oracle,0.0647751428950466
0.3,LS_oracle,0.064650091700079
0.3,LS_oracle,0.0841893780048767
0.3,LS_oracle,0.113593296862638
0.3,LS_oracle,0.0543931928334894
0.3,LS_oracle,0.0982205560123587
0.3,LS_oracle,0.0873391694306136
0.3,LS_oracle,0.0986961794575895
0.3,LS_oracle,0.077518203167077
0.3,LS_oracle,0.0869668787318189
0.3,LS_oracle,0.0645828866028645
0.3,LS_oracle,0.0882973319361495
0.3,LS_oracle,0.062651081528539
0.3,LS_oracle,0.0863290293666489
0.3,LS_oracle,0.0872766444010162
0.3,LS_oracle,0.108855640397883
0.3,LS_oracle,0.0708228403606958
0.3,LS_oracle,0.0794691252960442
0.3,LS_oracle,0.0861559538494214
0.3,LS_oracle,0.0692984034100919
0.3,LS_oracle,0.0626798497119029
0.3,LS_oracle,0.104270458200008
0.3,LS_oracle,0.038191522329143
0.3,LS_oracle,0.0881606997060477
0.3,LS_oracle,0.10112289052771
0.3,LS_oracle,0.0537994819249843
0.3,LS_oracle,0.0643940326999816
0.3,LS_oracle,0.060389906162871
0.3,LS_oracle,0.073036003588854
0.3,LS_oracle,0.0657564283207619
0.3,LS_oracle,0.0575974184587783
0.3,LS_oracle,0.084515469577612
0.3,LS_oracle,0.0782115717464588
0.3,LS_oracle,0.0441382790473099
0.3,LS_oracle,0.0274501317783345
0.3,LS_oracle,0.0628003263325462
0.3,LS_oracle,0.0613257506038525
0.3,LS_oracle,0.0993401428347405
0.3,LS_oracle,0.117162885135059
0.3,LS_oracle,0.109807353050717
0.3,LS_oracle,0.0600021549991987
0.3,LS_oracle,0.0685506541402292
0.3,LS_oracle,0.0358373632501901
0.3,LS_oracle,0.0559201062105923
0.3,LS_oracle,0.0552775813931431
0.3,LS_oracle,0.105138866439748
0.3,LS_oracle,0.0777490742874499
0.3,LS_oracle,0.0475500700875048
0.3,LS_oracle,0.0749863066298101
0.3,LS_oracle,0.0550353661763657
0.3,LS_oracle,0.0954930267340988
0.3,LS_oracle,0.060522686365491
0.3,LS_oracle,0.140242131403221
0.3,LS_oracle,0.0471320124990681
0.3,LS_oracle,0.099271948775104
0.3,LS_oracle,0.0665752444699346
0.3,LS_oracle,0.0697317925581871
0.3,LS_oracle,0.0738408191054304
0.3,LS_oracle,0.0600353092213986
0.3,LS_oracle,0.0827542052606662
0.3,LS_oracle,0.0798363762445127
0.3,LS_oracle,0.083063244627548
0.3,LS_oracle,0.0987707092761126
0.3,LS_oracle,0.0740818044085974
0.3,LS_oracle,0.0766819566884367
0.3,LS_oracle,0.0444599109220262
0.3,LS_oracle,0.0786122137058354
0.3,LS_oracle,0.109816213443617
0.3,LS_oracle,0.0983865178055385
0.3,LS_oracle,0.0801037747242007
0.3,LS_oracle,0.114743397689853
0.3,LS_oracle,0.0902882631277238
0.3,LS_oracle,0.0799265785044503
0.3,LS_oracle,0.0418830008234244
0.3,LS_oracle,0.0731515842217601
0.3,LS_oracle,0.0521567231126016
0.3,LS_oracle,0.055959945630489
0.3,LS_oracle,0.0624643332781524
0.3,LS_oracle,0.0897747280943803
0.3,LS_oracle,0.0488605884616686
0.3,LS_oracle,0.0378853365208012
0.3,LS_oracle,0.052197625288055
0.3,LS_oracle,0.114967559095284
0.3,LS_oracle,0.0514597079040317
0.3,LS_oracle,0.0667822807826952
0.3,LS_oracle,0.0720937422344085
0.3,LS_oracle,0.102350797183021
0.3,LS_oracle,0.0972564415746808
0.3,LS_oracle,0.0823206494801574
0.3,LS_oracle,0.0842579697213841
0.3,LS_oracle,0.0580620439787037
0.3,LS_oracle,0.116203369619274
0.3,LS_oracle,0.0607708459636139
0.3,LS_oracle,0.0869157485674312
0.3,LS_oracle,0.0809815836106395
0.3,LS_oracle,0.0960836026714678
0.3,LS_oracle,0.0836563099565925
0.3,LS_oracle,0.11560416585005
0.3,LS_oracle,0.0866171937464325
0.3,LS_oracle,0.0741834629251556
0.3,LS_oracle,0.10959976303919
0.3,LS_oracle,0.0608966836045135
0.3,LS_oracle,0.0534915911494696
0.3,LS_oracle,0.0422239468834185
0.3,LS_oracle,0.0540488223222625
0.3,LS_oracle,0.0507025379667464
0.3,LS_oracle,0.0646472388223319
0.3,LS_oracle,0.0343945329763129
0.3,LS_oracle,0.100523093383458
0.3,LS_oracle,0.0844106052445452
0.3,LS_oracle,0.0703489298697423
0.3,LS_oracle,0.0434824926415391
0.3,LS_oracle,0.0542004728378827
0.3,LS_oracle,0.0606015247048238
0.3,LS_oracle,0.105408957693108
0.3,LS_oracle,0.0633201677492207
0.3,LS_oracle,0.0455797777147904
0.3,LS_oracle,0.070517663108749
0.3,LS_oracle,0.0724367785195189
0.3,LS_oracle,0.0505025896439007
0.3,LS_oracle,0.0763519400629183
0.3,LS_oracle,0.100999249073804
0.3,LS_oracle,0.171379658477891
0.3,LS_oracle,0.0442422905107379
0.3,LS_oracle,0.0718762983368
0.3,LS_oracle,0.0830989535002323
0.3,LS_oracle,0.0495117201903508
0.3,LS_oracle,0.0968224323524678
0.3,LS_oracle,0.0668177173322527
0.3,LS_oracle,0.0560735073592605
0.3,LS_oracle,0.0668413538502585
0.3,LS_oracle,0.0989946038118341
0.3,LS_oracle,0.0990758257131916
0.3,LS_oracle,0.0828504697632782
0.3,LS_oracle,0.0958026032659983
0.3,LS_oracle,0.0656534075271589
0.3,LS_oracle,0.067453437246535
0.3,LS_oracle,0.121744218613778
0.3,LS_oracle,0.127063323921943
0.3,LS_oracle,0.0877937360092572
0.3,LS_oracle,0.102692676304218
0.3,LS_oracle,0.0653228655287018
0.3,LS_oracle,0.0666117223567217
0.3,LS_oracle,0.0824302971687218
0.3,LS_oracle,0.0481868597676469
0.3,LS_oracle,0.0766407568028424
0.3,LS_oracle,0.0779960782207654
0.3,LS_oracle,0.06334909130051
0.3,LS_oracle,0.0629252171576812
0.3,TS_oracle,0.0620128901736925
0.3,TS_oracle,0.0306060005286324
0.3,TS_oracle,0.102870220471604
0.3,TS_oracle,0.0576027655129285
0.3,TS_oracle,0.093526669143052
0.3,TS_oracle,0.0921208944760676
0.3,TS_oracle,0.0846269695101489
0.3,TS_oracle,0.290908730235743
0.3,TS_oracle,0.0841479352595488
0.3,TS_oracle,0.0580727189383416
0.3,TS_oracle,0.0921139663276467
0.3,TS_oracle,0.0613083975313469
0.3,TS_oracle,0.0973548245723385
0.3,TS_oracle,0.0745823417701519
0.3,TS_oracle,0.0731184669036551
0.3,TS_oracle,0.0581530057522614
0.3,TS_oracle,0.0530860984280487
0.3,TS_oracle,0.0385435303246939
0.3,TS_oracle,0.0579442432351569
0.3,TS_oracle,0.0541449531894798
0.3,TS_oracle,0.0724857858994564
0.3,TS_oracle,0.0866948381400991
0.3,TS_oracle,0.050787292437636
0.3,TS_oracle,0.0844800919366331
0.3,TS_oracle,0.0597472837015201
0.3,TS_oracle,0.0933533723397811
0.3,TS_oracle,0.0446895341606609
0.3,TS_oracle,0.12521745214908
0.3,TS_oracle,0.0369265147263889
0.3,TS_oracle,0.0430713101717748
0.3,TS_oracle,0.0444775799047923
0.3,TS_oracle,0.0843507299254103
0.3,TS_oracle,0.0476226691588893
0.3,TS_oracle,0.0478350735321592
0.3,TS_oracle,0.041155153435442
0.3,TS_oracle,0.0983406399782664
0.3,TS_oracle,0.0733487913929079
0.3,TS_oracle,0.080042466192955
0.3,TS_oracle,0.116889087595025
0.3,TS_oracle,0.0632871991400809
0.3,TS_oracle,0.0935356249041385
0.3,TS_oracle,0.0458820018883374
0.3,TS_oracle,0.0695040045387029
0.3,TS_oracle,0.0583063563344379
0.3,TS_oracle,0.0857483402735527
0.3,TS_oracle,0.0896929664701468
0.3,TS_oracle,0.0633997539087065
0.3,TS_oracle,0.106131236884443
0.3,TS_oracle,0.0871928643978873
0.3,TS_oracle,0.0526128112903386
0.3,TS_oracle,0.0752510412649805
0.3,TS_oracle,0.0592707948119755
0.3,TS_oracle,0.0650675020539571
0.3,TS_oracle,0.0838231664432395
0.3,TS_oracle,0.114674613182698
0.3,TS_oracle,0.0547437044666442
0.3,TS_oracle,0.0902991346932847
0.3,TS_oracle,0.0775056035313357
0.3,TS_oracle,0.101352369620362
0.3,TS_oracle,0.077159210776173
0.3,TS_oracle,0.0861649139556794
0.3,TS_oracle,0.0573164886428893
0.3,TS_oracle,0.0794416782297816
0.3,TS_oracle,0.0619122112459066
0.3,TS_oracle,0.0905323088530518
0.3,TS_oracle,0.0824394836463261
0.3,TS_oracle,0.105942948035826
0.3,TS_oracle,0.0818937036736559
0.3,TS_oracle,0.0807251807934477
0.3,TS_oracle,0.0875822010052953
0.3,TS_oracle,0.0670887350331571
0.3,TS_oracle,0.0651254160826725
0.3,TS_oracle,0.0951588365023218
0.3,TS_oracle,0.0301293254274745
0.3,TS_oracle,0.0929770295161673
0.3,TS_oracle,0.0854701811538886
0.3,TS_oracle,0.061289603750909
0.3,TS_oracle,0.0508201210106085
0.3,TS_oracle,0.0531883140979803
0.3,TS_oracle,0.0750331772184185
0.3,TS_oracle,0.0589956396769778
0.3,TS_oracle,0.0677097136846859
0.3,TS_oracle,0.0777041315459683
0.3,TS_oracle,0.082283175370947
0.3,TS_oracle,0.045189979710895
0.3,TS_oracle,0.027509267024864
0.3,TS_oracle,0.0622603344203357
0.3,TS_oracle,0.0605383452734668
0.3,TS_oracle,0.0979567543184927
0.3,TS_oracle,0.104054235714506
0.3,TS_oracle,0.111375276161048
0.3,TS_oracle,0.0601979355347798
0.3,TS_oracle,0.0652423515625655
0.3,TS_oracle,0.0310146553203622
0.3,TS_oracle,0.0531680066350844
0.3,TS_oracle,0.0512146000850929
0.3,TS_oracle,0.105177659177074
0.3,TS_oracle,0.0695976042767357
0.3,TS_oracle,0.0483208745988401
0.3,TS_oracle,0.0787478409824716
0.3,TS_oracle,0.0548552379589264
0.3,TS_oracle,0.0965603322742601
0.3,TS_oracle,0.0590230501330503
0.3,TS_oracle,0.138359859720379
0.3,TS_oracle,0.0490438775056498
0.3,TS_oracle,0.100319056458245
0.3,TS_oracle,0.0650363882205439
0.3,TS_oracle,0.0665608629249965
0.3,TS_oracle,0.0809070004221921
0.3,TS_oracle,0.0630718353415373
0.3,TS_oracle,0.0728653111744611
0.3,TS_oracle,0.0841425697034957
0.3,TS_oracle,0.0790041496098496
0.3,TS_oracle,0.0927945040757224
0.3,TS_oracle,0.0712802919806787
0.3,TS_oracle,0.0744459620468274
0.3,TS_oracle,0.0454762290813086
0.3,TS_oracle,0.0774658795810136
0.3,TS_oracle,0.103662080419944
0.3,TS_oracle,0.082878354229725
0.3,TS_oracle,0.074238824537759
0.3,TS_oracle,0.108221329079796
0.3,TS_oracle,0.0857466780411647
0.3,TS_oracle,0.0818693200028578
0.3,TS_oracle,0.0354563141680048
0.3,TS_oracle,0.0713066924460709
0.3,TS_oracle,0.0590639094333959
0.3,TS_oracle,0.0557314814057238
0.3,TS_oracle,0.0548337553925795
0.3,TS_oracle,0.094857799193845
0.3,TS_oracle,0.0510308281050301
0.3,TS_oracle,0.0359735757764334
0.3,TS_oracle,0.0537015747992572
0.3,TS_oracle,0.11197104824803
0.3,TS_oracle,0.0522511440789285
0.3,TS_oracle,0.0665484805053576
0.3,TS_oracle,0.0698103502425162
0.3,TS_oracle,0.105704106628054
0.3,TS_oracle,0.0963149875372624
0.3,TS_oracle,0.0763734654112455
0.3,TS_oracle,0.076837946932622
0.3,TS_oracle,0.0561129519714102
0.3,TS_oracle,0.107257315625884
0.3,TS_oracle,0.0614588025241445
0.3,TS_oracle,0.0846453203311722
0.3,TS_oracle,0.0861966960647831
0.3,TS_oracle,0.0969214302797098
0.3,TS_oracle,0.0793734750382387
0.3,TS_oracle,0.110185569858748
0.3,TS_oracle,0.0811085971431681
0.3,TS_oracle,0.0720401418191566
0.3,TS_oracle,0.119171349972373
0.3,TS_oracle,0.0548818826037076
0.3,TS_oracle,0.0454250259790574
0.3,TS_oracle,0.0496608658539431
0.3,TS_oracle,0.0511893149255885
0.3,TS_oracle,0.0455721440483566
0.3,TS_oracle,0.0716538409156517
0.3,TS_oracle,0.0337879022663431
0.3,TS_oracle,0.105956865774805
0.3,TS_oracle,0.0813455625772207
0.3,TS_oracle,0.061520734891756
0.3,TS_oracle,0.0445430611329954
0.3,TS_oracle,0.0526528605259061
0.3,TS_oracle,0.0592076762006852
0.3,TS_oracle,0.104262788891218
0.3,TS_oracle,0.0645456900458986
0.3,TS_oracle,0.0458139682759467
0.3,TS_oracle,0.0663958014323757
0.3,TS_oracle,0.0628338610574641
0.3,TS_oracle,0.0456733738061111
0.3,TS_oracle,0.0713108517309924
0.3,TS_oracle,0.112062474416979
0.3,TS_oracle,0.157051962928346
0.3,TS_oracle,0.0436605135963333
0.3,TS_oracle,0.0721371691894762
0.3,TS_oracle,0.0925173621713419
0.3,TS_oracle,0.0485179948791442
0.3,TS_oracle,0.0797181835376388
0.3,TS_oracle,0.0590866986647399
0.3,TS_oracle,0.061504903608917
0.3,TS_oracle,0.0642196956062828
0.3,TS_oracle,0.0993968099753951
0.3,TS_oracle,0.0878054044463021
0.3,TS_oracle,0.0813061709804355
0.3,TS_oracle,0.0940985402995684
0.3,TS_oracle,0.05976376945531
0.3,TS_oracle,0.0585886605004178
0.3,TS_oracle,0.112548833765963
0.3,TS_oracle,0.11907344129415
0.3,TS_oracle,0.0949602643345087
0.3,TS_oracle,0.0946292781049188
0.3,TS_oracle,0.0623170963022138
0.3,TS_oracle,0.0708854520886089
0.3,TS_oracle,0.0773439867188772
0.3,TS_oracle,0.0463550995086094
0.3,TS_oracle,0.0682297177942764
0.3,TS_oracle,0.073988542587642
0.3,TS_oracle,0.0602036403255658
0.3,TS_oracle,0.0606956210520218
0.4,PLS,0.0898081743304248
0.4,PLS,0.0472260469398916
0.4,PLS,0.0895667894183259
0.4,PLS,0.127669333691938
0.4,PLS,0.0543572324269789
0.4,PLS,0.148411321805941
0.4,PLS,0.0590973234194663
0.4,PLS,0.0669549262992511
0.4,PLS,0.0825387859306903
0.4,PLS,0.11542634828561
0.4,PLS,0.177934365273607
0.4,PLS,0.107443200203287
0.4,PLS,0.040884339560242
0.4,PLS,0.0920185624336002
0.4,PLS,0.0477816301330225
0.4,PLS,0.0641760536344147
0.4,PLS,0.0999955955946247
0.4,PLS,0.0689830083777082
0.4,PLS,0.04897769065665
0.4,PLS,0.0533738718704468
0.4,PLS,0.0347744291546985
0.4,PLS,0.0602901433614438
0.4,PLS,0.0786436755128139
0.4,PLS,0.101761684998002
0.4,PLS,0.092344357855529
0.4,PLS,0.054227168231417
0.4,PLS,0.079705896114315
0.4,PLS,0.0896074771947648
0.4,PLS,0.0547818666394356
0.4,PLS,0.0658202880309214
0.4,PLS,0.0458946485985943
0.4,PLS,0.0962646080191504
0.4,PLS,0.0644947341219449
0.4,PLS,0.0314094491745336
0.4,PLS,0.0601058603993486
0.4,PLS,0.0712379713509979
0.4,PLS,0.082346683984672
0.4,PLS,0.0656208605825003
0.4,PLS,0.0424655351012529
0.4,PLS,0.12667097630862
0.4,PLS,0.027129373487507
0.4,PLS,0.0569165960719372
0.4,PLS,0.0973087355421737
0.4,PLS,0.0899450142980674
0.4,PLS,0.066902915835861
0.4,PLS,0.125504140271946
0.4,PLS,0.0719201137639023
0.4,PLS,0.0826457054998262
0.4,PLS,0.0910410480491932
0.4,PLS,0.0631843567316278
0.4,PLS,0.0307642492688364
0.4,PLS,0.103743902718998
0.4,PLS,0.0844330642915287
0.4,PLS,0.0619265565405262
0.4,PLS,0.0830285623401032
0.4,PLS,0.0707131427510131
0.4,PLS,0.0562461689170259
0.4,PLS,0.113256854931499
0.4,PLS,0.103224577434593
0.4,PLS,0.0424832317021563
0.4,PLS,0.0995662492814397
0.4,PLS,0.0822967965888124
0.4,PLS,0.0687681625989654
0.4,PLS,0.0755685062175353
0.4,PLS,0.0474729051592371
0.4,PLS,0.0815707040597954
0.4,PLS,0.0781984044669803
0.4,PLS,0.0542464451254969
0.4,PLS,0.0558624294386734
0.4,PLS,0.111094735354696
0.4,PLS,0.0833016145853179
0.4,PLS,0.0814729850340701
0.4,PLS,0.111657018938908
0.4,PLS,0.101573183537913
0.4,PLS,0.0692128297750476
0.4,PLS,0.03775124933185
0.4,PLS,0.0851910066951869
0.4,PLS,0.0842764464401306
0.4,PLS,0.102212917040528
0.4,PLS,0.0310281482965751
0.4,PLS,0.0620404732910421
0.4,PLS,0.0952318865530163
0.4,PLS,0.0596602707625641
0.4,PLS,0.0494204279454022
0.4,PLS,0.0674245531166469
0.4,PLS,0.0564321292278403
0.4,PLS,0.0629227888159025
0.4,PLS,0.0386178083197989
0.4,PLS,0.129218442272153
0.4,PLS,0.0825846293477902
0.4,PLS,0.0718494307510985
0.4,PLS,0.0709668584436661
0.4,PLS,0.0517835097802593
0.4,PLS,0.0536584092527265
0.4,PLS,0.0755429528087266
0.4,PLS,0.0660470260705363
0.4,PLS,0.0532337602059666
0.4,PLS,0.0682401033482848
0.4,PLS,0.0821572548123107
0.4,PLS,0.0511728626732095
0.4,PLS,0.0681117758362466
0.4,PLS,0.0566054266186412
0.4,PLS,0.153193104734502
0.4,PLS,0.0833870391090638
0.4,PLS,0.0472694284223793
0.4,PLS,0.111414422938653
0.4,PLS,0.0777386049390654
0.4,PLS,0.0709459713554346
0.4,PLS,0.0386328367768442
0.4,PLS,0.0891503192454491
0.4,PLS,0.0862953042448946
0.4,PLS,0.0933339818060359
0.4,PLS,0.0770181721157979
0.4,PLS,0.0741200551217187
0.4,PLS,0.0600111688727117
0.4,PLS,0.0398897339500386
0.4,PLS,0.112567353091162
0.4,PLS,0.0785963219998182
0.4,PLS,0.0732050148727756
0.4,PLS,0.0772178680357247
0.4,PLS,0.1278572722536
0.4,PLS,0.0822311078204007
0.4,PLS,0.165884329958904
0.4,PLS,0.102588009521874
0.4,PLS,0.0864714197963356
0.4,PLS,0.107057782087304
0.4,PLS,0.0793582025867009
0.4,PLS,0.0488397249341985
0.4,PLS,0.0718599090097108
0.4,PLS,0.0624621552890678
0.4,PLS,0.0564857844980679
0.4,PLS,0.0667240561761015
0.4,PLS,0.0922767099096936
0.4,PLS,0.0759695698473208
0.4,PLS,0.0743981728623101
0.4,PLS,0.0739050145066058
0.4,PLS,0.112392368002569
0.4,PLS,0.104146870468881
0.4,PLS,0.089537222723346
0.4,PLS,0.0863844335542419
0.4,PLS,0.0844642093218412
0.4,PLS,0.0632648677921233
0.4,PLS,0.0750310594771303
0.4,PLS,0.112516084845939
0.4,PLS,0.0704005780046578
0.4,PLS,0.13503833024967
0.4,PLS,0.0959227520997769
0.4,PLS,0.0793736942510819
0.4,PLS,0.115540798013663
0.4,PLS,0.0954572440511864
0.4,PLS,0.0567136777725614
0.4,PLS,0.104489079783634
0.4,PLS,0.122527603508844
0.4,PLS,0.0371279984999633
0.4,PLS,0.0885828126197811
0.4,PLS,0.0807878773948327
0.4,PLS,0.0763064573352376
0.4,PLS,0.0569605746379513
0.4,PLS,0.0479944041855445
0.4,PLS,0.04428425583026
0.4,PLS,0.069452270264086
0.4,PLS,0.0813482725823961
0.4,PLS,0.111850695556235
0.4,PLS,0.0820813947185112
0.4,PLS,0.107024023654305
0.4,PLS,0.0503530523046354
0.4,PLS,0.137034658563517
0.4,PLS,0.0357610536204846
0.4,PLS,0.0572459443612282
0.4,PLS,0.0649596422181822
0.4,PLS,0.0791607756338857
0.4,PLS,0.0609044703935243
0.4,PLS,0.03786822534616
0.4,PLS,0.0934464647237979
0.4,PLS,0.0665966771581464
0.4,PLS,0.0619288902944569
0.4,PLS,0.0612568253548617
0.4,PLS,0.0973024240229967
0.4,PLS,0.0730490229452386
0.4,PLS,0.124939746070219
0.4,PLS,0.0754216488843227
0.4,PLS,0.151134103298073
0.4,PLS,0.0793780195824504
0.4,PLS,0.0604658076434847
0.4,PLS,0.108339120405803
0.4,PLS,0.0865377702149655
0.4,PLS,0.0610308447411341
0.4,PLS,0.091092142676309
0.4,PLS,0.0682390050770867
0.4,PLS,0.080427936646302
0.4,PLS,0.0552193325554903
0.4,PLS,0.0638588158610344
0.4,PLS,0.115324248756202
0.4,PLS,0.043917335830929
0.4,PLS,0.091980661404715
0.4,PLS,0.123868228195919
0.4,PLS,0.0645976472001274
0.4,PLS,0.0549384284875193
0.4,PLS,0.0962632268478983
0.4,PLS,0.0488418225735158
0.4,fTS,0.0914158243744481
0.4,fTS,0.0457212217071366
0.4,fTS,0.097890167360036
0.4,fTS,0.106467185508137
0.4,fTS,0.0516749943905075
0.4,fTS,0.131410156619361
0.4,fTS,0.0539791419911969
0.4,fTS,0.0801731202619694
0.4,fTS,0.0704369875769027
0.4,fTS,0.102886208851103
0.4,fTS,0.176139828266576
0.4,fTS,0.111662101207276
0.4,fTS,0.044557079613138
0.4,fTS,0.100596807400487
0.4,fTS,0.0512505278555592
0.4,fTS,0.0674928951515607
0.4,fTS,0.0829394159119823
0.4,fTS,0.0772472298998236
0.4,fTS,0.0484574919475338
0.4,fTS,0.054144988039955
0.4,fTS,0.0381715338925591
0.4,fTS,0.0572380693272454
0.4,fTS,0.0741848331948883
0.4,fTS,0.110575572019075
0.4,fTS,0.0971756708257944
0.4,fTS,0.0459428726613886
0.4,fTS,0.069394330178288
0.4,fTS,0.0880721509447103
0.4,fTS,0.0522038785066815
0.4,fTS,0.0562854282560667
0.4,fTS,0.0472945431887451
0.4,fTS,0.0894483310295543
0.4,fTS,0.0637143010212123
0.4,fTS,0.0295008079338598
0.4,fTS,0.0561391526900053
0.4,fTS,0.0689694828039037
0.4,fTS,0.0774383111480061
0.4,fTS,0.0635964968242009
0.4,fTS,0.0526053135892709
0.4,fTS,0.127686205392639
0.4,fTS,0.0282494894589289
0.4,fTS,0.0516873614331637
0.4,fTS,0.090155171149664
0.4,fTS,0.0851488178578035
0.4,fTS,0.0972023531846169
0.4,fTS,0.124292664637994
0.4,fTS,0.0764746687514056
0.4,fTS,0.0862537596620258
0.4,fTS,0.0887880189433078
0.4,fTS,0.0610785179005795
0.4,fTS,0.027288437927187
0.4,fTS,0.0856786686546365
0.4,fTS,0.0774999248702772
0.4,fTS,0.061084771599347
0.4,fTS,0.0820014446946932
0.4,fTS,0.0767243714969141
0.4,fTS,0.0484869548354987
0.4,fTS,0.116169201186449
0.4,fTS,0.107885090427686
0.4,fTS,0.0367131428013457
0.4,fTS,0.102266381193201
0.4,fTS,0.0792306568411204
0.4,fTS,0.0647766892694869
0.4,fTS,0.0859455259299493
0.4,fTS,0.0469256660823541
0.4,fTS,0.0765747336649308
0.4,fTS,0.0757738532452222
0.4,fTS,0.0552953865724761
0.4,fTS,0.0489497756893591
0.4,fTS,0.10335662754021
0.4,fTS,0.088745368854383
0.4,fTS,0.082868730819811
0.4,fTS,0.114617600728709
0.4,fTS,0.0831770352878557
0.4,fTS,0.0752887551141145
0.4,fTS,0.0371028136153033
0.4,fTS,0.0836890583234395
0.4,fTS,0.08019560538117
0.4,fTS,0.092894255662263
0.4,fTS,0.0246977843887425
0.4,fTS,0.0609580391604116
0.4,fTS,0.0970014585734767
0.4,fTS,0.060572232302381
0.4,fTS,0.0491381101855126
0.4,fTS,0.0775948110533937
0.4,fTS,0.0476802024008796
0.4,fTS,0.0622411752031585
0.4,fTS,0.0439485105583111
0.4,fTS,0.124304827590455
0.4,fTS,0.0824059948421255
0.4,fTS,0.0569387152633114
0.4,fTS,0.075815249195996
0.4,fTS,0.0456988604001629
0.4,fTS,0.0588910948683235
0.4,fTS,0.0671866876194693
0.4,fTS,0.0662319198092958
0.4,fTS,0.0517847222981201
0.4,fTS,0.0592863722796228
0.4,fTS,0.0672157923217637
0.4,fTS,0.0445296139470821
0.4,fTS,0.0615212548335961
0.4,fTS,0.0661935851972678
0.4,fTS,0.152582441896717
0.4,fTS,0.0801235193161111
0.4,fTS,0.0415854899542527
0.4,fTS,0.112396762091543
0.4,fTS,0.0719958244240041
0.4,fTS,0.0781415876069505
0.4,fTS,0.0401784732437562
0.4,fTS,0.0671710986357122
0.4,fTS,0.0789330428104726
0.4,fTS,0.0898162063109511
0.4,fTS,0.069106908250525
0.4,fTS,0.0818038760145033
0.4,fTS,0.049222300031974
0.4,fTS,0.0374190434741273
0.4,fTS,0.0907163202159103
0.4,fTS,0.0731487948306535
0.4,fTS,0.0687754022767417
0.4,fTS,0.0738700149143782
0.4,fTS,0.113463242879727
0.4,fTS,0.080265688035662
0.4,fTS,0.145410600603165
0.4,fTS,0.0894497219468397
0.4,fTS,0.0879303518477678
0.4,fTS,0.0843601069182515
0.4,fTS,0.0802581623192646
0.4,fTS,0.0468142362281326
0.4,fTS,0.0647859915553436
0.4,fTS,0.0582355609398951
0.4,fTS,0.0560247072704185
0.4,fTS,0.0670122072291239
0.4,fTS,0.0869988137325418
0.4,fTS,0.0723570727834434
0.4,fTS,0.0844531441045626
0.4,fTS,0.0552480877821168
0.4,fTS,0.115084083908414
0.4,fTS,0.104675984981186
0.4,fTS,0.0964169743735122
0.4,fTS,0.0847505496946825
0.4,fTS,0.0723555794610471
0.4,fTS,0.0563312930395339
0.4,fTS,0.0640066449647168
0.4,fTS,0.0887338055890058
0.4,fTS,0.0613319713898904
0.4,fTS,0.122055742835387
0.4,fTS,0.0849796337882931
0.4,fTS,0.0609512345738307
0.4,fTS,0.102111525694196
0.4,fTS,0.073491552072484
0.4,fTS,0.0488332589940794
0.4,fTS,0.0917929969868307
0.4,fTS,0.105646803272258
0.4,fTS,0.0384388526608356
0.4,fTS,0.0853030445906067
0.4,fTS,0.0848186814462634
0.4,fTS,0.0681246822839898
0.4,fTS,0.0634996745538168
0.4,fTS,0.0478289758091016
0.4,fTS,0.0530431860102593
0.4,fTS,0.065454303394706
0.4,fTS,0.0601613811636188
0.4,fTS,0.0931632782950535
0.4,fTS,0.0855741370752232
0.4,fTS,0.0965812856324084
0.4,fTS,0.0507553963222549
0.4,fTS,0.132101688158925
0.4,fTS,0.0278836485827755
0.4,fTS,0.0482928147047383
0.4,fTS,0.0596197550442629
0.4,fTS,0.0627032339939158
0.4,fTS,0.0739457811412168
0.4,fTS,0.0370001809982423
0.4,fTS,0.0746670007155345
0.4,fTS,0.0681235180902618
0.4,fTS,0.063066118516234
0.4,fTS,0.0560532708584796
0.4,fTS,0.0991210447244798
0.4,fTS,0.0658893071654302
0.4,fTS,0.10059864185605
0.4,fTS,0.065372209546644
0.4,fTS,0.140141579914771
0.4,fTS,0.109974055552618
0.4,fTS,0.0526829334353135
0.4,fTS,0.103945515718449
0.4,fTS,0.0754389077710554
0.4,fTS,0.0660845457566403
0.4,fTS,0.083992189352216
0.4,fTS,0.0788155920018696
0.4,fTS,0.0780270966198636
0.4,fTS,0.0522528149036503
0.4,fTS,0.0586154790013953
0.4,fTS,0.0974046782933746
0.4,fTS,0.0433131599697632
0.4,fTS,0.0865217375585243
0.4,fTS,0.119860576367269
0.4,fTS,0.069736837039981
0.4,fTS,0.0519383956106509
0.4,fTS,0.0753937594879367
0.4,fTS,0.0487471213123442
0.4,LS_oracle,0.0897278491612718
0.4,LS_oracle,0.0471174633967617
0.4,LS_oracle,0.0892868100648955
0.4,LS_oracle,0.127542623674152
0.4,LS_oracle,0.0543790777538137
0.4,LS_oracle,0.148092947786138
0.4,LS_oracle,0.0591869060516871
0.4,LS_oracle,0.0669872285125313
0.4,LS_oracle,0.0823512419628849
0.4,LS_oracle,0.115431511178036
0.4,LS_oracle,0.177920952859897
0.4,LS_oracle,0.107633780194885
0.4,LS_oracle,0.0409193718744124
0.4,LS_oracle,0.0919936235318009
0.4,LS_oracle,0.0476863259083255
0.4,LS_oracle,0.0641628622884313
0.4,LS_oracle,0.101200086379202
0.4,LS_oracle,0.068089928002361
0.4,LS_oracle,0.0485101987646745
0.4,LS_oracle,0.0520131245785209
0.4,LS_oracle,0.03512073888278
0.4,LS_oracle,0.060404803698108
0.4,LS_oracle,0.0790089981735617
0.4,LS_oracle,0.101884021144128
0.4,LS_oracle,0.0930410969136881
0.4,LS_oracle,0.0540699679240654
0.4,LS_oracle,0.0798401292098743
0.4,LS_oracle,0.0900153578137976
0.4,LS_oracle,0.0547527050029412
0.4,LS_oracle,0.0655407579212317
0.4,LS_oracle,0.0459886737733919
0.4,LS_oracle,0.0961408089490367
0.4,LS_oracle,0.064484596625363
0.4,LS_oracle,0.0317195703120746
0.4,LS_oracle,0.0600647116757525
0.4,LS_oracle,0.0715535501118033
0.4,LS_oracle,0.0823031977725324
0.4,LS_oracle,0.0655191882020366
0.4,LS_oracle,0.0422893205952726
0.4,LS_oracle,0.125849410817391
0.4,LS_oracle,0.0270342662156133
0.4,LS_oracle,0.056800277570979
0.4,LS_oracle,0.0974002608228654
0.4,LS_oracle,0.0899756892143127
0.4,LS_oracle,0.0667470224004556
0.4,LS_oracle,0.125067502701004
0.4,LS_oracle,0.0719204652202868
0.4,LS_oracle,0.0828603596221111
0.4,LS_oracle,0.0910717213737596
0.4,LS_oracle,0.0632955997763976
0.4,LS_oracle,0.030808662052864
0.4,LS_oracle,0.100197578158546
0.4,LS_oracle,0.0844166913301677
0.4,LS_oracle,0.061547078633238
0.4,LS_oracle,0.0825468116504448
0.4,LS_oracle,0.071225413347428
0.4,LS_oracle,0.0563270259763872
0.4,LS_oracle,0.113843495359395
0.4,LS_oracle,0.103170743925792
0.4,LS_oracle,0.0442030045687539
0.4,LS_oracle,0.0994726186460954
0.4,LS_oracle,0.0810961855541271
0.4,LS_oracle,0.0670464573000766
0.4,LS_oracle,0.0756953767978099
0.4,LS_oracle,0.047408027498934
0.4,LS_oracle,0.0814413962205577
0.4,LS_oracle,0.0781383206169399
0.4,LS_oracle,0.0548837293371315
0.4,LS_oracle,0.0554654226496507
0.4,LS_oracle,0.111046122231405
0.4,LS_oracle,0.0833046125584389
0.4,LS_oracle,0.0815663759360169
0.4,LS_oracle,0.111499749036998
0.4,LS_oracle,0.101568997132335
0.4,LS_oracle,0.0695420396847222
0.4,LS_oracle,0.0378313458492388
0.4,LS_oracle,0.083933403533989
0.4,LS_oracle,0.0845775866875839
0.4,LS_oracle,0.10215295385378
0.4,LS_oracle,0.0311502705335524
0.4,LS_oracle,0.0618669558488062
0.4,LS_oracle,0.0941728849956052
0.4,LS_oracle,0.0596619161169533
0.4,LS_oracle,0.0493985029364685
0.4,LS_oracle,0.0672255991966225
0.4,LS_oracle,0.0564340927070657
0.4,LS_oracle,0.0629527390205719
0.4,LS_oracle,0.0384939835169474
0.4,LS_oracle,0.12922342796157
0.4,LS_oracle,0.082149116208407
0.4,LS_oracle,0.0718764660095541
0.4,LS_oracle,0.0706127673623436
0.4,LS_oracle,0.0517606475662455
0.4,LS_oracle,0.0538317613059016
0.4,LS_oracle,0.0756779808896054
0.4,LS_oracle,0.0660236225004435
0.4,LS_oracle,0.0533451914898522
0.4,LS_oracle,0.0680485354468464
0.4,LS_oracle,0.0823517102625078
0.4,LS_oracle,0.0507887667357818
0.4,LS_oracle,0.0678749319627209
0.4,LS_oracle,0.0565490834454813
0.4,LS_oracle,0.153655930251027
0.4,LS_oracle,0.0832771604470015
0.4,LS_oracle,0.0472742565751827
0.4,LS_oracle,0.111588904800468
0.4,LS_oracle,0.077234301127373
0.4,LS_oracle,0.0721476654658042
0.4,LS_oracle,0.0381184484791802
0.4,LS_oracle,0.0896628189203862
0.4,LS_oracle,0.0866650642602823
0.4,LS_oracle,0.0932653331651845
0.4,LS_oracle,0.0767103893004148
0.4,LS_oracle,0.0740063993327485
0.4,LS_oracle,0.0598854936509261
0.4,LS_oracle,0.0399222522957714
0.4,LS_oracle,0.112510652717904
0.4,LS_oracle,0.0797475179326188
0.4,LS_oracle,0.072569090329335
0.4,LS_oracle,0.0759629102774355
0.4,LS_oracle,0.127770655182455
0.4,LS_oracle,0.0822536506575717
0.4,LS_oracle,0.166309001266834
0.4,LS_oracle,0.10250168632895
0.4,LS_oracle,0.0861824702744245
0.4,LS_oracle,0.10653875463465
0.4,LS_oracle,0.0792332571067053
0.4,LS_oracle,0.0485124172857167
0.4,LS_oracle,0.0720522703733021
0.4,LS_oracle,0.0640117386903001
0.4,LS_oracle,0.0564735082124727
0.4,LS_oracle,0.0671295086805907
0.4,LS_oracle,0.0924836742717307
0.4,LS_oracle,0.0759694281675564
0.4,LS_oracle,0.0744962957120721
0.4,LS_oracle,0.0739061045099518
0.4,LS_oracle,0.11249701156801
0.4,LS_oracle,0.104012669404171
0.4,LS_oracle,0.0895487403165828
0.4,LS_oracle,0.0863384894911573
0.4,LS_oracle,0.0845016658626875
0.4,LS_oracle,0.0636877603953475
0.4,LS_oracle,0.0752810783795211
0.4,LS_oracle,0.113060939259799
0.4,LS_oracle,0.0704856761453336
0.4,LS_oracle,0.13370576553107
0.4,LS_oracle,0.096005841759764
0.4,LS_oracle,0.0793369576310022
0.4,LS_oracle,0.115618745900173
0.4,LS_oracle,0.0944287334314623
0.4,LS_oracle,0.0566978272748586
0.4,LS_oracle,0.105401725374349
0.4,LS_oracle,0.12233583001901
0.4,LS_oracle,0.0371284974810327
0.4,LS_oracle,0.0885012647006099
0.4,LS_oracle,0.0812664705077213
0.4,LS_oracle,0.0764299349104972
0.4,LS_oracle,0.0569117910936009
0.4,LS_oracle,0.0479865988232432
0.4,LS_oracle,0.044226802573592
0.4,LS_oracle,0.0695818961767305
0.4,LS_oracle,0.081328082926405
0.4,LS_oracle,0.112494919574837
0.4,LS_oracle,0.0822121857454789
0.4,LS_oracle,0.107021972025585
0.4,LS_oracle,0.0501789652876594
0.4,LS_oracle,0.13571734581154
0.4,LS_oracle,0.0351359999288009
0.4,LS_oracle,0.0571942877628667
0.4,LS_oracle,0.0649230069539366
0.4,LS_oracle,0.0790985128575409
0.4,LS_oracle,0.0607540519787992
0.4,LS_oracle,0.0381071430074356
0.4,LS_oracle,0.0937320392556492
0.4,LS_oracle,0.0664017058699354
0.4,LS_oracle,0.06170163095906
0.4,LS_oracle,0.0610276374817926
0.4,LS_oracle,0.0972599377243913
0.4,LS_oracle,0.0729191201835273
0.4,LS_oracle,0.124934171981106
0.4,LS_oracle,0.0752182791955266
0.4,LS_oracle,0.148732764570094
0.4,LS_oracle,0.0793802431757653
0.4,LS_oracle,0.0604560811397503
0.4,LS_oracle,0.10815718536129
0.4,LS_oracle,0.0865785431287554
0.4,LS_oracle,0.0610312667223565
0.4,LS_oracle,0.0910757007576243
0.4,LS_oracle,0.0677496223376657
0.4,LS_oracle,0.0805297465951264
0.4,LS_oracle,0.0552041589231827
0.4,LS_oracle,0.0638500310376904
0.4,LS_oracle,0.115573651478573
0.4,LS_oracle,0.043878821921953
0.4,LS_oracle,0.0917531832944843
0.4,LS_oracle,0.118863322074055
0.4,LS_oracle,0.0644381411160297
0.4,LS_oracle,0.0553125873865239
0.4,LS_oracle,0.0957341764447277
0.4,LS_oracle,0.0482142104076456
0.4,TS_oracle,0.091425627905762
0.4,TS_oracle,0.0456428974684731
0.4,TS_oracle,0.0971220582502449
0.4,TS_oracle,0.106463769644026
0.4,TS_oracle,0.0515843954689828
0.4,TS_oracle,0.132291364144883
0.4,TS_oracle,0.0540092420827738
0.4,TS_oracle,0.0799676262871459
0.4,TS_oracle,0.0703915281269953
0.4,TS_oracle,0.102780290327634
0.4,TS_oracle,0.177509049272193
0.4,TS_oracle,0.111192872053618
0.4,TS_oracle,0.0445677885678426
0.4,TS_oracle,0.10059516173088
0.4,TS_oracle,0.0511522569302132
0.4,TS_oracle,0.0674297184665984
0.4,TS_oracle,0.0829144497946343
0.4,TS_oracle,0.0765457677916503
0.4,TS_oracle,0.0482080324077662
0.4,TS_oracle,0.0536109657670009
0.4,TS_oracle,0.0382522808531066
0.4,TS_oracle,0.0572688003761912
0.4,TS_oracle,0.0742709089941952
0.4,TS_oracle,0.110623709676846
0.4,TS_oracle,0.0972502927199389
0.4,TS_oracle,0.0458660017991069
0.4,TS_oracle,0.0694403197038759
0.4,TS_oracle,0.0881168591262856
0.4,TS_oracle,0.052190216931419
0.4,TS_oracle,0.0560492398394615
0.4,TS_oracle,0.0472980823640354
0.4,TS_oracle,0.089399827510704
0.4,TS_oracle,0.0637278180604976
0.4,TS_oracle,0.0296758162115835
0.4,TS_oracle,0.0561136466847408
0.4,TS_oracle,0.069218897819179
0.4,TS_oracle,0.0771456029022417
0.4,TS_oracle,0.0635361975720165
0.4,TS_oracle,0.0525304183849246
0.4,TS_oracle,0.127562004897288
0.4,TS_oracle,0.0283708143469327
0.4,TS_oracle,0.0517001830892485
0.4,TS_oracle,0.0901808602493726
0.4,TS_oracle,0.0851933026726211
0.4,TS_oracle,0.0976008226010154
0.4,TS_oracle,0.124017499816562
0.4,TS_oracle,0.0767900835074014
0.4,TS_oracle,0.0874224800398865
0.4,TS_oracle,0.08869983859918
0.4,TS_oracle,0.0611216254942549
0.4,TS_oracle,0.027343753491797
0.4,TS_oracle,0.0819797544673282
0.4,TS_oracle,0.0775218780902023
0.4,TS_oracle,0.0608621141540627
0.4,TS_oracle,0.0817798925569221
0.4,TS_oracle,0.0774707562143881
0.4,TS_oracle,0.0485032949206876
0.4,TS_oracle,0.116264658259146
0.4,TS_oracle,0.107939387081853
0.4,TS_oracle,0.0381471829305189
0.4,TS_oracle,0.102196174808062
0.4,TS_oracle,0.0792156295350121
0.4,TS_oracle,0.0640362958463838
0.4,TS_oracle,0.0860962562158676
0.4,TS_oracle,0.0468812093531376
0.4,TS_oracle,0.0764773208442662
0.4,TS_oracle,0.0757629860835454
0.4,TS_oracle,0.0559248512954932
0.4,TS_oracle,0.0488598619714337
0.4,TS_oracle,0.103382747608895
0.4,TS_oracle,0.0887460608881883
0.4,TS_oracle,0.0828803171100817
0.4,TS_oracle,0.114619007936797
0.4,TS_oracle,0.0831797030493393
0.4,TS_oracle,0.0751375703091889
0.4,TS_oracle,0.0367155657394735
0.4,TS_oracle,0.0827581082976275
0.4,TS_oracle,0.0804908811267211
0.4,TS_oracle,0.0932356320194827
0.4,TS_oracle,0.0247539171977437
0.4,TS_oracle,0.0610555259503827
0.4,TS_oracle,0.0969533035978801
0.4,TS_oracle,0.0605454785861646
0.4,TS_oracle,0.0490578048301307
0.4,TS_oracle,0.0775745871273429
0.4,TS_oracle,0.0476825827681561
0.4,TS_oracle,0.0623451052706333
0.4,TS_oracle,0.0435696133493649
0.4,TS_oracle,0.124271021121258
0.4,TS_oracle,0.0813682981982487
0.4,TS_oracle,0.0569380203769122
0.4,TS_oracle,0.0757268409825179
0.4,TS_oracle,0.0456920165869214
0.4,TS_oracle,0.0592199468559779
0.4,TS_oracle,0.0672464066949972
0.4,TS_oracle,0.0662300620258186
0.4,TS_oracle,0.0518025774169473
0.4,TS_oracle,0.0592789572418826
0.4,TS_oracle,0.0672520820160105
0.4,TS_oracle,0.0446456583067134
0.4,TS_oracle,0.0613306879220725
0.4,TS_oracle,0.066188077381396
0.4,TS_oracle,0.152748744419551
0.4,TS_oracle,0.0800680738297746
0.4,TS_oracle,0.0413814765721636
0.4,TS_oracle,0.112356869884843
0.4,TS_oracle,0.0720399962826355
0.4,TS_oracle,0.0789617940555966
0.4,TS_oracle,0.0399492887225358
0.4,TS_oracle,0.0684203189076564
0.4,TS_oracle,0.0788899137390095
0.4,TS_oracle,0.0894437217076884
0.4,TS_oracle,0.0689940013908822
0.4,TS_oracle,0.081682233193352
0.4,TS_oracle,0.0491970627609524
0.4,TS_oracle,0.0374297027565385
0.4,TS_oracle,0.0914839303324622
0.4,TS_oracle,0.0741426999114321
0.4,TS_oracle,0.0686061962545389
0.4,TS_oracle,0.0736052090407655
0.4,TS_oracle,0.113380246585846
0.4,TS_oracle,0.0803237948349939
0.4,TS_oracle,0.145505619640132
0.4,TS_oracle,0.0894345897826532
0.4,TS_oracle,0.0879308054955637
0.4,TS_oracle,0.0852203826477617
0.4,TS_oracle,0.0805868751472121
0.4,TS_oracle,0.0467131758029508
0.4,TS_oracle,0.0646408271957677
0.4,TS_oracle,0.0593362363179069
0.4,TS_oracle,0.056020300267103
0.4,TS_oracle,0.0670888277857075
0.4,TS_oracle,0.0875021556060071
0.4,TS_oracle,0.0723575106614102
0.4,TS_oracle,0.0845083140883666
0.4,TS_oracle,0.0552490089144751
0.4,TS_oracle,0.115093272987953
0.4,TS_oracle,0.104652167421523
0.4,TS_oracle,0.0964396740443801
0.4,TS_oracle,0.0847362800979389
0.4,TS_oracle,0.0730854289374011
0.4,TS_oracle,0.0569187598444623
0.4,TS_oracle,0.0640271497310513
0.4,TS_oracle,0.0888197291372714
0.4,TS_oracle,0.0613678919812897
0.4,TS_oracle,0.121740293015599
0.4,TS_oracle,0.085365786859431
0.4,TS_oracle,0.060943060655151
0.4,TS_oracle,0.102032383797158
0.4,TS_oracle,0.0733553354511811
0.4,TS_oracle,0.0490255452146143
0.4,TS_oracle,0.0919821393415582
0.4,TS_oracle,0.105724915740763
0.4,TS_oracle,0.0384375091701599
0.4,TS_oracle,0.0854922978413808
0.4,TS_oracle,0.0841560819132302
0.4,TS_oracle,0.0681441181196905
0.4,TS_oracle,0.0634805524445005
0.4,TS_oracle,0.0478250782004468
0.4,TS_oracle,0.0530703436408661
0.4,TS_oracle,0.0648003529182383
0.4,TS_oracle,0.0602014810282605
0.4,TS_oracle,0.0935272399804801
0.4,TS_oracle,0.0855476508808092
0.4,TS_oracle,0.0965773142083965
0.4,TS_oracle,0.0507971299447401
0.4,TS_oracle,0.131253477159233
0.4,TS_oracle,0.0274025407185293
0.4,TS_oracle,0.0483453889004294
0.4,TS_oracle,0.0596755515559274
0.4,TS_oracle,0.0625714792624778
0.4,TS_oracle,0.0733836321008314
0.4,TS_oracle,0.0375353321927534
0.4,TS_oracle,0.0740440764863141
0.4,TS_oracle,0.0683619539641313
0.4,TS_oracle,0.0630015227997593
0.4,TS_oracle,0.0561993718360431
0.4,TS_oracle,0.0991129241186847
0.4,TS_oracle,0.0648136997816875
0.4,TS_oracle,0.101160911002133
0.4,TS_oracle,0.0653757058450744
0.4,TS_oracle,0.138279725385694
0.4,TS_oracle,0.0940922037955063
0.4,TS_oracle,0.0526594150874813
0.4,TS_oracle,0.103993277859444
0.4,TS_oracle,0.0753550515313882
0.4,TS_oracle,0.0660901005324567
0.4,TS_oracle,0.0837771934268509
0.4,TS_oracle,0.0785383331292384
0.4,TS_oracle,0.0780917611078525
0.4,TS_oracle,0.0522625632526111
0.4,TS_oracle,0.058482703206631
0.4,TS_oracle,0.0974177656644018
0.4,TS_oracle,0.0433060958693743
0.4,TS_oracle,0.0865390369499363
0.4,TS_oracle,0.116151014041685
0.4,TS_oracle,0.0696806659278721
0.4,TS_oracle,0.0520878974341787
0.4,TS_oracle,0.0745691208895998
0.4,TS_oracle,0.0482435102975461
0.5,PLS,0.0789052456192045
0.5,PLS,0.0490790616699623
0.5,PLS,0.0827726333824008
0.5,PLS,0.0731696148318509
0.5,PLS,0.116549989161029
0.5,PLS,0.0511513484492578
0.5,PLS,0.036165142021966
0.5,PLS,0.0869860597441998
0.5,PLS,0.043123704188751
0.5,PLS,0.0996530735833583
0.5,PLS,0.0461204798761388
0.5,PLS,0.123509904785024
0.5,PLS,0.0602192923424103
0.5,PLS,0.0851551618543759
0.5,PLS,0.0780256267874813
0.5,PLS,0.096218456801039
0.5,PLS,0.0738638070284516
0.5,PLS,0.0804170108327949
0.5,PLS,0.154407538002656
0.5,PLS,0.0885867924394966
0.5,PLS,0.0690412286665767
0.5,PLS,0.0993425549210747
0.5,PLS,0.0897014853547866
0.5,PLS,0.0397748147813021
0.5,PLS,0.0538901202789133
0.5,PLS,0.101837185982672
0.5,PLS,0.0432569873459537
0.5,PLS,0.0581670172666365
0.5,PLS,0.0529592491705091
0.5,PLS,0.0493740470195295
0.5,PLS,0.0429249104290061
0.5,PLS,0.0659135887587629
0.5,PLS,0.0618756710760605
0.5,PLS,0.132243637836522
0.5,PLS,0.104873281078814
0.5,PLS,0.0893389831261365
0.5,PLS,0.053664621266917
0.5,PLS,0.0673866216264825
0.5,PLS,0.0687955265755571
0.5,PLS,0.0643757971284271
0.5,PLS,0.0651325035869319
0.5,PLS,0.0628700723398206
0.5,PLS,0.0719647980274673
0.5,PLS,0.0507077682317566
0.5,PLS,0.059349397573835
0.5,PLS,0.0874573513350156
0.5,PLS,0.141600973601661
0.5,PLS,0.0911891136248281
0.5,PLS,0.0897595060802436
0.5,PLS,0.0720093408559409
0.5,PLS,0.0674614932214386
0.5,PLS,0.0720468043110734
0.5,PLS,0.15161815493333
0.5,PLS,0.0828291324588213
0.5,PLS,0.115387075452985
0.5,PLS,0.069607137778798
0.5,PLS,0.110196465404492
0.5,PLS,0.0638989114026449
0.5,PLS,0.0940311648001846
0.5,PLS,0.0658035072572334
0.5,PLS,0.24096543087127
0.5,PLS,0.126441008186328
0.5,PLS,0.114390985744487
0.5,PLS,0.0674424290986497
0.5,PLS,0.0533930701949966
0.5,PLS,0.0857021921127619
0.5,PLS,0.0890215984175271
0.5,PLS,0.0908031957721521
0.5,PLS,0.0809092816736875
0.5,PLS,0.0858784180610089
0.5,PLS,0.0697665774500542
0.5,PLS,0.10034219981276
0.5,PLS,0.0387568232252315
0.5,PLS,0.107686358472817
0.5,PLS,0.147269158998506
0.5,PLS,0.0940115823677455
0.5,PLS,0.149036725862223
0.5,PLS,0.100388193229544
0.5,PLS,0.0580320306188719
0.5,PLS,0.0575428473399828
0.5,PLS,0.091391876875935
0.5,PLS,0.0788967947584337
0.5,PLS,0.0801581397660486
0.5,PLS,0.0497096561850578
0.5,PLS,0.0259516514543928
0.5,PLS,0.0435037833860113
0.5,PLS,0.0951155107794782
0.5,PLS,0.061227616479646
0.5,PLS,0.144801840611362
0.5,PLS,0.0593534461483664
0.5,PLS,0.0491096326092809
0.5,PLS,0.0859973737739761
0.5,PLS,0.0692795569101204
0.5,PLS,0.0752136407755737
0.5,PLS,0.0627528746701026
0.5,PLS,0.0404388668970881
0.5,PLS,0.0742207200121799
0.5,PLS,0.0673053767205174
0.5,PLS,0.0506894848844539
0.5,PLS,0.10903404720149
0.5,PLS,0.0374996625244755
0.5,PLS,0.0595946140361351
0.5,PLS,0.0747647566152564
0.5,PLS,0.0616980521271825
0.5,PLS,0.056566027078615
0.5,PLS,0.0621689268236777
0.5,PLS,0.0544862444105472
0.5,PLS,0.169735701213337
0.5,PLS,0.0291966931915707
0.5,PLS,0.15616046118747
0.5,PLS,0.0612211602942554
0.5,PLS,0.0435058390904946
0.5,PLS,0.058071744369959
0.5,PLS,0.119430926033547
0.5,PLS,0.0705757634945579
0.5,PLS,0.124074392371685
0.5,PLS,0.0923140913610632
0.5,PLS,0.0850056560052519
0.5,PLS,0.0433586653680866
0.5,PLS,0.0623179980490495
0.5,PLS,0.0774581253373355
0.5,PLS,0.08572733847573
0.5,PLS,0.0601364644877962
0.5,PLS,0.0989761003396846
0.5,PLS,0.0462604820088902
0.5,PLS,0.0723301575072963
0.5,PLS,0.0490510161631276
0.5,PLS,0.118414973533519
0.5,PLS,0.0856108168732806
0.5,PLS,0.0444293803306167
0.5,PLS,0.0572078358811184
0.5,PLS,0.0349732361017395
0.5,PLS,0.0709240411201393
0.5,PLS,0.0926530671621896
0.5,PLS,0.101376255968252
0.5,PLS,0.0432118788102972
0.5,PLS,0.0405260562570162
0.5,PLS,0.0735156501906176
0.5,PLS,0.0630803377552822
0.5,PLS,0.0514483477733216
0.5,PLS,0.0859119346604481
0.5,PLS,0.106869056171154
0.5,PLS,0.0617064336490205
0.5,PLS,0.0682412836155085
0.5,PLS,0.101768464993283
0.5,PLS,0.04539400059391
0.5,PLS,0.0358328392238642
0.5,PLS,0.0641643798535785
0.5,PLS,0.0517500964790623
0.5,PLS,0.0982500022675335
0.5,PLS,0.108931666220774
0.5,PLS,0.0775242001474348
0.5,PLS,0.0493489387369744
0.5,PLS,0.075227785329621
0.5,PLS,0.10283542584717
0.5,PLS,0.11469479559652
0.5,PLS,0.0498410170780111
0.5,PLS,0.127321974048043
0.5,PLS,0.0840897471154836
0.5,PLS,0.104131366409465
0.5,PLS,0.115839124708186
0.5,PLS,0.070194860951983
0.5,PLS,0.10845850373361
0.5,PLS,0.0469090179831492
0.5,PLS,0.0986433701913739
0.5,PLS,0.0646370516631035
0.5,PLS,0.101195193664035
0.5,PLS,0.125417573982682
0.5,PLS,0.0834397444333683
0.5,PLS,0.0647257609508509
0.5,PLS,0.0766421635187979
0.5,PLS,0.0587164154544133
0.5,PLS,0.0889224385475419
0.5,PLS,0.0447584691580238
0.5,PLS,0.0603345990871351
0.5,PLS,0.0467191723168328
0.5,PLS,0.0671056125965361
0.5,PLS,0.0948165868523695
0.5,PLS,0.0685993974915288
0.5,PLS,0.0751368777716172
0.5,PLS,0.0964001240543019
0.5,PLS,0.0553711726846733
0.5,PLS,0.030470688848066
0.5,PLS,0.109298749879587
0.5,PLS,0.0708475550458812
0.5,PLS,0.0945138800183891
0.5,PLS,0.0514340473234629
0.5,PLS,0.0706864850981584
0.5,PLS,0.06499493874885
0.5,PLS,0.0762213600495175
0.5,PLS,0.038940189313411
0.5,PLS,0.0678253535050028
0.5,PLS,0.0740543471399352
0.5,PLS,0.0668830427560638
0.5,PLS,0.0891802423475302
0.5,PLS,0.0773119592851702
0.5,PLS,0.0819316619567097
0.5,PLS,0.0782151622843104
0.5,PLS,0.0399229897914632
0.5,PLS,0.0582151203492453
0.5,fTS,0.0838234027565745
0.5,fTS,0.0480443423572645
0.5,fTS,0.0795627356093271
0.5,fTS,0.101486842643711
0.5,fTS,0.089382546114061
0.5,fTS,0.0538582756135692
0.5,fTS,0.0336832987185594
0.5,fTS,0.0724591280424942
0.5,fTS,0.0345086109666426
0.5,fTS,0.0704573723632076
0.5,fTS,0.0465292554417872
0.5,fTS,0.122450849389505
0.5,fTS,0.0610489878652962
0.5,fTS,0.0840518604125355
0.5,fTS,0.06329909188449
0.5,fTS,0.0967452927792007
0.5,fTS,0.0716085617995762
0.5,fTS,0.0675630652950293
0.5,fTS,0.113504459128382
0.5,fTS,0.079971407617978
0.5,fTS,0.0665723861827479
0.5,fTS,0.0847024370786122
0.5,fTS,0.0842758629010769
0.5,fTS,0.0296072239224341
0.5,fTS,0.0544689668763039
0.5,fTS,0.0948670651207548
0.5,fTS,0.0351452737845444
0.5,fTS,0.0602524498172915
0.5,fTS,0.0489177441302697
0.5,fTS,0.0406532375456697
0.5,fTS,0.0411272325963431
0.5,fTS,0.0617861983739346
0.5,fTS,0.0423585940043413
0.5,fTS,0.120243969503745
0.5,fTS,0.122344190624265
0.5,fTS,0.113413885021778
0.5,fTS,0.046352806225156
0.5,fTS,0.0730176134922214
0.5,fTS,0.0716179292838138
0.5,fTS,0.0642949274434714
0.5,fTS,0.0682490103377461
0.5,fTS,0.0617930107897243
0.5,fTS,0.0609643835785428
0.5,fTS,0.0473819693726072
0.5,fTS,0.0502126877168838
0.5,fTS,0.0809498988087958
0.5,fTS,0.123312259850245
0.5,fTS,0.0818040319545973
0.5,fTS,0.0603617422343779
0.5,fTS,0.0774541247432041
0.5,fTS,0.0677975070708933
0.5,fTS,0.0724550370366152
0.5,fTS,0.142868182818104
0.5,fTS,0.0806131169618228
0.5,fTS,0.0820994116968759
0.5,fTS,0.0574718311036944
0.5,fTS,0.101425263659627
0.5,fTS,0.0647516340812365
0.5,fTS,0.088560448521821
0.5,fTS,0.0585662502517027
0.5,fTS,0.186940340712799
0.5,fTS,0.140616033094271
0.5,fTS,0.111577931341666
0.5,fTS,0.0556021942001818
0.5,fTS,0.0537900599395529
0.5,fTS,0.0779044019639588
0.5,fTS,0.0669866047307386
0.5,fTS,0.0839205397450444
0.5,fTS,0.0935977374891941
0.5,fTS,0.0819971480651932
0.5,fTS,0.0653794049316679
0.5,fTS,0.0801210247419941
0.5,fTS,0.0433774253100128
0.5,fTS,0.099278162530448
0.5,fTS,0.114150021860245
0.5,fTS,0.088560314784884
0.5,fTS,0.123520448486141
0.5,fTS,0.0890442138285443
0.5,fTS,0.0561375209227417
0.5,fTS,0.0509206401460233
0.5,fTS,0.0997850518816304
0.5,fTS,0.0808310454209516
0.5,fTS,0.0838791151002528
0.5,fTS,0.0528942464880411
0.5,fTS,0.0412448691989486
0.5,fTS,0.0489616604768499
0.5,fTS,0.0962458905356391
0.5,fTS,0.0696282317139243
0.5,fTS,0.130432216134921
0.5,fTS,0.0640901753508366
0.5,fTS,0.0516992566752793
0.5,fTS,0.0790304632117369
0.5,fTS,0.0651338615726094
0.5,fTS,0.0631074205966289
0.5,fTS,0.0571004936181083
0.5,fTS,0.0371803667182986
0.5,fTS,0.0687184265669442
0.5,fTS,0.066746607830206
0.5,fTS,0.0409055783605775
0.5,fTS,0.0770083270914403
0.5,fTS,0.0352284154625273
0.5,fTS,0.0574368093848335
0.5,fTS,0.0517530137915352
0.5,fTS,0.0632578733018021
0.5,fTS,0.0648735491687823
0.5,fTS,0.055555960982556
0.5,fTS,0.0543500977919692
0.5,fTS,0.168360253938017
0.5,fTS,0.0369283637012797
0.5,fTS,0.156586538950453
0.5,fTS,0.0599086546930288
0.5,fTS,0.0383786894620077
0.5,fTS,0.0574352143865622
0.5,fTS,0.092764010008482
0.5,fTS,0.0752601123627699
0.5,fTS,0.0900204445762699
0.5,fTS,0.0847378407646813
0.5,fTS,0.0820013718569051
0.5,fTS,0.0534518142204672
0.5,fTS,0.0614815125839582
0.5,fTS,0.0687676397963739
0.5,fTS,0.0702347760791594
0.5,fTS,0.0534646613276418
0.5,fTS,0.0998046886850208
0.5,fTS,0.0543077515179933
0.5,fTS,0.0747132684478281
0.5,fTS,0.039728663322204
0.5,fTS,0.102813758866768
0.5,fTS,0.0726333664064529
0.5,fTS,0.0443026529918746
0.5,fTS,0.0508357518244598
0.5,fTS,0.039212318221956
0.5,fTS,0.056211631490266
0.5,fTS,0.055149675918876
0.5,fTS,0.0898281711737877
0.5,fTS,0.0363442339986904
0.5,fTS,0.0351489139297091
0.5,fTS,0.0627594124342512
0.5,fTS,0.0554082547924458
0.5,fTS,0.0486523053697175
0.5,fTS,0.0818833505208859
0.5,fTS,0.0889004631230439
0.5,fTS,0.0538085898894467
0.5,fTS,0.0593371324868102
0.5,fTS,0.0800144372876817
0.5,fTS,0.0492083597663435
0.5,fTS,0.0461592510145508
0.5,fTS,0.0570154542059299
0.5,fTS,0.0507692199592688
0.5,fTS,0.0678794562206526
0.5,fTS,0.100188222184299
0.5,fTS,0.077737902739957
0.5,fTS,0.0425641242825231
0.5,fTS,0.0873715800278601
0.5,fTS,0.111759126487051
0.5,fTS,0.0848646773718621
0.5,fTS,0.0524433536733694
0.5,fTS,0.121542239187537
0.5,fTS,0.075153304175802
0.5,fTS,0.0854813840798276
0.5,fTS,0.0714219949219252
0.5,fTS,0.0637270579311783
0.5,fTS,0.0707301693598681
0.5,fTS,0.0642350038996508
0.5,fTS,0.0665143502063595
0.5,fTS,0.0593522270095403
0.5,fTS,0.0854074519632531
0.5,fTS,0.0964254316302419
0.5,fTS,0.0764824923025272
0.5,fTS,0.0609210112934459
0.5,fTS,0.0690892660446096
0.5,fTS,0.0494756093767782
0.5,fTS,0.0711845060675537
0.5,fTS,0.0405347057217962
0.5,fTS,0.0553352413770063
0.5,fTS,0.050984050356144
0.5,fTS,0.0564942800739732
0.5,fTS,0.0852547710224861
0.5,fTS,0.0684192780571882
0.5,fTS,0.0689200323634187
0.5,fTS,0.0892885331760826
0.5,fTS,0.0513253674055836
0.5,fTS,0.0263590346234036
0.5,fTS,0.0890322837157881
0.5,fTS,0.0544197988628305
0.5,fTS,0.0917926838408464
0.5,fTS,0.0509787970136677
0.5,fTS,0.0547099534108283
0.5,fTS,0.0471581845540248
0.5,fTS,0.0738223968153445
0.5,fTS,0.0395396691901017
0.5,fTS,0.0658115770487603
0.5,fTS,0.0502461308857665
0.5,fTS,0.0559454187205261
0.5,fTS,0.0872402667855403
0.5,fTS,0.0674638108194939
0.5,fTS,0.0794891364641845
0.5,fTS,0.0687259222918428
0.5,fTS,0.0416988950635744
0.5,fTS,0.0591388363344868
0.5,LS_oracle,0.0787718015022093
0.5,LS_oracle,0.0489915009321748
0.5,LS_oracle,0.0825817647265525
0.5,LS_oracle,0.0725895679621025
0.5,LS_oracle,0.116420292867568
0.5,LS_oracle,0.0512203896280048
0.5,LS_oracle,0.0363157525493421
0.5,LS_oracle,0.0871382805109052
0.5,LS_oracle,0.042176340211299
0.5,LS_oracle,0.097957701753444
0.5,LS_oracle,0.0453542944003687
0.5,LS_oracle,0.120332728365278
0.5,LS_oracle,0.0603306009118116
0.5,LS_oracle,0.0832941019971364
0.5,LS_oracle,0.0785305031852875
0.5,LS_oracle,0.0960208598988623
0.5,LS_oracle,0.073417125710695
0.5,LS_oracle,0.0802319253949753
0.5,LS_oracle,0.154171436047872
0.5,LS_oracle,0.0881788763161273
0.5,LS_oracle,0.069022207093827
0.5,LS_oracle,0.0991393818608914
0.5,LS_oracle,0.0896780169508766
0.5,LS_oracle,0.0397183360007859
0.5,LS_oracle,0.0539774807495177
0.5,LS_oracle,0.102538253973035
0.5,LS_oracle,0.0436026524407244
0.5,LS_oracle,0.0581575912337546
0.5,LS_oracle,0.0523585008131373
0.5,LS_oracle,0.0502524711422042
0.5,LS_oracle,0.0429698671358442
0.5,LS_oracle,0.0647881189128071
0.5,LS_oracle,0.0618474712053954
0.5,LS_oracle,0.13230705310332
0.5,LS_oracle,0.104846285685967
0.5,LS_oracle,0.0890099408277243
0.5,LS_oracle,0.0550888710009799
0.5,LS_oracle,0.0670481919582499
0.5,LS_oracle,0.0687135062987886
0.5,LS_oracle,0.0643805602616092
0.5,LS_oracle,0.065090190598501
0.5,LS_oracle,0.0628700674752166
0.5,LS_oracle,0.071756362083567
0.5,LS_oracle,0.0504127807719976
0.5,LS_oracle,0.0594445114431891
0.5,LS_oracle,0.0865186115379715
0.5,LS_oracle,0.141623477794513
0.5,LS_oracle,0.0911724182224024
0.5,LS_oracle,0.0899385303692375
0.5,LS_oracle,0.0720551177242581
0.5,LS_oracle,0.0675416406775589
0.5,LS_oracle,0.0737639363620618
0.5,LS_oracle,0.15179910441789
0.5,LS_oracle,0.0827523763377697
0.5,LS_oracle,0.11540511727613
0.5,LS_oracle,0.0701627171109767
0.5,LS_oracle,0.110094877408987
0.5,LS_oracle,0.0638347199587895
0.5,LS_oracle,0.0910265627773103
0.5,LS_oracle,0.0650944867817983
0.5,LS_oracle,0.240068285324548
0.5,LS_oracle,0.12638931425227
0.5,LS_oracle,0.114396731466397
0.5,LS_oracle,0.0672425299478332
0.5,LS_oracle,0.0534476853450489
0.5,LS_oracle,0.0855802569684692
0.5,LS_oracle,0.0889903571634395
0.5,LS_oracle,0.0897677552265087
0.5,LS_oracle,0.0811570491766284
0.5,LS_oracle,0.0859913557798707
0.5,LS_oracle,0.0697889709145847
0.5,LS_oracle,0.100082247783693
0.5,LS_oracle,0.0382512273500137
0.5,LS_oracle,0.107594557837216
0.5,LS_oracle,0.147194695251936
0.5,LS_oracle,0.094051978802498
0.5,LS_oracle,0.150066996525481
0.5,LS_oracle,0.100055286323477
0.5,LS_oracle,0.0579493202435791
0.5,LS_oracle,0.0586233615985906
0.5,LS_oracle,0.0915445919445654
0.5,LS_oracle,0.078510671087103
0.5,LS_oracle,0.0802018947016944
0.5,LS_oracle,0.0498090747581663
0.5,LS_oracle,0.0260115975160403
0.5,LS_oracle,0.0435714092669514
0.5,LS_oracle,0.096163243749224
0.5,LS_oracle,0.0619614030316756
0.5,LS_oracle,0.144793650112497
0.5,LS_oracle,0.0594698457801488
0.5,LS_oracle,0.0490962950172536
0.5,LS_oracle,0.0859059102864746
0.5,LS_oracle,0.0693721685163363
0.5,LS_oracle,0.0754326384151056
0.5,LS_oracle,0.063922349110678
0.5,LS_oracle,0.040836984070499
0.5,LS_oracle,0.0739373992337504
0.5,LS_oracle,0.0677104788431959
0.5,LS_oracle,0.0501241519478042
0.5,LS_oracle,0.10945959103388
0.5,LS_oracle,0.0373294687680409
0.5,LS_oracle,0.0595782335376503
0.5,LS_oracle,0.0747936789141349
0.5,LS_oracle,0.0616282153614027
0.5,LS_oracle,0.0574688999007074
0.5,LS_oracle,0.0623165031944331
0.5,LS_oracle,0.0546834524613047
0.5,LS_oracle,0.169524214359041
0.5,LS_oracle,0.0292556343615134
0.5,LS_oracle,0.156146571316884
0.5,LS_oracle,0.0604904988590473
0.5,LS_oracle,0.0430386608997143
0.5,LS_oracle,0.0577340905447511
0.5,LS_oracle,0.119674591936627
0.5,LS_oracle,0.0694832173683186
0.5,LS_oracle,0.124230210884532
0.5,LS_oracle,0.0922777645195457
0.5,LS_oracle,0.0856969209937489
0.5,LS_oracle,0.0433479594871352
0.5,LS_oracle,0.0617203040588105
0.5,LS_oracle,0.0774167142252089
0.5,LS_oracle,0.08514989824333
0.5,LS_oracle,0.060040372785373
0.5,LS_oracle,0.0991781790913138
0.5,LS_oracle,0.0464093425367315
0.5,LS_oracle,0.0723579471120782
0.5,LS_oracle,0.050412347060812
0.5,LS_oracle,0.11815510707074
0.5,LS_oracle,0.0855867051264858
0.5,LS_oracle,0.0443424576348744
0.5,LS_oracle,0.0574667822818307
0.5,LS_oracle,0.0362819596945867
0.5,LS_oracle,0.0708779841777078
0.5,LS_oracle,0.0920859087916047
0.5,LS_oracle,0.101755041345447
0.5,LS_oracle,0.0429481453952434
0.5,LS_oracle,0.0406163367014936
0.5,LS_oracle,0.0735254241317057
0.5,LS_oracle,0.0630085106084103
0.5,LS_oracle,0.0510728072188063
0.5,LS_oracle,0.0865329922733798
0.5,LS_oracle,0.107593966401931
0.5,LS_oracle,0.061805194933906
0.5,LS_oracle,0.0677070146772868
0.5,LS_oracle,0.101759518894889
0.5,LS_oracle,0.04520919427237
0.5,LS_oracle,0.0364322605378788
0.5,LS_oracle,0.0639956871162661
0.5,LS_oracle,0.051792332768208
0.5,LS_oracle,0.0980572449817019
0.5,LS_oracle,0.109238121243693
0.5,LS_oracle,0.0773133492655372
0.5,LS_oracle,0.0490163870787689
0.5,LS_oracle,0.0753102829485052
0.5,LS_oracle,0.10172494191804
0.5,LS_oracle,0.114917296434073
0.5,LS_oracle,0.0500963078849464
0.5,LS_oracle,0.12718667802883
0.5,LS_oracle,0.0834715017036917
0.5,LS_oracle,0.104048741754809
0.5,LS_oracle,0.115921081871228
0.5,LS_oracle,0.0708532273963688
0.5,LS_oracle,0.10833677530777
0.5,LS_oracle,0.0463979684763058
0.5,LS_oracle,0.0987640567844749
0.5,LS_oracle,0.064630045808483
0.5,LS_oracle,0.100980932040517
0.5,LS_oracle,0.125310360685101
0.5,LS_oracle,0.0831643295555524
0.5,LS_oracle,0.0645283985684351
0.5,LS_oracle,0.0765752815086638
0.5,LS_oracle,0.0589055916206652
0.5,LS_oracle,0.0891997909490239
0.5,LS_oracle,0.0445993356936382
0.5,LS_oracle,0.0600530150391919
0.5,LS_oracle,0.0478753794879131
0.5,LS_oracle,0.0687470984273289
0.5,LS_oracle,0.0944824964242186
0.5,LS_oracle,0.0685490706669588
0.5,LS_oracle,0.0751765505474372
0.5,LS_oracle,0.0964441504397172
0.5,LS_oracle,0.0551251532357994
0.5,LS_oracle,0.030481857212578
0.5,LS_oracle,0.107890289750983
0.5,LS_oracle,0.07078231437347
0.5,LS_oracle,0.094369383157501
0.5,LS_oracle,0.0512777778117915
0.5,LS_oracle,0.070880174380519
0.5,LS_oracle,0.065208494000975
0.5,LS_oracle,0.0768136138763253
0.5,LS_oracle,0.0393156378877994
0.5,LS_oracle,0.0673096555687254
0.5,LS_oracle,0.0754126558995922
0.5,LS_oracle,0.0667198479394876
0.5,LS_oracle,0.0896820361200405
0.5,LS_oracle,0.0770528000041234
0.5,LS_oracle,0.0814800343424697
0.5,LS_oracle,0.0774602660393761
0.5,LS_oracle,0.0400901754999768
0.5,LS_oracle,0.0579891852457792
0.5,TS_oracle,0.0837709782798304
0.5,TS_oracle,0.0482016421124806
0.5,TS_oracle,0.0795973058588721
0.5,TS_oracle,0.101053529723087
0.5,TS_oracle,0.0895058053472767
0.5,TS_oracle,0.0540612024949911
0.5,TS_oracle,0.0333063608169128
0.5,TS_oracle,0.0724388715131383
0.5,TS_oracle,0.0344945300278292
0.5,TS_oracle,0.0699918979788204
0.5,TS_oracle,0.046209908263987
0.5,TS_oracle,0.122136891559043
0.5,TS_oracle,0.0610779379092832
0.5,TS_oracle,0.0840550351660873
0.5,TS_oracle,0.0631502284867558
0.5,TS_oracle,0.0966679382651799
0.5,TS_oracle,0.0720486552222021
0.5,TS_oracle,0.0675342736126386
0.5,TS_oracle,0.113285161957376
0.5,TS_oracle,0.0797544212783997
0.5,TS_oracle,0.0667274135385211
0.5,TS_oracle,0.0846569078536843
0.5,TS_oracle,0.083431997530977
0.5,TS_oracle,0.0298106585444881
0.5,TS_oracle,0.0546917366370533
0.5,TS_oracle,0.0952003266999422
0.5,TS_oracle,0.0351249776399021
0.5,TS_oracle,0.0602414456865764
0.5,TS_oracle,0.0487721080492928
0.5,TS_oracle,0.0408028286101438
0.5,TS_oracle,0.0411688609818847
0.5,TS_oracle,0.0629544624448939
0.5,TS_oracle,0.0423472986443844
0.5,TS_oracle,0.120258402544333
0.5,TS_oracle,0.12242106916943
0.5,TS_oracle,0.112401443254923
0.5,TS_oracle,0.0465558227765692
0.5,TS_oracle,0.0729914923085219
0.5,TS_oracle,0.0716139460463785
0.5,TS_oracle,0.0643377990867822
0.5,TS_oracle,0.0680585693618522
0.5,TS_oracle,0.0620258185599148
0.5,TS_oracle,0.0609606174120616
0.5,TS_oracle,0.0474201573181159
0.5,TS_oracle,0.0502107361400113
0.5,TS_oracle,0.0809646612872403
0.5,TS_oracle,0.12328932855371
0.5,TS_oracle,0.0818340191985349
0.5,TS_oracle,0.060034282035126
0.5,TS_oracle,0.077772559583288
0.5,TS_oracle,0.0678054244937401
0.5,TS_oracle,0.0730683776656038
0.5,TS_oracle,0.142956114353247
0.5,TS_oracle,0.0806171314586429
0.5,TS_oracle,0.0829617084230368
0.5,TS_oracle,0.0577227697200749
0.5,TS_oracle,0.101828247440378
0.5,TS_oracle,0.064761834536698
0.5,TS_oracle,0.0886869168199567
0.5,TS_oracle,0.0585189205273873
0.5,TS_oracle,0.18605626996925
0.5,TS_oracle,0.140521730592969
0.5,TS_oracle,0.112188881863674
0.5,TS_oracle,0.055540721696144
0.5,TS_oracle,0.0538215703378712
0.5,TS_oracle,0.0786031565130632
0.5,TS_oracle,0.0675479752705821
0.5,TS_oracle,0.083209215564413
0.5,TS_oracle,0.0937011104026137
0.5,TS_oracle,0.0820434223583303
0.5,TS_oracle,0.0656669851070346
0.5,TS_oracle,0.0801120889933825
0.5,TS_oracle,0.0432703470606364
0.5,TS_oracle,0.0986290269325858
0.5,TS_oracle,0.113990927566239
0.5,TS_oracle,0.0887246334647893
0.5,TS_oracle,0.122331326524057
0.5,TS_oracle,0.0887320848717597
0.5,TS_oracle,0.0565513523697973
0.5,TS_oracle,0.0519263194415631
0.5,TS_oracle,0.0997822891439675
0.5,TS_oracle,0.0804102690181532
0.5,TS_oracle,0.0838818358991717
0.5,TS_oracle,0.0530449450721798
0.5,TS_oracle,0.0412601706261767
0.5,TS_oracle,0.04899078420684
0.5,TS_oracle,0.0980822086819806
0.5,TS_oracle,0.0677228582827193
0.5,TS_oracle,0.13043651845897
0.5,TS_oracle,0.0641241846734998
0.5,TS_oracle,0.051696983198108
0.5,TS_oracle,0.0786470088762871
0.5,TS_oracle,0.0652462896834985
0.5,TS_oracle,0.0632808713129715
0.5,TS_oracle,0.0571256186145852
0.5,TS_oracle,0.0379984955070192
0.5,TS_oracle,0.0686088146495987
0.5,TS_oracle,0.0667385898919197
0.5,TS_oracle,0.0409852644104689
0.5,TS_oracle,0.077122618699239
0.5,TS_oracle,0.0352097907151032
0.5,TS_oracle,0.0574218169910022
0.5,TS_oracle,0.0517727694088211
0.5,TS_oracle,0.063233874375508
0.5,TS_oracle,0.0666346411465311
0.5,TS_oracle,0.0556177518446129
0.5,TS_oracle,0.0544064633516682
0.5,TS_oracle,0.168125764015039
0.5,TS_oracle,0.0369335794898019
0.5,TS_oracle,0.156994734875474
0.5,TS_oracle,0.0598906747001507
0.5,TS_oracle,0.0384504052384429
0.5,TS_oracle,0.0577429449980101
0.5,TS_oracle,0.0920785826882581
0.5,TS_oracle,0.0752961911195562
0.5,TS_oracle,0.0899425478666818
0.5,TS_oracle,0.0847328090293608
0.5,TS_oracle,0.0818957992973721
0.5,TS_oracle,0.0534551795070293
0.5,TS_oracle,0.0614270823182749
0.5,TS_oracle,0.068769372652792
0.5,TS_oracle,0.0701475423400525
0.5,TS_oracle,0.0535570889550156
0.5,TS_oracle,0.0998205941353642
0.5,TS_oracle,0.0544706635688198
0.5,TS_oracle,0.0747169633595567
0.5,TS_oracle,0.039643367301972
0.5,TS_oracle,0.102779611560718
0.5,TS_oracle,0.0729340093629683
0.5,TS_oracle,0.0442590507056291
0.5,TS_oracle,0.0508884056835219
0.5,TS_oracle,0.039359853423677
0.5,TS_oracle,0.0561651698550235
0.5,TS_oracle,0.0548126868594319
0.5,TS_oracle,0.089503150844821
0.5,TS_oracle,0.0362154017591693
0.5,TS_oracle,0.0352296445051911
0.5,TS_oracle,0.0627301762028361
0.5,TS_oracle,0.0554427064284711
0.5,TS_oracle,0.0486307709149638
0.5,TS_oracle,0.0817877645125933
0.5,TS_oracle,0.0890051049726727
0.5,TS_oracle,0.0538059745662205
0.5,TS_oracle,0.0593016489705
0.5,TS_oracle,0.0799707740807772
0.5,TS_oracle,0.0491554312097644
0.5,TS_oracle,0.0464072725376301
0.5,TS_oracle,0.0569988311094317
0.5,TS_oracle,0.0507652639845476
0.5,TS_oracle,0.0677617478389846
0.5,TS_oracle,0.100242014462678
0.5,TS_oracle,0.0779144430053798
0.5,TS_oracle,0.0422441378345611
0.5,TS_oracle,0.0874042541054351
0.5,TS_oracle,0.111109210234922
0.5,TS_oracle,0.0848561202464872
0.5,TS_oracle,0.0524293300179881
0.5,TS_oracle,0.122493901591547
0.5,TS_oracle,0.0754896577497834
0.5,TS_oracle,0.0854789219825714
0.5,TS_oracle,0.0714265115763317
0.5,TS_oracle,0.0639817060464749
0.5,TS_oracle,0.0707305658700501
0.5,TS_oracle,0.0642479014329815
0.5,TS_oracle,0.0670080859538037
0.5,TS_oracle,0.0593464816847823
0.5,TS_oracle,0.0853816943420723
0.5,TS_oracle,0.0964075210316757
0.5,TS_oracle,0.0764045118079841
0.5,TS_oracle,0.0610582678188944
0.5,TS_oracle,0.0694275699429175
0.5,TS_oracle,0.0495424465332101
0.5,TS_oracle,0.0708457773758469
0.5,TS_oracle,0.0404431955700263
0.5,TS_oracle,0.0536306829162842
0.5,TS_oracle,0.052335207579462
0.5,TS_oracle,0.0585384592879924
0.5,TS_oracle,0.0853276938358512
0.5,TS_oracle,0.0684057729855862
0.5,TS_oracle,0.0686921163852484
0.5,TS_oracle,0.0888855347575761
0.5,TS_oracle,0.0512678827231231
0.5,TS_oracle,0.0262964884318353
0.5,TS_oracle,0.0883304129225624
0.5,TS_oracle,0.0543603723232606
0.5,TS_oracle,0.0907875987430032
0.5,TS_oracle,0.0509729078130829
0.5,TS_oracle,0.0547400118879105
0.5,TS_oracle,0.0472446861516301
0.5,TS_oracle,0.0738208222913433
0.5,TS_oracle,0.0401569665491074
0.5,TS_oracle,0.06580926985293
0.5,TS_oracle,0.0498037917181666
0.5,TS_oracle,0.0560338804607571
0.5,TS_oracle,0.0872422082809304
0.5,TS_oracle,0.0674455912608795
0.5,TS_oracle,0.0795083660105103
0.5,TS_oracle,0.068656944246586
0.5,TS_oracle,0.0416963771119324
0.5,TS_oracle,0.0591753603128752
0.6,PLS,0.0508829192996024
0.6,PLS,0.0570768734679432
0.6,PLS,0.0393389168358826
0.6,PLS,0.113735853725998
0.6,PLS,0.0788528378591799
0.6,PLS,0.0788368268585602
0.6,PLS,0.0896184857453543
0.6,PLS,0.0367904570237309
0.6,PLS,0.0783124914641968
0.6,PLS,0.0794732753376801
0.6,PLS,0.103272940500206
0.6,PLS,0.0434824490631871
0.6,PLS,0.0544236003550708
0.6,PLS,0.0599088832000361
0.6,PLS,0.0986859217407215
0.6,PLS,0.0536673932761782
0.6,PLS,0.0508739663211309
0.6,PLS,0.109984437366791
0.6,PLS,0.0462470841025374
0.6,PLS,0.0996171820370518
0.6,PLS,0.0769577151040583
0.6,PLS,0.0668158036995138
0.6,PLS,0.093969025032916
0.6,PLS,0.0938099671974966
0.6,PLS,0.0942948717495256
0.6,PLS,0.040223514524406
0.6,PLS,0.122847742631458
0.6,PLS,0.0746323239667907
0.6,PLS,0.0643124742937046
0.6,PLS,0.0706160753026111
0.6,PLS,0.069450716906761
0.6,PLS,0.0654813794977434
0.6,PLS,0.0607603258120016
0.6,PLS,0.0849978380351216
0.6,PLS,0.105050339270711
0.6,PLS,0.0565908582108464
0.6,PLS,0.0840615204038593
0.6,PLS,0.0413137542733732
0.6,PLS,0.0609698120128485
0.6,PLS,0.0464842064946006
0.6,PLS,0.0594495445224226
0.6,PLS,0.0662076278130754
0.6,PLS,0.0478113121362656
0.6,PLS,0.203158757285863
0.6,PLS,0.0656817064045427
0.6,PLS,0.0613648853304812
0.6,PLS,0.0458489195129555
0.6,PLS,0.0971667365969104
0.6,PLS,0.0683221157912909
0.6,PLS,0.0585241338295551
0.6,PLS,0.0377286998306854
0.6,PLS,0.0784367496336802
0.6,PLS,0.0665897101050326
0.6,PLS,0.109368994746845
0.6,PLS,0.0776559233623395
0.6,PLS,0.0959520690691738
0.6,PLS,0.0564950381226209
0.6,PLS,0.0559011831896611
0.6,PLS,0.0685179475521414
0.6,PLS,0.0969330192312406
0.6,PLS,0.062477140490338
0.6,PLS,0.0666363548807251
0.6,PLS,0.0688461029847361
0.6,PLS,0.0668610938322884
0.6,PLS,0.07063480057812
0.6,PLS,0.107595236623917
0.6,PLS,0.067582029867402
0.6,PLS,0.110959635005684
0.6,PLS,0.0588636772500714
0.6,PLS,0.047499895258274
0.6,PLS,0.0826347384824955
0.6,PLS,0.0580401853655171
0.6,PLS,0.036151593366621
0.6,PLS,0.0797478892965396
0.6,PLS,0.0441928061570351
0.6,PLS,0.0799594186816211
0.6,PLS,0.0657153900764181
0.6,PLS,0.0526588651562539
0.6,PLS,0.111742162306638
0.6,PLS,0.148355880610457
0.6,PLS,0.0329693641625539
0.6,PLS,0.0612413891082777
0.6,PLS,0.0719599560309183
0.6,PLS,0.0804836649819089
0.6,PLS,0.0886983768367827
0.6,PLS,0.111710518640811
0.6,PLS,0.104924703999258
0.6,PLS,0.0399734576944232
0.6,PLS,0.0663281150835338
0.6,PLS,0.0358714725835044
0.6,PLS,0.0858882273685644
0.6,PLS,0.111184788946432
0.6,PLS,0.0426446389256448
0.6,PLS,0.0668269023039814
0.6,PLS,0.0556818537969116
0.6,PLS,0.0817316536117723
0.6,PLS,0.101748700752449
0.6,PLS,0.0708233783674189
0.6,PLS,0.0482002167281875
0.6,PLS,0.0356699547270812
0.6,PLS,0.0682746279501165
0.6,PLS,0.0570584745829344
0.6,PLS,0.0570596302954343
0.6,PLS,0.0804634092133382
0.6,PLS,0.0790907823687466
0.6,PLS,0.0341525042252925
0.6,PLS,0.0439128233096806
0.6,PLS,0.0939089977457941
0.6,PLS,0.0444072601541791
0.6,PLS,0.0507572123945082
0.6,PLS,0.0700878721325454
0.6,PLS,0.0591113294741171
0.6,PLS,0.131064150372425
0.6,PLS,0.0653036966705704
0.6,PLS,0.0566749366410442
0.6,PLS,0.0435160713989673
0.6,PLS,0.126347286981142
0.6,PLS,0.103463902257707
0.6,PLS,0.126636965358594
0.6,PLS,0.0799487411522385
0.6,PLS,0.0680420426096424
0.6,PLS,0.0858860586367534
0.6,PLS,0.0672460958939579
0.6,PLS,0.0981860510436382
0.6,PLS,0.074625708865128
0.6,PLS,0.0724291861245178
0.6,PLS,0.0373731995904098
0.6,PLS,0.0834891821149226
0.6,PLS,0.091598866943309
0.6,PLS,0.136218028650818
0.6,PLS,0.0596276982217648
0.6,PLS,0.0917123539022724
0.6,PLS,0.059924698295345
0.6,PLS,0.0824440145433855
0.6,PLS,0.122111362050278
0.6,PLS,0.091370893599146
0.6,PLS,0.0383607324772463
0.6,PLS,0.0315963325529667
0.6,PLS,0.0603753922909667
0.6,PLS,0.0900840124375405
0.6,PLS,0.0785926759964078
0.6,PLS,0.0251012498898333
0.6,PLS,0.0601131763817221
0.6,PLS,0.0822384995013568
0.6,PLS,0.0770894190694371
0.6,PLS,0.0681982183027084
0.6,PLS,0.108983677244607
0.6,PLS,0.120084515864265
0.6,PLS,0.0685497822160687
0.6,PLS,0.0593662931163842
0.6,PLS,0.0842636790554886
0.6,PLS,0.0620247016324343
0.6,PLS,0.0908528900842447
0.6,PLS,0.113278113227922
0.6,PLS,0.0436018946391017
0.6,PLS,0.0883541194022685
0.6,PLS,0.108593761192381
0.6,PLS,0.0548210963672073
0.6,PLS,0.0739859388220591
0.6,PLS,0.0703307692124654
0.6,PLS,0.0764787410425632
0.6,PLS,0.0639866805029398
0.6,PLS,0.0723739785360223
0.6,PLS,0.0436252715801995
0.6,PLS,0.151624984599698
0.6,PLS,0.0730440087695093
0.6,PLS,0.0332953755745743
0.6,PLS,0.0485312094381043
0.6,PLS,0.0856570869457686
0.6,PLS,0.0500487099899998
0.6,PLS,0.0730633107812762
0.6,PLS,0.112714466594036
0.6,PLS,0.0968670699642617
0.6,PLS,0.0550460037569019
0.6,PLS,0.0578769411150302
0.6,PLS,0.0849673308520648
0.6,PLS,0.109712835105554
0.6,PLS,0.0838878863562316
0.6,PLS,0.0933193659674487
0.6,PLS,0.0547110145424823
0.6,PLS,0.0499015791489803
0.6,PLS,0.0590048846482096
0.6,PLS,0.0623371860357629
0.6,PLS,0.126927998291419
0.6,PLS,0.0614204411680277
0.6,PLS,0.0891821481698828
0.6,PLS,0.0574236963844657
0.6,PLS,0.0671654952434983
0.6,PLS,0.0924329815982379
0.6,PLS,0.0444334822462874
0.6,PLS,0.032072838028074
0.6,PLS,0.0746529121319755
0.6,PLS,0.0999027129221956
0.6,PLS,0.0805243921158864
0.6,PLS,0.0818561057801382
0.6,PLS,0.0525498588416533
0.6,PLS,0.0975904815850105
0.6,PLS,0.0823502736055622
0.6,PLS,0.0768455932830111
0.6,PLS,0.0612139113129394
0.6,fTS,0.0358801246753117
0.6,fTS,0.041266301861002
0.6,fTS,0.0294561987785078
0.6,fTS,0.0842383325490524
0.6,fTS,0.088666734092941
0.6,fTS,0.0361597742219584
0.6,fTS,0.0768074262246373
0.6,fTS,0.0461133569284095
0.6,fTS,0.0727637784840304
0.6,fTS,0.0655185287506528
0.6,fTS,0.0830187171187569
0.6,fTS,0.0387961433875532
0.6,fTS,0.0494285991506819
0.6,fTS,0.0563545085517501
0.6,fTS,0.0934598560418594
0.6,fTS,0.0560892334448929
0.6,fTS,0.0530398560709152
0.6,fTS,0.115242119604254
0.6,fTS,0.0343756933493873
0.6,fTS,0.100410385529622
0.6,fTS,0.0635580604384861
0.6,fTS,0.0622639721346185
0.6,fTS,0.0729428075359439
0.6,fTS,0.054653202558693
0.6,fTS,0.0730333998609652
0.6,fTS,0.051272425707381
0.6,fTS,0.14632070056692
0.6,fTS,0.0550113423559308
0.6,fTS,0.0442600243790847
0.6,fTS,0.0598078337314832
0.6,fTS,0.0627893081055081
0.6,fTS,0.0625755635378966
0.6,fTS,0.0416634427466489
0.6,fTS,0.0787117328144002
0.6,fTS,0.0843129333373034
0.6,fTS,0.0531065844142852
0.6,fTS,0.0660689669015974
0.6,fTS,0.0308701151916542
0.6,fTS,0.0607257260951191
0.6,fTS,0.0400791272779804
0.6,fTS,0.0576888266671016
0.6,fTS,0.0634573391830591
0.6,fTS,0.0519251839066289
0.6,fTS,0.152813501602792
0.6,fTS,0.0573132995321315
0.6,fTS,0.0443568718251498
0.6,fTS,0.059972124082141
0.6,fTS,0.0767192006466797
0.6,fTS,0.0710310447651961
0.6,fTS,0.0561094549608355
0.6,fTS,0.0404584866319544
0.6,fTS,0.0671493956264011
0.6,fTS,0.0772286414072303
0.6,fTS,0.0430386148281754
0.6,fTS,0.0659942782477598
0.6,fTS,0.0870931216990618
0.6,fTS,0.0589632028441732
0.6,fTS,0.0459749078942605
0.6,fTS,0.0592088399215094
0.6,fTS,0.0862892902793362
0.6,fTS,0.0571174913969237
0.6,fTS,0.0723769530022499
0.6,fTS,0.0675092683838339
0.6,fTS,0.0482972834304275
0.6,fTS,0.0723951037168494
0.6,fTS,0.102463823121185
0.6,fTS,0.0465650296986753
0.6,fTS,0.0754211470258742
0.6,fTS,0.0396788088823178
0.6,fTS,0.0577833405903509
0.6,fTS,0.0668035892888186
0.6,fTS,0.0707685095328573
0.6,fTS,0.0344908757003572
0.6,fTS,0.0611182847394081
0.6,fTS,0.0744470049520181
0.6,fTS,0.0540326721855026
0.6,fTS,0.0612320958590937
0.6,fTS,0.0700721547085335
0.6,fTS,0.0940229697461943
0.6,fTS,0.106103144465551
0.6,fTS,0.0282671024110658
0.6,fTS,0.0646862996552821
0.6,fTS,0.0539993933908843
0.6,fTS,0.0611857531136244
0.6,fTS,0.0587655324435187
0.6,fTS,0.0900728766948722
0.6,fTS,0.0692951421842632
0.6,fTS,0.0339786978510695
0.6,fTS,0.0494101682377117
0.6,fTS,0.0419818308480212
0.6,fTS,0.0688375229055355
0.6,fTS,0.0712813686807208
0.6,fTS,0.0411630232343222
0.6,fTS,0.0619598846044436
0.6,fTS,0.05863570702981
0.6,fTS,0.0876028557562771
0.6,fTS,0.0936299339607916
0.6,fTS,0.0613445547366975
0.6,fTS,0.0532183151581548
0.6,fTS,0.0275988319669971
0.6,fTS,0.063846765764502
0.6,fTS,0.0663237515849397
0.6,fTS,0.0564548703504773
0.6,fTS,0.100409000004024
0.6,fTS,0.0553280668194428
0.6,fTS,0.0319328482698288
0.6,fTS,0.0357286118399051
0.6,fTS,0.0788997064285371
0.6,fTS,0.0435998012780354
0.6,fTS,0.0509586124358511
0.6,fTS,0.0782773278131823
0.6,fTS,0.0584299691751788
0.6,fTS,0.116438532496851
0.6,fTS,0.0515092007254735
0.6,fTS,0.0502760817867437
0.6,fTS,0.0267708737369553
0.6,fTS,0.0972418084503941
0.6,fTS,0.100960480106325
0.6,fTS,0.132236389776111
0.6,fTS,0.070567894438491
0.6,fTS,0.0731188217629683
0.6,fTS,0.0791762565127227
0.6,fTS,0.059074671231063
0.6,fTS,0.0907850636699495
0.6,fTS,0.066135626401255
0.6,fTS,0.0595606237559295
0.6,fTS,0.0397287395992179
0.6,fTS,0.0579781687114237
0.6,fTS,0.0760451956698952
0.6,fTS,0.110687069585286
0.6,fTS,0.0523662955224162
0.6,fTS,0.0859306134688703
0.6,fTS,0.0578751204806172
0.6,fTS,0.0763315669061339
0.6,fTS,0.0883866683668288
0.6,fTS,0.0793962872858891
0.6,fTS,0.045613184402179
0.6,fTS,0.0337266276127154
0.6,fTS,0.058106248443562
0.6,fTS,0.0523748312530843
0.6,fTS,0.0713841801408807
0.6,fTS,0.0252791273212694
0.6,fTS,0.068781184565867
0.6,fTS,0.0750420214336341
0.6,fTS,0.0779230560820665
0.6,fTS,0.04712006378866
0.6,fTS,0.100230040928111
0.6,fTS,0.0842796297744635
0.6,fTS,0.0526318448667022
0.6,fTS,0.0633920752271827
0.6,fTS,0.0777891607107633
0.6,fTS,0.0521629602594022
0.6,fTS,0.0610460711504339
0.6,fTS,0.100610326269088
0.6,fTS,0.0389920522168223
0.6,fTS,0.0662899846078525
0.6,fTS,0.0890874802033352
0.6,fTS,0.0494360993762854
0.6,fTS,0.0548005729342206
0.6,fTS,0.0599569143891526
0.6,fTS,0.0487228772245228
0.6,fTS,0.0583316753640503
0.6,fTS,0.0700276996625254
0.6,fTS,0.0505584171030459
0.6,fTS,0.143254782033353
0.6,fTS,0.0383418897612083
0.6,fTS,0.029350261419484
0.6,fTS,0.0505528665829278
0.6,fTS,0.0827894902462661
0.6,fTS,0.0533717064635956
0.6,fTS,0.0798755992681401
0.6,fTS,0.105107770333511
0.6,fTS,0.0904012926379734
0.6,fTS,0.0488121053151121
0.6,fTS,0.0469892939766026
0.6,fTS,0.0799661945871865
0.6,fTS,0.0620511160314035
0.6,fTS,0.0665921427485472
0.6,fTS,0.0944746287536841
0.6,fTS,0.0511164014023437
0.6,fTS,0.046244894182206
0.6,fTS,0.0513854884714835
0.6,fTS,0.0886500766711081
0.6,fTS,0.122961807955153
0.6,fTS,0.0577964803549499
0.6,fTS,0.0683681519357295
0.6,fTS,0.0734091671738626
0.6,fTS,0.0698614704125855
0.6,fTS,0.120588289763811
0.6,fTS,0.0347160220057815
0.6,fTS,0.0405673810286186
0.6,fTS,0.0651737174673673
0.6,fTS,0.110385105050562
0.6,fTS,0.0796739356299008
0.6,fTS,0.0619955078750887
0.6,fTS,0.0529578772994103
0.6,fTS,0.104675403896196
0.6,fTS,0.0500526182686958
0.6,fTS,0.0718982440153144
0.6,fTS,0.0609858596639006
0.6,LS_oracle,0.0505820875037942
0.6,LS_oracle,0.056963993153252
0.6,LS_oracle,0.0392186406712739
0.6,LS_oracle,0.113926836890206
0.6,LS_oracle,0.078888778658461
0.6,LS_oracle,0.0799589133974626
0.6,LS_oracle,0.0895858592971175
0.6,LS_oracle,0.036727871743674
0.6,LS_oracle,0.0782983445293952
0.6,LS_oracle,0.0794971199436889
0.6,LS_oracle,0.103118736885063
0.6,LS_oracle,0.0439287708169612
0.6,LS_oracle,0.0540154676427045
0.6,LS_oracle,0.059645993378767
0.6,LS_oracle,0.0971297022832019
0.6,LS_oracle,0.0537137290691786
0.6,LS_oracle,0.0502487937186348
0.6,LS_oracle,0.110772489821708
0.6,LS_oracle,0.0461424230823
0.6,LS_oracle,0.0993834707845441
0.6,LS_oracle,0.0770780092915352
0.6,LS_oracle,0.0667244883353228
0.6,LS_oracle,0.0942400418879213
0.6,LS_oracle,0.0927516025603302
0.6,LS_oracle,0.0942230299726728
0.6,LS_oracle,0.0402336836348818
0.6,LS_oracle,0.124068911054372
0.6,LS_oracle,0.0743600851393889
0.6,LS_oracle,0.0630492337240186
0.6,LS_oracle,0.0705980018698721
0.6,LS_oracle,0.0690341175459366
0.6,LS_oracle,0.0656537735189467
0.6,LS_oracle,0.0607809855355762
0.6,LS_oracle,0.089015631486182
0.6,LS_oracle,0.105090816478498
0.6,LS_oracle,0.0565296438996195
0.6,LS_oracle,0.0841162434836292
0.6,LS_oracle,0.0415023958470442
0.6,LS_oracle,0.0613647912686951
0.6,LS_oracle,0.0465029493340657
0.6,LS_oracle,0.0595150309811554
0.6,LS_oracle,0.0664816673729602
0.6,LS_oracle,0.0477151406577878
0.6,LS_oracle,0.203836421469948
0.6,LS_oracle,0.0657525221608742
0.6,LS_oracle,0.0618159452802332
0.6,LS_oracle,0.0452533006425023
0.6,LS_oracle,0.0973720037160537
0.6,LS_oracle,0.0682106831157934
0.6,LS_oracle,0.0586129183077228
0.6,LS_oracle,0.0378591144459536
0.6,LS_oracle,0.0780244612508141
0.6,LS_oracle,0.0665899730596707
0.6,LS_oracle,0.109153907081222
0.6,LS_oracle,0.0818048973641933
0.6,LS_oracle,0.0969450070172694
0.6,LS_oracle,0.0562734393812245
0.6,LS_oracle,0.0561621377264886
0.6,LS_oracle,0.0682824642785693
0.6,LS_oracle,0.0969132572052932
0.6,LS_oracle,0.0624412720841786
0.6,LS_oracle,0.0665886396241308
0.6,LS_oracle,0.0688676902510181
0.6,LS_oracle,0.0668378192381543
0.6,LS_oracle,0.0706468984042143
0.6,LS_oracle,0.105374388173636
0.6,LS_oracle,0.0658204455538454
0.6,LS_oracle,0.110887137018148
0.6,LS_oracle,0.0589005310111368
0.6,LS_oracle,0.0475987560486005
0.6,LS_oracle,0.0826882770146754
0.6,LS_oracle,0.0578976560447182
0.6,LS_oracle,0.0363040874078128
0.6,LS_oracle,0.0791062251095239
0.6,LS_oracle,0.0441680960145872
0.6,LS_oracle,0.0797804950719576
0.6,LS_oracle,0.0656368068712388
0.6,LS_oracle,0.0526281683547053
0.6,LS_oracle,0.1116758860034
0.6,LS_oracle,0.148423030930518
0.6,LS_oracle,0.0329847157032404
0.6,LS_oracle,0.0610804367304808
0.6,LS_oracle,0.0719472058686808
0.6,LS_oracle,0.0805153349946633
0.6,LS_oracle,0.0896920364071918
0.6,LS_oracle,0.111242748070839
0.6,LS_oracle,0.104994906778593
0.6,LS_oracle,0.0403734254398563
0.6,LS_oracle,0.0659741339511622
0.6,LS_oracle,0.0357997228101151
0.6,LS_oracle,0.0862776445176284
0.6,LS_oracle,0.111006354925937
0.6,LS_oracle,0.0427309619071238
0.6,LS_oracle,0.0665416479094351
0.6,LS_oracle,0.0557163990261607
0.6,LS_oracle,0.0824437155315208
0.6,LS_oracle,0.101625157082103
0.6,LS_oracle,0.070705318565647
0.6,LS_oracle,0.0482974227930319
0.6,LS_oracle,0.0343506643357529
0.6,LS_oracle,0.0688594903341581
0.6,LS_oracle,0.0572288852598847
0.6,LS_oracle,0.0574100024317769
0.6,LS_oracle,0.0791095327275715
0.6,LS_oracle,0.0798199812291516
0.6,LS_oracle,0.0341476889603795
0.6,LS_oracle,0.0435646454726155
0.6,LS_oracle,0.0938631790258103
0.6,LS_oracle,0.0444519957696058
0.6,LS_oracle,0.0509393731142064
0.6,LS_oracle,0.0706537676463232
0.6,LS_oracle,0.0597706913293162
0.6,LS_oracle,0.131242294027396
0.6,LS_oracle,0.0653400065908583
0.6,LS_oracle,0.056433825694851
0.6,LS_oracle,0.0427820173233816
0.6,LS_oracle,0.12508764598216
0.6,LS_oracle,0.10345736168513
0.6,LS_oracle,0.12668998741836
0.6,LS_oracle,0.0801252030865961
0.6,LS_oracle,0.0680907395753638
0.6,LS_oracle,0.0861948486909687
0.6,LS_oracle,0.0674534707440596
0.6,LS_oracle,0.0979205466105626
0.6,LS_oracle,0.0743917209330494
0.6,LS_oracle,0.0723949692120339
0.6,LS_oracle,0.0377228796559341
0.6,LS_oracle,0.0834884524012201
0.6,LS_oracle,0.0932849220966357
0.6,LS_oracle,0.136335802584964
0.6,LS_oracle,0.0595706034879286
0.6,LS_oracle,0.0918536804813766
0.6,LS_oracle,0.0606368512727638
0.6,LS_oracle,0.0825415516291543
0.6,LS_oracle,0.122113636839394
0.6,LS_oracle,0.0914677044831886
0.6,LS_oracle,0.0384828774044484
0.6,LS_oracle,0.0316412896273356
0.6,LS_oracle,0.060391425014244
0.6,LS_oracle,0.0901628358315938
0.6,LS_oracle,0.0787658685728934
0.6,LS_oracle,0.025147348171434
0.6,LS_oracle,0.0601201053846546
0.6,LS_oracle,0.082178312678267
0.6,LS_oracle,0.077056691375964
0.6,LS_oracle,0.0680622257689483
0.6,LS_oracle,0.109474796717738
0.6,LS_oracle,0.12034841549995
0.6,LS_oracle,0.071348681674567
0.6,LS_oracle,0.059665862868695
0.6,LS_oracle,0.0850096839998574
0.6,LS_oracle,0.0626183046453443
0.6,LS_oracle,0.0908881357563744
0.6,LS_oracle,0.113398166490998
0.6,LS_oracle,0.0434758877701016
0.6,LS_oracle,0.0884453292635462
0.6,LS_oracle,0.108719089042223
0.6,LS_oracle,0.0548288668362339
0.6,LS_oracle,0.0734786606376137
0.6,LS_oracle,0.0703774551419762
0.6,LS_oracle,0.0762750795326002
0.6,LS_oracle,0.0639766532766102
0.6,LS_oracle,0.072276774622326
0.6,LS_oracle,0.0434483412398529
0.6,LS_oracle,0.150764762458662
0.6,LS_oracle,0.0729027365025943
0.6,LS_oracle,0.0334436381229009
0.6,LS_oracle,0.0472462371915638
0.6,LS_oracle,0.086912309244052
0.6,LS_oracle,0.049998647985111
0.6,LS_oracle,0.0733253739368932
0.6,LS_oracle,0.112336719044645
0.6,LS_oracle,0.0967787952652599
0.6,LS_oracle,0.0550869003100072
0.6,LS_oracle,0.0582313862830426
0.6,LS_oracle,0.0850063155884501
0.6,LS_oracle,0.109365017336032
0.6,LS_oracle,0.0835744207729803
0.6,LS_oracle,0.0937267181477002
0.6,LS_oracle,0.0544683401400919
0.6,LS_oracle,0.0498777290661648
0.6,LS_oracle,0.059004696782369
0.6,LS_oracle,0.0623615026693898
0.6,LS_oracle,0.126073393748998
0.6,LS_oracle,0.0614139746226854
0.6,LS_oracle,0.0890140992175148
0.6,LS_oracle,0.0574278994685954
0.6,LS_oracle,0.0675441307774945
0.6,LS_oracle,0.0921723579208196
0.6,LS_oracle,0.0448160443710283
0.6,LS_oracle,0.0322948517048275
0.6,LS_oracle,0.0751193363478829
0.6,LS_oracle,0.0998571425758184
0.6,LS_oracle,0.0799276988380194
0.6,LS_oracle,0.082287585701311
0.6,LS_oracle,0.052617732381582
0.6,LS_oracle,0.0967705778422275
0.6,LS_oracle,0.0815328812548984
0.6,LS_oracle,0.0763863378002361
0.6,LS_oracle,0.0611176897390178
0.6,TS_oracle,0.0358792467285442
0.6,TS_oracle,0.0412386039706382
0.6,TS_oracle,0.0294413613133395
0.6,TS_oracle,0.0843322047137758
0.6,TS_oracle,0.0887487339647029
0.6,TS_oracle,0.0363290857998324
0.6,TS_oracle,0.0770984418037157
0.6,TS_oracle,0.0463030439706651
0.6,TS_oracle,0.0728486789550569
0.6,TS_oracle,0.0655799661479231
0.6,TS_oracle,0.0829653575027368
0.6,TS_oracle,0.0386927366612764
0.6,TS_oracle,0.0494793090852547
0.6,TS_oracle,0.0566070012670685
0.6,TS_oracle,0.0934639032963807
0.6,TS_oracle,0.0560878328897829
0.6,TS_oracle,0.0528377974764643
0.6,TS_oracle,0.115503464503543
0.6,TS_oracle,0.0343669241985853
0.6,TS_oracle,0.100406829874586
0.6,TS_oracle,0.0635667887109744
0.6,TS_oracle,0.0621966017811146
0.6,TS_oracle,0.0731436633695632
0.6,TS_oracle,0.0534462568134882
0.6,TS_oracle,0.0730250681197066
0.6,TS_oracle,0.0512598412288452
0.6,TS_oracle,0.14650981430104
0.6,TS_oracle,0.0550195687435592
0.6,TS_oracle,0.04208512748139
0.6,TS_oracle,0.0598729696734761
0.6,TS_oracle,0.0630240631586546
0.6,TS_oracle,0.0619488536826513
0.6,TS_oracle,0.0416731455778439
0.6,TS_oracle,0.0828215464371366
0.6,TS_oracle,0.0852239859571186
0.6,TS_oracle,0.0543958978514729
0.6,TS_oracle,0.0660582465054068
0.6,TS_oracle,0.0313584175355299
0.6,TS_oracle,0.0607306898024274
0.6,TS_oracle,0.0400868844069623
0.6,TS_oracle,0.0576616763301298
0.6,TS_oracle,0.0639872483788094
0.6,TS_oracle,0.0519082176677827
0.6,TS_oracle,0.153075599988109
0.6,TS_oracle,0.0566767436388186
0.6,TS_oracle,0.0443568732959968
0.6,TS_oracle,0.0598113942671971
0.6,TS_oracle,0.0767368108448904
0.6,TS_oracle,0.0710210202853146
0.6,TS_oracle,0.0561183740782197
0.6,TS_oracle,0.0404794649799767
0.6,TS_oracle,0.067162562468577
0.6,TS_oracle,0.0772281649165192
0.6,TS_oracle,0.0430609703122625
0.6,TS_oracle,0.0659746122609568
0.6,TS_oracle,0.0873633491563175
0.6,TS_oracle,0.058967016308624
0.6,TS_oracle,0.0459947391644631
0.6,TS_oracle,0.0590507744584284
0.6,TS_oracle,0.0863551473281846
0.6,TS_oracle,0.0571205187097215
0.6,TS_oracle,0.0723345526171068
0.6,TS_oracle,0.067382560581538
0.6,TS_oracle,0.0486724141658409
0.6,TS_oracle,0.0728289531523676
0.6,TS_oracle,0.102441593888744
0.6,TS_oracle,0.046765722440557
0.6,TS_oracle,0.0752730558369838
0.6,TS_oracle,0.0396715990045628
0.6,TS_oracle,0.0578330794277822
0.6,TS_oracle,0.0668083994335921
0.6,TS_oracle,0.0715861228894552
0.6,TS_oracle,0.0345149536501689
0.6,TS_oracle,0.0607135171861692
0.6,TS_oracle,0.0743962149958818
0.6,TS_oracle,0.0540403103175897
0.6,TS_oracle,0.0612178273308512
0.6,TS_oracle,0.0700611190629763
0.6,TS_oracle,0.0940077615842436
0.6,TS_oracle,0.106097578799218
0.6,TS_oracle,0.0283770850507181
0.6,TS_oracle,0.0645747079586946
0.6,TS_oracle,0.0534850585592935
0.6,TS_oracle,0.0611816571535886
0.6,TS_oracle,0.0590807563151544
0.6,TS_oracle,0.0898839221265622
0.6,TS_oracle,0.0693172891760328
0.6,TS_oracle,0.0340800091853797
0.6,TS_oracle,0.0494197692091626
0.6,TS_oracle,0.0419667728892013
0.6,TS_oracle,0.0687472954047121
0.6,TS_oracle,0.071258227262593
0.6,TS_oracle,0.0414011492431872
0.6,TS_oracle,0.061906935524926
0.6,TS_oracle,0.058537360436335
0.6,TS_oracle,0.0879234078607453
0.6,TS_oracle,0.0936092067114492
0.6,TS_oracle,0.0614570543604529
0.6,TS_oracle,0.0532471687501712
0.6,TS_oracle,0.0274853450528411
0.6,TS_oracle,0.0639063556141674
0.6,TS_oracle,0.0663714152005064
0.6,TS_oracle,0.0558814823755951
0.6,TS_oracle,0.0979189937808383
0.6,TS_oracle,0.0553464831359841
0.6,TS_oracle,0.032226983341962
0.6,TS_oracle,0.0359362107009681
0.6,TS_oracle,0.0788661272837797
0.6,TS_oracle,0.0435515371111946
0.6,TS_oracle,0.0514841168861573
0.6,TS_oracle,0.0778760734977939
0.6,TS_oracle,0.0583486191321065
0.6,TS_oracle,0.116475064725972
0.6,TS_oracle,0.051492910942435
0.6,TS_oracle,0.0502144267353129
0.6,TS_oracle,0.0261817686365987
0.6,TS_oracle,0.0969486656786352
0.6,TS_oracle,0.100952708928543
0.6,TS_oracle,0.132238089314079
0.6,TS_oracle,0.0708372506143187
0.6,TS_oracle,0.0727609729618857
0.6,TS_oracle,0.0788547547828581
0.6,TS_oracle,0.0595312727319695
0.6,TS_oracle,0.0907388125823793
0.6,TS_oracle,0.0661475608458934
0.6,TS_oracle,0.0595266387425519
0.6,TS_oracle,0.0397330416227454
0.6,TS_oracle,0.0605886356161609
0.6,TS_oracle,0.0756180125319956
0.6,TS_oracle,0.11068554630977
0.6,TS_oracle,0.0523843988667652
0.6,TS_oracle,0.0864613198900695
0.6,TS_oracle,0.0578665885931613
0.6,TS_oracle,0.0763634416982031
0.6,TS_oracle,0.0883870696363856
0.6,TS_oracle,0.079430325644949
0.6,TS_oracle,0.0456385322426256
0.6,TS_oracle,0.0337727445430825
0.6,TS_oracle,0.0584465006382528
0.6,TS_oracle,0.0523658950763839
0.6,TS_oracle,0.0722967227293607
0.6,TS_oracle,0.0252867862408195
0.6,TS_oracle,0.0687809644147683
0.6,TS_oracle,0.0750814697286584
0.6,TS_oracle,0.0779126219435643
0.6,TS_oracle,0.0470735901675922
0.6,TS_oracle,0.100083655320886
0.6,TS_oracle,0.0841574708530237
0.6,TS_oracle,0.0527843228997526
0.6,TS_oracle,0.0634304001303682
0.6,TS_oracle,0.0777690286186642
0.6,TS_oracle,0.0524968608969144
0.6,TS_oracle,0.0613645538077163
0.6,TS_oracle,0.103414825817987
0.6,TS_oracle,0.0389777488857403
0.6,TS_oracle,0.066255045620728
0.6,TS_oracle,0.0892524957627386
0.6,TS_oracle,0.0494739893767937
0.6,TS_oracle,0.0547724679470144
0.6,TS_oracle,0.0599936572079961
0.6,TS_oracle,0.0487908574930004
0.6,TS_oracle,0.0583316423710923
0.6,TS_oracle,0.0701427034970025
0.6,TS_oracle,0.0505509040269009
0.6,TS_oracle,0.142678184502981
0.6,TS_oracle,0.0386071726713432
0.6,TS_oracle,0.0294192609960097
0.6,TS_oracle,0.050550902630466
0.6,TS_oracle,0.0827903424153426
0.6,TS_oracle,0.0522447648384253
0.6,TS_oracle,0.079955957105238
0.6,TS_oracle,0.105250482301649
0.6,TS_oracle,0.0907366925247369
0.6,TS_oracle,0.0481529251867106
0.6,TS_oracle,0.0469833558383286
0.6,TS_oracle,0.0799654573387125
0.6,TS_oracle,0.0620467101521637
0.6,TS_oracle,0.0666207798788303
0.6,TS_oracle,0.0946394215718354
0.6,TS_oracle,0.0511211196297137
0.6,TS_oracle,0.0458960272143636
0.6,TS_oracle,0.0514552111246846
0.6,TS_oracle,0.0886572804887923
0.6,TS_oracle,0.122358031818306
0.6,TS_oracle,0.0577944612202372
0.6,TS_oracle,0.0684129232128821
0.6,TS_oracle,0.0733100333852867
0.6,TS_oracle,0.0697845463016658
0.6,TS_oracle,0.121059476851588
0.6,TS_oracle,0.0347514363583624
0.6,TS_oracle,0.0406832211943852
0.6,TS_oracle,0.065350922609718
0.6,TS_oracle,0.110384564219309
0.6,TS_oracle,0.0789215708721928
0.6,TS_oracle,0.0619256557831394
0.6,TS_oracle,0.052930348017371
0.6,TS_oracle,0.104480641338264
0.6,TS_oracle,0.0498666533428189
0.6,TS_oracle,0.0719395266674753
0.6,TS_oracle,0.0611046980652822
0.7,PLS,0.0875760552316932
0.7,PLS,0.0892821868368431
0.7,PLS,0.034569107378702
0.7,PLS,0.0867287269443476
0.7,PLS,0.0825766341611812
0.7,PLS,0.0676396699340465
0.7,PLS,0.120875655893206
0.7,PLS,0.0541887666416351
0.7,PLS,0.0532024381898808
0.7,PLS,0.144130039401732
0.7,PLS,0.0591912257887239
0.7,PLS,0.095673814551718
0.7,PLS,0.0335349848348774
0.7,PLS,0.101927638923324
0.7,PLS,0.0397831694604923
0.7,PLS,0.0916411410110975
0.7,PLS,0.0775071507920203
0.7,PLS,0.118285723966518
0.7,PLS,0.0696515827279323
0.7,PLS,0.04790556229598
0.7,PLS,0.0810905644747315
0.7,PLS,0.0496300428866855
0.7,PLS,0.0502089147764874
0.7,PLS,0.0826919287461285
0.7,PLS,0.0950178163571478
0.7,PLS,0.0768386242221025
0.7,PLS,0.072672594567434
0.7,PLS,0.0602515409361965
0.7,PLS,0.0969703837042762
0.7,PLS,0.0801913400051569
0.7,PLS,0.0622534252954274
0.7,PLS,0.120800720683792
0.7,PLS,0.0949251584976167
0.7,PLS,0.0826587354582852
0.7,PLS,0.0568473336495614
0.7,PLS,0.0433764215947372
0.7,PLS,0.0749938792738331
0.7,PLS,0.123184044793011
0.7,PLS,0.0766518118005743
0.7,PLS,0.0368190897059004
0.7,PLS,0.0404800074489907
0.7,PLS,0.0368055015352277
0.7,PLS,0.0473814017214865
0.7,PLS,0.15541055824159
0.7,PLS,0.0547463242915354
0.7,PLS,0.0495324741448294
0.7,PLS,0.0564037498943375
0.7,PLS,0.0985025986205224
0.7,PLS,0.0522895089042744
0.7,PLS,0.039347025851146
0.7,PLS,0.0424569050363895
0.7,PLS,0.0710798942144049
0.7,PLS,0.083738806813711
0.7,PLS,0.0521115501729008
0.7,PLS,0.0709616802960198
0.7,PLS,0.0612408000448259
0.7,PLS,0.0383587335991488
0.7,PLS,0.1098966904229
0.7,PLS,0.0813279424287518
0.7,PLS,0.0840837191506066
0.7,PLS,0.0382342255792745
0.7,PLS,0.0692849198590007
0.7,PLS,0.0827551370412332
0.7,PLS,0.0684143098053632
0.7,PLS,0.0508999997381111
0.7,PLS,0.0698948319053173
0.7,PLS,0.08918874056685
0.7,PLS,0.104640164764896
0.7,PLS,0.065999119644924
0.7,PLS,0.0389511822616941
0.7,PLS,0.11231313727604
0.7,PLS,0.064189351680633
0.7,PLS,0.0504644993679413
0.7,PLS,0.0949080732051254
0.7,PLS,0.0643647905199028
0.7,PLS,0.0931352321823666
0.7,PLS,0.0858845826381699
0.7,PLS,0.0498101187059171
0.7,PLS,0.0570923836253774
0.7,PLS,0.0691632988269978
0.7,PLS,0.0452043928192758
0.7,PLS,0.0320462710174454
0.7,PLS,0.0566464712769798
0.7,PLS,0.0861124991402138
0.7,PLS,0.0925322607717186
0.7,PLS,0.0823706843276399
0.7,PLS,0.0686650764501076
0.7,PLS,0.0474056311246319
0.7,PLS,0.0423906147523185
0.7,PLS,0.0431556200120708
0.7,PLS,0.0450777129379265
0.7,PLS,0.0630901853379527
0.7,PLS,0.0710992927546157
0.7,PLS,0.0852005379115631
0.7,PLS,0.0815120813201501
0.7,PLS,0.0888132399198041
0.7,PLS,0.0988893336984748
0.7,PLS,0.0557164101653394
0.7,PLS,0.0420016673026934
0.7,PLS,0.0701583256786247
0.7,PLS,0.0558422700613043
0.7,PLS,0.0909710915482516
0.7,PLS,0.0873662165875469
0.7,PLS,0.0305878320931656
0.7,PLS,0.0787905677779941
0.7,PLS,0.060604833036002
0.7,PLS,0.0705634786634125
0.7,PLS,0.0726171624103141
0.7,PLS,0.147740590968971
0.7,PLS,0.0709678889700308
0.7,PLS,0.101456447412045
0.7,PLS,0.107463961791471
0.7,PLS,0.126750340241965
0.7,PLS,0.0382250146719992
0.7,PLS,0.0522461277163612
0.7,PLS,0.0602530197293432
0.7,PLS,0.125849728204549
0.7,PLS,0.0949972112517383
0.7,PLS,0.0700156174446322
0.7,PLS,0.0628172535972146
0.7,PLS,0.116343979883433
0.7,PLS,0.0840750202672189
0.7,PLS,0.0709811189737803
0.7,PLS,0.0637288527109513
0.7,PLS,0.135218926400882
0.7,PLS,0.0952239233334193
0.7,PLS,0.0488589774005486
0.7,PLS,0.0664756431838965
0.7,PLS,0.0682115770386478
0.7,PLS,0.13129591995437
0.7,PLS,0.0431736652951582
0.7,PLS,0.0672916014471562
0.7,PLS,0.0769412684377028
0.7,PLS,0.126865170799796
0.7,PLS,0.0838333618217038
0.7,PLS,0.0766414129475252
0.7,PLS,0.0476848214280026
0.7,PLS,0.13679540042085
0.7,PLS,0.0554140877666317
0.7,PLS,0.0509110591580699
0.7,PLS,0.0527809061072049
0.7,PLS,0.0682820927144421
0.7,PLS,0.135171068178906
0.7,PLS,0.0569048292625787
0.7,PLS,0.0593269352982951
0.7,PLS,0.0650301520296603
0.7,PLS,0.036648019298178
0.7,PLS,0.0562096422701551
0.7,PLS,0.101323202627863
0.7,PLS,0.0541165858520798
0.7,PLS,0.0422408325974029
0.7,PLS,0.0630299236373547
0.7,PLS,0.0834306271705471
0.7,PLS,0.0597861091823706
0.7,PLS,0.0874380004788576
0.7,PLS,0.189875515020321
0.7,PLS,0.0869601937834871
0.7,PLS,0.045946118329121
0.7,PLS,0.04723270632584
0.7,PLS,0.0364248643732512
0.7,PLS,0.0627517811551074
0.7,PLS,0.145839198717392
0.7,PLS,0.0524759879668879
0.7,PLS,0.0485122814726021
0.7,PLS,0.0951171005045957
0.7,PLS,0.05873645620107
0.7,PLS,0.0627941843179018
0.7,PLS,0.0718121966055772
0.7,PLS,0.0575670103561827
0.7,PLS,0.0558814930687288
0.7,PLS,0.0518885964471011
0.7,PLS,0.0992190201671544
0.7,PLS,0.0637033922656484
0.7,PLS,0.101871492454808
0.7,PLS,0.0990055829191032
0.7,PLS,0.0873502082303263
0.7,PLS,0.101761792110944
0.7,PLS,0.111223541585388
0.7,PLS,0.0757294305761842
0.7,PLS,0.0636642339096138
0.7,PLS,0.0947374521145158
0.7,PLS,0.135784052687263
0.7,PLS,0.058391161066608
0.7,PLS,0.100253191438928
0.7,PLS,0.0741835960310697
0.7,PLS,0.0506292255754533
0.7,PLS,0.0783514152334915
0.7,PLS,0.0462717281855287
0.7,PLS,0.0932024342141487
0.7,PLS,0.128814588189974
0.7,PLS,0.059293013639318
0.7,PLS,0.0981308844707066
0.7,PLS,0.0723556527945394
0.7,PLS,0.0525858105327113
0.7,PLS,0.149429232946249
0.7,PLS,0.0663399663056427
0.7,PLS,0.0834306680118323
0.7,PLS,0.0762830061552745
0.7,PLS,0.11263619506418
0.7,PLS,0.0686293018926772
0.7,fTS,0.0669409094095712
0.7,fTS,0.108297278018759
0.7,fTS,0.0463101772740192
0.7,fTS,0.0747413892263803
0.7,fTS,0.0736897864077261
0.7,fTS,0.041800805562139
0.7,fTS,0.11881930080255
0.7,fTS,0.0628783351328463
0.7,fTS,0.0681624561270052
0.7,fTS,0.135080452065176
0.7,fTS,0.0881706310192708
0.7,fTS,0.13058312986253
0.7,fTS,0.0388481652990692
0.7,fTS,0.0884391856966361
0.7,fTS,0.0414017555770194
0.7,fTS,0.0699595807160045
0.7,fTS,0.0847365222338967
0.7,fTS,0.101900856524876
0.7,fTS,0.068468896654424
0.7,fTS,0.0622653111802376
0.7,fTS,0.0621231361728571
0.7,fTS,0.0452136892763853
0.7,fTS,0.0499911274519274
0.7,fTS,0.0654619308071454
0.7,fTS,0.0820593645926666
0.7,fTS,0.0935045772044375
0.7,fTS,0.0711148110265147
0.7,fTS,0.0500514171156277
0.7,fTS,0.0730852956866177
0.7,fTS,0.0772159784054599
0.7,fTS,0.055541945589925
0.7,fTS,0.0786050571399274
0.7,fTS,0.0580375541712673
0.7,fTS,0.0661875384609642
0.7,fTS,0.0540482051240066
0.7,fTS,0.0480061526160229
0.7,fTS,0.0565622348357378
0.7,fTS,0.0915219017643533
0.7,fTS,0.047976404628558
0.7,fTS,0.0361337692501402
0.7,fTS,0.0384491389868039
0.7,fTS,0.0451690357802465
0.7,fTS,0.0325116629639668
0.7,fTS,0.0781485172735009
0.7,fTS,0.0517928013236973
0.7,fTS,0.048884126672312
0.7,fTS,0.0698777586890448
0.7,fTS,0.0628101248193303
0.7,fTS,0.044181623899205
0.7,fTS,0.0425611397103766
0.7,fTS,0.0496947331725509
0.7,fTS,0.0476417097901745
0.7,fTS,0.0541288721231254
0.7,fTS,0.0403950795459017
0.7,fTS,0.0409740564897967
0.7,fTS,0.0511999651280165
0.7,fTS,0.0387484776709523
0.7,fTS,0.102042925475162
0.7,fTS,0.063112365846802
0.7,fTS,0.0945850656411937
0.7,fTS,0.0396404313742209
0.7,fTS,0.0728103454182378
0.7,fTS,0.0561402415593498
0.7,fTS,0.0729469053880832
0.7,fTS,0.0466510330379067
0.7,fTS,0.036085856426759
0.7,fTS,0.0639801096024366
0.7,fTS,0.0734757754366706
0.7,fTS,0.0735787702282377
0.7,fTS,0.0414913223908585
0.7,fTS,0.0913201879477218
0.7,fTS,0.0537807086597293
0.7,fTS,0.0402912549178136
0.7,fTS,0.0907413126499948
0.7,fTS,0.0627309782844302
0.7,fTS,0.0714385458666057
0.7,fTS,0.047329832079035
0.7,fTS,0.036828462949203
0.7,fTS,0.0610180956356722
0.7,fTS,0.0538507280725891
0.7,fTS,0.0562801549087408
0.7,fTS,0.0274673537174178
0.7,fTS,0.058675498469505
0.7,fTS,0.0578944531456547
0.7,fTS,0.0729704241861694
0.7,fTS,0.0804931627382781
0.7,fTS,0.0646860156350627
0.7,fTS,0.0517687580639882
0.7,fTS,0.0279763033425361
0.7,fTS,0.0356479840424966
0.7,fTS,0.0392577340987513
0.7,fTS,0.0423491901200127
0.7,fTS,0.0561026889538733
0.7,fTS,0.0655241687861276
0.7,fTS,0.0459750844345509
0.7,fTS,0.0916411333719083
0.7,fTS,0.109207826109424
0.7,fTS,0.0498296416689309
0.7,fTS,0.0378385703548378
0.7,fTS,0.0513934809278308
0.7,fTS,0.0363898303773643
0.7,fTS,0.0845375999636704
0.7,fTS,0.0809531180909198
0.7,fTS,0.0267362403466109
0.7,fTS,0.0865237364586402
0.7,fTS,0.0784210001794756
0.7,fTS,0.0574432776381271
0.7,fTS,0.0692814712071766
0.7,fTS,0.0627970108768614
0.7,fTS,0.101499016205149
0.7,fTS,0.077953912544006
0.7,fTS,0.111160575754829
0.7,fTS,0.0879136520069827
0.7,fTS,0.0308808838779016
0.7,fTS,0.0571130506727458
0.7,fTS,0.0542596537257019
0.7,fTS,0.0930208380233077
0.7,fTS,0.11055459788419
0.7,fTS,0.0724434622683775
0.7,fTS,0.0529408128969032
0.7,fTS,0.0715338667291941
0.7,fTS,0.0713964431588403
0.7,fTS,0.0687417723348849
0.7,fTS,0.0466215145691741
0.7,fTS,0.135592474401388
0.7,fTS,0.0742703179900758
0.7,fTS,0.0549320679234047
0.7,fTS,0.0609499325881587
0.7,fTS,0.0736532260947123
0.7,fTS,0.0584238718209667
0.7,fTS,0.0294351142052073
0.7,fTS,0.0616498294173117
0.7,fTS,0.0587237956950267
0.7,fTS,0.119809820493677
0.7,fTS,0.0806114122656855
0.7,fTS,0.0893678317839547
0.7,fTS,0.0430612356414158
0.7,fTS,0.0927168875776923
0.7,fTS,0.0508395010237949
0.7,fTS,0.0431674465315724
0.7,fTS,0.0479487937060699
0.7,fTS,0.0763399938001238
0.7,fTS,0.107565886666289
0.7,fTS,0.0544865336759498
0.7,fTS,0.0571974560531011
0.7,fTS,0.0455280564226345
0.7,fTS,0.0551300035429482
0.7,fTS,0.0462898508505871
0.7,fTS,0.0807612513266763
0.7,fTS,0.0513533148399102
0.7,fTS,0.0548969859038235
0.7,fTS,0.0520057661298443
0.7,fTS,0.0745696234412409
0.7,fTS,0.0487208930692425
0.7,fTS,0.0801663347439618
0.7,fTS,0.0985593822597051
0.7,fTS,0.0380840310530705
0.7,fTS,0.0460440979415776
0.7,fTS,0.0414711558850168
0.7,fTS,0.0487422898444365
0.7,fTS,0.0477954136117874
0.7,fTS,0.0960609005542077
0.7,fTS,0.0536552795469376
0.7,fTS,0.0407883926922833
0.7,fTS,0.0880123936468507
0.7,fTS,0.0519383132279563
0.7,fTS,0.0358395044398335
0.7,fTS,0.071050985575507
0.7,fTS,0.0640177759036993
0.7,fTS,0.0560677565701367
0.7,fTS,0.0521163383169078
0.7,fTS,0.101327927137011
0.7,fTS,0.0476397861244784
0.7,fTS,0.0740639537270848
0.7,fTS,0.108858952034899
0.7,fTS,0.0826048332828722
0.7,fTS,0.0604234607160332
0.7,fTS,0.077149481372682
0.7,fTS,0.0663309949023416
0.7,fTS,0.0787133701279588
0.7,fTS,0.0496452187993751
0.7,fTS,0.0964847786780212
0.7,fTS,0.0434402657477627
0.7,fTS,0.0992694196425372
0.7,fTS,0.0456947500516506
0.7,fTS,0.0359528792871282
0.7,fTS,0.051744439155124
0.7,fTS,0.0384175840710491
0.7,fTS,0.0693925891144341
0.7,fTS,0.108696467906144
0.7,fTS,0.0464048059946167
0.7,fTS,0.0771840058957335
0.7,fTS,0.0793048543016294
0.7,fTS,0.0467613060060984
0.7,fTS,0.0947289918717928
0.7,fTS,0.0688043735418111
0.7,fTS,0.0778898354446721
0.7,fTS,0.0712779091505561
0.7,fTS,0.0781274659578537
0.7,fTS,0.0877435192016244
0.7,LS_oracle,0.0875676382970858
0.7,LS_oracle,0.0890387584848352
0.7,LS_oracle,0.0344761842218091
0.7,LS_oracle,0.0865975035970046
0.7,LS_oracle,0.0823493230777536
0.7,LS_oracle,0.0672895976588269
0.7,LS_oracle,0.121502093968141
0.7,LS_oracle,0.0542675870641717
0.7,LS_oracle,0.0532645825027337
0.7,LS_oracle,0.143873343891267
0.7,LS_oracle,0.0592009286217121
0.7,LS_oracle,0.0956990957533089
0.7,LS_oracle,0.0335347725245661
0.7,LS_oracle,0.101516580415483
0.7,LS_oracle,0.0397670721623229
0.7,LS_oracle,0.0917996494143142
0.7,LS_oracle,0.0774675175483308
0.7,LS_oracle,0.118072430479669
0.7,LS_oracle,0.069670467593419
0.7,LS_oracle,0.0484605089393827
0.7,LS_oracle,0.0811421577930413
0.7,LS_oracle,0.0497308959781632
0.7,LS_oracle,0.0502083327228134
0.7,LS_oracle,0.0826389001162489
0.7,LS_oracle,0.0953245465896366
0.7,LS_oracle,0.0766682841824646
0.7,LS_oracle,0.0728171911952157
0.7,LS_oracle,0.0604379873330789
0.7,LS_oracle,0.0963795792567783
0.7,LS_oracle,0.0795999276692518
0.7,LS_oracle,0.0621129565161457
0.7,LS_oracle,0.120456134080855
0.7,LS_oracle,0.0913382139746572
0.7,LS_oracle,0.0827472983405841
0.7,LS_oracle,0.0568259688912807
0.7,LS_oracle,0.0433857539628503
0.7,LS_oracle,0.0750665960711364
0.7,LS_oracle,0.122611615061626
0.7,LS_oracle,0.0765843402705745
0.7,LS_oracle,0.0367389570869813
0.7,LS_oracle,0.0410130152788095
0.7,LS_oracle,0.0368090813078557
0.7,LS_oracle,0.0475150580819782
0.7,LS_oracle,0.156817389469935
0.7,LS_oracle,0.0551816982450327
0.7,LS_oracle,0.0495390656494184
0.7,LS_oracle,0.0568364704242023
0.7,LS_oracle,0.0984952342966697
0.7,LS_oracle,0.0524225046614538
0.7,LS_oracle,0.0392772328778582
0.7,LS_oracle,0.042336695335943
0.7,LS_oracle,0.0706772337588888
0.7,LS_oracle,0.0837144803423816
0.7,LS_oracle,0.052124640895014
0.7,LS_oracle,0.0704990430060783
0.7,LS_oracle,0.0613361424519421
0.7,LS_oracle,0.0384133656039066
0.7,LS_oracle,0.109677721684518
0.7,LS_oracle,0.0813544707342554
0.7,LS_oracle,0.084073525302898
0.7,LS_oracle,0.0383448664439298
0.7,LS_oracle,0.0686647565122082
0.7,LS_oracle,0.0827552371673536
0.7,LS_oracle,0.0683136100866625
0.7,LS_oracle,0.0498866254740519
0.7,LS_oracle,0.0701426461794723
0.7,LS_oracle,0.0892074068244815
0.7,LS_oracle,0.104711414324589
0.7,LS_oracle,0.0659550567017864
0.7,LS_oracle,0.0389316992254422
0.7,LS_oracle,0.112570874261762
0.7,LS_oracle,0.0643825982594661
0.7,LS_oracle,0.0493573085452716
0.7,LS_oracle,0.0949342904926836
0.7,LS_oracle,0.0645575411516311
0.7,LS_oracle,0.0930217478474473
0.7,LS_oracle,0.0859063432930124
0.7,LS_oracle,0.0492042974305759
0.7,LS_oracle,0.0558390243255615
0.7,LS_oracle,0.0691050312319892
0.7,LS_oracle,0.0450877728595748
0.7,LS_oracle,0.0321031997922079
0.7,LS_oracle,0.056901400383751
0.7,LS_oracle,0.0854673404203255
0.7,LS_oracle,0.0927608170235832
0.7,LS_oracle,0.0823681034423519
0.7,LS_oracle,0.0686885475870637
0.7,LS_oracle,0.0474296185472118
0.7,LS_oracle,0.0420004872230003
0.7,LS_oracle,0.0437236610946201
0.7,LS_oracle,0.0454062298576114
0.7,LS_oracle,0.0626346555478637
0.7,LS_oracle,0.0711055587269011
0.7,LS_oracle,0.0852130863633075
0.7,LS_oracle,0.0807427711305403
0.7,LS_oracle,0.0886059698415093
0.7,LS_oracle,0.0989257961191178
0.7,LS_oracle,0.0557254827750911
0.7,LS_oracle,0.0421145916274809
0.7,LS_oracle,0.0700125334110274
0.7,LS_oracle,0.0558778271208451
0.7,LS_oracle,0.0912044807216053
0.7,LS_oracle,0.0873534791121606
0.7,LS_oracle,0.0308113760282637
0.7,LS_oracle,0.0789500438249593
0.7,LS_oracle,0.0605515026661845
0.7,LS_oracle,0.0703037192615741
0.7,LS_oracle,0.0724942225872956
0.7,LS_oracle,0.129985383473157
0.7,LS_oracle,0.0708066613752031
0.7,LS_oracle,0.101367709247962
0.7,LS_oracle,0.10729926762112
0.7,LS_oracle,0.12616467508517
0.7,LS_oracle,0.038092736898693
0.7,LS_oracle,0.0523107387508829
0.7,LS_oracle,0.0602691623156948
0.7,LS_oracle,0.124737512654586
0.7,LS_oracle,0.0959055385988954
0.7,LS_oracle,0.0699591281787521
0.7,LS_oracle,0.0627723219634483
0.7,LS_oracle,0.116321221579518
0.7,LS_oracle,0.0841028786746344
0.7,LS_oracle,0.0709993950774929
0.7,LS_oracle,0.0640973753896837
0.7,LS_oracle,0.135284104327841
0.7,LS_oracle,0.0953573528179092
0.7,LS_oracle,0.0488026515349401
0.7,LS_oracle,0.0664560789800763
0.7,LS_oracle,0.067951486764098
0.7,LS_oracle,0.131321062274457
0.7,LS_oracle,0.0431164530316475
0.7,LS_oracle,0.0675749699201785
0.7,LS_oracle,0.0773853347644532
0.7,LS_oracle,0.126566164786249
0.7,LS_oracle,0.0834564214765535
0.7,LS_oracle,0.0765442510124987
0.7,LS_oracle,0.0473808786820644
0.7,LS_oracle,0.136704738078489
0.7,LS_oracle,0.0554109160942262
0.7,LS_oracle,0.0509861719225995
0.7,LS_oracle,0.0528343815893761
0.7,LS_oracle,0.0680959905477616
0.7,LS_oracle,0.134697857754648
0.7,LS_oracle,0.0568884643727371
0.7,LS_oracle,0.0593634848471935
0.7,LS_oracle,0.0639391514384617
0.7,LS_oracle,0.0365863893140024
0.7,LS_oracle,0.0564554427035801
0.7,LS_oracle,0.100119618222751
0.7,LS_oracle,0.0535123309112869
0.7,LS_oracle,0.0421854827323845
0.7,LS_oracle,0.063035332357187
0.7,LS_oracle,0.0835327303072399
0.7,LS_oracle,0.0603775025303063
0.7,LS_oracle,0.0874238788267825
0.7,LS_oracle,0.190540135690524
0.7,LS_oracle,0.086767776108068
0.7,LS_oracle,0.0458670291352192
0.7,LS_oracle,0.0472788199619191
0.7,LS_oracle,0.0365518941526592
0.7,LS_oracle,0.0627639749363612
0.7,LS_oracle,0.145208690374858
0.7,LS_oracle,0.0532498981837782
0.7,LS_oracle,0.0486038169166012
0.7,LS_oracle,0.0953181174542697
0.7,LS_oracle,0.058539223929579
0.7,LS_oracle,0.0630875529194401
0.7,LS_oracle,0.0718048118812875
0.7,LS_oracle,0.0575325734169295
0.7,LS_oracle,0.0559352114154499
0.7,LS_oracle,0.0519277796115426
0.7,LS_oracle,0.0992190860459055
0.7,LS_oracle,0.06342452339441
0.7,LS_oracle,0.101708103822223
0.7,LS_oracle,0.0990023066472338
0.7,LS_oracle,0.0872075964152638
0.7,LS_oracle,0.102551491812968
0.7,LS_oracle,0.111278992219719
0.7,LS_oracle,0.0764544813249562
0.7,LS_oracle,0.0637289850019697
0.7,LS_oracle,0.0945717810795465
0.7,LS_oracle,0.135014380149367
0.7,LS_oracle,0.0583317354833182
0.7,LS_oracle,0.100262838621977
0.7,LS_oracle,0.0749925780089329
0.7,LS_oracle,0.0505845107433229
0.7,LS_oracle,0.0766959544197563
0.7,LS_oracle,0.046397492217375
0.7,LS_oracle,0.0921932268922183
0.7,LS_oracle,0.128800973442915
0.7,LS_oracle,0.0593023068493373
0.7,LS_oracle,0.0980700405238218
0.7,LS_oracle,0.0725596145487257
0.7,LS_oracle,0.0525420758875453
0.7,LS_oracle,0.149623107408328
0.7,LS_oracle,0.0663327556205019
0.7,LS_oracle,0.0830600770253838
0.7,LS_oracle,0.0762532610063853
0.7,LS_oracle,0.113019676802447
0.7,LS_oracle,0.0687237955451826
0.7,TS_oracle,0.0669414447617124
0.7,TS_oracle,0.106212019481453
0.7,TS_oracle,0.0457992549449426
0.7,TS_oracle,0.0749322452580439
0.7,TS_oracle,0.0736707821600738
0.7,TS_oracle,0.0420901351270666
0.7,TS_oracle,0.119043240537988
0.7,TS_oracle,0.0629284295430579
0.7,TS_oracle,0.0681267850594051
0.7,TS_oracle,0.135098617276194
0.7,TS_oracle,0.0879371516020818
0.7,TS_oracle,0.130628441879386
0.7,TS_oracle,0.0388478800522989
0.7,TS_oracle,0.0884529338278121
0.7,TS_oracle,0.0413965824403049
0.7,TS_oracle,0.0699134286092131
0.7,TS_oracle,0.0848135402974174
0.7,TS_oracle,0.101949214940255
0.7,TS_oracle,0.0682804590571322
0.7,TS_oracle,0.0622913372637953
0.7,TS_oracle,0.0620714762362589
0.7,TS_oracle,0.0453482991469159
0.7,TS_oracle,0.0500867948410072
0.7,TS_oracle,0.0654546625920912
0.7,TS_oracle,0.0823162416302184
0.7,TS_oracle,0.0935493260351546
0.7,TS_oracle,0.0716694124996207
0.7,TS_oracle,0.0504108770790452
0.7,TS_oracle,0.0728606300807545
0.7,TS_oracle,0.0772678323687991
0.7,TS_oracle,0.0555126607282216
0.7,TS_oracle,0.0779408850268576
0.7,TS_oracle,0.0574255798117368
0.7,TS_oracle,0.0672781276620268
0.7,TS_oracle,0.0540443556170564
0.7,TS_oracle,0.0479412930022273
0.7,TS_oracle,0.0570740245247146
0.7,TS_oracle,0.0914742894205842
0.7,TS_oracle,0.0479570549157555
0.7,TS_oracle,0.0361413518013609
0.7,TS_oracle,0.038409562279271
0.7,TS_oracle,0.0451776010781103
0.7,TS_oracle,0.0325112268128215
0.7,TS_oracle,0.0782401191539371
0.7,TS_oracle,0.0516549449267174
0.7,TS_oracle,0.0489704161082421
0.7,TS_oracle,0.0701838041497201
0.7,TS_oracle,0.0628011523901274
0.7,TS_oracle,0.0443008439183962
0.7,TS_oracle,0.0423954948721519
0.7,TS_oracle,0.0491564653967485
0.7,TS_oracle,0.0476572706683908
0.7,TS_oracle,0.0541289090337583
0.7,TS_oracle,0.0403973449396696
0.7,TS_oracle,0.0410047452092707
0.7,TS_oracle,0.051337278492894
0.7,TS_oracle,0.0388098697124883
0.7,TS_oracle,0.102041776451252
0.7,TS_oracle,0.0631212892658225
0.7,TS_oracle,0.0947847938066428
0.7,TS_oracle,0.0396797594878357
0.7,TS_oracle,0.0728468277064681
0.7,TS_oracle,0.0562586358761227
0.7,TS_oracle,0.0741804407151658
0.7,TS_oracle,0.0466332644949926
0.7,TS_oracle,0.0361199555706751
0.7,TS_oracle,0.0643484568504265
0.7,TS_oracle,0.0734907836334578
0.7,TS_oracle,0.0749344471077884
0.7,TS_oracle,0.0414150536085662
0.7,TS_oracle,0.0912854972798015
0.7,TS_oracle,0.0539377959454632
0.7,TS_oracle,0.0405796378771394
0.7,TS_oracle,0.0907371471499043
0.7,TS_oracle,0.0629133117203491
0.7,TS_oracle,0.0713127112559298
0.7,TS_oracle,0.0473404873411766
0.7,TS_oracle,0.0368440922143977
0.7,TS_oracle,0.0614717545373597
0.7,TS_oracle,0.0538821937345352
0.7,TS_oracle,0.0562357701366352
0.7,TS_oracle,0.027468547426933
0.7,TS_oracle,0.0586646298298776
0.7,TS_oracle,0.058173782525657
0.7,TS_oracle,0.072511970294506
0.7,TS_oracle,0.08063844477807
0.7,TS_oracle,0.0646319430235921
0.7,TS_oracle,0.0517662535270374
0.7,TS_oracle,0.0279658483767098
0.7,TS_oracle,0.0356988494923389
0.7,TS_oracle,0.0392440511089595
0.7,TS_oracle,0.0424524048866433
0.7,TS_oracle,0.0561267607099135
0.7,TS_oracle,0.065524284721691
0.7,TS_oracle,0.0459395059607633
0.7,TS_oracle,0.0916181586596809
0.7,TS_oracle,0.109221909489577
0.7,TS_oracle,0.050523461814239
0.7,TS_oracle,0.0378250382965824
0.7,TS_oracle,0.0514082772579788
0.7,TS_oracle,0.0364075153491311
0.7,TS_oracle,0.0847891301868874
0.7,TS_oracle,0.0809504041121003
0.7,TS_oracle,0.0268065048744435
0.7,TS_oracle,0.0889462975786879
0.7,TS_oracle,0.0784370763032857
0.7,TS_oracle,0.0574553444252258
0.7,TS_oracle,0.0690783648410096
0.7,TS_oracle,0.0628944070294924
0.7,TS_oracle,0.100928196925724
0.7,TS_oracle,0.077994678529811
0.7,TS_oracle,0.111171270466403
0.7,TS_oracle,0.0879078745916967
0.7,TS_oracle,0.0309186379074994
0.7,TS_oracle,0.0571045011796646
0.7,TS_oracle,0.0542698738352267
0.7,TS_oracle,0.0926382535914103
0.7,TS_oracle,0.111137536619877
0.7,TS_oracle,0.0724461692588287
0.7,TS_oracle,0.0538510414687219
0.7,TS_oracle,0.0713928303370945
0.7,TS_oracle,0.0714487794842964
0.7,TS_oracle,0.0687367049147613
0.7,TS_oracle,0.0466364395403745
0.7,TS_oracle,0.135578235630502
0.7,TS_oracle,0.0745186868423717
0.7,TS_oracle,0.0553389141161264
0.7,TS_oracle,0.060959760242785
0.7,TS_oracle,0.0736171535404878
0.7,TS_oracle,0.0584411701585383
0.7,TS_oracle,0.0294361453599785
0.7,TS_oracle,0.0616468197125155
0.7,TS_oracle,0.0586721532045971
0.7,TS_oracle,0.119909204142521
0.7,TS_oracle,0.0806557585100976
0.7,TS_oracle,0.0895107257698833
0.7,TS_oracle,0.0430413107750615
0.7,TS_oracle,0.0926263014912188
0.7,TS_oracle,0.0508406403813585
0.7,TS_oracle,0.0430509613673296
0.7,TS_oracle,0.0479023805703893
0.7,TS_oracle,0.0763294641875901
0.7,TS_oracle,0.107698166449339
0.7,TS_oracle,0.0543306477461298
0.7,TS_oracle,0.0571684349933359
0.7,TS_oracle,0.0454265582851923
0.7,TS_oracle,0.0550530273298173
0.7,TS_oracle,0.0463053078379838
0.7,TS_oracle,0.0809400884965918
0.7,TS_oracle,0.0513933036057627
0.7,TS_oracle,0.0543848542577154
0.7,TS_oracle,0.052008346585978
0.7,TS_oracle,0.0745530646987137
0.7,TS_oracle,0.0487278268463352
0.7,TS_oracle,0.0803367626364843
0.7,TS_oracle,0.0993947376928938
0.7,TS_oracle,0.0380426474844003
0.7,TS_oracle,0.0460639680115162
0.7,TS_oracle,0.0414462204037908
0.7,TS_oracle,0.0487596074831594
0.7,TS_oracle,0.0478156920013302
0.7,TS_oracle,0.0962909657761434
0.7,TS_oracle,0.0536554432172183
0.7,TS_oracle,0.0407811653765334
0.7,TS_oracle,0.0879752380587869
0.7,TS_oracle,0.0518280937326675
0.7,TS_oracle,0.0358597903399638
0.7,TS_oracle,0.0711731749400133
0.7,TS_oracle,0.0639865526503302
0.7,TS_oracle,0.0560726532656605
0.7,TS_oracle,0.0521226528544343
0.7,TS_oracle,0.101423691845002
0.7,TS_oracle,0.0487012160663219
0.7,TS_oracle,0.0741482664200681
0.7,TS_oracle,0.108863658971912
0.7,TS_oracle,0.0818980699603903
0.7,TS_oracle,0.0604478755258787
0.7,TS_oracle,0.0770741584090443
0.7,TS_oracle,0.0664651395720103
0.7,TS_oracle,0.0782919999892407
0.7,TS_oracle,0.0496496525387711
0.7,TS_oracle,0.096557267314765
0.7,TS_oracle,0.04285408952271
0.7,TS_oracle,0.0992720191399305
0.7,TS_oracle,0.0457225762989978
0.7,TS_oracle,0.0360097526195069
0.7,TS_oracle,0.051967576645151
0.7,TS_oracle,0.0384245724506698
0.7,TS_oracle,0.0688798075867398
0.7,TS_oracle,0.109240910688173
0.7,TS_oracle,0.0459239617049626
0.7,TS_oracle,0.0771735078617778
0.7,TS_oracle,0.0799862843022526
0.7,TS_oracle,0.0467500229987022
0.7,TS_oracle,0.0944479662438152
0.7,TS_oracle,0.068723449294694
0.7,TS_oracle,0.0777872207428234
0.7,TS_oracle,0.0712776254077927
0.7,TS_oracle,0.0781825201373615
0.7,TS_oracle,0.087502211354328
0.8,PLS,0.105715788188089
0.8,PLS,0.0656075877536128
0.8,PLS,0.0982757374584775
0.8,PLS,0.0447814431479623
0.8,PLS,0.0414502557761701
0.8,PLS,0.094965134951951
0.8,PLS,0.0660470104066623
0.8,PLS,0.0647310617669708
0.8,PLS,0.0607433849044294
0.8,PLS,0.117325451853586
0.8,PLS,0.0979632403810779
0.8,PLS,0.0530043950107089
0.8,PLS,0.0448498849301359
0.8,PLS,0.0313473976962498
0.8,PLS,0.0818364789721929
0.8,PLS,0.0468041315493787
0.8,PLS,0.0285369015699276
0.8,PLS,0.102198139934694
0.8,PLS,0.0556262615941029
0.8,PLS,0.0526117865577393
0.8,PLS,0.054829010055815
0.8,PLS,0.0826106044315757
0.8,PLS,0.0587829270457099
0.8,PLS,0.0561359215450092
0.8,PLS,0.0802252852338356
0.8,PLS,0.0791168233555496
0.8,PLS,0.108976291950127
0.8,PLS,0.0710173526009123
0.8,PLS,0.185194565476421
0.8,PLS,0.0592045851610343
0.8,PLS,0.0515222624809349
0.8,PLS,0.0603575141404556
0.8,PLS,0.0642007887117311
0.8,PLS,0.0412767097520852
0.8,PLS,0.0675925871790433
0.8,PLS,0.034129203989459
0.8,PLS,0.049544592693613
0.8,PLS,0.0873622105504955
0.8,PLS,0.0518490536692309
0.8,PLS,0.059706210162985
0.8,PLS,0.0953510238089822
0.8,PLS,0.0417761471051624
0.8,PLS,0.0453831400380131
0.8,PLS,0.053703630902502
0.8,PLS,0.0775076624237168
0.8,PLS,0.077046577694946
0.8,PLS,0.0360894959769443
0.8,PLS,0.112439246023797
0.8,PLS,0.0438327557193289
0.8,PLS,0.142510495351806
0.8,PLS,0.0726340612774217
0.8,PLS,0.0441962015726443
0.8,PLS,0.0341717674238912
0.8,PLS,0.0633240629604468
0.8,PLS,0.0935426106402717
0.8,PLS,0.120486532095579
0.8,PLS,0.0676719750061249
0.8,PLS,0.0666130581872288
0.8,PLS,0.024707253495976
0.8,PLS,0.0712537841561212
0.8,PLS,0.070548958491053
0.8,PLS,0.0927731996210922
0.8,PLS,0.0608012227606029
0.8,PLS,0.0784838993684756
0.8,PLS,0.0241725520686762
0.8,PLS,0.0743568848634844
0.8,PLS,0.0626612615942721
0.8,PLS,0.044440532350725
0.8,PLS,0.0927662568884779
0.8,PLS,0.0572084598417553
0.8,PLS,0.0566433053326432
0.8,PLS,0.0549837383877714
0.8,PLS,0.105264547187578
0.8,PLS,0.115163246736125
0.8,PLS,0.0676880141749411
0.8,PLS,0.0670969888908126
0.8,PLS,0.0724170254369851
0.8,PLS,0.0992169607147723
0.8,PLS,0.0698103822492983
0.8,PLS,0.0766799476399177
0.8,PLS,0.0586818729288275
0.8,PLS,0.0529840468562161
0.8,PLS,0.064314096024306
0.8,PLS,0.0803147102389366
0.8,PLS,0.0465317083445198
0.8,PLS,0.0891473928876179
0.8,PLS,0.0465411897194605
0.8,PLS,0.0670721205159813
0.8,PLS,0.0642745444491274
0.8,PLS,0.0791952160709911
0.8,PLS,0.0715196444894213
0.8,PLS,0.057668642963437
0.8,PLS,0.178704238162424
0.8,PLS,0.067129716140482
0.8,PLS,0.0889977317732158
0.8,PLS,0.0366016879899991
0.8,PLS,0.0395038540285044
0.8,PLS,0.0794559348306942
0.8,PLS,0.0411613600303887
0.8,PLS,0.0883416777104345
0.8,PLS,0.0779231181430398
0.8,PLS,0.0934248298630528
0.8,PLS,0.0681500583229218
0.8,PLS,0.100193304434421
0.8,PLS,0.0701460443883973
0.8,PLS,0.0504290427819175
0.8,PLS,0.0960855829300809
0.8,PLS,0.0830092115837988
0.8,PLS,0.0691982340263656
0.8,PLS,0.0293451081092329
0.8,PLS,0.0710526091085377
0.8,PLS,0.0551011400418947
0.8,PLS,0.160729769223522
0.8,PLS,0.0760902586354055
0.8,PLS,0.0744066049846789
0.8,PLS,0.0971390391112497
0.8,PLS,0.0841435467140292
0.8,PLS,0.0458382830829373
0.8,PLS,0.0825191031384673
0.8,PLS,0.0824836284993936
0.8,PLS,0.0589270214236966
0.8,PLS,0.0523359569487303
0.8,PLS,0.0730252314861091
0.8,PLS,0.0630473578343832
0.8,PLS,0.0419174595460434
0.8,PLS,0.0800604301606916
0.8,PLS,0.0410548418600615
0.8,PLS,0.0578948300879185
0.8,PLS,0.120990757372604
0.8,PLS,0.0714250594507121
0.8,PLS,0.072993085301618
0.8,PLS,0.0470076407333913
0.8,PLS,0.0414227912047221
0.8,PLS,0.137566422837308
0.8,PLS,0.133137367921061
0.8,PLS,0.0697794223078358
0.8,PLS,0.0433091770995273
0.8,PLS,0.0880968875821868
0.8,PLS,0.0775994571984223
0.8,PLS,0.0695328494697741
0.8,PLS,0.0928008127733252
0.8,PLS,0.119312857700668
0.8,PLS,0.0819755048015813
0.8,PLS,0.211938307628785
0.8,PLS,0.0653006561536459
0.8,PLS,0.0925645181172195
0.8,PLS,0.077324579300987
0.8,PLS,0.0668185617632343
0.8,PLS,0.10112879420221
0.8,PLS,0.0994339297388988
0.8,PLS,0.0640526601026821
0.8,PLS,0.0871157936783273
0.8,PLS,0.0368440153288939
0.8,PLS,0.068856771738691
0.8,PLS,0.0560321549761748
0.8,PLS,0.101484341714927
0.8,PLS,0.06338184196659
0.8,PLS,0.0512145361470731
0.8,PLS,0.146799729362449
0.8,PLS,0.110119284935664
0.8,PLS,0.100211655574591
0.8,PLS,0.0449611632157751
0.8,PLS,0.158027363667569
0.8,PLS,0.0682952988696058
0.8,PLS,0.0634963335940069
0.8,PLS,0.0378250755070205
0.8,PLS,0.119959046354611
0.8,PLS,0.0390109590615513
0.8,PLS,0.131304162187432
0.8,PLS,0.0738028060549902
0.8,PLS,0.0476690382634635
0.8,PLS,0.0723491395810407
0.8,PLS,0.0361818953471452
0.8,PLS,0.0674092491369458
0.8,PLS,0.106934865812177
0.8,PLS,0.0971449362456378
0.8,PLS,0.0579229802756427
0.8,PLS,0.0282480612370421
0.8,PLS,0.0859184083029126
0.8,PLS,0.0446052946858371
0.8,PLS,0.0560627495377906
0.8,PLS,0.0634415521175739
0.8,PLS,0.0703361267550375
0.8,PLS,0.0615007035480917
0.8,PLS,0.0491450187456577
0.8,PLS,0.105701334208448
0.8,PLS,0.0742111151327884
0.8,PLS,0.174012439957366
0.8,PLS,0.108383662084348
0.8,PLS,0.0580643026381283
0.8,PLS,0.115841038893157
0.8,PLS,0.0609991828699741
0.8,PLS,0.0912232707885696
0.8,PLS,0.0443218118513242
0.8,PLS,0.0559181112275853
0.8,PLS,0.0532333671801782
0.8,PLS,0.100782043990292
0.8,PLS,0.0432715166486051
0.8,PLS,0.043241189614109
0.8,PLS,0.0440415015483338
0.8,fTS,0.0932876589278908
0.8,fTS,0.0809047777740089
0.8,fTS,0.0544413043336644
0.8,fTS,0.057922734990739
0.8,fTS,0.027460652199059
0.8,fTS,0.105704075455671
0.8,fTS,0.0775216232888873
0.8,fTS,0.0565256595837279
0.8,fTS,0.0453735861353117
0.8,fTS,0.0806598490548288
0.8,fTS,0.0610661739464539
0.8,fTS,0.0854908696830395
0.8,fTS,0.0501375379113056
0.8,fTS,0.0543299123911306
0.8,fTS,0.0462402296877092
0.8,fTS,0.0596107724768471
0.8,fTS,0.0349340013530657
0.8,fTS,0.0766279992264654
0.8,fTS,0.0663325769842089
0.8,fTS,0.0882785943169406
0.8,fTS,0.0658671274600765
0.8,fTS,0.044663655842885
0.8,fTS,0.05899715623282
0.8,fTS,0.0629962278764643
0.8,fTS,0.07130935534108
0.8,fTS,0.0442482422553492
0.8,fTS,0.122738361072066
0.8,fTS,0.0804599633271087
0.8,fTS,0.144718537797266
0.8,fTS,0.0572036220069406
0.8,fTS,0.0518194803577898
0.8,fTS,0.0506855559302944
0.8,fTS,0.0530863671114009
0.8,fTS,0.0657235182792542
0.8,fTS,0.0800080361960866
0.8,fTS,0.0244498065150098
0.8,fTS,0.0581021536316898
0.8,fTS,0.0812683643612155
0.8,fTS,0.0474908683820509
0.8,fTS,0.0334700752364634
0.8,fTS,0.0957211473870747
0.8,fTS,0.040368320226314
0.8,fTS,0.0464341216213277
0.8,fTS,0.0659418762628627
0.8,fTS,0.0589441027433931
0.8,fTS,0.0668809462507106
0.8,fTS,0.0136535139938087
0.8,fTS,0.110035749095516
0.8,fTS,0.0627659253408428
0.8,fTS,0.0656318396565054
0.8,fTS,0.0754743065339743
0.8,fTS,0.042654842158349
0.8,fTS,0.0421882482079175
0.8,fTS,0.0672773194743988
0.8,fTS,0.0593590698826648
0.8,fTS,0.100453293111877
0.8,fTS,0.0593568425270169
0.8,fTS,0.0872940746424811
0.8,fTS,0.0457458743722285
0.8,fTS,0.0438577112440688
0.8,fTS,0.0529927289820848
0.8,fTS,0.0787155080353124
0.8,fTS,0.0343499391454635
0.8,fTS,0.0462542136617838
0.8,fTS,0.0215474483931487
0.8,fTS,0.0579550740168961
0.8,fTS,0.0495884853971747
0.8,fTS,0.0368093643592541
0.8,fTS,0.0630353103401962
0.8,fTS,0.0414317403164383
0.8,fTS,0.0417452632289404
0.8,fTS,0.0577606529723041
0.8,fTS,0.0764688440181067
0.8,fTS,0.0631899565810045
0.8,fTS,0.0506141788772365
0.8,fTS,0.077136433874827
0.8,fTS,0.0417399033849683
0.8,fTS,0.0924154916904407
0.8,fTS,0.0803838654487895
0.8,fTS,0.056465653833795
0.8,fTS,0.0459580472158929
0.8,fTS,0.0645262737444836
0.8,fTS,0.0631598731817816
0.8,fTS,0.0692735326242758
0.8,fTS,0.0439718482550162
0.8,fTS,0.0380064926306768
0.8,fTS,0.0499823118925788
0.8,fTS,0.0705239556221343
0.8,fTS,0.0545705385338068
0.8,fTS,0.0588218263424196
0.8,fTS,0.0607404632129618
0.8,fTS,0.043249304609591
0.8,fTS,0.108034829272315
0.8,fTS,0.0648498949414575
0.8,fTS,0.0642225186625012
0.8,fTS,0.0464241646973382
0.8,fTS,0.0387401706640174
0.8,fTS,0.0493496341355102
0.8,fTS,0.0423215676748
0.8,fTS,0.0812941400637645
0.8,fTS,0.0698014623552109
0.8,fTS,0.0757546393582202
0.8,fTS,0.0555793107436653
0.8,fTS,0.0880416635582684
0.8,fTS,0.0651706722273732
0.8,fTS,0.0546507263395067
0.8,fTS,0.0419546099949479
0.8,fTS,0.0736503596596954
0.8,fTS,0.0738224870170591
0.8,fTS,0.0296538403214296
0.8,fTS,0.0616999238021738
0.8,fTS,0.0633624594482467
0.8,fTS,0.124656437971793
0.8,fTS,0.0410675070570259
0.8,fTS,0.0598158555832481
0.8,fTS,0.0914726603509702
0.8,fTS,0.0934646264946926
0.8,fTS,0.0441182384917185
0.8,fTS,0.0797168929170487
0.8,fTS,0.0743268983195973
0.8,fTS,0.0467314748093022
0.8,fTS,0.0465764336461691
0.8,fTS,0.0471880538663393
0.8,fTS,0.0804359612756887
0.8,fTS,0.0408472335657794
0.8,fTS,0.0689064329963204
0.8,fTS,0.0471490741960498
0.8,fTS,0.032195666908267
0.8,fTS,0.0788683593012038
0.8,fTS,0.04993694522533
0.8,fTS,0.0791482886901102
0.8,fTS,0.0369391443246828
0.8,fTS,0.0406870139413014
0.8,fTS,0.0998444354631295
0.8,fTS,0.090781419281952
0.8,fTS,0.0553187605444175
0.8,fTS,0.0324524403209482
0.8,fTS,0.0654976368686503
0.8,fTS,0.0799018482780757
0.8,fTS,0.0444625515969678
0.8,fTS,0.0735410393757321
0.8,fTS,0.0686879795196854
0.8,fTS,0.0717254872924253
0.8,fTS,0.117404442977738
0.8,fTS,0.0515214298165657
0.8,fTS,0.0719657810988941
0.8,fTS,0.0825812784063953
0.8,fTS,0.0438834218794085
0.8,fTS,0.079608720694587
0.8,fTS,0.066671149833309
0.8,fTS,0.0714954337269303
0.8,fTS,0.0635753651406738
0.8,fTS,0.043855600261358
0.8,fTS,0.0448674887883769
0.8,fTS,0.055202227569136
0.8,fTS,0.0672889014649971
0.8,fTS,0.0410582534002709
0.8,fTS,0.0488682871557298
0.8,fTS,0.117276125332021
0.8,fTS,0.0682212172676866
0.8,fTS,0.0765880108137038
0.8,fTS,0.0544146864300198
0.8,fTS,0.120544231182856
0.8,fTS,0.0713047860420831
0.8,fTS,0.0515356854553352
0.8,fTS,0.0289201341875143
0.8,fTS,0.107196407306954
0.8,fTS,0.0499200953303962
0.8,fTS,0.0683540511445783
0.8,fTS,0.0677144886160633
0.8,fTS,0.0540239628697853
0.8,fTS,0.0776093170010139
0.8,fTS,0.0366316910467721
0.8,fTS,0.0580135444091791
0.8,fTS,0.0903598116207882
0.8,fTS,0.0637557179111063
0.8,fTS,0.0596749391256419
0.8,fTS,0.0280770856107249
0.8,fTS,0.0803253212810492
0.8,fTS,0.043169864620048
0.8,fTS,0.058337530094367
0.8,fTS,0.0468132969750958
0.8,fTS,0.0276558848449696
0.8,fTS,0.0576852273032423
0.8,fTS,0.0422132930551705
0.8,fTS,0.0596689967289982
0.8,fTS,0.0616279161976214
0.8,fTS,0.0947110976970879
0.8,fTS,0.0680451760350464
0.8,fTS,0.0574577968998332
0.8,fTS,0.0635062491915982
0.8,fTS,0.0804417138822664
0.8,fTS,0.0757025789833373
0.8,fTS,0.0691118352995217
0.8,fTS,0.0570908709410752
0.8,fTS,0.0294679951704744
0.8,fTS,0.0622310679957758
0.8,fTS,0.0260409809083946
0.8,fTS,0.0485020464132139
0.8,fTS,0.041957839792104
0.8,LS_oracle,0.105684528520285
0.8,LS_oracle,0.0655432061382433
0.8,LS_oracle,0.098060682947589
0.8,LS_oracle,0.0449264285499886
0.8,LS_oracle,0.0414254173526035
0.8,LS_oracle,0.0953404761625464
0.8,LS_oracle,0.0662949153897019
0.8,LS_oracle,0.0648558997381014
0.8,LS_oracle,0.060317025087648
0.8,LS_oracle,0.117435146714784
0.8,LS_oracle,0.098738096916245
0.8,LS_oracle,0.0530143361499751
0.8,LS_oracle,0.0448715748815362
0.8,LS_oracle,0.0313194724001812
0.8,LS_oracle,0.0819294988996576
0.8,LS_oracle,0.046779473099208
0.8,LS_oracle,0.0287445700592879
0.8,LS_oracle,0.102214333765214
0.8,LS_oracle,0.0557980476441998
0.8,LS_oracle,0.0526214719833173
0.8,LS_oracle,0.0548914915300757
0.8,LS_oracle,0.081927995297926
0.8,LS_oracle,0.058951896354777
0.8,LS_oracle,0.0564848211325098
0.8,LS_oracle,0.0800513766761862
0.8,LS_oracle,0.0790777116172225
0.8,LS_oracle,0.109050167706021
0.8,LS_oracle,0.0709514959571457
0.8,LS_oracle,0.185369102953817
0.8,LS_oracle,0.0590670011449748
0.8,LS_oracle,0.0518195124699216
0.8,LS_oracle,0.0601086459282398
0.8,LS_oracle,0.0640197917134291
0.8,LS_oracle,0.0415678025511556
0.8,LS_oracle,0.0675962577560422
0.8,LS_oracle,0.0343073792602006
0.8,LS_oracle,0.0496248861606825
0.8,LS_oracle,0.0877204792221627
0.8,LS_oracle,0.0518556720351736
0.8,LS_oracle,0.0594893908603181
0.8,LS_oracle,0.0951522632702886
0.8,LS_oracle,0.0417153596491026
0.8,LS_oracle,0.0452014257643465
0.8,LS_oracle,0.0539518263557535
0.8,LS_oracle,0.0747896042400056
0.8,LS_oracle,0.0771301602765778
0.8,LS_oracle,0.0362869665904122
0.8,LS_oracle,0.107115013398724
0.8,LS_oracle,0.0439130621702093
0.8,LS_oracle,0.142338032531209
0.8,LS_oracle,0.0727503735831151
0.8,LS_oracle,0.0443783355952967
0.8,LS_oracle,0.0343012991052052
0.8,LS_oracle,0.0634657193482736
0.8,LS_oracle,0.0935468906149547
0.8,LS_oracle,0.121976155491668
0.8,LS_oracle,0.0666501293029097
0.8,LS_oracle,0.0665817938256324
0.8,LS_oracle,0.0247208174013503
0.8,LS_oracle,0.0715902883593608
0.8,LS_oracle,0.0705686109152448
0.8,LS_oracle,0.093295975530083
0.8,LS_oracle,0.0610579657972088
0.8,LS_oracle,0.0785637881191917
0.8,LS_oracle,0.0241013352339919
0.8,LS_oracle,0.0744064151191695
0.8,LS_oracle,0.0626723357383657
0.8,LS_oracle,0.0438939397181398
0.8,LS_oracle,0.0927156417898451
0.8,LS_oracle,0.0573456084120949
0.8,LS_oracle,0.0566534152238586
0.8,LS_oracle,0.0547624076820828
0.8,LS_oracle,0.105025460880097
0.8,LS_oracle,0.115304298206691
0.8,LS_oracle,0.0675475335137067
0.8,LS_oracle,0.0670508850752903
0.8,LS_oracle,0.0738075297689122
0.8,LS_oracle,0.0992192733202624
0.8,LS_oracle,0.0698158322206756
0.8,LS_oracle,0.0770747234374841
0.8,LS_oracle,0.058751250763227
0.8,LS_oracle,0.0520980548415407
0.8,LS_oracle,0.0643163334014217
0.8,LS_oracle,0.0805190128611937
0.8,LS_oracle,0.046561488252082
0.8,LS_oracle,0.0889300102031747
0.8,LS_oracle,0.0460353459588966
0.8,LS_oracle,0.0672844420217692
0.8,LS_oracle,0.0641839435760011
0.8,LS_oracle,0.0793169477354987
0.8,LS_oracle,0.0715868122148497
0.8,LS_oracle,0.0574341336478512
0.8,LS_oracle,0.178702443795863
0.8,LS_oracle,0.0670664146306433
0.8,LS_oracle,0.0889010206908791
0.8,LS_oracle,0.0365956842815575
0.8,LS_oracle,0.0399714772035295
0.8,LS_oracle,0.0792948613164743
0.8,LS_oracle,0.0413333620036916
0.8,LS_oracle,0.0884769667394833
0.8,LS_oracle,0.0778997114285554
0.8,LS_oracle,0.0932835211265898
0.8,LS_oracle,0.0680759753471674
0.8,LS_oracle,0.0999719294885834
0.8,LS_oracle,0.0700114177685348
0.8,LS_oracle,0.0503770494431048
0.8,LS_oracle,0.0960798201153075
0.8,LS_oracle,0.0830828876446962
0.8,LS_oracle,0.0690998891262122
0.8,LS_oracle,0.029555018982072
0.8,LS_oracle,0.0713186698970418
0.8,LS_oracle,0.0551629382614976
0.8,LS_oracle,0.160919213971551
0.8,LS_oracle,0.0768245522110566
0.8,LS_oracle,0.0735002318464421
0.8,LS_oracle,0.0972538157594661
0.8,LS_oracle,0.0841550329597289
0.8,LS_oracle,0.0459690980186471
0.8,LS_oracle,0.0824299388918289
0.8,LS_oracle,0.0835256719974555
0.8,LS_oracle,0.0588681358188261
0.8,LS_oracle,0.0521503890369294
0.8,LS_oracle,0.0729894714536056
0.8,LS_oracle,0.0630410459671901
0.8,LS_oracle,0.0419798924164023
0.8,LS_oracle,0.0804837421967382
0.8,LS_oracle,0.0410396028885514
0.8,LS_oracle,0.0579457490376955
0.8,LS_oracle,0.120979367078449
0.8,LS_oracle,0.0706205537934843
0.8,LS_oracle,0.0729428139063676
0.8,LS_oracle,0.047185276534056
0.8,LS_oracle,0.0413261643934139
0.8,LS_oracle,0.137449849876484
0.8,LS_oracle,0.13232742115194
0.8,LS_oracle,0.0696137189377206
0.8,LS_oracle,0.0431432685191348
0.8,LS_oracle,0.0854850139289345
0.8,LS_oracle,0.0776187932578766
0.8,LS_oracle,0.0685660514338268
0.8,LS_oracle,0.0928547984385662
0.8,LS_oracle,0.119549294204968
0.8,LS_oracle,0.0848383363281627
0.8,LS_oracle,0.21306833544977
0.8,LS_oracle,0.0652074717975793
0.8,LS_oracle,0.092888216496243
0.8,LS_oracle,0.077060996264117
0.8,LS_oracle,0.0666657569401344
0.8,LS_oracle,0.101104149962957
0.8,LS_oracle,0.0998459623761874
0.8,LS_oracle,0.062980042872423
0.8,LS_oracle,0.0870747073303898
0.8,LS_oracle,0.0369502528541226
0.8,LS_oracle,0.0691400638656621
0.8,LS_oracle,0.0555324747535526
0.8,LS_oracle,0.1014499442514
0.8,LS_oracle,0.0635450371137403
0.8,LS_oracle,0.0511764109362647
0.8,LS_oracle,0.146807377542575
0.8,LS_oracle,0.110116783431724
0.8,LS_oracle,0.100014796300359
0.8,LS_oracle,0.0449701487919817
0.8,LS_oracle,0.158221715205052
0.8,LS_oracle,0.0683779414501162
0.8,LS_oracle,0.0636355781049158
0.8,LS_oracle,0.0379951162874996
0.8,LS_oracle,0.119872221876586
0.8,LS_oracle,0.0392462006669682
0.8,LS_oracle,0.13186140812978
0.8,LS_oracle,0.0737498698849839
0.8,LS_oracle,0.0475648826068025
0.8,LS_oracle,0.0730173938741532
0.8,LS_oracle,0.0362381712448227
0.8,LS_oracle,0.0673474494568131
0.8,LS_oracle,0.106803483990295
0.8,LS_oracle,0.0971972034423365
0.8,LS_oracle,0.057656928953603
0.8,LS_oracle,0.0282549189215994
0.8,LS_oracle,0.0847657264066685
0.8,LS_oracle,0.0446356898648158
0.8,LS_oracle,0.0554294815668425
0.8,LS_oracle,0.0632084209596879
0.8,LS_oracle,0.0707720355826253
0.8,LS_oracle,0.0617055451575684
0.8,LS_oracle,0.0489943604684807
0.8,LS_oracle,0.106007872698661
0.8,LS_oracle,0.0729559600014636
0.8,LS_oracle,0.173924290481371
0.8,LS_oracle,0.108582353293688
0.8,LS_oracle,0.057732810211085
0.8,LS_oracle,0.116549050335819
0.8,LS_oracle,0.0608926763880929
0.8,LS_oracle,0.0918212816138525
0.8,LS_oracle,0.0445027619377873
0.8,LS_oracle,0.055525515530238
0.8,LS_oracle,0.0533629128927257
0.8,LS_oracle,0.100711767978879
0.8,LS_oracle,0.0424215548264422
0.8,LS_oracle,0.0429049844763853
0.8,LS_oracle,0.0440920458078033
0.8,TS_oracle,0.0933063523691285
0.8,TS_oracle,0.0808234208210108
0.8,TS_oracle,0.0544232476880204
0.8,TS_oracle,0.0580177068390311
0.8,TS_oracle,0.0274282800406324
0.8,TS_oracle,0.104927345957448
0.8,TS_oracle,0.0775499204618518
0.8,TS_oracle,0.0564987050182029
0.8,TS_oracle,0.0453032280806882
0.8,TS_oracle,0.0806665504756099
0.8,TS_oracle,0.0610584830613043
0.8,TS_oracle,0.085506753204886
0.8,TS_oracle,0.0500342501830694
0.8,TS_oracle,0.054296438599217
0.8,TS_oracle,0.0460464742675657
0.8,TS_oracle,0.0594749387502091
0.8,TS_oracle,0.034941689000406
0.8,TS_oracle,0.076646479105056
0.8,TS_oracle,0.0663032922859752
0.8,TS_oracle,0.0882784288601341
0.8,TS_oracle,0.0658940436172869
0.8,TS_oracle,0.0448986137020345
0.8,TS_oracle,0.0589803346408564
0.8,TS_oracle,0.0629815486711737
0.8,TS_oracle,0.0712621282243521
0.8,TS_oracle,0.0442187286768058
0.8,TS_oracle,0.122748839022793
0.8,TS_oracle,0.0809343616795327
0.8,TS_oracle,0.144848686105601
0.8,TS_oracle,0.0572383882328914
0.8,TS_oracle,0.0517956758604941
0.8,TS_oracle,0.0507483271659026
0.8,TS_oracle,0.053065594171718
0.8,TS_oracle,0.0657406468095078
0.8,TS_oracle,0.080005744976572
0.8,TS_oracle,0.0244362707647537
0.8,TS_oracle,0.0580871257707576
0.8,TS_oracle,0.0809566031389209
0.8,TS_oracle,0.0474941978240592
0.8,TS_oracle,0.0334262576280222
0.8,TS_oracle,0.0957509833221708
0.8,TS_oracle,0.0404291987781829
0.8,TS_oracle,0.0464322128272984
0.8,TS_oracle,0.0654238689541439
0.8,TS_oracle,0.0588540088184004
0.8,TS_oracle,0.0668543825699211
0.8,TS_oracle,0.0136587607212582
0.8,TS_oracle,0.11006204265941
0.8,TS_oracle,0.0623799174184427
0.8,TS_oracle,0.0656845174225614
0.8,TS_oracle,0.0754848125954591
0.8,TS_oracle,0.0426450294477042
0.8,TS_oracle,0.0421770746291669
0.8,TS_oracle,0.0672520013708653
0.8,TS_oracle,0.0593992889993443
0.8,TS_oracle,0.100437764685687
0.8,TS_oracle,0.0589283093877812
0.8,TS_oracle,0.0873751825157105
0.8,TS_oracle,0.0457481356272303
0.8,TS_oracle,0.0438629411081588
0.8,TS_oracle,0.0529883154969362
0.8,TS_oracle,0.0792203573585407
0.8,TS_oracle,0.034339025471997
0.8,TS_oracle,0.0462519646966603
0.8,TS_oracle,0.0214416459353469
0.8,TS_oracle,0.057959737650227
0.8,TS_oracle,0.0495947654813607
0.8,TS_oracle,0.036753780365775
0.8,TS_oracle,0.0629527694501939
0.8,TS_oracle,0.041473612745703
0.8,TS_oracle,0.0417445188493588
0.8,TS_oracle,0.0577345297232911
0.8,TS_oracle,0.0764824420490518
0.8,TS_oracle,0.0631971612407211
0.8,TS_oracle,0.050609640809742
0.8,TS_oracle,0.0771402625020796
0.8,TS_oracle,0.0416659341780401
0.8,TS_oracle,0.0925711709138275
0.8,TS_oracle,0.0804710050882713
0.8,TS_oracle,0.0564771232837476
0.8,TS_oracle,0.0459733194963507
0.8,TS_oracle,0.0645030018625778
0.8,TS_oracle,0.0631857410912584
0.8,TS_oracle,0.0692939581300461
0.8,TS_oracle,0.0439742128046214
0.8,TS_oracle,0.0380127178632152
0.8,TS_oracle,0.0497801037877206
0.8,TS_oracle,0.0702878941033805
0.8,TS_oracle,0.0545624950179526
0.8,TS_oracle,0.0588169066243465
0.8,TS_oracle,0.0608298819758656
0.8,TS_oracle,0.0433164460780285
0.8,TS_oracle,0.108034207855737
0.8,TS_oracle,0.0648499583626142
0.8,TS_oracle,0.0642242913250817
0.8,TS_oracle,0.0463123709305646
0.8,TS_oracle,0.0388011997017172
0.8,TS_oracle,0.0493460626438343
0.8,TS_oracle,0.0423578701785569
0.8,TS_oracle,0.0812816599252666
0.8,TS_oracle,0.0697920824000163
0.8,TS_oracle,0.0757538594669891
0.8,TS_oracle,0.0555871460781465
0.8,TS_oracle,0.087855962742485
0.8,TS_oracle,0.0650882449893016
0.8,TS_oracle,0.0546247207155899
0.8,TS_oracle,0.0419565265973421
0.8,TS_oracle,0.0736532618337286
0.8,TS_oracle,0.0738094488165334
0.8,TS_oracle,0.0296512466565682
0.8,TS_oracle,0.0617015123067642
0.8,TS_oracle,0.0633520571712908
0.8,TS_oracle,0.124634317317855
0.8,TS_oracle,0.0410185252587146
0.8,TS_oracle,0.0598306285049761
0.8,TS_oracle,0.0915037210874614
0.8,TS_oracle,0.093509493542742
0.8,TS_oracle,0.0441360978550592
0.8,TS_oracle,0.0792880607308662
0.8,TS_oracle,0.0743305267425085
0.8,TS_oracle,0.0466875769939546
0.8,TS_oracle,0.0467405987874274
0.8,TS_oracle,0.0469909562642268
0.8,TS_oracle,0.0804230583245318
0.8,TS_oracle,0.0408714046863277
0.8,TS_oracle,0.0688852076990975
0.8,TS_oracle,0.0472381851236764
0.8,TS_oracle,0.0321898839474568
0.8,TS_oracle,0.0788627652869689
0.8,TS_oracle,0.0493135492475915
0.8,TS_oracle,0.0792264659951745
0.8,TS_oracle,0.0369426165060153
0.8,TS_oracle,0.0407061589403896
0.8,TS_oracle,0.0998358772090733
0.8,TS_oracle,0.0907848996640531
0.8,TS_oracle,0.0553429671024471
0.8,TS_oracle,0.0313330966990978
0.8,TS_oracle,0.0654945825203325
0.8,TS_oracle,0.080366687214062
0.8,TS_oracle,0.0444613502104834
0.8,TS_oracle,0.0735269023516729
0.8,TS_oracle,0.0685958205857457
0.8,TS_oracle,0.0717240457479916
0.8,TS_oracle,0.115527553360657
0.8,TS_oracle,0.0515372060781088
0.8,TS_oracle,0.0719360961237324
0.8,TS_oracle,0.0825581571950215
0.8,TS_oracle,0.0437845939957093
0.8,TS_oracle,0.0796121859440919
0.8,TS_oracle,0.0666787470386896
0.8,TS_oracle,0.0714959752296527
0.8,TS_oracle,0.063592261968603
0.8,TS_oracle,0.0438528156163597
0.8,TS_oracle,0.0448856973324089
0.8,TS_oracle,0.05519529941168
0.8,TS_oracle,0.06730139486793
0.8,TS_oracle,0.0411123883630242
0.8,TS_oracle,0.048962176113316
0.8,TS_oracle,0.116027714274695
0.8,TS_oracle,0.0682207361409833
0.8,TS_oracle,0.0765873821993032
0.8,TS_oracle,0.05441365382107
0.8,TS_oracle,0.120116766654596
0.8,TS_oracle,0.0711524416774856
0.8,TS_oracle,0.051549368376529
0.8,TS_oracle,0.0289155527539692
0.8,TS_oracle,0.107456319359747
0.8,TS_oracle,0.0498674170085694
0.8,TS_oracle,0.068333604540322
0.8,TS_oracle,0.0677245281064438
0.8,TS_oracle,0.0538864039544135
0.8,TS_oracle,0.0777027153105144
0.8,TS_oracle,0.0366343463819799
0.8,TS_oracle,0.0580170471715008
0.8,TS_oracle,0.0903361020836498
0.8,TS_oracle,0.0637596813697854
0.8,TS_oracle,0.0596848271739984
0.8,TS_oracle,0.0281761719611342
0.8,TS_oracle,0.0803330321922346
0.8,TS_oracle,0.0431719753736482
0.8,TS_oracle,0.058145492838557
0.8,TS_oracle,0.0467686832589371
0.8,TS_oracle,0.0276700273470925
0.8,TS_oracle,0.0575160359010077
0.8,TS_oracle,0.0422118696876319
0.8,TS_oracle,0.059650533959574
0.8,TS_oracle,0.061750634045068
0.8,TS_oracle,0.0947281306828441
0.8,TS_oracle,0.067960846926179
0.8,TS_oracle,0.0575009986910516
0.8,TS_oracle,0.0636057326033795
0.8,TS_oracle,0.0804167154912658
0.8,TS_oracle,0.0768332361816111
0.8,TS_oracle,0.0690998860842517
0.8,TS_oracle,0.0570893218906456
0.8,TS_oracle,0.0294880179261707
0.8,TS_oracle,0.062285170159647
0.8,TS_oracle,0.0260571064539454
0.8,TS_oracle,0.0490096681625471
0.8,TS_oracle,0.0418311437747391
0.9,PLS,0.0419457561078089
0.9,PLS,0.0407362592095398
0.9,PLS,0.05927274069936
0.9,PLS,0.0969846960454838
0.9,PLS,0.0514457940874316
0.9,PLS,0.040083690672351
0.9,PLS,0.125639053990322
0.9,PLS,0.06003707441895
0.9,PLS,0.0618821163355487
0.9,PLS,0.058346940419833
0.9,PLS,0.0862409459040432
0.9,PLS,0.0828818574473975
0.9,PLS,0.100697866322437
0.9,PLS,0.0924226332717906
0.9,PLS,0.0598016237417644
0.9,PLS,0.0673623067826595
0.9,PLS,0.054434123664882
0.9,PLS,0.0409017723937881
0.9,PLS,0.057375435876897
0.9,PLS,0.0523555840928312
0.9,PLS,0.04687558702948
0.9,PLS,0.0845112242842897
0.9,PLS,0.130021463046557
0.9,PLS,0.0712012215871006
0.9,PLS,0.0387763379277329
0.9,PLS,0.070516587947907
0.9,PLS,0.042933943942462
0.9,PLS,0.0655762612160609
0.9,PLS,0.0867441951766963
0.9,PLS,0.0533761885334108
0.9,PLS,0.0483844509950465
0.9,PLS,0.0394648624448356
0.9,PLS,0.0372391505312181
0.9,PLS,0.0908404720207235
0.9,PLS,0.0480181912024815
0.9,PLS,0.153258741942886
0.9,PLS,0.0319091173574893
0.9,PLS,0.124371105556813
0.9,PLS,0.138966021713284
0.9,PLS,0.0722300574735739
0.9,PLS,0.0711419981183012
0.9,PLS,0.0545994609871668
0.9,PLS,0.0690454080417765
0.9,PLS,0.169412281511076
0.9,PLS,0.144625921151371
0.9,PLS,0.0685554043784678
0.9,PLS,0.0462038942712561
0.9,PLS,0.0686062226785667
0.9,PLS,0.0760277592126036
0.9,PLS,0.0488021670148964
0.9,PLS,0.114321610542843
0.9,PLS,0.0474951670661847
0.9,PLS,0.102984326640055
0.9,PLS,0.105804387896355
0.9,PLS,0.026734648534192
0.9,PLS,0.0682640368972642
0.9,PLS,0.221924265171004
0.9,PLS,0.0247232424618282
0.9,PLS,0.0873607517382926
0.9,PLS,0.0301185217301352
0.9,PLS,0.122344336530922
0.9,PLS,0.0449091255142688
0.9,PLS,0.0341681213131655
0.9,PLS,0.106279192676197
0.9,PLS,0.199284552684994
0.9,PLS,0.124489946225235
0.9,PLS,0.0741144418587711
0.9,PLS,0.0600851483071306
0.9,PLS,0.0597038037009391
0.9,PLS,0.0627413820271352
0.9,PLS,0.0626089547034105
0.9,PLS,0.0474215026556011
0.9,PLS,0.0398523490771654
0.9,PLS,0.0673078902206064
0.9,PLS,0.0600117435993517
0.9,PLS,0.0775830941683149
0.9,PLS,0.0537223870857413
0.9,PLS,0.0994553230268458
0.9,PLS,0.0838259181998198
0.9,PLS,0.141278097012187
0.9,PLS,0.0569203977452445
0.9,PLS,0.0526061111677441
0.9,PLS,0.0699213153880358
0.9,PLS,0.0669053955208916
0.9,PLS,0.0735516191889744
0.9,PLS,0.0566490511011957
0.9,PLS,0.0520497492945453
0.9,PLS,0.0399613025744172
0.9,PLS,0.0518563073736798
0.9,PLS,0.0437902274230806
0.9,PLS,0.0852334897462948
0.9,PLS,0.0425051403647892
0.9,PLS,0.0944156217972847
0.9,PLS,0.0665230231866821
0.9,PLS,0.0387948083552947
0.9,PLS,0.0531312395559504
0.9,PLS,0.110000423527131
0.9,PLS,0.0690001805846804
0.9,PLS,0.0909558026000567
0.9,PLS,0.0651721879461181
0.9,PLS,0.0423277028195505
0.9,PLS,0.0770242335501365
0.9,PLS,0.0830051277484177
0.9,PLS,0.139307511324812
0.9,PLS,0.0482062602130305
0.9,PLS,0.044807736790821
0.9,PLS,0.0498250365808102
0.9,PLS,0.0525543324741178
0.9,PLS,0.0270034731162094
0.9,PLS,0.197675393839658
0.9,PLS,0.038240858514854
0.9,PLS,0.0706901555727526
0.9,PLS,0.046087560333186
0.9,PLS,0.0303610339746091
0.9,PLS,0.0740962751094997
0.9,PLS,0.0664678632739161
0.9,PLS,0.0961698472096057
0.9,PLS,0.0549319142843277
0.9,PLS,0.0671413408764902
0.9,PLS,0.0964737921465083
0.9,PLS,0.0535221509008205
0.9,PLS,0.0834964640006482
0.9,PLS,0.075653252540594
0.9,PLS,0.119901639512157
0.9,PLS,0.104891298505459
0.9,PLS,0.060318630301368
0.9,PLS,0.043585063849064
0.9,PLS,0.0708792067757204
0.9,PLS,0.127895845279269
0.9,PLS,0.11449403886722
0.9,PLS,0.0987467374879992
0.9,PLS,0.0770377177705543
0.9,PLS,0.0547622620537431
0.9,PLS,0.0754310596625936
0.9,PLS,0.0608647257572694
0.9,PLS,0.051330702957771
0.9,PLS,0.0441334792609866
0.9,PLS,0.0430289444515905
0.9,PLS,0.039483176693246
0.9,PLS,0.0399909494786999
0.9,PLS,0.0718442563926546
0.9,PLS,0.0388693541820199
0.9,PLS,0.0523402359473904
0.9,PLS,0.0926110623198019
0.9,PLS,0.0630650508774891
0.9,PLS,0.0804737779399399
0.9,PLS,0.0566292594804805
0.9,PLS,0.0613821809998466
0.9,PLS,0.108602915761222
0.9,PLS,0.0499514297407606
0.9,PLS,0.0590379751991636
0.9,PLS,0.0245598700448492
0.9,PLS,0.030750600414876
0.9,PLS,0.0831389345410488
0.9,PLS,0.159075473220998
0.9,PLS,0.0807380689812115
0.9,PLS,0.0810571607981915
0.9,PLS,0.0973314726885031
0.9,PLS,0.0564640132760767
0.9,PLS,0.12860737442079
0.9,PLS,0.0539815477258554
0.9,PLS,0.0415526370551922
0.9,PLS,0.0458731091652361
0.9,PLS,0.0888377946651879
0.9,PLS,0.0513687352699359
0.9,PLS,0.111154451280455
0.9,PLS,0.0395694516011721
0.9,PLS,0.0991945211468862
0.9,PLS,0.0686922992274577
0.9,PLS,0.0872904361059091
0.9,PLS,0.0769522256733926
0.9,PLS,0.104757571377515
0.9,PLS,0.0525447282717562
0.9,PLS,0.0574122391761402
0.9,PLS,0.0805988239253179
0.9,PLS,0.0587001095073779
0.9,PLS,0.0611739698427002
0.9,PLS,0.0524890833305895
0.9,PLS,0.0882698472429721
0.9,PLS,0.0393303034561329
0.9,PLS,0.036484146303975
0.9,PLS,0.0687522411095096
0.9,PLS,0.082565116092036
0.9,PLS,0.0491870746888808
0.9,PLS,0.0952789052705229
0.9,PLS,0.0473907469985218
0.9,PLS,0.129284533038648
0.9,PLS,0.043104276542618
0.9,PLS,0.061546946154963
0.9,PLS,0.0478705537036192
0.9,PLS,0.0330765228635304
0.9,PLS,0.125787596165522
0.9,PLS,0.0472577687301089
0.9,PLS,0.0628811476916044
0.9,PLS,0.0550934915746142
0.9,PLS,0.127704017668196
0.9,PLS,0.0685471508612494
0.9,PLS,0.0446051784740427
0.9,PLS,0.0718011053717447
0.9,PLS,0.0806911775822699
0.9,fTS,0.0404699531076767
0.9,fTS,0.0420060815935915
0.9,fTS,0.0348408610795717
0.9,fTS,0.0665950145914559
0.9,fTS,0.0468710429789417
0.9,fTS,0.0372412577014693
0.9,fTS,0.083892635154559
0.9,fTS,0.0621551784392684
0.9,fTS,0.060074518487227
0.9,fTS,0.052230005785572
0.9,fTS,0.0644458944805289
0.9,fTS,0.0687498406260484
0.9,fTS,0.0767543630888539
0.9,fTS,0.0847442058549296
0.9,fTS,0.0537813485897563
0.9,fTS,0.0384121609703433
0.9,fTS,0.0690317281177099
0.9,fTS,0.0607399136032098
0.9,fTS,0.054962561302238
0.9,fTS,0.0478920048508126
0.9,fTS,0.0393148860258476
0.9,fTS,0.0447698873851208
0.9,fTS,0.112317915190157
0.9,fTS,0.0437147018531471
0.9,fTS,0.0437599222965855
0.9,fTS,0.0442698154539406
0.9,fTS,0.0402003551101075
0.9,fTS,0.0639807193582366
0.9,fTS,0.0677448180588401
0.9,fTS,0.0212189005957788
0.9,fTS,0.0617612982330617
0.9,fTS,0.0381007949952913
0.9,fTS,0.0341974563342994
0.9,fTS,0.0792759427917422
0.9,fTS,0.0547306076272913
0.9,fTS,0.120452574183054
0.9,fTS,0.0231793404300579
0.9,fTS,0.0696872651194446
0.9,fTS,0.106032293706611
0.9,fTS,0.064466122974336
0.9,fTS,0.0421191489438154
0.9,fTS,0.0536050269507772
0.9,fTS,0.0710770857759064
0.9,fTS,0.060947782679164
0.9,fTS,0.0663445639168058
0.9,fTS,0.0648098763304419
0.9,fTS,0.0305557099345427
0.9,fTS,0.0634714494316861
0.9,fTS,0.0669251251152739
0.9,fTS,0.0420757351255106
0.9,fTS,0.106421018957859
0.9,fTS,0.0450761420215416
0.9,fTS,0.0453173418063306
0.9,fTS,0.0376423134324695
0.9,fTS,0.0251085271624732
0.9,fTS,0.0499994715872536
0.9,fTS,0.0936404251844295
0.9,fTS,0.0345928847566823
0.9,fTS,0.0437231674886641
0.9,fTS,0.0301561181355429
0.9,fTS,0.0870435607808819
0.9,fTS,0.0578422679789578
0.9,fTS,0.0438566024321713
0.9,fTS,0.101621202038624
0.9,fTS,0.0515304317151133
0.9,fTS,0.100743069974313
0.9,fTS,0.0787196332893026
0.9,fTS,0.0645768666946916
0.9,fTS,0.0489569417441673
0.9,fTS,0.0613361392997527
0.9,fTS,0.0791896760428721
0.9,fTS,0.0524187020181039
0.9,fTS,0.0373413343178141
0.9,fTS,0.0551133698611248
0.9,fTS,0.0475377801058878
0.9,fTS,0.0624045488371115
0.9,fTS,0.0279176045655825
0.9,fTS,0.0345934702768424
0.9,fTS,0.0714308504203856
0.9,fTS,0.116895949738234
0.9,fTS,0.0456853403938491
0.9,fTS,0.0547544303738254
0.9,fTS,0.0646800482393743
0.9,fTS,0.0690695082727887
0.9,fTS,0.0495373733779813
0.9,fTS,0.0679041865103478
0.9,fTS,0.0476518766320609
0.9,fTS,0.0524118227195453
0.9,fTS,0.0470499755821729
0.9,fTS,0.032088869925145
0.9,fTS,0.0445338066141167
0.9,fTS,0.067470955882289
0.9,fTS,0.0436800750229787
0.9,fTS,0.03973788541225
0.9,fTS,0.0306416329221894
0.9,fTS,0.0257780983034087
0.9,fTS,0.0575576694340497
0.9,fTS,0.040391843540727
0.9,fTS,0.0317224969952088
0.9,fTS,0.0564131801247085
0.9,fTS,0.0408338285033148
0.9,fTS,0.0499715292358443
0.9,fTS,0.0334554394102239
0.9,fTS,0.0853655318607044
0.9,fTS,0.0481308245187293
0.9,fTS,0.0396436643428775
0.9,fTS,0.0578854464474303
0.9,fTS,0.049361158776475
0.9,fTS,0.046932237187175
0.9,fTS,0.078033253475444
0.9,fTS,0.0337084376728844
0.9,fTS,0.0437701503852674
0.9,fTS,0.0589772370229001
0.9,fTS,0.030972229982064
0.9,fTS,0.0746274970037193
0.9,fTS,0.0354945194189543
0.9,fTS,0.0581458162755894
0.9,fTS,0.0726894674005911
0.9,fTS,0.0653939209830468
0.9,fTS,0.0483285565268968
0.9,fTS,0.0589914791665681
0.9,fTS,0.0513896133976413
0.9,fTS,0.0575207891225866
0.9,fTS,0.0450652746693866
0.9,fTS,0.083729571527369
0.9,fTS,0.0470277993871617
0.9,fTS,0.0320198094812555
0.9,fTS,0.0539605240259695
0.9,fTS,0.112460745021057
0.9,fTS,0.082436849293752
0.9,fTS,0.0594003356126324
0.9,fTS,0.0521355419121467
0.9,fTS,0.038896874200564
0.9,fTS,0.0324704098864362
0.9,fTS,0.0522960552723895
0.9,fTS,0.0356978931208362
0.9,fTS,0.056521389692107
0.9,fTS,0.032751510401901
0.9,fTS,0.0485609520762235
0.9,fTS,0.0370211765631068
0.9,fTS,0.0388980488599492
0.9,fTS,0.0354588465317675
0.9,fTS,0.0465456197256497
0.9,fTS,0.0469365366381853
0.9,fTS,0.0515688299150115
0.9,fTS,0.0585844181508299
0.9,fTS,0.02832713136846
0.9,fTS,0.0518871127398604
0.9,fTS,0.0683326272378091
0.9,fTS,0.0548916605094462
0.9,fTS,0.0500637459436166
0.9,fTS,0.0217480327828642
0.9,fTS,0.0344485892957478
0.9,fTS,0.0830816056977661
0.9,fTS,0.0581286248254926
0.9,fTS,0.0354180997550646
0.9,fTS,0.0669269304109459
0.9,fTS,0.0647534318655466
0.9,fTS,0.0519254216460663
0.9,fTS,0.069345639559634
0.9,fTS,0.0489649258896959
0.9,fTS,0.0301529542857762
0.9,fTS,0.0297994925762599
0.9,fTS,0.0621008468930753
0.9,fTS,0.078174658949458
0.9,fTS,0.133622978522681
0.9,fTS,0.0254090736855239
0.9,fTS,0.0783604300614357
0.9,fTS,0.0302432411978565
0.9,fTS,0.0655576484981108
0.9,fTS,0.101931677091429
0.9,fTS,0.0738643063872907
0.9,fTS,0.0420637045408101
0.9,fTS,0.0519357609429315
0.9,fTS,0.102264262931265
0.9,fTS,0.065743868078928
0.9,fTS,0.0393910571338885
0.9,fTS,0.0513517495329812
0.9,fTS,0.0689286107243138
0.9,fTS,0.0216732316724514
0.9,fTS,0.0563615404674428
0.9,fTS,0.0591837588449733
0.9,fTS,0.0647016470004073
0.9,fTS,0.0511071209728367
0.9,fTS,0.0741665070726286
0.9,fTS,0.0597638248231404
0.9,fTS,0.0786969702673215
0.9,fTS,0.0460514750152945
0.9,fTS,0.0630888910360768
0.9,fTS,0.042356146094659
0.9,fTS,0.0281711420519038
0.9,fTS,0.0560346935102847
0.9,fTS,0.042921799632542
0.9,fTS,0.0404862531636661
0.9,fTS,0.0346739426340012
0.9,fTS,0.0464764523623113
0.9,fTS,0.031719725651137
0.9,fTS,0.0388625349785048
0.9,fTS,0.0280738069830492
0.9,fTS,0.0396954205698362
0.9,LS_oracle,0.0419466247766379
0.9,LS_oracle,0.04047739646089
0.9,LS_oracle,0.0592392619814097
0.9,LS_oracle,0.0982438822017542
0.9,LS_oracle,0.0514636791652103
0.9,LS_oracle,0.0400238070617797
0.9,LS_oracle,0.12580310382017
0.9,LS_oracle,0.0601035082008444
0.9,LS_oracle,0.0618544131569493
0.9,LS_oracle,0.0581615058534247
0.9,LS_oracle,0.0861177861986796
0.9,LS_oracle,0.0828201157380595
0.9,LS_oracle,0.100819312063741
0.9,LS_oracle,0.0926178818227597
0.9,LS_oracle,0.0599889553365246
0.9,LS_oracle,0.0677099586320804
0.9,LS_oracle,0.0544680302182885
0.9,LS_oracle,0.0411275603107612
0.9,LS_oracle,0.0573432332830763
0.9,LS_oracle,0.0530342976498665
0.9,LS_oracle,0.0468472946953672
0.9,LS_oracle,0.0845123232372957
0.9,LS_oracle,0.128939476469769
0.9,LS_oracle,0.0713075723466473
0.9,LS_oracle,0.0391856145630546
0.9,LS_oracle,0.0711655070143317
0.9,LS_oracle,0.0429726799068691
0.9,LS_oracle,0.0645551106205811
0.9,LS_oracle,0.0865940493155178
0.9,LS_oracle,0.0532139813224941
0.9,LS_oracle,0.0480876838779745
0.9,LS_oracle,0.0391770844466922
0.9,LS_oracle,0.0374131070944323
0.9,LS_oracle,0.0905865245392248
0.9,LS_oracle,0.0479930851890911
0.9,LS_oracle,0.153468618158141
0.9,LS_oracle,0.0318340109899765
0.9,LS_oracle,0.124597310815684
0.9,LS_oracle,0.139017121263359
0.9,LS_oracle,0.072162580061563
0.9,LS_oracle,0.0714497938919438
0.9,LS_oracle,0.0546515798134715
0.9,LS_oracle,0.0689790366893293
0.9,LS_oracle,0.169354655718907
0.9,LS_oracle,0.147211574634635
0.9,LS_oracle,0.0685243743656094
0.9,LS_oracle,0.0462766707836166
0.9,LS_oracle,0.0686586522787951
0.9,LS_oracle,0.0757670450167603
0.9,LS_oracle,0.0481211020826725
0.9,LS_oracle,0.115055090843235
0.9,LS_oracle,0.0471893253710066
0.9,LS_oracle,0.102755052019745
0.9,LS_oracle,0.105808466890133
0.9,LS_oracle,0.026637419986466
0.9,LS_oracle,0.0684970462440427
0.9,LS_oracle,0.0995035483656905
0.9,LS_oracle,0.0251810547487442
0.9,LS_oracle,0.0893315840222538
0.9,LS_oracle,0.0301454147589454
0.9,LS_oracle,0.121483123159248
0.9,LS_oracle,0.0433076295766045
0.9,LS_oracle,0.0339590661745221
0.9,LS_oracle,0.106436092212392
0.9,LS_oracle,0.199173453693513
0.9,LS_oracle,0.124356566916517
0.9,LS_oracle,0.0753278116492116
0.9,LS_oracle,0.0601232008026408
0.9,LS_oracle,0.0597873042320759
0.9,LS_oracle,0.062606359900449
0.9,LS_oracle,0.0646769661398484
0.9,LS_oracle,0.0474228626673946
0.9,LS_oracle,0.0398434358083772
0.9,LS_oracle,0.0676483292166592
0.9,LS_oracle,0.0601870361548555
0.9,LS_oracle,0.0775892209558835
0.9,LS_oracle,0.0538644159728839
0.9,LS_oracle,0.0992174191026873
0.9,LS_oracle,0.0838521110502831
0.9,LS_oracle,0.141181265303638
0.9,LS_oracle,0.0568651089462698
0.9,LS_oracle,0.0524751722753864
0.9,LS_oracle,0.0701562969048551
0.9,LS_oracle,0.0668774558336166
0.9,LS_oracle,0.0748845932819626
0.9,LS_oracle,0.0566042236898587
0.9,LS_oracle,0.0516460958546093
0.9,LS_oracle,0.0397270592344266
0.9,LS_oracle,0.0513950794928336
0.9,LS_oracle,0.0437443759643921
0.9,LS_oracle,0.0852429647820608
0.9,LS_oracle,0.0423048848893378
0.9,LS_oracle,0.0939001806982545
0.9,LS_oracle,0.0664726442396923
0.9,LS_oracle,0.038830711337268
0.9,LS_oracle,0.0529009702649981
0.9,LS_oracle,0.108478536222246
0.9,LS_oracle,0.0689619430260176
0.9,LS_oracle,0.0909482680324578
0.9,LS_oracle,0.0650710282684967
0.9,LS_oracle,0.042321961696321
0.9,LS_oracle,0.0766314096490655
0.9,LS_oracle,0.0832769587380652
0.9,LS_oracle,0.139281178953976
0.9,LS_oracle,0.048312073462585
0.9,LS_oracle,0.0443000849498357
0.9,LS_oracle,0.0503328063054724
0.9,LS_oracle,0.0526239484699146
0.9,LS_oracle,0.0270053515537528
0.9,LS_oracle,0.197645156968106
0.9,LS_oracle,0.0381820156976589
0.9,LS_oracle,0.0704503319207304
0.9,LS_oracle,0.0444756589018803
0.9,LS_oracle,0.0300719955319578
0.9,LS_oracle,0.074259465790823
0.9,LS_oracle,0.0653426717524746
0.9,LS_oracle,0.096916498074731
0.9,LS_oracle,0.0547328391337054
0.9,LS_oracle,0.067002670653791
0.9,LS_oracle,0.0965671454792143
0.9,LS_oracle,0.0536395742249532
0.9,LS_oracle,0.0838542247914668
0.9,LS_oracle,0.0753428183583057
0.9,LS_oracle,0.118684286055241
0.9,LS_oracle,0.104865156542595
0.9,LS_oracle,0.0606889300295863
0.9,LS_oracle,0.0436228852283737
0.9,LS_oracle,0.0709617478761668
0.9,LS_oracle,0.127451662753811
0.9,LS_oracle,0.114749619848909
0.9,LS_oracle,0.0988877559873176
0.9,LS_oracle,0.0769881588339085
0.9,LS_oracle,0.0547190175357457
0.9,LS_oracle,0.0754570717175851
0.9,LS_oracle,0.059586285683326
0.9,LS_oracle,0.0515981739775322
0.9,LS_oracle,0.044015713972649
0.9,LS_oracle,0.0429732454515619
0.9,LS_oracle,0.0393431194329592
0.9,LS_oracle,0.0397307230451468
0.9,LS_oracle,0.07181531322534
0.9,LS_oracle,0.0388806607943955
0.9,LS_oracle,0.0530444862716974
0.9,LS_oracle,0.0926170218992922
0.9,LS_oracle,0.0625937290249
0.9,LS_oracle,0.0804596523138053
0.9,LS_oracle,0.0566821477898335
0.9,LS_oracle,0.0605486588012357
0.9,LS_oracle,0.107956901467351
0.9,LS_oracle,0.0499053047497342
0.9,LS_oracle,0.0590661961002455
0.9,LS_oracle,0.0240261880089157
0.9,LS_oracle,0.0304036867324628
0.9,LS_oracle,0.0831566177610562
0.9,LS_oracle,0.157512564065828
0.9,LS_oracle,0.0810624320995477
0.9,LS_oracle,0.0806771489198652
0.9,LS_oracle,0.0972045137514239
0.9,LS_oracle,0.0564906042626816
0.9,LS_oracle,0.128294092860316
0.9,LS_oracle,0.0546558470572985
0.9,LS_oracle,0.0414914376911521
0.9,LS_oracle,0.0454428181770293
0.9,LS_oracle,0.0866198375960633
0.9,LS_oracle,0.0513839158133848
0.9,LS_oracle,0.111860316019304
0.9,LS_oracle,0.0397446263166386
0.9,LS_oracle,0.0993011110193949
0.9,LS_oracle,0.0683287470240495
0.9,LS_oracle,0.0869630533607054
0.9,LS_oracle,0.0769063441992778
0.9,LS_oracle,0.104803103515746
0.9,LS_oracle,0.0531799690356883
0.9,LS_oracle,0.0564828842236334
0.9,LS_oracle,0.0807625028822515
0.9,LS_oracle,0.0586946038557832
0.9,LS_oracle,0.060493586307592
0.9,LS_oracle,0.0527864660694586
0.9,LS_oracle,0.0882671364496906
0.9,LS_oracle,0.040125506954169
0.9,LS_oracle,0.0365156362520668
0.9,LS_oracle,0.0698598443232502
0.9,LS_oracle,0.0829793539078808
0.9,LS_oracle,0.0482716618764718
0.9,LS_oracle,0.0958381268047674
0.9,LS_oracle,0.0478241297334161
0.9,LS_oracle,0.129388996940378
0.9,LS_oracle,0.0428110432650672
0.9,LS_oracle,0.0615994969279536
0.9,LS_oracle,0.0480149662916682
0.9,LS_oracle,0.0331857818999609
0.9,LS_oracle,0.123828771964862
0.9,LS_oracle,0.0473851696023158
0.9,LS_oracle,0.063045422130212
0.9,LS_oracle,0.0551057745548811
0.9,LS_oracle,0.127010606466575
0.9,LS_oracle,0.0684960241955982
0.9,LS_oracle,0.0456938178601761
0.9,LS_oracle,0.0713563917165575
0.9,LS_oracle,0.0851854339802359
0.9,TS_oracle,0.0404703510731408
0.9,TS_oracle,0.0420989662772044
0.9,TS_oracle,0.0346659633525918
0.9,TS_oracle,0.0666655968862432
0.9,TS_oracle,0.0470051223760022
0.9,TS_oracle,0.037251556009852
0.9,TS_oracle,0.0839050892741709
0.9,TS_oracle,0.0621550988035736
0.9,TS_oracle,0.0599858315002366
0.9,TS_oracle,0.0522287287549233
0.9,TS_oracle,0.0644559658274427
0.9,TS_oracle,0.0724068089137827
0.9,TS_oracle,0.0767639673825496
0.9,TS_oracle,0.0847357515054456
0.9,TS_oracle,0.0537595901469076
0.9,TS_oracle,0.0381798288992436
0.9,TS_oracle,0.0690450238190398
0.9,TS_oracle,0.060735309149053
0.9,TS_oracle,0.0548709399161636
0.9,TS_oracle,0.0478350007395457
0.9,TS_oracle,0.0393416548110915
0.9,TS_oracle,0.0448640978934143
0.9,TS_oracle,0.111966573998736
0.9,TS_oracle,0.0437053949579196
0.9,TS_oracle,0.0437336958178648
0.9,TS_oracle,0.0444964567329061
0.9,TS_oracle,0.0403150991615334
0.9,TS_oracle,0.0641214473433901
0.9,TS_oracle,0.0677534461268186
0.9,TS_oracle,0.0212039613724873
0.9,TS_oracle,0.0611236064770194
0.9,TS_oracle,0.0380710017986159
0.9,TS_oracle,0.0342091841515507
0.9,TS_oracle,0.079190376014913
0.9,TS_oracle,0.0547370821544833
0.9,TS_oracle,0.121230198534055
0.9,TS_oracle,0.023201224826813
0.9,TS_oracle,0.0696722912438184
0.9,TS_oracle,0.105000636892034
0.9,TS_oracle,0.0644209774751088
0.9,TS_oracle,0.0421098924673322
0.9,TS_oracle,0.0535466099100783
0.9,TS_oracle,0.0710790327989562
0.9,TS_oracle,0.0609532134215769
0.9,TS_oracle,0.0664251073314433
0.9,TS_oracle,0.0648088202332054
0.9,TS_oracle,0.0305348901507541
0.9,TS_oracle,0.0634694188811242
0.9,TS_oracle,0.0669323718091043
0.9,TS_oracle,0.0420980225544821
0.9,TS_oracle,0.106316174564833
0.9,TS_oracle,0.0451645715737729
0.9,TS_oracle,0.0453499222919259
0.9,TS_oracle,0.0376431402993127
0.9,TS_oracle,0.0251119405293561
0.9,TS_oracle,0.0499787944761551
0.9,TS_oracle,0.0936653250866152
0.9,TS_oracle,0.0344959037885966
0.9,TS_oracle,0.0436846285073195
0.9,TS_oracle,0.030154723059317
0.9,TS_oracle,0.0870338591890902
0.9,TS_oracle,0.0578705451024072
0.9,TS_oracle,0.0412117371120375
0.9,TS_oracle,0.101617445751808
0.9,TS_oracle,0.0515288201458711
0.9,TS_oracle,0.100732262081292
0.9,TS_oracle,0.077856546201457
0.9,TS_oracle,0.0648849486076611
0.9,TS_oracle,0.04894822246378
0.9,TS_oracle,0.0612457738495427
0.9,TS_oracle,0.0792004683307394
0.9,TS_oracle,0.0526908980474766
0.9,TS_oracle,0.0371651178237671
0.9,TS_oracle,0.0551872100722531
0.9,TS_oracle,0.047440952195421
0.9,TS_oracle,0.0623511360778086
0.9,TS_oracle,0.0279030459343983
0.9,TS_oracle,0.034594702966634
0.9,TS_oracle,0.0714687779385104
0.9,TS_oracle,0.117043392547126
0.9,TS_oracle,0.0456086670219133
0.9,TS_oracle,0.0547953180390567
0.9,TS_oracle,0.0647962099276499
0.9,TS_oracle,0.0691000885576643
0.9,TS_oracle,0.0497738662223391
0.9,TS_oracle,0.0679138872667477
0.9,TS_oracle,0.0477460068594788
0.9,TS_oracle,0.0524308555419347
0.9,TS_oracle,0.0470508281622483
0.9,TS_oracle,0.0322506313804794
0.9,TS_oracle,0.0455621759708719
0.9,TS_oracle,0.0674957177866825
0.9,TS_oracle,0.0436873129959681
0.9,TS_oracle,0.0401527283261818
0.9,TS_oracle,0.0306283147525183
0.9,TS_oracle,0.0257892592826933
0.9,TS_oracle,0.0575608597303297
0.9,TS_oracle,0.0400953410134276
0.9,TS_oracle,0.0317224045374854
0.9,TS_oracle,0.0564115580771692
0.9,TS_oracle,0.0406837851714946
0.9,TS_oracle,0.0500565818971625
0.9,TS_oracle,0.0335101124997038
0.9,TS_oracle,0.0854596106663962
0.9,TS_oracle,0.048124126034672
0.9,TS_oracle,0.0396796439533912
0.9,TS_oracle,0.0578818198896807
0.9,TS_oracle,0.0492138855669588
0.9,TS_oracle,0.046942007858984
0.9,TS_oracle,0.0868059764443765
0.9,TS_oracle,0.0337005673284914
0.9,TS_oracle,0.0440433243776919
0.9,TS_oracle,0.0589565048525955
0.9,TS_oracle,0.0309554311867888
0.9,TS_oracle,0.0746062085953992
0.9,TS_oracle,0.0355154089135303
0.9,TS_oracle,0.0583263989000489
0.9,TS_oracle,0.072738598073928
0.9,TS_oracle,0.0653742580757963
0.9,TS_oracle,0.0477209922964249
0.9,TS_oracle,0.0589938125877209
0.9,TS_oracle,0.0514452075359499
0.9,TS_oracle,0.057444440396758
0.9,TS_oracle,0.045378752565271
0.9,TS_oracle,0.0837313998994929
0.9,TS_oracle,0.0474274368170239
0.9,TS_oracle,0.0320336325111513
0.9,TS_oracle,0.0538336407271463
0.9,TS_oracle,0.111586663931712
0.9,TS_oracle,0.0825007235038468
0.9,TS_oracle,0.0593362807357117
0.9,TS_oracle,0.051989786592162
0.9,TS_oracle,0.0388406407572504
0.9,TS_oracle,0.0324701580318811
0.9,TS_oracle,0.0523224060208042
0.9,TS_oracle,0.0356962673793943
0.9,TS_oracle,0.0565326960188404
0.9,TS_oracle,0.0320052302796029
0.9,TS_oracle,0.0486038791125846
0.9,TS_oracle,0.0368818841024321
0.9,TS_oracle,0.0388989589706941
0.9,TS_oracle,0.0355452834394714
0.9,TS_oracle,0.0467773256825588
0.9,TS_oracle,0.0469372830664402
0.9,TS_oracle,0.051470691737737
0.9,TS_oracle,0.0585818947802518
0.9,TS_oracle,0.0280614999292725
0.9,TS_oracle,0.0524757215541159
0.9,TS_oracle,0.0683699245212944
0.9,TS_oracle,0.0549203563060847
0.9,TS_oracle,0.0500629658280956
0.9,TS_oracle,0.0217437392408529
0.9,TS_oracle,0.0344427256557821
0.9,TS_oracle,0.083074060832458
0.9,TS_oracle,0.0581502593570453
0.9,TS_oracle,0.0355370821220665
0.9,TS_oracle,0.0669295640378537
0.9,TS_oracle,0.0647658742327153
0.9,TS_oracle,0.0518846433455736
0.9,TS_oracle,0.0694781276819351
0.9,TS_oracle,0.0487676016865809
0.9,TS_oracle,0.0302808924054312
0.9,TS_oracle,0.0297912237926345
0.9,TS_oracle,0.0621403701280447
0.9,TS_oracle,0.0780373017635813
0.9,TS_oracle,0.133639265784246
0.9,TS_oracle,0.0253809544227386
0.9,TS_oracle,0.0787034577495597
0.9,TS_oracle,0.0302641267501542
0.9,TS_oracle,0.0649385878507849
0.9,TS_oracle,0.101947612018936
0.9,TS_oracle,0.0738841191834136
0.9,TS_oracle,0.0420610472140027
0.9,TS_oracle,0.0519497408043881
0.9,TS_oracle,0.102199378411576
0.9,TS_oracle,0.0659890478038454
0.9,TS_oracle,0.0393991145225116
0.9,TS_oracle,0.0513857357717409
0.9,TS_oracle,0.068957194793996
0.9,TS_oracle,0.0217551472005701
0.9,TS_oracle,0.0563266710390716
0.9,TS_oracle,0.0592214561680734
0.9,TS_oracle,0.0646999774609151
0.9,TS_oracle,0.0515382010660375
0.9,TS_oracle,0.0741332705238201
0.9,TS_oracle,0.0597251699448631
0.9,TS_oracle,0.078678254024024
0.9,TS_oracle,0.0460780321023321
0.9,TS_oracle,0.0629213903369241
0.9,TS_oracle,0.0423153857238497
0.9,TS_oracle,0.0281695483722933
0.9,TS_oracle,0.0557344438304601
0.9,TS_oracle,0.0429203939681372
0.9,TS_oracle,0.0401070960747128
0.9,TS_oracle,0.0342826059377962
0.9,TS_oracle,0.0464441195079292
0.9,TS_oracle,0.0317343040185368
0.9,TS_oracle,0.0387641105196258
0.9,TS_oracle,0.0281293409609907
0.9,TS_oracle,0.0396409646850598
