rho,methods,PE_value
0,PLS,0.0666110309972572
0,PLS,0.123391927840894
0,PLS,0.0556600151349143
0,PLS,0.0917351075905704
0,PLS,0.0494844101378773
0,PLS,0.0304081154693232
0,PLS,0.0840452944670822
0,PLS,0.118200991093495
0,PLS,0.0216373724475758
0,PLS,0.0512208720592948
0,PLS,-0.0271843381558201
0,PLS,0.0546493054628634
0,PLS,0.0864432784816449
0,PLS,0.0791996681200524
0,PLS,0.0870347631459978
0,PLS,0.0773398589353438
0,PLS,0.0705662080742961
0,PLS,0.099091967473556
0,PLS,0.0352192310170196
0,PLS,0.049273987044067
0,PLS,0.0918661249338235
0,PLS,0.0785136398254882
0,PLS,0.0445746115834187
0,PLS,0.0630670079323361
0,PLS,0.100702890456894
0,PLS,0.0565543525101195
0,PLS,0.0468936918170042
0,PLS,0.0538199643463433
0,PLS,0.0849640411216961
0,PLS,0.0529991009610895
0,PLS,0.0682608800263782
0,PLS,0.027194350269232
0,PLS,0.0463162054415291
0,PLS,0.0893760370794785
0,PLS,0.0186039968923997
0,PLS,0.0687666311011106
0,PLS,0.122638161993095
0,PLS,0.027298524749694
0,PLS,0.0674331542835105
0,PLS,0.110665288098014
0,PLS,0.0609668184095435
0,PLS,0.0529398509930428
0,PLS,0.106383664456112
0,PLS,0.0853224294810504
0,PLS,0.0697006800338398
0,PLS,0.0727981127480546
0,PLS,0.0899766647347031
0,PLS,0.106493453463142
0,PLS,0.142199650532595
0,PLS,0.0898100616833664
0,PLS,0.0169521088574591
0,PLS,0.0252352676109626
0,PLS,0.0475101271190297
0,PLS,0.0689391172586691
0,PLS,0.0985373126567428
0,PLS,0.110092651151287
0,PLS,0.013553061551832
0,PLS,0.0842216195891412
0,PLS,0.128317428378009
0,PLS,0.0453577450459477
0,PLS,0.0737265354788161
0,PLS,0.0234521802296845
0,PLS,0.0388714457081452
0,PLS,0.0783697187519199
0,PLS,0.0895429081993946
0,PLS,0.0450963764707637
0,PLS,-0.00356495207281415
0,PLS,0.0865498699268947
0,PLS,0.103614611120009
0,PLS,0.0815801955398037
0,PLS,0.06037582507522
0,PLS,0.0639089151882368
0,PLS,0.029625519965518
0,PLS,0.0940277226245534
0,PLS,0.0717928166711046
0,PLS,0.0452127165068574
0,PLS,0.0875715922246612
0,PLS,5.8868119937161e-05
0,PLS,0.033160729730523
0,PLS,0.111452450920791
0,PLS,0.0387049990709414
0,PLS,0.0520619137019314
0,PLS,0.0997435994659515
0,PLS,0.0241710126619827
0,PLS,0.0867540349044238
0,PLS,0.0191665615275614
0,PLS,0.0485013024202181
0,PLS,0.0707875999834262
0,PLS,0.0742828687078898
0,PLS,0.00875981778717994
0,PLS,0.0897592347200697
0,PLS,0.0660190870584121
0,PLS,0.0371871700587154
0,PLS,0.0446610853020439
0,PLS,-0.00686476602004493
0,PLS,0.0844553278561064
0,PLS,0.0597306089308691
0,PLS,0.103326328889258
0,PLS,0.0987041888548983
0,PLS,0.106663436124318
0,PLS,0.0900825877192963
0,PLS,0.0928464668532891
0,PLS,0.0355828716355915
0,PLS,0.0714507565388875
0,PLS,0.017027745789346
0,PLS,0.0643647870986119
0,PLS,0.0648003195007503
0,PLS,0.0343797894522544
0,PLS,0.0316434036262794
0,PLS,0.094365944486503
0,PLS,0.052609265198228
0,PLS,0.0978959110664945
0,PLS,0.0495221366359269
0,PLS,0.0766814494359243
0,PLS,0.0421096678681845
0,PLS,0.0569348853274241
0,PLS,0.0966580735756013
0,PLS,0.0417554245003624
0,PLS,0.0738004940210344
0,PLS,0.0765999196542684
0,PLS,0.0731129955083625
0,PLS,0.052290560469932
0,PLS,0.0777058864160871
0,PLS,0.0679282559787455
0,PLS,0.041589223863806
0,PLS,0.0793748269984367
0,PLS,0.0392674931785413
0,PLS,0.0627442151599467
0,PLS,0.095460648668023
0,PLS,0.0487854138507049
0,PLS,0.0233725843631423
0,PLS,0.0553495638454833
0,PLS,0.0734049551559322
0,PLS,0.128355200587989
0,PLS,0.0177415290485339
0,PLS,0.0679630068180681
0,PLS,0.0368427544862935
0,PLS,0.0292352989052576
0,PLS,0.0564187678637915
0,PLS,0.0484420466494799
0,PLS,0.0888856241406357
0,PLS,0.10832004862687
0,PLS,0.0290097277479606
0,PLS,0.0325415656739045
0,PLS,0.0712254909509427
0,PLS,0.0848268511664549
0,PLS,0.0872942707103315
0,PLS,0.0852101345538685
0,PLS,0.075389163307269
0,PLS,0.09534870018215
0,PLS,0.0464374411303976
0,PLS,0.0491374014580723
0,PLS,0.0286998195011625
0,PLS,0.0821566134551868
0,PLS,0.0654318755544374
0,PLS,0.0805574978022079
0,PLS,0.0747531831439476
0,PLS,0.0661089494806073
0,PLS,0.0255127054578612
0,PLS,0.0546577657021341
0,PLS,0.0950964800231344
0,PLS,0.0817707791787474
0,PLS,0.105281399282324
0,PLS,0.131728669419827
0,PLS,0.106744360767412
0,PLS,0.0961120418013219
0,PLS,0.140755986366893
0,PLS,0.113851908544666
0,PLS,0.0619427139102815
0,PLS,0.042872210573748
0,PLS,0.0691445298292988
0,PLS,0.0664887163501131
0,PLS,0.0933134455314226
0,PLS,0.0598527013309174
0,PLS,0.0190392714992735
0,PLS,0.0767059984830374
0,PLS,0.13212607475261
0,PLS,0.0529629566706238
0,PLS,-0.0139386360566628
0,PLS,0.100349355738366
0,PLS,0.0590250551873843
0,PLS,-0.0112170486208991
0,PLS,0.036369618356165
0,PLS,0.0447470143714452
0,PLS,0.0201933391948435
0,PLS,0.0792771337306313
0,PLS,0.104039777439913
0,PLS,0.0300059247583775
0,PLS,0.0703889954491106
0,PLS,0.0422670912730398
0,PLS,0.0705316153829492
0,PLS,0.131213465950208
0,PLS,0.146777272215
0,PLS,0.0573126476471943
0,PLS,0.0798434916120612
0,PLS,0.0742321048245869
0,PLS,0.0484572279863753
0,PLS,0.0644240743374489
0,PLS,0.0779318463618563
0,PLS,0.0413215856249041
0,fTS,0.0666137273322531
0,fTS,0.1233847492876
0,fTS,0.0556602594285782
0,fTS,0.091832204584114
0,fTS,0.0494869209813404
0,fTS,0.030395983670026
0,fTS,0.084061057510243
0,fTS,0.118200991093495
0,fTS,0.0212521194423259
0,fTS,0.0511579706110445
0,fTS,-0.0271343127005262
0,fTS,0.0546478568564497
0,fTS,0.0864432784816449
0,fTS,0.0791996681200524
0,fTS,0.0870664863661281
0,fTS,0.0773401467713557
0,fTS,0.0688860266320708
0,fTS,0.0990898996157881
0,fTS,0.035432612148619
0,fTS,0.049273987044067
0,fTS,0.0918661249338235
0,fTS,0.0779763568691498
0,fTS,0.0445768930968167
0,fTS,0.0630647229169523
0,fTS,0.100562828629535
0,fTS,0.0566302692346008
0,fTS,0.0470739326997613
0,fTS,0.0536728864648206
0,fTS,0.0842939363350357
0,fTS,0.0528691846401586
0,fTS,0.0687187763728745
0,fTS,0.0272148044153224
0,fTS,0.0463162054415291
0,fTS,0.0893959795639938
0,fTS,0.0185598104486935
0,fTS,0.0687139953184821
0,fTS,0.122731144151493
0,fTS,0.0272971730538498
0,fTS,0.0674503250030312
0,fTS,0.110665288098014
0,fTS,0.061084553562972
0,fTS,0.0527754431341096
0,fTS,0.106776000161327
0,fTS,0.0853227682216373
0,fTS,0.0697117233409434
0,fTS,0.0727974631874291
0,fTS,0.0899807506254748
0,fTS,0.106493453463142
0,fTS,0.142199650532595
0,fTS,0.0898100616833664
0,fTS,0.0169979937295548
0,fTS,0.0254382448023789
0,fTS,0.0479857641624601
0,fTS,0.0689391172586691
0,fTS,0.0985373126567428
0,fTS,0.110092651151287
0,fTS,0.0135091966843541
0,fTS,0.0842279665604091
0,fTS,0.128317428378009
0,fTS,0.0453529152880645
0,fTS,0.073749943167166
0,fTS,0.0235085498902403
0,fTS,0.0388684964922643
0,fTS,0.0783697187519199
0,fTS,0.0894985229937466
0,fTS,0.0450963764707637
0,fTS,-0.00356495207281415
0,fTS,0.0865722113095775
0,fTS,0.103700034594367
0,fTS,0.0818523160995113
0,fTS,0.0603757735591486
0,fTS,0.0639089151882368
0,fTS,0.029625519965518
0,fTS,0.094093772463725
0,fTS,0.0717928166711046
0,fTS,0.0455720401174939
0,fTS,0.0875713918966812
0,fTS,0.000275161655323597
0,fTS,0.0332051889717437
0,fTS,0.111452450920791
0,fTS,0.0385954112608129
0,fTS,0.0523020259290066
0,fTS,0.0990705264659126
0,fTS,0.0241629825526528
0,fTS,0.0869955266386451
0,fTS,0.0191781434047043
0,fTS,0.0484913905031157
0,fTS,0.0707516869523772
0,fTS,0.074317553924981
0,fTS,0.00875981778717994
0,fTS,0.0898097971116225
0,fTS,0.065995271157935
0,fTS,0.037240589414419
0,fTS,0.0446610039632194
0,fTS,-0.00686476602004493
0,fTS,0.0852122775867934
0,fTS,0.0595789245296343
0,fTS,0.102629786274105
0,fTS,0.0986801772926114
0,fTS,0.106151951454459
0,fTS,0.0900825877192963
0,fTS,0.0928506340071025
0,fTS,0.0358537770035012
0,fTS,0.0713186237158139
0,fTS,0.0170273365383975
0,fTS,0.0643190626268266
0,fTS,0.0637268031203424
0,fTS,0.0343797108630965
0,fTS,0.0317868773490924
0,fTS,0.0940600617782783
0,fTS,0.0526562955333099
0,fTS,0.0978563536980546
0,fTS,0.0496119138850977
0,fTS,0.0766814494359243
0,fTS,0.0421354276182579
0,fTS,0.0569348853274241
0,fTS,0.0966759134202413
0,fTS,0.0417554245003624
0,fTS,0.0742970533708185
0,fTS,0.0765999196542684
0,fTS,0.073442870077572
0,fTS,0.052290560469932
0,fTS,0.0777058864160871
0,fTS,0.0679242549349823
0,fTS,0.041589223863806
0,fTS,0.0793845485196296
0,fTS,0.039340235612253
0,fTS,0.0627442151599467
0,fTS,0.095460648668023
0,fTS,0.0485156269470419
0,fTS,0.023366227620873
0,fTS,0.0553495638454833
0,fTS,0.0733914487090004
0,fTS,0.128458884287887
0,fTS,0.0176498582085152
0,fTS,0.0680505099118047
0,fTS,0.0368321648784709
0,fTS,0.0292344356868288
0,fTS,0.0564417392969827
0,fTS,0.0484686226660074
0,fTS,0.088875868886449
0,fTS,0.108249580894705
0,fTS,0.0290279921739485
0,fTS,0.0325380831025484
0,fTS,0.071363734464662
0,fTS,0.0848691680695863
0,fTS,0.087738139412938
0,fTS,0.0852033745021983
0,fTS,0.075356067797455
0,fTS,0.09534870018215
0,fTS,0.0462974718253124
0,fTS,0.0491374014580723
0,fTS,0.0287164887042721
0,fTS,0.082009192303915
0,fTS,0.0654318755544374
0,fTS,0.0807348141651827
0,fTS,0.0748243946729765
0,fTS,0.0661089494806073
0,fTS,0.0255127130887569
0,fTS,0.0546410265003112
0,fTS,0.0950964800231344
0,fTS,0.0819146403025524
0,fTS,0.105301509898235
0,fTS,0.131629545576134
0,fTS,0.106844090338571
0,fTS,0.0961256842704803
0,fTS,0.140780451508335
0,fTS,0.113631339629427
0,fTS,0.06199743951063
0,fTS,0.0429579268650846
0,fTS,0.0690613547926331
0,fTS,0.0664439924517364
0,fTS,0.0933134455314226
0,fTS,0.0597306788567862
0,fTS,0.0190754186779267
0,fTS,0.0766798344298181
0,fTS,0.13212607475261
0,fTS,0.0529629566706238
0,fTS,-0.0138408570973785
0,fTS,0.100349782009323
0,fTS,0.0590205139389517
0,fTS,-0.0112369396927864
0,fTS,0.0361915757533842
0,fTS,0.04471966579029
0,fTS,0.0201905911728488
0,fTS,0.0792851717863852
0,fTS,0.103875299424473
0,fTS,0.0299221975966375
0,fTS,0.0704499701067864
0,fTS,0.0422865183838286
0,fTS,0.0707045112143536
0,fTS,0.131505238554747
0,fTS,0.146796483344681
0,fTS,0.0573224672416701
0,fTS,0.0798434916120612
0,fTS,0.0742321048245869
0,fTS,0.0484572279863753
0,fTS,0.0631179389773591
0,fTS,0.0782898431017529
0,fTS,0.0413215856249041
0,LS_oracle,0.0663333388150356
0,LS_oracle,0.123461802948308
0,LS_oracle,0.0559521868190516
0,LS_oracle,0.091874038143146
0,LS_oracle,0.0493310993156197
0,LS_oracle,0.0305365944005382
0,LS_oracle,0.0826953127851817
0,LS_oracle,0.117644369459599
0,LS_oracle,0.0230607129283376
0,LS_oracle,0.051116654023444
0,LS_oracle,-0.0270734781299139
0,LS_oracle,0.0549518728969967
0,LS_oracle,0.0850910135444707
0,LS_oracle,0.0806489699163528
0,LS_oracle,0.0871646467154834
0,LS_oracle,0.0735995041954474
0,LS_oracle,0.0666839302721347
0,LS_oracle,0.0983258951946173
0,LS_oracle,0.0351974152036671
0,LS_oracle,0.0505021141895112
0,LS_oracle,0.0914671628190478
0,LS_oracle,0.0787075439038836
0,LS_oracle,0.0451839465401422
0,LS_oracle,0.0628362519293211
0,LS_oracle,0.100140766967297
0,LS_oracle,0.0549417376617793
0,LS_oracle,0.0457020939995221
0,LS_oracle,0.0532955725495252
0,LS_oracle,0.08475539708818
0,LS_oracle,0.0510830954783137
0,LS_oracle,0.0685879550583122
0,LS_oracle,0.0271552292914261
0,LS_oracle,0.047250117368808
0,LS_oracle,0.0884759651153053
0,LS_oracle,0.0196877456820523
0,LS_oracle,0.0690295716147122
0,LS_oracle,0.122764315381826
0,LS_oracle,0.0260527972838782
0,LS_oracle,0.066716235878878
0,LS_oracle,0.111368388698486
0,LS_oracle,0.0605146510610688
0,LS_oracle,0.051464145689659
0,LS_oracle,0.106505305509076
0,LS_oracle,0.0841082856096511
0,LS_oracle,0.0702158107560102
0,LS_oracle,0.0729387237017507
0,LS_oracle,0.0890291048935559
0,LS_oracle,0.105460244190712
0,LS_oracle,0.142472780096055
0,LS_oracle,0.0907949968612354
0,LS_oracle,0.0139465478320417
0,LS_oracle,0.0238767571037433
0,LS_oracle,0.0452909101704668
0,LS_oracle,0.0689292403854618
0,LS_oracle,0.0960760539460017
0,LS_oracle,0.110308173588776
0,LS_oracle,0.0133503785208753
0,LS_oracle,0.0841592527512705
0,LS_oracle,0.127979335639292
0,LS_oracle,0.0450564009037944
0,LS_oracle,0.0741049623238446
0,LS_oracle,0.0240414545046033
0,LS_oracle,0.0372070369987256
0,LS_oracle,0.07504921887172
0,LS_oracle,0.0894098105239041
0,LS_oracle,0.0448463146996949
0,LS_oracle,-0.00485383611856316
0,LS_oracle,0.0864801618730164
0,LS_oracle,0.103602516057955
0,LS_oracle,0.0820951245545869
0,LS_oracle,0.0587240204832915
0,LS_oracle,0.0638883793753469
0,LS_oracle,0.0278268210975254
0,LS_oracle,0.0936781845219412
0,LS_oracle,0.0715532446727791
0,LS_oracle,0.0461603121980789
0,LS_oracle,0.0883459054983626
0,LS_oracle,-0.00181364141233953
0,LS_oracle,0.0334189731244954
0,LS_oracle,0.110302284976253
0,LS_oracle,0.0381551518966752
0,LS_oracle,0.0519393507591897
0,LS_oracle,0.098535135232183
0,LS_oracle,0.024719329344892
0,LS_oracle,0.0866190801062996
0,LS_oracle,0.0191476787448042
0,LS_oracle,0.0482433418803254
0,LS_oracle,0.0730285524127408
0,LS_oracle,0.0757950755763301
0,LS_oracle,0.00798183222110538
0,LS_oracle,0.0898621869705822
0,LS_oracle,0.0659592070479353
0,LS_oracle,0.0370665684227425
0,LS_oracle,0.0446547593400941
0,LS_oracle,-0.00691380030492617
0,LS_oracle,0.0834934300047938
0,LS_oracle,0.0613249067944175
0,LS_oracle,0.103287184334359
0,LS_oracle,0.0973383539138886
0,LS_oracle,0.100856693852862
0,LS_oracle,0.0903744235892943
0,LS_oracle,0.0928464525327615
0,LS_oracle,0.0351671758796741
0,LS_oracle,0.0714610976258949
0,LS_oracle,0.0169690354361887
0,LS_oracle,0.0643779918559859
0,LS_oracle,0.0639932696274075
0,LS_oracle,0.0344757739958717
0,LS_oracle,0.0313258409232122
0,LS_oracle,0.094449102139029
0,LS_oracle,0.0525042702600009
0,LS_oracle,0.0983554387982633
0,LS_oracle,0.0504654984679138
0,LS_oracle,0.0765293887245937
0,LS_oracle,0.0420499423319356
0,LS_oracle,0.0567900620070447
0,LS_oracle,0.0974446835291958
0,LS_oracle,0.041756771753195
0,LS_oracle,0.0740464875631333
0,LS_oracle,0.0765369548061074
0,LS_oracle,0.0734682023624071
0,LS_oracle,0.0535537730548992
0,LS_oracle,0.0777551930146136
0,LS_oracle,0.0674095189612158
0,LS_oracle,0.0414934396586355
0,LS_oracle,0.0793884949022132
0,LS_oracle,0.0386618784624393
0,LS_oracle,0.0627285499627654
0,LS_oracle,0.0957277561073442
0,LS_oracle,0.0482971289744969
0,LS_oracle,0.0234322614758122
0,LS_oracle,0.0536271018879768
0,LS_oracle,0.0736354369840804
0,LS_oracle,0.13057636656949
0,LS_oracle,0.0177901310642081
0,LS_oracle,0.0675756794243192
0,LS_oracle,0.0368392974551723
0,LS_oracle,0.028916869980278
0,LS_oracle,0.0537128056000731
0,LS_oracle,0.0480066384606532
0,LS_oracle,0.0889822648728436
0,LS_oracle,0.108780382039143
0,LS_oracle,0.0268473449310773
0,LS_oracle,0.0324197484713569
0,LS_oracle,0.0721136360077665
0,LS_oracle,0.0848608933471038
0,LS_oracle,0.0876228547073461
0,LS_oracle,0.0851562006334536
0,LS_oracle,0.0754174989299063
0,LS_oracle,0.095388296290946
0,LS_oracle,0.0459582340630493
0,LS_oracle,0.05098782145439
0,LS_oracle,0.0286337670904844
0,LS_oracle,0.0822235061937298
0,LS_oracle,0.0644095100186826
0,LS_oracle,0.0805973911051017
0,LS_oracle,0.0743490401987004
0,LS_oracle,0.0663943107628964
0,LS_oracle,0.0261125960986985
0,LS_oracle,0.0543466857788006
0,LS_oracle,0.0947741974791818
0,LS_oracle,0.0811839246307138
0,LS_oracle,0.105033452890517
0,LS_oracle,0.132586254463955
0,LS_oracle,0.107993777456169
0,LS_oracle,0.0961098582124231
0,LS_oracle,0.139507016822804
0,LS_oracle,0.113753364235018
0,LS_oracle,0.062769280084999
0,LS_oracle,0.0429022711497393
0,LS_oracle,0.0690372111232649
0,LS_oracle,0.0667330687313601
0,LS_oracle,0.0938410302345751
0,LS_oracle,0.057782979489061
0,LS_oracle,0.017551572279936
0,LS_oracle,0.0769493542007769
0,LS_oracle,0.132356597851768
0,LS_oracle,0.053000054448527
0,LS_oracle,-0.0138093044290067
0,LS_oracle,0.1000439513986
0,LS_oracle,0.059221258148086
0,LS_oracle,-0.0114183665891517
0,LS_oracle,0.0364275820666802
0,LS_oracle,0.0447252389368331
0,LS_oracle,0.0194691610239397
0,LS_oracle,0.0792831272589993
0,LS_oracle,0.104082716396165
0,LS_oracle,0.0302727213293277
0,LS_oracle,0.0702553450547341
0,LS_oracle,0.042611538003547
0,LS_oracle,0.0688077499833424
0,LS_oracle,0.12783707190002
0,LS_oracle,0.146776114064313
0,LS_oracle,0.0577388497043034
0,LS_oracle,0.0800670413839994
0,LS_oracle,0.0743374406394037
0,LS_oracle,0.0481526785600443
0,LS_oracle,0.0619697807466741
0,LS_oracle,0.0787955916255663
0,LS_oracle,0.0417072512136705
0,TS_oracle,0.066336043444607
0,TS_oracle,0.123454529040021
0,TS_oracle,0.0559524533316094
0,TS_oracle,0.0919691697001352
0,TS_oracle,0.0493209524775844
0,TS_oracle,0.030542935518185
0,TS_oracle,0.0826826299963395
0,TS_oracle,0.117644369459599
0,TS_oracle,0.02260885595884
0,TS_oracle,0.0510575045155757
0,TS_oracle,-0.0270192548654069
0,TS_oracle,0.0549518728969967
0,TS_oracle,0.0850910135444707
0,TS_oracle,0.0806463374181723
0,TS_oracle,0.0871944272614544
0,TS_oracle,0.0735996968098387
0,TS_oracle,0.0665649361882936
0,TS_oracle,0.0983237941293733
0,TS_oracle,0.0354127413721024
0,TS_oracle,0.0505021141895112
0,TS_oracle,0.0914671628190478
0,TS_oracle,0.078164896479862
0,TS_oracle,0.0451964427417717
0,TS_oracle,0.0628353434503601
0,TS_oracle,0.100146443121701
0,TS_oracle,0.0550246835042383
0,TS_oracle,0.0457136054029514
0,TS_oracle,0.0530909446414973
0,TS_oracle,0.0841456776984391
0,TS_oracle,0.0509396320619941
0,TS_oracle,0.0693613341035386
0,TS_oracle,0.0272031738988205
0,TS_oracle,0.047250117368808
0,TS_oracle,0.0883931965094134
0,TS_oracle,0.0196499017212621
0,TS_oracle,0.0689760874430942
0,TS_oracle,0.122841808969048
0,TS_oracle,0.026054086437163
0,TS_oracle,0.066875282809068
0,TS_oracle,0.111368388698486
0,TS_oracle,0.0605642365091195
0,TS_oracle,0.0512793112065408
0,TS_oracle,0.106505305509076
0,TS_oracle,0.0841067625239174
0,TS_oracle,0.0702227492106173
0,TS_oracle,0.0729380367398558
0,TS_oracle,0.0890438944319702
0,TS_oracle,0.105460244190712
0,TS_oracle,0.142502388527554
0,TS_oracle,0.0907949968612354
0,TS_oracle,0.0139909053922895
0,TS_oracle,0.0240802654144958
0,TS_oracle,0.0452722061655388
0,TS_oracle,0.0689292403854618
0,TS_oracle,0.0961624353314936
0,TS_oracle,0.110308173588776
0,TS_oracle,0.0133138478981247
0,TS_oracle,0.0841583736694818
0,TS_oracle,0.127979335639292
0,TS_oracle,0.0450551759857107
0,TS_oracle,0.0741285099414306
0,TS_oracle,0.0240853698097747
0,TS_oracle,0.0371825969486717
0,TS_oracle,0.0750397047511822
0,TS_oracle,0.0893394831492034
0,TS_oracle,0.0448463146996949
0,TS_oracle,-0.00485383611856316
0,TS_oracle,0.0864590196958435
0,TS_oracle,0.103687546478677
0,TS_oracle,0.0823648839590567
0,TS_oracle,0.0587242558078074
0,TS_oracle,0.0638883793753469
0,TS_oracle,0.0278268210975254
0,TS_oracle,0.0937610593230374
0,TS_oracle,0.0715735786383522
0,TS_oracle,0.0463806303999004
0,TS_oracle,0.088345676231689
0,TS_oracle,-0.00183001611086275
0,TS_oracle,0.033468388175842
0,TS_oracle,0.110302284976253
0,TS_oracle,0.0380549402738712
0,TS_oracle,0.0519566406833714
0,TS_oracle,0.0984665054406848
0,TS_oracle,0.0247205834440141
0,TS_oracle,0.0866368054395132
0,TS_oracle,0.0191609624218636
0,TS_oracle,0.0482361943394873
0,TS_oracle,0.0729675135792287
0,TS_oracle,0.0758386174018146
0,TS_oracle,0.00798183222110538
0,TS_oracle,0.0899045412742669
0,TS_oracle,0.0659352798749484
0,TS_oracle,0.0371161687800454
0,TS_oracle,0.0446545087837045
0,TS_oracle,-0.00691380030492617
0,TS_oracle,0.0837030799088083
0,TS_oracle,0.0611280068542486
0,TS_oracle,0.102670223488078
0,TS_oracle,0.0973199431666814
0,TS_oracle,0.100916502729341
0,TS_oracle,0.0903744235892943
0,TS_oracle,0.0928506346595583
0,TS_oracle,0.0350189882452558
0,TS_oracle,0.071327807593661
0,TS_oracle,0.0168037941808119
0,TS_oracle,0.0643322890561995
0,TS_oracle,0.0638879501865632
0,TS_oracle,0.034475715775415
0,TS_oracle,0.0313659343902029
0,TS_oracle,0.0940468961739773
0,TS_oracle,0.0525417462527953
0,TS_oracle,0.098296160843901
0,TS_oracle,0.0505417565248361
0,TS_oracle,0.0765256195372037
0,TS_oracle,0.0420695080179381
0,TS_oracle,0.0567900620070447
0,TS_oracle,0.0974637082131709
0,TS_oracle,0.041756771753195
0,TS_oracle,0.0745522261994755
0,TS_oracle,0.0765369548061074
0,TS_oracle,0.0737161601626255
0,TS_oracle,0.0535537730548992
0,TS_oracle,0.0777551930146136
0,TS_oracle,0.0674078001266605
0,TS_oracle,0.0414934396586355
0,TS_oracle,0.0793889871532332
0,TS_oracle,0.0386661196072657
0,TS_oracle,0.0626976813925508
0,TS_oracle,0.0957280737770017
0,TS_oracle,0.0480442074722054
0,TS_oracle,0.0234257824135029
0,TS_oracle,0.0536271018879768
0,TS_oracle,0.0736058426838988
0,TS_oracle,0.130684232806727
0,TS_oracle,0.0177538257625967
0,TS_oracle,0.0676516677772505
0,TS_oracle,0.0368285842870819
0,TS_oracle,0.0289182648335393
0,TS_oracle,0.0537355630074481
0,TS_oracle,0.0480093706905544
0,TS_oracle,0.088968780149886
0,TS_oracle,0.108780382039143
0,TS_oracle,0.0268682959786262
0,TS_oracle,0.0324182579674313
0,TS_oracle,0.0722429271276392
0,TS_oracle,0.084903403782643
0,TS_oracle,0.0880543441132593
0,TS_oracle,0.0851562006334536
0,TS_oracle,0.0753852166997533
0,TS_oracle,0.095388296290946
0,TS_oracle,0.0458786699285678
0,TS_oracle,0.05098782145439
0,TS_oracle,0.0286503263171221
0,TS_oracle,0.082153582767033
0,TS_oracle,0.0644095100186826
0,TS_oracle,0.0807593915505906
0,TS_oracle,0.0744146650348914
0,TS_oracle,0.0663176095093261
0,TS_oracle,0.0261125960986985
0,TS_oracle,0.054329953926654
0,TS_oracle,0.0947741974791818
0,TS_oracle,0.0813476180843993
0,TS_oracle,0.105062070033837
0,TS_oracle,0.132517851643768
0,TS_oracle,0.108207426958409
0,TS_oracle,0.0961240015254696
0,TS_oracle,0.139538976747222
0,TS_oracle,0.113522334595881
0,TS_oracle,0.0628138318112292
0,TS_oracle,0.0429870005808775
0,TS_oracle,0.0689558263887637
0,TS_oracle,0.0666854457973065
0,TS_oracle,0.0937088349920827
0,TS_oracle,0.0577709749378608
0,TS_oracle,0.0175570524877944
0,TS_oracle,0.0769164529053852
0,TS_oracle,0.132356597851768
0,TS_oracle,0.053000054448527
0,TS_oracle,-0.013787843911732
0,TS_oracle,0.100041382029433
0,TS_oracle,0.059219978714677
0,TS_oracle,-0.0114362629346072
0,TS_oracle,0.036291020823328
0,TS_oracle,0.0446987361821645
0,TS_oracle,0.0194671479705089
0,TS_oracle,0.0792829061283784
0,TS_oracle,0.104082716396165
0,TS_oracle,0.030163337057699
0,TS_oracle,0.0703176296332184
0,TS_oracle,0.0425781577895556
0,TS_oracle,0.0690076021115715
0,TS_oracle,0.128014965563342
0,TS_oracle,0.146733530088801
0,TS_oracle,0.0577494255419946
0,TS_oracle,0.0800670413839994
0,TS_oracle,0.074337440639404
0,TS_oracle,0.0479998101873829
0,TS_oracle,0.0617573381961647
0,TS_oracle,0.0787701139181001
0,TS_oracle,0.0417072512136705
0.1,PLS,0.055179529136993
0.1,PLS,0.0993967791949897
0.1,PLS,0.0682979080295754
0.1,PLS,0.0272120518258117
0.1,PLS,0.0476061180710219
0.1,PLS,0.0350568983234856
0.1,PLS,0.0934175499228032
0.1,PLS,0.0539408299449873
0.1,PLS,0.0836344536065099
0.1,PLS,0.0740924269698089
0.1,PLS,0.0798025448227353
0.1,PLS,-0.0140630283585612
0.1,PLS,0.0669694350161569
0.1,PLS,0.0394259765230385
0.1,PLS,0.0753451238710465
0.1,PLS,0.034840795144865
0.1,PLS,0.0593196585754272
0.1,PLS,0.101727829094389
0.1,PLS,0.0641736541325324
0.1,PLS,0.120124789663944
0.1,PLS,0.0721118810099826
0.1,PLS,0.10828245756581
0.1,PLS,0.0266110715355785
0.1,PLS,0.0511010232135516
0.1,PLS,-0.000717198744408787
0.1,PLS,0.0644073681220503
0.1,PLS,0.05262367045364
0.1,PLS,0.0390844513652093
0.1,PLS,0.0901815584380181
0.1,PLS,0.037885798740106
0.1,PLS,0.0904521105792504
0.1,PLS,0.0584567942682133
0.1,PLS,0.07909549781864
0.1,PLS,0.0532671695469038
0.1,PLS,0.0505140866885907
0.1,PLS,0.0916477215435769
0.1,PLS,0.0612833435069546
0.1,PLS,0.0672144305178042
0.1,PLS,0.0411777801657267
0.1,PLS,0.0246353288236676
0.1,PLS,0.0331602231218169
0.1,PLS,0.0599841852949026
0.1,PLS,0.0848151602012059
0.1,PLS,0.0658984802319755
0.1,PLS,0.0732855292780048
0.1,PLS,0.070035904825213
0.1,PLS,0.0776734461262847
0.1,PLS,0.0584169296058945
0.1,PLS,0.0523702341404473
0.1,PLS,0.0493687692660063
0.1,PLS,0.0565534417047664
0.1,PLS,0.0371552200464735
0.1,PLS,0.0608587385523196
0.1,PLS,0.0914811050968831
0.1,PLS,0.0369669244580368
0.1,PLS,0.0526670875926796
0.1,PLS,0.056658635610189
0.1,PLS,0.0615654516188662
0.1,PLS,0.14225732013931
0.1,PLS,0.0568311627833116
0.1,PLS,0.0296308310049667
0.1,PLS,0.0293021662874524
0.1,PLS,0.0856225392604748
0.1,PLS,0.0953573537496837
0.1,PLS,0.0628668313806591
0.1,PLS,0.0918016313607422
0.1,PLS,0.0782251301275405
0.1,PLS,0.0114215382267422
0.1,PLS,0.0608372299537596
0.1,PLS,0.075184141023396
0.1,PLS,0.0906295903641408
0.1,PLS,0.0940546346107434
0.1,PLS,0.0608083678310449
0.1,PLS,0.0506069894393606
0.1,PLS,0.0647728031874015
0.1,PLS,0.0399187918033728
0.1,PLS,0.0804473369414171
0.1,PLS,0.0584701120657292
0.1,PLS,0.0485894132566602
0.1,PLS,0.0773545063004852
0.1,PLS,0.044522622627263
0.1,PLS,0.0805917305891388
0.1,PLS,0.0905376171616781
0.1,PLS,0.0192630490120811
0.1,PLS,-0.0179417366491373
0.1,PLS,0.103315750870022
0.1,PLS,0.0492231024287735
0.1,PLS,0.075963044856167
0.1,PLS,0.0502500070595928
0.1,PLS,0.0763193210085806
0.1,PLS,0.0693094604991085
0.1,PLS,0.0684754394864411
0.1,PLS,0.0925490786248844
0.1,PLS,0.0721247006606793
0.1,PLS,0.037182893475646
0.1,PLS,0.055242588632052
0.1,PLS,0.0218754245717998
0.1,PLS,0.051887846429264
0.1,PLS,0.10357340282019
0.1,PLS,0.0840129392889677
0.1,PLS,0.0380477691281167
0.1,PLS,0.120028093270189
0.1,PLS,0.0853963131971205
0.1,PLS,0.0332473279227503
0.1,PLS,0.0516032875020307
0.1,PLS,0.0836181325331169
0.1,PLS,0.0077482712734005
0.1,PLS,0.0419428464386968
0.1,PLS,0.0568375771271046
0.1,PLS,0.0327736687963267
0.1,PLS,0.0741659787971765
0.1,PLS,0.064876837535583
0.1,PLS,0.0209930885420591
0.1,PLS,0.020709520381929
0.1,PLS,0.0752778474012441
0.1,PLS,0.0855435488903604
0.1,PLS,0.0939825469858451
0.1,PLS,0.0804512512934275
0.1,PLS,0.0758732656055319
0.1,PLS,0.117091074369319
0.1,PLS,0.109983294291078
0.1,PLS,0.031478401228981
0.1,PLS,0.110311695519705
0.1,PLS,0.0791105133862657
0.1,PLS,0.0758158614346021
0.1,PLS,0.0785755493416915
0.1,PLS,0.0767663588903169
0.1,PLS,0.116246689313837
0.1,PLS,0.0984432750747051
0.1,PLS,0.0441328843161635
0.1,PLS,0.125021592979811
0.1,PLS,0.0523485539431732
0.1,PLS,0.0440891109627621
0.1,PLS,0.0626436211073051
0.1,PLS,0.0821072400195393
0.1,PLS,0.0912880462045917
0.1,PLS,0.0608122954951413
0.1,PLS,0.0412644387827716
0.1,PLS,0.104279677653601
0.1,PLS,0.0835580129920765
0.1,PLS,0.0283867131571405
0.1,PLS,0.0928499302405088
0.1,PLS,0.106893723575452
0.1,PLS,0.0718480331219009
0.1,PLS,0.0437347747957726
0.1,PLS,0.0321703991729039
0.1,PLS,0.114351590982475
0.1,PLS,0.120241137181618
0.1,PLS,0.0738728259259394
0.1,PLS,0.0963151009425032
0.1,PLS,0.105110855757842
0.1,PLS,0.0362205438871794
0.1,PLS,0.0218989637139231
0.1,PLS,0.102118940429353
0.1,PLS,0.0486635509709452
0.1,PLS,0.113553510357311
0.1,PLS,0.0878305859359774
0.1,PLS,0.0630186776420059
0.1,PLS,0.0496282115645093
0.1,PLS,0.0662527322746065
0.1,PLS,0.0630258158398203
0.1,PLS,0.0679700343643881
0.1,PLS,0.0445842424969656
0.1,PLS,0.0936028273443397
0.1,PLS,0.105730478715614
0.1,PLS,0.0391876014245953
0.1,PLS,0.0770962956743719
0.1,PLS,0.0713952707611243
0.1,PLS,0.0480646494293211
0.1,PLS,0.123147023487353
0.1,PLS,0.0584617546054693
0.1,PLS,0.0461121874148351
0.1,PLS,0.0440292271743281
0.1,PLS,0.114836062213967
0.1,PLS,0.0517758525038605
0.1,PLS,0.146697161032483
0.1,PLS,0.0886655844298569
0.1,PLS,0.0352984077461604
0.1,PLS,0.0533122528053112
0.1,PLS,0.0616606807997537
0.1,PLS,0.0906073226536748
0.1,PLS,0.082848407789295
0.1,PLS,0.0313772565858008
0.1,PLS,0.069907812557672
0.1,PLS,0.0615551494510731
0.1,PLS,0.0598028682679277
0.1,PLS,0.0789327038262693
0.1,PLS,0.103609975328993
0.1,PLS,0.135134769070146
0.1,PLS,0.0343147068352596
0.1,PLS,0.0417737985162887
0.1,PLS,0.0815529187307953
0.1,PLS,0.108189078773602
0.1,PLS,0.0332125583393046
0.1,PLS,0.150164785012511
0.1,PLS,0.0659884979820777
0.1,PLS,0.106692414468711
0.1,PLS,0.0685672489927986
0.1,PLS,0.0513961936111353
0.1,PLS,0.0554088021409969
0.1,fTS,0.0550537865850302
0.1,fTS,0.0993715717367392
0.1,fTS,0.0693064300883326
0.1,fTS,0.0272120518258117
0.1,fTS,0.0481504986477366
0.1,fTS,0.0344880493309416
0.1,fTS,0.0919926660567207
0.1,fTS,0.0544431884039933
0.1,fTS,0.0816189011698527
0.1,fTS,0.0739687911758702
0.1,fTS,0.079523826800614
0.1,fTS,-0.0140630283585612
0.1,fTS,0.0689832158533128
0.1,fTS,0.0386539106580077
0.1,fTS,0.0753451238710465
0.1,fTS,0.0356005433228246
0.1,fTS,0.0589834018264146
0.1,fTS,0.100997653752992
0.1,fTS,0.0641736541325324
0.1,fTS,0.122606306222697
0.1,fTS,0.0723524083197316
0.1,fTS,0.107785240149729
0.1,fTS,0.024442364752048
0.1,fTS,0.0508693248090359
0.1,fTS,-0.00242383951691172
0.1,fTS,0.0632826090624601
0.1,fTS,0.050973627765551
0.1,fTS,0.0405155580175496
0.1,fTS,0.0903585995202592
0.1,fTS,0.036319722556629
0.1,fTS,0.0904521105792504
0.1,fTS,0.0579225953522613
0.1,fTS,0.0775833883930304
0.1,fTS,0.0527467695583788
0.1,fTS,0.0505194876650146
0.1,fTS,0.0919215973025933
0.1,fTS,0.0598106392870421
0.1,fTS,0.0670874123345584
0.1,fTS,0.0405758057880587
0.1,fTS,0.0246353288236676
0.1,fTS,0.0328297399363129
0.1,fTS,0.0590592590565406
0.1,fTS,0.0816472218677677
0.1,fTS,0.0676189696089924
0.1,fTS,0.0732555499646681
0.1,fTS,0.0691916023630046
0.1,fTS,0.0789423789700954
0.1,fTS,0.0597353975719912
0.1,fTS,0.0503181902971379
0.1,fTS,0.0503776671300205
0.1,fTS,0.0563783472554027
0.1,fTS,0.0377615964336211
0.1,fTS,0.0598223833406286
0.1,fTS,0.0913776375268922
0.1,fTS,0.0374780193943343
0.1,fTS,0.0519777661348044
0.1,fTS,0.0566676500600602
0.1,fTS,0.0613357403353381
0.1,fTS,0.142224417061899
0.1,fTS,0.0568311627833116
0.1,fTS,0.0293334815374495
0.1,fTS,0.0272935470147351
0.1,fTS,0.0861101365467107
0.1,fTS,0.0947153857330745
0.1,fTS,0.0617605042797453
0.1,fTS,0.0924802913130023
0.1,fTS,0.0779307476234452
0.1,fTS,0.00985466275480773
0.1,fTS,0.0583725465694769
0.1,fTS,0.0767978143459918
0.1,fTS,0.0909665596179794
0.1,fTS,0.0912114944861959
0.1,fTS,0.0620055351273796
0.1,fTS,0.0486910004500478
0.1,fTS,0.0646474158568782
0.1,fTS,0.0400149658199667
0.1,fTS,0.0804838115439859
0.1,fTS,0.0573576665682298
0.1,fTS,0.044957062457011
0.1,fTS,0.0774714970563479
0.1,fTS,0.0434696749334973
0.1,fTS,0.080270191343182
0.1,fTS,0.0902156072621245
0.1,fTS,0.0193549388972938
0.1,fTS,-0.0176847011863349
0.1,fTS,0.103315750870022
0.1,fTS,0.0493684862818295
0.1,fTS,0.0764376949337877
0.1,fTS,0.0516941382006908
0.1,fTS,0.0760155812160708
0.1,fTS,0.0685123739933793
0.1,fTS,0.0685736530027996
0.1,fTS,0.0910981142617888
0.1,fTS,0.0775351578451511
0.1,fTS,0.0362887599606707
0.1,fTS,0.055110800426077
0.1,fTS,0.0218754245717998
0.1,fTS,0.0529519193384707
0.1,fTS,0.103548270041643
0.1,fTS,0.0840129392889677
0.1,fTS,0.0374404516401601
0.1,fTS,0.119898892542563
0.1,fTS,0.0853287294954188
0.1,fTS,0.0334077890662985
0.1,fTS,0.0481876043759228
0.1,fTS,0.0792022250996196
0.1,fTS,0.00788762573932189
0.1,fTS,0.036835270874269
0.1,fTS,0.0544340836346517
0.1,fTS,0.0327736687963267
0.1,fTS,0.0747277531154051
0.1,fTS,0.0643510784629351
0.1,fTS,0.020749597458958
0.1,fTS,0.020829527700738
0.1,fTS,0.0756620137213864
0.1,fTS,0.0858633951260048
0.1,fTS,0.0935085897902088
0.1,fTS,0.0791100105444746
0.1,fTS,0.0759144961239608
0.1,fTS,0.117091074369319
0.1,fTS,0.112011168928461
0.1,fTS,0.0306778944862309
0.1,fTS,0.110379440394426
0.1,fTS,0.0784367217162818
0.1,fTS,0.0742819750390742
0.1,fTS,0.0797608863120434
0.1,fTS,0.0789630782774935
0.1,fTS,0.115326758671562
0.1,fTS,0.0979843888030547
0.1,fTS,0.044028786766189
0.1,fTS,0.124363672692384
0.1,fTS,0.0513395636773184
0.1,fTS,0.0430446577189443
0.1,fTS,0.0619447478223039
0.1,fTS,0.0821072400195393
0.1,fTS,0.0912880462045917
0.1,fTS,0.0602982720811629
0.1,fTS,0.0392353593384165
0.1,fTS,0.102124574652518
0.1,fTS,0.0840883721497427
0.1,fTS,0.0275717491045384
0.1,fTS,0.094550084994232
0.1,fTS,0.106554905355882
0.1,fTS,0.068471624301635
0.1,fTS,0.0437347747957726
0.1,fTS,0.0311972079997132
0.1,fTS,0.113234419312958
0.1,fTS,0.118511812384949
0.1,fTS,0.0732924579225938
0.1,fTS,0.0961343622160793
0.1,fTS,0.103469426620918
0.1,fTS,0.0367482822199621
0.1,fTS,0.0221933702242725
0.1,fTS,0.102660858567337
0.1,fTS,0.0472482040608084
0.1,fTS,0.113743958275019
0.1,fTS,0.0866000601839274
0.1,fTS,0.0630186776420059
0.1,fTS,0.0485314251387488
0.1,fTS,0.0662527322746065
0.1,fTS,0.0618665518870904
0.1,fTS,0.0678581508042473
0.1,fTS,0.044510479173355
0.1,fTS,0.0914585548254987
0.1,fTS,0.105730478715614
0.1,fTS,0.0387963935287268
0.1,fTS,0.0770962956743719
0.1,fTS,0.0711071640068692
0.1,fTS,0.0479562808408271
0.1,fTS,0.120353370395138
0.1,fTS,0.0582194464493671
0.1,fTS,0.0459856624213191
0.1,fTS,0.0440498288532618
0.1,fTS,0.112416456031189
0.1,fTS,0.0524716156598057
0.1,fTS,0.147512105450609
0.1,fTS,0.0889339909469262
0.1,fTS,0.0337255110646939
0.1,fTS,0.0528307098799639
0.1,fTS,0.0598261256349788
0.1,fTS,0.090443128330409
0.1,fTS,0.0805249796150991
0.1,fTS,0.0301936219313241
0.1,fTS,0.0700524633634199
0.1,fTS,0.0607484597543404
0.1,fTS,0.0586449990732776
0.1,fTS,0.0768778390105707
0.1,fTS,0.103190634597003
0.1,fTS,0.134643150367133
0.1,fTS,0.0327341881414287
0.1,fTS,0.0412051538040403
0.1,fTS,0.0815529187307953
0.1,fTS,0.109294288980055
0.1,fTS,0.0331800989854447
0.1,fTS,0.150798749065588
0.1,fTS,0.0656680817894406
0.1,fTS,0.104875687017281
0.1,fTS,0.0693308975053226
0.1,fTS,0.0529204189499206
0.1,fTS,0.0561507319904009
0.1,LS_oracle,0.0553884914025851
0.1,LS_oracle,0.0994547739068388
0.1,LS_oracle,0.0692184090430441
0.1,LS_oracle,0.0265644547805448
0.1,LS_oracle,0.0466408809802596
0.1,LS_oracle,0.0336258360363271
0.1,LS_oracle,0.0935110442605644
0.1,LS_oracle,0.0531005023052162
0.1,LS_oracle,0.0828104059232189
0.1,LS_oracle,0.0724516536098703
0.1,LS_oracle,0.0805395906766644
0.1,LS_oracle,-0.0163729969017181
0.1,LS_oracle,0.0675838954375676
0.1,LS_oracle,0.0395614634462538
0.1,LS_oracle,0.0756317785494531
0.1,LS_oracle,0.0335981442217055
0.1,LS_oracle,0.0593841498460439
0.1,LS_oracle,0.101166899613492
0.1,LS_oracle,0.0645048717682635
0.1,LS_oracle,0.121783513072037
0.1,LS_oracle,0.0709134040718951
0.1,LS_oracle,0.109131913455498
0.1,LS_oracle,0.0266779516627342
0.1,LS_oracle,0.0514920243826673
0.1,LS_oracle,-0.000886804869891011
0.1,LS_oracle,0.0646555644900648
0.1,LS_oracle,0.053692238127492
0.1,LS_oracle,0.0397759730761205
0.1,LS_oracle,0.0910578539660329
0.1,LS_oracle,0.0378634388005239
0.1,LS_oracle,0.0909361292573805
0.1,LS_oracle,0.0599081927353942
0.1,LS_oracle,0.0791239348947443
0.1,LS_oracle,0.0530338847555485
0.1,LS_oracle,0.0487861911514502
0.1,LS_oracle,0.0913299885319927
0.1,LS_oracle,0.0614694323383433
0.1,LS_oracle,0.0672530147966821
0.1,LS_oracle,0.0405671664514382
0.1,LS_oracle,0.0227517245279654
0.1,LS_oracle,0.0314192544713889
0.1,LS_oracle,0.0605297301338132
0.1,LS_oracle,0.0835706465056336
0.1,LS_oracle,0.0663745362393138
0.1,LS_oracle,0.0739299691281012
0.1,LS_oracle,0.0699832709993762
0.1,LS_oracle,0.0745831713379446
0.1,LS_oracle,0.057327303791308
0.1,LS_oracle,0.0524145303391348
0.1,LS_oracle,0.0484184901633231
0.1,LS_oracle,0.0550695808786377
0.1,LS_oracle,0.037103185637775
0.1,LS_oracle,0.0608899982310824
0.1,LS_oracle,0.0902376879105771
0.1,LS_oracle,0.0377348086167528
0.1,LS_oracle,0.0523835000099855
0.1,LS_oracle,0.0569274992973141
0.1,LS_oracle,0.0613189310746516
0.1,LS_oracle,0.141993721064445
0.1,LS_oracle,0.0562947463262311
0.1,LS_oracle,0.0305000794238044
0.1,LS_oracle,0.0296316009284974
0.1,LS_oracle,0.0856456583801721
0.1,LS_oracle,0.0953574746994841
0.1,LS_oracle,0.063258405057435
0.1,LS_oracle,0.091537211622122
0.1,LS_oracle,0.0778457775101371
0.1,LS_oracle,0.0117932047620313
0.1,LS_oracle,0.0605387594854829
0.1,LS_oracle,0.0742810454145644
0.1,LS_oracle,0.090774288236309
0.1,LS_oracle,0.0921560991341361
0.1,LS_oracle,0.0597373202961664
0.1,LS_oracle,0.0506199621605186
0.1,LS_oracle,0.062987103598948
0.1,LS_oracle,0.0394585629833304
0.1,LS_oracle,0.0801836094043218
0.1,LS_oracle,0.0569373876361621
0.1,LS_oracle,0.0486333434399389
0.1,LS_oracle,0.076833840712021
0.1,LS_oracle,0.0448877082338039
0.1,LS_oracle,0.0809387328526288
0.1,LS_oracle,0.0901981482594434
0.1,LS_oracle,0.0190917122451808
0.1,LS_oracle,-0.0185762205735284
0.1,LS_oracle,0.103532419169651
0.1,LS_oracle,0.0488328015458321
0.1,LS_oracle,0.0765363418206235
0.1,LS_oracle,0.0504019551665105
0.1,LS_oracle,0.076965523300299
0.1,LS_oracle,0.0691336677664183
0.1,LS_oracle,0.0686118426499502
0.1,LS_oracle,0.0927188627621569
0.1,LS_oracle,0.0675169622038216
0.1,LS_oracle,0.0380761972483035
0.1,LS_oracle,0.0541778633403143
0.1,LS_oracle,0.0204178290688288
0.1,LS_oracle,0.051252819331485
0.1,LS_oracle,0.102911660392692
0.1,LS_oracle,0.0841832710308428
0.1,LS_oracle,0.0381393515795301
0.1,LS_oracle,0.121088407820288
0.1,LS_oracle,0.0852314183207508
0.1,LS_oracle,0.0331974071907339
0.1,LS_oracle,0.0511619635362059
0.1,LS_oracle,0.0835162749296385
0.1,LS_oracle,0.00684754252853903
0.1,LS_oracle,0.040836764854401
0.1,LS_oracle,0.0554969323244914
0.1,LS_oracle,0.0327832765760161
0.1,LS_oracle,0.0737051541225111
0.1,LS_oracle,0.0644502262963431
0.1,LS_oracle,0.0217188216709436
0.1,LS_oracle,0.0206250032545918
0.1,LS_oracle,0.0750450528469027
0.1,LS_oracle,0.0853978247508935
0.1,LS_oracle,0.0902107440176505
0.1,LS_oracle,0.0802202528376523
0.1,LS_oracle,0.0769091820460681
0.1,LS_oracle,0.116288883936782
0.1,LS_oracle,0.109915136448138
0.1,LS_oracle,0.0314568099042345
0.1,LS_oracle,0.110276580817806
0.1,LS_oracle,0.0798370328340141
0.1,LS_oracle,0.0745123452679239
0.1,LS_oracle,0.0783648981502429
0.1,LS_oracle,0.0767150774366381
0.1,LS_oracle,0.111573606855174
0.1,LS_oracle,0.0985948271122454
0.1,LS_oracle,0.0445749093965357
0.1,LS_oracle,0.124789263949253
0.1,LS_oracle,0.05356941451791
0.1,LS_oracle,0.0450791152364871
0.1,LS_oracle,0.0624998662085161
0.1,LS_oracle,0.0814943316225247
0.1,LS_oracle,0.0897863262795118
0.1,LS_oracle,0.0596442051888459
0.1,LS_oracle,0.04129346610247
0.1,LS_oracle,0.10450798966755
0.1,LS_oracle,0.0835635281850391
0.1,LS_oracle,0.0250740644935947
0.1,LS_oracle,0.0932477136402825
0.1,LS_oracle,0.105947650431531
0.1,LS_oracle,0.0717807658578686
0.1,LS_oracle,0.0437137637741529
0.1,LS_oracle,0.0323048301715156
0.1,LS_oracle,0.114154878604905
0.1,LS_oracle,0.118656963106183
0.1,LS_oracle,0.0725891807492902
0.1,LS_oracle,0.0957300599351998
0.1,LS_oracle,0.104654709757799
0.1,LS_oracle,0.0373918453814153
0.1,LS_oracle,0.0207160740402499
0.1,LS_oracle,0.101137110855485
0.1,LS_oracle,0.0507767508622377
0.1,LS_oracle,0.111926034097729
0.1,LS_oracle,0.0882506246417671
0.1,LS_oracle,0.0631630723909806
0.1,LS_oracle,0.0500748671189011
0.1,LS_oracle,0.066400608277714
0.1,LS_oracle,0.0626506379214733
0.1,LS_oracle,0.0680337688716344
0.1,LS_oracle,0.0464545328400221
0.1,LS_oracle,0.0906774491165909
0.1,LS_oracle,0.105667543676279
0.1,LS_oracle,0.03902987052839
0.1,LS_oracle,0.0772498149739136
0.1,LS_oracle,0.0686528884753685
0.1,LS_oracle,0.0470729348716683
0.1,LS_oracle,0.122357120909891
0.1,LS_oracle,0.0583481605323513
0.1,LS_oracle,0.0460953147143581
0.1,LS_oracle,0.0441525803031599
0.1,LS_oracle,0.114516964451058
0.1,LS_oracle,0.0521434601049999
0.1,LS_oracle,0.148319305526936
0.1,LS_oracle,0.0880132827861573
0.1,LS_oracle,0.0353090248054733
0.1,LS_oracle,0.0529512701909767
0.1,LS_oracle,0.0623965743639321
0.1,LS_oracle,0.0908303338890768
0.1,LS_oracle,0.083541751613069
0.1,LS_oracle,0.0315044859160185
0.1,LS_oracle,0.0705412037351005
0.1,LS_oracle,0.0616475015623594
0.1,LS_oracle,0.0573739503626114
0.1,LS_oracle,0.0792357145414215
0.1,LS_oracle,0.103348279491646
0.1,LS_oracle,0.135882764672472
0.1,LS_oracle,0.0349390241284595
0.1,LS_oracle,0.0419423923903011
0.1,LS_oracle,0.0813276856828455
0.1,LS_oracle,0.110307756631632
0.1,LS_oracle,0.0330521069020702
0.1,LS_oracle,0.150026593814449
0.1,LS_oracle,0.066625088500023
0.1,LS_oracle,0.107797768689866
0.1,LS_oracle,0.0683070790211011
0.1,LS_oracle,0.0513173656886874
0.1,LS_oracle,0.0554460805556383
0.1,TS_oracle,0.0551923007757715
0.1,TS_oracle,0.0994547739068388
0.1,TS_oracle,0.069200893170015
0.1,TS_oracle,0.0265644547805448
0.1,TS_oracle,0.0466575442262995
0.1,TS_oracle,0.033817686678981
0.1,TS_oracle,0.0920479176625981
0.1,TS_oracle,0.0533578523265354
0.1,TS_oracle,0.0818490788815485
0.1,TS_oracle,0.072347938674725
0.1,TS_oracle,0.080076206388966
0.1,TS_oracle,-0.0163729969017181
0.1,TS_oracle,0.0693736491818155
0.1,TS_oracle,0.0388051881095692
0.1,TS_oracle,0.0756317785494531
0.1,TS_oracle,0.0329745304143871
0.1,TS_oracle,0.0592992300367479
0.1,TS_oracle,0.100123841313135
0.1,TS_oracle,0.0645048717682635
0.1,TS_oracle,0.123723812908666
0.1,TS_oracle,0.071134467294689
0.1,TS_oracle,0.107986393987473
0.1,TS_oracle,0.0247331984142207
0.1,TS_oracle,0.0510601139779772
0.1,TS_oracle,-0.00258365098621582
0.1,TS_oracle,0.0634796133680817
0.1,TS_oracle,0.0514352397445412
0.1,TS_oracle,0.0411177180595006
0.1,TS_oracle,0.0912094841774727
0.1,TS_oracle,0.0363364948890041
0.1,TS_oracle,0.0909361292573805
0.1,TS_oracle,0.0591785415759705
0.1,TS_oracle,0.0775536727701958
0.1,TS_oracle,0.0525297211368378
0.1,TS_oracle,0.0487574333388356
0.1,TS_oracle,0.0919241761164125
0.1,TS_oracle,0.0597670865900004
0.1,TS_oracle,0.0671243974123048
0.1,TS_oracle,0.0401661746293005
0.1,TS_oracle,0.0227517245279654
0.1,TS_oracle,0.0315733214132266
0.1,TS_oracle,0.0595582318834393
0.1,TS_oracle,0.0812817205033778
0.1,TS_oracle,0.0679695779019514
0.1,TS_oracle,0.0738445417736513
0.1,TS_oracle,0.070420366431565
0.1,TS_oracle,0.0755605786438565
0.1,TS_oracle,0.0589239728905964
0.1,TS_oracle,0.0503382501402403
0.1,TS_oracle,0.0492591398574713
0.1,TS_oracle,0.0553599379253116
0.1,TS_oracle,0.0374830283959047
0.1,TS_oracle,0.0591679956505369
0.1,TS_oracle,0.0909501111765558
0.1,TS_oracle,0.038277546121104
0.1,TS_oracle,0.0515630469198893
0.1,TS_oracle,0.0568977344316981
0.1,TS_oracle,0.0611123475389348
0.1,TS_oracle,0.141993721064445
0.1,TS_oracle,0.0562947463262311
0.1,TS_oracle,0.0299371552897625
0.1,TS_oracle,0.0274485944266256
0.1,TS_oracle,0.0861501421635742
0.1,TS_oracle,0.0943220008358392
0.1,TS_oracle,0.0620649093552457
0.1,TS_oracle,0.0920536528363434
0.1,TS_oracle,0.0778342951014128
0.1,TS_oracle,0.0106165088140433
0.1,TS_oracle,0.0584521878083113
0.1,TS_oracle,0.0755743842859413
0.1,TS_oracle,0.0911938907666781
0.1,TS_oracle,0.0904488827573631
0.1,TS_oracle,0.0598534264408179
0.1,TS_oracle,0.0489792783558511
0.1,TS_oracle,0.0625041721036244
0.1,TS_oracle,0.040028604165314
0.1,TS_oracle,0.0802743827065127
0.1,TS_oracle,0.0568989435224652
0.1,TS_oracle,0.045123850244924
0.1,TS_oracle,0.0770866475185832
0.1,TS_oracle,0.0437682158968284
0.1,TS_oracle,0.0805788222940262
0.1,TS_oracle,0.0895408245040892
0.1,TS_oracle,0.0191905180505569
0.1,TS_oracle,-0.0185736882709474
0.1,TS_oracle,0.103532419169651
0.1,TS_oracle,0.0487555438842993
0.1,TS_oracle,0.0768847933108594
0.1,TS_oracle,0.0515293596635689
0.1,TS_oracle,0.0759951079011292
0.1,TS_oracle,0.0684675400574066
0.1,TS_oracle,0.0687037265402475
0.1,TS_oracle,0.0912403748761821
0.1,TS_oracle,0.0675169622038216
0.1,TS_oracle,0.0367123912785459
0.1,TS_oracle,0.0545238860992314
0.1,TS_oracle,0.0204178290688288
0.1,TS_oracle,0.0513729892380208
0.1,TS_oracle,0.103121800958664
0.1,TS_oracle,0.0841832710308428
0.1,TS_oracle,0.0377138331159252
0.1,TS_oracle,0.119880402537615
0.1,TS_oracle,0.0852166299983401
0.1,TS_oracle,0.0333541577718299
0.1,TS_oracle,0.0478054590549151
0.1,TS_oracle,0.0793945231726516
0.1,TS_oracle,0.00692672205909384
0.1,TS_oracle,0.035986635069456
0.1,TS_oracle,0.0538885924358061
0.1,TS_oracle,0.0327832765760161
0.1,TS_oracle,0.0737051541225111
0.1,TS_oracle,0.0644532193458334
0.1,TS_oracle,0.0213767069038449
0.1,TS_oracle,0.0206531411210908
0.1,TS_oracle,0.0750450528469027
0.1,TS_oracle,0.0857512630224271
0.1,TS_oracle,0.0910249195248765
0.1,TS_oracle,0.07899748553797
0.1,TS_oracle,0.0767594847185513
0.1,TS_oracle,0.116798487033924
0.1,TS_oracle,0.111949200772507
0.1,TS_oracle,0.0306220305792591
0.1,TS_oracle,0.11037902580046
0.1,TS_oracle,0.07899475523988
0.1,TS_oracle,0.0724249752313235
0.1,TS_oracle,0.0795935776693353
0.1,TS_oracle,0.078770628653025
0.1,TS_oracle,0.11075805417141
0.1,TS_oracle,0.0981995080841771
0.1,TS_oracle,0.0441755222546525
0.1,TS_oracle,0.124289043581412
0.1,TS_oracle,0.0522510608709472
0.1,TS_oracle,0.0438139734910348
0.1,TS_oracle,0.0620596251189951
0.1,TS_oracle,0.0814943316225247
0.1,TS_oracle,0.0897863262795118
0.1,TS_oracle,0.0592134099389328
0.1,TS_oracle,0.0389526241860487
0.1,TS_oracle,0.101534866520836
0.1,TS_oracle,0.0840914529766128
0.1,TS_oracle,0.0250643807169943
0.1,TS_oracle,0.0950191762823884
0.1,TS_oracle,0.105907843864812
0.1,TS_oracle,0.068423334895098
0.1,TS_oracle,0.0437137637741529
0.1,TS_oracle,0.0314381282713507
0.1,TS_oracle,0.112666259699136
0.1,TS_oracle,0.117838459149671
0.1,TS_oracle,0.0721568863156625
0.1,TS_oracle,0.0954633624045107
0.1,TS_oracle,0.102270289727555
0.1,TS_oracle,0.0373918453814153
0.1,TS_oracle,0.0212710313273539
0.1,TS_oracle,0.100797638605767
0.1,TS_oracle,0.0499233585960455
0.1,TS_oracle,0.112985073712776
0.1,TS_oracle,0.0881847932927797
0.1,TS_oracle,0.0631630723909806
0.1,TS_oracle,0.0489231667839045
0.1,TS_oracle,0.066400608277714
0.1,TS_oracle,0.0618793239300632
0.1,TS_oracle,0.0679079272129663
0.1,TS_oracle,0.0461613702650101
0.1,TS_oracle,0.089623796692885
0.1,TS_oracle,0.105667543676279
0.1,TS_oracle,0.0386971094224164
0.1,TS_oracle,0.0772498149739136
0.1,TS_oracle,0.0673359040396579
0.1,TS_oracle,0.0474761932569516
0.1,TS_oracle,0.119745139053373
0.1,TS_oracle,0.058102693305266
0.1,TS_oracle,0.045686253074074
0.1,TS_oracle,0.0442998407638096
0.1,TS_oracle,0.112140400234217
0.1,TS_oracle,0.0522698820832082
0.1,TS_oracle,0.148806733256147
0.1,TS_oracle,0.0881262995495702
0.1,TS_oracle,0.0333004544975484
0.1,TS_oracle,0.0525442427493621
0.1,TS_oracle,0.0608258050636004
0.1,TS_oracle,0.0906863826530602
0.1,TS_oracle,0.0809622660014582
0.1,TS_oracle,0.0302844240580162
0.1,TS_oracle,0.0705110136760398
0.1,TS_oracle,0.0608254920045654
0.1,TS_oracle,0.0552855427295962
0.1,TS_oracle,0.0769512384630422
0.1,TS_oracle,0.102574525720672
0.1,TS_oracle,0.135808246045481
0.1,TS_oracle,0.034001724634054
0.1,TS_oracle,0.0406710671686044
0.1,TS_oracle,0.0813276856828455
0.1,TS_oracle,0.110985283721947
0.1,TS_oracle,0.0330655568400724
0.1,TS_oracle,0.150647933041247
0.1,TS_oracle,0.0661394440998015
0.1,TS_oracle,0.105766034924602
0.1,TS_oracle,0.0690942939111301
0.1,TS_oracle,0.0524603864252671
0.1,TS_oracle,0.0561782708326897
0.2,PLS,0.0543611109789557
0.2,PLS,0.0926078449019918
0.2,PLS,0.101334499341559
0.2,PLS,0.0667773335040507
0.2,PLS,0.0623935692234476
0.2,PLS,-0.00129648548196215
0.2,PLS,0.139491521284418
0.2,PLS,0.0770294069605493
0.2,PLS,0.087708458880047
0.2,PLS,0.0579417372671807
0.2,PLS,0.106902829864455
0.2,PLS,0.0883546299478137
0.2,PLS,0.0718204889836744
0.2,PLS,0.021467794783089
0.2,PLS,0.0464262844906616
0.2,PLS,0.0295787080934287
0.2,PLS,0.0660920354652459
0.2,PLS,0.0807938576059639
0.2,PLS,0.046046489209677
0.2,PLS,0.0275639244961445
0.2,PLS,0.103230230037811
0.2,PLS,0.0254155047152587
0.2,PLS,0.0997130373280068
0.2,PLS,0.0876162372878877
0.2,PLS,0.0777255500536251
0.2,PLS,0.0165859226476863
0.2,PLS,0.0643092646014587
0.2,PLS,0.0928032289665046
0.2,PLS,0.0790872827987184
0.2,PLS,0.0515238831250822
0.2,PLS,0.0807977033791463
0.2,PLS,0.0344702572313711
0.2,PLS,0.104937246381231
0.2,PLS,0.0687321936685779
0.2,PLS,0.111478576898738
0.2,PLS,0.0478252033610724
0.2,PLS,0.00907463603113046
0.2,PLS,0.00533591630117103
0.2,PLS,0.0713180375809475
0.2,PLS,0.0722644741404903
0.2,PLS,0.10019423953237
0.2,PLS,0.0594102909427958
0.2,PLS,0.0727163886373894
0.2,PLS,0.098791351742036
0.2,PLS,0.0549806122662939
0.2,PLS,0.0257337952297436
0.2,PLS,0.062408533560486
0.2,PLS,0.0619321577628342
0.2,PLS,0.0526104011304231
0.2,PLS,0.107812158974911
0.2,PLS,0.0285191942544012
0.2,PLS,0.0733997438679559
0.2,PLS,0.0552191025675075
0.2,PLS,0.0438295720608128
0.2,PLS,0.0791595471162263
0.2,PLS,0.0516565512164717
0.2,PLS,0.0306124419884579
0.2,PLS,0.0350637972007413
0.2,PLS,0.10442886159697
0.2,PLS,0.0518778574512475
0.2,PLS,0.128951466524862
0.2,PLS,0.103457246420676
0.2,PLS,0.0522673840774264
0.2,PLS,0.0971258627766463
0.2,PLS,0.0895804174993657
0.2,PLS,0.0673128236742762
0.2,PLS,0.0910134869080366
0.2,PLS,0.0515095034869706
0.2,PLS,0.0451259859622473
0.2,PLS,0.0813808026399441
0.2,PLS,0.100631526984627
0.2,PLS,0.0307537869549115
0.2,PLS,0.0811429400164891
0.2,PLS,0.0884203274254571
0.2,PLS,0.144405417966519
0.2,PLS,0.051350078695916
0.2,PLS,0.0550755489686765
0.2,PLS,0.0346355450404525
0.2,PLS,0.0549143362408124
0.2,PLS,0.0553907476791742
0.2,PLS,0.064835919631788
0.2,PLS,0.0500478695861992
0.2,PLS,0.0177518701766064
0.2,PLS,0.0640795801629983
0.2,PLS,0.0532175771815182
0.2,PLS,0.0604879083564938
0.2,PLS,0.101677092154008
0.2,PLS,0.0250957682434152
0.2,PLS,0.0831121151988363
0.2,PLS,0.0397124795689554
0.2,PLS,0.026728943290802
0.2,PLS,0.0893103945481284
0.2,PLS,0.101365698130515
0.2,PLS,0.0802030256872674
0.2,PLS,0.00119846486522612
0.2,PLS,0.0828356095157474
0.2,PLS,0.0526447797975642
0.2,PLS,0.0931971203745607
0.2,PLS,0.0342451305427141
0.2,PLS,0.0638630011882402
0.2,PLS,0.109384944594933
0.2,PLS,-0.00801417302210494
0.2,PLS,0.103405215838008
0.2,PLS,0.0608186684036862
0.2,PLS,0.0341251378276166
0.2,PLS,-0.0254885292114975
0.2,PLS,0.0654721398163924
0.2,PLS,0.0463458349033155
0.2,PLS,0.0958562160623311
0.2,PLS,0.050389587313173
0.2,PLS,0.0364598187602274
0.2,PLS,0.0635930170756767
0.2,PLS,0.0661252621014705
0.2,PLS,0.129048739155853
0.2,PLS,-0.0174855235273816
0.2,PLS,0.0248511376209697
0.2,PLS,0.112059154778401
0.2,PLS,0.0485963081989376
0.2,PLS,0.0722765424047818
0.2,PLS,0.0589899865350803
0.2,PLS,0.106362934762676
0.2,PLS,0.0640698326893376
0.2,PLS,0.00215497394009856
0.2,PLS,0.0847714943962763
0.2,PLS,0.0863135458015076
0.2,PLS,-0.0114365236823705
0.2,PLS,0.110015661367114
0.2,PLS,0.0500928280363475
0.2,PLS,0.0934179209135242
0.2,PLS,0.0427676929842216
0.2,PLS,0.0571874147924574
0.2,PLS,0.0683336463739721
0.2,PLS,0.0514720952573213
0.2,PLS,0.0426124603293667
0.2,PLS,0.127431002314271
0.2,PLS,0.0386704842310839
0.2,PLS,0.0405999918136277
0.2,PLS,0.0750574564286246
0.2,PLS,0.121271874374222
0.2,PLS,0.0615519655327192
0.2,PLS,0.040818702463882
0.2,PLS,0.0441601977959398
0.2,PLS,0.0649749273260538
0.2,PLS,0.0737030761996902
0.2,PLS,0.0486080905191211
0.2,PLS,0.0756301396149786
0.2,PLS,0.0296721678605134
0.2,PLS,0.0404354589675102
0.2,PLS,0.0547418140805096
0.2,PLS,0.063532309241001
0.2,PLS,0.0430544428850093
0.2,PLS,0.111683180204366
0.2,PLS,0.0604382515315469
0.2,PLS,0.104193712600406
0.2,PLS,0.138058989800447
0.2,PLS,0.0673058649117553
0.2,PLS,0.0511226318647229
0.2,PLS,0.0991674645971818
0.2,PLS,0.0446562702864448
0.2,PLS,0.0894529838255018
0.2,PLS,0.0418696614286795
0.2,PLS,0.0844378746400911
0.2,PLS,0.0683030662938475
0.2,PLS,0.0317060242621534
0.2,PLS,0.06487127377991
0.2,PLS,0.0851627037506997
0.2,PLS,0.061335362195164
0.2,PLS,0.0814580636440596
0.2,PLS,0.0804399703064496
0.2,PLS,0.0614497974789503
0.2,PLS,0.0655463287486202
0.2,PLS,0.0820509806099732
0.2,PLS,0.0457409910165629
0.2,PLS,0.0527680465855322
0.2,PLS,0.0835092732221165
0.2,PLS,0.0840068982951609
0.2,PLS,0.042722350992118
0.2,PLS,0.115609927409233
0.2,PLS,0.0126324175572579
0.2,PLS,0.0751157755991185
0.2,PLS,0.0461044405415751
0.2,PLS,0.0624362218008756
0.2,PLS,0.100829597483218
0.2,PLS,0.0997875771260608
0.2,PLS,0.0202144778393532
0.2,PLS,0.0624109475191443
0.2,PLS,0.0511762819810839
0.2,PLS,0.111516268935514
0.2,PLS,0.0557130066244433
0.2,PLS,0.140147091958742
0.2,PLS,0.0364755790111451
0.2,PLS,0.0552154312558284
0.2,PLS,0.0453019353572506
0.2,PLS,0.0742026529542681
0.2,PLS,0.146111220887617
0.2,PLS,0.0902277117388048
0.2,PLS,0.0661233249448254
0.2,PLS,0.0691414437419586
0.2,PLS,0.108874098339418
0.2,PLS,0.084159827730073
0.2,fTS,0.0551098041018392
0.2,fTS,0.0951364145615872
0.2,fTS,0.101636217639872
0.2,fTS,0.0626667098870726
0.2,fTS,0.0607748058652597
0.2,fTS,-0.00127550121617592
0.2,fTS,0.138770845166158
0.2,fTS,0.0781308920662402
0.2,fTS,0.0851758045360598
0.2,fTS,0.0564258100911441
0.2,fTS,0.106941797090544
0.2,fTS,0.0878305467697813
0.2,fTS,0.0668254135266888
0.2,fTS,0.0231016499106269
0.2,fTS,0.0443172029953525
0.2,fTS,0.0262284249058844
0.2,fTS,0.067528123349504
0.2,fTS,0.0821724208512737
0.2,fTS,0.0447413078174812
0.2,fTS,0.0290493776111138
0.2,fTS,0.0999471991693768
0.2,fTS,0.0275682964176698
0.2,fTS,0.098171360132338
0.2,fTS,0.0832989260652772
0.2,fTS,0.0747271525423407
0.2,fTS,0.0169208078840701
0.2,fTS,0.0638719131373926
0.2,fTS,0.0909069587793012
0.2,fTS,0.0815093897359636
0.2,fTS,0.0517524708214614
0.2,fTS,0.0821876586725863
0.2,fTS,0.0319582852102414
0.2,fTS,0.107353729622866
0.2,fTS,0.0675389781541904
0.2,fTS,0.107726692359651
0.2,fTS,0.0467581364452947
0.2,fTS,0.0101113296513158
0.2,fTS,0.00346265898555709
0.2,fTS,0.071409928676035
0.2,fTS,0.0715249210739402
0.2,fTS,0.0944162443552665
0.2,fTS,0.056388475381004
0.2,fTS,0.0689758760652588
0.2,fTS,0.0971931784053128
0.2,fTS,0.0551933252074976
0.2,fTS,0.0241881028539175
0.2,fTS,0.0601361681164698
0.2,fTS,0.0634844690889971
0.2,fTS,0.0529660200047557
0.2,fTS,0.103355271889123
0.2,fTS,0.0290907924625523
0.2,fTS,0.073878240523682
0.2,fTS,0.0517085835448563
0.2,fTS,0.0401356259837367
0.2,fTS,0.079008601844035
0.2,fTS,0.051026845140502
0.2,fTS,0.0302036426952332
0.2,fTS,0.0377292233128874
0.2,fTS,0.102390356511967
0.2,fTS,0.0533538765995156
0.2,fTS,0.128449733613127
0.2,fTS,0.101748137129807
0.2,fTS,0.0526958098341272
0.2,fTS,0.0960308165278931
0.2,fTS,0.091333874835404
0.2,fTS,0.0652117676524324
0.2,fTS,0.090761183624817
0.2,fTS,0.0460296708914048
0.2,fTS,0.0498370441901699
0.2,fTS,0.0820922400899611
0.2,fTS,0.100274306511795
0.2,fTS,0.0271506564390949
0.2,fTS,0.0793087964577879
0.2,fTS,0.0862367533052806
0.2,fTS,0.14470723220348
0.2,fTS,0.0517573395637649
0.2,fTS,0.0566311133727133
0.2,fTS,0.0370054666025181
0.2,fTS,0.0526454841030137
0.2,fTS,0.0582699258626593
0.2,fTS,0.0658856657131233
0.2,fTS,0.0481345546534437
0.2,fTS,0.0174130872725828
0.2,fTS,0.0651622718588325
0.2,fTS,0.0529548636890109
0.2,fTS,0.0596428390286725
0.2,fTS,0.0985760595807619
0.2,fTS,0.0228813995025883
0.2,fTS,0.0834501501061642
0.2,fTS,0.0401853028216372
0.2,fTS,0.0280725478790813
0.2,fTS,0.0904765736254547
0.2,fTS,0.102039788262349
0.2,fTS,0.0836354538252022
0.2,fTS,0.00234019059762391
0.2,fTS,0.0795070181677606
0.2,fTS,0.0494352263221713
0.2,fTS,0.0933213895766805
0.2,fTS,0.0351366589782727
0.2,fTS,0.0605520366365688
0.2,fTS,0.105653439540704
0.2,fTS,-0.00935523788384984
0.2,fTS,0.0984390917061104
0.2,fTS,0.0617968342440458
0.2,fTS,0.0346532822478298
0.2,fTS,-0.0194853209629868
0.2,fTS,0.0605162687346832
0.2,fTS,0.0442252939435144
0.2,fTS,0.0976651037235816
0.2,fTS,0.0481480836792059
0.2,fTS,0.0347571344999291
0.2,fTS,0.0588402850613057
0.2,fTS,0.0647149861089986
0.2,fTS,0.124685842626119
0.2,fTS,-0.0180957094161881
0.2,fTS,0.0220200777871464
0.2,fTS,0.108851780983523
0.2,fTS,0.0461647502420397
0.2,fTS,0.0724966436004431
0.2,fTS,0.0603412033813111
0.2,fTS,0.103662336287871
0.2,fTS,0.0662779469199219
0.2,fTS,0.00207881237212848
0.2,fTS,0.0868504714511047
0.2,fTS,0.0838437859077814
0.2,fTS,-0.0126749144793842
0.2,fTS,0.112134515226085
0.2,fTS,0.0475371014094108
0.2,fTS,0.088780082383364
0.2,fTS,0.0417347914286881
0.2,fTS,0.0603666691323588
0.2,fTS,0.0683121228391315
0.2,fTS,0.0487457454333886
0.2,fTS,0.0383450317476002
0.2,fTS,0.121998998180278
0.2,fTS,0.0411855892662132
0.2,fTS,0.0410353380178361
0.2,fTS,0.073083704047344
0.2,fTS,0.121834181940743
0.2,fTS,0.0608806047682402
0.2,fTS,0.0374785970295779
0.2,fTS,0.0419479613807465
0.2,fTS,0.0649979147240696
0.2,fTS,0.0683439879915966
0.2,fTS,0.0491700617203943
0.2,fTS,0.0709660005989103
0.2,fTS,0.0300086069182717
0.2,fTS,0.0384553937726435
0.2,fTS,0.0579490174444492
0.2,fTS,0.0636630597148966
0.2,fTS,0.0426816133864174
0.2,fTS,0.115458360920853
0.2,fTS,0.0637494878513609
0.2,fTS,0.0982356106259441
0.2,fTS,0.134932136596827
0.2,fTS,0.066660595311955
0.2,fTS,0.0494699997195653
0.2,fTS,0.103214741421926
0.2,fTS,0.044382141919092
0.2,fTS,0.0870685817118841
0.2,fTS,0.0429125742441803
0.2,fTS,0.0868331352828053
0.2,fTS,0.0639267765124689
0.2,fTS,0.0307378966786189
0.2,fTS,0.0597819189231836
0.2,fTS,0.0855389328899525
0.2,fTS,0.0598363134782005
0.2,fTS,0.0814931195031345
0.2,fTS,0.0813413650630173
0.2,fTS,0.0589260960591309
0.2,fTS,0.0668093829973806
0.2,fTS,0.0816807804785931
0.2,fTS,0.0435859733452675
0.2,fTS,0.0522065020493023
0.2,fTS,0.077236887151561
0.2,fTS,0.0804493536815161
0.2,fTS,0.0404640042098536
0.2,fTS,0.117175699161231
0.2,fTS,0.0106921696774351
0.2,fTS,0.0692815984492707
0.2,fTS,0.0453599399591718
0.2,fTS,0.0588531159451551
0.2,fTS,0.0994143049122986
0.2,fTS,0.0984412709776123
0.2,fTS,0.019702758974341
0.2,fTS,0.0613890397045942
0.2,fTS,0.0504394178279493
0.2,fTS,0.108316431779864
0.2,fTS,0.0560054499836578
0.2,fTS,0.138689630253941
0.2,fTS,0.0357569569590059
0.2,fTS,0.056463286165906
0.2,fTS,0.0438610387278138
0.2,fTS,0.0751883221361784
0.2,fTS,0.145767877297236
0.2,fTS,0.0867301247818513
0.2,fTS,0.0651698354668158
0.2,fTS,0.0684669641335356
0.2,fTS,0.112273367153017
0.2,fTS,0.0838895278269056
0.2,LS_oracle,0.0541698777695374
0.2,LS_oracle,0.092711954089594
0.2,LS_oracle,0.101625641027393
0.2,LS_oracle,0.0653676902390175
0.2,LS_oracle,0.0617427272720716
0.2,LS_oracle,-0.00132910113799456
0.2,LS_oracle,0.133308621670259
0.2,LS_oracle,0.0772951570327021
0.2,LS_oracle,0.0880117111171075
0.2,LS_oracle,0.0579976828762365
0.2,LS_oracle,0.107165415066255
0.2,LS_oracle,0.0877941700255209
0.2,LS_oracle,0.0721140383530205
0.2,LS_oracle,0.0218448945903233
0.2,LS_oracle,0.0467244022036855
0.2,LS_oracle,0.0297121996787111
0.2,LS_oracle,0.0658674443166125
0.2,LS_oracle,0.0783246288569985
0.2,LS_oracle,0.0459295218305495
0.2,LS_oracle,0.0275662386409989
0.2,LS_oracle,0.10142131804104
0.2,LS_oracle,0.0254143821186779
0.2,LS_oracle,0.10009168028007
0.2,LS_oracle,0.0881765544646849
0.2,LS_oracle,0.076935017360533
0.2,LS_oracle,0.0144857743276521
0.2,LS_oracle,0.0639614197481264
0.2,LS_oracle,0.0924972520073688
0.2,LS_oracle,0.0786396023548748
0.2,LS_oracle,0.0513671403312621
0.2,LS_oracle,0.0810522368639721
0.2,LS_oracle,0.0343804400752441
0.2,LS_oracle,0.102472210215829
0.2,LS_oracle,0.0686259504688131
0.2,LS_oracle,0.110143520715039
0.2,LS_oracle,0.0481934488735172
0.2,LS_oracle,0.00890870875173566
0.2,LS_oracle,0.00525133819426249
0.2,LS_oracle,0.0715435544097196
0.2,LS_oracle,0.0718638670149181
0.2,LS_oracle,0.0996825038551752
0.2,LS_oracle,0.0594198726710049
0.2,LS_oracle,0.0727212449072814
0.2,LS_oracle,0.098484062266611
0.2,LS_oracle,0.0551953469987061
0.2,LS_oracle,0.0270363653928511
0.2,LS_oracle,0.061811681490239
0.2,LS_oracle,0.0616014961905187
0.2,LS_oracle,0.0526045867776497
0.2,LS_oracle,0.107864926031187
0.2,LS_oracle,0.0282626712650591
0.2,LS_oracle,0.0759845133933013
0.2,LS_oracle,0.0553038829891459
0.2,LS_oracle,0.0398464434474153
0.2,LS_oracle,0.079400688131233
0.2,LS_oracle,0.0523276482162183
0.2,LS_oracle,0.0305533182233777
0.2,LS_oracle,0.0342378387849116
0.2,LS_oracle,0.104590735538836
0.2,LS_oracle,0.0516413539006229
0.2,LS_oracle,0.122531926714357
0.2,LS_oracle,0.102273287548848
0.2,LS_oracle,0.0501509223734204
0.2,LS_oracle,0.0970281884192163
0.2,LS_oracle,0.0924588851349548
0.2,LS_oracle,0.0652950522979348
0.2,LS_oracle,0.09036305369157
0.2,LS_oracle,0.0517457005765087
0.2,LS_oracle,0.0450775771979888
0.2,LS_oracle,0.080998330146641
0.2,LS_oracle,0.0995292510002408
0.2,LS_oracle,0.0275537991556505
0.2,LS_oracle,0.0744142190107475
0.2,LS_oracle,0.088244330820368
0.2,LS_oracle,0.144143450320077
0.2,LS_oracle,0.051368144811706
0.2,LS_oracle,0.0552668921228066
0.2,LS_oracle,0.0349751566747254
0.2,LS_oracle,0.054049249841895
0.2,LS_oracle,0.0531766306641686
0.2,LS_oracle,0.0645124855365748
0.2,LS_oracle,0.049984306593349
0.2,LS_oracle,0.017835718296749
0.2,LS_oracle,0.0645309737297148
0.2,LS_oracle,0.0529652929253686
0.2,LS_oracle,0.0596229146169882
0.2,LS_oracle,0.101777881458465
0.2,LS_oracle,0.0253063029112888
0.2,LS_oracle,0.0831744359526991
0.2,LS_oracle,0.0398156091974493
0.2,LS_oracle,0.0277581634563702
0.2,LS_oracle,0.0882124897927912
0.2,LS_oracle,0.10132198230959
0.2,LS_oracle,0.0818174378412393
0.2,LS_oracle,0.00118242315180961
0.2,LS_oracle,0.0827343053278049
0.2,LS_oracle,0.0499069337900735
0.2,LS_oracle,0.0930919080507351
0.2,LS_oracle,0.0343203392996494
0.2,LS_oracle,0.06383721244915
0.2,LS_oracle,0.109443044677951
0.2,LS_oracle,-0.00760394051086311
0.2,LS_oracle,0.103582739632065
0.2,LS_oracle,0.0609532173034744
0.2,LS_oracle,0.0335268825533084
0.2,LS_oracle,-0.0260497791823786
0.2,LS_oracle,0.0659524818717407
0.2,LS_oracle,0.0432726352186728
0.2,LS_oracle,0.0974602475667299
0.2,LS_oracle,0.0506276722540231
0.2,LS_oracle,0.0383796715556199
0.2,LS_oracle,0.0623252373235801
0.2,LS_oracle,0.0654921148043857
0.2,LS_oracle,0.127993526752533
0.2,LS_oracle,-0.0187841087053362
0.2,LS_oracle,0.025016877631421
0.2,LS_oracle,0.112108777525435
0.2,LS_oracle,0.0480937330428135
0.2,LS_oracle,0.0728225721616942
0.2,LS_oracle,0.0589493066567552
0.2,LS_oracle,0.106570315674816
0.2,LS_oracle,0.0651826835105604
0.2,LS_oracle,0.00186537533253972
0.2,LS_oracle,0.0848409549930693
0.2,LS_oracle,0.0864415049325733
0.2,LS_oracle,-0.00960829222160609
0.2,LS_oracle,0.108621595088161
0.2,LS_oracle,0.0499937316733399
0.2,LS_oracle,0.0935569159234966
0.2,LS_oracle,0.0427165728531533
0.2,LS_oracle,0.0556925117910481
0.2,LS_oracle,0.0682380121075596
0.2,LS_oracle,0.051506327635553
0.2,LS_oracle,0.0426072182916279
0.2,LS_oracle,0.125638302277638
0.2,LS_oracle,0.0380590418862075
0.2,LS_oracle,0.0402076608075979
0.2,LS_oracle,0.074583027923351
0.2,LS_oracle,0.121374188983433
0.2,LS_oracle,0.0614508432459255
0.2,LS_oracle,0.0410210488708862
0.2,LS_oracle,0.0434925556556656
0.2,LS_oracle,0.0654327278069062
0.2,LS_oracle,0.0723505854022395
0.2,LS_oracle,0.0477780029452493
0.2,LS_oracle,0.0781021080855011
0.2,LS_oracle,0.0296267667530627
0.2,LS_oracle,0.0404705214512824
0.2,LS_oracle,0.0549703356871707
0.2,LS_oracle,0.0662823917382047
0.2,LS_oracle,0.0433548607714747
0.2,LS_oracle,0.110578216893105
0.2,LS_oracle,0.0603099844850441
0.2,LS_oracle,0.103614690351865
0.2,LS_oracle,0.137988403699599
0.2,LS_oracle,0.0674946040138651
0.2,LS_oracle,0.0507169577849163
0.2,LS_oracle,0.0991343190913943
0.2,LS_oracle,0.0447182194964892
0.2,LS_oracle,0.0906738219319148
0.2,LS_oracle,0.042030880649172
0.2,LS_oracle,0.085864013191391
0.2,LS_oracle,0.0681000008340398
0.2,LS_oracle,0.0317020510514823
0.2,LS_oracle,0.065467732018885
0.2,LS_oracle,0.0846431612896716
0.2,LS_oracle,0.0607968717261538
0.2,LS_oracle,0.0816384620712438
0.2,LS_oracle,0.0805312281575497
0.2,LS_oracle,0.0606307273880242
0.2,LS_oracle,0.0647873956795741
0.2,LS_oracle,0.081105841979153
0.2,LS_oracle,0.0473534626532506
0.2,LS_oracle,0.0530829308337395
0.2,LS_oracle,0.0839902778733408
0.2,LS_oracle,0.0824087266988736
0.2,LS_oracle,0.0417387591877016
0.2,LS_oracle,0.116811954325648
0.2,LS_oracle,0.0128994903931616
0.2,LS_oracle,0.0757252059768745
0.2,LS_oracle,0.043934125501921
0.2,LS_oracle,0.0636443216553984
0.2,LS_oracle,0.101195618727336
0.2,LS_oracle,0.0995992960718075
0.2,LS_oracle,0.0206336348653562
0.2,LS_oracle,0.0630893927288032
0.2,LS_oracle,0.0503999949458505
0.2,LS_oracle,0.110292843346377
0.2,LS_oracle,0.0554833379915447
0.2,LS_oracle,0.140437416060756
0.2,LS_oracle,0.0371583455414286
0.2,LS_oracle,0.0556595199479868
0.2,LS_oracle,0.0459113372435118
0.2,LS_oracle,0.0749530447860887
0.2,LS_oracle,0.14453339623271
0.2,LS_oracle,0.0903359112195847
0.2,LS_oracle,0.0652464404571298
0.2,LS_oracle,0.0691797185302909
0.2,LS_oracle,0.10786334580033
0.2,LS_oracle,0.0841548933964456
0.2,TS_oracle,0.0533789784656411
0.2,TS_oracle,0.0952727037712877
0.2,TS_oracle,0.101997615030975
0.2,TS_oracle,0.0613075400270133
0.2,TS_oracle,0.0605895953942717
0.2,TS_oracle,-0.00124721816398821
0.2,TS_oracle,0.133010788811448
0.2,TS_oracle,0.0775362953111052
0.2,TS_oracle,0.0854055530445663
0.2,TS_oracle,0.0563601004969365
0.2,TS_oracle,0.107134113501951
0.2,TS_oracle,0.0875423701255165
0.2,TS_oracle,0.0669234081059749
0.2,TS_oracle,0.0231154293521514
0.2,TS_oracle,0.0445955293757712
0.2,TS_oracle,0.0268070845316981
0.2,TS_oracle,0.0685318003503721
0.2,TS_oracle,0.0803676459403528
0.2,TS_oracle,0.0446883229523101
0.2,TS_oracle,0.0292205791381486
0.2,TS_oracle,0.0981997552433356
0.2,TS_oracle,0.0275423275469924
0.2,TS_oracle,0.0983426984438818
0.2,TS_oracle,0.0837427255424614
0.2,TS_oracle,0.0742249378779425
0.2,TS_oracle,0.0144936850444877
0.2,TS_oracle,0.0634841820296947
0.2,TS_oracle,0.0898793364122299
0.2,TS_oracle,0.0791832258756677
0.2,TS_oracle,0.051692449292579
0.2,TS_oracle,0.0822985847415711
0.2,TS_oracle,0.0319753451337004
0.2,TS_oracle,0.102963332739961
0.2,TS_oracle,0.0678444034736134
0.2,TS_oracle,0.107043822575768
0.2,TS_oracle,0.0466854971354373
0.2,TS_oracle,0.0100479561924431
0.2,TS_oracle,0.00342055842434652
0.2,TS_oracle,0.0715210675778879
0.2,TS_oracle,0.0713167622049946
0.2,TS_oracle,0.0943940620812886
0.2,TS_oracle,0.0563912832615336
0.2,TS_oracle,0.0689307386614251
0.2,TS_oracle,0.0971417652338611
0.2,TS_oracle,0.0555506810426543
0.2,TS_oracle,0.0250068417834102
0.2,TS_oracle,0.0596724338902315
0.2,TS_oracle,0.0618653735833368
0.2,TS_oracle,0.0530103325676177
0.2,TS_oracle,0.103372354775964
0.2,TS_oracle,0.0289224525162501
0.2,TS_oracle,0.0748605853917026
0.2,TS_oracle,0.051875409634601
0.2,TS_oracle,0.0394977259389038
0.2,TS_oracle,0.0790277190325597
0.2,TS_oracle,0.0516558833919589
0.2,TS_oracle,0.0301239964849835
0.2,TS_oracle,0.0368818439860568
0.2,TS_oracle,0.102438344457277
0.2,TS_oracle,0.0530731631257622
0.2,TS_oracle,0.125780392393452
0.2,TS_oracle,0.100788970325751
0.2,TS_oracle,0.0509077346975759
0.2,TS_oracle,0.0958812604760479
0.2,TS_oracle,0.0928653685876606
0.2,TS_oracle,0.0632675536631222
0.2,TS_oracle,0.0903766719282706
0.2,TS_oracle,0.0464488098792486
0.2,TS_oracle,0.0498187329770017
0.2,TS_oracle,0.0817545777729021
0.2,TS_oracle,0.100268250400903
0.2,TS_oracle,0.0254911801952495
0.2,TS_oracle,0.0741677997168484
0.2,TS_oracle,0.0865119467581437
0.2,TS_oracle,0.1450044817476
0.2,TS_oracle,0.0517728807490252
0.2,TS_oracle,0.0567427980253215
0.2,TS_oracle,0.0370365927077081
0.2,TS_oracle,0.0523499459356638
0.2,TS_oracle,0.0578144788763222
0.2,TS_oracle,0.0658981122694748
0.2,TS_oracle,0.0480331958111311
0.2,TS_oracle,0.0174127156186166
0.2,TS_oracle,0.0656648672466447
0.2,TS_oracle,0.0528087406758913
0.2,TS_oracle,0.0593294646889284
0.2,TS_oracle,0.0974486790982565
0.2,TS_oracle,0.0234052748185103
0.2,TS_oracle,0.0835358786789226
0.2,TS_oracle,0.0402483525452824
0.2,TS_oracle,0.028677031346473
0.2,TS_oracle,0.088028280131383
0.2,TS_oracle,0.101982641882773
0.2,TS_oracle,0.0842468696842107
0.2,TS_oracle,0.00183885657972493
0.2,TS_oracle,0.0786473649742316
0.2,TS_oracle,0.0483402420923558
0.2,TS_oracle,0.0930597388985499
0.2,TS_oracle,0.0354680907449572
0.2,TS_oracle,0.0611609713674017
0.2,TS_oracle,0.104793454834933
0.2,TS_oracle,-0.00938656934884941
0.2,TS_oracle,0.0985081704114723
0.2,TS_oracle,0.0618551904644944
0.2,TS_oracle,0.0339559245624104
0.2,TS_oracle,-0.0197894553528478
0.2,TS_oracle,0.0604704357939736
0.2,TS_oracle,0.0421886701953929
0.2,TS_oracle,0.0987462181426202
0.2,TS_oracle,0.0484456499300143
0.2,TS_oracle,0.0362240469951602
0.2,TS_oracle,0.0587043310977158
0.2,TS_oracle,0.0643499515289208
0.2,TS_oracle,0.124098436573189
0.2,TS_oracle,-0.0194971801822009
0.2,TS_oracle,0.0221169523332114
0.2,TS_oracle,0.107872793432084
0.2,TS_oracle,0.0461139368033732
0.2,TS_oracle,0.0724199218784136
0.2,TS_oracle,0.0603230375086319
0.2,TS_oracle,0.103768785910446
0.2,TS_oracle,0.0667497639292338
0.2,TS_oracle,0.00194302842924565
0.2,TS_oracle,0.0869023499825665
0.2,TS_oracle,0.0842398559132995
0.2,TS_oracle,-0.0113703295634378
0.2,TS_oracle,0.111515935955225
0.2,TS_oracle,0.0475419290493109
0.2,TS_oracle,0.0888051587443428
0.2,TS_oracle,0.0417850542271345
0.2,TS_oracle,0.0581996294615978
0.2,TS_oracle,0.0681203331605109
0.2,TS_oracle,0.0481979168937394
0.2,TS_oracle,0.0386822063061718
0.2,TS_oracle,0.121137028047828
0.2,TS_oracle,0.0419941800352897
0.2,TS_oracle,0.0407133235618085
0.2,TS_oracle,0.0726458450154632
0.2,TS_oracle,0.12195067754453
0.2,TS_oracle,0.0606987878866962
0.2,TS_oracle,0.0373062396463539
0.2,TS_oracle,0.0410799482503046
0.2,TS_oracle,0.0657465483749458
0.2,TS_oracle,0.0679910822627574
0.2,TS_oracle,0.0477941809389104
0.2,TS_oracle,0.0722568091133662
0.2,TS_oracle,0.0286923095017217
0.2,TS_oracle,0.0386223912197441
0.2,TS_oracle,0.058117063704985
0.2,TS_oracle,0.0648748323500905
0.2,TS_oracle,0.0428662589628257
0.2,TS_oracle,0.115398190895064
0.2,TS_oracle,0.0633174590277368
0.2,TS_oracle,0.098141327188241
0.2,TS_oracle,0.134936631056092
0.2,TS_oracle,0.0667755652377986
0.2,TS_oracle,0.0495586990648096
0.2,TS_oracle,0.102483694483994
0.2,TS_oracle,0.0442526791095925
0.2,TS_oracle,0.0881178391571389
0.2,TS_oracle,0.0429790245125719
0.2,TS_oracle,0.0882991378375553
0.2,TS_oracle,0.0638303711315409
0.2,TS_oracle,0.0307322082878021
0.2,TS_oracle,0.0609029370954657
0.2,TS_oracle,0.0853439188891314
0.2,TS_oracle,0.059639173617084
0.2,TS_oracle,0.0810446988649525
0.2,TS_oracle,0.0814075866214481
0.2,TS_oracle,0.0586894589738247
0.2,TS_oracle,0.0667408310357183
0.2,TS_oracle,0.0812547982848228
0.2,TS_oracle,0.0445773819583712
0.2,TS_oracle,0.0520910005504867
0.2,TS_oracle,0.0776044031151988
0.2,TS_oracle,0.0794920550293179
0.2,TS_oracle,0.0402934475983643
0.2,TS_oracle,0.118227419666732
0.2,TS_oracle,0.0106471293271093
0.2,TS_oracle,0.0695568186570623
0.2,TS_oracle,0.0447503426326596
0.2,TS_oracle,0.0603520584508841
0.2,TS_oracle,0.0996511189726537
0.2,TS_oracle,0.0981227472345911
0.2,TS_oracle,0.0197599585374337
0.2,TS_oracle,0.0616505644944456
0.2,TS_oracle,0.0503598012274293
0.2,TS_oracle,0.106102421034858
0.2,TS_oracle,0.0558601879910994
0.2,TS_oracle,0.138962647747404
0.2,TS_oracle,0.0360384134006015
0.2,TS_oracle,0.0568381634962694
0.2,TS_oracle,0.0443265937860202
0.2,TS_oracle,0.0759268005088813
0.2,TS_oracle,0.145014099123169
0.2,TS_oracle,0.0868012879877635
0.2,TS_oracle,0.0641976593791118
0.2,TS_oracle,0.0685108241540986
0.2,TS_oracle,0.108805721100724
0.2,TS_oracle,0.0838338552913771
0.3,PLS,0.0607012654010801
0.3,PLS,-0.00996553238844111
0.3,PLS,0.0229852208987265
0.3,PLS,0.105607385496012
0.3,PLS,0.0991109792630835
0.3,PLS,0.0913606365688386
0.3,PLS,0.0713346921278573
0.3,PLS,0.111454325201712
0.3,PLS,0.0826943427625551
0.3,PLS,0.0801973348657437
0.3,PLS,0.0829115633358404
0.3,PLS,0.059686366423872
0.3,PLS,0.0680744580200177
0.3,PLS,0.0614920279331075
0.3,PLS,0.0950848386599834
0.3,PLS,0.0949447351680859
0.3,PLS,0.110305518638767
0.3,PLS,0.0131891461625071
0.3,PLS,0.0565507110354888
0.3,PLS,0.0829399305522629
0.3,PLS,0.0818422884520547
0.3,PLS,0.0660258408794714
0.3,PLS,0.0954478052120979
0.3,PLS,0.030778273123762
0.3,PLS,0.0141081713438849
0.3,PLS,0.116827699528004
0.3,PLS,0.0371503229341752
0.3,PLS,0.00899173236056172
0.3,PLS,0.0717492680624323
0.3,PLS,0.11151702636235
0.3,PLS,0.0838956961225217
0.3,PLS,0.0214770078869131
0.3,PLS,0.0894647837464311
0.3,PLS,0.00526002396692804
0.3,PLS,0.0643848478315396
0.3,PLS,0.038599057027618
0.3,PLS,0.010773140978303
0.3,PLS,0.0904226445715361
0.3,PLS,-0.00288349806324273
0.3,PLS,0.0451567844475667
0.3,PLS,0.100915278083735
0.3,PLS,0.0816392176872518
0.3,PLS,0.0572843217528602
0.3,PLS,0.0713385286884189
0.3,PLS,0.0258645065772951
0.3,PLS,0.0496166348560312
0.3,PLS,0.0522791056064744
0.3,PLS,0.0679202041521965
0.3,PLS,0.0679066740905736
0.3,PLS,0.0931313859008216
0.3,PLS,0.0644742942287415
0.3,PLS,0.0837347781437547
0.3,PLS,0.103522672401554
0.3,PLS,0.0431233846639538
0.3,PLS,0.105900400925647
0.3,PLS,0.0485012611923559
0.3,PLS,0.103986727163289
0.3,PLS,0.0614971342579274
0.3,PLS,0.0268451972185124
0.3,PLS,0.101458306775674
0.3,PLS,0.0203883938397831
0.3,PLS,0.0606465668508618
0.3,PLS,0.0329384943940341
0.3,PLS,0.00735744248369108
0.3,PLS,0.091802965193104
0.3,PLS,0.0293102782864207
0.3,PLS,0.017595226769952
0.3,PLS,0.0734148557890151
0.3,PLS,0.0375579918141713
0.3,PLS,0.097657663002807
0.3,PLS,0.031051082379135
0.3,PLS,0.0472309473072514
0.3,PLS,0.0823147801018904
0.3,PLS,0.0965357639574322
0.3,PLS,-0.016832811674295
0.3,PLS,0.0705163311664043
0.3,PLS,0.04956703870755
0.3,PLS,0.0150048597101107
0.3,PLS,0.0730860832144176
0.3,PLS,0.102600423992018
0.3,PLS,0.0233487187962689
0.3,PLS,0.0856247285719969
0.3,PLS,0.0640638214350189
0.3,PLS,0.0746126915841727
0.3,PLS,0.0692411641021771
0.3,PLS,0.114539682778858
0.3,PLS,0.0495206834062734
0.3,PLS,0.0661965343911277
0.3,PLS,0.0819247334003739
0.3,PLS,0.118568966126935
0.3,PLS,0.0633022803224348
0.3,PLS,0.0228559248277962
0.3,PLS,0.123577420291606
0.3,PLS,0.0843115516920951
0.3,PLS,0.0218741459128731
0.3,PLS,0.00555045116200836
0.3,PLS,0.0816130049547377
0.3,PLS,0.0194233757902129
0.3,PLS,0.0262237064833994
0.3,PLS,0.035350513410024
0.3,PLS,0.0383118509600535
0.3,PLS,0.1123223699866
0.3,PLS,0.0730290162163554
0.3,PLS,0.0505574203163965
0.3,PLS,-0.00514514243570319
0.3,PLS,0.0608227773193146
0.3,PLS,0.0393256862804978
0.3,PLS,0.149928729464368
0.3,PLS,0.0589816159198826
0.3,PLS,0.099359633558322
0.3,PLS,0.072620918015442
0.3,PLS,0.0865977649739249
0.3,PLS,0.040091228608333
0.3,PLS,0.0776490834396029
0.3,PLS,0.0369689140117953
0.3,PLS,0.0680115556882837
0.3,PLS,0.168705029515684
0.3,PLS,0.0362003853320918
0.3,PLS,0.128531745144455
0.3,PLS,0.0767055894013939
0.3,PLS,0.0360136822276711
0.3,PLS,0.0446365298950075
0.3,PLS,0.0666989282270323
0.3,PLS,0.0499525070154729
0.3,PLS,0.0707031771902795
0.3,PLS,0.133800274056421
0.3,PLS,0.0931861924741801
0.3,PLS,0.104566210944172
0.3,PLS,0.0755333538147998
0.3,PLS,0.0832824118398241
0.3,PLS,0.0706943290069484
0.3,PLS,0.0471512927438171
0.3,PLS,0.049513016531376
0.3,PLS,0.0850928668695983
0.3,PLS,0.137811951429163
0.3,PLS,0.027297948052899
0.3,PLS,0.0661072864393335
0.3,PLS,0.11072771349888
0.3,PLS,0.0497300140151666
0.3,PLS,0.0927539466943086
0.3,PLS,0.040029292241833
0.3,PLS,0.0930178673495081
0.3,PLS,0.0853605851972097
0.3,PLS,0.1069987590132
0.3,PLS,0.0439978513589374
0.3,PLS,0.0372336356146283
0.3,PLS,0.0411367983895845
0.3,PLS,0.0369676844349518
0.3,PLS,0.0310592076240477
0.3,PLS,-0.0104324222031469
0.3,PLS,0.0851535754467396
0.3,PLS,0.0317079770993776
0.3,PLS,0.102946895119694
0.3,PLS,0.0921303737033206
0.3,PLS,0.0354445212045049
0.3,PLS,0.0733734736982672
0.3,PLS,0.0170713686858099
0.3,PLS,0.094870876559735
0.3,PLS,0.116177151697874
0.3,PLS,0.00683429102317468
0.3,PLS,0.060038786066857
0.3,PLS,0.0282189403838686
0.3,PLS,0.173909863039964
0.3,PLS,0.0935915109917236
0.3,PLS,0.0626885282187069
0.3,PLS,0.0171130574026033
0.3,PLS,0.00316794345686966
0.3,PLS,0.0766583062315027
0.3,PLS,0.0729606018475462
0.3,PLS,0.0752063827292113
0.3,PLS,0.0428600222487636
0.3,PLS,0.0559612694744243
0.3,PLS,0.104256240481191
0.3,PLS,0.10195657715726
0.3,PLS,0.115616246579674
0.3,PLS,0.0873653050683694
0.3,PLS,0.0400060266926718
0.3,PLS,0.0612476141282943
0.3,PLS,0.129423727669278
0.3,PLS,0.0444596166419744
0.3,PLS,0.0476451632806336
0.3,PLS,-0.00661305024217396
0.3,PLS,0.0917431337502566
0.3,PLS,-0.00508030397847525
0.3,PLS,0.049258017726536
0.3,PLS,0.0620645727627225
0.3,PLS,0.114174818090009
0.3,PLS,0.0627528060302627
0.3,PLS,0.0112428006758218
0.3,PLS,0.0551648268261062
0.3,PLS,0.103186082722282
0.3,PLS,0.0571786483191614
0.3,PLS,0.0836270139587689
0.3,PLS,0.0532291316911164
0.3,PLS,0.00981014593822849
0.3,PLS,0.0159316729043093
0.3,PLS,0.0232430700984314
0.3,PLS,0.0844321031551589
0.3,PLS,0.0100573945026059
0.3,PLS,0.0329739245030911
0.3,fTS,0.05884435619592
0.3,fTS,-0.0159479554949069
0.3,fTS,0.0239939562547156
0.3,fTS,0.106778860975808
0.3,fTS,0.101800154821515
0.3,fTS,0.097756768148672
0.3,fTS,0.074418430359211
0.3,fTS,0.117443361959715
0.3,fTS,0.0790567214198001
0.3,fTS,0.0808460119865824
0.3,fTS,0.0855899405859761
0.3,fTS,0.0567391414753566
0.3,fTS,0.0700914599436615
0.3,fTS,0.0612133107901738
0.3,fTS,0.0978198013481624
0.3,fTS,0.0900952367919543
0.3,fTS,0.105205212417561
0.3,fTS,0.0088868690771966
0.3,fTS,0.0560716421792817
0.3,fTS,0.0803802379038829
0.3,fTS,0.0802931315909163
0.3,fTS,0.06357006904427
0.3,fTS,0.0853979352077099
0.3,fTS,0.036665195526794
0.3,fTS,0.0100658695907865
0.3,fTS,0.115911212040658
0.3,fTS,0.0361393704953459
0.3,fTS,0.00308520559689107
0.3,fTS,0.071783331762926
0.3,fTS,0.112527646009314
0.3,fTS,0.0834901645109494
0.3,fTS,0.0232708527315648
0.3,fTS,0.0879483953305182
0.3,fTS,0.00462449801744658
0.3,fTS,0.060993695345235
0.3,fTS,0.0350923237853085
0.3,fTS,0.0104950205717853
0.3,fTS,0.0875503179579382
0.3,fTS,2.01099129402138e-05
0.3,fTS,0.0455041509060461
0.3,fTS,0.0999221579452683
0.3,fTS,0.0794640736570198
0.3,fTS,0.0530333871791737
0.3,fTS,0.0663540453064617
0.3,fTS,0.0283745007686731
0.3,fTS,0.0489086343328951
0.3,fTS,0.0493252961744806
0.3,fTS,0.0654192205259256
0.3,fTS,0.0655140607323967
0.3,fTS,0.0908858376006181
0.3,fTS,0.0588634468569431
0.3,fTS,0.0795012281741916
0.3,fTS,0.102144225254958
0.3,fTS,0.0445480742357016
0.3,fTS,0.09685852051545
0.3,fTS,0.0492937911945113
0.3,fTS,0.0984015478397287
0.3,fTS,0.0531010634002302
0.3,fTS,0.0301778720807737
0.3,fTS,0.0999548108862631
0.3,fTS,0.0143405004092336
0.3,fTS,0.0582430043575337
0.3,fTS,0.022508015713429
0.3,fTS,0.00580469993032873
0.3,fTS,0.087361827192165
0.3,fTS,0.0275776167194339
0.3,fTS,0.011619177768021
0.3,fTS,0.0721346393849722
0.3,fTS,0.032767062205493
0.3,fTS,0.0949398244791613
0.3,fTS,0.0286054942213583
0.3,fTS,0.0478402748677424
0.3,fTS,0.0761660529573971
0.3,fTS,0.0904380106459786
0.3,fTS,-0.0168051622920309
0.3,fTS,0.0569987667752374
0.3,fTS,0.0499169397075199
0.3,fTS,0.0118253724806441
0.3,fTS,0.076145464732617
0.3,fTS,0.0983206480726055
0.3,fTS,0.0267494382700078
0.3,fTS,0.0820843525192902
0.3,fTS,0.0651240934372164
0.3,fTS,0.0783798507280857
0.3,fTS,0.0678316848699327
0.3,fTS,0.113170869833413
0.3,fTS,0.0471127069607933
0.3,fTS,0.0665410619681222
0.3,fTS,0.082033001818407
0.3,fTS,0.119563547940053
0.3,fTS,0.064505973845653
0.3,fTS,0.0181298808515098
0.3,fTS,0.125741399997704
0.3,fTS,0.0790073189076659
0.3,fTS,0.0223940001131193
0.3,fTS,0.00242541366089655
0.3,fTS,0.0829496401428007
0.3,fTS,0.0198856018134059
0.3,fTS,0.0183992002442059
0.3,fTS,0.035061549174487
0.3,fTS,0.0347912920517257
0.3,fTS,0.105892243101428
0.3,fTS,0.0749389166861949
0.3,fTS,0.0456615410033816
0.3,fTS,-0.00983339215062284
0.3,fTS,0.0614798561882022
0.3,fTS,0.0450409769714459
0.3,fTS,0.147619394688586
0.3,fTS,0.0542540719724034
0.3,fTS,0.0949089753648213
0.3,fTS,0.0734901073792527
0.3,fTS,0.0892093286753524
0.3,fTS,0.0398392627070656
0.3,fTS,0.08029391307724
0.3,fTS,0.0423811390934987
0.3,fTS,0.0626988674814131
0.3,fTS,0.166776281180129
0.3,fTS,0.0368576691302158
0.3,fTS,0.130364207345901
0.3,fTS,0.0773047973553496
0.3,fTS,0.0283068180844659
0.3,fTS,0.0391096555528465
0.3,fTS,0.0608589889196756
0.3,fTS,0.0457576668859381
0.3,fTS,0.0668638331993554
0.3,fTS,0.124092517763577
0.3,fTS,0.0934412357735537
0.3,fTS,0.104275791219874
0.3,fTS,0.0750875487700302
0.3,fTS,0.0817033770320692
0.3,fTS,0.0664276271841591
0.3,fTS,0.0474108243638371
0.3,fTS,0.0435511610846673
0.3,fTS,0.0830446478056457
0.3,fTS,0.131424609074515
0.3,fTS,0.022450106268485
0.3,fTS,0.0587545520092898
0.3,fTS,0.112019932988457
0.3,fTS,0.0481926944674342
0.3,fTS,0.0865640563212389
0.3,fTS,0.0416029032805894
0.3,fTS,0.0862997487554513
0.3,fTS,0.0789158637634058
0.3,fTS,0.103200690741436
0.3,fTS,0.0408469968709204
0.3,fTS,0.0274224548448994
0.3,fTS,0.0354664121578017
0.3,fTS,0.0384801052689745
0.3,fTS,0.0275967578334657
0.3,fTS,-0.0125814415681387
0.3,fTS,0.0805258317620638
0.3,fTS,0.0290219040689996
0.3,fTS,0.0996985253077516
0.3,fTS,0.0946837298749792
0.3,fTS,0.0324604343235559
0.3,fTS,0.0673433940349486
0.3,fTS,0.018696722308039
0.3,fTS,0.0916660313895508
0.3,fTS,0.111294135341974
0.3,fTS,0.00360036519999674
0.3,fTS,0.0617386458020404
0.3,fTS,0.0247164591055189
0.3,fTS,0.168791626354782
0.3,fTS,0.0948308516072218
0.3,fTS,0.0595358719399242
0.3,fTS,0.0158632670679286
0.3,fTS,0.00482953074081127
0.3,fTS,0.0724600653131908
0.3,fTS,0.0758474885237472
0.3,fTS,0.0630649531930123
0.3,fTS,0.0397813625205841
0.3,fTS,0.0558282329855002
0.3,fTS,0.103595268289678
0.3,fTS,0.100771544923386
0.3,fTS,0.116993015043802
0.3,fTS,0.0870496192376928
0.3,fTS,0.0368886138033437
0.3,fTS,0.0592641735291501
0.3,fTS,0.12600119745072
0.3,fTS,0.0444120401368029
0.3,fTS,0.0438631797607216
0.3,fTS,-0.010582441860817
0.3,fTS,0.0787975819087163
0.3,fTS,-0.0047521852748672
0.3,fTS,0.0520965471296886
0.3,fTS,0.0574577149084874
0.3,fTS,0.111727516061899
0.3,fTS,0.0547527954855815
0.3,fTS,0.0125418394650558
0.3,fTS,0.0548489410943498
0.3,fTS,0.0963944085161561
0.3,fTS,0.0552828596253636
0.3,fTS,0.0759429428070564
0.3,fTS,0.0471571879042705
0.3,fTS,0.0137826014367315
0.3,fTS,0.0165490314319396
0.3,fTS,0.0240477372065413
0.3,fTS,0.0800662476163145
0.3,fTS,0.00938719804076937
0.3,fTS,0.0320257389978866
0.3,LS_oracle,0.0598804329129876
0.3,LS_oracle,-0.00861358040403215
0.3,LS_oracle,0.0227691587420853
0.3,LS_oracle,0.104972649664469
0.3,LS_oracle,0.099625962832258
0.3,LS_oracle,0.0910778446610527
0.3,LS_oracle,0.0716229939625734
0.3,LS_oracle,0.11052308225587
0.3,LS_oracle,0.0824975267382613
0.3,LS_oracle,0.0801542272385245
0.3,LS_oracle,0.083879215762988
0.3,LS_oracle,0.0592232265058161
0.3,LS_oracle,0.0672774408170342
0.3,LS_oracle,0.0612611157660783
0.3,LS_oracle,0.0955325953547452
0.3,LS_oracle,0.0949942381463031
0.3,LS_oracle,0.109946131697346
0.3,LS_oracle,0.0132724142055742
0.3,LS_oracle,0.0576989910852135
0.3,LS_oracle,0.0831884545849888
0.3,LS_oracle,0.0818306960214732
0.3,LS_oracle,0.0660706874110002
0.3,LS_oracle,0.0979516520499772
0.3,LS_oracle,0.0308210034498089
0.3,LS_oracle,0.0134204178357662
0.3,LS_oracle,0.116858808283428
0.3,LS_oracle,0.037152016714701
0.3,LS_oracle,0.00824985880698237
0.3,LS_oracle,0.0721080717244222
0.3,LS_oracle,0.111955191593628
0.3,LS_oracle,0.0845055531297907
0.3,LS_oracle,0.0214994239762356
0.3,LS_oracle,0.0876204049190712
0.3,LS_oracle,0.0054569430341127
0.3,LS_oracle,0.0643800654610758
0.3,LS_oracle,0.0377420771320032
0.3,LS_oracle,0.00895370575551135
0.3,LS_oracle,0.090352486028767
0.3,LS_oracle,-0.00467234482305512
0.3,LS_oracle,0.0430841736139165
0.3,LS_oracle,0.100473550494885
0.3,LS_oracle,0.0821806995495451
0.3,LS_oracle,0.0575544376366457
0.3,LS_oracle,0.070566808766461
0.3,LS_oracle,0.0252459590417982
0.3,LS_oracle,0.048175556744168
0.3,LS_oracle,0.0520341465782923
0.3,LS_oracle,0.066578359753608
0.3,LS_oracle,0.0679065676371782
0.3,LS_oracle,0.091630942308381
0.3,LS_oracle,0.0644705760375919
0.3,LS_oracle,0.0833773622731264
0.3,LS_oracle,0.104029811773937
0.3,LS_oracle,0.0426918794203359
0.3,LS_oracle,0.105855215941216
0.3,LS_oracle,0.0486694033915929
0.3,LS_oracle,0.104208317280606
0.3,LS_oracle,0.0615783942864638
0.3,LS_oracle,0.027194874705478
0.3,LS_oracle,0.101509018621661
0.3,LS_oracle,0.0174887400083046
0.3,LS_oracle,0.060262648308538
0.3,LS_oracle,0.031813245243463
0.3,LS_oracle,0.00914821716643788
0.3,LS_oracle,0.0914949409619963
0.3,LS_oracle,0.0278475519781578
0.3,LS_oracle,0.0179083217053786
0.3,LS_oracle,0.073497117408839
0.3,LS_oracle,0.0380227395464561
0.3,LS_oracle,0.0978917415517349
0.3,LS_oracle,0.0311820604197099
0.3,LS_oracle,0.0461945161743864
0.3,LS_oracle,0.0831324081745162
0.3,LS_oracle,0.0968879046634787
0.3,LS_oracle,-0.0169772341098078
0.3,LS_oracle,0.0705115137274468
0.3,LS_oracle,0.048145842361432
0.3,LS_oracle,0.0157602568441886
0.3,LS_oracle,0.0724089226811646
0.3,LS_oracle,0.102604964817406
0.3,LS_oracle,0.0238282358576316
0.3,LS_oracle,0.0854924078221266
0.3,LS_oracle,0.064095083098787
0.3,LS_oracle,0.0756073877673646
0.3,LS_oracle,0.0689870842384752
0.3,LS_oracle,0.114558769779084
0.3,LS_oracle,0.049333716809937
0.3,LS_oracle,0.0657666457630022
0.3,LS_oracle,0.0825113968136555
0.3,LS_oracle,0.119131496571866
0.3,LS_oracle,0.0634723495158518
0.3,LS_oracle,0.0226384194806777
0.3,LS_oracle,0.125277324587015
0.3,LS_oracle,0.0848786986387311
0.3,LS_oracle,0.0204608922061735
0.3,LS_oracle,0.00508774102457576
0.3,LS_oracle,0.0814326934376102
0.3,LS_oracle,0.0190596966695633
0.3,LS_oracle,0.0254145048368528
0.3,LS_oracle,0.0358969233820698
0.3,LS_oracle,0.0381323600804273
0.3,LS_oracle,0.112353562463248
0.3,LS_oracle,0.0739180833482402
0.3,LS_oracle,0.0509466265977199
0.3,LS_oracle,-0.00536441928101872
0.3,LS_oracle,0.0604787124289428
0.3,LS_oracle,0.0394401252317014
0.3,LS_oracle,0.149342831633301
0.3,LS_oracle,0.0571665165127861
0.3,LS_oracle,0.100306327799216
0.3,LS_oracle,0.0714104458712153
0.3,LS_oracle,0.0865622655247476
0.3,LS_oracle,0.0390006355328101
0.3,LS_oracle,0.0774573785509307
0.3,LS_oracle,0.0377158315066333
0.3,LS_oracle,0.0680491133261834
0.3,LS_oracle,0.168557870407223
0.3,LS_oracle,0.0352016866163309
0.3,LS_oracle,0.128797386533354
0.3,LS_oracle,0.0766885834510487
0.3,LS_oracle,0.0360605597401977
0.3,LS_oracle,0.0453430651034195
0.3,LS_oracle,0.0687000620063076
0.3,LS_oracle,0.04928969934919
0.3,LS_oracle,0.0689764455787949
0.3,LS_oracle,0.135043936955248
0.3,LS_oracle,0.0940002532559492
0.3,LS_oracle,0.104555634011192
0.3,LS_oracle,0.0754937069540935
0.3,LS_oracle,0.0817376990475651
0.3,LS_oracle,0.0706474359528007
0.3,LS_oracle,0.0464830914780194
0.3,LS_oracle,0.0492212266955054
0.3,LS_oracle,0.0845560559875382
0.3,LS_oracle,0.13652691298469
0.3,LS_oracle,0.0258644145627942
0.3,LS_oracle,0.0658934231653316
0.3,LS_oracle,0.110217030288643
0.3,LS_oracle,0.0475970837912654
0.3,LS_oracle,0.0907686148514868
0.3,LS_oracle,0.0416053182525551
0.3,LS_oracle,0.0928305666623011
0.3,LS_oracle,0.0852013529609545
0.3,LS_oracle,0.107026162540641
0.3,LS_oracle,0.0444647489201508
0.3,LS_oracle,0.0371042593948678
0.3,LS_oracle,0.0407150511735106
0.3,LS_oracle,0.0377894967988055
0.3,LS_oracle,0.0310517721704904
0.3,LS_oracle,-0.0102418388819571
0.3,LS_oracle,0.0854177630420847
0.3,LS_oracle,0.0318451884646569
0.3,LS_oracle,0.102773687961017
0.3,LS_oracle,0.0922006713849692
0.3,LS_oracle,0.0343212878916122
0.3,LS_oracle,0.0734187706298559
0.3,LS_oracle,0.017034575261047
0.3,LS_oracle,0.0936826725004241
0.3,LS_oracle,0.116967649292886
0.3,LS_oracle,0.00685712053011711
0.3,LS_oracle,0.0601106063780481
0.3,LS_oracle,0.0287445747858597
0.3,LS_oracle,0.173979477050044
0.3,LS_oracle,0.0936334221282666
0.3,LS_oracle,0.061815150762059
0.3,LS_oracle,0.0170523032622305
0.3,LS_oracle,0.00304260008004964
0.3,LS_oracle,0.0769529478307793
0.3,LS_oracle,0.0698553173555319
0.3,LS_oracle,0.075599729175037
0.3,LS_oracle,0.042752445866874
0.3,LS_oracle,0.0551790710457734
0.3,LS_oracle,0.104145227286421
0.3,LS_oracle,0.100285070793021
0.3,LS_oracle,0.115407416112295
0.3,LS_oracle,0.0869866431571684
0.3,LS_oracle,0.039794633424554
0.3,LS_oracle,0.0606223996273896
0.3,LS_oracle,0.12954125019864
0.3,LS_oracle,0.0447736977300826
0.3,LS_oracle,0.0476786844752035
0.3,LS_oracle,-0.00705524069652441
0.3,LS_oracle,0.0923582653343924
0.3,LS_oracle,-0.00493861154887443
0.3,LS_oracle,0.0497039239453614
0.3,LS_oracle,0.0605638773755948
0.3,LS_oracle,0.112588781910905
0.3,LS_oracle,0.0618461518425724
0.3,LS_oracle,0.0113724798122188
0.3,LS_oracle,0.0561861258696297
0.3,LS_oracle,0.104056670410239
0.3,LS_oracle,0.0571811253483658
0.3,LS_oracle,0.0833848172160598
0.3,LS_oracle,0.0533604428666399
0.3,LS_oracle,0.0103410934367201
0.3,LS_oracle,0.0162038322186051
0.3,LS_oracle,0.0237757708483683
0.3,LS_oracle,0.0827093638265131
0.3,LS_oracle,0.00898392533070669
0.3,LS_oracle,0.0327568370100306
0.3,TS_oracle,0.0583774494678928
0.3,TS_oracle,-0.0149361878092602
0.3,TS_oracle,0.0244251120446619
0.3,TS_oracle,0.106295071517906
0.3,TS_oracle,0.101703132012445
0.3,TS_oracle,0.0976259251274656
0.3,TS_oracle,0.0736264761699266
0.3,TS_oracle,0.113887614122614
0.3,TS_oracle,0.079556893292174
0.3,TS_oracle,0.0808367712919422
0.3,TS_oracle,0.0859880013010454
0.3,TS_oracle,0.0561019445484605
0.3,TS_oracle,0.0694941303066796
0.3,TS_oracle,0.0611821435629436
0.3,TS_oracle,0.098043553617791
0.3,TS_oracle,0.0896133107874133
0.3,TS_oracle,0.105048029933077
0.3,TS_oracle,0.00868057082456652
0.3,TS_oracle,0.0574256063269614
0.3,TS_oracle,0.0794751816785075
0.3,TS_oracle,0.0802520074281601
0.3,TS_oracle,0.0635647171823803
0.3,TS_oracle,0.0864134189139603
0.3,TS_oracle,0.0365976371672889
0.3,TS_oracle,0.0100957923558893
0.3,TS_oracle,0.115406850702686
0.3,TS_oracle,0.0361512565489361
0.3,TS_oracle,0.00310728136940774
0.3,TS_oracle,0.0718262238241383
0.3,TS_oracle,0.113849109012353
0.3,TS_oracle,0.0820769535001495
0.3,TS_oracle,0.0224900530453243
0.3,TS_oracle,0.0876726647403043
0.3,TS_oracle,0.00468721291741914
0.3,TS_oracle,0.0607461380911261
0.3,TS_oracle,0.0347597536437294
0.3,TS_oracle,0.00882663962793973
0.3,TS_oracle,0.0873240892882514
0.3,TS_oracle,-0.00144510194075986
0.3,TS_oracle,0.0446447050988907
0.3,TS_oracle,0.099729557158855
0.3,TS_oracle,0.078782139755913
0.3,TS_oracle,0.0534528949378115
0.3,TS_oracle,0.0661635087632106
0.3,TS_oracle,0.0282420452038126
0.3,TS_oracle,0.0478183866347428
0.3,TS_oracle,0.0494228904246021
0.3,TS_oracle,0.0647230953201474
0.3,TS_oracle,0.0655138570907825
0.3,TS_oracle,0.0885544141438761
0.3,TS_oracle,0.0588643579702945
0.3,TS_oracle,0.0792891628550851
0.3,TS_oracle,0.102653598460341
0.3,TS_oracle,0.0443693186110836
0.3,TS_oracle,0.096835989958989
0.3,TS_oracle,0.0493709560802265
0.3,TS_oracle,0.0985264804578583
0.3,TS_oracle,0.0530371788186756
0.3,TS_oracle,0.0301832973718641
0.3,TS_oracle,0.0999945095578494
0.3,TS_oracle,0.0111058002334314
0.3,TS_oracle,0.0580576101821022
0.3,TS_oracle,0.0213862802099778
0.3,TS_oracle,0.00593941203258885
0.3,TS_oracle,0.0871390892836736
0.3,TS_oracle,0.0261890125345328
0.3,TS_oracle,0.0116932018349156
0.3,TS_oracle,0.0721650486216163
0.3,TS_oracle,0.032932304350509
0.3,TS_oracle,0.0946241702344006
0.3,TS_oracle,0.0289162588983289
0.3,TS_oracle,0.0476306168379779
0.3,TS_oracle,0.076479514813476
0.3,TS_oracle,0.0902456794425128
0.3,TS_oracle,-0.0162161860907023
0.3,TS_oracle,0.0571054709878174
0.3,TS_oracle,0.0481984115802498
0.3,TS_oracle,0.0119737734242094
0.3,TS_oracle,0.0730258111248141
0.3,TS_oracle,0.0983743453959827
0.3,TS_oracle,0.0269962089806506
0.3,TS_oracle,0.0819561895064957
0.3,TS_oracle,0.0651286387716732
0.3,TS_oracle,0.0786212295004152
0.3,TS_oracle,0.0681912860790355
0.3,TS_oracle,0.113153169060455
0.3,TS_oracle,0.0471451475689817
0.3,TS_oracle,0.0661170935927791
0.3,TS_oracle,0.0821444094617028
0.3,TS_oracle,0.119809154963889
0.3,TS_oracle,0.0645998141537734
0.3,TS_oracle,0.0178941409797717
0.3,TS_oracle,0.126554321825241
0.3,TS_oracle,0.0801711448565929
0.3,TS_oracle,0.0209612551774714
0.3,TS_oracle,0.00136221019318028
0.3,TS_oracle,0.0824801274177527
0.3,TS_oracle,0.0196907086504519
0.3,TS_oracle,0.0189944167017748
0.3,TS_oracle,0.0352172890541924
0.3,TS_oracle,0.0343552430227967
0.3,TS_oracle,0.105910099957347
0.3,TS_oracle,0.0754866272750847
0.3,TS_oracle,0.0460377822576619
0.3,TS_oracle,-0.0102020887436386
0.3,TS_oracle,0.06100230492154
0.3,TS_oracle,0.045007833251492
0.3,TS_oracle,0.147343324728362
0.3,TS_oracle,0.052817931012848
0.3,TS_oracle,0.0957897645275954
0.3,TS_oracle,0.0734593968682009
0.3,TS_oracle,0.0891883106498428
0.3,TS_oracle,0.0389874526311451
0.3,TS_oracle,0.0802879558180325
0.3,TS_oracle,0.0418805567378573
0.3,TS_oracle,0.0627140600807099
0.3,TS_oracle,0.165992216344445
0.3,TS_oracle,0.0367751938571579
0.3,TS_oracle,0.130720542960476
0.3,TS_oracle,0.0772970076692026
0.3,TS_oracle,0.0287558536467345
0.3,TS_oracle,0.0395400743981738
0.3,TS_oracle,0.0607692485062683
0.3,TS_oracle,0.0447984970774726
0.3,TS_oracle,0.0663275232470626
0.3,TS_oracle,0.125192148294824
0.3,TS_oracle,0.0936759699596736
0.3,TS_oracle,0.10440284331131
0.3,TS_oracle,0.0744698087354623
0.3,TS_oracle,0.0810384160609467
0.3,TS_oracle,0.0666892623155357
0.3,TS_oracle,0.0469949225989481
0.3,TS_oracle,0.0433113298387111
0.3,TS_oracle,0.0829098641680137
0.3,TS_oracle,0.13026304435447
0.3,TS_oracle,0.0211572922036993
0.3,TS_oracle,0.0587117849739567
0.3,TS_oracle,0.112263785717827
0.3,TS_oracle,0.0476393158039494
0.3,TS_oracle,0.086675795885379
0.3,TS_oracle,0.042420905614371
0.3,TS_oracle,0.0862487395794682
0.3,TS_oracle,0.0789055040351654
0.3,TS_oracle,0.107304522470909
0.3,TS_oracle,0.0409597610728769
0.3,TS_oracle,0.0278630279994925
0.3,TS_oracle,0.0348884396358202
0.3,TS_oracle,0.0386961954227703
0.3,TS_oracle,0.0275938361095254
0.3,TS_oracle,-0.0125175025356914
0.3,TS_oracle,0.0804633935618475
0.3,TS_oracle,0.0291037024467138
0.3,TS_oracle,0.0995999914827355
0.3,TS_oracle,0.0944721193770213
0.3,TS_oracle,0.0323760656274354
0.3,TS_oracle,0.0672921012366754
0.3,TS_oracle,0.0185672578031422
0.3,TS_oracle,0.090712980103139
0.3,TS_oracle,0.111254288332458
0.3,TS_oracle,0.00375474343952731
0.3,TS_oracle,0.0620568933853922
0.3,TS_oracle,0.0253978280058782
0.3,TS_oracle,0.168832303999003
0.3,TS_oracle,0.0948439740632043
0.3,TS_oracle,0.0581143945850353
0.3,TS_oracle,0.0159733528535084
0.3,TS_oracle,0.00466089673275483
0.3,TS_oracle,0.0719433332228534
0.3,TS_oracle,0.0746297695929596
0.3,TS_oracle,0.0633472752002195
0.3,TS_oracle,0.0402893287994328
0.3,TS_oracle,0.0556473616502713
0.3,TS_oracle,0.103544394042508
0.3,TS_oracle,0.0977680473601228
0.3,TS_oracle,0.117398087423048
0.3,TS_oracle,0.0868030983280859
0.3,TS_oracle,0.0368960612430949
0.3,TS_oracle,0.0586665936900632
0.3,TS_oracle,0.126017167210438
0.3,TS_oracle,0.0445878332556522
0.3,TS_oracle,0.043955933208135
0.3,TS_oracle,-0.0109244082147193
0.3,TS_oracle,0.0793523029457281
0.3,TS_oracle,-0.00466756689614534
0.3,TS_oracle,0.0524504878887644
0.3,TS_oracle,0.0568856133457447
0.3,TS_oracle,0.110966853648205
0.3,TS_oracle,0.054071588206432
0.3,TS_oracle,0.0131679999955145
0.3,TS_oracle,0.0557868723275188
0.3,TS_oracle,0.0967330379445508
0.3,TS_oracle,0.0552834147855104
0.3,TS_oracle,0.0764596747968191
0.3,TS_oracle,0.0473571313431254
0.3,TS_oracle,0.0143197630989953
0.3,TS_oracle,0.0166786146010762
0.3,TS_oracle,0.0243825710339973
0.3,TS_oracle,0.0799622317958439
0.3,TS_oracle,0.00844279823888039
0.3,TS_oracle,0.0316040879184918
0.4,PLS,0.0229197255965741
0.4,PLS,0.0782522971331394
0.4,PLS,0.0521196270792055
0.4,PLS,0.0682764141799099
0.4,PLS,0.0533928937631314
0.4,PLS,0.0381538704269022
0.4,PLS,0.0468502659617198
0.4,PLS,0.0539604641605336
0.4,PLS,0.118216792539748
0.4,PLS,0.0856493659799096
0.4,PLS,0.0355716424843642
0.4,PLS,0.0324170456857122
0.4,PLS,0.0989101218634347
0.4,PLS,0.0591189197498594
0.4,PLS,0.0504258044179346
0.4,PLS,0.0116812463281892
0.4,PLS,0.0276812127839148
0.4,PLS,0.112615653009118
0.4,PLS,0.03847202667507
0.4,PLS,0.122352053784972
0.4,PLS,0.0292386712919406
0.4,PLS,0.0662296989331637
0.4,PLS,0.0730625966246878
0.4,PLS,0.0681965631081869
0.4,PLS,0.10273682100757
0.4,PLS,0.136676211454608
0.4,PLS,0.0814987744537763
0.4,PLS,0.139087977232141
0.4,PLS,0.0750649412646884
0.4,PLS,0.0381718129548874
0.4,PLS,0.0758629754759224
0.4,PLS,0.034322300221149
0.4,PLS,0.00992084223467793
0.4,PLS,0.000616756867657609
0.4,PLS,0.138842371859924
0.4,PLS,0.114596802805414
0.4,PLS,0.0357157561590995
0.4,PLS,0.0705348918008455
0.4,PLS,-0.000512560718466282
0.4,PLS,0.0506181737938558
0.4,PLS,0.0197411116142903
0.4,PLS,0.0225867427692761
0.4,PLS,0.113173796035631
0.4,PLS,0.0403949835841626
0.4,PLS,0.0645275199851327
0.4,PLS,0.0723105232067076
0.4,PLS,0.116375454617673
0.4,PLS,0.0461518194372121
0.4,PLS,0.104466726715829
0.4,PLS,0.0387407037196597
0.4,PLS,0.0132635772531973
0.4,PLS,0.0955361346450831
0.4,PLS,0.0448341472926308
0.4,PLS,0.0795228582879721
0.4,PLS,0.105756789992634
0.4,PLS,0.0445159151796792
0.4,PLS,0.063862538974538
0.4,PLS,0.048510282707469
0.4,PLS,0.133868345620624
0.4,PLS,0.0333070241737372
0.4,PLS,0.0579672174953341
0.4,PLS,0.169384619123926
0.4,PLS,0.0692722192066326
0.4,PLS,0.0780394437254972
0.4,PLS,0.157770131467341
0.4,PLS,0.187827602204241
0.4,PLS,0.104626239039237
0.4,PLS,-0.0344516822683059
0.4,PLS,0.0673615276121979
0.4,PLS,0.0776161014185242
0.4,PLS,0.0315573494958452
0.4,PLS,0.0962839834936322
0.4,PLS,0.035123855797788
0.4,PLS,0.13276453464611
0.4,PLS,0.0991484099429614
0.4,PLS,0.10881303738229
0.4,PLS,0.0359066256491085
0.4,PLS,0.0937289600939288
0.4,PLS,0.1049417048621
0.4,PLS,0.0247417544658648
0.4,PLS,-0.00746475851212614
0.4,PLS,0.0375259948841045
0.4,PLS,0.132406953327889
0.4,PLS,0.0876293260810899
0.4,PLS,0.0478971879176782
0.4,PLS,0.054424235160613
0.4,PLS,0.061120702369619
0.4,PLS,0.0835081261010557
0.4,PLS,0.0935240065016312
0.4,PLS,0.0293473339092667
0.4,PLS,0.072534094841648
0.4,PLS,0.107963424285864
0.4,PLS,0.0283934386435554
0.4,PLS,0.0398293190217056
0.4,PLS,0.0351268998491094
0.4,PLS,0.059792854458758
0.4,PLS,0.0827137514428327
0.4,PLS,0.0825762071245022
0.4,PLS,0.0124328115573842
0.4,PLS,0.0926452089328142
0.4,PLS,0.026647590493869
0.4,PLS,0.146839803634311
0.4,PLS,0.104566090873203
0.4,PLS,0.0312230637486859
0.4,PLS,0.0602678911465127
0.4,PLS,0.0140240878952198
0.4,PLS,0.0369328429640869
0.4,PLS,0.109678436775663
0.4,PLS,-0.0149918213985235
0.4,PLS,0.111517490754482
0.4,PLS,0.0103594306733563
0.4,PLS,0.0356467562839027
0.4,PLS,0.129180790476206
0.4,PLS,0.097896448598968
0.4,PLS,0.108037018160543
0.4,PLS,0.0993388092451695
0.4,PLS,0.0982712018398568
0.4,PLS,0.00572189327144734
0.4,PLS,0.0873158109906191
0.4,PLS,0.103633937045894
0.4,PLS,0.02442585569678
0.4,PLS,0.0201928717450028
0.4,PLS,0.0450413019821028
0.4,PLS,0.0378947951653854
0.4,PLS,0.0758034989051164
0.4,PLS,0.0694442999829534
0.4,PLS,0.0905523595812365
0.4,PLS,-0.00127603814460353
0.4,PLS,0.0985674027432339
0.4,PLS,0.115356828100297
0.4,PLS,0.0754410320994987
0.4,PLS,0.074293867792119
0.4,PLS,0.0885636872085505
0.4,PLS,0.065191511574431
0.4,PLS,0.0955356521710433
0.4,PLS,0.115444738690844
0.4,PLS,0.0721631490440124
0.4,PLS,0.0263044832428398
0.4,PLS,0.0898726161338441
0.4,PLS,0.0873649341627734
0.4,PLS,0.132475369262535
0.4,PLS,0.0341313424031127
0.4,PLS,0.109711304935787
0.4,PLS,0.130715579771618
0.4,PLS,0.0311920195226407
0.4,PLS,0.040999452813637
0.4,PLS,0.0397776311127027
0.4,PLS,0.0298481851365082
0.4,PLS,0.1420856561318
0.4,PLS,0.0359490125955675
0.4,PLS,0.0930371853244718
0.4,PLS,0.0171323963082251
0.4,PLS,0.0492827279145331
0.4,PLS,0.0648866235869481
0.4,PLS,0.0273426715363416
0.4,PLS,0.0564565174520439
0.4,PLS,0.0600492088062918
0.4,PLS,0.0175031910270917
0.4,PLS,0.0774305029211932
0.4,PLS,0.137600357811422
0.4,PLS,0.0346273926822549
0.4,PLS,0.0199606138951078
0.4,PLS,0.0730328422193947
0.4,PLS,0.103224898980325
0.4,PLS,0.0805952363997047
0.4,PLS,0.125274845852063
0.4,PLS,-0.0090923991152444
0.4,PLS,0.103108112788934
0.4,PLS,0.0355349100484095
0.4,PLS,-0.0295238881867975
0.4,PLS,0.052478619646839
0.4,PLS,0.114240692110872
0.4,PLS,0.100328630986997
0.4,PLS,0.101703238956751
0.4,PLS,0.0520557900719352
0.4,PLS,0.131028384773654
0.4,PLS,0.0410662047726085
0.4,PLS,0.100484316046258
0.4,PLS,0.101938060365603
0.4,PLS,0.0769184299237211
0.4,PLS,0.0804058892506283
0.4,PLS,0.00609028432794201
0.4,PLS,0.0381403373477949
0.4,PLS,0.0348535004932435
0.4,PLS,0.0877306217957941
0.4,PLS,0.100208068651335
0.4,PLS,0.0746152776870217
0.4,PLS,0.0834941544306393
0.4,PLS,0.0449668233483504
0.4,PLS,0.0998121118859816
0.4,PLS,0.0907803828640852
0.4,PLS,0.0400751321767132
0.4,PLS,0.0443315085284954
0.4,PLS,0.122291050037495
0.4,PLS,0.0229435599080587
0.4,PLS,0.0586738245209961
0.4,PLS,0.0513780978053704
0.4,PLS,0.0519869327062559
0.4,PLS,0.041706127583385
0.4,PLS,0.113472188356916
0.4,fTS,0.0236310601645917
0.4,fTS,0.072676197306915
0.4,fTS,0.0466946097607635
0.4,fTS,0.0639675600049949
0.4,fTS,0.0470155232845846
0.4,fTS,0.0315911887435196
0.4,fTS,0.0451778190319128
0.4,fTS,0.0430073923950705
0.4,fTS,0.122401470323169
0.4,fTS,0.0824610347880848
0.4,fTS,0.039549124834608
0.4,fTS,0.0267463558153143
0.4,fTS,0.0955177177871189
0.4,fTS,0.0542509582994746
0.4,fTS,0.0475534112675779
0.4,fTS,0.0176429813790266
0.4,fTS,0.021465364050143
0.4,fTS,0.114749478920809
0.4,fTS,0.0417295436076359
0.4,fTS,0.116306120626453
0.4,fTS,0.0263450910590444
0.4,fTS,0.0620720624317714
0.4,fTS,0.072847605182639
0.4,fTS,0.0661991084010196
0.4,fTS,0.0989057531759581
0.4,fTS,0.136025088694577
0.4,fTS,0.0832961608854492
0.4,fTS,0.141712724734373
0.4,fTS,0.0693544330651137
0.4,fTS,0.0381121483691806
0.4,fTS,0.0793815676637164
0.4,fTS,0.0395769760204421
0.4,fTS,0.000565174073877461
0.4,fTS,-0.00445535407953479
0.4,fTS,0.132828027589961
0.4,fTS,0.118937051388114
0.4,fTS,0.0362223233734678
0.4,fTS,0.0635932336037064
0.4,fTS,0.00191321815616274
0.4,fTS,0.0496967370921828
0.4,fTS,0.010869325292945
0.4,fTS,0.0214109945555347
0.4,fTS,0.113206953800219
0.4,fTS,0.0449820479935379
0.4,fTS,0.0654218102156972
0.4,fTS,0.0682983149843119
0.4,fTS,0.112422545179289
0.4,fTS,0.0404067971091018
0.4,fTS,0.102608037806792
0.4,fTS,0.04051828557185
0.4,fTS,0.00986924407243039
0.4,fTS,0.0945462368413319
0.4,fTS,0.0467208737729168
0.4,fTS,0.0778510802702486
0.4,fTS,0.097603776668002
0.4,fTS,0.0363027948915469
0.4,fTS,0.0585896146812019
0.4,fTS,0.038427796975151
0.4,fTS,0.134361778437411
0.4,fTS,0.0321121592498381
0.4,fTS,0.053453022060582
0.4,fTS,0.171804822125689
0.4,fTS,0.0650394047290821
0.4,fTS,0.0596355014256384
0.4,fTS,0.163152737463545
0.4,fTS,0.163848789600999
0.4,fTS,0.102010957270684
0.4,fTS,-0.0339261668835574
0.4,fTS,0.0647310444395759
0.4,fTS,0.0798571810305593
0.4,fTS,0.0359607327759472
0.4,fTS,0.0984579830275898
0.4,fTS,0.0349725502728584
0.4,fTS,0.127147512035609
0.4,fTS,0.0890745373649446
0.4,fTS,0.0937508862761227
0.4,fTS,0.0347504122750832
0.4,fTS,0.0940597177032476
0.4,fTS,0.0954054645878986
0.4,fTS,0.0275920981155473
0.4,fTS,-0.0155548638560147
0.4,fTS,0.0401467831118199
0.4,fTS,0.13587986193699
0.4,fTS,0.0883894129746179
0.4,fTS,0.0540135049150783
0.4,fTS,0.0510700574895517
0.4,fTS,0.0635862574251538
0.4,fTS,0.0831510776536759
0.4,fTS,0.0948772196884069
0.4,fTS,0.0288492494889607
0.4,fTS,0.0706583097517264
0.4,fTS,0.111365239164195
0.4,fTS,0.0241570250228194
0.4,fTS,0.0436548932116225
0.4,fTS,0.0300210483852572
0.4,fTS,0.0599260330339737
0.4,fTS,0.0887606212668595
0.4,fTS,0.0807047575409088
0.4,fTS,0.0137665795569064
0.4,fTS,0.0924992775957003
0.4,fTS,0.0275104945768698
0.4,fTS,0.135535566730558
0.4,fTS,0.102699230315212
0.4,fTS,0.0318679519705563
0.4,fTS,0.0579984081969707
0.4,fTS,0.018496115674927
0.4,fTS,0.038539436912739
0.4,fTS,0.101984722677273
0.4,fTS,-0.0141845563705177
0.4,fTS,0.109428989662647
0.4,fTS,0.00551437872814975
0.4,fTS,0.0295061514867225
0.4,fTS,0.124719992002511
0.4,fTS,0.0928952290769813
0.4,fTS,0.109886523119931
0.4,fTS,0.0954386816904604
0.4,fTS,0.095161154038045
0.4,fTS,0.00194472018040037
0.4,fTS,0.0852672789172717
0.4,fTS,0.0943250893979954
0.4,fTS,0.0239689137067618
0.4,fTS,0.0198931512147626
0.4,fTS,0.0351083507106384
0.4,fTS,0.0442965890800389
0.4,fTS,0.0815345737085515
0.4,fTS,0.0633677983713667
0.4,fTS,0.0836968696621683
0.4,fTS,-0.00149098541780768
0.4,fTS,0.095074668277298
0.4,fTS,0.110555114023688
0.4,fTS,0.0755670873684842
0.4,fTS,0.0635523941713658
0.4,fTS,0.0851959988217721
0.4,fTS,0.0593572532570217
0.4,fTS,0.0858593248918003
0.4,fTS,0.112812565190298
0.4,fTS,0.0771516984313021
0.4,fTS,0.0200837443317932
0.4,fTS,0.0802484369468344
0.4,fTS,0.0793948358263292
0.4,fTS,0.130420254438172
0.4,fTS,0.0257389459389707
0.4,fTS,0.0989118423252766
0.4,fTS,0.13063280570938
0.4,fTS,0.0339333675972442
0.4,fTS,0.0376936636347975
0.4,fTS,0.0391056234434548
0.4,fTS,0.0318220966696394
0.4,fTS,0.141489240848064
0.4,fTS,0.0373372311925451
0.4,fTS,0.0933192379780301
0.4,fTS,0.0183667990221137
0.4,fTS,0.0417245189430731
0.4,fTS,0.0631320737419994
0.4,fTS,0.0237298391283345
0.4,fTS,0.0581118427480731
0.4,fTS,0.0656368742681146
0.4,fTS,0.0141243410821652
0.4,fTS,0.0709579902781807
0.4,fTS,0.137219995912546
0.4,fTS,0.0346614367596521
0.4,fTS,0.00874435614918023
0.4,fTS,0.0682091896853301
0.4,fTS,0.0924789167544999
0.4,fTS,0.0799026168275907
0.4,fTS,0.119506178584309
0.4,fTS,-0.016315953418042
0.4,fTS,0.100706694685789
0.4,fTS,0.032942049640531
0.4,fTS,-0.0311964840478353
0.4,fTS,0.0490001001333289
0.4,fTS,0.0957164418793162
0.4,fTS,0.0979254299074244
0.4,fTS,0.0967643425384879
0.4,fTS,0.0533032930856718
0.4,fTS,0.125430366444408
0.4,fTS,0.0399904820888946
0.4,fTS,0.100039168793985
0.4,fTS,0.0975903155548923
0.4,fTS,0.0788721928557712
0.4,fTS,0.0750725519929192
0.4,fTS,0.00115168432051793
0.4,fTS,0.0385211794583458
0.4,fTS,0.0341037332289733
0.4,fTS,0.0860470980532995
0.4,fTS,0.0916011816715172
0.4,fTS,0.0690970585107364
0.4,fTS,0.0706799512209617
0.4,fTS,0.0478001530073016
0.4,fTS,0.0935522759229044
0.4,fTS,0.0907769180080145
0.4,fTS,0.041294647382379
0.4,fTS,0.0427408158405305
0.4,fTS,0.113555263282857
0.4,fTS,0.0135588707621723
0.4,fTS,0.0466149911903551
0.4,fTS,0.0468070350785128
0.4,fTS,0.0540688683694115
0.4,fTS,0.0542515438487297
0.4,fTS,0.116072135970737
0.4,LS_oracle,0.0200445169031895
0.4,LS_oracle,0.0750339261334234
0.4,LS_oracle,0.0521493832455782
0.4,LS_oracle,0.0683003900480401
0.4,LS_oracle,0.0543736691697205
0.4,LS_oracle,0.0371290124845534
0.4,LS_oracle,0.04693154118474
0.4,LS_oracle,0.0538010289384587
0.4,LS_oracle,0.120331057121614
0.4,LS_oracle,0.0859721997951133
0.4,LS_oracle,0.0355912764506099
0.4,LS_oracle,0.0329760267505557
0.4,LS_oracle,0.0988861666114214
0.4,LS_oracle,0.0587565472534464
0.4,LS_oracle,0.0499001134899342
0.4,LS_oracle,0.0115178569502059
0.4,LS_oracle,0.0274288379697691
0.4,LS_oracle,0.112711058477046
0.4,LS_oracle,0.0390059598381218
0.4,LS_oracle,0.122368024181349
0.4,LS_oracle,0.028784103363491
0.4,LS_oracle,0.0661083035111751
0.4,LS_oracle,0.0711426513025526
0.4,LS_oracle,0.0646859983860952
0.4,LS_oracle,0.102408663313244
0.4,LS_oracle,0.135952753060592
0.4,LS_oracle,0.08128067308998
0.4,LS_oracle,0.138960045489083
0.4,LS_oracle,0.0726766453414824
0.4,LS_oracle,0.0379827667167179
0.4,LS_oracle,0.0757595301579317
0.4,LS_oracle,0.0345699628971259
0.4,LS_oracle,0.00927469514758705
0.4,LS_oracle,-0.000839232585346683
0.4,LS_oracle,0.138846413078535
0.4,LS_oracle,0.11422277512445
0.4,LS_oracle,0.0352230804405262
0.4,LS_oracle,0.0679432851880255
0.4,LS_oracle,-0.000526276077276178
0.4,LS_oracle,0.05184477598555
0.4,LS_oracle,0.019439666380249
0.4,LS_oracle,0.0225757943014475
0.4,LS_oracle,0.114368726860623
0.4,LS_oracle,0.0360763515600802
0.4,LS_oracle,0.0634072062122379
0.4,LS_oracle,0.0722513197452443
0.4,LS_oracle,0.115398302419557
0.4,LS_oracle,0.0455314110669649
0.4,LS_oracle,0.104368549111454
0.4,LS_oracle,0.0371624137264075
0.4,LS_oracle,0.0132706195463026
0.4,LS_oracle,0.0954622169414336
0.4,LS_oracle,0.0425127746016825
0.4,LS_oracle,0.0801040397165746
0.4,LS_oracle,0.103318323716738
0.4,LS_oracle,0.0442766672936563
0.4,LS_oracle,0.0631954704388611
0.4,LS_oracle,0.0457565974462595
0.4,LS_oracle,0.133914615903326
0.4,LS_oracle,0.0319324800503873
0.4,LS_oracle,0.0588851075158716
0.4,LS_oracle,0.167979558668758
0.4,LS_oracle,0.0683070857604207
0.4,LS_oracle,0.0779728782481708
0.4,LS_oracle,0.1576853723562
0.4,LS_oracle,0.187248540811384
0.4,LS_oracle,0.104934608858623
0.4,LS_oracle,-0.0335195626943474
0.4,LS_oracle,0.067267869096314
0.4,LS_oracle,0.0777079704357586
0.4,LS_oracle,0.0315902430304593
0.4,LS_oracle,0.0950618392590954
0.4,LS_oracle,0.035833724676045
0.4,LS_oracle,0.13269074314349
0.4,LS_oracle,0.0990993494647101
0.4,LS_oracle,0.109472071818411
0.4,LS_oracle,0.0357844062236823
0.4,LS_oracle,0.0942428379567601
0.4,LS_oracle,0.1054996987032
0.4,LS_oracle,0.0243791860912153
0.4,LS_oracle,-0.00735352082393681
0.4,LS_oracle,0.0373120272022869
0.4,LS_oracle,0.132460170829099
0.4,LS_oracle,0.0862631263538631
0.4,LS_oracle,0.0473968553520026
0.4,LS_oracle,0.0550061989431743
0.4,LS_oracle,0.0609615724152113
0.4,LS_oracle,0.0835311816747293
0.4,LS_oracle,0.0919833885866363
0.4,LS_oracle,0.0287227755849173
0.4,LS_oracle,0.0720300623052514
0.4,LS_oracle,0.106248250515056
0.4,LS_oracle,0.0298611706241632
0.4,LS_oracle,0.0389337208208826
0.4,LS_oracle,0.0315631671163021
0.4,LS_oracle,0.0597663473371213
0.4,LS_oracle,0.0823013106337411
0.4,LS_oracle,0.079817678584474
0.4,LS_oracle,0.0113430181978214
0.4,LS_oracle,0.0926189090718093
0.4,LS_oracle,0.027105041779772
0.4,LS_oracle,0.147018088176628
0.4,LS_oracle,0.104691807183135
0.4,LS_oracle,0.0317681447131579
0.4,LS_oracle,0.0604248063350614
0.4,LS_oracle,0.013895520305808
0.4,LS_oracle,0.0371125261148519
0.4,LS_oracle,0.106472760171767
0.4,LS_oracle,-0.0151109939747766
0.4,LS_oracle,0.111072922340412
0.4,LS_oracle,0.0103647188471516
0.4,LS_oracle,0.0363415966698084
0.4,LS_oracle,0.128756427690462
0.4,LS_oracle,0.0985703486863811
0.4,LS_oracle,0.107898508195638
0.4,LS_oracle,0.0993138189169274
0.4,LS_oracle,0.0984190036918926
0.4,LS_oracle,0.00537433052308423
0.4,LS_oracle,0.0875918271628982
0.4,LS_oracle,0.104622789169532
0.4,LS_oracle,0.0246607924925255
0.4,LS_oracle,0.020046694989214
0.4,LS_oracle,0.044470818612385
0.4,LS_oracle,0.0378264733579041
0.4,LS_oracle,0.0743565880650543
0.4,LS_oracle,0.069370923609293
0.4,LS_oracle,0.0901205658140598
0.4,LS_oracle,0.000705675947690665
0.4,LS_oracle,0.0995690676529697
0.4,LS_oracle,0.115325302527264
0.4,LS_oracle,0.0761292216414837
0.4,LS_oracle,0.0739146407359923
0.4,LS_oracle,0.0884505319302875
0.4,LS_oracle,0.0656036137737479
0.4,LS_oracle,0.0954902719440787
0.4,LS_oracle,0.115421152017231
0.4,LS_oracle,0.071095534990814
0.4,LS_oracle,0.0263201922770686
0.4,LS_oracle,0.0889462669292731
0.4,LS_oracle,0.086882423946959
0.4,LS_oracle,0.132467091077611
0.4,LS_oracle,0.0357091456796499
0.4,LS_oracle,0.109308636678572
0.4,LS_oracle,0.130940185292945
0.4,LS_oracle,0.0332027881016961
0.4,LS_oracle,0.0410751320588667
0.4,LS_oracle,0.0394569623100047
0.4,LS_oracle,0.0312565471698547
0.4,LS_oracle,0.142621995279331
0.4,LS_oracle,0.0339622782154365
0.4,LS_oracle,0.0930016031568051
0.4,LS_oracle,0.0172907583235586
0.4,LS_oracle,0.0492627934409591
0.4,LS_oracle,0.064750821174224
0.4,LS_oracle,0.0272535668725333
0.4,LS_oracle,0.0552338694448358
0.4,LS_oracle,0.0600425529751321
0.4,LS_oracle,0.0176608601752557
0.4,LS_oracle,0.078369037736604
0.4,LS_oracle,0.137306605645148
0.4,LS_oracle,0.0346348600220825
0.4,LS_oracle,0.018657124502387
0.4,LS_oracle,0.0722234361369645
0.4,LS_oracle,0.103196865653495
0.4,LS_oracle,0.0807842650338173
0.4,LS_oracle,0.124208960012797
0.4,LS_oracle,-0.00896638122288251
0.4,LS_oracle,0.102936538138846
0.4,LS_oracle,0.0362289363202497
0.4,LS_oracle,-0.0292823410664171
0.4,LS_oracle,0.0526427322512202
0.4,LS_oracle,0.113888556723606
0.4,LS_oracle,0.0939764044391977
0.4,LS_oracle,0.10109843936511
0.4,LS_oracle,0.0520285044003033
0.4,LS_oracle,0.131078563627324
0.4,LS_oracle,0.0390350184865627
0.4,LS_oracle,0.100085781940965
0.4,LS_oracle,0.102110852318965
0.4,LS_oracle,0.0776644130201416
0.4,LS_oracle,0.0802058914667356
0.4,LS_oracle,0.00519382112828382
0.4,LS_oracle,0.037639349945001
0.4,LS_oracle,0.0348392121924499
0.4,LS_oracle,0.0878562053298995
0.4,LS_oracle,0.0985633496228882
0.4,LS_oracle,0.0736511168812102
0.4,LS_oracle,0.0832869422225093
0.4,LS_oracle,0.0443210648802819
0.4,LS_oracle,0.100771353923546
0.4,LS_oracle,0.0895510021262562
0.4,LS_oracle,0.0416353491387356
0.4,LS_oracle,0.0434259921880698
0.4,LS_oracle,0.121472676706147
0.4,LS_oracle,0.0227354726596862
0.4,LS_oracle,0.0586524965264461
0.4,LS_oracle,0.0511420395997908
0.4,LS_oracle,0.0496208664489783
0.4,LS_oracle,0.0418277991951455
0.4,LS_oracle,0.114909807968759
0.4,TS_oracle,0.0199387801276421
0.4,TS_oracle,0.0726404507105105
0.4,TS_oracle,0.0467028445526669
0.4,TS_oracle,0.0639919641390663
0.4,TS_oracle,0.0472401967849969
0.4,TS_oracle,0.0309743850929594
0.4,TS_oracle,0.0444802209138002
0.4,TS_oracle,0.0432651637162953
0.4,TS_oracle,0.121731866760666
0.4,TS_oracle,0.0833433201904095
0.4,TS_oracle,0.039547509080905
0.4,TS_oracle,0.0271057931500247
0.4,TS_oracle,0.0955118937692363
0.4,TS_oracle,0.0542217303956238
0.4,TS_oracle,0.0470883473090975
0.4,TS_oracle,0.0168824403318906
0.4,TS_oracle,0.021462294326505
0.4,TS_oracle,0.11541126136248
0.4,TS_oracle,0.0419828737438785
0.4,TS_oracle,0.116957813726799
0.4,TS_oracle,0.0265551827452315
0.4,TS_oracle,0.0619874563062621
0.4,TS_oracle,0.0728873690640213
0.4,TS_oracle,0.0649335833551992
0.4,TS_oracle,0.0987728477838481
0.4,TS_oracle,0.133477776709487
0.4,TS_oracle,0.0814275704372645
0.4,TS_oracle,0.141722116909571
0.4,TS_oracle,0.0670998840506405
0.4,TS_oracle,0.0380928556848856
0.4,TS_oracle,0.0791163094357186
0.4,TS_oracle,0.0393764832906198
0.4,TS_oracle,0.000835548842649247
0.4,TS_oracle,-0.00522884020502579
0.4,TS_oracle,0.132911967861057
0.4,TS_oracle,0.118613936634342
0.4,TS_oracle,0.034483174375046
0.4,TS_oracle,0.0624218144639361
0.4,TS_oracle,0.00286706208421927
0.4,TS_oracle,0.0500203614033727
0.4,TS_oracle,0.0108372583349818
0.4,TS_oracle,0.0209385702737404
0.4,TS_oracle,0.113087973107041
0.4,TS_oracle,0.0432528645022994
0.4,TS_oracle,0.0644924216951399
0.4,TS_oracle,0.0689437303844818
0.4,TS_oracle,0.11219313235062
0.4,TS_oracle,0.0404934926065845
0.4,TS_oracle,0.102346368242541
0.4,TS_oracle,0.040355215891936
0.4,TS_oracle,0.00959125275310502
0.4,TS_oracle,0.0944904967023827
0.4,TS_oracle,0.0448170393672798
0.4,TS_oracle,0.0779216491307149
0.4,TS_oracle,0.096302929949853
0.4,TS_oracle,0.0364480549801947
0.4,TS_oracle,0.0514678448015407
0.4,TS_oracle,0.0377009336679388
0.4,TS_oracle,0.134405192348162
0.4,TS_oracle,0.030735997885228
0.4,TS_oracle,0.0533717256229138
0.4,TS_oracle,0.171461440919091
0.4,TS_oracle,0.0643853326211368
0.4,TS_oracle,0.0594142241133
0.4,TS_oracle,0.163143776777922
0.4,TS_oracle,0.161447421842942
0.4,TS_oracle,0.102133407778705
0.4,TS_oracle,-0.0323957825602118
0.4,TS_oracle,0.0646473964618559
0.4,TS_oracle,0.0798345289403506
0.4,TS_oracle,0.0359684462952805
0.4,TS_oracle,0.0976256265911419
0.4,TS_oracle,0.035919210025767
0.4,TS_oracle,0.127111061270663
0.4,TS_oracle,0.0882017836347493
0.4,TS_oracle,0.0937710443428041
0.4,TS_oracle,0.0347166278340962
0.4,TS_oracle,0.094576899704395
0.4,TS_oracle,0.0954965904468679
0.4,TS_oracle,0.0273205902076015
0.4,TS_oracle,-0.0150880906997785
0.4,TS_oracle,0.0400798458088796
0.4,TS_oracle,0.135790714870582
0.4,TS_oracle,0.0879326159350657
0.4,TS_oracle,0.0539292193736045
0.4,TS_oracle,0.0520950141633751
0.4,TS_oracle,0.0635355848120622
0.4,TS_oracle,0.0834183734693232
0.4,TS_oracle,0.0918790069842714
0.4,TS_oracle,0.0285174573911537
0.4,TS_oracle,0.0704835905466139
0.4,TS_oracle,0.109171900881365
0.4,TS_oracle,0.0240546113709388
0.4,TS_oracle,0.0392106291355179
0.4,TS_oracle,0.0290817010422757
0.4,TS_oracle,0.0586466704520194
0.4,TS_oracle,0.0861590452121197
0.4,TS_oracle,0.079261338547695
0.4,TS_oracle,0.0115885538191485
0.4,TS_oracle,0.0924454830426518
0.4,TS_oracle,0.0280143112191509
0.4,TS_oracle,0.134944250787519
0.4,TS_oracle,0.102749737203873
0.4,TS_oracle,0.0318575434810489
0.4,TS_oracle,0.0576310035768475
0.4,TS_oracle,0.0184039898708455
0.4,TS_oracle,0.0371913567055799
0.4,TS_oracle,0.0998530573559429
0.4,TS_oracle,-0.0142565671226248
0.4,TS_oracle,0.109252298472579
0.4,TS_oracle,0.00549906276317436
0.4,TS_oracle,0.029568079736056
0.4,TS_oracle,0.124719411022689
0.4,TS_oracle,0.093618645868794
0.4,TS_oracle,0.109827792350259
0.4,TS_oracle,0.0957154244726359
0.4,TS_oracle,0.0966680939989477
0.4,TS_oracle,0.00187097682103321
0.4,TS_oracle,0.0852277307874683
0.4,TS_oracle,0.0947484880003169
0.4,TS_oracle,0.0240858076975177
0.4,TS_oracle,0.0169402407588222
0.4,TS_oracle,0.0336413894587593
0.4,TS_oracle,0.0441684569620358
0.4,TS_oracle,0.0812799014504499
0.4,TS_oracle,0.0633631798664613
0.4,TS_oracle,0.0836537201578027
0.4,TS_oracle,-0.0017588490604199
0.4,TS_oracle,0.0958041692894123
0.4,TS_oracle,0.110561223209591
0.4,TS_oracle,0.0740332832450434
0.4,TS_oracle,0.0635424730052541
0.4,TS_oracle,0.0842738037945485
0.4,TS_oracle,0.0597753957514873
0.4,TS_oracle,0.0858566633935791
0.4,TS_oracle,0.112810475213812
0.4,TS_oracle,0.0754255455547905
0.4,TS_oracle,0.0201818695391944
0.4,TS_oracle,0.079443772946336
0.4,TS_oracle,0.0789211791757605
0.4,TS_oracle,0.129785237351405
0.4,TS_oracle,0.0262599274634119
0.4,TS_oracle,0.0988330523463239
0.4,TS_oracle,0.130722495250489
0.4,TS_oracle,0.0337752417853858
0.4,TS_oracle,0.0375184417051693
0.4,TS_oracle,0.0389597623465079
0.4,TS_oracle,0.0331696017370062
0.4,TS_oracle,0.141489499652767
0.4,TS_oracle,0.0350015280354024
0.4,TS_oracle,0.0933023885743396
0.4,TS_oracle,0.0184546735282594
0.4,TS_oracle,0.0417253441271335
0.4,TS_oracle,0.0630906567965777
0.4,TS_oracle,0.0236059986469552
0.4,TS_oracle,0.0577495902992928
0.4,TS_oracle,0.0645060601079854
0.4,TS_oracle,0.0130146871711494
0.4,TS_oracle,0.0709480647182743
0.4,TS_oracle,0.137209947748436
0.4,TS_oracle,0.0346615217475161
0.4,TS_oracle,0.00955922704200751
0.4,TS_oracle,0.068239878109748
0.4,TS_oracle,0.0924748129580459
0.4,TS_oracle,0.0804222472827736
0.4,TS_oracle,0.119134541827509
0.4,TS_oracle,-0.016472250013377
0.4,TS_oracle,0.100825704153245
0.4,TS_oracle,0.0337477061480818
0.4,TS_oracle,-0.0312088435898574
0.4,TS_oracle,0.0489678963088631
0.4,TS_oracle,0.0957743826124962
0.4,TS_oracle,0.0907562654927867
0.4,TS_oracle,0.0965429870811114
0.4,TS_oracle,0.0532921345008086
0.4,TS_oracle,0.125457009814953
0.4,TS_oracle,0.0393863412916933
0.4,TS_oracle,0.100218057100634
0.4,TS_oracle,0.0968465116651172
0.4,TS_oracle,0.0788112086807915
0.4,TS_oracle,0.0749752039645304
0.4,TS_oracle,0.000160015707417083
0.4,TS_oracle,0.0385136457954958
0.4,TS_oracle,0.0340175606695987
0.4,TS_oracle,0.0859299245448708
0.4,TS_oracle,0.0904161841569533
0.4,TS_oracle,0.0683048757186184
0.4,TS_oracle,0.0706260640647824
0.4,TS_oracle,0.0477598193982354
0.4,TS_oracle,0.0917593432340083
0.4,TS_oracle,0.0907860675706595
0.4,TS_oracle,0.041779168348334
0.4,TS_oracle,0.0428670779983187
0.4,TS_oracle,0.113419769705628
0.4,TS_oracle,0.0135457779876722
0.4,TS_oracle,0.0465166101812793
0.4,TS_oracle,0.0469030497379932
0.4,TS_oracle,0.0504224722747895
0.4,TS_oracle,0.0543886259455653
0.4,TS_oracle,0.115240823043783
0.5,PLS,-0.00626832294769541
0.5,PLS,0.00385067618160928
0.5,PLS,0.0346360737615843
0.5,PLS,0.0265674989553599
0.5,PLS,0.0412501550540307
0.5,PLS,0.0873336903806072
0.5,PLS,0.100955390987537
0.5,PLS,0.028468994833782
0.5,PLS,0.0667868608872992
0.5,PLS,0.119978167939417
0.5,PLS,0.111427718150982
0.5,PLS,0.0438625662218255
0.5,PLS,0.0279120794943934
0.5,PLS,-0.00839321235315549
0.5,PLS,0.00552988821686151
0.5,PLS,0.0509824822051479
0.5,PLS,0.0657899860093736
0.5,PLS,0.117247214302306
0.5,PLS,0.0152978945553885
0.5,PLS,-0.00359994872261493
0.5,PLS,0.0293037649244712
0.5,PLS,0.120548420891576
0.5,PLS,0.054735864454629
0.5,PLS,0.00189322771077816
0.5,PLS,0.0546245162228052
0.5,PLS,0.108448302724234
0.5,PLS,0.0356207774951005
0.5,PLS,0.0468846213604872
0.5,PLS,0.0844780847329274
0.5,PLS,0.0519009895729485
0.5,PLS,0.0626878023268134
0.5,PLS,0.0542360396824526
0.5,PLS,0.0510201618187538
0.5,PLS,0.0309759060481778
0.5,PLS,-0.0114472454335528
0.5,PLS,0.0301381156322589
0.5,PLS,0.0511167812241604
0.5,PLS,0.158606273317885
0.5,PLS,0.0485129165849509
0.5,PLS,0.0733646195942059
0.5,PLS,0.0697487937562156
0.5,PLS,0.108561160467737
0.5,PLS,0.0651739188424769
0.5,PLS,0.00897899343880026
0.5,PLS,0.0367567342598527
0.5,PLS,0.0536026967187029
0.5,PLS,-0.0651510839908375
0.5,PLS,-0.00459553157727643
0.5,PLS,0.0733813760509048
0.5,PLS,0.0724757254110591
0.5,PLS,-0.0217431380910363
0.5,PLS,0.131583846351818
0.5,PLS,0.0202582953524533
0.5,PLS,0.0728986416177038
0.5,PLS,0.0485905304104999
0.5,PLS,0.0400530266370624
0.5,PLS,0.0166106765685752
0.5,PLS,0.0127311818749407
0.5,PLS,0.100943706711209
0.5,PLS,0.0977208565844037
0.5,PLS,0.0727197117497753
0.5,PLS,0.0516618840297691
0.5,PLS,0.0688897003771314
0.5,PLS,-0.00619601005708104
0.5,PLS,0.11384488114397
0.5,PLS,0.0904357466440815
0.5,PLS,0.160117326599963
0.5,PLS,0.127596313324937
0.5,PLS,0.0605575837133225
0.5,PLS,0.0677991708149399
0.5,PLS,0.0635765929586243
0.5,PLS,0.0754954758192641
0.5,PLS,0.0260806478670406
0.5,PLS,0.0923718497308523
0.5,PLS,0.120978372308489
0.5,PLS,0.018834703431893
0.5,PLS,0.0924118564032252
0.5,PLS,0.0462911148505381
0.5,PLS,0.0636517206654232
0.5,PLS,0.0191822838169924
0.5,PLS,0.00279944936793419
0.5,PLS,-0.00664185002564344
0.5,PLS,0.131620783699904
0.5,PLS,0.0588027473821182
0.5,PLS,0.114057951293782
0.5,PLS,0.043501630580999
0.5,PLS,0.0137824003787337
0.5,PLS,-0.012721518882031
0.5,PLS,0.1295230807284
0.5,PLS,0.0641180383860962
0.5,PLS,-0.014504968701833
0.5,PLS,0.0297150609119865
0.5,PLS,0.0714893032852841
0.5,PLS,0.107146393949412
0.5,PLS,0.00956666714546994
0.5,PLS,-0.00544242966380393
0.5,PLS,0.0434514994548003
0.5,PLS,0.071424373082436
0.5,PLS,0.112933322986846
0.5,PLS,0.0556649389631594
0.5,PLS,0.0106636536982692
0.5,PLS,0.0980439470895904
0.5,PLS,0.12991531459615
0.5,PLS,0.124420652328355
0.5,PLS,0.0469277756771649
0.5,PLS,0.157468545810804
0.5,PLS,0.0393474303468966
0.5,PLS,0.0575894708897176
0.5,PLS,0.0320640246075874
0.5,PLS,0.0137744257599255
0.5,PLS,0.0276125918089307
0.5,PLS,0.0883646607112076
0.5,PLS,0.0444250747878681
0.5,PLS,0.0118489441138814
0.5,PLS,0.0336898973866231
0.5,PLS,0.0194771573583084
0.5,PLS,0.0402099444319131
0.5,PLS,0.0613195849914772
0.5,PLS,0.083752870925073
0.5,PLS,0.0335854374772397
0.5,PLS,0.0473449453922488
0.5,PLS,0.0693871905288568
0.5,PLS,0.0417880991807242
0.5,PLS,0.11966823386075
0.5,PLS,0.0582020648639663
0.5,PLS,0.0116851901899395
0.5,PLS,0.0397937749597124
0.5,PLS,0.124175583764917
0.5,PLS,0.0614743859002727
0.5,PLS,0.00800340131785182
0.5,PLS,0.118619382371733
0.5,PLS,0.14616564563037
0.5,PLS,0.108478833133029
0.5,PLS,0.0482984762918177
0.5,PLS,0.0545162650179019
0.5,PLS,0.0815396907068526
0.5,PLS,0.133372191562449
0.5,PLS,0.0799746806753534
0.5,PLS,0.0541407199782085
0.5,PLS,0.0686973582372099
0.5,PLS,0.00588967543800578
0.5,PLS,0.0400608191790717
0.5,PLS,0.0242616055953482
0.5,PLS,0.0551320801142108
0.5,PLS,0.0711479021525949
0.5,PLS,0.0467834235657874
0.5,PLS,0.0909887314618762
0.5,PLS,0.0950897475318115
0.5,PLS,0.0462626536118669
0.5,PLS,0.0304061390181387
0.5,PLS,0.0448939609636463
0.5,PLS,0.0947433650152429
0.5,PLS,0.000486434857295714
0.5,PLS,0.0943519400760451
0.5,PLS,0.139285855210467
0.5,PLS,0.129150769408213
0.5,PLS,0.0761389321313053
0.5,PLS,-0.00896448923588267
0.5,PLS,0.0385774003719663
0.5,PLS,0.0650652595782995
0.5,PLS,0.0647956886175491
0.5,PLS,-0.000891228684456014
0.5,PLS,0.0700392873528193
0.5,PLS,-0.000456429442078576
0.5,PLS,0.0878043637213646
0.5,PLS,0.0633487288571526
0.5,PLS,0.182942051172621
0.5,PLS,-0.000401449955399369
0.5,PLS,0.107172344221776
0.5,PLS,0.0630063921767665
0.5,PLS,-0.0248987728410746
0.5,PLS,0.0141811369280787
0.5,PLS,0.000263215689391139
0.5,PLS,-0.0415328180850315
0.5,PLS,0.113931658056423
0.5,PLS,0.0734294540170786
0.5,PLS,0.0126662739626502
0.5,PLS,0.00159299614608188
0.5,PLS,0.03915923881608
0.5,PLS,-0.0394827165133507
0.5,PLS,0.0439022043218613
0.5,PLS,0.0490395142288678
0.5,PLS,0.0333327755808954
0.5,PLS,0.0630663327647769
0.5,PLS,0.0998102572857671
0.5,PLS,0.0493257957534294
0.5,PLS,0.0430753420174543
0.5,PLS,0.0630516434250747
0.5,PLS,0.0859966455954007
0.5,PLS,0.0231250349742171
0.5,PLS,0.0669663894825707
0.5,PLS,0.0852795209555683
0.5,PLS,0.146796810977647
0.5,PLS,0.116310670665889
0.5,PLS,0.0110024929011605
0.5,PLS,0.0994222323847351
0.5,PLS,0.134890824719409
0.5,PLS,0.0220281887501215
0.5,PLS,0.107395930858522
0.5,PLS,0.0182051823342007
0.5,fTS,-0.00321172021252192
0.5,fTS,0.00473717188622458
0.5,fTS,0.030983555480578
0.5,fTS,0.0213307919383137
0.5,fTS,0.0315250766921928
0.5,fTS,0.083499949854916
0.5,fTS,0.0995834820127339
0.5,fTS,0.0163241406043106
0.5,fTS,0.0681690434339419
0.5,fTS,0.126334533321921
0.5,fTS,0.106761312843493
0.5,fTS,0.042535203404636
0.5,fTS,0.0217162349866966
0.5,fTS,-0.0124149255609212
0.5,fTS,0.00704854478933448
0.5,fTS,0.0418523559232511
0.5,fTS,0.0718974234250414
0.5,fTS,0.10299520108033
0.5,fTS,0.00780736121000292
0.5,fTS,-0.00170771892375599
0.5,fTS,0.0192290575746159
0.5,fTS,0.128499792320738
0.5,fTS,0.0446775693741022
0.5,fTS,-0.00153349098076228
0.5,fTS,0.0578487137209378
0.5,fTS,0.09870103579995
0.5,fTS,0.0314456384912429
0.5,fTS,0.0378291578629137
0.5,fTS,0.0788760905634187
0.5,fTS,0.0553305885942386
0.5,fTS,0.0553403503613177
0.5,fTS,0.0451929953565815
0.5,fTS,0.0542521478034053
0.5,fTS,0.029991443612464
0.5,fTS,-0.0205919176573147
0.5,fTS,0.0264253144907394
0.5,fTS,0.0498258087416927
0.5,fTS,0.153258405641144
0.5,fTS,0.0501691591748166
0.5,fTS,0.0696921683860876
0.5,fTS,0.0623169655084117
0.5,fTS,0.109726462905298
0.5,fTS,0.0656212961105822
0.5,fTS,0.00455109766224893
0.5,fTS,0.0311464949319449
0.5,fTS,0.0498185640098479
0.5,fTS,-0.0613664165664
0.5,fTS,-0.0121392152361351
0.5,fTS,0.0732794038250428
0.5,fTS,0.0640435803623511
0.5,fTS,-0.0213600986157649
0.5,fTS,0.130353305465911
0.5,fTS,0.0236349526700401
0.5,fTS,0.0739587118301732
0.5,fTS,0.0330489016071724
0.5,fTS,0.034810641094011
0.5,fTS,0.0169684370949588
0.5,fTS,0.0127411958548878
0.5,fTS,0.0995830802595672
0.5,fTS,0.105684659222279
0.5,fTS,0.06661873148993
0.5,fTS,0.0467524186111277
0.5,fTS,0.0665112077164305
0.5,fTS,0.000403282894442469
0.5,fTS,0.118753380349108
0.5,fTS,0.0876749464206408
0.5,fTS,0.152879404237074
0.5,fTS,0.120197115813489
0.5,fTS,0.0617430989994507
0.5,fTS,0.0607953393589746
0.5,fTS,0.0431898092800218
0.5,fTS,0.0699232005751476
0.5,fTS,0.0236491659076614
0.5,fTS,0.0796167252228077
0.5,fTS,0.117722809168947
0.5,fTS,0.0121526087348705
0.5,fTS,0.087562302015564
0.5,fTS,0.0531409874001834
0.5,fTS,0.068367385263862
0.5,fTS,0.0170508264199012
0.5,fTS,0.00254306352830436
0.5,fTS,-0.00646731650168597
0.5,fTS,0.12718175294686
0.5,fTS,0.0542103556634992
0.5,fTS,0.114104856599655
0.5,fTS,0.0429313663946593
0.5,fTS,0.0170801419504001
0.5,fTS,-0.0136898787205122
0.5,fTS,0.125087963163719
0.5,fTS,0.0611790230696299
0.5,fTS,-0.0142504942351594
0.5,fTS,0.0240664113676725
0.5,fTS,0.0671555889517723
0.5,fTS,0.108474242762906
0.5,fTS,0.0132412892623053
0.5,fTS,-0.00649753901463568
0.5,fTS,0.046600592841533
0.5,fTS,0.066340626916316
0.5,fTS,0.0988923297885593
0.5,fTS,0.0502177955124383
0.5,fTS,0.00576334037935444
0.5,fTS,0.1021629658107
0.5,fTS,0.121869128599629
0.5,fTS,0.113594543238239
0.5,fTS,0.0390384153605381
0.5,fTS,0.157143705112694
0.5,fTS,0.0418660044537225
0.5,fTS,0.0629333214227594
0.5,fTS,0.0232634594472445
0.5,fTS,0.0144304058722344
0.5,fTS,0.0261000714797079
0.5,fTS,0.0836093695623412
0.5,fTS,0.0424848373459792
0.5,fTS,0.00340164396296738
0.5,fTS,0.0250554862791572
0.5,fTS,0.0202841831174458
0.5,fTS,0.0467942039546734
0.5,fTS,0.0623625598020479
0.5,fTS,0.0770480662163002
0.5,fTS,0.0318912395105286
0.5,fTS,0.0446802930427488
0.5,fTS,0.0725766044098743
0.5,fTS,0.0319812040373235
0.5,fTS,0.103059615917643
0.5,fTS,0.0536024319124182
0.5,fTS,0.00977269132104142
0.5,fTS,0.0330836850274456
0.5,fTS,0.128042403018566
0.5,fTS,0.0541535989394462
0.5,fTS,0.00952333331832178
0.5,fTS,0.110870629990714
0.5,fTS,0.142512745064792
0.5,fTS,0.0965820854059019
0.5,fTS,0.054859749558869
0.5,fTS,0.0486716314839244
0.5,fTS,0.0772464846514582
0.5,fTS,0.129174794002078
0.5,fTS,0.0779618488508584
0.5,fTS,0.0577718684216963
0.5,fTS,0.065032353669799
0.5,fTS,-0.00447013745673364
0.5,fTS,0.0333159059518886
0.5,fTS,0.0247532118086755
0.5,fTS,0.0509204455748289
0.5,fTS,0.0555419592772153
0.5,fTS,0.0437208132007685
0.5,fTS,0.0902395051275999
0.5,fTS,0.0940231900115598
0.5,fTS,0.0486685224435253
0.5,fTS,0.0148276925205542
0.5,fTS,0.0394047198049281
0.5,fTS,0.0839955376461541
0.5,fTS,0.00529994653923493
0.5,fTS,0.0940551420075963
0.5,fTS,0.133606204816903
0.5,fTS,0.119140576828079
0.5,fTS,0.0702026987341613
0.5,fTS,-0.00618063421886184
0.5,fTS,0.0298321321723987
0.5,fTS,0.0581295563099731
0.5,fTS,0.0576598526187575
0.5,fTS,0.0109994074299335
0.5,fTS,0.0564045373396447
0.5,fTS,-0.00435331438608844
0.5,fTS,0.0787022285412697
0.5,fTS,0.05937274824021
0.5,fTS,0.181150480493313
0.5,fTS,-0.0017634610360806
0.5,fTS,0.105876380601753
0.5,fTS,0.0652742544195206
0.5,fTS,-0.0291706767198471
0.5,fTS,0.0211261333776593
0.5,fTS,0.00827348711176712
0.5,fTS,-0.0421454818508771
0.5,fTS,0.0933212563994092
0.5,fTS,0.0707207883585914
0.5,fTS,0.00770363833460963
0.5,fTS,0.00510419144991237
0.5,fTS,0.0288851002792623
0.5,fTS,-0.0424522661588793
0.5,fTS,0.0381557007679922
0.5,fTS,0.044286088456625
0.5,fTS,0.0323790606961418
0.5,fTS,0.0520649592777609
0.5,fTS,0.0839007705633341
0.5,fTS,0.0390507079807836
0.5,fTS,0.0352589756168975
0.5,fTS,0.0451377292301651
0.5,fTS,0.0804564501839855
0.5,fTS,0.0202016099209867
0.5,fTS,0.0651532226455303
0.5,fTS,0.0879888798446391
0.5,fTS,0.130223942384325
0.5,fTS,0.105086070400544
0.5,fTS,0.0095902866291131
0.5,fTS,0.100605742908469
0.5,fTS,0.131385904521253
0.5,fTS,0.0160295523109244
0.5,fTS,0.110253220746023
0.5,fTS,0.0107435654229564
0.5,LS_oracle,-0.00571942041693307
0.5,LS_oracle,0.00317106455308513
0.5,LS_oracle,0.0323956653087485
0.5,LS_oracle,0.0266660709660234
0.5,LS_oracle,0.041669440077363
0.5,LS_oracle,0.0878928437025772
0.5,LS_oracle,0.101711479623528
0.5,LS_oracle,0.0257555283903199
0.5,LS_oracle,0.0618209077770844
0.5,LS_oracle,0.119916541533924
0.5,LS_oracle,0.112162989614869
0.5,LS_oracle,0.0437575307901443
0.5,LS_oracle,0.0265813311511378
0.5,LS_oracle,-0.00816665968384944
0.5,LS_oracle,0.00517511647611624
0.5,LS_oracle,0.0499971383569098
0.5,LS_oracle,0.0657611242072327
0.5,LS_oracle,0.113363769571043
0.5,LS_oracle,0.0152359371062578
0.5,LS_oracle,-0.00321036459220092
0.5,LS_oracle,0.0279915816725758
0.5,LS_oracle,0.120476962801642
0.5,LS_oracle,0.0548366554145578
0.5,LS_oracle,0.000569481072106415
0.5,LS_oracle,0.0544509994184803
0.5,LS_oracle,0.107208268741429
0.5,LS_oracle,0.0359351657808276
0.5,LS_oracle,0.0469202800764954
0.5,LS_oracle,0.0844564712798734
0.5,LS_oracle,0.0517896777186309
0.5,LS_oracle,0.0626332662088944
0.5,LS_oracle,0.0548256763649342
0.5,LS_oracle,0.050556196208047
0.5,LS_oracle,0.0309766421415161
0.5,LS_oracle,-0.0108130873318156
0.5,LS_oracle,0.0301626169737692
0.5,LS_oracle,0.0514980382361592
0.5,LS_oracle,0.159234884749386
0.5,LS_oracle,0.0483173262029508
0.5,LS_oracle,0.0735131022098281
0.5,LS_oracle,0.071030610122196
0.5,LS_oracle,0.109543121778455
0.5,LS_oracle,0.0657923077510185
0.5,LS_oracle,0.0082912551975296
0.5,LS_oracle,0.0362693083678705
0.5,LS_oracle,0.0543870015286538
0.5,LS_oracle,-0.0652008257590331
0.5,LS_oracle,-0.0045982372006047
0.5,LS_oracle,0.0733296415361417
0.5,LS_oracle,0.0718577349675844
0.5,LS_oracle,-0.0218409641155365
0.5,LS_oracle,0.133072683466555
0.5,LS_oracle,0.0185785605615301
0.5,LS_oracle,0.0727828402367072
0.5,LS_oracle,0.048328146840356
0.5,LS_oracle,0.0400253711803555
0.5,LS_oracle,0.0158535119185081
0.5,LS_oracle,0.0127550486815571
0.5,LS_oracle,0.0991019483860736
0.5,LS_oracle,0.0999500900133381
0.5,LS_oracle,0.0723875208317533
0.5,LS_oracle,0.0521789123467074
0.5,LS_oracle,0.0687404879307556
0.5,LS_oracle,-0.00648927877357641
0.5,LS_oracle,0.113997227962531
0.5,LS_oracle,0.0910187496718557
0.5,LS_oracle,0.159931532641127
0.5,LS_oracle,0.122839943726353
0.5,LS_oracle,0.0593586337371967
0.5,LS_oracle,0.0685629072970177
0.5,LS_oracle,0.0640257369897548
0.5,LS_oracle,0.0754768955986487
0.5,LS_oracle,0.0258982053357486
0.5,LS_oracle,0.0894773073767241
0.5,LS_oracle,0.121359250667511
0.5,LS_oracle,0.0186058588287437
0.5,LS_oracle,0.0929831316327128
0.5,LS_oracle,0.0458384004486427
0.5,LS_oracle,0.0637869531463735
0.5,LS_oracle,0.019576566002665
0.5,LS_oracle,0.00267533773681738
0.5,LS_oracle,-0.00729152880607564
0.5,LS_oracle,0.129225368638998
0.5,LS_oracle,0.0585834333072386
0.5,LS_oracle,0.112776386708887
0.5,LS_oracle,0.0432427437541432
0.5,LS_oracle,0.0138026852824062
0.5,LS_oracle,-0.0130465439897354
0.5,LS_oracle,0.130357633793465
0.5,LS_oracle,0.0645412435615598
0.5,LS_oracle,-0.0172495743123722
0.5,LS_oracle,0.0311800095054813
0.5,LS_oracle,0.0725703056474805
0.5,LS_oracle,0.107151164403153
0.5,LS_oracle,0.00960533098844185
0.5,LS_oracle,-0.00409602600186443
0.5,LS_oracle,0.0434371439807706
0.5,LS_oracle,0.0684189472293999
0.5,LS_oracle,0.112617100851968
0.5,LS_oracle,0.0562742115298946
0.5,LS_oracle,0.0105222098175852
0.5,LS_oracle,0.0979701598707792
0.5,LS_oracle,0.129915460079083
0.5,LS_oracle,0.12436575780721
0.5,LS_oracle,0.0483381651512225
0.5,LS_oracle,0.156970956598559
0.5,LS_oracle,0.0397228490100692
0.5,LS_oracle,0.0575897329154333
0.5,LS_oracle,0.0299436323827555
0.5,LS_oracle,0.0155309704222235
0.5,LS_oracle,0.0275078801696396
0.5,LS_oracle,0.0882187650074986
0.5,LS_oracle,0.0444856710075148
0.5,LS_oracle,0.0129112507431615
0.5,LS_oracle,0.0337480942312673
0.5,LS_oracle,0.0184441134762041
0.5,LS_oracle,0.0402329952937264
0.5,LS_oracle,0.0611553023554392
0.5,LS_oracle,0.0826864830202236
0.5,LS_oracle,0.0335651273364643
0.5,LS_oracle,0.0475390417605932
0.5,LS_oracle,0.0695466910292057
0.5,LS_oracle,0.0418010052477984
0.5,LS_oracle,0.119680385780534
0.5,LS_oracle,0.0581311052124598
0.5,LS_oracle,0.011855144457557
0.5,LS_oracle,0.0302727741609961
0.5,LS_oracle,0.125106464499316
0.5,LS_oracle,0.060326746664072
0.5,LS_oracle,0.00798378408343114
0.5,LS_oracle,0.119404034687507
0.5,LS_oracle,0.146255814872684
0.5,LS_oracle,0.107272694836564
0.5,LS_oracle,0.0478821458801348
0.5,LS_oracle,0.0548213538630316
0.5,LS_oracle,0.0811153720293714
0.5,LS_oracle,0.132881051178303
0.5,LS_oracle,0.0804239583531838
0.5,LS_oracle,0.0536735543833442
0.5,LS_oracle,0.0691019384203702
0.5,LS_oracle,0.00583840500678945
0.5,LS_oracle,0.0402382721718206
0.5,LS_oracle,0.0246422207708419
0.5,LS_oracle,0.0548701534216411
0.5,LS_oracle,0.071053427320952
0.5,LS_oracle,0.046978399360676
0.5,LS_oracle,0.0917496145657306
0.5,LS_oracle,0.0940021843210228
0.5,LS_oracle,0.0465389934749265
0.5,LS_oracle,0.0291268692728088
0.5,LS_oracle,0.0446838214352763
0.5,LS_oracle,0.0947239429299231
0.5,LS_oracle,0.000491320458696931
0.5,LS_oracle,0.0942566624386396
0.5,LS_oracle,0.138489996401081
0.5,LS_oracle,0.12912129322443
0.5,LS_oracle,0.0758430359153779
0.5,LS_oracle,-0.0087118921361905
0.5,LS_oracle,0.0398302765025189
0.5,LS_oracle,0.0640941803003083
0.5,LS_oracle,0.0634317383972849
0.5,LS_oracle,0.000809385073204494
0.5,LS_oracle,0.0694258695173329
0.5,LS_oracle,-8.61739364419467e-05
0.5,LS_oracle,0.0877866685966204
0.5,LS_oracle,0.0635579694641304
0.5,LS_oracle,0.182045715119335
0.5,LS_oracle,-0.000759579614266204
0.5,LS_oracle,0.108179638670012
0.5,LS_oracle,0.062170549890846
0.5,LS_oracle,-0.0253941874128639
0.5,LS_oracle,0.0143932434235485
0.5,LS_oracle,0.000118871407939647
0.5,LS_oracle,-0.0413513247071264
0.5,LS_oracle,0.113929620544194
0.5,LS_oracle,0.0725122072719182
0.5,LS_oracle,0.0120949845644638
0.5,LS_oracle,0.00179985847408615
0.5,LS_oracle,0.0397158598191103
0.5,LS_oracle,-0.039278406373815
0.5,LS_oracle,0.0430685975245324
0.5,LS_oracle,0.0494108032003766
0.5,LS_oracle,0.0332648180801678
0.5,LS_oracle,0.063215792608925
0.5,LS_oracle,0.0935118321228126
0.5,LS_oracle,0.0490976897601387
0.5,LS_oracle,0.0427580651928035
0.5,LS_oracle,0.0641348540207849
0.5,LS_oracle,0.0860253770743167
0.5,LS_oracle,0.0225992919372624
0.5,LS_oracle,0.0669638174342941
0.5,LS_oracle,0.0849522798044082
0.5,LS_oracle,0.146847040666864
0.5,LS_oracle,0.112831217122344
0.5,LS_oracle,0.0110499749742992
0.5,LS_oracle,0.0999222686155266
0.5,LS_oracle,0.13453090981788
0.5,LS_oracle,0.0221676518459164
0.5,LS_oracle,0.107514179289401
0.5,LS_oracle,0.0134814319344179
0.5,TS_oracle,-0.00648283181774867
0.5,TS_oracle,0.00459259910017984
0.5,TS_oracle,0.0307951639864343
0.5,TS_oracle,0.0214372041507536
0.5,TS_oracle,0.0315340951812906
0.5,TS_oracle,0.0836574986905094
0.5,TS_oracle,0.0992024258486019
0.5,TS_oracle,0.0159802488619185
0.5,TS_oracle,0.0637658097175111
0.5,TS_oracle,0.12640225868634
0.5,TS_oracle,0.108643271425233
0.5,TS_oracle,0.0424679215772268
0.5,TS_oracle,0.0208872194090572
0.5,TS_oracle,-0.0121152786702201
0.5,TS_oracle,0.0070107427846422
0.5,TS_oracle,0.0415522946830322
0.5,TS_oracle,0.0713638881304397
0.5,TS_oracle,0.101404873391281
0.5,TS_oracle,0.00777712792433616
0.5,TS_oracle,-0.0022492717759659
0.5,TS_oracle,0.0190040861357856
0.5,TS_oracle,0.128473476815667
0.5,TS_oracle,0.0447417516176878
0.5,TS_oracle,-0.00180421178300838
0.5,TS_oracle,0.0576279365278334
0.5,TS_oracle,0.0987295906008581
0.5,TS_oracle,0.0309110333650326
0.5,TS_oracle,0.0378313495486329
0.5,TS_oracle,0.0789816486003763
0.5,TS_oracle,0.0552449826964998
0.5,TS_oracle,0.0553207225689571
0.5,TS_oracle,0.0464054978409085
0.5,TS_oracle,0.0542157946107347
0.5,TS_oracle,0.0294708045701071
0.5,TS_oracle,-0.0206047986733993
0.5,TS_oracle,0.0263151801962951
0.5,TS_oracle,0.0498308141522794
0.5,TS_oracle,0.154993998446163
0.5,TS_oracle,0.0501798708334604
0.5,TS_oracle,0.0697164110171873
0.5,TS_oracle,0.0640502061698347
0.5,TS_oracle,0.110822863629974
0.5,TS_oracle,0.0657619057246455
0.5,TS_oracle,0.00419124058233811
0.5,TS_oracle,0.0280384558406659
0.5,TS_oracle,0.0499610146947997
0.5,TS_oracle,-0.0613928549876749
0.5,TS_oracle,-0.0121050055196048
0.5,TS_oracle,0.073254458853435
0.5,TS_oracle,0.0637480213479256
0.5,TS_oracle,-0.022067694428648
0.5,TS_oracle,0.1300103687918
0.5,TS_oracle,0.0220825409483469
0.5,TS_oracle,0.0739355746725254
0.5,TS_oracle,0.0329989760682947
0.5,TS_oracle,0.0347645177493006
0.5,TS_oracle,0.0159645229566108
0.5,TS_oracle,0.0127504991420344
0.5,TS_oracle,0.0978446491070875
0.5,TS_oracle,0.10512234642156
0.5,TS_oracle,0.066616478013648
0.5,TS_oracle,0.0468959445832691
0.5,TS_oracle,0.0667197063228453
0.5,TS_oracle,0.00031998071232775
0.5,TS_oracle,0.119280646426753
0.5,TS_oracle,0.0880014222575234
0.5,TS_oracle,0.152871283581022
0.5,TS_oracle,0.120272500181601
0.5,TS_oracle,0.0616905905201395
0.5,TS_oracle,0.0610039877017639
0.5,TS_oracle,0.0432395943136747
0.5,TS_oracle,0.0699084080408385
0.5,TS_oracle,0.0241668107973549
0.5,TS_oracle,0.0796265579933157
0.5,TS_oracle,0.118460563820307
0.5,TS_oracle,0.0121316778566705
0.5,TS_oracle,0.0875631984410865
0.5,TS_oracle,0.0530727437031751
0.5,TS_oracle,0.06857993807123
0.5,TS_oracle,0.0176757780353829
0.5,TS_oracle,0.00271005287189352
0.5,TS_oracle,-0.00754504120734756
0.5,TS_oracle,0.126441929923292
0.5,TS_oracle,0.0541342431638252
0.5,TS_oracle,0.113086664331279
0.5,TS_oracle,0.0426194329174887
0.5,TS_oracle,0.0162837198082491
0.5,TS_oracle,-0.0143641296388389
0.5,TS_oracle,0.125086296049647
0.5,TS_oracle,0.0605641524450833
0.5,TS_oracle,-0.0144404923670941
0.5,TS_oracle,0.0240380908405455
0.5,TS_oracle,0.0680195462624942
0.5,TS_oracle,0.108587700694372
0.5,TS_oracle,0.0133350965991286
0.5,TS_oracle,-0.00605406069826198
0.5,TS_oracle,0.0465808459956754
0.5,TS_oracle,0.0661050186455783
0.5,TS_oracle,0.0987129205207835
0.5,TS_oracle,0.0480514654584847
0.5,TS_oracle,0.00566362583586733
0.5,TS_oracle,0.101714276501056
0.5,TS_oracle,0.121869318639225
0.5,TS_oracle,0.113580540597293
0.5,TS_oracle,0.039251864397676
0.5,TS_oracle,0.15663298196359
0.5,TS_oracle,0.0417683386622947
0.5,TS_oracle,0.0629334431972082
0.5,TS_oracle,0.0187132897227507
0.5,TS_oracle,0.0146438186250148
0.5,TS_oracle,0.0246901527164336
0.5,TS_oracle,0.0836874706327488
0.5,TS_oracle,0.0424816321858452
0.5,TS_oracle,0.00344992274178835
0.5,TS_oracle,0.025048662955409
0.5,TS_oracle,0.0202996538173328
0.5,TS_oracle,0.0467997858683447
0.5,TS_oracle,0.0623126524233524
0.5,TS_oracle,0.0772545471626043
0.5,TS_oracle,0.0317838256020164
0.5,TS_oracle,0.0437574178868594
0.5,TS_oracle,0.0724837242104757
0.5,TS_oracle,0.0319585432760363
0.5,TS_oracle,0.103062166111842
0.5,TS_oracle,0.0536204787048762
0.5,TS_oracle,0.00913541856009981
0.5,TS_oracle,0.0319880161084614
0.5,TS_oracle,0.12831374984228
0.5,TS_oracle,0.0538657910786084
0.5,TS_oracle,0.00951095331321228
0.5,TS_oracle,0.1107948407939
0.5,TS_oracle,0.14252428911361
0.5,TS_oracle,0.0946368423034338
0.5,TS_oracle,0.0548013130507949
0.5,TS_oracle,0.0482870818544261
0.5,TS_oracle,0.0770564825925462
0.5,TS_oracle,0.129079011002966
0.5,TS_oracle,0.078284049807881
0.5,TS_oracle,0.0583280175203533
0.5,TS_oracle,0.0650694017932547
0.5,TS_oracle,-0.00447373259495543
0.5,TS_oracle,0.0332177872011559
0.5,TS_oracle,0.0242585889756606
0.5,TS_oracle,0.0499502779605498
0.5,TS_oracle,0.0555291941368554
0.5,TS_oracle,0.0437275011337093
0.5,TS_oracle,0.089799204698743
0.5,TS_oracle,0.094010384089751
0.5,TS_oracle,0.0487252389646293
0.5,TS_oracle,0.0146475908225066
0.5,TS_oracle,0.0393105937904328
0.5,TS_oracle,0.0840371653719998
0.5,TS_oracle,0.00530800265229159
0.5,TS_oracle,0.094031245746937
0.5,TS_oracle,0.131276640819768
0.5,TS_oracle,0.118829094903314
0.5,TS_oracle,0.069678752666652
0.5,TS_oracle,-0.00619774905700921
0.5,TS_oracle,0.0306505859389086
0.5,TS_oracle,0.0578068521948476
0.5,TS_oracle,0.0573616850375864
0.5,TS_oracle,0.0110776340378353
0.5,TS_oracle,0.0564019184179145
0.5,TS_oracle,-0.00309285122867453
0.5,TS_oracle,0.0787001082663532
0.5,TS_oracle,0.0594233291634294
0.5,TS_oracle,0.181138586706455
0.5,TS_oracle,-0.00183663354098962
0.5,TS_oracle,0.106224112725286
0.5,TS_oracle,0.0649288405284572
0.5,TS_oracle,-0.029367737213629
0.5,TS_oracle,0.0209476313359422
0.5,TS_oracle,0.00825909732604946
0.5,TS_oracle,-0.0421347836872442
0.5,TS_oracle,0.0935183924660012
0.5,TS_oracle,0.0705123530415606
0.5,TS_oracle,0.00671995679191428
0.5,TS_oracle,0.00506559912250903
0.5,TS_oracle,0.0277465150526872
0.5,TS_oracle,-0.0426990338982364
0.5,TS_oracle,0.0379495704181065
0.5,TS_oracle,0.0450307077772698
0.5,TS_oracle,0.0324219107891683
0.5,TS_oracle,0.0521039518921429
0.5,TS_oracle,0.0835217531080581
0.5,TS_oracle,0.0386123059518206
0.5,TS_oracle,0.0352588806991256
0.5,TS_oracle,0.0451388066651539
0.5,TS_oracle,0.0804534947547024
0.5,TS_oracle,0.020729349831258
0.5,TS_oracle,0.0651233301601557
0.5,TS_oracle,0.0867579237218659
0.5,TS_oracle,0.13019353384873
0.5,TS_oracle,0.105151781793855
0.5,TS_oracle,0.00960624226062734
0.5,TS_oracle,0.100784334663226
0.5,TS_oracle,0.130143712958649
0.5,TS_oracle,0.0160545511436927
0.5,TS_oracle,0.110288088428098
0.5,TS_oracle,0.0106617290812387
0.6,PLS,-0.0145885250819408
0.6,PLS,0.0490411293626072
0.6,PLS,0.0473902405506277
0.6,PLS,0.142189151537548
0.6,PLS,0.024851308534682
0.6,PLS,0.1248638623381
0.6,PLS,-0.0341816685969282
0.6,PLS,0.0225474220776116
0.6,PLS,0.0845276866977038
0.6,PLS,0.0629350781081777
0.6,PLS,0.0461229103350098
0.6,PLS,0.0115502963555132
0.6,PLS,0.0741498831254344
0.6,PLS,0.111043258095353
0.6,PLS,0.0766900664367081
0.6,PLS,0.130741944230822
0.6,PLS,0.140627649034426
0.6,PLS,0.0195269712673374
0.6,PLS,0.0496318058686294
0.6,PLS,0.115499238608667
0.6,PLS,0.0377764701372705
0.6,PLS,-0.00950593539811873
0.6,PLS,0.0633225721511512
0.6,PLS,0.0313784318745554
0.6,PLS,0.0290167612924506
0.6,PLS,0.0783381487600918
0.6,PLS,0.102599453536722
0.6,PLS,0.132273823166137
0.6,PLS,0.0775837971150675
0.6,PLS,0.0892148572651008
0.6,PLS,0.0842167051433642
0.6,PLS,-0.0405375478188387
0.6,PLS,0.0165216116753921
0.6,PLS,0.150143485759331
0.6,PLS,0.130807157418581
0.6,PLS,0.108633272276022
0.6,PLS,0.080053443357019
0.6,PLS,0.0420360986992221
0.6,PLS,0.0309948846058041
0.6,PLS,0.116248105198582
0.6,PLS,0.00304725618219903
0.6,PLS,0.112520553159094
0.6,PLS,0.0134347290957337
0.6,PLS,0.0985293495870212
0.6,PLS,0.151158497976824
0.6,PLS,0.0495607030828515
0.6,PLS,0.0972862384671389
0.6,PLS,0.0798567414016758
0.6,PLS,0.0480964772517636
0.6,PLS,0.12388531542099
0.6,PLS,0.00448388391982024
0.6,PLS,-0.00389745227624927
0.6,PLS,0.0537339814423099
0.6,PLS,0.18602180392724
0.6,PLS,0.107141907131798
0.6,PLS,0.148508770851258
0.6,PLS,0.0504679878497682
0.6,PLS,0.0644277673546005
0.6,PLS,0.0141571298941514
0.6,PLS,-0.0303146773636905
0.6,PLS,0.0693611005706847
0.6,PLS,0.110945416750965
0.6,PLS,0.153609372142685
0.6,PLS,0.0513025786988075
0.6,PLS,0.150914285303026
0.6,PLS,0.0726428373164993
0.6,PLS,0.131388392335906
0.6,PLS,0.0581502163430456
0.6,PLS,0.0938944773068466
0.6,PLS,0.100209124103303
0.6,PLS,0.110997310120104
0.6,PLS,0.0754116570192491
0.6,PLS,0.0195806657468309
0.6,PLS,0.0300332135686125
0.6,PLS,0.124156156875562
0.6,PLS,0.0526304409788467
0.6,PLS,0.00116413594356768
0.6,PLS,0.0670876599085297
0.6,PLS,0.155222817880812
0.6,PLS,0.0384802458923619
0.6,PLS,0.0716505438403736
0.6,PLS,0.0352400018005075
0.6,PLS,0.0659820463252168
0.6,PLS,0.100638796012364
0.6,PLS,0.158700592277934
0.6,PLS,0.103473654029908
0.6,PLS,0.0913977683693707
0.6,PLS,-0.023632305049287
0.6,PLS,0.0234930877495401
0.6,PLS,0.0665342290290472
0.6,PLS,0.122003359921957
0.6,PLS,0.0444879316505804
0.6,PLS,0.0784849935805787
0.6,PLS,0.0292381466365028
0.6,PLS,0.0144280555911156
0.6,PLS,0.00940822573499545
0.6,PLS,0.0989189801448509
0.6,PLS,0.0504567622111869
0.6,PLS,0.0728259216027343
0.6,PLS,0.0877529894383757
0.6,PLS,0.0883691193237228
0.6,PLS,0.0804127197562261
0.6,PLS,0.130588494145014
0.6,PLS,0.0160178069511125
0.6,PLS,-0.0436087788214821
0.6,PLS,0.0248644988385034
0.6,PLS,0.0292076035750684
0.6,PLS,0.0381116020292875
0.6,PLS,0.0803425445589701
0.6,PLS,0.0630934685883389
0.6,PLS,0.105221879860768
0.6,PLS,0.0970579344702525
0.6,PLS,0.0225292552417125
0.6,PLS,0.068707427484116
0.6,PLS,0.110541469356507
0.6,PLS,0.11217129822842
0.6,PLS,0.0610861761664321
0.6,PLS,0.115516581904213
0.6,PLS,0.0401500313343168
0.6,PLS,0.0215801018676989
0.6,PLS,0.0229068170074671
0.6,PLS,0.0359399318422426
0.6,PLS,0.0265500371675713
0.6,PLS,0.0442407347604032
0.6,PLS,0.0155526661160792
0.6,PLS,0.0190355173834136
0.6,PLS,0.0239296200313519
0.6,PLS,0.0495968948695551
0.6,PLS,0.0647832447149459
0.6,PLS,0.0555677593173718
0.6,PLS,0.102503578800488
0.6,PLS,0.0861483534266858
0.6,PLS,0.0828726105967346
0.6,PLS,0.131819980490198
0.6,PLS,0.133050693949882
0.6,PLS,0.0645899378253061
0.6,PLS,0.119736484596842
0.6,PLS,0.0682643449613496
0.6,PLS,0.0120701757507069
0.6,PLS,0.13254783051883
0.6,PLS,0.0358877676661622
0.6,PLS,0.134684055331561
0.6,PLS,0.0436162770980439
0.6,PLS,0.0183058181536757
0.6,PLS,0.100590762854444
0.6,PLS,0.052357150088278
0.6,PLS,0.118821108201852
0.6,PLS,0.0468815102974829
0.6,PLS,0.119679187064268
0.6,PLS,0.019893526462178
0.6,PLS,0.0760374045171948
0.6,PLS,0.0356038748696972
0.6,PLS,0.143296827945714
0.6,PLS,0.0303638524878456
0.6,PLS,0.0257356098083004
0.6,PLS,0.00857865215032416
0.6,PLS,0.0647379233967584
0.6,PLS,0.100365790451712
0.6,PLS,0.0971714178314174
0.6,PLS,0.0714131427815476
0.6,PLS,0.114755148046678
0.6,PLS,-0.022777605912183
0.6,PLS,0.0549005102403977
0.6,PLS,0.128111831141508
0.6,PLS,0.0614563484085562
0.6,PLS,0.0592570922392464
0.6,PLS,0.08183987350488
0.6,PLS,0.0399084030081063
0.6,PLS,0.0849259315340916
0.6,PLS,0.0267902438382839
0.6,PLS,0.0668914671423197
0.6,PLS,0.124457375819663
0.6,PLS,0.11320110859707
0.6,PLS,0.105449594569012
0.6,PLS,0.0711497698351984
0.6,PLS,0.0920824927288246
0.6,PLS,0.0539939024098137
0.6,PLS,-0.0247102333780792
0.6,PLS,0.0607548955213333
0.6,PLS,0.0779746865211273
0.6,PLS,0.0453710068756112
0.6,PLS,0.0175753705444091
0.6,PLS,0.120553055782721
0.6,PLS,0.0382022333502938
0.6,PLS,0.131678230620756
0.6,PLS,0.086340594902687
0.6,PLS,0.0288295332893032
0.6,PLS,0.0612711412382725
0.6,PLS,0.0745183893041941
0.6,PLS,0.0477841734009552
0.6,PLS,0.126487797756016
0.6,PLS,0.0861717487716716
0.6,PLS,0.0765691359867102
0.6,PLS,0.1284329469621
0.6,PLS,-0.0205071403813577
0.6,PLS,0.0706459001552773
0.6,PLS,0.0676837758953244
0.6,PLS,0.128378645719031
0.6,PLS,0.0878942622047199
0.6,PLS,0.139781124574636
0.6,fTS,-0.0152473800649159
0.6,fTS,0.0421984037958556
0.6,fTS,0.0440605928605395
0.6,fTS,0.137011659801683
0.6,fTS,0.0227463742006468
0.6,fTS,0.123669988885447
0.6,fTS,-0.0366073848528755
0.6,fTS,0.0234273951240167
0.6,fTS,0.0909785070888656
0.6,fTS,0.0631928586414638
0.6,fTS,0.0501508623167664
0.6,fTS,0.012247513446827
0.6,fTS,0.0719956584927652
0.6,fTS,0.106454505997489
0.6,fTS,0.0621530816502818
0.6,fTS,0.12324487266492
0.6,fTS,0.138088884548446
0.6,fTS,0.0224170197312181
0.6,fTS,0.0439865948876832
0.6,fTS,0.114884307163244
0.6,fTS,0.032032942263837
0.6,fTS,-0.0163437285338593
0.6,fTS,0.0571427888455514
0.6,fTS,0.0323160768028097
0.6,fTS,0.0294548522736406
0.6,fTS,0.0685877952236063
0.6,fTS,0.0895181147167683
0.6,fTS,0.13564217363204
0.6,fTS,0.0816665097991194
0.6,fTS,0.0862704750754886
0.6,fTS,0.0712953519334276
0.6,fTS,-0.0371216583617497
0.6,fTS,0.0159541772926413
0.6,fTS,0.146489546903678
0.6,fTS,0.128472281082034
0.6,fTS,0.108269608468162
0.6,fTS,0.0830300800883714
0.6,fTS,0.0384881875146181
0.6,fTS,0.02892263216724
0.6,fTS,0.116383798541602
0.6,fTS,0.00151409857076223
0.6,fTS,0.116004990069559
0.6,fTS,0.00936916520609876
0.6,fTS,0.103522195027957
0.6,fTS,0.14111240592706
0.6,fTS,0.0420237430319381
0.6,fTS,0.0811326104642678
0.6,fTS,0.0824944897927338
0.6,fTS,0.0515007409931727
0.6,fTS,0.118763755328144
0.6,fTS,0.00375230040507257
0.6,fTS,-0.0129772505964536
0.6,fTS,0.0445061850744368
0.6,fTS,0.158511967428081
0.6,fTS,0.0871712148419947
0.6,fTS,0.139661127869324
0.6,fTS,0.0525434205062338
0.6,fTS,0.0623778080419763
0.6,fTS,0.00847273264011861
0.6,fTS,-0.0399012771069864
0.6,fTS,0.0645236992410825
0.6,fTS,0.105959320913527
0.6,fTS,0.13982534830124
0.6,fTS,0.0546690439463273
0.6,fTS,0.14586754509073
0.6,fTS,0.0682918829247798
0.6,fTS,0.127132970367959
0.6,fTS,0.0478985809889678
0.6,fTS,0.0949771650354196
0.6,fTS,0.0977837349118107
0.6,fTS,0.113540155800754
0.6,fTS,0.0718560091336582
0.6,fTS,0.0130714915522032
0.6,fTS,0.0330744691337299
0.6,fTS,0.108249154926393
0.6,fTS,0.0551137474995735
0.6,fTS,0.00590309864153893
0.6,fTS,0.0582596369214414
0.6,fTS,0.138146318559924
0.6,fTS,0.0210959753244835
0.6,fTS,0.0650286742977118
0.6,fTS,0.0179996951935013
0.6,fTS,0.0587879292473128
0.6,fTS,0.104817584329388
0.6,fTS,0.160819159809049
0.6,fTS,0.0869767038524309
0.6,fTS,0.0703225417910893
0.6,fTS,-0.0198563655980949
0.6,fTS,0.0277928591706829
0.6,fTS,0.0528708883900251
0.6,fTS,0.119391080296022
0.6,fTS,0.0502547705599297
0.6,fTS,0.0604898264898242
0.6,fTS,0.0180060284942978
0.6,fTS,0.0121674780417471
0.6,fTS,0.00703418675406864
0.6,fTS,0.0897976184611515
0.6,fTS,0.0443068494377108
0.6,fTS,0.0637400851048853
0.6,fTS,0.0766305368140112
0.6,fTS,0.0849058027463687
0.6,fTS,0.0823244561268086
0.6,fTS,0.114289789409544
0.6,fTS,0.0105518310659229
0.6,fTS,-0.0459891261067493
0.6,fTS,0.0285809490639795
0.6,fTS,0.019476646582413
0.6,fTS,0.0367401154610192
0.6,fTS,0.0807993323040082
0.6,fTS,0.051814751611877
0.6,fTS,0.107522808993084
0.6,fTS,0.0860615224801686
0.6,fTS,0.0169101561574085
0.6,fTS,0.069962974582807
0.6,fTS,0.111036996981422
0.6,fTS,0.101877532591297
0.6,fTS,0.0549806842674521
0.6,fTS,0.102476043321111
0.6,fTS,0.0449005274807668
0.6,fTS,0.0172918444345547
0.6,fTS,0.0124749541641997
0.6,fTS,0.0344914312152842
0.6,fTS,0.021455457289727
0.6,fTS,0.0215094459862286
0.6,fTS,0.0160454738932503
0.6,fTS,0.0195311597655683
0.6,fTS,0.0155984759474004
0.6,fTS,0.0449486341263396
0.6,fTS,0.0521049815935175
0.6,fTS,0.0509888012507573
0.6,fTS,0.0994339950783905
0.6,fTS,0.0793892179178675
0.6,fTS,0.0777521281432703
0.6,fTS,0.129093738867655
0.6,fTS,0.134936320575289
0.6,fTS,0.064312037626729
0.6,fTS,0.0943406972870631
0.6,fTS,0.0636363691013078
0.6,fTS,0.016353520553122
0.6,fTS,0.129438868118374
0.6,fTS,0.0199961211260682
0.6,fTS,0.128770446902902
0.6,fTS,0.0432409764095212
0.6,fTS,0.0175977035355557
0.6,fTS,0.08424622711852
0.6,fTS,0.051448586553986
0.6,fTS,0.126193644120521
0.6,fTS,0.0512404950834633
0.6,fTS,0.117807120247282
0.6,fTS,0.0137004769085503
0.6,fTS,0.0877181796997368
0.6,fTS,0.0284974161240892
0.6,fTS,0.141092332935516
0.6,fTS,0.0223442108336989
0.6,fTS,0.0176438701374713
0.6,fTS,0.00124454539247498
0.6,fTS,0.0609109052939671
0.6,fTS,0.102507660936608
0.6,fTS,0.0908354991096574
0.6,fTS,0.0711787057637425
0.6,fTS,0.0926212905725075
0.6,fTS,-0.0227281644047626
0.6,fTS,0.0395864689860996
0.6,fTS,0.135035978107321
0.6,fTS,0.0344539856067443
0.6,fTS,0.0616461966302515
0.6,fTS,0.0586720232639253
0.6,fTS,0.0421353862948166
0.6,fTS,0.0840300760451982
0.6,fTS,0.0202081287277327
0.6,fTS,0.0581340766096063
0.6,fTS,0.107875453274786
0.6,fTS,0.0983556304834365
0.6,fTS,0.0982048179801507
0.6,fTS,0.0649149757853049
0.6,fTS,0.085895548435617
0.6,fTS,0.0569185925229625
0.6,fTS,-0.031033039537531
0.6,fTS,0.0607272585854921
0.6,fTS,0.0753021947324009
0.6,fTS,0.0431684570391451
0.6,fTS,0.0133942295644849
0.6,fTS,0.113030500483913
0.6,fTS,0.0332588128161782
0.6,fTS,0.121184573902785
0.6,fTS,0.0899581635643805
0.6,fTS,0.0251146494265351
0.6,fTS,0.0614866186373746
0.6,fTS,0.0707243020180628
0.6,fTS,0.0493516882689924
0.6,fTS,0.12751443195608
0.6,fTS,0.0858730564782855
0.6,fTS,0.0722567550269566
0.6,fTS,0.122036249403526
0.6,fTS,-0.0211214491356768
0.6,fTS,0.0580898943763382
0.6,fTS,0.0559978047709975
0.6,fTS,0.116849734858059
0.6,fTS,0.0910699020847945
0.6,fTS,0.135940284766371
0.6,LS_oracle,-0.0145245413728596
0.6,LS_oracle,0.0489002935412193
0.6,LS_oracle,0.0474339617460122
0.6,LS_oracle,0.142351195689675
0.6,LS_oracle,0.0270751181626647
0.6,LS_oracle,0.124857302765021
0.6,LS_oracle,-0.0333623867723664
0.6,LS_oracle,0.0216705435394553
0.6,LS_oracle,0.0848043528432212
0.6,LS_oracle,0.0628293310455244
0.6,LS_oracle,0.0462939283769201
0.6,LS_oracle,0.0115314718181505
0.6,LS_oracle,0.0743427704893942
0.6,LS_oracle,0.111397110002657
0.6,LS_oracle,0.0765270821917523
0.6,LS_oracle,0.131414751407412
0.6,LS_oracle,0.139351355116726
0.6,LS_oracle,0.0206397468317709
0.6,LS_oracle,0.0487490713601519
0.6,LS_oracle,0.115816315846644
0.6,LS_oracle,0.0373844014786759
0.6,LS_oracle,-0.0091732953188447
0.6,LS_oracle,0.0632659583910951
0.6,LS_oracle,0.0326396761460512
0.6,LS_oracle,0.0279875815430617
0.6,LS_oracle,0.0773281885602857
0.6,LS_oracle,0.0994572069189172
0.6,LS_oracle,0.131312699189369
0.6,LS_oracle,0.0770950333052676
0.6,LS_oracle,0.0894150317786564
0.6,LS_oracle,0.0829147776532977
0.6,LS_oracle,-0.0406086236661631
0.6,LS_oracle,0.0159652509706367
0.6,LS_oracle,0.149377552525079
0.6,LS_oracle,0.128093820808317
0.6,LS_oracle,0.108410567756478
0.6,LS_oracle,0.0801601007782646
0.6,LS_oracle,0.0365414722351942
0.6,LS_oracle,0.0309919886416181
0.6,LS_oracle,0.116248767304025
0.6,LS_oracle,0.00311849004067355
0.6,LS_oracle,0.112346715401282
0.6,LS_oracle,0.0142529348410356
0.6,LS_oracle,0.0987845846590916
0.6,LS_oracle,0.151573752222253
0.6,LS_oracle,0.0495406499631299
0.6,LS_oracle,0.0969353044333314
0.6,LS_oracle,0.0794226971976693
0.6,LS_oracle,0.0498711713369482
0.6,LS_oracle,0.123970066574631
0.6,LS_oracle,0.00501263982466482
0.6,LS_oracle,-0.00371827896974009
0.6,LS_oracle,0.0528805959814114
0.6,LS_oracle,0.186160860878912
0.6,LS_oracle,0.108415806536559
0.6,LS_oracle,0.148186892156901
0.6,LS_oracle,0.0518863791627511
0.6,LS_oracle,0.0649806070146537
0.6,LS_oracle,0.0141903809147945
0.6,LS_oracle,-0.0292876224725765
0.6,LS_oracle,0.0693839647492354
0.6,LS_oracle,0.110727792936947
0.6,LS_oracle,0.154120086553658
0.6,LS_oracle,0.0510322008157116
0.6,LS_oracle,0.150643901951608
0.6,LS_oracle,0.0727117855194441
0.6,LS_oracle,0.131614873343493
0.6,LS_oracle,0.0577326188685547
0.6,LS_oracle,0.0938252482290336
0.6,LS_oracle,0.100151613292087
0.6,LS_oracle,0.112719963628027
0.6,LS_oracle,0.0753208420435774
0.6,LS_oracle,0.0192691707848087
0.6,LS_oracle,0.0306196872907967
0.6,LS_oracle,0.125809327113883
0.6,LS_oracle,0.0519761929255
0.6,LS_oracle,0.00194520788626429
0.6,LS_oracle,0.0664697928707561
0.6,LS_oracle,0.157050738604601
0.6,LS_oracle,0.0384952693521023
0.6,LS_oracle,0.071135140008306
0.6,LS_oracle,0.035221887436542
0.6,LS_oracle,0.06577754013471
0.6,LS_oracle,0.100796788603918
0.6,LS_oracle,0.159758842058893
0.6,LS_oracle,0.0994922883877076
0.6,LS_oracle,0.08435482526357
0.6,LS_oracle,-0.023816151748594
0.6,LS_oracle,0.0217687134118982
0.6,LS_oracle,0.0650039113633916
0.6,LS_oracle,0.122916867655024
0.6,LS_oracle,0.044854706475993
0.6,LS_oracle,0.0786457714483324
0.6,LS_oracle,0.0292223820476991
0.6,LS_oracle,0.0144289137052662
0.6,LS_oracle,0.00903451209016626
0.6,LS_oracle,0.0977447149645276
0.6,LS_oracle,0.0521356790623202
0.6,LS_oracle,0.0727322214277681
0.6,LS_oracle,0.087228857600854
0.6,LS_oracle,0.0886948970303914
0.6,LS_oracle,0.080634951745898
0.6,LS_oracle,0.129116991945041
0.6,LS_oracle,0.0138599866650506
0.6,LS_oracle,-0.0435395041132551
0.6,LS_oracle,0.0270525875539767
0.6,LS_oracle,0.0295995922848964
0.6,LS_oracle,0.0388269179520533
0.6,LS_oracle,0.0801922630160425
0.6,LS_oracle,0.0623307625937357
0.6,LS_oracle,0.10319973809292
0.6,LS_oracle,0.0964593619477068
0.6,LS_oracle,0.0222198995563618
0.6,LS_oracle,0.0691026503348953
0.6,LS_oracle,0.110408522903719
0.6,LS_oracle,0.11210707942916
0.6,LS_oracle,0.0598343530540519
0.6,LS_oracle,0.115528261566031
0.6,LS_oracle,0.039579255932356
0.6,LS_oracle,0.0226448616752393
0.6,LS_oracle,0.0229728890943295
0.6,LS_oracle,0.0363145922565922
0.6,LS_oracle,0.02449031363679
0.6,LS_oracle,0.0446688843613414
0.6,LS_oracle,0.0146035200010117
0.6,LS_oracle,0.018847316378785
0.6,LS_oracle,0.0224046901014183
0.6,LS_oracle,0.0499439190595781
0.6,LS_oracle,0.0652749395321588
0.6,LS_oracle,0.0554959705348586
0.6,LS_oracle,0.101795793801234
0.6,LS_oracle,0.086023805621148
0.6,LS_oracle,0.0821079416378725
0.6,LS_oracle,0.131766090988063
0.6,LS_oracle,0.133045437751985
0.6,LS_oracle,0.0647095615355089
0.6,LS_oracle,0.119864223369871
0.6,LS_oracle,0.0687325499109162
0.6,LS_oracle,0.0120185556965704
0.6,LS_oracle,0.132528632855591
0.6,LS_oracle,0.0363091060563132
0.6,LS_oracle,0.134570979531538
0.6,LS_oracle,0.0431576522870587
0.6,LS_oracle,0.0195788521545737
0.6,LS_oracle,0.100391218067297
0.6,LS_oracle,0.0500523025853354
0.6,LS_oracle,0.118762875623769
0.6,LS_oracle,0.0468764572477445
0.6,LS_oracle,0.119730011268861
0.6,LS_oracle,0.0197875471391047
0.6,LS_oracle,0.0752729687359137
0.6,LS_oracle,0.031239992467986
0.6,LS_oracle,0.144683348066676
0.6,LS_oracle,0.0297307199036694
0.6,LS_oracle,0.0258573220925375
0.6,LS_oracle,0.00818584115578491
0.6,LS_oracle,0.0647919904215644
0.6,LS_oracle,0.0991371215173331
0.6,LS_oracle,0.0965825984056354
0.6,LS_oracle,0.0720544255326245
0.6,LS_oracle,0.112688160799933
0.6,LS_oracle,-0.0231826712244425
0.6,LS_oracle,0.0539837050125098
0.6,LS_oracle,0.129282118164422
0.6,LS_oracle,0.0612872194906817
0.6,LS_oracle,0.0591429008414737
0.6,LS_oracle,0.0853896887143657
0.6,LS_oracle,0.0398445424451868
0.6,LS_oracle,0.0848284972895172
0.6,LS_oracle,0.0266838831721288
0.6,LS_oracle,0.0667765267065052
0.6,LS_oracle,0.124479917990657
0.6,LS_oracle,0.112098038648501
0.6,LS_oracle,0.104334793497422
0.6,LS_oracle,0.0710207558748632
0.6,LS_oracle,0.092019508659881
0.6,LS_oracle,0.0544363956829064
0.6,LS_oracle,-0.0247801159973929
0.6,LS_oracle,0.0610307784791664
0.6,LS_oracle,0.0783133588179399
0.6,LS_oracle,0.045927301431743
0.6,LS_oracle,0.0163256153279185
0.6,LS_oracle,0.120606912962549
0.6,LS_oracle,0.0379145968059051
0.6,LS_oracle,0.131828028250601
0.6,LS_oracle,0.0861102694913436
0.6,LS_oracle,0.0285603316347172
0.6,LS_oracle,0.0601342503539937
0.6,LS_oracle,0.0748052878571215
0.6,LS_oracle,0.0476833361246938
0.6,LS_oracle,0.126480609292907
0.6,LS_oracle,0.0867641705935789
0.6,LS_oracle,0.0767356873438134
0.6,LS_oracle,0.128645672703143
0.6,LS_oracle,-0.0205042619290247
0.6,LS_oracle,0.0667196728489623
0.6,LS_oracle,0.0672141698543109
0.6,LS_oracle,0.126458003985537
0.6,LS_oracle,0.0885944823578046
0.6,LS_oracle,0.139778854972434
0.6,TS_oracle,-0.0152407459670862
0.6,TS_oracle,0.0422902811971386
0.6,TS_oracle,0.0447782516313078
0.6,TS_oracle,0.136867231618809
0.6,TS_oracle,0.023083127986643
0.6,TS_oracle,0.123677589390578
0.6,TS_oracle,-0.03612489984364
0.6,TS_oracle,0.0232329890440239
0.6,TS_oracle,0.090609549996491
0.6,TS_oracle,0.0627026898210712
0.6,TS_oracle,0.0501618584772014
0.6,TS_oracle,0.0122450685264068
0.6,TS_oracle,0.0720283470927121
0.6,TS_oracle,0.1064221612944
0.6,TS_oracle,0.0622324373810308
0.6,TS_oracle,0.123275217120291
0.6,TS_oracle,0.138113978460514
0.6,TS_oracle,0.0224482210757324
0.6,TS_oracle,0.0438578793388651
0.6,TS_oracle,0.115100261294194
0.6,TS_oracle,0.032045681206446
0.6,TS_oracle,-0.0163167699322142
0.6,TS_oracle,0.0569541782303902
0.6,TS_oracle,0.0324268264457541
0.6,TS_oracle,0.0293870542007499
0.6,TS_oracle,0.0685740759981288
0.6,TS_oracle,0.089519353660807
0.6,TS_oracle,0.134932113279388
0.6,TS_oracle,0.0818142847832042
0.6,TS_oracle,0.0850515238764271
0.6,TS_oracle,0.070626579628811
0.6,TS_oracle,-0.0373737871379639
0.6,TS_oracle,0.0156204046867621
0.6,TS_oracle,0.146449142921238
0.6,TS_oracle,0.129513987490869
0.6,TS_oracle,0.10822995088672
0.6,TS_oracle,0.083043066972434
0.6,TS_oracle,0.0360063774435402
0.6,TS_oracle,0.0289245279556642
0.6,TS_oracle,0.116381789983456
0.6,TS_oracle,0.00148232866981535
0.6,TS_oracle,0.115847850913855
0.6,TS_oracle,0.00949112255165718
0.6,TS_oracle,0.103584898089841
0.6,TS_oracle,0.140912815318335
0.6,TS_oracle,0.0433153484544335
0.6,TS_oracle,0.081041716776703
0.6,TS_oracle,0.0823874660014547
0.6,TS_oracle,0.052920499885506
0.6,TS_oracle,0.118771716566806
0.6,TS_oracle,0.00383201688556611
0.6,TS_oracle,-0.0133894171820232
0.6,TS_oracle,0.0444636177967968
0.6,TS_oracle,0.158544045272265
0.6,TS_oracle,0.0876506652724209
0.6,TS_oracle,0.139669119901457
0.6,TS_oracle,0.0519222261641001
0.6,TS_oracle,0.0624370793237154
0.6,TS_oracle,0.0093592766963051
0.6,TS_oracle,-0.039718082948659
0.6,TS_oracle,0.0645314118355467
0.6,TS_oracle,0.105959596562857
0.6,TS_oracle,0.140028138522604
0.6,TS_oracle,0.0542556072115183
0.6,TS_oracle,0.145893957120923
0.6,TS_oracle,0.0683120879220749
0.6,TS_oracle,0.126725501690423
0.6,TS_oracle,0.0478556376714068
0.6,TS_oracle,0.0949601953064421
0.6,TS_oracle,0.0977554036650292
0.6,TS_oracle,0.113664653678737
0.6,TS_oracle,0.0718453472328355
0.6,TS_oracle,0.0129795123151939
0.6,TS_oracle,0.0331957675386407
0.6,TS_oracle,0.108478615535469
0.6,TS_oracle,0.0551301394462389
0.6,TS_oracle,0.0059724346190273
0.6,TS_oracle,0.057175636315455
0.6,TS_oracle,0.138633230838307
0.6,TS_oracle,0.0211340013580097
0.6,TS_oracle,0.0652213482951409
0.6,TS_oracle,0.0180041456916786
0.6,TS_oracle,0.0587508188241985
0.6,TS_oracle,0.104583189565775
0.6,TS_oracle,0.160763914633046
0.6,TS_oracle,0.0869450883278942
0.6,TS_oracle,0.0701649252983125
0.6,TS_oracle,-0.0204662929368538
0.6,TS_oracle,0.027794469940372
0.6,TS_oracle,0.0519769177967895
0.6,TS_oracle,0.119405097434061
0.6,TS_oracle,0.0504605576954524
0.6,TS_oracle,0.0604901473516268
0.6,TS_oracle,0.0180056749531925
0.6,TS_oracle,0.0121448746455461
0.6,TS_oracle,0.00688950347823503
0.6,TS_oracle,0.0895349447282683
0.6,TS_oracle,0.0446011835850075
0.6,TS_oracle,0.0630699888210227
0.6,TS_oracle,0.0766307771826407
0.6,TS_oracle,0.0849229756547849
0.6,TS_oracle,0.0826457506133873
0.6,TS_oracle,0.114408627283334
0.6,TS_oracle,0.0105171761151504
0.6,TS_oracle,-0.0461593318975886
0.6,TS_oracle,0.0282072596486695
0.6,TS_oracle,0.0194440821651367
0.6,TS_oracle,0.0367337017769518
0.6,TS_oracle,0.0806199014571987
0.6,TS_oracle,0.0513570709502027
0.6,TS_oracle,0.107565561565818
0.6,TS_oracle,0.0860265768159605
0.6,TS_oracle,0.0169307722075138
0.6,TS_oracle,0.0695455905055777
0.6,TS_oracle,0.110866577290348
0.6,TS_oracle,0.101872046264248
0.6,TS_oracle,0.0548846064088027
0.6,TS_oracle,0.102481201450659
0.6,TS_oracle,0.0424729899590992
0.6,TS_oracle,0.0176501353922738
0.6,TS_oracle,0.0124903934864553
0.6,TS_oracle,0.0344866734008245
0.6,TS_oracle,0.0219630110603151
0.6,TS_oracle,0.0215344909016906
0.6,TS_oracle,0.0143290294163285
0.6,TS_oracle,0.0197522883672632
0.6,TS_oracle,0.0153654095216418
0.6,TS_oracle,0.0449418798052992
0.6,TS_oracle,0.0521397772018997
0.6,TS_oracle,0.0509186817267315
0.6,TS_oracle,0.0985709639233388
0.6,TS_oracle,0.0793936519071625
0.6,TS_oracle,0.0777318597516596
0.6,TS_oracle,0.128223650491345
0.6,TS_oracle,0.13508434969926
0.6,TS_oracle,0.0643178133212738
0.6,TS_oracle,0.0942924010217912
0.6,TS_oracle,0.0637877423041751
0.6,TS_oracle,0.0169152652531388
0.6,TS_oracle,0.129444446945735
0.6,TS_oracle,0.0199452937948112
0.6,TS_oracle,0.128747434052459
0.6,TS_oracle,0.0428967044188064
0.6,TS_oracle,0.0175567616026764
0.6,TS_oracle,0.0842557153851475
0.6,TS_oracle,0.0514530394879231
0.6,TS_oracle,0.126257185207013
0.6,TS_oracle,0.0511580521361479
0.6,TS_oracle,0.117805489257955
0.6,TS_oracle,0.0130590684539664
0.6,TS_oracle,0.0865723318950944
0.6,TS_oracle,0.0272648914131235
0.6,TS_oracle,0.141093606768165
0.6,TS_oracle,0.0221615980035961
0.6,TS_oracle,0.0176840900283759
0.6,TS_oracle,0.0012947821542737
0.6,TS_oracle,0.0609091547348923
0.6,TS_oracle,0.102479240729549
0.6,TS_oracle,0.0910944628327703
0.6,TS_oracle,0.0709652965526164
0.6,TS_oracle,0.0934324357266294
0.6,TS_oracle,-0.0233649010130371
0.6,TS_oracle,0.0392168623251348
0.6,TS_oracle,0.133990802527432
0.6,TS_oracle,0.0344793548057063
0.6,TS_oracle,0.0616317356134783
0.6,TS_oracle,0.0590929668782378
0.6,TS_oracle,0.0421137036795993
0.6,TS_oracle,0.0838261397758304
0.6,TS_oracle,0.0202596698666873
0.6,TS_oracle,0.0578432895373366
0.6,TS_oracle,0.107879654341456
0.6,TS_oracle,0.0984499645558203
0.6,TS_oracle,0.0982227412904426
0.6,TS_oracle,0.0648780921754715
0.6,TS_oracle,0.0858930795080299
0.6,TS_oracle,0.0572685811395341
0.6,TS_oracle,-0.0304080789312493
0.6,TS_oracle,0.0606258049374855
0.6,TS_oracle,0.0755332130623783
0.6,TS_oracle,0.0433518665154893
0.6,TS_oracle,0.0134647491402911
0.6,TS_oracle,0.113034115794138
0.6,TS_oracle,0.0331908200960265
0.6,TS_oracle,0.121184411506869
0.6,TS_oracle,0.0898452047159819
0.6,TS_oracle,0.0251629542872631
0.6,TS_oracle,0.0609274089584515
0.6,TS_oracle,0.0705700873055708
0.6,TS_oracle,0.0492959939032229
0.6,TS_oracle,0.127266990810847
0.6,TS_oracle,0.0859597764439315
0.6,TS_oracle,0.0722959520044479
0.6,TS_oracle,0.121350508293945
0.6,TS_oracle,-0.0211217027711224
0.6,TS_oracle,0.0579848910753282
0.6,TS_oracle,0.0559126361829165
0.6,TS_oracle,0.116669797834405
0.6,TS_oracle,0.091116987337805
0.6,TS_oracle,0.135517763470257
0.7,PLS,0.202843249467931
0.7,PLS,-0.0622435072515285
0.7,PLS,0.102096100532112
0.7,PLS,0.130630215037052
0.7,PLS,0.0485448677854015
0.7,PLS,0.0542015622490362
0.7,PLS,0.065146394761842
0.7,PLS,0.102944387844139
0.7,PLS,0.117454292931806
0.7,PLS,0.00277934486806886
0.7,PLS,0.0532165710816057
0.7,PLS,0.00564636584613076
0.7,PLS,0.0830325139874077
0.7,PLS,0.00322318226794072
0.7,PLS,-0.0139370976242702
0.7,PLS,0.101092158814497
0.7,PLS,0.074518838447218
0.7,PLS,-0.0337645725531085
0.7,PLS,9.9118006194221e-05
0.7,PLS,0.0225415468505188
0.7,PLS,0.00456447247128788
0.7,PLS,0.0331812957155686
0.7,PLS,0.007523850584777
0.7,PLS,0.0319994290713645
0.7,PLS,0.00159400851376446
0.7,PLS,0.129938792007342
0.7,PLS,0.0575013722761861
0.7,PLS,0.138683145593658
0.7,PLS,0.0697570780293824
0.7,PLS,0.077968618077193
0.7,PLS,0.0325798343173673
0.7,PLS,0.0127962399298651
0.7,PLS,0.0807900184562595
0.7,PLS,-0.0218293572814856
0.7,PLS,0.063796141029633
0.7,PLS,0.0106519353564754
0.7,PLS,0.118639593876091
0.7,PLS,0.04255882280501
0.7,PLS,0.0550819676611305
0.7,PLS,0.0936867474929546
0.7,PLS,0.089840182837861
0.7,PLS,0.0723490540988858
0.7,PLS,0.147102332839811
0.7,PLS,0.0734554413705863
0.7,PLS,0.0072177747929254
0.7,PLS,0.116771836502591
0.7,PLS,0.20435389629629
0.7,PLS,0.0635502077168555
0.7,PLS,0.0296453882286949
0.7,PLS,0.0789842540043382
0.7,PLS,0.118365935834039
0.7,PLS,0.093558368955887
0.7,PLS,0.0152264059554801
0.7,PLS,0.00793243836905821
0.7,PLS,-0.00195657520591319
0.7,PLS,0.131723022392709
0.7,PLS,0.00682006666955703
0.7,PLS,0.0434514423016765
0.7,PLS,-0.00684875554157471
0.7,PLS,0.0776437604762241
0.7,PLS,0.140974774182181
0.7,PLS,0.112876337316976
0.7,PLS,0.0675107203333489
0.7,PLS,0.1117905921601
0.7,PLS,0.0612483928969418
0.7,PLS,0.07564992866007
0.7,PLS,0.119408685869728
0.7,PLS,0.0950905546796592
0.7,PLS,0.106359863468677
0.7,PLS,0.0276012978664042
0.7,PLS,0.0473355046876625
0.7,PLS,0.100811882210112
0.7,PLS,0.112287242929777
0.7,PLS,0.0771164123015982
0.7,PLS,0.0369846032775436
0.7,PLS,0.0670769748447184
0.7,PLS,0.0608134747420519
0.7,PLS,0.0273798211429761
0.7,PLS,-0.0131682945874418
0.7,PLS,0.112935398341989
0.7,PLS,0.0945573719976684
0.7,PLS,0.143459047165801
0.7,PLS,-0.0265491535259758
0.7,PLS,0.0735760872598112
0.7,PLS,0.0393731163145419
0.7,PLS,0.0772900730482795
0.7,PLS,0.0108736363889774
0.7,PLS,0.0500533377185202
0.7,PLS,0.00846193184672672
0.7,PLS,0.0536635691910168
0.7,PLS,0.0709952574567714
0.7,PLS,0.0825235684181049
0.7,PLS,0.0991079924531744
0.7,PLS,0.0603644574202502
0.7,PLS,0.0294868424984853
0.7,PLS,0.13603060695988
0.7,PLS,0.117890913475657
0.7,PLS,0.0457547583914022
0.7,PLS,0.109143302485857
0.7,PLS,0.0229640076606721
0.7,PLS,0.0582114951408377
0.7,PLS,0.111974706414596
0.7,PLS,0.090651701374266
0.7,PLS,0.0828909105070663
0.7,PLS,-0.0216143105019144
0.7,PLS,0.144509417292336
0.7,PLS,0.0580890204257878
0.7,PLS,0.00548115435674901
0.7,PLS,0.0682193805839202
0.7,PLS,0.17986988595842
0.7,PLS,0.0245122935333739
0.7,PLS,-0.011096718162067
0.7,PLS,-0.0160465954295391
0.7,PLS,0.0821229249350628
0.7,PLS,0.0429787761059275
0.7,PLS,0.163021508088141
0.7,PLS,0.12252564430225
0.7,PLS,0.00431910196787832
0.7,PLS,0.0693795086627929
0.7,PLS,0.165748190459494
0.7,PLS,0.026123629764208
0.7,PLS,0.0572506383947982
0.7,PLS,0.0802671338936531
0.7,PLS,0.085143228735256
0.7,PLS,0.0791255651778162
0.7,PLS,0.0192841985547867
0.7,PLS,0.0158024373500842
0.7,PLS,0.0394145797197003
0.7,PLS,0.026966821254778
0.7,PLS,0.101384875707513
0.7,PLS,0.134529444194929
0.7,PLS,0.085876339751219
0.7,PLS,0.0934402694030283
0.7,PLS,0.0352149316436832
0.7,PLS,0.0743861955901852
0.7,PLS,0.1200338520308
0.7,PLS,0.0266500893389556
0.7,PLS,-0.0130394543806441
0.7,PLS,-0.0635915828724036
0.7,PLS,0.07830920829344
0.7,PLS,0.0371745190295287
0.7,PLS,0.0046769993160849
0.7,PLS,0.0465652602891617
0.7,PLS,0.0116423495121882
0.7,PLS,-0.0097346976249012
0.7,PLS,0.0870927373064436
0.7,PLS,0.0739254372991682
0.7,PLS,0.0546399090192113
0.7,PLS,0.037237668661114
0.7,PLS,0.0748235784783728
0.7,PLS,0.078322560031125
0.7,PLS,0.0787219232210017
0.7,PLS,0.06586594409637
0.7,PLS,0.092929874245377
0.7,PLS,0.0782085402560373
0.7,PLS,0.108250375197758
0.7,PLS,0.0519116034014553
0.7,PLS,0.0906908090075653
0.7,PLS,0.0440001678105222
0.7,PLS,0.0252250186790797
0.7,PLS,0.0919867907925591
0.7,PLS,0.0792066712203934
0.7,PLS,0.134566976231304
0.7,PLS,0.015079944228398
0.7,PLS,0.157848541760374
0.7,PLS,0.0220993384500834
0.7,PLS,0.175226370229641
0.7,PLS,0.0415184012493797
0.7,PLS,0.0461485460902087
0.7,PLS,0.0682709912682113
0.7,PLS,0.0881724456740853
0.7,PLS,-0.0393946181335464
0.7,PLS,0.0873877716050147
0.7,PLS,0.0700037462057415
0.7,PLS,0.00875217017715091
0.7,PLS,0.0131356565305878
0.7,PLS,-0.0227451835446736
0.7,PLS,0.0898625866457798
0.7,PLS,0.193795578314271
0.7,PLS,0.109304186123218
0.7,PLS,0.0299114170160679
0.7,PLS,0.0678340454633517
0.7,PLS,0.0305697012796076
0.7,PLS,-0.0101350440092307
0.7,PLS,0.0751886428346673
0.7,PLS,0.0511269097726579
0.7,PLS,0.0161992237609814
0.7,PLS,0.121668129032694
0.7,PLS,0.0429825144504992
0.7,PLS,0.0902015675752879
0.7,PLS,-0.0371411575202572
0.7,PLS,0.0850649560455656
0.7,PLS,0.131608513199702
0.7,PLS,0.110697797065493
0.7,PLS,0.0564371734686748
0.7,PLS,0.0569148081215176
0.7,PLS,0.101244281666534
0.7,PLS,0.0821486568689955
0.7,PLS,-0.00425579932806797
0.7,PLS,0.101402185775135
0.7,fTS,0.20605127940009
0.7,fTS,-0.0649319862800369
0.7,fTS,0.0779640583695367
0.7,fTS,0.126250385297762
0.7,fTS,0.0471623200691635
0.7,fTS,0.0491823412890693
0.7,fTS,0.058972073966165
0.7,fTS,0.0950674760279813
0.7,fTS,0.0880060426444893
0.7,fTS,0.00418514666898928
0.7,fTS,0.0488042817145915
0.7,fTS,0.00861406801463271
0.7,fTS,0.0793881265627867
0.7,fTS,0.000704111099585569
0.7,fTS,-0.0183661597842767
0.7,fTS,0.0924374743996277
0.7,fTS,0.070579648088587
0.7,fTS,-0.0378659676175813
0.7,fTS,0.00276865726516995
0.7,fTS,0.0242639228751977
0.7,fTS,0.00733832112075228
0.7,fTS,0.0292159260220255
0.7,fTS,0.00656600313878264
0.7,fTS,0.0226695270984432
0.7,fTS,0.00424034253520444
0.7,fTS,0.12610014946638
0.7,fTS,0.0661778982001091
0.7,fTS,0.131225732899472
0.7,fTS,0.0581416110317563
0.7,fTS,0.0790780561121884
0.7,fTS,0.032586380035255
0.7,fTS,0.00687977462885869
0.7,fTS,0.0696007532548271
0.7,fTS,-0.0200313067568244
0.7,fTS,0.0514018132935494
0.7,fTS,0.00673641602656327
0.7,fTS,0.119061007704503
0.7,fTS,0.0407800074215821
0.7,fTS,0.0481432154286952
0.7,fTS,0.0839800676952547
0.7,fTS,0.0975201987520955
0.7,fTS,0.0558797822073611
0.7,fTS,0.131618383394678
0.7,fTS,0.0426483902866137
0.7,fTS,0.00992605629855148
0.7,fTS,0.119132092089334
0.7,fTS,0.205936408178746
0.7,fTS,0.0553827176456305
0.7,fTS,0.0208413812905506
0.7,fTS,0.0594386572910741
0.7,fTS,0.114631625043392
0.7,fTS,0.0763609324632275
0.7,fTS,0.0207725804223284
0.7,fTS,-0.00646039555962685
0.7,fTS,0.000847098588198536
0.7,fTS,0.127384652042725
0.7,fTS,0.00682960039801372
0.7,fTS,0.0511828736395423
0.7,fTS,-0.0100565825084247
0.7,fTS,0.0474037728913161
0.7,fTS,0.123457052371332
0.7,fTS,0.108814495480626
0.7,fTS,0.0673796484364557
0.7,fTS,0.0893178665528198
0.7,fTS,0.0383697016419491
0.7,fTS,0.079904063020839
0.7,fTS,0.128342541636227
0.7,fTS,0.0936654584635574
0.7,fTS,0.0935552986620205
0.7,fTS,0.030387021285567
0.7,fTS,0.0344236598797834
0.7,fTS,0.0989747853636944
0.7,fTS,0.108076281566595
0.7,fTS,0.0657144652066497
0.7,fTS,0.0452917051371653
0.7,fTS,0.0531682569219307
0.7,fTS,0.0568421491084512
0.7,fTS,0.0259178979570844
0.7,fTS,-0.0187500985999288
0.7,fTS,0.101266896596022
0.7,fTS,0.085896449814219
0.7,fTS,0.13802063511179
0.7,fTS,-0.0270385265124126
0.7,fTS,0.0745783326160763
0.7,fTS,0.0284095337253254
0.7,fTS,0.080908638526618
0.7,fTS,0.00165073387394266
0.7,fTS,0.0433267368554566
0.7,fTS,0.00375307342972153
0.7,fTS,0.0542662162440266
0.7,fTS,0.074204514332566
0.7,fTS,0.0851302822335838
0.7,fTS,0.0941043860402393
0.7,fTS,0.0503734722986511
0.7,fTS,0.0172691038697166
0.7,fTS,0.134835512385561
0.7,fTS,0.115419099546947
0.7,fTS,0.0367705315700109
0.7,fTS,0.107790748201603
0.7,fTS,-0.000224695553698417
0.7,fTS,0.0573588222883437
0.7,fTS,0.117545077121884
0.7,fTS,0.0851482542983848
0.7,fTS,0.0510322777589405
0.7,fTS,-0.0263057801693198
0.7,fTS,0.136051608241559
0.7,fTS,0.0559764947079526
0.7,fTS,-0.00768272714367668
0.7,fTS,0.0642915468672132
0.7,fTS,0.175422604944439
0.7,fTS,0.0156153877699321
0.7,fTS,-0.00971234618619587
0.7,fTS,-0.0237627757474833
0.7,fTS,0.0829351698814242
0.7,fTS,0.0254309501220995
0.7,fTS,0.154904121741988
0.7,fTS,0.118844734535582
0.7,fTS,-0.00117746157770016
0.7,fTS,0.0772558920080981
0.7,fTS,0.163612935209454
0.7,fTS,0.0267283110456202
0.7,fTS,0.047531242792443
0.7,fTS,0.0811976032649537
0.7,fTS,0.079442722340642
0.7,fTS,0.0743210782003201
0.7,fTS,0.00870320289083315
0.7,fTS,0.0097585153546762
0.7,fTS,0.0341661592155535
0.7,fTS,0.0306255244326878
0.7,fTS,0.092603523738235
0.7,fTS,0.125953829095676
0.7,fTS,0.0636587092070691
0.7,fTS,0.0797561696824227
0.7,fTS,0.0343833643149816
0.7,fTS,0.0691373719435835
0.7,fTS,0.117410692720671
0.7,fTS,0.022460639781761
0.7,fTS,-0.0259030188547469
0.7,fTS,-0.0588638668613454
0.7,fTS,0.0817854065698438
0.7,fTS,0.0399900884548237
0.7,fTS,0.00867732611174343
0.7,fTS,0.0335392427046242
0.7,fTS,0.0130691116723103
0.7,fTS,-0.0223869946864412
0.7,fTS,0.0891391464435196
0.7,fTS,0.0704013676367743
0.7,fTS,0.0456519650094804
0.7,fTS,0.0307194776310529
0.7,fTS,0.0567517925038057
0.7,fTS,0.0490642428071604
0.7,fTS,0.065815665210869
0.7,fTS,0.0642913127918814
0.7,fTS,0.0833283916658643
0.7,fTS,0.0697238145908299
0.7,fTS,0.103335319789951
0.7,fTS,0.0462228038927348
0.7,fTS,0.0913363542446994
0.7,fTS,0.0444801063237283
0.7,fTS,0.00660978630786846
0.7,fTS,0.091470657337742
0.7,fTS,0.0709521789880516
0.7,fTS,0.128698850200784
0.7,fTS,0.0118606505378938
0.7,fTS,0.152981405969049
0.7,fTS,0.00519123632739826
0.7,fTS,0.174725042458553
0.7,fTS,0.0418304659147137
0.7,fTS,0.0476720671037012
0.7,fTS,0.0714753803663333
0.7,fTS,0.0855611486043713
0.7,fTS,-0.0452823861156739
0.7,fTS,0.0815105189421201
0.7,fTS,0.0635425469927327
0.7,fTS,0.0103516359597358
0.7,fTS,0.0171095555092875
0.7,fTS,-0.0336968256905875
0.7,fTS,0.0891546427338601
0.7,fTS,0.186757372202671
0.7,fTS,0.108209415656696
0.7,fTS,0.0400715829931857
0.7,fTS,0.064966941604522
0.7,fTS,0.030589657474918
0.7,fTS,-0.0227116191820824
0.7,fTS,0.0556195343100216
0.7,fTS,0.0436823028262152
0.7,fTS,0.0136546207945218
0.7,fTS,0.117649451435274
0.7,fTS,0.0510187666437407
0.7,fTS,0.100684924933098
0.7,fTS,-0.0343968881829809
0.7,fTS,0.0877486987359006
0.7,fTS,0.123065991120965
0.7,fTS,0.0933631120083174
0.7,fTS,0.0482853936939893
0.7,fTS,0.0579037416100541
0.7,fTS,0.0825551534971694
0.7,fTS,0.089362956261497
0.7,fTS,-0.00284054890528784
0.7,fTS,0.0836532930605101
0.7,LS_oracle,0.205983755837205
0.7,LS_oracle,-0.0620747598922075
0.7,LS_oracle,0.101906758270764
0.7,LS_oracle,0.130307139791685
0.7,LS_oracle,0.0494362907557624
0.7,LS_oracle,0.055050686922153
0.7,LS_oracle,0.0648063999057229
0.7,LS_oracle,0.103243996491648
0.7,LS_oracle,0.117169331672154
0.7,LS_oracle,0.00280389177889728
0.7,LS_oracle,0.0533532590007109
0.7,LS_oracle,0.0062216167130662
0.7,LS_oracle,0.0829888053162473
0.7,LS_oracle,-0.00013729845110777
0.7,LS_oracle,-0.0139089357850153
0.7,LS_oracle,0.0993667937222054
0.7,LS_oracle,0.0748902644715059
0.7,LS_oracle,-0.0326808339622962
0.7,LS_oracle,-0.00238890573505801
0.7,LS_oracle,0.0233713707087255
0.7,LS_oracle,0.00454423841662654
0.7,LS_oracle,0.0328308542773825
0.7,LS_oracle,0.00742940447755269
0.7,LS_oracle,0.0312004228818712
0.7,LS_oracle,0.00158855627534749
0.7,LS_oracle,0.129865821839322
0.7,LS_oracle,0.0571953960821379
0.7,LS_oracle,0.138455726947233
0.7,LS_oracle,0.0675676285509437
0.7,LS_oracle,0.0779471169821691
0.7,LS_oracle,0.0325620736378791
0.7,LS_oracle,0.0125862916305564
0.7,LS_oracle,0.0799760654475714
0.7,LS_oracle,-0.0228607446930251
0.7,LS_oracle,0.0636499856067307
0.7,LS_oracle,0.00576778761082331
0.7,LS_oracle,0.118009766020216
0.7,LS_oracle,0.0426150314541609
0.7,LS_oracle,0.055238851303594
0.7,LS_oracle,0.0925232728081549
0.7,LS_oracle,0.089841384337594
0.7,LS_oracle,0.0711862865143262
0.7,LS_oracle,0.146358058502963
0.7,LS_oracle,0.0734535262788947
0.7,LS_oracle,0.0071819255107739
0.7,LS_oracle,0.11678102375863
0.7,LS_oracle,0.204083940561986
0.7,LS_oracle,0.0639174797347128
0.7,LS_oracle,0.0300640154148273
0.7,LS_oracle,0.0787062895960078
0.7,LS_oracle,0.118386588711962
0.7,LS_oracle,0.0907970752763618
0.7,LS_oracle,0.0153271430487543
0.7,LS_oracle,0.00763289986011784
0.7,LS_oracle,-0.00256933110754098
0.7,LS_oracle,0.132106448554435
0.7,LS_oracle,0.00702736243894364
0.7,LS_oracle,0.0420465184275294
0.7,LS_oracle,-0.00680924036241304
0.7,LS_oracle,0.0771252614241456
0.7,LS_oracle,0.141036842996042
0.7,LS_oracle,0.113191615652375
0.7,LS_oracle,0.0666403620294107
0.7,LS_oracle,0.112147475399804
0.7,LS_oracle,0.0610995765970357
0.7,LS_oracle,0.0762216481775142
0.7,LS_oracle,0.119655728573973
0.7,LS_oracle,0.0950625959534208
0.7,LS_oracle,0.106510214686426
0.7,LS_oracle,0.0287391653132574
0.7,LS_oracle,0.0448738115842497
0.7,LS_oracle,0.1003412189975
0.7,LS_oracle,0.112456380242051
0.7,LS_oracle,0.0764083386865468
0.7,LS_oracle,0.0369300718808925
0.7,LS_oracle,0.0640542236427988
0.7,LS_oracle,0.0610337224490884
0.7,LS_oracle,0.0274902162610648
0.7,LS_oracle,-0.0133959360672617
0.7,LS_oracle,0.112966709342858
0.7,LS_oracle,0.0918215111511496
0.7,LS_oracle,0.143215526621714
0.7,LS_oracle,-0.026832914124239
0.7,LS_oracle,0.0737228863666035
0.7,LS_oracle,0.0393797856114313
0.7,LS_oracle,0.0773161562150988
0.7,LS_oracle,0.0109141034893128
0.7,LS_oracle,0.050123337930863
0.7,LS_oracle,0.00782085311765734
0.7,LS_oracle,0.0539168222254274
0.7,LS_oracle,0.0712071198887498
0.7,LS_oracle,0.0829228957049604
0.7,LS_oracle,0.0989860670051634
0.7,LS_oracle,0.060297620769086
0.7,LS_oracle,0.0294617348814965
0.7,LS_oracle,0.136331271419484
0.7,LS_oracle,0.118185119609112
0.7,LS_oracle,0.0456018693794511
0.7,LS_oracle,0.109541258931116
0.7,LS_oracle,0.0230452177315721
0.7,LS_oracle,0.0582198892700132
0.7,LS_oracle,0.112028612476309
0.7,LS_oracle,0.0901576289839374
0.7,LS_oracle,0.0827976709874765
0.7,LS_oracle,-0.0217676785268395
0.7,LS_oracle,0.144155451689965
0.7,LS_oracle,0.0574052025792064
0.7,LS_oracle,0.00592750185755464
0.7,LS_oracle,0.0656698067238137
0.7,LS_oracle,0.179820926438965
0.7,LS_oracle,0.0245949176260825
0.7,LS_oracle,-0.0113146806860893
0.7,LS_oracle,-0.0151995674826018
0.7,LS_oracle,0.0822984355862244
0.7,LS_oracle,0.0431804863812044
0.7,LS_oracle,0.163111982872506
0.7,LS_oracle,0.121116509285373
0.7,LS_oracle,0.00425322540714679
0.7,LS_oracle,0.0691749640385537
0.7,LS_oracle,0.164339726610945
0.7,LS_oracle,0.0261802993363989
0.7,LS_oracle,0.0574113964721155
0.7,LS_oracle,0.080736421849569
0.7,LS_oracle,0.0849341577210867
0.7,LS_oracle,0.0777280104242333
0.7,LS_oracle,0.0183078501964009
0.7,LS_oracle,0.0160409359050258
0.7,LS_oracle,0.0395181618842861
0.7,LS_oracle,0.0255826534394175
0.7,LS_oracle,0.102275107407843
0.7,LS_oracle,0.134563267990863
0.7,LS_oracle,0.0860120041021184
0.7,LS_oracle,0.0935526010127474
0.7,LS_oracle,0.0334624519649711
0.7,LS_oracle,0.0745614309777263
0.7,LS_oracle,0.121308854137562
0.7,LS_oracle,0.0264964718127048
0.7,LS_oracle,-0.0137499241310211
0.7,LS_oracle,-0.0636728944839084
0.7,LS_oracle,0.0782507807190707
0.7,LS_oracle,0.0381787344440578
0.7,LS_oracle,0.00471617299590399
0.7,LS_oracle,0.0479467361254668
0.7,LS_oracle,0.0113285731756028
0.7,LS_oracle,-0.00989225550197947
0.7,LS_oracle,0.0866022934490256
0.7,LS_oracle,0.0742857071317036
0.7,LS_oracle,0.053953152391597
0.7,LS_oracle,0.0369772993550022
0.7,LS_oracle,0.0748168835661347
0.7,LS_oracle,0.0778626346493834
0.7,LS_oracle,0.0786890197523455
0.7,LS_oracle,0.0656672738800155
0.7,LS_oracle,0.0930634671363986
0.7,LS_oracle,0.0781593044923801
0.7,LS_oracle,0.107304643548411
0.7,LS_oracle,0.0523310152507814
0.7,LS_oracle,0.0906756179154451
0.7,LS_oracle,0.043191192871801
0.7,LS_oracle,0.0242038890375016
0.7,LS_oracle,0.09183527298451
0.7,LS_oracle,0.079235559194641
0.7,LS_oracle,0.134592877659853
0.7,LS_oracle,0.0153805631864463
0.7,LS_oracle,0.158094887585942
0.7,LS_oracle,0.0174990040901211
0.7,LS_oracle,0.175434810841411
0.7,LS_oracle,0.0412159795200866
0.7,LS_oracle,0.0460484972078601
0.7,LS_oracle,0.0682937326263751
0.7,LS_oracle,0.08861961111331
0.7,LS_oracle,-0.038929708885872
0.7,LS_oracle,0.086470401629303
0.7,LS_oracle,0.0697395831881142
0.7,LS_oracle,0.00920109957322857
0.7,LS_oracle,0.0127337927881233
0.7,LS_oracle,-0.0227526124923322
0.7,LS_oracle,0.0898097283048154
0.7,LS_oracle,0.193371394248463
0.7,LS_oracle,0.110940332643974
0.7,LS_oracle,0.0294732414051497
0.7,LS_oracle,0.0678381487682016
0.7,LS_oracle,0.0321680459610205
0.7,LS_oracle,-0.0098861909135366
0.7,LS_oracle,0.0749225324354705
0.7,LS_oracle,0.0510443283636453
0.7,LS_oracle,0.0158791517295409
0.7,LS_oracle,0.12210722881732
0.7,LS_oracle,0.0434082849978823
0.7,LS_oracle,0.089986755490594
0.7,LS_oracle,-0.0371214016807583
0.7,LS_oracle,0.0858173168409246
0.7,LS_oracle,0.131796477157869
0.7,LS_oracle,0.110255669667242
0.7,LS_oracle,0.055921335209512
0.7,LS_oracle,0.0553162132385616
0.7,LS_oracle,0.101627769899393
0.7,LS_oracle,0.0824041071638157
0.7,LS_oracle,-0.0045778045356506
0.7,LS_oracle,0.101382653317908
0.7,TS_oracle,0.206135726426491
0.7,TS_oracle,-0.0653723798372436
0.7,TS_oracle,0.0777027547924694
0.7,TS_oracle,0.126659847179391
0.7,TS_oracle,0.0466229687601323
0.7,TS_oracle,0.0492579593150764
0.7,TS_oracle,0.0589396262974891
0.7,TS_oracle,0.0944704245605987
0.7,TS_oracle,0.087955202388182
0.7,TS_oracle,0.00419465568380817
0.7,TS_oracle,0.0486429013593641
0.7,TS_oracle,0.0090230524719046
0.7,TS_oracle,0.0788323022188941
0.7,TS_oracle,0.000707447619808343
0.7,TS_oracle,-0.0192318339932298
0.7,TS_oracle,0.0915114558279144
0.7,TS_oracle,0.0692860843895373
0.7,TS_oracle,-0.0388622123982755
0.7,TS_oracle,0.00275426405372703
0.7,TS_oracle,0.0245644797373397
0.7,TS_oracle,0.00740319231073894
0.7,TS_oracle,0.0293114165860588
0.7,TS_oracle,0.00638373171029727
0.7,TS_oracle,0.0202903647556445
0.7,TS_oracle,0.00443776441658161
0.7,TS_oracle,0.1260764881435
0.7,TS_oracle,0.0663338774601374
0.7,TS_oracle,0.130567687694763
0.7,TS_oracle,0.0581228339730964
0.7,TS_oracle,0.079078390797191
0.7,TS_oracle,0.0325323152958816
0.7,TS_oracle,0.00650594828588491
0.7,TS_oracle,0.0702835901656576
0.7,TS_oracle,-0.0202253430363983
0.7,TS_oracle,0.0513113101732028
0.7,TS_oracle,0.00632031245898301
0.7,TS_oracle,0.119227376701965
0.7,TS_oracle,0.0407797798226852
0.7,TS_oracle,0.0481777286932712
0.7,TS_oracle,0.0838948362726344
0.7,TS_oracle,0.0975204286673046
0.7,TS_oracle,0.0559264876547194
0.7,TS_oracle,0.13150868640363
0.7,TS_oracle,0.0428657985553706
0.7,TS_oracle,0.0100217629216039
0.7,TS_oracle,0.118565246603889
0.7,TS_oracle,0.205891237345546
0.7,TS_oracle,0.0554333560722775
0.7,TS_oracle,0.0208565495111621
0.7,TS_oracle,0.0594328657022591
0.7,TS_oracle,0.11379120561164
0.7,TS_oracle,0.0745608453081481
0.7,TS_oracle,0.0223923320382613
0.7,TS_oracle,-0.00635471248962138
0.7,TS_oracle,0.000557731049357635
0.7,TS_oracle,0.127860353701289
0.7,TS_oracle,0.00688716035359715
0.7,TS_oracle,0.051161164885146
0.7,TS_oracle,-0.0095745775732895
0.7,TS_oracle,0.0476741666263749
0.7,TS_oracle,0.12345897841806
0.7,TS_oracle,0.10822473230903
0.7,TS_oracle,0.0672382991866298
0.7,TS_oracle,0.0893648024893512
0.7,TS_oracle,0.03840753542887
0.7,TS_oracle,0.0799453271018988
0.7,TS_oracle,0.128318182885507
0.7,TS_oracle,0.0935306906555076
0.7,TS_oracle,0.0930616616387185
0.7,TS_oracle,0.0306203085443126
0.7,TS_oracle,0.0344108341477283
0.7,TS_oracle,0.0989540478161699
0.7,TS_oracle,0.108092295978904
0.7,TS_oracle,0.065566021804323
0.7,TS_oracle,0.0456197282521531
0.7,TS_oracle,0.0531777868408798
0.7,TS_oracle,0.056877984296942
0.7,TS_oracle,0.025332357552194
0.7,TS_oracle,-0.0190103309773032
0.7,TS_oracle,0.10090193299513
0.7,TS_oracle,0.0859480260043621
0.7,TS_oracle,0.137993284787121
0.7,TS_oracle,-0.0271635544340976
0.7,TS_oracle,0.0744299728777371
0.7,TS_oracle,0.0284084896243695
0.7,TS_oracle,0.0809216917644848
0.7,TS_oracle,0.00189753587973862
0.7,TS_oracle,0.0433277278148785
0.7,TS_oracle,0.00362881560895345
0.7,TS_oracle,0.0543048509592736
0.7,TS_oracle,0.0741387148568069
0.7,TS_oracle,0.0878565201217976
0.7,TS_oracle,0.093814748379301
0.7,TS_oracle,0.0502734942400929
0.7,TS_oracle,0.017219956768511
0.7,TS_oracle,0.134662429278531
0.7,TS_oracle,0.115413263172554
0.7,TS_oracle,0.0370584513915506
0.7,TS_oracle,0.107745187399309
0.7,TS_oracle,-0.000181895950027711
0.7,TS_oracle,0.0574413915192087
0.7,TS_oracle,0.117438496726097
0.7,TS_oracle,0.0845202258368047
0.7,TS_oracle,0.0512389973869909
0.7,TS_oracle,-0.0262223080033597
0.7,TS_oracle,0.136018980541668
0.7,TS_oracle,0.0553921761243119
0.7,TS_oracle,-0.00768754886976153
0.7,TS_oracle,0.0639748344524718
0.7,TS_oracle,0.175422280812682
0.7,TS_oracle,0.0156216370895703
0.7,TS_oracle,-0.00968163552539847
0.7,TS_oracle,-0.0234047094083053
0.7,TS_oracle,0.0825925111119148
0.7,TS_oracle,0.0253061398512726
0.7,TS_oracle,0.154883195444029
0.7,TS_oracle,0.118632787293237
0.7,TS_oracle,-0.00115139514639839
0.7,TS_oracle,0.0772565958843467
0.7,TS_oracle,0.163648243658558
0.7,TS_oracle,0.0265416165689905
0.7,TS_oracle,0.0469625659047939
0.7,TS_oracle,0.0811766352986416
0.7,TS_oracle,0.0792717351655039
0.7,TS_oracle,0.0732108965259295
0.7,TS_oracle,0.00859667029066391
0.7,TS_oracle,0.0093919303768677
0.7,TS_oracle,0.0342305005712888
0.7,TS_oracle,0.0306244349236677
0.7,TS_oracle,0.0927257964079313
0.7,TS_oracle,0.125957101675063
0.7,TS_oracle,0.0646894769566897
0.7,TS_oracle,0.0797688249309576
0.7,TS_oracle,0.033798390646407
0.7,TS_oracle,0.0691579206171085
0.7,TS_oracle,0.117587148192835
0.7,TS_oracle,0.0225012913626803
0.7,TS_oracle,-0.0257825678941183
0.7,TS_oracle,-0.0594472488282819
0.7,TS_oracle,0.0820835058594773
0.7,TS_oracle,0.040069160264997
0.7,TS_oracle,0.00869829847953918
0.7,TS_oracle,0.0336690842267953
0.7,TS_oracle,0.0130128497950186
0.7,TS_oracle,-0.0224037208522292
0.7,TS_oracle,0.089093925905027
0.7,TS_oracle,0.0705401138604016
0.7,TS_oracle,0.0458335266231282
0.7,TS_oracle,0.0306468122837493
0.7,TS_oracle,0.0568597851998347
0.7,TS_oracle,0.0487879137305407
0.7,TS_oracle,0.0658250330242776
0.7,TS_oracle,0.0635456394556628
0.7,TS_oracle,0.0833488381299359
0.7,TS_oracle,0.0697146877203367
0.7,TS_oracle,0.103141178413758
0.7,TS_oracle,0.0462232931719235
0.7,TS_oracle,0.0906150621405002
0.7,TS_oracle,0.0444743702409702
0.7,TS_oracle,0.0066871798225796
0.7,TS_oracle,0.0914559672224426
0.7,TS_oracle,0.0704308411593459
0.7,TS_oracle,0.127858545960989
0.7,TS_oracle,0.0118401385001183
0.7,TS_oracle,0.152990240656153
0.7,TS_oracle,0.00526976896316222
0.7,TS_oracle,0.174704228225024
0.7,TS_oracle,0.0416790440930144
0.7,TS_oracle,0.0476524625047989
0.7,TS_oracle,0.0714777664943786
0.7,TS_oracle,0.0855092035336309
0.7,TS_oracle,-0.045226729725498
0.7,TS_oracle,0.0818653738206887
0.7,TS_oracle,0.0635591267401352
0.7,TS_oracle,0.010359771179091
0.7,TS_oracle,0.0168933190868696
0.7,TS_oracle,-0.0335759472839876
0.7,TS_oracle,0.0897794947316348
0.7,TS_oracle,0.186182484681849
0.7,TS_oracle,0.10828027275285
0.7,TS_oracle,0.0401439343739063
0.7,TS_oracle,0.0649645697521237
0.7,TS_oracle,0.0312093543135998
0.7,TS_oracle,-0.0226203268351213
0.7,TS_oracle,0.0547088374250679
0.7,TS_oracle,0.0439554342779547
0.7,TS_oracle,0.0136934956036316
0.7,TS_oracle,0.117633391692891
0.7,TS_oracle,0.0506297803996438
0.7,TS_oracle,0.100439878665162
0.7,TS_oracle,-0.0344158908441415
0.7,TS_oracle,0.0878978986727892
0.7,TS_oracle,0.122768287016403
0.7,TS_oracle,0.0932914775863485
0.7,TS_oracle,0.0482134601311583
0.7,TS_oracle,0.0558475939821064
0.7,TS_oracle,0.082541630305998
0.7,TS_oracle,0.0893676163491637
0.7,TS_oracle,-0.00287091174808518
0.7,TS_oracle,0.0833150202137996
0.8,PLS,0.162158962382592
0.8,PLS,0.0228151278724604
0.8,PLS,0.104760530974031
0.8,PLS,0.0939450612115829
0.8,PLS,0.0697227814399641
0.8,PLS,0.0598468229808615
0.8,PLS,-0.0274577034321514
0.8,PLS,0.165546574333225
0.8,PLS,-0.0699104773749674
0.8,PLS,0.039958945689399
0.8,PLS,0.0838603760422345
0.8,PLS,0.0383269614722719
0.8,PLS,0.0694592422600198
0.8,PLS,0.172903390258981
0.8,PLS,-0.00133708224097651
0.8,PLS,0.101015630403475
0.8,PLS,0.0376534803451229
0.8,PLS,0.0965060550586121
0.8,PLS,-0.0808858454477475
0.8,PLS,0.0992072822407375
0.8,PLS,0.0928950455028907
0.8,PLS,0.116551067860784
0.8,PLS,-0.0142839548449858
0.8,PLS,0.031655284517246
0.8,PLS,0.0930776632870853
0.8,PLS,0.0452336925205892
0.8,PLS,0.105828087451295
0.8,PLS,0.00335418313511671
0.8,PLS,0.0148213859871924
0.8,PLS,0.0600920912500293
0.8,PLS,0.160504929728361
0.8,PLS,0.0288530634142861
0.8,PLS,0.152699728560608
0.8,PLS,0.0645595831466013
0.8,PLS,0.0604826078354732
0.8,PLS,0.115080694252201
0.8,PLS,0.0809155153648449
0.8,PLS,0.0529979287834323
0.8,PLS,0.0901711444143991
0.8,PLS,0.013176569291907
0.8,PLS,0.0149987071374917
0.8,PLS,0.0931752552592353
0.8,PLS,0.122475717338417
0.8,PLS,0.0350660750528919
0.8,PLS,0.0572048002838412
0.8,PLS,0.0190399386286422
0.8,PLS,0.0432043112315097
0.8,PLS,0.06067540839427
0.8,PLS,0.137822905768455
0.8,PLS,0.107334085413086
0.8,PLS,0.0535132195020631
0.8,PLS,0.0801223872965149
0.8,PLS,0.087089721840192
0.8,PLS,0.138228822893618
0.8,PLS,0.0351095143704998
0.8,PLS,0.0475065299271464
0.8,PLS,0.0152196227467405
0.8,PLS,0.0381374247982791
0.8,PLS,0.132498500831508
0.8,PLS,0.112315251933437
0.8,PLS,0.0675350098491547
0.8,PLS,0.0180352434162734
0.8,PLS,0.0462225415630719
0.8,PLS,0.133841457836769
0.8,PLS,0.0800092662206244
0.8,PLS,-0.00865311002287317
0.8,PLS,0.0281687977465133
0.8,PLS,-0.0793500842097952
0.8,PLS,0.130211451805505
0.8,PLS,0.0879102355726262
0.8,PLS,0.148462095841762
0.8,PLS,0.117467790826252
0.8,PLS,0.0729149243667684
0.8,PLS,0.0522911786724212
0.8,PLS,0.11672840088292
0.8,PLS,0.123494103949343
0.8,PLS,-0.0157418401962665
0.8,PLS,0.00269451543454124
0.8,PLS,0.0235474636909279
0.8,PLS,0.0767762364978275
0.8,PLS,0.0907105946824249
0.8,PLS,-0.00144277165616336
0.8,PLS,0.0102141172446615
0.8,PLS,0.00916415679513038
0.8,PLS,0.0168155314793181
0.8,PLS,0.08355648339116
0.8,PLS,0.0740201155341147
0.8,PLS,0.0383224072201109
0.8,PLS,0.103566522157595
0.8,PLS,0.115423948446526
0.8,PLS,-0.00908531139790913
0.8,PLS,0.0140230663924783
0.8,PLS,0.121743962731581
0.8,PLS,0.112933762571521
0.8,PLS,0.0984349271454743
0.8,PLS,0.143150568745108
0.8,PLS,0.00936086352016652
0.8,PLS,0.096183244698028
0.8,PLS,0.093225090144575
0.8,PLS,0.0198664795890242
0.8,PLS,0.0397835483810658
0.8,PLS,0.00212816897122026
0.8,PLS,-0.0476461605485951
0.8,PLS,0.0957370114441707
0.8,PLS,0.108819031141373
0.8,PLS,0.0301086207581698
0.8,PLS,0.0457929239730379
0.8,PLS,0.0474119151000851
0.8,PLS,0.0843140896691879
0.8,PLS,0.199698835778562
0.8,PLS,0.0613988980571538
0.8,PLS,0.111817565656551
0.8,PLS,-0.0222886722246415
0.8,PLS,0.0627742192563676
0.8,PLS,0.011033171758245
0.8,PLS,0.101476604450787
0.8,PLS,0.0163214265594358
0.8,PLS,0.154208638803153
0.8,PLS,0.146547989614471
0.8,PLS,0.0973155004202177
0.8,PLS,0.0896833289882257
0.8,PLS,0.011612051080407
0.8,PLS,0.0369832476033112
0.8,PLS,0.104903631507723
0.8,PLS,0.00507503242757634
0.8,PLS,0.0455144490269599
0.8,PLS,0.121069135555796
0.8,PLS,0.0603596395061874
0.8,PLS,0.12688774182853
0.8,PLS,-0.00947747392233611
0.8,PLS,0.147782443541132
0.8,PLS,0.112814580838082
0.8,PLS,0.0196017946824925
0.8,PLS,0.0386328677414034
0.8,PLS,-0.0308842341622008
0.8,PLS,0.0813522768164279
0.8,PLS,0.0257703602795469
0.8,PLS,-0.0397924615173453
0.8,PLS,0.0647761073374999
0.8,PLS,0.118109291418082
0.8,PLS,0.14358164617666
0.8,PLS,0.117031870822982
0.8,PLS,-0.00443844692251749
0.8,PLS,0.0351783357534574
0.8,PLS,0.102861766872055
0.8,PLS,-0.0133879033498299
0.8,PLS,0.0138852607444511
0.8,PLS,0.041055026477089
0.8,PLS,0.156915706279753
0.8,PLS,0.140104635554744
0.8,PLS,0.0368617896190806
0.8,PLS,0.101752641872652
0.8,PLS,0.15824175719834
0.8,PLS,0.0471926388464419
0.8,PLS,0.0221680148621648
0.8,PLS,0.138552801924809
0.8,PLS,0.0585545511230796
0.8,PLS,0.120216045288056
0.8,PLS,0.0641070305449418
0.8,PLS,0.116974716426095
0.8,PLS,0.157477386947471
0.8,PLS,0.0553039339056902
0.8,PLS,0.00818097955635189
0.8,PLS,-0.00910335569718057
0.8,PLS,-0.0377986175692879
0.8,PLS,-0.0891203697592843
0.8,PLS,-0.0438893842081592
0.8,PLS,0.1946254909592
0.8,PLS,-0.0354117286994919
0.8,PLS,0.00213802606381752
0.8,PLS,0.0262224221990377
0.8,PLS,0.0278654817798083
0.8,PLS,-0.0398876414682616
0.8,PLS,0.0607243493609719
0.8,PLS,0.0677251455502732
0.8,PLS,0.175750753379095
0.8,PLS,0.0858410897337596
0.8,PLS,0.0946193711134484
0.8,PLS,0.112876457121411
0.8,PLS,0.0654115077190012
0.8,PLS,0.136458020622969
0.8,PLS,0.123695060607144
0.8,PLS,0.109263469169085
0.8,PLS,0.158867415393238
0.8,PLS,0.0712187845636176
0.8,PLS,0.128078450442195
0.8,PLS,0.155810086211372
0.8,PLS,0.0511391957173111
0.8,PLS,0.0961207414948495
0.8,PLS,0.0777325996332094
0.8,PLS,0.0327480137057521
0.8,PLS,0.0691875682329124
0.8,PLS,0.106743427846286
0.8,PLS,0.0690002915996342
0.8,PLS,-0.00249534026564624
0.8,PLS,0.034992202189791
0.8,PLS,0.138067967563225
0.8,PLS,0.151117319460063
0.8,PLS,0.0324308794610066
0.8,PLS,0.124531213702185
0.8,fTS,0.16057902212225
0.8,fTS,0.0149387626206567
0.8,fTS,0.0784677746525659
0.8,fTS,0.101006829405056
0.8,fTS,0.0714408107842481
0.8,fTS,0.0607291667018208
0.8,fTS,-0.0370648601952118
0.8,fTS,0.144479033225262
0.8,fTS,-0.079719787539868
0.8,fTS,0.0373880397257327
0.8,fTS,0.0856685236758543
0.8,fTS,0.0277832310351833
0.8,fTS,0.0775454806541784
0.8,fTS,0.150756548675836
0.8,fTS,-0.00660563747036147
0.8,fTS,0.0847022604818626
0.8,fTS,0.0217891567393651
0.8,fTS,0.0765517305774572
0.8,fTS,-0.0807630340977833
0.8,fTS,0.0832739213188443
0.8,fTS,0.0900858496359451
0.8,fTS,0.112526080806818
0.8,fTS,-0.0222060338195885
0.8,fTS,0.0233289237217087
0.8,fTS,0.0840810587598513
0.8,fTS,0.0252491856974721
0.8,fTS,0.107135646923506
0.8,fTS,-0.0103039495086068
0.8,fTS,0.0118282515566275
0.8,fTS,0.0549202610915747
0.8,fTS,0.152980118383596
0.8,fTS,0.0361237998476782
0.8,fTS,0.142326822660067
0.8,fTS,0.0656257831438314
0.8,fTS,0.06055449880967
0.8,fTS,0.103655644760373
0.8,fTS,0.0589873607873765
0.8,fTS,0.0430070301107186
0.8,fTS,0.0941955063500739
0.8,fTS,0.00663846779644661
0.8,fTS,0.0130155168806112
0.8,fTS,0.0535636631835876
0.8,fTS,0.122814227153714
0.8,fTS,0.0211029252417112
0.8,fTS,0.0519306738405869
0.8,fTS,0.0204764852770549
0.8,fTS,0.0444032206619609
0.8,fTS,0.0648654243817226
0.8,fTS,0.121913206490813
0.8,fTS,0.110152809547081
0.8,fTS,0.0421723010081327
0.8,fTS,0.0606737718968304
0.8,fTS,0.0816970210371761
0.8,fTS,0.136783320600885
0.8,fTS,0.0289487580165553
0.8,fTS,0.0533180931665804
0.8,fTS,0.0106823949095589
0.8,fTS,0.0199815406608463
0.8,fTS,0.131368552296879
0.8,fTS,0.0892728169450214
0.8,fTS,0.0650306343322824
0.8,fTS,-0.00190592798024158
0.8,fTS,0.0504786587137536
0.8,fTS,0.108511020687253
0.8,fTS,0.0541755988638144
0.8,fTS,-0.00682286601620863
0.8,fTS,0.0391190168215576
0.8,fTS,-0.071638823868143
0.8,fTS,0.126812730495133
0.8,fTS,0.0915058169769503
0.8,fTS,0.122326334693454
0.8,fTS,0.105107119908962
0.8,fTS,0.0610380240339157
0.8,fTS,0.0431662400310622
0.8,fTS,0.103209925725627
0.8,fTS,0.127680912318189
0.8,fTS,-0.021513251837332
0.8,fTS,0.00696253151886128
0.8,fTS,0.0236280340384338
0.8,fTS,0.0643999300631475
0.8,fTS,0.0864468735506594
0.8,fTS,-0.00893963913208307
0.8,fTS,0.0144517973075322
0.8,fTS,0.0042255690785038
0.8,fTS,0.0131707723909997
0.8,fTS,0.0700361804024228
0.8,fTS,0.04008935314603
0.8,fTS,0.0435582902215825
0.8,fTS,0.098837891388496
0.8,fTS,0.118972758730764
0.8,fTS,-0.00669195770800546
0.8,fTS,0.00538497378418024
0.8,fTS,0.118865288840948
0.8,fTS,0.110754118550964
0.8,fTS,0.0944392605377411
0.8,fTS,0.147827701841583
0.8,fTS,-0.00263512515200093
0.8,fTS,0.0953283479426896
0.8,fTS,0.0817847524912854
0.8,fTS,0.0107893739070792
0.8,fTS,0.0386409566423602
0.8,fTS,0.00436918470032999
0.8,fTS,-0.0465308604657768
0.8,fTS,0.0877207419380186
0.8,fTS,0.0990340376620062
0.8,fTS,0.0340528106460469
0.8,fTS,0.0366450923823571
0.8,fTS,0.0126889597903399
0.8,fTS,0.0691760541441619
0.8,fTS,0.165844968039161
0.8,fTS,0.053020071855632
0.8,fTS,0.0992677261963799
0.8,fTS,-0.0359821196356984
0.8,fTS,0.050956596886969
0.8,fTS,0.0186728660377358
0.8,fTS,0.100376612853849
0.8,fTS,0.0142517075724631
0.8,fTS,0.136585665294425
0.8,fTS,0.142897600417278
0.8,fTS,0.107769237686488
0.8,fTS,0.0780023063757684
0.8,fTS,0.00473813669589229
0.8,fTS,0.0401019396423903
0.8,fTS,0.0877444654476209
0.8,fTS,0.00562826333049782
0.8,fTS,0.0270320724244473
0.8,fTS,0.127210738113255
0.8,fTS,0.0711375881797462
0.8,fTS,0.122207779946881
0.8,fTS,-0.00570560495966699
0.8,fTS,0.126533943476703
0.8,fTS,0.101870218825246
0.8,fTS,0.0166568781030327
0.8,fTS,0.0387842606355984
0.8,fTS,-0.0306042994996271
0.8,fTS,0.0770708324169591
0.8,fTS,0.0258690646232664
0.8,fTS,-0.0406984656336604
0.8,fTS,0.0558453381289723
0.8,fTS,0.122432652483406
0.8,fTS,0.144975111218028
0.8,fTS,0.122451876225658
0.8,fTS,-0.000273649777225771
0.8,fTS,0.0293310511038174
0.8,fTS,0.103444406480146
0.8,fTS,-0.0209380539280055
0.8,fTS,0.000161437211150695
0.8,fTS,0.0439953017248267
0.8,fTS,0.15901287213772
0.8,fTS,0.143957417802308
0.8,fTS,0.0365015393278856
0.8,fTS,0.0966241258251048
0.8,fTS,0.138722030090298
0.8,fTS,0.0465449886261184
0.8,fTS,0.0206846905704341
0.8,fTS,0.121406176188134
0.8,fTS,0.0475740444442205
0.8,fTS,0.121033705894822
0.8,fTS,0.0613880032337768
0.8,fTS,0.116463620857125
0.8,fTS,0.149681881575452
0.8,fTS,0.0626320960915834
0.8,fTS,0.0166089489881414
0.8,fTS,-0.00633381473801253
0.8,fTS,-0.0372169403962256
0.8,fTS,-0.0848308241972607
0.8,fTS,-0.0421337340239269
0.8,fTS,0.178383253972795
0.8,fTS,-0.0447109779750994
0.8,fTS,0.011870854316117
0.8,fTS,0.0374453362255383
0.8,fTS,0.0128981383692728
0.8,fTS,-0.0423283332779013
0.8,fTS,0.0465989276326919
0.8,fTS,0.0677920886186401
0.8,fTS,0.1748986052954
0.8,fTS,0.0955764388976132
0.8,fTS,0.0734187881908752
0.8,fTS,0.101947954963312
0.8,fTS,0.0410751160287171
0.8,fTS,0.112895066895369
0.8,fTS,0.123118711305251
0.8,fTS,0.0962820251115537
0.8,fTS,0.158222832286668
0.8,fTS,0.065264429850298
0.8,fTS,0.129301618924773
0.8,fTS,0.15271316680122
0.8,fTS,0.0459203821406426
0.8,fTS,0.0903326104430382
0.8,fTS,0.069832997037484
0.8,fTS,0.0191972966291045
0.8,fTS,0.0622218440247773
0.8,fTS,0.11054052149113
0.8,fTS,0.0244194921465504
0.8,fTS,-0.00115906554070833
0.8,fTS,0.0281533326932426
0.8,fTS,0.137843951785782
0.8,fTS,0.149616284489537
0.8,fTS,0.0340222578099623
0.8,fTS,0.1183909646556
0.8,LS_oracle,0.162273033018488
0.8,LS_oracle,0.0230772402674084
0.8,LS_oracle,0.105136633758552
0.8,LS_oracle,0.0943957808334903
0.8,LS_oracle,0.0697287298978397
0.8,LS_oracle,0.060033787978734
0.8,LS_oracle,-0.027397896623526
0.8,LS_oracle,0.165435266988021
0.8,LS_oracle,-0.0671956047813027
0.8,LS_oracle,0.0402270013381076
0.8,LS_oracle,0.0862557948668481
0.8,LS_oracle,0.0382640161412886
0.8,LS_oracle,0.0694564590871554
0.8,LS_oracle,0.172907688956188
0.8,LS_oracle,5.52930417205832e-05
0.8,LS_oracle,0.101059402281188
0.8,LS_oracle,0.0358480602301887
0.8,LS_oracle,0.0955449153327352
0.8,LS_oracle,-0.0810337845268945
0.8,LS_oracle,0.0954936938694011
0.8,LS_oracle,0.0933617129128805
0.8,LS_oracle,0.116495356967726
0.8,LS_oracle,-0.0140257165446165
0.8,LS_oracle,0.032399895919351
0.8,LS_oracle,0.0936465699563733
0.8,LS_oracle,0.0459784541869304
0.8,LS_oracle,0.1058878156071
0.8,LS_oracle,0.00315044165059808
0.8,LS_oracle,0.0151634841184398
0.8,LS_oracle,0.0600008715725091
0.8,LS_oracle,0.160447609277991
0.8,LS_oracle,0.0283917611418216
0.8,LS_oracle,0.152893299403643
0.8,LS_oracle,0.0631990397623072
0.8,LS_oracle,0.0604739760895732
0.8,LS_oracle,0.114935666935176
0.8,LS_oracle,0.0816392243309316
0.8,LS_oracle,0.052840950179311
0.8,LS_oracle,0.0907167384475291
0.8,LS_oracle,0.0135120053482372
0.8,LS_oracle,0.0150039386539227
0.8,LS_oracle,0.0926757774003715
0.8,LS_oracle,0.122574932590356
0.8,LS_oracle,0.0346273851728904
0.8,LS_oracle,0.0569108115042185
0.8,LS_oracle,0.019156221786732
0.8,LS_oracle,0.0433035057897937
0.8,LS_oracle,0.0609189857666519
0.8,LS_oracle,0.132153139778204
0.8,LS_oracle,0.110118387571146
0.8,LS_oracle,0.0537641613533377
0.8,LS_oracle,0.0800226687779759
0.8,LS_oracle,0.0870905502379902
0.8,LS_oracle,0.138132275230548
0.8,LS_oracle,0.0350857068296535
0.8,LS_oracle,0.0476943580733551
0.8,LS_oracle,0.0141721356284565
0.8,LS_oracle,0.038116244390344
0.8,LS_oracle,0.132974771938678
0.8,LS_oracle,0.112267482733962
0.8,LS_oracle,0.0689021855943588
0.8,LS_oracle,0.0180030878442115
0.8,LS_oracle,0.0463094806447484
0.8,LS_oracle,0.133567929998512
0.8,LS_oracle,0.0785743913388057
0.8,LS_oracle,-0.00804128213236921
0.8,LS_oracle,0.0245065145312349
0.8,LS_oracle,-0.0795651018072419
0.8,LS_oracle,0.130792851386867
0.8,LS_oracle,0.0879494373787055
0.8,LS_oracle,0.148467198492368
0.8,LS_oracle,0.115379676557855
0.8,LS_oracle,0.0719364291530291
0.8,LS_oracle,0.0529104717832731
0.8,LS_oracle,0.116653050563336
0.8,LS_oracle,0.125262967052461
0.8,LS_oracle,-0.0146232736832866
0.8,LS_oracle,0.00270613166385836
0.8,LS_oracle,0.0236803270306953
0.8,LS_oracle,0.0761601448125728
0.8,LS_oracle,0.090217684171241
0.8,LS_oracle,-0.00360254882768385
0.8,LS_oracle,0.010240170640027
0.8,LS_oracle,0.00930367201256521
0.8,LS_oracle,0.0158145846876623
0.8,LS_oracle,0.0840547459190162
0.8,LS_oracle,0.0745145204093636
0.8,LS_oracle,0.037634477919436
0.8,LS_oracle,0.103678107650475
0.8,LS_oracle,0.1136109487142
0.8,LS_oracle,-0.00889109261926269
0.8,LS_oracle,0.0166647157968991
0.8,LS_oracle,0.121196160523458
0.8,LS_oracle,0.112693982766428
0.8,LS_oracle,0.0984557447505481
0.8,LS_oracle,0.143645531494872
0.8,LS_oracle,0.00871415543910814
0.8,LS_oracle,0.0956315430183128
0.8,LS_oracle,0.0874815165751406
0.8,LS_oracle,0.0198709495452871
0.8,LS_oracle,0.0395929166787732
0.8,LS_oracle,0.00598542076666875
0.8,LS_oracle,-0.0476479673511007
0.8,LS_oracle,0.0957827053080604
0.8,LS_oracle,0.108566285654022
0.8,LS_oracle,0.0305712107004426
0.8,LS_oracle,0.045704374471246
0.8,LS_oracle,0.0464585266995161
0.8,LS_oracle,0.0836508895869215
0.8,LS_oracle,0.175879801396548
0.8,LS_oracle,0.0594112982461772
0.8,LS_oracle,0.111935592763443
0.8,LS_oracle,-0.0186115526733175
0.8,LS_oracle,0.0626472114281622
0.8,LS_oracle,0.0102734878282496
0.8,LS_oracle,0.101301918798725
0.8,LS_oracle,0.0162298214020498
0.8,LS_oracle,0.154212738653008
0.8,LS_oracle,0.145598016219179
0.8,LS_oracle,0.0974249183990537
0.8,LS_oracle,0.0888045848580035
0.8,LS_oracle,0.0121145271863397
0.8,LS_oracle,0.0369900302243282
0.8,LS_oracle,0.105892347173526
0.8,LS_oracle,0.00417615001830307
0.8,LS_oracle,0.0453201291371232
0.8,LS_oracle,0.123405178993704
0.8,LS_oracle,0.0609609099078778
0.8,LS_oracle,0.126840142143924
0.8,LS_oracle,-0.00954468806442721
0.8,LS_oracle,0.147974935700259
0.8,LS_oracle,0.105359083901917
0.8,LS_oracle,0.0192767247136696
0.8,LS_oracle,0.0388168872282078
0.8,LS_oracle,-0.0316372028093868
0.8,LS_oracle,0.0830551432468363
0.8,LS_oracle,0.0253787881697374
0.8,LS_oracle,-0.0399940314925772
0.8,LS_oracle,0.0649327596574045
0.8,LS_oracle,0.117799244768561
0.8,LS_oracle,0.143131057177931
0.8,LS_oracle,0.11720066544317
0.8,LS_oracle,-0.00518920334433992
0.8,LS_oracle,0.0353802480668914
0.8,LS_oracle,0.102509301819628
0.8,LS_oracle,-0.0130769604575778
0.8,LS_oracle,0.0132566097710962
0.8,LS_oracle,0.0410174808993899
0.8,LS_oracle,0.158104151016255
0.8,LS_oracle,0.140455153565587
0.8,LS_oracle,0.0326217543073382
0.8,LS_oracle,0.10216594065053
0.8,LS_oracle,0.159304159726381
0.8,LS_oracle,0.0479265225432135
0.8,LS_oracle,0.0218846649286093
0.8,LS_oracle,0.138509111961673
0.8,LS_oracle,0.0588295460907122
0.8,LS_oracle,0.120193450256694
0.8,LS_oracle,0.0643743844471294
0.8,LS_oracle,0.116802504498544
0.8,LS_oracle,0.157149012812552
0.8,LS_oracle,0.0548276520583588
0.8,LS_oracle,0.0084476735613852
0.8,LS_oracle,-0.0104218933375292
0.8,LS_oracle,-0.0378197101064355
0.8,LS_oracle,-0.0885566451940464
0.8,LS_oracle,-0.0444461268603393
0.8,LS_oracle,0.195459549134928
0.8,LS_oracle,-0.035682811735359
0.8,LS_oracle,0.00195758629314535
0.8,LS_oracle,0.0266215648725641
0.8,LS_oracle,0.0275722858611278
0.8,LS_oracle,-0.0401739628106904
0.8,LS_oracle,0.0598073696422934
0.8,LS_oracle,0.0675809982864719
0.8,LS_oracle,0.17808373894622
0.8,LS_oracle,0.0858428073704609
0.8,LS_oracle,0.0938193232890956
0.8,LS_oracle,0.112797045658482
0.8,LS_oracle,0.0652844096969194
0.8,LS_oracle,0.136323179092321
0.8,LS_oracle,0.123826694529699
0.8,LS_oracle,0.110419574053472
0.8,LS_oracle,0.158132896121022
0.8,LS_oracle,0.071077752302553
0.8,LS_oracle,0.128950141321025
0.8,LS_oracle,0.155220716443878
0.8,LS_oracle,0.0510850778113063
0.8,LS_oracle,0.0963925545467414
0.8,LS_oracle,0.0779818261275731
0.8,LS_oracle,0.032775974476382
0.8,LS_oracle,0.0697628945548212
0.8,LS_oracle,0.106687880746579
0.8,LS_oracle,0.0455856190072095
0.8,LS_oracle,-0.00299420327999567
0.8,LS_oracle,0.0352643851616889
0.8,LS_oracle,0.138274253862154
0.8,LS_oracle,0.149856006035122
0.8,LS_oracle,0.0323796771792597
0.8,LS_oracle,0.124780067416719
0.8,TS_oracle,0.160564225071013
0.8,TS_oracle,0.0149286865638774
0.8,TS_oracle,0.0785004997638881
0.8,TS_oracle,0.101052033746818
0.8,TS_oracle,0.0710609959479136
0.8,TS_oracle,0.0594348511958871
0.8,TS_oracle,-0.0371294824332828
0.8,TS_oracle,0.144092580955275
0.8,TS_oracle,-0.0796089265992587
0.8,TS_oracle,0.0375550051011537
0.8,TS_oracle,0.0858178901160427
0.8,TS_oracle,0.0278138143689721
0.8,TS_oracle,0.0758162563556872
0.8,TS_oracle,0.150754249683105
0.8,TS_oracle,-0.00591898273041469
0.8,TS_oracle,0.0857794266057736
0.8,TS_oracle,0.0219302060750632
0.8,TS_oracle,0.0764625773166037
0.8,TS_oracle,-0.0807692498227284
0.8,TS_oracle,0.0832825177437357
0.8,TS_oracle,0.0895343203072576
0.8,TS_oracle,0.112358743397472
0.8,TS_oracle,-0.0221981665474692
0.8,TS_oracle,0.0233598667596902
0.8,TS_oracle,0.0839741843399924
0.8,TS_oracle,0.0252470479114035
0.8,TS_oracle,0.107159162999756
0.8,TS_oracle,-0.0103051015165739
0.8,TS_oracle,0.0118600213102014
0.8,TS_oracle,0.0549238955406885
0.8,TS_oracle,0.152981302813134
0.8,TS_oracle,0.0362634796911685
0.8,TS_oracle,0.141813347273742
0.8,TS_oracle,0.0657243625907156
0.8,TS_oracle,0.0605226100436747
0.8,TS_oracle,0.103656285396729
0.8,TS_oracle,0.0588502536571902
0.8,TS_oracle,0.0427208757788582
0.8,TS_oracle,0.094194194201622
0.8,TS_oracle,0.00666413563825552
0.8,TS_oracle,0.0130100082647038
0.8,TS_oracle,0.0535519330402525
0.8,TS_oracle,0.12323315284968
0.8,TS_oracle,0.0211091117284543
0.8,TS_oracle,0.0518667200981711
0.8,TS_oracle,0.0203468846169079
0.8,TS_oracle,0.0453435104250386
0.8,TS_oracle,0.0646591726965262
0.8,TS_oracle,0.122080701643749
0.8,TS_oracle,0.110151424452273
0.8,TS_oracle,0.0422429434369973
0.8,TS_oracle,0.0591626885569134
0.8,TS_oracle,0.0818900738275361
0.8,TS_oracle,0.136744977163407
0.8,TS_oracle,0.028874755424865
0.8,TS_oracle,0.0533173977151526
0.8,TS_oracle,0.0104013006453194
0.8,TS_oracle,0.019841842986732
0.8,TS_oracle,0.131360449327368
0.8,TS_oracle,0.0893397127152014
0.8,TS_oracle,0.0650898039772521
0.8,TS_oracle,-0.00311680849286577
0.8,TS_oracle,0.0502834171156537
0.8,TS_oracle,0.108419178774724
0.8,TS_oracle,0.0542367714003491
0.8,TS_oracle,-0.00617004741671001
0.8,TS_oracle,0.0378084578445765
0.8,TS_oracle,-0.0716221327405033
0.8,TS_oracle,0.126867705583436
0.8,TS_oracle,0.0924696250089665
0.8,TS_oracle,0.122503345308419
0.8,TS_oracle,0.104938529685849
0.8,TS_oracle,0.0609809863661011
0.8,TS_oracle,0.0431801851848457
0.8,TS_oracle,0.103204417790077
0.8,TS_oracle,0.127860751563066
0.8,TS_oracle,-0.0213610603963557
0.8,TS_oracle,0.00608210657838648
0.8,TS_oracle,0.0236388535375953
0.8,TS_oracle,0.0642992016194472
0.8,TS_oracle,0.0864660317754875
0.8,TS_oracle,-0.0142620689906522
0.8,TS_oracle,0.0142333067651077
0.8,TS_oracle,0.00423159787450023
0.8,TS_oracle,0.0129227554504798
0.8,TS_oracle,0.0694002775438058
0.8,TS_oracle,0.0401968947854279
0.8,TS_oracle,0.0427098657970943
0.8,TS_oracle,0.0988372090980005
0.8,TS_oracle,0.117540812343048
0.8,TS_oracle,-0.00676553852174355
0.8,TS_oracle,0.00517599116939382
0.8,TS_oracle,0.118934607819663
0.8,TS_oracle,0.110164837554357
0.8,TS_oracle,0.0944450795611593
0.8,TS_oracle,0.146733772308504
0.8,TS_oracle,-0.00253757399643295
0.8,TS_oracle,0.0952857515333578
0.8,TS_oracle,0.0817805905794335
0.8,TS_oracle,0.0107837985537036
0.8,TS_oracle,0.0386585469159442
0.8,TS_oracle,0.00448168589092202
0.8,TS_oracle,-0.0465305582093914
0.8,TS_oracle,0.0878647369534835
0.8,TS_oracle,0.0988084833576226
0.8,TS_oracle,0.0339643063623625
0.8,TS_oracle,0.0357627244905621
0.8,TS_oracle,0.0126965257072804
0.8,TS_oracle,0.0691444610986101
0.8,TS_oracle,0.162469970067154
0.8,TS_oracle,0.0530596312977294
0.8,TS_oracle,0.099971137981407
0.8,TS_oracle,-0.0362845458745298
0.8,TS_oracle,0.0506565826532508
0.8,TS_oracle,0.0186824342042191
0.8,TS_oracle,0.10059503937244
0.8,TS_oracle,0.0141243791226136
0.8,TS_oracle,0.136425468471936
0.8,TS_oracle,0.142877041181406
0.8,TS_oracle,0.106805698263782
0.8,TS_oracle,0.0778902754127861
0.8,TS_oracle,0.00462492852013963
0.8,TS_oracle,0.0401026495811938
0.8,TS_oracle,0.087916698493459
0.8,TS_oracle,0.00562698213340518
0.8,TS_oracle,0.0274306928174104
0.8,TS_oracle,0.128740530268201
0.8,TS_oracle,0.0711311038308591
0.8,TS_oracle,0.121990765252898
0.8,TS_oracle,-0.00572261955536635
0.8,TS_oracle,0.126594714514505
0.8,TS_oracle,0.100717791588631
0.8,TS_oracle,0.0167121629041576
0.8,TS_oracle,0.0387526250692316
0.8,TS_oracle,-0.0306213536878764
0.8,TS_oracle,0.0775828109764078
0.8,TS_oracle,0.0261715711723192
0.8,TS_oracle,-0.040510133220919
0.8,TS_oracle,0.0558526867831646
0.8,TS_oracle,0.122432179093072
0.8,TS_oracle,0.143388036657786
0.8,TS_oracle,0.12224379522697
0.8,TS_oracle,0.000446127498881177
0.8,TS_oracle,0.0296755621846496
0.8,TS_oracle,0.103420722557711
0.8,TS_oracle,-0.0209522833699844
0.8,TS_oracle,0.000179720637882408
0.8,TS_oracle,0.0442825341789572
0.8,TS_oracle,0.158987686649193
0.8,TS_oracle,0.143945962726175
0.8,TS_oracle,0.0364943498302324
0.8,TS_oracle,0.0966476804517939
0.8,TS_oracle,0.138734219073422
0.8,TS_oracle,0.0466034448477537
0.8,TS_oracle,0.0206873161383021
0.8,TS_oracle,0.121401999553805
0.8,TS_oracle,0.0480692206767901
0.8,TS_oracle,0.121040903287806
0.8,TS_oracle,0.0614047477944211
0.8,TS_oracle,0.114722152500835
0.8,TS_oracle,0.149672140514487
0.8,TS_oracle,0.0626038063427676
0.8,TS_oracle,0.0165507687656323
0.8,TS_oracle,-0.00679167972268691
0.8,TS_oracle,-0.0374500708262248
0.8,TS_oracle,-0.0848756960884983
0.8,TS_oracle,-0.0421622038681969
0.8,TS_oracle,0.178374231240663
0.8,TS_oracle,-0.0445023600860032
0.8,TS_oracle,0.0115349692629565
0.8,TS_oracle,0.0375756291080038
0.8,TS_oracle,0.0127799556604549
0.8,TS_oracle,-0.0423397448746443
0.8,TS_oracle,0.0465812977487592
0.8,TS_oracle,0.06784029409283
0.8,TS_oracle,0.174889857679987
0.8,TS_oracle,0.0957927310533613
0.8,TS_oracle,0.0734202634051238
0.8,TS_oracle,0.101970230281901
0.8,TS_oracle,0.0410822901391803
0.8,TS_oracle,0.112971553346531
0.8,TS_oracle,0.123116983940373
0.8,TS_oracle,0.0965357847541535
0.8,TS_oracle,0.158226488871716
0.8,TS_oracle,0.0652851955316958
0.8,TS_oracle,0.129227545987214
0.8,TS_oracle,0.152779644155947
0.8,TS_oracle,0.0459281149369497
0.8,TS_oracle,0.0906188570788737
0.8,TS_oracle,0.0693555164758533
0.8,TS_oracle,0.0194473731631939
0.8,TS_oracle,0.0622846888021613
0.8,TS_oracle,0.110528901509128
0.8,TS_oracle,0.0248372665204493
0.8,TS_oracle,-0.00123925143198378
0.8,TS_oracle,0.028164772474367
0.8,TS_oracle,0.137874438936848
0.8,TS_oracle,0.148034895518098
0.8,TS_oracle,0.034051831684055
0.8,TS_oracle,0.118443349064703
0.9,PLS,-0.0149254567210233
0.9,PLS,0.1275775508686
0.9,PLS,0.12527780637733
0.9,PLS,0.156172526321896
0.9,PLS,0.0303438238464016
0.9,PLS,0.0233776315003775
0.9,PLS,0.00750778589708734
0.9,PLS,0.146300518998926
0.9,PLS,-0.0140130231423989
0.9,PLS,-0.0464112472046203
0.9,PLS,0.118388197374652
0.9,PLS,0.137955198433894
0.9,PLS,-0.0239733534854324
0.9,PLS,0.122269753209826
0.9,PLS,0.0630600954241116
0.9,PLS,0.0709851312767591
0.9,PLS,0.0010116867204506
0.9,PLS,0.0567973103964574
0.9,PLS,0.0689230340344384
0.9,PLS,-0.050899818839987
0.9,PLS,0.12929372424594
0.9,PLS,0.0672429831401467
0.9,PLS,0.0806251725844971
0.9,PLS,0.0175251827263612
0.9,PLS,0.0889781684759203
0.9,PLS,0.0668118139415834
0.9,PLS,0.0378026689449791
0.9,PLS,0.0835656741590509
0.9,PLS,0.155613975492117
0.9,PLS,-0.0176381126529298
0.9,PLS,0.10010780190486
0.9,PLS,0.0177310703282849
0.9,PLS,-0.0036241071028712
0.9,PLS,-0.0426875045677358
0.9,PLS,0.113526178381582
0.9,PLS,0.126934650511021
0.9,PLS,0.0087303076498837
0.9,PLS,0.119761239543313
0.9,PLS,0.203056918656504
0.9,PLS,0.0263475303199923
0.9,PLS,0.00517961875809214
0.9,PLS,0.0756845035304741
0.9,PLS,0.0767857872386852
0.9,PLS,0.106419774908747
0.9,PLS,0.027179913212485
0.9,PLS,0.111223118396278
0.9,PLS,0.151551713070986
0.9,PLS,0.0489076708743599
0.9,PLS,-0.0452220514938313
0.9,PLS,0.0423665424785664
0.9,PLS,0.103260469038057
0.9,PLS,0.0455949114901861
0.9,PLS,0.173055976416883
0.9,PLS,0.0790761281338075
0.9,PLS,0.0918334739942215
0.9,PLS,-0.0691536517271171
0.9,PLS,0.120107040343972
0.9,PLS,0.0583655019530809
0.9,PLS,0.108734932091386
0.9,PLS,0.0570288542653854
0.9,PLS,0.121190600655292
0.9,PLS,0.238992358740087
0.9,PLS,0.191817605042305
0.9,PLS,0.0640480864586137
0.9,PLS,0.0287670486047735
0.9,PLS,0.0437131476130594
0.9,PLS,0.00774974593234168
0.9,PLS,0.195186442215961
0.9,PLS,0.0500978359568078
0.9,PLS,0.0392697686856267
0.9,PLS,0.019777788492835
0.9,PLS,0.0663736952182523
0.9,PLS,0.180786540836731
0.9,PLS,-0.0184101104025552
0.9,PLS,-0.0278657507974825
0.9,PLS,0.0138445452448894
0.9,PLS,0.131079479135595
0.9,PLS,0.102135090783562
0.9,PLS,-0.0403530198523033
0.9,PLS,0.0316135554318691
0.9,PLS,0.0576108638230017
0.9,PLS,-0.082195633106801
0.9,PLS,0.0504235535066477
0.9,PLS,0.0832907643479039
0.9,PLS,0.0869238646055761
0.9,PLS,-0.0326460521581837
0.9,PLS,0.0926925771187022
0.9,PLS,0.0237843751753752
0.9,PLS,0.123641096437836
0.9,PLS,0.0204970614245585
0.9,PLS,0.0860865008519844
0.9,PLS,0.0384642147441825
0.9,PLS,-0.00768909300603593
0.9,PLS,0.0571817571745656
0.9,PLS,-0.010602373801336
0.9,PLS,0.0132311364183775
0.9,PLS,0.126466572125783
0.9,PLS,0.145857206151192
0.9,PLS,0.0838543540722863
0.9,PLS,-0.0185265941211136
0.9,PLS,0.209528369576021
0.9,PLS,0.0735486948742696
0.9,PLS,0.0800394493497518
0.9,PLS,0.0217913797101996
0.9,PLS,-0.0296845869708765
0.9,PLS,0.0689133250746734
0.9,PLS,0.115928755278224
0.9,PLS,0.122673597148124
0.9,PLS,0.000974194592932021
0.9,PLS,0.0857704433928261
0.9,PLS,0.0970741021792254
0.9,PLS,0.153421083912744
0.9,PLS,0.0181803209204026
0.9,PLS,0.0310767734483017
0.9,PLS,0.108546572056303
0.9,PLS,0.0464092238359639
0.9,PLS,0.0513998519501304
0.9,PLS,0.130964458307879
0.9,PLS,-0.0757719666810871
0.9,PLS,0.0451675611116937
0.9,PLS,0.136486791669197
0.9,PLS,0.0768204679064894
0.9,PLS,0.161946760654645
0.9,PLS,0.144264441542336
0.9,PLS,-0.0214794265997427
0.9,PLS,0.0752013500309636
0.9,PLS,0.173775543962802
0.9,PLS,0.115197071503877
0.9,PLS,0.0888476665611342
0.9,PLS,0.0582038794334214
0.9,PLS,0.0773851192604993
0.9,PLS,-0.0248229520314523
0.9,PLS,0.24371677326818
0.9,PLS,0.131553389919145
0.9,PLS,0.0463844921977834
0.9,PLS,-0.0150708916773064
0.9,PLS,-0.0196809064315878
0.9,PLS,0.079949103175242
0.9,PLS,0.0509259183852149
0.9,PLS,0.0981320676078496
0.9,PLS,-0.0437669982571774
0.9,PLS,0.0158264482130346
0.9,PLS,0.0811909745787016
0.9,PLS,0.0106970313169559
0.9,PLS,0.109676813235887
0.9,PLS,-0.0369551693399218
0.9,PLS,-0.0763373939296015
0.9,PLS,0.145225012675791
0.9,PLS,0.204778146807924
0.9,PLS,0.0863422857779574
0.9,PLS,0.0662375972066662
0.9,PLS,0.14870554165289
0.9,PLS,0.0753243869915428
0.9,PLS,0.0166247155135582
0.9,PLS,0.0787147611158134
0.9,PLS,0.173298546049072
0.9,PLS,0.0879095462413497
0.9,PLS,0.146623448650913
0.9,PLS,0.108255543626754
0.9,PLS,0.0270138959738548
0.9,PLS,0.0126580116699131
0.9,PLS,0.132008348972365
0.9,PLS,-0.0267752144124171
0.9,PLS,0.0637574519278175
0.9,PLS,0.0383685295126459
0.9,PLS,0.0693747682006745
0.9,PLS,0.0621970739272162
0.9,PLS,0.0253499216693034
0.9,PLS,0.0875654805470194
0.9,PLS,0.0715419883005446
0.9,PLS,0.0573922485919778
0.9,PLS,0.0650370903392421
0.9,PLS,0.0427577431083646
0.9,PLS,0.0894645575756154
0.9,PLS,0.0654574095097855
0.9,PLS,0.14459821566996
0.9,PLS,0.19467188763462
0.9,PLS,0.0528382476400486
0.9,PLS,0.0728395000182573
0.9,PLS,0.101389831794163
0.9,PLS,0.183384128969526
0.9,PLS,0.0821727871668005
0.9,PLS,0.105330781228677
0.9,PLS,0.143732637778611
0.9,PLS,-0.0794083226976674
0.9,PLS,-0.00905374777688828
0.9,PLS,0.0540813422508217
0.9,PLS,0.145942902593155
0.9,PLS,0.127713271000264
0.9,PLS,0.0676824131482874
0.9,PLS,0.0621328553621145
0.9,PLS,0.048787482900015
0.9,PLS,0.147904834806459
0.9,PLS,0.0722999551795485
0.9,PLS,0.0485268086902091
0.9,PLS,0.134278820341427
0.9,PLS,0.0600277569302277
0.9,PLS,-0.0189364878275438
0.9,PLS,0.133889814826396
0.9,PLS,0.125337824294791
0.9,fTS,-0.0199664836845734
0.9,fTS,0.116727932715956
0.9,fTS,0.111738606091599
0.9,fTS,0.157343495722752
0.9,fTS,0.0305045477862385
0.9,fTS,0.0173811864757611
0.9,fTS,0.000629837314519266
0.9,fTS,0.155516089411739
0.9,fTS,-0.0203288133412874
0.9,fTS,-0.0470269972754959
0.9,fTS,0.082718998142016
0.9,fTS,0.140100699649115
0.9,fTS,-0.0281101895702195
0.9,fTS,0.127792350224286
0.9,fTS,0.0676771134152934
0.9,fTS,0.0592196327068004
0.9,fTS,-0.00307258933948051
0.9,fTS,0.0500442838513406
0.9,fTS,0.063180368944312
0.9,fTS,-0.0523458920092307
0.9,fTS,0.0998539998200945
0.9,fTS,0.0550077416367232
0.9,fTS,0.0709135174814906
0.9,fTS,0.031552106937176
0.9,fTS,0.0926816317136285
0.9,fTS,0.0639934572931511
0.9,fTS,0.026181025121329
0.9,fTS,0.072283447608932
0.9,fTS,0.149473626426836
0.9,fTS,-0.0193650521415606
0.9,fTS,0.0955304402082835
0.9,fTS,0.0152579836740707
0.9,fTS,-0.0101901640770357
0.9,fTS,-0.051711693650756
0.9,fTS,0.107119936059752
0.9,fTS,0.108887019601323
0.9,fTS,-0.0032582991467065
0.9,fTS,0.113621938953128
0.9,fTS,0.179307786747226
0.9,fTS,0.0109964286206881
0.9,fTS,-0.00617824467136396
0.9,fTS,0.0734348290657849
0.9,fTS,0.0683640976192355
0.9,fTS,0.0915673479141046
0.9,fTS,0.0161238984912548
0.9,fTS,0.0931714469076583
0.9,fTS,0.132226301168508
0.9,fTS,0.0457388180091884
0.9,fTS,-0.0441462743840371
0.9,fTS,0.0446305341090705
0.9,fTS,0.102432761045084
0.9,fTS,0.0442357741550168
0.9,fTS,0.146546810706027
0.9,fTS,0.0630802544375597
0.9,fTS,0.0862646806455767
0.9,fTS,-0.071670827289753
0.9,fTS,0.113018950202985
0.9,fTS,0.0307671490249593
0.9,fTS,0.105910595400069
0.9,fTS,0.0588781330291219
0.9,fTS,0.125346903451063
0.9,fTS,0.226947367460522
0.9,fTS,0.17986006707161
0.9,fTS,0.0392040852605309
0.9,fTS,0.0207605936740447
0.9,fTS,0.0318422113581551
0.9,fTS,-0.000241468715840298
0.9,fTS,0.189684741239377
0.9,fTS,0.0403186098464559
0.9,fTS,0.0499324167997892
0.9,fTS,0.0308367932637006
0.9,fTS,0.0562234014054646
0.9,fTS,0.16854765626404
0.9,fTS,-0.0151330256851708
0.9,fTS,-0.0266370540968286
0.9,fTS,0.0203010792499336
0.9,fTS,0.11715494824989
0.9,fTS,0.0883482326092002
0.9,fTS,-0.0425282992047635
0.9,fTS,0.0369700059647387
0.9,fTS,0.0606880464982791
0.9,fTS,-0.0820909417988808
0.9,fTS,0.0488204954030804
0.9,fTS,0.0904455758638674
0.9,fTS,0.0740201027517025
0.9,fTS,-0.032921831648889
0.9,fTS,0.0813566549787672
0.9,fTS,0.0143873542753481
0.9,fTS,0.113968727179562
0.9,fTS,0.0153396953794327
0.9,fTS,0.0788239378072435
0.9,fTS,0.0503689975431463
0.9,fTS,-0.00543331003670522
0.9,fTS,0.0235312752422789
0.9,fTS,-0.0238245363222018
0.9,fTS,0.017004376676518
0.9,fTS,0.120807749070216
0.9,fTS,0.142062758421097
0.9,fTS,0.0848164197484924
0.9,fTS,-0.0172421420718656
0.9,fTS,0.20808945082747
0.9,fTS,0.0526641827120502
0.9,fTS,0.0824977313149167
0.9,fTS,0.0207031771217172
0.9,fTS,-0.038104836583074
0.9,fTS,0.06388031230533
0.9,fTS,0.0966214551895754
0.9,fTS,0.132717925153456
0.9,fTS,-0.00772064921373183
0.9,fTS,0.0873152392123646
0.9,fTS,0.0928973076137234
0.9,fTS,0.140834487696392
0.9,fTS,0.0123514723157334
0.9,fTS,0.0390319908560797
0.9,fTS,0.103010884306936
0.9,fTS,0.0104907485057699
0.9,fTS,0.0371609529494914
0.9,fTS,0.127458930800023
0.9,fTS,-0.0758185424831251
0.9,fTS,0.0357334417142605
0.9,fTS,0.123128147506531
0.9,fTS,0.0720341738621975
0.9,fTS,0.15749188691434
0.9,fTS,0.130490252978379
0.9,fTS,-0.0262920163277723
0.9,fTS,0.076148074741027
0.9,fTS,0.184518580134903
0.9,fTS,0.116568831915598
0.9,fTS,0.0848658723149702
0.9,fTS,0.057917550573451
0.9,fTS,0.0693591197752965
0.9,fTS,-0.0273315910067089
0.9,fTS,0.225697131481383
0.9,fTS,0.129892331427578
0.9,fTS,0.052353045990045
0.9,fTS,-0.0157753348909164
0.9,fTS,-0.0278180243488204
0.9,fTS,0.0793383085147261
0.9,fTS,0.052334771586491
0.9,fTS,0.0999798275754096
0.9,fTS,-0.0478773826703468
0.9,fTS,0.022318004936396
0.9,fTS,0.0797963698966784
0.9,fTS,0.0111295947006267
0.9,fTS,0.0814685284853929
0.9,fTS,-0.0458060053669666
0.9,fTS,-0.0789864144332783
0.9,fTS,0.128286550440945
0.9,fTS,0.198185146328607
0.9,fTS,0.0735126151096519
0.9,fTS,0.043832627390274
0.9,fTS,0.150703031866373
0.9,fTS,0.0760366163365758
0.9,fTS,0.0106925705203411
0.9,fTS,0.0689943259449044
0.9,fTS,0.161645999974484
0.9,fTS,0.0801031745224512
0.9,fTS,0.121800074313348
0.9,fTS,0.0933363186812608
0.9,fTS,0.0380174483500695
0.9,fTS,0.0106814271191826
0.9,fTS,0.135990494201701
0.9,fTS,-0.00314293359923989
0.9,fTS,0.060674747369972
0.9,fTS,0.0330963388002026
0.9,fTS,0.0679982920801703
0.9,fTS,0.0527323397336061
0.9,fTS,0.0280545353004964
0.9,fTS,0.095150336715256
0.9,fTS,0.0630718425876498
0.9,fTS,0.0488032813822621
0.9,fTS,0.070464568044438
0.9,fTS,0.048863256205639
0.9,fTS,0.0846612141765271
0.9,fTS,0.0455356971898642
0.9,fTS,0.140206862067012
0.9,fTS,0.190087026373803
0.9,fTS,0.0428411291017619
0.9,fTS,0.0599318991230438
0.9,fTS,0.086936797290136
0.9,fTS,0.177293047333539
0.9,fTS,0.0639998341975958
0.9,fTS,0.0968351234375688
0.9,fTS,0.139028722432709
0.9,fTS,-0.0971872022444961
0.9,fTS,-0.0108323311792955
0.9,fTS,0.0471850940821845
0.9,fTS,0.136324294612822
0.9,fTS,0.12406511940143
0.9,fTS,0.0564567867192838
0.9,fTS,0.0499888408005325
0.9,fTS,0.0372084074431231
0.9,fTS,0.1361172301917
0.9,fTS,0.0705597595964773
0.9,fTS,0.0422368341230526
0.9,fTS,0.115718693478695
0.9,fTS,0.0608686261823446
0.9,fTS,-0.0306492865986312
0.9,fTS,0.121515485375907
0.9,fTS,0.121128899283429
0.9,LS_oracle,-0.014809840386483
0.9,LS_oracle,0.128275167710357
0.9,LS_oracle,0.124986705277977
0.9,LS_oracle,0.15535053225879
0.9,LS_oracle,0.0290474387663551
0.9,LS_oracle,0.0233118599653301
0.9,LS_oracle,0.00753330123831808
0.9,LS_oracle,0.146822938007024
0.9,LS_oracle,-0.0138235623424219
0.9,LS_oracle,-0.0466407357951505
0.9,LS_oracle,0.117984838032557
0.9,LS_oracle,0.136412080679289
0.9,LS_oracle,-0.0280045428388372
0.9,LS_oracle,0.121887217329665
0.9,LS_oracle,0.062915132762456
0.9,LS_oracle,0.0699137803545717
0.9,LS_oracle,0.00240950352216829
0.9,LS_oracle,0.0568082301433921
0.9,LS_oracle,0.0688129814964715
0.9,LS_oracle,-0.0512750027705225
0.9,LS_oracle,0.129703093352145
0.9,LS_oracle,0.0658000435164969
0.9,LS_oracle,0.0803181845397247
0.9,LS_oracle,0.0172234037699488
0.9,LS_oracle,0.0889636289227762
0.9,LS_oracle,0.0660365819984363
0.9,LS_oracle,0.037558789061332
0.9,LS_oracle,0.0839133437537671
0.9,LS_oracle,0.155354104674609
0.9,LS_oracle,-0.0175795448719599
0.9,LS_oracle,0.100178508504181
0.9,LS_oracle,0.0176242208420976
0.9,LS_oracle,-0.00372440147846698
0.9,LS_oracle,-0.0430812441259384
0.9,LS_oracle,0.113874874378082
0.9,LS_oracle,0.128500520634938
0.9,LS_oracle,0.00398519521657481
0.9,LS_oracle,0.11957609862216
0.9,LS_oracle,0.202966292570791
0.9,LS_oracle,0.0225581425157697
0.9,LS_oracle,0.00397588950235894
0.9,LS_oracle,0.0759576464489995
0.9,LS_oracle,0.0777956789403911
0.9,LS_oracle,0.106741505891653
0.9,LS_oracle,0.026535611508312
0.9,LS_oracle,0.110635807479793
0.9,LS_oracle,0.15286268376884
0.9,LS_oracle,0.049814112258209
0.9,LS_oracle,-0.0450194924211229
0.9,LS_oracle,0.0440934401065891
0.9,LS_oracle,0.101640878426065
0.9,LS_oracle,0.0455277503348084
0.9,LS_oracle,0.172826412403543
0.9,LS_oracle,0.0787539307408953
0.9,LS_oracle,0.0927365907237623
0.9,LS_oracle,-0.0688878898957388
0.9,LS_oracle,0.120341003710264
0.9,LS_oracle,0.0553348937290838
0.9,LS_oracle,0.10880392717442
0.9,LS_oracle,0.0571547319572365
0.9,LS_oracle,0.121121304721324
0.9,LS_oracle,0.239024278447411
0.9,LS_oracle,0.191734869214716
0.9,LS_oracle,0.0644635184384919
0.9,LS_oracle,0.0290801405371677
0.9,LS_oracle,0.0438370502050998
0.9,LS_oracle,0.00781529000223191
0.9,LS_oracle,0.192228914387054
0.9,LS_oracle,0.049857399858221
0.9,LS_oracle,0.0390988555460947
0.9,LS_oracle,0.0197579439881344
0.9,LS_oracle,0.0657841324882089
0.9,LS_oracle,0.180653773951137
0.9,LS_oracle,-0.018211005044071
0.9,LS_oracle,-0.0283054948729325
0.9,LS_oracle,0.0150270278401701
0.9,LS_oracle,0.130893879084482
0.9,LS_oracle,0.0990130932118174
0.9,LS_oracle,-0.0399465029083163
0.9,LS_oracle,0.0312586211793604
0.9,LS_oracle,0.0573787684345035
0.9,LS_oracle,-0.0822478212439912
0.9,LS_oracle,0.0504161922311959
0.9,LS_oracle,0.0832879804851736
0.9,LS_oracle,0.0850851333774028
0.9,LS_oracle,-0.0325188008933159
0.9,LS_oracle,0.0884785662380758
0.9,LS_oracle,0.023672378961612
0.9,LS_oracle,0.123656143482087
0.9,LS_oracle,0.0216280444950794
0.9,LS_oracle,0.0858044115041086
0.9,LS_oracle,0.03857360914916
0.9,LS_oracle,-0.00783314720288775
0.9,LS_oracle,0.0574897760256554
0.9,LS_oracle,-0.0107434498852
0.9,LS_oracle,0.0130871646029425
0.9,LS_oracle,0.125431278938877
0.9,LS_oracle,0.145883981941064
0.9,LS_oracle,0.0848557147002185
0.9,LS_oracle,-0.018951733384849
0.9,LS_oracle,0.213366791927217
0.9,LS_oracle,0.073282182980329
0.9,LS_oracle,0.0793239174445817
0.9,LS_oracle,0.0218715866165922
0.9,LS_oracle,-0.0298161277875497
0.9,LS_oracle,0.068579028462487
0.9,LS_oracle,0.115979832809719
0.9,LS_oracle,0.123004790344058
0.9,LS_oracle,0.00100023598139787
0.9,LS_oracle,0.085843368843078
0.9,LS_oracle,0.0974517043898586
0.9,LS_oracle,0.152644263739543
0.9,LS_oracle,0.0172618004865703
0.9,LS_oracle,0.0324196766326095
0.9,LS_oracle,0.103311685392931
0.9,LS_oracle,0.0432824398851528
0.9,LS_oracle,0.0485999526277099
0.9,LS_oracle,0.130925581287169
0.9,LS_oracle,-0.0760097619674822
0.9,LS_oracle,0.0381678169590158
0.9,LS_oracle,0.136441278869907
0.9,LS_oracle,0.0767005173536399
0.9,LS_oracle,0.160838116362554
0.9,LS_oracle,0.144038949823853
0.9,LS_oracle,-0.020916229313339
0.9,LS_oracle,0.0752892926563573
0.9,LS_oracle,0.173154244039774
0.9,LS_oracle,0.115216789706919
0.9,LS_oracle,0.088876350352268
0.9,LS_oracle,0.0597551042702764
0.9,LS_oracle,0.0777099837245883
0.9,LS_oracle,-0.0307069580189139
0.9,LS_oracle,0.241648241765085
0.9,LS_oracle,0.131256161819077
0.9,LS_oracle,0.046554295526972
0.9,LS_oracle,-0.0154019428449313
0.9,LS_oracle,-0.020581523183418
0.9,LS_oracle,0.0806567193797652
0.9,LS_oracle,0.0511090840187665
0.9,LS_oracle,0.0993770561989273
0.9,LS_oracle,-0.0433845576323861
0.9,LS_oracle,0.0157119648222377
0.9,LS_oracle,0.079193609490761
0.9,LS_oracle,0.0107023560429633
0.9,LS_oracle,0.109746298563937
0.9,LS_oracle,-0.0366986696253679
0.9,LS_oracle,-0.0763376858082729
0.9,LS_oracle,0.145231634485021
0.9,LS_oracle,0.204738411852736
0.9,LS_oracle,0.0865597472464485
0.9,LS_oracle,0.066493967499081
0.9,LS_oracle,0.14967139611046
0.9,LS_oracle,0.0752471885922741
0.9,LS_oracle,0.0171181895971255
0.9,LS_oracle,0.0798433860890166
0.9,LS_oracle,0.170576603263377
0.9,LS_oracle,0.0892385045129358
0.9,LS_oracle,0.148287727578895
0.9,LS_oracle,0.109556812083437
0.9,LS_oracle,0.0266167953148528
0.9,LS_oracle,0.0126213181538102
0.9,LS_oracle,0.132136730283613
0.9,LS_oracle,-0.0263499121493571
0.9,LS_oracle,0.0638158523357131
0.9,LS_oracle,0.0376047501976227
0.9,LS_oracle,0.0698329716285218
0.9,LS_oracle,0.0605578510083449
0.9,LS_oracle,0.0253124140677685
0.9,LS_oracle,0.0876335169103872
0.9,LS_oracle,0.0713325035214334
0.9,LS_oracle,0.0574478790277215
0.9,LS_oracle,0.0650174546617892
0.9,LS_oracle,0.0431629450587603
0.9,LS_oracle,0.084573751204253
0.9,LS_oracle,0.066959996530741
0.9,LS_oracle,0.143839234585868
0.9,LS_oracle,0.194328457590027
0.9,LS_oracle,0.0528559487878069
0.9,LS_oracle,0.072998151678942
0.9,LS_oracle,0.10139036119898
0.9,LS_oracle,0.183256915977705
0.9,LS_oracle,0.0748179574413625
0.9,LS_oracle,0.105311296021868
0.9,LS_oracle,0.142398662330249
0.9,LS_oracle,-0.0792911673771081
0.9,LS_oracle,-0.00909675970597579
0.9,LS_oracle,0.0538518685492164
0.9,LS_oracle,0.145253825256301
0.9,LS_oracle,0.127796742982182
0.9,LS_oracle,0.0678895452873494
0.9,LS_oracle,0.0625716880707337
0.9,LS_oracle,0.0487304973662204
0.9,LS_oracle,0.147785257271116
0.9,LS_oracle,0.0720871808593895
0.9,LS_oracle,0.0488902104006912
0.9,LS_oracle,0.13447233704267
0.9,LS_oracle,0.0598733434799734
0.9,LS_oracle,-0.0185628979861387
0.9,LS_oracle,0.133734508827021
0.9,LS_oracle,0.125918583932479
0.9,TS_oracle,-0.0199728019673067
0.9,TS_oracle,0.116766297133818
0.9,TS_oracle,0.111721853872489
0.9,TS_oracle,0.157318607535852
0.9,TS_oracle,0.0273462381667857
0.9,TS_oracle,0.0173784649257192
0.9,TS_oracle,0.000631150310327122
0.9,TS_oracle,0.155516720976603
0.9,TS_oracle,-0.020325323747191
0.9,TS_oracle,-0.0470277159564049
0.9,TS_oracle,0.0827108843183413
0.9,TS_oracle,0.140097870093507
0.9,TS_oracle,-0.0286421668643793
0.9,TS_oracle,0.127641308819501
0.9,TS_oracle,0.0676794603512534
0.9,TS_oracle,0.0592152908898167
0.9,TS_oracle,-0.00306548875908097
0.9,TS_oracle,0.0499216345953533
0.9,TS_oracle,0.0631926569149777
0.9,TS_oracle,-0.0520781554497729
0.9,TS_oracle,0.100074683182591
0.9,TS_oracle,0.0549652750385228
0.9,TS_oracle,0.0709026493335068
0.9,TS_oracle,0.0308568141095376
0.9,TS_oracle,0.0926809332806173
0.9,TS_oracle,0.0639831393314712
0.9,TS_oracle,0.0261778709912204
0.9,TS_oracle,0.0718727232870273
0.9,TS_oracle,0.149478254956623
0.9,TS_oracle,-0.0191804608448632
0.9,TS_oracle,0.0955324899979022
0.9,TS_oracle,0.0146185716400928
0.9,TS_oracle,-0.0101907259833248
0.9,TS_oracle,-0.0517109109843314
0.9,TS_oracle,0.107162881483982
0.9,TS_oracle,0.108935680910488
0.9,TS_oracle,-0.00326248911028304
0.9,TS_oracle,0.113520798767847
0.9,TS_oracle,0.179419244893369
0.9,TS_oracle,0.0109509323473744
0.9,TS_oracle,-0.0062491573175113
0.9,TS_oracle,0.0734566642940568
0.9,TS_oracle,0.0680634160528923
0.9,TS_oracle,0.0915729132360126
0.9,TS_oracle,0.0158964655144558
0.9,TS_oracle,0.0931342605509662
0.9,TS_oracle,0.131459077944482
0.9,TS_oracle,0.0457380786915165
0.9,TS_oracle,-0.0446069281261173
0.9,TS_oracle,0.0446304921851735
0.9,TS_oracle,0.101617394802826
0.9,TS_oracle,0.0442030959311639
0.9,TS_oracle,0.146570348934968
0.9,TS_oracle,0.063069472525592
0.9,TS_oracle,0.0861801770985693
0.9,TS_oracle,-0.0719415955217417
0.9,TS_oracle,0.113033978350591
0.9,TS_oracle,0.0307729134354779
0.9,TS_oracle,0.105924574918821
0.9,TS_oracle,0.058876526053351
0.9,TS_oracle,0.125346017101333
0.9,TS_oracle,0.225564617831981
0.9,TS_oracle,0.179858496877409
0.9,TS_oracle,0.0395902191943986
0.9,TS_oracle,0.0207848135442814
0.9,TS_oracle,0.0318472920217421
0.9,TS_oracle,-0.0011617710723445
0.9,TS_oracle,0.189082897895327
0.9,TS_oracle,0.0403114909643696
0.9,TS_oracle,0.0499502334954942
0.9,TS_oracle,0.0308368231270062
0.9,TS_oracle,0.055841095518774
0.9,TS_oracle,0.168553466899266
0.9,TS_oracle,-0.0150826625703721
0.9,TS_oracle,-0.0267639681527289
0.9,TS_oracle,0.0196762809444377
0.9,TS_oracle,0.116494925059456
0.9,TS_oracle,0.087647783914419
0.9,TS_oracle,-0.0427688456433784
0.9,TS_oracle,0.038185514095618
0.9,TS_oracle,0.0606806802666833
0.9,TS_oracle,-0.082797672471458
0.9,TS_oracle,0.0488135136111076
0.9,TS_oracle,0.090444593134851
0.9,TS_oracle,0.0740309636025358
0.9,TS_oracle,-0.0328330920582444
0.9,TS_oracle,0.0815467162370329
0.9,TS_oracle,0.0143833276043155
0.9,TS_oracle,0.111685994004591
0.9,TS_oracle,0.0153753799029344
0.9,TS_oracle,0.0786563549002481
0.9,TS_oracle,0.0503653716613763
0.9,TS_oracle,-0.00546738693795723
0.9,TS_oracle,0.0235450665969648
0.9,TS_oracle,-0.0236645576618034
0.9,TS_oracle,0.0169911588371294
0.9,TS_oracle,0.120609962145455
0.9,TS_oracle,0.141841351404334
0.9,TS_oracle,0.0859041253688977
0.9,TS_oracle,-0.0172464133337263
0.9,TS_oracle,0.208320287592455
0.9,TS_oracle,0.0526733928247107
0.9,TS_oracle,0.0824777170751669
0.9,TS_oracle,0.0206770338224558
0.9,TS_oracle,-0.0385730775711421
0.9,TS_oracle,0.0639029229448187
0.9,TS_oracle,0.0966227147469993
0.9,TS_oracle,0.133110828965224
0.9,TS_oracle,-0.00772332387359687
0.9,TS_oracle,0.0873057215011273
0.9,TS_oracle,0.0929019124853967
0.9,TS_oracle,0.140701190578904
0.9,TS_oracle,0.0123441868060681
0.9,TS_oracle,0.038798312383812
0.9,TS_oracle,0.102210627816432
0.9,TS_oracle,0.0104915113676221
0.9,TS_oracle,0.0372424038285875
0.9,TS_oracle,0.127455664018795
0.9,TS_oracle,-0.0760755112937552
0.9,TS_oracle,0.0354926030640339
0.9,TS_oracle,0.123133680878591
0.9,TS_oracle,0.072034663233433
0.9,TS_oracle,0.15746762110341
0.9,TS_oracle,0.130714674356315
0.9,TS_oracle,-0.0262718671800852
0.9,TS_oracle,0.0761319763772756
0.9,TS_oracle,0.184308898260914
0.9,TS_oracle,0.116569933035094
0.9,TS_oracle,0.0844180057151656
0.9,TS_oracle,0.0576562594994692
0.9,TS_oracle,0.0693681773692933
0.9,TS_oracle,-0.027470748398154
0.9,TS_oracle,0.225699442392327
0.9,TS_oracle,0.130021024879608
0.9,TS_oracle,0.0522600237427731
0.9,TS_oracle,-0.0157941289867883
0.9,TS_oracle,-0.0278043039808785
0.9,TS_oracle,0.0791769837595142
0.9,TS_oracle,0.052483776665778
0.9,TS_oracle,0.0999803547272038
0.9,TS_oracle,-0.0479966682772252
0.9,TS_oracle,0.0225555470776304
0.9,TS_oracle,0.07973871534305
0.9,TS_oracle,0.0118720187833472
0.9,TS_oracle,0.0814709892650405
0.9,TS_oracle,-0.0457605219546291
0.9,TS_oracle,-0.0793006395268027
0.9,TS_oracle,0.129081725646624
0.9,TS_oracle,0.198273865158814
0.9,TS_oracle,0.0735209808961379
0.9,TS_oracle,0.043802616481009
0.9,TS_oracle,0.150440616161927
0.9,TS_oracle,0.0767442628365207
0.9,TS_oracle,0.0107367774020459
0.9,TS_oracle,0.0694262424556713
0.9,TS_oracle,0.161223731284363
0.9,TS_oracle,0.0801920900214135
0.9,TS_oracle,0.121704050679847
0.9,TS_oracle,0.0933514725899975
0.9,TS_oracle,0.0379776207149356
0.9,TS_oracle,0.010500969068431
0.9,TS_oracle,0.135989600803535
0.9,TS_oracle,-0.0031136193022917
0.9,TS_oracle,0.0604318316520283
0.9,TS_oracle,0.0328790237862211
0.9,TS_oracle,0.0680133940796703
0.9,TS_oracle,0.0527128670277599
0.9,TS_oracle,0.0280096603306537
0.9,TS_oracle,0.0936984229768341
0.9,TS_oracle,0.0630647829039672
0.9,TS_oracle,0.048611955663274
0.9,TS_oracle,0.0704742182164235
0.9,TS_oracle,0.0489138985461164
0.9,TS_oracle,0.0846861075499414
0.9,TS_oracle,0.04557994145664
0.9,TS_oracle,0.140022913494743
0.9,TS_oracle,0.190110526119645
0.9,TS_oracle,0.042765505196479
0.9,TS_oracle,0.0596676480513092
0.9,TS_oracle,0.086432309750516
0.9,TS_oracle,0.177295618740809
0.9,TS_oracle,0.0641928218780048
0.9,TS_oracle,0.0969162012276326
0.9,TS_oracle,0.139103049098271
0.9,TS_oracle,-0.0970227352508948
0.9,TS_oracle,-0.010834343399086
0.9,TS_oracle,0.0469127446473794
0.9,TS_oracle,0.136208592354401
0.9,TS_oracle,0.124066684984571
0.9,TS_oracle,0.0541190163179885
0.9,TS_oracle,0.0500527156274397
0.9,TS_oracle,0.0372840938565755
0.9,TS_oracle,0.136903190892032
0.9,TS_oracle,0.0705447399316537
0.9,TS_oracle,0.0418742369267369
0.9,TS_oracle,0.115706669485745
0.9,TS_oracle,0.0606843877318073
0.9,TS_oracle,-0.0306519773071333
0.9,TS_oracle,0.121569282559306
0.9,TS_oracle,0.121139404893985
