rho,methods,MSEs_value
0,PLS,0.026101275131979
0,PLS,0.0104782681866957
0,PLS,0.0147341682433433
0,PLS,0.00953913920615812
0,PLS,0.0589399149205432
0,PLS,0.0531984771436702
0,PLS,0.00892323508602867
0,PLS,0.0343915388155427
0,PLS,0.0342912833040761
0,PLS,0.0316267904986298
0,PLS,0.0519824113494411
0,PLS,0.0328210661475836
0,PLS,0.0534802213483253
0,PLS,0.0563698802522275
0,PLS,0.0234866267260921
0,PLS,0.0211783002912995
0,PLS,0.0105417075967453
0,PLS,0.0520393164141086
0,PLS,0.00581954668299888
0,PLS,0.0288735847608861
0,PLS,0.0533496036284204
0,PLS,0.0113466988442141
0,PLS,0.0482725584151914
0,PLS,0.0379143871306961
0,PLS,0.108562470515877
0,PLS,0.0518151461856203
0,PLS,0.0107313773283733
0,PLS,0.0633811742011402
0,PLS,0.0318789092113027
0,PLS,0.0379483577449908
0,PLS,0.0346664774690213
0,PLS,0.0233229569965121
0,PLS,0.0185181122429147
0,PLS,0.040787197148552
0,PLS,0.0902945777277122
0,PLS,0.0438793116013719
0,PLS,0.00983180528735129
0,PLS,0.018666829312742
0,PLS,0.0265936370928649
0,PLS,0.0306726492464931
0,PLS,0.0368267731396452
0,PLS,0.0218605021737598
0,PLS,0.025409662150371
0,PLS,0.0115060137507503
0,PLS,0.0139731725525013
0,PLS,0.0344926429466578
0,PLS,0.0257372786242922
0,PLS,0.0344894784610543
0,PLS,0.0551007247486281
0,PLS,0.045482900531402
0,PLS,0.0691912623195802
0,PLS,0.0218750796244449
0,PLS,0.0546941469794852
0,PLS,0.0619109706262398
0,PLS,0.0455601251443731
0,PLS,0.0232515807519009
0,PLS,0.0426570405887479
0,PLS,0.0532244253723113
0,PLS,0.00897843414850436
0,PLS,0.0323238351787123
0,PLS,0.0323484534448547
0,PLS,0.0654588498173077
0,PLS,0.0051840092724594
0,PLS,0.031944156051406
0,PLS,0.0340720433189529
0,PLS,0.0403848121532888
0,PLS,0.0309073488369724
0,PLS,0.0304957116153057
0,PLS,0.0728166694618347
0,PLS,0.0136358654267846
0,PLS,0.0360541421452807
0,PLS,0.0119437563287364
0,PLS,0.0168658992145402
0,PLS,0.0196152874671215
0,PLS,0.0310225526839064
0,PLS,0.016064197149187
0,PLS,0.0251915418213735
0,PLS,0.028394078707761
0,PLS,0.0367569081736193
0,PLS,0.0410696046158834
0,PLS,0.0579358230306611
0,PLS,0.008827075764664
0,PLS,0.0729888721764472
0,PLS,0.0335159039108584
0,PLS,0.0392981172323633
0,PLS,0.0245563646370299
0,PLS,0.0254807249054145
0,PLS,0.0347991078454496
0,PLS,0.133309607628201
0,PLS,0.065778750372701
0,PLS,0.0132523908796695
0,PLS,0.0377643842802252
0,PLS,0.0269277576552273
0,PLS,0.032416747321776
0,PLS,0.0660938748832609
0,PLS,0.0502833469075896
0,PLS,0.0113682477142148
0,PLS,0.0307455352129365
0,PLS,0.0248735381059407
0,PLS,0.0192352175792418
0,PLS,0.0652055939485606
0,PLS,0.010841589340371
0,PLS,0.0387530061282109
0,PLS,0.0308036298128043
0,PLS,0.0315056440772945
0,PLS,0.0139099229819734
0,PLS,0.0566577849597673
0,PLS,0.0555845688741191
0,PLS,0.0202059575528932
0,PLS,0.00732578425883891
0,PLS,0.0100216464717503
0,PLS,0.0333527187447704
0,PLS,0.0256750093842398
0,PLS,0.0212488525684222
0,PLS,0.0247878834268798
0,PLS,0.0577028949142181
0,PLS,0.0280148949305997
0,PLS,0.0296434045725928
0,PLS,0.0184225516862554
0,PLS,0.0235156460739609
0,PLS,0.0150045735855732
0,PLS,0.0491083872653927
0,PLS,0.025026978008645
0,PLS,0.0187879973831033
0,PLS,0.0394059245660268
0,PLS,0.00973913609805556
0,PLS,0.0310691470957879
0,PLS,0.00716153323084174
0,PLS,0.0403909340351811
0,PLS,0.0101733705939469
0,PLS,0.0291135047557308
0,PLS,0.0444565565091656
0,PLS,0.0194350565016283
0,PLS,0.0413198327887355
0,PLS,0.0326140242554032
0,PLS,0.033034568162194
0,PLS,0.0293515282957749
0,PLS,0.0573381472199688
0,PLS,0.0115164278553022
0,PLS,0.0321804334250276
0,PLS,0.0184009266771224
0,PLS,0.0302600447939957
0,PLS,0.0536038597713561
0,PLS,0.0515415841328992
0,PLS,0.0175563265983937
0,PLS,0.0400658496006502
0,PLS,0.00634469680390245
0,PLS,0.0263544466916368
0,PLS,0.0244648955831322
0,PLS,0.0542180981334177
0,PLS,0.0186577156644329
0,PLS,0.0555576012886881
0,PLS,0.022157188201987
0,PLS,0.0205831151669661
0,PLS,0.0283695185339556
0,PLS,0.0178641540482508
0,PLS,0.0458229847286301
0,PLS,0.084430119103614
0,PLS,0.0348514821325681
0,PLS,0.00899060155977028
0,PLS,0.0328434452124923
0,PLS,0.0371609240559206
0,PLS,0.0469923666631628
0,PLS,0.0204415293930484
0,PLS,0.0333385249546946
0,PLS,0.0574465957351596
0,PLS,0.0516056340249944
0,PLS,0.0305934658381121
0,PLS,0.0155229338977222
0,PLS,0.0346521959107478
0,PLS,0.0244447359341109
0,PLS,0.0559064610382775
0,PLS,0.0396388602943047
0,PLS,0.0228708931594788
0,PLS,0.0186456640527103
0,PLS,0.0553129156881486
0,PLS,0.0169764731130943
0,PLS,0.0286895162116203
0,PLS,0.066088389295084
0,PLS,0.0243720040169282
0,PLS,0.0273810427640516
0,PLS,0.0491578343892748
0,PLS,0.0267062985495154
0,PLS,0.01163690234041
0,PLS,0.0507158989485248
0,PLS,0.0362344170244922
0,PLS,0.024156289423937
0,PLS,0.0287868827961136
0,PLS,0.0435625723137119
0,PLS,0.024579726623335
0,PLS,0.0188654220517595
0,PLS,0.0164878976834763
0,PLS,0.0295535531934091
0,PLS,0.0495908663309453
0,PLS,0.0469076602796591
0,PLS,0.00620864324434106
0,PLS,0.0225208704980808
0,PLS,0.0161093536774799
0,PLS,0.016235416464448
0,PLS,0.0353320011222296
0,fTS,0.0261329284259701
0,fTS,0.0104791625450752
0,fTS,0.0138010130501504
0,fTS,0.00945349922349112
0,fTS,0.0572519390491369
0,fTS,0.0531984771436702
0,fTS,0.0080455525253442
0,fTS,0.0342730499097821
0,fTS,0.0342906249859573
0,fTS,0.031625088470964
0,fTS,0.0519824113494411
0,fTS,0.0350104881126265
0,fTS,0.0533776824436477
0,fTS,0.056369230855104
0,fTS,0.0239102237202167
0,fTS,0.0211209197841383
0,fTS,0.0104390886673834
0,fTS,0.051852953084563
0,fTS,0.0059227678942246
0,fTS,0.0287624819728838
0,fTS,0.0533566383301411
0,fTS,0.0105718987470294
0,fTS,0.0456655834968044
0,fTS,0.0377930431714842
0,fTS,0.11082656014619
0,fTS,0.0464692076306359
0,fTS,0.00977480853909417
0,fTS,0.0633325115281992
0,fTS,0.0335278196561794
0,fTS,0.0425067657750152
0,fTS,0.0346664774690213
0,fTS,0.0223754479743446
0,fTS,0.0187009510680501
0,fTS,0.041919783604979
0,fTS,0.0757306620357345
0,fTS,0.0498976467174702
0,fTS,0.01016744303622
0,fTS,0.0192890547054675
0,fTS,0.0265936370928649
0,fTS,0.0334412084009825
0,fTS,0.0351995803369128
0,fTS,0.0218138034014556
0,fTS,0.0254977982161071
0,fTS,0.0108512303943538
0,fTS,0.0140288008268615
0,fTS,0.0344926429466578
0,fTS,0.0189284093843327
0,fTS,0.0344894784610543
0,fTS,0.0548946641870279
0,fTS,0.0456565039400767
0,fTS,0.0691912623195801
0,fTS,0.0223265580537861
0,fTS,0.0491383097063775
0,fTS,0.0621792790478286
0,fTS,0.0446768165779977
0,fTS,0.0232381761477218
0,fTS,0.0434135301841913
0,fTS,0.0525533283451073
0,fTS,0.00890679743793038
0,fTS,0.0352495182503592
0,fTS,0.0323483194797737
0,fTS,0.0644540494085279
0,fTS,0.00518246138611978
0,fTS,0.031944156051406
0,fTS,0.033998173219001
0,fTS,0.0403848121532888
0,fTS,0.0309073488369724
0,fTS,0.0304957116153057
0,fTS,0.077413498426641
0,fTS,0.0136615873112186
0,fTS,0.0360487841408015
0,fTS,0.0120384890824064
0,fTS,0.017665906376204
0,fTS,0.0196468683046717
0,fTS,0.0309858917443694
0,fTS,0.0163125777597718
0,fTS,0.0225732182891652
0,fTS,0.0390368384639413
0,fTS,0.0368241113015044
0,fTS,0.041739983218617
0,fTS,0.0544995981371765
0,fTS,0.00738856020005411
0,fTS,0.072913873227119
0,fTS,0.0335225157393277
0,fTS,0.0389402684801394
0,fTS,0.0247599641009437
0,fTS,0.0254807249054145
0,fTS,0.0348196398495252
0,fTS,0.133309607628201
0,fTS,0.0671239891742619
0,fTS,0.0132483809067691
0,fTS,0.038486749733063
0,fTS,0.0269252743054025
0,fTS,0.032416747321776
0,fTS,0.0655864542643287
0,fTS,0.0508053354579426
0,fTS,0.0116905329460973
0,fTS,0.0311421883548645
0,fTS,0.017685722463569
0,fTS,0.0192352175792418
0,fTS,0.0652055939485606
0,fTS,0.0108398217984654
0,fTS,0.0406279119870883
0,fTS,0.0308036298128043
0,fTS,0.0286821947518832
0,fTS,0.0139865000924959
0,fTS,0.0565346671266659
0,fTS,0.0555477418032461
0,fTS,0.020207126291935
0,fTS,0.00686067229638133
0,fTS,0.01000577797219
0,fTS,0.0347974413944378
0,fTS,0.0262784356469363
0,fTS,0.0214775594416674
0,fTS,0.0238415904639593
0,fTS,0.0575423021591808
0,fTS,0.0260498134640475
0,fTS,0.0296434045725928
0,fTS,0.0184288374560034
0,fTS,0.0227950049092425
0,fTS,0.0150045735855732
0,fTS,0.0491083872653927
0,fTS,0.025026978008645
0,fTS,0.0187879973831033
0,fTS,0.0394059245660268
0,fTS,0.00958584632149333
0,fTS,0.0302670405488397
0,fTS,0.00824529955926417
0,fTS,0.0411278743678528
0,fTS,0.0101733705939469
0,fTS,0.029233009079293
0,fTS,0.0447736940014804
0,fTS,0.0194350565016283
0,fTS,0.040854384687629
0,fTS,0.0323551482452148
0,fTS,0.0323744315025288
0,fTS,0.0293515282957749
0,fTS,0.0573381472199688
0,fTS,0.0115723967162572
0,fTS,0.032233086910538
0,fTS,0.0187506912210335
0,fTS,0.0302603873868488
0,fTS,0.0536038597713562
0,fTS,0.0515415841328992
0,fTS,0.0176102598906071
0,fTS,0.0385006538135223
0,fTS,0.00637435898836915
0,fTS,0.027691783261581
0,fTS,0.0238989193777611
0,fTS,0.0542180981334177
0,fTS,0.0186577156644329
0,fTS,0.0551980689220056
0,fTS,0.0219868431150119
0,fTS,0.0204668223735542
0,fTS,0.0283695185339556
0,fTS,0.0165677918574637
0,fTS,0.045798376677293
0,fTS,0.0825991711903211
0,fTS,0.0348514821325681
0,fTS,0.00934888334030266
0,fTS,0.0328124523027323
0,fTS,0.0371787665151509
0,fTS,0.0469923666631628
0,fTS,0.018991199390525
0,fTS,0.0336136277556623
0,fTS,0.056470831961751
0,fTS,0.054203397900411
0,fTS,0.0302947109531657
0,fTS,0.0156310242960224
0,fTS,0.0346521959107478
0,fTS,0.0244447359341109
0,fTS,0.0566662233833822
0,fTS,0.0397126764732568
0,fTS,0.0228677304071764
0,fTS,0.0184763551518376
0,fTS,0.0553129156881485
0,fTS,0.0168897525497197
0,fTS,0.0289147161450444
0,fTS,0.0657180377081674
0,fTS,0.0243749806666764
0,fTS,0.038673517782111
0,fTS,0.0491578343892748
0,fTS,0.0267049933346163
0,fTS,0.011115865344793
0,fTS,0.0510799369088534
0,fTS,0.0362288156996656
0,fTS,0.02417264790063
0,fTS,0.0342599725868901
0,fTS,0.0446169597647192
0,fTS,0.0257716862771728
0,fTS,0.0192906481722761
0,fTS,0.0164878976834763
0,fTS,0.0295279826615518
0,fTS,0.0507707191381413
0,fTS,0.0458612077576696
0,fTS,0.00620864324434106
0,fTS,0.0230401048762456
0,fTS,0.0158659489045025
0,fTS,0.0162506907541351
0,fTS,0.0356342967169725
0,LS_oracle,0.0310194695607265
0,LS_oracle,0.0100645486769205
0,LS_oracle,0.0214707529421468
0,LS_oracle,0.0089775654606617
0,LS_oracle,0.0435322125792889
0,LS_oracle,0.0512035916088095
0,LS_oracle,0.00898686930348213
0,LS_oracle,0.0296915816455427
0,LS_oracle,0.0378527439230136
0,LS_oracle,0.0260669544445
0,LS_oracle,0.034428414243323
0,LS_oracle,0.0303046101228321
0,LS_oracle,0.0544438399274799
0,LS_oracle,0.0641162859613658
0,LS_oracle,0.0239041384553927
0,LS_oracle,0.00905854191993168
0,LS_oracle,0.0210318970554388
0,LS_oracle,0.0517175832291349
0,LS_oracle,0.00889538072257145
0,LS_oracle,0.0240521851894524
0,LS_oracle,0.0394817965167599
0,LS_oracle,0.0118178472318669
0,LS_oracle,0.0450107484531426
0,LS_oracle,0.0325697115337061
0,LS_oracle,0.0847523066040681
0,LS_oracle,0.023422476821763
0,LS_oracle,0.0118047173316499
0,LS_oracle,0.0571337487601002
0,LS_oracle,0.0448234240341044
0,LS_oracle,0.0607384488222602
0,LS_oracle,0.0309922097603924
0,LS_oracle,0.00775537219815791
0,LS_oracle,0.0193309650218897
0,LS_oracle,0.059412262300494
0,LS_oracle,0.0786305793780494
0,LS_oracle,0.0196267484250527
0,LS_oracle,0.00751017844581684
0,LS_oracle,0.0213986277028121
0,LS_oracle,0.0256030331361474
0,LS_oracle,0.0310678176163868
0,LS_oracle,0.035149726598009
0,LS_oracle,0.0227921102621928
0,LS_oracle,0.0171022950717948
0,LS_oracle,0.00597723006150109
0,LS_oracle,0.0131047429296295
0,LS_oracle,0.0253976989395096
0,LS_oracle,0.0166065005489979
0,LS_oracle,0.0276863367288599
0,LS_oracle,0.0594950757988531
0,LS_oracle,0.0452467191051048
0,LS_oracle,0.0600820879759577
0,LS_oracle,0.0236343235145576
0,LS_oracle,0.0378071474029044
0,LS_oracle,0.0490291494541532
0,LS_oracle,0.0430207336192508
0,LS_oracle,0.0227360432762182
0,LS_oracle,0.0507421772866056
0,LS_oracle,0.0561990232030586
0,LS_oracle,0.00800173316225226
0,LS_oracle,0.0238369748030976
0,LS_oracle,0.0317966824799369
0,LS_oracle,0.0436821394298282
0,LS_oracle,0.00678109445764211
0,LS_oracle,0.0240711861897774
0,LS_oracle,0.0326264644110905
0,LS_oracle,0.0393537549345216
0,LS_oracle,0.0280872553267475
0,LS_oracle,0.0252718922504809
0,LS_oracle,0.0820780561396991
0,LS_oracle,0.0107486251039702
0,LS_oracle,0.052093185360075
0,LS_oracle,0.0143580789004805
0,LS_oracle,0.0174676400789297
0,LS_oracle,0.0197473351895355
0,LS_oracle,0.0193023464374556
0,LS_oracle,0.0234911720574
0,LS_oracle,0.0281298648914975
0,LS_oracle,0.0285068563578274
0,LS_oracle,0.0315286142412131
0,LS_oracle,0.0408853981788163
0,LS_oracle,0.0552324293821193
0,LS_oracle,0.00871074872657674
0,LS_oracle,0.0786151797090231
0,LS_oracle,0.0409845164664042
0,LS_oracle,0.0193074923843122
0,LS_oracle,0.0192952913721277
0,LS_oracle,0.0289591499863826
0,LS_oracle,0.0268948373858086
0,LS_oracle,0.0753970830812603
0,LS_oracle,0.0598299397753893
0,LS_oracle,0.0182574360224283
0,LS_oracle,0.0372657569571264
0,LS_oracle,0.0268322571157618
0,LS_oracle,0.0356861422138799
0,LS_oracle,0.0681397419783301
0,LS_oracle,0.0482180693135767
0,LS_oracle,0.00596112286670458
0,LS_oracle,0.0222506871193638
0,LS_oracle,0.0149258580799585
0,LS_oracle,0.0200249136073913
0,LS_oracle,0.0680106093899377
0,LS_oracle,0.0107785819542664
0,LS_oracle,0.0340283405833564
0,LS_oracle,0.0318021832156294
0,LS_oracle,0.0241164649976024
0,LS_oracle,0.0139069495232535
0,LS_oracle,0.0446804750182948
0,LS_oracle,0.0494946038061877
0,LS_oracle,0.0109962487184823
0,LS_oracle,0.00745210247634494
0,LS_oracle,0.00608371799997365
0,LS_oracle,0.0335985932403082
0,LS_oracle,0.00182603862000739
0,LS_oracle,0.0131472888176008
0,LS_oracle,0.0242295813815114
0,LS_oracle,0.0489648566157194
0,LS_oracle,0.0217951840022674
0,LS_oracle,0.0265882850051307
0,LS_oracle,0.0156676685111346
0,LS_oracle,0.0239206660368046
0,LS_oracle,0.0153669486154588
0,LS_oracle,0.0578752208624427
0,LS_oracle,0.0253187649056349
0,LS_oracle,0.0206200252445089
0,LS_oracle,0.0404014938229789
0,LS_oracle,0.00615632685827501
0,LS_oracle,0.0397330994986906
0,LS_oracle,0.0130837993010318
0,LS_oracle,0.04837366491077
0,LS_oracle,0.0135204800513937
0,LS_oracle,0.030278341883247
0,LS_oracle,0.0437799200476881
0,LS_oracle,0.0130967129559195
0,LS_oracle,0.041416761259155
0,LS_oracle,0.0399356453801697
0,LS_oracle,0.0277619738860791
0,LS_oracle,0.0206503098556507
0,LS_oracle,0.0284021545679639
0,LS_oracle,0.00572587397494051
0,LS_oracle,0.0256245246098189
0,LS_oracle,0.0166410855364625
0,LS_oracle,0.0390979211081773
0,LS_oracle,0.0330336201098038
0,LS_oracle,0.0352897812783634
0,LS_oracle,0.0167383920059474
0,LS_oracle,0.0333196958161344
0,LS_oracle,0.00610049141288224
0,LS_oracle,0.025939099813107
0,LS_oracle,0.0248046723580943
0,LS_oracle,0.0422057299595964
0,LS_oracle,0.00860398624363884
0,LS_oracle,0.0553570649045816
0,LS_oracle,0.0233959479179963
0,LS_oracle,0.0319777296378803
0,LS_oracle,0.0285300308595339
0,LS_oracle,0.0175600014869722
0,LS_oracle,0.0426628169781501
0,LS_oracle,0.0878314939533719
0,LS_oracle,0.0296148125685664
0,LS_oracle,0.00560510741530364
0,LS_oracle,0.029965695184073
0,LS_oracle,0.030674806599955
0,LS_oracle,0.0472505036332106
0,LS_oracle,0.0154816899266308
0,LS_oracle,0.0268662026301431
0,LS_oracle,0.0434297999045071
0,LS_oracle,0.0486402619025456
0,LS_oracle,0.0284399975441913
0,LS_oracle,0.015383889165268
0,LS_oracle,0.0369156864595266
0,LS_oracle,0.039539025141049
0,LS_oracle,0.0565158928259457
0,LS_oracle,0.0374427364930345
0,LS_oracle,0.0130104670017053
0,LS_oracle,0.0188212262416712
0,LS_oracle,0.0198965167269381
0,LS_oracle,0.0189649178601581
0,LS_oracle,0.0324380503224643
0,LS_oracle,0.069708006169915
0,LS_oracle,0.021639433114307
0,LS_oracle,0.0184090071198918
0,LS_oracle,0.0330070558389512
0,LS_oracle,0.0277000151080177
0,LS_oracle,0.0079354767619809
0,LS_oracle,0.0468943442070044
0,LS_oracle,0.0425609084698351
0,LS_oracle,0.0181025457245199
0,LS_oracle,0.0289286778663107
0,LS_oracle,0.0422510309172417
0,LS_oracle,0.0250145847979809
0,LS_oracle,0.0188528881800195
0,LS_oracle,0.0142680686406698
0,LS_oracle,0.0218255575900627
0,LS_oracle,0.0460984348700609
0,LS_oracle,0.0263154866357188
0,LS_oracle,0.00489097652837408
0,LS_oracle,0.0262195228190236
0,LS_oracle,0.0154127080285755
0,LS_oracle,0.0175883015002444
0,LS_oracle,0.0361546695328674
0,TS_oracle,0.0310204618422233
0,TS_oracle,0.0100651123413364
0,TS_oracle,0.0206213244999032
0,TS_oracle,0.00892673860112646
0,TS_oracle,0.0418532704606264
0,TS_oracle,0.0512035916088095
0,TS_oracle,0.00807186057942522
0,TS_oracle,0.0295130921353256
0,TS_oracle,0.0378534021113813
0,TS_oracle,0.0260640610542865
0,TS_oracle,0.0346477161148338
0,TS_oracle,0.0315187488456847
0,TS_oracle,0.054353804359863
0,TS_oracle,0.0641162859613658
0,TS_oracle,0.0241484200548624
0,TS_oracle,0.00898048264728466
0,TS_oracle,0.0206799533552536
0,TS_oracle,0.0517475010043605
0,TS_oracle,0.00877359850151548
0,TS_oracle,0.0240875629858352
0,TS_oracle,0.0394904682949424
0,TS_oracle,0.0111203073023469
0,TS_oracle,0.0426828390396643
0,TS_oracle,0.0323528268188348
0,TS_oracle,0.0874559438217215
0,TS_oracle,0.0235989259070459
0,TS_oracle,0.0107135609314217
0,TS_oracle,0.0570894813260661
0,TS_oracle,0.0457144832387446
0,TS_oracle,0.0608498671524333
0,TS_oracle,0.0310000123041862
0,TS_oracle,0.00772937999722142
0,TS_oracle,0.0193309650218897
0,TS_oracle,0.0595960880256734
0,TS_oracle,0.0772658680130135
0,TS_oracle,0.024104128982832
0,TS_oracle,0.00767429843333686
0,TS_oracle,0.0213862113624712
0,TS_oracle,0.0256030331361474
0,TS_oracle,0.0316767871007995
0,TS_oracle,0.035035207755283
0,TS_oracle,0.0227293114171911
0,TS_oracle,0.0171861837787765
0,TS_oracle,0.00677734563260021
0,TS_oracle,0.0131737602500904
0,TS_oracle,0.0253976989395096
0,TS_oracle,0.0165781486451827
0,TS_oracle,0.0274929636865678
0,TS_oracle,0.0591571294630128
0,TS_oracle,0.0454302666342145
0,TS_oracle,0.0600820879759585
0,TS_oracle,0.0234471932876132
0,TS_oracle,0.0380677838561869
0,TS_oracle,0.0490291494541532
0,TS_oracle,0.0421125336930787
0,TS_oracle,0.0226929609634801
0,TS_oracle,0.052176895255114
0,TS_oracle,0.0558032227104824
0,TS_oracle,0.00800173316225226
0,TS_oracle,0.0246588158825358
0,TS_oracle,0.031795962117862
0,TS_oracle,0.043139306376079
0,TS_oracle,0.00677962978169166
0,TS_oracle,0.0240711861897774
0,TS_oracle,0.0328870121155971
0,TS_oracle,0.0393537549345216
0,TS_oracle,0.0280872553267475
0,TS_oracle,0.0252718922504809
0,TS_oracle,0.0890969230001496
0,TS_oracle,0.0107902069354749
0,TS_oracle,0.0520613481910112
0,TS_oracle,0.0144497341500715
0,TS_oracle,0.0177961649988927
0,TS_oracle,0.0197870608272354
0,TS_oracle,0.0192718992199144
0,TS_oracle,0.0236129945061147
0,TS_oracle,0.0278913574167289
0,TS_oracle,0.0284498408862004
0,TS_oracle,0.0315286142412131
0,TS_oracle,0.0416753096243508
0,TS_oracle,0.0547585799721977
0,TS_oracle,0.00823836633118865
0,TS_oracle,0.0785266171053538
0,TS_oracle,0.0409882054913109
0,TS_oracle,0.018832670877289
0,TS_oracle,0.01955570653994
0,TS_oracle,0.0289591499863826
0,TS_oracle,0.0282276383979752
0,TS_oracle,0.0753970830812603
0,TS_oracle,0.0605812743160422
0,TS_oracle,0.0182326038756027
0,TS_oracle,0.0378574941793709
0,TS_oracle,0.0268277145979297
0,TS_oracle,0.0356861422138799
0,TS_oracle,0.0674915933975006
0,TS_oracle,0.0494037505362524
0,TS_oracle,0.00599384640716571
0,TS_oracle,0.0223376741692156
0,TS_oracle,0.0150067499224729
0,TS_oracle,0.0200249136073913
0,TS_oracle,0.0680106093899387
0,TS_oracle,0.0107768734307405
0,TS_oracle,0.0338277623878573
0,TS_oracle,0.0316115471889429
0,TS_oracle,0.0244083057344158
0,TS_oracle,0.0139418703529232
0,TS_oracle,0.0446835611683931
0,TS_oracle,0.0493758313922689
0,TS_oracle,0.010968412779795
0,TS_oracle,0.00702126591205634
0,TS_oracle,0.00615889173722582
0,TS_oracle,0.0351251242693409
0,TS_oracle,0.00182445082019406
0,TS_oracle,0.0131467607717756
0,TS_oracle,0.0229906452305418
0,TS_oracle,0.048873971279746
0,TS_oracle,0.0218576507839597
0,TS_oracle,0.0265882850051307
0,TS_oracle,0.0156718059744175
0,TS_oracle,0.0234603101824853
0,TS_oracle,0.0153669486154588
0,TS_oracle,0.0578719277926604
0,TS_oracle,0.0253187649056349
0,TS_oracle,0.0206200252445089
0,TS_oracle,0.0404014938229789
0,TS_oracle,0.00647914319904124
0,TS_oracle,0.0399423944562868
0,TS_oracle,0.0133828477312787
0,TS_oracle,0.0486703249755223
0,TS_oracle,0.0135204800513937
0,TS_oracle,0.030278341883247
0,TS_oracle,0.0443007169843882
0,TS_oracle,0.0130967129559195
0,TS_oracle,0.0411026572233617
0,TS_oracle,0.0397702007262351
0,TS_oracle,0.0272434143444185
0,TS_oracle,0.0220682141333428
0,TS_oracle,0.0283987891235546
0,TS_oracle,0.00593606684003226
0,TS_oracle,0.0256374768403868
0,TS_oracle,0.0169662072292863
0,TS_oracle,0.0390978553952417
0,TS_oracle,0.0330336201098038
0,TS_oracle,0.0352897812783634
0,TS_oracle,0.0167383920059474
0,TS_oracle,0.0327288255685578
0,TS_oracle,0.00608389474294828
0,TS_oracle,0.0277092403010593
0,TS_oracle,0.0243318712174581
0,TS_oracle,0.0429933844508937
0,TS_oracle,0.00860398624363821
0,TS_oracle,0.0549105234101565
0,TS_oracle,0.0232136957085351
0,TS_oracle,0.0318974722450859
0,TS_oracle,0.0285300308595339
0,TS_oracle,0.0163748978379601
0,TS_oracle,0.0424417147825986
0,TS_oracle,0.0857691904520596
0,TS_oracle,0.0296148125685664
0,TS_oracle,0.00597972153332724
0,TS_oracle,0.0299326767254316
0,TS_oracle,0.0306800424829929
0,TS_oracle,0.0472505036332106
0,TS_oracle,0.014790973852884
0,TS_oracle,0.0269850090068197
0,TS_oracle,0.0425870231709407
0,TS_oracle,0.0528378474237118
0,TS_oracle,0.0281734425056632
0,TS_oracle,0.015487885862962
0,TS_oracle,0.0369156864595266
0,TS_oracle,0.039539025141049
0,TS_oracle,0.0572597154043867
0,TS_oracle,0.037600663170267
0,TS_oracle,0.0130073462256789
0,TS_oracle,0.018658854979015
0,TS_oracle,0.0199023484689792
0,TS_oracle,0.0188629946591316
0,TS_oracle,0.0324380503224643
0,TS_oracle,0.0696733069067224
0,TS_oracle,0.0216415898086967
0,TS_oracle,0.0172829826260973
0,TS_oracle,0.0330070558389512
0,TS_oracle,0.0276995642362596
0,TS_oracle,0.00744293990094866
0,TS_oracle,0.0473038939740763
0,TS_oracle,0.0423631501429955
0,TS_oracle,0.0181597843576941
0,TS_oracle,0.0290087838587572
0,TS_oracle,0.0425128427392423
0,TS_oracle,0.0261877544620111
0,TS_oracle,0.0189480523783328
0,TS_oracle,0.0142680686406698
0,TS_oracle,0.0218033671095637
0,TS_oracle,0.0463796447842278
0,TS_oracle,0.0255047640532666
0,TS_oracle,0.00489097652837408
0,TS_oracle,0.0264250212139988
0,TS_oracle,0.015207694555228
0,TS_oracle,0.0176112599332829
0,TS_oracle,0.0364471858650571
0.1,PLS,0.0207076418366847
0.1,PLS,0.0262273515962168
0.1,PLS,0.0456453866070937
0.1,PLS,0.0105311769839428
0.1,PLS,0.0298165262298161
0.1,PLS,0.0411614469394039
0.1,PLS,0.0355094100221933
0.1,PLS,0.00967060581067479
0.1,PLS,0.0176127535100031
0.1,PLS,0.0392118801364183
0.1,PLS,0.0172294646900525
0.1,PLS,0.031583390144181
0.1,PLS,0.0789689069676623
0.1,PLS,0.0184916795723363
0.1,PLS,0.0159529603011181
0.1,PLS,0.0254826897549335
0.1,PLS,0.0642626793664384
0.1,PLS,0.0696480275652026
0.1,PLS,0.0637721995916038
0.1,PLS,0.0441594832010943
0.1,PLS,0.0446581411699453
0.1,PLS,0.0328009071410134
0.1,PLS,0.0130482964424368
0.1,PLS,0.0433152987231741
0.1,PLS,0.0315415685902641
0.1,PLS,0.033424730702286
0.1,PLS,0.0464546302070336
0.1,PLS,0.0421259404325698
0.1,PLS,0.0398707150778785
0.1,PLS,0.0819344838963256
0.1,PLS,0.0253495332767119
0.1,PLS,0.0262203655101607
0.1,PLS,0.0279189680925289
0.1,PLS,0.0267202623049798
0.1,PLS,0.0142081352889497
0.1,PLS,0.0521802047850766
0.1,PLS,0.0284900929161378
0.1,PLS,0.0387921328622408
0.1,PLS,0.0135793010980333
0.1,PLS,0.0477295027809438
0.1,PLS,0.020425630151695
0.1,PLS,0.0255030208585892
0.1,PLS,0.0233064624832059
0.1,PLS,0.0204722628583872
0.1,PLS,0.0397295558251598
0.1,PLS,0.011661178449227
0.1,PLS,0.0199052558554561
0.1,PLS,0.0137006868714992
0.1,PLS,0.0210366230971898
0.1,PLS,0.0377816053104126
0.1,PLS,0.0527318018134441
0.1,PLS,0.0208405239284269
0.1,PLS,0.0653217772989952
0.1,PLS,0.0173475182404765
0.1,PLS,0.0138496945871902
0.1,PLS,0.0185440021184492
0.1,PLS,0.0209481961363924
0.1,PLS,0.00660884610863111
0.1,PLS,0.040288798561756
0.1,PLS,0.0410390161422189
0.1,PLS,0.0363770091137975
0.1,PLS,0.0429572901254178
0.1,PLS,0.0526656737656887
0.1,PLS,0.0148871246687432
0.1,PLS,0.0625128674794469
0.1,PLS,0.0267449284131188
0.1,PLS,0.109575503174758
0.1,PLS,0.0153781611702449
0.1,PLS,0.0267629273585582
0.1,PLS,0.0275174254357152
0.1,PLS,0.0297708521926943
0.1,PLS,0.0112150041810164
0.1,PLS,0.0219287864866345
0.1,PLS,0.0444787364979833
0.1,PLS,0.0384036603464788
0.1,PLS,0.0213023138531785
0.1,PLS,0.0173984874175715
0.1,PLS,0.0180019669201928
0.1,PLS,0.0116770766319924
0.1,PLS,0.0447193092656451
0.1,PLS,0.015716212230788
0.1,PLS,0.0264278232522798
0.1,PLS,0.029947560240403
0.1,PLS,0.0325191861330854
0.1,PLS,0.0460382955360385
0.1,PLS,0.0156971678268992
0.1,PLS,0.0157456389207333
0.1,PLS,0.0268294587497557
0.1,PLS,0.0494196839268766
0.1,PLS,0.0499636378745456
0.1,PLS,0.00989056855310447
0.1,PLS,0.0106964503777912
0.1,PLS,0.0904565852665664
0.1,PLS,0.0379869413509846
0.1,PLS,0.022366477370207
0.1,PLS,0.0171762526567971
0.1,PLS,0.0250475273655214
0.1,PLS,0.0142633932037432
0.1,PLS,0.0161216416247934
0.1,PLS,0.0604660294639382
0.1,PLS,0.0377615781611341
0.1,PLS,0.0504444883445668
0.1,PLS,0.0791041248383336
0.1,PLS,0.0511704123925806
0.1,PLS,0.0135159784783745
0.1,PLS,0.0172752552927986
0.1,PLS,0.043565821164802
0.1,PLS,0.0197596599313941
0.1,PLS,0.0431482123036042
0.1,PLS,0.0293595530147755
0.1,PLS,0.0220646154183731
0.1,PLS,0.0202254922576379
0.1,PLS,0.0243518939303736
0.1,PLS,0.028470631921476
0.1,PLS,0.0181705255306938
0.1,PLS,0.0282659766398746
0.1,PLS,0.0836903146660893
0.1,PLS,0.0328357078309841
0.1,PLS,0.0267179123161489
0.1,PLS,0.0431939191339803
0.1,PLS,0.0859592826503958
0.1,PLS,0.0223841248539577
0.1,PLS,0.0171738747762974
0.1,PLS,0.0484453987975771
0.1,PLS,0.0428355128087459
0.1,PLS,0.0587029548882582
0.1,PLS,0.0564630350817728
0.1,PLS,0.0436412440843598
0.1,PLS,0.0392377954053735
0.1,PLS,0.0132203028155492
0.1,PLS,0.0210509436507814
0.1,PLS,0.0323239536290076
0.1,PLS,0.0170518976928903
0.1,PLS,0.0894234466765582
0.1,PLS,0.02723817672301
0.1,PLS,0.026027302980295
0.1,PLS,0.0203744681493727
0.1,PLS,0.0294666594449916
0.1,PLS,0.028006632856128
0.1,PLS,0.0613633178347503
0.1,PLS,0.0158777496601179
0.1,PLS,0.0553793438803726
0.1,PLS,0.0431726392435379
0.1,PLS,0.0236415266183056
0.1,PLS,0.0182468270207233
0.1,PLS,0.0491674148854606
0.1,PLS,0.0521271800424508
0.1,PLS,0.0524246896312256
0.1,PLS,0.0240317980716727
0.1,PLS,0.0104646328963217
0.1,PLS,0.0126335810030157
0.1,PLS,0.0370467986887759
0.1,PLS,0.0611713187606572
0.1,PLS,0.0544691797158572
0.1,PLS,0.0147694614626518
0.1,PLS,0.0872896738267947
0.1,PLS,0.0249746660796262
0.1,PLS,0.0287655465478699
0.1,PLS,0.0237601359702218
0.1,PLS,0.0434832820637409
0.1,PLS,0.0366993595042528
0.1,PLS,0.0254890387507766
0.1,PLS,0.0156368540087691
0.1,PLS,0.0272120031568694
0.1,PLS,0.0707560643851016
0.1,PLS,0.0581197727454923
0.1,PLS,0.0853090878183626
0.1,PLS,0.0446196973102604
0.1,PLS,0.0335662794470292
0.1,PLS,0.0305123657532888
0.1,PLS,0.0279913533537097
0.1,PLS,0.0232205044376391
0.1,PLS,0.0170631202156083
0.1,PLS,0.0663161585763789
0.1,PLS,0.0791343500297809
0.1,PLS,0.0316908736411882
0.1,PLS,0.0521849700475847
0.1,PLS,0.0201449613449711
0.1,PLS,0.0368982181447066
0.1,PLS,0.0201251929599156
0.1,PLS,0.0323661818111554
0.1,PLS,0.0458700241589094
0.1,PLS,0.0212452086343697
0.1,PLS,0.00433420045229023
0.1,PLS,0.0162814336943996
0.1,PLS,0.0582135580496035
0.1,PLS,0.0414905308673599
0.1,PLS,0.0283191395486225
0.1,PLS,0.0558326621423097
0.1,PLS,0.042588008411407
0.1,PLS,0.028717879447802
0.1,PLS,0.0649379318819095
0.1,PLS,0.0248323248399751
0.1,PLS,0.0172190198451151
0.1,PLS,0.0383477456942257
0.1,PLS,0.0144977732487171
0.1,PLS,0.0396730932345971
0.1,PLS,0.0543949172878769
0.1,PLS,0.0748763748509386
0.1,PLS,0.111543851585879
0.1,fTS,0.0203809221794321
0.1,fTS,0.027171558616225
0.1,fTS,0.039950856425208
0.1,fTS,0.0112977029444848
0.1,fTS,0.0366151552369092
0.1,fTS,0.0411614469394039
0.1,fTS,0.0368428647178126
0.1,fTS,0.00903156621100898
0.1,fTS,0.0155337976099741
0.1,fTS,0.0450558041663915
0.1,fTS,0.01825590574677
0.1,fTS,0.0318053916989138
0.1,fTS,0.0753624022083866
0.1,fTS,0.0192670645331836
0.1,fTS,0.0193831983600497
0.1,fTS,0.0299679495056624
0.1,fTS,0.0616584875368594
0.1,fTS,0.0732677811180815
0.1,fTS,0.0859523498408569
0.1,fTS,0.0375689628484205
0.1,fTS,0.0546783291553502
0.1,fTS,0.032801226711803
0.1,fTS,0.0126792830948918
0.1,fTS,0.0423736052651383
0.1,fTS,0.0312248273838648
0.1,fTS,0.0249647699477905
0.1,fTS,0.039633694576073
0.1,fTS,0.0428349939136625
0.1,fTS,0.0569358986697458
0.1,fTS,0.073759702389182
0.1,fTS,0.0265699768604007
0.1,fTS,0.0263309838896314
0.1,fTS,0.0245976253744422
0.1,fTS,0.0345148041558534
0.1,fTS,0.0124579869565408
0.1,fTS,0.0521802047850766
0.1,fTS,0.0293040971559812
0.1,fTS,0.0387553985484569
0.1,fTS,0.0114423708575173
0.1,fTS,0.0466947932974745
0.1,fTS,0.0197464976388378
0.1,fTS,0.0222359182841735
0.1,fTS,0.0231624781874081
0.1,fTS,0.0213722280265923
0.1,fTS,0.0397295558251598
0.1,fTS,0.0123685020718542
0.1,fTS,0.0205143314252984
0.1,fTS,0.011077413789592
0.1,fTS,0.0227872732152773
0.1,fTS,0.0357697203563393
0.1,fTS,0.0428479303677755
0.1,fTS,0.0208566473849863
0.1,fTS,0.0394782435420959
0.1,fTS,0.0189938006158236
0.1,fTS,0.0140655487361305
0.1,fTS,0.0202773352258391
0.1,fTS,0.0209658830977405
0.1,fTS,0.00987542517193286
0.1,fTS,0.0435660436685805
0.1,fTS,0.043952300878161
0.1,fTS,0.0336955578597795
0.1,fTS,0.0367502657742128
0.1,fTS,0.0534273339228755
0.1,fTS,0.0154825173778296
0.1,fTS,0.0603180223869167
0.1,fTS,0.0284629379825433
0.1,fTS,0.101198346243251
0.1,fTS,0.0156971238112222
0.1,fTS,0.0258804850275642
0.1,fTS,0.0361799001893273
0.1,fTS,0.0249382910414111
0.1,fTS,0.0106188722942946
0.1,fTS,0.0205739850324461
0.1,fTS,0.0327031290151457
0.1,fTS,0.033333000758788
0.1,fTS,0.0211269064882565
0.1,fTS,0.0172695296342365
0.1,fTS,0.0175296036794655
0.1,fTS,0.0123342802545344
0.1,fTS,0.0358474663264133
0.1,fTS,0.0157166691147792
0.1,fTS,0.0267241174547002
0.1,fTS,0.0303340304433374
0.1,fTS,0.0337445591671451
0.1,fTS,0.0482807653547495
0.1,fTS,0.0152545817656536
0.1,fTS,0.0319247228357142
0.1,fTS,0.0269430220984672
0.1,fTS,0.0438540653345307
0.1,fTS,0.0370108998507931
0.1,fTS,0.0121115555134587
0.1,fTS,0.0092934234660862
0.1,fTS,0.0904565852665664
0.1,fTS,0.0387151481615308
0.1,fTS,0.0242017574439442
0.1,fTS,0.017138729957696
0.1,fTS,0.0250462237321958
0.1,fTS,0.0147440649803454
0.1,fTS,0.0160291115263055
0.1,fTS,0.0561272996935677
0.1,fTS,0.0418739980234177
0.1,fTS,0.0502133654191305
0.1,fTS,0.0746242788780834
0.1,fTS,0.0515292409229358
0.1,fTS,0.0136340817705447
0.1,fTS,0.0172752552927986
0.1,fTS,0.0436915171189343
0.1,fTS,0.0201673031844645
0.1,fTS,0.0422458581033328
0.1,fTS,0.0298120151425803
0.1,fTS,0.0220170938258367
0.1,fTS,0.0164426192653583
0.1,fTS,0.0233733653160956
0.1,fTS,0.058262529865282
0.1,fTS,0.0183618467745353
0.1,fTS,0.0268073360044863
0.1,fTS,0.0838696482980952
0.1,fTS,0.0323966148129701
0.1,fTS,0.0247629053918895
0.1,fTS,0.0355588286819278
0.1,fTS,0.082950129377841
0.1,fTS,0.0204781768723909
0.1,fTS,0.0194228580993547
0.1,fTS,0.0477278847089103
0.1,fTS,0.0325819000065768
0.1,fTS,0.0580349852206108
0.1,fTS,0.0569716064091751
0.1,fTS,0.0441785329378128
0.1,fTS,0.0392377954053735
0.1,fTS,0.0127774522556893
0.1,fTS,0.0202817543361521
0.1,fTS,0.0328163408338504
0.1,fTS,0.0170518976928903
0.1,fTS,0.0779666988611759
0.1,fTS,0.0278318910900184
0.1,fTS,0.026027302980295
0.1,fTS,0.0175364491172106
0.1,fTS,0.0298558820562314
0.1,fTS,0.0255580610871279
0.1,fTS,0.0639776064162975
0.1,fTS,0.0155244244530948
0.1,fTS,0.0509928553023587
0.1,fTS,0.0441980631400732
0.1,fTS,0.0236415266183056
0.1,fTS,0.0181119419858062
0.1,fTS,0.0506708370372407
0.1,fTS,0.0606049469145839
0.1,fTS,0.0527914363053424
0.1,fTS,0.0268889155912236
0.1,fTS,0.0105637642128262
0.1,fTS,0.014069064326728
0.1,fTS,0.0364166387724976
0.1,fTS,0.0571827057368711
0.1,fTS,0.0542945495839069
0.1,fTS,0.0152318581271104
0.1,fTS,0.0820400527129914
0.1,fTS,0.0297168566219308
0.1,fTS,0.0353674932026723
0.1,fTS,0.0233966373247446
0.1,fTS,0.0427055341707624
0.1,fTS,0.0413456285775704
0.1,fTS,0.0256868780758654
0.1,fTS,0.020544394255574
0.1,fTS,0.0266679211750918
0.1,fTS,0.0723286322490004
0.1,fTS,0.0525977786537734
0.1,fTS,0.0853090878183626
0.1,fTS,0.0425358533894657
0.1,fTS,0.0338677165198186
0.1,fTS,0.0305533906101754
0.1,fTS,0.0224602397950194
0.1,fTS,0.0273416257395898
0.1,fTS,0.0170631202156083
0.1,fTS,0.0594249879780097
0.1,fTS,0.0788136789429931
0.1,fTS,0.0305638549014257
0.1,fTS,0.0521849700475847
0.1,fTS,0.0190918257250818
0.1,fTS,0.0385936226971065
0.1,fTS,0.0200399279670635
0.1,fTS,0.0366153061031622
0.1,fTS,0.0458258362827286
0.1,fTS,0.0238712009028886
0.1,fTS,0.00432841585025304
0.1,fTS,0.0161894311995348
0.1,fTS,0.0602800844480662
0.1,fTS,0.0399290216352938
0.1,fTS,0.0271089488769068
0.1,fTS,0.0547988896610996
0.1,fTS,0.044515192176553
0.1,fTS,0.0301669162714553
0.1,fTS,0.0649966246999966
0.1,fTS,0.0248994710574628
0.1,fTS,0.0169626337374628
0.1,fTS,0.0360951691014435
0.1,fTS,0.014587920467772
0.1,fTS,0.0432427202651743
0.1,fTS,0.0560226265245143
0.1,fTS,0.0671413645085668
0.1,fTS,0.0613069118868397
0.1,LS_oracle,0.0428540854317168
0.1,LS_oracle,0.0291683377675124
0.1,LS_oracle,0.024031356346928
0.1,LS_oracle,0.0104946602247345
0.1,LS_oracle,0.0239741369111422
0.1,LS_oracle,0.0307459382065544
0.1,LS_oracle,0.0327598358293225
0.1,LS_oracle,0.00919629818723933
0.1,LS_oracle,0.00976315659026388
0.1,LS_oracle,0.0286452967279372
0.1,LS_oracle,0.0230189003399266
0.1,LS_oracle,0.0318658215596555
0.1,LS_oracle,0.082886236700336
0.1,LS_oracle,0.0153938022689202
0.1,LS_oracle,0.0156621832414615
0.1,LS_oracle,0.0260086449763359
0.1,LS_oracle,0.063248616007961
0.1,LS_oracle,0.0793246369787195
0.1,LS_oracle,0.0617708213052401
0.1,LS_oracle,0.0495516227892881
0.1,LS_oracle,0.0615544259248406
0.1,LS_oracle,0.0300357714854904
0.1,LS_oracle,0.0129924696298123
0.1,LS_oracle,0.0414803058457234
0.1,LS_oracle,0.0294019369165053
0.1,LS_oracle,0.0175202823555131
0.1,LS_oracle,0.0246483370418621
0.1,LS_oracle,0.0422063578931341
0.1,LS_oracle,0.0327832168177941
0.1,LS_oracle,0.0346285755773885
0.1,LS_oracle,0.014309766661701
0.1,LS_oracle,0.0297142863458774
0.1,LS_oracle,0.0269603487983047
0.1,LS_oracle,0.029755010625724
0.1,LS_oracle,0.0142911567761885
0.1,LS_oracle,0.047413104053545
0.1,LS_oracle,0.0254546837214188
0.1,LS_oracle,0.0378105708434744
0.1,LS_oracle,0.00769403026247431
0.1,LS_oracle,0.0361488114183243
0.1,LS_oracle,0.0212963189461417
0.1,LS_oracle,0.0287638489826998
0.1,LS_oracle,0.0249491231560697
0.1,LS_oracle,0.0239413257052304
0.1,LS_oracle,0.0338335191263693
0.1,LS_oracle,0.00834062440664396
0.1,LS_oracle,0.0190532966178278
0.1,LS_oracle,0.0128881323228306
0.1,LS_oracle,0.0205522264079189
0.1,LS_oracle,0.0370011954838248
0.1,LS_oracle,0.021729498390402
0.1,LS_oracle,0.0219813095656456
0.1,LS_oracle,0.0243416695381186
0.1,LS_oracle,0.00599651267592865
0.1,LS_oracle,0.0164622805910356
0.1,LS_oracle,0.0148013465294291
0.1,LS_oracle,0.0219527125107242
0.1,LS_oracle,0.00745588595330106
0.1,LS_oracle,0.0356385533276533
0.1,LS_oracle,0.0228438585921454
0.1,LS_oracle,0.0288424183908251
0.1,LS_oracle,0.0444681556200266
0.1,LS_oracle,0.0433572207855625
0.1,LS_oracle,0.018963004487911
0.1,LS_oracle,0.0580371901739533
0.1,LS_oracle,0.0338180386093365
0.1,LS_oracle,0.0930380949051816
0.1,LS_oracle,0.0144247841610481
0.1,LS_oracle,0.0228109667130307
0.1,LS_oracle,0.0246729481990271
0.1,LS_oracle,0.0187228921385509
0.1,LS_oracle,0.0118426843582256
0.1,LS_oracle,0.0147115905056035
0.1,LS_oracle,0.0299465278751512
0.1,LS_oracle,0.0337071155219322
0.1,LS_oracle,0.0221514097457805
0.1,LS_oracle,0.01473154644389
0.1,LS_oracle,0.0226927619316859
0.1,LS_oracle,0.0148489720412738
0.1,LS_oracle,0.0373803673510665
0.1,LS_oracle,0.0165564549277095
0.1,LS_oracle,0.0258151211497194
0.1,LS_oracle,0.028022256150653
0.1,LS_oracle,0.0278394260345054
0.1,LS_oracle,0.0433412160610881
0.1,LS_oracle,0.0123507394808035
0.1,LS_oracle,0.0166129633940346
0.1,LS_oracle,0.0253994101221381
0.1,LS_oracle,0.0395793414222391
0.1,LS_oracle,0.0471313960854722
0.1,LS_oracle,0.0065297636257376
0.1,LS_oracle,0.0286539217808172
0.1,LS_oracle,0.0946349622130723
0.1,LS_oracle,0.0532543596781151
0.1,LS_oracle,0.0167027748547551
0.1,LS_oracle,0.0163810876486461
0.1,LS_oracle,0.0216577271307779
0.1,LS_oracle,0.0137509113012251
0.1,LS_oracle,0.0155872168406342
0.1,LS_oracle,0.0648825438847355
0.1,LS_oracle,0.0169205203340746
0.1,LS_oracle,0.0387470240155518
0.1,LS_oracle,0.0401891648448515
0.1,LS_oracle,0.0386203025968488
0.1,LS_oracle,0.0114578443713837
0.1,LS_oracle,0.0169923965152603
0.1,LS_oracle,0.0212303794994455
0.1,LS_oracle,0.0157717257523801
0.1,LS_oracle,0.0408653639636173
0.1,LS_oracle,0.0208198082006391
0.1,LS_oracle,0.0222858289219211
0.1,LS_oracle,0.0152084219492054
0.1,LS_oracle,0.024354636118184
0.1,LS_oracle,0.0162899344981069
0.1,LS_oracle,0.024604486011666
0.1,LS_oracle,0.020771571290639
0.1,LS_oracle,0.0805773326536902
0.1,LS_oracle,0.0240975359842443
0.1,LS_oracle,0.0221857633186294
0.1,LS_oracle,0.0423813721892542
0.1,LS_oracle,0.0785681789245321
0.1,LS_oracle,0.0160250787887321
0.1,LS_oracle,0.0174317966158808
0.1,LS_oracle,0.0392636611561355
0.1,LS_oracle,0.0201185461292745
0.1,LS_oracle,0.0626066943263112
0.1,LS_oracle,0.0625178354142113
0.1,LS_oracle,0.0459551136431581
0.1,LS_oracle,0.0316531253465136
0.1,LS_oracle,0.00685267707243705
0.1,LS_oracle,0.00840646777259773
0.1,LS_oracle,0.0327884388128217
0.1,LS_oracle,0.0153717912816929
0.1,LS_oracle,0.0932522359325697
0.1,LS_oracle,0.0265489632103466
0.1,LS_oracle,0.0252856814963506
0.1,LS_oracle,0.0231762633249603
0.1,LS_oracle,0.0281573124918593
0.1,LS_oracle,0.0240371995990291
0.1,LS_oracle,0.0439129809606761
0.1,LS_oracle,0.0113954169345322
0.1,LS_oracle,0.0424632969196473
0.1,LS_oracle,0.0411553542588428
0.1,LS_oracle,0.0298573109139476
0.1,LS_oracle,0.0120666503077978
0.1,LS_oracle,0.0484468087393566
0.1,LS_oracle,0.0571118536294692
0.1,LS_oracle,0.0516490337477582
0.1,LS_oracle,0.0334801567263401
0.1,LS_oracle,0.00906975060510368
0.1,LS_oracle,0.0134303524570868
0.1,LS_oracle,0.0462945886298815
0.1,LS_oracle,0.0591905232655661
0.1,LS_oracle,0.0533220590047408
0.1,LS_oracle,0.0109296521680951
0.1,LS_oracle,0.0851654352637949
0.1,LS_oracle,0.0078837429458079
0.1,LS_oracle,0.0215637253054059
0.1,LS_oracle,0.0243988209945189
0.1,LS_oracle,0.0505624062355085
0.1,LS_oracle,0.0277642130716182
0.1,LS_oracle,0.0261582022076521
0.1,LS_oracle,0.0137932226854215
0.1,LS_oracle,0.0263507303166259
0.1,LS_oracle,0.0280447128699422
0.1,LS_oracle,0.0485738643062201
0.1,LS_oracle,0.0641299556944608
0.1,LS_oracle,0.0410007463554034
0.1,LS_oracle,0.024760218407474
0.1,LS_oracle,0.0308953549674965
0.1,LS_oracle,0.0106476840313058
0.1,LS_oracle,0.019605525335674
0.1,LS_oracle,0.011031471386943
0.1,LS_oracle,0.0536853703886306
0.1,LS_oracle,0.0686533811513299
0.1,LS_oracle,0.0245491883953419
0.1,LS_oracle,0.0479316342938621
0.1,LS_oracle,0.0258266008737415
0.1,LS_oracle,0.0377454128493433
0.1,LS_oracle,0.0241841615101114
0.1,LS_oracle,0.0274285886854821
0.1,LS_oracle,0.0370548841863049
0.1,LS_oracle,0.0187963687082049
0.1,LS_oracle,0.00712981315095376
0.1,LS_oracle,0.0130022823204802
0.1,LS_oracle,0.0576698292379224
0.1,LS_oracle,0.0404449237166787
0.1,LS_oracle,0.0243179462652943
0.1,LS_oracle,0.0617226888707494
0.1,LS_oracle,0.0339580438127271
0.1,LS_oracle,0.0231199428331571
0.1,LS_oracle,0.0226653655733513
0.1,LS_oracle,0.025298440029139
0.1,LS_oracle,0.0196083474028823
0.1,LS_oracle,0.0367796473760567
0.1,LS_oracle,0.0150397030111174
0.1,LS_oracle,0.0184778427416596
0.1,LS_oracle,0.0512903332220712
0.1,LS_oracle,0.0662672511349392
0.1,LS_oracle,0.0242495704434249
0.1,TS_oracle,0.0421357716911293
0.1,TS_oracle,0.0285137707926924
0.1,TS_oracle,0.0244448268786137
0.1,TS_oracle,0.0112815821243471
0.1,TS_oracle,0.0294968846823967
0.1,TS_oracle,0.0307459382065544
0.1,TS_oracle,0.0325284260700403
0.1,TS_oracle,0.00877196110331496
0.1,TS_oracle,0.0102883958022789
0.1,TS_oracle,0.0270966317005244
0.1,TS_oracle,0.0235169499875295
0.1,TS_oracle,0.0300595471107038
0.1,TS_oracle,0.0752279302341461
0.1,TS_oracle,0.0153172162107039
0.1,TS_oracle,0.0197552448354402
0.1,TS_oracle,0.0304617921658018
0.1,TS_oracle,0.0588259440963655
0.1,TS_oracle,0.0783335910429645
0.1,TS_oracle,0.0605544520095023
0.1,TS_oracle,0.0447877354427766
0.1,TS_oracle,0.0601570905753899
0.1,TS_oracle,0.0300354940897328
0.1,TS_oracle,0.0126278874552821
0.1,TS_oracle,0.0366296481430191
0.1,TS_oracle,0.0294019369165053
0.1,TS_oracle,0.0178075313014596
0.1,TS_oracle,0.0239462500119226
0.1,TS_oracle,0.041287868414232
0.1,TS_oracle,0.0317838936570915
0.1,TS_oracle,0.0383193685581224
0.1,TS_oracle,0.0145605064484974
0.1,TS_oracle,0.0298329936496954
0.1,TS_oracle,0.0236909289438978
0.1,TS_oracle,0.0296899795072627
0.1,TS_oracle,0.0125821608112881
0.1,TS_oracle,0.0474131040535464
0.1,TS_oracle,0.0286449577572882
0.1,TS_oracle,0.0377762066775091
0.1,TS_oracle,0.00606861166174621
0.1,TS_oracle,0.0349220814858325
0.1,TS_oracle,0.0209317687030008
0.1,TS_oracle,0.0226269323680697
0.1,TS_oracle,0.0246861301858087
0.1,TS_oracle,0.0244011435198722
0.1,TS_oracle,0.0338335191263693
0.1,TS_oracle,0.0071246944403939
0.1,TS_oracle,0.0201857185521207
0.1,TS_oracle,0.00936235577095897
0.1,TS_oracle,0.0218337913396357
0.1,TS_oracle,0.0355102882903574
0.1,TS_oracle,0.0278270214141686
0.1,TS_oracle,0.0219451151623924
0.1,TS_oracle,0.0241836384132961
0.1,TS_oracle,0.0062335766310986
0.1,TS_oracle,0.0158433961213561
0.1,TS_oracle,0.0134318111143995
0.1,TS_oracle,0.0219694189190643
0.1,TS_oracle,0.00522096919801686
0.1,TS_oracle,0.0388512589847197
0.1,TS_oracle,0.0310026887593637
0.1,TS_oracle,0.0310480868859479
0.1,TS_oracle,0.0377179049009859
0.1,TS_oracle,0.0420332788255266
0.1,TS_oracle,0.0186218129897614
0.1,TS_oracle,0.0568128895921778
0.1,TS_oracle,0.0287490402656613
0.1,TS_oracle,0.0891680159992244
0.1,TS_oracle,0.0147329571099022
0.1,TS_oracle,0.023624707567454
0.1,TS_oracle,0.0337004886890735
0.1,TS_oracle,0.0191947600871245
0.1,TS_oracle,0.0112648932993599
0.1,TS_oracle,0.0145281747058698
0.1,TS_oracle,0.0291315042879177
0.1,TS_oracle,0.033385374663705
0.1,TS_oracle,0.0218758108127787
0.1,TS_oracle,0.0139472804122444
0.1,TS_oracle,0.0224465698287412
0.1,TS_oracle,0.0151009874802033
0.1,TS_oracle,0.0253846130381904
0.1,TS_oracle,0.0165569210273044
0.1,TS_oracle,0.0255299623628589
0.1,TS_oracle,0.0281353315820344
0.1,TS_oracle,0.0298768683124747
0.1,TS_oracle,0.0403832958106957
0.1,TS_oracle,0.0132226463299417
0.1,TS_oracle,0.0119259460702434
0.1,TS_oracle,0.0249067835157529
0.1,TS_oracle,0.0376873672712314
0.1,TS_oracle,0.032251265520203
0.1,TS_oracle,0.00818545020059909
0.1,TS_oracle,0.0225589532552113
0.1,TS_oracle,0.0946349622130723
0.1,TS_oracle,0.046342251475833
0.1,TS_oracle,0.0170800442884702
0.1,TS_oracle,0.0146335374493842
0.1,TS_oracle,0.0216547885866527
0.1,TS_oracle,0.0145809045020688
0.1,TS_oracle,0.0156137415290625
0.1,TS_oracle,0.0591180844999899
0.1,TS_oracle,0.0180205884530281
0.1,TS_oracle,0.0387470240155518
0.1,TS_oracle,0.0394067810982257
0.1,TS_oracle,0.0414785022128647
0.1,TS_oracle,0.0119358834797418
0.1,TS_oracle,0.0171691162163639
0.1,TS_oracle,0.0212738873324869
0.1,TS_oracle,0.0165254703963946
0.1,TS_oracle,0.0420919509681005
0.1,TS_oracle,0.0212336099849334
0.1,TS_oracle,0.022237893173725
0.1,TS_oracle,0.0142383491896404
0.1,TS_oracle,0.0233902978175405
0.1,TS_oracle,0.0176282270561677
0.1,TS_oracle,0.0241600259387142
0.1,TS_oracle,0.0196787714211253
0.1,TS_oracle,0.0807600586010812
0.1,TS_oracle,0.0240989786146546
0.1,TS_oracle,0.0207067402350103
0.1,TS_oracle,0.0343299787083346
0.1,TS_oracle,0.0766265329580438
0.1,TS_oracle,0.0139348221956131
0.1,TS_oracle,0.0183181646480266
0.1,TS_oracle,0.0384287037351724
0.1,TS_oracle,0.0206544887593198
0.1,TS_oracle,0.0584026287767622
0.1,TS_oracle,0.0610632628048534
0.1,TS_oracle,0.043027721167182
0.1,TS_oracle,0.0316531253465136
0.1,TS_oracle,0.00626565402522147
0.1,TS_oracle,0.00739035493500655
0.1,TS_oracle,0.0341317222591226
0.1,TS_oracle,0.0153717912816929
0.1,TS_oracle,0.0850760368576706
0.1,TS_oracle,0.0284506763542846
0.1,TS_oracle,0.0282695553651581
0.1,TS_oracle,0.0193395158441462
0.1,TS_oracle,0.0283320397358674
0.1,TS_oracle,0.0239509268299901
0.1,TS_oracle,0.0452606946693883
0.1,TS_oracle,0.0118541662778057
0.1,TS_oracle,0.0416448281304598
0.1,TS_oracle,0.0437194827453678
0.1,TS_oracle,0.0298573109139476
0.1,TS_oracle,0.0121020224333494
0.1,TS_oracle,0.0492062933847303
0.1,TS_oracle,0.0553585789974281
0.1,TS_oracle,0.0528603991021564
0.1,TS_oracle,0.0337717901525448
0.1,TS_oracle,0.00742195536491599
0.1,TS_oracle,0.0143828975327232
0.1,TS_oracle,0.0428232580804333
0.1,TS_oracle,0.0556433142815612
0.1,TS_oracle,0.0537657994123362
0.1,TS_oracle,0.0101960612427982
0.1,TS_oracle,0.0848390973053708
0.1,TS_oracle,0.00863886560131314
0.1,TS_oracle,0.0220224326923133
0.1,TS_oracle,0.024214010966446
0.1,TS_oracle,0.0499045761919158
0.1,TS_oracle,0.029693053885876
0.1,TS_oracle,0.0254380394769298
0.1,TS_oracle,0.015222872439254
0.1,TS_oracle,0.0269977086729161
0.1,TS_oracle,0.0286091591449814
0.1,TS_oracle,0.0459251608794002
0.1,TS_oracle,0.0641299556944608
0.1,TS_oracle,0.0386169345391992
0.1,TS_oracle,0.0251370386041135
0.1,TS_oracle,0.0267305791972542
0.1,TS_oracle,0.0111213078830203
0.1,TS_oracle,0.0205203941875317
0.1,TS_oracle,0.011031471386943
0.1,TS_oracle,0.0510144735390114
0.1,TS_oracle,0.068617253937018
0.1,TS_oracle,0.0234478931649902
0.1,TS_oracle,0.0479316342938621
0.1,TS_oracle,0.0241352185466498
0.1,TS_oracle,0.0377554353145068
0.1,TS_oracle,0.0240483499271297
0.1,TS_oracle,0.0285913282290324
0.1,TS_oracle,0.0357323013510511
0.1,TS_oracle,0.0178485752996078
0.1,TS_oracle,0.00706964834034008
0.1,TS_oracle,0.0130022823204802
0.1,TS_oracle,0.0596892347805795
0.1,TS_oracle,0.0386309974858013
0.1,TS_oracle,0.0216978683392842
0.1,TS_oracle,0.0603844289985014
0.1,TS_oracle,0.0341966304027865
0.1,TS_oracle,0.0218420447098058
0.1,TS_oracle,0.0228233421722532
0.1,TS_oracle,0.0253637001509238
0.1,TS_oracle,0.0194203361159125
0.1,TS_oracle,0.0371807512310416
0.1,TS_oracle,0.0149495380298779
0.1,TS_oracle,0.019389987323562
0.1,TS_oracle,0.0518521275374799
0.1,TS_oracle,0.0655045225240699
0.1,TS_oracle,0.0235578893106402
0.2,PLS,0.0302851773899913
0.2,PLS,0.0399084945119297
0.2,PLS,0.0166853686171577
0.2,PLS,0.0744645582654192
0.2,PLS,0.0209248683682583
0.2,PLS,0.00717118521218486
0.2,PLS,0.0396169861896286
0.2,PLS,0.0414925198077455
0.2,PLS,0.0436249604798027
0.2,PLS,0.019801086435244
0.2,PLS,0.019876984270261
0.2,PLS,0.0176033217692469
0.2,PLS,0.0401038723221052
0.2,PLS,0.0588208195896912
0.2,PLS,0.0271870857695652
0.2,PLS,0.0250005385829548
0.2,PLS,0.0146596942180538
0.2,PLS,0.034571229171316
0.2,PLS,0.0544248011832405
0.2,PLS,0.0327409135167136
0.2,PLS,0.0108298620847658
0.2,PLS,0.02704691242229
0.2,PLS,0.0322787760978224
0.2,PLS,0.0502981917703767
0.2,PLS,0.00948510658198562
0.2,PLS,0.0530810626860955
0.2,PLS,0.0192256398335825
0.2,PLS,0.0338580025508442
0.2,PLS,0.0514908965228237
0.2,PLS,0.0282717433450534
0.2,PLS,0.017598556376599
0.2,PLS,0.0150619755017526
0.2,PLS,0.0257975397554676
0.2,PLS,0.0437008084752493
0.2,PLS,0.0455317132390763
0.2,PLS,0.0385754909196511
0.2,PLS,0.0312369933300621
0.2,PLS,0.0987441122406435
0.2,PLS,0.0311641069773647
0.2,PLS,0.0388456768371464
0.2,PLS,0.059157101974887
0.2,PLS,0.0132825026798597
0.2,PLS,0.0562698215500337
0.2,PLS,0.0262205038053257
0.2,PLS,0.046306273245736
0.2,PLS,0.0274423365557031
0.2,PLS,0.0228000766277024
0.2,PLS,0.0320309183531669
0.2,PLS,0.0163976823073187
0.2,PLS,0.073390838215012
0.2,PLS,0.0426549013770325
0.2,PLS,0.0267132418481325
0.2,PLS,0.027805520138337
0.2,PLS,0.0278798517733367
0.2,PLS,0.0242786030165118
0.2,PLS,0.063751853470489
0.2,PLS,0.0559854756781472
0.2,PLS,0.0553291400028382
0.2,PLS,0.0446202120392695
0.2,PLS,0.0221808287762585
0.2,PLS,0.0255159062014004
0.2,PLS,0.0272440750295224
0.2,PLS,0.0240225671306992
0.2,PLS,0.0338211444867537
0.2,PLS,0.0354047939568926
0.2,PLS,0.0260012725236214
0.2,PLS,0.0218509777480798
0.2,PLS,0.0266361950178733
0.2,PLS,0.0661193033193279
0.2,PLS,0.00870724807889544
0.2,PLS,0.0360646719925518
0.2,PLS,0.0524661663984742
0.2,PLS,0.0243754241045444
0.2,PLS,0.0147436771486726
0.2,PLS,0.0644744570019367
0.2,PLS,0.0158422542712755
0.2,PLS,0.0315730439540981
0.2,PLS,0.0581948074557798
0.2,PLS,0.0308402985353059
0.2,PLS,0.0202526386708779
0.2,PLS,0.0348964502562948
0.2,PLS,0.0568852289294885
0.2,PLS,0.00789403857424192
0.2,PLS,0.0530284100759314
0.2,PLS,0.0104818960824124
0.2,PLS,0.0307859810566637
0.2,PLS,0.0361025231157575
0.2,PLS,0.0423730766013922
0.2,PLS,0.0283974525080948
0.2,PLS,0.0140495787252337
0.2,PLS,0.0215379660221117
0.2,PLS,0.0299246880460051
0.2,PLS,0.0071890142311877
0.2,PLS,0.0303447512107803
0.2,PLS,0.1081966596035
0.2,PLS,0.0171978978303
0.2,PLS,0.0544837672838518
0.2,PLS,0.0670597549643953
0.2,PLS,0.0606064001854984
0.2,PLS,0.0599225967751428
0.2,PLS,0.035271403123001
0.2,PLS,0.0121219267262262
0.2,PLS,0.0344298994129353
0.2,PLS,0.0405854275158931
0.2,PLS,0.023034341918466
0.2,PLS,0.0291025717862153
0.2,PLS,0.0199681750040272
0.2,PLS,0.0266929583574364
0.2,PLS,0.0260239687897683
0.2,PLS,0.0129837755559413
0.2,PLS,0.0203082402702119
0.2,PLS,0.0622507613849262
0.2,PLS,0.0314199069765613
0.2,PLS,0.0213144050460065
0.2,PLS,0.0258013892068732
0.2,PLS,0.0291166999779232
0.2,PLS,0.0853570828823771
0.2,PLS,0.0531769943910567
0.2,PLS,0.0447445789383273
0.2,PLS,0.0270047994342387
0.2,PLS,0.0464480478965219
0.2,PLS,0.0742662787474555
0.2,PLS,0.0304066805655927
0.2,PLS,0.0371042052829399
0.2,PLS,0.0467819335986975
0.2,PLS,0.0284466510052715
0.2,PLS,0.0474717785682163
0.2,PLS,0.0624529043831705
0.2,PLS,0.0372186073146087
0.2,PLS,0.0337870542060796
0.2,PLS,0.0397854817377376
0.2,PLS,0.0682905822709455
0.2,PLS,0.0376610374857423
0.2,PLS,0.0383372830331135
0.2,PLS,0.0213945826364482
0.2,PLS,0.066210117233867
0.2,PLS,0.0194908746617858
0.2,PLS,0.0243854528344062
0.2,PLS,0.0599244828201936
0.2,PLS,0.0496058535378688
0.2,PLS,0.0991802769414799
0.2,PLS,0.0468343969232686
0.2,PLS,0.0250039113697596
0.2,PLS,0.0125260636720586
0.2,PLS,0.0279905015282921
0.2,PLS,0.0180752902321858
0.2,PLS,0.0220986399858964
0.2,PLS,0.0221628411807244
0.2,PLS,0.0101290035812152
0.2,PLS,0.0293882275895455
0.2,PLS,0.0310929232892772
0.2,PLS,0.0471153496260491
0.2,PLS,0.0346030542466339
0.2,PLS,0.0404968131232473
0.2,PLS,0.0263372736846537
0.2,PLS,0.0258907813105127
0.2,PLS,0.063924731304335
0.2,PLS,0.0227301729067342
0.2,PLS,0.00913418239241834
0.2,PLS,0.0284948379253756
0.2,PLS,0.0697733800694539
0.2,PLS,0.0256061424710519
0.2,PLS,0.0210744007133498
0.2,PLS,0.0205628566729707
0.2,PLS,0.024579244303962
0.2,PLS,0.0781383361400302
0.2,PLS,0.00987461478904852
0.2,PLS,0.0162735521961173
0.2,PLS,0.0408342319718174
0.2,PLS,0.0152277320279215
0.2,PLS,0.0249250508571261
0.2,PLS,0.0500300779379648
0.2,PLS,0.0310165592241111
0.2,PLS,0.0103547219372745
0.2,PLS,0.0419082632212606
0.2,PLS,0.0338415133320962
0.2,PLS,0.00904689031235129
0.2,PLS,0.0113922114001558
0.2,PLS,0.0349314958369336
0.2,PLS,0.0186405980161907
0.2,PLS,0.0199010705598185
0.2,PLS,0.0288920243887721
0.2,PLS,0.0214095562626885
0.2,PLS,0.0554502431401103
0.2,PLS,0.0214196015014899
0.2,PLS,0.0089869095849987
0.2,PLS,0.0472819727109586
0.2,PLS,0.0372525096248377
0.2,PLS,0.0294578913953847
0.2,PLS,0.063215429453713
0.2,PLS,0.0236223547640156
0.2,PLS,0.0130244583488993
0.2,PLS,0.029722939667991
0.2,PLS,0.0573323469081022
0.2,PLS,0.0463763994873604
0.2,PLS,0.02880339766244
0.2,PLS,0.0351164538812964
0.2,PLS,0.0385575757557369
0.2,PLS,0.0129813647366015
0.2,PLS,0.0136066555149201
0.2,fTS,0.027199519469126
0.2,fTS,0.0325690879108716
0.2,fTS,0.0195584912003559
0.2,fTS,0.0572584963454639
0.2,fTS,0.0192892674855522
0.2,fTS,0.00460775358080958
0.2,fTS,0.0441459301973596
0.2,fTS,0.0475160432515921
0.2,fTS,0.0465381531403136
0.2,fTS,0.0234918773739926
0.2,fTS,0.0222223148385715
0.2,fTS,0.0141734376997017
0.2,fTS,0.0327140817866126
0.2,fTS,0.06420009134163
0.2,fTS,0.0293506451425996
0.2,fTS,0.0200337956566585
0.2,fTS,0.0160349709387874
0.2,fTS,0.0399918159901033
0.2,fTS,0.0644996438403813
0.2,fTS,0.0332316441283008
0.2,fTS,0.0158868617443471
0.2,fTS,0.0178365398198508
0.2,fTS,0.0275168428121021
0.2,fTS,0.0362802978938329
0.2,fTS,0.021036470109848
0.2,fTS,0.0525728920778714
0.2,fTS,0.0163269672507948
0.2,fTS,0.0285579651427419
0.2,fTS,0.0456327687791063
0.2,fTS,0.0250102994327951
0.2,fTS,0.016465125512516
0.2,fTS,0.0195704112115947
0.2,fTS,0.0222887679994638
0.2,fTS,0.0350810397575258
0.2,fTS,0.0414045779891045
0.2,fTS,0.0374038419421788
0.2,fTS,0.0340463771447237
0.2,fTS,0.0707438388403524
0.2,fTS,0.0248297745153878
0.2,fTS,0.0390831939397095
0.2,fTS,0.0618203819225745
0.2,fTS,0.010088553211382
0.2,fTS,0.0531347156008088
0.2,fTS,0.0224338724129749
0.2,fTS,0.0405191111220179
0.2,fTS,0.0317172514525405
0.2,fTS,0.0159718013289864
0.2,fTS,0.0532570875036408
0.2,fTS,0.0210774326270823
0.2,fTS,0.0686834507943028
0.2,fTS,0.0502798861797259
0.2,fTS,0.0334954405077466
0.2,fTS,0.0293572098843836
0.2,fTS,0.0237147804489035
0.2,fTS,0.023535589424392
0.2,fTS,0.0525203142660269
0.2,fTS,0.0420689719380645
0.2,fTS,0.0534876729406328
0.2,fTS,0.0426196276668035
0.2,fTS,0.0207067242554049
0.2,fTS,0.0294407935008434
0.2,fTS,0.0271155195440838
0.2,fTS,0.0246432317560514
0.2,fTS,0.0256278615156823
0.2,fTS,0.0347891610950773
0.2,fTS,0.0301159823036585
0.2,fTS,0.0160551324959586
0.2,fTS,0.0270458071912587
0.2,fTS,0.0587941080970633
0.2,fTS,0.0120925421536165
0.2,fTS,0.0434168760040234
0.2,fTS,0.0614746303049402
0.2,fTS,0.0263581045606001
0.2,fTS,0.0160447105779923
0.2,fTS,0.0730363749700071
0.2,fTS,0.0134481204047402
0.2,fTS,0.0291469076560489
0.2,fTS,0.0615343185516609
0.2,fTS,0.028350807557654
0.2,fTS,0.019692407789399
0.2,fTS,0.0261226403227971
0.2,fTS,0.047519489629766
0.2,fTS,0.00971466303181987
0.2,fTS,0.0539215862779817
0.2,fTS,0.0191836311653049
0.2,fTS,0.0326676199365672
0.2,fTS,0.0387736391812509
0.2,fTS,0.0440952137410739
0.2,fTS,0.0334287831684825
0.2,fTS,0.0151866363119899
0.2,fTS,0.03032456772345
0.2,fTS,0.0373531669542647
0.2,fTS,0.00919640477788173
0.2,fTS,0.0436605347220177
0.2,fTS,0.0949488379174211
0.2,fTS,0.0214258952390177
0.2,fTS,0.0657161435887156
0.2,fTS,0.0747462972811436
0.2,fTS,0.0549204728424134
0.2,fTS,0.0436763949837422
0.2,fTS,0.0333446535644806
0.2,fTS,0.0133821863968653
0.2,fTS,0.0394456732598243
0.2,fTS,0.0472452811112381
0.2,fTS,0.0264823391118649
0.2,fTS,0.0178063916062918
0.2,fTS,0.0216350121073544
0.2,fTS,0.0248751319429263
0.2,fTS,0.0317177937042376
0.2,fTS,0.0143483645976764
0.2,fTS,0.0212505065803751
0.2,fTS,0.0486154412165692
0.2,fTS,0.0300814221392319
0.2,fTS,0.0258595731211096
0.2,fTS,0.0295073465699319
0.2,fTS,0.0180164743146889
0.2,fTS,0.092906403579193
0.2,fTS,0.0493897980251542
0.2,fTS,0.0447113890936485
0.2,fTS,0.0262814244543524
0.2,fTS,0.0120792167310263
0.2,fTS,0.0714010084707638
0.2,fTS,0.0352974423040274
0.2,fTS,0.0423559892656669
0.2,fTS,0.0479627098302333
0.2,fTS,0.0299533124909479
0.2,fTS,0.0275988255532997
0.2,fTS,0.058242700022302
0.2,fTS,0.0232263084159552
0.2,fTS,0.0240102510925632
0.2,fTS,0.0406812767673562
0.2,fTS,0.0591709695209894
0.2,fTS,0.0469863555906464
0.2,fTS,0.0343126727641288
0.2,fTS,0.0252431603774094
0.2,fTS,0.0588147360285819
0.2,fTS,0.0134382869733599
0.2,fTS,0.0213300130875309
0.2,fTS,0.070117842165316
0.2,fTS,0.0661819300189473
0.2,fTS,0.0641303249508133
0.2,fTS,0.037571272439511
0.2,fTS,0.022223419206033
0.2,fTS,0.015697463634349
0.2,fTS,0.0248121999972712
0.2,fTS,0.0241825022538935
0.2,fTS,0.0168510817997209
0.2,fTS,0.0249178321011236
0.2,fTS,0.0140276116610017
0.2,fTS,0.0274631036468602
0.2,fTS,0.0333727183113865
0.2,fTS,0.0381172317579495
0.2,fTS,0.0266388205833561
0.2,fTS,0.0331640808420715
0.2,fTS,0.0141586401935271
0.2,fTS,0.0158035001065761
0.2,fTS,0.0639689593003372
0.2,fTS,0.0330029586412154
0.2,fTS,0.0119816962976856
0.2,fTS,0.0344974613369787
0.2,fTS,0.0698016060697941
0.2,fTS,0.0201779645823684
0.2,fTS,0.0236488615173369
0.2,fTS,0.0231530277606868
0.2,fTS,0.0228168478720033
0.2,fTS,0.0566872257309468
0.2,fTS,0.00473479053642078
0.2,fTS,0.0159074074729996
0.2,fTS,0.0342072570977808
0.2,fTS,0.025162466154756
0.2,fTS,0.0225238448072226
0.2,fTS,0.0497787667587946
0.2,fTS,0.0300818218828635
0.2,fTS,0.00949273048269697
0.2,fTS,0.0343664815398302
0.2,fTS,0.0461892205810407
0.2,fTS,0.0148878270781964
0.2,fTS,0.0104768248916389
0.2,fTS,0.036879853219659
0.2,fTS,0.0205061378839802
0.2,fTS,0.0210405864367192
0.2,fTS,0.0307344105265134
0.2,fTS,0.0145859090234445
0.2,fTS,0.0700305892797683
0.2,fTS,0.0224277089445374
0.2,fTS,0.0105464254097959
0.2,fTS,0.0422178466632406
0.2,fTS,0.0326937774699575
0.2,fTS,0.0301217078184908
0.2,fTS,0.0571141475349195
0.2,fTS,0.022664623033088
0.2,fTS,0.00860354458440475
0.2,fTS,0.0224334123957502
0.2,fTS,0.0689946619804092
0.2,fTS,0.0256006573327541
0.2,fTS,0.0249032074143661
0.2,fTS,0.0241613891997411
0.2,fTS,0.032986673888182
0.2,fTS,0.0150156967446879
0.2,fTS,0.0169902751879835
0.2,LS_oracle,0.0298323234380154
0.2,LS_oracle,0.0262816911219002
0.2,LS_oracle,0.0207916670211977
0.2,LS_oracle,0.0323108434531355
0.2,LS_oracle,0.0216332962053279
0.2,LS_oracle,0.00698230310406067
0.2,LS_oracle,0.0295829763525479
0.2,LS_oracle,0.0332955980660261
0.2,LS_oracle,0.0356662125272019
0.2,LS_oracle,0.0163875921019747
0.2,LS_oracle,0.031195913842433
0.2,LS_oracle,0.0166745543268598
0.2,LS_oracle,0.0344793358270586
0.2,LS_oracle,0.0439400523070282
0.2,LS_oracle,0.0257648168941928
0.2,LS_oracle,0.018852082123902
0.2,LS_oracle,0.0134326436347125
0.2,LS_oracle,0.0341831240460084
0.2,LS_oracle,0.0389220439939437
0.2,LS_oracle,0.031101379620845
0.2,LS_oracle,0.00797556939050593
0.2,LS_oracle,0.0143228476520995
0.2,LS_oracle,0.0284593890457676
0.2,LS_oracle,0.0241250552574477
0.2,LS_oracle,0.00759750396773089
0.2,LS_oracle,0.0566099140729753
0.2,LS_oracle,0.0160746279228871
0.2,LS_oracle,0.0275894358613344
0.2,LS_oracle,0.0443802248092854
0.2,LS_oracle,0.0480067671633501
0.2,LS_oracle,0.0186320589495847
0.2,LS_oracle,0.015646641683476
0.2,LS_oracle,0.0220477144995952
0.2,LS_oracle,0.0397201565713586
0.2,LS_oracle,0.0378816984551494
0.2,LS_oracle,0.0319118282310393
0.2,LS_oracle,0.0317836046598014
0.2,LS_oracle,0.115572315676414
0.2,LS_oracle,0.0281498430818412
0.2,LS_oracle,0.0431999350765016
0.2,LS_oracle,0.0559727290301327
0.2,LS_oracle,0.0112363778513747
0.2,LS_oracle,0.053212049331672
0.2,LS_oracle,0.0262363126952333
0.2,LS_oracle,0.0561513587200813
0.2,LS_oracle,0.0217444275841044
0.2,LS_oracle,0.0126423170410487
0.2,LS_oracle,0.0196357048866498
0.2,LS_oracle,0.00956539751734418
0.2,LS_oracle,0.0588256632413748
0.2,LS_oracle,0.0318302221054173
0.2,LS_oracle,0.0262626259784491
0.2,LS_oracle,0.0280273300961493
0.2,LS_oracle,0.0295598623868497
0.2,LS_oracle,0.0188629373246817
0.2,LS_oracle,0.0670269280898647
0.2,LS_oracle,0.0560842421018117
0.2,LS_oracle,0.0533497608523823
0.2,LS_oracle,0.0438368036959835
0.2,LS_oracle,0.0290515335913614
0.2,LS_oracle,0.0225230004874284
0.2,LS_oracle,0.0213549012975845
0.2,LS_oracle,0.0196826752471726
0.2,LS_oracle,0.034067621414949
0.2,LS_oracle,0.0315304790885511
0.2,LS_oracle,0.0247362140364242
0.2,LS_oracle,0.0203210389080918
0.2,LS_oracle,0.0374382036470248
0.2,LS_oracle,0.0576266547219104
0.2,LS_oracle,0.00819629124100203
0.2,LS_oracle,0.0351699038554737
0.2,LS_oracle,0.0441859624044855
0.2,LS_oracle,0.0285275367359609
0.2,LS_oracle,0.0125697123360409
0.2,LS_oracle,0.0994786016571001
0.2,LS_oracle,0.0183227588179236
0.2,LS_oracle,0.0299371410696934
0.2,LS_oracle,0.0664421850968433
0.2,LS_oracle,0.0218884981122324
0.2,LS_oracle,0.016791529952565
0.2,LS_oracle,0.0289318118870356
0.2,LS_oracle,0.0545565301755865
0.2,LS_oracle,0.00726846493853872
0.2,LS_oracle,0.0447393952658037
0.2,LS_oracle,0.00625770220299394
0.2,LS_oracle,0.0233942743696972
0.2,LS_oracle,0.0319871744658357
0.2,LS_oracle,0.042414706271837
0.2,LS_oracle,0.0272402141336643
0.2,LS_oracle,0.0152495241032689
0.2,LS_oracle,0.015121837532178
0.2,LS_oracle,0.0186654447022582
0.2,LS_oracle,0.01241156956854
0.2,LS_oracle,0.0163089436790658
0.2,LS_oracle,0.0989978090145859
0.2,LS_oracle,0.0196836959953111
0.2,LS_oracle,0.0536202536460502
0.2,LS_oracle,0.0658386835866672
0.2,LS_oracle,0.091319736122517
0.2,LS_oracle,0.0388869393675906
0.2,LS_oracle,0.0343071118800471
0.2,LS_oracle,0.0117337354540721
0.2,LS_oracle,0.0319253337060425
0.2,LS_oracle,0.0406037107951593
0.2,LS_oracle,0.0246422665053674
0.2,LS_oracle,0.0272199998300926
0.2,LS_oracle,0.0169334720517948
0.2,LS_oracle,0.0317519358607168
0.2,LS_oracle,0.017330741606386
0.2,LS_oracle,0.0126714323651272
0.2,LS_oracle,0.0198909326728859
0.2,LS_oracle,0.0462339998654374
0.2,LS_oracle,0.0247229400759171
0.2,LS_oracle,0.0237148943893755
0.2,LS_oracle,0.0484835098673005
0.2,LS_oracle,0.0215624329411642
0.2,LS_oracle,0.0528449048424934
0.2,LS_oracle,0.0466207388088121
0.2,LS_oracle,0.0310760720063523
0.2,LS_oracle,0.0420203707293619
0.2,LS_oracle,0.0098873751392937
0.2,LS_oracle,0.0646955170598344
0.2,LS_oracle,0.0244284046149971
0.2,LS_oracle,0.0308097162048879
0.2,LS_oracle,0.0325337077544701
0.2,LS_oracle,0.0254239178305943
0.2,LS_oracle,0.0368079826986141
0.2,LS_oracle,0.063772567290007
0.2,LS_oracle,0.0209099038789864
0.2,LS_oracle,0.0316719742739356
0.2,LS_oracle,0.0292252211201593
0.2,LS_oracle,0.0594291859297619
0.2,LS_oracle,0.0376263223756283
0.2,LS_oracle,0.0362547069167291
0.2,LS_oracle,0.0209756404905541
0.2,LS_oracle,0.066648438753894
0.2,LS_oracle,0.0167418985616901
0.2,LS_oracle,0.0244776298159467
0.2,LS_oracle,0.060953799586891
0.2,LS_oracle,0.0359049014052538
0.2,LS_oracle,0.0478881204181249
0.2,LS_oracle,0.0324764225112933
0.2,LS_oracle,0.0164004252119353
0.2,LS_oracle,0.0153909450216053
0.2,LS_oracle,0.0298491246374341
0.2,LS_oracle,0.0182453484771382
0.2,LS_oracle,0.0180037973395666
0.2,LS_oracle,0.00952074629871146
0.2,LS_oracle,0.00642030491194411
0.2,LS_oracle,0.0236420830559068
0.2,LS_oracle,0.0291950767260904
0.2,LS_oracle,0.0524687923897434
0.2,LS_oracle,0.0289406698241819
0.2,LS_oracle,0.0358744190799119
0.2,LS_oracle,0.0171217065294158
0.2,LS_oracle,0.0318022209355111
0.2,LS_oracle,0.0450947070325741
0.2,LS_oracle,0.0124461371821722
0.2,LS_oracle,0.0090358665903241
0.2,LS_oracle,0.0225729520852605
0.2,LS_oracle,0.0477144244993714
0.2,LS_oracle,0.0157759740923257
0.2,LS_oracle,0.026782088979145
0.2,LS_oracle,0.0402225984735176
0.2,LS_oracle,0.0218172952484438
0.2,LS_oracle,0.0507592694856115
0.2,LS_oracle,0.0098321800525626
0.2,LS_oracle,0.0107932382802415
0.2,LS_oracle,0.0545811429601682
0.2,LS_oracle,0.0152125725258951
0.2,LS_oracle,0.0289101365005314
0.2,LS_oracle,0.0341072876711236
0.2,LS_oracle,0.0344502672895749
0.2,LS_oracle,0.0111130910500654
0.2,LS_oracle,0.0368575847212575
0.2,LS_oracle,0.0410191427229936
0.2,LS_oracle,0.00867994794603722
0.2,LS_oracle,0.00908839454229851
0.2,LS_oracle,0.033948057292349
0.2,LS_oracle,0.0245475979697035
0.2,LS_oracle,0.0195085746610394
0.2,LS_oracle,0.0291281507550524
0.2,LS_oracle,0.015410007478379
0.2,LS_oracle,0.0281523361787247
0.2,LS_oracle,0.0124203114718516
0.2,LS_oracle,0.0070672313316649
0.2,LS_oracle,0.0513736151794511
0.2,LS_oracle,0.0346402765735293
0.2,LS_oracle,0.0215789112442634
0.2,LS_oracle,0.0792386921396434
0.2,LS_oracle,0.0159485775036729
0.2,LS_oracle,0.0124381023444306
0.2,LS_oracle,0.0417252259272523
0.2,LS_oracle,0.0475610061572521
0.2,LS_oracle,0.0193383549404045
0.2,LS_oracle,0.0272301967539762
0.2,LS_oracle,0.0290798351820637
0.2,LS_oracle,0.0315658720988481
0.2,LS_oracle,0.0259017736715579
0.2,LS_oracle,0.00695091122149072
0.2,TS_oracle,0.0265781116338654
0.2,TS_oracle,0.0242627923916264
0.2,TS_oracle,0.0217008567620171
0.2,TS_oracle,0.0292901497880247
0.2,TS_oracle,0.0180106347325389
0.2,TS_oracle,0.00410161005097473
0.2,TS_oracle,0.0358552127810346
0.2,TS_oracle,0.0299185873867067
0.2,TS_oracle,0.0401285375049935
0.2,TS_oracle,0.0234618381337568
0.2,TS_oracle,0.0283872303344262
0.2,TS_oracle,0.0139350717339135
0.2,TS_oracle,0.0281653091543194
0.2,TS_oracle,0.0579040943971698
0.2,TS_oracle,0.0285015583366077
0.2,TS_oracle,0.0148245649202576
0.2,TS_oracle,0.0123326449914347
0.2,TS_oracle,0.0390766394905825
0.2,TS_oracle,0.0476153543176043
0.2,TS_oracle,0.0319247287035219
0.2,TS_oracle,0.0123542078011989
0.2,TS_oracle,0.00873605750957773
0.2,TS_oracle,0.0247287982671922
0.2,TS_oracle,0.018311587014924
0.2,TS_oracle,0.0100462596958446
0.2,TS_oracle,0.0553637783123542
0.2,TS_oracle,0.0114656805504398
0.2,TS_oracle,0.0241405689317475
0.2,TS_oracle,0.0412281671264374
0.2,TS_oracle,0.0395920844719558
0.2,TS_oracle,0.01643052308568
0.2,TS_oracle,0.0201142493605875
0.2,TS_oracle,0.0178743665977056
0.2,TS_oracle,0.032864865191278
0.2,TS_oracle,0.0368551271154038
0.2,TS_oracle,0.02973387453154
0.2,TS_oracle,0.0346309730245136
0.2,TS_oracle,0.0703676938991014
0.2,TS_oracle,0.0238734436643739
0.2,TS_oracle,0.0426278558793676
0.2,TS_oracle,0.0492416222221594
0.2,TS_oracle,0.0104591138554607
0.2,TS_oracle,0.0400327489323032
0.2,TS_oracle,0.0203166717506083
0.2,TS_oracle,0.0469107860521609
0.2,TS_oracle,0.0178207827532965
0.2,TS_oracle,0.00877890790913807
0.2,TS_oracle,0.0209550723188162
0.2,TS_oracle,0.00921031040518961
0.2,TS_oracle,0.0554331320648329
0.2,TS_oracle,0.0366184830281198
0.2,TS_oracle,0.0298805836896747
0.2,TS_oracle,0.0289021412465701
0.2,TS_oracle,0.0239768944847179
0.2,TS_oracle,0.0161185902799769
0.2,TS_oracle,0.0519150426382719
0.2,TS_oracle,0.0376474057865116
0.2,TS_oracle,0.0548620905655174
0.2,TS_oracle,0.0422257082013004
0.2,TS_oracle,0.0258971273354992
0.2,TS_oracle,0.0226508674709241
0.2,TS_oracle,0.0173476020172135
0.2,TS_oracle,0.0190959105714477
0.2,TS_oracle,0.0259478810044201
0.2,TS_oracle,0.0315705258143226
0.2,TS_oracle,0.0295395468886364
0.2,TS_oracle,0.0151188129305638
0.2,TS_oracle,0.036779066124179
0.2,TS_oracle,0.0527070937919797
0.2,TS_oracle,0.00761902520504867
0.2,TS_oracle,0.0410102154875587
0.2,TS_oracle,0.0450029175505703
0.2,TS_oracle,0.0295117383690983
0.2,TS_oracle,0.0166304977359705
0.2,TS_oracle,0.0954619092781344
0.2,TS_oracle,0.0144903191920258
0.2,TS_oracle,0.0270274669961831
0.2,TS_oracle,0.0688161778666447
0.2,TS_oracle,0.0162722451874674
0.2,TS_oracle,0.0177425558252125
0.2,TS_oracle,0.0255775704332368
0.2,TS_oracle,0.0456729891453928
0.2,TS_oracle,0.00920764013300721
0.2,TS_oracle,0.0457167505917713
0.2,TS_oracle,0.0104053439231319
0.2,TS_oracle,0.0188092334384007
0.2,TS_oracle,0.037969155052355
0.2,TS_oracle,0.0438273899515532
0.2,TS_oracle,0.0263002919963098
0.2,TS_oracle,0.0156658205101361
0.2,TS_oracle,0.0289642172333422
0.2,TS_oracle,0.0220174067480998
0.2,TS_oracle,0.0142562249283943
0.2,TS_oracle,0.0169701736130848
0.2,TS_oracle,0.0865840265659188
0.2,TS_oracle,0.0196688639773299
0.2,TS_oracle,0.0650425997275658
0.2,TS_oracle,0.0710803119145283
0.2,TS_oracle,0.0743970874745127
0.2,TS_oracle,0.0341578505124336
0.2,TS_oracle,0.0331858536163391
0.2,TS_oracle,0.0113815493972467
0.2,TS_oracle,0.0289432599174487
0.2,TS_oracle,0.0431857205681753
0.2,TS_oracle,0.0283328253272845
0.2,TS_oracle,0.0165413387916259
0.2,TS_oracle,0.02075223749297
0.2,TS_oracle,0.0299734400078809
0.2,TS_oracle,0.0203581734589793
0.2,TS_oracle,0.0143567276341853
0.2,TS_oracle,0.0213808822616126
0.2,TS_oracle,0.0329630038693234
0.2,TS_oracle,0.0216461634969559
0.2,TS_oracle,0.0283647754501231
0.2,TS_oracle,0.0455165454134464
0.2,TS_oracle,0.0178920663822007
0.2,TS_oracle,0.0559142541506657
0.2,TS_oracle,0.0445635667597405
0.2,TS_oracle,0.033322968731282
0.2,TS_oracle,0.0292652479233505
0.2,TS_oracle,0.00873228296363739
0.2,TS_oracle,0.0659848784537198
0.2,TS_oracle,0.0270894644404918
0.2,TS_oracle,0.0300820504300627
0.2,TS_oracle,0.0311513872192531
0.2,TS_oracle,0.0202586578573025
0.2,TS_oracle,0.0256791275351461
0.2,TS_oracle,0.0568514488604132
0.2,TS_oracle,0.0202001109491663
0.2,TS_oracle,0.0215115075210433
0.2,TS_oracle,0.0326703795337616
0.2,TS_oracle,0.0546608324572299
0.2,TS_oracle,0.0436576073388172
0.2,TS_oracle,0.0311897117563164
0.2,TS_oracle,0.0253806299010073
0.2,TS_oracle,0.0572119428205725
0.2,TS_oracle,0.0131806151814292
0.2,TS_oracle,0.0217012927897286
0.2,TS_oracle,0.0573607384305711
0.2,TS_oracle,0.0340547625568951
0.2,TS_oracle,0.0412251663805841
0.2,TS_oracle,0.0292180921782471
0.2,TS_oracle,0.013739235616831
0.2,TS_oracle,0.0173945402609056
0.2,TS_oracle,0.0255351323684449
0.2,TS_oracle,0.0244653347434122
0.2,TS_oracle,0.0141073318375253
0.2,TS_oracle,0.0113058360393732
0.2,TS_oracle,0.00518679482951104
0.2,TS_oracle,0.0197624007306088
0.2,TS_oracle,0.0337297098391088
0.2,TS_oracle,0.0436977729851378
0.2,TS_oracle,0.0249778756777217
0.2,TS_oracle,0.0334346988343033
0.2,TS_oracle,0.0128179717952865
0.2,TS_oracle,0.0175350747551555
0.2,TS_oracle,0.0489134539650701
0.2,TS_oracle,0.0122074796024849
0.2,TS_oracle,0.0119155615728614
0.2,TS_oracle,0.0257546165152448
0.2,TS_oracle,0.0485783088605561
0.2,TS_oracle,0.0110777901473246
0.2,TS_oracle,0.0292740752707887
0.2,TS_oracle,0.0350557627036281
0.2,TS_oracle,0.0187959034004535
0.2,TS_oracle,0.0412548025566334
0.2,TS_oracle,0.00393392413025987
0.2,TS_oracle,0.00905031448808213
0.2,TS_oracle,0.0455026724660926
0.2,TS_oracle,0.0230666553232749
0.2,TS_oracle,0.024560473435947
0.2,TS_oracle,0.0224083450130981
0.2,TS_oracle,0.0335025220247283
0.2,TS_oracle,0.0105022930286808
0.2,TS_oracle,0.0292712453026866
0.2,TS_oracle,0.0482692891701914
0.2,TS_oracle,0.0104939054150122
0.2,TS_oracle,0.00883092691213145
0.2,TS_oracle,0.0365786279782117
0.2,TS_oracle,0.0250230439701136
0.2,TS_oracle,0.0207633033178992
0.2,TS_oracle,0.0310228379142639
0.2,TS_oracle,0.0138506596572407
0.2,TS_oracle,0.037447650244771
0.2,TS_oracle,0.0137167367218351
0.2,TS_oracle,0.00704908576153088
0.2,TS_oracle,0.0450162419265859
0.2,TS_oracle,0.0324489853700919
0.2,TS_oracle,0.0279148900514368
0.2,TS_oracle,0.0842836499758416
0.2,TS_oracle,0.0152541108011731
0.2,TS_oracle,0.00814794378034272
0.2,TS_oracle,0.0319742617385835
0.2,TS_oracle,0.0549494532758505
0.2,TS_oracle,0.0148262472649214
0.2,TS_oracle,0.0230200165339914
0.2,TS_oracle,0.0287422924955433
0.2,TS_oracle,0.032273594441795
0.2,TS_oracle,0.0206839294078813
0.2,TS_oracle,0.0140624148199746
0.3,PLS,0.0110523038149802
0.3,PLS,0.0795973822327274
0.3,PLS,0.0140300317573704
0.3,PLS,0.0257646337206572
0.3,PLS,0.0333702208778462
0.3,PLS,0.0501320575947463
0.3,PLS,0.0280136134812058
0.3,PLS,0.0206614995277816
0.3,PLS,0.0279989066917195
0.3,PLS,0.0329053323496969
0.3,PLS,0.0496745860074937
0.3,PLS,0.0274647631623588
0.3,PLS,0.0183318965757441
0.3,PLS,0.0701861804169958
0.3,PLS,0.0186780820293409
0.3,PLS,0.0286863455422243
0.3,PLS,0.0160694236766578
0.3,PLS,0.0232744161369855
0.3,PLS,0.0146266329427035
0.3,PLS,0.0445305740618657
0.3,PLS,0.0187858932424834
0.3,PLS,0.0172505303489082
0.3,PLS,0.0320343103362384
0.3,PLS,0.0573052952857676
0.3,PLS,0.0129677897928818
0.3,PLS,0.0608034827485381
0.3,PLS,0.0257431950397286
0.3,PLS,0.0216080880239838
0.3,PLS,0.0309130528566666
0.3,PLS,0.0108148380673316
0.3,PLS,0.0315868413891208
0.3,PLS,0.0253931439708452
0.3,PLS,0.0358637040400162
0.3,PLS,0.0239405957221129
0.3,PLS,0.0118000065718526
0.3,PLS,0.051406324107907
0.3,PLS,0.0407092948438567
0.3,PLS,0.0410551407634311
0.3,PLS,0.0165362804344992
0.3,PLS,0.137108599812376
0.3,PLS,0.0350544353660569
0.3,PLS,0.0329091706748425
0.3,PLS,0.0734768885565359
0.3,PLS,0.0272093212059754
0.3,PLS,0.0351465031582511
0.3,PLS,0.00738973986384774
0.3,PLS,0.0443262442233379
0.3,PLS,0.0693397643122479
0.3,PLS,0.0312779772120021
0.3,PLS,0.0438474825715193
0.3,PLS,0.029226354149793
0.3,PLS,0.0277573578480727
0.3,PLS,0.014924434793955
0.3,PLS,0.0349401885044972
0.3,PLS,0.0353034016807011
0.3,PLS,0.0943077179484226
0.3,PLS,0.0243981043632132
0.3,PLS,0.0299689500332826
0.3,PLS,0.0332555971655721
0.3,PLS,0.0197556071602968
0.3,PLS,0.0600458792593854
0.3,PLS,0.0540643997185077
0.3,PLS,0.00851119026238228
0.3,PLS,0.00556727659986306
0.3,PLS,0.0169102638099984
0.3,PLS,0.0417309216343337
0.3,PLS,0.00787417467914073
0.3,PLS,0.0426271364754394
0.3,PLS,0.0549102397173624
0.3,PLS,0.0429922011302573
0.3,PLS,0.0198645664747282
0.3,PLS,0.0622714299943273
0.3,PLS,0.0277131831681364
0.3,PLS,0.0358796294834399
0.3,PLS,0.0365774489815265
0.3,PLS,0.0223919355977686
0.3,PLS,0.0339369363765951
0.3,PLS,0.0264524103190662
0.3,PLS,0.0425519801301676
0.3,PLS,0.0226619645736976
0.3,PLS,0.0367662637947979
0.3,PLS,0.0342316292764752
0.3,PLS,0.0106156541594381
0.3,PLS,0.0512723992152578
0.3,PLS,0.012999744070889
0.3,PLS,0.0731033877904925
0.3,PLS,0.0199663893630542
0.3,PLS,0.017879296442491
0.3,PLS,0.0722408685632263
0.3,PLS,0.0156431232394476
0.3,PLS,0.00910340221085553
0.3,PLS,0.0106862449162094
0.3,PLS,0.0446982778325216
0.3,PLS,0.0617413644356319
0.3,PLS,0.0240757061561697
0.3,PLS,0.0227012521704173
0.3,PLS,0.032632318448181
0.3,PLS,0.0334673038181285
0.3,PLS,0.0409472244373543
0.3,PLS,0.0373470711962722
0.3,PLS,0.0137251381331055
0.3,PLS,0.0369640247766504
0.3,PLS,0.0520487232061686
0.3,PLS,0.0260534175742387
0.3,PLS,0.0521744339949219
0.3,PLS,0.0485972282110918
0.3,PLS,0.0305613967052585
0.3,PLS,0.0494243207088137
0.3,PLS,0.0245894988158259
0.3,PLS,0.0199787922341088
0.3,PLS,0.0482523827359863
0.3,PLS,0.0258320326816323
0.3,PLS,0.0192616023947456
0.3,PLS,0.0438484299607079
0.3,PLS,0.0508301936724961
0.3,PLS,0.0177233366600478
0.3,PLS,0.0620729447611457
0.3,PLS,0.0848113165775707
0.3,PLS,0.066205768594929
0.3,PLS,0.0219816985646008
0.3,PLS,0.0246878908622368
0.3,PLS,0.0339776411573779
0.3,PLS,0.0493348155917897
0.3,PLS,0.0807538903317376
0.3,PLS,0.0249767163172193
0.3,PLS,0.0101611231051914
0.3,PLS,0.0584276876198611
0.3,PLS,0.0531010305022996
0.3,PLS,0.0359706949447677
0.3,PLS,0.0198801077563727
0.3,PLS,0.0306961010528591
0.3,PLS,0.0424751636011665
0.3,PLS,0.0192906591451854
0.3,PLS,0.0232903310691749
0.3,PLS,0.0149694704541572
0.3,PLS,0.0336731768197859
0.3,PLS,0.0338087966695734
0.3,PLS,0.0122739364201453
0.3,PLS,0.0198254745500583
0.3,PLS,0.0569472042987404
0.3,PLS,0.0241817831353421
0.3,PLS,0.0411444970252606
0.3,PLS,0.0196796614011426
0.3,PLS,0.0281442199912964
0.3,PLS,0.045661147127535
0.3,PLS,0.0155283101232364
0.3,PLS,0.101546872275994
0.3,PLS,0.0097924270922944
0.3,PLS,0.029590189204337
0.3,PLS,0.0643460958963995
0.3,PLS,0.0130966263555693
0.3,PLS,0.0609799891542389
0.3,PLS,0.0571869722868908
0.3,PLS,0.0115460753364404
0.3,PLS,0.0444546222892456
0.3,PLS,0.0260512041290819
0.3,PLS,0.0571548688011247
0.3,PLS,0.0198409251697378
0.3,PLS,0.0601060248343186
0.3,PLS,0.0316494278484364
0.3,PLS,0.0193994413232058
0.3,PLS,0.0741899980120628
0.3,PLS,0.0274939032690756
0.3,PLS,0.0202678603909883
0.3,PLS,0.0448425545775038
0.3,PLS,0.0409027176806371
0.3,PLS,0.0106464534434542
0.3,PLS,0.0278820462243285
0.3,PLS,0.0466449068750809
0.3,PLS,0.0199829277495622
0.3,PLS,0.0379863467993511
0.3,PLS,0.0380441101116403
0.3,PLS,0.0383478568071812
0.3,PLS,0.0705750564400288
0.3,PLS,0.0249944801043023
0.3,PLS,0.0184634723850157
0.3,PLS,0.0153222605302048
0.3,PLS,0.0361042708743402
0.3,PLS,0.015917473657676
0.3,PLS,0.00929384117786378
0.3,PLS,0.0528302049164062
0.3,PLS,0.0781983695008542
0.3,PLS,0.0158697672904154
0.3,PLS,0.0323812122599348
0.3,PLS,0.0192387014499371
0.3,PLS,0.0768527212620874
0.3,PLS,0.0543335915836834
0.3,PLS,0.0271724798673123
0.3,PLS,0.0562420237974692
0.3,PLS,0.0170294056190422
0.3,PLS,0.0187070568549129
0.3,PLS,0.00744691043558966
0.3,PLS,0.0267859086105204
0.3,PLS,0.0263548165472701
0.3,PLS,0.0677958563626762
0.3,PLS,0.0288322055342711
0.3,PLS,0.0234069606570791
0.3,PLS,0.0164725914435724
0.3,PLS,0.0435995779262201
0.3,PLS,0.0425449230629581
0.3,fTS,0.0122687906648954
0.3,fTS,0.0666740172810638
0.3,fTS,0.0156732588343402
0.3,fTS,0.0391300093753555
0.3,fTS,0.0261316701456661
0.3,fTS,0.0307860015952866
0.3,fTS,0.0306541271774411
0.3,fTS,0.0183881637642045
0.3,fTS,0.0298057610099376
0.3,fTS,0.0268522992042963
0.3,fTS,0.0161610907714719
0.3,fTS,0.0195141606609011
0.3,fTS,0.0262363449654171
0.3,fTS,0.0608029588286957
0.3,fTS,0.014123056438445
0.3,fTS,0.0226949110057633
0.3,fTS,0.0152771648661303
0.3,fTS,0.0211357470519321
0.3,fTS,0.0152159877304166
0.3,fTS,0.0382085664593728
0.3,fTS,0.0212041146120251
0.3,fTS,0.0173918713828695
0.3,fTS,0.0295353697122409
0.3,fTS,0.0452735186342389
0.3,fTS,0.00563074401259886
0.3,fTS,0.0455289253332831
0.3,fTS,0.022611159696955
0.3,fTS,0.0205865930022967
0.3,fTS,0.0257726686302778
0.3,fTS,0.0127329620215598
0.3,fTS,0.0173102902500563
0.3,fTS,0.0330213342648686
0.3,fTS,0.0209773143664084
0.3,fTS,0.0372644670553219
0.3,fTS,0.0110101595996918
0.3,fTS,0.0371274375931157
0.3,fTS,0.0222165893458003
0.3,fTS,0.0239240789551293
0.3,fTS,0.0125718510970881
0.3,fTS,0.116420792083598
0.3,fTS,0.0311017309250791
0.3,fTS,0.0204114543032675
0.3,fTS,0.0880514143678683
0.3,fTS,0.019542788867367
0.3,fTS,0.0284413951903754
0.3,fTS,0.011597054079636
0.3,fTS,0.034609841377734
0.3,fTS,0.0878231500027932
0.3,fTS,0.0319730770308387
0.3,fTS,0.0337293015035812
0.3,fTS,0.0247389162311715
0.3,fTS,0.0234090259696194
0.3,fTS,0.00768561664623988
0.3,fTS,0.0302041306835291
0.3,fTS,0.0183397726886929
0.3,fTS,0.082701269634794
0.3,fTS,0.0338223184067582
0.3,fTS,0.0478328377359676
0.3,fTS,0.0337660436682095
0.3,fTS,0.0138188492700773
0.3,fTS,0.0421886027952542
0.3,fTS,0.0512041884089943
0.3,fTS,0.0184819862085031
0.3,fTS,0.00451411652637607
0.3,fTS,0.0104561424603848
0.3,fTS,0.0329354040348747
0.3,fTS,0.0201952705288885
0.3,fTS,0.0361009338075415
0.3,fTS,0.0411095224496212
0.3,fTS,0.0265640445981289
0.3,fTS,0.0209272191960383
0.3,fTS,0.048438312840916
0.3,fTS,0.0218955021442894
0.3,fTS,0.0295812254201572
0.3,fTS,0.0319244778918496
0.3,fTS,0.0160276928054761
0.3,fTS,0.0408369240860347
0.3,fTS,0.0285756469188162
0.3,fTS,0.0452277763194737
0.3,fTS,0.0257884488555495
0.3,fTS,0.049240750737547
0.3,fTS,0.0329570574913509
0.3,fTS,0.00793006512353819
0.3,fTS,0.0455433527223872
0.3,fTS,0.018636569064042
0.3,fTS,0.050726408487626
0.3,fTS,0.021043402764941
0.3,fTS,0.0199692753156386
0.3,fTS,0.0593255839614719
0.3,fTS,0.0202196910279371
0.3,fTS,0.00377273083982355
0.3,fTS,0.0123243453559055
0.3,fTS,0.0811452402106015
0.3,fTS,0.0165861055428958
0.3,fTS,0.0263206534600731
0.3,fTS,0.0177843213666995
0.3,fTS,0.0197713650541812
0.3,fTS,0.033098073721767
0.3,fTS,0.0508536578045982
0.3,fTS,0.0251509030454782
0.3,fTS,0.0179170816750537
0.3,fTS,0.0260688952199041
0.3,fTS,0.0432149659268745
0.3,fTS,0.0181979412092382
0.3,fTS,0.0392999724110529
0.3,fTS,0.0218873098610351
0.3,fTS,0.0279123591936046
0.3,fTS,0.0358989856155674
0.3,fTS,0.0235247062467413
0.3,fTS,0.028520753788321
0.3,fTS,0.0638522756253328
0.3,fTS,0.0311805492205975
0.3,fTS,0.0170124237802263
0.3,fTS,0.0531720283815415
0.3,fTS,0.0369719934534151
0.3,fTS,0.0171858375283767
0.3,fTS,0.0640457169538641
0.3,fTS,0.0592969926696526
0.3,fTS,0.0397045082413369
0.3,fTS,0.0235096358180844
0.3,fTS,0.0215807540088102
0.3,fTS,0.0117650517133274
0.3,fTS,0.0392315975125795
0.3,fTS,0.0652943972662741
0.3,fTS,0.0152927325797762
0.3,fTS,0.00906076602635894
0.3,fTS,0.0518274359265348
0.3,fTS,0.0408119872889351
0.3,fTS,0.0242680489235517
0.3,fTS,0.0205381322072233
0.3,fTS,0.0122833415117624
0.3,fTS,0.0298647776676305
0.3,fTS,0.0120561484639735
0.3,fTS,0.0232821659429514
0.3,fTS,0.0101930151154763
0.3,fTS,0.0271153692629912
0.3,fTS,0.0310602380615694
0.3,fTS,0.00711574018571695
0.3,fTS,0.0100667780671662
0.3,fTS,0.0746726357706103
0.3,fTS,0.0278324919980966
0.3,fTS,0.0247244311713103
0.3,fTS,0.0189934506587833
0.3,fTS,0.0277647806757894
0.3,fTS,0.0426235436272976
0.3,fTS,0.014470227461598
0.3,fTS,0.0674439290113863
0.3,fTS,0.0120764287920526
0.3,fTS,0.0404197314198611
0.3,fTS,0.0427756904987917
0.3,fTS,0.0175383006839643
0.3,fTS,0.0507873972115843
0.3,fTS,0.0567450749977554
0.3,fTS,0.0134495346799865
0.3,fTS,0.0379086694286171
0.3,fTS,0.0224584499959476
0.3,fTS,0.0686823541784716
0.3,fTS,0.0122578942403387
0.3,fTS,0.0472730273777823
0.3,fTS,0.025712184427133
0.3,fTS,0.018825391725868
0.3,fTS,0.0658131354683227
0.3,fTS,0.0340142078309288
0.3,fTS,0.0217713697300513
0.3,fTS,0.0348758702546212
0.3,fTS,0.0430536876840614
0.3,fTS,0.0100578532618904
0.3,fTS,0.0341575555583859
0.3,fTS,0.0407880843638288
0.3,fTS,0.0200639575774773
0.3,fTS,0.0160360595138828
0.3,fTS,0.0379058110298358
0.3,fTS,0.0313594228344371
0.3,fTS,0.0752971731722903
0.3,fTS,0.0232038641731269
0.3,fTS,0.0218848359382687
0.3,fTS,0.0138919405417844
0.3,fTS,0.028944789731879
0.3,fTS,0.0179623495939008
0.3,fTS,0.0124748600951487
0.3,fTS,0.0484815771691833
0.3,fTS,0.0654328531038343
0.3,fTS,0.0113940909417995
0.3,fTS,0.0154193339534905
0.3,fTS,0.0207939257368862
0.3,fTS,0.0545612230722082
0.3,fTS,0.0304462190047807
0.3,fTS,0.0311956830636416
0.3,fTS,0.0430848974466147
0.3,fTS,0.0192694658912741
0.3,fTS,0.00928720555816583
0.3,fTS,0.0131492431732201
0.3,fTS,0.0137184579031866
0.3,fTS,0.0228973652277435
0.3,fTS,0.0518086753374183
0.3,fTS,0.0175475180354188
0.3,fTS,0.0196299814020596
0.3,fTS,0.0130835963903605
0.3,fTS,0.0417941932596031
0.3,fTS,0.0285244878978417
0.3,LS_oracle,0.00932845053657411
0.3,LS_oracle,0.0574977444816957
0.3,LS_oracle,0.0140928104176186
0.3,LS_oracle,0.0209338348773517
0.3,LS_oracle,0.0272044992953183
0.3,LS_oracle,0.0301564145245844
0.3,LS_oracle,0.025152792841969
0.3,LS_oracle,0.0197955607694966
0.3,LS_oracle,0.0280922954263601
0.3,LS_oracle,0.0286248944471409
0.3,LS_oracle,0.0175103944107785
0.3,LS_oracle,0.0234926809157234
0.3,LS_oracle,0.010633220217521
0.3,LS_oracle,0.0564396589458502
0.3,LS_oracle,0.0378318222383362
0.3,LS_oracle,0.0399591023925061
0.3,LS_oracle,0.00888794830938782
0.3,LS_oracle,0.0233971921682285
0.3,LS_oracle,0.0146772765690602
0.3,LS_oracle,0.0479273033188161
0.3,LS_oracle,0.01943348748272
0.3,LS_oracle,0.0225465656544453
0.3,LS_oracle,0.0280142771894519
0.3,LS_oracle,0.0526654052350767
0.3,LS_oracle,0.0129941845067902
0.3,LS_oracle,0.0423680292761987
0.3,LS_oracle,0.02378763710315
0.3,LS_oracle,0.0166014679654592
0.3,LS_oracle,0.0251251930877741
0.3,LS_oracle,0.0142785139970845
0.3,LS_oracle,0.0300451958415409
0.3,LS_oracle,0.0240652048308488
0.3,LS_oracle,0.0322226451193383
0.3,LS_oracle,0.0253222346649459
0.3,LS_oracle,0.0104470402431814
0.3,LS_oracle,0.0506505316613121
0.3,LS_oracle,0.0171127562965724
0.3,LS_oracle,0.0120340834488742
0.3,LS_oracle,0.0163608845125914
0.3,LS_oracle,0.13769424531516
0.3,LS_oracle,0.0459567587272482
0.3,LS_oracle,0.0325379292894676
0.3,LS_oracle,0.0687663717428497
0.3,LS_oracle,0.0365943187763651
0.3,LS_oracle,0.0194878150692363
0.3,LS_oracle,0.00669451378800306
0.3,LS_oracle,0.0322912977728079
0.3,LS_oracle,0.0699770474873829
0.3,LS_oracle,0.0148098051241347
0.3,LS_oracle,0.0433645602497549
0.3,LS_oracle,0.0358373744263882
0.3,LS_oracle,0.0254793741690451
0.3,LS_oracle,0.0139427278359232
0.3,LS_oracle,0.0288624068021869
0.3,LS_oracle,0.028666591574251
0.3,LS_oracle,0.0814241390469879
0.3,LS_oracle,0.0230244535678295
0.3,LS_oracle,0.0292082660536757
0.3,LS_oracle,0.0739979825687552
0.3,LS_oracle,0.0165509182854841
0.3,LS_oracle,0.0259372998323355
0.3,LS_oracle,0.0369544524406834
0.3,LS_oracle,0.0085533127227323
0.3,LS_oracle,0.0103507236756462
0.3,LS_oracle,0.0238360116282185
0.3,LS_oracle,0.0402760223167997
0.3,LS_oracle,0.0065677373123117
0.3,LS_oracle,0.0411363426379645
0.3,LS_oracle,0.0564075103372042
0.3,LS_oracle,0.0323386144265647
0.3,LS_oracle,0.0148282200235418
0.3,LS_oracle,0.0592636111155138
0.3,LS_oracle,0.0223946480726474
0.3,LS_oracle,0.0353343018026298
0.3,LS_oracle,0.0243985056213097
0.3,LS_oracle,0.0200134169277214
0.3,LS_oracle,0.033713422226368
0.3,LS_oracle,0.0246251363254055
0.3,LS_oracle,0.0409786099142842
0.3,LS_oracle,0.0177843367757908
0.3,LS_oracle,0.0371801268475365
0.3,LS_oracle,0.0360410143948671
0.3,LS_oracle,0.0132461973933213
0.3,LS_oracle,0.053016434968554
0.3,LS_oracle,0.0298675996636902
0.3,LS_oracle,0.0378599750494243
0.3,LS_oracle,0.0177758707878915
0.3,LS_oracle,0.0167700701818509
0.3,LS_oracle,0.0705931653620053
0.3,LS_oracle,0.0139539572657553
0.3,LS_oracle,0.00493585113236376
0.3,LS_oracle,0.0115828018702363
0.3,LS_oracle,0.0316242450773348
0.3,LS_oracle,0.0118327130796199
0.3,LS_oracle,0.0227249666438561
0.3,LS_oracle,0.0230900994676028
0.3,LS_oracle,0.0296816172603545
0.3,LS_oracle,0.0117912153291003
0.3,LS_oracle,0.0335773118912411
0.3,LS_oracle,0.0354245631753477
0.3,LS_oracle,0.0118794454473744
0.3,LS_oracle,0.0393756378846993
0.3,LS_oracle,0.0369722755250687
0.3,LS_oracle,0.0248042564569644
0.3,LS_oracle,0.0441034704327379
0.3,LS_oracle,0.0312533240406327
0.3,LS_oracle,0.0213235165975049
0.3,LS_oracle,0.0461642746169446
0.3,LS_oracle,0.0260256908967772
0.3,LS_oracle,0.0171177403995895
0.3,LS_oracle,0.0350915503350951
0.3,LS_oracle,0.0233715635751868
0.3,LS_oracle,0.00412506121293507
0.3,LS_oracle,0.041884796717448
0.3,LS_oracle,0.0436415402770881
0.3,LS_oracle,0.0213440379777854
0.3,LS_oracle,0.0502998134444929
0.3,LS_oracle,0.0411119256628998
0.3,LS_oracle,0.0731642139906166
0.3,LS_oracle,0.0214817696628133
0.3,LS_oracle,0.0246709064472097
0.3,LS_oracle,0.0200130725606852
0.3,LS_oracle,0.0493383250860795
0.3,LS_oracle,0.0762275680631452
0.3,LS_oracle,0.0223553718905923
0.3,LS_oracle,0.00582582249119133
0.3,LS_oracle,0.0559220060346696
0.3,LS_oracle,0.0443188935976763
0.3,LS_oracle,0.0385018961245571
0.3,LS_oracle,0.0166265729866087
0.3,LS_oracle,0.0207862865637921
0.3,LS_oracle,0.0389736259068687
0.3,LS_oracle,0.0158428308587446
0.3,LS_oracle,0.0202210396304096
0.3,LS_oracle,0.0123429351506222
0.3,LS_oracle,0.0276342148118749
0.3,LS_oracle,0.0228563894735655
0.3,LS_oracle,0.0141129128976937
0.3,LS_oracle,0.019572257246383
0.3,LS_oracle,0.0443552149918958
0.3,LS_oracle,0.0226559466906968
0.3,LS_oracle,0.0419683158586452
0.3,LS_oracle,0.0183936306659404
0.3,LS_oracle,0.0388018650826717
0.3,LS_oracle,0.0581418599193986
0.3,LS_oracle,0.0194811457643425
0.3,LS_oracle,0.0883452069626642
0.3,LS_oracle,0.0125885822229952
0.3,LS_oracle,0.0324801980999691
0.3,LS_oracle,0.039722365109637
0.3,LS_oracle,0.0125090758370267
0.3,LS_oracle,0.0521103146226067
0.3,LS_oracle,0.0254174091644354
0.3,LS_oracle,0.0127809869558766
0.3,LS_oracle,0.0402847230935901
0.3,LS_oracle,0.024950020594602
0.3,LS_oracle,0.0538977737877398
0.3,LS_oracle,0.0196551129091174
0.3,LS_oracle,0.0380195318542621
0.3,LS_oracle,0.0419387393476703
0.3,LS_oracle,0.021830899505526
0.3,LS_oracle,0.0673907647833728
0.3,LS_oracle,0.0245016028312668
0.3,LS_oracle,0.0154915323515593
0.3,LS_oracle,0.0283916220000208
0.3,LS_oracle,0.0428953977296083
0.3,LS_oracle,0.0103064233783337
0.3,LS_oracle,0.0237850785287527
0.3,LS_oracle,0.0457557807922404
0.3,LS_oracle,0.0336466431303015
0.3,LS_oracle,0.0230074309202715
0.3,LS_oracle,0.0574631528559378
0.3,LS_oracle,0.0328725781509363
0.3,LS_oracle,0.0680383748535462
0.3,LS_oracle,0.0201605116997843
0.3,LS_oracle,0.0187180837905364
0.3,LS_oracle,0.0146379044956448
0.3,LS_oracle,0.0227555440103767
0.3,LS_oracle,0.0113393058448862
0.3,LS_oracle,0.0329955173980309
0.3,LS_oracle,0.0529540337533562
0.3,LS_oracle,0.0727092131518186
0.3,LS_oracle,0.00946365602946715
0.3,LS_oracle,0.0246052322700512
0.3,LS_oracle,0.0181473344702387
0.3,LS_oracle,0.0941544862520999
0.3,LS_oracle,0.0366423624956701
0.3,LS_oracle,0.0270401741802437
0.3,LS_oracle,0.0519291847872569
0.3,LS_oracle,0.0191471086395196
0.3,LS_oracle,0.0186961631574132
0.3,LS_oracle,0.00442551393981898
0.3,LS_oracle,0.0460961270160725
0.3,LS_oracle,0.0260464896938529
0.3,LS_oracle,0.0651724181833771
0.3,LS_oracle,0.0275637850375104
0.3,LS_oracle,0.0190570026857709
0.3,LS_oracle,0.0153745269639878
0.3,LS_oracle,0.0471882007836529
0.3,LS_oracle,0.0424520348642493
0.3,TS_oracle,0.0114434670769714
0.3,TS_oracle,0.0541117864618467
0.3,TS_oracle,0.0152326275109986
0.3,TS_oracle,0.0211207097828047
0.3,TS_oracle,0.0211976046782457
0.3,TS_oracle,0.0284784065522879
0.3,TS_oracle,0.0263724362791167
0.3,TS_oracle,0.0174383754121647
0.3,TS_oracle,0.0298952090044176
0.3,TS_oracle,0.0128180581859722
0.3,TS_oracle,0.00978258157871835
0.3,TS_oracle,0.0139046824054945
0.3,TS_oracle,0.00832775214433448
0.3,TS_oracle,0.0563511816786355
0.3,TS_oracle,0.0235622971957306
0.3,TS_oracle,0.0244009569464672
0.3,TS_oracle,0.00980549328323404
0.3,TS_oracle,0.0213584517014991
0.3,TS_oracle,0.0162513084168071
0.3,TS_oracle,0.0386580595258676
0.3,TS_oracle,0.0215299002257171
0.3,TS_oracle,0.0204268199999302
0.3,TS_oracle,0.0294413816178288
0.3,TS_oracle,0.0447425115573269
0.3,TS_oracle,0.0055848317741187
0.3,TS_oracle,0.0438596143645471
0.3,TS_oracle,0.019489188195514
0.3,TS_oracle,0.0178300808326968
0.3,TS_oracle,0.024185953350472
0.3,TS_oracle,0.0100351413487104
0.3,TS_oracle,0.0166566094291463
0.3,TS_oracle,0.0309588085917206
0.3,TS_oracle,0.0198825636440772
0.3,TS_oracle,0.036875650690141
0.3,TS_oracle,0.0111164116682644
0.3,TS_oracle,0.037016498827831
0.3,TS_oracle,0.0142680760127981
0.3,TS_oracle,0.00881800540377371
0.3,TS_oracle,0.0125892313694932
0.3,TS_oracle,0.117026889345381
0.3,TS_oracle,0.0344149814516172
0.3,TS_oracle,0.0191374928271378
0.3,TS_oracle,0.0841689733514299
0.3,TS_oracle,0.0235655755732089
0.3,TS_oracle,0.0214191692697228
0.3,TS_oracle,0.0117824404063719
0.3,TS_oracle,0.0265539608629906
0.3,TS_oracle,0.0862685378790281
0.3,TS_oracle,0.0279218358236059
0.3,TS_oracle,0.0340204079811785
0.3,TS_oracle,0.0258297732917786
0.3,TS_oracle,0.0166001953614737
0.3,TS_oracle,0.00730780188754256
0.3,TS_oracle,0.018645110653698
0.3,TS_oracle,0.0176230394982347
0.3,TS_oracle,0.0580675709157103
0.3,TS_oracle,0.0283044288926411
0.3,TS_oracle,0.041849729147428
0.3,TS_oracle,0.0554761637765491
0.3,TS_oracle,0.0145134413800866
0.3,TS_oracle,0.0263038850661846
0.3,TS_oracle,0.0432656236318704
0.3,TS_oracle,0.0130858627256991
0.3,TS_oracle,0.0065496689288546
0.3,TS_oracle,0.0136878971610177
0.3,TS_oracle,0.031664466703877
0.3,TS_oracle,0.0105589825297784
0.3,TS_oracle,0.0356787191048135
0.3,TS_oracle,0.0413186274823364
0.3,TS_oracle,0.023145142671529
0.3,TS_oracle,0.0174077455388854
0.3,TS_oracle,0.0460120371249131
0.3,TS_oracle,0.0219445406143733
0.3,TS_oracle,0.027484667262504
0.3,TS_oracle,0.0195919894329398
0.3,TS_oracle,0.0143475073112878
0.3,TS_oracle,0.0411099331214904
0.3,TS_oracle,0.0269688939273647
0.3,TS_oracle,0.0450970415700075
0.3,TS_oracle,0.0198566014433474
0.3,TS_oracle,0.0482836114230327
0.3,TS_oracle,0.034130902019873
0.3,TS_oracle,0.00932969387566982
0.3,TS_oracle,0.040890546324971
0.3,TS_oracle,0.0302905619181585
0.3,TS_oracle,0.0253048753824549
0.3,TS_oracle,0.0187841231800562
0.3,TS_oracle,0.0169849849965146
0.3,TS_oracle,0.0587344161778078
0.3,TS_oracle,0.0206308695831591
0.3,TS_oracle,0.00386069928990917
0.3,TS_oracle,0.0109311627440754
0.3,TS_oracle,0.0332006569539356
0.3,TS_oracle,0.0156869896304687
0.3,TS_oracle,0.0261175588071556
0.3,TS_oracle,0.0184830456358414
0.3,TS_oracle,0.0197005034643754
0.3,TS_oracle,0.0162527831738178
0.3,TS_oracle,0.0287090756532554
0.3,TS_oracle,0.0239564463844634
0.3,TS_oracle,0.015352426229684
0.3,TS_oracle,0.0174454263598647
0.3,TS_oracle,0.0332160176457705
0.3,TS_oracle,0.0180266272117074
0.3,TS_oracle,0.0290614327488051
0.3,TS_oracle,0.0178507698706857
0.3,TS_oracle,0.0146964522244931
0.3,TS_oracle,0.0355665937101593
0.3,TS_oracle,0.0250513763216183
0.3,TS_oracle,0.0144123559734082
0.3,TS_oracle,0.0536054136426026
0.3,TS_oracle,0.0273900662580476
0.3,TS_oracle,0.00352022678499572
0.3,TS_oracle,0.0492789109628924
0.3,TS_oracle,0.0367482148493299
0.3,TS_oracle,0.0185434546936543
0.3,TS_oracle,0.0419200406783176
0.3,TS_oracle,0.0282691408938919
0.3,TS_oracle,0.0411103710041997
0.3,TS_oracle,0.0224004514619763
0.3,TS_oracle,0.0207188863761784
0.3,TS_oracle,0.00632028355406637
0.3,TS_oracle,0.0392252276009332
0.3,TS_oracle,0.0649371170422556
0.3,TS_oracle,0.0160863701591981
0.3,TS_oracle,0.00490695802982802
0.3,TS_oracle,0.0427533628768662
0.3,TS_oracle,0.0365332638726151
0.3,TS_oracle,0.024270096896019
0.3,TS_oracle,0.0115525518861148
0.3,TS_oracle,0.0138408052158336
0.3,TS_oracle,0.0304061214080558
0.3,TS_oracle,0.0112875612521452
0.3,TS_oracle,0.0228803996228288
0.3,TS_oracle,0.00927812123410448
0.3,TS_oracle,0.0215630280801536
0.3,TS_oracle,0.0198694543883533
0.3,TS_oracle,0.00827485820234922
0.3,TS_oracle,0.011075351767073
0.3,TS_oracle,0.0457451008383657
0.3,TS_oracle,0.0247805328487372
0.3,TS_oracle,0.0189789498573554
0.3,TS_oracle,0.0180403957583073
0.3,TS_oracle,0.0336465816784736
0.3,TS_oracle,0.049442265492915
0.3,TS_oracle,0.0164406768132077
0.3,TS_oracle,0.062656712395549
0.3,TS_oracle,0.0147148981126283
0.3,TS_oracle,0.0335620023927117
0.3,TS_oracle,0.0312164745370236
0.3,TS_oracle,0.0177760881800035
0.3,TS_oracle,0.0492095785190745
0.3,TS_oracle,0.0466509301602543
0.3,TS_oracle,0.0136250561455978
0.3,TS_oracle,0.0353061776484014
0.3,TS_oracle,0.0220277519335231
0.3,TS_oracle,0.0689790874498392
0.3,TS_oracle,0.0106597218773864
0.3,TS_oracle,0.0301535054499527
0.3,TS_oracle,0.0316482810658776
0.3,TS_oracle,0.0205164684895162
0.3,TS_oracle,0.056901233460331
0.3,TS_oracle,0.032702612559807
0.3,TS_oracle,0.0185155352876803
0.3,TS_oracle,0.0248928597645069
0.3,TS_oracle,0.0447071718963386
0.3,TS_oracle,0.0100121964185384
0.3,TS_oracle,0.024239778276079
0.3,TS_oracle,0.0402905611813021
0.3,TS_oracle,0.0242923054387023
0.3,TS_oracle,0.0114423744618814
0.3,TS_oracle,0.0469795610238784
0.3,TS_oracle,0.0302977332519473
0.3,TS_oracle,0.0735941588782377
0.3,TS_oracle,0.0184731264637816
0.3,TS_oracle,0.021481514924071
0.3,TS_oracle,0.0110590214938431
0.3,TS_oracle,0.0190120949959892
0.3,TS_oracle,0.0145752819259249
0.3,TS_oracle,0.0189609627962443
0.3,TS_oracle,0.0469607993717788
0.3,TS_oracle,0.0664220110501547
0.3,TS_oracle,0.00753688145855921
0.3,TS_oracle,0.0152063862693651
0.3,TS_oracle,0.0169371097222885
0.3,TS_oracle,0.0652073143385258
0.3,TS_oracle,0.0257043907235403
0.3,TS_oracle,0.0318861025714569
0.3,TS_oracle,0.0431967031138218
0.3,TS_oracle,0.0209186065172312
0.3,TS_oracle,0.0107817292304578
0.3,TS_oracle,0.012127251858772
0.3,TS_oracle,0.02286617095589
0.3,TS_oracle,0.0227847150363094
0.3,TS_oracle,0.0533797839339151
0.3,TS_oracle,0.0181438828018515
0.3,TS_oracle,0.016753242560606
0.3,TS_oracle,0.013087489045584
0.3,TS_oracle,0.0423721773288369
0.3,TS_oracle,0.0274312026155687
0.4,PLS,0.033171955187837
0.4,PLS,0.0250000846577741
0.4,PLS,0.0513345747915899
0.4,PLS,0.0746494599043273
0.4,PLS,0.0519333072389941
0.4,PLS,0.0488793236768496
0.4,PLS,0.021904652992645
0.4,PLS,0.0156373823214175
0.4,PLS,0.0635963749090204
0.4,PLS,0.0147634580032288
0.4,PLS,0.0310558353176841
0.4,PLS,0.0262108464072699
0.4,PLS,0.0418951280158224
0.4,PLS,0.030495246267056
0.4,PLS,0.0555562604230497
0.4,PLS,0.011035604201639
0.4,PLS,0.0857394917760233
0.4,PLS,0.0222553990574073
0.4,PLS,0.0276044857675427
0.4,PLS,0.0422420928644609
0.4,PLS,0.0842790940348596
0.4,PLS,0.0229885553616879
0.4,PLS,0.0526753739658898
0.4,PLS,0.0749033195555826
0.4,PLS,0.0295926659060891
0.4,PLS,0.0407812191453771
0.4,PLS,0.062493512013532
0.4,PLS,0.0153867281326061
0.4,PLS,0.0608170128626231
0.4,PLS,0.0644983930608433
0.4,PLS,0.0531945901639616
0.4,PLS,0.0405318793447344
0.4,PLS,0.0423991246190436
0.4,PLS,0.0262089141685122
0.4,PLS,0.0229899537737443
0.4,PLS,0.0367402253061561
0.4,PLS,0.0345409462388491
0.4,PLS,0.0659671850971573
0.4,PLS,0.0190362596690162
0.4,PLS,0.0422076911625605
0.4,PLS,0.0106405284818093
0.4,PLS,0.0194912341880856
0.4,PLS,0.0389082198516317
0.4,PLS,0.0285326908343976
0.4,PLS,0.00930006680902441
0.4,PLS,0.0427379021464926
0.4,PLS,0.0423211477817748
0.4,PLS,0.015437670788365
0.4,PLS,0.0402259071988146
0.4,PLS,0.0192165349611061
0.4,PLS,0.0286073172023194
0.4,PLS,0.0572315619317583
0.4,PLS,0.035076420483886
0.4,PLS,0.0307294927898141
0.4,PLS,0.0277762632613719
0.4,PLS,0.0355181494511734
0.4,PLS,0.027429863987543
0.4,PLS,0.0392132847500381
0.4,PLS,0.0473894419453875
0.4,PLS,0.0382338174347722
0.4,PLS,0.0805196367139476
0.4,PLS,0.0269046405190826
0.4,PLS,0.036194021757645
0.4,PLS,0.0419447128534545
0.4,PLS,0.0250691891127524
0.4,PLS,0.00965903283694475
0.4,PLS,0.0583407688603441
0.4,PLS,0.0228353616596597
0.4,PLS,0.0379963649673224
0.4,PLS,0.0163015522503521
0.4,PLS,0.0513735584426958
0.4,PLS,0.0281314397817842
0.4,PLS,0.0382635835466307
0.4,PLS,0.0150808348889348
0.4,PLS,0.0449250605579685
0.4,PLS,0.011243215025232
0.4,PLS,0.0784675024494991
0.4,PLS,0.0436654295719429
0.4,PLS,0.0261175024855606
0.4,PLS,0.0385996826910836
0.4,PLS,0.0450521962626523
0.4,PLS,0.0339268619518637
0.4,PLS,0.0940937807031673
0.4,PLS,0.0527870349342479
0.4,PLS,0.0185337496450423
0.4,PLS,0.046478255819299
0.4,PLS,0.0264357035348665
0.4,PLS,0.0302502987214646
0.4,PLS,0.0336271852817964
0.4,PLS,0.0284424366402106
0.4,PLS,0.068478961578684
0.4,PLS,0.0518001289291404
0.4,PLS,0.0398581717008604
0.4,PLS,0.0128240584511212
0.4,PLS,0.0449249152917517
0.4,PLS,0.0342211053976188
0.4,PLS,0.0418518529201654
0.4,PLS,0.0342395962274957
0.4,PLS,0.028169838359812
0.4,PLS,0.0859270872996488
0.4,PLS,0.0234037877529118
0.4,PLS,0.0185126684876028
0.4,PLS,0.0246652032339046
0.4,PLS,0.0198459836175917
0.4,PLS,0.0330268194837676
0.4,PLS,0.186647371827768
0.4,PLS,0.0734518521709395
0.4,PLS,0.0209591818392578
0.4,PLS,0.0167466449640917
0.4,PLS,0.0273211470414237
0.4,PLS,0.0157479433023134
0.4,PLS,0.0681249266828604
0.4,PLS,0.0324454835550636
0.4,PLS,0.0436585126138175
0.4,PLS,0.0178063069693284
0.4,PLS,0.0225642064330047
0.4,PLS,0.0148073144929555
0.4,PLS,0.0288539566964026
0.4,PLS,0.0351730902207352
0.4,PLS,0.0387346408759971
0.4,PLS,0.013643544086019
0.4,PLS,0.0162931597382164
0.4,PLS,0.0509393455961487
0.4,PLS,0.0343403123761971
0.4,PLS,0.0457360063690035
0.4,PLS,0.0335440728868963
0.4,PLS,0.00657294855192564
0.4,PLS,0.00589065141266716
0.4,PLS,0.025694937860609
0.4,PLS,0.0198532755628838
0.4,PLS,0.0396888205541497
0.4,PLS,0.0317969752986792
0.4,PLS,0.0381436686960966
0.4,PLS,0.0220043409604299
0.4,PLS,0.0288855627068599
0.4,PLS,0.0116975097336306
0.4,PLS,0.0744192819005596
0.4,PLS,0.0256653919782377
0.4,PLS,0.0353144060408935
0.4,PLS,0.0412854844808997
0.4,PLS,0.0416899476532157
0.4,PLS,0.00803242354611979
0.4,PLS,0.0246751914798094
0.4,PLS,0.0456520401326419
0.4,PLS,0.0251475565352525
0.4,PLS,0.0183766043782651
0.4,PLS,0.0239674456758967
0.4,PLS,0.0318756616359094
0.4,PLS,0.0416591254338029
0.4,PLS,0.0183684486205604
0.4,PLS,0.0228467964301481
0.4,PLS,0.0188187619127685
0.4,PLS,0.0573652122203175
0.4,PLS,0.033364806298534
0.4,PLS,0.0134331555534965
0.4,PLS,0.052756769945143
0.4,PLS,0.0618152618881238
0.4,PLS,0.0213450592643762
0.4,PLS,0.0287333190787958
0.4,PLS,0.0206669412499317
0.4,PLS,0.0573122478159817
0.4,PLS,0.00660144800939525
0.4,PLS,0.0738105538876397
0.4,PLS,0.0842274883816919
0.4,PLS,0.0372930613690834
0.4,PLS,0.0384032103679063
0.4,PLS,0.0646551103735017
0.4,PLS,0.0283675385373433
0.4,PLS,0.0470481292027597
0.4,PLS,0.0213421704328947
0.4,PLS,0.0291155698653076
0.4,PLS,0.0155611880387537
0.4,PLS,0.046140273835793
0.4,PLS,0.0392191736556235
0.4,PLS,0.0546248225296099
0.4,PLS,0.0299724642746008
0.4,PLS,0.00949681759661074
0.4,PLS,0.0324460127364543
0.4,PLS,0.0297231835793278
0.4,PLS,0.0438477694533056
0.4,PLS,0.0318239526431159
0.4,PLS,0.013831355079774
0.4,PLS,0.0134825145803564
0.4,PLS,0.0779001199337974
0.4,PLS,0.0126208007601617
0.4,PLS,0.0433329461511965
0.4,PLS,0.0446393887769437
0.4,PLS,0.011179623986364
0.4,PLS,0.0243658844323252
0.4,PLS,0.0487262431831265
0.4,PLS,0.020572599234507
0.4,PLS,0.0563853847715479
0.4,PLS,0.0208429046333687
0.4,PLS,0.051277446088092
0.4,PLS,0.0192195665991037
0.4,PLS,0.0264877457464546
0.4,PLS,0.0224305452062647
0.4,PLS,0.0129240226625123
0.4,PLS,0.0265705177126978
0.4,PLS,0.0196472817514844
0.4,fTS,0.0230500635533421
0.4,fTS,0.0248050410623854
0.4,fTS,0.0590854526177435
0.4,fTS,0.0465373434844362
0.4,fTS,0.0372173511600162
0.4,fTS,0.0315146500956671
0.4,fTS,0.0158750763663521
0.4,fTS,0.0127030411476622
0.4,fTS,0.0583615419267835
0.4,fTS,0.0140098673305632
0.4,fTS,0.0232055956824424
0.4,fTS,0.0114630635251791
0.4,fTS,0.0216347809113332
0.4,fTS,0.00492477390079088
0.4,fTS,0.0514534195721466
0.4,fTS,0.0159342998918055
0.4,fTS,0.0768582875577747
0.4,fTS,0.0125992844363227
0.4,fTS,0.0303022410647929
0.4,fTS,0.0296328518468955
0.4,fTS,0.0541479047775405
0.4,fTS,0.0174522068946516
0.4,fTS,0.0620836572537101
0.4,fTS,0.0447587059821819
0.4,fTS,0.0274558585752939
0.4,fTS,0.020083265835068
0.4,fTS,0.0448344116355811
0.4,fTS,0.0139642016411946
0.4,fTS,0.0558766933077313
0.4,fTS,0.062317975182348
0.4,fTS,0.0287027517974941
0.4,fTS,0.0193654098287149
0.4,fTS,0.0351681042979769
0.4,fTS,0.0149164818919816
0.4,fTS,0.0375870749918237
0.4,fTS,0.0230502550361635
0.4,fTS,0.0153649527133093
0.4,fTS,0.0313800620808233
0.4,fTS,0.00982622919830411
0.4,fTS,0.0644955602047016
0.4,fTS,0.0195814905141755
0.4,fTS,0.0133871615584008
0.4,fTS,0.0410942289361776
0.4,fTS,0.0227319434314171
0.4,fTS,0.0137314954073868
0.4,fTS,0.0222763132078545
0.4,fTS,0.0318130052595644
0.4,fTS,0.0185017702377984
0.4,fTS,0.0329552522339608
0.4,fTS,0.0117188347902923
0.4,fTS,0.0228272537894811
0.4,fTS,0.0279768752614946
0.4,fTS,0.039425982370926
0.4,fTS,0.0328080511312822
0.4,fTS,0.0240552407704279
0.4,fTS,0.0448305824467135
0.4,fTS,0.0219451736590036
0.4,fTS,0.0163686097285837
0.4,fTS,0.0368809808184579
0.4,fTS,0.0240087030981443
0.4,fTS,0.0858002385155398
0.4,fTS,0.0332699256700703
0.4,fTS,0.0153564619459958
0.4,fTS,0.0376394607985633
0.4,fTS,0.0089429131602639
0.4,fTS,0.0129047862434609
0.4,fTS,0.0397299653816306
0.4,fTS,0.0219911680923124
0.4,fTS,0.0353648716530462
0.4,fTS,0.00721416893277677
0.4,fTS,0.0457169365765301
0.4,fTS,0.0260466851633738
0.4,fTS,0.0421648755411998
0.4,fTS,0.019017646304115
0.4,fTS,0.0351725874263443
0.4,fTS,0.0155137936080312
0.4,fTS,0.0344745909830537
0.4,fTS,0.0237031775777367
0.4,fTS,0.0188433338292865
0.4,fTS,0.0344247636503452
0.4,fTS,0.0261244335632685
0.4,fTS,0.0139422105057601
0.4,fTS,0.0793451020487026
0.4,fTS,0.0529830320322287
0.4,fTS,0.0137605987078981
0.4,fTS,0.0194673125629603
0.4,fTS,0.0188795833305757
0.4,fTS,0.0196536336850326
0.4,fTS,0.0290326770287633
0.4,fTS,0.0261937049562781
0.4,fTS,0.0478542200801151
0.4,fTS,0.0324846994915722
0.4,fTS,0.0366962172873173
0.4,fTS,0.0114160651265425
0.4,fTS,0.0201014731588669
0.4,fTS,0.0265315579363074
0.4,fTS,0.0410361516400788
0.4,fTS,0.0354029738305342
0.4,fTS,0.0190466681133925
0.4,fTS,0.0937273438477969
0.4,fTS,0.0194425621807736
0.4,fTS,0.0241508919580775
0.4,fTS,0.023994194371209
0.4,fTS,0.0225378031129798
0.4,fTS,0.026377285764772
0.4,fTS,0.0529884959006798
0.4,fTS,0.0616804362074889
0.4,fTS,0.0148063844315449
0.4,fTS,0.0122250356608972
0.4,fTS,0.0158401918305298
0.4,fTS,0.0162263008696726
0.4,fTS,0.048124980859656
0.4,fTS,0.027314396510691
0.4,fTS,0.0510167112846848
0.4,fTS,0.0140760398844648
0.4,fTS,0.0215063535757685
0.4,fTS,0.0259155780336091
0.4,fTS,0.012613254977025
0.4,fTS,0.0233850744473144
0.4,fTS,0.0279895592818335
0.4,fTS,0.0172109040886493
0.4,fTS,0.0102969431301241
0.4,fTS,0.0289407465682128
0.4,fTS,0.0203982981465124
0.4,fTS,0.0399627746871624
0.4,fTS,0.0215539904384416
0.4,fTS,0.0155277415763255
0.4,fTS,0.0220452927886789
0.4,fTS,0.0293142619000931
0.4,fTS,0.00870097428988784
0.4,fTS,0.0263553689099312
0.4,fTS,0.0350490130311801
0.4,fTS,0.0374169955977065
0.4,fTS,0.0341066960209007
0.4,fTS,0.0253923657738764
0.4,fTS,0.00919664122111717
0.4,fTS,0.0421110246268
0.4,fTS,0.0191677012421164
0.4,fTS,0.0337523278331397
0.4,fTS,0.0246381751464476
0.4,fTS,0.0333122696720291
0.4,fTS,0.0126475100065735
0.4,fTS,0.0130263455086335
0.4,fTS,0.0212838358275723
0.4,fTS,0.0469392080887689
0.4,fTS,0.0218038704623447
0.4,fTS,0.0199617726268699
0.4,fTS,0.0187529199634673
0.4,fTS,0.0286671159248227
0.4,fTS,0.0116930288064791
0.4,fTS,0.0106190431809896
0.4,fTS,0.0106558240966221
0.4,fTS,0.0539468254678212
0.4,fTS,0.0358394546472728
0.4,fTS,0.0179844169621953
0.4,fTS,0.0307016500654626
0.4,fTS,0.0304570867223838
0.4,fTS,0.0112890404763497
0.4,fTS,0.0332454101061245
0.4,fTS,0.0335541344861133
0.4,fTS,0.0506479123635138
0.4,fTS,0.0162140404565803
0.4,fTS,0.0619043179673464
0.4,fTS,0.0557500424206273
0.4,fTS,0.0395358342829997
0.4,fTS,0.0256809840209015
0.4,fTS,0.0609716587326291
0.4,fTS,0.0131669980594991
0.4,fTS,0.0350829418198536
0.4,fTS,0.0171556609929107
0.4,fTS,0.0220439538614491
0.4,fTS,0.0249910962426883
0.4,fTS,0.03625089750095
0.4,fTS,0.0554541289183519
0.4,fTS,0.053346520266512
0.4,fTS,0.0436597905834013
0.4,fTS,0.00881340400593313
0.4,fTS,0.0258271587952149
0.4,fTS,0.0244610043113087
0.4,fTS,0.0252798113032303
0.4,fTS,0.0193106817508988
0.4,fTS,0.0144635644843946
0.4,fTS,0.0129791547935452
0.4,fTS,0.0614113057467616
0.4,fTS,0.0156293639637244
0.4,fTS,0.0226135306930557
0.4,fTS,0.0250217304486052
0.4,fTS,0.0156603680002812
0.4,fTS,0.013576114037323
0.4,fTS,0.0199084003415352
0.4,fTS,0.014529613324132
0.4,fTS,0.0258477670059405
0.4,fTS,0.0262037796378375
0.4,fTS,0.0545724345622939
0.4,fTS,0.0292624449297093
0.4,fTS,0.0364082933762898
0.4,fTS,0.040982839827628
0.4,fTS,0.0152030856725703
0.4,fTS,0.0187825887566443
0.4,fTS,0.0175631566584555
0.4,LS_oracle,0.0287558151912181
0.4,LS_oracle,0.0244636141878182
0.4,LS_oracle,0.0535433536231502
0.4,LS_oracle,0.0596473655525817
0.4,LS_oracle,0.0433015059150621
0.4,LS_oracle,0.0224269721279884
0.4,LS_oracle,0.0263145675213644
0.4,LS_oracle,0.0124602254048652
0.4,LS_oracle,0.0639357762114327
0.4,LS_oracle,0.00998486171400417
0.4,LS_oracle,0.0245049016939443
0.4,LS_oracle,0.0233903201552602
0.4,LS_oracle,0.0627021228788164
0.4,LS_oracle,0.0294058329365931
0.4,LS_oracle,0.057921925706856
0.4,LS_oracle,0.00667608625631269
0.4,LS_oracle,0.0790132080910334
0.4,LS_oracle,0.0207731514559009
0.4,LS_oracle,0.0236881692478838
0.4,LS_oracle,0.0329082706649404
0.4,LS_oracle,0.0750292648133244
0.4,LS_oracle,0.0232957852235505
0.4,LS_oracle,0.0660082017734649
0.4,LS_oracle,0.0576211032879693
0.4,LS_oracle,0.0296482672232627
0.4,LS_oracle,0.0129112007870954
0.4,LS_oracle,0.0622668557142804
0.4,LS_oracle,0.0124546038008273
0.4,LS_oracle,0.0607597555677186
0.4,LS_oracle,0.0594122871073105
0.4,LS_oracle,0.0733688489998838
0.4,LS_oracle,0.0672269432366386
0.4,LS_oracle,0.0358556077014624
0.4,LS_oracle,0.0210274155555054
0.4,LS_oracle,0.0174638077452234
0.4,LS_oracle,0.0347707403573297
0.4,LS_oracle,0.0312660431440066
0.4,LS_oracle,0.0382045245706621
0.4,LS_oracle,0.0199375071910965
0.4,LS_oracle,0.0374724910475506
0.4,LS_oracle,0.0112859207598324
0.4,LS_oracle,0.0154958479502879
0.4,LS_oracle,0.0549502702020685
0.4,LS_oracle,0.0293047581758417
0.4,LS_oracle,0.00632722828610601
0.4,LS_oracle,0.0409381029046661
0.4,LS_oracle,0.0423815516364479
0.4,LS_oracle,0.0133047774252933
0.4,LS_oracle,0.0455499998049419
0.4,LS_oracle,0.0187893661931899
0.4,LS_oracle,0.0219671942106026
0.4,LS_oracle,0.0386047591301223
0.4,LS_oracle,0.0212465241400685
0.4,LS_oracle,0.0208636373574658
0.4,LS_oracle,0.0215666784332026
0.4,LS_oracle,0.0354194680730373
0.4,LS_oracle,0.0259453351405869
0.4,LS_oracle,0.0340168574652455
0.4,LS_oracle,0.0629088224868041
0.4,LS_oracle,0.0361773409697538
0.4,LS_oracle,0.113130154142671
0.4,LS_oracle,0.0230985317959911
0.4,LS_oracle,0.0260266222314959
0.4,LS_oracle,0.0780926188806041
0.4,LS_oracle,0.025733665618428
0.4,LS_oracle,0.00809771945413002
0.4,LS_oracle,0.0632657101383456
0.4,LS_oracle,0.0200211098759795
0.4,LS_oracle,0.0315493044964397
0.4,LS_oracle,0.0196693081925845
0.4,LS_oracle,0.0518077535357551
0.4,LS_oracle,0.0163796951813661
0.4,LS_oracle,0.032670432835206
0.4,LS_oracle,0.0138619616222596
0.4,LS_oracle,0.0300964126333258
0.4,LS_oracle,0.0112288979763657
0.4,LS_oracle,0.0808375169974568
0.4,LS_oracle,0.0228368948041671
0.4,LS_oracle,0.0237920658524948
0.4,LS_oracle,0.0318971932524196
0.4,LS_oracle,0.0424757887197833
0.4,LS_oracle,0.0383027204431432
0.4,LS_oracle,0.0534369360831626
0.4,LS_oracle,0.0550015016623086
0.4,LS_oracle,0.0109320726260542
0.4,LS_oracle,0.039525972086672
0.4,LS_oracle,0.0248757373200391
0.4,LS_oracle,0.0328234492232173
0.4,LS_oracle,0.0322892473526987
0.4,LS_oracle,0.0241641911834358
0.4,LS_oracle,0.0449432449506943
0.4,LS_oracle,0.0448747445180909
0.4,LS_oracle,0.0397676646242301
0.4,LS_oracle,0.0129444656962536
0.4,LS_oracle,0.0452247444277425
0.4,LS_oracle,0.0228452971943321
0.4,LS_oracle,0.024904869038733
0.4,LS_oracle,0.0339704580217739
0.4,LS_oracle,0.0244790576921134
0.4,LS_oracle,0.0871972847511596
0.4,LS_oracle,0.0308870271288884
0.4,LS_oracle,0.0137376936635569
0.4,LS_oracle,0.0243626660862853
0.4,LS_oracle,0.0194427086719464
0.4,LS_oracle,0.0340973691225416
0.4,LS_oracle,0.0561501434856656
0.4,LS_oracle,0.0663630659448941
0.4,LS_oracle,0.0107230215174776
0.4,LS_oracle,0.0173398221178709
0.4,LS_oracle,0.0156798128894839
0.4,LS_oracle,0.0118804658465502
0.4,LS_oracle,0.0576814330135831
0.4,LS_oracle,0.0323203702452888
0.4,LS_oracle,0.0308471401000847
0.4,LS_oracle,0.0176599881190216
0.4,LS_oracle,0.0235336231212637
0.4,LS_oracle,0.0151769511363397
0.4,LS_oracle,0.0107023820645412
0.4,LS_oracle,0.0223333070546439
0.4,LS_oracle,0.0359278364524121
0.4,LS_oracle,0.0150847771744254
0.4,LS_oracle,0.0156914629590603
0.4,LS_oracle,0.0272264155763856
0.4,LS_oracle,0.0454895817752924
0.4,LS_oracle,0.0387546087146923
0.4,LS_oracle,0.0368296402869387
0.4,LS_oracle,0.0057590031735631
0.4,LS_oracle,0.00581025685785144
0.4,LS_oracle,0.0255199208600653
0.4,LS_oracle,0.0221987595710401
0.4,LS_oracle,0.0323526490593984
0.4,LS_oracle,0.0312098984642827
0.4,LS_oracle,0.0389431759774812
0.4,LS_oracle,0.0214646619467911
0.4,LS_oracle,0.0198456183742929
0.4,LS_oracle,0.0142231299823911
0.4,LS_oracle,0.0615406033732937
0.4,LS_oracle,0.0203863315912196
0.4,LS_oracle,0.0333191079055264
0.4,LS_oracle,0.0301894880883539
0.4,LS_oracle,0.0386284266637227
0.4,LS_oracle,0.00659642520821506
0.4,LS_oracle,0.0126640070752607
0.4,LS_oracle,0.0203171335942085
0.4,LS_oracle,0.0220824359229313
0.4,LS_oracle,0.0168071422127598
0.4,LS_oracle,0.0222250884064564
0.4,LS_oracle,0.030638358536523
0.4,LS_oracle,0.038262552667626
0.4,LS_oracle,0.0181368885016258
0.4,LS_oracle,0.0139124459348669
0.4,LS_oracle,0.0228554306227587
0.4,LS_oracle,0.0477306488364867
0.4,LS_oracle,0.0359415598102612
0.4,LS_oracle,0.014643093008022
0.4,LS_oracle,0.0296673077434778
0.4,LS_oracle,0.0490348982085237
0.4,LS_oracle,0.011586646753154
0.4,LS_oracle,0.0173408767767923
0.4,LS_oracle,0.0151751828437089
0.4,LS_oracle,0.0456558505841439
0.4,LS_oracle,0.0108166544399443
0.4,LS_oracle,0.0751606382650813
0.4,LS_oracle,0.0790136773823527
0.4,LS_oracle,0.0529093914661171
0.4,LS_oracle,0.0333197693421766
0.4,LS_oracle,0.0616068619885364
0.4,LS_oracle,0.0246433197700661
0.4,LS_oracle,0.0467220781418374
0.4,LS_oracle,0.0303195424324196
0.4,LS_oracle,0.0246332437784519
0.4,LS_oracle,0.0154438616833037
0.4,LS_oracle,0.0402764100557455
0.4,LS_oracle,0.0359334454230424
0.4,LS_oracle,0.0366790175144375
0.4,LS_oracle,0.0290159484755908
0.4,LS_oracle,0.0197413293760844
0.4,LS_oracle,0.0220480807421111
0.4,LS_oracle,0.0264274898138136
0.4,LS_oracle,0.0425985183790137
0.4,LS_oracle,0.0415386287968756
0.4,LS_oracle,0.0131705833468976
0.4,LS_oracle,0.0126203601331219
0.4,LS_oracle,0.0640556355489418
0.4,LS_oracle,0.0102400789533898
0.4,LS_oracle,0.0407330166366723
0.4,LS_oracle,0.0404517725134618
0.4,LS_oracle,0.0109709483372111
0.4,LS_oracle,0.0217145882470302
0.4,LS_oracle,0.0406990084844002
0.4,LS_oracle,0.0259384955018707
0.4,LS_oracle,0.0105311633984889
0.4,LS_oracle,0.0162672256127033
0.4,LS_oracle,0.0760810585732689
0.4,LS_oracle,0.0166630082121963
0.4,LS_oracle,0.0236673238932866
0.4,LS_oracle,0.0129373367314495
0.4,LS_oracle,0.0114005410864845
0.4,LS_oracle,0.0259063512389455
0.4,LS_oracle,0.0207798956446546
0.4,TS_oracle,0.0190900068357521
0.4,TS_oracle,0.0228204630521228
0.4,TS_oracle,0.0438679581614927
0.4,TS_oracle,0.0411968702214449
0.4,TS_oracle,0.0357677238707089
0.4,TS_oracle,0.0212505183024642
0.4,TS_oracle,0.0179958618193461
0.4,TS_oracle,0.0127232331273228
0.4,TS_oracle,0.0582500151060566
0.4,TS_oracle,0.00909662155046579
0.4,TS_oracle,0.0203016239668938
0.4,TS_oracle,0.0112554117988675
0.4,TS_oracle,0.0284284625418412
0.4,TS_oracle,0.00377889526203805
0.4,TS_oracle,0.05259029481529
0.4,TS_oracle,0.00661921768408003
0.4,TS_oracle,0.0787730553911903
0.4,TS_oracle,0.0134470993361714
0.4,TS_oracle,0.0271534713776801
0.4,TS_oracle,0.0182412672731803
0.4,TS_oracle,0.0557098194738882
0.4,TS_oracle,0.0177752143090131
0.4,TS_oracle,0.0649471235078472
0.4,TS_oracle,0.0392581552150677
0.4,TS_oracle,0.0214660674094273
0.4,TS_oracle,0.0208029123684755
0.4,TS_oracle,0.0448008523570554
0.4,TS_oracle,0.0131854417737988
0.4,TS_oracle,0.0551724773348919
0.4,TS_oracle,0.0621894861909388
0.4,TS_oracle,0.025937007013974
0.4,TS_oracle,0.0160852376433867
0.4,TS_oracle,0.0324229387827863
0.4,TS_oracle,0.0164884910916478
0.4,TS_oracle,0.0177707731410428
0.4,TS_oracle,0.0196232587564032
0.4,TS_oracle,0.0139902945128517
0.4,TS_oracle,0.0246049732645092
0.4,TS_oracle,0.00590490441268595
0.4,TS_oracle,0.0617519154146695
0.4,TS_oracle,0.0195380870413956
0.4,TS_oracle,0.0118398172566828
0.4,TS_oracle,0.0462866750778558
0.4,TS_oracle,0.0257121159709851
0.4,TS_oracle,0.0127136184215032
0.4,TS_oracle,0.0219400114678664
0.4,TS_oracle,0.0317991787749506
0.4,TS_oracle,0.0179151293349462
0.4,TS_oracle,0.0376755231206512
0.4,TS_oracle,0.0110254455129793
0.4,TS_oracle,0.0211557278151398
0.4,TS_oracle,0.0262070983675901
0.4,TS_oracle,0.0349571853129814
0.4,TS_oracle,0.028214461982238
0.4,TS_oracle,0.0196510151098217
0.4,TS_oracle,0.0447239597481949
0.4,TS_oracle,0.0214342714602238
0.4,TS_oracle,0.0129047880820913
0.4,TS_oracle,0.0423303674530567
0.4,TS_oracle,0.0216041763823588
0.4,TS_oracle,0.101329549046322
0.4,TS_oracle,0.0336442461031018
0.4,TS_oracle,0.0138806589334029
0.4,TS_oracle,0.0528803773509356
0.4,TS_oracle,0.0102824710499172
0.4,TS_oracle,0.0115096576060001
0.4,TS_oracle,0.0416801335749829
0.4,TS_oracle,0.0108295764128739
0.4,TS_oracle,0.0324841288726891
0.4,TS_oracle,0.00774801286448955
0.4,TS_oracle,0.0421445012215724
0.4,TS_oracle,0.0102103813200251
0.4,TS_oracle,0.0209816515688562
0.4,TS_oracle,0.0190298564988125
0.4,TS_oracle,0.0208887261702978
0.4,TS_oracle,0.0155743542385212
0.4,TS_oracle,0.0337874831701432
0.4,TS_oracle,0.0187087303607426
0.4,TS_oracle,0.0162317820486798
0.4,TS_oracle,0.0341001845711622
0.4,TS_oracle,0.02115654508717
0.4,TS_oracle,0.0151846052328685
0.4,TS_oracle,0.0414431033171478
0.4,TS_oracle,0.0513146733947855
0.4,TS_oracle,0.0112827735088373
0.4,TS_oracle,0.00878497494643994
0.4,TS_oracle,0.0181084050542366
0.4,TS_oracle,0.0208590157006076
0.4,TS_oracle,0.0266713394425337
0.4,TS_oracle,0.0240344063121943
0.4,TS_oracle,0.0399163247630078
0.4,TS_oracle,0.0310522419663617
0.4,TS_oracle,0.0367259726496502
0.4,TS_oracle,0.0116855703018942
0.4,TS_oracle,0.0202880398762187
0.4,TS_oracle,0.0176950630824301
0.4,TS_oracle,0.0261546690941845
0.4,TS_oracle,0.0351770510001965
0.4,TS_oracle,0.0155794965737053
0.4,TS_oracle,0.08826195772254
0.4,TS_oracle,0.0234861885418487
0.4,TS_oracle,0.011306376769746
0.4,TS_oracle,0.0239810118220947
0.4,TS_oracle,0.0148760700173459
0.4,TS_oracle,0.0248843390980114
0.4,TS_oracle,0.0342505503694225
0.4,TS_oracle,0.0365719017428857
0.4,TS_oracle,0.0132874843065998
0.4,TS_oracle,0.0110463438706115
0.4,TS_oracle,0.0127483535648602
0.4,TS_oracle,0.0162475726005527
0.4,TS_oracle,0.0445832767615213
0.4,TS_oracle,0.0273846126661886
0.4,TS_oracle,0.0379236219598631
0.4,TS_oracle,0.0140440705614254
0.4,TS_oracle,0.0223986657292798
0.4,TS_oracle,0.0209947559329226
0.4,TS_oracle,0.0104768342529538
0.4,TS_oracle,0.0126709090311485
0.4,TS_oracle,0.0188332017738225
0.4,TS_oracle,0.0112144976493826
0.4,TS_oracle,0.0116837640937595
0.4,TS_oracle,0.0248678323695169
0.4,TS_oracle,0.0225968941474742
0.4,TS_oracle,0.0366605427331156
0.4,TS_oracle,0.0169273301758607
0.4,TS_oracle,0.0110413419840185
0.4,TS_oracle,0.0118634362321587
0.4,TS_oracle,0.00911876225399265
0.4,TS_oracle,0.00839001850036285
0.4,TS_oracle,0.0129056870027393
0.4,TS_oracle,0.0307234337431549
0.4,TS_oracle,0.0378081110109356
0.4,TS_oracle,0.0266751193603854
0.4,TS_oracle,0.0149801238759103
0.4,TS_oracle,0.0146287490452271
0.4,TS_oracle,0.0396240775519338
0.4,TS_oracle,0.0133125528462677
0.4,TS_oracle,0.0325793636437187
0.4,TS_oracle,0.0228501605223153
0.4,TS_oracle,0.0342289640788181
0.4,TS_oracle,0.0110936266677366
0.4,TS_oracle,0.010385223651134
0.4,TS_oracle,0.00973714191871957
0.4,TS_oracle,0.0148144284870278
0.4,TS_oracle,0.0211821620076126
0.4,TS_oracle,0.0201432844146088
0.4,TS_oracle,0.0189933164142637
0.4,TS_oracle,0.025815620605422
0.4,TS_oracle,0.0116802312815776
0.4,TS_oracle,0.00909189321634276
0.4,TS_oracle,0.010313113476735
0.4,TS_oracle,0.0498090397389479
0.4,TS_oracle,0.0304656515111942
0.4,TS_oracle,0.0160782612351955
0.4,TS_oracle,0.0187317192075683
0.4,TS_oracle,0.0265211934381667
0.4,TS_oracle,0.00397454994723607
0.4,TS_oracle,0.0146069816026974
0.4,TS_oracle,0.013587361379877
0.4,TS_oracle,0.042246903097008
0.4,TS_oracle,0.0171091280979927
0.4,TS_oracle,0.0642722796512615
0.4,TS_oracle,0.0538326001668861
0.4,TS_oracle,0.046990383250351
0.4,TS_oracle,0.0224852106387965
0.4,TS_oracle,0.0586498482949828
0.4,TS_oracle,0.0132663616642029
0.4,TS_oracle,0.035181875097544
0.4,TS_oracle,0.0186084855886786
0.4,TS_oracle,0.0161935648616462
0.4,TS_oracle,0.0249746058712544
0.4,TS_oracle,0.0328435690467836
0.4,TS_oracle,0.0314597441406537
0.4,TS_oracle,0.0325032615052681
0.4,TS_oracle,0.0343302201455358
0.4,TS_oracle,0.0165965912852556
0.4,TS_oracle,0.0191118982920743
0.4,TS_oracle,0.0231028370363497
0.4,TS_oracle,0.0252929029310555
0.4,TS_oracle,0.0240169716890572
0.4,TS_oracle,0.0121167251154336
0.4,TS_oracle,0.0104324685846156
0.4,TS_oracle,0.0602227629554625
0.4,TS_oracle,0.0131664894293428
0.4,TS_oracle,0.0217590217135956
0.4,TS_oracle,0.0231058809432217
0.4,TS_oracle,0.0150121091083443
0.4,TS_oracle,0.0127093278119774
0.4,TS_oracle,0.015673012424341
0.4,TS_oracle,0.0128723237363288
0.4,TS_oracle,0.010822395438356
0.4,TS_oracle,0.0247857878945569
0.4,TS_oracle,0.0580603480357157
0.4,TS_oracle,0.0286585739737386
0.4,TS_oracle,0.0322745487762163
0.4,TS_oracle,0.0179174097347261
0.4,TS_oracle,0.0125809637652358
0.4,TS_oracle,0.018924423521108
0.4,TS_oracle,0.0177298362214444
0.5,PLS,0.0685288155961717
0.5,PLS,0.0211694729487705
0.5,PLS,0.034320550892574
0.5,PLS,0.0187198889295953
0.5,PLS,0.0461365166520587
0.5,PLS,0.0301023252650789
0.5,PLS,0.0451877314834097
0.5,PLS,0.0474110292176566
0.5,PLS,0.0281523025627477
0.5,PLS,0.0156287752071135
0.5,PLS,0.0283165673441249
0.5,PLS,0.0338156562607371
0.5,PLS,0.0389184946086269
0.5,PLS,0.0323877851768968
0.5,PLS,0.050451867537682
0.5,PLS,0.0405730832307735
0.5,PLS,0.020128120807618
0.5,PLS,0.0124135283217153
0.5,PLS,0.0415359032771879
0.5,PLS,0.0240353714316593
0.5,PLS,0.0208296862275231
0.5,PLS,0.0805169834503704
0.5,PLS,0.0288770680331604
0.5,PLS,0.0481991214517911
0.5,PLS,0.0158583855322474
0.5,PLS,0.0345973348669558
0.5,PLS,0.0123965624555247
0.5,PLS,0.0277214034590589
0.5,PLS,0.0449035278803067
0.5,PLS,0.0662559489310249
0.5,PLS,0.0102452044586061
0.5,PLS,0.0274087176488419
0.5,PLS,0.0127040541228532
0.5,PLS,0.0649675599464203
0.5,PLS,0.0209395278713826
0.5,PLS,0.0891403099408658
0.5,PLS,0.0153351042993432
0.5,PLS,0.0335710676215642
0.5,PLS,0.0589963917211351
0.5,PLS,0.026281599308025
0.5,PLS,0.016349210762952
0.5,PLS,0.0408608592843373
0.5,PLS,0.029757187979425
0.5,PLS,0.0204690179003082
0.5,PLS,0.00833019758890814
0.5,PLS,0.0394479049846464
0.5,PLS,0.0219047638266793
0.5,PLS,0.0172194449697178
0.5,PLS,0.0409879893041424
0.5,PLS,0.0426774443656296
0.5,PLS,0.0233966114764939
0.5,PLS,0.00715266835586342
0.5,PLS,0.0186559497700424
0.5,PLS,0.0637704651507088
0.5,PLS,0.0644566253136498
0.5,PLS,0.0539838479379935
0.5,PLS,0.0470425535062097
0.5,PLS,0.0210761173319518
0.5,PLS,0.018798870566766
0.5,PLS,0.0922214595011321
0.5,PLS,0.0211178085572286
0.5,PLS,0.0499214253465797
0.5,PLS,0.0358443043650979
0.5,PLS,0.0157143090486507
0.5,PLS,0.0119422135502167
0.5,PLS,0.0413901791042215
0.5,PLS,0.0234987322765871
0.5,PLS,0.04913628347887
0.5,PLS,0.0262838487952286
0.5,PLS,0.00691371000684632
0.5,PLS,0.0215704703852467
0.5,PLS,0.0356480206504649
0.5,PLS,0.0287616396358671
0.5,PLS,0.0300124143252914
0.5,PLS,0.0200135618827828
0.5,PLS,0.0141922558052564
0.5,PLS,0.0260287754899646
0.5,PLS,0.0134062992465937
0.5,PLS,0.0743565542974565
0.5,PLS,0.04152854633537
0.5,PLS,0.0266201279679622
0.5,PLS,0.0279885936526871
0.5,PLS,0.0583823101245661
0.5,PLS,0.0234487769372282
0.5,PLS,0.0220492743903466
0.5,PLS,0.0247775140828987
0.5,PLS,0.0181784194840394
0.5,PLS,0.0327788254240173
0.5,PLS,0.0335542279901971
0.5,PLS,0.0405317786073893
0.5,PLS,0.0430135352306485
0.5,PLS,0.0302502291969056
0.5,PLS,0.0279802608280433
0.5,PLS,0.0259490690039933
0.5,PLS,0.0310258792394031
0.5,PLS,0.0203071662703855
0.5,PLS,0.0170514970537734
0.5,PLS,0.0472950828441547
0.5,PLS,0.0115871764977369
0.5,PLS,0.0384808542834263
0.5,PLS,0.0429514660493247
0.5,PLS,0.0343932631014679
0.5,PLS,0.0253118446487162
0.5,PLS,0.0510587534646217
0.5,PLS,0.0171589774215883
0.5,PLS,0.0220219296261223
0.5,PLS,0.111377031374831
0.5,PLS,0.045991959169842
0.5,PLS,0.0237578912770891
0.5,PLS,0.0539792351553814
0.5,PLS,0.0495145423177957
0.5,PLS,0.0406718036903986
0.5,PLS,0.0124898651332954
0.5,PLS,0.0130217785347679
0.5,PLS,0.0319059410349981
0.5,PLS,0.0674766871489426
0.5,PLS,0.0237091995016551
0.5,PLS,0.0227838628375007
0.5,PLS,0.0430005261569293
0.5,PLS,0.0364418993963144
0.5,PLS,0.0263004167104333
0.5,PLS,0.0423820306690471
0.5,PLS,0.0252882629660064
0.5,PLS,0.0917676424379494
0.5,PLS,0.0625487096857687
0.5,PLS,0.0211548681311842
0.5,PLS,0.012557963119836
0.5,PLS,0.0599262012494474
0.5,PLS,0.037930938949666
0.5,PLS,0.037188869593426
0.5,PLS,0.0598191675704357
0.5,PLS,0.0327889816873277
0.5,PLS,0.0165778808221811
0.5,PLS,0.0434851894797604
0.5,PLS,0.0580738165293561
0.5,PLS,0.00978227404250115
0.5,PLS,0.0140159424336337
0.5,PLS,0.0308372302455224
0.5,PLS,0.016931671831319
0.5,PLS,0.0208720958007447
0.5,PLS,0.0216579144509848
0.5,PLS,0.0286985980198632
0.5,PLS,0.0471329465170762
0.5,PLS,0.0427722769500812
0.5,PLS,0.0249321637180954
0.5,PLS,0.0419821912354168
0.5,PLS,0.0496893598639328
0.5,PLS,0.0458770090197798
0.5,PLS,0.039437092657772
0.5,PLS,0.0479604466567889
0.5,PLS,0.0569740340066193
0.5,PLS,0.0115201229404497
0.5,PLS,0.0259891520352814
0.5,PLS,0.0586953776432225
0.5,PLS,0.00461956887608713
0.5,PLS,0.0159250638691539
0.5,PLS,0.046922827024551
0.5,PLS,0.0856611748439933
0.5,PLS,0.0195234578258919
0.5,PLS,0.00724118328212607
0.5,PLS,0.031388407608205
0.5,PLS,0.0196464888576198
0.5,PLS,0.130107916726479
0.5,PLS,0.0372994845007661
0.5,PLS,0.0472007875052263
0.5,PLS,0.0238791337056895
0.5,PLS,0.0163116628287179
0.5,PLS,0.0433116180815417
0.5,PLS,0.028955125635988
0.5,PLS,0.0387516202522759
0.5,PLS,0.035667202295612
0.5,PLS,0.0484333820815703
0.5,PLS,0.0349833709404129
0.5,PLS,0.0109415229712403
0.5,PLS,0.024342323534195
0.5,PLS,0.090276445894315
0.5,PLS,0.0557876924097569
0.5,PLS,0.0795648221240408
0.5,PLS,0.0274664906617536
0.5,PLS,0.0174909335511324
0.5,PLS,0.0370350066936563
0.5,PLS,0.0469658528219484
0.5,PLS,0.0285912201747672
0.5,PLS,0.0148201859856909
0.5,PLS,0.0208323191011695
0.5,PLS,0.0152340524463617
0.5,PLS,0.0194608990101497
0.5,PLS,0.0579516990788516
0.5,PLS,0.0505047031902085
0.5,PLS,0.0215401573270562
0.5,PLS,0.0395779328873221
0.5,PLS,0.0234849999449586
0.5,PLS,0.0772086258674799
0.5,PLS,0.0154747576082336
0.5,PLS,0.0145902740891263
0.5,PLS,0.0566948454419337
0.5,PLS,0.0213323741244784
0.5,PLS,0.0518654514378174
0.5,PLS,0.0188283719487506
0.5,PLS,0.016366722136885
0.5,fTS,0.076049966724991
0.5,fTS,0.0215630870535551
0.5,fTS,0.0266632732424423
0.5,fTS,0.0146610850879386
0.5,fTS,0.0227769994143406
0.5,fTS,0.0308460336750186
0.5,fTS,0.0326388126252733
0.5,fTS,0.0300568686580781
0.5,fTS,0.0159835507337328
0.5,fTS,0.0105166281775506
0.5,fTS,0.00880417756136245
0.5,fTS,0.0237004343416127
0.5,fTS,0.0488346275918004
0.5,fTS,0.0262651073898264
0.5,fTS,0.0425293456235346
0.5,fTS,0.0453365979994532
0.5,fTS,0.0125593904251112
0.5,fTS,0.0133411275187606
0.5,fTS,0.0253384867647573
0.5,fTS,0.0238228979051299
0.5,fTS,0.0104158883690075
0.5,fTS,0.0149710646158034
0.5,fTS,0.0224285439443763
0.5,fTS,0.0315614277012627
0.5,fTS,0.0199725457624181
0.5,fTS,0.0175568205032369
0.5,fTS,0.0101603964218611
0.5,fTS,0.0363719763585395
0.5,fTS,0.0215029070493196
0.5,fTS,0.0655188569327375
0.5,fTS,0.0109984198217358
0.5,fTS,0.0346076142006915
0.5,fTS,0.00883814909160172
0.5,fTS,0.0462865971138973
0.5,fTS,0.0151697291179051
0.5,fTS,0.0864705852018864
0.5,fTS,0.01483396430277
0.5,fTS,0.0330092178880338
0.5,fTS,0.024540795431482
0.5,fTS,0.0389598987038546
0.5,fTS,0.0138258063007414
0.5,fTS,0.0230557233185521
0.5,fTS,0.0175702344185166
0.5,fTS,0.0124078202976798
0.5,fTS,0.0141310951474659
0.5,fTS,0.0397222623029901
0.5,fTS,0.0502341134035167
0.5,fTS,0.0129187266454283
0.5,fTS,0.0360928432068212
0.5,fTS,0.0224825846977433
0.5,fTS,0.019772126301102
0.5,fTS,0.00396638368501955
0.5,fTS,0.00344160348536985
0.5,fTS,0.0581294537875554
0.5,fTS,0.0342845353197585
0.5,fTS,0.0376764320239223
0.5,fTS,0.0454376138085931
0.5,fTS,0.00668919717120966
0.5,fTS,0.0133801493516459
0.5,fTS,0.0619526401024865
0.5,fTS,0.016721781401623
0.5,fTS,0.0343296634841122
0.5,fTS,0.0126745468065118
0.5,fTS,0.0108836514298201
0.5,fTS,0.0195206066322873
0.5,fTS,0.0282414539085862
0.5,fTS,0.0125342695222428
0.5,fTS,0.0399046673161721
0.5,fTS,0.0236900513293424
0.5,fTS,0.00447410543632198
0.5,fTS,0.0241014589286988
0.5,fTS,0.0318270995793142
0.5,fTS,0.0234935450816268
0.5,fTS,0.0273827342315409
0.5,fTS,0.0118900412089409
0.5,fTS,0.0222482831286539
0.5,fTS,0.0263386949343814
0.5,fTS,0.00878317755685347
0.5,fTS,0.03921797043712
0.5,fTS,0.0294066898802538
0.5,fTS,0.0218919530955503
0.5,fTS,0.0372224248832762
0.5,fTS,0.0397196734682747
0.5,fTS,0.0191678032405893
0.5,fTS,0.0124160585783614
0.5,fTS,0.022477350887884
0.5,fTS,0.016135934608897
0.5,fTS,0.019020678148069
0.5,fTS,0.0274831948420912
0.5,fTS,0.0103220358290308
0.5,fTS,0.0446926351928892
0.5,fTS,0.026469371378589
0.5,fTS,0.0102474799526749
0.5,fTS,0.0121524475099351
0.5,fTS,0.0164587659298605
0.5,fTS,0.0167977043200016
0.5,fTS,0.0102298916937509
0.5,fTS,0.021837951351148
0.5,fTS,0.0211536636636069
0.5,fTS,0.0265345149734535
0.5,fTS,0.0140834773813311
0.5,fTS,0.025478984557776
0.5,fTS,0.0104461160773291
0.5,fTS,0.0297268571182373
0.5,fTS,0.0131975164228819
0.5,fTS,0.0298191367829517
0.5,fTS,0.0648196341174852
0.5,fTS,0.0201303522895741
0.5,fTS,0.026496787917371
0.5,fTS,0.0196758254122442
0.5,fTS,0.0452530113503473
0.5,fTS,0.0363202757971306
0.5,fTS,0.0139879296510383
0.5,fTS,0.0125845296998383
0.5,fTS,0.0268967773416423
0.5,fTS,0.0312499648019197
0.5,fTS,0.0392123160937338
0.5,fTS,0.0183049651692231
0.5,fTS,0.04174927068149
0.5,fTS,0.0339744632075738
0.5,fTS,0.0213091400423815
0.5,fTS,0.055982010941783
0.5,fTS,0.0150416806630826
0.5,fTS,0.0522885579338456
0.5,fTS,0.0609231178518974
0.5,fTS,0.0106718529090683
0.5,fTS,0.00796061829697624
0.5,fTS,0.0222659739739306
0.5,fTS,0.0303948801503137
0.5,fTS,0.0396481961463774
0.5,fTS,0.0395892822437257
0.5,fTS,0.0435913230814298
0.5,fTS,0.0080726428582326
0.5,fTS,0.033222635580806
0.5,fTS,0.0306192335735657
0.5,fTS,0.00570370099824443
0.5,fTS,0.0130409382993285
0.5,fTS,0.0293198159052311
0.5,fTS,0.0188095914596933
0.5,fTS,0.0112462977458045
0.5,fTS,0.00674913311735954
0.5,fTS,0.0232524139222597
0.5,fTS,0.0176594887070608
0.5,fTS,0.0159521271487209
0.5,fTS,0.0188030820103069
0.5,fTS,0.0343404317063507
0.5,fTS,0.0410246597264355
0.5,fTS,0.0566853490284788
0.5,fTS,0.0371719177916986
0.5,fTS,0.0363993241676807
0.5,fTS,0.0328321417074186
0.5,fTS,0.0150260515891855
0.5,fTS,0.0241060161044637
0.5,fTS,0.0100786774938642
0.5,fTS,0.00717497362934992
0.5,fTS,0.0348369834893523
0.5,fTS,0.0495810766727216
0.5,fTS,0.076038765387626
0.5,fTS,0.0173929144476949
0.5,fTS,0.00874701248022577
0.5,fTS,0.0238230042429446
0.5,fTS,0.0103234660928007
0.5,fTS,0.0749072474264618
0.5,fTS,0.0208747717553593
0.5,fTS,0.0576513175701693
0.5,fTS,0.0181504765299896
0.5,fTS,0.0168568355516809
0.5,fTS,0.0352562382665641
0.5,fTS,0.0357398997845674
0.5,fTS,0.0201808552265598
0.5,fTS,0.0409008512590533
0.5,fTS,0.0283231962306126
0.5,fTS,0.0137494304719086
0.5,fTS,0.00642815180865521
0.5,fTS,0.0220286750059289
0.5,fTS,0.0326455665148744
0.5,fTS,0.0325948747767401
0.5,fTS,0.0546642154858239
0.5,fTS,0.0159543612345469
0.5,fTS,0.00412921787130686
0.5,fTS,0.0542381359702431
0.5,fTS,0.0611742068789386
0.5,fTS,0.0151975651133635
0.5,fTS,0.00628981702059739
0.5,fTS,0.0132536326130966
0.5,fTS,0.010440125591152
0.5,fTS,0.00653103977184897
0.5,fTS,0.0799502979439213
0.5,fTS,0.0488466824526368
0.5,fTS,0.027572955597238
0.5,fTS,0.0359991202232985
0.5,fTS,0.0232778044777836
0.5,fTS,0.0457818854943898
0.5,fTS,0.0102888544348074
0.5,fTS,0.0427829945554438
0.5,fTS,0.0492589174442055
0.5,fTS,0.0191467618283717
0.5,fTS,0.0241270292015304
0.5,fTS,0.01346651976142
0.5,fTS,0.00961567823664886
0.5,LS_oracle,0.0651306952820509
0.5,LS_oracle,0.0227740933336007
0.5,LS_oracle,0.0292329315858702
0.5,LS_oracle,0.00777289310215731
0.5,LS_oracle,0.0380946728863311
0.5,LS_oracle,0.0280213543515496
0.5,LS_oracle,0.0435549476020065
0.5,LS_oracle,0.0445900236569027
0.5,LS_oracle,0.0110604603518484
0.5,LS_oracle,0.0189921163767789
0.5,LS_oracle,0.0151946370508402
0.5,LS_oracle,0.0280875069959202
0.5,LS_oracle,0.0307086200658537
0.5,LS_oracle,0.0320949303241799
0.5,LS_oracle,0.0797888437293116
0.5,LS_oracle,0.0398094797050625
0.5,LS_oracle,0.0264760596925709
0.5,LS_oracle,0.0156058430373114
0.5,LS_oracle,0.0356604557618103
0.5,LS_oracle,0.0169054025755937
0.5,LS_oracle,0.0146609998941946
0.5,LS_oracle,0.0222866753770088
0.5,LS_oracle,0.030398556336951
0.5,LS_oracle,0.0459888061786798
0.5,LS_oracle,0.0142161769741842
0.5,LS_oracle,0.031822152949025
0.5,LS_oracle,0.0135341084593651
0.5,LS_oracle,0.0297195217379979
0.5,LS_oracle,0.0421090135602303
0.5,LS_oracle,0.0597096147901848
0.5,LS_oracle,0.00929680067250375
0.5,LS_oracle,0.0264051420468793
0.5,LS_oracle,0.00548784948535566
0.5,LS_oracle,0.0460041507064518
0.5,LS_oracle,0.0265569041575166
0.5,LS_oracle,0.104104290847554
0.5,LS_oracle,0.0118263047553811
0.5,LS_oracle,0.0420646272560741
0.5,LS_oracle,0.053554219245746
0.5,LS_oracle,0.0263022441103471
0.5,LS_oracle,0.0128154059826266
0.5,LS_oracle,0.0383228941545228
0.5,LS_oracle,0.0290480373976692
0.5,LS_oracle,0.0171934589903123
0.5,LS_oracle,0.00563552045307857
0.5,LS_oracle,0.0366288773259764
0.5,LS_oracle,0.0125669180324549
0.5,LS_oracle,0.0153533726993184
0.5,LS_oracle,0.0369745015204266
0.5,LS_oracle,0.0183717848621084
0.5,LS_oracle,0.0244097526310873
0.5,LS_oracle,0.00624112515835226
0.5,LS_oracle,0.0145774849015703
0.5,LS_oracle,0.0651866233686454
0.5,LS_oracle,0.0621754948935263
0.5,LS_oracle,0.0504888028542548
0.5,LS_oracle,0.0652267999459375
0.5,LS_oracle,0.0348197664424797
0.5,LS_oracle,0.0165952785755829
0.5,LS_oracle,0.0847201013494387
0.5,LS_oracle,0.0102892059879598
0.5,LS_oracle,0.0493355040308878
0.5,LS_oracle,0.0117044622212054
0.5,LS_oracle,0.0155571682335957
0.5,LS_oracle,0.0141858780621273
0.5,LS_oracle,0.0372803286645183
0.5,LS_oracle,0.0224846039286721
0.5,LS_oracle,0.0506195510315002
0.5,LS_oracle,0.027303139431612
0.5,LS_oracle,0.00947424067684786
0.5,LS_oracle,0.021115400914221
0.5,LS_oracle,0.0366594396783275
0.5,LS_oracle,0.028888542358588
0.5,LS_oracle,0.0269020160921937
0.5,LS_oracle,0.0208067656644314
0.5,LS_oracle,0.0110218111323146
0.5,LS_oracle,0.0260692086930999
0.5,LS_oracle,0.00575874086262947
0.5,LS_oracle,0.0737445759575229
0.5,LS_oracle,0.0379333756627562
0.5,LS_oracle,0.0258799680600181
0.5,LS_oracle,0.0125658882846508
0.5,LS_oracle,0.0425683408762228
0.5,LS_oracle,0.0158184853503897
0.5,LS_oracle,0.024530907748631
0.5,LS_oracle,0.0270493317229048
0.5,LS_oracle,0.0181254054356252
0.5,LS_oracle,0.031683880442914
0.5,LS_oracle,0.034662828350408
0.5,LS_oracle,0.0250728724145764
0.5,LS_oracle,0.0426740652539184
0.5,LS_oracle,0.0322161460945859
0.5,LS_oracle,0.012249946757469
0.5,LS_oracle,0.0199938346804153
0.5,LS_oracle,0.0278847376916773
0.5,LS_oracle,0.0189480337755199
0.5,LS_oracle,0.0169673157955583
0.5,LS_oracle,0.0209351434457572
0.5,LS_oracle,0.00963874751437934
0.5,LS_oracle,0.0392990247780849
0.5,LS_oracle,0.0409008444616982
0.5,LS_oracle,0.0394902497219856
0.5,LS_oracle,0.0251783363586585
0.5,LS_oracle,0.0517602319100088
0.5,LS_oracle,0.0180259130525821
0.5,LS_oracle,0.0167025214882201
0.5,LS_oracle,0.10889582697821
0.5,LS_oracle,0.0450606624864688
0.5,LS_oracle,0.0212337230943911
0.5,LS_oracle,0.0543975909190757
0.5,LS_oracle,0.0454328201355196
0.5,LS_oracle,0.0400086592644537
0.5,LS_oracle,0.0114714253048817
0.5,LS_oracle,0.0110642192744908
0.5,LS_oracle,0.056130801385943
0.5,LS_oracle,0.0654437791533911
0.5,LS_oracle,0.0193550458952764
0.5,LS_oracle,0.0194177958956392
0.5,LS_oracle,0.041413504985482
0.5,LS_oracle,0.0317000197628016
0.5,LS_oracle,0.028207397400288
0.5,LS_oracle,0.0340789051579838
0.5,LS_oracle,0.0123761783582682
0.5,LS_oracle,0.0847461215378773
0.5,LS_oracle,0.046603225082744
0.5,LS_oracle,0.0207394499136677
0.5,LS_oracle,0.011479780845042
0.5,LS_oracle,0.0229457541335265
0.5,LS_oracle,0.0324167681251373
0.5,LS_oracle,0.0390726760077093
0.5,LS_oracle,0.0378525531752229
0.5,LS_oracle,0.0260923022172286
0.5,LS_oracle,0.0147630616513967
0.5,LS_oracle,0.0263682794459306
0.5,LS_oracle,0.055554124601652
0.5,LS_oracle,0.01176496476026
0.5,LS_oracle,0.0120059841151078
0.5,LS_oracle,0.0373399051187644
0.5,LS_oracle,0.0153348191395896
0.5,LS_oracle,0.0252775234414422
0.5,LS_oracle,0.0162731638228645
0.5,LS_oracle,0.0294577753699813
0.5,LS_oracle,0.0401098681191565
0.5,LS_oracle,0.0325574920605654
0.5,LS_oracle,0.00936486871657702
0.5,LS_oracle,0.0349062379325252
0.5,LS_oracle,0.0263322839485072
0.5,LS_oracle,0.0458183845835287
0.5,LS_oracle,0.0396304711014649
0.5,LS_oracle,0.0499277775192289
0.5,LS_oracle,0.0187799513906514
0.5,LS_oracle,0.00944860254774218
0.5,LS_oracle,0.0231169709029613
0.5,LS_oracle,0.0458048825419832
0.5,LS_oracle,0.00676119434945723
0.5,LS_oracle,0.0112833339060976
0.5,LS_oracle,0.0478298202485953
0.5,LS_oracle,0.0970832523460702
0.5,LS_oracle,0.0187405326828625
0.5,LS_oracle,0.00665145310187373
0.5,LS_oracle,0.0227036165274756
0.5,LS_oracle,0.0325303293283379
0.5,LS_oracle,0.0402586558750817
0.5,LS_oracle,0.0330782842675246
0.5,LS_oracle,0.0564076156371039
0.5,LS_oracle,0.0186965610240087
0.5,LS_oracle,0.0169703154341794
0.5,LS_oracle,0.0709983895774075
0.5,LS_oracle,0.0297664125108137
0.5,LS_oracle,0.0291619775759558
0.5,LS_oracle,0.0310847242507029
0.5,LS_oracle,0.0523309718199201
0.5,LS_oracle,0.0349138331730264
0.5,LS_oracle,0.00634761075523156
0.5,LS_oracle,0.0198062510969094
0.5,LS_oracle,0.0408585705547261
0.5,LS_oracle,0.0560138482834006
0.5,LS_oracle,0.0720918639891203
0.5,LS_oracle,0.0264817130862385
0.5,LS_oracle,0.0156064995423082
0.5,LS_oracle,0.0370411270814152
0.5,LS_oracle,0.0480334143613107
0.5,LS_oracle,0.0250124981546909
0.5,LS_oracle,0.0135950017346735
0.5,LS_oracle,0.0203005397579122
0.5,LS_oracle,0.0165012641707835
0.5,LS_oracle,0.0192015886391393
0.5,LS_oracle,0.0894614244251589
0.5,LS_oracle,0.028924244978673
0.5,LS_oracle,0.0218354827006818
0.5,LS_oracle,0.0191322588347096
0.5,LS_oracle,0.0373068056717768
0.5,LS_oracle,0.0589893817434551
0.5,LS_oracle,0.01114497746242
0.5,LS_oracle,0.0177234344814181
0.5,LS_oracle,0.0723008145875599
0.5,LS_oracle,0.0267881180250573
0.5,LS_oracle,0.0527663924564971
0.5,LS_oracle,0.0179859568500647
0.5,LS_oracle,0.0139246766842863
0.5,TS_oracle,0.0771725686788209
0.5,TS_oracle,0.018765665581523
0.5,TS_oracle,0.0275364908689891
0.5,TS_oracle,0.0107148056053402
0.5,TS_oracle,0.0224588367871858
0.5,TS_oracle,0.0223095551799558
0.5,TS_oracle,0.0317810263829456
0.5,TS_oracle,0.0244837371275805
0.5,TS_oracle,0.00760147569310265
0.5,TS_oracle,0.00973376460950302
0.5,TS_oracle,0.00790771278997051
0.5,TS_oracle,0.0206122117632995
0.5,TS_oracle,0.040375095976831
0.5,TS_oracle,0.0253490369857446
0.5,TS_oracle,0.0365812348024933
0.5,TS_oracle,0.0424014088223219
0.5,TS_oracle,0.0077380340004331
0.5,TS_oracle,0.00973863912107913
0.5,TS_oracle,0.0248017945061592
0.5,TS_oracle,0.0206307624243628
0.5,TS_oracle,0.00788043273636422
0.5,TS_oracle,0.0171975611321002
0.5,TS_oracle,0.0225456831139985
0.5,TS_oracle,0.0310026629690466
0.5,TS_oracle,0.0201743521796601
0.5,TS_oracle,0.0178488814376813
0.5,TS_oracle,0.0104197022557949
0.5,TS_oracle,0.0311841708351226
0.5,TS_oracle,0.0215198078162538
0.5,TS_oracle,0.0585949236493997
0.5,TS_oracle,0.0129730887914433
0.5,TS_oracle,0.0246405591091018
0.5,TS_oracle,0.00678810867385038
0.5,TS_oracle,0.0324662297486656
0.5,TS_oracle,0.0168886398377355
0.5,TS_oracle,0.0876864156152352
0.5,TS_oracle,0.00834050341925698
0.5,TS_oracle,0.0359399712942695
0.5,TS_oracle,0.0245916186062553
0.5,TS_oracle,0.0387939103514107
0.5,TS_oracle,0.0134874644309277
0.5,TS_oracle,0.0224431149280419
0.5,TS_oracle,0.0142832999937371
0.5,TS_oracle,0.0081716116283569
0.5,TS_oracle,0.00596497325243658
0.5,TS_oracle,0.0376477616355525
0.5,TS_oracle,0.0126700465397643
0.5,TS_oracle,0.00901852480242084
0.5,TS_oracle,0.0345098023088515
0.5,TS_oracle,0.0183306414951309
0.5,TS_oracle,0.0166332579979278
0.5,TS_oracle,0.00320812787186267
0.5,TS_oracle,0.00372896990116842
0.5,TS_oracle,0.0456996417958991
0.5,TS_oracle,0.0345537301408529
0.5,TS_oracle,0.0359489506934724
0.5,TS_oracle,0.0132384121456893
0.5,TS_oracle,0.0100590045084601
0.5,TS_oracle,0.0118720435157707
0.5,TS_oracle,0.0554952034756164
0.5,TS_oracle,0.0124548659602587
0.5,TS_oracle,0.0338239251209695
0.5,TS_oracle,0.00966720836887368
0.5,TS_oracle,0.0142309680060923
0.5,TS_oracle,0.0188737691724601
0.5,TS_oracle,0.0218625068706954
0.5,TS_oracle,0.0130780900718088
0.5,TS_oracle,0.0377898226563086
0.5,TS_oracle,0.0267704538142815
0.5,TS_oracle,0.00541656921127036
0.5,TS_oracle,0.0183001505088861
0.5,TS_oracle,0.031925429601733
0.5,TS_oracle,0.02347524250258
0.5,TS_oracle,0.0228122974778271
0.5,TS_oracle,0.0101548138329724
0.5,TS_oracle,0.00664637719833426
0.5,TS_oracle,0.0142168301989179
0.5,TS_oracle,0.00879667862849415
0.5,TS_oracle,0.0401603313629608
0.5,TS_oracle,0.0266830694378043
0.5,TS_oracle,0.0214564027962583
0.5,TS_oracle,0.0175996206263021
0.5,TS_oracle,0.0387405924888172
0.5,TS_oracle,0.0142623220710998
0.5,TS_oracle,0.013540248478262
0.5,TS_oracle,0.021949552723687
0.5,TS_oracle,0.0161405522528882
0.5,TS_oracle,0.0166565181377899
0.5,TS_oracle,0.0282291459669649
0.5,TS_oracle,0.00891603663877553
0.5,TS_oracle,0.0386506479457154
0.5,TS_oracle,0.0192664921038487
0.5,TS_oracle,0.00691365661414862
0.5,TS_oracle,0.0105449785375084
0.5,TS_oracle,0.0132061080912999
0.5,TS_oracle,0.0166956686776519
0.5,TS_oracle,0.0102415924095426
0.5,TS_oracle,0.019238604681932
0.5,TS_oracle,0.0197537783427372
0.5,TS_oracle,0.0267389150190865
0.5,TS_oracle,0.0139555247705802
0.5,TS_oracle,0.0271504158648989
0.5,TS_oracle,0.0110486663579681
0.5,TS_oracle,0.0299741417332048
0.5,TS_oracle,0.0136296305828892
0.5,TS_oracle,0.0247404705834665
0.5,TS_oracle,0.0616521501214169
0.5,TS_oracle,0.0171337036595828
0.5,TS_oracle,0.0266286761209641
0.5,TS_oracle,0.0188221699843976
0.5,TS_oracle,0.0239494446547435
0.5,TS_oracle,0.0362272065207921
0.5,TS_oracle,0.00619212172736869
0.5,TS_oracle,0.0118899187679258
0.5,TS_oracle,0.0352124923603221
0.5,TS_oracle,0.0306536550707092
0.5,TS_oracle,0.0124720014265475
0.5,TS_oracle,0.0182312690477116
0.5,TS_oracle,0.037627913283753
0.5,TS_oracle,0.0247434559151231
0.5,TS_oracle,0.0173835046643716
0.5,TS_oracle,0.0491603820228854
0.5,TS_oracle,0.00726439223873023
0.5,TS_oracle,0.0480936330446052
0.5,TS_oracle,0.0532466962855615
0.5,TS_oracle,0.0106662574664735
0.5,TS_oracle,0.00615526642623256
0.5,TS_oracle,0.0199303611459835
0.5,TS_oracle,0.03115140661793
0.5,TS_oracle,0.034103485656842
0.5,TS_oracle,0.0375693336773578
0.5,TS_oracle,0.0342690213436719
0.5,TS_oracle,0.00286782897851358
0.5,TS_oracle,0.0266272781135702
0.5,TS_oracle,0.0278581716754317
0.5,TS_oracle,0.00627277707403275
0.5,TS_oracle,0.0122540820470622
0.5,TS_oracle,0.0333830759437002
0.5,TS_oracle,0.00946682796813836
0.5,TS_oracle,0.0114624138448029
0.5,TS_oracle,0.00298682458175209
0.5,TS_oracle,0.0157510545607252
0.5,TS_oracle,0.0178168592736226
0.5,TS_oracle,0.0141111078873477
0.5,TS_oracle,0.016315084431753
0.5,TS_oracle,0.0318215694948629
0.5,TS_oracle,0.0291121913506339
0.5,TS_oracle,0.0564259313648952
0.5,TS_oracle,0.0358027893596512
0.5,TS_oracle,0.0318848171870326
0.5,TS_oracle,0.0104368043170398
0.5,TS_oracle,0.0113475321762827
0.5,TS_oracle,0.0185539167367894
0.5,TS_oracle,0.00949368471801849
0.5,TS_oracle,0.0061634914014257
0.5,TS_oracle,0.0311544333651956
0.5,TS_oracle,0.0486664131821357
0.5,TS_oracle,0.0316950297586231
0.5,TS_oracle,0.0171472682455036
0.5,TS_oracle,0.00874973926348047
0.5,TS_oracle,0.0187676617730135
0.5,TS_oracle,0.0106554503089142
0.5,TS_oracle,0.0187912816931313
0.5,TS_oracle,0.0211964462361728
0.5,TS_oracle,0.054734504414834
0.5,TS_oracle,0.0174328434020811
0.5,TS_oracle,0.0191191052994818
0.5,TS_oracle,0.031246869951547
0.5,TS_oracle,0.0233107965176194
0.5,TS_oracle,0.0198099683041328
0.5,TS_oracle,0.0376578598786023
0.5,TS_oracle,0.0294856903346912
0.5,TS_oracle,0.0136034440245726
0.5,TS_oracle,0.00500376687101798
0.5,TS_oracle,0.0216994082334558
0.5,TS_oracle,0.0302093958171632
0.5,TS_oracle,0.0292498592940387
0.5,TS_oracle,0.0517025981271024
0.5,TS_oracle,0.0160364923361684
0.5,TS_oracle,0.00440165554490519
0.5,TS_oracle,0.0472982873439143
0.5,TS_oracle,0.0609970998188883
0.5,TS_oracle,0.0164119630876171
0.5,TS_oracle,0.00483328412656959
0.5,TS_oracle,0.0103458593717397
0.5,TS_oracle,0.0100750965812541
0.5,TS_oracle,0.00641010914599236
0.5,TS_oracle,0.0887518518888575
0.5,TS_oracle,0.0354852692197912
0.5,TS_oracle,0.020686761153258
0.5,TS_oracle,0.0195790611834508
0.5,TS_oracle,0.0281353406865417
0.5,TS_oracle,0.0391857717170145
0.5,TS_oracle,0.0072201645221966
0.5,TS_oracle,0.0368343513575292
0.5,TS_oracle,0.0504377074071516
0.5,TS_oracle,0.0151489798191171
0.5,TS_oracle,0.0235661795585498
0.5,TS_oracle,0.00704173539969668
0.5,TS_oracle,0.00801782100299561
0.6,PLS,0.0254213126271822
0.6,PLS,0.0325517743239485
0.6,PLS,0.0580154043535809
0.6,PLS,0.0143628867502567
0.6,PLS,0.0119540924535678
0.6,PLS,0.035472341744383
0.6,PLS,0.0558701380180644
0.6,PLS,0.0188678951168468
0.6,PLS,0.0379826746229283
0.6,PLS,0.0764488645757407
0.6,PLS,0.0452301752479796
0.6,PLS,0.0296135996040984
0.6,PLS,0.0368654706959175
0.6,PLS,0.0170386404696223
0.6,PLS,0.0462455534630203
0.6,PLS,0.0399551222461728
0.6,PLS,0.0188031953355777
0.6,PLS,0.0129650566952548
0.6,PLS,0.0350194813114
0.6,PLS,0.0457470094625386
0.6,PLS,0.0297660587378969
0.6,PLS,0.0124294053946684
0.6,PLS,0.0312397949311505
0.6,PLS,0.0322242413070615
0.6,PLS,0.020828414872433
0.6,PLS,0.0232217757495162
0.6,PLS,0.0311694817844586
0.6,PLS,0.0232428696531861
0.6,PLS,0.023448705409714
0.6,PLS,0.0116130433812713
0.6,PLS,0.051590240872701
0.6,PLS,0.0226466343423092
0.6,PLS,0.0273573717020568
0.6,PLS,0.0529849394059945
0.6,PLS,0.045972496204234
0.6,PLS,0.0455016345339783
0.6,PLS,0.078708346281391
0.6,PLS,0.0508249726405496
0.6,PLS,0.00188250789545982
0.6,PLS,0.0087366073489662
0.6,PLS,0.0223502881935664
0.6,PLS,0.0111356239297643
0.6,PLS,0.0152995617142987
0.6,PLS,0.0978553541898663
0.6,PLS,0.0230623063257786
0.6,PLS,0.0323741354180036
0.6,PLS,0.0158707971668952
0.6,PLS,0.0625659164988352
0.6,PLS,0.058196619330835
0.6,PLS,0.0685227257337179
0.6,PLS,0.0727743411135291
0.6,PLS,0.0296624257262931
0.6,PLS,0.00914224757925145
0.6,PLS,0.0465265734331016
0.6,PLS,0.00881198763723354
0.6,PLS,0.0180785246460768
0.6,PLS,0.0249729762653306
0.6,PLS,0.0238575903704916
0.6,PLS,0.0286177892899936
0.6,PLS,0.0295613595408825
0.6,PLS,0.031139124617909
0.6,PLS,0.0563155211577652
0.6,PLS,0.0306088875515041
0.6,PLS,0.0746358631735619
0.6,PLS,0.0747595992880447
0.6,PLS,0.0286906231093347
0.6,PLS,0.0254866490918987
0.6,PLS,0.0220073429365617
0.6,PLS,0.0151425994519199
0.6,PLS,0.0447800331425221
0.6,PLS,0.0133114974530451
0.6,PLS,0.0447275362327956
0.6,PLS,0.0729920994722684
0.6,PLS,0.0309233105358964
0.6,PLS,0.0659066908033503
0.6,PLS,0.050729687143633
0.6,PLS,0.050726149878562
0.6,PLS,0.0339899330586568
0.6,PLS,0.0644922235550565
0.6,PLS,0.0198656687496464
0.6,PLS,0.0309497902876512
0.6,PLS,0.0243711708365643
0.6,PLS,0.0613093919407827
0.6,PLS,0.0803818207980882
0.6,PLS,0.0183573252160681
0.6,PLS,0.0156681713127975
0.6,PLS,0.0800684619952916
0.6,PLS,0.0593429192970638
0.6,PLS,0.0246883499313757
0.6,PLS,0.0335861451062696
0.6,PLS,0.0524327522932815
0.6,PLS,0.0134025826711776
0.6,PLS,0.0190879512628172
0.6,PLS,0.0182433731402972
0.6,PLS,0.0518121501728646
0.6,PLS,0.0445623048114533
0.6,PLS,0.0258798697906409
0.6,PLS,0.0306922489930068
0.6,PLS,0.0490123570233338
0.6,PLS,0.0525620196375824
0.6,PLS,0.041819503880754
0.6,PLS,0.030974496258232
0.6,PLS,0.0234727090481701
0.6,PLS,0.0187045816517887
0.6,PLS,0.0156208660608914
0.6,PLS,0.0561088286403423
0.6,PLS,0.0278360628546918
0.6,PLS,0.0380776335991601
0.6,PLS,0.0274179842010157
0.6,PLS,0.0130224793907613
0.6,PLS,0.0439195154968881
0.6,PLS,0.0474464201667539
0.6,PLS,0.0241142285796821
0.6,PLS,0.0525792153756628
0.6,PLS,0.0287130803823756
0.6,PLS,0.0258043069325035
0.6,PLS,0.0276552201518337
0.6,PLS,0.00975888243450562
0.6,PLS,0.0407862552135568
0.6,PLS,0.00282829713255841
0.6,PLS,0.0319540006516916
0.6,PLS,0.0818869572688259
0.6,PLS,0.029925642390955
0.6,PLS,0.0187024493032573
0.6,PLS,0.0572586630912192
0.6,PLS,0.0841108409577986
0.6,PLS,0.0170651279204921
0.6,PLS,0.0376496217205771
0.6,PLS,0.143213907748869
0.6,PLS,0.0505361301855679
0.6,PLS,0.0244438731106237
0.6,PLS,0.0573574430829197
0.6,PLS,0.0257109915878462
0.6,PLS,0.0347999221427404
0.6,PLS,0.0345925072993061
0.6,PLS,0.0159295658573136
0.6,PLS,0.0288029674055643
0.6,PLS,0.0218327065508853
0.6,PLS,0.0194384152309182
0.6,PLS,0.0184738525450107
0.6,PLS,0.0167189494455702
0.6,PLS,0.0864545182108412
0.6,PLS,0.0206483990515309
0.6,PLS,0.0397205827982132
0.6,PLS,0.157106595972254
0.6,PLS,0.0228682757763279
0.6,PLS,0.061806563460233
0.6,PLS,0.00933337317180252
0.6,PLS,0.102898214260756
0.6,PLS,0.0161038522530586
0.6,PLS,0.0190560354434083
0.6,PLS,0.0447461675561034
0.6,PLS,0.0184763792007944
0.6,PLS,0.0236657203716323
0.6,PLS,0.0248988600712415
0.6,PLS,0.0154155261246491
0.6,PLS,0.0515935928845115
0.6,PLS,0.0269466225868657
0.6,PLS,0.0543822207868287
0.6,PLS,0.0175801990217382
0.6,PLS,0.0352155723266294
0.6,PLS,0.0262873267510007
0.6,PLS,0.0493873045047777
0.6,PLS,0.013024408010394
0.6,PLS,0.0154767086113959
0.6,PLS,0.014305568061563
0.6,PLS,0.0632222324478749
0.6,PLS,0.0177090093361176
0.6,PLS,0.0577237708207192
0.6,PLS,0.0874404188181247
0.6,PLS,0.0499503193140816
0.6,PLS,0.0432919417955076
0.6,PLS,0.0161147323724768
0.6,PLS,0.0232201019173125
0.6,PLS,0.0229802603623111
0.6,PLS,0.0305228236254504
0.6,PLS,0.0754707408672811
0.6,PLS,0.0108826469513112
0.6,PLS,0.0520118930234572
0.6,PLS,0.0284705522626748
0.6,PLS,0.0637093657575389
0.6,PLS,0.041838522369226
0.6,PLS,0.0581593216372796
0.6,PLS,0.0280338070769245
0.6,PLS,0.0277851944344321
0.6,PLS,0.012604192736391
0.6,PLS,0.0332834108278486
0.6,PLS,0.0275240002425888
0.6,PLS,0.0349023545121234
0.6,PLS,0.00730268280017511
0.6,PLS,0.0267948967201278
0.6,PLS,0.0102974229533495
0.6,PLS,0.032859509022361
0.6,PLS,0.0409143543675286
0.6,PLS,0.0252039576084022
0.6,PLS,0.06483116978024
0.6,PLS,0.0322472056783022
0.6,PLS,0.0259843356227945
0.6,PLS,0.0266723547425186
0.6,PLS,0.0354985820162284
0.6,fTS,0.00925430506719597
0.6,fTS,0.0165718360090302
0.6,fTS,0.0254130375591056
0.6,fTS,0.00593032399833408
0.6,fTS,0.0147171333859059
0.6,fTS,0.0222433623002325
0.6,fTS,0.0350151143756803
0.6,fTS,0.0122791545048585
0.6,fTS,0.0261855978529125
0.6,fTS,0.0378085369564155
0.6,fTS,0.0121701324564477
0.6,fTS,0.0406153432774734
0.6,fTS,0.0166375741667943
0.6,fTS,0.0149744832804639
0.6,fTS,0.0301773970433822
0.6,fTS,0.0147015477093089
0.6,fTS,0.0113518187474811
0.6,fTS,0.0293548832740788
0.6,fTS,0.0432791320165313
0.6,fTS,0.0282467946964131
0.6,fTS,0.0240856850529808
0.6,fTS,0.0183837950429674
0.6,fTS,0.0162735416030898
0.6,fTS,0.00965005267030502
0.6,fTS,0.0119657519306674
0.6,fTS,0.0297972074280123
0.6,fTS,0.0282029696095772
0.6,fTS,0.010828822814485
0.6,fTS,0.0293824971217187
0.6,fTS,0.00840960690385071
0.6,fTS,0.031258746572813
0.6,fTS,0.0215276848828823
0.6,fTS,0.0271964642638469
0.6,fTS,0.029271434741677
0.6,fTS,0.0288656434222479
0.6,fTS,0.0411747923393873
0.6,fTS,0.0473350803986964
0.6,fTS,0.0324775733119106
0.6,fTS,0.00270405135836756
0.6,fTS,0.00915997626781496
0.6,fTS,0.0115245948138019
0.6,fTS,0.0275921277166732
0.6,fTS,0.0103057651820658
0.6,fTS,0.087162878022223
0.6,fTS,0.0099850148119875
0.6,fTS,0.0183930760882239
0.6,fTS,0.032088268743125
0.6,fTS,0.0267773771257452
0.6,fTS,0.0281131874490244
0.6,fTS,0.0657467981436269
0.6,fTS,0.00726660655816427
0.6,fTS,0.0189469448773611
0.6,fTS,0.0119924080096223
0.6,fTS,0.0104726513635237
0.6,fTS,0.0115248974439325
0.6,fTS,0.0247719149901166
0.6,fTS,0.0239692780163382
0.6,fTS,0.0105704809783472
0.6,fTS,0.00812560975680666
0.6,fTS,0.0279338374325526
0.6,fTS,0.0372819025654079
0.6,fTS,0.0275174574523198
0.6,fTS,0.0260142046391742
0.6,fTS,0.0314582098136542
0.6,fTS,0.0296891771274141
0.6,fTS,0.0213734830388998
0.6,fTS,0.036273797162796
0.6,fTS,0.0313270463878651
0.6,fTS,0.0246983084081916
0.6,fTS,0.0132975002698584
0.6,fTS,0.00941271989647114
0.6,fTS,0.0444619257623532
0.6,fTS,0.0174729816563087
0.6,fTS,0.0292102663145255
0.6,fTS,0.0380413839475614
0.6,fTS,0.0471573862508787
0.6,fTS,0.0293998872805358
0.6,fTS,0.0296234425255801
0.6,fTS,0.0491637321621803
0.6,fTS,0.0173816796681713
0.6,fTS,0.0369925543789873
0.6,fTS,0.0227355705197602
0.6,fTS,0.0515713669691182
0.6,fTS,0.05408654555915
0.6,fTS,0.0115306622932988
0.6,fTS,0.0205454243129768
0.6,fTS,0.0500906538306752
0.6,fTS,0.0320905807358276
0.6,fTS,0.018926739543046
0.6,fTS,0.0168002596996878
0.6,fTS,0.0230650587235537
0.6,fTS,0.0150056412651825
0.6,fTS,0.0119315719414049
0.6,fTS,0.015690236629986
0.6,fTS,0.0212965984416029
0.6,fTS,0.0208185662335025
0.6,fTS,0.0220765494931367
0.6,fTS,0.0252561506034523
0.6,fTS,0.004471755000147
0.6,fTS,0.032350859658691
0.6,fTS,0.0406020798194557
0.6,fTS,0.0369874872675178
0.6,fTS,0.0109468294142606
0.6,fTS,0.00990269304979172
0.6,fTS,0.00805695509827846
0.6,fTS,0.0440695208686191
0.6,fTS,0.0178507049952138
0.6,fTS,0.0204659453756339
0.6,fTS,0.0241371846500588
0.6,fTS,0.0146575269349573
0.6,fTS,0.0137405509534728
0.6,fTS,0.0295743427181173
0.6,fTS,0.0225683549830499
0.6,fTS,0.0302775984836302
0.6,fTS,0.00623205907092436
0.6,fTS,0.0167483670712591
0.6,fTS,0.0223359883686164
0.6,fTS,0.0132928815519134
0.6,fTS,0.0190408665689112
0.6,fTS,0.00643176146018664
0.6,fTS,0.0233004685854179
0.6,fTS,0.0631582800041355
0.6,fTS,0.00624864953994354
0.6,fTS,0.0247666081587032
0.6,fTS,0.0218056917990312
0.6,fTS,0.0734175511319127
0.6,fTS,0.0174194709535891
0.6,fTS,0.0199815168111615
0.6,fTS,0.0816477531751966
0.6,fTS,0.0359194790201585
0.6,fTS,0.0136901050348011
0.6,fTS,0.040750033526422
0.6,fTS,0.0144691350482868
0.6,fTS,0.0199037847888505
0.6,fTS,0.0174083179698761
0.6,fTS,0.0070565014549061
0.6,fTS,0.0297084455891701
0.6,fTS,0.0165619673611839
0.6,fTS,0.0107582593320114
0.6,fTS,0.0131427188504104
0.6,fTS,0.0121568057662333
0.6,fTS,0.051554754460347
0.6,fTS,0.0085776683100044
0.6,fTS,0.026803933242111
0.6,fTS,0.0720050310815001
0.6,fTS,0.0125787072935331
0.6,fTS,0.0352787204568143
0.6,fTS,0.0128783535954633
0.6,fTS,0.0256685453212341
0.6,fTS,0.00990987778164113
0.6,fTS,0.0181237685835684
0.6,fTS,0.0197964988388621
0.6,fTS,0.0216233766233341
0.6,fTS,0.0177675525646514
0.6,fTS,0.0140291335280836
0.6,fTS,0.027891249501761
0.6,fTS,0.0309462120629427
0.6,fTS,0.0200577727906288
0.6,fTS,0.0441945671503919
0.6,fTS,0.0143964499778466
0.6,fTS,0.0248940822560743
0.6,fTS,0.0244848806059625
0.6,fTS,0.0473380749569578
0.6,fTS,0.00765430249180599
0.6,fTS,0.00689351189699007
0.6,fTS,0.00642633044672587
0.6,fTS,0.0129281007797848
0.6,fTS,0.0148352619604346
0.6,fTS,0.0275292105468947
0.6,fTS,0.0128136697030135
0.6,fTS,0.0256299350935307
0.6,fTS,0.0227241910328287
0.6,fTS,0.0165402017694896
0.6,fTS,0.0175920079419938
0.6,fTS,0.0136640299852195
0.6,fTS,0.0294580074912212
0.6,fTS,0.0550224357133979
0.6,fTS,0.00831232546607258
0.6,fTS,0.0216862800208452
0.6,fTS,0.0403672520742664
0.6,fTS,0.0344089695228061
0.6,fTS,0.00987678837842428
0.6,fTS,0.0173498189960737
0.6,fTS,0.0195468516597871
0.6,fTS,0.00625992837674586
0.6,fTS,0.0108542053205106
0.6,fTS,0.0401187273843307
0.6,fTS,0.01597885776256
0.6,fTS,0.018079024255578
0.6,fTS,0.0154146003747419
0.6,fTS,0.00893563077948264
0.6,fTS,0.0101286640146917
0.6,fTS,0.01372286938841
0.6,fTS,0.0133442964170632
0.6,fTS,0.00754404858065083
0.6,fTS,0.0458447696854145
0.6,fTS,0.0268012292929896
0.6,fTS,0.0266672505372801
0.6,fTS,0.0136907457900732
0.6,fTS,0.0171582755517991
0.6,LS_oracle,0.0222944932856373
0.6,LS_oracle,0.0261181260861818
0.6,LS_oracle,0.0612804200973013
0.6,LS_oracle,0.015637074944179
0.6,LS_oracle,0.0160236038433054
0.6,LS_oracle,0.0377632504271763
0.6,LS_oracle,0.0519164573524224
0.6,LS_oracle,0.0195411767918882
0.6,LS_oracle,0.0354695128445203
0.6,LS_oracle,0.0845115613325575
0.6,LS_oracle,0.0308380660370889
0.6,LS_oracle,0.0274528586506082
0.6,LS_oracle,0.0198811801163118
0.6,LS_oracle,0.00928297136210859
0.6,LS_oracle,0.0431949430073415
0.6,LS_oracle,0.0333265417604674
0.6,LS_oracle,0.0157750225862115
0.6,LS_oracle,0.0139419797292135
0.6,LS_oracle,0.0334729188773952
0.6,LS_oracle,0.044204558544357
0.6,LS_oracle,0.0307351645553944
0.6,LS_oracle,0.0061921973833533
0.6,LS_oracle,0.0290096414104728
0.6,LS_oracle,0.0286248999016773
0.6,LS_oracle,0.0269660518490555
0.6,LS_oracle,0.0220301850118843
0.6,LS_oracle,0.0185639799124105
0.6,LS_oracle,0.0227966269932014
0.6,LS_oracle,0.0323539345379444
0.6,LS_oracle,0.0101494231710827
0.6,LS_oracle,0.0521875631395921
0.6,LS_oracle,0.0263764049033042
0.6,LS_oracle,0.0225844610384351
0.6,LS_oracle,0.0576713543270864
0.6,LS_oracle,0.0477687189235741
0.6,LS_oracle,0.0129077760667597
0.6,LS_oracle,0.0563822332327408
0.6,LS_oracle,0.0491202601764673
0.6,LS_oracle,0.0029024052675949
0.6,LS_oracle,0.0253599999521715
0.6,LS_oracle,0.014153053628091
0.6,LS_oracle,0.00887694770038466
0.6,LS_oracle,0.015659207046058
0.6,LS_oracle,0.0920623347425936
0.6,LS_oracle,0.0260661786317607
0.6,LS_oracle,0.0187360386948127
0.6,LS_oracle,0.0202327611443524
0.6,LS_oracle,0.0333104017041285
0.6,LS_oracle,0.0507396950958615
0.6,LS_oracle,0.0675174157294822
0.6,LS_oracle,0.049629535555583
0.6,LS_oracle,0.0258619256051716
0.6,LS_oracle,0.0110737558363139
0.6,LS_oracle,0.045967749747988
0.6,LS_oracle,0.00798949376629638
0.6,LS_oracle,0.0177745788995667
0.6,LS_oracle,0.0238812280194018
0.6,LS_oracle,0.0220504048447456
0.6,LS_oracle,0.0184330696761765
0.6,LS_oracle,0.0204348221320808
0.6,LS_oracle,0.0287910755050055
0.6,LS_oracle,0.0522024439703049
0.6,LS_oracle,0.0252713866345421
0.6,LS_oracle,0.0540973373921161
0.6,LS_oracle,0.0798694242128624
0.6,LS_oracle,0.0285854536228169
0.6,LS_oracle,0.0244894624283231
0.6,LS_oracle,0.0211774991327187
0.6,LS_oracle,0.00410668993300021
0.6,LS_oracle,0.0260218733706307
0.6,LS_oracle,0.011588529362393
0.6,LS_oracle,0.039849109071675
0.6,LS_oracle,0.0375832802606352
0.6,LS_oracle,0.0242115235693718
0.6,LS_oracle,0.0617145668749249
0.6,LS_oracle,0.0517033909338641
0.6,LS_oracle,0.04810520633293
0.6,LS_oracle,0.0311813894915866
0.6,LS_oracle,0.0621886788369624
0.6,LS_oracle,0.0228637120047304
0.6,LS_oracle,0.0315257036300501
0.6,LS_oracle,0.0322909401748444
0.6,LS_oracle,0.0631475364230785
0.6,LS_oracle,0.0273538127893043
0.6,LS_oracle,0.0249217567628479
0.6,LS_oracle,0.0153716170819837
0.6,LS_oracle,0.0589392455720773
0.6,LS_oracle,0.0680478880106168
0.6,LS_oracle,0.0157346953789872
0.6,LS_oracle,0.0330221112550273
0.6,LS_oracle,0.0400969228287548
0.6,LS_oracle,0.0135365698985793
0.6,LS_oracle,0.0184152683040561
0.6,LS_oracle,0.0264541887820213
0.6,LS_oracle,0.0512080785495482
0.6,LS_oracle,0.0321568134848989
0.6,LS_oracle,0.0268506118720258
0.6,LS_oracle,0.039576237560972
0.6,LS_oracle,0.029179894211827
0.6,LS_oracle,0.0630015157564457
0.6,LS_oracle,0.0521090477130978
0.6,LS_oracle,0.0323142587862944
0.6,LS_oracle,0.023567172219076
0.6,LS_oracle,0.0226717957031045
0.6,LS_oracle,0.0213139380140194
0.6,LS_oracle,0.059891394147228
0.6,LS_oracle,0.0258021858305542
0.6,LS_oracle,0.0388911302229095
0.6,LS_oracle,0.0234944264708277
0.6,LS_oracle,0.0135103241433344
0.6,LS_oracle,0.0420294235878137
0.6,LS_oracle,0.0507597680029494
0.6,LS_oracle,0.0254571716136707
0.6,LS_oracle,0.0562493371288367
0.6,LS_oracle,0.027947352319266
0.6,LS_oracle,0.0219778092687131
0.6,LS_oracle,0.0224150291976392
0.6,LS_oracle,0.00960119431406417
0.6,LS_oracle,0.0399644801254054
0.6,LS_oracle,0.00222497533550232
0.6,LS_oracle,0.0479335809124193
0.6,LS_oracle,0.0778748823337455
0.6,LS_oracle,0.022785859433364
0.6,LS_oracle,0.0211403167742237
0.6,LS_oracle,0.038615507386276
0.6,LS_oracle,0.131895680573496
0.6,LS_oracle,0.0114027785778662
0.6,LS_oracle,0.0358532034348509
0.6,LS_oracle,0.114983099390933
0.6,LS_oracle,0.0430492213646504
0.6,LS_oracle,0.0233820171188079
0.6,LS_oracle,0.0557242821847195
0.6,LS_oracle,0.0255651083146569
0.6,LS_oracle,0.0365135719809606
0.6,LS_oracle,0.0242507669770663
0.6,LS_oracle,0.0120702922040897
0.6,LS_oracle,0.0274138437175483
0.6,LS_oracle,0.022645611487265
0.6,LS_oracle,0.0133079562292352
0.6,LS_oracle,0.0195404827675049
0.6,LS_oracle,0.0298863503035682
0.6,LS_oracle,0.0468719564865464
0.6,LS_oracle,0.0184910834682196
0.6,LS_oracle,0.0342234766155715
0.6,LS_oracle,0.115857842052459
0.6,LS_oracle,0.021173018699552
0.6,LS_oracle,0.0614873829035762
0.6,LS_oracle,0.00933078201749955
0.6,LS_oracle,0.127789719694367
0.6,LS_oracle,0.0169132714079918
0.6,LS_oracle,0.0240837939810689
0.6,LS_oracle,0.0188998037022748
0.6,LS_oracle,0.00820306203458352
0.6,LS_oracle,0.0191616982411353
0.6,LS_oracle,0.021116067637696
0.6,LS_oracle,0.0137913537583745
0.6,LS_oracle,0.046454969124228
0.6,LS_oracle,0.0157980645248608
0.6,LS_oracle,0.0436618376702102
0.6,LS_oracle,0.0143198181598669
0.6,LS_oracle,0.0351332897518216
0.6,LS_oracle,0.023105062402713
0.6,LS_oracle,0.0438517547922678
0.6,LS_oracle,0.0173652797122536
0.6,LS_oracle,0.0170601824592975
0.6,LS_oracle,0.0128431719841163
0.6,LS_oracle,0.0344365306890513
0.6,LS_oracle,0.0178895152194547
0.6,LS_oracle,0.037543684180701
0.6,LS_oracle,0.0632463367301724
0.6,LS_oracle,0.0486600022168165
0.6,LS_oracle,0.0257898686263045
0.6,LS_oracle,0.0172783374100202
0.6,LS_oracle,0.0245735610378954
0.6,LS_oracle,0.022945852067111
0.6,LS_oracle,0.0196510313252172
0.6,LS_oracle,0.062956884262864
0.6,LS_oracle,0.00837630161254188
0.6,LS_oracle,0.0211675750916855
0.6,LS_oracle,0.0286876516286451
0.6,LS_oracle,0.0616133959186725
0.6,LS_oracle,0.0340486886707792
0.6,LS_oracle,0.0421166486960712
0.6,LS_oracle,0.0490796555426608
0.6,LS_oracle,0.0335919762462164
0.6,LS_oracle,0.0143744554903995
0.6,LS_oracle,0.0325916390130496
0.6,LS_oracle,0.0301701571090907
0.6,LS_oracle,0.0292371737439907
0.6,LS_oracle,0.0239443869852701
0.6,LS_oracle,0.0239763404572655
0.6,LS_oracle,0.00761223967190371
0.6,LS_oracle,0.0308225304226085
0.6,LS_oracle,0.0336287702891372
0.6,LS_oracle,0.022945105819401
0.6,LS_oracle,0.0690035702407448
0.6,LS_oracle,0.0235050782661079
0.6,LS_oracle,0.0173366177769501
0.6,LS_oracle,0.0200325340199188
0.6,LS_oracle,0.0371696365356603
0.6,TS_oracle,0.0087873619472325
0.6,TS_oracle,0.0163093316261353
0.6,TS_oracle,0.026945132309026
0.6,TS_oracle,0.00529625647386243
0.6,TS_oracle,0.0148566227734244
0.6,TS_oracle,0.0174920159144568
0.6,TS_oracle,0.0302407718998292
0.6,TS_oracle,0.0131965817870222
0.6,TS_oracle,0.0266540753155096
0.6,TS_oracle,0.0368727538042031
0.6,TS_oracle,0.0122793191003764
0.6,TS_oracle,0.0144816709806619
0.6,TS_oracle,0.0140315554488199
0.6,TS_oracle,0.0142143586126482
0.6,TS_oracle,0.026666457758848
0.6,TS_oracle,0.015831659930833
0.6,TS_oracle,0.00939282008248663
0.6,TS_oracle,0.0297152318913931
0.6,TS_oracle,0.0422165680400852
0.6,TS_oracle,0.028218994359905
0.6,TS_oracle,0.0232490045666096
0.6,TS_oracle,0.0139990147540033
0.6,TS_oracle,0.0160242652096374
0.6,TS_oracle,0.00734051550756828
0.6,TS_oracle,0.0107036138576423
0.6,TS_oracle,0.0305560856927216
0.6,TS_oracle,0.0255884760794644
0.6,TS_oracle,0.0107846416129447
0.6,TS_oracle,0.029189522145104
0.6,TS_oracle,0.00804736007327949
0.6,TS_oracle,0.0304327188126374
0.6,TS_oracle,0.0225689485481426
0.6,TS_oracle,0.00779465653419437
0.6,TS_oracle,0.0271952450272976
0.6,TS_oracle,0.0202274629220317
0.6,TS_oracle,0.0233357351622905
0.6,TS_oracle,0.0443168917632804
0.6,TS_oracle,0.0264928986136827
0.6,TS_oracle,0.00334103207851748
0.6,TS_oracle,0.00756225729650626
0.6,TS_oracle,0.01155983542247
0.6,TS_oracle,0.0261935093505535
0.6,TS_oracle,0.0103285732570548
0.6,TS_oracle,0.0863263717909708
0.6,TS_oracle,0.00947006555786693
0.6,TS_oracle,0.0184487520601752
0.6,TS_oracle,0.023630936035031
0.6,TS_oracle,0.0181026919382383
0.6,TS_oracle,0.0230549384813863
0.6,TS_oracle,0.0472222593939455
0.6,TS_oracle,0.00399746063792123
0.6,TS_oracle,0.014751978958962
0.6,TS_oracle,0.00806701155970241
0.6,TS_oracle,0.00819063609008401
0.6,TS_oracle,0.0107504071166623
0.6,TS_oracle,0.0215994126404826
0.6,TS_oracle,0.0213305024407363
0.6,TS_oracle,0.0106114731028428
0.6,TS_oracle,0.00584885665361616
0.6,TS_oracle,0.0237500867771519
0.6,TS_oracle,0.037776205906798
0.6,TS_oracle,0.0122396935140385
0.6,TS_oracle,0.0258977956231309
0.6,TS_oracle,0.0287301766383069
0.6,TS_oracle,0.0230195042824209
0.6,TS_oracle,0.0213976760541317
0.6,TS_oracle,0.0285028561998841
0.6,TS_oracle,0.0310754720899893
0.6,TS_oracle,0.0187957451751412
0.6,TS_oracle,0.0107265137170264
0.6,TS_oracle,0.00950578714993955
0.6,TS_oracle,0.0369575321185635
0.6,TS_oracle,0.0116639337676748
0.6,TS_oracle,0.0275057416000699
0.6,TS_oracle,0.0387809067591014
0.6,TS_oracle,0.0474280929136085
0.6,TS_oracle,0.0291859289607937
0.6,TS_oracle,0.0294022712363835
0.6,TS_oracle,0.0445773525270129
0.6,TS_oracle,0.0173568663065849
0.6,TS_oracle,0.037280572140844
0.6,TS_oracle,0.0226999235742495
0.6,TS_oracle,0.0235258878174075
0.6,TS_oracle,0.00704974474953718
0.6,TS_oracle,0.0125244514403467
0.6,TS_oracle,0.0191695940455426
0.6,TS_oracle,0.050261548256343
0.6,TS_oracle,0.034462028411014
0.6,TS_oracle,0.00694200382851935
0.6,TS_oracle,0.0159338063422228
0.6,TS_oracle,0.0214787839576842
0.6,TS_oracle,0.0157286758908986
0.6,TS_oracle,0.0121929914538739
0.6,TS_oracle,0.0173904287876629
0.6,TS_oracle,0.0202789527381221
0.6,TS_oracle,0.0179403657273433
0.6,TS_oracle,0.0209816293157983
0.6,TS_oracle,0.0143819146820265
0.6,TS_oracle,0.00450593139276985
0.6,TS_oracle,0.036014189490562
0.6,TS_oracle,0.0447657953242848
0.6,TS_oracle,0.0322528012266814
0.6,TS_oracle,0.0110001610323011
0.6,TS_oracle,0.0100612591450857
0.6,TS_oracle,0.00887014512451975
0.6,TS_oracle,0.0448896038228836
0.6,TS_oracle,0.0149161644065528
0.6,TS_oracle,0.0207130724047134
0.6,TS_oracle,0.0233040617258466
0.6,TS_oracle,0.0137109135183715
0.6,TS_oracle,0.0127289198782385
0.6,TS_oracle,0.0301413127683482
0.6,TS_oracle,0.0178584067971113
0.6,TS_oracle,0.0134149809703649
0.6,TS_oracle,0.00616530986427381
0.6,TS_oracle,0.0138931136610947
0.6,TS_oracle,0.0211278441351009
0.6,TS_oracle,0.0114149520017246
0.6,TS_oracle,0.0188582996953181
0.6,TS_oracle,0.00387059511488895
0.6,TS_oracle,0.0267727907015154
0.6,TS_oracle,0.0618116359723436
0.6,TS_oracle,0.00517856261490034
0.6,TS_oracle,0.0149397815274583
0.6,TS_oracle,0.0230895483111756
0.6,TS_oracle,0.0906857658106543
0.6,TS_oracle,0.013758141309408
0.6,TS_oracle,0.0200848256459256
0.6,TS_oracle,0.0631438940625493
0.6,TS_oracle,0.0295214700477856
0.6,TS_oracle,0.0134573879299736
0.6,TS_oracle,0.0398276685983879
0.6,TS_oracle,0.012353150535603
0.6,TS_oracle,0.0202058369891738
0.6,TS_oracle,0.0132200803853903
0.6,TS_oracle,0.00672027449712395
0.6,TS_oracle,0.0291365570783524
0.6,TS_oracle,0.0139456805035977
0.6,TS_oracle,0.00551076112597096
0.6,TS_oracle,0.0145354360135732
0.6,TS_oracle,0.0157239742314951
0.6,TS_oracle,0.0343645395999939
0.6,TS_oracle,0.00878090847549609
0.6,TS_oracle,0.0258966726410881
0.6,TS_oracle,0.0433864466123037
0.6,TS_oracle,0.0122688382012941
0.6,TS_oracle,0.0359246592793409
0.6,TS_oracle,0.0126556654941807
0.6,TS_oracle,0.0268445477137696
0.6,TS_oracle,0.0090643614516606
0.6,TS_oracle,0.0204825747605247
0.6,TS_oracle,0.0143961500679762
0.6,TS_oracle,0.00960839361389576
0.6,TS_oracle,0.0163114273830021
0.6,TS_oracle,0.0129823942880041
0.6,TS_oracle,0.0268301682970417
0.6,TS_oracle,0.0218344988877742
0.6,TS_oracle,0.0143495694178823
0.6,TS_oracle,0.0226028347446639
0.6,TS_oracle,0.0123298613113528
0.6,TS_oracle,0.0240688502414415
0.6,TS_oracle,0.0222720123521612
0.6,TS_oracle,0.0457684041006284
0.6,TS_oracle,0.00860227958998786
0.6,TS_oracle,0.00601704466825635
0.6,TS_oracle,0.0061281689016124
0.6,TS_oracle,0.009767970129748
0.6,TS_oracle,0.0148563317539057
0.6,TS_oracle,0.0266358550148838
0.6,TS_oracle,0.0126403197607596
0.6,TS_oracle,0.0254563464024927
0.6,TS_oracle,0.0211359889571276
0.6,TS_oracle,0.0159611034384626
0.6,TS_oracle,0.0180869741838879
0.6,TS_oracle,0.010687582876117
0.6,TS_oracle,0.0183604917500869
0.6,TS_oracle,0.0478717507954305
0.6,TS_oracle,0.00869652956404005
0.6,TS_oracle,0.019229897954499
0.6,TS_oracle,0.0371743504292552
0.6,TS_oracle,0.0279296741401835
0.6,TS_oracle,0.00880556757578574
0.6,TS_oracle,0.00817235037525655
0.6,TS_oracle,0.0228564209929462
0.6,TS_oracle,0.00576682685688714
0.6,TS_oracle,0.00805060035527048
0.6,TS_oracle,0.0344500212453004
0.6,TS_oracle,0.016559848580709
0.6,TS_oracle,0.0177636533543608
0.6,TS_oracle,0.0211296448965086
0.6,TS_oracle,0.00843351897270748
0.6,TS_oracle,0.00976262977228478
0.6,TS_oracle,0.0117625503141266
0.6,TS_oracle,0.0082040041213709
0.6,TS_oracle,0.00739215405207216
0.6,TS_oracle,0.0473434835359198
0.6,TS_oracle,0.0221635355961108
0.6,TS_oracle,0.0245688237608076
0.6,TS_oracle,0.00951638363677182
0.6,TS_oracle,0.0173573641051065
0.7,PLS,0.010483568061474
0.7,PLS,0.0397062889421809
0.7,PLS,0.028592016938331
0.7,PLS,0.0574330280943677
0.7,PLS,0.0911305169100245
0.7,PLS,0.0466398449661387
0.7,PLS,0.0190102932895502
0.7,PLS,0.0452563015812246
0.7,PLS,0.0196726625184063
0.7,PLS,0.0436866774142516
0.7,PLS,0.0192940039409452
0.7,PLS,0.0635908799740838
0.7,PLS,0.0374063104739216
0.7,PLS,0.0357203429782153
0.7,PLS,0.0242548326061223
0.7,PLS,0.0338752084368486
0.7,PLS,0.044497010128397
0.7,PLS,0.0602904877228362
0.7,PLS,0.0257129377378363
0.7,PLS,0.0156885753503587
0.7,PLS,0.0344330192150947
0.7,PLS,0.0737206356392861
0.7,PLS,0.0134186465652193
0.7,PLS,0.0119598948862615
0.7,PLS,0.00921521007640206
0.7,PLS,0.0506202067600871
0.7,PLS,0.0126988129430061
0.7,PLS,0.0467161903604002
0.7,PLS,0.0208961824795312
0.7,PLS,0.00947374151227143
0.7,PLS,0.103332874157217
0.7,PLS,0.0322597038473713
0.7,PLS,0.0512835157043409
0.7,PLS,0.0290457969867611
0.7,PLS,0.0253460573453658
0.7,PLS,0.0949855536314022
0.7,PLS,0.0223113127408032
0.7,PLS,0.0074944561470976
0.7,PLS,0.0179415057725751
0.7,PLS,0.0410261608110836
0.7,PLS,0.0485768403561449
0.7,PLS,0.0166759365235847
0.7,PLS,0.018643602119194
0.7,PLS,0.015835018706352
0.7,PLS,0.0418574479988313
0.7,PLS,0.0408627921127402
0.7,PLS,0.0215244187267284
0.7,PLS,0.0233012472202868
0.7,PLS,0.0118344130756088
0.7,PLS,0.0189560489944897
0.7,PLS,0.0217497348995701
0.7,PLS,0.0229993327124545
0.7,PLS,0.0397552857467129
0.7,PLS,0.0222048367457387
0.7,PLS,0.0337463128087992
0.7,PLS,0.0281210256324459
0.7,PLS,0.0256569164806737
0.7,PLS,0.0257320716330132
0.7,PLS,0.0467803330129011
0.7,PLS,0.0483937298064544
0.7,PLS,0.0499849815341266
0.7,PLS,0.0196626111333648
0.7,PLS,0.0811668574090086
0.7,PLS,0.0308449362798083
0.7,PLS,0.0396009357839871
0.7,PLS,0.0487726774371757
0.7,PLS,0.0475349304532921
0.7,PLS,0.0129587802284213
0.7,PLS,0.0552082229655867
0.7,PLS,0.104663049264152
0.7,PLS,0.0380340023365434
0.7,PLS,0.0681788690352796
0.7,PLS,0.0517911480738829
0.7,PLS,0.0661058464707061
0.7,PLS,0.033385928888111
0.7,PLS,0.0324833441053129
0.7,PLS,0.0206209949463995
0.7,PLS,0.0110160670403214
0.7,PLS,0.00648953619782993
0.7,PLS,0.0270003956778542
0.7,PLS,0.0404067264501872
0.7,PLS,0.0144461988503717
0.7,PLS,0.0308325027977132
0.7,PLS,0.0205592474395137
0.7,PLS,0.0432680901788162
0.7,PLS,0.023340080147853
0.7,PLS,0.0366928953984537
0.7,PLS,0.0274176579233347
0.7,PLS,0.0229464487720568
0.7,PLS,0.0349136249045121
0.7,PLS,0.00747836276791674
0.7,PLS,0.0248418973732984
0.7,PLS,0.0169923936928336
0.7,PLS,0.0652931186277938
0.7,PLS,0.044293761223104
0.7,PLS,0.050217107211234
0.7,PLS,0.0396704638490157
0.7,PLS,0.022875291267336
0.7,PLS,0.025827684009581
0.7,PLS,0.0336250792399145
0.7,PLS,0.0464192414170586
0.7,PLS,0.0486345995226812
0.7,PLS,0.0636619070700777
0.7,PLS,0.0426142113834266
0.7,PLS,0.0199348182609653
0.7,PLS,0.0457185401657621
0.7,PLS,0.0259939147454859
0.7,PLS,0.0368677723801252
0.7,PLS,0.0310372226082681
0.7,PLS,0.0549326621015334
0.7,PLS,0.0680689830014742
0.7,PLS,0.0430433264560147
0.7,PLS,0.0263015564134236
0.7,PLS,0.0220376901493494
0.7,PLS,0.0140898861851002
0.7,PLS,0.0295273620713178
0.7,PLS,0.0756662793717724
0.7,PLS,0.00791229453030668
0.7,PLS,0.0663904030294518
0.7,PLS,0.029534801778775
0.7,PLS,0.0533476025197921
0.7,PLS,0.0419637935461715
0.7,PLS,0.0217206665782968
0.7,PLS,0.0160047309581448
0.7,PLS,0.0238012195225938
0.7,PLS,0.0291510412789199
0.7,PLS,0.0375421458649993
0.7,PLS,0.103101033992887
0.7,PLS,0.049331424300584
0.7,PLS,0.0198622083429435
0.7,PLS,0.0611165573178636
0.7,PLS,0.0128811098539607
0.7,PLS,0.0870985384537137
0.7,PLS,0.0157481324122023
0.7,PLS,0.029531927040702
0.7,PLS,0.0130445339675798
0.7,PLS,0.0223295949470427
0.7,PLS,0.0334245376280073
0.7,PLS,0.0122574559316964
0.7,PLS,0.0344873920622605
0.7,PLS,0.0992914311563654
0.7,PLS,0.069084776478294
0.7,PLS,0.01529413125431
0.7,PLS,0.0729808645037973
0.7,PLS,0.0516301104293593
0.7,PLS,0.00598301967014553
0.7,PLS,0.0085606326490153
0.7,PLS,0.0768645638123043
0.7,PLS,0.0477131583460947
0.7,PLS,0.0159044504394083
0.7,PLS,0.0159538031179399
0.7,PLS,0.0214256102776257
0.7,PLS,0.0530188433632966
0.7,PLS,0.0393252967458303
0.7,PLS,0.0315430032870829
0.7,PLS,0.0201383732013806
0.7,PLS,0.00566567916268144
0.7,PLS,0.0520691587438844
0.7,PLS,0.00682631550385632
0.7,PLS,0.0354354127597389
0.7,PLS,0.123620351529351
0.7,PLS,0.0258176087744398
0.7,PLS,0.0626899551996675
0.7,PLS,0.0207305631151234
0.7,PLS,0.0117688530638622
0.7,PLS,0.0442939210562481
0.7,PLS,0.0199670438568925
0.7,PLS,0.0314212955282706
0.7,PLS,0.0715105053224645
0.7,PLS,0.0712283977189826
0.7,PLS,0.0315953123728426
0.7,PLS,0.0269755312112175
0.7,PLS,0.0320516662932285
0.7,PLS,0.0224541286782172
0.7,PLS,0.0153710607655048
0.7,PLS,0.0284431030766174
0.7,PLS,0.0275649506057355
0.7,PLS,0.0285742708326184
0.7,PLS,0.015340642965831
0.7,PLS,0.0243306863849295
0.7,PLS,0.0174736267285997
0.7,PLS,0.0343647389930939
0.7,PLS,0.00959139579381711
0.7,PLS,0.0122162193876446
0.7,PLS,0.0381334558979472
0.7,PLS,0.00809857007429827
0.7,PLS,0.0350620922704075
0.7,PLS,0.0182437631974698
0.7,PLS,0.0312272507006255
0.7,PLS,0.0187210918702799
0.7,PLS,0.0285369340269912
0.7,PLS,0.0102181406173744
0.7,PLS,0.0241244745526477
0.7,PLS,0.0688643448213855
0.7,PLS,0.0426749181938304
0.7,PLS,0.0142425106915795
0.7,PLS,0.0169429706901763
0.7,PLS,0.0451190725697843
0.7,PLS,0.0148076462213992
0.7,PLS,0.0204992982146405
0.7,fTS,0.0149184952581881
0.7,fTS,0.0090268108650814
0.7,fTS,0.00762296396391533
0.7,fTS,0.0178275921843011
0.7,fTS,0.0206342087529894
0.7,fTS,0.0380341806399705
0.7,fTS,0.0131946041898453
0.7,fTS,0.0205082488926084
0.7,fTS,0.0114566411675779
0.7,fTS,0.0231497665326624
0.7,fTS,0.013089866789586
0.7,fTS,0.0398019433651936
0.7,fTS,0.0170132739408656
0.7,fTS,0.0142437198947329
0.7,fTS,0.027369795003754
0.7,fTS,0.0220399721689244
0.7,fTS,0.0129775360056986
0.7,fTS,0.0238256058875131
0.7,fTS,0.0198596643012694
0.7,fTS,0.0090140674856453
0.7,fTS,0.00500598042689468
0.7,fTS,0.0186951483670051
0.7,fTS,0.0158109947564717
0.7,fTS,0.0154471548740834
0.7,fTS,0.0172045372951455
0.7,fTS,0.016624450727178
0.7,fTS,0.0129196689457867
0.7,fTS,0.0108364904025444
0.7,fTS,0.00682332981474515
0.7,fTS,0.0166959926285429
0.7,fTS,0.0552266438665262
0.7,fTS,0.0070857658863933
0.7,fTS,0.0230271052712907
0.7,fTS,0.02238767681823
0.7,fTS,0.016767354658047
0.7,fTS,0.0165132124204645
0.7,fTS,0.00997848537224981
0.7,fTS,0.00650735374234362
0.7,fTS,0.00745570982671492
0.7,fTS,0.0349896581827141
0.7,fTS,0.0144962406564613
0.7,fTS,0.0189755850094817
0.7,fTS,0.0107719433873209
0.7,fTS,0.0143672357475374
0.7,fTS,0.0204031216092435
0.7,fTS,0.0223106634997083
0.7,fTS,0.00979173901467043
0.7,fTS,0.0284371799144374
0.7,fTS,0.00393975695920137
0.7,fTS,0.01017229950432
0.7,fTS,0.0459597039444053
0.7,fTS,0.00501957220199162
0.7,fTS,0.0163136382201819
0.7,fTS,0.0252252862877151
0.7,fTS,0.0104837599491733
0.7,fTS,0.020396490155625
0.7,fTS,0.0142933230766522
0.7,fTS,0.0318806486940994
0.7,fTS,0.0266479704262161
0.7,fTS,0.0154563074569597
0.7,fTS,0.0168320720263631
0.7,fTS,0.0106866262268806
0.7,fTS,0.0596161913763786
0.7,fTS,0.0154301176488091
0.7,fTS,0.024306861421379
0.7,fTS,0.0109459774495287
0.7,fTS,0.00979062071354839
0.7,fTS,0.0199096008086674
0.7,fTS,0.0247285622944886
0.7,fTS,0.0445196976209432
0.7,fTS,0.0174861864873539
0.7,fTS,0.0382871203869179
0.7,fTS,0.0263473025464517
0.7,fTS,0.0331810929906095
0.7,fTS,0.0141313457599519
0.7,fTS,0.00881291958900943
0.7,fTS,0.0121507368259647
0.7,fTS,0.0268858994796716
0.7,fTS,0.0121710720821084
0.7,fTS,0.0287639028063893
0.7,fTS,0.0129857794353676
0.7,fTS,0.00724157803480049
0.7,fTS,0.0427382491918084
0.7,fTS,0.0250948133648156
0.7,fTS,0.00891935874523228
0.7,fTS,0.00515593907340225
0.7,fTS,0.00638107442946703
0.7,fTS,0.00402758692651935
0.7,fTS,0.0150803362373705
0.7,fTS,0.0306205305953386
0.7,fTS,0.0168937371000067
0.7,fTS,0.0179007130782398
0.7,fTS,0.00438412021922883
0.7,fTS,0.027389423691004
0.7,fTS,0.0428839225211032
0.7,fTS,0.0166178513401734
0.7,fTS,0.0290254827240914
0.7,fTS,0.0235901770934438
0.7,fTS,0.0184664769747522
0.7,fTS,0.0124739168858419
0.7,fTS,0.0288949057121155
0.7,fTS,0.0200794512420838
0.7,fTS,0.0589820458724982
0.7,fTS,0.0185656223944068
0.7,fTS,0.00318569101718437
0.7,fTS,0.0082573951236411
0.7,fTS,0.0302569647511396
0.7,fTS,0.0209663684860072
0.7,fTS,0.0152431368600871
0.7,fTS,0.0133986744493864
0.7,fTS,0.0269092210662219
0.7,fTS,0.0273903353630107
0.7,fTS,0.0176967797608611
0.7,fTS,0.00937110492044141
0.7,fTS,0.018469790909952
0.7,fTS,0.0149312051225786
0.7,fTS,0.0392867319063794
0.7,fTS,0.0109581795542241
0.7,fTS,0.0259899081472477
0.7,fTS,0.0168161644700687
0.7,fTS,0.0150789600180215
0.7,fTS,0.013778583898185
0.7,fTS,0.0186999026570781
0.7,fTS,0.00699456337453346
0.7,fTS,0.0150073716057141
0.7,fTS,0.00876556173069604
0.7,fTS,0.0147038892278726
0.7,fTS,0.0347222895407033
0.7,fTS,0.00854974278070586
0.7,fTS,0.0245033344758051
0.7,fTS,0.0241459141297974
0.7,fTS,0.0125579947978196
0.7,fTS,0.0213291907679491
0.7,fTS,0.0192017517618702
0.7,fTS,0.0231368442261791
0.7,fTS,0.0125741750669749
0.7,fTS,0.0181432449062898
0.7,fTS,0.0205252136737596
0.7,fTS,0.0090196198317974
0.7,fTS,0.0195714985249396
0.7,fTS,0.0490417298710061
0.7,fTS,0.0219845303023677
0.7,fTS,0.00960946169090468
0.7,fTS,0.0388067553033713
0.7,fTS,0.00336519323155883
0.7,fTS,0.00560302655374497
0.7,fTS,0.0125736388010599
0.7,fTS,0.0250031132843961
0.7,fTS,0.0482133571468211
0.7,fTS,0.00717559148901117
0.7,fTS,0.00989587156246961
0.7,fTS,0.0153096561803103
0.7,fTS,0.0241413955206566
0.7,fTS,0.0686889267226434
0.7,fTS,0.0187727992326416
0.7,fTS,0.00684995011200921
0.7,fTS,0.0107577456358363
0.7,fTS,0.0157281283404066
0.7,fTS,0.00730846182762007
0.7,fTS,0.0199700212067965
0.7,fTS,0.0474141903093329
0.7,fTS,0.0238910263955774
0.7,fTS,0.0269006493189067
0.7,fTS,0.00629226905477492
0.7,fTS,0.0212635569835658
0.7,fTS,0.0147410473445641
0.7,fTS,0.00828388958360262
0.7,fTS,0.0322708439304843
0.7,fTS,0.0779773785483003
0.7,fTS,0.0254938109421928
0.7,fTS,0.0153320386557364
0.7,fTS,0.0087777580242038
0.7,fTS,0.0190683033440907
0.7,fTS,0.00823554213306039
0.7,fTS,0.0161625403404897
0.7,fTS,0.0213645554911085
0.7,fTS,0.0165729117019857
0.7,fTS,0.0502651366599776
0.7,fTS,0.0115761195610033
0.7,fTS,0.0107474551050501
0.7,fTS,0.013051393545789
0.7,fTS,0.0161898971049224
0.7,fTS,0.0111920515449875
0.7,fTS,0.0135123079616708
0.7,fTS,0.0116924077829785
0.7,fTS,0.0217618169232685
0.7,fTS,0.014203648189019
0.7,fTS,0.030061499713821
0.7,fTS,0.0337620694528165
0.7,fTS,0.0132650151298218
0.7,fTS,0.0241361851938881
0.7,fTS,0.00762949654384453
0.7,fTS,0.0248558777810673
0.7,fTS,0.00747986405069935
0.7,fTS,0.0107416378704702
0.7,fTS,0.00879381160563339
0.7,fTS,0.0021458072446373
0.7,fTS,0.0124111825955259
0.7,fTS,0.0103657536182905
0.7,fTS,0.00920604499111229
0.7,LS_oracle,0.0105989334363577
0.7,LS_oracle,0.038998804042362
0.7,LS_oracle,0.0225245443687998
0.7,LS_oracle,0.0406258907207578
0.7,LS_oracle,0.0897836211806472
0.7,LS_oracle,0.040129280391512
0.7,LS_oracle,0.0184224940020814
0.7,LS_oracle,0.0427742691581134
0.7,LS_oracle,0.0172374382617319
0.7,LS_oracle,0.0411960718609261
0.7,LS_oracle,0.0124595239929323
0.7,LS_oracle,0.0518930227142941
0.7,LS_oracle,0.037002291745849
0.7,LS_oracle,0.0345075134151678
0.7,LS_oracle,0.0329611354521902
0.7,LS_oracle,0.0218595307409339
0.7,LS_oracle,0.0363014355694102
0.7,LS_oracle,0.0611876215062448
0.7,LS_oracle,0.0387917725662976
0.7,LS_oracle,0.0162857169124668
0.7,LS_oracle,0.0344901310235707
0.7,LS_oracle,0.0606671091467112
0.7,LS_oracle,0.013455248295538
0.7,LS_oracle,0.0140068598947973
0.7,LS_oracle,0.00775261371832929
0.7,LS_oracle,0.0447762624288341
0.7,LS_oracle,0.0132483017231956
0.7,LS_oracle,0.0513956009430968
0.7,LS_oracle,0.0104085519245099
0.7,LS_oracle,0.0125509598140564
0.7,LS_oracle,0.100590230779665
0.7,LS_oracle,0.0423507873576388
0.7,LS_oracle,0.0447237352516999
0.7,LS_oracle,0.0254467116975821
0.7,LS_oracle,0.0122632669676811
0.7,LS_oracle,0.0688733495570459
0.7,LS_oracle,0.0187399955942608
0.7,LS_oracle,0.0162098070773533
0.7,LS_oracle,0.0219765338977557
0.7,LS_oracle,0.0437848168187672
0.7,LS_oracle,0.0500604436508227
0.7,LS_oracle,0.014874114008253
0.7,LS_oracle,0.0248660638817619
0.7,LS_oracle,0.0106435368953153
0.7,LS_oracle,0.0430648387061781
0.7,LS_oracle,0.0398786948060549
0.7,LS_oracle,0.0219651178639016
0.7,LS_oracle,0.0221015091387069
0.7,LS_oracle,0.0115839685592485
0.7,LS_oracle,0.0265400869108225
0.7,LS_oracle,0.0205666129982667
0.7,LS_oracle,0.0168211533252637
0.7,LS_oracle,0.0372540325191412
0.7,LS_oracle,0.0295300983592023
0.7,LS_oracle,0.0246552922611862
0.7,LS_oracle,0.0321921927822895
0.7,LS_oracle,0.0477874800947498
0.7,LS_oracle,0.0177593279403143
0.7,LS_oracle,0.0312981731457418
0.7,LS_oracle,0.0396588877788649
0.7,LS_oracle,0.04602465809755
0.7,LS_oracle,0.029244477354002
0.7,LS_oracle,0.0566470879272699
0.7,LS_oracle,0.0197133942558433
0.7,LS_oracle,0.0658191785070919
0.7,LS_oracle,0.0427976479204135
0.7,LS_oracle,0.0741621534210744
0.7,LS_oracle,0.0084052983125334
0.7,LS_oracle,0.0653124839135872
0.7,LS_oracle,0.103495639838392
0.7,LS_oracle,0.0389026423566607
0.7,LS_oracle,0.0712509170082098
0.7,LS_oracle,0.0232664793212389
0.7,LS_oracle,0.0586587418130846
0.7,LS_oracle,0.0227261407320393
0.7,LS_oracle,0.0209054270267691
0.7,LS_oracle,0.0185079265547361
0.7,LS_oracle,0.0113613675380689
0.7,LS_oracle,0.00623675154656847
0.7,LS_oracle,0.0249930912608515
0.7,LS_oracle,0.0278122479572703
0.7,LS_oracle,0.0143913916515174
0.7,LS_oracle,0.0232098421199986
0.7,LS_oracle,0.0147445852707827
0.7,LS_oracle,0.0204360083353962
0.7,LS_oracle,0.018541224383221
0.7,LS_oracle,0.0361401684659579
0.7,LS_oracle,0.0154552652973872
0.7,LS_oracle,0.022810618675678
0.7,LS_oracle,0.0313994814310253
0.7,LS_oracle,0.00829821188446117
0.7,LS_oracle,0.0204209290560917
0.7,LS_oracle,0.0061613944495599
0.7,LS_oracle,0.0542488902984611
0.7,LS_oracle,0.0434961228465487
0.7,LS_oracle,0.0202565674963208
0.7,LS_oracle,0.0383439494301632
0.7,LS_oracle,0.0272583250526235
0.7,LS_oracle,0.0249219852421791
0.7,LS_oracle,0.0348319020594865
0.7,LS_oracle,0.0509274316939804
0.7,LS_oracle,0.052075810332083
0.7,LS_oracle,0.0680361415115733
0.7,LS_oracle,0.0290464191786764
0.7,LS_oracle,0.0222818973401088
0.7,LS_oracle,0.0370835919532437
0.7,LS_oracle,0.0191403121972266
0.7,LS_oracle,0.0418036167997183
0.7,LS_oracle,0.0209982854703915
0.7,LS_oracle,0.03626761012083
0.7,LS_oracle,0.0841707134007978
0.7,LS_oracle,0.0289262606633451
0.7,LS_oracle,0.0296966490086646
0.7,LS_oracle,0.0276662676630733
0.7,LS_oracle,0.019944936160382
0.7,LS_oracle,0.0224927403822568
0.7,LS_oracle,0.0812030479791811
0.7,LS_oracle,0.00719906961923778
0.7,LS_oracle,0.07086781961452
0.7,LS_oracle,0.0262454768823187
0.7,LS_oracle,0.0529445464585954
0.7,LS_oracle,0.0331010736935489
0.7,LS_oracle,0.015763194012398
0.7,LS_oracle,0.0171938258504564
0.7,LS_oracle,0.0221788125637433
0.7,LS_oracle,0.0289889893400458
0.7,LS_oracle,0.0330657700588891
0.7,LS_oracle,0.0753041106337159
0.7,LS_oracle,0.0614320073371007
0.7,LS_oracle,0.0207621354696136
0.7,LS_oracle,0.0604457876214033
0.7,LS_oracle,0.0120675600313931
0.7,LS_oracle,0.0890564191734696
0.7,LS_oracle,0.0161536418249232
0.7,LS_oracle,0.0301263237360652
0.7,LS_oracle,0.0118967867456915
0.7,LS_oracle,0.0146529886729935
0.7,LS_oracle,0.0304719367071025
0.7,LS_oracle,0.00768573834604521
0.7,LS_oracle,0.0305787509957154
0.7,LS_oracle,0.0935704221137379
0.7,LS_oracle,0.0421695568954113
0.7,LS_oracle,0.025986097196448
0.7,LS_oracle,0.0603922928333779
0.7,LS_oracle,0.0356863931407352
0.7,LS_oracle,0.00948180802145692
0.7,LS_oracle,0.00876668206321666
0.7,LS_oracle,0.0217352540708454
0.7,LS_oracle,0.0269826971815232
0.7,LS_oracle,0.0163494854601594
0.7,LS_oracle,0.0158345326933991
0.7,LS_oracle,0.0194604494378259
0.7,LS_oracle,0.0493715053137098
0.7,LS_oracle,0.0396317255676607
0.7,LS_oracle,0.0194823803402434
0.7,LS_oracle,0.0208424458961635
0.7,LS_oracle,0.00669851830841301
0.7,LS_oracle,0.0360208453995448
0.7,LS_oracle,0.00333500851298736
0.7,LS_oracle,0.0326215432556644
0.7,LS_oracle,0.0625346936758786
0.7,LS_oracle,0.0290910795308401
0.7,LS_oracle,0.0933908602572235
0.7,LS_oracle,0.0197912489299063
0.7,LS_oracle,0.0325593758527657
0.7,LS_oracle,0.0411635739340919
0.7,LS_oracle,0.0149260560863214
0.7,LS_oracle,0.0279850284242859
0.7,LS_oracle,0.0573790843811461
0.7,LS_oracle,0.062164379118561
0.7,LS_oracle,0.0266373651743976
0.7,LS_oracle,0.019069036909375
0.7,LS_oracle,0.0316492795550533
0.7,LS_oracle,0.0245384959115501
0.7,LS_oracle,0.0125364485574628
0.7,LS_oracle,0.023660989591958
0.7,LS_oracle,0.0204628019612485
0.7,LS_oracle,0.0272430044420433
0.7,LS_oracle,0.023820943499356
0.7,LS_oracle,0.00988175143843421
0.7,LS_oracle,0.0172233435222469
0.7,LS_oracle,0.0291337080678197
0.7,LS_oracle,0.0104401542000447
0.7,LS_oracle,0.0180376070782839
0.7,LS_oracle,0.0385387104854801
0.7,LS_oracle,0.00703946078118277
0.7,LS_oracle,0.0305293391234152
0.7,LS_oracle,0.0178712990355553
0.7,LS_oracle,0.0287671206917536
0.7,LS_oracle,0.0204118909954781
0.7,LS_oracle,0.0294856044279078
0.7,LS_oracle,0.0102641929382877
0.7,LS_oracle,0.0218900115554369
0.7,LS_oracle,0.0126272390175534
0.7,LS_oracle,0.0309065725733267
0.7,LS_oracle,0.0127277520397803
0.7,LS_oracle,0.0108487594891393
0.7,LS_oracle,0.0347785531492984
0.7,LS_oracle,0.0255893499192941
0.7,LS_oracle,0.022514257052395
0.7,TS_oracle,0.014933429268475
0.7,TS_oracle,0.00808771530949822
0.7,TS_oracle,0.00713346484036669
0.7,TS_oracle,0.015518307943657
0.7,TS_oracle,0.0198083315714256
0.7,TS_oracle,0.0378317696673796
0.7,TS_oracle,0.0016951085960737
0.7,TS_oracle,0.0206283992684952
0.7,TS_oracle,0.0114701741341957
0.7,TS_oracle,0.0129512993102859
0.7,TS_oracle,0.0115913819633392
0.7,TS_oracle,0.0381252824721762
0.7,TS_oracle,0.00715586405535401
0.7,TS_oracle,0.0144983929507299
0.7,TS_oracle,0.0275452603492135
0.7,TS_oracle,0.0214389964561037
0.7,TS_oracle,0.0127509713378836
0.7,TS_oracle,0.0240707080409667
0.7,TS_oracle,0.0228157431124543
0.7,TS_oracle,0.00754108225775103
0.7,TS_oracle,0.00505785114460601
0.7,TS_oracle,0.0166373786951937
0.7,TS_oracle,0.0119205180524721
0.7,TS_oracle,0.0162167018377847
0.7,TS_oracle,0.0141344757175439
0.7,TS_oracle,0.0166418758903387
0.7,TS_oracle,0.0109479661635703
0.7,TS_oracle,0.0116677123106059
0.7,TS_oracle,0.00554927809684169
0.7,TS_oracle,0.0148063690699243
0.7,TS_oracle,0.0488197284515092
0.7,TS_oracle,0.00703299543937568
0.7,TS_oracle,0.0233941695922118
0.7,TS_oracle,0.0198440445891526
0.7,TS_oracle,0.00987492814083648
0.7,TS_oracle,0.0150706980641656
0.7,TS_oracle,0.00988053399726432
0.7,TS_oracle,0.00711442625411756
0.7,TS_oracle,0.00707554870494326
0.7,TS_oracle,0.034978800188351
0.7,TS_oracle,0.0150326686818979
0.7,TS_oracle,0.0174341334062435
0.7,TS_oracle,0.0117840231817146
0.7,TS_oracle,0.0091785339158508
0.7,TS_oracle,0.0195037862595064
0.7,TS_oracle,0.0178951741583635
0.7,TS_oracle,0.00848851089040008
0.7,TS_oracle,0.018791719066939
0.7,TS_oracle,0.00092093367044062
0.7,TS_oracle,0.0109850095759201
0.7,TS_oracle,0.0396527242364601
0.7,TS_oracle,0.00497682300781773
0.7,TS_oracle,0.0148936261277046
0.7,TS_oracle,0.0125969123773936
0.7,TS_oracle,0.0100975091934966
0.7,TS_oracle,0.0200148280982685
0.7,TS_oracle,0.0168432953007166
0.7,TS_oracle,0.0309766257672192
0.7,TS_oracle,0.0150128395588466
0.7,TS_oracle,0.00995363543905788
0.7,TS_oracle,0.0169702068721656
0.7,TS_oracle,0.0103202357450471
0.7,TS_oracle,0.0542012973551548
0.7,TS_oracle,0.0132673155139675
0.7,TS_oracle,0.0240066079961191
0.7,TS_oracle,0.00458180434714383
0.7,TS_oracle,0.0106763009916386
0.7,TS_oracle,0.0163587442028216
0.7,TS_oracle,0.0243209999972572
0.7,TS_oracle,0.0442641858255014
0.7,TS_oracle,0.0167868514766863
0.7,TS_oracle,0.0390535981266902
0.7,TS_oracle,0.0161705888864376
0.7,TS_oracle,0.029869769231975
0.7,TS_oracle,0.0135778026767993
0.7,TS_oracle,0.00790949018451553
0.7,TS_oracle,0.0104786702133661
0.7,TS_oracle,0.0199950977698417
0.7,TS_oracle,0.00881972812635331
0.7,TS_oracle,0.0284248771863395
0.7,TS_oracle,0.0116857228959215
0.7,TS_oracle,0.00729009845063788
0.7,TS_oracle,0.0207161273335452
0.7,TS_oracle,0.0189391648458292
0.7,TS_oracle,0.00759559942028616
0.7,TS_oracle,0.00496430774300042
0.7,TS_oracle,0.00621542963311568
0.7,TS_oracle,0.00164101981966121
0.7,TS_oracle,0.0151925719748158
0.7,TS_oracle,0.0255409177155666
0.7,TS_oracle,0.00338166918759146
0.7,TS_oracle,0.0165521683514093
0.7,TS_oracle,0.00198722323649152
0.7,TS_oracle,0.0262553184534247
0.7,TS_oracle,0.0433440730787692
0.7,TS_oracle,0.0124908786547956
0.7,TS_oracle,0.027501070072139
0.7,TS_oracle,0.0251551779183705
0.7,TS_oracle,0.00835188482478227
0.7,TS_oracle,0.0123589614365676
0.7,TS_oracle,0.0275115079000582
0.7,TS_oracle,0.0195549029197422
0.7,TS_oracle,0.0102073037746598
0.7,TS_oracle,0.0187772192004544
0.7,TS_oracle,0.00319617097980832
0.7,TS_oracle,0.00739061415046334
0.7,TS_oracle,0.0208403965348609
0.7,TS_oracle,0.0193027820207273
0.7,TS_oracle,0.0133987236057006
0.7,TS_oracle,0.0118881361327259
0.7,TS_oracle,0.026597493434307
0.7,TS_oracle,0.0160306969080014
0.7,TS_oracle,0.013574484834522
0.7,TS_oracle,0.00843918756498061
0.7,TS_oracle,0.018888176671304
0.7,TS_oracle,0.0147106510907715
0.7,TS_oracle,0.041033479123888
0.7,TS_oracle,0.00927780370213981
0.7,TS_oracle,0.0255598692300868
0.7,TS_oracle,0.0145060605193681
0.7,TS_oracle,0.0151641163372583
0.7,TS_oracle,0.0137924014777783
0.7,TS_oracle,0.01494325190559
0.7,TS_oracle,0.00740532964846466
0.7,TS_oracle,0.0123390672376847
0.7,TS_oracle,0.00923658524141087
0.7,TS_oracle,0.0137521567488857
0.7,TS_oracle,0.0269468436193415
0.7,TS_oracle,0.0103688847679124
0.7,TS_oracle,0.0240218060488475
0.7,TS_oracle,0.02325578566918
0.7,TS_oracle,0.0126300028628339
0.7,TS_oracle,0.0215981749462733
0.7,TS_oracle,0.0195719327719599
0.7,TS_oracle,0.0194015982909124
0.7,TS_oracle,0.0079303733798729
0.7,TS_oracle,0.014012417132026
0.7,TS_oracle,0.0182839569583706
0.7,TS_oracle,0.00735720252242376
0.7,TS_oracle,0.019428631519985
0.7,TS_oracle,0.0467047687797262
0.7,TS_oracle,0.0202616440466816
0.7,TS_oracle,0.00436417015006524
0.7,TS_oracle,0.0390532675481299
0.7,TS_oracle,0.00316625993860368
0.7,TS_oracle,0.00496731949898539
0.7,TS_oracle,0.00725235727140924
0.7,TS_oracle,0.0191578149567544
0.7,TS_oracle,0.0264886588058035
0.7,TS_oracle,0.00714196251191458
0.7,TS_oracle,0.00982350281967095
0.7,TS_oracle,0.0149313044810453
0.7,TS_oracle,0.0167467627505766
0.7,TS_oracle,0.0159752132354109
0.7,TS_oracle,0.0173567778761794
0.7,TS_oracle,0.00687744413630299
0.7,TS_oracle,0.010654938070754
0.7,TS_oracle,0.0159249182924809
0.7,TS_oracle,0.00626490520718264
0.7,TS_oracle,0.0202367851791837
0.7,TS_oracle,0.0358814485258583
0.7,TS_oracle,0.0228782625000009
0.7,TS_oracle,0.0242512372458291
0.7,TS_oracle,0.00637621254697018
0.7,TS_oracle,0.0254402098486849
0.7,TS_oracle,0.00341703711385716
0.7,TS_oracle,0.00649376648234672
0.7,TS_oracle,0.0282433608376358
0.7,TS_oracle,0.00992547669644394
0.7,TS_oracle,0.0246579338459945
0.7,TS_oracle,0.0148817726828046
0.7,TS_oracle,0.00511455820795127
0.7,TS_oracle,0.0186409422248739
0.7,TS_oracle,0.00844019511966372
0.7,TS_oracle,0.0156059423074927
0.7,TS_oracle,0.0188465485315989
0.7,TS_oracle,0.0138367304617563
0.7,TS_oracle,0.0496612280835146
0.7,TS_oracle,0.0105295789449081
0.7,TS_oracle,0.0108127415797034
0.7,TS_oracle,0.0100104188883945
0.7,TS_oracle,0.0168742447499102
0.7,TS_oracle,0.0098566986685946
0.7,TS_oracle,0.0145882580568997
0.7,TS_oracle,0.0116258388037364
0.7,TS_oracle,0.0144362113610771
0.7,TS_oracle,0.0106336674228352
0.7,TS_oracle,0.0302086233127694
0.7,TS_oracle,0.032320717209212
0.7,TS_oracle,0.0147439518123321
0.7,TS_oracle,0.0203720219416595
0.7,TS_oracle,0.00767078388156477
0.7,TS_oracle,0.024613146572089
0.7,TS_oracle,0.00776727962516662
0.7,TS_oracle,0.0109116019526166
0.7,TS_oracle,0.00633972570707453
0.7,TS_oracle,0.00251453169921447
0.7,TS_oracle,0.0115716002964985
0.7,TS_oracle,0.00986052277623563
0.7,TS_oracle,0.00917979746403499
0.8,PLS,0.0873188196068529
0.8,PLS,0.0500662382025202
0.8,PLS,0.0133505239916187
0.8,PLS,0.0358552060577096
0.8,PLS,0.0181646411459185
0.8,PLS,0.0307610590914798
0.8,PLS,0.0513015703531561
0.8,PLS,0.0939263440435711
0.8,PLS,0.0271526852401512
0.8,PLS,0.00410091641691649
0.8,PLS,0.0331801648498883
0.8,PLS,0.00628195315931754
0.8,PLS,0.0335756854684556
0.8,PLS,0.0297055121523595
0.8,PLS,0.0609778299001637
0.8,PLS,0.0709973894939776
0.8,PLS,0.0461627789223385
0.8,PLS,0.00333203479280249
0.8,PLS,0.0734325740953361
0.8,PLS,0.128971302742637
0.8,PLS,0.020239175635912
0.8,PLS,0.0210990362010997
0.8,PLS,0.159771448499891
0.8,PLS,0.0242926337271512
0.8,PLS,0.0338048921130939
0.8,PLS,0.090899706879013
0.8,PLS,0.0698942224245925
0.8,PLS,0.0146161311159543
0.8,PLS,0.0423301509919612
0.8,PLS,0.021856097884819
0.8,PLS,0.0365344494029799
0.8,PLS,0.0298418312944391
0.8,PLS,0.0308443968721469
0.8,PLS,0.0224090303984135
0.8,PLS,0.0405649128010311
0.8,PLS,0.0221989556791829
0.8,PLS,0.0358377992588039
0.8,PLS,0.0171266689372437
0.8,PLS,0.0857791639057357
0.8,PLS,0.0677338492735728
0.8,PLS,0.0207387596745023
0.8,PLS,0.0468467525907816
0.8,PLS,0.0170512921029426
0.8,PLS,0.0360706039266789
0.8,PLS,0.0805543694462016
0.8,PLS,0.0129629079460957
0.8,PLS,0.0230856781622218
0.8,PLS,0.0253058889647798
0.8,PLS,0.0519866104606033
0.8,PLS,0.0467415230818268
0.8,PLS,0.0436901414207564
0.8,PLS,0.02741490238162
0.8,PLS,0.017067951293199
0.8,PLS,0.0469805184028357
0.8,PLS,0.0422785044357367
0.8,PLS,0.0279976925040156
0.8,PLS,0.0257757975480988
0.8,PLS,0.060145272767218
0.8,PLS,0.050371914287842
0.8,PLS,0.0562455567513573
0.8,PLS,0.0688067892384678
0.8,PLS,0.0546455903943283
0.8,PLS,0.0323087756033317
0.8,PLS,0.0313097767197117
0.8,PLS,0.0586745832642957
0.8,PLS,0.0143966456715747
0.8,PLS,0.0608568809081477
0.8,PLS,0.0157483729562191
0.8,PLS,0.0247862998891818
0.8,PLS,0.0349425459908524
0.8,PLS,0.0312061683987649
0.8,PLS,0.0767706109898571
0.8,PLS,0.012851154869726
0.8,PLS,0.027207826042261
0.8,PLS,0.0508872553431536
0.8,PLS,0.099176601623287
0.8,PLS,0.0127242348769733
0.8,PLS,0.0230363768542128
0.8,PLS,0.0373416467579752
0.8,PLS,0.0349486806037843
0.8,PLS,0.0106427416194792
0.8,PLS,0.0118619952279567
0.8,PLS,0.0337430124581034
0.8,PLS,0.0554936370811635
0.8,PLS,0.0394782787869066
0.8,PLS,0.036011114971724
0.8,PLS,0.0239170595943193
0.8,PLS,0.039771393397396
0.8,PLS,0.07570365612569
0.8,PLS,0.0248027329262918
0.8,PLS,0.0358995539878946
0.8,PLS,0.0438171525031738
0.8,PLS,0.0208873648307545
0.8,PLS,0.00896320066120579
0.8,PLS,0.0211285121426225
0.8,PLS,0.0542812763594355
0.8,PLS,0.0193314403472981
0.8,PLS,0.0309847514461541
0.8,PLS,0.043236332779721
0.8,PLS,0.0390600742699632
0.8,PLS,0.0249397736892745
0.8,PLS,0.0205280928200168
0.8,PLS,0.00650264230588758
0.8,PLS,0.0442084330331505
0.8,PLS,0.00997868406182
0.8,PLS,0.0121545552894721
0.8,PLS,0.0359902878625432
0.8,PLS,0.0306453557042683
0.8,PLS,0.0837723366260636
0.8,PLS,0.0246919492064447
0.8,PLS,0.00863278666270409
0.8,PLS,0.016659419438077
0.8,PLS,0.0256730903620667
0.8,PLS,0.026935715958832
0.8,PLS,0.0452929042805532
0.8,PLS,0.0330741916804645
0.8,PLS,0.0239257355360695
0.8,PLS,0.107824579384981
0.8,PLS,0.0703441620216231
0.8,PLS,0.020915903788334
0.8,PLS,0.0453122783027521
0.8,PLS,0.01394299869835
0.8,PLS,0.0340410656374091
0.8,PLS,0.0333736282660895
0.8,PLS,0.0342531543584804
0.8,PLS,0.0430824449231451
0.8,PLS,0.0313424347999072
0.8,PLS,0.046159691179039
0.8,PLS,0.0140857635716677
0.8,PLS,0.00542963841509432
0.8,PLS,0.0935499449450552
0.8,PLS,0.0583703199505348
0.8,PLS,0.048430622061866
0.8,PLS,0.0326190552875897
0.8,PLS,0.0518448562969014
0.8,PLS,0.0365595609207752
0.8,PLS,0.0201803701363585
0.8,PLS,0.024952950976629
0.8,PLS,0.037793874407021
0.8,PLS,0.0145256172909498
0.8,PLS,0.0300935899492625
0.8,PLS,0.0344185981201763
0.8,PLS,0.0481137449962932
0.8,PLS,0.0374136861840847
0.8,PLS,0.035533324799748
0.8,PLS,0.0290846187384073
0.8,PLS,0.0414605450404038
0.8,PLS,0.00814190438407996
0.8,PLS,0.125871435999795
0.8,PLS,0.0198432658141569
0.8,PLS,0.0143438640431064
0.8,PLS,0.0320746924406884
0.8,PLS,0.0277435796012127
0.8,PLS,0.0349257099610251
0.8,PLS,0.00629350861130293
0.8,PLS,0.0232290695555688
0.8,PLS,0.0576054234772188
0.8,PLS,0.0233243131407898
0.8,PLS,0.0206236223662919
0.8,PLS,0.0811056428529197
0.8,PLS,0.0212984606352084
0.8,PLS,0.0229686173721632
0.8,PLS,0.0205587452313762
0.8,PLS,0.0119409449273833
0.8,PLS,0.0286318867373737
0.8,PLS,0.00935505838219412
0.8,PLS,0.0101239551742415
0.8,PLS,0.00844705937753298
0.8,PLS,0.0387948613186077
0.8,PLS,0.0401493899454773
0.8,PLS,0.0178702048232908
0.8,PLS,0.00804308094852652
0.8,PLS,0.0413388655859157
0.8,PLS,0.0186509311686886
0.8,PLS,0.0346229204906528
0.8,PLS,0.00546841837622946
0.8,PLS,0.0587387705277073
0.8,PLS,0.0129170563722209
0.8,PLS,0.0123427605012863
0.8,PLS,0.0442109123301001
0.8,PLS,0.0223306683321747
0.8,PLS,0.00401668455984548
0.8,PLS,0.0246190515973652
0.8,PLS,0.02161057883172
0.8,PLS,0.0160628838789207
0.8,PLS,0.0181038300422423
0.8,PLS,0.0978576194623464
0.8,PLS,0.0127813904385506
0.8,PLS,0.0102219359089439
0.8,PLS,0.0364041687031725
0.8,PLS,0.0823625691112482
0.8,PLS,0.090817560190518
0.8,PLS,0.0235382671332626
0.8,PLS,0.0387211173474002
0.8,PLS,0.0222181470889804
0.8,PLS,0.0375084943047307
0.8,PLS,0.00509687435550381
0.8,PLS,0.0147041303903831
0.8,PLS,0.0230720703833912
0.8,PLS,0.00432283216395317
0.8,fTS,0.00313260669670625
0.8,fTS,0.010533375725028
0.8,fTS,0.0510863196689113
0.8,fTS,0.00693363509425074
0.8,fTS,0.0131911947179811
0.8,fTS,0.00751612196752229
0.8,fTS,0.0120867759446058
0.8,fTS,0.0185582794208254
0.8,fTS,0.0158649339383635
0.8,fTS,0.00558759613511138
0.8,fTS,0.0225760631609876
0.8,fTS,0.0133198010744554
0.8,fTS,0.0106221217488363
0.8,fTS,0.00124764761273787
0.8,fTS,0.0193973251584177
0.8,fTS,0.0148653871485776
0.8,fTS,0.0253962700639439
0.8,fTS,0.010764882103114
0.8,fTS,0.0224172769773795
0.8,fTS,0.065251015392813
0.8,fTS,0.0066371543177654
0.8,fTS,0.00256801497807319
0.8,fTS,0.00797265454139357
0.8,fTS,0.0085780114282394
0.8,fTS,0.0128167344331281
0.8,fTS,0.0432201806779515
0.8,fTS,0.0149381464335455
0.8,fTS,0.0119268072736763
0.8,fTS,0.0053662881481755
0.8,fTS,0.00841375997488844
0.8,fTS,0.0375216703458962
0.8,fTS,0.00399842820330131
0.8,fTS,0.0306140326022755
0.8,fTS,0.0123721863914772
0.8,fTS,0.00521799147927954
0.8,fTS,0.025892160382488
0.8,fTS,0.00704499087076643
0.8,fTS,0.0092191382181022
0.8,fTS,0.0125186093115418
0.8,fTS,0.0339583052722644
0.8,fTS,0.00889759865968505
0.8,fTS,0.0103162671670964
0.8,fTS,0.0274847987610707
0.8,fTS,0.0163852973473519
0.8,fTS,0.0155287682211093
0.8,fTS,0.00556110594443182
0.8,fTS,0.0303494189621538
0.8,fTS,0.00983680386526864
0.8,fTS,0.00694039101938675
0.8,fTS,0.00959230202917026
0.8,fTS,0.0161847038112449
0.8,fTS,0.0172867839280329
0.8,fTS,0.00422586412636373
0.8,fTS,0.0156570603633836
0.8,fTS,0.00789336622430057
0.8,fTS,0.00976228436188127
0.8,fTS,0.0251540343053769
0.8,fTS,0.00862059268501754
0.8,fTS,0.0102072997338307
0.8,fTS,0.0343188415338102
0.8,fTS,0.0246966045341273
0.8,fTS,0.00450030635304318
0.8,fTS,0.0127304431862974
0.8,fTS,0.00891756521476842
0.8,fTS,0.0197885544041015
0.8,fTS,0.00232615287328015
0.8,fTS,0.0229017459667039
0.8,fTS,0.00906519594731041
0.8,fTS,0.0191912083259956
0.8,fTS,0.013021982980109
0.8,fTS,0.0151708734200328
0.8,fTS,0.0389742613367642
0.8,fTS,0.0143912464657932
0.8,fTS,0.00571690843860233
0.8,fTS,0.00471831613346
0.8,fTS,0.00976581328962721
0.8,fTS,0.0091246520374372
0.8,fTS,0.00744831942285868
0.8,fTS,0.00732206983934602
0.8,fTS,0.0360501624992063
0.8,fTS,0.00620154679518377
0.8,fTS,0.0117015118254266
0.8,fTS,0.0106662466803237
0.8,fTS,0.0078692637258036
0.8,fTS,0.0322390180637319
0.8,fTS,0.0154483690060464
0.8,fTS,0.00571518026417962
0.8,fTS,0.0190986728643992
0.8,fTS,0.0182817455377059
0.8,fTS,0.0109638696096802
0.8,fTS,0.00360227636028414
0.8,fTS,0.0133774299602273
0.8,fTS,0.0070847358807213
0.8,fTS,0.0159064585841382
0.8,fTS,0.0154133884961298
0.8,fTS,0.0238827813362115
0.8,fTS,0.02005862420107
0.8,fTS,0.00978236165168873
0.8,fTS,0.0148770483391617
0.8,fTS,0.0239776678219608
0.8,fTS,0.00887566093366574
0.8,fTS,0.0108966983083619
0.8,fTS,0.0147149756898748
0.8,fTS,0.00381896709846073
0.8,fTS,0.00838596299226129
0.8,fTS,0.00651410642595384
0.8,fTS,0.00400284920036929
0.8,fTS,0.0113593934888446
0.8,fTS,0.0222870562851105
0.8,fTS,0.0107886236797867
0.8,fTS,0.00680889939341094
0.8,fTS,0.0142902160930214
0.8,fTS,0.0121804586626263
0.8,fTS,0.0144749435261629
0.8,fTS,0.00780654613063799
0.8,fTS,0.0192559010246937
0.8,fTS,0.00658455153202366
0.8,fTS,0.0130554043526463
0.8,fTS,0.0318901967050766
0.8,fTS,0.0242805077998606
0.8,fTS,0.00720129051916906
0.8,fTS,0.00871936351455581
0.8,fTS,0.0112356494088015
0.8,fTS,0.014925954215221
0.8,fTS,0.0101573573751364
0.8,fTS,0.0183125934435158
0.8,fTS,0.0159911101709521
0.8,fTS,0.0129460620592444
0.8,fTS,0.0244820445974036
0.8,fTS,0.00433286781754148
0.8,fTS,0.00687093000507108
0.8,fTS,0.00393097416515264
0.8,fTS,0.0144708472527474
0.8,fTS,0.00954954052431382
0.8,fTS,0.0211662219725609
0.8,fTS,0.0151762855947169
0.8,fTS,0.0092827599563206
0.8,fTS,0.00522331598331665
0.8,fTS,0.0448954102560541
0.8,fTS,0.0120791309560983
0.8,fTS,0.0049273318878264
0.8,fTS,0.00937346275208225
0.8,fTS,0.0168478057958307
0.8,fTS,0.00967194297654442
0.8,fTS,0.0180114522671582
0.8,fTS,0.0199154633538602
0.8,fTS,0.0153088403996594
0.8,fTS,0.00400297312850681
0.8,fTS,0.0521711205542411
0.8,fTS,0.00849292658153282
0.8,fTS,0.00525878686756394
0.8,fTS,0.0109684480443457
0.8,fTS,0.00847572126845309
0.8,fTS,0.00655550393873395
0.8,fTS,0.00852568054300855
0.8,fTS,0.0168095788200024
0.8,fTS,0.00864941347877553
0.8,fTS,0.0148637596985861
0.8,fTS,0.0127868038618105
0.8,fTS,0.0110874210239329
0.8,fTS,0.00684094837433054
0.8,fTS,0.00904486000399574
0.8,fTS,0.011879162991382
0.8,fTS,0.00230353886754681
0.8,fTS,0.00339559717635131
0.8,fTS,0.00142597534371812
0.8,fTS,0.0121267583439893
0.8,fTS,0.0151157378070121
0.8,fTS,0.0177685761957611
0.8,fTS,0.00780777692327095
0.8,fTS,0.00519491710984644
0.8,fTS,0.00486244178521049
0.8,fTS,0.0207208503177441
0.8,fTS,0.0202866851222965
0.8,fTS,0.00502580279992043
0.8,fTS,0.0034209733397755
0.8,fTS,0.0125719186960163
0.8,fTS,0.0053806800516143
0.8,fTS,0.00581979925182248
0.8,fTS,0.0400136580613488
0.8,fTS,0.0137915872332132
0.8,fTS,0.0330349138731457
0.8,fTS,0.0261747216605073
0.8,fTS,0.00321094114748794
0.8,fTS,0.00256293668539494
0.8,fTS,0.0103615608337336
0.8,fTS,0.0140025222663202
0.8,fTS,0.0148637948286266
0.8,fTS,0.00767343403601293
0.8,fTS,0.009674913100635
0.8,fTS,0.02741209453895
0.8,fTS,0.00874364527779948
0.8,fTS,0.0065351535571481
0.8,fTS,0.00973927430202451
0.8,fTS,0.0144686581774054
0.8,fTS,0.0101698608588113
0.8,fTS,0.00363159219923755
0.8,fTS,0.0049620546849592
0.8,fTS,0.0133327263762415
0.8,fTS,0.00858718055655404
0.8,LS_oracle,0.0304544323485796
0.8,LS_oracle,0.0606546585522059
0.8,LS_oracle,0.0225358384239733
0.8,LS_oracle,0.0348910434212204
0.8,LS_oracle,0.0140719592020232
0.8,LS_oracle,0.0318140656967265
0.8,LS_oracle,0.0869332303476245
0.8,LS_oracle,0.0883354283426776
0.8,LS_oracle,0.0292048472164124
0.8,LS_oracle,0.00473515960411168
0.8,LS_oracle,0.0267437807999963
0.8,LS_oracle,0.00958315189461748
0.8,LS_oracle,0.0341359728033502
0.8,LS_oracle,0.0152752700744895
0.8,LS_oracle,0.0476523419643033
0.8,LS_oracle,0.0608073655796291
0.8,LS_oracle,0.0262820316061555
0.8,LS_oracle,0.00688941163062496
0.8,LS_oracle,0.0639325844056433
0.8,LS_oracle,0.0890632188497661
0.8,LS_oracle,0.0197504170420562
0.8,LS_oracle,0.0165453263387056
0.8,LS_oracle,0.0691869879140007
0.8,LS_oracle,0.0260999375967296
0.8,LS_oracle,0.0301635870240215
0.8,LS_oracle,0.0935368965920096
0.8,LS_oracle,0.0159746204651769
0.8,LS_oracle,0.0153654351612632
0.8,LS_oracle,0.0247565977292626
0.8,LS_oracle,0.0209761041851414
0.8,LS_oracle,0.0491657846240791
0.8,LS_oracle,0.0298308709644327
0.8,LS_oracle,0.0304251836163179
0.8,LS_oracle,0.0206996897856589
0.8,LS_oracle,0.0181907428497572
0.8,LS_oracle,0.0377524841714674
0.8,LS_oracle,0.0329719506881781
0.8,LS_oracle,0.0338348705044089
0.8,LS_oracle,0.0820941193335006
0.8,LS_oracle,0.0603000504052191
0.8,LS_oracle,0.0241816775656655
0.8,LS_oracle,0.0450996038791795
0.8,LS_oracle,0.0110874620573512
0.8,LS_oracle,0.0358329917800797
0.8,LS_oracle,0.0683497441712548
0.8,LS_oracle,0.0130411106171653
0.8,LS_oracle,0.0194972552359976
0.8,LS_oracle,0.0289971143479211
0.8,LS_oracle,0.0519514110206742
0.8,LS_oracle,0.0459035434182072
0.8,LS_oracle,0.050479158710091
0.8,LS_oracle,0.0293481662264339
0.8,LS_oracle,0.0137869806632079
0.8,LS_oracle,0.0478018624250393
0.8,LS_oracle,0.0401883680685424
0.8,LS_oracle,0.0235688901874488
0.8,LS_oracle,0.0274200796454235
0.8,LS_oracle,0.062050216448128
0.8,LS_oracle,0.050385335910035
0.8,LS_oracle,0.0521841631246368
0.8,LS_oracle,0.0702489508889519
0.8,LS_oracle,0.0475284957100995
0.8,LS_oracle,0.0330323096943187
0.8,LS_oracle,0.0285219206111966
0.8,LS_oracle,0.0489808154893008
0.8,LS_oracle,0.0146237127846829
0.8,LS_oracle,0.0532176083970702
0.8,LS_oracle,0.0182464798387701
0.8,LS_oracle,0.0328931707280356
0.8,LS_oracle,0.0343831848937845
0.8,LS_oracle,0.0226411330515458
0.8,LS_oracle,0.0733006242988821
0.8,LS_oracle,0.0121091323258681
0.8,LS_oracle,0.0352245106752982
0.8,LS_oracle,0.0572759443254623
0.8,LS_oracle,0.0977345953199983
0.8,LS_oracle,0.00740880723690423
0.8,LS_oracle,0.0155177630005337
0.8,LS_oracle,0.0330164351780698
0.8,LS_oracle,0.0428986139138759
0.8,LS_oracle,0.0105554116987239
0.8,LS_oracle,0.00552896472383331
0.8,LS_oracle,0.0270470212030111
0.8,LS_oracle,0.0519282939225039
0.8,LS_oracle,0.0289170049378311
0.8,LS_oracle,0.0407429164458817
0.8,LS_oracle,0.0247303099350192
0.8,LS_oracle,0.0380590705531513
0.8,LS_oracle,0.047029009956367
0.8,LS_oracle,0.0234115696295731
0.8,LS_oracle,0.0335650957797685
0.8,LS_oracle,0.043421835576051
0.8,LS_oracle,0.0288233327362127
0.8,LS_oracle,0.00901821867953304
0.8,LS_oracle,0.0298295208375159
0.8,LS_oracle,0.0687592531026217
0.8,LS_oracle,0.0197892949324817
0.8,LS_oracle,0.0390632916099397
0.8,LS_oracle,0.0407856097624384
0.8,LS_oracle,0.0251896247778024
0.8,LS_oracle,0.0190709869740391
0.8,LS_oracle,0.0228015432810044
0.8,LS_oracle,0.00687305579870863
0.8,LS_oracle,0.047317945869881
0.8,LS_oracle,0.00973095748732588
0.8,LS_oracle,0.0140664702319553
0.8,LS_oracle,0.0273351912314738
0.8,LS_oracle,0.028632181609819
0.8,LS_oracle,0.104602670160495
0.8,LS_oracle,0.0357083537909433
0.8,LS_oracle,0.00592586603709969
0.8,LS_oracle,0.0246070130523307
0.8,LS_oracle,0.0324668471521229
0.8,LS_oracle,0.0124359049948087
0.8,LS_oracle,0.037541427774503
0.8,LS_oracle,0.0399530721987912
0.8,LS_oracle,0.0222350359599909
0.8,LS_oracle,0.0722665314173983
0.8,LS_oracle,0.0840106858302028
0.8,LS_oracle,0.0208717893691879
0.8,LS_oracle,0.045265118565496
0.8,LS_oracle,0.0117731180824211
0.8,LS_oracle,0.0310760897029251
0.8,LS_oracle,0.0306457792451487
0.8,LS_oracle,0.0303370261649249
0.8,LS_oracle,0.0393407528715383
0.8,LS_oracle,0.0329885792180776
0.8,LS_oracle,0.046400758780759
0.8,LS_oracle,0.012911464254302
0.8,LS_oracle,0.00466048159918711
0.8,LS_oracle,0.0873428535043431
0.8,LS_oracle,0.0528569748011943
0.8,LS_oracle,0.0375316332285556
0.8,LS_oracle,0.0246828027087219
0.8,LS_oracle,0.0465347800436575
0.8,LS_oracle,0.0337235540686104
0.8,LS_oracle,0.0226321837526179
0.8,LS_oracle,0.0266843669126234
0.8,LS_oracle,0.0358849784737097
0.8,LS_oracle,0.012867142498328
0.8,LS_oracle,0.0293863611580956
0.8,LS_oracle,0.0441796798693851
0.8,LS_oracle,0.0411114716227596
0.8,LS_oracle,0.0225971041381142
0.8,LS_oracle,0.0532474608616834
0.8,LS_oracle,0.0351125439684515
0.8,LS_oracle,0.0293791670154723
0.8,LS_oracle,0.00608317272683175
0.8,LS_oracle,0.119042221209837
0.8,LS_oracle,0.0198571038348556
0.8,LS_oracle,0.0143565688099835
0.8,LS_oracle,0.0449067124888003
0.8,LS_oracle,0.037752612025225
0.8,LS_oracle,0.0242361505474284
0.8,LS_oracle,0.00993079997133199
0.8,LS_oracle,0.0216491406020523
0.8,LS_oracle,0.0478152003959398
0.8,LS_oracle,0.0206620179262771
0.8,LS_oracle,0.0193720416392753
0.8,LS_oracle,0.027574498698061
0.8,LS_oracle,0.0214496371236907
0.8,LS_oracle,0.0224470751182139
0.8,LS_oracle,0.0197288722882944
0.8,LS_oracle,0.0110074009591333
0.8,LS_oracle,0.0263543753067187
0.8,LS_oracle,0.0127608473066912
0.8,LS_oracle,0.0115803717343602
0.8,LS_oracle,0.00877147144114105
0.8,LS_oracle,0.031579099345919
0.8,LS_oracle,0.0357451046993349
0.8,LS_oracle,0.0184159312522862
0.8,LS_oracle,0.00701746447951843
0.8,LS_oracle,0.0457882161950667
0.8,LS_oracle,0.0116060775210186
0.8,LS_oracle,0.0432504375594146
0.8,LS_oracle,0.0184841285968054
0.8,LS_oracle,0.0396338648437302
0.8,LS_oracle,0.0120026296739124
0.8,LS_oracle,0.00985683272804042
0.8,LS_oracle,0.0366336639213422
0.8,LS_oracle,0.0145624571976762
0.8,LS_oracle,0.0036545254370347
0.8,LS_oracle,0.015036200875117
0.8,LS_oracle,0.0124823994224598
0.8,LS_oracle,0.00995674912801146
0.8,LS_oracle,0.0156261327452369
0.8,LS_oracle,0.0693623599169098
0.8,LS_oracle,0.0125512032012386
0.8,LS_oracle,0.0414813299882626
0.8,LS_oracle,0.0336801034990455
0.8,LS_oracle,0.0437936251465156
0.8,LS_oracle,0.0589088465198972
0.8,LS_oracle,0.0190972016917571
0.8,LS_oracle,0.0242796598148846
0.8,LS_oracle,0.0369032926007106
0.8,LS_oracle,0.0372730117014006
0.8,LS_oracle,0.00596988901067334
0.8,LS_oracle,0.0120991855915322
0.8,LS_oracle,0.0209309000964045
0.8,LS_oracle,0.00548362029546354
0.8,TS_oracle,0.00145955863967264
0.8,TS_oracle,0.00619572613269351
0.8,TS_oracle,0.0093757766450842
0.8,TS_oracle,0.00721831584179873
0.8,TS_oracle,0.0100845483363479
0.8,TS_oracle,0.00754836549295207
0.8,TS_oracle,0.0127127248009074
0.8,TS_oracle,0.0179356769084499
0.8,TS_oracle,0.0129930845963778
0.8,TS_oracle,0.00557281967872034
0.8,TS_oracle,0.0172722401790956
0.8,TS_oracle,0.0122200281011917
0.8,TS_oracle,0.0106189943422738
0.8,TS_oracle,0.00122528313247155
0.8,TS_oracle,0.0192155241133781
0.8,TS_oracle,0.0143383753215898
0.8,TS_oracle,0.0244832466720684
0.8,TS_oracle,0.00959666242243549
0.8,TS_oracle,0.0190715149179889
0.8,TS_oracle,0.00844948688300806
0.8,TS_oracle,0.00675094786951809
0.8,TS_oracle,0.00259783163505404
0.8,TS_oracle,0.00750728681691902
0.8,TS_oracle,0.00788412163955944
0.8,TS_oracle,0.0113937548983438
0.8,TS_oracle,0.0449313858250428
0.8,TS_oracle,0.0103675400157025
0.8,TS_oracle,0.01135466958398
0.8,TS_oracle,0.00543761747168041
0.8,TS_oracle,0.00835111183437498
0.8,TS_oracle,0.0310840016262301
0.8,TS_oracle,0.00360603258650848
0.8,TS_oracle,0.0275647248851958
0.8,TS_oracle,0.0116472477390718
0.8,TS_oracle,0.00262171685408959
0.8,TS_oracle,0.0281228946489483
0.8,TS_oracle,0.00659717176601849
0.8,TS_oracle,0.00992817476623415
0.8,TS_oracle,0.00890030755196253
0.8,TS_oracle,0.010542838643309
0.8,TS_oracle,0.00841020336007909
0.8,TS_oracle,0.00829613442657193
0.8,TS_oracle,0.0246878375404319
0.8,TS_oracle,0.0170493217734466
0.8,TS_oracle,0.0137035771937939
0.8,TS_oracle,0.00584088074740019
0.8,TS_oracle,0.0277972486975306
0.8,TS_oracle,0.00806704261744101
0.8,TS_oracle,0.00694130434327649
0.8,TS_oracle,0.00995551540418179
0.8,TS_oracle,0.0155150880873521
0.8,TS_oracle,0.009610315757934
0.8,TS_oracle,0.00385418320286903
0.8,TS_oracle,0.0148593285749979
0.8,TS_oracle,0.0078012097166093
0.8,TS_oracle,0.00511358206917799
0.8,TS_oracle,0.025347294837616
0.8,TS_oracle,0.00932405273254754
0.8,TS_oracle,0.0101240465278167
0.8,TS_oracle,0.0254178653802097
0.8,TS_oracle,0.0208196181720391
0.8,TS_oracle,0.00422404906994918
0.8,TS_oracle,0.010958389895535
0.8,TS_oracle,0.00926029994220219
0.8,TS_oracle,0.0197907970005484
0.8,TS_oracle,0.00235153545779861
0.8,TS_oracle,0.0213512318583772
0.8,TS_oracle,0.00929855221091115
0.8,TS_oracle,0.0186720536211417
0.8,TS_oracle,0.0129384161131374
0.8,TS_oracle,0.00949340872760633
0.8,TS_oracle,0.041132370765381
0.8,TS_oracle,0.0126235891772315
0.8,TS_oracle,0.00552297173339086
0.8,TS_oracle,0.00460722238130226
0.8,TS_oracle,0.00959580188345249
0.8,TS_oracle,0.00921239883278947
0.8,TS_oracle,0.00738187150858001
0.8,TS_oracle,0.00749131580632038
0.8,TS_oracle,0.00686096110723813
0.8,TS_oracle,0.00563622253453381
0.8,TS_oracle,0.0113592637025786
0.8,TS_oracle,0.0102356623795801
0.8,TS_oracle,0.00541848274963845
0.8,TS_oracle,0.031848706005678
0.8,TS_oracle,0.0164057566984203
0.8,TS_oracle,0.00551746732474697
0.8,TS_oracle,0.0182815292112759
0.8,TS_oracle,0.0183415582976207
0.8,TS_oracle,0.00823028213766575
0.8,TS_oracle,0.00377074002198242
0.8,TS_oracle,0.0143755732118502
0.8,TS_oracle,0.00656964127674887
0.8,TS_oracle,0.0159579751822086
0.8,TS_oracle,0.0159497550216065
0.8,TS_oracle,0.0255426296842869
0.8,TS_oracle,0.0181688610907023
0.8,TS_oracle,0.007940528724285
0.8,TS_oracle,0.0135473518714576
0.8,TS_oracle,0.02020495394029
0.8,TS_oracle,0.0079611045903406
0.8,TS_oracle,0.00732224330898412
0.8,TS_oracle,0.0141546488148483
0.8,TS_oracle,0.00290520474982502
0.8,TS_oracle,0.00835574479015634
0.8,TS_oracle,0.00606430958266104
0.8,TS_oracle,0.00379876787448532
0.8,TS_oracle,0.0108099446677454
0.8,TS_oracle,0.0220384529835007
0.8,TS_oracle,0.0101267468098475
0.8,TS_oracle,0.00651237708865567
0.8,TS_oracle,0.0151922058678105
0.8,TS_oracle,0.0113687985200084
0.8,TS_oracle,0.0139280933399129
0.8,TS_oracle,0.0074288137548319
0.8,TS_oracle,0.00927980086470045
0.8,TS_oracle,0.00614343556490121
0.8,TS_oracle,0.010614783033022
0.8,TS_oracle,0.0300308675095032
0.8,TS_oracle,0.0227720776524213
0.8,TS_oracle,0.00691822614403753
0.8,TS_oracle,0.00768896174824978
0.8,TS_oracle,0.00993410627357895
0.8,TS_oracle,0.0143155308751288
0.8,TS_oracle,0.00922005904308765
0.8,TS_oracle,0.0182870229768789
0.8,TS_oracle,0.015009422719691
0.8,TS_oracle,0.0129415316373977
0.8,TS_oracle,0.0242665124079214
0.8,TS_oracle,0.00434436411969175
0.8,TS_oracle,0.00690221634548085
0.8,TS_oracle,0.0038874919557289
0.8,TS_oracle,0.0138423445884049
0.8,TS_oracle,0.0092742816157728
0.8,TS_oracle,0.0205422019037761
0.8,TS_oracle,0.0146091949847845
0.8,TS_oracle,0.00895957532653045
0.8,TS_oracle,0.00383110195286769
0.8,TS_oracle,0.0118297599149842
0.8,TS_oracle,0.0102754692024664
0.8,TS_oracle,0.00456506063907481
0.8,TS_oracle,0.00959661349588297
0.8,TS_oracle,0.0143360801705497
0.8,TS_oracle,0.0110884212957077
0.8,TS_oracle,0.0182277426596065
0.8,TS_oracle,0.0195236216772795
0.8,TS_oracle,0.013569397680335
0.8,TS_oracle,0.00394204341629167
0.8,TS_oracle,0.0483260947547182
0.8,TS_oracle,0.00852617344201397
0.8,TS_oracle,0.00526331923003464
0.8,TS_oracle,0.011572200254912
0.8,TS_oracle,0.00936632281995547
0.8,TS_oracle,0.00686146759912558
0.8,TS_oracle,0.00859708025354999
0.8,TS_oracle,0.0148463995761357
0.8,TS_oracle,0.0082146322493094
0.8,TS_oracle,0.0113489342523706
0.8,TS_oracle,0.0117457947757521
0.8,TS_oracle,0.0109068031736439
0.8,TS_oracle,0.00627691883100927
0.8,TS_oracle,0.00907084499227271
0.8,TS_oracle,0.0113226716340291
0.8,TS_oracle,0.0023173409523305
0.8,TS_oracle,0.00336491401917507
0.8,TS_oracle,0.00123909657476529
0.8,TS_oracle,0.0110964415760539
0.8,TS_oracle,0.015057755549959
0.8,TS_oracle,0.0128080218001506
0.8,TS_oracle,0.00395538322394138
0.8,TS_oracle,0.00405861586413573
0.8,TS_oracle,0.00410501937478466
0.8,TS_oracle,0.0211304807066923
0.8,TS_oracle,0.0186344174744496
0.8,TS_oracle,0.00573202273508011
0.8,TS_oracle,0.00219677072394962
0.8,TS_oracle,0.0120460162570176
0.8,TS_oracle,0.00517221708601218
0.8,TS_oracle,0.00473354421077843
0.8,TS_oracle,0.0386996972947818
0.8,TS_oracle,0.0118765463784481
0.8,TS_oracle,0.0134103306072895
0.8,TS_oracle,0.0261540722308872
0.8,TS_oracle,0.0030883915521563
0.8,TS_oracle,0.00256339077239911
0.8,TS_oracle,0.00961822269884904
0.8,TS_oracle,0.0109568824461506
0.8,TS_oracle,0.0148399448339103
0.8,TS_oracle,0.00803255186052052
0.8,TS_oracle,0.00874429575826736
0.8,TS_oracle,0.0246411355609682
0.8,TS_oracle,0.00791444148196835
0.8,TS_oracle,0.00628602163773128
0.8,TS_oracle,0.00747952650914561
0.8,TS_oracle,0.0148666382242354
0.8,TS_oracle,0.0102855191601568
0.8,TS_oracle,0.00399663632384802
0.8,TS_oracle,0.00497029309382879
0.8,TS_oracle,0.0114449006995417
0.8,TS_oracle,0.00847700128615613
0.9,PLS,0.0165062903819219
0.9,PLS,0.018519055320154
0.9,PLS,0.129251744312545
0.9,PLS,0.0270591017104928
0.9,PLS,0.0241064152880649
0.9,PLS,0.01146186137763
0.9,PLS,0.0419849366489463
0.9,PLS,0.0333803785207858
0.9,PLS,0.036420198686685
0.9,PLS,0.10079808691643
0.9,PLS,0.0379103487898281
0.9,PLS,0.0208558127016064
0.9,PLS,0.0273476911889679
0.9,PLS,0.0301659474873944
0.9,PLS,0.0280897577675625
0.9,PLS,0.0434958562346451
0.9,PLS,0.0221136455283009
0.9,PLS,0.00682270379481229
0.9,PLS,0.0463712434736467
0.9,PLS,0.00956309460387678
0.9,PLS,0.013927335172239
0.9,PLS,0.0333020546106526
0.9,PLS,0.0188942920649697
0.9,PLS,0.0303434258071852
0.9,PLS,0.0361130339502634
0.9,PLS,0.0298876547934834
0.9,PLS,0.0903040659641609
0.9,PLS,0.0315095490223481
0.9,PLS,0.0312218239454938
0.9,PLS,0.0689634940530428
0.9,PLS,0.0360707674235015
0.9,PLS,0.041863857093712
0.9,PLS,0.0527050132594623
0.9,PLS,0.0261329362305238
0.9,PLS,0.00659162044972812
0.9,PLS,0.0323099497827337
0.9,PLS,0.026885080684231
0.9,PLS,0.0485317350957094
0.9,PLS,0.014478262608327
0.9,PLS,0.0068401573426676
0.9,PLS,0.0127736055154775
0.9,PLS,0.0503435465878049
0.9,PLS,0.0254534036743572
0.9,PLS,0.0233148172806884
0.9,PLS,0.00731241115556954
0.9,PLS,0.0169477284960666
0.9,PLS,0.00205985138580393
0.9,PLS,0.0250152873966459
0.9,PLS,0.0232277897984286
0.9,PLS,0.0097761234461389
0.9,PLS,0.00337568599603581
0.9,PLS,0.103497327593977
0.9,PLS,0.0493960634965888
0.9,PLS,0.00935741716911984
0.9,PLS,0.0301942180463933
0.9,PLS,0.0374989110937917
0.9,PLS,0.0191501059112822
0.9,PLS,0.0551662940451039
0.9,PLS,0.0362941288676937
0.9,PLS,0.0295766294480207
0.9,PLS,0.04299218181159
0.9,PLS,0.00868748414020267
0.9,PLS,0.0186231373435735
0.9,PLS,0.191147311585999
0.9,PLS,0.133863389511139
0.9,PLS,0.0274003760124284
0.9,PLS,0.0671256714031111
0.9,PLS,0.0170401255332576
0.9,PLS,0.0282940216015164
0.9,PLS,0.0149717257639763
0.9,PLS,0.0457036623252566
0.9,PLS,0.0367499419500036
0.9,PLS,0.0675949674333822
0.9,PLS,0.0100782611943646
0.9,PLS,0.0617414049230536
0.9,PLS,0.00886364923371221
0.9,PLS,0.0315374690101442
0.9,PLS,0.0131667238447725
0.9,PLS,0.0396919006105527
0.9,PLS,0.0233608653302847
0.9,PLS,0.0180509959159168
0.9,PLS,0.0370284601289208
0.9,PLS,0.0468110531552514
0.9,PLS,0.0354432223171299
0.9,PLS,0.020538272513396
0.9,PLS,0.0230841368435561
0.9,PLS,0.0112072556061815
0.9,PLS,0.016217250105688
0.9,PLS,0.0283475143378991
0.9,PLS,0.0168684689155061
0.9,PLS,0.032754202081063
0.9,PLS,0.10070245958728
0.9,PLS,0.0507309970876468
0.9,PLS,0.0484652938172353
0.9,PLS,0.00836913952179152
0.9,PLS,0.0880395755794936
0.9,PLS,0.0544823424630454
0.9,PLS,0.0206200475202803
0.9,PLS,0.0360864309388562
0.9,PLS,0.0120941480757182
0.9,PLS,0.00706179026692287
0.9,PLS,0.00984671724780719
0.9,PLS,0.028554984085851
0.9,PLS,0.00551378840389153
0.9,PLS,0.0223512110155209
0.9,PLS,0.0370287885201943
0.9,PLS,0.0230460614575107
0.9,PLS,0.0283353492432227
0.9,PLS,0.0369215994560043
0.9,PLS,0.0210285518223092
0.9,PLS,0.0209849977800157
0.9,PLS,0.0747654697105113
0.9,PLS,0.030552340382782
0.9,PLS,0.0564899117727531
0.9,PLS,0.0641756795401282
0.9,PLS,0.00868400176270379
0.9,PLS,0.0107444701823503
0.9,PLS,0.0386178685662327
0.9,PLS,0.0122991316774141
0.9,PLS,0.020938224016316
0.9,PLS,0.0539883413972954
0.9,PLS,0.0206760859754787
0.9,PLS,0.0310359472329837
0.9,PLS,0.0456596733123688
0.9,PLS,0.0455206449247424
0.9,PLS,0.0427727128253107
0.9,PLS,0.0487981882865972
0.9,PLS,0.04089821395287
0.9,PLS,0.0191174231129809
0.9,PLS,0.097240952730098
0.9,PLS,0.0352662294212412
0.9,PLS,0.00972494627865804
0.9,PLS,0.0174240892882946
0.9,PLS,0.0149298976159044
0.9,PLS,0.0930571943597461
0.9,PLS,0.0814076413673113
0.9,PLS,0.0109272725529761
0.9,PLS,0.0310617601960677
0.9,PLS,0.0524969654466199
0.9,PLS,0.0327035123816751
0.9,PLS,0.022582404262531
0.9,PLS,0.0162149871572415
0.9,PLS,0.0439917117044205
0.9,PLS,0.0265791158902711
0.9,PLS,0.0430911908697976
0.9,PLS,0.0173168957135193
0.9,PLS,0.0449325026772464
0.9,PLS,0.0382674136532524
0.9,PLS,0.0101005352933122
0.9,PLS,0.0730763984701203
0.9,PLS,0.0353485160558097
0.9,PLS,0.0151807092232035
0.9,PLS,0.0129400847332108
0.9,PLS,0.0254851364292789
0.9,PLS,0.0163607660257338
0.9,PLS,0.0365285594883213
0.9,PLS,0.0234883534479578
0.9,PLS,0.0285452711629961
0.9,PLS,0.0254709585258202
0.9,PLS,0.0265429580254002
0.9,PLS,0.0266599627004466
0.9,PLS,0.0259564872827754
0.9,PLS,0.0484738552811588
0.9,PLS,0.0517216684932744
0.9,PLS,0.0263766440252887
0.9,PLS,0.0268944776919062
0.9,PLS,0.0207996840526763
0.9,PLS,0.02854588980898
0.9,PLS,0.022334078563181
0.9,PLS,0.0343457675598842
0.9,PLS,0.0327246564973151
0.9,PLS,0.032566391253017
0.9,PLS,0.088489305328701
0.9,PLS,0.228245672922164
0.9,PLS,0.0718463817297356
0.9,PLS,0.0311016718354233
0.9,PLS,0.0371192286969304
0.9,PLS,0.0199864745997335
0.9,PLS,0.0114327047666846
0.9,PLS,0.0770929097359151
0.9,PLS,0.0457217912740144
0.9,PLS,0.0251595094036441
0.9,PLS,0.0205849936205147
0.9,PLS,0.057628499019408
0.9,PLS,0.0301273464456253
0.9,PLS,0.0121276663019924
0.9,PLS,0.020102418265289
0.9,PLS,0.0249439512938356
0.9,PLS,0.0279908579873975
0.9,PLS,0.0168547861088759
0.9,PLS,0.0286855221767048
0.9,PLS,0.0256823173149776
0.9,PLS,0.0282114204346224
0.9,PLS,0.025346943639671
0.9,PLS,0.0169012774310491
0.9,PLS,0.0304112412821289
0.9,PLS,0.0594544261897082
0.9,PLS,0.018578333427833
0.9,PLS,0.0192875805366476
0.9,PLS,0.0533110233271583
0.9,fTS,0.00935048517607107
0.9,fTS,0.00550958863220386
0.9,fTS,0.00759633572739018
0.9,fTS,0.00850325976283967
0.9,fTS,0.000927334693706561
0.9,fTS,0.0072314543628452
0.9,fTS,0.0156656930286946
0.9,fTS,0.00347516381140943
0.9,fTS,0.0072743247672215
0.9,fTS,0.00354178752869175
0.9,fTS,0.00373349912657923
0.9,fTS,0.00460512604891344
0.9,fTS,0.00390862800096828
0.9,fTS,0.00482227230818755
0.9,fTS,0.0069702594089074
0.9,fTS,0.00286296242568608
0.9,fTS,0.00391442661786587
0.9,fTS,0.0103163529440804
0.9,fTS,0.00539531091870416
0.9,fTS,0.00412984596687408
0.9,fTS,0.00757402495653074
0.9,fTS,0.00622364712988951
0.9,fTS,0.00381767226373958
0.9,fTS,0.00995958823031089
0.9,fTS,0.013226805172754
0.9,fTS,0.00508662538670882
0.9,fTS,0.00381062113941644
0.9,fTS,0.0046100220836032
0.9,fTS,0.0020329509196562
0.9,fTS,0.0255710404439353
0.9,fTS,0.00892898452325996
0.9,fTS,0.00534556162072439
0.9,fTS,0.0216437406318799
0.9,fTS,0.00959725554912704
0.9,fTS,0.00710320489958099
0.9,fTS,0.0143154037886972
0.9,fTS,0.0106961753846291
0.9,fTS,0.0160383802851685
0.9,fTS,0.0163191280974528
0.9,fTS,0.00158623800525303
0.9,fTS,0.00371048717818744
0.9,fTS,0.0105454961394875
0.9,fTS,0.00583567155450454
0.9,fTS,0.00575028100423268
0.9,fTS,0.00566396581841382
0.9,fTS,0.00468973103002519
0.9,fTS,0.0085427080573455
0.9,fTS,0.00982187681994231
0.9,fTS,0.00847839546349525
0.9,fTS,0.0204923900435465
0.9,fTS,0.00254675002022308
0.9,fTS,0.00816826489607645
0.9,fTS,0.0042371973094711
0.9,fTS,0.00335555844878895
0.9,fTS,0.00257320893894093
0.9,fTS,0.0107866578156259
0.9,fTS,0.00170265804969536
0.9,fTS,0.0153449946367911
0.9,fTS,0.0144756202671592
0.9,fTS,0.0206803686931929
0.9,fTS,0.010285355349709
0.9,fTS,0.0026741096561479
0.9,fTS,0.00799169442201233
0.9,fTS,0.0141544011689918
0.9,fTS,0.0316929024861866
0.9,fTS,0.0042941869028554
0.9,fTS,0.00727627009910204
0.9,fTS,0.00555427970386043
0.9,fTS,0.00316534480206547
0.9,fTS,0.00158793663650813
0.9,fTS,0.00893268038339927
0.9,fTS,0.00662644028598798
0.9,fTS,0.00666262904579512
0.9,fTS,0.00679957127034758
0.9,fTS,0.00343714327010744
0.9,fTS,0.00280460917367722
0.9,fTS,0.015268445324593
0.9,fTS,0.00543477027267183
0.9,fTS,0.0122952406210106
0.9,fTS,0.00609258716030622
0.9,fTS,0.00679932776256065
0.9,fTS,0.00505031220592302
0.9,fTS,0.0104379871686251
0.9,fTS,0.0414408389973562
0.9,fTS,0.0147451798132452
0.9,fTS,0.0066891681683551
0.9,fTS,0.00479582210684845
0.9,fTS,0.00372152288919015
0.9,fTS,0.00507616781028562
0.9,fTS,0.00569249593606355
0.9,fTS,0.00308793353889098
0.9,fTS,0.00478464139943923
0.9,fTS,0.017490766910751
0.9,fTS,0.00778139451309612
0.9,fTS,0.00205787361286132
0.9,fTS,0.0105813586438736
0.9,fTS,0.00406741463426529
0.9,fTS,0.00444913256096746
0.9,fTS,0.00585817926839684
0.9,fTS,0.00751121627952054
0.9,fTS,0.00741486472942013
0.9,fTS,0.00209613656361575
0.9,fTS,0.00597841974049146
0.9,fTS,0.00736203467341412
0.9,fTS,0.00359425688039163
0.9,fTS,0.00261080332709585
0.9,fTS,0.00395723315577149
0.9,fTS,0.00563819369553266
0.9,fTS,0.00926679605700287
0.9,fTS,0.0130409372602401
0.9,fTS,0.00584675692533644
0.9,fTS,0.00157541763285524
0.9,fTS,0.0010036455615944
0.9,fTS,0.00987379843469473
0.9,fTS,0.0083172807982601
0.9,fTS,0.00890361647085025
0.9,fTS,0.00937303778368468
0.9,fTS,0.00270321303271258
0.9,fTS,0.00684302280897354
0.9,fTS,0.0102997784163255
0.9,fTS,0.00323167274787299
0.9,fTS,0.00946614490120372
0.9,fTS,0.0126593019241184
0.9,fTS,0.0071429990168469
0.9,fTS,0.00805986485826599
0.9,fTS,0.00608650956195895
0.9,fTS,0.00173632882434502
0.9,fTS,0.00193274711852082
0.9,fTS,0.00400662634478535
0.9,fTS,0.0129252467261618
0.9,fTS,0.00987148000954528
0.9,fTS,0.00316408505605291
0.9,fTS,0.00372066698165347
0.9,fTS,0.00513169790244053
0.9,fTS,0.00797675313068419
0.9,fTS,0.00412190072553073
0.9,fTS,0.0141020340619857
0.9,fTS,0.00192192611424078
0.9,fTS,0.00499938343921464
0.9,fTS,0.0146902601718387
0.9,fTS,0.00346730414827757
0.9,fTS,0.00393464120908817
0.9,fTS,0.00410356905495235
0.9,fTS,0.00885486164893615
0.9,fTS,0.00745677995032799
0.9,fTS,0.00255296736132166
0.9,fTS,0.00599123353440453
0.9,fTS,0.00838233900810502
0.9,fTS,0.0104357524622355
0.9,fTS,0.0049233021953802
0.9,fTS,0.0109116855781788
0.9,fTS,0.00597179625715936
0.9,fTS,0.00564920237800168
0.9,fTS,0.00250330041878765
0.9,fTS,0.00751361067629039
0.9,fTS,0.00926207119223687
0.9,fTS,0.00884703707265237
0.9,fTS,0.00276502993640645
0.9,fTS,0.00680858107697212
0.9,fTS,0.00488405301375697
0.9,fTS,0.00353431968640538
0.9,fTS,0.00640249701907224
0.9,fTS,0.0161155965891933
0.9,fTS,0.00506386123509685
0.9,fTS,0.0072734946060623
0.9,fTS,0.0232405236604929
0.9,fTS,0.00399862814817839
0.9,fTS,0.00798315849925864
0.9,fTS,0.00940004171044948
0.9,fTS,0.00254269778812982
0.9,fTS,0.0044756829792361
0.9,fTS,0.00453618590852314
0.9,fTS,0.00659739706282725
0.9,fTS,0.0251462414329744
0.9,fTS,0.00338794102239706
0.9,fTS,0.00167506990435869
0.9,fTS,0.0392885245152964
0.9,fTS,0.00476016122846459
0.9,fTS,0.013089667855857
0.9,fTS,0.0113015565568903
0.9,fTS,0.00374349488732769
0.9,fTS,0.0118975702478296
0.9,fTS,0.00914040998663647
0.9,fTS,0.0103268090627728
0.9,fTS,0.00389726905130249
0.9,fTS,0.0569865492796374
0.9,fTS,0.00367047857985845
0.9,fTS,0.00190070439065192
0.9,fTS,0.00513477564542576
0.9,fTS,0.00368255157727985
0.9,fTS,0.00414892473971179
0.9,fTS,0.00672688983772889
0.9,fTS,0.00486223805594837
0.9,fTS,0.00691773779079696
0.9,fTS,0.00825415814803436
0.9,fTS,0.00337103972421542
0.9,fTS,0.00130382176928028
0.9,fTS,0.00853849356473159
0.9,fTS,0.0162827991571083
0.9,fTS,0.00621183081902544
0.9,LS_oracle,0.0132755683047501
0.9,LS_oracle,0.0341420066036718
0.9,LS_oracle,0.0426275719523538
0.9,LS_oracle,0.0269418948886664
0.9,LS_oracle,0.0241088380851727
0.9,LS_oracle,0.010769002520495
0.9,LS_oracle,0.0137412123494844
0.9,LS_oracle,0.0307467072740571
0.9,LS_oracle,0.0440436061894849
0.9,LS_oracle,0.0938229648607314
0.9,LS_oracle,0.03720487245117
0.9,LS_oracle,0.0232295708566517
0.9,LS_oracle,0.0235716847904706
0.9,LS_oracle,0.0304381211795125
0.9,LS_oracle,0.0312344233564576
0.9,LS_oracle,0.0380845822084758
0.9,LS_oracle,0.0229291270675721
0.9,LS_oracle,0.00410658546278581
0.9,LS_oracle,0.0336465158244886
0.9,LS_oracle,0.00960742594549669
0.9,LS_oracle,0.0135921910399059
0.9,LS_oracle,0.0349036128381187
0.9,LS_oracle,0.0194255984901989
0.9,LS_oracle,0.0295526257512422
0.9,LS_oracle,0.0257227181189277
0.9,LS_oracle,0.0232340484270125
0.9,LS_oracle,0.0677659464829136
0.9,LS_oracle,0.0275867849501786
0.9,LS_oracle,0.0337441444150002
0.9,LS_oracle,0.142975454522495
0.9,LS_oracle,0.0360596958230343
0.9,LS_oracle,0.0257034509989444
0.9,LS_oracle,0.091573303757712
0.9,LS_oracle,0.0281973319779268
0.9,LS_oracle,0.00664598404331828
0.9,LS_oracle,0.055004505796617
0.9,LS_oracle,0.0340955600187778
0.9,LS_oracle,0.0516414537633025
0.9,LS_oracle,0.0117099161913965
0.9,LS_oracle,0.00733759063346336
0.9,LS_oracle,0.0129279737738197
0.9,LS_oracle,0.0514281817183022
0.9,LS_oracle,0.0184357387153785
0.9,LS_oracle,0.0239476788984251
0.9,LS_oracle,0.00581398734221197
0.9,LS_oracle,0.0172239280841902
0.9,LS_oracle,0.00584967357600415
0.9,LS_oracle,0.0217769974812798
0.9,LS_oracle,0.0205573486222711
0.9,LS_oracle,0.013567170280924
0.9,LS_oracle,0.00350697043934434
0.9,LS_oracle,0.11759657135936
0.9,LS_oracle,0.0507214919670421
0.9,LS_oracle,0.0113526546725372
0.9,LS_oracle,0.032007585765376
0.9,LS_oracle,0.0492483526896741
0.9,LS_oracle,0.0166931715342819
0.9,LS_oracle,0.0472626983283941
0.9,LS_oracle,0.0208649959254135
0.9,LS_oracle,0.0295011709735419
0.9,LS_oracle,0.0304250311771342
0.9,LS_oracle,0.00811639227455019
0.9,LS_oracle,0.018053765317481
0.9,LS_oracle,0.174071763317548
0.9,LS_oracle,0.113865747683991
0.9,LS_oracle,0.0111699582024036
0.9,LS_oracle,0.0431217022886274
0.9,LS_oracle,0.0135369355655199
0.9,LS_oracle,0.0251275241640342
0.9,LS_oracle,0.0100491226070267
0.9,LS_oracle,0.0476176317161746
0.9,LS_oracle,0.0198357131622515
0.9,LS_oracle,0.0673764147833905
0.9,LS_oracle,0.0181903097064546
0.9,LS_oracle,0.0597088967651718
0.9,LS_oracle,0.00939084158246055
0.9,LS_oracle,0.0131694562112886
0.9,LS_oracle,0.00956602741270566
0.9,LS_oracle,0.0307674736596446
0.9,LS_oracle,0.0206603040404016
0.9,LS_oracle,0.0215784650304874
0.9,LS_oracle,0.0371021676890699
0.9,LS_oracle,0.048069748208382
0.9,LS_oracle,0.0350333642530778
0.9,LS_oracle,0.0201183133821175
0.9,LS_oracle,0.0273916607665667
0.9,LS_oracle,0.00998479802853399
0.9,LS_oracle,0.0112724787426733
0.9,LS_oracle,0.0288245264512319
0.9,LS_oracle,0.0181961422080839
0.9,LS_oracle,0.0318038980816724
0.9,LS_oracle,0.0192242048037931
0.9,LS_oracle,0.0497550535880253
0.9,LS_oracle,0.0497353621112063
0.9,LS_oracle,0.00719835632604299
0.9,LS_oracle,0.0610176246026908
0.9,LS_oracle,0.0417536362958733
0.9,LS_oracle,0.0138562238513162
0.9,LS_oracle,0.00969350056510418
0.9,LS_oracle,0.0125925027761352
0.9,LS_oracle,0.00785354130299553
0.9,LS_oracle,0.0104419848786919
0.9,LS_oracle,0.029160956215413
0.9,LS_oracle,0.00676618537867331
0.9,LS_oracle,0.0166589402941629
0.9,LS_oracle,0.0487470427943491
0.9,LS_oracle,0.0171453333513509
0.9,LS_oracle,0.0277412299609096
0.9,LS_oracle,0.0365552302402128
0.9,LS_oracle,0.0221556782839142
0.9,LS_oracle,0.0286478708266329
0.9,LS_oracle,0.0686438496532217
0.9,LS_oracle,0.0211906509094889
0.9,LS_oracle,0.0545974028803274
0.9,LS_oracle,0.0474723296993799
0.9,LS_oracle,0.00836751217899284
0.9,LS_oracle,0.0113825459688387
0.9,LS_oracle,0.0289684066021543
0.9,LS_oracle,0.015897098485781
0.9,LS_oracle,0.00908209898380545
0.9,LS_oracle,0.0622027222465088
0.9,LS_oracle,0.0154068295769617
0.9,LS_oracle,0.043967552111289
0.9,LS_oracle,0.0455292848258174
0.9,LS_oracle,0.0542882368249358
0.9,LS_oracle,0.0502080302608919
0.9,LS_oracle,0.0384907075508269
0.9,LS_oracle,0.0431161313892433
0.9,LS_oracle,0.0175195164836095
0.9,LS_oracle,0.0960422763803979
0.9,LS_oracle,0.0285356569473196
0.9,LS_oracle,0.00699067889563339
0.9,LS_oracle,0.0185760606005526
0.9,LS_oracle,0.00388019226613535
0.9,LS_oracle,0.0653699458240097
0.9,LS_oracle,0.0693856184770523
0.9,LS_oracle,0.00555792671970194
0.9,LS_oracle,0.0383209294910615
0.9,LS_oracle,0.0526282631575256
0.9,LS_oracle,0.0629026592915176
0.9,LS_oracle,0.0265004160700727
0.9,LS_oracle,0.0139163296656813
0.9,LS_oracle,0.0113907705249212
0.9,LS_oracle,0.0279544480510344
0.9,LS_oracle,0.0308568037293906
0.9,LS_oracle,0.0189951663120377
0.9,LS_oracle,0.0382209820756567
0.9,LS_oracle,0.0455839427938887
0.9,LS_oracle,0.0123726728362807
0.9,LS_oracle,0.0668784332643587
0.9,LS_oracle,0.0348912676661244
0.9,LS_oracle,0.0152001774974555
0.9,LS_oracle,0.0139734395339615
0.9,LS_oracle,0.0252753270703337
0.9,LS_oracle,0.018209530712245
0.9,LS_oracle,0.0383062432586828
0.9,LS_oracle,0.0310866398335056
0.9,LS_oracle,0.0261281738485922
0.9,LS_oracle,0.0277766210173945
0.9,LS_oracle,0.0277132821651548
0.9,LS_oracle,0.0164287939805344
0.9,LS_oracle,0.0237326945677123
0.9,LS_oracle,0.0313352044792137
0.9,LS_oracle,0.0624511793432709
0.9,LS_oracle,0.0277672714962744
0.9,LS_oracle,0.0233050165940688
0.9,LS_oracle,0.0209794948437842
0.9,LS_oracle,0.0239473585250461
0.9,LS_oracle,0.0152632505188062
0.9,LS_oracle,0.0269181454672765
0.9,LS_oracle,0.0345188809481063
0.9,LS_oracle,0.0228970864912492
0.9,LS_oracle,0.0740272924026297
0.9,LS_oracle,0.182345877522809
0.9,LS_oracle,0.0712306538502796
0.9,LS_oracle,0.0332177460677364
0.9,LS_oracle,0.030883384262093
0.9,LS_oracle,0.0154500432216834
0.9,LS_oracle,0.0101034616466077
0.9,LS_oracle,0.0750759496077978
0.9,LS_oracle,0.0223430218546147
0.9,LS_oracle,0.0228936450100264
0.9,LS_oracle,0.0199193269265366
0.9,LS_oracle,0.059013028411927
0.9,LS_oracle,0.030344136152209
0.9,LS_oracle,0.0133830712905588
0.9,LS_oracle,0.0189547668865134
0.9,LS_oracle,0.0124940874373893
0.9,LS_oracle,0.0265790454680971
0.9,LS_oracle,0.0205984068371947
0.9,LS_oracle,0.0230428828452981
0.9,LS_oracle,0.035279009919899
0.9,LS_oracle,0.0338403990521118
0.9,LS_oracle,0.0231060459882955
0.9,LS_oracle,0.0148003775623013
0.9,LS_oracle,0.0272440108150053
0.9,LS_oracle,0.0606843552288714
0.9,LS_oracle,0.0147585917484523
0.9,LS_oracle,0.0441287592634765
0.9,LS_oracle,0.0440361604906327
0.9,TS_oracle,0.00930956527351513
0.9,TS_oracle,0.00580685112889243
0.9,TS_oracle,0.00696157913219991
0.9,TS_oracle,0.00782542328631868
0.9,TS_oracle,0.00101997465068484
0.9,TS_oracle,0.00769441050420624
0.9,TS_oracle,0.0131083045912681
0.9,TS_oracle,0.00318329418047325
0.9,TS_oracle,0.00736501675855354
0.9,TS_oracle,0.00320016406232812
0.9,TS_oracle,0.00384219028991699
0.9,TS_oracle,0.00416351196192591
0.9,TS_oracle,0.00358230692621246
0.9,TS_oracle,0.00471421281479028
0.9,TS_oracle,0.00677923739729636
0.9,TS_oracle,0.00302047689219214
0.9,TS_oracle,0.00356322081998472
0.9,TS_oracle,0.00828926521440394
0.9,TS_oracle,0.00539730423205781
0.9,TS_oracle,0.00342991952120096
0.9,TS_oracle,0.00678620015976452
0.9,TS_oracle,0.00390122922628591
0.9,TS_oracle,0.00367031027896886
0.9,TS_oracle,0.00507468434651863
0.9,TS_oracle,0.0132092100493302
0.9,TS_oracle,0.00505636415838314
0.9,TS_oracle,0.00381335350747448
0.9,TS_oracle,0.00442993210002681
0.9,TS_oracle,0.00204159760292804
0.9,TS_oracle,0.0253383054511888
0.9,TS_oracle,0.00890625469672234
0.9,TS_oracle,0.0023315075564093
0.9,TS_oracle,0.0199249864514864
0.9,TS_oracle,0.00776460716567685
0.9,TS_oracle,0.00613441834351106
0.9,TS_oracle,0.0130083190345869
0.9,TS_oracle,0.0106368535223856
0.9,TS_oracle,0.0162192630367407
0.9,TS_oracle,0.0135673256003099
0.9,TS_oracle,0.0015683087701937
0.9,TS_oracle,0.0035584320600202
0.9,TS_oracle,0.0042947678477784
0.9,TS_oracle,0.00574585441095044
0.9,TS_oracle,0.00509759967484937
0.9,TS_oracle,0.00567014638464575
0.9,TS_oracle,0.00469825847220811
0.9,TS_oracle,0.00776622563297558
0.9,TS_oracle,0.00736778810688497
0.9,TS_oracle,0.00677617893890918
0.9,TS_oracle,0.0173414691728711
0.9,TS_oracle,0.00251947801956333
0.9,TS_oracle,0.00667477983716247
0.9,TS_oracle,0.00415728601404865
0.9,TS_oracle,0.00315638556695134
0.9,TS_oracle,0.00249886994277913
0.9,TS_oracle,0.0117155441597746
0.9,TS_oracle,0.00108935553397755
0.9,TS_oracle,0.0140739505354387
0.9,TS_oracle,0.0144538612598782
0.9,TS_oracle,0.00795616664550938
0.9,TS_oracle,0.0104233335350785
0.9,TS_oracle,0.00263634695397488
0.9,TS_oracle,0.00518957310015872
0.9,TS_oracle,0.00331324042082089
0.9,TS_oracle,0.031411397602296
0.9,TS_oracle,0.00434284700559581
0.9,TS_oracle,0.00561511310495286
0.9,TS_oracle,0.00557861567742809
0.9,TS_oracle,0.00315536692181387
0.9,TS_oracle,0.00096930924975772
0.9,TS_oracle,0.00726100676038984
0.9,TS_oracle,0.00680361412935331
0.9,TS_oracle,0.00662542204568659
0.9,TS_oracle,0.00676460309885387
0.9,TS_oracle,0.00293350864883286
0.9,TS_oracle,0.00292041327042692
0.9,TS_oracle,0.00618791681717597
0.9,TS_oracle,0.00525500311526768
0.9,TS_oracle,0.0117856730508474
0.9,TS_oracle,0.00572032352818897
0.9,TS_oracle,0.00686155207477452
0.9,TS_oracle,0.00500595624524942
0.9,TS_oracle,0.0107241608909118
0.9,TS_oracle,0.0141041341033265
0.9,TS_oracle,0.0143178895145866
0.9,TS_oracle,0.00201843798397255
0.9,TS_oracle,0.00490315824498245
0.9,TS_oracle,0.00378127239502214
0.9,TS_oracle,0.00374276549508851
0.9,TS_oracle,0.00527745238896486
0.9,TS_oracle,0.00227798468315696
0.9,TS_oracle,0.00478327797195463
0.9,TS_oracle,0.0117236782508509
0.9,TS_oracle,0.00779595322583958
0.9,TS_oracle,0.00181674978336847
0.9,TS_oracle,0.0107837740538258
0.9,TS_oracle,0.0040941559085947
0.9,TS_oracle,0.00437248537223074
0.9,TS_oracle,0.0058810209487179
0.9,TS_oracle,0.00720113234454924
0.9,TS_oracle,0.00749047516689338
0.9,TS_oracle,0.00160390319522263
0.9,TS_oracle,0.00598814370382529
0.9,TS_oracle,0.00578136320802079
0.9,TS_oracle,0.00342047679248899
0.9,TS_oracle,0.00271373059170632
0.9,TS_oracle,0.00392498183134827
0.9,TS_oracle,0.00567358644586304
0.9,TS_oracle,0.00520848778572866
0.9,TS_oracle,0.0129815575297165
0.9,TS_oracle,0.00552041462921809
0.9,TS_oracle,0.00190511288623672
0.9,TS_oracle,0.000618449877449324
0.9,TS_oracle,0.00985618058779266
0.9,TS_oracle,0.00801221844659608
0.9,TS_oracle,0.00828226469625251
0.9,TS_oracle,0.00919285898567541
0.9,TS_oracle,0.00313593039919376
0.9,TS_oracle,0.00586504703355599
0.9,TS_oracle,0.0101487556658314
0.9,TS_oracle,0.00328956457126331
0.9,TS_oracle,0.00948778366349981
0.9,TS_oracle,0.00762563033386437
0.9,TS_oracle,0.00717496926679522
0.9,TS_oracle,0.00696485037390621
0.9,TS_oracle,0.00501512861252429
0.9,TS_oracle,0.00146263544113386
0.9,TS_oracle,0.00189130515001416
0.9,TS_oracle,0.00392698709229762
0.9,TS_oracle,0.0126687995596452
0.9,TS_oracle,0.00839260723765955
0.9,TS_oracle,0.00321942857330312
0.9,TS_oracle,0.00368972343990111
0.9,TS_oracle,0.00502410240349279
0.9,TS_oracle,0.00788077908915254
0.9,TS_oracle,0.00416415052543006
0.9,TS_oracle,0.0139382043007717
0.9,TS_oracle,0.00192706047404637
0.9,TS_oracle,0.00479730221958991
0.9,TS_oracle,0.0145017542484848
0.9,TS_oracle,0.00329873889196688
0.9,TS_oracle,0.00297447062936311
0.9,TS_oracle,0.00424840659158056
0.9,TS_oracle,0.0088970164366334
0.9,TS_oracle,0.00732076367049176
0.9,TS_oracle,0.0022848279009976
0.9,TS_oracle,0.00567469009489937
0.9,TS_oracle,0.00558726913615328
0.9,TS_oracle,0.0103938312474849
0.9,TS_oracle,0.00490864624107519
0.9,TS_oracle,0.0102403765577566
0.9,TS_oracle,0.00597356862743701
0.9,TS_oracle,0.00545105694317963
0.9,TS_oracle,0.00181665188876581
0.9,TS_oracle,0.00745681891738924
0.9,TS_oracle,0.00934094689060269
0.9,TS_oracle,0.00875576858766303
0.9,TS_oracle,0.00196550637795353
0.9,TS_oracle,0.00480772147119464
0.9,TS_oracle,0.00410122191088418
0.9,TS_oracle,0.00235067005793603
0.9,TS_oracle,0.00588944148539077
0.9,TS_oracle,0.0152991928204499
0.9,TS_oracle,0.00396318623964143
0.9,TS_oracle,0.00649943202068286
0.9,TS_oracle,0.00457854674602861
0.9,TS_oracle,0.00364420631445626
0.9,TS_oracle,0.00809533843538004
0.9,TS_oracle,0.00564369427996738
0.9,TS_oracle,0.00248208635623855
0.9,TS_oracle,0.00449193931512693
0.9,TS_oracle,0.00333831393998654
0.9,TS_oracle,0.00660665868761611
0.9,TS_oracle,0.023706471789951
0.9,TS_oracle,0.00315117686155969
0.9,TS_oracle,0.00169755699555696
0.9,TS_oracle,0.00710397084802596
0.9,TS_oracle,0.00408623762485549
0.9,TS_oracle,0.0192398564962325
0.9,TS_oracle,0.0118842593688496
0.9,TS_oracle,0.00334413474868194
0.9,TS_oracle,0.00587923355084385
0.9,TS_oracle,0.00761795037857965
0.9,TS_oracle,0.00991929042576579
0.9,TS_oracle,0.00298928799370492
0.9,TS_oracle,0.00968405853835706
0.9,TS_oracle,0.00309128411638567
0.9,TS_oracle,0.00154796035074789
0.9,TS_oracle,0.00517722492276504
0.9,TS_oracle,0.00357768293124559
0.9,TS_oracle,0.00406620178288283
0.9,TS_oracle,0.00626290710464188
0.9,TS_oracle,0.0038139355184648
0.9,TS_oracle,0.00698579839917138
0.9,TS_oracle,0.00759531964522765
0.9,TS_oracle,0.00335178305971107
0.9,TS_oracle,0.00133634266643643
0.9,TS_oracle,0.00670023716308864
0.9,TS_oracle,0.00980750561804801
0.9,TS_oracle,0.00621365046238785
