rho,methods,MSEf_value
0,PLS,0.134737613669766
0,PLS,0.113053824922216
0,PLS,0.0745418685928342
0,PLS,0.168212574138453
0,PLS,0.0520377281997676
0,PLS,0.0808123081655083
0,PLS,0.114407643403195
0,PLS,0.0834775672250551
0,PLS,0.141658924838488
0,PLS,0.0828670507004864
0,PLS,0.0573653189994453
0,PLS,0.124223423116165
0,PLS,0.192292679726202
0,PLS,0.069250560861905
0,PLS,0.0816276436572491
0,PLS,0.169801059898259
0,PLS,0.14806615612447
0,PLS,0.0942987902481343
0,PLS,0.122894524929922
0,PLS,0.151099932143817
0,PLS,0.0979912955150875
0,PLS,0.134596153520228
0,PLS,0.176787290097258
0,PLS,0.200891271045155
0,PLS,0.128893962060744
0,PLS,0.120821517477132
0,PLS,0.103539775052909
0,PLS,0.106858908619574
0,PLS,0.0907309719044351
0,PLS,0.164397259458381
0,PLS,0.131966512149452
0,PLS,0.194123374930063
0,PLS,0.126081108882027
0,PLS,0.111246537141836
0,PLS,0.10490365088422
0,PLS,0.149252955639891
0,PLS,0.0881357166153977
0,PLS,0.103691748656642
0,PLS,0.120781195362807
0,PLS,0.242433394403225
0,PLS,0.092771065697385
0,PLS,0.124346199236923
0,PLS,0.217656618819303
0,PLS,0.183552510516614
0,PLS,0.126113552600024
0,PLS,0.133649499145997
0,PLS,0.135087581461627
0,PLS,0.218307246427961
0,PLS,0.148185329994792
0,PLS,0.116872666938781
0,PLS,0.117680520515304
0,PLS,0.0944638881042958
0,PLS,0.150083342962796
0,PLS,0.173780734196213
0,PLS,0.138929681845322
0,PLS,0.115384529676643
0,PLS,0.100645015746408
0,PLS,0.145920657660833
0,PLS,0.110624846649391
0,PLS,0.118394846047433
0,PLS,0.0804828043318907
0,PLS,0.288120912302264
0,PLS,0.131059605927655
0,PLS,0.140053977443493
0,PLS,0.122383831148777
0,PLS,0.0669231124288112
0,PLS,0.104111678292325
0,PLS,0.127436666941152
0,PLS,0.103055133910513
0,PLS,0.103654402148295
0,PLS,0.090252604658974
0,PLS,0.185065407338136
0,PLS,0.142597661838259
0,PLS,0.141441020590119
0,PLS,0.0811117425122624
0,PLS,0.202040028152743
0,PLS,0.138929304463336
0,PLS,0.174322078258122
0,PLS,0.114439866648355
0,PLS,0.121707432801793
0,PLS,0.231519921326937
0,PLS,0.0698716127264368
0,PLS,0.158589728196434
0,PLS,0.163700850825517
0,PLS,0.120336343139641
0,PLS,0.0941373006565586
0,PLS,0.146390686000471
0,PLS,0.0980685253667631
0,PLS,0.0426504442172847
0,PLS,0.138221806357705
0,PLS,0.0945756430131592
0,PLS,0.108558289343846
0,PLS,0.0553923869609586
0,PLS,0.131779538505333
0,PLS,0.124147553119745
0,PLS,0.165659704225205
0,PLS,0.163138885652326
0,PLS,0.0968597389918149
0,PLS,0.0689332399255758
0,PLS,0.171314953196103
0,PLS,0.118816213962145
0,PLS,0.191729678999014
0,PLS,0.139078487709076
0,PLS,0.127328845960306
0,PLS,0.159984379367665
0,PLS,0.140944757332625
0,PLS,0.141900235348816
0,PLS,0.0989021991933375
0,PLS,0.0696250655718363
0,PLS,0.0989088657600207
0,PLS,0.114349937296482
0,PLS,0.0965869393900273
0,PLS,0.151856873249102
0,PLS,0.123045172485104
0,PLS,0.113024996130695
0,PLS,0.100537074925659
0,PLS,0.103993156450735
0,PLS,0.113163337628162
0,PLS,0.251164890184178
0,PLS,0.0828297444038711
0,PLS,0.114860890752621
0,PLS,0.0737432765772656
0,PLS,0.15111225435664
0,PLS,0.0890584898252401
0,PLS,0.0920442956461422
0,PLS,0.183012560341498
0,PLS,0.111273524144867
0,PLS,0.182440606636481
0,PLS,0.119790339345102
0,PLS,0.125930282093047
0,PLS,0.11972811308526
0,PLS,0.155907852119642
0,PLS,0.202475557539642
0,PLS,0.165130442551224
0,PLS,0.10131677152139
0,PLS,0.157698330383083
0,PLS,0.0913994390599631
0,PLS,0.0867455597329822
0,PLS,0.143968529745651
0,PLS,0.124672469832235
0,PLS,0.140101788158779
0,PLS,0.0867425023568379
0,PLS,0.0937357495709105
0,PLS,0.102789552317924
0,PLS,0.104357716492973
0,PLS,0.108045996656538
0,PLS,0.145587785365912
0,PLS,0.138871345355538
0,PLS,0.110345080102979
0,PLS,0.102476732391464
0,PLS,0.21635465550648
0,PLS,0.0713988298945113
0,PLS,0.0890790458504038
0,PLS,0.110974406747426
0,PLS,0.133181736461455
0,PLS,0.0983228038318592
0,PLS,0.086526173576835
0,PLS,0.14766888065593
0,PLS,0.157101265961982
0,PLS,0.110936603466888
0,PLS,0.180434161594214
0,PLS,0.13773166491556
0,PLS,0.122016987951552
0,PLS,0.133159898925128
0,PLS,0.10199198535409
0,PLS,0.114056503255703
0,PLS,0.12220351846001
0,PLS,0.0841273284677433
0,PLS,0.157257542298984
0,PLS,0.195913899382021
0,PLS,0.119172554917666
0,PLS,0.128182852440755
0,PLS,0.270329240403659
0,PLS,0.131702792778486
0,PLS,0.0959186011013277
0,PLS,0.102925266896209
0,PLS,0.144277383931553
0,PLS,0.109322467231133
0,PLS,0.108759012760274
0,PLS,0.135975260661022
0,PLS,0.141307457286221
0,PLS,0.125008634244531
0,PLS,0.104369468835114
0,PLS,0.134246475097284
0,PLS,0.145302691359484
0,PLS,0.0813226183057147
0,PLS,0.221115070622698
0,PLS,0.147772833745001
0,PLS,0.112792108605171
0,PLS,0.146959366646581
0,PLS,0.0929106931015524
0,PLS,0.176239133837569
0,PLS,0.125258483872204
0,PLS,0.182549704946122
0,PLS,0.11093235413671
0,PLS,0.121561612809797
0,PLS,0.18645367864292
0,PLS,0.216793331295109
0,PLS,0.119768094054887
0,PLS,0.150405571291815
0,fTS,0.134712429285368
0,fTS,0.113053864284744
0,fTS,0.0748032249758148
0,fTS,0.168182319601292
0,fTS,0.0518833544440568
0,fTS,0.0808123081655082
0,fTS,0.114385399072712
0,fTS,0.0834737522676138
0,fTS,0.141640872945166
0,fTS,0.0828852057758499
0,fTS,0.0573653189994453
0,fTS,0.124457511276915
0,fTS,0.192325008296681
0,fTS,0.0692506170633907
0,fTS,0.0813916077753501
0,fTS,0.169767368762762
0,fTS,0.148065158363662
0,fTS,0.0931459835734614
0,fTS,0.122886925723784
0,fTS,0.151160949464385
0,fTS,0.0980173674289499
0,fTS,0.133777548792299
0,fTS,0.175585474534224
0,fTS,0.192795345738367
0,fTS,0.129011747178584
0,fTS,0.119657297543706
0,fTS,0.103436977634895
0,fTS,0.106764406393695
0,fTS,0.0907943915945476
0,fTS,0.163762679626935
0,fTS,0.131966512149452
0,fTS,0.193885685730312
0,fTS,0.126090650764379
0,fTS,0.115439044017558
0,fTS,0.103289150165583
0,fTS,0.152057772622454
0,fTS,0.087542281599068
0,fTS,0.10479633577125
0,fTS,0.120781195362807
0,fTS,0.242381901791879
0,fTS,0.0928758476998783
0,fTS,0.124370005698124
0,fTS,0.217636662998778
0,fTS,0.182383640517443
0,fTS,0.126206005271018
0,fTS,0.133649499145997
0,fTS,0.135899451245504
0,fTS,0.218307246427961
0,fTS,0.146490633525895
0,fTS,0.116463215428737
0,fTS,0.117680520515304
0,fTS,0.0947100720884756
0,fTS,0.148773570943165
0,fTS,0.173915051946572
0,fTS,0.138061314671331
0,fTS,0.11550866421595
0,fTS,0.101846028552304
0,fTS,0.146305156715809
0,fTS,0.110581057062797
0,fTS,0.118283011638968
0,fTS,0.0804825209768743
0,fTS,0.293967049672377
0,fTS,0.131059159745712
0,fTS,0.140053977443493
0,fTS,0.122625562355194
0,fTS,0.0669231124288112
0,fTS,0.104111678292325
0,fTS,0.127436666941152
0,fTS,0.102037461999702
0,fTS,0.103621343414676
0,fTS,0.0902521167575576
0,fTS,0.185050509369096
0,fTS,0.14258235764353
0,fTS,0.142179202279663
0,fTS,0.0811541178689317
0,fTS,0.201956944805849
0,fTS,0.138813368834212
0,fTS,0.174301371074432
0,fTS,0.114318792346524
0,fTS,0.122082480789386
0,fTS,0.231526642871908
0,fTS,0.069271736769444
0,fTS,0.158785851282785
0,fTS,0.163646700450389
0,fTS,0.121325020430215
0,fTS,0.0927950955123214
0,fTS,0.146390686000471
0,fTS,0.0985170257966893
0,fTS,0.0426504442172847
0,fTS,0.135690759939275
0,fTS,0.0945377568159909
0,fTS,0.108562204148452
0,fTS,0.0553900002015872
0,fTS,0.131779538505333
0,fTS,0.124133841496916
0,fTS,0.16546318903023
0,fTS,0.163150463806651
0,fTS,0.0968662223613518
0,fTS,0.0694835743112442
0,fTS,0.171314953196103
0,fTS,0.118816213962145
0,fTS,0.19172879375138
0,fTS,0.138929259867354
0,fTS,0.127328845960306
0,fTS,0.160178446377021
0,fTS,0.140959707880416
0,fTS,0.142033779863485
0,fTS,0.0989075037881144
0,fTS,0.0696259919315071
0,fTS,0.102338390645843
0,fTS,0.114345541073233
0,fTS,0.0989867701809198
0,fTS,0.151641858782598
0,fTS,0.123117623732288
0,fTS,0.113133276480148
0,fTS,0.100456769808676
0,fTS,0.104585976390746
0,fTS,0.113163337628162
0,fTS,0.251183185735297
0,fTS,0.0823218612733431
0,fTS,0.114860890752621
0,fTS,0.0737432765772656
0,fTS,0.15111225435664
0,fTS,0.0890584898252401
0,fTS,0.0920442956461422
0,fTS,0.183376725240475
0,fTS,0.111287660604713
0,fTS,0.182481061661114
0,fTS,0.119733751432234
0,fTS,0.125930282093047
0,fTS,0.11974685648079
0,fTS,0.155390879647448
0,fTS,0.202475557539642
0,fTS,0.164922810493221
0,fTS,0.10123545483773
0,fTS,0.15738872751354
0,fTS,0.0913994390599631
0,fTS,0.0867455597329822
0,fTS,0.143982391284181
0,fTS,0.12458249251952
0,fTS,0.140119932895047
0,fTS,0.0867425028389346
0,fTS,0.0937357495709105
0,fTS,0.102789552317924
0,fTS,0.104226617995316
0,fTS,0.108335404197692
0,fTS,0.145587834729538
0,fTS,0.135331219563645
0,fTS,0.110595910490298
0,fTS,0.102476732391464
0,fTS,0.21635465550648
0,fTS,0.071362096574159
0,fTS,0.0890656553408956
0,fTS,0.110879824351541
0,fTS,0.133181736461455
0,fTS,0.0995297133334016
0,fTS,0.0868277439596294
0,fTS,0.147606079464211
0,fTS,0.157101265961982
0,fTS,0.111121163214543
0,fTS,0.181218512191501
0,fTS,0.137731813669657
0,fTS,0.122016987951552
0,fTS,0.132607906947469
0,fTS,0.103285983204987
0,fTS,0.114271994946887
0,fTS,0.12414642886785
0,fTS,0.084266839559048
0,fTS,0.157918746579468
0,fTS,0.195913899382021
0,fTS,0.119172554917666
0,fTS,0.128102334744779
0,fTS,0.2705339842638
0,fTS,0.131702967311056
0,fTS,0.0960052965608973
0,fTS,0.102925266896208
0,fTS,0.145203663063652
0,fTS,0.109770357841869
0,fTS,0.108686755447554
0,fTS,0.135997893413257
0,fTS,0.141797946839277
0,fTS,0.125008634244531
0,fTS,0.104369823293066
0,fTS,0.133294965550924
0,fTS,0.143741620004223
0,fTS,0.081321515478616
0,fTS,0.221133092302694
0,fTS,0.146813437304439
0,fTS,0.113479832132091
0,fTS,0.150182060605277
0,fTS,0.0928174546491221
0,fTS,0.176239133837569
0,fTS,0.125192816156837
0,fTS,0.181777247347098
0,fTS,0.112777268679869
0,fTS,0.121561612809797
0,fTS,0.186440446094229
0,fTS,0.216057116976946
0,fTS,0.119481668857711
0,fTS,0.150769521691521
0,LS_oracle,0.133155995349378
0,LS_oracle,0.112935862859014
0,LS_oracle,0.0743138812248064
0,LS_oracle,0.167474880929492
0,LS_oracle,0.0511797192826091
0,LS_oracle,0.0782707714134443
0,LS_oracle,0.114228193184993
0,LS_oracle,0.0832016414685303
0,LS_oracle,0.141482185444384
0,LS_oracle,0.0812558830082011
0,LS_oracle,0.0564649907672916
0,LS_oracle,0.122929724011372
0,LS_oracle,0.191895626247197
0,LS_oracle,0.068267483450304
0,LS_oracle,0.082528909717736
0,LS_oracle,0.170484302433687
0,LS_oracle,0.145928236090226
0,LS_oracle,0.094591400383044
0,LS_oracle,0.123035402204522
0,LS_oracle,0.15106246095127
0,LS_oracle,0.148563798047811
0,LS_oracle,0.134292505657179
0,LS_oracle,0.176431108608501
0,LS_oracle,0.200854692668305
0,LS_oracle,0.12923394901571
0,LS_oracle,0.114161643300259
0,LS_oracle,0.104117106579223
0,LS_oracle,0.107136732284729
0,LS_oracle,0.0916214720569966
0,LS_oracle,0.167317485482762
0,LS_oracle,0.131946804099707
0,LS_oracle,0.193380863522483
0,LS_oracle,0.126123374981907
0,LS_oracle,0.11140643222118
0,LS_oracle,0.100874088412653
0,LS_oracle,0.147703001541975
0,LS_oracle,0.0868103574017642
0,LS_oracle,0.103288180065268
0,LS_oracle,0.120972764706217
0,LS_oracle,0.242064082459603
0,LS_oracle,0.0927553277201695
0,LS_oracle,0.123887597157289
0,LS_oracle,0.21498895912755
0,LS_oracle,0.180991298851608
0,LS_oracle,0.127240390608795
0,LS_oracle,0.135374839711662
0,LS_oracle,0.136574571035399
0,LS_oracle,0.216882012035769
0,LS_oracle,0.150004741430518
0,LS_oracle,0.116082883603955
0,LS_oracle,0.116760899909574
0,LS_oracle,0.0935541689916741
0,LS_oracle,0.145951639435984
0,LS_oracle,0.173046046310738
0,LS_oracle,0.140210175648061
0,LS_oracle,0.115330310633797
0,LS_oracle,0.103213257028063
0,LS_oracle,0.146809687034694
0,LS_oracle,0.110672806220601
0,LS_oracle,0.117745622438967
0,LS_oracle,0.0805080217001837
0,LS_oracle,0.292179714151409
0,LS_oracle,0.130730013480942
0,LS_oracle,0.138082300930739
0,LS_oracle,0.12162739458883
0,LS_oracle,0.0667717601203674
0,LS_oracle,0.106462746474659
0,LS_oracle,0.126954759215271
0,LS_oracle,0.10462785709713
0,LS_oracle,0.103772957236333
0,LS_oracle,0.0903872758810518
0,LS_oracle,0.185250041064262
0,LS_oracle,0.144379337432738
0,LS_oracle,0.141215937140977
0,LS_oracle,0.0816638552817185
0,LS_oracle,0.201491437415064
0,LS_oracle,0.138220677925767
0,LS_oracle,0.17452012383079
0,LS_oracle,0.114458442535837
0,LS_oracle,0.121674003537682
0,LS_oracle,0.231482253839564
0,LS_oracle,0.0697303322498905
0,LS_oracle,0.160025461212883
0,LS_oracle,0.158289378166017
0,LS_oracle,0.119774114157478
0,LS_oracle,0.0935268793514158
0,LS_oracle,0.146947751575528
0,LS_oracle,0.0986556455943952
0,LS_oracle,0.0440834054037037
0,LS_oracle,0.142242713477017
0,LS_oracle,0.0966725909691042
0,LS_oracle,0.108494932332068
0,LS_oracle,0.0555532957798493
0,LS_oracle,0.131942535786984
0,LS_oracle,0.123129952669571
0,LS_oracle,0.164597772151089
0,LS_oracle,0.161677537220922
0,LS_oracle,0.0953690429621695
0,LS_oracle,0.0702862669341661
0,LS_oracle,0.171223015375181
0,LS_oracle,0.118592261922512
0,LS_oracle,0.191609262756245
0,LS_oracle,0.141622575309738
0,LS_oracle,0.126679717349906
0,LS_oracle,0.160506040064161
0,LS_oracle,0.142511848825175
0,LS_oracle,0.142329948273649
0,LS_oracle,0.0985364757574597
0,LS_oracle,0.0688065544102674
0,LS_oracle,0.0988908018015311
0,LS_oracle,0.113356959221571
0,LS_oracle,0.0966685238387137
0,LS_oracle,0.154388531546757
0,LS_oracle,0.121727952174837
0,LS_oracle,0.112603895015486
0,LS_oracle,0.102387479591969
0,LS_oracle,0.104939826904316
0,LS_oracle,0.112814977085902
0,LS_oracle,0.251495713886949
0,LS_oracle,0.0828236175829217
0,LS_oracle,0.114463124539202
0,LS_oracle,0.0737199432912724
0,LS_oracle,0.151384084114505
0,LS_oracle,0.0892208581577872
0,LS_oracle,0.091616033879938
0,LS_oracle,0.181474514075394
0,LS_oracle,0.11103959599041
0,LS_oracle,0.181562536653874
0,LS_oracle,0.119360877594594
0,LS_oracle,0.124978290170267
0,LS_oracle,0.11929624603433
0,LS_oracle,0.154858857172734
0,LS_oracle,0.201827554126593
0,LS_oracle,0.164556214756169
0,LS_oracle,0.102384473540278
0,LS_oracle,0.156928063178768
0,LS_oracle,0.0917661652711956
0,LS_oracle,0.0872672412310746
0,LS_oracle,0.144333561762498
0,LS_oracle,0.122506260995633
0,LS_oracle,0.140151153141954
0,LS_oracle,0.0865932659588644
0,LS_oracle,0.0924606138378404
0,LS_oracle,0.101801770499665
0,LS_oracle,0.10469738237199
0,LS_oracle,0.107896503033855
0,LS_oracle,0.145922926915042
0,LS_oracle,0.138974093602645
0,LS_oracle,0.110670453678762
0,LS_oracle,0.101366049601668
0,LS_oracle,0.220147249941155
0,LS_oracle,0.0717454319034742
0,LS_oracle,0.0889666441369564
0,LS_oracle,0.109937166695668
0,LS_oracle,0.132941994393208
0,LS_oracle,0.0984903526693457
0,LS_oracle,0.0871478688318478
0,LS_oracle,0.147930195111928
0,LS_oracle,0.158364260031601
0,LS_oracle,0.112134092859412
0,LS_oracle,0.180787254332655
0,LS_oracle,0.137616445590256
0,LS_oracle,0.123092991129532
0,LS_oracle,0.132606528802817
0,LS_oracle,0.102555982901476
0,LS_oracle,0.113586448902859
0,LS_oracle,0.122939237649697
0,LS_oracle,0.0842756217742198
0,LS_oracle,0.157240414246817
0,LS_oracle,0.196103519751148
0,LS_oracle,0.118660946154313
0,LS_oracle,0.128273937230031
0,LS_oracle,0.26837900942386
0,LS_oracle,0.131904247084288
0,LS_oracle,0.0959789538452669
0,LS_oracle,0.100422037812089
0,LS_oracle,0.144819618160318
0,LS_oracle,0.109129669150146
0,LS_oracle,0.108876675894186
0,LS_oracle,0.136051730037535
0,LS_oracle,0.140955834716809
0,LS_oracle,0.119718939434714
0,LS_oracle,0.104825638763245
0,LS_oracle,0.134414429520487
0,LS_oracle,0.143780756397939
0,LS_oracle,0.0807840114771564
0,LS_oracle,0.22445287988717
0,LS_oracle,0.148494604837557
0,LS_oracle,0.112790396357613
0,LS_oracle,0.146904210847793
0,LS_oracle,0.0932533012449759
0,LS_oracle,0.176042797993229
0,LS_oracle,0.125226846671315
0,LS_oracle,0.185156828347663
0,LS_oracle,0.110538846251078
0,LS_oracle,0.121501506172231
0,LS_oracle,0.184018956075629
0,LS_oracle,0.217060884580316
0,LS_oracle,0.120912092290644
0,LS_oracle,0.150134667810111
0,TS_oracle,0.133154076645274
0,TS_oracle,0.112936016471843
0,TS_oracle,0.0745766633726051
0,TS_oracle,0.16745187774459
0,TS_oracle,0.0510304543222273
0,TS_oracle,0.0782707714134443
0,TS_oracle,0.114205217290761
0,TS_oracle,0.083201823222727
0,TS_oracle,0.141464420014815
0,TS_oracle,0.0812754668161696
0,TS_oracle,0.0560055520936568
0,TS_oracle,0.122925016036856
0,TS_oracle,0.191923569862458
0,TS_oracle,0.068267483450304
0,TS_oracle,0.0824693013599029
0,TS_oracle,0.170482515977916
0,TS_oracle,0.145975611698963
0,TS_oracle,0.0934967288088537
0,TS_oracle,0.123026378067879
0,TS_oracle,0.151106033360456
0,TS_oracle,0.148588700364342
0,TS_oracle,0.133831285646343
0,TS_oracle,0.175014490706834
0,TS_oracle,0.192745935248121
0,TS_oracle,0.129259345010243
0,TS_oracle,0.114266085587043
0,TS_oracle,0.104000314061042
0,TS_oracle,0.10705290139266
0,TS_oracle,0.0916836648166806
0,TS_oracle,0.167232834222652
0,TS_oracle,0.131225254095599
0,TS_oracle,0.193024323113239
0,TS_oracle,0.126123374981907
0,TS_oracle,0.117708887291009
0,TS_oracle,0.100829690388101
0,TS_oracle,0.150603660399521
0,TS_oracle,0.0864472046619425
0,TS_oracle,0.104411620246497
0,TS_oracle,0.120972764706217
0,TS_oracle,0.242025606213128
0,TS_oracle,0.0929353529134872
0,TS_oracle,0.123912483648128
0,TS_oracle,0.214970237669874
0,TS_oracle,0.180882295030666
0,TS_oracle,0.127335172019743
0,TS_oracle,0.135374839711662
0,TS_oracle,0.136954373619385
0,TS_oracle,0.214452899167331
0,TS_oracle,0.148273693745957
0,TS_oracle,0.115678317126673
0,TS_oracle,0.116760899909574
0,TS_oracle,0.0937193289318519
0,TS_oracle,0.145998299613546
0,TS_oracle,0.173046046310738
0,TS_oracle,0.139337643712634
0,TS_oracle,0.115450529299396
0,TS_oracle,0.104372107472287
0,TS_oracle,0.147067005912584
0,TS_oracle,0.110672806220601
0,TS_oracle,0.117916641639015
0,TS_oracle,0.0805071881457472
0,TS_oracle,0.298495512038681
0,TS_oracle,0.130729506151308
0,TS_oracle,0.138082300930739
0,TS_oracle,0.122231719649802
0,TS_oracle,0.0667717601203674
0,TS_oracle,0.106462746474659
0,TS_oracle,0.126954759215271
0,TS_oracle,0.103619516318768
0,TS_oracle,0.103743351610898
0,TS_oracle,0.0903865287386502
0,TS_oracle,0.185235664875645
0,TS_oracle,0.144370208640225
0,TS_oracle,0.141973322392178
0,TS_oracle,0.081706532857115
0,TS_oracle,0.201425666861902
0,TS_oracle,0.138787940316907
0,TS_oracle,0.174496287791623
0,TS_oracle,0.114458442535837
0,TS_oracle,0.122067349228867
0,TS_oracle,0.23149164533044
0,TS_oracle,0.0697490949919959
0,TS_oracle,0.160408353168518
0,TS_oracle,0.158242631980862
0,TS_oracle,0.120738824806598
0,TS_oracle,0.092189143953513
0,TS_oracle,0.146947751575528
0,TS_oracle,0.0991003949596648
0,TS_oracle,0.0440834054037037
0,TS_oracle,0.139967175052393
0,TS_oracle,0.0959780069650668
0,TS_oracle,0.108454118544403
0,TS_oracle,0.0555517809564343
0,TS_oracle,0.131942535786984
0,TS_oracle,0.123133594224173
0,TS_oracle,0.164326922990158
0,TS_oracle,0.161640295158866
0,TS_oracle,0.0953095525856901
0,TS_oracle,0.0702450134186916
0,TS_oracle,0.171223015375181
0,TS_oracle,0.118592261922512
0,TS_oracle,0.191608455747501
0,TS_oracle,0.141613341591744
0,TS_oracle,0.12591977031061
0,TS_oracle,0.160509627391195
0,TS_oracle,0.142515545618776
0,TS_oracle,0.142337377497722
0,TS_oracle,0.0985441050620245
0,TS_oracle,0.0689322344343659
0,TS_oracle,0.102314230381874
0,TS_oracle,0.113343199992058
0,TS_oracle,0.0990720104939759
0,TS_oracle,0.154379053533544
0,TS_oracle,0.12173019244053
0,TS_oracle,0.11264633195412
0,TS_oracle,0.102282309377952
0,TS_oracle,0.10504888451852
0,TS_oracle,0.112814977085902
0,TS_oracle,0.251512401984825
0,TS_oracle,0.0823144915171666
0,TS_oracle,0.114463124539202
0,TS_oracle,0.0737183103188824
0,TS_oracle,0.151384084114505
0,TS_oracle,0.0892208581577872
0,TS_oracle,0.091616033879938
0,TS_oracle,0.181883369450062
0,TS_oracle,0.111062923143929
0,TS_oracle,0.181676162221093
0,TS_oracle,0.119350361981288
0,TS_oracle,0.124978290170267
0,TS_oracle,0.11929624603433
0,TS_oracle,0.154370800506411
0,TS_oracle,0.201827554126593
0,TS_oracle,0.164354414401602
0,TS_oracle,0.102353194431272
0,TS_oracle,0.15664056584635
0,TS_oracle,0.0905412480070713
0,TS_oracle,0.087278298777575
0,TS_oracle,0.144406165925914
0,TS_oracle,0.122392325562328
0,TS_oracle,0.14016732357075
0,TS_oracle,0.0865932879977569
0,TS_oracle,0.0924606138378404
0,TS_oracle,0.101801770499665
0,TS_oracle,0.10469738237199
0,TS_oracle,0.10820395749093
0,TS_oracle,0.145920375594194
0,TS_oracle,0.135477605720686
0,TS_oracle,0.110905999375031
0,TS_oracle,0.100788749784925
0,TS_oracle,0.220147249941154
0,TS_oracle,0.0717343700313353
0,TS_oracle,0.0889545162125696
0,TS_oracle,0.109837441892386
0,TS_oracle,0.132941994393208
0,TS_oracle,0.0996456331645412
0,TS_oracle,0.0874813569020654
0,TS_oracle,0.147861633641887
0,TS_oracle,0.158364260031601
0,TS_oracle,0.112311370971945
0,TS_oracle,0.181574056589621
0,TS_oracle,0.137618086886334
0,TS_oracle,0.123092991129532
0,TS_oracle,0.132326001160779
0,TS_oracle,0.103848001933537
0,TS_oracle,0.113813621753013
0,TS_oracle,0.124856242249346
0,TS_oracle,0.0844146439463699
0,TS_oracle,0.157901295784735
0,TS_oracle,0.196103519751148
0,TS_oracle,0.118660946154313
0,TS_oracle,0.128217783740624
0,TS_oracle,0.268595372988477
0,TS_oracle,0.131904319241123
0,TS_oracle,0.0960667895028188
0,TS_oracle,0.100414380502218
0,TS_oracle,0.145741497767666
0,TS_oracle,0.109129669150146
0,TS_oracle,0.108869320786863
0,TS_oracle,0.136074565997309
0,TS_oracle,0.140942890442048
0,TS_oracle,0.119718939434714
0,TS_oracle,0.104825740612832
0,TS_oracle,0.133455682768826
0,TS_oracle,0.14220189038612
0,TS_oracle,0.0807561902308907
0,TS_oracle,0.224487769973189
0,TS_oracle,0.147511167229668
0,TS_oracle,0.112998510365118
0,TS_oracle,0.150129389432711
0,TS_oracle,0.0931623055109296
0,TS_oracle,0.176042797993229
0,TS_oracle,0.125158445047338
0,TS_oracle,0.18570907288639
0,TS_oracle,0.112406792667374
0,TS_oracle,0.121501506172231
0,TS_oracle,0.183998864699206
0,TS_oracle,0.216321786224253
0,TS_oracle,0.120628317291735
0,TS_oracle,0.150490907486244
0.1,PLS,0.0901524166913761
0.1,PLS,0.0653793116973249
0.1,PLS,0.0886511434425892
0.1,PLS,0.116361404833472
0.1,PLS,0.0772050474257039
0.1,PLS,0.198990124912601
0.1,PLS,0.361686458638153
0.1,PLS,0.0837485844726109
0.1,PLS,0.145231241358173
0.1,PLS,0.11519921023613
0.1,PLS,0.180479075162268
0.1,PLS,0.112385591530788
0.1,PLS,0.114468765271863
0.1,PLS,0.146278139321856
0.1,PLS,0.0930173685870842
0.1,PLS,0.100531441901458
0.1,PLS,0.239870111357253
0.1,PLS,0.133892703540612
0.1,PLS,0.0846299730049829
0.1,PLS,0.103837218894664
0.1,PLS,0.0772558140002542
0.1,PLS,0.170975031765133
0.1,PLS,0.127720018188142
0.1,PLS,0.0933947756464494
0.1,PLS,0.0909298141957308
0.1,PLS,0.0860347310126598
0.1,PLS,0.15283796615612
0.1,PLS,0.122101971967309
0.1,PLS,0.152377954400813
0.1,PLS,0.0991649456111148
0.1,PLS,0.0923909538360814
0.1,PLS,0.0736833609438352
0.1,PLS,0.132334051798921
0.1,PLS,0.0849583975136301
0.1,PLS,0.0987317033079551
0.1,PLS,0.111005875495514
0.1,PLS,0.145842865847473
0.1,PLS,0.0860881023751663
0.1,PLS,0.10201642500688
0.1,PLS,0.0659796376415052
0.1,PLS,0.147751656949575
0.1,PLS,0.108662059176592
0.1,PLS,0.147797165920196
0.1,PLS,0.108707608007725
0.1,PLS,0.122730217840258
0.1,PLS,0.123925319415502
0.1,PLS,0.214797659307784
0.1,PLS,0.122114451707029
0.1,PLS,0.149748538608093
0.1,PLS,0.182712179109505
0.1,PLS,0.0953843956634501
0.1,PLS,0.0677739849909143
0.1,PLS,0.114509122080614
0.1,PLS,0.0761143179860938
0.1,PLS,0.189571085272799
0.1,PLS,0.120920384117907
0.1,PLS,0.0986636460086415
0.1,PLS,0.203056931496013
0.1,PLS,0.209949937459757
0.1,PLS,0.103355923306369
0.1,PLS,0.0935248981621473
0.1,PLS,0.0771402116742873
0.1,PLS,0.115993681748968
0.1,PLS,0.103660463800784
0.1,PLS,0.1460704092592
0.1,PLS,0.18802184875208
0.1,PLS,0.158912067374652
0.1,PLS,0.071294878498692
0.1,PLS,0.136086746957248
0.1,PLS,0.173700396612941
0.1,PLS,0.105322859864219
0.1,PLS,0.0547429967481786
0.1,PLS,0.143248377120319
0.1,PLS,0.0940283534873275
0.1,PLS,0.206628107713911
0.1,PLS,0.186687751435543
0.1,PLS,0.155185511560529
0.1,PLS,0.0921813452706612
0.1,PLS,0.170630275917381
0.1,PLS,0.14714789046712
0.1,PLS,0.19801517564673
0.1,PLS,0.142072588194207
0.1,PLS,0.119834822415141
0.1,PLS,0.117170671764363
0.1,PLS,0.190144023216076
0.1,PLS,0.176000118996518
0.1,PLS,0.214929794527293
0.1,PLS,0.138952068633279
0.1,PLS,0.124071339219111
0.1,PLS,0.13832363174358
0.1,PLS,0.225960124039264
0.1,PLS,0.0607430784945721
0.1,PLS,0.0632605174171551
0.1,PLS,0.129739938388423
0.1,PLS,0.130809165126538
0.1,PLS,0.119675508068079
0.1,PLS,0.142208560679986
0.1,PLS,0.135552564792496
0.1,PLS,0.115235637953248
0.1,PLS,0.129209802585146
0.1,PLS,0.0693308799103153
0.1,PLS,0.207553740023634
0.1,PLS,0.147281804368332
0.1,PLS,0.128724999996327
0.1,PLS,0.146030651483753
0.1,PLS,0.0895298473040268
0.1,PLS,0.139305005177654
0.1,PLS,0.138853217085437
0.1,PLS,0.111220090236658
0.1,PLS,0.101661419754512
0.1,PLS,0.08294557299529
0.1,PLS,0.0846034560815644
0.1,PLS,0.116688730033714
0.1,PLS,0.0735006087594854
0.1,PLS,0.0981886863946903
0.1,PLS,0.129975117434889
0.1,PLS,0.208097704626509
0.1,PLS,0.156131844799055
0.1,PLS,0.21092974083238
0.1,PLS,0.108992356204334
0.1,PLS,0.130540594090414
0.1,PLS,0.164163196420989
0.1,PLS,0.0866686626528487
0.1,PLS,0.116516788418442
0.1,PLS,0.160826370821218
0.1,PLS,0.132303821498285
0.1,PLS,0.109682761141985
0.1,PLS,0.0929678620041394
0.1,PLS,0.143921978914022
0.1,PLS,0.15536582118899
0.1,PLS,0.112972548703314
0.1,PLS,0.10598663412223
0.1,PLS,0.106086269665493
0.1,PLS,0.223341746555779
0.1,PLS,0.120688984653715
0.1,PLS,0.147786951130954
0.1,PLS,0.0986870337661565
0.1,PLS,0.140941093059659
0.1,PLS,0.100017936017374
0.1,PLS,0.0925645409044408
0.1,PLS,0.0970020375980259
0.1,PLS,0.124534766357422
0.1,PLS,0.175649893769563
0.1,PLS,0.226020748936653
0.1,PLS,0.103296700383764
0.1,PLS,0.0889453896924183
0.1,PLS,0.169170279260503
0.1,PLS,0.0747813189727539
0.1,PLS,0.105535015570039
0.1,PLS,0.0836512832991487
0.1,PLS,0.182228327778978
0.1,PLS,0.148319377990241
0.1,PLS,0.0627115780619531
0.1,PLS,0.148531431382946
0.1,PLS,0.054100758987036
0.1,PLS,0.0847555336292495
0.1,PLS,0.0972379978657743
0.1,PLS,0.16628183178416
0.1,PLS,0.162444852164776
0.1,PLS,0.107516548396091
0.1,PLS,0.241753724382567
0.1,PLS,0.112515662921095
0.1,PLS,0.182594564120829
0.1,PLS,0.170726541722771
0.1,PLS,0.161258481171061
0.1,PLS,0.119395303199899
0.1,PLS,0.104661836551856
0.1,PLS,0.0974678341473794
0.1,PLS,0.159098300013168
0.1,PLS,0.112285350246005
0.1,PLS,0.0559903699683286
0.1,PLS,0.117669895476995
0.1,PLS,0.207773963891277
0.1,PLS,0.0907423250933458
0.1,PLS,0.0941299868716704
0.1,PLS,0.124851309531616
0.1,PLS,0.188978320190751
0.1,PLS,0.0697831595242882
0.1,PLS,0.0931226449966821
0.1,PLS,0.118124517948635
0.1,PLS,0.0915628055493577
0.1,PLS,0.279899067456421
0.1,PLS,0.236199677723679
0.1,PLS,0.147695571079724
0.1,PLS,0.0709940448166395
0.1,PLS,0.142415240370797
0.1,PLS,0.0911639135991611
0.1,PLS,0.0994442317663531
0.1,PLS,0.110849867331703
0.1,PLS,0.107029099661516
0.1,PLS,0.0880627261848154
0.1,PLS,0.129928702898385
0.1,PLS,0.0680461217767839
0.1,PLS,0.0774381094587351
0.1,PLS,0.217722381944866
0.1,PLS,0.145752760958106
0.1,PLS,0.119473043552387
0.1,PLS,0.111209739246663
0.1,PLS,0.119212093817365
0.1,PLS,0.140655538064359
0.1,fTS,0.0901358226084412
0.1,fTS,0.0655493280010897
0.1,fTS,0.0876557688889238
0.1,fTS,0.116778358630819
0.1,fTS,0.0775340574445128
0.1,fTS,0.198990124912601
0.1,fTS,0.361746232498826
0.1,fTS,0.0812016594193247
0.1,fTS,0.141121501499734
0.1,fTS,0.114836563475198
0.1,fTS,0.18098570814154
0.1,fTS,0.104879228288473
0.1,fTS,0.111301886738153
0.1,fTS,0.14612101235936
0.1,fTS,0.0848604693664663
0.1,fTS,0.100977540390709
0.1,fTS,0.239801118225487
0.1,fTS,0.135624228195688
0.1,fTS,0.0803615498546676
0.1,fTS,0.105254077742279
0.1,fTS,0.0754039671386612
0.1,fTS,0.170976414304808
0.1,fTS,0.127728056801437
0.1,fTS,0.0947720617450344
0.1,fTS,0.0909170191999946
0.1,fTS,0.0873118281139626
0.1,fTS,0.152575187973963
0.1,fTS,0.122235988792717
0.1,fTS,0.152292757202468
0.1,fTS,0.0998491695609011
0.1,fTS,0.0925771879574802
0.1,fTS,0.0733176274798603
0.1,fTS,0.13861207776414
0.1,fTS,0.0843345840630601
0.1,fTS,0.099069504782693
0.1,fTS,0.111005875495513
0.1,fTS,0.146364055691654
0.1,fTS,0.0858967969024944
0.1,fTS,0.10177195618726
0.1,fTS,0.0658721477349452
0.1,fTS,0.148453061027598
0.1,fTS,0.108516795909758
0.1,fTS,0.146195925876007
0.1,fTS,0.108452923679059
0.1,fTS,0.122730217840258
0.1,fTS,0.122066529648801
0.1,fTS,0.215673542871092
0.1,fTS,0.134927707568564
0.1,fTS,0.150175462569529
0.1,fTS,0.18415504794737
0.1,fTS,0.0948590846243783
0.1,fTS,0.0672026553931801
0.1,fTS,0.114273752889582
0.1,fTS,0.0761984694721264
0.1,fTS,0.189719967648584
0.1,fTS,0.120273396563845
0.1,fTS,0.0996713344384927
0.1,fTS,0.203840316242394
0.1,fTS,0.21032315535069
0.1,fTS,0.103441559729148
0.1,fTS,0.0917549259647199
0.1,fTS,0.0785955828936296
0.1,fTS,0.117017575806642
0.1,fTS,0.103609257717433
0.1,fTS,0.143333650973328
0.1,fTS,0.187331965055573
0.1,fTS,0.152927138959938
0.1,fTS,0.0715772651133663
0.1,fTS,0.13283731780319
0.1,fTS,0.173073693456986
0.1,fTS,0.105284323175516
0.1,fTS,0.0551732463422425
0.1,fTS,0.140931381636969
0.1,fTS,0.0937373830869898
0.1,fTS,0.205372743721075
0.1,fTS,0.186781057530764
0.1,fTS,0.149797892460113
0.1,fTS,0.0919373878581378
0.1,fTS,0.170676273983464
0.1,fTS,0.14908425260641
0.1,fTS,0.198019510811399
0.1,fTS,0.141974735062661
0.1,fTS,0.120006703505222
0.1,fTS,0.116151628463031
0.1,fTS,0.193583993151241
0.1,fTS,0.167820031277886
0.1,fTS,0.213790882879567
0.1,fTS,0.138865740889654
0.1,fTS,0.123089779139648
0.1,fTS,0.136246050831975
0.1,fTS,0.225945000886244
0.1,fTS,0.0608354428430563
0.1,fTS,0.0632605174171551
0.1,fTS,0.126783661318016
0.1,fTS,0.130770737691336
0.1,fTS,0.120933799746536
0.1,fTS,0.142209551734701
0.1,fTS,0.135258968739838
0.1,fTS,0.115097946717972
0.1,fTS,0.12927636240364
0.1,fTS,0.0693181728104633
0.1,fTS,0.20750284052426
0.1,fTS,0.144697214477225
0.1,fTS,0.128455758122878
0.1,fTS,0.146119376435349
0.1,fTS,0.0895298473040268
0.1,fTS,0.139282830554355
0.1,fTS,0.138104500574794
0.1,fTS,0.110418875230467
0.1,fTS,0.101730103383758
0.1,fTS,0.0829627498539614
0.1,fTS,0.0823907755283543
0.1,fTS,0.109653233565782
0.1,fTS,0.0719572461459648
0.1,fTS,0.098422785300933
0.1,fTS,0.129725222422511
0.1,fTS,0.208118757896638
0.1,fTS,0.157828689272
0.1,fTS,0.210884274417757
0.1,fTS,0.105518856898589
0.1,fTS,0.131401990287359
0.1,fTS,0.163083109001301
0.1,fTS,0.0871954918140789
0.1,fTS,0.116466911478694
0.1,fTS,0.16046732005248
0.1,fTS,0.133917513077116
0.1,fTS,0.11201898922048
0.1,fTS,0.0937472607102352
0.1,fTS,0.143921978914022
0.1,fTS,0.155494598006736
0.1,fTS,0.112856583654101
0.1,fTS,0.105793739329624
0.1,fTS,0.106086269665493
0.1,fTS,0.221090496142889
0.1,fTS,0.120845943935986
0.1,fTS,0.147786951130954
0.1,fTS,0.0993827401974845
0.1,fTS,0.136753941600225
0.1,fTS,0.0980456675724551
0.1,fTS,0.0923244213502387
0.1,fTS,0.0970360039383431
0.1,fTS,0.124389682734535
0.1,fTS,0.178279621802006
0.1,fTS,0.226020748936653
0.1,fTS,0.103351482530835
0.1,fTS,0.0889691201811722
0.1,fTS,0.168404045655397
0.1,fTS,0.0752747442952698
0.1,fTS,0.104507363191459
0.1,fTS,0.0858135198130801
0.1,fTS,0.186364055306958
0.1,fTS,0.149368546412364
0.1,fTS,0.0622295486168935
0.1,fTS,0.145779211953521
0.1,fTS,0.0536753653569059
0.1,fTS,0.0854164668775834
0.1,fTS,0.0973052644338097
0.1,fTS,0.166917806643786
0.1,fTS,0.158338722783604
0.1,fTS,0.107354590634437
0.1,fTS,0.244668241753141
0.1,fTS,0.112340844332986
0.1,fTS,0.18359383978751
0.1,fTS,0.165342783029149
0.1,fTS,0.162170595591671
0.1,fTS,0.119278138124937
0.1,fTS,0.104661836551856
0.1,fTS,0.0978862515689421
0.1,fTS,0.160106074526013
0.1,fTS,0.113229086931846
0.1,fTS,0.0552536071938926
0.1,fTS,0.117774686872158
0.1,fTS,0.207773963891277
0.1,fTS,0.0910547446292254
0.1,fTS,0.0936534981444243
0.1,fTS,0.124469160590456
0.1,fTS,0.188978320190751
0.1,fTS,0.0697116597897008
0.1,fTS,0.0992905245582567
0.1,fTS,0.117910222535628
0.1,fTS,0.0906486374745193
0.1,fTS,0.2797615421254
0.1,fTS,0.233599620299454
0.1,fTS,0.147697995096915
0.1,fTS,0.0712031606975434
0.1,fTS,0.142389411566047
0.1,fTS,0.0904871804150362
0.1,fTS,0.0996402387964528
0.1,fTS,0.110707265189512
0.1,fTS,0.107068533579555
0.1,fTS,0.0876451738514863
0.1,fTS,0.129412948860657
0.1,fTS,0.068766171322066
0.1,fTS,0.077374679868008
0.1,fTS,0.217726618900443
0.1,fTS,0.146410742074802
0.1,fTS,0.118094792508171
0.1,fTS,0.114547820559757
0.1,fTS,0.118347844698069
0.1,fTS,0.141653530229939
0.1,LS_oracle,0.0898565608587129
0.1,LS_oracle,0.0644702607304553
0.1,LS_oracle,0.0917565952532413
0.1,LS_oracle,0.116385638967199
0.1,LS_oracle,0.0776584152838884
0.1,LS_oracle,0.200456520882556
0.1,LS_oracle,0.362022030081715
0.1,LS_oracle,0.0839383924085085
0.1,LS_oracle,0.144467033895948
0.1,LS_oracle,0.113997189090086
0.1,LS_oracle,0.174061809598036
0.1,LS_oracle,0.112125847024857
0.1,LS_oracle,0.113740644756008
0.1,LS_oracle,0.146266000586381
0.1,LS_oracle,0.0936716249287981
0.1,LS_oracle,0.10095206435701
0.1,LS_oracle,0.239892095460195
0.1,LS_oracle,0.134910960026377
0.1,LS_oracle,0.084427703383183
0.1,LS_oracle,0.101000439439987
0.1,LS_oracle,0.0768146671124824
0.1,LS_oracle,0.1700842577033
0.1,LS_oracle,0.127622126826103
0.1,LS_oracle,0.0928891421439276
0.1,LS_oracle,0.0909059652752603
0.1,LS_oracle,0.0910729962103142
0.1,LS_oracle,0.15334973547492
0.1,LS_oracle,0.119191761435595
0.1,LS_oracle,0.152763551065233
0.1,LS_oracle,0.100770532228347
0.1,LS_oracle,0.0906326815449611
0.1,LS_oracle,0.0780569733137686
0.1,LS_oracle,0.131334219248908
0.1,LS_oracle,0.0826328437134327
0.1,LS_oracle,0.0988281983587435
0.1,LS_oracle,0.110851410033963
0.1,LS_oracle,0.145421354767615
0.1,LS_oracle,0.0849825079586954
0.1,LS_oracle,0.1007524792405
0.1,LS_oracle,0.0663213851549876
0.1,LS_oracle,0.148329644216931
0.1,LS_oracle,0.109152999254355
0.1,LS_oracle,0.15136805368768
0.1,LS_oracle,0.108431450027273
0.1,LS_oracle,0.122506386349365
0.1,LS_oracle,0.124430822044904
0.1,LS_oracle,0.215182379341267
0.1,LS_oracle,0.120065861629051
0.1,LS_oracle,0.150530462073691
0.1,LS_oracle,0.182644093164861
0.1,LS_oracle,0.0967699885851686
0.1,LS_oracle,0.0677279898116888
0.1,LS_oracle,0.113878490160007
0.1,LS_oracle,0.0746578048810789
0.1,LS_oracle,0.191550736305992
0.1,LS_oracle,0.121515884808891
0.1,LS_oracle,0.0986885850730113
0.1,LS_oracle,0.201336511168742
0.1,LS_oracle,0.209243586964048
0.1,LS_oracle,0.104548242321265
0.1,LS_oracle,0.0927846655751625
0.1,LS_oracle,0.0774037717308561
0.1,LS_oracle,0.115184127242675
0.1,LS_oracle,0.103599118933964
0.1,LS_oracle,0.145449250810619
0.1,LS_oracle,0.189563740068641
0.1,LS_oracle,0.155971693350373
0.1,LS_oracle,0.0699749591789648
0.1,LS_oracle,0.135965974998757
0.1,LS_oracle,0.171897734545414
0.1,LS_oracle,0.105637270566266
0.1,LS_oracle,0.0546843526133729
0.1,LS_oracle,0.139924965822345
0.1,LS_oracle,0.0935726171032326
0.1,LS_oracle,0.207094828802654
0.1,LS_oracle,0.186718863745655
0.1,LS_oracle,0.153139131429942
0.1,LS_oracle,0.092566547563764
0.1,LS_oracle,0.171049711813393
0.1,LS_oracle,0.147002209594313
0.1,LS_oracle,0.19797787858799
0.1,LS_oracle,0.141953478761004
0.1,LS_oracle,0.120798830797502
0.1,LS_oracle,0.117483628802807
0.1,LS_oracle,0.190607451359283
0.1,LS_oracle,0.175823657550888
0.1,LS_oracle,0.215227391865421
0.1,LS_oracle,0.13648243450881
0.1,LS_oracle,0.122488415458622
0.1,LS_oracle,0.137988359600427
0.1,LS_oracle,0.226541407792215
0.1,LS_oracle,0.0604906818131967
0.1,LS_oracle,0.0636079876992608
0.1,LS_oracle,0.134017326068305
0.1,LS_oracle,0.131624667419346
0.1,LS_oracle,0.118413078451571
0.1,LS_oracle,0.141435474809364
0.1,LS_oracle,0.137364565930315
0.1,LS_oracle,0.115029819468834
0.1,LS_oracle,0.128182712689935
0.1,LS_oracle,0.0683045562568959
0.1,LS_oracle,0.208726820288261
0.1,LS_oracle,0.146453588667704
0.1,LS_oracle,0.127934662482564
0.1,LS_oracle,0.145948452022498
0.1,LS_oracle,0.0893523607114574
0.1,LS_oracle,0.14085022343281
0.1,LS_oracle,0.138699047385025
0.1,LS_oracle,0.110444168798371
0.1,LS_oracle,0.10260450594349
0.1,LS_oracle,0.0830705947243762
0.1,LS_oracle,0.0843951994283224
0.1,LS_oracle,0.116688990528597
0.1,LS_oracle,0.0749366369394558
0.1,LS_oracle,0.0955800494438801
0.1,LS_oracle,0.128996544019889
0.1,LS_oracle,0.208106764929878
0.1,LS_oracle,0.156224015660596
0.1,LS_oracle,0.20849301145711
0.1,LS_oracle,0.109324453925859
0.1,LS_oracle,0.129973027333155
0.1,LS_oracle,0.166699566922898
0.1,LS_oracle,0.0857552862434211
0.1,LS_oracle,0.114639848522591
0.1,LS_oracle,0.1784216810693
0.1,LS_oracle,0.130371645527173
0.1,LS_oracle,0.109018270387389
0.1,LS_oracle,0.0901124288355942
0.1,LS_oracle,0.143916192855743
0.1,LS_oracle,0.155168443037051
0.1,LS_oracle,0.109793140264686
0.1,LS_oracle,0.105188048460206
0.1,LS_oracle,0.10562259081566
0.1,LS_oracle,0.223104321981546
0.1,LS_oracle,0.120700799049846
0.1,LS_oracle,0.1460812592923
0.1,LS_oracle,0.0996078412378849
0.1,LS_oracle,0.141572895187121
0.1,LS_oracle,0.100013189927348
0.1,LS_oracle,0.094312357855328
0.1,LS_oracle,0.0961106128542532
0.1,LS_oracle,0.123810305950877
0.1,LS_oracle,0.175327839539608
0.1,LS_oracle,0.226321360708587
0.1,LS_oracle,0.10461921074811
0.1,LS_oracle,0.0889897398222934
0.1,LS_oracle,0.169093042149186
0.1,LS_oracle,0.0747135614408878
0.1,LS_oracle,0.105016426234774
0.1,LS_oracle,0.0830675391019008
0.1,LS_oracle,0.181398900022998
0.1,LS_oracle,0.147820507906049
0.1,LS_oracle,0.0626499022103357
0.1,LS_oracle,0.149022232420186
0.1,LS_oracle,0.0563747917186949
0.1,LS_oracle,0.0871039089919402
0.1,LS_oracle,0.0986626595002516
0.1,LS_oracle,0.16746679654635
0.1,LS_oracle,0.162407313324874
0.1,LS_oracle,0.108558496926266
0.1,LS_oracle,0.2440543629282
0.1,LS_oracle,0.112081446864677
0.1,LS_oracle,0.182641986656118
0.1,LS_oracle,0.171037279531896
0.1,LS_oracle,0.150996683422898
0.1,LS_oracle,0.120598176278896
0.1,LS_oracle,0.106881658205929
0.1,LS_oracle,0.0940078505026265
0.1,LS_oracle,0.157976002583497
0.1,LS_oracle,0.112448146640477
0.1,LS_oracle,0.0549118592109366
0.1,LS_oracle,0.117740519241511
0.1,LS_oracle,0.208352146742315
0.1,LS_oracle,0.0902607952582128
0.1,LS_oracle,0.0894800843978171
0.1,LS_oracle,0.124437913764525
0.1,LS_oracle,0.189311211944392
0.1,LS_oracle,0.068571571747369
0.1,LS_oracle,0.0932905873830274
0.1,LS_oracle,0.118496799511837
0.1,LS_oracle,0.0917291801105235
0.1,LS_oracle,0.278128667376428
0.1,LS_oracle,0.237383958808455
0.1,LS_oracle,0.146971302200031
0.1,LS_oracle,0.0708742048738325
0.1,LS_oracle,0.14201074448658
0.1,LS_oracle,0.0911652038630123
0.1,LS_oracle,0.0995152948075193
0.1,LS_oracle,0.111428328345136
0.1,LS_oracle,0.105968268284286
0.1,LS_oracle,0.0876961869648757
0.1,LS_oracle,0.128305566029192
0.1,LS_oracle,0.068161458606583
0.1,LS_oracle,0.0772905921370108
0.1,LS_oracle,0.214007939947656
0.1,LS_oracle,0.1453941131717
0.1,LS_oracle,0.120825412181875
0.1,LS_oracle,0.110279800706067
0.1,LS_oracle,0.118274845445991
0.1,LS_oracle,0.140510255001185
0.1,TS_oracle,0.0898802421796606
0.1,TS_oracle,0.0648239605893473
0.1,TS_oracle,0.0901804149034531
0.1,TS_oracle,0.116801470242116
0.1,TS_oracle,0.0778529225966434
0.1,TS_oracle,0.200456520882556
0.1,TS_oracle,0.362046164495884
0.1,TS_oracle,0.0813276623309555
0.1,TS_oracle,0.140510434597271
0.1,TS_oracle,0.114145379632565
0.1,TS_oracle,0.174089864429135
0.1,TS_oracle,0.104705473371512
0.1,TS_oracle,0.109279897238272
0.1,TS_oracle,0.146156128606995
0.1,TS_oracle,0.0852844238140198
0.1,TS_oracle,0.101340343341016
0.1,TS_oracle,0.239543602457496
0.1,TS_oracle,0.136810179559292
0.1,TS_oracle,0.0802573858565593
0.1,TS_oracle,0.102857969841122
0.1,TS_oracle,0.0750874413988074
0.1,TS_oracle,0.170085496783613
0.1,TS_oracle,0.127628773022004
0.1,TS_oracle,0.0936949469188174
0.1,TS_oracle,0.0909059652752603
0.1,TS_oracle,0.0909209533630015
0.1,TS_oracle,0.153042414591383
0.1,TS_oracle,0.119069181132664
0.1,TS_oracle,0.154076515981291
0.1,TS_oracle,0.101206507836556
0.1,TS_oracle,0.0914711283780789
0.1,TS_oracle,0.0777549766167022
0.1,TS_oracle,0.137626530999686
0.1,TS_oracle,0.0816306660032423
0.1,TS_oracle,0.0991622852093239
0.1,TS_oracle,0.110851410033964
0.1,TS_oracle,0.146031098124999
0.1,TS_oracle,0.084788583786402
0.1,TS_oracle,0.100737508502272
0.1,TS_oracle,0.0664034293552597
0.1,TS_oracle,0.148219943015564
0.1,TS_oracle,0.109008688492613
0.1,TS_oracle,0.149766493852188
0.1,TS_oracle,0.108205168565272
0.1,TS_oracle,0.122506386349365
0.1,TS_oracle,0.122600323380911
0.1,TS_oracle,0.215997302674737
0.1,TS_oracle,0.134016867291575
0.1,TS_oracle,0.151341532150619
0.1,TS_oracle,0.184079206533039
0.1,TS_oracle,0.0955876768850391
0.1,TS_oracle,0.0671575605264846
0.1,TS_oracle,0.113748633772656
0.1,TS_oracle,0.0743999667974979
0.1,TS_oracle,0.191761503042625
0.1,TS_oracle,0.120929870458394
0.1,TS_oracle,0.0996981055425832
0.1,TS_oracle,0.203100785603
0.1,TS_oracle,0.209671887346063
0.1,TS_oracle,0.105700052140891
0.1,TS_oracle,0.0909731723265096
0.1,TS_oracle,0.0788242299809929
0.1,TS_oracle,0.116604701829078
0.1,TS_oracle,0.103609949716197
0.1,TS_oracle,0.142942441148018
0.1,TS_oracle,0.188079205520475
0.1,TS_oracle,0.150794189610558
0.1,TS_oracle,0.0705143740643778
0.1,TS_oracle,0.132740850052677
0.1,TS_oracle,0.171870454464542
0.1,TS_oracle,0.105476315503191
0.1,TS_oracle,0.0551182261363113
0.1,TS_oracle,0.137937869016809
0.1,TS_oracle,0.0935509796822517
0.1,TS_oracle,0.206594249290567
0.1,TS_oracle,0.186816329208898
0.1,TS_oracle,0.147554402875396
0.1,TS_oracle,0.0924591358659062
0.1,TS_oracle,0.171081963593761
0.1,TS_oracle,0.149235962049225
0.1,TS_oracle,0.197982503118722
0.1,TS_oracle,0.141918549463696
0.1,TS_oracle,0.121006079554732
0.1,TS_oracle,0.116428058663712
0.1,TS_oracle,0.192874344622626
0.1,TS_oracle,0.167688416578504
0.1,TS_oracle,0.21499673568688
0.1,TS_oracle,0.136142171204699
0.1,TS_oracle,0.122291010479367
0.1,TS_oracle,0.136232901107835
0.1,TS_oracle,0.226503595639321
0.1,TS_oracle,0.0607855197439495
0.1,TS_oracle,0.0636079876992608
0.1,TS_oracle,0.129359658563432
0.1,TS_oracle,0.131659662539846
0.1,TS_oracle,0.118699967740061
0.1,TS_oracle,0.141437737826304
0.1,TS_oracle,0.13713625718092
0.1,TS_oracle,0.114898056881717
0.1,TS_oracle,0.128746212481851
0.1,TS_oracle,0.0680110954438315
0.1,TS_oracle,0.208726820288261
0.1,TS_oracle,0.143540083098452
0.1,TS_oracle,0.127037406718873
0.1,TS_oracle,0.146061515496173
0.1,TS_oracle,0.0893521071087024
0.1,TS_oracle,0.140810900748707
0.1,TS_oracle,0.137910533718186
0.1,TS_oracle,0.109799818278237
0.1,TS_oracle,0.102676144854849
0.1,TS_oracle,0.0830875034237297
0.1,TS_oracle,0.0824454350640348
0.1,TS_oracle,0.109654214899347
0.1,TS_oracle,0.0746408726162321
0.1,TS_oracle,0.0954685585836616
0.1,TS_oracle,0.128891541434728
0.1,TS_oracle,0.208127804407555
0.1,TS_oracle,0.157912213840624
0.1,TS_oracle,0.208615668066343
0.1,TS_oracle,0.105422689496338
0.1,TS_oracle,0.130963880857495
0.1,TS_oracle,0.165065074451629
0.1,TS_oracle,0.0851467417915761
0.1,TS_oracle,0.114545993691788
0.1,TS_oracle,0.178350303765257
0.1,TS_oracle,0.131681625216173
0.1,TS_oracle,0.111352224911401
0.1,TS_oracle,0.0901263896657646
0.1,TS_oracle,0.143916192855743
0.1,TS_oracle,0.155347434946837
0.1,TS_oracle,0.109791309899827
0.1,TS_oracle,0.104954631411358
0.1,TS_oracle,0.10562259081566
0.1,TS_oracle,0.221751200173952
0.1,TS_oracle,0.120823876617029
0.1,TS_oracle,0.151704760482336
0.1,TS_oracle,0.10016654882661
0.1,TS_oracle,0.137220696762592
0.1,TS_oracle,0.0980238795671083
0.1,TS_oracle,0.0939212427787782
0.1,TS_oracle,0.0960581153358181
0.1,TS_oracle,0.123801223193297
0.1,TS_oracle,0.178274834107391
0.1,TS_oracle,0.226321360708587
0.1,TS_oracle,0.104651849281252
0.1,TS_oracle,0.0890073612336128
0.1,TS_oracle,0.168346595053236
0.1,TS_oracle,0.0751641608960945
0.1,TS_oracle,0.103912097718847
0.1,TS_oracle,0.0846978387546856
0.1,TS_oracle,0.184820097512553
0.1,TS_oracle,0.1489867445624
0.1,TS_oracle,0.0621778284748358
0.1,TS_oracle,0.146041100139393
0.1,TS_oracle,0.0563819167554621
0.1,TS_oracle,0.0870554135783633
0.1,TS_oracle,0.0990961736510929
0.1,TS_oracle,0.168333666246687
0.1,TS_oracle,0.158964332149282
0.1,TS_oracle,0.108461015953876
0.1,TS_oracle,0.248126143601951
0.1,TS_oracle,0.111719978886552
0.1,TS_oracle,0.183773148777623
0.1,TS_oracle,0.166504414831885
0.1,TS_oracle,0.150785002347458
0.1,TS_oracle,0.120121329555997
0.1,TS_oracle,0.106881658205929
0.1,TS_oracle,0.0946046924652754
0.1,TS_oracle,0.159260879986689
0.1,TS_oracle,0.113631243989333
0.1,TS_oracle,0.0536962122014525
0.1,TS_oracle,0.117836421698395
0.1,TS_oracle,0.208352146742315
0.1,TS_oracle,0.0906649489934754
0.1,TS_oracle,0.0894331781188882
0.1,TS_oracle,0.124084020588282
0.1,TS_oracle,0.189311211944392
0.1,TS_oracle,0.0685961121800027
0.1,TS_oracle,0.0994470825821427
0.1,TS_oracle,0.118287254632893
0.1,TS_oracle,0.090786220809122
0.1,TS_oracle,0.277473318231888
0.1,TS_oracle,0.234611615089653
0.1,TS_oracle,0.146986181512836
0.1,TS_oracle,0.0708742048738325
0.1,TS_oracle,0.141987330582122
0.1,TS_oracle,0.090496672279036
0.1,TS_oracle,0.0997011102622276
0.1,TS_oracle,0.111277599330651
0.1,TS_oracle,0.105900604781549
0.1,TS_oracle,0.0868480994892304
0.1,TS_oracle,0.128473920492347
0.1,TS_oracle,0.0688803789362502
0.1,TS_oracle,0.0772309922922199
0.1,TS_oracle,0.214008651691143
0.1,TS_oracle,0.146032317194692
0.1,TS_oracle,0.120324998282816
0.1,TS_oracle,0.110256451040799
0.1,TS_oracle,0.117606268611036
0.1,TS_oracle,0.140774013932456
0.2,PLS,0.148583938518613
0.2,PLS,0.0829366774834492
0.2,PLS,0.155680994547266
0.2,PLS,0.0911227260655763
0.2,PLS,0.115053896218813
0.2,PLS,0.167574877768526
0.2,PLS,0.104731177419355
0.2,PLS,0.0781889929143593
0.2,PLS,0.0934336558363177
0.2,PLS,0.139693386806664
0.2,PLS,0.167550208392778
0.2,PLS,0.148369646768134
0.2,PLS,0.171538586339123
0.2,PLS,0.108514959809599
0.2,PLS,0.108411265688993
0.2,PLS,0.213234633558162
0.2,PLS,0.150329548638542
0.2,PLS,0.146780335535851
0.2,PLS,0.090081503674428
0.2,PLS,0.121351689837231
0.2,PLS,0.0875580627393728
0.2,PLS,0.0940824436230264
0.2,PLS,0.146334636557556
0.2,PLS,0.171075999939446
0.2,PLS,0.194999723715967
0.2,PLS,0.148706762956373
0.2,PLS,0.100507745734847
0.2,PLS,0.193819928487303
0.2,PLS,0.116554146157122
0.2,PLS,0.111115495086371
0.2,PLS,0.0521320070844969
0.2,PLS,0.0679310549054503
0.2,PLS,0.188764569675178
0.2,PLS,0.135805250199028
0.2,PLS,0.06232196545114
0.2,PLS,0.09170197359754
0.2,PLS,0.0939983694193701
0.2,PLS,0.0627302836350153
0.2,PLS,0.0840870031564587
0.2,PLS,0.147336558007629
0.2,PLS,0.0986804205038198
0.2,PLS,0.180429435927647
0.2,PLS,0.125160592235101
0.2,PLS,0.140417893188608
0.2,PLS,0.128266481468266
0.2,PLS,0.136381036576358
0.2,PLS,0.0595591215782982
0.2,PLS,0.144791561212559
0.2,PLS,0.110601398828249
0.2,PLS,0.128306667051202
0.2,PLS,0.0710760609818648
0.2,PLS,0.108066057802499
0.2,PLS,0.168574872107149
0.2,PLS,0.115219739614038
0.2,PLS,0.169475550191642
0.2,PLS,0.11551554439881
0.2,PLS,0.0681366326892223
0.2,PLS,0.191172257863958
0.2,PLS,0.200488882502887
0.2,PLS,0.0703929188617686
0.2,PLS,0.0721925501872551
0.2,PLS,0.152173636047487
0.2,PLS,0.126089609468397
0.2,PLS,0.180176373425726
0.2,PLS,0.165683508151423
0.2,PLS,0.122357499475083
0.2,PLS,0.139994878244069
0.2,PLS,0.0865995789869602
0.2,PLS,0.0983157782751205
0.2,PLS,0.062464895842117
0.2,PLS,0.087886182061422
0.2,PLS,0.0659929539014286
0.2,PLS,0.101828732758299
0.2,PLS,0.269005367576447
0.2,PLS,0.133229189451619
0.2,PLS,0.115988457173177
0.2,PLS,0.220053291264929
0.2,PLS,0.0821115793066231
0.2,PLS,0.180230075228404
0.2,PLS,0.0480381251672335
0.2,PLS,0.160625734474406
0.2,PLS,0.145494896764061
0.2,PLS,0.144658193464802
0.2,PLS,0.0912723457662081
0.2,PLS,0.0974861401941138
0.2,PLS,0.112063943326015
0.2,PLS,0.192674116353062
0.2,PLS,0.0959608482505606
0.2,PLS,0.18260309235269
0.2,PLS,0.132568222727254
0.2,PLS,0.111964919232185
0.2,PLS,0.15743023730341
0.2,PLS,0.14210236774808
0.2,PLS,0.154603649924138
0.2,PLS,0.249360210935416
0.2,PLS,0.168564249962502
0.2,PLS,0.0954196114059337
0.2,PLS,0.117639323946657
0.2,PLS,0.093842307692393
0.2,PLS,0.103662910957152
0.2,PLS,0.111684836350363
0.2,PLS,0.0961052654647512
0.2,PLS,0.13917380483572
0.2,PLS,0.185579566838756
0.2,PLS,0.143778892422562
0.2,PLS,0.0799986397665451
0.2,PLS,0.162609774922561
0.2,PLS,0.0515361250700125
0.2,PLS,0.152247655181148
0.2,PLS,0.103557700279292
0.2,PLS,0.176792211502181
0.2,PLS,0.187345143351079
0.2,PLS,0.0839245703255822
0.2,PLS,0.051798388073248
0.2,PLS,0.339232776288937
0.2,PLS,0.108491958201019
0.2,PLS,0.0866288656697922
0.2,PLS,0.135849182129227
0.2,PLS,0.0915107712096207
0.2,PLS,0.0946391096026223
0.2,PLS,0.19985341409075
0.2,PLS,0.150693048390596
0.2,PLS,0.117374664753999
0.2,PLS,0.148318341602382
0.2,PLS,0.116577382169618
0.2,PLS,0.0819782763150215
0.2,PLS,0.0891258683539977
0.2,PLS,0.0817883573696171
0.2,PLS,0.11708648989258
0.2,PLS,0.133251470533889
0.2,PLS,0.114643626534981
0.2,PLS,0.147054404479083
0.2,PLS,0.0826443306824565
0.2,PLS,0.154213042648432
0.2,PLS,0.126014376799886
0.2,PLS,0.106137209030541
0.2,PLS,0.154160630834961
0.2,PLS,0.222755880566312
0.2,PLS,0.0588142922067834
0.2,PLS,0.140392638856256
0.2,PLS,0.0619102608055927
0.2,PLS,0.0899634854312582
0.2,PLS,0.167275581450354
0.2,PLS,0.0791919176941164
0.2,PLS,0.13623257271061
0.2,PLS,0.137295813680024
0.2,PLS,0.066917111240155
0.2,PLS,0.156302162455436
0.2,PLS,0.132808145588065
0.2,PLS,0.107905819625317
0.2,PLS,0.214719119903141
0.2,PLS,0.110812669471224
0.2,PLS,0.116564670628536
0.2,PLS,0.123089664234793
0.2,PLS,0.100616043830417
0.2,PLS,0.193902618750258
0.2,PLS,0.172130160021966
0.2,PLS,0.148306173552125
0.2,PLS,0.0836204414642026
0.2,PLS,0.114420920330758
0.2,PLS,0.139685815552122
0.2,PLS,0.196473310972023
0.2,PLS,0.218235809007687
0.2,PLS,0.141208060525727
0.2,PLS,0.101584736966543
0.2,PLS,0.139803084368566
0.2,PLS,0.195717187595804
0.2,PLS,0.0576682810827565
0.2,PLS,0.198429901343757
0.2,PLS,0.17826060523245
0.2,PLS,0.0993367973777321
0.2,PLS,0.0434884426953737
0.2,PLS,0.127211253187283
0.2,PLS,0.146139940411052
0.2,PLS,0.134757207287101
0.2,PLS,0.123047604120966
0.2,PLS,0.0653449277650641
0.2,PLS,0.130123182976661
0.2,PLS,0.0770495040871857
0.2,PLS,0.13377986666009
0.2,PLS,0.0745887344459157
0.2,PLS,0.0578647727807095
0.2,PLS,0.121175937791467
0.2,PLS,0.12935353994185
0.2,PLS,0.511168431912545
0.2,PLS,0.0840585218068824
0.2,PLS,0.0692748348976979
0.2,PLS,0.146298372181957
0.2,PLS,0.069473779722095
0.2,PLS,0.172316055059373
0.2,PLS,0.0885410636472847
0.2,PLS,0.113226828719055
0.2,PLS,0.0844386493628556
0.2,PLS,0.100772602189826
0.2,PLS,0.0666509280155697
0.2,PLS,0.0762299973886816
0.2,PLS,0.168626551563389
0.2,PLS,0.115108666675329
0.2,PLS,0.195616462286907
0.2,PLS,0.0946119178138302
0.2,fTS,0.147321864310364
0.2,fTS,0.0817055371539475
0.2,fTS,0.150598185334627
0.2,fTS,0.0854100984942591
0.2,fTS,0.112739344855788
0.2,fTS,0.173895426275532
0.2,fTS,0.0975311983598961
0.2,fTS,0.077285740586707
0.2,fTS,0.0914797238015327
0.2,fTS,0.140636432769921
0.2,fTS,0.165466804252628
0.2,fTS,0.146654236571393
0.2,fTS,0.178519352997638
0.2,fTS,0.1203161888072
0.2,fTS,0.108296052411883
0.2,fTS,0.220293131774291
0.2,fTS,0.162197777307088
0.2,fTS,0.143666466832885
0.2,fTS,0.0839690155847536
0.2,fTS,0.123579861372233
0.2,fTS,0.0856979420691162
0.2,fTS,0.0969360760388609
0.2,fTS,0.142409801647241
0.2,fTS,0.176674767891467
0.2,fTS,0.216293852152
0.2,fTS,0.155114398787984
0.2,fTS,0.507929550040541
0.2,fTS,0.184326475370583
0.2,fTS,0.108700962207986
0.2,fTS,0.106895979519479
0.2,fTS,0.0479993597277599
0.2,fTS,0.0708423563337255
0.2,fTS,0.184504551563157
0.2,fTS,0.136313134072777
0.2,fTS,0.0590821823350819
0.2,fTS,0.0926067445428395
0.2,fTS,0.0875307110747443
0.2,fTS,0.0640639626412698
0.2,fTS,0.0838549658145167
0.2,fTS,0.141971765915331
0.2,fTS,0.0882996670536457
0.2,fTS,0.179822969606491
0.2,fTS,0.133655561612486
0.2,fTS,0.13527829728557
0.2,fTS,0.140843082995319
0.2,fTS,0.138794653719762
0.2,fTS,0.0599674020681898
0.2,fTS,0.144726724019797
0.2,fTS,0.112737167498804
0.2,fTS,0.128959862757795
0.2,fTS,0.0657324831250115
0.2,fTS,0.10287078798836
0.2,fTS,0.170019732585832
0.2,fTS,0.11379737868936
0.2,fTS,0.175766495216869
0.2,fTS,0.112302154639813
0.2,fTS,0.067429637642632
0.2,fTS,0.195309495534725
0.2,fTS,0.183505231707368
0.2,fTS,0.0672078229964844
0.2,fTS,0.0676490415283247
0.2,fTS,0.148153862522735
0.2,fTS,0.128603900832978
0.2,fTS,0.185313248136119
0.2,fTS,0.166143887443174
0.2,fTS,0.117257811036055
0.2,fTS,0.143241720071472
0.2,fTS,0.0865256188935832
0.2,fTS,0.0856267705855906
0.2,fTS,0.0626529172977884
0.2,fTS,0.088969358506692
0.2,fTS,0.0706493969514105
0.2,fTS,0.108156338483684
0.2,fTS,0.256510991437313
0.2,fTS,0.127445959098106
0.2,fTS,0.112686594619149
0.2,fTS,0.216955242708853
0.2,fTS,0.0800317767273309
0.2,fTS,0.152827074722265
0.2,fTS,0.0487938957466867
0.2,fTS,0.159618063286973
0.2,fTS,0.158322983027273
0.2,fTS,0.146332523419768
0.2,fTS,0.089745558338928
0.2,fTS,0.0830911927439385
0.2,fTS,0.114677043864987
0.2,fTS,0.167169661264343
0.2,fTS,0.0954009122452756
0.2,fTS,0.181331598831021
0.2,fTS,0.128664301242315
0.2,fTS,0.114005131450373
0.2,fTS,0.146108793610504
0.2,fTS,0.141967978744163
0.2,fTS,0.155975872905888
0.2,fTS,0.257929301895288
0.2,fTS,0.169006574922005
0.2,fTS,0.0981991491057377
0.2,fTS,0.118400054464536
0.2,fTS,0.0937791368619511
0.2,fTS,0.112709642137652
0.2,fTS,0.110573912076176
0.2,fTS,0.0911874047560777
0.2,fTS,0.138091655833945
0.2,fTS,0.186543314509537
0.2,fTS,0.139780739713562
0.2,fTS,0.081019067958899
0.2,fTS,0.165764612335201
0.2,fTS,0.0526411921910334
0.2,fTS,0.15083433083503
0.2,fTS,0.093293425205112
0.2,fTS,0.174505319233879
0.2,fTS,0.178671966840126
0.2,fTS,0.0867141399234216
0.2,fTS,0.0511921353214874
0.2,fTS,0.335022047206873
0.2,fTS,0.116384780672286
0.2,fTS,0.0813383605116335
0.2,fTS,0.132687784861842
0.2,fTS,0.0857425059565344
0.2,fTS,0.0902007309035094
0.2,fTS,0.198005668414338
0.2,fTS,0.147933930634094
0.2,fTS,0.117519561906432
0.2,fTS,0.145924298954778
0.2,fTS,0.11012549347336
0.2,fTS,0.0733695259091271
0.2,fTS,0.0934797597313232
0.2,fTS,0.0838689438427693
0.2,fTS,0.114927865940401
0.2,fTS,0.127294783282089
0.2,fTS,0.113789096113423
0.2,fTS,0.144546511278529
0.2,fTS,0.0959342546980754
0.2,fTS,0.155125582804491
0.2,fTS,0.127902645129466
0.2,fTS,0.102404465942628
0.2,fTS,0.150303701331401
0.2,fTS,0.218328703030645
0.2,fTS,0.060385463734527
0.2,fTS,0.140850445382993
0.2,fTS,0.0577476743607322
0.2,fTS,0.0917230263317741
0.2,fTS,0.1640746110349
0.2,fTS,0.0794590307790428
0.2,fTS,0.128279679892183
0.2,fTS,0.142568744565492
0.2,fTS,0.063662508715003
0.2,fTS,0.150568793825032
0.2,fTS,0.129342065715854
0.2,fTS,0.10910394388164
0.2,fTS,0.204416492725873
0.2,fTS,0.1116321786725
0.2,fTS,0.0936944240112943
0.2,fTS,0.12449417329006
0.2,fTS,0.0967048623815804
0.2,fTS,0.183711464947065
0.2,fTS,0.17739644987483
0.2,fTS,0.152451545386402
0.2,fTS,0.0819441518938298
0.2,fTS,0.106516132990778
0.2,fTS,0.131282539282414
0.2,fTS,0.191933195812307
0.2,fTS,0.207295959901336
0.2,fTS,0.138823750020145
0.2,fTS,0.102748097648011
0.2,fTS,0.138601722876685
0.2,fTS,0.173102806519131
0.2,fTS,0.0541163943820868
0.2,fTS,0.209096076378153
0.2,fTS,0.187026569813504
0.2,fTS,0.0961251596595925
0.2,fTS,0.0424174661083237
0.2,fTS,0.128332399152489
0.2,fTS,0.142479515047246
0.2,fTS,0.139493764667174
0.2,fTS,0.124067401179493
0.2,fTS,0.0601599205608176
0.2,fTS,0.130722735371212
0.2,fTS,0.0844062476804723
0.2,fTS,0.128942986858724
0.2,fTS,0.0757445615809615
0.2,fTS,0.0604760241514096
0.2,fTS,0.1274283287747
0.2,fTS,0.124106549018798
0.2,fTS,0.138192133770604
0.2,fTS,0.0843654146538557
0.2,fTS,0.0718927401397717
0.2,fTS,0.14414971744781
0.2,fTS,0.0655643475871802
0.2,fTS,0.165832231167144
0.2,fTS,0.0912496150907957
0.2,fTS,0.112309360275658
0.2,fTS,0.0891566866372519
0.2,fTS,0.100452039505096
0.2,fTS,0.0676631299157016
0.2,fTS,0.0760598893677176
0.2,fTS,0.164070780378089
0.2,fTS,0.124234823168674
0.2,fTS,0.223977725639314
0.2,fTS,0.105271228557869
0.2,LS_oracle,0.14877189787965
0.2,LS_oracle,0.0815329233221328
0.2,LS_oracle,0.155552490340232
0.2,LS_oracle,0.0955972420253054
0.2,LS_oracle,0.114755536567398
0.2,LS_oracle,0.167565234715003
0.2,LS_oracle,0.102499224074545
0.2,LS_oracle,0.0787219786839643
0.2,LS_oracle,0.0924389791850326
0.2,LS_oracle,0.139624976448593
0.2,LS_oracle,0.165186555444655
0.2,LS_oracle,0.148662287645263
0.2,LS_oracle,0.172045382297815
0.2,LS_oracle,0.109660774355241
0.2,LS_oracle,0.108493539462787
0.2,LS_oracle,0.214147554534668
0.2,LS_oracle,0.151035936166006
0.2,LS_oracle,0.147162511278953
0.2,LS_oracle,0.0881217485833735
0.2,LS_oracle,0.121129415620906
0.2,LS_oracle,0.0897063820533315
0.2,LS_oracle,0.0956171127101856
0.2,LS_oracle,0.149247117986603
0.2,LS_oracle,0.163447769318669
0.2,LS_oracle,0.198519760588054
0.2,LS_oracle,0.148598246391354
0.2,LS_oracle,0.0985173336751633
0.2,LS_oracle,0.192971323652009
0.2,LS_oracle,0.118159844439931
0.2,LS_oracle,0.11030893358649
0.2,LS_oracle,0.0521715979510343
0.2,LS_oracle,0.0678968456757322
0.2,LS_oracle,0.186179207786998
0.2,LS_oracle,0.13546837085862
0.2,LS_oracle,0.0634704974780331
0.2,LS_oracle,0.0910101405733562
0.2,LS_oracle,0.0940459556941686
0.2,LS_oracle,0.0621169356219218
0.2,LS_oracle,0.0841545561083733
0.2,LS_oracle,0.147510290165249
0.2,LS_oracle,0.0999288385377438
0.2,LS_oracle,0.180728546868939
0.2,LS_oracle,0.124430488981202
0.2,LS_oracle,0.140512704521901
0.2,LS_oracle,0.127920216368511
0.2,LS_oracle,0.133953112332655
0.2,LS_oracle,0.0590432749684285
0.2,LS_oracle,0.144632390060876
0.2,LS_oracle,0.110517369069784
0.2,LS_oracle,0.128633698665256
0.2,LS_oracle,0.0709903380357905
0.2,LS_oracle,0.107806356886992
0.2,LS_oracle,0.168004612660178
0.2,LS_oracle,0.11505929768296
0.2,LS_oracle,0.168179974650257
0.2,LS_oracle,0.115327212986254
0.2,LS_oracle,0.0674777182955174
0.2,LS_oracle,0.189935674942496
0.2,LS_oracle,0.200286987739414
0.2,LS_oracle,0.0707060832923838
0.2,LS_oracle,0.0717868987430987
0.2,LS_oracle,0.152088523411631
0.2,LS_oracle,0.126067260818325
0.2,LS_oracle,0.1795528534957
0.2,LS_oracle,0.165294751094656
0.2,LS_oracle,0.122689225707131
0.2,LS_oracle,0.14057193267067
0.2,LS_oracle,0.0855983307731735
0.2,LS_oracle,0.0937229607597316
0.2,LS_oracle,0.0620362854810539
0.2,LS_oracle,0.0912901136196245
0.2,LS_oracle,0.0662118900539426
0.2,LS_oracle,0.104015876938574
0.2,LS_oracle,0.268563485779507
0.2,LS_oracle,0.133690698979715
0.2,LS_oracle,0.115648166051392
0.2,LS_oracle,0.223550347242243
0.2,LS_oracle,0.0820715843317436
0.2,LS_oracle,0.179978309776789
0.2,LS_oracle,0.0480589687218052
0.2,LS_oracle,0.159600523114754
0.2,LS_oracle,0.146499283258753
0.2,LS_oracle,0.144859505702192
0.2,LS_oracle,0.0906508840286715
0.2,LS_oracle,0.0985961409418051
0.2,LS_oracle,0.111164552173611
0.2,LS_oracle,0.19324953111178
0.2,LS_oracle,0.0962286801061563
0.2,LS_oracle,0.184286249962534
0.2,LS_oracle,0.133934185964777
0.2,LS_oracle,0.110405731490883
0.2,LS_oracle,0.163812423851163
0.2,LS_oracle,0.142238343221002
0.2,LS_oracle,0.153887881706679
0.2,LS_oracle,0.245792988565766
0.2,LS_oracle,0.168169487603687
0.2,LS_oracle,0.0953660729128576
0.2,LS_oracle,0.117210065001215
0.2,LS_oracle,0.0946269728160875
0.2,LS_oracle,0.101809210569962
0.2,LS_oracle,0.111697145924722
0.2,LS_oracle,0.0961332209429258
0.2,LS_oracle,0.139314596134801
0.2,LS_oracle,0.185652371018491
0.2,LS_oracle,0.144189409460967
0.2,LS_oracle,0.085789874821926
0.2,LS_oracle,0.164366341744578
0.2,LS_oracle,0.0499809100637835
0.2,LS_oracle,0.152265097325377
0.2,LS_oracle,0.10355761623631
0.2,LS_oracle,0.176983193767059
0.2,LS_oracle,0.192109516034285
0.2,LS_oracle,0.0840330717471197
0.2,LS_oracle,0.0522001774179167
0.2,LS_oracle,0.339731823434102
0.2,LS_oracle,0.108514339548504
0.2,LS_oracle,0.0899425575625877
0.2,LS_oracle,0.136549297551949
0.2,LS_oracle,0.0918750176158066
0.2,LS_oracle,0.0932455868308484
0.2,LS_oracle,0.19892432802318
0.2,LS_oracle,0.150060619206367
0.2,LS_oracle,0.117084131316311
0.2,LS_oracle,0.150465374992615
0.2,LS_oracle,0.116249054159363
0.2,LS_oracle,0.0821851649537808
0.2,LS_oracle,0.0897708803299731
0.2,LS_oracle,0.080890382865611
0.2,LS_oracle,0.116593272543226
0.2,LS_oracle,0.133612702957074
0.2,LS_oracle,0.11354952494346
0.2,LS_oracle,0.14705385425741
0.2,LS_oracle,0.0828570435493136
0.2,LS_oracle,0.156203787336622
0.2,LS_oracle,0.12597523804349
0.2,LS_oracle,0.106046006160895
0.2,LS_oracle,0.150368883768082
0.2,LS_oracle,0.222611294362266
0.2,LS_oracle,0.0587881409554965
0.2,LS_oracle,0.143908137200184
0.2,LS_oracle,0.0616999620712446
0.2,LS_oracle,0.0902255391910515
0.2,LS_oracle,0.168363935938462
0.2,LS_oracle,0.0792697327318329
0.2,LS_oracle,0.136057370228
0.2,LS_oracle,0.137871239302035
0.2,LS_oracle,0.0668091429900187
0.2,LS_oracle,0.154008613634042
0.2,LS_oracle,0.130861814498448
0.2,LS_oracle,0.107092045187622
0.2,LS_oracle,0.214734495611153
0.2,LS_oracle,0.108676519073929
0.2,LS_oracle,0.118613941210097
0.2,LS_oracle,0.122735830288834
0.2,LS_oracle,0.0984757319038742
0.2,LS_oracle,0.190284824278641
0.2,LS_oracle,0.171614187494224
0.2,LS_oracle,0.147374716762384
0.2,LS_oracle,0.0836588796062926
0.2,LS_oracle,0.117015386874261
0.2,LS_oracle,0.134912481606692
0.2,LS_oracle,0.195764667079479
0.2,LS_oracle,0.218600237652188
0.2,LS_oracle,0.137945493150047
0.2,LS_oracle,0.102383984937777
0.2,LS_oracle,0.138638210996731
0.2,LS_oracle,0.195441358867478
0.2,LS_oracle,0.0572262279669875
0.2,LS_oracle,0.199832551247775
0.2,LS_oracle,0.17793646015118
0.2,LS_oracle,0.0989491096261812
0.2,LS_oracle,0.0437193357719887
0.2,LS_oracle,0.127840303344664
0.2,LS_oracle,0.146125807794482
0.2,LS_oracle,0.135028233630837
0.2,LS_oracle,0.122362146042029
0.2,LS_oracle,0.06558391836454
0.2,LS_oracle,0.130975060411619
0.2,LS_oracle,0.0769744948016569
0.2,LS_oracle,0.133154161769577
0.2,LS_oracle,0.0747211596717258
0.2,LS_oracle,0.0578681831614052
0.2,LS_oracle,0.120880131953545
0.2,LS_oracle,0.1303067788997
0.2,LS_oracle,0.511569363347654
0.2,LS_oracle,0.084082572444303
0.2,LS_oracle,0.0693093147357232
0.2,LS_oracle,0.145024971540345
0.2,LS_oracle,0.0694528274361598
0.2,LS_oracle,0.164521216721949
0.2,LS_oracle,0.0867739423667736
0.2,LS_oracle,0.112931976339554
0.2,LS_oracle,0.0850308499141583
0.2,LS_oracle,0.101590353669494
0.2,LS_oracle,0.0699280687356332
0.2,LS_oracle,0.0764560039127148
0.2,LS_oracle,0.174561975323555
0.2,LS_oracle,0.117493308099583
0.2,LS_oracle,0.198618374778379
0.2,LS_oracle,0.0980516813437865
0.2,TS_oracle,0.147529558122673
0.2,TS_oracle,0.0807064010943289
0.2,TS_oracle,0.150502329651787
0.2,TS_oracle,0.0867519545533574
0.2,TS_oracle,0.112222966358015
0.2,TS_oracle,0.172773645847685
0.2,TS_oracle,0.0944883808392106
0.2,TS_oracle,0.0772450750045041
0.2,TS_oracle,0.0909313132554813
0.2,TS_oracle,0.140863537185911
0.2,TS_oracle,0.164833869352528
0.2,TS_oracle,0.146783599967774
0.2,TS_oracle,0.178727028712941
0.2,TS_oracle,0.119048708106845
0.2,TS_oracle,0.108311905326469
0.2,TS_oracle,0.221917603939511
0.2,TS_oracle,0.163568479979196
0.2,TS_oracle,0.145223030212816
0.2,TS_oracle,0.08176925891717
0.2,TS_oracle,0.123340968064447
0.2,TS_oracle,0.0879724443478147
0.2,TS_oracle,0.097694281959847
0.2,TS_oracle,0.143845696788198
0.2,TS_oracle,0.168159290934656
0.2,TS_oracle,0.221627452130249
0.2,TS_oracle,0.155606314528286
0.2,TS_oracle,0.0806956161512863
0.2,TS_oracle,0.183785356472197
0.2,TS_oracle,0.110140514922067
0.2,TS_oracle,0.10622599982413
0.2,TS_oracle,0.0482997347210824
0.2,TS_oracle,0.0708263799681551
0.2,TS_oracle,0.182009250968195
0.2,TS_oracle,0.136117025260321
0.2,TS_oracle,0.0597052667870038
0.2,TS_oracle,0.0916867855680115
0.2,TS_oracle,0.0875661629705109
0.2,TS_oracle,0.0626428243480208
0.2,TS_oracle,0.0835302622138066
0.2,TS_oracle,0.141960283799715
0.2,TS_oracle,0.0906382444471917
0.2,TS_oracle,0.180031949953986
0.2,TS_oracle,0.132563662995171
0.2,TS_oracle,0.135897932696217
0.2,TS_oracle,0.140695579490114
0.2,TS_oracle,0.133141978294187
0.2,TS_oracle,0.0594665480577789
0.2,TS_oracle,0.144299075513778
0.2,TS_oracle,0.112801230924364
0.2,TS_oracle,0.129243768433261
0.2,TS_oracle,0.0668888542316945
0.2,TS_oracle,0.102749263437078
0.2,TS_oracle,0.170807378864015
0.2,TS_oracle,0.113012157499851
0.2,TS_oracle,0.174434876038722
0.2,TS_oracle,0.111436769737348
0.2,TS_oracle,0.0671088864210853
0.2,TS_oracle,0.195035211765161
0.2,TS_oracle,0.1834124089932
0.2,TS_oracle,0.0672336685281517
0.2,TS_oracle,0.0661376361507249
0.2,TS_oracle,0.14863999837027
0.2,TS_oracle,0.128747416140631
0.2,TS_oracle,0.184785902600501
0.2,TS_oracle,0.16582576551553
0.2,TS_oracle,0.117280140588233
0.2,TS_oracle,0.142885819606416
0.2,TS_oracle,0.085562198542451
0.2,TS_oracle,0.0816910877174964
0.2,TS_oracle,0.0615633204054752
0.2,TS_oracle,0.0911869128412766
0.2,TS_oracle,0.0713512631732712
0.2,TS_oracle,0.109415151945689
0.2,TS_oracle,0.255441035044559
0.2,TS_oracle,0.127443103115695
0.2,TS_oracle,0.112462539560775
0.2,TS_oracle,0.219783587895371
0.2,TS_oracle,0.0799443511661944
0.2,TS_oracle,0.152386380798918
0.2,TS_oracle,0.0488592470927751
0.2,TS_oracle,0.159706434150841
0.2,TS_oracle,0.159299771652445
0.2,TS_oracle,0.14654468795473
0.2,TS_oracle,0.0891861716555752
0.2,TS_oracle,0.0846350561678029
0.2,TS_oracle,0.109098285217351
0.2,TS_oracle,0.167332864159009
0.2,TS_oracle,0.0956356330678411
0.2,TS_oracle,0.183018834207162
0.2,TS_oracle,0.129055597676325
0.2,TS_oracle,0.114050251893271
0.2,TS_oracle,0.15512919389659
0.2,TS_oracle,0.142108954013425
0.2,TS_oracle,0.154450538953539
0.2,TS_oracle,0.25551665421126
0.2,TS_oracle,0.168156157550928
0.2,TS_oracle,0.0981658104640783
0.2,TS_oracle,0.117855752265133
0.2,TS_oracle,0.0943123515475092
0.2,TS_oracle,0.109923715364609
0.2,TS_oracle,0.110579186930863
0.2,TS_oracle,0.0911882446865669
0.2,TS_oracle,0.138375062336094
0.2,TS_oracle,0.186639276852299
0.2,TS_oracle,0.14007173355182
0.2,TS_oracle,0.0839740197367037
0.2,TS_oracle,0.166649368334823
0.2,TS_oracle,0.0516080475833728
0.2,TS_oracle,0.150890892031033
0.2,TS_oracle,0.0932955512935893
0.2,TS_oracle,0.174604534818799
0.2,TS_oracle,0.183508036731867
0.2,TS_oracle,0.0866919704279314
0.2,TS_oracle,0.0514431396823539
0.2,TS_oracle,0.335359934549202
0.2,TS_oracle,0.11640364185712
0.2,TS_oracle,0.0850622632272922
0.2,TS_oracle,0.134330336880434
0.2,TS_oracle,0.0856781515467142
0.2,TS_oracle,0.0890538193947052
0.2,TS_oracle,0.198127956306423
0.2,TS_oracle,0.147642743656813
0.2,TS_oracle,0.11728098937425
0.2,TS_oracle,0.149040411901311
0.2,TS_oracle,0.109277831058858
0.2,TS_oracle,0.0732457278960181
0.2,TS_oracle,0.0933379000454402
0.2,TS_oracle,0.0827599155581569
0.2,TS_oracle,0.11373846705547
0.2,TS_oracle,0.127944627549706
0.2,TS_oracle,0.113142195174879
0.2,TS_oracle,0.144125133534659
0.2,TS_oracle,0.0968772788739999
0.2,TS_oracle,0.157562845116932
0.2,TS_oracle,0.127848119750473
0.2,TS_oracle,0.0986693475383272
0.2,TS_oracle,0.149362603207222
0.2,TS_oracle,0.21824265461231
0.2,TS_oracle,0.059368523592822
0.2,TS_oracle,0.14441886805511
0.2,TS_oracle,0.0572513855411102
0.2,TS_oracle,0.092316421440228
0.2,TS_oracle,0.165132317578009
0.2,TS_oracle,0.0795567501474097
0.2,TS_oracle,0.128168571934379
0.2,TS_oracle,0.143094898378326
0.2,TS_oracle,0.063516994693078
0.2,TS_oracle,0.149096857540969
0.2,TS_oracle,0.126991965420335
0.2,TS_oracle,0.108104529443677
0.2,TS_oracle,0.204447813098262
0.2,TS_oracle,0.110572754721745
0.2,TS_oracle,0.0944851392184873
0.2,TS_oracle,0.124268736425889
0.2,TS_oracle,0.0958650072747127
0.2,TS_oracle,0.182090534099939
0.2,TS_oracle,0.176766115010975
0.2,TS_oracle,0.149808505485526
0.2,TS_oracle,0.0819673089369145
0.2,TS_oracle,0.109747088814825
0.2,TS_oracle,0.125742905287247
0.2,TS_oracle,0.191686078147142
0.2,TS_oracle,0.207464267828985
0.2,TS_oracle,0.136630303246747
0.2,TS_oracle,0.102057615710759
0.2,TS_oracle,0.138859248893236
0.2,TS_oracle,0.17304952074665
0.2,TS_oracle,0.0541371643606537
0.2,TS_oracle,0.209994214635706
0.2,TS_oracle,0.186297520595118
0.2,TS_oracle,0.0957629765345489
0.2,TS_oracle,0.0424757230053684
0.2,TS_oracle,0.128751807162754
0.2,TS_oracle,0.142478943734396
0.2,TS_oracle,0.139706890996558
0.2,TS_oracle,0.123232789887971
0.2,TS_oracle,0.0610367350116177
0.2,TS_oracle,0.131139475839055
0.2,TS_oracle,0.0843599725553107
0.2,TS_oracle,0.128375179097632
0.2,TS_oracle,0.0757755019761252
0.2,TS_oracle,0.0604820330909517
0.2,TS_oracle,0.128648133353241
0.2,TS_oracle,0.125486906120261
0.2,TS_oracle,0.509851777514244
0.2,TS_oracle,0.0842819833190792
0.2,TS_oracle,0.0719124405579362
0.2,TS_oracle,0.144286766700574
0.2,TS_oracle,0.06534089995332
0.2,TS_oracle,0.158072470263554
0.2,TS_oracle,0.0885825933990264
0.2,TS_oracle,0.112101151560994
0.2,TS_oracle,0.0894591306284231
0.2,TS_oracle,0.101350539674828
0.2,TS_oracle,0.0694834259205883
0.2,TS_oracle,0.0761446049521699
0.2,TS_oracle,0.167391177453171
0.2,TS_oracle,0.124364991047296
0.2,TS_oracle,0.226724668246245
0.2,TS_oracle,0.108080678195084
0.3,PLS,0.0959516174999914
0.3,PLS,0.150877448104223
0.3,PLS,0.115963442713051
0.3,PLS,0.125857777676295
0.3,PLS,0.0894904779854661
0.3,PLS,0.180282344361698
0.3,PLS,0.116456465117817
0.3,PLS,0.255514199489299
0.3,PLS,0.133437550338049
0.3,PLS,0.274625047666414
0.3,PLS,0.153843213690817
0.3,PLS,0.116192165706743
0.3,PLS,0.139409076419605
0.3,PLS,0.100346706256724
0.3,PLS,0.0874849578885993
0.3,PLS,0.128923827006932
0.3,PLS,0.167599345572923
0.3,PLS,0.0826415216852092
0.3,PLS,0.100311522434582
0.3,PLS,0.160466026713726
0.3,PLS,0.140733506885295
0.3,PLS,0.103770859475412
0.3,PLS,0.0990915775814892
0.3,PLS,0.118191012242303
0.3,PLS,0.140330009944092
0.3,PLS,0.233560993002892
0.3,PLS,0.245150975133615
0.3,PLS,0.0799044181369915
0.3,PLS,0.166526239318626
0.3,PLS,0.145977829755375
0.3,PLS,0.0664540095923768
0.3,PLS,0.113533324994565
0.3,PLS,0.0910401204358174
0.3,PLS,0.143543673671334
0.3,PLS,0.201942966005444
0.3,PLS,0.207476523354362
0.3,PLS,0.113573386955734
0.3,PLS,0.133058096653859
0.3,PLS,0.0651897001828263
0.3,PLS,0.102878932697587
0.3,PLS,0.116153280085863
0.3,PLS,0.126014452635361
0.3,PLS,0.1597619744751
0.3,PLS,0.26946429056469
0.3,PLS,0.0626365700077564
0.3,PLS,0.0785211353519737
0.3,PLS,0.0731971022666197
0.3,PLS,0.118467488012
0.3,PLS,0.0962572169835425
0.3,PLS,0.121086353849273
0.3,PLS,0.114381330539171
0.3,PLS,0.135230850708651
0.3,PLS,0.0882406462384847
0.3,PLS,0.15197530798445
0.3,PLS,0.12306171544552
0.3,PLS,0.106417341765928
0.3,PLS,0.0865279716168155
0.3,PLS,0.162320731004067
0.3,PLS,0.247983159844434
0.3,PLS,0.14722053289437
0.3,PLS,0.0980530731422483
0.3,PLS,0.130665942070729
0.3,PLS,0.122461161603706
0.3,PLS,0.161351554130831
0.3,PLS,0.083376986824265
0.3,PLS,0.0807118879579933
0.3,PLS,0.189447325826903
0.3,PLS,0.14333683072812
0.3,PLS,0.121943398449136
0.3,PLS,0.0687814435788294
0.3,PLS,0.0547091251985254
0.3,PLS,0.176320500868439
0.3,PLS,0.0911772092370338
0.3,PLS,0.0804527364785428
0.3,PLS,0.118103314533001
0.3,PLS,0.118149851340676
0.3,PLS,0.058155184389362
0.3,PLS,0.106874091195542
0.3,PLS,0.0794087422061386
0.3,PLS,0.0716518665233835
0.3,PLS,0.324244096420869
0.3,PLS,0.170544250170117
0.3,PLS,0.181968855330488
0.3,PLS,0.20889527091466
0.3,PLS,0.0960528900507365
0.3,PLS,0.0825861663800694
0.3,PLS,0.146773016984147
0.3,PLS,0.159216388732532
0.3,PLS,0.100969950657927
0.3,PLS,0.204399863088593
0.3,PLS,0.208930094946019
0.3,PLS,0.120562587625037
0.3,PLS,0.0797259280795922
0.3,PLS,0.0999971877127043
0.3,PLS,0.143469874858745
0.3,PLS,0.0860214769428127
0.3,PLS,0.194697141102255
0.3,PLS,0.0903645701618735
0.3,PLS,0.0944061196977375
0.3,PLS,0.108634839679732
0.3,PLS,0.27314557180319
0.3,PLS,0.162482876443236
0.3,PLS,0.151010090862634
0.3,PLS,0.142372035993845
0.3,PLS,0.167540038716991
0.3,PLS,0.0901353952182269
0.3,PLS,0.0803076485430035
0.3,PLS,0.119822017817941
0.3,PLS,0.0655495768195633
0.3,PLS,0.174875486373075
0.3,PLS,0.211331508568082
0.3,PLS,0.0693035039866131
0.3,PLS,0.0617127941568378
0.3,PLS,0.194707714437299
0.3,PLS,0.142748497024213
0.3,PLS,0.0645475091359262
0.3,PLS,0.174344696588518
0.3,PLS,0.133084291684333
0.3,PLS,0.0861178017974559
0.3,PLS,0.127586476265995
0.3,PLS,0.140141626278895
0.3,PLS,0.0876177003435643
0.3,PLS,0.0847501346844484
0.3,PLS,0.0962811642619245
0.3,PLS,0.111523484237371
0.3,PLS,0.112924078314061
0.3,PLS,0.131124671580445
0.3,PLS,0.404505656056586
0.3,PLS,0.0763183533605423
0.3,PLS,0.116954606647471
0.3,PLS,0.0968735646052599
0.3,PLS,0.117207744509712
0.3,PLS,0.0764171074742948
0.3,PLS,0.162089470579492
0.3,PLS,0.0741858047363602
0.3,PLS,0.121108295217792
0.3,PLS,0.0857749248228689
0.3,PLS,0.14749480024219
0.3,PLS,0.0920279460005961
0.3,PLS,0.065074695523878
0.3,PLS,0.0730415947216233
0.3,PLS,0.180064410432282
0.3,PLS,0.11587883135331
0.3,PLS,0.0685228708159115
0.3,PLS,0.0997182025188886
0.3,PLS,0.104075791486939
0.3,PLS,0.117385536118041
0.3,PLS,0.111935359954544
0.3,PLS,0.0710108379933048
0.3,PLS,0.108987786118239
0.3,PLS,0.100198773014776
0.3,PLS,0.0735368918958437
0.3,PLS,0.0807610530966235
0.3,PLS,0.217277935184083
0.3,PLS,0.118476037552548
0.3,PLS,0.083821300101411
0.3,PLS,0.0485536348728588
0.3,PLS,0.264017890658844
0.3,PLS,0.125472985709293
0.3,PLS,0.141556367129205
0.3,PLS,0.126972073598713
0.3,PLS,0.155781936826552
0.3,PLS,0.0479646984858429
0.3,PLS,0.156420856936592
0.3,PLS,0.153944676157876
0.3,PLS,0.354371107566972
0.3,PLS,0.0914455496528474
0.3,PLS,0.135618408427909
0.3,PLS,0.101629972125348
0.3,PLS,0.140124753707151
0.3,PLS,0.114139117046616
0.3,PLS,0.0584240614821253
0.3,PLS,0.0728063224513536
0.3,PLS,0.179134735539629
0.3,PLS,0.057485355130967
0.3,PLS,0.134631366213062
0.3,PLS,0.0548725182597549
0.3,PLS,0.13111652375028
0.3,PLS,0.178781406294982
0.3,PLS,0.181807076926703
0.3,PLS,0.0974170782752284
0.3,PLS,0.150243245431172
0.3,PLS,0.154663361852854
0.3,PLS,0.0937150805866172
0.3,PLS,0.0852427079724823
0.3,PLS,0.10761836093343
0.3,PLS,0.0764983830464692
0.3,PLS,0.173950317711195
0.3,PLS,0.286449615688292
0.3,PLS,0.0834977571260815
0.3,PLS,0.0861303180913531
0.3,PLS,0.126018386923999
0.3,PLS,0.0792752660022359
0.3,PLS,0.126699176920291
0.3,PLS,0.119000467073747
0.3,PLS,0.0766677568176569
0.3,PLS,0.167004221567551
0.3,PLS,0.107622807949537
0.3,PLS,0.219397167427428
0.3,PLS,0.160040018080076
0.3,fTS,0.099533785339862
0.3,fTS,0.138349713585424
0.3,fTS,0.122389011913766
0.3,fTS,0.12864062063686
0.3,fTS,0.0918993828592854
0.3,fTS,0.182786225402877
0.3,fTS,0.113124374710326
0.3,fTS,0.236457643717114
0.3,fTS,0.12767825269846
0.3,fTS,0.256230442811527
0.3,fTS,0.148806327688687
0.3,fTS,0.128936424318121
0.3,fTS,0.139074018207996
0.3,fTS,0.0998859556130371
0.3,fTS,0.0901181425681799
0.3,fTS,0.11922202021376
0.3,fTS,0.158545804014827
0.3,fTS,0.077703957086993
0.3,fTS,0.103538744213802
0.3,fTS,0.1701356092814
0.3,fTS,0.138398197029467
0.3,fTS,0.10138234725315
0.3,fTS,0.102059038430966
0.3,fTS,0.128353999488006
0.3,fTS,0.141078179719194
0.3,fTS,0.239498261456512
0.3,fTS,0.244558634616097
0.3,fTS,0.071299455275447
0.3,fTS,0.147472929715938
0.3,fTS,0.149219169937408
0.3,fTS,0.0662004526967615
0.3,fTS,0.101499160898677
0.3,fTS,0.0971034407766939
0.3,fTS,0.140612326802699
0.3,fTS,0.201967364608874
0.3,fTS,0.172274998572058
0.3,fTS,0.110479712679177
0.3,fTS,0.123443906917187
0.3,fTS,0.0706545466955028
0.3,fTS,0.101460674553497
0.3,fTS,0.115650549706911
0.3,fTS,0.137341844983502
0.3,fTS,0.147212564277588
0.3,fTS,0.257848351086793
0.3,fTS,0.0675909168600983
0.3,fTS,0.1026832496239
0.3,fTS,0.0669997413644179
0.3,fTS,0.137055576163852
0.3,fTS,0.102177477503361
0.3,fTS,0.111134434422033
0.3,fTS,0.115746464592415
0.3,fTS,0.137077363649024
0.3,fTS,0.0950138683363753
0.3,fTS,0.147796565892646
0.3,fTS,0.132548354570991
0.3,fTS,0.097018975673956
0.3,fTS,0.0914572382284
0.3,fTS,0.160807657106837
0.3,fTS,0.237057577890893
0.3,fTS,0.143251454465555
0.3,fTS,0.097331302312746
0.3,fTS,0.130111852896332
0.3,fTS,0.100674713736299
0.3,fTS,0.152854018667766
0.3,fTS,0.0899726717529425
0.3,fTS,0.0824504407450652
0.3,fTS,0.193254826831904
0.3,fTS,0.145979841576838
0.3,fTS,0.108992678886241
0.3,fTS,0.0684079218874342
0.3,fTS,0.0543845429965947
0.3,fTS,0.13918564874196
0.3,fTS,0.0899925701940088
0.3,fTS,0.0761733716042541
0.3,fTS,0.114611756055946
0.3,fTS,0.105803053418644
0.3,fTS,0.0494518257575436
0.3,fTS,0.120871249152506
0.3,fTS,0.0896649028543232
0.3,fTS,0.0706982612232301
0.3,fTS,0.312356663103107
0.3,fTS,0.157001386575551
0.3,fTS,0.17612253217342
0.3,fTS,0.200377990771289
0.3,fTS,0.105878214999044
0.3,fTS,0.0778168176180986
0.3,fTS,0.140667508660901
0.3,fTS,0.16928535212846
0.3,fTS,0.105904387750613
0.3,fTS,0.208877549130193
0.3,fTS,0.199752707001932
0.3,fTS,0.123650210335743
0.3,fTS,0.0796212209232054
0.3,fTS,0.0970670004603722
0.3,fTS,0.150346200233873
0.3,fTS,0.0922647630084218
0.3,fTS,0.183644475270675
0.3,fTS,0.0833343271956943
0.3,fTS,0.114426123118054
0.3,fTS,0.105247569631973
0.3,fTS,0.259614590807456
0.3,fTS,0.156694087434918
0.3,fTS,0.152689357269123
0.3,fTS,0.150231494368279
0.3,fTS,0.147526665927355
0.3,fTS,0.0891711599105946
0.3,fTS,0.0739810781059096
0.3,fTS,0.122900686957785
0.3,fTS,0.0669639856347748
0.3,fTS,0.153216222099094
0.3,fTS,0.207238250422976
0.3,fTS,0.0657730134407656
0.3,fTS,0.0589624459273651
0.3,fTS,0.186369658684779
0.3,fTS,0.141938096373999
0.3,fTS,0.0516378522645385
0.3,fTS,0.177253494427941
0.3,fTS,0.134201063932931
0.3,fTS,0.0990803324399689
0.3,fTS,0.121269819291519
0.3,fTS,0.147252327499114
0.3,fTS,0.0845114738202751
0.3,fTS,0.0881862064474587
0.3,fTS,0.0984746294169982
0.3,fTS,0.11025255532495
0.3,fTS,0.124362378367266
0.3,fTS,0.123953825486746
0.3,fTS,0.137814898764668
0.3,fTS,0.0746321352042161
0.3,fTS,0.121542328902143
0.3,fTS,0.0966464051200547
0.3,fTS,0.136668646221269
0.3,fTS,0.086653358894385
0.3,fTS,0.146551606022911
0.3,fTS,0.0805526844644126
0.3,fTS,0.121125423949467
0.3,fTS,0.0775805861641218
0.3,fTS,0.142144431005859
0.3,fTS,0.0898992497473634
0.3,fTS,0.0645961650276457
0.3,fTS,0.0695493608454525
0.3,fTS,0.206701467964329
0.3,fTS,0.127187962177858
0.3,fTS,0.0705312955913618
0.3,fTS,0.0951062104235972
0.3,fTS,0.103175058033305
0.3,fTS,0.110920162989152
0.3,fTS,0.108848012945506
0.3,fTS,0.0683972216860916
0.3,fTS,0.106030091448877
0.3,fTS,0.102237916507231
0.3,fTS,0.0691690432917031
0.3,fTS,0.0853164238447117
0.3,fTS,0.2059658325854
0.3,fTS,0.10734026439723
0.3,fTS,0.0893286290324389
0.3,fTS,0.0507676547878396
0.3,fTS,0.0970532236262577
0.3,fTS,0.123633490102585
0.3,fTS,0.141677104601911
0.3,fTS,0.122119118170244
0.3,fTS,0.159069699535666
0.3,fTS,0.0607321995115553
0.3,fTS,0.155152623291317
0.3,fTS,0.138684134453347
0.3,fTS,0.339791556857442
0.3,fTS,0.0960980482522829
0.3,fTS,0.144130935794393
0.3,fTS,0.0910634572979425
0.3,fTS,0.132384241616256
0.3,fTS,0.11674074643886
0.3,fTS,0.0573854817676467
0.3,fTS,0.074261368004037
0.3,fTS,0.15671272226597
0.3,fTS,0.0697937878955423
0.3,fTS,0.102457009854797
0.3,fTS,0.0560740082775992
0.3,fTS,0.120445064177993
0.3,fTS,0.167731504523577
0.3,fTS,0.183812738579955
0.3,fTS,0.103198176778134
0.3,fTS,0.162284562801496
0.3,fTS,0.124325442857576
0.3,fTS,0.0888623906743139
0.3,fTS,0.0937068585266397
0.3,fTS,0.103987936557186
0.3,fTS,0.0840768370745063
0.3,fTS,0.207847685355072
0.3,fTS,0.27704876436399
0.3,fTS,0.0871559070811087
0.3,fTS,0.0856075031877802
0.3,fTS,0.123388661977943
0.3,fTS,0.0727016133833925
0.3,fTS,0.119321300899228
0.3,fTS,0.110608500647576
0.3,fTS,0.0877767924912296
0.3,fTS,0.136720379525594
0.3,fTS,0.106413614773207
0.3,fTS,0.209718377790674
0.3,fTS,0.161870323422158
0.3,LS_oracle,0.0963298085363296
0.3,LS_oracle,0.151946184223527
0.3,LS_oracle,0.116386002881962
0.3,LS_oracle,0.12379659332473
0.3,LS_oracle,0.0887480791801002
0.3,LS_oracle,0.180675021282034
0.3,LS_oracle,0.116275716718916
0.3,LS_oracle,0.255624005961979
0.3,LS_oracle,0.133452662736025
0.3,LS_oracle,0.275062755024966
0.3,LS_oracle,0.140969674818521
0.3,LS_oracle,0.117194674290749
0.3,LS_oracle,0.141697437294193
0.3,LS_oracle,0.0995141301284269
0.3,LS_oracle,0.0872448810602234
0.3,LS_oracle,0.128313356632695
0.3,LS_oracle,0.167053714751191
0.3,LS_oracle,0.0826111711635888
0.3,LS_oracle,0.100329882319599
0.3,LS_oracle,0.1607095944938
0.3,LS_oracle,0.14109965793851
0.3,LS_oracle,0.105939848755475
0.3,LS_oracle,0.0997990878787524
0.3,LS_oracle,0.116619128992867
0.3,LS_oracle,0.140459832280921
0.3,LS_oracle,0.235334140696464
0.3,LS_oracle,0.245786120217848
0.3,LS_oracle,0.0788509267037771
0.3,LS_oracle,0.165845517733203
0.3,LS_oracle,0.147815034178662
0.3,LS_oracle,0.066312089508667
0.3,LS_oracle,0.114066909395533
0.3,LS_oracle,0.0933600879219803
0.3,LS_oracle,0.143388999207397
0.3,LS_oracle,0.201040419844188
0.3,LS_oracle,0.207019199987393
0.3,LS_oracle,0.116358055257495
0.3,LS_oracle,0.134070252133112
0.3,LS_oracle,0.0648799370916653
0.3,LS_oracle,0.102738600772223
0.3,LS_oracle,0.116487417388976
0.3,LS_oracle,0.126711343605985
0.3,LS_oracle,0.159193853968211
0.3,LS_oracle,0.269103113296496
0.3,LS_oracle,0.0626579648222154
0.3,LS_oracle,0.0780528076522742
0.3,LS_oracle,0.072611803771082
0.3,LS_oracle,0.118400643972087
0.3,LS_oracle,0.0965863850655465
0.3,LS_oracle,0.122317379482826
0.3,LS_oracle,0.113945334626661
0.3,LS_oracle,0.137328283958427
0.3,LS_oracle,0.0878394733570741
0.3,LS_oracle,0.154824455448186
0.3,LS_oracle,0.124695371350807
0.3,LS_oracle,0.107647387472847
0.3,LS_oracle,0.0868492515239737
0.3,LS_oracle,0.1621988741503
0.3,LS_oracle,0.247697115271925
0.3,LS_oracle,0.14805004189622
0.3,LS_oracle,0.0954184042868678
0.3,LS_oracle,0.128994901893749
0.3,LS_oracle,0.122465063178756
0.3,LS_oracle,0.161021069425903
0.3,LS_oracle,0.0828462429207583
0.3,LS_oracle,0.081124244460079
0.3,LS_oracle,0.19067132863396
0.3,LS_oracle,0.143268899266026
0.3,LS_oracle,0.121727978788617
0.3,LS_oracle,0.0688626521690282
0.3,LS_oracle,0.0559314092993749
0.3,LS_oracle,0.177672751383408
0.3,LS_oracle,0.0913308253078494
0.3,LS_oracle,0.0803633517490367
0.3,LS_oracle,0.119149093413889
0.3,LS_oracle,0.117340244357117
0.3,LS_oracle,0.0580398186976667
0.3,LS_oracle,0.107096349065049
0.3,LS_oracle,0.0794148710771871
0.3,LS_oracle,0.0718129631092125
0.3,LS_oracle,0.324585724841188
0.3,LS_oracle,0.170727972740231
0.3,LS_oracle,0.179991204569067
0.3,LS_oracle,0.203139501137892
0.3,LS_oracle,0.0946935955861376
0.3,LS_oracle,0.0802340175871875
0.3,LS_oracle,0.147003735787808
0.3,LS_oracle,0.159475378187996
0.3,LS_oracle,0.100985338722575
0.3,LS_oracle,0.204416794908887
0.3,LS_oracle,0.208125903800689
0.3,LS_oracle,0.121563935601573
0.3,LS_oracle,0.0807549362214085
0.3,LS_oracle,0.0994622296683185
0.3,LS_oracle,0.14306905123483
0.3,LS_oracle,0.0851377564682866
0.3,LS_oracle,0.194065370811861
0.3,LS_oracle,0.0893002607082393
0.3,LS_oracle,0.0936803721150377
0.3,LS_oracle,0.108736519822931
0.3,LS_oracle,0.271012963661039
0.3,LS_oracle,0.16293982833669
0.3,LS_oracle,0.15133703962175
0.3,LS_oracle,0.142796863279305
0.3,LS_oracle,0.167208495057883
0.3,LS_oracle,0.0884581919214465
0.3,LS_oracle,0.0809569510091415
0.3,LS_oracle,0.120440027993844
0.3,LS_oracle,0.0655754520757348
0.3,LS_oracle,0.176186059732125
0.3,LS_oracle,0.210790650469603
0.3,LS_oracle,0.069774871917003
0.3,LS_oracle,0.0597097237526272
0.3,LS_oracle,0.194913230172722
0.3,LS_oracle,0.142313470457463
0.3,LS_oracle,0.0648671545134354
0.3,LS_oracle,0.172510168236074
0.3,LS_oracle,0.131865194074486
0.3,LS_oracle,0.0873297667149866
0.3,LS_oracle,0.12785511769332
0.3,LS_oracle,0.140099640073585
0.3,LS_oracle,0.086962652146272
0.3,LS_oracle,0.0847493514216949
0.3,LS_oracle,0.0970130580680889
0.3,LS_oracle,0.111116307868295
0.3,LS_oracle,0.110374246506134
0.3,LS_oracle,0.130038489835958
0.3,LS_oracle,0.409523869637847
0.3,LS_oracle,0.0765643549364671
0.3,LS_oracle,0.117163444842513
0.3,LS_oracle,0.0981584735776733
0.3,LS_oracle,0.115072799440574
0.3,LS_oracle,0.0765236888879178
0.3,LS_oracle,0.160840432676595
0.3,LS_oracle,0.0737399402084273
0.3,LS_oracle,0.120160884821191
0.3,LS_oracle,0.0846160900902697
0.3,LS_oracle,0.150091063108458
0.3,LS_oracle,0.0912834983325201
0.3,LS_oracle,0.065142587517559
0.3,LS_oracle,0.0730652691069087
0.3,LS_oracle,0.180130649558716
0.3,LS_oracle,0.116443776173565
0.3,LS_oracle,0.0698800628956232
0.3,LS_oracle,0.0973319187715219
0.3,LS_oracle,0.105543327889251
0.3,LS_oracle,0.116690628032235
0.3,LS_oracle,0.113120103879457
0.3,LS_oracle,0.0697191983964396
0.3,LS_oracle,0.108089438843789
0.3,LS_oracle,0.100286261818313
0.3,LS_oracle,0.0720840902158589
0.3,LS_oracle,0.0827944005123656
0.3,LS_oracle,0.217340608106416
0.3,LS_oracle,0.118129303008263
0.3,LS_oracle,0.0836190460076749
0.3,LS_oracle,0.0488000940643299
0.3,LS_oracle,0.26490349812343
0.3,LS_oracle,0.123408139588103
0.3,LS_oracle,0.141857273582868
0.3,LS_oracle,0.127151736624222
0.3,LS_oracle,0.160408070211174
0.3,LS_oracle,0.0478068240621403
0.3,LS_oracle,0.156555960021436
0.3,LS_oracle,0.152427233907074
0.3,LS_oracle,0.355484355777735
0.3,LS_oracle,0.0912963836050129
0.3,LS_oracle,0.134743680401956
0.3,LS_oracle,0.101675057487628
0.3,LS_oracle,0.138949669382834
0.3,LS_oracle,0.112403795442852
0.3,LS_oracle,0.0580839171714913
0.3,LS_oracle,0.0739646344289621
0.3,LS_oracle,0.179496845503746
0.3,LS_oracle,0.0578161728554903
0.3,LS_oracle,0.134685980333055
0.3,LS_oracle,0.0549705526697242
0.3,LS_oracle,0.130956152729867
0.3,LS_oracle,0.180499930225478
0.3,LS_oracle,0.18395849439319
0.3,LS_oracle,0.0967096551222017
0.3,LS_oracle,0.147075692979577
0.3,LS_oracle,0.153811570847843
0.3,LS_oracle,0.0925007251482875
0.3,LS_oracle,0.0857407712575111
0.3,LS_oracle,0.108929140235724
0.3,LS_oracle,0.0756411209769707
0.3,LS_oracle,0.173642430362886
0.3,LS_oracle,0.286719019851787
0.3,LS_oracle,0.0833268207291751
0.3,LS_oracle,0.0855757751873929
0.3,LS_oracle,0.125783625451051
0.3,LS_oracle,0.0802938653969811
0.3,LS_oracle,0.126804908330402
0.3,LS_oracle,0.116553369082249
0.3,LS_oracle,0.0766743195413523
0.3,LS_oracle,0.167787221706494
0.3,LS_oracle,0.108048399657061
0.3,LS_oracle,0.220116252017504
0.3,LS_oracle,0.159791065331455
0.3,TS_oracle,0.0997499408424835
0.3,TS_oracle,0.137823967250321
0.3,TS_oracle,0.122573660745018
0.3,TS_oracle,0.124057009421787
0.3,TS_oracle,0.0894349168565304
0.3,TS_oracle,0.181850048301236
0.3,TS_oracle,0.11296070463785
0.3,TS_oracle,0.236499701606854
0.3,TS_oracle,0.127688118414313
0.3,TS_oracle,0.260368844014977
0.3,TS_oracle,0.142619197427778
0.3,TS_oracle,0.131272458199177
0.3,TS_oracle,0.142066283405847
0.3,TS_oracle,0.0997935611193843
0.3,TS_oracle,0.0892965756168801
0.3,TS_oracle,0.11863571966572
0.3,TS_oracle,0.158741710417621
0.3,TS_oracle,0.0777106086777257
0.3,TS_oracle,0.103615351966407
0.3,TS_oracle,0.17002132243299
0.3,TS_oracle,0.138554634169929
0.3,TS_oracle,0.102599147151291
0.3,TS_oracle,0.102102425097817
0.3,TS_oracle,0.127948076251664
0.3,TS_oracle,0.141152651452552
0.3,TS_oracle,0.239619847775074
0.3,TS_oracle,0.245209876245508
0.3,TS_oracle,0.0707688819828672
0.3,TS_oracle,0.145404765202897
0.3,TS_oracle,0.151884807434058
0.3,TS_oracle,0.066144497169692
0.3,TS_oracle,0.10153641442993
0.3,TS_oracle,0.0983681460207102
0.3,TS_oracle,0.140438629199496
0.3,TS_oracle,0.20191084970736
0.3,TS_oracle,0.171733981211662
0.3,TS_oracle,0.112141086397213
0.3,TS_oracle,0.124371707059126
0.3,TS_oracle,0.0705113853215997
0.3,TS_oracle,0.101374459513757
0.3,TS_oracle,0.115754616023632
0.3,TS_oracle,0.137567738209593
0.3,TS_oracle,0.146752597858987
0.3,TS_oracle,0.257946092866064
0.3,TS_oracle,0.0679153553187381
0.3,TS_oracle,0.102386627314854
0.3,TS_oracle,0.0665639879044911
0.3,TS_oracle,0.136840731304686
0.3,TS_oracle,0.101999637615201
0.3,TS_oracle,0.111141659953683
0.3,TS_oracle,0.11540424912615
0.3,TS_oracle,0.141003408379166
0.3,TS_oracle,0.0950455636585479
0.3,TS_oracle,0.148055408469859
0.3,TS_oracle,0.133133472460899
0.3,TS_oracle,0.0987611702750749
0.3,TS_oracle,0.091823356147667
0.3,TS_oracle,0.160545805273015
0.3,TS_oracle,0.237491003825784
0.3,TS_oracle,0.143209105859199
0.3,TS_oracle,0.095447734520949
0.3,TS_oracle,0.129133240716509
0.3,TS_oracle,0.100728222229325
0.3,TS_oracle,0.152514602695837
0.3,TS_oracle,0.0897083120647973
0.3,TS_oracle,0.0836577312606898
0.3,TS_oracle,0.190122828811554
0.3,TS_oracle,0.146036139329968
0.3,TS_oracle,0.111007944037642
0.3,TS_oracle,0.0682733615210054
0.3,TS_oracle,0.056147523377643
0.3,TS_oracle,0.140843255471232
0.3,TS_oracle,0.0899757508249105
0.3,TS_oracle,0.0762685372615304
0.3,TS_oracle,0.114838397394527
0.3,TS_oracle,0.10549470858279
0.3,TS_oracle,0.0494016124934608
0.3,TS_oracle,0.12089524770286
0.3,TS_oracle,0.0896565384170862
0.3,TS_oracle,0.0704962815299227
0.3,TS_oracle,0.312938095070968
0.3,TS_oracle,0.157070549724735
0.3,TS_oracle,0.175503799676826
0.3,TS_oracle,0.192097415979638
0.3,TS_oracle,0.105473839647054
0.3,TS_oracle,0.0801180986517989
0.3,TS_oracle,0.140781538879853
0.3,TS_oracle,0.169352624512549
0.3,TS_oracle,0.105890281635565
0.3,TS_oracle,0.208804959715421
0.3,TS_oracle,0.199732141018183
0.3,TS_oracle,0.124887977859038
0.3,TS_oracle,0.0817207073357082
0.3,TS_oracle,0.0938308101590849
0.3,TS_oracle,0.150138133080814
0.3,TS_oracle,0.0919714436212146
0.3,TS_oracle,0.183668267193778
0.3,TS_oracle,0.0831717696571139
0.3,TS_oracle,0.113232381731019
0.3,TS_oracle,0.105436907317166
0.3,TS_oracle,0.256878985615647
0.3,TS_oracle,0.158134075986899
0.3,TS_oracle,0.152695962634397
0.3,TS_oracle,0.150237930939564
0.3,TS_oracle,0.147592523815588
0.3,TS_oracle,0.0885857931353159
0.3,TS_oracle,0.0749529044433069
0.3,TS_oracle,0.12287548913622
0.3,TS_oracle,0.066998086641529
0.3,TS_oracle,0.155261431218412
0.3,TS_oracle,0.20695003456831
0.3,TS_oracle,0.068163482184262
0.3,TS_oracle,0.0571143638545547
0.3,TS_oracle,0.186056552533127
0.3,TS_oracle,0.141973169780513
0.3,TS_oracle,0.0519088865330476
0.3,TS_oracle,0.17380748726029
0.3,TS_oracle,0.133742225054749
0.3,TS_oracle,0.100980513459523
0.3,TS_oracle,0.121253391419615
0.3,TS_oracle,0.147469246384561
0.3,TS_oracle,0.0843482934780234
0.3,TS_oracle,0.0881839360000914
0.3,TS_oracle,0.0984411350802983
0.3,TS_oracle,0.110410424086917
0.3,TS_oracle,0.122045905644919
0.3,TS_oracle,0.12402737984816
0.3,TS_oracle,0.138572277202177
0.3,TS_oracle,0.0747533005661816
0.3,TS_oracle,0.12289158242925
0.3,TS_oracle,0.0974043736943688
0.3,TS_oracle,0.137315109847505
0.3,TS_oracle,0.0866459309916075
0.3,TS_oracle,0.146528428772934
0.3,TS_oracle,0.0802694165942379
0.3,TS_oracle,0.121166462855878
0.3,TS_oracle,0.0768625846180603
0.3,TS_oracle,0.142536488995184
0.3,TS_oracle,0.0900262004607997
0.3,TS_oracle,0.0644061929493549
0.3,TS_oracle,0.0696948206576067
0.3,TS_oracle,0.207297574449237
0.3,TS_oracle,0.127322697921142
0.3,TS_oracle,0.0708648657736757
0.3,TS_oracle,0.0946225660150439
0.3,TS_oracle,0.103394339236418
0.3,TS_oracle,0.111458370607315
0.3,TS_oracle,0.109797971084811
0.3,TS_oracle,0.0683037755223888
0.3,TS_oracle,0.10596279565233
0.3,TS_oracle,0.102280766992071
0.3,TS_oracle,0.0683015417111992
0.3,TS_oracle,0.0857482029778773
0.3,TS_oracle,0.205959190167202
0.3,TS_oracle,0.107191140686665
0.3,TS_oracle,0.0889187207360796
0.3,TS_oracle,0.0508239546087417
0.3,TS_oracle,0.0979075568769118
0.3,TS_oracle,0.121386017547251
0.3,TS_oracle,0.141825112251437
0.3,TS_oracle,0.122200739871471
0.3,TS_oracle,0.163807631687981
0.3,TS_oracle,0.0605368873879343
0.3,TS_oracle,0.154891374915967
0.3,TS_oracle,0.140754253045128
0.3,TS_oracle,0.340152085912706
0.3,TS_oracle,0.0960878689309605
0.3,TS_oracle,0.143833253345781
0.3,TS_oracle,0.091064675443131
0.3,TS_oracle,0.131855396534112
0.3,TS_oracle,0.115641275709083
0.3,TS_oracle,0.0573969741661564
0.3,TS_oracle,0.0740757664200306
0.3,TS_oracle,0.156552243453535
0.3,TS_oracle,0.072250405033163
0.3,TS_oracle,0.102449890547221
0.3,TS_oracle,0.0561500010115029
0.3,TS_oracle,0.12049897724134
0.3,TS_oracle,0.169377095577906
0.3,TS_oracle,0.18525203647671
0.3,TS_oracle,0.103495777814076
0.3,TS_oracle,0.160979000027658
0.3,TS_oracle,0.122811546343255
0.3,TS_oracle,0.0883584470316945
0.3,TS_oracle,0.095114618158047
0.3,TS_oracle,0.10434581143507
0.3,TS_oracle,0.086214283001178
0.3,TS_oracle,0.207909045670965
0.3,TS_oracle,0.277119995328558
0.3,TS_oracle,0.087043096437085
0.3,TS_oracle,0.085860316438797
0.3,TS_oracle,0.123840074399707
0.3,TS_oracle,0.0730069929600462
0.3,TS_oracle,0.119306495037893
0.3,TS_oracle,0.110509112297027
0.3,TS_oracle,0.0878091643846393
0.3,TS_oracle,0.136941277204413
0.3,TS_oracle,0.106588061362264
0.3,TS_oracle,0.206712769673752
0.3,TS_oracle,0.161296162551292
0.4,PLS,0.502358378893702
0.4,PLS,0.163116124487977
0.4,PLS,0.0828308053730334
0.4,PLS,0.0988136421940316
0.4,PLS,0.0859141634937806
0.4,PLS,0.0832906052465046
0.4,PLS,0.0827051933418357
0.4,PLS,0.140857755217012
0.4,PLS,0.106214865129391
0.4,PLS,0.163822236969355
0.4,PLS,0.231861919545176
0.4,PLS,0.0997652575865977
0.4,PLS,0.15250881203301
0.4,PLS,0.117479216629082
0.4,PLS,0.0995317235492824
0.4,PLS,0.074746563367985
0.4,PLS,0.110457350411736
0.4,PLS,0.0671700578056766
0.4,PLS,0.150684504473605
0.4,PLS,0.130816225622733
0.4,PLS,0.0932693527023347
0.4,PLS,0.0934560186034561
0.4,PLS,0.151685470725611
0.4,PLS,0.107843480371389
0.4,PLS,0.0768766970780713
0.4,PLS,0.154762851655476
0.4,PLS,0.123287017706052
0.4,PLS,0.0907502848493887
0.4,PLS,0.108404557582092
0.4,PLS,0.123534032281407
0.4,PLS,0.0926993891193381
0.4,PLS,0.138266942784389
0.4,PLS,0.1384623132928
0.4,PLS,0.191534151097364
0.4,PLS,0.140197441187648
0.4,PLS,0.101215175319801
0.4,PLS,0.0578381775672601
0.4,PLS,0.155654437476561
0.4,PLS,0.163537525814547
0.4,PLS,0.0846038499609185
0.4,PLS,0.1139244202925
0.4,PLS,0.143069611292387
0.4,PLS,0.133825302518287
0.4,PLS,0.131069696235803
0.4,PLS,0.0844060418863108
0.4,PLS,0.169871168312957
0.4,PLS,0.10310808878037
0.4,PLS,0.10149600766425
0.4,PLS,0.125885470482753
0.4,PLS,0.105931924131207
0.4,PLS,0.122836069377908
0.4,PLS,0.105193057951527
0.4,PLS,0.180575636672625
0.4,PLS,0.258415399216863
0.4,PLS,0.155253014217065
0.4,PLS,0.0709706819288225
0.4,PLS,0.111886640521759
0.4,PLS,0.0806485241994986
0.4,PLS,0.0511658176370363
0.4,PLS,0.1911703810824
0.4,PLS,0.0756121021691784
0.4,PLS,0.0855613357383214
0.4,PLS,0.131747991913257
0.4,PLS,0.101672960255479
0.4,PLS,0.0970134838191338
0.4,PLS,0.074447712547835
0.4,PLS,0.0830920677859351
0.4,PLS,0.0962952156423059
0.4,PLS,0.0974169957827662
0.4,PLS,0.0973877417860635
0.4,PLS,0.0717290885592055
0.4,PLS,0.118915979920155
0.4,PLS,0.228745018354256
0.4,PLS,0.123412057881033
0.4,PLS,0.212486600853256
0.4,PLS,0.147009329325387
0.4,PLS,0.103422856956635
0.4,PLS,0.141728055443332
0.4,PLS,0.0847297709515057
0.4,PLS,0.093210070811609
0.4,PLS,0.0976322721354885
0.4,PLS,0.112330677101005
0.4,PLS,0.191541112975585
0.4,PLS,0.10282936851419
0.4,PLS,0.0922103297284746
0.4,PLS,0.0798115579007282
0.4,PLS,0.0839601845935036
0.4,PLS,0.100540975983268
0.4,PLS,0.0566367271124753
0.4,PLS,0.0958130398621014
0.4,PLS,0.0773522522171792
0.4,PLS,0.0852140118581612
0.4,PLS,0.105979023415567
0.4,PLS,0.0611012275010474
0.4,PLS,0.139630960486428
0.4,PLS,0.132532191905065
0.4,PLS,0.0933053620880407
0.4,PLS,0.219276895088219
0.4,PLS,0.204530225959829
0.4,PLS,0.143385036415459
0.4,PLS,0.155923020759132
0.4,PLS,0.276822923334026
0.4,PLS,0.10307195604222
0.4,PLS,0.261903680858055
0.4,PLS,0.095905754916514
0.4,PLS,0.120477249833354
0.4,PLS,0.153961262360664
0.4,PLS,0.0616105914093092
0.4,PLS,0.0817983432840604
0.4,PLS,0.103416178108641
0.4,PLS,0.180685400890695
0.4,PLS,0.104526013048536
0.4,PLS,0.0796419612881506
0.4,PLS,0.100016268266311
0.4,PLS,0.195651155300797
0.4,PLS,0.141772277958285
0.4,PLS,0.0768159068720148
0.4,PLS,0.159801670324417
0.4,PLS,0.124366344586992
0.4,PLS,0.0890083157406218
0.4,PLS,0.0764412774098905
0.4,PLS,0.0893953590252293
0.4,PLS,0.0792077832494191
0.4,PLS,0.128730438184111
0.4,PLS,0.139531827541632
0.4,PLS,0.215187332723015
0.4,PLS,0.134403431343141
0.4,PLS,0.264223385602546
0.4,PLS,0.120358099745097
0.4,PLS,0.163122733162703
0.4,PLS,0.0757719233888257
0.4,PLS,0.0666183306404263
0.4,PLS,0.120769739746536
0.4,PLS,0.111069824991827
0.4,PLS,0.134236261628818
0.4,PLS,0.100342038698668
0.4,PLS,0.123189133715941
0.4,PLS,0.0791852802532851
0.4,PLS,0.16126091199209
0.4,PLS,0.0881675413064517
0.4,PLS,0.103852396811553
0.4,PLS,0.144252981648099
0.4,PLS,0.0915380314353452
0.4,PLS,0.178022581134298
0.4,PLS,0.136166784415578
0.4,PLS,0.100089890654732
0.4,PLS,0.0980413719119034
0.4,PLS,0.124321207685544
0.4,PLS,0.137334115281878
0.4,PLS,0.0888555551042255
0.4,PLS,0.111183343932462
0.4,PLS,0.100788713467398
0.4,PLS,0.114782642794019
0.4,PLS,0.10835358030978
0.4,PLS,0.140902027928787
0.4,PLS,0.0651677890500675
0.4,PLS,0.138707284317902
0.4,PLS,0.0754867194194985
0.4,PLS,0.0833071725822671
0.4,PLS,0.0993407264760842
0.4,PLS,0.0814847608906755
0.4,PLS,0.164376888953307
0.4,PLS,0.112383708685411
0.4,PLS,0.143108506300987
0.4,PLS,0.189225305156862
0.4,PLS,0.0975211051598006
0.4,PLS,0.156021961766894
0.4,PLS,0.101680406510187
0.4,PLS,0.141895081753036
0.4,PLS,0.0675371973060846
0.4,PLS,0.171783554139669
0.4,PLS,0.0882948108694595
0.4,PLS,0.0759185170409266
0.4,PLS,0.0838879506679976
0.4,PLS,0.0768516474388067
0.4,PLS,0.0806472724971422
0.4,PLS,0.115918723137766
0.4,PLS,0.0542906890478417
0.4,PLS,0.178857785966745
0.4,PLS,0.17503869455327
0.4,PLS,0.232599162700181
0.4,PLS,0.092841299876732
0.4,PLS,0.101668773174562
0.4,PLS,0.119618012552843
0.4,PLS,0.169337992915176
0.4,PLS,0.205576000974462
0.4,PLS,0.164535184620725
0.4,PLS,0.0631109265952926
0.4,PLS,0.191562613259811
0.4,PLS,0.110353381803201
0.4,PLS,0.191286696601335
0.4,PLS,0.0809419329957473
0.4,PLS,0.0811084639218181
0.4,PLS,0.630237050710691
0.4,PLS,0.210189212157737
0.4,PLS,0.158996678683951
0.4,PLS,0.091739729757486
0.4,PLS,0.0956027213674731
0.4,PLS,0.0933463791422211
0.4,PLS,0.145005359613179
0.4,fTS,0.438759416980338
0.4,fTS,0.135485464716687
0.4,fTS,0.0894683588142511
0.4,fTS,0.0974895495774475
0.4,fTS,0.0765832344139934
0.4,fTS,0.0827944576161121
0.4,fTS,0.117478050006253
0.4,fTS,0.127204680311904
0.4,fTS,0.102181581327683
0.4,fTS,0.135475224444081
0.4,fTS,0.196847318283989
0.4,fTS,0.091717952000605
0.4,fTS,0.155405599333086
0.4,fTS,0.119777025678365
0.4,fTS,0.0942986384497773
0.4,fTS,0.0856255728320361
0.4,fTS,0.0963931706110799
0.4,fTS,0.0703604225112302
0.4,fTS,0.133959479217029
0.4,fTS,0.140880911355225
0.4,fTS,0.0890272961997413
0.4,fTS,0.073356785672048
0.4,fTS,0.114926179614063
0.4,fTS,0.118501338695951
0.4,fTS,0.0832773531168357
0.4,fTS,0.13840091676291
0.4,fTS,0.129680377815885
0.4,fTS,0.0895670800884514
0.4,fTS,0.0969088631978334
0.4,fTS,0.138863774122036
0.4,fTS,0.0898892051180129
0.4,fTS,0.140392057043243
0.4,fTS,0.143271136533479
0.4,fTS,0.196964778598979
0.4,fTS,0.142219591705508
0.4,fTS,0.118236729382127
0.4,fTS,0.0647892307706253
0.4,fTS,0.141745040788076
0.4,fTS,0.145941394381396
0.4,fTS,0.0967580713259566
0.4,fTS,0.103432569719653
0.4,fTS,0.1258336288353
0.4,fTS,0.1624212115251
0.4,fTS,0.134537083319354
0.4,fTS,0.068578540734091
0.4,fTS,0.147980616509554
0.4,fTS,0.104554979339014
0.4,fTS,0.0975481866672345
0.4,fTS,0.124172950834021
0.4,fTS,0.112843294263597
0.4,fTS,0.124223047188717
0.4,fTS,0.0885311698504297
0.4,fTS,0.19479715066134
0.4,fTS,0.234745444682664
0.4,fTS,0.184454903910456
0.4,fTS,0.0887038962607709
0.4,fTS,0.0873629866288347
0.4,fTS,0.0762668910460195
0.4,fTS,0.0499211695884421
0.4,fTS,0.178071188052406
0.4,fTS,0.096782220882724
0.4,fTS,0.0875931661711108
0.4,fTS,0.129574344285218
0.4,fTS,0.0987993435362027
0.4,fTS,0.0842483340709434
0.4,fTS,0.0852099448913797
0.4,fTS,0.0842286632246845
0.4,fTS,0.0816002621636007
0.4,fTS,0.0974955436648129
0.4,fTS,0.0956284482647674
0.4,fTS,0.0578895507154564
0.4,fTS,0.134008602031504
0.4,fTS,0.280201486233441
0.4,fTS,0.114941770314655
0.4,fTS,0.212698328678
0.4,fTS,0.160388361412979
0.4,fTS,0.0971063898209309
0.4,fTS,0.139625900121904
0.4,fTS,0.0792726862259156
0.4,fTS,0.0776655760388484
0.4,fTS,0.102411720677427
0.4,fTS,0.110232368860917
0.4,fTS,0.183782097272685
0.4,fTS,0.0732682101870183
0.4,fTS,0.0755101094592781
0.4,fTS,0.0703256493923974
0.4,fTS,0.07772677374709
0.4,fTS,0.0985190870136005
0.4,fTS,0.050303773462232
0.4,fTS,0.0904628978140376
0.4,fTS,0.0757480028736832
0.4,fTS,0.104167153470677
0.4,fTS,0.0840560124753476
0.4,fTS,0.0619078666277229
0.4,fTS,0.131264091281895
0.4,fTS,0.124969141470982
0.4,fTS,0.0848432694984018
0.4,fTS,0.200407382270181
0.4,fTS,0.173948039007586
0.4,fTS,0.141950982824814
0.4,fTS,0.148107431079404
0.4,fTS,0.269686024515338
0.4,fTS,0.107775361280792
0.4,fTS,0.253560175980099
0.4,fTS,0.124141287824209
0.4,fTS,0.100343963117217
0.4,fTS,0.12330643783144
0.4,fTS,0.0649643600554058
0.4,fTS,0.0770095568238288
0.4,fTS,0.0971270097613676
0.4,fTS,0.164882058802905
0.4,fTS,0.0981198217827172
0.4,fTS,0.0910802784833877
0.4,fTS,0.101120073960395
0.4,fTS,0.194841099371773
0.4,fTS,0.129665307200417
0.4,fTS,0.0870300417476284
0.4,fTS,0.179515938625947
0.4,fTS,0.0978068366557015
0.4,fTS,0.0902433601814257
0.4,fTS,0.105059588060226
0.4,fTS,0.0931947498363533
0.4,fTS,0.0826721917011489
0.4,fTS,0.122408135323844
0.4,fTS,0.14367509343501
0.4,fTS,0.191603410721644
0.4,fTS,0.126218659951307
0.4,fTS,0.220645042613746
0.4,fTS,0.107395915016856
0.4,fTS,0.144768863086846
0.4,fTS,0.0676767237798167
0.4,fTS,0.0592903013095117
0.4,fTS,0.11542792350984
0.4,fTS,0.103249876890053
0.4,fTS,0.136441910132407
0.4,fTS,0.0902207290522833
0.4,fTS,0.133380421231012
0.4,fTS,0.0761042961873997
0.4,fTS,0.144278584593411
0.4,fTS,0.0854414905103495
0.4,fTS,0.0987183506555607
0.4,fTS,0.155265454453144
0.4,fTS,0.0948688449424256
0.4,fTS,0.181591291901793
0.4,fTS,0.133727333495767
0.4,fTS,0.0835494017849518
0.4,fTS,0.108490396691256
0.4,fTS,0.102998415612632
0.4,fTS,0.160842787322154
0.4,fTS,0.0800101880030234
0.4,fTS,0.104422132857056
0.4,fTS,0.0710137920228875
0.4,fTS,0.104175695331427
0.4,fTS,0.091245481100332
0.4,fTS,0.135886875538738
0.4,fTS,0.0736484141607303
0.4,fTS,0.123428483788095
0.4,fTS,0.0679056564547222
0.4,fTS,0.0768150744289306
0.4,fTS,0.103922374289077
0.4,fTS,0.0821270747640183
0.4,fTS,0.14282323888924
0.4,fTS,0.125085022971253
0.4,fTS,0.159085819966383
0.4,fTS,0.177910789418613
0.4,fTS,0.0827921316567606
0.4,fTS,0.131200940008899
0.4,fTS,0.0838690433922184
0.4,fTS,0.0987180854604929
0.4,fTS,0.064013508463127
0.4,fTS,0.169358923786716
0.4,fTS,0.0871317169453005
0.4,fTS,0.066672936959424
0.4,fTS,0.0843310764399568
0.4,fTS,0.0738975031177511
0.4,fTS,0.0893851372706561
0.4,fTS,0.100464705591891
0.4,fTS,0.0589456542673465
0.4,fTS,0.168045890263515
0.4,fTS,0.170565441900579
0.4,fTS,0.223078685814153
0.4,fTS,0.0944465621447602
0.4,fTS,0.0898015830833135
0.4,fTS,0.127568024828739
0.4,fTS,0.16564191015339
0.4,fTS,0.158254570153144
0.4,fTS,0.171958794058799
0.4,fTS,0.0739415039983255
0.4,fTS,0.175047277351952
0.4,fTS,0.0872753096910629
0.4,fTS,0.186696499998207
0.4,fTS,0.081893241093615
0.4,fTS,0.0644923315053377
0.4,fTS,0.630483807718696
0.4,fTS,0.196260636470568
0.4,fTS,0.150422331422305
0.4,fTS,0.096243505049085
0.4,fTS,0.0796076375289825
0.4,fTS,0.0836053045588036
0.4,fTS,0.136502425636543
0.4,LS_oracle,0.499663268106094
0.4,LS_oracle,0.163494702725427
0.4,LS_oracle,0.0848802590957228
0.4,LS_oracle,0.09975968112505
0.4,LS_oracle,0.0859165668078511
0.4,LS_oracle,0.0808113907011256
0.4,LS_oracle,0.0830493423790059
0.4,LS_oracle,0.13893310494709
0.4,LS_oracle,0.106532523115078
0.4,LS_oracle,0.162630775941843
0.4,LS_oracle,0.228122391287123
0.4,LS_oracle,0.0998225739555016
0.4,LS_oracle,0.153822798473292
0.4,LS_oracle,0.116985616074899
0.4,LS_oracle,0.0994253972029231
0.4,LS_oracle,0.0767439958822373
0.4,LS_oracle,0.110219626416672
0.4,LS_oracle,0.0672625563581565
0.4,LS_oracle,0.148888537428216
0.4,LS_oracle,0.129271890450817
0.4,LS_oracle,0.0933967362500206
0.4,LS_oracle,0.0934946060291323
0.4,LS_oracle,0.15025752088234
0.4,LS_oracle,0.108551694729114
0.4,LS_oracle,0.0765431563087261
0.4,LS_oracle,0.153552433604998
0.4,LS_oracle,0.123234863541783
0.4,LS_oracle,0.0909757817232338
0.4,LS_oracle,0.109157652280348
0.4,LS_oracle,0.125706662568693
0.4,LS_oracle,0.0926906086535304
0.4,LS_oracle,0.141667802422471
0.4,LS_oracle,0.137278609079595
0.4,LS_oracle,0.190302167414887
0.4,LS_oracle,0.138531712641602
0.4,LS_oracle,0.0983955568399291
0.4,LS_oracle,0.0578083892672817
0.4,LS_oracle,0.154187640560959
0.4,LS_oracle,0.165298477771313
0.4,LS_oracle,0.0843330197140453
0.4,LS_oracle,0.113955022326407
0.4,LS_oracle,0.14403557136681
0.4,LS_oracle,0.1338186360441
0.4,LS_oracle,0.129412731747125
0.4,LS_oracle,0.0846599346457634
0.4,LS_oracle,0.17063766366422
0.4,LS_oracle,0.103100988322428
0.4,LS_oracle,0.0998666748267701
0.4,LS_oracle,0.126505452254583
0.4,LS_oracle,0.105753365679623
0.4,LS_oracle,0.120708896977772
0.4,LS_oracle,0.111472950120441
0.4,LS_oracle,0.181836546434619
0.4,LS_oracle,0.259246788029783
0.4,LS_oracle,0.155306601310617
0.4,LS_oracle,0.0711045130505288
0.4,LS_oracle,0.112232427806909
0.4,LS_oracle,0.0806696455008388
0.4,LS_oracle,0.0507159951566152
0.4,LS_oracle,0.190885608868
0.4,LS_oracle,0.0774032600498755
0.4,LS_oracle,0.0867140786101636
0.4,LS_oracle,0.131332262181682
0.4,LS_oracle,0.103586751750523
0.4,LS_oracle,0.0980740601600722
0.4,LS_oracle,0.0737458893631585
0.4,LS_oracle,0.0856211004233334
0.4,LS_oracle,0.0961863548113086
0.4,LS_oracle,0.0975648234814235
0.4,LS_oracle,0.0976637411643855
0.4,LS_oracle,0.0717563221972696
0.4,LS_oracle,0.117961042190746
0.4,LS_oracle,0.226371222813101
0.4,LS_oracle,0.123374445520826
0.4,LS_oracle,0.211291307098009
0.4,LS_oracle,0.146885681083595
0.4,LS_oracle,0.103487091711499
0.4,LS_oracle,0.144965171357694
0.4,LS_oracle,0.0840142973452178
0.4,LS_oracle,0.0922571915459276
0.4,LS_oracle,0.0969132363686743
0.4,LS_oracle,0.112638482009425
0.4,LS_oracle,0.189217669597235
0.4,LS_oracle,0.102568536443943
0.4,LS_oracle,0.0932711563723041
0.4,LS_oracle,0.082153416897634
0.4,LS_oracle,0.083924733890734
0.4,LS_oracle,0.0997981261664848
0.4,LS_oracle,0.0563209232622819
0.4,LS_oracle,0.0959510730445852
0.4,LS_oracle,0.0754091102985109
0.4,LS_oracle,0.085310004439894
0.4,LS_oracle,0.105884581021352
0.4,LS_oracle,0.0610217187206913
0.4,LS_oracle,0.139348609531031
0.4,LS_oracle,0.131747015590411
0.4,LS_oracle,0.09175870495944
0.4,LS_oracle,0.219269211474081
0.4,LS_oracle,0.204600621558308
0.4,LS_oracle,0.143485681461522
0.4,LS_oracle,0.155776309570292
0.4,LS_oracle,0.27680809217034
0.4,LS_oracle,0.102834685066641
0.4,LS_oracle,0.261904031261671
0.4,LS_oracle,0.0962542170235888
0.4,LS_oracle,0.112522169765638
0.4,LS_oracle,0.154346690871325
0.4,LS_oracle,0.0618408350682391
0.4,LS_oracle,0.0818553147211681
0.4,LS_oracle,0.102749415058814
0.4,LS_oracle,0.180618357763323
0.4,LS_oracle,0.104234395963778
0.4,LS_oracle,0.0798845609605462
0.4,LS_oracle,0.099637912882451
0.4,LS_oracle,0.196087025702035
0.4,LS_oracle,0.141717050425866
0.4,LS_oracle,0.0772170800977377
0.4,LS_oracle,0.159666102965135
0.4,LS_oracle,0.125894677616669
0.4,LS_oracle,0.0894041954966282
0.4,LS_oracle,0.0774385286341857
0.4,LS_oracle,0.0897808829404262
0.4,LS_oracle,0.0799931079209717
0.4,LS_oracle,0.130045316165839
0.4,LS_oracle,0.140722768554165
0.4,LS_oracle,0.215967332026174
0.4,LS_oracle,0.13429594051937
0.4,LS_oracle,0.264212682589079
0.4,LS_oracle,0.122015198707033
0.4,LS_oracle,0.161191774623032
0.4,LS_oracle,0.0790913161713369
0.4,LS_oracle,0.066748473254209
0.4,LS_oracle,0.120824273711706
0.4,LS_oracle,0.109079400543205
0.4,LS_oracle,0.132123155908522
0.4,LS_oracle,0.0994645946167701
0.4,LS_oracle,0.123068007735316
0.4,LS_oracle,0.0794290866435708
0.4,LS_oracle,0.160979120915573
0.4,LS_oracle,0.0869438158993462
0.4,LS_oracle,0.102352537253012
0.4,LS_oracle,0.14443928622785
0.4,LS_oracle,0.0905925155235335
0.4,LS_oracle,0.180160766521787
0.4,LS_oracle,0.137287180948592
0.4,LS_oracle,0.0989838053688358
0.4,LS_oracle,0.0978059945074938
0.4,LS_oracle,0.125556529671582
0.4,LS_oracle,0.134352209317018
0.4,LS_oracle,0.088937000190226
0.4,LS_oracle,0.111215145069952
0.4,LS_oracle,0.101088673433647
0.4,LS_oracle,0.11386695980648
0.4,LS_oracle,0.10853623772522
0.4,LS_oracle,0.140857430448161
0.4,LS_oracle,0.0657947305861389
0.4,LS_oracle,0.138559627452165
0.4,LS_oracle,0.076001884330099
0.4,LS_oracle,0.0814933093830944
0.4,LS_oracle,0.0990781765018493
0.4,LS_oracle,0.08404642905263
0.4,LS_oracle,0.164261454446492
0.4,LS_oracle,0.113761147339571
0.4,LS_oracle,0.139474580803183
0.4,LS_oracle,0.190824924069471
0.4,LS_oracle,0.0975952021179207
0.4,LS_oracle,0.15487675763451
0.4,LS_oracle,0.102474516452539
0.4,LS_oracle,0.141416912962781
0.4,LS_oracle,0.0669848840934267
0.4,LS_oracle,0.171172347746828
0.4,LS_oracle,0.0882933084371866
0.4,LS_oracle,0.0758413431950866
0.4,LS_oracle,0.0836274974648883
0.4,LS_oracle,0.0763612764088642
0.4,LS_oracle,0.0803366969388108
0.4,LS_oracle,0.116318798297196
0.4,LS_oracle,0.054270067067508
0.4,LS_oracle,0.177885287843837
0.4,LS_oracle,0.174530692119889
0.4,LS_oracle,0.242354159133871
0.4,LS_oracle,0.0924318655036649
0.4,LS_oracle,0.103717630355611
0.4,LS_oracle,0.120074822492723
0.4,LS_oracle,0.169354475291509
0.4,LS_oracle,0.204156610836917
0.4,LS_oracle,0.163262683919517
0.4,LS_oracle,0.0632181011736977
0.4,LS_oracle,0.192378332354687
0.4,LS_oracle,0.110062091680364
0.4,LS_oracle,0.192459911885848
0.4,LS_oracle,0.0797800880575137
0.4,LS_oracle,0.082455815108208
0.4,LS_oracle,0.630798893933992
0.4,LS_oracle,0.210670048974498
0.4,LS_oracle,0.158704027244587
0.4,LS_oracle,0.089727170809404
0.4,LS_oracle,0.0957173010056219
0.4,LS_oracle,0.0933697058144243
0.4,LS_oracle,0.144774656051997
0.4,TS_oracle,0.438454799376468
0.4,TS_oracle,0.135640988249572
0.4,TS_oracle,0.0941036533181894
0.4,TS_oracle,0.097456658138726
0.4,TS_oracle,0.0772235376070672
0.4,TS_oracle,0.0809287479489334
0.4,TS_oracle,0.117975662871245
0.4,TS_oracle,0.126796446352503
0.4,TS_oracle,0.102238889241103
0.4,TS_oracle,0.135195507165467
0.4,TS_oracle,0.194104076638457
0.4,TS_oracle,0.0917411719614954
0.4,TS_oracle,0.155634548237886
0.4,TS_oracle,0.119651655079619
0.4,TS_oracle,0.094275763482748
0.4,TS_oracle,0.0883957375898998
0.4,TS_oracle,0.0963777981716818
0.4,TS_oracle,0.0703256312275377
0.4,TS_oracle,0.132383418466298
0.4,TS_oracle,0.140538267849852
0.4,TS_oracle,0.0892180703562864
0.4,TS_oracle,0.0731236376747581
0.4,TS_oracle,0.113430737149043
0.4,TS_oracle,0.117841958205577
0.4,TS_oracle,0.0831378744442856
0.4,TS_oracle,0.138118381067754
0.4,TS_oracle,0.129680881519957
0.4,TS_oracle,0.0897210900778098
0.4,TS_oracle,0.0983578492837996
0.4,TS_oracle,0.138932006196332
0.4,TS_oracle,0.0901156492131465
0.4,TS_oracle,0.144652787847945
0.4,TS_oracle,0.143437360917194
0.4,TS_oracle,0.196611191412236
0.4,TS_oracle,0.14864292483472
0.4,TS_oracle,0.116169780609343
0.4,TS_oracle,0.0648426206235981
0.4,TS_oracle,0.140827155546711
0.4,TS_oracle,0.148375499709184
0.4,TS_oracle,0.0965926914692931
0.4,TS_oracle,0.103449102161163
0.4,TS_oracle,0.126089192276862
0.4,TS_oracle,0.161571549022092
0.4,TS_oracle,0.133202264560233
0.4,TS_oracle,0.0686062130485997
0.4,TS_oracle,0.147842374590774
0.4,TS_oracle,0.104555932569521
0.4,TS_oracle,0.0972054363040038
0.4,TS_oracle,0.124214652134717
0.4,TS_oracle,0.112479063280032
0.4,TS_oracle,0.122756969685629
0.4,TS_oracle,0.0892719038245333
0.4,TS_oracle,0.195955877305502
0.4,TS_oracle,0.237425110529603
0.4,TS_oracle,0.182771333426226
0.4,TS_oracle,0.0887399527065576
0.4,TS_oracle,0.0879422432030976
0.4,TS_oracle,0.0752267142356819
0.4,TS_oracle,0.0497659358109357
0.4,TS_oracle,0.177548858241445
0.4,TS_oracle,0.0973725310116553
0.4,TS_oracle,0.088152241182387
0.4,TS_oracle,0.129183084862798
0.4,TS_oracle,0.0996653253715428
0.4,TS_oracle,0.0841144226888052
0.4,TS_oracle,0.0846064919237729
0.4,TS_oracle,0.0845339682246213
0.4,TS_oracle,0.0816991763590624
0.4,TS_oracle,0.0976615236690666
0.4,TS_oracle,0.0956779916860883
0.4,TS_oracle,0.0584457530953273
0.4,TS_oracle,0.13284657942787
0.4,TS_oracle,0.264526532773677
0.4,TS_oracle,0.114896324495733
0.4,TS_oracle,0.212298170427646
0.4,TS_oracle,0.160372627785788
0.4,TS_oracle,0.0970460412959277
0.4,TS_oracle,0.139746053737497
0.4,TS_oracle,0.0775860349278769
0.4,TS_oracle,0.0776379097354817
0.4,TS_oracle,0.102611436646073
0.4,TS_oracle,0.110337277856827
0.4,TS_oracle,0.181708379237248
0.4,TS_oracle,0.0729178223077212
0.4,TS_oracle,0.0762326292078826
0.4,TS_oracle,0.0728229082774642
0.4,TS_oracle,0.0777709184024492
0.4,TS_oracle,0.0978779342084896
0.4,TS_oracle,0.0486868044779149
0.4,TS_oracle,0.0903207481349326
0.4,TS_oracle,0.0749053461757779
0.4,TS_oracle,0.103944674218106
0.4,TS_oracle,0.0840300226780094
0.4,TS_oracle,0.0619272684910213
0.4,TS_oracle,0.131335961386574
0.4,TS_oracle,0.124176547527982
0.4,TS_oracle,0.0849488265337477
0.4,TS_oracle,0.200405858318774
0.4,TS_oracle,0.169090609601031
0.4,TS_oracle,0.141769738615739
0.4,TS_oracle,0.147279101508136
0.4,TS_oracle,0.268268384233003
0.4,TS_oracle,0.107775433454112
0.4,TS_oracle,0.253523123072165
0.4,TS_oracle,0.124384938019621
0.4,TS_oracle,0.0986115389640319
0.4,TS_oracle,0.124346369720521
0.4,TS_oracle,0.065169507734202
0.4,TS_oracle,0.0770178845579081
0.4,TS_oracle,0.0971576886134677
0.4,TS_oracle,0.164886911313668
0.4,TS_oracle,0.0981597604251658
0.4,TS_oracle,0.0910816642685881
0.4,TS_oracle,0.100456099196651
0.4,TS_oracle,0.194982804453197
0.4,TS_oracle,0.129653299949967
0.4,TS_oracle,0.0867250882697481
0.4,TS_oracle,0.179604524267438
0.4,TS_oracle,0.0997169765208162
0.4,TS_oracle,0.0898505317743909
0.4,TS_oracle,0.10684221335457
0.4,TS_oracle,0.0934208169351514
0.4,TS_oracle,0.0825980033216558
0.4,TS_oracle,0.123442584720627
0.4,TS_oracle,0.143742966623989
0.4,TS_oracle,0.191016003859289
0.4,TS_oracle,0.126053846219234
0.4,TS_oracle,0.22614934382445
0.4,TS_oracle,0.107840848961795
0.4,TS_oracle,0.143982275559979
0.4,TS_oracle,0.0705587193187217
0.4,TS_oracle,0.0589676326252457
0.4,TS_oracle,0.115461309148771
0.4,TS_oracle,0.106259747815075
0.4,TS_oracle,0.1379879077549
0.4,TS_oracle,0.0906548006537282
0.4,TS_oracle,0.133394401940652
0.4,TS_oracle,0.0759898264567095
0.4,TS_oracle,0.143903618960346
0.4,TS_oracle,0.0852563876564722
0.4,TS_oracle,0.0987510709406703
0.4,TS_oracle,0.155408211187553
0.4,TS_oracle,0.0961444037335445
0.4,TS_oracle,0.181682909136874
0.4,TS_oracle,0.137321145029987
0.4,TS_oracle,0.082736827591615
0.4,TS_oracle,0.10859582785018
0.4,TS_oracle,0.103255873431344
0.4,TS_oracle,0.160377009842462
0.4,TS_oracle,0.0800187007088897
0.4,TS_oracle,0.104577672881825
0.4,TS_oracle,0.0710262840280294
0.4,TS_oracle,0.104158846176871
0.4,TS_oracle,0.0909340747924796
0.4,TS_oracle,0.135562449160638
0.4,TS_oracle,0.0727967203612997
0.4,TS_oracle,0.12280084999106
0.4,TS_oracle,0.0674820185520486
0.4,TS_oracle,0.0736830761510707
0.4,TS_oracle,0.105651960307846
0.4,TS_oracle,0.0835938758574432
0.4,TS_oracle,0.142384948684974
0.4,TS_oracle,0.125275121470464
0.4,TS_oracle,0.154756128677689
0.4,TS_oracle,0.178399952740609
0.4,TS_oracle,0.0826149771920766
0.4,TS_oracle,0.129998393798641
0.4,TS_oracle,0.0842279509932435
0.4,TS_oracle,0.098732663321165
0.4,TS_oracle,0.063825618951624
0.4,TS_oracle,0.169436444735621
0.4,TS_oracle,0.0876028632641535
0.4,TS_oracle,0.0665636698656148
0.4,TS_oracle,0.0853513392865287
0.4,TS_oracle,0.0735181159571857
0.4,TS_oracle,0.0887452796237497
0.4,TS_oracle,0.100447127658464
0.4,TS_oracle,0.058957142664301
0.4,TS_oracle,0.167825363084198
0.4,TS_oracle,0.170565692809224
0.4,TS_oracle,0.225276058267722
0.4,TS_oracle,0.0955244196287549
0.4,TS_oracle,0.0904903537257301
0.4,TS_oracle,0.127574206141937
0.4,TS_oracle,0.165047394394946
0.4,TS_oracle,0.157658367365753
0.4,TS_oracle,0.170402989357987
0.4,TS_oracle,0.0739967892125638
0.4,TS_oracle,0.175248311512229
0.4,TS_oracle,0.0878131902778618
0.4,TS_oracle,0.188080360426651
0.4,TS_oracle,0.0796273145416666
0.4,TS_oracle,0.0646671104056062
0.4,TS_oracle,0.630905211756001
0.4,TS_oracle,0.196141067796932
0.4,TS_oracle,0.149423453785905
0.4,TS_oracle,0.0960668100548364
0.4,TS_oracle,0.0797182920984121
0.4,TS_oracle,0.0836030713138209
0.4,TS_oracle,0.136404612358584
0.5,PLS,0.135614798177474
0.5,PLS,0.107490631905883
0.5,PLS,0.0975041597562651
0.5,PLS,0.166693158804345
0.5,PLS,0.0849026267098243
0.5,PLS,0.164678489354049
0.5,PLS,0.243995629951679
0.5,PLS,0.316655555566594
0.5,PLS,0.10350512291641
0.5,PLS,0.182372043228628
0.5,PLS,0.105654781811098
0.5,PLS,0.0519191599361436
0.5,PLS,0.0960829935402417
0.5,PLS,0.273923795688849
0.5,PLS,0.14818296548804
0.5,PLS,0.0695253095612254
0.5,PLS,0.164135358327752
0.5,PLS,0.13626830573668
0.5,PLS,0.0551099546906166
0.5,PLS,0.0979805120542811
0.5,PLS,0.0911439069118144
0.5,PLS,0.0783783874164118
0.5,PLS,0.193649215476739
0.5,PLS,0.0840039295313911
0.5,PLS,0.22033162213712
0.5,PLS,0.152196184151581
0.5,PLS,0.0989483619055366
0.5,PLS,0.378923990185356
0.5,PLS,0.141000986262319
0.5,PLS,0.129580542336853
0.5,PLS,0.191849344997169
0.5,PLS,0.251693607178883
0.5,PLS,0.120833411778126
0.5,PLS,0.165575631356681
0.5,PLS,0.0844580730671406
0.5,PLS,0.0603036838601542
0.5,PLS,0.137053146232511
0.5,PLS,0.126626604602995
0.5,PLS,0.0955754540129289
0.5,PLS,0.209672657614726
0.5,PLS,0.170428212988829
0.5,PLS,0.184713567577596
0.5,PLS,0.0634710281607362
0.5,PLS,0.152331295202268
0.5,PLS,0.124506530703586
0.5,PLS,0.111707423239919
0.5,PLS,0.141808660285259
0.5,PLS,0.0976352644691907
0.5,PLS,0.110706402616928
0.5,PLS,0.14268857542534
0.5,PLS,0.313138206523309
0.5,PLS,0.111428885020646
0.5,PLS,0.0844498071445965
0.5,PLS,0.109839630294656
0.5,PLS,0.158761994497043
0.5,PLS,0.107622670117087
0.5,PLS,0.0648365615155666
0.5,PLS,0.184300278491366
0.5,PLS,0.169540927622272
0.5,PLS,0.193600492269251
0.5,PLS,0.149015197373362
0.5,PLS,0.189602806556241
0.5,PLS,0.0706258901774611
0.5,PLS,0.109828150532093
0.5,PLS,0.113072088028384
0.5,PLS,0.120821399628722
0.5,PLS,0.122505807802484
0.5,PLS,0.126908128109589
0.5,PLS,0.115379047614763
0.5,PLS,0.190841269545834
0.5,PLS,0.087275278242202
0.5,PLS,0.228540977771779
0.5,PLS,0.0765579699046295
0.5,PLS,0.112179726829351
0.5,PLS,0.116032055395414
0.5,PLS,0.175242501449128
0.5,PLS,0.0700700825134005
0.5,PLS,0.124229832371335
0.5,PLS,0.110496458885636
0.5,PLS,0.0848034478556238
0.5,PLS,0.274995886889676
0.5,PLS,0.170713042263485
0.5,PLS,0.0936500049535688
0.5,PLS,0.0919480751605213
0.5,PLS,0.0953065620647311
0.5,PLS,0.246121065232071
0.5,PLS,0.135265795850254
0.5,PLS,0.07750245046177
0.5,PLS,0.0619863767437894
0.5,PLS,0.100643476586119
0.5,PLS,0.15982245894982
0.5,PLS,0.0670392976065011
0.5,PLS,0.111801883314106
0.5,PLS,0.106703400751142
0.5,PLS,0.103593557659719
0.5,PLS,0.0600447269152233
0.5,PLS,0.143834402720294
0.5,PLS,0.132008450919632
0.5,PLS,0.15363962280409
0.5,PLS,0.132278972332355
0.5,PLS,0.106225313609707
0.5,PLS,0.120808997480901
0.5,PLS,0.0678544366196814
0.5,PLS,0.13010474819574
0.5,PLS,0.0914667654056083
0.5,PLS,0.116965754653155
0.5,PLS,0.120476081434256
0.5,PLS,0.157824063448471
0.5,PLS,0.171545096732058
0.5,PLS,0.212811500932677
0.5,PLS,0.155887045700815
0.5,PLS,0.0736102915626735
0.5,PLS,0.139659618865838
0.5,PLS,0.169311751080593
0.5,PLS,0.143436725315495
0.5,PLS,0.0854337963386083
0.5,PLS,0.0928973077197815
0.5,PLS,0.0985522468013644
0.5,PLS,0.187875132843024
0.5,PLS,0.185474425087878
0.5,PLS,0.0772370483864495
0.5,PLS,0.0958405727006439
0.5,PLS,0.322357303952402
0.5,PLS,0.0982162897969333
0.5,PLS,0.072028406564217
0.5,PLS,0.0832085822933428
0.5,PLS,0.186305253362817
0.5,PLS,0.251366140044817
0.5,PLS,0.136033000028854
0.5,PLS,0.0779625103756762
0.5,PLS,0.0954659426008676
0.5,PLS,0.162635869874809
0.5,PLS,0.0966542410327716
0.5,PLS,0.157772583018615
0.5,PLS,0.154942975214214
0.5,PLS,0.0699429201057355
0.5,PLS,0.0958355760154138
0.5,PLS,0.131976654311302
0.5,PLS,0.108682451629487
0.5,PLS,0.135958076743464
0.5,PLS,0.0886362492405741
0.5,PLS,0.0920403519344101
0.5,PLS,0.147438676922777
0.5,PLS,0.0818182443966888
0.5,PLS,0.0992657127996848
0.5,PLS,0.133677140221031
0.5,PLS,0.318800665241505
0.5,PLS,0.185990009505492
0.5,PLS,0.188719997770811
0.5,PLS,0.0586502410399775
0.5,PLS,0.115284973395589
0.5,PLS,0.0878522460259355
0.5,PLS,0.0804646187474316
0.5,PLS,0.0925939916635693
0.5,PLS,0.154928924423506
0.5,PLS,0.0930289961539314
0.5,PLS,0.131321890547866
0.5,PLS,0.108156341603491
0.5,PLS,0.136209878066308
0.5,PLS,0.210885613803323
0.5,PLS,0.193458182935374
0.5,PLS,0.0734427876527762
0.5,PLS,0.0744871675731596
0.5,PLS,0.0939976707628673
0.5,PLS,0.236850326439437
0.5,PLS,0.122531065470495
0.5,PLS,0.145433194554943
0.5,PLS,0.102611712057797
0.5,PLS,0.0912652554903282
0.5,PLS,0.101000781344908
0.5,PLS,0.172522077030505
0.5,PLS,0.0857597621316749
0.5,PLS,0.118750793916469
0.5,PLS,0.0924459876195069
0.5,PLS,0.161738355567056
0.5,PLS,0.0877660291182901
0.5,PLS,0.273819439680358
0.5,PLS,0.0940383262288684
0.5,PLS,0.136970436902031
0.5,PLS,0.0670843337149572
0.5,PLS,0.182489276833859
0.5,PLS,0.129064265653522
0.5,PLS,0.188851614549629
0.5,PLS,0.15085435568198
0.5,PLS,0.0457171399209932
0.5,PLS,0.0867493743864011
0.5,PLS,0.14961727023476
0.5,PLS,0.101706378416641
0.5,PLS,0.0943088066511476
0.5,PLS,0.0769814484504469
0.5,PLS,0.232573025794398
0.5,PLS,0.0810239708755956
0.5,PLS,0.0922117822741982
0.5,PLS,0.196138201726289
0.5,PLS,0.0814747458173705
0.5,PLS,0.124752021338025
0.5,PLS,0.0904263533674607
0.5,PLS,0.139407116233989
0.5,PLS,0.0720301437552848
0.5,PLS,0.114260202954067
0.5,fTS,0.10150491443377
0.5,fTS,0.102897311573682
0.5,fTS,0.0821224629019362
0.5,fTS,0.129422548468722
0.5,fTS,0.096247678245977
0.5,fTS,0.130409919611794
0.5,fTS,0.266567042948675
0.5,fTS,0.164087870280942
0.5,fTS,0.0863956533983342
0.5,fTS,0.187328587391872
0.5,fTS,0.0923097763903365
0.5,fTS,0.0460835394181243
0.5,fTS,0.0902400556587823
0.5,fTS,0.201866710597756
0.5,fTS,0.138381367365835
0.5,fTS,0.0651489158668121
0.5,fTS,0.138463269999651
0.5,fTS,0.131441766515421
0.5,fTS,0.096481732811545
0.5,fTS,0.125737953095223
0.5,fTS,0.0882272266407682
0.5,fTS,0.0733331302397013
0.5,fTS,0.21131618649083
0.5,fTS,0.0894114193543933
0.5,fTS,0.254058017811073
0.5,fTS,0.198687285992762
0.5,fTS,0.0954339904413197
0.5,fTS,0.374637711173489
0.5,fTS,0.118623867500162
0.5,fTS,0.106621659521656
0.5,fTS,0.193553382103926
0.5,fTS,0.247301857991928
0.5,fTS,0.107312008205729
0.5,fTS,0.14330765456834
0.5,fTS,0.0947453533456159
0.5,fTS,0.0665482321495076
0.5,fTS,0.110531484211704
0.5,fTS,0.100437097718413
0.5,fTS,0.0827460464005745
0.5,fTS,0.212372068657441
0.5,fTS,0.125707197511211
0.5,fTS,0.150205838374669
0.5,fTS,0.0637965433382349
0.5,fTS,0.108279559545653
0.5,fTS,0.126771954936848
0.5,fTS,0.132048297409369
0.5,fTS,0.140199330458297
0.5,fTS,0.0774096687536224
0.5,fTS,0.104551081048008
0.5,fTS,0.129975785233482
0.5,fTS,0.247286438584192
0.5,fTS,0.107894621170039
0.5,fTS,0.0950435988428222
0.5,fTS,0.104852501649334
0.5,fTS,0.11779992264672
0.5,fTS,0.112696280883755
0.5,fTS,0.0647248721583556
0.5,fTS,0.18771555302636
0.5,fTS,0.179093133204806
0.5,fTS,0.17958087569423
0.5,fTS,0.135119538079536
0.5,fTS,0.140473291093814
0.5,fTS,0.0533752598598428
0.5,fTS,0.0954652785378604
0.5,fTS,0.0930745087918258
0.5,fTS,0.0970722062733801
0.5,fTS,0.106344539994524
0.5,fTS,0.10865762818312
0.5,fTS,0.111792560975529
0.5,fTS,0.161249040272458
0.5,fTS,0.075033863226331
0.5,fTS,0.150139641261824
0.5,fTS,0.0748459851656118
0.5,fTS,0.0917726360130525
0.5,fTS,0.109875043506729
0.5,fTS,0.151106484044992
0.5,fTS,0.0665206364527004
0.5,fTS,0.0888717599067924
0.5,fTS,0.113977063622943
0.5,fTS,0.0809966376040329
0.5,fTS,0.293569294220044
0.5,fTS,0.566095967859194
0.5,fTS,0.110251810268945
0.5,fTS,0.0888766680704652
0.5,fTS,0.0758197051911225
0.5,fTS,0.236055970383537
0.5,fTS,0.0954107298965179
0.5,fTS,0.0715176314021515
0.5,fTS,0.078309631031676
0.5,fTS,0.102989773191955
0.5,fTS,0.112505682028586
0.5,fTS,0.0660221685115831
0.5,fTS,0.115061326001827
0.5,fTS,0.0913656938336227
0.5,fTS,0.0833233723041233
0.5,fTS,0.0739725491146214
0.5,fTS,0.155259452704635
0.5,fTS,0.116279278187821
0.5,fTS,0.159426138833699
0.5,fTS,0.129258216407817
0.5,fTS,0.133319738879928
0.5,fTS,0.103159247930476
0.5,fTS,0.0995087165659639
0.5,fTS,0.141153998484428
0.5,fTS,0.06799796065025
0.5,fTS,0.10032420206065
0.5,fTS,0.109799792952342
0.5,fTS,0.129906044336714
0.5,fTS,0.161816065653236
0.5,fTS,0.224961512569882
0.5,fTS,0.124679184116416
0.5,fTS,0.0657149181205521
0.5,fTS,0.1668950416937
0.5,fTS,0.168373927610615
0.5,fTS,0.16027436437174
0.5,fTS,0.063412364076682
0.5,fTS,0.102237533676336
0.5,fTS,0.102812810271268
0.5,fTS,0.205576019710691
0.5,fTS,0.198008944828225
0.5,fTS,0.0658976540412825
0.5,fTS,0.105291610454689
0.5,fTS,0.299869642196537
0.5,fTS,0.0996279278889436
0.5,fTS,0.0762534573554494
0.5,fTS,0.0727927799520495
0.5,fTS,0.210971467737363
0.5,fTS,0.279974816349212
0.5,fTS,0.12734571481284
0.5,fTS,0.0658742696734964
0.5,fTS,0.0809006640064659
0.5,fTS,0.140690609811457
0.5,fTS,0.08835985604861
0.5,fTS,0.170068473042488
0.5,fTS,0.165256763721982
0.5,fTS,0.0760045970193549
0.5,fTS,0.0956164683410631
0.5,fTS,0.108452120169467
0.5,fTS,0.119756138887595
0.5,fTS,0.120663850493272
0.5,fTS,0.079243992446689
0.5,fTS,0.0848437212974813
0.5,fTS,0.134004439222644
0.5,fTS,0.0611738273438857
0.5,fTS,0.100096053151077
0.5,fTS,0.136419574813641
0.5,fTS,0.322603895385918
0.5,fTS,0.142329783424805
0.5,fTS,0.168410026166055
0.5,fTS,0.0504153281646532
0.5,fTS,0.0997151671135307
0.5,fTS,0.0851227958066226
0.5,fTS,0.0943579131748342
0.5,fTS,0.0642058940611174
0.5,fTS,0.139822147109864
0.5,fTS,0.0788251582609068
0.5,fTS,0.116552205244588
0.5,fTS,0.0738959786842848
0.5,fTS,0.156440305381009
0.5,fTS,0.165882571209198
0.5,fTS,0.157927001692975
0.5,fTS,0.0767649395214284
0.5,fTS,0.0698678766196851
0.5,fTS,0.0858073996772786
0.5,fTS,0.127817607081711
0.5,fTS,0.137935878441583
0.5,fTS,0.149824968081851
0.5,fTS,0.089954168022517
0.5,fTS,0.108649154779701
0.5,fTS,0.0760019461404106
0.5,fTS,0.150157794929226
0.5,fTS,0.0875066336673004
0.5,fTS,0.118019346263265
0.5,fTS,0.090927700161773
0.5,fTS,0.180896999336554
0.5,fTS,0.087060860018455
0.5,fTS,0.271513015906971
0.5,fTS,0.096020288157509
0.5,fTS,0.128901077813433
0.5,fTS,0.0671706850732936
0.5,fTS,0.191184780661781
0.5,fTS,0.115583333150576
0.5,fTS,0.150036817829844
0.5,fTS,0.125558557900292
0.5,fTS,0.0561752085875696
0.5,fTS,0.107148113788643
0.5,fTS,0.14763709747752
0.5,fTS,0.102238233382718
0.5,fTS,0.0735520777917932
0.5,fTS,0.06716507591014
0.5,fTS,0.190393059945904
0.5,fTS,0.0905052841025552
0.5,fTS,0.0996627865603797
0.5,fTS,0.120375125103577
0.5,fTS,0.0898731363055339
0.5,fTS,0.0980775741839695
0.5,fTS,0.114346737707261
0.5,fTS,0.0987829554803883
0.5,fTS,0.0709809253917779
0.5,fTS,0.0970863118611884
0.5,LS_oracle,0.131018136815946
0.5,LS_oracle,0.107277111272543
0.5,LS_oracle,0.0974197612301575
0.5,LS_oracle,0.171677165026529
0.5,LS_oracle,0.0848719623584753
0.5,LS_oracle,0.164789858916237
0.5,LS_oracle,0.244270313415292
0.5,LS_oracle,0.315903940766734
0.5,LS_oracle,0.102759999419509
0.5,LS_oracle,0.183156911208199
0.5,LS_oracle,0.105741775474905
0.5,LS_oracle,0.0521552056745019
0.5,LS_oracle,0.096233749787504
0.5,LS_oracle,0.273947304379506
0.5,LS_oracle,0.148822831039368
0.5,LS_oracle,0.0692734254920017
0.5,LS_oracle,0.165803248132695
0.5,LS_oracle,0.137581583827426
0.5,LS_oracle,0.0560698045779665
0.5,LS_oracle,0.0981215068483222
0.5,LS_oracle,0.0905529592393762
0.5,LS_oracle,0.0763957719443804
0.5,LS_oracle,0.193375057249338
0.5,LS_oracle,0.0840032449709943
0.5,LS_oracle,0.219446998871823
0.5,LS_oracle,0.152126361152411
0.5,LS_oracle,0.0989183623574946
0.5,LS_oracle,0.378903864731717
0.5,LS_oracle,0.141212526695176
0.5,LS_oracle,0.129304270950797
0.5,LS_oracle,0.192855991589406
0.5,LS_oracle,0.250108095644882
0.5,LS_oracle,0.120991537521528
0.5,LS_oracle,0.162760858266678
0.5,LS_oracle,0.0843308624330198
0.5,LS_oracle,0.0605263964463448
0.5,LS_oracle,0.136537576635051
0.5,LS_oracle,0.126910783942327
0.5,LS_oracle,0.0954581804117815
0.5,LS_oracle,0.209675955544872
0.5,LS_oracle,0.168634667951803
0.5,LS_oracle,0.184794723473074
0.5,LS_oracle,0.063801801327555
0.5,LS_oracle,0.15010968551704
0.5,LS_oracle,0.123982098405912
0.5,LS_oracle,0.114191358515791
0.5,LS_oracle,0.139687944272416
0.5,LS_oracle,0.0972818064292606
0.5,LS_oracle,0.110688781305452
0.5,LS_oracle,0.145251254880132
0.5,LS_oracle,0.307529537983176
0.5,LS_oracle,0.110336417306974
0.5,LS_oracle,0.0836606635121618
0.5,LS_oracle,0.109553083024037
0.5,LS_oracle,0.155927907981606
0.5,LS_oracle,0.107804957972935
0.5,LS_oracle,0.0650696863364624
0.5,LS_oracle,0.187337041125414
0.5,LS_oracle,0.167135604993837
0.5,LS_oracle,0.192759376474227
0.5,LS_oracle,0.147310417871185
0.5,LS_oracle,0.18977469941428
0.5,LS_oracle,0.0711695533900367
0.5,LS_oracle,0.110751077095221
0.5,LS_oracle,0.112896180199513
0.5,LS_oracle,0.120494260912807
0.5,LS_oracle,0.121908301586621
0.5,LS_oracle,0.127359179652667
0.5,LS_oracle,0.115321746147232
0.5,LS_oracle,0.190152198376539
0.5,LS_oracle,0.0869549377315424
0.5,LS_oracle,0.228692661262109
0.5,LS_oracle,0.0765693397474121
0.5,LS_oracle,0.11228673092052
0.5,LS_oracle,0.116395966304067
0.5,LS_oracle,0.175378588480866
0.5,LS_oracle,0.0679984347254001
0.5,LS_oracle,0.122731342203576
0.5,LS_oracle,0.111150461731452
0.5,LS_oracle,0.085010255505316
0.5,LS_oracle,0.275000935525771
0.5,LS_oracle,0.169054472149627
0.5,LS_oracle,0.0945665070811696
0.5,LS_oracle,0.0924767916823377
0.5,LS_oracle,0.0962157152463749
0.5,LS_oracle,0.246165339953644
0.5,LS_oracle,0.135277400040067
0.5,LS_oracle,0.0767679364343033
0.5,LS_oracle,0.0620199957178895
0.5,LS_oracle,0.102566540022089
0.5,LS_oracle,0.159994391389552
0.5,LS_oracle,0.064751828413611
0.5,LS_oracle,0.114584009927903
0.5,LS_oracle,0.110399494813324
0.5,LS_oracle,0.103576895179087
0.5,LS_oracle,0.0599587515048667
0.5,LS_oracle,0.143880099518584
0.5,LS_oracle,0.130908806159373
0.5,LS_oracle,0.153871326520543
0.5,LS_oracle,0.131458966389246
0.5,LS_oracle,0.106774284234138
0.5,LS_oracle,0.120681621564187
0.5,LS_oracle,0.0683882017029578
0.5,LS_oracle,0.130153689644951
0.5,LS_oracle,0.091015792489388
0.5,LS_oracle,0.11663138718679
0.5,LS_oracle,0.121528383638791
0.5,LS_oracle,0.15763138557198
0.5,LS_oracle,0.171496072438478
0.5,LS_oracle,0.21721997236164
0.5,LS_oracle,0.156296892536667
0.5,LS_oracle,0.0726352398713729
0.5,LS_oracle,0.139711103255428
0.5,LS_oracle,0.170885521735203
0.5,LS_oracle,0.145686640019409
0.5,LS_oracle,0.0853357004959099
0.5,LS_oracle,0.0953271551010258
0.5,LS_oracle,0.0989039758143894
0.5,LS_oracle,0.187509305762805
0.5,LS_oracle,0.18678466198032
0.5,LS_oracle,0.0796464756372673
0.5,LS_oracle,0.0980107616931977
0.5,LS_oracle,0.3241848764557
0.5,LS_oracle,0.0982883513897949
0.5,LS_oracle,0.0729298901303508
0.5,LS_oracle,0.0832739483615956
0.5,LS_oracle,0.186089839693397
0.5,LS_oracle,0.241483897454383
0.5,LS_oracle,0.137753739594364
0.5,LS_oracle,0.0775394781856066
0.5,LS_oracle,0.0961232366629318
0.5,LS_oracle,0.162064390376842
0.5,LS_oracle,0.096372946471106
0.5,LS_oracle,0.159362041851884
0.5,LS_oracle,0.153194398207418
0.5,LS_oracle,0.07035078935444
0.5,LS_oracle,0.0958638832288494
0.5,LS_oracle,0.133466364970095
0.5,LS_oracle,0.108303088229437
0.5,LS_oracle,0.135245119612511
0.5,LS_oracle,0.0887914714842853
0.5,LS_oracle,0.0922716518394851
0.5,LS_oracle,0.147766499851045
0.5,LS_oracle,0.0817572922635513
0.5,LS_oracle,0.0990920622173386
0.5,LS_oracle,0.135087969490068
0.5,LS_oracle,0.317280369980062
0.5,LS_oracle,0.185996554423854
0.5,LS_oracle,0.188181041713291
0.5,LS_oracle,0.0591410524744983
0.5,LS_oracle,0.114966864856492
0.5,LS_oracle,0.0881258987633578
0.5,LS_oracle,0.0819466435936325
0.5,LS_oracle,0.0923172895417221
0.5,LS_oracle,0.156557199860287
0.5,LS_oracle,0.0942109343102993
0.5,LS_oracle,0.128283498149557
0.5,LS_oracle,0.108004516814845
0.5,LS_oracle,0.135851200650333
0.5,LS_oracle,0.210728394164634
0.5,LS_oracle,0.196021051789353
0.5,LS_oracle,0.0720596129211976
0.5,LS_oracle,0.0727088487953578
0.5,LS_oracle,0.0932592042451023
0.5,LS_oracle,0.23743373430851
0.5,LS_oracle,0.123276365622733
0.5,LS_oracle,0.145303005701763
0.5,LS_oracle,0.102631248494199
0.5,LS_oracle,0.0917169123021416
0.5,LS_oracle,0.101263390177628
0.5,LS_oracle,0.172055862028759
0.5,LS_oracle,0.0857510342227147
0.5,LS_oracle,0.118819509244295
0.5,LS_oracle,0.0907601880089648
0.5,LS_oracle,0.161655285741768
0.5,LS_oracle,0.0844820415305784
0.5,LS_oracle,0.273975270113425
0.5,LS_oracle,0.0933325353313955
0.5,LS_oracle,0.13661207844998
0.5,LS_oracle,0.0668356126465119
0.5,LS_oracle,0.182408855703304
0.5,LS_oracle,0.128529114392027
0.5,LS_oracle,0.189165292734947
0.5,LS_oracle,0.150213121207152
0.5,LS_oracle,0.0455706614416102
0.5,LS_oracle,0.086479095952044
0.5,LS_oracle,0.149079525634593
0.5,LS_oracle,0.102379108500112
0.5,LS_oracle,0.0936911134316347
0.5,LS_oracle,0.07848686756604
0.5,LS_oracle,0.231345983808866
0.5,LS_oracle,0.0790492617207553
0.5,LS_oracle,0.0864317648306172
0.5,LS_oracle,0.197205040659907
0.5,LS_oracle,0.0808754453235102
0.5,LS_oracle,0.125377338926585
0.5,LS_oracle,0.0908209444074901
0.5,LS_oracle,0.137943575186335
0.5,LS_oracle,0.0721349005497877
0.5,LS_oracle,0.11459797087569
0.5,TS_oracle,0.101250446077056
0.5,TS_oracle,0.102948594822642
0.5,TS_oracle,0.0821122247552384
0.5,TS_oracle,0.131523905828779
0.5,TS_oracle,0.096211776228082
0.5,TS_oracle,0.130593764435804
0.5,TS_oracle,0.266542300743104
0.5,TS_oracle,0.163387591833307
0.5,TS_oracle,0.0862585152286373
0.5,TS_oracle,0.186828397516302
0.5,TS_oracle,0.0913666889242213
0.5,TS_oracle,0.0458425344799383
0.5,TS_oracle,0.0899632608935817
0.5,TS_oracle,0.201701158940761
0.5,TS_oracle,0.138441803800336
0.5,TS_oracle,0.065153599872922
0.5,TS_oracle,0.1385964425696
0.5,TS_oracle,0.128504091666398
0.5,TS_oracle,0.0978893456171053
0.5,TS_oracle,0.125381724782657
0.5,TS_oracle,0.0880413960919584
0.5,TS_oracle,0.0732686683504533
0.5,TS_oracle,0.211094931117371
0.5,TS_oracle,0.0894139888542256
0.5,TS_oracle,0.253841666605253
0.5,TS_oracle,0.198704237035457
0.5,TS_oracle,0.0954196302748398
0.5,TS_oracle,0.373367299459928
0.5,TS_oracle,0.118608012099813
0.5,TS_oracle,0.106838633424213
0.5,TS_oracle,0.193640999670827
0.5,TS_oracle,0.244698069142411
0.5,TS_oracle,0.107528833842874
0.5,TS_oracle,0.142938625608542
0.5,TS_oracle,0.0947916496350792
0.5,TS_oracle,0.0656639621269812
0.5,TS_oracle,0.109280373781987
0.5,TS_oracle,0.100420230089004
0.5,TS_oracle,0.0826475066718894
0.5,TS_oracle,0.212337977845691
0.5,TS_oracle,0.125274344545528
0.5,TS_oracle,0.150363800145808
0.5,TS_oracle,0.0639046933817423
0.5,TS_oracle,0.107531071580544
0.5,TS_oracle,0.129542556428217
0.5,TS_oracle,0.13450350647002
0.5,TS_oracle,0.133808736642753
0.5,TS_oracle,0.0770086435612372
0.5,TS_oracle,0.104544058146657
0.5,TS_oracle,0.129917496681142
0.5,TS_oracle,0.247917674190162
0.5,TS_oracle,0.107919240641841
0.5,TS_oracle,0.0949562215816383
0.5,TS_oracle,0.104931736667854
0.5,TS_oracle,0.117747019291105
0.5,TS_oracle,0.112670651579454
0.5,TS_oracle,0.0632522429923629
0.5,TS_oracle,0.188727525569598
0.5,TS_oracle,0.175319097377653
0.5,TS_oracle,0.179589176623013
0.5,TS_oracle,0.133194675468262
0.5,TS_oracle,0.140668353135984
0.5,TS_oracle,0.0536555970166295
0.5,TS_oracle,0.0952620855254509
0.5,TS_oracle,0.0929299197638731
0.5,TS_oracle,0.0955867451190795
0.5,TS_oracle,0.106531579062932
0.5,TS_oracle,0.10646838383871
0.5,TS_oracle,0.112012625027204
0.5,TS_oracle,0.161024814180425
0.5,TS_oracle,0.0768716235681149
0.5,TS_oracle,0.150151193883687
0.5,TS_oracle,0.0748492454237386
0.5,TS_oracle,0.0912589476814748
0.5,TS_oracle,0.1098308610879
0.5,TS_oracle,0.155117175142958
0.5,TS_oracle,0.0659699734334323
0.5,TS_oracle,0.0889357056744586
0.5,TS_oracle,0.11459162816421
0.5,TS_oracle,0.0806999563788305
0.5,TS_oracle,0.293621169303448
0.5,TS_oracle,0.0899303577513845
0.5,TS_oracle,0.109929169428986
0.5,TS_oracle,0.0888784470815761
0.5,TS_oracle,0.0758926512119847
0.5,TS_oracle,0.235313457219043
0.5,TS_oracle,0.0954124696268763
0.5,TS_oracle,0.0688987858184637
0.5,TS_oracle,0.0782758758295864
0.5,TS_oracle,0.103098249386423
0.5,TS_oracle,0.11136239927842
0.5,TS_oracle,0.0643211684404981
0.5,TS_oracle,0.117014837809644
0.5,TS_oracle,0.0924374104170545
0.5,TS_oracle,0.0834368141857423
0.5,TS_oracle,0.0739398495375469
0.5,TS_oracle,0.155343296304054
0.5,TS_oracle,0.115068399590855
0.5,TS_oracle,0.159463447574242
0.5,TS_oracle,0.12919680856044
0.5,TS_oracle,0.133498251897009
0.5,TS_oracle,0.103092611132715
0.5,TS_oracle,0.0995773514103798
0.5,TS_oracle,0.141120429383567
0.5,TS_oracle,0.0678990805284379
0.5,TS_oracle,0.0994640580400617
0.5,TS_oracle,0.110427650612428
0.5,TS_oracle,0.129992120369833
0.5,TS_oracle,0.162095769540802
0.5,TS_oracle,0.233212164886622
0.5,TS_oracle,0.123285044178461
0.5,TS_oracle,0.0656927741916341
0.5,TS_oracle,0.166040463798186
0.5,TS_oracle,0.169322817491903
0.5,TS_oracle,0.160695747018869
0.5,TS_oracle,0.0634600978074026
0.5,TS_oracle,0.105378411839435
0.5,TS_oracle,0.102914562772769
0.5,TS_oracle,0.204683441849722
0.5,TS_oracle,0.198422222621277
0.5,TS_oracle,0.0660983277220521
0.5,TS_oracle,0.105368177694718
0.5,TS_oracle,0.300435530320481
0.5,TS_oracle,0.0992599091293117
0.5,TS_oracle,0.0759545631560138
0.5,TS_oracle,0.0727870570742942
0.5,TS_oracle,0.210350247743328
0.5,TS_oracle,0.276375806751695
0.5,TS_oracle,0.127305082023039
0.5,TS_oracle,0.0652435152756582
0.5,TS_oracle,0.081072528490074
0.5,TS_oracle,0.140785661582661
0.5,TS_oracle,0.0875647484086469
0.5,TS_oracle,0.169933732410114
0.5,TS_oracle,0.16346925856484
0.5,TS_oracle,0.076045848019721
0.5,TS_oracle,0.095837488952118
0.5,TS_oracle,0.109063816739912
0.5,TS_oracle,0.119635791294929
0.5,TS_oracle,0.120649914679248
0.5,TS_oracle,0.0809531592652392
0.5,TS_oracle,0.0869075339498077
0.5,TS_oracle,0.134507140680223
0.5,TS_oracle,0.0612309388415889
0.5,TS_oracle,0.101123896972923
0.5,TS_oracle,0.13651971442492
0.5,TS_oracle,0.321944129739072
0.5,TS_oracle,0.142328886038228
0.5,TS_oracle,0.16830224140502
0.5,TS_oracle,0.0506933806154455
0.5,TS_oracle,0.0966321475494031
0.5,TS_oracle,0.0855613936026381
0.5,TS_oracle,0.0958462553056425
0.5,TS_oracle,0.0646797017532351
0.5,TS_oracle,0.140286633226056
0.5,TS_oracle,0.078717799361718
0.5,TS_oracle,0.114758701934629
0.5,TS_oracle,0.0788346833005338
0.5,TS_oracle,0.156415173362892
0.5,TS_oracle,0.165903776930593
0.5,TS_oracle,0.159110250035959
0.5,TS_oracle,0.0765032762995834
0.5,TS_oracle,0.0683986993970561
0.5,TS_oracle,0.0858202416496498
0.5,TS_oracle,0.12765948373088
0.5,TS_oracle,0.138166750832478
0.5,TS_oracle,0.149470140616023
0.5,TS_oracle,0.0914361430603435
0.5,TS_oracle,0.109328695113057
0.5,TS_oracle,0.0765283990132069
0.5,TS_oracle,0.149712943921813
0.5,TS_oracle,0.0875236035999433
0.5,TS_oracle,0.117975208533336
0.5,TS_oracle,0.090373716548805
0.5,TS_oracle,0.182036573167982
0.5,TS_oracle,0.0872667700081506
0.5,TS_oracle,0.271465645125463
0.5,TS_oracle,0.0958119735532621
0.5,TS_oracle,0.128847596790551
0.5,TS_oracle,0.0670008923918347
0.5,TS_oracle,0.191191184876267
0.5,TS_oracle,0.115469046283878
0.5,TS_oracle,0.150479855056495
0.5,TS_oracle,0.125563663144063
0.5,TS_oracle,0.0561706505658572
0.5,TS_oracle,0.107563794662984
0.5,TS_oracle,0.148048966913996
0.5,TS_oracle,0.103184833120798
0.5,TS_oracle,0.0730529553874003
0.5,TS_oracle,0.06847263600433
0.5,TS_oracle,0.189332020029896
0.5,TS_oracle,0.0903192192590905
0.5,TS_oracle,0.0968582335651929
0.5,TS_oracle,0.119801020465402
0.5,TS_oracle,0.0894484517397966
0.5,TS_oracle,0.0978292641093774
0.5,TS_oracle,0.117811907626485
0.5,TS_oracle,0.0997412846707443
0.5,TS_oracle,0.0722404870043217
0.5,TS_oracle,0.0973531186070758
0.6,PLS,0.128092103341264
0.6,PLS,0.0850854709497436
0.6,PLS,0.0804718674950047
0.6,PLS,0.098102018450124
0.6,PLS,0.140884598194111
0.6,PLS,0.21823720995528
0.6,PLS,0.0989365703324558
0.6,PLS,0.112806628770134
0.6,PLS,0.146959074603602
0.6,PLS,0.17146914658983
0.6,PLS,0.066063046646963
0.6,PLS,0.177850225069796
0.6,PLS,0.143227167278174
0.6,PLS,0.112081632549316
0.6,PLS,0.134123311826019
0.6,PLS,0.145123586308575
0.6,PLS,0.092127763839823
0.6,PLS,0.0817668979935618
0.6,PLS,0.15243138411927
0.6,PLS,0.0878011039427759
0.6,PLS,0.109533204849241
0.6,PLS,0.0997600258650499
0.6,PLS,0.158049323053315
0.6,PLS,0.0593866151047067
0.6,PLS,0.123623395462237
0.6,PLS,0.0793303348010466
0.6,PLS,0.201593616033745
0.6,PLS,0.08615801943872
0.6,PLS,0.221713336769672
0.6,PLS,0.127588198208066
0.6,PLS,0.161913407425711
0.6,PLS,0.0562193047711941
0.6,PLS,0.115301123204477
0.6,PLS,0.163961528232166
0.6,PLS,0.197732142755244
0.6,PLS,0.166070595945811
0.6,PLS,0.144372145035213
0.6,PLS,0.115293225614195
0.6,PLS,0.214085423615032
0.6,PLS,0.211712641965055
0.6,PLS,0.0473424071310591
0.6,PLS,0.097672870828003
0.6,PLS,0.151783216945464
0.6,PLS,0.112884978708108
0.6,PLS,0.0621154187095733
0.6,PLS,0.130087247767158
0.6,PLS,0.17640490618758
0.6,PLS,0.175834868880678
0.6,PLS,0.122674864070299
0.6,PLS,0.117323681683656
0.6,PLS,0.176555748649711
0.6,PLS,0.0867168332516606
0.6,PLS,0.263983507719324
0.6,PLS,0.168568606466601
0.6,PLS,0.0970296582476379
0.6,PLS,0.166534667338543
0.6,PLS,0.151427902415705
0.6,PLS,0.152078807328855
0.6,PLS,0.143415952002963
0.6,PLS,0.0548721557330662
0.6,PLS,0.118495779898918
0.6,PLS,0.181664902462436
0.6,PLS,0.574575224929098
0.6,PLS,0.0867027494021515
0.6,PLS,0.0626450648996435
0.6,PLS,0.158218136941261
0.6,PLS,0.240244292254422
0.6,PLS,0.0753361359992462
0.6,PLS,0.124070011809677
0.6,PLS,0.0537401214205717
0.6,PLS,0.0902588442690233
0.6,PLS,0.0821326824714504
0.6,PLS,0.124961177768819
0.6,PLS,0.117332234487696
0.6,PLS,0.293805505572243
0.6,PLS,0.137051587530997
0.6,PLS,0.12911992137468
0.6,PLS,0.139331678780268
0.6,PLS,0.143904815850288
0.6,PLS,0.218387800537978
0.6,PLS,0.112381095626425
0.6,PLS,0.0841836371817133
0.6,PLS,0.146531988399723
0.6,PLS,0.0572677511503567
0.6,PLS,0.0983452178824565
0.6,PLS,0.150124498629839
0.6,PLS,0.103850585443865
0.6,PLS,0.197123958761344
0.6,PLS,0.20446530466752
0.6,PLS,0.116380724770414
0.6,PLS,0.17510411678117
0.6,PLS,0.186672695425164
0.6,PLS,0.163519892753774
0.6,PLS,0.0955804398490284
0.6,PLS,0.122356077752712
0.6,PLS,0.153578914997597
0.6,PLS,0.0918561656805334
0.6,PLS,0.0992508062202883
0.6,PLS,0.1133567684829
0.6,PLS,0.272515379219748
0.6,PLS,0.0458599189635184
0.6,PLS,0.152324299389798
0.6,PLS,0.106854576912273
0.6,PLS,0.13633209907637
0.6,PLS,0.0869773142205589
0.6,PLS,0.358773149195079
0.6,PLS,0.10035028494537
0.6,PLS,0.0779973769758496
0.6,PLS,0.167676927492553
0.6,PLS,0.0916623150299164
0.6,PLS,0.154487124160858
0.6,PLS,0.077361037268028
0.6,PLS,0.142005516813372
0.6,PLS,0.0769110467221792
0.6,PLS,0.128045975169811
0.6,PLS,0.111057980150337
0.6,PLS,0.188311393460018
0.6,PLS,0.155663288045047
0.6,PLS,0.117546146579079
0.6,PLS,0.136794496090255
0.6,PLS,0.110584507324076
0.6,PLS,0.0528844949115001
0.6,PLS,0.0935644650639761
0.6,PLS,0.281703720948477
0.6,PLS,0.226351013746398
0.6,PLS,0.0973718591060472
0.6,PLS,0.129981430068024
0.6,PLS,0.149735525664196
0.6,PLS,0.324618273181819
0.6,PLS,0.0873659661061155
0.6,PLS,0.114019519983288
0.6,PLS,0.0949520386313642
0.6,PLS,0.170313787994942
0.6,PLS,0.107836146118024
0.6,PLS,0.0908804475942551
0.6,PLS,0.251019528639548
0.6,PLS,0.178699078920211
0.6,PLS,0.22640655013479
0.6,PLS,0.139477517395565
0.6,PLS,0.203926177214076
0.6,PLS,0.17321529364297
0.6,PLS,0.102823503908084
0.6,PLS,0.0650926902640421
0.6,PLS,0.0766232944136409
0.6,PLS,0.102023950236171
0.6,PLS,0.0722011706224223
0.6,PLS,0.102599507361085
0.6,PLS,0.0712123425702352
0.6,PLS,0.437417941564119
0.6,PLS,0.0627020452768574
0.6,PLS,0.124517269831858
0.6,PLS,0.104495905439463
0.6,PLS,0.195480273989775
0.6,PLS,0.0391252960784464
0.6,PLS,0.104987045961213
0.6,PLS,0.104221593178843
0.6,PLS,0.167625709603116
0.6,PLS,0.0901791411731095
0.6,PLS,0.121121344074399
0.6,PLS,0.178442860173104
0.6,PLS,0.139471160001573
0.6,PLS,0.10310009693821
0.6,PLS,0.101636383766825
0.6,PLS,0.189468570522037
0.6,PLS,0.145069641169434
0.6,PLS,0.101144466202005
0.6,PLS,0.0835003742236849
0.6,PLS,0.200172682298292
0.6,PLS,0.373980874373668
0.6,PLS,0.18431066452452
0.6,PLS,0.0938357906102479
0.6,PLS,0.172282719190111
0.6,PLS,0.129064881270411
0.6,PLS,0.167774358651165
0.6,PLS,0.0839945775641172
0.6,PLS,0.106814174598808
0.6,PLS,0.115103958991823
0.6,PLS,0.202720338080931
0.6,PLS,0.168333467674563
0.6,PLS,0.120692027140548
0.6,PLS,0.143019581846193
0.6,PLS,0.133659094737674
0.6,PLS,0.111860827708096
0.6,PLS,0.121709952559794
0.6,PLS,0.512050063482278
0.6,PLS,0.0465888219486665
0.6,PLS,0.0510924664173769
0.6,PLS,0.0903937053100373
0.6,PLS,0.184069232157112
0.6,PLS,0.0849780536513281
0.6,PLS,0.173592677117528
0.6,PLS,0.0675811170107803
0.6,PLS,0.148191716187956
0.6,PLS,0.229852447346181
0.6,PLS,0.0719534530561358
0.6,PLS,0.144681571706047
0.6,PLS,0.112451438962793
0.6,PLS,0.157781131746874
0.6,PLS,0.113690164397926
0.6,PLS,0.146140843304198
0.6,fTS,0.0770429026034181
0.6,fTS,0.0861025355555326
0.6,fTS,0.103221123135868
0.6,fTS,0.0985992840133796
0.6,fTS,0.115551334983785
0.6,fTS,0.169524074796486
0.6,fTS,0.0795819081687936
0.6,fTS,0.166488358444928
0.6,fTS,0.0886981846696047
0.6,fTS,0.142900486193749
0.6,fTS,0.0721404495055328
0.6,fTS,0.169858051825379
0.6,fTS,0.11681775059707
0.6,fTS,0.169869279438985
0.6,fTS,0.150117792456549
0.6,fTS,0.140750403414601
0.6,fTS,0.0910923707630376
0.6,fTS,0.105926361198704
0.6,fTS,0.114910398812029
0.6,fTS,0.0637783225022956
0.6,fTS,0.07340171645805
0.6,fTS,0.143797958090724
0.6,fTS,0.138706126856839
0.6,fTS,0.0443839427366052
0.6,fTS,0.111729191261072
0.6,fTS,0.0586781134647129
0.6,fTS,0.131544413518029
0.6,fTS,0.0861265561485729
0.6,fTS,0.179314156326515
0.6,fTS,0.0642298840588686
0.6,fTS,0.151879193416632
0.6,fTS,0.0594358318523173
0.6,fTS,0.0936187343282676
0.6,fTS,0.127506777843477
0.6,fTS,0.190263333691469
0.6,fTS,0.111691043362798
0.6,fTS,0.124841155723317
0.6,fTS,0.0817125646052209
0.6,fTS,0.193204431821501
0.6,fTS,0.148824975307378
0.6,fTS,0.0636612642269816
0.6,fTS,0.0711143939472169
0.6,fTS,0.143085129099924
0.6,fTS,0.0785276354380917
0.6,fTS,0.0751306381649463
0.6,fTS,0.103959514071783
0.6,fTS,0.121105520202902
0.6,fTS,0.168584389406153
0.6,fTS,0.129260384209472
0.6,fTS,0.120717158555081
0.6,fTS,0.0920859088225676
0.6,fTS,0.0791451464432446
0.6,fTS,0.164637978669938
0.6,fTS,0.10270565622254
0.6,fTS,0.0744950251348426
0.6,fTS,0.125633503073679
0.6,fTS,0.134093050849128
0.6,fTS,0.112434485431807
0.6,fTS,0.122282473515932
0.6,fTS,0.0433579498230846
0.6,fTS,0.122734305368781
0.6,fTS,0.110869628775305
0.6,fTS,0.565689806376398
0.6,fTS,0.106251790820753
0.6,fTS,0.132008091971459
0.6,fTS,0.158153935588062
0.6,fTS,0.189719129752986
0.6,fTS,0.0768813919636993
0.6,fTS,0.114195003355513
0.6,fTS,0.0596297726048557
0.6,fTS,0.0720675489744284
0.6,fTS,0.0841493260967247
0.6,fTS,0.102007489611293
0.6,fTS,0.0964754239286824
0.6,fTS,0.253848528269255
0.6,fTS,0.119698337428091
0.6,fTS,0.116349891190972
0.6,fTS,0.133865962090924
0.6,fTS,0.127682330370471
0.6,fTS,0.233847947874572
0.6,fTS,0.0849705625495452
0.6,fTS,0.0536317042681623
0.6,fTS,0.120678610070461
0.6,fTS,0.083481305319109
0.6,fTS,0.0639008260254106
0.6,fTS,0.103835636102778
0.6,fTS,0.0632305836926611
0.6,fTS,0.118976744556433
0.6,fTS,0.178711647865734
0.6,fTS,0.114228237610034
0.6,fTS,0.159689778092173
0.6,fTS,0.185908655814732
0.6,fTS,0.174332055377502
0.6,fTS,0.11084935936685
0.6,fTS,0.13409623252394
0.6,fTS,0.071696578355434
0.6,fTS,0.0941541742904135
0.6,fTS,0.0946022319893909
0.6,fTS,0.0946828758288893
0.6,fTS,0.193093687949116
0.6,fTS,0.0447556975643316
0.6,fTS,0.122100482256988
0.6,fTS,0.119104280422275
0.6,fTS,0.13540486546674
0.6,fTS,0.0783156945132427
0.6,fTS,0.332782062404011
0.6,fTS,0.0790928652761495
0.6,fTS,0.0607635642349044
0.6,fTS,0.157360965395022
0.6,fTS,0.0824917967516922
0.6,fTS,0.156529912285876
0.6,fTS,0.0699681233212625
0.6,fTS,0.119273478302487
0.6,fTS,0.0938797404877005
0.6,fTS,0.124840949681733
0.6,fTS,0.0885826785219967
0.6,fTS,0.12940311581895
0.6,fTS,0.130296330587571
0.6,fTS,0.0923046501320929
0.6,fTS,0.144853388399383
0.6,fTS,0.115704929028557
0.6,fTS,0.0534166945931234
0.6,fTS,0.0908061047170559
0.6,fTS,0.220914784042022
0.6,fTS,0.176217548915446
0.6,fTS,0.127244006022551
0.6,fTS,0.111192140468946
0.6,fTS,0.17230009291186
0.6,fTS,0.204559997663214
0.6,fTS,0.072911343143478
0.6,fTS,0.133409203175961
0.6,fTS,0.0983344519320391
0.6,fTS,0.163865682560189
0.6,fTS,0.106217110127988
0.6,fTS,0.086675256047014
0.6,fTS,0.283353732290327
0.6,fTS,0.158770651465972
0.6,fTS,0.17384072219388
0.6,fTS,0.14761579871155
0.6,fTS,0.209059825833657
0.6,fTS,0.0835810970060021
0.6,fTS,0.0823332848105814
0.6,fTS,0.0754246299691788
0.6,fTS,0.0751223693645845
0.6,fTS,0.0749174789194302
0.6,fTS,0.0876598466246517
0.6,fTS,0.115546146176077
0.6,fTS,0.0522390112034754
0.6,fTS,0.44918986696079
0.6,fTS,0.0470659040389173
0.6,fTS,0.0956090827504628
0.6,fTS,0.085372739577745
0.6,fTS,0.175657517166683
0.6,fTS,0.0414070556830516
0.6,fTS,0.126431652844873
0.6,fTS,0.0746866914597484
0.6,fTS,0.0949295521040926
0.6,fTS,0.104094525242019
0.6,fTS,0.10256103844308
0.6,fTS,0.123464456604308
0.6,fTS,0.106880374053101
0.6,fTS,0.104344669013833
0.6,fTS,0.0713133056737572
0.6,fTS,0.172748791293539
0.6,fTS,0.135834292825046
0.6,fTS,0.0790320019842964
0.6,fTS,0.112660973099644
0.6,fTS,0.138443160659465
0.6,fTS,0.372596248551764
0.6,fTS,0.226868787383325
0.6,fTS,0.0890720767915404
0.6,fTS,0.122190082908218
0.6,fTS,0.121797384340685
0.6,fTS,0.171440622975765
0.6,fTS,0.109506493036863
0.6,fTS,0.0912264243047072
0.6,fTS,0.0877809814733419
0.6,fTS,0.196219668573104
0.6,fTS,0.165109718092125
0.6,fTS,0.117692967678833
0.6,fTS,0.0743335395091566
0.6,fTS,0.121389959368466
0.6,fTS,0.136329892612945
0.6,fTS,0.112650138675644
0.6,fTS,0.137488917964016
0.6,fTS,0.0433732525895294
0.6,fTS,0.057758963755032
0.6,fTS,0.0823064146274366
0.6,fTS,0.187237607292049
0.6,fTS,0.0820999125975442
0.6,fTS,0.145029119156293
0.6,fTS,0.0746759869281055
0.6,fTS,0.139155444445473
0.6,fTS,0.224426648734372
0.6,fTS,0.0730353970457765
0.6,fTS,0.0930654492334524
0.6,fTS,0.117707319159249
0.6,fTS,0.149460714980985
0.6,fTS,0.14597786124207
0.6,fTS,0.170785997567477
0.6,LS_oracle,0.130456225562654
0.6,LS_oracle,0.0856117017172019
0.6,LS_oracle,0.0815259242644344
0.6,LS_oracle,0.0984237201368719
0.6,LS_oracle,0.138100635820215
0.6,LS_oracle,0.21744539925916
0.6,LS_oracle,0.100115595167281
0.6,LS_oracle,0.112802221896751
0.6,LS_oracle,0.144945036292552
0.6,LS_oracle,0.171409173479849
0.6,LS_oracle,0.0680854537054278
0.6,LS_oracle,0.176640989036796
0.6,LS_oracle,0.146225356124138
0.6,LS_oracle,0.113720128035395
0.6,LS_oracle,0.134645123633373
0.6,LS_oracle,0.146405109099897
0.6,LS_oracle,0.0921362708745871
0.6,LS_oracle,0.0816370678688339
0.6,LS_oracle,0.152427438529281
0.6,LS_oracle,0.0888924320754294
0.6,LS_oracle,0.109670105697777
0.6,LS_oracle,0.0990718199199681
0.6,LS_oracle,0.157953582300616
0.6,LS_oracle,0.059955899141414
0.6,LS_oracle,0.124587635856003
0.6,LS_oracle,0.0786830924174429
0.6,LS_oracle,0.203343056022557
0.6,LS_oracle,0.0861568795275791
0.6,LS_oracle,0.220572093880015
0.6,LS_oracle,0.128412941701267
0.6,LS_oracle,0.16176131375251
0.6,LS_oracle,0.0561450881224941
0.6,LS_oracle,0.117411464504046
0.6,LS_oracle,0.164281894008317
0.6,LS_oracle,0.198414426704541
0.6,LS_oracle,0.169701665910036
0.6,LS_oracle,0.144470698261737
0.6,LS_oracle,0.115244758338289
0.6,LS_oracle,0.215430287468805
0.6,LS_oracle,0.211786853903803
0.6,LS_oracle,0.0482231782510512
0.6,LS_oracle,0.0971301067502638
0.6,LS_oracle,0.151674425688704
0.6,LS_oracle,0.112297596472431
0.6,LS_oracle,0.0620417805946578
0.6,LS_oracle,0.122611228654872
0.6,LS_oracle,0.176620626197108
0.6,LS_oracle,0.176528057556136
0.6,LS_oracle,0.122477548643866
0.6,LS_oracle,0.120002633176659
0.6,LS_oracle,0.174199708872078
0.6,LS_oracle,0.0867041368508416
0.6,LS_oracle,0.2648813989879
0.6,LS_oracle,0.164850591148565
0.6,LS_oracle,0.0969816514355804
0.6,LS_oracle,0.166487808286504
0.6,LS_oracle,0.151226342347677
0.6,LS_oracle,0.152406198026681
0.6,LS_oracle,0.144598979262979
0.6,LS_oracle,0.0532164266518055
0.6,LS_oracle,0.118700737299177
0.6,LS_oracle,0.182223786766124
0.6,LS_oracle,0.574310193427475
0.6,LS_oracle,0.0862649005092546
0.6,LS_oracle,0.0620490934692514
0.6,LS_oracle,0.158177526154367
0.6,LS_oracle,0.24050627500615
0.6,LS_oracle,0.0753604073048268
0.6,LS_oracle,0.124019059536183
0.6,LS_oracle,0.0533024324751296
0.6,LS_oracle,0.0903600303545608
0.6,LS_oracle,0.0820780771047137
0.6,LS_oracle,0.135153892551658
0.6,LS_oracle,0.117487991162948
0.6,LS_oracle,0.29511355632776
0.6,LS_oracle,0.137234792994763
0.6,LS_oracle,0.129136605593675
0.6,LS_oracle,0.142708337482504
0.6,LS_oracle,0.144601144521733
0.6,LS_oracle,0.216649457735277
0.6,LS_oracle,0.112476385716595
0.6,LS_oracle,0.084239631771251
0.6,LS_oracle,0.138283276049962
0.6,LS_oracle,0.0579069662854793
0.6,LS_oracle,0.0974738553288294
0.6,LS_oracle,0.150192140459054
0.6,LS_oracle,0.1043895291016
0.6,LS_oracle,0.194949520540345
0.6,LS_oracle,0.205331118638458
0.6,LS_oracle,0.11766061942476
0.6,LS_oracle,0.174459297735714
0.6,LS_oracle,0.186213479630351
0.6,LS_oracle,0.162916357609688
0.6,LS_oracle,0.0961729384614281
0.6,LS_oracle,0.122073040115675
0.6,LS_oracle,0.156114848983882
0.6,LS_oracle,0.0917520426521123
0.6,LS_oracle,0.099390569165901
0.6,LS_oracle,0.114178284451717
0.6,LS_oracle,0.27354927628106
0.6,LS_oracle,0.0460243275392911
0.6,LS_oracle,0.152516925983517
0.6,LS_oracle,0.10681514054002
0.6,LS_oracle,0.136224038531279
0.6,LS_oracle,0.0873082798192509
0.6,LS_oracle,0.358534411580356
0.6,LS_oracle,0.100266537695347
0.6,LS_oracle,0.0779754946711717
0.6,LS_oracle,0.168724403182732
0.6,LS_oracle,0.0914256727477671
0.6,LS_oracle,0.152634482245589
0.6,LS_oracle,0.077234263863485
0.6,LS_oracle,0.141690580049102
0.6,LS_oracle,0.0765243093042327
0.6,LS_oracle,0.127910101814607
0.6,LS_oracle,0.110161057874699
0.6,LS_oracle,0.189558936464969
0.6,LS_oracle,0.155636765313594
0.6,LS_oracle,0.117969819018683
0.6,LS_oracle,0.136884130139807
0.6,LS_oracle,0.110185022712057
0.6,LS_oracle,0.0527347681495362
0.6,LS_oracle,0.0934295105361447
0.6,LS_oracle,0.280796690738709
0.6,LS_oracle,0.230358378261328
0.6,LS_oracle,0.0992587632519605
0.6,LS_oracle,0.13017088715965
0.6,LS_oracle,0.150896050666081
0.6,LS_oracle,0.315660058732934
0.6,LS_oracle,0.0903179371503016
0.6,LS_oracle,0.114401578421671
0.6,LS_oracle,0.094602119870009
0.6,LS_oracle,0.168490469597548
0.6,LS_oracle,0.107777826048949
0.6,LS_oracle,0.0923191747814055
0.6,LS_oracle,0.250435216032113
0.6,LS_oracle,0.178966753941429
0.6,LS_oracle,0.226015315038264
0.6,LS_oracle,0.139439038239795
0.6,LS_oracle,0.203346294298986
0.6,LS_oracle,0.173944009419807
0.6,LS_oracle,0.103087221584064
0.6,LS_oracle,0.0645663008996414
0.6,LS_oracle,0.076560851659124
0.6,LS_oracle,0.0996126644543547
0.6,LS_oracle,0.0717795889704509
0.6,LS_oracle,0.102451935962228
0.6,LS_oracle,0.0712140024060781
0.6,LS_oracle,0.436246725574498
0.6,LS_oracle,0.062761233953021
0.6,LS_oracle,0.124094082483656
0.6,LS_oracle,0.111297125303354
0.6,LS_oracle,0.194766479100692
0.6,LS_oracle,0.0390977254122766
0.6,LS_oracle,0.105453507862226
0.6,LS_oracle,0.104206866291222
0.6,LS_oracle,0.166440863159313
0.6,LS_oracle,0.0907227359630557
0.6,LS_oracle,0.120715270548062
0.6,LS_oracle,0.178098806870174
0.6,LS_oracle,0.139394432221642
0.6,LS_oracle,0.10344080999777
0.6,LS_oracle,0.102199156339825
0.6,LS_oracle,0.186956123515339
0.6,LS_oracle,0.144905690790945
0.6,LS_oracle,0.101124800110516
0.6,LS_oracle,0.0827457968114743
0.6,LS_oracle,0.200156174596759
0.6,LS_oracle,0.37053376246928
0.6,LS_oracle,0.182148333407404
0.6,LS_oracle,0.0937730180496249
0.6,LS_oracle,0.169717905819584
0.6,LS_oracle,0.12935238622334
0.6,LS_oracle,0.168116441171853
0.6,LS_oracle,0.0839945548400831
0.6,LS_oracle,0.106375602094942
0.6,LS_oracle,0.116220068527931
0.6,LS_oracle,0.202414451726047
0.6,LS_oracle,0.169773957132797
0.6,LS_oracle,0.121848258459822
0.6,LS_oracle,0.140635923433293
0.6,LS_oracle,0.135129174884096
0.6,LS_oracle,0.112347413573768
0.6,LS_oracle,0.123209775618163
0.6,LS_oracle,0.129250656680436
0.6,LS_oracle,0.0454915755841031
0.6,LS_oracle,0.0510640239090039
0.6,LS_oracle,0.0905077614086602
0.6,LS_oracle,0.184099947191958
0.6,LS_oracle,0.0866111997465921
0.6,LS_oracle,0.172835527291381
0.6,LS_oracle,0.0675396599040145
0.6,LS_oracle,0.148852987230907
0.6,LS_oracle,0.232413496357277
0.6,LS_oracle,0.0724460699623528
0.6,LS_oracle,0.144946304483195
0.6,LS_oracle,0.111722396907174
0.6,LS_oracle,0.157931120614901
0.6,LS_oracle,0.114540045795196
0.6,LS_oracle,0.146190063954623
0.6,TS_oracle,0.0771648494378014
0.6,TS_oracle,0.0860853579528296
0.6,TS_oracle,0.103544837605161
0.6,TS_oracle,0.0985647775108343
0.6,TS_oracle,0.11551750855109
0.6,TS_oracle,0.168997699146128
0.6,TS_oracle,0.0797608466257388
0.6,TS_oracle,0.166637292400447
0.6,TS_oracle,0.0886995889677475
0.6,TS_oracle,0.142941077684822
0.6,TS_oracle,0.0721114304253672
0.6,TS_oracle,0.162521584499365
0.6,TS_oracle,0.116772222221978
0.6,TS_oracle,0.169130990661299
0.6,TS_oracle,0.152052457213828
0.6,TS_oracle,0.141067590156584
0.6,TS_oracle,0.0912154832741313
0.6,TS_oracle,0.105971449666272
0.6,TS_oracle,0.114369278785122
0.6,TS_oracle,0.0639962607500566
0.6,TS_oracle,0.0742639006474009
0.6,TS_oracle,0.141397607197509
0.6,TS_oracle,0.138690504799179
0.6,TS_oracle,0.0446946362910946
0.6,TS_oracle,0.11197880602949
0.6,TS_oracle,0.0586744475184726
0.6,TS_oracle,0.131705676125539
0.6,TS_oracle,0.0861190156242014
0.6,TS_oracle,0.178845228217964
0.6,TS_oracle,0.0642704305432679
0.6,TS_oracle,0.15099197585465
0.6,TS_oracle,0.0593938273743982
0.6,TS_oracle,0.0936275914842953
0.6,TS_oracle,0.127682526224957
0.6,TS_oracle,0.19007270837041
0.6,TS_oracle,0.113068962115381
0.6,TS_oracle,0.124816628329841
0.6,TS_oracle,0.0841391417984335
0.6,TS_oracle,0.193184862968066
0.6,TS_oracle,0.147512321046506
0.6,TS_oracle,0.0635651003088036
0.6,TS_oracle,0.0708914615486024
0.6,TS_oracle,0.143082299304817
0.6,TS_oracle,0.0786562503463086
0.6,TS_oracle,0.0749318783329544
0.6,TS_oracle,0.103953915075803
0.6,TS_oracle,0.117965921259034
0.6,TS_oracle,0.166527365382584
0.6,TS_oracle,0.129183842966247
0.6,TS_oracle,0.127215611755417
0.6,TS_oracle,0.0910520394070571
0.6,TS_oracle,0.0779946630771416
0.6,TS_oracle,0.164577547382852
0.6,TS_oracle,0.100210594604211
0.6,TS_oracle,0.0760130479966078
0.6,TS_oracle,0.125278759110959
0.6,TS_oracle,0.133917554237811
0.6,TS_oracle,0.112404694006354
0.6,TS_oracle,0.121971066051632
0.6,TS_oracle,0.0411596213489902
0.6,TS_oracle,0.122793979836944
0.6,TS_oracle,0.114505544670074
0.6,TS_oracle,0.565691736260806
0.6,TS_oracle,0.106289245400621
0.6,TS_oracle,0.132087015169359
0.6,TS_oracle,0.158158579771845
0.6,TS_oracle,0.189969633595474
0.6,TS_oracle,0.0768893967591427
0.6,TS_oracle,0.115516696084238
0.6,TS_oracle,0.0569838505036828
0.6,TS_oracle,0.0721100896238023
0.6,TS_oracle,0.0864061688261868
0.6,TS_oracle,0.106169390621748
0.6,TS_oracle,0.0965290737427294
0.6,TS_oracle,0.254333394594896
0.6,TS_oracle,0.119780232149821
0.6,TS_oracle,0.116293521314048
0.6,TS_oracle,0.135672382269371
0.6,TS_oracle,0.127517420201297
0.6,TS_oracle,0.23336988790334
0.6,TS_oracle,0.0847614238630683
0.6,TS_oracle,0.0536289824149997
0.6,TS_oracle,0.10598824921974
0.6,TS_oracle,0.0831638418411195
0.6,TS_oracle,0.0639723832147914
0.6,TS_oracle,0.103457996798748
0.6,TS_oracle,0.0634369302171787
0.6,TS_oracle,0.118672162142441
0.6,TS_oracle,0.181298281927897
0.6,TS_oracle,0.11465411941478
0.6,TS_oracle,0.15842538958474
0.6,TS_oracle,0.185964670421525
0.6,TS_oracle,0.174137717303055
0.6,TS_oracle,0.110584058883463
0.6,TS_oracle,0.134329843732807
0.6,TS_oracle,0.072304650270661
0.6,TS_oracle,0.0941293150480188
0.6,TS_oracle,0.0944514475850058
0.6,TS_oracle,0.0947017661556581
0.6,TS_oracle,0.193600172166514
0.6,TS_oracle,0.0449843607536538
0.6,TS_oracle,0.120768764983579
0.6,TS_oracle,0.119086168789757
0.6,TS_oracle,0.135275659382591
0.6,TS_oracle,0.078249573755457
0.6,TS_oracle,0.332682948317566
0.6,TS_oracle,0.0785947695595078
0.6,TS_oracle,0.0607635858305987
0.6,TS_oracle,0.157437438002808
0.6,TS_oracle,0.0824212164197292
0.6,TS_oracle,0.156209229189975
0.6,TS_oracle,0.0699510285082555
0.6,TS_oracle,0.120293781595698
0.6,TS_oracle,0.0936393686499293
0.6,TS_oracle,0.124843261121765
0.6,TS_oracle,0.0878236739019814
0.6,TS_oracle,0.128371353386678
0.6,TS_oracle,0.130401467412539
0.6,TS_oracle,0.0922104478969765
0.6,TS_oracle,0.145810606909216
0.6,TS_oracle,0.115627758456622
0.6,TS_oracle,0.0532358833688431
0.6,TS_oracle,0.0912384752633094
0.6,TS_oracle,0.217221337787609
0.6,TS_oracle,0.176270170187136
0.6,TS_oracle,0.123657592045611
0.6,TS_oracle,0.111871115983614
0.6,TS_oracle,0.172267276688501
0.6,TS_oracle,0.204131578447165
0.6,TS_oracle,0.0730233364076501
0.6,TS_oracle,0.133361955724768
0.6,TS_oracle,0.0970199839148192
0.6,TS_oracle,0.1655260372643
0.6,TS_oracle,0.106253993921277
0.6,TS_oracle,0.0865837514791399
0.6,TS_oracle,0.283382663935109
0.6,TS_oracle,0.158801321254554
0.6,TS_oracle,0.172788589985387
0.6,TS_oracle,0.148211138922734
0.6,TS_oracle,0.209042817428791
0.6,TS_oracle,0.0840674374618564
0.6,TS_oracle,0.0821336226764858
0.6,TS_oracle,0.0754257463539041
0.6,TS_oracle,0.0751401055480988
0.6,TS_oracle,0.0746964411816907
0.6,TS_oracle,0.0876009106955832
0.6,TS_oracle,0.115607033072361
0.6,TS_oracle,0.0521835058503926
0.6,TS_oracle,0.449479220510221
0.6,TS_oracle,0.0468126548987875
0.6,TS_oracle,0.095434351127735
0.6,TS_oracle,0.0852469272049517
0.6,TS_oracle,0.175439617549653
0.6,TS_oracle,0.0415891451530718
0.6,TS_oracle,0.126675066481129
0.6,TS_oracle,0.074641263337351
0.6,TS_oracle,0.0953140052649114
0.6,TS_oracle,0.103942733386621
0.6,TS_oracle,0.102858167220472
0.6,TS_oracle,0.122362611018677
0.6,TS_oracle,0.106992569565752
0.6,TS_oracle,0.104449161518581
0.6,TS_oracle,0.0715960845189982
0.6,TS_oracle,0.172432003751218
0.6,TS_oracle,0.135729047953012
0.6,TS_oracle,0.0789994573698008
0.6,TS_oracle,0.111765254126952
0.6,TS_oracle,0.138449559697063
0.6,TS_oracle,0.373017525621969
0.6,TS_oracle,0.227093896129954
0.6,TS_oracle,0.0890728278537228
0.6,TS_oracle,0.121441275187036
0.6,TS_oracle,0.122601726235795
0.6,TS_oracle,0.171612470243679
0.6,TS_oracle,0.10910728648791
0.6,TS_oracle,0.0898981142082402
0.6,TS_oracle,0.0869023869695785
0.6,TS_oracle,0.196221790249525
0.6,TS_oracle,0.165052673292868
0.6,TS_oracle,0.117716992187801
0.6,TS_oracle,0.0731486822886795
0.6,TS_oracle,0.121402086863164
0.6,TS_oracle,0.137673056846718
0.6,TS_oracle,0.112748973636828
0.6,TS_oracle,0.137790284746149
0.6,TS_oracle,0.04317351017423
0.6,TS_oracle,0.0572382985513633
0.6,TS_oracle,0.0822586739603125
0.6,TS_oracle,0.187210706920582
0.6,TS_oracle,0.0822248176996263
0.6,TS_oracle,0.14499736470485
0.6,TS_oracle,0.0746865261607485
0.6,TS_oracle,0.13844147856923
0.6,TS_oracle,0.227345169523518
0.6,TS_oracle,0.0734952169442951
0.6,TS_oracle,0.0930502086201107
0.6,TS_oracle,0.117713538348789
0.6,TS_oracle,0.149561092292004
0.6,TS_oracle,0.145346271501163
0.6,TS_oracle,0.170813153676186
0.7,PLS,0.133242753456599
0.7,PLS,0.224763122263555
0.7,PLS,0.154172538994085
0.7,PLS,0.0608138716383065
0.7,PLS,0.0708611933319744
0.7,PLS,0.0493563733456465
0.7,PLS,0.0925835641125939
0.7,PLS,0.100766112491604
0.7,PLS,0.123266731395776
0.7,PLS,0.0902322522492579
0.7,PLS,0.222639580874867
0.7,PLS,0.07954151708982
0.7,PLS,0.259569879934391
0.7,PLS,0.061368034508604
0.7,PLS,0.119049893511886
0.7,PLS,0.0938842129073697
0.7,PLS,0.237371403799294
0.7,PLS,0.102291937576716
0.7,PLS,0.0988485212062375
0.7,PLS,0.114162657639505
0.7,PLS,0.113682235844224
0.7,PLS,0.108492733301216
0.7,PLS,0.160741423388303
0.7,PLS,0.108723365309658
0.7,PLS,0.0553418855207113
0.7,PLS,0.177272280975866
0.7,PLS,0.0704775504838329
0.7,PLS,0.0823365753429795
0.7,PLS,0.147191530911214
0.7,PLS,0.113851591056271
0.7,PLS,0.238828413276278
0.7,PLS,0.12259600973341
0.7,PLS,0.0664633575333809
0.7,PLS,0.0614105469326211
0.7,PLS,0.106758421037852
0.7,PLS,0.123641762676187
0.7,PLS,0.0827168540533066
0.7,PLS,0.0712332095573917
0.7,PLS,0.150697538430082
0.7,PLS,0.208330706989882
0.7,PLS,0.0566154766806666
0.7,PLS,0.0737740346015796
0.7,PLS,0.12990560253689
0.7,PLS,0.0634011798773557
0.7,PLS,0.0975372557538572
0.7,PLS,0.14008958773866
0.7,PLS,0.160717186607701
0.7,PLS,0.115888886320573
0.7,PLS,0.0949242167879896
0.7,PLS,0.155740036978474
0.7,PLS,0.152255640907112
0.7,PLS,0.0640396376063854
0.7,PLS,0.224272463990887
0.7,PLS,0.14630867384963
0.7,PLS,0.171083689314482
0.7,PLS,0.218377633836298
0.7,PLS,0.0814816826102414
0.7,PLS,0.176386120563625
0.7,PLS,0.143825497590475
0.7,PLS,0.158409305706919
0.7,PLS,0.133740016654117
0.7,PLS,0.170641861667618
0.7,PLS,0.122121268289894
0.7,PLS,0.105206468419427
0.7,PLS,0.135785700578977
0.7,PLS,0.130590397071896
0.7,PLS,0.133541931291375
0.7,PLS,0.0722954339643198
0.7,PLS,0.170040359795238
0.7,PLS,0.118007223424958
0.7,PLS,0.107479926373768
0.7,PLS,0.110637222425078
0.7,PLS,0.084069364522806
0.7,PLS,0.170450738867833
0.7,PLS,0.109374332720427
0.7,PLS,0.0952572732517826
0.7,PLS,0.220800095541527
0.7,PLS,0.145258935338008
0.7,PLS,0.154849164882878
0.7,PLS,0.180412423946847
0.7,PLS,0.0819784832216578
0.7,PLS,0.158459811895079
0.7,PLS,0.0794048451294179
0.7,PLS,0.107789872103613
0.7,PLS,0.110249846876035
0.7,PLS,0.0852484694171192
0.7,PLS,0.0984458995461195
0.7,PLS,0.130081381553429
0.7,PLS,0.193148619376936
0.7,PLS,0.123863329652711
0.7,PLS,0.194105940508114
0.7,PLS,0.114465469307509
0.7,PLS,0.126636744684638
0.7,PLS,0.172258385763967
0.7,PLS,0.166200280474855
0.7,PLS,0.0696927349340678
0.7,PLS,0.148688903464557
0.7,PLS,0.110940925373891
0.7,PLS,0.0676894903016861
0.7,PLS,0.14200898693823
0.7,PLS,0.124217486563293
0.7,PLS,0.127475376356595
0.7,PLS,0.187147668774463
0.7,PLS,0.0734425468216531
0.7,PLS,0.0534532868001623
0.7,PLS,0.128761093638325
0.7,PLS,0.104584414992268
0.7,PLS,0.119981637387529
0.7,PLS,0.117098499598699
0.7,PLS,0.159155582665209
0.7,PLS,0.0876374718129782
0.7,PLS,0.127028694475065
0.7,PLS,0.130367505306738
0.7,PLS,0.13046444096546
0.7,PLS,0.0730291240714473
0.7,PLS,0.206357161276471
0.7,PLS,0.0556842843548829
0.7,PLS,0.124248049055117
0.7,PLS,0.0855817199749547
0.7,PLS,0.0394809733951082
0.7,PLS,0.119982810721003
0.7,PLS,0.109890839060209
0.7,PLS,0.0974331621364617
0.7,PLS,0.186794652489598
0.7,PLS,0.184756823330875
0.7,PLS,0.123538039572961
0.7,PLS,0.126364100506606
0.7,PLS,0.153919590978521
0.7,PLS,0.0877778255978589
0.7,PLS,0.186348902332024
0.7,PLS,0.0648730922174204
0.7,PLS,0.157790332924796
0.7,PLS,0.0984476421427991
0.7,PLS,0.061627658409617
0.7,PLS,0.134032103976483
0.7,PLS,0.0961678067572799
0.7,PLS,0.117490615908047
0.7,PLS,0.0751229088474482
0.7,PLS,0.103645965436426
0.7,PLS,0.0928159451167297
0.7,PLS,0.0731791684340675
0.7,PLS,0.170692836340655
0.7,PLS,0.171139401233293
0.7,PLS,0.177375979654816
0.7,PLS,0.127067847043472
0.7,PLS,0.154922085195606
0.7,PLS,0.153138807310791
0.7,PLS,0.185369020338663
0.7,PLS,0.0753653844683065
0.7,PLS,0.109656194220244
0.7,PLS,0.089029073122331
0.7,PLS,0.108500375729849
0.7,PLS,0.446147670389531
0.7,PLS,0.223880732156937
0.7,PLS,0.0869829097007153
0.7,PLS,0.125036099027878
0.7,PLS,0.15730070852895
0.7,PLS,0.0650295922538891
0.7,PLS,0.112783478711924
0.7,PLS,0.271296065357633
0.7,PLS,0.106907121636646
0.7,PLS,0.153142884701909
0.7,PLS,0.115654964691279
0.7,PLS,0.065106145957104
0.7,PLS,0.115627097256441
0.7,PLS,0.107484639375762
0.7,PLS,0.0862247064066554
0.7,PLS,0.114438314168756
0.7,PLS,0.0560926399189472
0.7,PLS,0.362383577050814
0.7,PLS,0.104211119796539
0.7,PLS,0.0945447948268597
0.7,PLS,0.14597570582831
0.7,PLS,0.047705970883655
0.7,PLS,0.161183218248359
0.7,PLS,0.0934035854364036
0.7,PLS,0.0468024262044906
0.7,PLS,0.145407172948588
0.7,PLS,0.0930074311318982
0.7,PLS,0.135008002449082
0.7,PLS,0.101431754094627
0.7,PLS,0.195956911824501
0.7,PLS,0.10051213449656
0.7,PLS,0.101811517990797
0.7,PLS,0.140089550859174
0.7,PLS,0.0975722052075805
0.7,PLS,0.214779712360323
0.7,PLS,0.0515407182360768
0.7,PLS,0.244045062077803
0.7,PLS,0.108613311524596
0.7,PLS,0.180007790911238
0.7,PLS,0.112165410939825
0.7,PLS,0.0820951563692253
0.7,PLS,0.496608813560017
0.7,PLS,0.176089641455155
0.7,PLS,0.112876953776421
0.7,PLS,0.091277860427854
0.7,PLS,0.0984931428067952
0.7,PLS,0.232416453291792
0.7,PLS,0.110435976322738
0.7,fTS,0.162592848994291
0.7,fTS,0.168930726465289
0.7,fTS,0.140609584506949
0.7,fTS,0.0622157755503592
0.7,fTS,0.0520768559237688
0.7,fTS,0.0325444480105997
0.7,fTS,0.0792930580434432
0.7,fTS,0.0849663682055767
0.7,fTS,0.122780112525041
0.7,fTS,0.103678129797239
0.7,fTS,0.178438858591872
0.7,fTS,0.0838495996232978
0.7,fTS,0.214452386971444
0.7,fTS,0.0441640829829845
0.7,fTS,0.110531605230998
0.7,fTS,0.0816666979663344
0.7,fTS,0.178702326499478
0.7,fTS,0.110898200731575
0.7,fTS,0.0792138572275828
0.7,fTS,0.0672575261088404
0.7,fTS,0.0999865651774325
0.7,fTS,0.0727528337972836
0.7,fTS,0.145066094872848
0.7,fTS,0.143423947317059
0.7,fTS,0.0355129570044924
0.7,fTS,0.183867289788782
0.7,fTS,0.0749666797481939
0.7,fTS,0.0782579749630015
0.7,fTS,0.140139348640662
0.7,fTS,0.095472845301708
0.7,fTS,0.16431949737963
0.7,fTS,0.109109599017391
0.7,fTS,0.0728542654780701
0.7,fTS,0.0599287075081754
0.7,fTS,0.0599517949196632
0.7,fTS,0.0875078667444938
0.7,fTS,0.0630768086526938
0.7,fTS,0.0632989058075441
0.7,fTS,0.147915714433673
0.7,fTS,0.169918707180648
0.7,fTS,0.0635062427456411
0.7,fTS,0.104851227574389
0.7,fTS,0.0940663413343082
0.7,fTS,0.0802556463522814
0.7,fTS,0.0967468841635014
0.7,fTS,0.127545484088339
0.7,fTS,0.147464531030899
0.7,fTS,0.078062406527739
0.7,fTS,0.0792935628040574
0.7,fTS,0.128619918143175
0.7,fTS,0.152238053342672
0.7,fTS,0.0753484380464522
0.7,fTS,0.135883372540554
0.7,fTS,0.128743234739612
0.7,fTS,0.128364324110391
0.7,fTS,0.143064983393922
0.7,fTS,0.0981958561318246
0.7,fTS,0.094766593483809
0.7,fTS,0.112465997276236
0.7,fTS,0.0910485115192853
0.7,fTS,0.0735342291784767
0.7,fTS,0.135561890902068
0.7,fTS,0.082725585301016
0.7,fTS,0.0856110793708735
0.7,fTS,0.121362461031933
0.7,fTS,0.139667295468621
0.7,fTS,0.0892361641980184
0.7,fTS,0.0732674241420579
0.7,fTS,0.101506166111824
0.7,fTS,0.0693112622501663
0.7,fTS,0.0685725703074186
0.7,fTS,0.116515303728834
0.7,fTS,0.0819182822012772
0.7,fTS,0.0723578443719394
0.7,fTS,0.16617723084002
0.7,fTS,0.0889451959826753
0.7,fTS,0.160013414126924
0.7,fTS,0.149366964923234
0.7,fTS,0.116732058787059
0.7,fTS,0.119684980064792
0.7,fTS,0.0518690327994511
0.7,fTS,0.149824711275669
0.7,fTS,0.0706879866345881
0.7,fTS,0.0684970996656888
0.7,fTS,0.0977539681767869
0.7,fTS,0.0935736505772498
0.7,fTS,0.0944902316980971
0.7,fTS,0.125776885744667
0.7,fTS,0.150765883117993
0.7,fTS,0.107078317482636
0.7,fTS,0.107077434184376
0.7,fTS,0.106533044756546
0.7,fTS,0.0660291270978108
0.7,fTS,0.138777497292055
0.7,fTS,0.139497787220374
0.7,fTS,0.064484294892784
0.7,fTS,0.121215498517063
0.7,fTS,0.116702645095124
0.7,fTS,0.062057039411382
0.7,fTS,0.11491483176708
0.7,fTS,0.100096383378324
0.7,fTS,0.09077812024184
0.7,fTS,0.187043987484226
0.7,fTS,0.0475853876350528
0.7,fTS,0.0576707615987112
0.7,fTS,0.0814357745887926
0.7,fTS,0.130007806067099
0.7,fTS,0.0890349337961565
0.7,fTS,0.0596797737876794
0.7,fTS,0.135891450060844
0.7,fTS,0.0905657590924316
0.7,fTS,0.141255614795593
0.7,fTS,0.111740737985382
0.7,fTS,0.0986482549637118
0.7,fTS,0.0601954825109605
0.7,fTS,0.159202727037923
0.7,fTS,0.0586188177625294
0.7,fTS,0.118206977104307
0.7,fTS,0.0761999917044495
0.7,fTS,0.0431369115903318
0.7,fTS,0.116892986686877
0.7,fTS,0.0982447548841426
0.7,fTS,0.148392848119521
0.7,fTS,0.109537382777127
0.7,fTS,0.150795732113731
0.7,fTS,0.11563936650895
0.7,fTS,0.106508318659592
0.7,fTS,0.146567621311201
0.7,fTS,0.0739045631384558
0.7,fTS,0.281812294747624
0.7,fTS,0.0449175139581376
0.7,fTS,0.14771275718899
0.7,fTS,0.113277922693383
0.7,fTS,0.0466767401935888
0.7,fTS,0.155875710457159
0.7,fTS,0.0934620567741243
0.7,fTS,0.0838678803864868
0.7,fTS,0.0882925960451418
0.7,fTS,0.0821717075280415
0.7,fTS,0.0705038452950867
0.7,fTS,0.0666249034061162
0.7,fTS,0.117562964915715
0.7,fTS,0.103998895789135
0.7,fTS,0.178462955435066
0.7,fTS,0.0721383296446858
0.7,fTS,0.196239183438649
0.7,fTS,0.0684029082311305
0.7,fTS,0.126417893043936
0.7,fTS,0.0570096154518904
0.7,fTS,0.0740851360612295
0.7,fTS,0.122235357137455
0.7,fTS,0.0741933581173563
0.7,fTS,0.164619828083767
0.7,fTS,0.132371405825878
0.7,fTS,0.0947431397783359
0.7,fTS,0.150920415582246
0.7,fTS,0.150076941362938
0.7,fTS,0.0598108037475112
0.7,fTS,0.114680555390597
0.7,fTS,0.109355250793336
0.7,fTS,0.0824654275567082
0.7,fTS,0.168314111332647
0.7,fTS,0.0738731210114804
0.7,fTS,0.0492933902225606
0.7,fTS,0.120443535663514
0.7,fTS,0.0667917548837182
0.7,fTS,0.147139002706985
0.7,fTS,0.0885166041238756
0.7,fTS,0.0561709732048423
0.7,fTS,0.354672414554005
0.7,fTS,0.0924298788495531
0.7,fTS,0.0728896623383172
0.7,fTS,0.101334389673675
0.7,fTS,0.05308089563781
0.7,fTS,0.13112684207023
0.7,fTS,0.0995426659878002
0.7,fTS,0.0620573165661803
0.7,fTS,0.160577284809336
0.7,fTS,0.0727097597501633
0.7,fTS,0.205104911364514
0.7,fTS,0.108735190143237
0.7,fTS,0.0958879332870498
0.7,fTS,0.125314401021296
0.7,fTS,0.0797357839690189
0.7,fTS,0.150126630965437
0.7,fTS,0.0903984414200989
0.7,fTS,0.147414234118076
0.7,fTS,0.055790831478356
0.7,fTS,0.17233894901709
0.7,fTS,0.107001455789306
0.7,fTS,0.157400756810572
0.7,fTS,0.101636623302767
0.7,fTS,0.0859663543041745
0.7,fTS,0.496586772574601
0.7,fTS,0.149212677043493
0.7,fTS,0.0893075134541953
0.7,fTS,0.0844574213502062
0.7,fTS,0.0798209586327825
0.7,fTS,0.197746020828112
0.7,fTS,0.128836117219295
0.7,LS_oracle,0.133234085189189
0.7,LS_oracle,0.227656364741582
0.7,LS_oracle,0.154324274851218
0.7,LS_oracle,0.0617443873662138
0.7,LS_oracle,0.0696119873558866
0.7,LS_oracle,0.0493088882344945
0.7,LS_oracle,0.0913973944744669
0.7,LS_oracle,0.100185516385561
0.7,LS_oracle,0.122699727184699
0.7,LS_oracle,0.0902158350023449
0.7,LS_oracle,0.222803437634189
0.7,LS_oracle,0.079451231361425
0.7,LS_oracle,0.258641835209364
0.7,LS_oracle,0.0614635908052135
0.7,LS_oracle,0.119166582861825
0.7,LS_oracle,0.0957161937970783
0.7,LS_oracle,0.23946705054712
0.7,LS_oracle,0.102457613114025
0.7,LS_oracle,0.0989421273352105
0.7,LS_oracle,0.114069880180821
0.7,LS_oracle,0.112862669801424
0.7,LS_oracle,0.109583619975025
0.7,LS_oracle,0.160658151706486
0.7,LS_oracle,0.107979310519828
0.7,LS_oracle,0.0551450243456478
0.7,LS_oracle,0.176834204728338
0.7,LS_oracle,0.0689425583868818
0.7,LS_oracle,0.0821377003906919
0.7,LS_oracle,0.146878901080389
0.7,LS_oracle,0.115413436867345
0.7,LS_oracle,0.237004943233803
0.7,LS_oracle,0.126100099314686
0.7,LS_oracle,0.0665336917038663
0.7,LS_oracle,0.0603922037097094
0.7,LS_oracle,0.101502768535229
0.7,LS_oracle,0.124963182005723
0.7,LS_oracle,0.082975921524238
0.7,LS_oracle,0.0704684770140082
0.7,LS_oracle,0.149761053952942
0.7,LS_oracle,0.207833470138001
0.7,LS_oracle,0.056646989721655
0.7,LS_oracle,0.0735981444021063
0.7,LS_oracle,0.129553250015262
0.7,LS_oracle,0.0630531818978437
0.7,LS_oracle,0.0990252020341029
0.7,LS_oracle,0.140266349220857
0.7,LS_oracle,0.160470473742585
0.7,LS_oracle,0.11690927481627
0.7,LS_oracle,0.0948159788631987
0.7,LS_oracle,0.154726640632423
0.7,LS_oracle,0.151787047340447
0.7,LS_oracle,0.0640653843983268
0.7,LS_oracle,0.22395275506245
0.7,LS_oracle,0.150052217279004
0.7,LS_oracle,0.169979142509045
0.7,LS_oracle,0.224554149754694
0.7,LS_oracle,0.0800564737082696
0.7,LS_oracle,0.175871310107542
0.7,LS_oracle,0.14182972663126
0.7,LS_oracle,0.15807657043659
0.7,LS_oracle,0.13339587434728
0.7,LS_oracle,0.1697722617472
0.7,LS_oracle,0.124651886701943
0.7,LS_oracle,0.103908303751664
0.7,LS_oracle,0.138762021001027
0.7,LS_oracle,0.132472623475812
0.7,LS_oracle,0.132391295823268
0.7,LS_oracle,0.0717039628960213
0.7,LS_oracle,0.168429245767801
0.7,LS_oracle,0.119262674166038
0.7,LS_oracle,0.107230270159715
0.7,LS_oracle,0.110701070243731
0.7,LS_oracle,0.084061379980631
0.7,LS_oracle,0.166643957782615
0.7,LS_oracle,0.108563844819692
0.7,LS_oracle,0.0942033109911808
0.7,LS_oracle,0.21969945849397
0.7,LS_oracle,0.145289928834426
0.7,LS_oracle,0.155134372845482
0.7,LS_oracle,0.180402489806223
0.7,LS_oracle,0.0808300538117163
0.7,LS_oracle,0.158461584868209
0.7,LS_oracle,0.0792176551379404
0.7,LS_oracle,0.106899546852693
0.7,LS_oracle,0.107315419151165
0.7,LS_oracle,0.0858426942980009
0.7,LS_oracle,0.0979013213217809
0.7,LS_oracle,0.134858402123192
0.7,LS_oracle,0.192797553924084
0.7,LS_oracle,0.126517641140921
0.7,LS_oracle,0.19508966195595
0.7,LS_oracle,0.115237561813539
0.7,LS_oracle,0.129313598326449
0.7,LS_oracle,0.172491178617487
0.7,LS_oracle,0.166334646460481
0.7,LS_oracle,0.0691880533145914
0.7,LS_oracle,0.148532532609594
0.7,LS_oracle,0.11107083607753
0.7,LS_oracle,0.0678375302648708
0.7,LS_oracle,0.141957917018974
0.7,LS_oracle,0.125951640065897
0.7,LS_oracle,0.126803648123102
0.7,LS_oracle,0.188774374546613
0.7,LS_oracle,0.0749635375140314
0.7,LS_oracle,0.0534518990562474
0.7,LS_oracle,0.12711733152945
0.7,LS_oracle,0.104938425619013
0.7,LS_oracle,0.120578899537618
0.7,LS_oracle,0.11866960944879
0.7,LS_oracle,0.156956982381855
0.7,LS_oracle,0.0819155758925376
0.7,LS_oracle,0.128393717143494
0.7,LS_oracle,0.130409117625326
0.7,LS_oracle,0.130026781109893
0.7,LS_oracle,0.0725120195106696
0.7,LS_oracle,0.205895376614707
0.7,LS_oracle,0.0566775124878885
0.7,LS_oracle,0.122357980707444
0.7,LS_oracle,0.0856239702400761
0.7,LS_oracle,0.0395263388941846
0.7,LS_oracle,0.120271093651678
0.7,LS_oracle,0.109946866277357
0.7,LS_oracle,0.0974810000991485
0.7,LS_oracle,0.187306050100468
0.7,LS_oracle,0.184657218869141
0.7,LS_oracle,0.123456495232688
0.7,LS_oracle,0.126694239135193
0.7,LS_oracle,0.153604877125361
0.7,LS_oracle,0.0876501223842383
0.7,LS_oracle,0.18616410285256
0.7,LS_oracle,0.0656315145670297
0.7,LS_oracle,0.158038715226675
0.7,LS_oracle,0.0981055778806376
0.7,LS_oracle,0.0614741474786791
0.7,LS_oracle,0.134148877192613
0.7,LS_oracle,0.0962131849367325
0.7,LS_oracle,0.117231892773323
0.7,LS_oracle,0.0754001317439893
0.7,LS_oracle,0.104974893764588
0.7,LS_oracle,0.0928575421782233
0.7,LS_oracle,0.0738486185470972
0.7,LS_oracle,0.169433636346346
0.7,LS_oracle,0.172218957390159
0.7,LS_oracle,0.17755200873172
0.7,LS_oracle,0.13122563972253
0.7,LS_oracle,0.154783369797495
0.7,LS_oracle,0.150046808455552
0.7,LS_oracle,0.180718028624828
0.7,LS_oracle,0.0759904806696456
0.7,LS_oracle,0.110757473404787
0.7,LS_oracle,0.0890086436457065
0.7,LS_oracle,0.108563998299547
0.7,LS_oracle,0.446118838164948
0.7,LS_oracle,0.224948462620239
0.7,LS_oracle,0.0875545342471346
0.7,LS_oracle,0.125107325410882
0.7,LS_oracle,0.157358949338505
0.7,LS_oracle,0.0644762822811935
0.7,LS_oracle,0.112960485569321
0.7,LS_oracle,0.267308056243704
0.7,LS_oracle,0.108949062064834
0.7,LS_oracle,0.153620575993392
0.7,LS_oracle,0.114495355987121
0.7,LS_oracle,0.065048302783076
0.7,LS_oracle,0.115831309413532
0.7,LS_oracle,0.108262348506591
0.7,LS_oracle,0.085356750882943
0.7,LS_oracle,0.114234914396478
0.7,LS_oracle,0.0567082836908348
0.7,LS_oracle,0.36216243503064
0.7,LS_oracle,0.103978718474538
0.7,LS_oracle,0.094497147305916
0.7,LS_oracle,0.145921653086516
0.7,LS_oracle,0.0476894054583622
0.7,LS_oracle,0.160863787990336
0.7,LS_oracle,0.0919866482852451
0.7,LS_oracle,0.047135224613715
0.7,LS_oracle,0.145671170884437
0.7,LS_oracle,0.0916659040929997
0.7,LS_oracle,0.131821485095541
0.7,LS_oracle,0.100638240576471
0.7,LS_oracle,0.192748546877691
0.7,LS_oracle,0.100646441967941
0.7,LS_oracle,0.101245030401579
0.7,LS_oracle,0.140967698642366
0.7,LS_oracle,0.0974688045346187
0.7,LS_oracle,0.21135915011221
0.7,LS_oracle,0.0514908966029888
0.7,LS_oracle,0.243768279815493
0.7,LS_oracle,0.109996685344199
0.7,LS_oracle,0.180127439046684
0.7,LS_oracle,0.112166401824192
0.7,LS_oracle,0.0822396256047849
0.7,LS_oracle,0.497029566025166
0.7,LS_oracle,0.177286929924476
0.7,LS_oracle,0.112810669407755
0.7,LS_oracle,0.0856864423693887
0.7,LS_oracle,0.0960698280203413
0.7,LS_oracle,0.230903571697118
0.7,LS_oracle,0.110806874905715
0.7,TS_oracle,0.162591912047225
0.7,TS_oracle,0.168795118503893
0.7,TS_oracle,0.1396946214007
0.7,TS_oracle,0.0623077559576243
0.7,TS_oracle,0.0519221039451579
0.7,TS_oracle,0.0325626639802063
0.7,TS_oracle,0.0769004479167289
0.7,TS_oracle,0.0851926591973385
0.7,TS_oracle,0.122702241981501
0.7,TS_oracle,0.104288528168062
0.7,TS_oracle,0.178373105494391
0.7,TS_oracle,0.0839173404979321
0.7,TS_oracle,0.215352696616541
0.7,TS_oracle,0.0441848978775191
0.7,TS_oracle,0.110735532535264
0.7,TS_oracle,0.0818110449704794
0.7,TS_oracle,0.178797709863196
0.7,TS_oracle,0.110844226715637
0.7,TS_oracle,0.0791558597078703
0.7,TS_oracle,0.0669031588699041
0.7,TS_oracle,0.0998693145826701
0.7,TS_oracle,0.0724651921091176
0.7,TS_oracle,0.144845093913588
0.7,TS_oracle,0.143490849137234
0.7,TS_oracle,0.0351955892989281
0.7,TS_oracle,0.183842981305075
0.7,TS_oracle,0.0754054831196054
0.7,TS_oracle,0.0783431996163987
0.7,TS_oracle,0.140131969941578
0.7,TS_oracle,0.0957963507137385
0.7,TS_oracle,0.167379382423241
0.7,TS_oracle,0.109718700302375
0.7,TS_oracle,0.0728900315433151
0.7,TS_oracle,0.0595810927594481
0.7,TS_oracle,0.0573039729938383
0.7,TS_oracle,0.0876409417238564
0.7,TS_oracle,0.0628175728853711
0.7,TS_oracle,0.0631396368365071
0.7,TS_oracle,0.147818773289412
0.7,TS_oracle,0.169933832972273
0.7,TS_oracle,0.0633968153646167
0.7,TS_oracle,0.104431355897479
0.7,TS_oracle,0.0938992353587101
0.7,TS_oracle,0.0796508428435409
0.7,TS_oracle,0.0968214860657287
0.7,TS_oracle,0.126429466635473
0.7,TS_oracle,0.146108365117186
0.7,TS_oracle,0.0803194861679483
0.7,TS_oracle,0.0797154117044624
0.7,TS_oracle,0.128140791940695
0.7,TS_oracle,0.152342187184763
0.7,TS_oracle,0.0754488656297564
0.7,TS_oracle,0.135937634468801
0.7,TS_oracle,0.128227090112302
0.7,TS_oracle,0.128272881440854
0.7,TS_oracle,0.143678878291169
0.7,TS_oracle,0.098515663243097
0.7,TS_oracle,0.0944958140305509
0.7,TS_oracle,0.116285888603455
0.7,TS_oracle,0.0908286978606426
0.7,TS_oracle,0.0733876879580846
0.7,TS_oracle,0.135512489693038
0.7,TS_oracle,0.0832738203167967
0.7,TS_oracle,0.0853966115094551
0.7,TS_oracle,0.122314949175764
0.7,TS_oracle,0.139357967253956
0.7,TS_oracle,0.0891240175537909
0.7,TS_oracle,0.0724922702113519
0.7,TS_oracle,0.101609294951279
0.7,TS_oracle,0.0692836073320363
0.7,TS_oracle,0.0681998053420213
0.7,TS_oracle,0.116561784658993
0.7,TS_oracle,0.0823587102134432
0.7,TS_oracle,0.0717586482759434
0.7,TS_oracle,0.166879206136059
0.7,TS_oracle,0.0887023954821197
0.7,TS_oracle,0.159975910514676
0.7,TS_oracle,0.148135008808876
0.7,TS_oracle,0.117409492403645
0.7,TS_oracle,0.119679188719979
0.7,TS_oracle,0.0519226406701972
0.7,TS_oracle,0.14982102170366
0.7,TS_oracle,0.0738237324606913
0.7,TS_oracle,0.0692375365369481
0.7,TS_oracle,0.0981617825190756
0.7,TS_oracle,0.0936358020083703
0.7,TS_oracle,0.0945300657227033
0.7,TS_oracle,0.124424924062501
0.7,TS_oracle,0.151080789699294
0.7,TS_oracle,0.107232074634615
0.7,TS_oracle,0.107118290151076
0.7,TS_oracle,0.107643535958685
0.7,TS_oracle,0.0662970626845351
0.7,TS_oracle,0.138854926334521
0.7,TS_oracle,0.13952082589801
0.7,TS_oracle,0.0645983675761426
0.7,TS_oracle,0.122093514740785
0.7,TS_oracle,0.116789595372704
0.7,TS_oracle,0.065497212243703
0.7,TS_oracle,0.114975495815177
0.7,TS_oracle,0.100151245253175
0.7,TS_oracle,0.0908477957062403
0.7,TS_oracle,0.190098586223036
0.7,TS_oracle,0.0475827671125137
0.7,TS_oracle,0.0575916448471699
0.7,TS_oracle,0.0813251157707041
0.7,TS_oracle,0.128870235462051
0.7,TS_oracle,0.0883622403113274
0.7,TS_oracle,0.0598975068535587
0.7,TS_oracle,0.136256337936484
0.7,TS_oracle,0.0905436477401946
0.7,TS_oracle,0.141094444728567
0.7,TS_oracle,0.113727780847217
0.7,TS_oracle,0.0995839825795651
0.7,TS_oracle,0.0603267427428111
0.7,TS_oracle,0.159247162821638
0.7,TS_oracle,0.0585493428893117
0.7,TS_oracle,0.118805882301638
0.7,TS_oracle,0.0761784337664856
0.7,TS_oracle,0.0432210881114141
0.7,TS_oracle,0.116888262995994
0.7,TS_oracle,0.0982390869845966
0.7,TS_oracle,0.148550612154784
0.7,TS_oracle,0.109601090473391
0.7,TS_oracle,0.150168413597492
0.7,TS_oracle,0.115672106077232
0.7,TS_oracle,0.106662916989735
0.7,TS_oracle,0.14574070437996
0.7,TS_oracle,0.0739445018963713
0.7,TS_oracle,0.282531552867385
0.7,TS_oracle,0.0459190958883274
0.7,TS_oracle,0.147714582853365
0.7,TS_oracle,0.11330476296014
0.7,TS_oracle,0.0466405551396127
0.7,TS_oracle,0.157679092683018
0.7,TS_oracle,0.0945040216424385
0.7,TS_oracle,0.0843447053032036
0.7,TS_oracle,0.0884474689561756
0.7,TS_oracle,0.081262987921976
0.7,TS_oracle,0.0704897046063258
0.7,TS_oracle,0.0666776008165415
0.7,TS_oracle,0.117297176565027
0.7,TS_oracle,0.104431958861811
0.7,TS_oracle,0.178484276910294
0.7,TS_oracle,0.072108574008233
0.7,TS_oracle,0.193385566878527
0.7,TS_oracle,0.0686154664345213
0.7,TS_oracle,0.126066489144621
0.7,TS_oracle,0.0580845324577774
0.7,TS_oracle,0.0738993668000003
0.7,TS_oracle,0.122248050711762
0.7,TS_oracle,0.074146142192519
0.7,TS_oracle,0.16464839620342
0.7,TS_oracle,0.131593938101204
0.7,TS_oracle,0.0944625008795569
0.7,TS_oracle,0.15103798941252
0.7,TS_oracle,0.150153618635379
0.7,TS_oracle,0.0598825384763904
0.7,TS_oracle,0.114443770023647
0.7,TS_oracle,0.10923891016347
0.7,TS_oracle,0.0831242156317442
0.7,TS_oracle,0.167989615896699
0.7,TS_oracle,0.0731078232449388
0.7,TS_oracle,0.0493145709144073
0.7,TS_oracle,0.120102122337099
0.7,TS_oracle,0.0687853613414456
0.7,TS_oracle,0.146659308494874
0.7,TS_oracle,0.0881381212431852
0.7,TS_oracle,0.0600606098646487
0.7,TS_oracle,0.354800233467695
0.7,TS_oracle,0.0924669894922067
0.7,TS_oracle,0.0734376248794213
0.7,TS_oracle,0.101247778174667
0.7,TS_oracle,0.0530957929976246
0.7,TS_oracle,0.131087536717981
0.7,TS_oracle,0.101275000732718
0.7,TS_oracle,0.0619412047178452
0.7,TS_oracle,0.160899803616178
0.7,TS_oracle,0.0722710752258933
0.7,TS_oracle,0.205090677190459
0.7,TS_oracle,0.108981127437869
0.7,TS_oracle,0.0960384514920902
0.7,TS_oracle,0.125765059488783
0.7,TS_oracle,0.079451214237996
0.7,TS_oracle,0.15014886251454
0.7,TS_oracle,0.0911742205586921
0.7,TS_oracle,0.147957368206707
0.7,TS_oracle,0.0557631909552081
0.7,TS_oracle,0.172648626428284
0.7,TS_oracle,0.107139936350405
0.7,TS_oracle,0.158584670481686
0.7,TS_oracle,0.101638899407079
0.7,TS_oracle,0.0859814521447368
0.7,TS_oracle,0.496586996541949
0.7,TS_oracle,0.149023309403722
0.7,TS_oracle,0.0896335028085318
0.7,TS_oracle,0.0845067432542796
0.7,TS_oracle,0.0798456144085359
0.7,TS_oracle,0.19578518754942
0.7,TS_oracle,0.128857631332869
0.8,PLS,0.117297003960867
0.8,PLS,0.230797953569393
0.8,PLS,0.102532997430143
0.8,PLS,0.301993020077411
0.8,PLS,0.206305578539962
0.8,PLS,0.177387028159713
0.8,PLS,0.0834061231853906
0.8,PLS,0.094129389238848
0.8,PLS,0.153188854729279
0.8,PLS,0.109278424478334
0.8,PLS,0.0773575091931854
0.8,PLS,0.0590795478164682
0.8,PLS,0.11026425810458
0.8,PLS,0.145155037487189
0.8,PLS,0.154499748683667
0.8,PLS,0.0641857457674525
0.8,PLS,0.145619661782752
0.8,PLS,0.0724103867638364
0.8,PLS,0.0556919161267297
0.8,PLS,0.104487071372438
0.8,PLS,0.0730076691137999
0.8,PLS,0.0464205431031965
0.8,PLS,0.214200201845712
0.8,PLS,0.132983751117459
0.8,PLS,0.142619053255097
0.8,PLS,0.292265166600367
0.8,PLS,0.169321045606632
0.8,PLS,0.0919911359222192
0.8,PLS,0.492703515253906
0.8,PLS,0.152984505130005
0.8,PLS,0.101536867084707
0.8,PLS,0.119786153819758
0.8,PLS,0.110403372316787
0.8,PLS,0.112649350540422
0.8,PLS,0.11700111136588
0.8,PLS,0.111699835253361
0.8,PLS,0.623970047142235
0.8,PLS,0.132538619955987
0.8,PLS,0.0579522148109452
0.8,PLS,0.198662504552476
0.8,PLS,0.0403105753916143
0.8,PLS,0.125729042710957
0.8,PLS,0.104455815003041
0.8,PLS,0.0612488752463865
0.8,PLS,0.0709307118300537
0.8,PLS,0.0989599973976331
0.8,PLS,0.105292737083741
0.8,PLS,0.115547532635796
0.8,PLS,0.0601052496959221
0.8,PLS,0.0520897748410614
0.8,PLS,0.115336099624212
0.8,PLS,0.17333759897953
0.8,PLS,0.102124262501232
0.8,PLS,0.187903429607379
0.8,PLS,0.149898339329986
0.8,PLS,0.177845422990954
0.8,PLS,0.0805751400823015
0.8,PLS,0.208652638550685
0.8,PLS,0.0690245082798172
0.8,PLS,0.0522017503166031
0.8,PLS,0.0881351527232326
0.8,PLS,0.124263739284231
0.8,PLS,0.0446890062624518
0.8,PLS,0.0663222749524019
0.8,PLS,0.0753815043287855
0.8,PLS,0.16069040845404
0.8,PLS,0.160466257187482
0.8,PLS,0.141925001368648
0.8,PLS,0.116056703936929
0.8,PLS,0.0989584137721144
0.8,PLS,0.0954594369308729
0.8,PLS,0.225752444988647
0.8,PLS,0.137628033170056
0.8,PLS,0.593769568629044
0.8,PLS,0.0919531308020506
0.8,PLS,0.130232158196352
0.8,PLS,0.174384326301861
0.8,PLS,0.132035913326969
0.8,PLS,0.0997674697594091
0.8,PLS,0.143009444110414
0.8,PLS,0.166663227363241
0.8,PLS,0.125483975275278
0.8,PLS,0.196454988214922
0.8,PLS,0.259948743131129
0.8,PLS,0.092347428435557
0.8,PLS,0.106509418366185
0.8,PLS,0.120979777945681
0.8,PLS,0.101838317536791
0.8,PLS,0.151402178321259
0.8,PLS,0.081949851126092
0.8,PLS,0.116139569932409
0.8,PLS,0.0753518956481828
0.8,PLS,0.156128823476619
0.8,PLS,0.182057416820044
0.8,PLS,0.0506375580675415
0.8,PLS,0.110108566546419
0.8,PLS,0.140853623350588
0.8,PLS,0.113063968928519
0.8,PLS,0.126825909751438
0.8,PLS,0.164547980193737
0.8,PLS,0.269353881702489
0.8,PLS,0.077361234831302
0.8,PLS,0.0944351755822854
0.8,PLS,0.0842213589934315
0.8,PLS,0.0746464799761681
0.8,PLS,0.202236578229933
0.8,PLS,0.127698082849094
0.8,PLS,0.105939274695038
0.8,PLS,0.150553670308761
0.8,PLS,0.103551743058626
0.8,PLS,0.100611188139209
0.8,PLS,0.105324448907771
0.8,PLS,0.175497285575977
0.8,PLS,0.14869000977338
0.8,PLS,0.19880062066
0.8,PLS,0.113068880496206
0.8,PLS,0.107910178767197
0.8,PLS,0.0653684692366792
0.8,PLS,0.105730799647287
0.8,PLS,0.353769688946138
0.8,PLS,0.121705477931822
0.8,PLS,0.0700943247064914
0.8,PLS,0.0609976363314105
0.8,PLS,0.350583982120951
0.8,PLS,0.0681026172954809
0.8,PLS,0.121703769380958
0.8,PLS,0.0788177527019107
0.8,PLS,0.101397991140357
0.8,PLS,0.116124628100744
0.8,PLS,0.128554077159656
0.8,PLS,0.163724606635186
0.8,PLS,0.108918486579902
0.8,PLS,0.0803904058883743
0.8,PLS,0.208390892953426
0.8,PLS,0.0811730543034413
0.8,PLS,0.153233840205369
0.8,PLS,0.0768031058344969
0.8,PLS,0.0922274476098694
0.8,PLS,0.0796571778663177
0.8,PLS,0.132783897148525
0.8,PLS,0.138567891560839
0.8,PLS,0.132446926729179
0.8,PLS,0.180678577470373
0.8,PLS,0.160526534343894
0.8,PLS,0.690059546843184
0.8,PLS,0.11110577934414
0.8,PLS,0.167501735917195
0.8,PLS,0.225076443828001
0.8,PLS,0.129846846886348
0.8,PLS,0.119124030565751
0.8,PLS,0.0956723090555348
0.8,PLS,0.108940466704183
0.8,PLS,0.102268952089371
0.8,PLS,0.211968487236989
0.8,PLS,0.129868219192062
0.8,PLS,0.103338627724262
0.8,PLS,0.0974017223332952
0.8,PLS,0.175870565481155
0.8,PLS,0.0612466389495845
0.8,PLS,0.0859170626864022
0.8,PLS,0.098104923890252
0.8,PLS,0.281935691382956
0.8,PLS,0.121969079428265
0.8,PLS,0.0501860635011598
0.8,PLS,0.0833291786532892
0.8,PLS,0.0674616672071253
0.8,PLS,0.156733049692686
0.8,PLS,0.155875007737382
0.8,PLS,0.135516883530565
0.8,PLS,0.113889348946167
0.8,PLS,0.156624073555103
0.8,PLS,0.133963279312013
0.8,PLS,0.0871804538877589
0.8,PLS,0.106755095708548
0.8,PLS,0.197076875984009
0.8,PLS,0.126565160129017
0.8,PLS,0.0673532716324559
0.8,PLS,0.100251951024798
0.8,PLS,0.0637336064499735
0.8,PLS,0.0858730995620122
0.8,PLS,0.0594031363065613
0.8,PLS,0.0713011137775711
0.8,PLS,0.171014523598384
0.8,PLS,0.0759936620626149
0.8,PLS,0.07214855969819
0.8,PLS,0.0706383763229766
0.8,PLS,0.107467899660617
0.8,PLS,0.087372477874389
0.8,PLS,0.141275476251983
0.8,PLS,0.0702776202427677
0.8,PLS,0.0889708313683253
0.8,PLS,0.0990455006348653
0.8,PLS,0.197669210541966
0.8,PLS,0.068664594497462
0.8,PLS,0.14906705895033
0.8,PLS,0.129759996556031
0.8,PLS,0.111052192180425
0.8,PLS,0.0922756056126492
0.8,PLS,0.185634572554704
0.8,PLS,0.0969984140755941
0.8,fTS,0.133956181980687
0.8,fTS,0.0818849236696893
0.8,fTS,0.0807452592377969
0.8,fTS,0.261251117475297
0.8,fTS,0.134586302854425
0.8,fTS,0.175152253347161
0.8,fTS,0.0766140058059443
0.8,fTS,0.0797048970517097
0.8,fTS,0.106700913644276
0.8,fTS,0.0653632816650391
0.8,fTS,0.0662287097467062
0.8,fTS,0.0709158766919685
0.8,fTS,0.101845865508868
0.8,fTS,0.138027940732947
0.8,fTS,0.159929780775383
0.8,fTS,0.0472298413695593
0.8,fTS,0.134961804694145
0.8,fTS,0.0518216685578648
0.8,fTS,0.0767010738691524
0.8,fTS,0.0993403460074314
0.8,fTS,0.0922815745872999
0.8,fTS,0.0499656782799348
0.8,fTS,0.215012656598783
0.8,fTS,0.130097629773441
0.8,fTS,0.109275618972985
0.8,fTS,0.270319506724918
0.8,fTS,0.0714233443685658
0.8,fTS,0.0749170230599619
0.8,fTS,0.482663032025218
0.8,fTS,0.108564565211907
0.8,fTS,0.111091743818608
0.8,fTS,0.104910350203696
0.8,fTS,0.0642761595169903
0.8,fTS,0.0858058595655938
0.8,fTS,0.061009390505969
0.8,fTS,0.0811859077644686
0.8,fTS,0.617379336010866
0.8,fTS,0.0944899366295825
0.8,fTS,0.0550520164071125
0.8,fTS,0.160421248726715
0.8,fTS,0.0381297345679245
0.8,fTS,0.090539473184873
0.8,fTS,0.123431783786459
0.8,fTS,0.0646656154870528
0.8,fTS,0.0728453538075919
0.8,fTS,0.0834702314943619
0.8,fTS,0.134752321308156
0.8,fTS,0.0731171232900792
0.8,fTS,0.0435142476657955
0.8,fTS,0.0864239034592658
0.8,fTS,0.119040072102746
0.8,fTS,0.106552218402185
0.8,fTS,0.122062638219314
0.8,fTS,0.181896319303086
0.8,fTS,0.0997171547126028
0.8,fTS,0.09024479490409
0.8,fTS,0.0737949458233857
0.8,fTS,0.0899299604806709
0.8,fTS,0.0539584749607597
0.8,fTS,0.271082721504117
0.8,fTS,0.0583917324298175
0.8,fTS,0.104971678930206
0.8,fTS,0.0578386413268014
0.8,fTS,0.0589299998129128
0.8,fTS,0.0624478988880611
0.8,fTS,0.17632893941912
0.8,fTS,0.171147385541111
0.8,fTS,0.104396702012467
0.8,fTS,0.122802875728836
0.8,fTS,0.05791624079922
0.8,fTS,0.0917182672721408
0.8,fTS,0.046070138194565
0.8,fTS,0.146985955807763
0.8,fTS,0.540123130699702
0.8,fTS,0.0825341522134435
0.8,fTS,0.0806963508144893
0.8,fTS,0.0936523358846754
0.8,fTS,0.173089758290163
0.8,fTS,0.103398959941727
0.8,fTS,0.185047421140638
0.8,fTS,0.0798439608294168
0.8,fTS,0.0847615428711764
0.8,fTS,0.153856293445762
0.8,fTS,0.110607061179266
0.8,fTS,0.0545307842129913
0.8,fTS,0.0891249914999161
0.8,fTS,0.0918317443216898
0.8,fTS,0.0755808861385423
0.8,fTS,0.136708688625536
0.8,fTS,0.0931158024933529
0.8,fTS,0.105768558892711
0.8,fTS,0.0673865649335954
0.8,fTS,0.0703111858463137
0.8,fTS,0.0560394627235326
0.8,fTS,0.0377730324501567
0.8,fTS,0.0909809364257388
0.8,fTS,0.108236794614603
0.8,fTS,0.108242213276279
0.8,fTS,0.0907125540654244
0.8,fTS,0.145109942477082
0.8,fTS,0.125740243437611
0.8,fTS,0.0711347943041072
0.8,fTS,0.065362088654844
0.8,fTS,0.0780959946770024
0.8,fTS,0.0859339517069251
0.8,fTS,0.0725605320656042
0.8,fTS,0.0677847266878815
0.8,fTS,0.0554828295408342
0.8,fTS,0.127736360699331
0.8,fTS,0.0866946710153211
0.8,fTS,0.0707516464194376
0.8,fTS,0.0839849708800865
0.8,fTS,0.0939798058730092
0.8,fTS,0.17019271315789
0.8,fTS,0.115446370230329
0.8,fTS,0.0581514469509553
0.8,fTS,0.0907755091690096
0.8,fTS,0.0544538800246534
0.8,fTS,0.111226996416607
0.8,fTS,0.271334864816709
0.8,fTS,0.135044949951205
0.8,fTS,0.0526251639593847
0.8,fTS,0.0752106828318249
0.8,fTS,0.362708148799564
0.8,fTS,0.0664864822561586
0.8,fTS,0.110359848246223
0.8,fTS,0.0724929939734462
0.8,fTS,0.100303582568293
0.8,fTS,0.108351087151891
0.8,fTS,0.104286963432507
0.8,fTS,0.172617438712007
0.8,fTS,0.122381645657
0.8,fTS,0.0935020554239177
0.8,fTS,0.142518842988346
0.8,fTS,0.0860227659591192
0.8,fTS,0.12182236250782
0.8,fTS,0.100710681949413
0.8,fTS,0.121718444295533
0.8,fTS,0.0658348884857196
0.8,fTS,0.109870690229778
0.8,fTS,0.101588845572899
0.8,fTS,0.101018639822098
0.8,fTS,0.139989713130053
0.8,fTS,0.123689110710317
0.8,fTS,0.626571818660181
0.8,fTS,0.108448769273538
0.8,fTS,0.133150640021065
0.8,fTS,0.151221558317693
0.8,fTS,0.0662182067128653
0.8,fTS,0.100549298344945
0.8,fTS,0.102841450469098
0.8,fTS,0.0740478520372614
0.8,fTS,0.123362972333115
0.8,fTS,0.0924867291125829
0.8,fTS,0.0801009801568922
0.8,fTS,0.0849796395010079
0.8,fTS,0.0961295177410747
0.8,fTS,0.130084426173994
0.8,fTS,0.0551348571887557
0.8,fTS,0.0784236830568416
0.8,fTS,0.0979755381462573
0.8,fTS,0.143378733928586
0.8,fTS,0.128962026348285
0.8,fTS,0.100818186541884
0.8,fTS,0.0875537911217169
0.8,fTS,0.0740912202604712
0.8,fTS,0.139913064554838
0.8,fTS,0.0985798207552467
0.8,fTS,0.0955275585123316
0.8,fTS,0.0972362521458393
0.8,fTS,0.138226262818148
0.8,fTS,0.0895504174690865
0.8,fTS,0.0767313254186065
0.8,fTS,0.0842888749923302
0.8,fTS,0.11355431961632
0.8,fTS,0.0743166986167703
0.8,fTS,0.0545688922004416
0.8,fTS,0.0706953658774733
0.8,fTS,0.0677799109825987
0.8,fTS,0.0978092207675836
0.8,fTS,0.0556753137819561
0.8,fTS,0.0758646838812685
0.8,fTS,0.123705779901653
0.8,fTS,0.078984206457208
0.8,fTS,0.0661983487506274
0.8,fTS,0.0771558102637481
0.8,fTS,0.0725013150796878
0.8,fTS,0.107318692779164
0.8,fTS,0.059865844210667
0.8,fTS,0.0597140440480204
0.8,fTS,0.0759529394364065
0.8,fTS,0.189618759685635
0.8,fTS,0.149668657408441
0.8,fTS,0.0544437369192293
0.8,fTS,0.17046422212412
0.8,fTS,0.150702567697408
0.8,fTS,0.109862648317996
0.8,fTS,0.0657144427325091
0.8,fTS,0.10640447270774
0.8,fTS,0.0834877370694485
0.8,LS_oracle,0.1132903859886
0.8,LS_oracle,0.231249789845124
0.8,LS_oracle,0.103065206196399
0.8,LS_oracle,0.300783076208493
0.8,LS_oracle,0.206766677208892
0.8,LS_oracle,0.177386808965533
0.8,LS_oracle,0.0852838814342725
0.8,LS_oracle,0.0946663874964939
0.8,LS_oracle,0.153062890372406
0.8,LS_oracle,0.108456817475843
0.8,LS_oracle,0.0784018137279942
0.8,LS_oracle,0.0583341359438437
0.8,LS_oracle,0.110270183877253
0.8,LS_oracle,0.147505467550472
0.8,LS_oracle,0.155422217240198
0.8,LS_oracle,0.0646643744796357
0.8,LS_oracle,0.148538240024166
0.8,LS_oracle,0.0724530025407248
0.8,LS_oracle,0.0568459808462263
0.8,LS_oracle,0.112468895436047
0.8,LS_oracle,0.0732550601960638
0.8,LS_oracle,0.0463590952775933
0.8,LS_oracle,0.217950430410321
0.8,LS_oracle,0.133090080834295
0.8,LS_oracle,0.146745778199895
0.8,LS_oracle,0.289296928790762
0.8,LS_oracle,0.15946119982913
0.8,LS_oracle,0.0927776957655808
0.8,LS_oracle,0.491870137721641
0.8,LS_oracle,0.153715046415459
0.8,LS_oracle,0.102871202435809
0.8,LS_oracle,0.119788132403144
0.8,LS_oracle,0.110962353837802
0.8,LS_oracle,0.112492053292639
0.8,LS_oracle,0.116746871215571
0.8,LS_oracle,0.111025351410701
0.8,LS_oracle,0.623806015975569
0.8,LS_oracle,0.132410814241124
0.8,LS_oracle,0.0571852994109647
0.8,LS_oracle,0.197866948115427
0.8,LS_oracle,0.0402116344191788
0.8,LS_oracle,0.125687964807092
0.8,LS_oracle,0.105852332094803
0.8,LS_oracle,0.0607773320600143
0.8,LS_oracle,0.0705286000095063
0.8,LS_oracle,0.0987250899154965
0.8,LS_oracle,0.10491014768391
0.8,LS_oracle,0.114450307492081
0.8,LS_oracle,0.060105034032481
0.8,LS_oracle,0.0522546429280625
0.8,LS_oracle,0.116250159228781
0.8,LS_oracle,0.173482080766939
0.8,LS_oracle,0.101535955799716
0.8,LS_oracle,0.188669680443741
0.8,LS_oracle,0.149432577593078
0.8,LS_oracle,0.177371878429669
0.8,LS_oracle,0.0809405806687961
0.8,LS_oracle,0.204705803212228
0.8,LS_oracle,0.0692072087878947
0.8,LS_oracle,0.0519711958361165
0.8,LS_oracle,0.0873539317565153
0.8,LS_oracle,0.127350625349505
0.8,LS_oracle,0.0446885912964256
0.8,LS_oracle,0.0665272533136368
0.8,LS_oracle,0.0756514009078282
0.8,LS_oracle,0.160738449359555
0.8,LS_oracle,0.160374945183625
0.8,LS_oracle,0.14178161412277
0.8,LS_oracle,0.116147685163894
0.8,LS_oracle,0.0991816224199731
0.8,LS_oracle,0.0944355333750295
0.8,LS_oracle,0.22536346712164
0.8,LS_oracle,0.138483765026585
0.8,LS_oracle,0.591078871551941
0.8,LS_oracle,0.0919121017670895
0.8,LS_oracle,0.130489723744391
0.8,LS_oracle,0.174431286761912
0.8,LS_oracle,0.133486440226788
0.8,LS_oracle,0.0995518697221921
0.8,LS_oracle,0.144615456424531
0.8,LS_oracle,0.166731659511869
0.8,LS_oracle,0.125673192823988
0.8,LS_oracle,0.196096596462269
0.8,LS_oracle,0.259677819665377
0.8,LS_oracle,0.0929346204176949
0.8,LS_oracle,0.106952299501969
0.8,LS_oracle,0.121195773502924
0.8,LS_oracle,0.101927208101299
0.8,LS_oracle,0.15291735019197
0.8,LS_oracle,0.0820494150974981
0.8,LS_oracle,0.116841919071458
0.8,LS_oracle,0.0751868333093895
0.8,LS_oracle,0.154199545515824
0.8,LS_oracle,0.182029139302384
0.8,LS_oracle,0.0514495728094671
0.8,LS_oracle,0.110385432141632
0.8,LS_oracle,0.140480012620482
0.8,LS_oracle,0.111891014863814
0.8,LS_oracle,0.127149941378536
0.8,LS_oracle,0.159172752790107
0.8,LS_oracle,0.269741555167638
0.8,LS_oracle,0.0772455592792798
0.8,LS_oracle,0.0940209599273669
0.8,LS_oracle,0.0813129488424915
0.8,LS_oracle,0.0745048944369573
0.8,LS_oracle,0.203504958620346
0.8,LS_oracle,0.129717105295439
0.8,LS_oracle,0.106083615460501
0.8,LS_oracle,0.151810756382428
0.8,LS_oracle,0.103632488543864
0.8,LS_oracle,0.100740967035383
0.8,LS_oracle,0.104646646044373
0.8,LS_oracle,0.174738655369986
0.8,LS_oracle,0.150179372487194
0.8,LS_oracle,0.198665058667892
0.8,LS_oracle,0.112033613191586
0.8,LS_oracle,0.107527045022875
0.8,LS_oracle,0.0657132732065179
0.8,LS_oracle,0.108195086493922
0.8,LS_oracle,0.35375057054186
0.8,LS_oracle,0.122163247091549
0.8,LS_oracle,0.0707107866108147
0.8,LS_oracle,0.0618596304756757
0.8,LS_oracle,0.349565846812629
0.8,LS_oracle,0.0682990295447362
0.8,LS_oracle,0.12118272945632
0.8,LS_oracle,0.0787616579585303
0.8,LS_oracle,0.101487809680875
0.8,LS_oracle,0.115982948465324
0.8,LS_oracle,0.129345325357026
0.8,LS_oracle,0.16728705453953
0.8,LS_oracle,0.108628346674465
0.8,LS_oracle,0.080284397616536
0.8,LS_oracle,0.199649696711906
0.8,LS_oracle,0.0810116085735585
0.8,LS_oracle,0.152810556196721
0.8,LS_oracle,0.076952492475271
0.8,LS_oracle,0.0923987897475817
0.8,LS_oracle,0.079452957887096
0.8,LS_oracle,0.13067523870312
0.8,LS_oracle,0.138914747348535
0.8,LS_oracle,0.132308354317874
0.8,LS_oracle,0.18097437437261
0.8,LS_oracle,0.1615248762548
0.8,LS_oracle,0.691082062920807
0.8,LS_oracle,0.108518848257981
0.8,LS_oracle,0.169741819640071
0.8,LS_oracle,0.224788540645373
0.8,LS_oracle,0.0824221202697185
0.8,LS_oracle,0.119489942058772
0.8,LS_oracle,0.0953570846149301
0.8,LS_oracle,0.109518489287785
0.8,LS_oracle,0.101108122811702
0.8,LS_oracle,0.208376896823941
0.8,LS_oracle,0.129877198334209
0.8,LS_oracle,0.103273858786303
0.8,LS_oracle,0.0971977737987224
0.8,LS_oracle,0.175523909279515
0.8,LS_oracle,0.0614038676158451
0.8,LS_oracle,0.0877782625528622
0.8,LS_oracle,0.0988556068788667
0.8,LS_oracle,0.285239555034361
0.8,LS_oracle,0.121998712089679
0.8,LS_oracle,0.0502063877501742
0.8,LS_oracle,0.0835623129130888
0.8,LS_oracle,0.0680996528167409
0.8,LS_oracle,0.157360669255221
0.8,LS_oracle,0.155922477750012
0.8,LS_oracle,0.134237374141431
0.8,LS_oracle,0.112529074085815
0.8,LS_oracle,0.156576301679554
0.8,LS_oracle,0.133727809458766
0.8,LS_oracle,0.0872010287401579
0.8,LS_oracle,0.1055602653254
0.8,LS_oracle,0.195465838705438
0.8,LS_oracle,0.126506956571404
0.8,LS_oracle,0.0678829376651542
0.8,LS_oracle,0.100681721647352
0.8,LS_oracle,0.0629641957837302
0.8,LS_oracle,0.0862325420021091
0.8,LS_oracle,0.0588826913902513
0.8,LS_oracle,0.0711158617699069
0.8,LS_oracle,0.174795481441923
0.8,LS_oracle,0.0764019832819846
0.8,LS_oracle,0.0708596923630362
0.8,LS_oracle,0.0705333092872206
0.8,LS_oracle,0.107500426073527
0.8,LS_oracle,0.0872978985483039
0.8,LS_oracle,0.140647244477891
0.8,LS_oracle,0.0702922697701226
0.8,LS_oracle,0.0869768064188945
0.8,LS_oracle,0.187725551232426
0.8,LS_oracle,0.198083231721181
0.8,LS_oracle,0.0661828056459638
0.8,LS_oracle,0.14872882062377
0.8,LS_oracle,0.13025108876289
0.8,LS_oracle,0.111650990066672
0.8,LS_oracle,0.0933010049482201
0.8,LS_oracle,0.183297419334843
0.8,LS_oracle,0.0976396597029677
0.8,TS_oracle,0.134374136010895
0.8,TS_oracle,0.0831169485292597
0.8,TS_oracle,0.0804640510833028
0.8,TS_oracle,0.261187946465973
0.8,TS_oracle,0.136199964364768
0.8,TS_oracle,0.175131569397721
0.8,TS_oracle,0.0762209911503638
0.8,TS_oracle,0.079614116831309
0.8,TS_oracle,0.107253342240852
0.8,TS_oracle,0.0652456800358686
0.8,TS_oracle,0.067614861005767
0.8,TS_oracle,0.070874472356683
0.8,TS_oracle,0.102187217291775
0.8,TS_oracle,0.138075288178099
0.8,TS_oracle,0.160121762402269
0.8,TS_oracle,0.0476938773094377
0.8,TS_oracle,0.135938461823453
0.8,TS_oracle,0.0518158160107585
0.8,TS_oracle,0.0781743392079804
0.8,TS_oracle,0.0948619467196132
0.8,TS_oracle,0.0923621611801474
0.8,TS_oracle,0.0499553658675561
0.8,TS_oracle,0.215127933019116
0.8,TS_oracle,0.129819876468064
0.8,TS_oracle,0.108701531499401
0.8,TS_oracle,0.270211811970409
0.8,TS_oracle,0.0721158942266257
0.8,TS_oracle,0.0754984877273404
0.8,TS_oracle,0.48256002752383
0.8,TS_oracle,0.108543529893103
0.8,TS_oracle,0.110786965184263
0.8,TS_oracle,0.104945408898236
0.8,TS_oracle,0.0646965588925555
0.8,TS_oracle,0.0857627694088757
0.8,TS_oracle,0.0610172330768833
0.8,TS_oracle,0.0815707387523701
0.8,TS_oracle,0.617204564768253
0.8,TS_oracle,0.0945063444506362
0.8,TS_oracle,0.0547115688530254
0.8,TS_oracle,0.164549100904095
0.8,TS_oracle,0.0380330155812918
0.8,TS_oracle,0.0913574558149978
0.8,TS_oracle,0.123059843529497
0.8,TS_oracle,0.0646479555398208
0.8,TS_oracle,0.0727913741791445
0.8,TS_oracle,0.0834435207162369
0.8,TS_oracle,0.134237571544435
0.8,TS_oracle,0.0724980872701441
0.8,TS_oracle,0.0435128319877685
0.8,TS_oracle,0.0864467939547264
0.8,TS_oracle,0.118979799408914
0.8,TS_oracle,0.107259904400691
0.8,TS_oracle,0.122406659421415
0.8,TS_oracle,0.181731142593434
0.8,TS_oracle,0.0997104001267191
0.8,TS_oracle,0.0876354788089694
0.8,TS_oracle,0.0738128319295958
0.8,TS_oracle,0.0898507488818458
0.8,TS_oracle,0.0539944276570777
0.8,TS_oracle,0.270928270221125
0.8,TS_oracle,0.058739731770413
0.8,TS_oracle,0.104825601936137
0.8,TS_oracle,0.0576752538355337
0.8,TS_oracle,0.0588961363699421
0.8,TS_oracle,0.0624632079233286
0.8,TS_oracle,0.176290673981346
0.8,TS_oracle,0.171317773591027
0.8,TS_oracle,0.104388763190534
0.8,TS_oracle,0.122849036595184
0.8,TS_oracle,0.0579516522915694
0.8,TS_oracle,0.0920498433293401
0.8,TS_oracle,0.240499685218135
0.8,TS_oracle,0.146843591536586
0.8,TS_oracle,0.540200350162893
0.8,TS_oracle,0.082705200666766
0.8,TS_oracle,0.0807281030134848
0.8,TS_oracle,0.0928565510589288
0.8,TS_oracle,0.173086781733863
0.8,TS_oracle,0.103375107216261
0.8,TS_oracle,0.192714871568404
0.8,TS_oracle,0.0796022258857851
0.8,TS_oracle,0.0851528059881419
0.8,TS_oracle,0.153613090084035
0.8,TS_oracle,0.108213930340735
0.8,TS_oracle,0.0544170546614905
0.8,TS_oracle,0.0891763370982075
0.8,TS_oracle,0.0918150633176025
0.8,TS_oracle,0.0753602314873116
0.8,TS_oracle,0.136711108423315
0.8,TS_oracle,0.0938649308570796
0.8,TS_oracle,0.10587080741056
0.8,TS_oracle,0.0667620269033353
0.8,TS_oracle,0.0702880808339047
0.8,TS_oracle,0.0561614825466047
0.8,TS_oracle,0.0378115434113474
0.8,TS_oracle,0.0933888750574051
0.8,TS_oracle,0.108380892032705
0.8,TS_oracle,0.107992891580439
0.8,TS_oracle,0.0916073968327742
0.8,TS_oracle,0.145694596517043
0.8,TS_oracle,0.118189644427762
0.8,TS_oracle,0.0720025830544631
0.8,TS_oracle,0.0653142054379346
0.8,TS_oracle,0.0788721216367226
0.8,TS_oracle,0.0859307693711169
0.8,TS_oracle,0.0726283377394691
0.8,TS_oracle,0.0677549978593565
0.8,TS_oracle,0.0554578496868938
0.8,TS_oracle,0.127925466077249
0.8,TS_oracle,0.0861554862010654
0.8,TS_oracle,0.0707104323041487
0.8,TS_oracle,0.0841341965205311
0.8,TS_oracle,0.0956599351859452
0.8,TS_oracle,0.170180103038835
0.8,TS_oracle,0.112495194130853
0.8,TS_oracle,0.056918306848214
0.8,TS_oracle,0.0904286809061376
0.8,TS_oracle,0.054416914694682
0.8,TS_oracle,0.111343446273053
0.8,TS_oracle,0.273986481657232
0.8,TS_oracle,0.134536090677916
0.8,TS_oracle,0.0518228238285927
0.8,TS_oracle,0.0755298343482554
0.8,TS_oracle,0.361677455967815
0.8,TS_oracle,0.0664549085958031
0.8,TS_oracle,0.110377718787599
0.8,TS_oracle,0.0726946993156191
0.8,TS_oracle,0.100289545720068
0.8,TS_oracle,0.1083450074257
0.8,TS_oracle,0.104390353304647
0.8,TS_oracle,0.17303125399918
0.8,TS_oracle,0.122390260331794
0.8,TS_oracle,0.0935134928486836
0.8,TS_oracle,0.142499083018448
0.8,TS_oracle,0.0862493204623611
0.8,TS_oracle,0.121533856121291
0.8,TS_oracle,0.100183833595875
0.8,TS_oracle,0.121407016744747
0.8,TS_oracle,0.0631090555622303
0.8,TS_oracle,0.10881699041854
0.8,TS_oracle,0.101174361922567
0.8,TS_oracle,0.101010687935939
0.8,TS_oracle,0.139849495680365
0.8,TS_oracle,0.124102724771813
0.8,TS_oracle,0.62647017342544
0.8,TS_oracle,0.108184275508945
0.8,TS_oracle,0.133805191218409
0.8,TS_oracle,0.151363422481871
0.8,TS_oracle,0.0660325968610722
0.8,TS_oracle,0.100567596032596
0.8,TS_oracle,0.102929445078727
0.8,TS_oracle,0.0742218887908752
0.8,TS_oracle,0.122921279563138
0.8,TS_oracle,0.092650809924864
0.8,TS_oracle,0.0800943701095756
0.8,TS_oracle,0.0860689015695482
0.8,TS_oracle,0.0960381008257841
0.8,TS_oracle,0.130572943781403
0.8,TS_oracle,0.054847806894466
0.8,TS_oracle,0.0785342112565884
0.8,TS_oracle,0.0945500988932842
0.8,TS_oracle,0.144195030647183
0.8,TS_oracle,0.1293159473541
0.8,TS_oracle,0.100946138939585
0.8,TS_oracle,0.0875365836096913
0.8,TS_oracle,0.0740019917760291
0.8,TS_oracle,0.139935391801018
0.8,TS_oracle,0.0985012121153559
0.8,TS_oracle,0.0962575728115921
0.8,TS_oracle,0.0956617775282347
0.8,TS_oracle,0.138172389667696
0.8,TS_oracle,0.0895726953906655
0.8,TS_oracle,0.076780918686989
0.8,TS_oracle,0.0842425836947475
0.8,TS_oracle,0.113383440003515
0.8,TS_oracle,0.0742475151366517
0.8,TS_oracle,0.0546974394692841
0.8,TS_oracle,0.0708956490914252
0.8,TS_oracle,0.0684105089767298
0.8,TS_oracle,0.0979369565827122
0.8,TS_oracle,0.0554217130498351
0.8,TS_oracle,0.0766640222423059
0.8,TS_oracle,0.123713838298943
0.8,TS_oracle,0.0790023347775194
0.8,TS_oracle,0.0661797345112525
0.8,TS_oracle,0.0771441596011971
0.8,TS_oracle,0.0725662993175649
0.8,TS_oracle,0.107308338466662
0.8,TS_oracle,0.0601943697517538
0.8,TS_oracle,0.0594707523043198
0.8,TS_oracle,0.0757740433272353
0.8,TS_oracle,0.189648027002609
0.8,TS_oracle,0.149714568416295
0.8,TS_oracle,0.0539532002309113
0.8,TS_oracle,0.170695745634443
0.8,TS_oracle,0.150621619105989
0.8,TS_oracle,0.109814179715363
0.8,TS_oracle,0.0657244956841185
0.8,TS_oracle,0.105915945738442
0.8,TS_oracle,0.0834845088380345
0.9,PLS,0.20593662758953
0.9,PLS,0.099321330058421
0.9,PLS,0.133539995990286
0.9,PLS,0.110364480795707
0.9,PLS,0.0991130847893605
0.9,PLS,0.1083898844219
0.9,PLS,0.134662669048152
0.9,PLS,0.123794655245622
0.9,PLS,0.0854043101332722
0.9,PLS,0.101802382976223
0.9,PLS,0.0932182109779154
0.9,PLS,0.197940164875523
0.9,PLS,0.0858190229664317
0.9,PLS,0.167871241014809
0.9,PLS,0.0836585482393678
0.9,PLS,0.114995368818897
0.9,PLS,0.118826387370713
0.9,PLS,0.122934511939232
0.9,PLS,0.227439506470677
0.9,PLS,0.0869637286426412
0.9,PLS,0.183761725605431
0.9,PLS,0.150718479629025
0.9,PLS,0.104418804963512
0.9,PLS,0.126777662173101
0.9,PLS,0.129481398370165
0.9,PLS,0.104155864587831
0.9,PLS,0.107700709405801
0.9,PLS,0.264183625351061
0.9,PLS,0.101387062205796
0.9,PLS,0.223820537858687
0.9,PLS,0.0808634554473949
0.9,PLS,0.156118624736842
0.9,PLS,0.087192384859696
0.9,PLS,0.0998210341137125
0.9,PLS,0.0357443735719192
0.9,PLS,0.0481957632910174
0.9,PLS,0.334562266989159
0.9,PLS,0.133937747600865
0.9,PLS,0.0764018038809529
0.9,PLS,0.117183166780565
0.9,PLS,0.0795708810254833
0.9,PLS,0.124180120132118
0.9,PLS,0.0738703463354174
0.9,PLS,0.117772855892764
0.9,PLS,0.0922479773414054
0.9,PLS,0.0829152291623221
0.9,PLS,0.0778194921050474
0.9,PLS,0.10069658422555
0.9,PLS,0.235050593963958
0.9,PLS,0.118782075143542
0.9,PLS,0.338719774680702
0.9,PLS,0.211685887380545
0.9,PLS,0.0442812764386062
0.9,PLS,0.0956032762749101
0.9,PLS,0.0929379932724493
0.9,PLS,0.247168521158569
0.9,PLS,0.290531885597536
0.9,PLS,0.0723411669642254
0.9,PLS,0.175250060837662
0.9,PLS,0.156433906089609
0.9,PLS,0.121592885812203
0.9,PLS,0.123450687673245
0.9,PLS,0.0528685140702039
0.9,PLS,0.705998822357195
0.9,PLS,0.138741641598139
0.9,PLS,0.131459309380135
0.9,PLS,0.0896751167619899
0.9,PLS,0.13182153589643
0.9,PLS,0.118925185877291
0.9,PLS,0.0495113094735331
0.9,PLS,0.234373773973823
0.9,PLS,0.252898781524784
0.9,PLS,0.226925936868363
0.9,PLS,0.191066702719941
0.9,PLS,0.153751672310413
0.9,PLS,0.128218005704172
0.9,PLS,0.122063593005343
0.9,PLS,0.186308444728508
0.9,PLS,0.0218896374332811
0.9,PLS,0.0601178596728116
0.9,PLS,0.147503117407758
0.9,PLS,0.155436678706637
0.9,PLS,0.129896459667089
0.9,PLS,0.1039794667384
0.9,PLS,0.165354190891832
0.9,PLS,0.10717942808466
0.9,PLS,0.166360975767716
0.9,PLS,0.0859279571055633
0.9,PLS,0.130420072089046
0.9,PLS,0.135310450916579
0.9,PLS,0.105565918709726
0.9,PLS,0.0883169481373641
0.9,PLS,0.120352142673126
0.9,PLS,0.145247941499229
0.9,PLS,0.110324456944301
0.9,PLS,0.127411113224476
0.9,PLS,0.0901537506286708
0.9,PLS,0.113673135159662
0.9,PLS,0.135090738536193
0.9,PLS,0.0719736935254447
0.9,PLS,0.126923439614221
0.9,PLS,0.123911568086619
0.9,PLS,0.234718358987732
0.9,PLS,0.178837476398896
0.9,PLS,0.144493365135018
0.9,PLS,0.0963944684613623
0.9,PLS,0.0843179831766163
0.9,PLS,0.12123989135818
0.9,PLS,0.116359031320596
0.9,PLS,0.287532936012296
0.9,PLS,0.121600520310018
0.9,PLS,0.119608687864883
0.9,PLS,0.151202860807594
0.9,PLS,0.489741911134159
0.9,PLS,0.249030050635232
0.9,PLS,0.0973558239758769
0.9,PLS,0.243415148971202
0.9,PLS,0.116260973355065
0.9,PLS,0.0605053740045124
0.9,PLS,0.116693037589301
0.9,PLS,0.108069056781977
0.9,PLS,0.0727239409907638
0.9,PLS,0.0951871058475007
0.9,PLS,0.124050200263616
0.9,PLS,0.0763320969951752
0.9,PLS,0.151132569760741
0.9,PLS,0.0820134524548281
0.9,PLS,0.182683008942538
0.9,PLS,0.141783218111612
0.9,PLS,0.165369605134338
0.9,PLS,0.080503144420514
0.9,PLS,0.0907281841339007
0.9,PLS,0.0699448364249941
0.9,PLS,0.11426395750682
0.9,PLS,0.14637171008795
0.9,PLS,0.104736754495814
0.9,PLS,0.205243504354617
0.9,PLS,0.152419728134935
0.9,PLS,0.138895480690923
0.9,PLS,0.0757565224518131
0.9,PLS,0.0924411327661196
0.9,PLS,0.0895664147879235
0.9,PLS,0.0535745030039205
0.9,PLS,0.249984821317654
0.9,PLS,0.0754063789944961
0.9,PLS,0.214715375754108
0.9,PLS,0.125514974072915
0.9,PLS,0.208932187804045
0.9,PLS,0.141076555713437
0.9,PLS,0.0952114656477323
0.9,PLS,0.0902235077956664
0.9,PLS,0.0892418502322479
0.9,PLS,0.153958888428225
0.9,PLS,0.0800004571210828
0.9,PLS,0.0831883285240499
0.9,PLS,0.0465799053162739
0.9,PLS,0.183159066616598
0.9,PLS,0.074402664772466
0.9,PLS,0.0873084526071627
0.9,PLS,0.0975579118102495
0.9,PLS,0.0641689207581009
0.9,PLS,0.0641964104139619
0.9,PLS,0.64526275201046
0.9,PLS,0.240370402350327
0.9,PLS,0.240785854759053
0.9,PLS,0.0987751727110268
0.9,PLS,0.144198820560084
0.9,PLS,0.0637465907784856
0.9,PLS,0.121605152948009
0.9,PLS,0.0888495451681492
0.9,PLS,0.0798730717597768
0.9,PLS,0.12063127537847
0.9,PLS,0.0745240989151353
0.9,PLS,0.0692020932993106
0.9,PLS,0.0958061971338966
0.9,PLS,0.155867781911601
0.9,PLS,0.113912543530774
0.9,PLS,0.117801027167412
0.9,PLS,0.14166177311601
0.9,PLS,0.105511131440993
0.9,PLS,0.0874227701209662
0.9,PLS,0.214190573710239
0.9,PLS,0.0885963060442674
0.9,PLS,0.176698668946513
0.9,PLS,0.213839151785857
0.9,PLS,0.135168126328998
0.9,PLS,0.188204149768832
0.9,PLS,0.0722476343177431
0.9,PLS,0.11461272520804
0.9,PLS,0.105575717581638
0.9,PLS,0.0793671318676918
0.9,PLS,0.194462044051297
0.9,PLS,0.0913977150373391
0.9,PLS,0.203510917577428
0.9,PLS,0.0875182323321567
0.9,PLS,0.187091286010401
0.9,PLS,0.103047795338281
0.9,PLS,0.179080087334663
0.9,PLS,0.102105414809314
0.9,PLS,0.0379478421933583
0.9,fTS,0.106887153693401
0.9,fTS,0.0465944682205743
0.9,fTS,0.155142310843583
0.9,fTS,0.0661864383567496
0.9,fTS,0.0515956362372504
0.9,fTS,0.0852838695270174
0.9,fTS,0.0798587796586191
0.9,fTS,0.0765649627884493
0.9,fTS,0.0863943075931971
0.9,fTS,0.105689222385912
0.9,fTS,0.0818403429794547
0.9,fTS,0.0864553892858054
0.9,fTS,0.0732638581274614
0.9,fTS,0.162511119787338
0.9,fTS,0.0486434805986693
0.9,fTS,0.0473676149888721
0.9,fTS,0.0489874548033062
0.9,fTS,0.0635949338592254
0.9,fTS,0.104786831819625
0.9,fTS,0.103694371600738
0.9,fTS,0.130288996987345
0.9,fTS,0.0847669302361654
0.9,fTS,0.0640300010119682
0.9,fTS,0.11524702334205
0.9,fTS,0.0621062194403891
0.9,fTS,0.140877083205801
0.9,fTS,0.0639708505728097
0.9,fTS,0.160907766384082
0.9,fTS,0.0732475739914726
0.9,fTS,0.0987946508581741
0.9,fTS,0.0784125024837866
0.9,fTS,0.0696932150754442
0.9,fTS,0.0695458408556125
0.9,fTS,0.0703586131786982
0.9,fTS,0.0368810824453433
0.9,fTS,0.0556551642136849
0.9,fTS,0.0859179885697035
0.9,fTS,0.0550574575499866
0.9,fTS,0.0573595770210222
0.9,fTS,0.0796085161619851
0.9,fTS,0.112110630377738
0.9,fTS,0.0807458416199531
0.9,fTS,0.0702582874503211
0.9,fTS,0.068627230288636
0.9,fTS,0.0651780183125807
0.9,fTS,0.0413356204635186
0.9,fTS,0.0580757941353579
0.9,fTS,0.0808001204056627
0.9,fTS,0.151343741639058
0.9,fTS,0.0766153979817426
0.9,fTS,0.0889639110744965
0.9,fTS,0.0701709102071979
0.9,fTS,0.0431493624620789
0.9,fTS,0.0695094969690181
0.9,fTS,0.0570577569040895
0.9,fTS,0.134710276994383
0.9,fTS,0.263713283686729
0.9,fTS,0.112513096266447
0.9,fTS,0.078206633177289
0.9,fTS,0.0370195371172103
0.9,fTS,0.0880925221504343
0.9,fTS,0.0839703968444348
0.9,fTS,0.0511150270448688
0.9,fTS,0.629382850021214
0.9,fTS,0.0913802189955767
0.9,fTS,0.117837946044795
0.9,fTS,0.248665015479088
0.9,fTS,0.0972712911855798
0.9,fTS,0.069640371461589
0.9,fTS,0.0562516351707548
0.9,fTS,0.1305421510884
0.9,fTS,0.126336663877572
0.9,fTS,0.173969082700205
0.9,fTS,0.132129835716412
0.9,fTS,0.126652422505622
0.9,fTS,0.0978541368402116
0.9,fTS,0.118987061368001
0.9,fTS,0.156139042712933
0.9,fTS,0.0587735565941143
0.9,fTS,0.0437600202709072
0.9,fTS,0.0818665773094148
0.9,fTS,0.126360450631841
0.9,fTS,0.123503078727002
0.9,fTS,0.0643409417600922
0.9,fTS,0.12784507661677
0.9,fTS,0.0691244999641576
0.9,fTS,0.0774057407053207
0.9,fTS,0.0482807204846876
0.9,fTS,0.163565166456955
0.9,fTS,0.101359640348118
0.9,fTS,0.0551467787358647
0.9,fTS,0.0551916458862184
0.9,fTS,0.0823409688785776
0.9,fTS,0.105828796121812
0.9,fTS,0.0949555089344969
0.9,fTS,0.114752323354438
0.9,fTS,0.0702871592182163
0.9,fTS,0.120887078484802
0.9,fTS,0.103836944900302
0.9,fTS,0.0603075488555242
0.9,fTS,0.117958170230694
0.9,fTS,0.139230325209096
0.9,fTS,0.148879806555886
0.9,fTS,0.163563460811782
0.9,fTS,0.10086202269243
0.9,fTS,0.104076274955775
0.9,fTS,0.105255620764772
0.9,fTS,0.0994886309733648
0.9,fTS,0.110721746811116
0.9,fTS,0.270713526688791
0.9,fTS,0.0756090145152088
0.9,fTS,0.109676146098903
0.9,fTS,0.138004241423072
0.9,fTS,0.242165243150102
0.9,fTS,0.151505442113724
0.9,fTS,0.0659546184763614
0.9,fTS,0.135884397953511
0.9,fTS,0.0755682081444872
0.9,fTS,0.0589867959348885
0.9,fTS,0.076093195826845
0.9,fTS,0.0598262522452771
0.9,fTS,0.0502772511342794
0.9,fTS,0.086751179656933
0.9,fTS,0.0841325982199154
0.9,fTS,0.0305767016178177
0.9,fTS,0.103506460803484
0.9,fTS,0.0730985038752469
0.9,fTS,0.159311354146841
0.9,fTS,0.172528710187891
0.9,fTS,0.0523458047469652
0.9,fTS,0.0826983749522679
0.9,fTS,0.057830943775959
0.9,fTS,0.0602729965785304
0.9,fTS,0.102926936301197
0.9,fTS,0.103471757863908
0.9,fTS,0.046679355334631
0.9,fTS,0.133145195577546
0.9,fTS,0.0809668241887875
0.9,fTS,0.0537473876649665
0.9,fTS,0.0906243118456105
0.9,fTS,0.16914437102397
0.9,fTS,0.0665798167653399
0.9,fTS,0.040885543444218
0.9,fTS,0.151694406099644
0.9,fTS,0.0602636669183004
0.9,fTS,0.0543765722336697
0.9,fTS,0.0644732034754942
0.9,fTS,0.0869801136567784
0.9,fTS,0.097793001741612
0.9,fTS,0.076535109031154
0.9,fTS,0.0610126813408732
0.9,fTS,0.0584953595752035
0.9,fTS,0.0655208964207116
0.9,fTS,0.0873657730649199
0.9,fTS,0.0614272509255531
0.9,fTS,0.0352663781008079
0.9,fTS,0.0686612080558132
0.9,fTS,0.0649765834429311
0.9,fTS,0.0575041644690255
0.9,fTS,0.0833438835743866
0.9,fTS,0.0458566324719478
0.9,fTS,0.349972070689194
0.9,fTS,0.638117576108407
0.9,fTS,0.173529196240688
0.9,fTS,0.0994483298180059
0.9,fTS,0.0908204968685543
0.9,fTS,0.107842336120262
0.9,fTS,0.0803364626737917
0.9,fTS,0.156155839840104
0.9,fTS,0.0676021608655837
0.9,fTS,0.100639826183667
0.9,fTS,0.0500687487287298
0.9,fTS,0.0618730961620736
0.9,fTS,0.0544252215207795
0.9,fTS,0.0342000875650013
0.9,fTS,0.0747352445264323
0.9,fTS,0.115452091963249
0.9,fTS,0.0577128408027176
0.9,fTS,0.0604869674549256
0.9,fTS,0.0678057964291047
0.9,fTS,0.0830271071062727
0.9,fTS,0.202977290631057
0.9,fTS,0.0652185566170934
0.9,fTS,0.117410135771783
0.9,fTS,0.0825983225593294
0.9,fTS,0.0902164721694414
0.9,fTS,0.131505022927833
0.9,fTS,0.0978437529781456
0.9,fTS,0.0648161730521875
0.9,fTS,0.089855784214145
0.9,fTS,0.0450223872526616
0.9,fTS,0.201821004405176
0.9,fTS,0.0781334373629642
0.9,fTS,0.187681009039386
0.9,fTS,0.0689262005302587
0.9,fTS,0.0806459562465864
0.9,fTS,0.100871131721848
0.9,fTS,0.147984284546292
0.9,fTS,0.0945186245904555
0.9,fTS,0.0501397914765856
0.9,LS_oracle,0.204843196930398
0.9,LS_oracle,0.101666878657288
0.9,LS_oracle,0.127425781300136
0.9,LS_oracle,0.111741185220489
0.9,LS_oracle,0.0986388147796153
0.9,LS_oracle,0.109982740057812
0.9,LS_oracle,0.128037759515521
0.9,LS_oracle,0.124991775846429
0.9,LS_oracle,0.0851345531155221
0.9,LS_oracle,0.101497100038236
0.9,LS_oracle,0.0939000780235315
0.9,LS_oracle,0.199106491680152
0.9,LS_oracle,0.0867170910476676
0.9,LS_oracle,0.168501666075217
0.9,LS_oracle,0.0844613218951731
0.9,LS_oracle,0.115252250050269
0.9,LS_oracle,0.11866287405172
0.9,LS_oracle,0.122839531440775
0.9,LS_oracle,0.229501966650483
0.9,LS_oracle,0.0869707891373407
0.9,LS_oracle,0.184086834987801
0.9,LS_oracle,0.150468853072617
0.9,LS_oracle,0.105188426995784
0.9,LS_oracle,0.126537183035812
0.9,LS_oracle,0.129494706897817
0.9,LS_oracle,0.104933022779116
0.9,LS_oracle,0.105301693133979
0.9,LS_oracle,0.263963372750168
0.9,LS_oracle,0.101328257574896
0.9,LS_oracle,0.225653149300428
0.9,LS_oracle,0.0806230013566731
0.9,LS_oracle,0.156354803296946
0.9,LS_oracle,0.0858274902354873
0.9,LS_oracle,0.100058677136879
0.9,LS_oracle,0.0357444959167786
0.9,LS_oracle,0.0488382849299369
0.9,LS_oracle,0.335630815194613
0.9,LS_oracle,0.134280452028494
0.9,LS_oracle,0.0756465819015636
0.9,LS_oracle,0.117100739438416
0.9,LS_oracle,0.0795628065433513
0.9,LS_oracle,0.125190569549892
0.9,LS_oracle,0.0740115677423541
0.9,LS_oracle,0.117702944889566
0.9,LS_oracle,0.0920216432228046
0.9,LS_oracle,0.0825595833910611
0.9,LS_oracle,0.0770068159913389
0.9,LS_oracle,0.100512149995154
0.9,LS_oracle,0.239256243571368
0.9,LS_oracle,0.119336928383565
0.9,LS_oracle,0.338258740778174
0.9,LS_oracle,0.209273327062022
0.9,LS_oracle,0.0443869721172135
0.9,LS_oracle,0.0956954467808736
0.9,LS_oracle,0.0929241066697933
0.9,LS_oracle,0.247833081085268
0.9,LS_oracle,0.290189296671365
0.9,LS_oracle,0.071795403233581
0.9,LS_oracle,0.178184038941065
0.9,LS_oracle,0.155879214364351
0.9,LS_oracle,0.119052261455935
0.9,LS_oracle,0.123240731373337
0.9,LS_oracle,0.0514149013716176
0.9,LS_oracle,0.702076260760886
0.9,LS_oracle,0.139744670987756
0.9,LS_oracle,0.12782268776146
0.9,LS_oracle,0.0899485077060086
0.9,LS_oracle,0.132244868700234
0.9,LS_oracle,0.118718363207583
0.9,LS_oracle,0.048246696092718
0.9,LS_oracle,0.234297009053137
0.9,LS_oracle,0.25263816133621
0.9,LS_oracle,0.226929163603155
0.9,LS_oracle,0.190389977981736
0.9,LS_oracle,0.153729005468879
0.9,LS_oracle,0.128260892608701
0.9,LS_oracle,0.123259430989992
0.9,LS_oracle,0.186186057520336
0.9,LS_oracle,0.0220430914204642
0.9,LS_oracle,0.0601807583058747
0.9,LS_oracle,0.147214877146517
0.9,LS_oracle,0.154948876570912
0.9,LS_oracle,0.129852141836849
0.9,LS_oracle,0.103462772521615
0.9,LS_oracle,0.165468343379869
0.9,LS_oracle,0.107294176314992
0.9,LS_oracle,0.166579088705123
0.9,LS_oracle,0.086019375393974
0.9,LS_oracle,0.130266246364815
0.9,LS_oracle,0.135233870090823
0.9,LS_oracle,0.105839184287381
0.9,LS_oracle,0.0855876350148992
0.9,LS_oracle,0.120675501450024
0.9,LS_oracle,0.145616120057857
0.9,LS_oracle,0.110658343314385
0.9,LS_oracle,0.139905877996258
0.9,LS_oracle,0.0920898348485453
0.9,LS_oracle,0.113448286036684
0.9,LS_oracle,0.12795940373423
0.9,LS_oracle,0.0720011577310903
0.9,LS_oracle,0.126636058255237
0.9,LS_oracle,0.123875749008262
0.9,LS_oracle,0.234943425960202
0.9,LS_oracle,0.179421323449853
0.9,LS_oracle,0.14495839276084
0.9,LS_oracle,0.0963337843333229
0.9,LS_oracle,0.0843944840594608
0.9,LS_oracle,0.12136997583529
0.9,LS_oracle,0.116260702104416
0.9,LS_oracle,0.287766149252896
0.9,LS_oracle,0.123350630981871
0.9,LS_oracle,0.113375508845764
0.9,LS_oracle,0.152883292264446
0.9,LS_oracle,0.48957423229704
0.9,LS_oracle,0.248060806838792
0.9,LS_oracle,0.0994655490422094
0.9,LS_oracle,0.242928704431805
0.9,LS_oracle,0.115821336592918
0.9,LS_oracle,0.0600017523826429
0.9,LS_oracle,0.115834356087928
0.9,LS_oracle,0.105844073488238
0.9,LS_oracle,0.0735004608846335
0.9,LS_oracle,0.0940626463592729
0.9,LS_oracle,0.125863942630315
0.9,LS_oracle,0.0775001547543904
0.9,LS_oracle,0.154740929573565
0.9,LS_oracle,0.0829963298660662
0.9,LS_oracle,0.182523570898431
0.9,LS_oracle,0.141895771499341
0.9,LS_oracle,0.165033421711385
0.9,LS_oracle,0.0808402609433044
0.9,LS_oracle,0.0889307019595888
0.9,LS_oracle,0.0699598269083278
0.9,LS_oracle,0.112006549773926
0.9,LS_oracle,0.139480179188952
0.9,LS_oracle,0.0997353887570819
0.9,LS_oracle,0.208355337254551
0.9,LS_oracle,0.151531015804965
0.9,LS_oracle,0.137131105876867
0.9,LS_oracle,0.0760326383100835
0.9,LS_oracle,0.0916712627328447
0.9,LS_oracle,0.0896477399293943
0.9,LS_oracle,0.0495701635764893
0.9,LS_oracle,0.25011848693596
0.9,LS_oracle,0.0744873115818667
0.9,LS_oracle,0.214980880606251
0.9,LS_oracle,0.124714063232712
0.9,LS_oracle,0.207728172042278
0.9,LS_oracle,0.140862870132789
0.9,LS_oracle,0.0955979979618249
0.9,LS_oracle,0.09002275321545
0.9,LS_oracle,0.0892465923017812
0.9,LS_oracle,0.153629384697973
0.9,LS_oracle,0.0801481809838179
0.9,LS_oracle,0.0831525839711715
0.9,LS_oracle,0.0464987251422139
0.9,LS_oracle,0.184008816710329
0.9,LS_oracle,0.0744148752600076
0.9,LS_oracle,0.0874211365767447
0.9,LS_oracle,0.0978404217365662
0.9,LS_oracle,0.0642356552176162
0.9,LS_oracle,0.0643099091691322
0.9,LS_oracle,0.644803175261151
0.9,LS_oracle,0.242302947987605
0.9,LS_oracle,0.240567074803178
0.9,LS_oracle,0.0995923190548764
0.9,LS_oracle,0.144241640211014
0.9,LS_oracle,0.0637036385578302
0.9,LS_oracle,0.121175719162181
0.9,LS_oracle,0.088363095078736
0.9,LS_oracle,0.0798637507343195
0.9,LS_oracle,0.125285437961438
0.9,LS_oracle,0.0756869393424711
0.9,LS_oracle,0.069172394851184
0.9,LS_oracle,0.096866352756108
0.9,LS_oracle,0.15526906982065
0.9,LS_oracle,0.114569258050128
0.9,LS_oracle,0.117488599981039
0.9,LS_oracle,0.141608318769953
0.9,LS_oracle,0.105199177362563
0.9,LS_oracle,0.0868471216797809
0.9,LS_oracle,0.213565036462769
0.9,LS_oracle,0.0886395622173346
0.9,LS_oracle,0.176476202772356
0.9,LS_oracle,0.213884112201115
0.9,LS_oracle,0.135694602275298
0.9,LS_oracle,0.188157893620564
0.9,LS_oracle,0.0686275690557943
0.9,LS_oracle,0.114501266424981
0.9,LS_oracle,0.10668466026727
0.9,LS_oracle,0.0767311286494687
0.9,LS_oracle,0.194344404690254
0.9,LS_oracle,0.0914463687932377
0.9,LS_oracle,0.203419684987681
0.9,LS_oracle,0.0859535970830418
0.9,LS_oracle,0.188416935973741
0.9,LS_oracle,0.103077592164081
0.9,LS_oracle,0.17912547730054
0.9,LS_oracle,0.102186085457129
0.9,LS_oracle,0.0380695790345896
0.9,TS_oracle,0.10686352505498
0.9,TS_oracle,0.0464652723160159
0.9,TS_oracle,0.155193477352396
0.9,TS_oracle,0.066355856214713
0.9,TS_oracle,0.0515885051415623
0.9,TS_oracle,0.0855076621186183
0.9,TS_oracle,0.0772993618720945
0.9,TS_oracle,0.0766474654927077
0.9,TS_oracle,0.0864568248296013
0.9,TS_oracle,0.105633113553122
0.9,TS_oracle,0.0818980996603846
0.9,TS_oracle,0.0864421804204128
0.9,TS_oracle,0.0731343155189042
0.9,TS_oracle,0.163057297236616
0.9,TS_oracle,0.0489337560014352
0.9,TS_oracle,0.0473664184888925
0.9,TS_oracle,0.0490276491364397
0.9,TS_oracle,0.0633552641792039
0.9,TS_oracle,0.104866723193191
0.9,TS_oracle,0.104415086273641
0.9,TS_oracle,0.130269754130247
0.9,TS_oracle,0.0843305370455541
0.9,TS_oracle,0.0638811804400958
0.9,TS_oracle,0.115541134796822
0.9,TS_oracle,0.0620293496700563
0.9,TS_oracle,0.140992414189211
0.9,TS_oracle,0.0639758104432831
0.9,TS_oracle,0.160867577601802
0.9,TS_oracle,0.0732142468649138
0.9,TS_oracle,0.099012816123898
0.9,TS_oracle,0.0782979289991334
0.9,TS_oracle,0.0707471025895371
0.9,TS_oracle,0.0695316741541957
0.9,TS_oracle,0.070398216777381
0.9,TS_oracle,0.0371217741431007
0.9,TS_oracle,0.0541582391836434
0.9,TS_oracle,0.086066931078364
0.9,TS_oracle,0.0549943960817484
0.9,TS_oracle,0.0579441256649399
0.9,TS_oracle,0.0796070224786554
0.9,TS_oracle,0.112032192916101
0.9,TS_oracle,0.0845928275597016
0.9,TS_oracle,0.0702287690997376
0.9,TS_oracle,0.0687419064092325
0.9,TS_oracle,0.0653295073940083
0.9,TS_oracle,0.0413448498189875
0.9,TS_oracle,0.0579998538086906
0.9,TS_oracle,0.0800534260067735
0.9,TS_oracle,0.151022862065306
0.9,TS_oracle,0.0775146142238804
0.9,TS_oracle,0.088990271279858
0.9,TS_oracle,0.0700356397292425
0.9,TS_oracle,0.0430621761180607
0.9,TS_oracle,0.0692946110112114
0.9,TS_oracle,0.0567344312851999
0.9,TS_oracle,0.134636131646136
0.9,TS_oracle,0.263734932628105
0.9,TS_oracle,0.112317182214484
0.9,TS_oracle,0.0783399538686754
0.9,TS_oracle,0.0365642316223192
0.9,TS_oracle,0.0878538086835512
0.9,TS_oracle,0.0840962026004497
0.9,TS_oracle,0.0501619682872147
0.9,TS_oracle,0.628552436957818
0.9,TS_oracle,0.0914134948530969
0.9,TS_oracle,0.117890422676382
0.9,TS_oracle,0.248366822635155
0.9,TS_oracle,0.0973438915650605
0.9,TS_oracle,0.069637527231877
0.9,TS_oracle,0.056584307024563
0.9,TS_oracle,0.130552982267054
0.9,TS_oracle,0.126297328978783
0.9,TS_oracle,0.174065418944299
0.9,TS_oracle,0.132068224497923
0.9,TS_oracle,0.127474265246207
0.9,TS_oracle,0.0969495729146409
0.9,TS_oracle,0.12078927032801
0.9,TS_oracle,0.156012800429929
0.9,TS_oracle,0.0586913752938986
0.9,TS_oracle,0.0439154569323433
0.9,TS_oracle,0.0819325694096838
0.9,TS_oracle,0.126368865189746
0.9,TS_oracle,0.123615922723894
0.9,TS_oracle,0.0593073208783339
0.9,TS_oracle,0.128968742794008
0.9,TS_oracle,0.0676372163712686
0.9,TS_oracle,0.0773428615499513
0.9,TS_oracle,0.0482250286881788
0.9,TS_oracle,0.164548369793931
0.9,TS_oracle,0.101643301245054
0.9,TS_oracle,0.0545171584932077
0.9,TS_oracle,0.0551919814632094
0.9,TS_oracle,0.0869091623143894
0.9,TS_oracle,0.105839803422006
0.9,TS_oracle,0.0949704904853446
0.9,TS_oracle,0.114139253411557
0.9,TS_oracle,0.0701920708400116
0.9,TS_oracle,0.121042746947795
0.9,TS_oracle,0.103734843553224
0.9,TS_oracle,0.0602293756068377
0.9,TS_oracle,0.117940890783676
0.9,TS_oracle,0.138911092437791
0.9,TS_oracle,0.148911921578616
0.9,TS_oracle,0.163592154645373
0.9,TS_oracle,0.101047535957383
0.9,TS_oracle,0.104068566333209
0.9,TS_oracle,0.105297606188234
0.9,TS_oracle,0.0994739866947088
0.9,TS_oracle,0.109337145378907
0.9,TS_oracle,0.27074514035961
0.9,TS_oracle,0.0755329364225567
0.9,TS_oracle,0.109480076379761
0.9,TS_oracle,0.137989877510677
0.9,TS_oracle,0.24216901956279
0.9,TS_oracle,0.156875458595726
0.9,TS_oracle,0.0658583650459603
0.9,TS_oracle,0.136059554828459
0.9,TS_oracle,0.0753349134966832
0.9,TS_oracle,0.0598750003123149
0.9,TS_oracle,0.07683195225099
0.9,TS_oracle,0.0599150567446202
0.9,TS_oracle,0.0500407481314135
0.9,TS_oracle,0.0853807001789741
0.9,TS_oracle,0.0841552445822686
0.9,TS_oracle,0.0291225835632809
0.9,TS_oracle,0.102571046371593
0.9,TS_oracle,0.0732855941024042
0.9,TS_oracle,0.159293374885631
0.9,TS_oracle,0.172524300407866
0.9,TS_oracle,0.0524797180683573
0.9,TS_oracle,0.0825490671826776
0.9,TS_oracle,0.0577682366600734
0.9,TS_oracle,0.0602687882418287
0.9,TS_oracle,0.102906478589855
0.9,TS_oracle,0.103400213213013
0.9,TS_oracle,0.0467379105446207
0.9,TS_oracle,0.133280932203721
0.9,TS_oracle,0.0809022266231069
0.9,TS_oracle,0.0539722047750708
0.9,TS_oracle,0.0904982057344566
0.9,TS_oracle,0.168871019052079
0.9,TS_oracle,0.0660300315742458
0.9,TS_oracle,0.0408455694362864
0.9,TS_oracle,0.151685886655244
0.9,TS_oracle,0.0605388707713326
0.9,TS_oracle,0.0543275672499026
0.9,TS_oracle,0.0641064642167331
0.9,TS_oracle,0.0858232567610867
0.9,TS_oracle,0.0978825027903238
0.9,TS_oracle,0.0764350854887293
0.9,TS_oracle,0.0610682474784995
0.9,TS_oracle,0.0584955249740083
0.9,TS_oracle,0.0654753659175469
0.9,TS_oracle,0.0868282136135153
0.9,TS_oracle,0.0614436840778578
0.9,TS_oracle,0.0352253052408011
0.9,TS_oracle,0.068910695082873
0.9,TS_oracle,0.065164120948636
0.9,TS_oracle,0.057690642000858
0.9,TS_oracle,0.083320043410042
0.9,TS_oracle,0.0456826165881632
0.9,TS_oracle,0.349927480222805
0.9,TS_oracle,0.638258292492974
0.9,TS_oracle,0.173006539022301
0.9,TS_oracle,0.100819528192797
0.9,TS_oracle,0.0929843388013901
0.9,TS_oracle,0.107613387534633
0.9,TS_oracle,0.0804033789916263
0.9,TS_oracle,0.158364208289026
0.9,TS_oracle,0.0675906746943664
0.9,TS_oracle,0.100671803050034
0.9,TS_oracle,0.0502262952725296
0.9,TS_oracle,0.06188966054719
0.9,TS_oracle,0.0545460122841437
0.9,TS_oracle,0.0342458688613196
0.9,TS_oracle,0.074791188423554
0.9,TS_oracle,0.112060466804796
0.9,TS_oracle,0.0577375740764483
0.9,TS_oracle,0.130267498349594
0.9,TS_oracle,0.0678757657804052
0.9,TS_oracle,0.0829952175565928
0.9,TS_oracle,0.204448340810879
0.9,TS_oracle,0.0653168758182178
0.9,TS_oracle,0.117408726640452
0.9,TS_oracle,0.0831459953198273
0.9,TS_oracle,0.0889443081421283
0.9,TS_oracle,0.131548752653132
0.9,TS_oracle,0.0980463698866844
0.9,TS_oracle,0.0648920302881759
0.9,TS_oracle,0.0900025792013568
0.9,TS_oracle,0.0450140665511171
0.9,TS_oracle,0.202331016824936
0.9,TS_oracle,0.07680755222834
0.9,TS_oracle,0.187681604704783
0.9,TS_oracle,0.0688355253256757
0.9,TS_oracle,0.0807389217728202
0.9,TS_oracle,0.100842274451428
0.9,TS_oracle,0.14834745703772
0.9,TS_oracle,0.0948100889577124
0.9,TS_oracle,0.0501264528880099
