rho,methods,PE_value
0,PLS,0.0564193717827175
0,PLS,0.0331785379795655
0,PLS,0.042738478919617
0,PLS,0.142533871978274
0,PLS,0.116316624167653
0,PLS,0.0970525313908934
0,PLS,0.0775971514600484
0,PLS,0.0472561624439174
0,PLS,0.0580767421849688
0,PLS,0.131437998284378
0,PLS,0.0607346246050715
0,PLS,0.0525806310405488
0,PLS,0.0642255135759637
0,PLS,0.0678770091077212
0,PLS,0.0567866944268112
0,PLS,0.0313063446462896
0,PLS,0.108142395880969
0,PLS,0.0456065158228831
0,PLS,0.0743236233444382
0,PLS,0.0973576227104578
0,PLS,0.0963099291663461
0,PLS,0.119201346890093
0,PLS,0.0283932735216679
0,PLS,0.0564558442817131
0,PLS,0.0584377470957356
0,PLS,0.0956617064615146
0,PLS,0.0757088352728403
0,PLS,0.109350100496413
0,PLS,0.1394018993568
0,PLS,0.0876854181033859
0,PLS,0.14309010516723
0,PLS,0.108812446651386
0,PLS,0.0966952684354012
0,PLS,0.0904623738555159
0,PLS,0.0879635710714788
0,PLS,0.0988416090408626
0,PLS,0.0587751147047175
0,PLS,0.0508807178301283
0,PLS,0.0519800757974067
0,PLS,0.067462628709555
0,PLS,0.0545517540057565
0,PLS,0.0763162042136565
0,PLS,0.122063818030506
0,PLS,0.0812953274399513
0,PLS,0.0909862816934273
0,PLS,0.00220623171855494
0,PLS,0.0894913920085001
0,PLS,0.118355133524598
0,PLS,0.121378577616929
0,PLS,0.0327120671261878
0,PLS,0.110118023591314
0,PLS,0.0462410528066892
0,PLS,0.0256382888699653
0,PLS,0.0913640112019296
0,PLS,0.0983860974079174
0,PLS,0.109659235933298
0,PLS,0.0414979807747238
0,PLS,0.0272753938899148
0,PLS,0.079761209475369
0,PLS,0.0791958077901183
0,PLS,0.130597386125572
0,PLS,0.0517535267581606
0,PLS,0.0694838690790094
0,PLS,0.0824766803754109
0,PLS,0.0972072531316037
0,PLS,0.00647971604084652
0,PLS,0.0188883032603102
0,PLS,0.0702642836937248
0,PLS,0.0716510484361124
0,PLS,0.103157245486007
0,PLS,0.146695603112996
0,PLS,0.0792750557312221
0,PLS,0.0553283892729293
0,PLS,0.0923354148302538
0,PLS,0.129221152307501
0,PLS,0.0795821714158931
0,PLS,0.120016485847334
0,PLS,0.05532954414181
0,PLS,0.12416516401685
0,PLS,0.113478961512357
0,PLS,0.0926549933289582
0,PLS,0.0991414564223883
0,PLS,0.0530054488712666
0,PLS,0.0893349963480679
0,PLS,0.0557128056192009
0,PLS,0.0400370272959161
0,PLS,0.0465524201108101
0,PLS,0.0352616695706522
0,PLS,0.0503886710276911
0,PLS,0.0119583583057987
0,PLS,0.0649864633488861
0,PLS,0.0694724833275275
0,PLS,0.104591065562773
0,PLS,0.000335362854089194
0,PLS,0.0910307683344371
0,PLS,0.0357245015097583
0,PLS,0.0523253767749674
0,PLS,-0.00938541833705009
0,PLS,0.087802354259723
0,PLS,0.050906625835436
0,PLS,0.0266943921318075
0,PLS,0.0609315235227932
0,PLS,0.100377350994285
0,PLS,0.0920839026071558
0,PLS,0.167620753752158
0,PLS,0.0372834395017336
0,PLS,0.0899498166830957
0,PLS,0.0724291941547957
0,PLS,0.0829961716362111
0,PLS,0.0930500236029792
0,PLS,0.0585899059750585
0,PLS,0.105861494693206
0,PLS,0.0787937880676348
0,PLS,0.0627013506505321
0,PLS,0.092284142510197
0,PLS,0.0682053269200404
0,PLS,0.0672559360752827
0,PLS,0.109067506506947
0,PLS,0.0709937103846958
0,PLS,0.1021834399574
0,PLS,0.0589705804851905
0,PLS,0.0708887965864899
0,PLS,0.0841483798424267
0,PLS,0.0533858425420515
0,PLS,0.0683020380101662
0,PLS,0.114436866134837
0,PLS,0.0366730869550953
0,PLS,0.117519735938882
0,PLS,0.012350089354678
0,PLS,0.0379966698580743
0,PLS,0.0311499936755208
0,PLS,0.0376775754420453
0,PLS,0.112370797201754
0,PLS,0.0777945207249626
0,PLS,0.0231253750228864
0,PLS,0.00507660597508708
0,PLS,0.0697245928926113
0,PLS,0.111577510422762
0,PLS,0.0960059751113953
0,PLS,0.0936348990975249
0,PLS,0.1127381291596
0,PLS,0.11185105190466
0,PLS,0.0900543847521456
0,PLS,0.0505715769913055
0,PLS,0.0470285193302313
0,PLS,0.0570902699326963
0,PLS,0.0401481422333383
0,PLS,0.0732565860183971
0,PLS,0.0719307470136401
0,PLS,0.077468615994978
0,PLS,0.0412910986428301
0,PLS,0.0682693160912826
0,PLS,0.0731520555335046
0,PLS,0.0698878689631863
0,PLS,0.124613431898245
0,PLS,0.068020091478157
0,PLS,0.0652416699801737
0,PLS,0.0525907486502377
0,PLS,0.113199835668903
0,PLS,0.0576438068489595
0,PLS,0.103388672466822
0,PLS,0.07225924942837
0,PLS,0.0683633069914686
0,PLS,0.0564925537372682
0,PLS,0.06813247567792
0,PLS,0.0755514182813839
0,PLS,0.138677052283812
0,PLS,0.101932489084745
0,PLS,0.0795312100551846
0,PLS,0.0880241237523891
0,PLS,0.0696512656885093
0,PLS,0.10271228792438
0,PLS,0.138733068044117
0,PLS,0.0814936044127919
0,PLS,0.0811104650562309
0,PLS,0.0774753483639135
0,PLS,0.0998512691848856
0,PLS,0.0696581190675922
0,PLS,0.0892869039743909
0,PLS,0.119705267795051
0,PLS,0.0902067165437945
0,PLS,0.101186355144346
0,PLS,0.0964867321944411
0,PLS,0.0667039172222057
0,PLS,0.0562501494731324
0,PLS,0.0596403162344203
0,PLS,0.0695568945795335
0,PLS,0.127398655544884
0,PLS,0.0878531864970635
0,PLS,0.00990547556542509
0,PLS,0.121726170873435
0,PLS,0.0459361853220943
0,PLS,0.0356224836589241
0,PLS,0.0958753418022777
0,PLS,0.0856861957018376
0,PLS,0.0734618464533077
0,PLS,0.0687425177469325
0,PLS,0.104254002639025
0,PLS,0.0857844672434238
0,PLS,0.0622806873537001
0,fTS,0.0564026709516476
0,fTS,0.0331794563386127
0,fTS,0.0423338395406319
0,fTS,0.142513945961649
0,fTS,0.115994489171455
0,fTS,0.0970525313908934
0,fTS,0.0773573742807734
0,fTS,0.0472426984732635
0,fTS,0.058072153257241
0,fTS,0.131436840762391
0,fTS,0.0607346246050715
0,fTS,0.052917156512184
0,fTS,0.0642119716231075
0,fTS,0.0678770440262453
0,fTS,0.0570796362003532
0,fTS,0.0312343201378982
0,fTS,0.108009730532753
0,fTS,0.045879042370045
0,fTS,0.0743197910823292
0,fTS,0.0976689330109763
0,fTS,0.0963133452249709
0,fTS,0.119093452915737
0,fTS,0.0299930291689527
0,fTS,0.055316000978032
0,fTS,0.0587790938472921
0,fTS,0.094570385752194
0,fTS,0.0755887817624672
0,fTS,0.109335694045781
0,fTS,0.139649138753755
0,fTS,0.0885402049188604
0,fTS,0.14309010516723
0,fTS,0.108355116063183
0,fTS,0.0967001835164667
0,fTS,0.0908877465691622
0,fTS,0.084548973912244
0,fTS,0.100343612138034
0,fTS,0.0591299929622291
0,fTS,0.0512652561131397
0,fTS,0.0519800757974067
0,fTS,0.0689353264001655
0,fTS,0.054470599423212
0,fTS,0.0763019917866854
0,fTS,0.122081147817128
0,fTS,0.0815437707647837
0,fTS,0.0909954588629349
0,fTS,0.00220623171855494
0,fTS,0.0879668381491954
0,fTS,0.118355133524598
0,fTS,0.121166909250145
0,fTS,0.0326077115298187
0,fTS,0.110118023591314
0,fTS,0.0462104648594803
0,fTS,0.025063417643308
0,fTS,0.0914074322857914
0,fTS,0.098190598149579
0,fTS,0.109694636626238
0,fTS,0.0414635515075001
0,fTS,0.0270942194018915
0,fTS,0.0797462401257352
0,fTS,0.0798109560402969
0,fTS,0.130597487783574
0,fTS,0.0516295046548503
0,fTS,0.0694831462526309
0,fTS,0.0824766803754109
0,fTS,0.0972013967471239
0,fTS,0.00647971604084652
0,fTS,0.0188883032603102
0,fTS,0.0702642836937248
0,fTS,0.0721047678770992
0,fTS,0.103181770987161
0,fTS,0.146690987028762
0,fTS,0.0793013675002066
0,fTS,0.055559641231961
0,fTS,0.0925766641236323
0,fTS,0.129224830342411
0,fTS,0.0796749875952587
0,fTS,0.118868267589858
0,fTS,0.0568254516016355
0,fTS,0.124141347454629
0,fTS,0.113718765612432
0,fTS,0.0912458297733856
0,fTS,0.0981779554291802
0,fTS,0.0529310934972969
0,fTS,0.089328246372409
0,fTS,0.0558590719664582
0,fTS,0.0399825924102588
0,fTS,0.0465524201108101
0,fTS,0.035478126647942
0,fTS,0.0503886710276911
0,fTS,0.0122095294760689
0,fTS,0.0649885912197512
0,fTS,0.0697677641957288
0,fTS,0.104591841966952
0,fTS,0.000335362854089194
0,fTS,0.0909566822677343
0,fTS,0.0357214788316651
0,fTS,0.0523598086246797
0,fTS,-0.00932618691527676
0,fTS,0.0883503961213961
0,fTS,0.050906625835436
0,fTS,0.0266943921318075
0,fTS,0.0609297582375916
0,fTS,0.100473772119165
0,fTS,0.0920839026071558
0,fTS,0.167333889250684
0,fTS,0.0372844576868254
0,fTS,0.0899440679049477
0,fTS,0.0724760274693566
0,fTS,0.0829968571476691
0,fTS,0.0934109451582676
0,fTS,0.058601453517666
0,fTS,0.105907129332492
0,fTS,0.0789013486026136
0,fTS,0.0627707988279407
0,fTS,0.0923943853109035
0,fTS,0.0682103537948213
0,fTS,0.067290332189085
0,fTS,0.109067506506947
0,fTS,0.0709967542042711
0,fTS,0.101675124567898
0,fTS,0.0589705804851905
0,fTS,0.0708887965864899
0,fTS,0.0841483798424267
0,fTS,0.0533858425420515
0,fTS,0.0683020380101662
0,fTS,0.114257932257928
0,fTS,0.0364555391269552
0,fTS,0.117926834298218
0,fTS,0.0124758674620173
0,fTS,0.0379966698580743
0,fTS,0.0311543348201797
0,fTS,0.0377757371810221
0,fTS,0.112370797201754
0,fTS,0.0777750307805394
0,fTS,0.0233494206297999
0,fTS,0.00516926186580968
0,fTS,0.0697245928926113
0,fTS,0.111577510422762
0,fTS,0.0960255861816484
0,fTS,0.093629723954215
0,fTS,0.112691213293508
0,fTS,0.111851095755886
0,fTS,0.0900543847521456
0,fTS,0.0505715769913055
0,fTS,0.0469601408446398
0,fTS,0.0572405852222722
0,fTS,0.0401451364413976
0,fTS,0.0724735271166144
0,fTS,0.0720255450630309
0,fTS,0.077468615994978
0,fTS,0.0412910986428301
0,fTS,0.0682751786739524
0,fTS,0.0730930864077881
0,fTS,0.0697088990725308
0,fTS,0.124613431898245
0,fTS,0.0686347370896017
0,fTS,0.0653720265819446
0,fTS,0.0524524021751651
0,fTS,0.113199835668903
0,fTS,0.0576384839656887
0,fTS,0.10343071212498
0,fTS,0.0722414029695233
0,fTS,0.0683633069914686
0,fTS,0.0565888312847977
0,fTS,0.0682570868601189
0,fTS,0.0754866965568148
0,fTS,0.139483969277943
0,fTS,0.101953859815576
0,fTS,0.0797140428082517
0,fTS,0.0880241237523891
0,fTS,0.0696512656885093
0,fTS,0.10288696543305
0,fTS,0.138870476879308
0,fTS,0.0814936766334742
0,fTS,0.0810930483119299
0,fTS,0.0774753483639135
0,fTS,0.100076557301344
0,fTS,0.0698526403167543
0,fTS,0.0892167960494203
0,fTS,0.119699479335191
0,fTS,0.0917383903148901
0,fTS,0.101186355144346
0,fTS,0.0964866365493058
0,fTS,0.0665800792479099
0,fTS,0.0561142568332658
0,fTS,0.0596400817437583
0,fTS,0.0695440131262817
0,fTS,0.128022638789358
0,fTS,0.0882939941011294
0,fTS,0.0101394447047838
0,fTS,0.121765010422091
0,fTS,0.0459361853220943
0,fTS,0.0356081510460868
0,fTS,0.096474432415393
0,fTS,0.0862813971870504
0,fTS,0.0734618464533077
0,fTS,0.0688126093669104
0,fTS,0.104278544227147
0,fTS,0.0857633835049234
0,fTS,0.0623173360893494
0,LS_oracle,0.0548213719808746
0,LS_oracle,0.0335942329170322
0,LS_oracle,0.0428933710089763
0,LS_oracle,0.143013543925798
0,LS_oracle,0.112924171372755
0,LS_oracle,0.0926736336371565
0,LS_oracle,0.0774460218609598
0,LS_oracle,0.0461715707381085
0,LS_oracle,0.0583100297795089
0,LS_oracle,0.12995999173337
0,LS_oracle,0.0572879908303152
0,LS_oracle,0.053360443382882
0,LS_oracle,0.0643623715840049
0,LS_oracle,0.0719153099101475
0,LS_oracle,0.0584612152301629
0,LS_oracle,0.0265883364927206
0,LS_oracle,0.109765094957864
0,LS_oracle,0.0470927912453143
0,LS_oracle,0.0750968973205139
0,LS_oracle,0.0962206738167171
0,LS_oracle,0.103050814903971
0,LS_oracle,0.119364519787181
0,LS_oracle,0.0278355237973009
0,LS_oracle,0.0562218886683872
0,LS_oracle,0.0566009619648116
0,LS_oracle,0.0895527747078684
0,LS_oracle,0.0757805343533917
0,LS_oracle,0.107591617970519
0,LS_oracle,0.143506960643177
0,LS_oracle,0.0894134023853927
0,LS_oracle,0.142867054173136
0,LS_oracle,0.100410182599856
0,LS_oracle,0.0966886136078766
0,LS_oracle,0.0936553610180164
0,LS_oracle,0.0820295357498089
0,LS_oracle,0.0937794204190958
0,LS_oracle,0.0594815792514447
0,LS_oracle,0.0550056646910597
0,LS_oracle,0.051060759287505
0,LS_oracle,0.0679318098359061
0,LS_oracle,0.054385047818553
0,LS_oracle,0.0765302180371372
0,LS_oracle,0.120320120780351
0,LS_oracle,0.076689301737453
0,LS_oracle,0.0918066096170236
0,LS_oracle,0.000818451521124919
0,LS_oracle,0.086405172370424
0,LS_oracle,0.116189633896957
0,LS_oracle,0.121300683797161
0,LS_oracle,0.0324386498084579
0,LS_oracle,0.107222688132141
0,LS_oracle,0.0440053818335882
0,LS_oracle,0.0233656760369607
0,LS_oracle,0.0932290206172914
0,LS_oracle,0.0987277870386778
0,LS_oracle,0.109807289287328
0,LS_oracle,0.0427438077923223
0,LS_oracle,0.0281370257267459
0,LS_oracle,0.0803444345001474
0,LS_oracle,0.0781590917874302
0,LS_oracle,0.130122365563483
0,LS_oracle,0.0504460398848605
0,LS_oracle,0.0699061714160811
0,LS_oracle,0.0786557726599351
0,LS_oracle,0.0971100904808821
0,LS_oracle,0.00583096231398361
0,LS_oracle,0.0170153895843828
0,LS_oracle,0.0684558897040177
0,LS_oracle,0.0683808771963335
0,LS_oracle,0.103519459639473
0,LS_oracle,0.148766172152575
0,LS_oracle,0.0797445133465287
0,LS_oracle,0.0556339910649939
0,LS_oracle,0.0929056976834906
0,LS_oracle,0.124899916472206
0,LS_oracle,0.0799383472648025
0,LS_oracle,0.119574596632618
0,LS_oracle,0.055527029050298
0,LS_oracle,0.123372870652638
0,LS_oracle,0.113139434327039
0,LS_oracle,0.090983240223901
0,LS_oracle,0.0985513041833195
0,LS_oracle,0.0553091126275305
0,LS_oracle,0.0900220111982075
0,LS_oracle,0.0516068669129912
0,LS_oracle,0.0382845931182356
0,LS_oracle,0.0473259991280985
0,LS_oracle,0.0336277286611684
0,LS_oracle,0.0443780548278274
0,LS_oracle,0.00807716012068616
0,LS_oracle,0.0670006287624956
0,LS_oracle,0.0694331910904082
0,LS_oracle,0.104577771925634
0,LS_oracle,0.000577955314677858
0,LS_oracle,0.0917560657601793
0,LS_oracle,0.0357849212003449
0,LS_oracle,0.0515267801478201
0,LS_oracle,-0.00958538540486864
0,LS_oracle,0.0896261176396449
0,LS_oracle,0.0510606538568033
0,LS_oracle,0.027241310777824
0,LS_oracle,0.0609042066445225
0,LS_oracle,0.101088480678614
0,LS_oracle,0.0925617134213204
0,LS_oracle,0.166807090007729
0,LS_oracle,0.0374463346983103
0,LS_oracle,0.087362956620886
0,LS_oracle,0.0700622588980082
0,LS_oracle,0.0800410428694458
0,LS_oracle,0.0930859836830835
0,LS_oracle,0.0570444361940921
0,LS_oracle,0.106352963513935
0,LS_oracle,0.0742765638725453
0,LS_oracle,0.0593583618493452
0,LS_oracle,0.0920437550627013
0,LS_oracle,0.0651931685644702
0,LS_oracle,0.0674985014160185
0,LS_oracle,0.109748213512172
0,LS_oracle,0.0703125081323019
0,LS_oracle,0.101809364508351
0,LS_oracle,0.0590162225467401
0,LS_oracle,0.0731381268583706
0,LS_oracle,0.0848342489342424
0,LS_oracle,0.0535235038059092
0,LS_oracle,0.0686464121404813
0,LS_oracle,0.113270003856625
0,LS_oracle,0.0359831717167352
0,LS_oracle,0.117895299532451
0,LS_oracle,0.0135929114005833
0,LS_oracle,0.0381268910120545
0,LS_oracle,0.0310451413571287
0,LS_oracle,0.0374115613230404
0,LS_oracle,0.112979035998926
0,LS_oracle,0.076338175545996
0,LS_oracle,0.025364248240769
0,LS_oracle,0.00514666163220068
0,LS_oracle,0.0678247773847021
0,LS_oracle,0.104748808461316
0,LS_oracle,0.0924672973923735
0,LS_oracle,0.0938248755881077
0,LS_oracle,0.113241909260938
0,LS_oracle,0.115063037853308
0,LS_oracle,0.0884546410503035
0,LS_oracle,0.0477571903628426
0,LS_oracle,0.0461115744662706
0,LS_oracle,0.0557375048315587
0,LS_oracle,0.0406372983963312
0,LS_oracle,0.0724607183759365
0,LS_oracle,0.07155575343496
0,LS_oracle,0.0749037080058457
0,LS_oracle,0.0412097478716873
0,LS_oracle,0.0670784636652808
0,LS_oracle,0.0730949842175448
0,LS_oracle,0.0697968695086577
0,LS_oracle,0.12337493218056
0,LS_oracle,0.0676257468269565
0,LS_oracle,0.0650085038256902
0,LS_oracle,0.0532058900516343
0,LS_oracle,0.11112270193622
0,LS_oracle,0.0571258392241938
0,LS_oracle,0.103377896461939
0,LS_oracle,0.0722372249322241
0,LS_oracle,0.0675037583405387
0,LS_oracle,0.0566264259121645
0,LS_oracle,0.0673648155642195
0,LS_oracle,0.0777347064705369
0,LS_oracle,0.140363233949569
0,LS_oracle,0.10161230858307
0,LS_oracle,0.0795254135771137
0,LS_oracle,0.088226738001344
0,LS_oracle,0.0725608407046843
0,LS_oracle,0.102787618965437
0,LS_oracle,0.139108973316794
0,LS_oracle,0.0809169624917514
0,LS_oracle,0.0810866783923154
0,LS_oracle,0.0666119209241254
0,LS_oracle,0.100049433624743
0,LS_oracle,0.070101250451738
0,LS_oracle,0.0891632156874405
0,LS_oracle,0.117792593626215
0,LS_oracle,0.091364767673999
0,LS_oracle,0.100011962166872
0,LS_oracle,0.0967144284860435
0,LS_oracle,0.0658065699009236
0,LS_oracle,0.0543303124989611
0,LS_oracle,0.0603518606503832
0,LS_oracle,0.0675747945066234
0,LS_oracle,0.128388976885791
0,LS_oracle,0.0874712433735017
0,LS_oracle,0.0102373707859538
0,LS_oracle,0.122047528589381
0,LS_oracle,0.0455502708527498
0,LS_oracle,0.0344318686369387
0,LS_oracle,0.0952361392186591
0,LS_oracle,0.0848461340632463
0,LS_oracle,0.0736675658585937
0,LS_oracle,0.0685061626632539
0,LS_oracle,0.104118086634402
0,LS_oracle,0.0856833065168863
0,LS_oracle,0.0624794769960557
0,TS_oracle,0.0548201013158185
0,TS_oracle,0.0335949995108122
0,TS_oracle,0.0425417676897866
0,TS_oracle,0.142998091010758
0,TS_oracle,0.112515401770031
0,TS_oracle,0.0926736336371565
0,TS_oracle,0.0772010544574426
0,TS_oracle,0.0461372450418114
0,TS_oracle,0.0583057118276367
0,TS_oracle,0.129958571388479
0,TS_oracle,0.0572462130656788
0,TS_oracle,0.0535255370885612
0,TS_oracle,0.064352218176261
0,TS_oracle,0.0719153099101475
0,TS_oracle,0.0588207706589277
0,TS_oracle,0.0265298871927728
0,TS_oracle,0.109673315639841
0,TS_oracle,0.0473159474919533
0,TS_oracle,0.0750874990057395
0,TS_oracle,0.0965308378854934
0,TS_oracle,0.103054553067566
0,TS_oracle,0.119171805154044
0,TS_oracle,0.0293668108225225
0,TS_oracle,0.0550763589648
0,TS_oracle,0.0569323770597738
0,TS_oracle,0.0895010875239899
0,TS_oracle,0.0756232243945598
0,TS_oracle,0.107579431923308
0,TS_oracle,0.14355382009711
0,TS_oracle,0.0895970894734306
0,TS_oracle,0.142885817988077
0,TS_oracle,0.100121000084243
0,TS_oracle,0.0966886136078766
0,TS_oracle,0.0943135276265583
0,TS_oracle,0.081882162445903
0,TS_oracle,0.0949940182576823
0,TS_oracle,0.0596729742726527
0,TS_oracle,0.054506471341546
0,TS_oracle,0.051060759287505
0,TS_oracle,0.0684304762118479
0,TS_oracle,0.0544303098550691
0,TS_oracle,0.0765136013354246
0,TS_oracle,0.120335800364757
0,TS_oracle,0.0771325378139054
0,TS_oracle,0.0918186014078175
0,TS_oracle,0.000818451521124919
0,TS_oracle,0.0865935537140601
0,TS_oracle,0.116267038427223
0,TS_oracle,0.12102940269208
0,TS_oracle,0.0323350050635267
0,TS_oracle,0.107222688132141
0,TS_oracle,0.0440289300401389
0,TS_oracle,0.0234863777646315
0,TS_oracle,0.0932290206172914
0,TS_oracle,0.0985343829320362
0,TS_oracle,0.109841714888443
0,TS_oracle,0.0428641785114581
0,TS_oracle,0.0279324782323616
0,TS_oracle,0.0803444345001474
0,TS_oracle,0.0785108845585363
0,TS_oracle,0.130122580603651
0,TS_oracle,0.0510043814298893
0,TS_oracle,0.0699053897836042
0,TS_oracle,0.0786557726599351
0,TS_oracle,0.0973241643494156
0,TS_oracle,0.00583096231398361
0,TS_oracle,0.0170153895843828
0,TS_oracle,0.0684558897040177
0,TS_oracle,0.0692574533378767
0,TS_oracle,0.103516926384706
0,TS_oracle,0.14876104781867
0,TS_oracle,0.079770050053199
0,TS_oracle,0.0557834665840251
0,TS_oracle,0.0931426046882999
0,TS_oracle,0.124907396141654
0,TS_oracle,0.079975291159889
0,TS_oracle,0.119675390774859
0,TS_oracle,0.0555128399272666
0,TS_oracle,0.123372870652638
0,TS_oracle,0.113429415367078
0,TS_oracle,0.0909764363308938
0,TS_oracle,0.0983789801573078
0,TS_oracle,0.0553063009155823
0,TS_oracle,0.0900156129273824
0,TS_oracle,0.0517394989648257
0,TS_oracle,0.0382435183320997
0,TS_oracle,0.0473259991280985
0,TS_oracle,0.0340680791881023
0,TS_oracle,0.0443780548278274
0,TS_oracle,0.00816673302317339
0,TS_oracle,0.0668175383619585
0,TS_oracle,0.0695435087555665
0,TS_oracle,0.104578254289804
0,TS_oracle,0.000577955314677858
0,TS_oracle,0.091656897816017
0,TS_oracle,0.0357952004714355
0,TS_oracle,0.051510613034691
0,TS_oracle,-0.0095550682865555
0,TS_oracle,0.0896266258426581
0,TS_oracle,0.0510606538568033
0,TS_oracle,0.0272413107778242
0,TS_oracle,0.0609024694926235
0,TS_oracle,0.100937437780602
0,TS_oracle,0.0924119230414011
0,TS_oracle,0.166881151413217
0,TS_oracle,0.0374378935310591
0,TS_oracle,0.0873646604185052
0,TS_oracle,0.0700381625633113
0,TS_oracle,0.0799937694530093
0,TS_oracle,0.0934565413613824
0,TS_oracle,0.0570790054248045
0,TS_oracle,0.106406002391747
0,TS_oracle,0.0742751800770729
0,TS_oracle,0.059358281312718
0,TS_oracle,0.0920211475188972
0,TS_oracle,0.0652020911038496
0,TS_oracle,0.0675221599066966
0,TS_oracle,0.109748213512172
0,TS_oracle,0.0703150079208734
0,TS_oracle,0.101373389387127
0,TS_oracle,0.0590162225467401
0,TS_oracle,0.0731373091941694
0,TS_oracle,0.0848342489342424
0,TS_oracle,0.0535235038059092
0,TS_oracle,0.0686464121404813
0,TS_oracle,0.113202320578461
0,TS_oracle,0.0358504510210866
0,TS_oracle,0.1181532596252
0,TS_oracle,0.0136376020292399
0,TS_oracle,0.0381268910120545
0,TS_oracle,0.0310451413571287
0,TS_oracle,0.0376044356081111
0,TS_oracle,0.112979035998926
0,TS_oracle,0.0763932270030478
0,TS_oracle,0.025345471727561
0,TS_oracle,0.00529615626816549
0,TS_oracle,0.0679603049100606
0,TS_oracle,0.104752080815671
0,TS_oracle,0.0925139310166594
0,TS_oracle,0.0938123192691638
0,TS_oracle,0.113181081611459
0,TS_oracle,0.115062920073639
0,TS_oracle,0.0884546410503035
0,TS_oracle,0.0477571903628426
0,TS_oracle,0.0461115744662706
0,TS_oracle,0.0560339506702987
0,TS_oracle,0.0406478221801905
0,TS_oracle,0.0718725942216749
0,TS_oracle,0.0716749107038206
0,TS_oracle,0.0750796018304722
0,TS_oracle,0.0412097478716875
0,TS_oracle,0.0669741216483917
0,TS_oracle,0.0730367793437365
0,TS_oracle,0.069608646266315
0,TS_oracle,0.12337493218056
0,TS_oracle,0.0681912865854184
0,TS_oracle,0.0650973352424531
0,TS_oracle,0.053029261982606
0,TS_oracle,0.11112270193622
0,TS_oracle,0.0571200444896574
0,TS_oracle,0.103429035687401
0,TS_oracle,0.0722410530011564
0,TS_oracle,0.0675037583405387
0,TS_oracle,0.0564873191145872
0,TS_oracle,0.067465399598593
0,TS_oracle,0.0776680435752513
0,TS_oracle,0.141289374728169
0,TS_oracle,0.101637173634649
0,TS_oracle,0.0797072640247403
0,TS_oracle,0.088226738001344
0,TS_oracle,0.0725608407046843
0,TS_oracle,0.102930047393484
0,TS_oracle,0.139260923623143
0,TS_oracle,0.0809170153710033
0,TS_oracle,0.081068992891189
0,TS_oracle,0.0666119062545241
0,TS_oracle,0.100263365000764
0,TS_oracle,0.070101250451738
0,TS_oracle,0.0891550826808347
0,TS_oracle,0.117787015852322
0,TS_oracle,0.0909056372013868
0,TS_oracle,0.100011962166872
0,TS_oracle,0.0967143919712434
0,TS_oracle,0.0657092676094186
0,TS_oracle,0.0542083702334721
0,TS_oracle,0.0603399051960476
0,TS_oracle,0.067574488479504
0,TS_oracle,0.128422362662933
0,TS_oracle,0.0878139341205804
0,TS_oracle,0.0104567411973084
0,TS_oracle,0.122053958027594
0,TS_oracle,0.0455502708527498
0,TS_oracle,0.0344171161939746
0,TS_oracle,0.0954184916905156
0,TS_oracle,0.0855466412611399
0,TS_oracle,0.0736675658585937
0,TS_oracle,0.0685371833982493
0,TS_oracle,0.104153097623064
0,TS_oracle,0.0856606546242655
0,TS_oracle,0.062516245082791
0.1,PLS,0.127649237723574
0.1,PLS,0.0850428724926253
0.1,PLS,0.119297538358395
0.1,PLS,0.0479545786560331
0.1,PLS,0.0615993284659497
0.1,PLS,0.130706936084807
0.1,PLS,0.0823814476860056
0.1,PLS,0.0408573799460012
0.1,PLS,0.0785510584912545
0.1,PLS,0.0496013847122156
0.1,PLS,0.0440386775474739
0.1,PLS,0.083416693657457
0.1,PLS,0.0933529911287678
0.1,PLS,0.0105162176905211
0.1,PLS,0.0459831563727511
0.1,PLS,0.0711137971641835
0.1,PLS,0.142157142710412
0.1,PLS,0.137626999333912
0.1,PLS,0.0724418386727024
0.1,PLS,0.0295969899269561
0.1,PLS,0.0282480290911094
0.1,PLS,0.0933350174943621
0.1,PLS,0.0800942111973562
0.1,PLS,0.131042963912688
0.1,PLS,0.104296214091908
0.1,PLS,0.0746437295571998
0.1,PLS,0.158214721537695
0.1,PLS,0.0612767466311215
0.1,PLS,0.0714679175968091
0.1,PLS,0.038087895796493
0.1,PLS,0.0803501716120891
0.1,PLS,0.0521276609808909
0.1,PLS,0.0598321976544824
0.1,PLS,0.109702800890412
0.1,PLS,0.0276181441749641
0.1,PLS,0.103087208102617
0.1,PLS,0.067301053889806
0.1,PLS,0.0601689985627667
0.1,PLS,0.0805633240159189
0.1,PLS,0.0606001330906192
0.1,PLS,0.0904343074678815
0.1,PLS,0.0787573297872448
0.1,PLS,0.0708055599616058
0.1,PLS,0.110420572311396
0.1,PLS,0.0151112170240386
0.1,PLS,0.0840676316585103
0.1,PLS,0.0460273699803961
0.1,PLS,0.109515642204001
0.1,PLS,0.0501266301494356
0.1,PLS,0.15650552298947
0.1,PLS,0.0999669622417234
0.1,PLS,0.0719269589047322
0.1,PLS,0.0972566469618152
0.1,PLS,0.0183009731785198
0.1,PLS,0.107693130233453
0.1,PLS,0.0678842902187224
0.1,PLS,0.0985796814417965
0.1,PLS,0.0665958917163385
0.1,PLS,0.120485656088317
0.1,PLS,0.0373855948008364
0.1,PLS,0.0766870043911416
0.1,PLS,0.073615021879222
0.1,PLS,0.0741176255384075
0.1,PLS,0.0494325577341501
0.1,PLS,0.093967251907471
0.1,PLS,0.0810395060895521
0.1,PLS,0.154055489473075
0.1,PLS,0.0833815345164541
0.1,PLS,0.058350800745784
0.1,PLS,0.0450394098227911
0.1,PLS,0.0715064448262537
0.1,PLS,0.0532635410045061
0.1,PLS,0.116886859667327
0.1,PLS,0.122874008289185
0.1,PLS,0.0865995824756707
0.1,PLS,0.0908407440698082
0.1,PLS,0.0896940825834283
0.1,PLS,0.0707006333059172
0.1,PLS,0.127623417919709
0.1,PLS,0.141314299767696
0.1,PLS,0.0619028917564601
0.1,PLS,0.0671936253358643
0.1,PLS,0.120970801589881
0.1,PLS,0.022570758696657
0.1,PLS,0.147294108068614
0.1,PLS,0.0621133414136128
0.1,PLS,0.0504875564365797
0.1,PLS,0.130735347849221
0.1,PLS,0.0715184927873238
0.1,PLS,0.0210316427361268
0.1,PLS,0.114245248008839
0.1,PLS,0.0420351979361981
0.1,PLS,0.00924054121562512
0.1,PLS,0.0427792880016122
0.1,PLS,0.0482792266169472
0.1,PLS,0.0511899538705858
0.1,PLS,0.0255969522519175
0.1,PLS,0.0995988028549348
0.1,PLS,0.0440121777831399
0.1,PLS,0.0662307741434958
0.1,PLS,0.0544578074245892
0.1,PLS,0.108279619233383
0.1,PLS,0.114713804347039
0.1,PLS,0.043702973123759
0.1,PLS,0.0732330936967387
0.1,PLS,0.0982185700363849
0.1,PLS,0.0679832338444941
0.1,PLS,0.130776684343733
0.1,PLS,0.0590167264828225
0.1,PLS,0.0487048649606903
0.1,PLS,0.11160811324805
0.1,PLS,0.0940067238148967
0.1,PLS,0.112310394455505
0.1,PLS,0.0686366224558916
0.1,PLS,0.0550006155962137
0.1,PLS,0.120978941156003
0.1,PLS,0.0982384646981616
0.1,PLS,0.0693973564562393
0.1,PLS,0.067447963239248
0.1,PLS,0.135119332737108
0.1,PLS,0.120258382306858
0.1,PLS,0.0639819002362707
0.1,PLS,0.106956721499164
0.1,PLS,0.0628558220448063
0.1,PLS,0.0862900408130949
0.1,PLS,0.108888291578834
0.1,PLS,0.0945482643974165
0.1,PLS,0.104262798139691
0.1,PLS,0.0785400654170019
0.1,PLS,0.0464674160229814
0.1,PLS,0.0913300327647775
0.1,PLS,0.0700189833834453
0.1,PLS,0.0181502943576801
0.1,PLS,0.0541112744603729
0.1,PLS,0.0731609671117193
0.1,PLS,0.0685080060340013
0.1,PLS,0.0553947917769693
0.1,PLS,0.0523897601736225
0.1,PLS,0.00696816118034893
0.1,PLS,0.0532682684303054
0.1,PLS,0.0352586290082819
0.1,PLS,0.0587369443149046
0.1,PLS,0.0428627792426088
0.1,PLS,-0.000814324116943377
0.1,PLS,0.0706888338186904
0.1,PLS,0.0705810190980771
0.1,PLS,0.0331699959749079
0.1,PLS,0.110042353017538
0.1,PLS,0.074744697461294
0.1,PLS,0.0815427200076513
0.1,PLS,0.0544095756523368
0.1,PLS,0.132232306130936
0.1,PLS,0.0694261792967545
0.1,PLS,0.0700471757189916
0.1,PLS,0.0500174069636115
0.1,PLS,0.0318290193432798
0.1,PLS,0.0850928856761524
0.1,PLS,0.126071766516204
0.1,PLS,0.141996335146688
0.1,PLS,0.0980807322049919
0.1,PLS,0.0917662919823987
0.1,PLS,0.152635515610703
0.1,PLS,0.140322819843373
0.1,PLS,0.0639141697085488
0.1,PLS,0.105847156232754
0.1,PLS,0.0658696856934062
0.1,PLS,0.048434876997947
0.1,PLS,0.0694070123332491
0.1,PLS,0.123657721317675
0.1,PLS,0.037888782483517
0.1,PLS,0.0598438738604468
0.1,PLS,0.0520604332698023
0.1,PLS,0.0764371932747152
0.1,PLS,0.0778472084577597
0.1,PLS,0.039751182376605
0.1,PLS,0.0471648899231722
0.1,PLS,0.0468023456661977
0.1,PLS,0.043984262431499
0.1,PLS,0.0956887788709777
0.1,PLS,0.0549987495119195
0.1,PLS,0.0531366378179585
0.1,PLS,0.0932282398841966
0.1,PLS,0.103765393750648
0.1,PLS,0.0160601571239207
0.1,PLS,0.0677498355542334
0.1,PLS,0.0528977879825452
0.1,PLS,0.0712617219497982
0.1,PLS,0.0366744072327521
0.1,PLS,0.110500301515832
0.1,PLS,0.0623268216514758
0.1,PLS,0.0411336581601325
0.1,PLS,0.125983227900433
0.1,PLS,0.0215236086828616
0.1,PLS,0.0448544092989283
0.1,PLS,0.0587773961939326
0.1,PLS,0.144596078508906
0.1,PLS,0.0365097213215644
0.1,PLS,0.114150925397134
0.1,PLS,0.0826654173564529
0.1,PLS,0.0980647165534936
0.1,fTS,0.127628569908272
0.1,fTS,0.0849985140975025
0.1,fTS,0.116706776402015
0.1,fTS,0.0481042418803737
0.1,fTS,0.0630460584437815
0.1,fTS,0.130706936084807
0.1,fTS,0.082180731544212
0.1,fTS,0.0411735855774329
0.1,fTS,0.0780142990063608
0.1,fTS,0.0503528202291079
0.1,fTS,0.0444483560032001
0.1,fTS,0.082082818121922
0.1,fTS,0.0948560790848429
0.1,fTS,0.0106437533856907
0.1,fTS,0.0462468524159045
0.1,fTS,0.07131446029
0.1,fTS,0.139448358023058
0.1,fTS,0.139127458159399
0.1,fTS,0.075947319159654
0.1,fTS,0.0285405664443472
0.1,fTS,0.0286900891897639
0.1,fTS,0.0933333533614895
0.1,fTS,0.0800656879994457
0.1,fTS,0.129714627973807
0.1,fTS,0.104291582740572
0.1,fTS,0.073715541532787
0.1,fTS,0.157092557798592
0.1,fTS,0.0614453679518245
0.1,fTS,0.072302273252107
0.1,fTS,0.0375929296179904
0.1,fTS,0.0806167155176996
0.1,fTS,0.0520522055465615
0.1,fTS,0.0602639638466864
0.1,fTS,0.112687697588074
0.1,fTS,0.0275460466909851
0.1,fTS,0.103087208102617
0.1,fTS,0.0676965505597071
0.1,fTS,0.0601392741972859
0.1,fTS,0.0804860743082518
0.1,fTS,0.0604542996813315
0.1,fTS,0.090366587073488
0.1,fTS,0.0806433199387739
0.1,fTS,0.0705722315790738
0.1,fTS,0.111034483333877
0.1,fTS,0.0151112170240386
0.1,fTS,0.0839316796495888
0.1,fTS,0.046153891315543
0.1,fTS,0.109996227680723
0.1,fTS,0.0512258371815031
0.1,fTS,0.158323848466299
0.1,fTS,0.0991929331865102
0.1,fTS,0.0717481843203023
0.1,fTS,0.0935116403557499
0.1,fTS,0.0191218319012694
0.1,fTS,0.108303953133469
0.1,fTS,0.0685578594091176
0.1,fTS,0.0987298942131676
0.1,fTS,0.0664089501489957
0.1,fTS,0.120743652331958
0.1,fTS,0.0377918164054718
0.1,fTS,0.0765266092721699
0.1,fTS,0.0734182001270305
0.1,fTS,0.073458726298574
0.1,fTS,0.0497443929093855
0.1,fTS,0.0929388990170776
0.1,fTS,0.0827427480995013
0.1,fTS,0.150581757491282
0.1,fTS,0.0834097640062663
0.1,fTS,0.0572581331113233
0.1,fTS,0.0464282614695632
0.1,fTS,0.0702463029336466
0.1,fTS,0.0530696331292697
0.1,fTS,0.11616782252105
0.1,fTS,0.120311326131286
0.1,fTS,0.0856571418575176
0.1,fTS,0.0908933823151021
0.1,fTS,0.0889702494870617
0.1,fTS,0.0703858808718698
0.1,fTS,0.127646478222538
0.1,fTS,0.140139328805456
0.1,fTS,0.0619029486409517
0.1,fTS,0.0672559160912436
0.1,fTS,0.12095056758523
0.1,fTS,0.0223288482598378
0.1,fTS,0.148586148326457
0.1,fTS,0.0599798445911526
0.1,fTS,0.0531387511143371
0.1,fTS,0.130913311866793
0.1,fTS,0.0690127145032617
0.1,fTS,0.0170686794214943
0.1,fTS,0.11447939067899
0.1,fTS,0.041909126524508
0.1,fTS,0.00924054121562512
0.1,fTS,0.0414753964244954
0.1,fTS,0.0484508628967071
0.1,fTS,0.0522988653094836
0.1,fTS,0.025597435162223
0.1,fTS,0.100042155135588
0.1,fTS,0.0438907422090511
0.1,fTS,0.0657932148198677
0.1,fTS,0.0557460955931985
0.1,fTS,0.108359254325074
0.1,fTS,0.114187511022353
0.1,fTS,0.0438315175241466
0.1,fTS,0.0734392643319133
0.1,fTS,0.0982185700363849
0.1,fTS,0.0680094742460939
0.1,fTS,0.130207551296998
0.1,fTS,0.0584636321613188
0.1,fTS,0.0487674231104338
0.1,fTS,0.111609427283266
0.1,fTS,0.0912048429143282
0.1,fTS,0.109721075460874
0.1,fTS,0.0724991785197366
0.1,fTS,0.0550287117756363
0.1,fTS,0.12071587515405
0.1,fTS,0.0981888742154342
0.1,fTS,0.0695374870294694
0.1,fTS,0.0668015291463742
0.1,fTS,0.130649507084498
0.1,fTS,0.119003734894177
0.1,fTS,0.0635956991876769
0.1,fTS,0.106123014204935
0.1,fTS,0.0627606953063109
0.1,fTS,0.0841574365226472
0.1,fTS,0.109202597498071
0.1,fTS,0.0956636849939514
0.1,fTS,0.105088961072118
0.1,fTS,0.0785400654170019
0.1,fTS,0.0464401791460893
0.1,fTS,0.0908971773195204
0.1,fTS,0.0697630443533666
0.1,fTS,0.0181502943576801
0.1,fTS,0.0520792070344571
0.1,fTS,0.0732041689822727
0.1,fTS,0.0685080060340013
0.1,fTS,0.05496092488261
0.1,fTS,0.0523415493275197
0.1,fTS,0.00568938510091921
0.1,fTS,0.0532420430714289
0.1,fTS,0.0354305356595601
0.1,fTS,0.0580449183128375
0.1,fTS,0.0428865275621475
0.1,fTS,-0.000814324116943377
0.1,fTS,0.0707677879912765
0.1,fTS,0.0713691034421962
0.1,fTS,0.0339308238382459
0.1,fTS,0.110636280209203
0.1,fTS,0.0759407936065106
0.1,fTS,0.0836083142534823
0.1,fTS,0.0557449936349588
0.1,fTS,0.132056028566691
0.1,fTS,0.0684962925478889
0.1,fTS,0.0692620762315486
0.1,fTS,0.0494100518165912
0.1,fTS,0.0309796378968303
0.1,fTS,0.0866507233179101
0.1,fTS,0.126677226050234
0.1,fTS,0.141953466199809
0.1,fTS,0.0979177622520913
0.1,fTS,0.0927881960992825
0.1,fTS,0.151961974505632
0.1,fTS,0.140965623133393
0.1,fTS,0.0634928897017919
0.1,fTS,0.106758787057057
0.1,fTS,0.0652639636550099
0.1,fTS,0.048434876997947
0.1,fTS,0.0702126981232325
0.1,fTS,0.124074114725452
0.1,fTS,0.0406234237622374
0.1,fTS,0.058457446269973
0.1,fTS,0.0524795612873967
0.1,fTS,0.0764371932747152
0.1,fTS,0.0774953367569571
0.1,fTS,0.0397209331143222
0.1,fTS,0.0470977231729703
0.1,fTS,0.0468023456661977
0.1,fTS,0.044260995398633
0.1,fTS,0.097099973210643
0.1,fTS,0.0548753545369285
0.1,fTS,0.054073418544565
0.1,fTS,0.093247928791478
0.1,fTS,0.105950004923454
0.1,fTS,0.0160718543362113
0.1,fTS,0.0677222042467711
0.1,fTS,0.0528934823359846
0.1,fTS,0.0709482057099815
0.1,fTS,0.0362473735581526
0.1,fTS,0.110238944354428
0.1,fTS,0.0626326946014395
0.1,fTS,0.0420279975490281
0.1,fTS,0.126124329928036
0.1,fTS,0.0217357739980668
0.1,fTS,0.0448566624661466
0.1,fTS,0.058123717864369
0.1,fTS,0.144512961502747
0.1,fTS,0.037204292643195
0.1,fTS,0.114356437554374
0.1,fTS,0.0801860518152908
0.1,fTS,0.0941984823563677
0.1,LS_oracle,0.13160821014334
0.1,LS_oracle,0.0873857891648817
0.1,LS_oracle,0.109963573770518
0.1,LS_oracle,0.0479665671702341
0.1,LS_oracle,0.0605778764799429
0.1,LS_oracle,0.135688903552675
0.1,LS_oracle,0.0827248894764976
0.1,LS_oracle,0.0409375086821555
0.1,LS_oracle,0.0780323958467806
0.1,LS_oracle,0.0480934705786469
0.1,LS_oracle,0.0422062033821839
0.1,LS_oracle,0.0835313218303884
0.1,LS_oracle,0.0926250258935444
0.1,LS_oracle,0.0114508955383146
0.1,LS_oracle,0.0457765848328988
0.1,LS_oracle,0.0706160902259529
0.1,LS_oracle,0.14263356365749
0.1,LS_oracle,0.139637122406812
0.1,LS_oracle,0.0719133771861529
0.1,LS_oracle,0.0296160896925393
0.1,LS_oracle,0.0296759371234858
0.1,LS_oracle,0.0944501341795057
0.1,LS_oracle,0.0800858592684417
0.1,LS_oracle,0.132483862790303
0.1,LS_oracle,0.102845445691715
0.1,LS_oracle,0.0731644931316682
0.1,LS_oracle,0.153850816743697
0.1,LS_oracle,0.0631194189430631
0.1,LS_oracle,0.0713035223723866
0.1,LS_oracle,0.0373884081409483
0.1,LS_oracle,0.0764285194995546
0.1,LS_oracle,0.0540236973959893
0.1,LS_oracle,0.0591978042663648
0.1,LS_oracle,0.109232592891099
0.1,LS_oracle,0.0274840176073892
0.1,LS_oracle,0.102716538074045
0.1,LS_oracle,0.0683970958286628
0.1,LS_oracle,0.0585998036143232
0.1,LS_oracle,0.0810838986689413
0.1,LS_oracle,0.065271747948306
0.1,LS_oracle,0.0916543557929186
0.1,LS_oracle,0.076929717881189
0.1,LS_oracle,0.0691028694720739
0.1,LS_oracle,0.110638931283803
0.1,LS_oracle,0.0154732002206186
0.1,LS_oracle,0.0801115745277312
0.1,LS_oracle,0.0444218295584997
0.1,LS_oracle,0.109918367598624
0.1,LS_oracle,0.0497918671069193
0.1,LS_oracle,0.156761851853005
0.1,LS_oracle,0.0967332206325027
0.1,LS_oracle,0.0719084715335208
0.1,LS_oracle,0.0907507376334367
0.1,LS_oracle,0.0146126660882202
0.1,LS_oracle,0.107149155555993
0.1,LS_oracle,0.0689945115293773
0.1,LS_oracle,0.0989312512571654
0.1,LS_oracle,0.0681696257429918
0.1,LS_oracle,0.120132155233053
0.1,LS_oracle,0.0370036328133716
0.1,LS_oracle,0.0751402163574564
0.1,LS_oracle,0.0732074225875599
0.1,LS_oracle,0.0743422760839536
0.1,LS_oracle,0.0486765639374631
0.1,LS_oracle,0.0928442141306141
0.1,LS_oracle,0.0789583145588195
0.1,LS_oracle,0.149136684316355
0.1,LS_oracle,0.0833027225366907
0.1,LS_oracle,0.0574912390518802
0.1,LS_oracle,0.0454489798695075
0.1,LS_oracle,0.0693023919627134
0.1,LS_oracle,0.0532823679498673
0.1,LS_oracle,0.117437298633827
0.1,LS_oracle,0.120008467771653
0.1,LS_oracle,0.0857757599020994
0.1,LS_oracle,0.0908858044326535
0.1,LS_oracle,0.0884228779046536
0.1,LS_oracle,0.0716555374765206
0.1,LS_oracle,0.128370159345907
0.1,LS_oracle,0.139930326580756
0.1,LS_oracle,0.0612669501853116
0.1,LS_oracle,0.0673457837868181
0.1,LS_oracle,0.121487945350696
0.1,LS_oracle,0.0223052033985738
0.1,LS_oracle,0.14695301807867
0.1,LS_oracle,0.061554245549136
0.1,LS_oracle,0.0500941785828299
0.1,LS_oracle,0.129968784216023
0.1,LS_oracle,0.0666388150012158
0.1,LS_oracle,0.0203344975648996
0.1,LS_oracle,0.114811220281287
0.1,LS_oracle,0.0444877886156201
0.1,LS_oracle,0.0101376082663034
0.1,LS_oracle,0.0444011400725572
0.1,LS_oracle,0.0479469002857604
0.1,LS_oracle,0.0512509165272583
0.1,LS_oracle,0.02667256164369
0.1,LS_oracle,0.100775855858333
0.1,LS_oracle,0.0438445733611066
0.1,LS_oracle,0.067026421116827
0.1,LS_oracle,0.049565692616397
0.1,LS_oracle,0.105306789938516
0.1,LS_oracle,0.110502420551882
0.1,LS_oracle,0.0419788672576844
0.1,LS_oracle,0.073208973761498
0.1,LS_oracle,0.0966022587021642
0.1,LS_oracle,0.0630884747504303
0.1,LS_oracle,0.130113176156981
0.1,LS_oracle,0.0581412775780334
0.1,LS_oracle,0.0476150340776507
0.1,LS_oracle,0.111531162689042
0.1,LS_oracle,0.0885031591397525
0.1,LS_oracle,0.112310773826243
0.1,LS_oracle,0.0663372577505248
0.1,LS_oracle,0.057300354645716
0.1,LS_oracle,0.122146857055894
0.1,LS_oracle,0.0968829575186254
0.1,LS_oracle,0.0683341347885551
0.1,LS_oracle,0.0659899573813325
0.1,LS_oracle,0.135126675835977
0.1,LS_oracle,0.118729246959136
0.1,LS_oracle,0.06036347365786
0.1,LS_oracle,0.107645295537159
0.1,LS_oracle,0.0611311170277591
0.1,LS_oracle,0.0947851439247955
0.1,LS_oracle,0.109885791203583
0.1,LS_oracle,0.0948491583271216
0.1,LS_oracle,0.104032378563784
0.1,LS_oracle,0.0789397608088886
0.1,LS_oracle,0.0427174580332503
0.1,LS_oracle,0.0890692395632302
0.1,LS_oracle,0.0690455464277409
0.1,LS_oracle,0.0176220300449645
0.1,LS_oracle,0.0535805032889232
0.1,LS_oracle,0.0739277460637593
0.1,LS_oracle,0.0692514969698519
0.1,LS_oracle,0.0571008312330104
0.1,LS_oracle,0.0532617047711914
0.1,LS_oracle,0.00506558856997663
0.1,LS_oracle,0.0528809026910264
0.1,LS_oracle,0.0348006087433603
0.1,LS_oracle,0.0575274364659122
0.1,LS_oracle,0.0407430087897127
0.1,LS_oracle,0.000498202187509733
0.1,LS_oracle,0.0682776919448838
0.1,LS_oracle,0.0688688234368899
0.1,LS_oracle,0.034231031626994
0.1,LS_oracle,0.110544435841753
0.1,LS_oracle,0.0762412366302676
0.1,LS_oracle,0.0805941822283545
0.1,LS_oracle,0.0556249412935321
0.1,LS_oracle,0.133469831290102
0.1,LS_oracle,0.069243162484566
0.1,LS_oracle,0.0691627429755246
0.1,LS_oracle,0.0506983192391794
0.1,LS_oracle,0.032633131325305
0.1,LS_oracle,0.0801516896082572
0.1,LS_oracle,0.127854089411902
0.1,LS_oracle,0.142100271953375
0.1,LS_oracle,0.0984538960538852
0.1,LS_oracle,0.0913488225732211
0.1,LS_oracle,0.153889206278284
0.1,LS_oracle,0.139000140681645
0.1,LS_oracle,0.0646821379549722
0.1,LS_oracle,0.0934130677616611
0.1,LS_oracle,0.0652235695285135
0.1,LS_oracle,0.0434181887015057
0.1,LS_oracle,0.0682246091660692
0.1,LS_oracle,0.121401838572714
0.1,LS_oracle,0.0378522756259381
0.1,LS_oracle,0.0557125001305714
0.1,LS_oracle,0.0512615007939532
0.1,LS_oracle,0.0769630865861948
0.1,LS_oracle,0.0748401057550847
0.1,LS_oracle,0.0365568310006508
0.1,LS_oracle,0.0440568189175345
0.1,LS_oracle,0.0473825094826161
0.1,LS_oracle,0.0433368085836414
0.1,LS_oracle,0.0958970085258257
0.1,LS_oracle,0.0561980137517033
0.1,LS_oracle,0.0524543235757529
0.1,LS_oracle,0.0929166903400627
0.1,LS_oracle,0.10231759920554
0.1,LS_oracle,0.0169454613445599
0.1,LS_oracle,0.0679103733877122
0.1,LS_oracle,0.0531508091576069
0.1,LS_oracle,0.0708165128177811
0.1,LS_oracle,0.0355424776025408
0.1,LS_oracle,0.108689895909233
0.1,LS_oracle,0.062306805254966
0.1,LS_oracle,0.0392419322774473
0.1,LS_oracle,0.115789180851115
0.1,LS_oracle,0.0216781584249786
0.1,LS_oracle,0.0449489591341097
0.1,LS_oracle,0.0566775762947376
0.1,LS_oracle,0.144433823467722
0.1,LS_oracle,0.0329428465977788
0.1,LS_oracle,0.113697586626078
0.1,LS_oracle,0.0807910828032805
0.1,LS_oracle,0.0947988543439808
0.1,TS_oracle,0.131534538446839
0.1,TS_oracle,0.0872812757475139
0.1,TS_oracle,0.109431373297269
0.1,TS_oracle,0.0481194742084754
0.1,TS_oracle,0.0616788456025992
0.1,TS_oracle,0.135688903552675
0.1,TS_oracle,0.0823673659287163
0.1,TS_oracle,0.0412434824094905
0.1,TS_oracle,0.0778282728000619
0.1,TS_oracle,0.0475000653515427
0.1,TS_oracle,0.0422062226547613
0.1,TS_oracle,0.0821549699488313
0.1,TS_oracle,0.0919563553715286
0.1,TS_oracle,0.0114760689774152
0.1,TS_oracle,0.0460781070486176
0.1,TS_oracle,0.0708356682822981
0.1,TS_oracle,0.140160303810431
0.1,TS_oracle,0.140514025179417
0.1,TS_oracle,0.0711168620980323
0.1,TS_oracle,0.0289123197236896
0.1,TS_oracle,0.0295406395434024
0.1,TS_oracle,0.0944478509874813
0.1,TS_oracle,0.0800566383943764
0.1,TS_oracle,0.131339581123465
0.1,TS_oracle,0.102845445691715
0.1,TS_oracle,0.0733653126308162
0.1,TS_oracle,0.154171055655113
0.1,TS_oracle,0.0631199815908099
0.1,TS_oracle,0.0711448823842007
0.1,TS_oracle,0.0375708825660968
0.1,TS_oracle,0.0756434430633763
0.1,TS_oracle,0.0539978756339194
0.1,TS_oracle,0.0596202642754327
0.1,TS_oracle,0.108947139198813
0.1,TS_oracle,0.0274231758946857
0.1,TS_oracle,0.102716538074046
0.1,TS_oracle,0.0684701506279202
0.1,TS_oracle,0.0585694305766771
0.1,TS_oracle,0.0812462911389891
0.1,TS_oracle,0.064757732329108
0.1,TS_oracle,0.0911703167987135
0.1,TS_oracle,0.0785635509240421
0.1,TS_oracle,0.0688419373629425
0.1,TS_oracle,0.111369187834059
0.1,TS_oracle,0.0154732002206186
0.1,TS_oracle,0.0797408179871417
0.1,TS_oracle,0.0447300598163236
0.1,TS_oracle,0.109662133187293
0.1,TS_oracle,0.0506608289307851
0.1,TS_oracle,0.158591566208786
0.1,TS_oracle,0.0986457992291487
0.1,TS_oracle,0.0717273784258574
0.1,TS_oracle,0.0906869784992161
0.1,TS_oracle,0.0147273655226101
0.1,TS_oracle,0.107558765528624
0.1,TS_oracle,0.0696548395518883
0.1,TS_oracle,0.0990789357387165
0.1,TS_oracle,0.0671916131401025
0.1,TS_oracle,0.120402261374359
0.1,TS_oracle,0.0385821540077289
0.1,TS_oracle,0.075787370504746
0.1,TS_oracle,0.0730028043725028
0.1,TS_oracle,0.0741575822017468
0.1,TS_oracle,0.048542837388329
0.1,TS_oracle,0.0921330143361463
0.1,TS_oracle,0.0797522109709434
0.1,TS_oracle,0.146782899110527
0.1,TS_oracle,0.0832715836382043
0.1,TS_oracle,0.056757019283505
0.1,TS_oracle,0.0468345917172699
0.1,TS_oracle,0.0692864915952569
0.1,TS_oracle,0.0530906987349593
0.1,TS_oracle,0.116892859261482
0.1,TS_oracle,0.119816447122913
0.1,TS_oracle,0.0857461044860333
0.1,TS_oracle,0.0909268833893468
0.1,TS_oracle,0.0882189446012116
0.1,TS_oracle,0.0715177211000815
0.1,TS_oracle,0.128363249703378
0.1,TS_oracle,0.137614265799817
0.1,TS_oracle,0.0612670147364838
0.1,TS_oracle,0.067562981072016
0.1,TS_oracle,0.121435693624834
0.1,TS_oracle,0.0221212988313939
0.1,TS_oracle,0.146842862434656
0.1,TS_oracle,0.0595832240605694
0.1,TS_oracle,0.0490425963135608
0.1,TS_oracle,0.129747787521673
0.1,TS_oracle,0.0661486810975647
0.1,TS_oracle,0.0162521060368648
0.1,TS_oracle,0.115112591022965
0.1,TS_oracle,0.0436867190106316
0.1,TS_oracle,0.0101376082663034
0.1,TS_oracle,0.0419966906806153
0.1,TS_oracle,0.0479591090729077
0.1,TS_oracle,0.052316965797466
0.1,TS_oracle,0.0266735116693053
0.1,TS_oracle,0.101254199937364
0.1,TS_oracle,0.0437456833760059
0.1,TS_oracle,0.0657591413325382
0.1,TS_oracle,0.0500890071119078
0.1,TS_oracle,0.105306789938516
0.1,TS_oracle,0.110056823971665
0.1,TS_oracle,0.0427342549138245
0.1,TS_oracle,0.0734422622347324
0.1,TS_oracle,0.0966947759396517
0.1,TS_oracle,0.0630936347848718
0.1,TS_oracle,0.129536290566658
0.1,TS_oracle,0.0581481304843858
0.1,TS_oracle,0.0476673099613365
0.1,TS_oracle,0.111532440284714
0.1,TS_oracle,0.0879369975759932
0.1,TS_oracle,0.10972322129295
0.1,TS_oracle,0.0671641154516058
0.1,TS_oracle,0.0571388974731595
0.1,TS_oracle,0.121933663874541
0.1,TS_oracle,0.0968344538164476
0.1,TS_oracle,0.0685058081359948
0.1,TS_oracle,0.0655003460655197
0.1,TS_oracle,0.130221435086709
0.1,TS_oracle,0.117780954235714
0.1,TS_oracle,0.060200156736627
0.1,TS_oracle,0.106731730212975
0.1,TS_oracle,0.0610421297929664
0.1,TS_oracle,0.0945195084298169
0.1,TS_oracle,0.109355750487679
0.1,TS_oracle,0.0957392630969136
0.1,TS_oracle,0.104144813941398
0.1,TS_oracle,0.0789397608088886
0.1,TS_oracle,0.0427290135323661
0.1,TS_oracle,0.0884570911582812
0.1,TS_oracle,0.0688674127878726
0.1,TS_oracle,0.0176220300449645
0.1,TS_oracle,0.0526858514113548
0.1,TS_oracle,0.0740702681177234
0.1,TS_oracle,0.0701718066825441
0.1,TS_oracle,0.0566477924522486
0.1,TS_oracle,0.0532176376039384
0.1,TS_oracle,0.00482643505321212
0.1,TS_oracle,0.0526164935481386
0.1,TS_oracle,0.0349219044593951
0.1,TS_oracle,0.0574717537123088
0.1,TS_oracle,0.0424347320381322
0.1,TS_oracle,0.000498202187509733
0.1,TS_oracle,0.0683241813631545
0.1,TS_oracle,0.0690245537630343
0.1,TS_oracle,0.0333018915725996
0.1,TS_oracle,0.11106705263182
0.1,TS_oracle,0.0769516278132709
0.1,TS_oracle,0.0817205176377969
0.1,TS_oracle,0.056285810857911
0.1,TS_oracle,0.133143146975526
0.1,TS_oracle,0.0683587518167013
0.1,TS_oracle,0.0688267482260299
0.1,TS_oracle,0.0501076550404886
0.1,TS_oracle,0.0325709080806045
0.1,TS_oracle,0.0806690358966438
0.1,TS_oracle,0.12844506384922
0.1,TS_oracle,0.141868355224595
0.1,TS_oracle,0.0983461637589267
0.1,TS_oracle,0.0927927044893164
0.1,TS_oracle,0.153661513307254
0.1,TS_oracle,0.138184981193703
0.1,TS_oracle,0.0640843780104001
0.1,TS_oracle,0.0936183111300186
0.1,TS_oracle,0.0649274412214835
0.1,TS_oracle,0.0434181887015057
0.1,TS_oracle,0.0689186177239889
0.1,TS_oracle,0.121910424870952
0.1,TS_oracle,0.0387123277817627
0.1,TS_oracle,0.0547103177409576
0.1,TS_oracle,0.0511901514720827
0.1,TS_oracle,0.0769630865861948
0.1,TS_oracle,0.0752128003385946
0.1,TS_oracle,0.0365519362062712
0.1,TS_oracle,0.043963808000701
0.1,TS_oracle,0.0473825094826161
0.1,TS_oracle,0.043342314541857
0.1,TS_oracle,0.0971607711892146
0.1,TS_oracle,0.0560567892551924
0.1,TS_oracle,0.0525206941052334
0.1,TS_oracle,0.0927457487749395
0.1,TS_oracle,0.103317207688759
0.1,TS_oracle,0.0169272481980487
0.1,TS_oracle,0.0679103733877122
0.1,TS_oracle,0.053145843686583
0.1,TS_oracle,0.0704344697925299
0.1,TS_oracle,0.0348359504377536
0.1,TS_oracle,0.108293074443
0.1,TS_oracle,0.0622462913487323
0.1,TS_oracle,0.0387384073773669
0.1,TS_oracle,0.115815728984027
0.1,TS_oracle,0.0218893977767807
0.1,TS_oracle,0.0449751923514026
0.1,TS_oracle,0.0568334011620208
0.1,TS_oracle,0.144322610538988
0.1,TS_oracle,0.0327821300603774
0.1,TS_oracle,0.113771413022794
0.1,TS_oracle,0.0789186846761285
0.1,TS_oracle,0.0946489394988683
0.2,PLS,0.0588069110443561
0.2,PLS,0.112543230655979
0.2,PLS,0.0631111370254962
0.2,PLS,0.116508806721296
0.2,PLS,0.076981086289325
0.2,PLS,0.0700546492067438
0.2,PLS,0.106092082287826
0.2,PLS,0.0381036798928553
0.2,PLS,0.0793777046934974
0.2,PLS,0.0402538105663841
0.2,PLS,0.114180328602584
0.2,PLS,0.12188013254452
0.2,PLS,0.0840436407530529
0.2,PLS,0.0231790608628908
0.2,PLS,0.0829905533461581
0.2,PLS,0.0843326714460242
0.2,PLS,0.113834363444876
0.2,PLS,0.0723350724607632
0.2,PLS,0.0587017657380069
0.2,PLS,0.0888899435419577
0.2,PLS,0.0895996073251168
0.2,PLS,0.0438196035837737
0.2,PLS,0.130272536005138
0.2,PLS,0.0811176278017816
0.2,PLS,0.0908669124801786
0.2,PLS,0.0767906742800317
0.2,PLS,0.0687392723498255
0.2,PLS,0.0572276005025525
0.2,PLS,0.0897800199200074
0.2,PLS,0.0879070289032229
0.2,PLS,0.0660742622620882
0.2,PLS,0.0422246721441089
0.2,PLS,0.113060080119456
0.2,PLS,0.119195394917919
0.2,PLS,0.069997247705935
0.2,PLS,0.117757231918774
0.2,PLS,0.0671527372723071
0.2,PLS,0.103730544532873
0.2,PLS,0.102348925620421
0.2,PLS,0.0771120685354616
0.2,PLS,0.100059345882368
0.2,PLS,0.0335818228880318
0.2,PLS,0.114330803401832
0.2,PLS,0.0233530021282546
0.2,PLS,0.0921774661095081
0.2,PLS,0.0921407403307686
0.2,PLS,0.0599653082770979
0.2,PLS,0.0864367145845975
0.2,PLS,0.080998461651125
0.2,PLS,0.10706394225791
0.2,PLS,0.0788641297415027
0.2,PLS,0.0111600069987003
0.2,PLS,0.0297565922107217
0.2,PLS,0.0813123499364046
0.2,PLS,0.107474062493033
0.2,PLS,0.0970559886777831
0.2,PLS,0.0495381282730978
0.2,PLS,0.103897918790735
0.2,PLS,0.0463006083279935
0.2,PLS,0.0892578715721857
0.2,PLS,0.0395750521889648
0.2,PLS,0.0298309533106107
0.2,PLS,0.114668711388525
0.2,PLS,0.0652570330832141
0.2,PLS,0.0688467667404427
0.2,PLS,0.101998994955675
0.2,PLS,0.116525954287834
0.2,PLS,0.050064225771713
0.2,PLS,0.0985375727231574
0.2,PLS,-0.00127538470842059
0.2,PLS,0.0904182946616663
0.2,PLS,0.093805496896302
0.2,PLS,0.0876918600259067
0.2,PLS,0.0657909536837298
0.2,PLS,0.115047633718089
0.2,PLS,0.11185005848138
0.2,PLS,0.103240021370081
0.2,PLS,0.0482572410139444
0.2,PLS,0.0492035382263676
0.2,PLS,0.0800077787953355
0.2,PLS,0.0913005232281612
0.2,PLS,0.104195371171787
0.2,PLS,0.0508639178266919
0.2,PLS,0.0864809635506014
0.2,PLS,0.12701968175765
0.2,PLS,0.112549836387803
0.2,PLS,0.0866041647344027
0.2,PLS,0.0571010590659542
0.2,PLS,0.0659090219570055
0.2,PLS,0.0745038218756566
0.2,PLS,0.0840375892656031
0.2,PLS,0.110960692648635
0.2,PLS,0.0886384009467029
0.2,PLS,0.0671662273642539
0.2,PLS,0.103388047346589
0.2,PLS,0.0846865462602666
0.2,PLS,0.0400151290538069
0.2,PLS,0.0661997156922116
0.2,PLS,0.12168341681521
0.2,PLS,0.0462406163081419
0.2,PLS,0.0539670954047378
0.2,PLS,0.086658950002457
0.2,PLS,0.0957891263871757
0.2,PLS,0.0364991206756431
0.2,PLS,0.0758110929126827
0.2,PLS,0.0490136427736434
0.2,PLS,0.068504234601235
0.2,PLS,0.0394054780275601
0.2,PLS,0.0758666490211908
0.2,PLS,0.0451165749805456
0.2,PLS,0.133418059181539
0.2,PLS,0.0789761206966815
0.2,PLS,0.0668891215371443
0.2,PLS,0.111305440833138
0.2,PLS,0.0737539331277999
0.2,PLS,0.055558577854288
0.2,PLS,0.0895531985299562
0.2,PLS,0.0595140332308997
0.2,PLS,0.106954261864866
0.2,PLS,0.070587040460105
0.2,PLS,0.110612417340931
0.2,PLS,0.0974172461168483
0.2,PLS,0.0647407017201518
0.2,PLS,0.0847797285704388
0.2,PLS,0.0819195355099551
0.2,PLS,0.0728563650489156
0.2,PLS,0.0807624834042955
0.2,PLS,0.0729614909632961
0.2,PLS,0.0578464717947236
0.2,PLS,0.0736802015047748
0.2,PLS,0.102068122722937
0.2,PLS,0.0773230789220571
0.2,PLS,0.0417809198676089
0.2,PLS,0.0388216522755174
0.2,PLS,0.100875373130121
0.2,PLS,0.0884446643724803
0.2,PLS,0.104823399661041
0.2,PLS,0.0789659969185823
0.2,PLS,0.0401377902227928
0.2,PLS,0.058379068856949
0.2,PLS,0.0516561640896973
0.2,PLS,0.0486607860572132
0.2,PLS,0.0486447355673152
0.2,PLS,0.0442835626415539
0.2,PLS,0.0737716386376035
0.2,PLS,0.0770095047962778
0.2,PLS,0.0546798343517703
0.2,PLS,0.0365388562578683
0.2,PLS,0.054170550145775
0.2,PLS,0.0180042013822674
0.2,PLS,0.118032467143549
0.2,PLS,0.127982432695748
0.2,PLS,0.0436839567302847
0.2,PLS,0.0692301622865727
0.2,PLS,0.103913616308547
0.2,PLS,0.0698398154767277
0.2,PLS,0.0892625704083208
0.2,PLS,0.0508947063217582
0.2,PLS,0.00794784747252542
0.2,PLS,0.0855883128147581
0.2,PLS,0.093729263990407
0.2,PLS,0.0988063485680515
0.2,PLS,0.0804369914170235
0.2,PLS,0.0708891729131234
0.2,PLS,0.110700500151867
0.2,PLS,0.0897440441829174
0.2,PLS,0.00804786665495882
0.2,PLS,0.0854664931390476
0.2,PLS,0.147987961578232
0.2,PLS,0.107851144975328
0.2,PLS,0.0462519041884553
0.2,PLS,0.0826466730480446
0.2,PLS,0.0468890351776023
0.2,PLS,0.124270719606019
0.2,PLS,0.0646640246116592
0.2,PLS,0.082107648858851
0.2,PLS,0.0305612418384766
0.2,PLS,0.0419340997390463
0.2,PLS,0.0781882244526715
0.2,PLS,0.0833987314115647
0.2,PLS,0.0480227822821113
0.2,PLS,0.0748712754773622
0.2,PLS,0.121807738455372
0.2,PLS,0.059822747094239
0.2,PLS,0.0852604586341219
0.2,PLS,0.0657363186918605
0.2,PLS,0.0962237697113966
0.2,PLS,0.0713055848948745
0.2,PLS,0.102530543718
0.2,PLS,0.136720480505993
0.2,PLS,0.0510303526363276
0.2,PLS,0.0980289298895924
0.2,PLS,0.0473271361581651
0.2,PLS,0.047585127247981
0.2,PLS,0.0727110898545795
0.2,PLS,0.0714751061161789
0.2,PLS,0.0211870743535958
0.2,PLS,0.123645415627983
0.2,PLS,0.056840808490324
0.2,PLS,0.0694453188874506
0.2,fTS,0.0583184850751981
0.2,fTS,0.110344600459514
0.2,fTS,0.0640992638133115
0.2,fTS,0.114502672054606
0.2,fTS,0.0765260386382665
0.2,fTS,0.0684562937129465
0.2,fTS,0.107944936935782
0.2,fTS,0.0375139393137938
0.2,fTS,0.0774049227600682
0.2,fTS,0.0414991789710717
0.2,fTS,0.114608973098044
0.2,fTS,0.122138635726778
0.2,fTS,0.0856221404948718
0.2,fTS,0.0242855087751457
0.2,fTS,0.082284257466771
0.2,fTS,0.0840971861457489
0.2,fTS,0.116704659097248
0.2,fTS,0.0721101728484603
0.2,fTS,0.0570326226822129
0.2,fTS,0.0877353944758612
0.2,fTS,0.0913068063697804
0.2,fTS,0.0437824077599192
0.2,fTS,0.129612175792373
0.2,fTS,0.0815356956579973
0.2,fTS,0.0940234912628577
0.2,fTS,0.0763671378646078
0.2,fTS,0.104580259198247
0.2,fTS,0.0555391714571425
0.2,fTS,0.0883898093426718
0.2,fTS,0.0861250745381839
0.2,fTS,0.0628584709461943
0.2,fTS,0.0432993087585436
0.2,fTS,0.110006516419092
0.2,fTS,0.119216851278092
0.2,fTS,0.0658481946008602
0.2,fTS,0.118794425166911
0.2,fTS,0.0693407148122962
0.2,fTS,0.101848620986132
0.2,fTS,0.0995647801713786
0.2,fTS,0.0734464565324446
0.2,fTS,0.096889086298565
0.2,fTS,0.0331263173369365
0.2,fTS,0.118897527424818
0.2,fTS,0.0201303258904098
0.2,fTS,0.0937150397717772
0.2,fTS,0.0930984159486827
0.2,fTS,0.0581217841425707
0.2,fTS,0.0890428910748879
0.2,fTS,0.0813002659974824
0.2,fTS,0.106686266768807
0.2,fTS,0.0765408737420219
0.2,fTS,0.0116799427133916
0.2,fTS,0.0311259346642851
0.2,fTS,0.0780144756324028
0.2,fTS,0.10667058845405
0.2,fTS,0.0949521698081484
0.2,fTS,0.0487085985189297
0.2,fTS,0.0985472492569273
0.2,fTS,0.0439249146096128
0.2,fTS,0.0866650672582125
0.2,fTS,0.037733991644781
0.2,fTS,0.0308634747227177
0.2,fTS,0.114082230187505
0.2,fTS,0.0663253815699147
0.2,fTS,0.0689867209873032
0.2,fTS,0.103371525647574
0.2,fTS,0.114312203490631
0.2,fTS,0.0500847306062033
0.2,fTS,0.0958306518436483
0.2,fTS,-0.000508319047619499
0.2,fTS,0.0908783005717386
0.2,fTS,0.0943748414052388
0.2,fTS,0.0871417530448961
0.2,fTS,0.0647765912334684
0.2,fTS,0.115981763464989
0.2,fTS,0.109801387851832
0.2,fTS,0.104396507206792
0.2,fTS,0.0480445573146089
0.2,fTS,0.0464549300874177
0.2,fTS,0.0797198281396112
0.2,fTS,0.0907933938775252
0.2,fTS,0.103044873692359
0.2,fTS,0.050928020975866
0.2,fTS,0.0866655930552325
0.2,fTS,0.128779482722885
0.2,fTS,0.113225492231878
0.2,fTS,0.0818335525883913
0.2,fTS,0.0570781481716369
0.2,fTS,0.0677776283043625
0.2,fTS,0.0731972172461046
0.2,fTS,0.0849050764202131
0.2,fTS,0.111546327186518
0.2,fTS,0.088719343544178
0.2,fTS,0.0701017170303093
0.2,fTS,0.100918915249787
0.2,fTS,0.0868124190786801
0.2,fTS,0.0414105894504588
0.2,fTS,0.0672788422949624
0.2,fTS,0.121445677913521
0.2,fTS,0.0453554670006451
0.2,fTS,0.0541791170852248
0.2,fTS,0.0864589842626924
0.2,fTS,0.0972435893779431
0.2,fTS,0.0390840315381298
0.2,fTS,0.0736424401541433
0.2,fTS,0.0469265905681002
0.2,fTS,0.0688359569085741
0.2,fTS,0.0382836013829448
0.2,fTS,0.0766678358402024
0.2,fTS,0.043387473785125
0.2,fTS,0.132710766012676
0.2,fTS,0.0761908583835833
0.2,fTS,0.0661884997218503
0.2,fTS,0.110790041736532
0.2,fTS,0.0727253587746699
0.2,fTS,0.0568844811479574
0.2,fTS,0.0917348771777831
0.2,fTS,0.0568795498961694
0.2,fTS,0.106309138203043
0.2,fTS,0.070362561169244
0.2,fTS,0.111149511836597
0.2,fTS,0.0969328326095416
0.2,fTS,0.0679353667474751
0.2,fTS,0.0850852530608246
0.2,fTS,0.0823371738982552
0.2,fTS,0.0735967995464124
0.2,fTS,0.0789991704925674
0.2,fTS,0.0722373377499022
0.2,fTS,0.0529584511762198
0.2,fTS,0.0718488260830428
0.2,fTS,0.101159746636311
0.2,fTS,0.075810643236869
0.2,fTS,0.0436130319159633
0.2,fTS,0.038810408806053
0.2,fTS,0.102474744478556
0.2,fTS,0.0892732812222845
0.2,fTS,0.100923420293595
0.2,fTS,0.0805783300405107
0.2,fTS,0.0401667058272546
0.2,fTS,0.0631806563433517
0.2,fTS,0.0475726465820943
0.2,fTS,0.0437799365236136
0.2,fTS,0.0482254948601588
0.2,fTS,0.046256282309143
0.2,fTS,0.0731676909996026
0.2,fTS,0.0770023109537927
0.2,fTS,0.053048999147006
0.2,fTS,0.0377321184865735
0.2,fTS,0.0553767406468151
0.2,fTS,0.0176436193203036
0.2,fTS,0.120116437535376
0.2,fTS,0.126871341805924
0.2,fTS,0.0399669685487327
0.2,fTS,0.0717816975544563
0.2,fTS,0.0996054684378544
0.2,fTS,0.0597694811521594
0.2,fTS,0.0924154972548206
0.2,fTS,0.0543861439852087
0.2,fTS,0.00755836044495495
0.2,fTS,0.0863456723606413
0.2,fTS,0.0909167766140249
0.2,fTS,0.0946229175528488
0.2,fTS,0.0794987067820516
0.2,fTS,0.0695953368557678
0.2,fTS,0.113504243948291
0.2,fTS,0.0829901968346827
0.2,fTS,0.00501810573759642
0.2,fTS,0.0830981921660767
0.2,fTS,0.146913621324475
0.2,fTS,0.109024774211882
0.2,fTS,0.0453390418632145
0.2,fTS,0.0820650889444761
0.2,fTS,0.0462191714495472
0.2,fTS,0.122655614418517
0.2,fTS,0.0650613350075062
0.2,fTS,0.0836963816383494
0.2,fTS,0.0328829083129423
0.2,fTS,0.0405685991769011
0.2,fTS,0.0813206873272436
0.2,fTS,0.0822613233526255
0.2,fTS,0.0477571351617323
0.2,fTS,0.0755855381068093
0.2,fTS,0.118841936375724
0.2,fTS,0.0636190343354508
0.2,fTS,0.0536783839950503
0.2,fTS,0.0636797388351751
0.2,fTS,0.0969493723127595
0.2,fTS,0.0679906907341141
0.2,fTS,0.100742200975153
0.2,fTS,0.134836714383047
0.2,fTS,0.0530791068308587
0.2,fTS,0.096205243557987
0.2,fTS,0.0453539101539988
0.2,fTS,0.0494041265568415
0.2,fTS,0.0680118257631592
0.2,fTS,0.0716353779118257
0.2,fTS,0.0207283056017078
0.2,fTS,0.123059615584953
0.2,fTS,0.0596830609890795
0.2,fTS,0.0717695568417065
0.2,LS_oracle,0.0588046136381086
0.2,LS_oracle,0.107986793475881
0.2,LS_oracle,0.0646989638094502
0.2,LS_oracle,0.115481199769291
0.2,LS_oracle,0.0762265975539023
0.2,LS_oracle,0.0697795941102948
0.2,LS_oracle,0.102508511444343
0.2,LS_oracle,0.0387711573614553
0.2,LS_oracle,0.076491046220398
0.2,LS_oracle,0.0398832645790588
0.2,LS_oracle,0.116451882808692
0.2,LS_oracle,0.121645905540609
0.2,LS_oracle,0.0840763256498345
0.2,LS_oracle,0.0210889352661909
0.2,LS_oracle,0.0821630424051427
0.2,LS_oracle,0.0843833201252668
0.2,LS_oracle,0.115455334247716
0.2,LS_oracle,0.0719309725017696
0.2,LS_oracle,0.0590919366711897
0.2,LS_oracle,0.0880462638388904
0.2,LS_oracle,0.0893108233297302
0.2,LS_oracle,0.0392267022478718
0.2,LS_oracle,0.128134467348041
0.2,LS_oracle,0.0755159853168552
0.2,LS_oracle,0.0914298199992682
0.2,LS_oracle,0.0774577296560057
0.2,LS_oracle,0.0669992143545495
0.2,LS_oracle,0.0563726204655874
0.2,LS_oracle,0.0911846052155876
0.2,LS_oracle,0.0917585657452022
0.2,LS_oracle,0.0655903956831387
0.2,LS_oracle,0.0423395699041167
0.2,LS_oracle,0.110676137127457
0.2,LS_oracle,0.1187375809829
0.2,LS_oracle,0.0702718472118682
0.2,LS_oracle,0.11459501050801
0.2,LS_oracle,0.0673567895794451
0.2,LS_oracle,0.101989562807429
0.2,LS_oracle,0.104829646785517
0.2,LS_oracle,0.0778242830720624
0.2,LS_oracle,0.0999749437625728
0.2,LS_oracle,0.0335422901232192
0.2,LS_oracle,0.112255703393966
0.2,LS_oracle,0.0234746698123274
0.2,LS_oracle,0.0921317480645727
0.2,LS_oracle,0.0895195039413315
0.2,LS_oracle,0.0569651440286441
0.2,LS_oracle,0.0871072936104662
0.2,LS_oracle,0.0779361906421989
0.2,LS_oracle,0.104719616343335
0.2,LS_oracle,0.0764358179398157
0.2,LS_oracle,0.0108568460285554
0.2,LS_oracle,0.0298461332125577
0.2,LS_oracle,0.081523086075959
0.2,LS_oracle,0.104953972825352
0.2,LS_oracle,0.0967135288357213
0.2,LS_oracle,0.0493774599167442
0.2,LS_oracle,0.103581993989676
0.2,LS_oracle,0.0460646942869356
0.2,LS_oracle,0.091354481578684
0.2,LS_oracle,0.0415294178999099
0.2,LS_oracle,0.0286331701067997
0.2,LS_oracle,0.112370655994731
0.2,LS_oracle,0.0652660298535241
0.2,LS_oracle,0.0693594479410455
0.2,LS_oracle,0.101101132584445
0.2,LS_oracle,0.114948321106621
0.2,LS_oracle,0.0517441848476743
0.2,LS_oracle,0.0997496108119764
0.2,LS_oracle,-0.00194345090594705
0.2,LS_oracle,0.0924075295979074
0.2,LS_oracle,0.0931619383585927
0.2,LS_oracle,0.0882721631668295
0.2,LS_oracle,0.064223428590636
0.2,LS_oracle,0.119721193145968
0.2,LS_oracle,0.112453984957606
0.2,LS_oracle,0.104899489168243
0.2,LS_oracle,0.0511033768339426
0.2,LS_oracle,0.0480343008811746
0.2,LS_oracle,0.07930280431123
0.2,LS_oracle,0.0911896089065343
0.2,LS_oracle,0.0999803778209853
0.2,LS_oracle,0.0506109830489552
0.2,LS_oracle,0.0839981273410177
0.2,LS_oracle,0.125371944718179
0.2,LS_oracle,0.116180930206889
0.2,LS_oracle,0.0879865176596262
0.2,LS_oracle,0.0566788228028279
0.2,LS_oracle,0.0654554631297022
0.2,LS_oracle,0.0753399759497058
0.2,LS_oracle,0.0821722080935481
0.2,LS_oracle,0.109747394933809
0.2,LS_oracle,0.0909227519915468
0.2,LS_oracle,0.0632467115263031
0.2,LS_oracle,0.0997996620883326
0.2,LS_oracle,0.0850635359666412
0.2,LS_oracle,0.039831010947492
0.2,LS_oracle,0.0642567157853691
0.2,LS_oracle,0.124774976699447
0.2,LS_oracle,0.0417792067701794
0.2,LS_oracle,0.0541180245321755
0.2,LS_oracle,0.0865679038865004
0.2,LS_oracle,0.0956139210577818
0.2,LS_oracle,0.0363217274843215
0.2,LS_oracle,0.0764339045954157
0.2,LS_oracle,0.0489715849855166
0.2,LS_oracle,0.0671634370201926
0.2,LS_oracle,0.0384004470141273
0.2,LS_oracle,0.0725498261767923
0.2,LS_oracle,0.0449871045420362
0.2,LS_oracle,0.134273913131437
0.2,LS_oracle,0.0786562810374414
0.2,LS_oracle,0.066728143264607
0.2,LS_oracle,0.111715048764228
0.2,LS_oracle,0.0777370176795025
0.2,LS_oracle,0.0555021376772342
0.2,LS_oracle,0.0828380251401075
0.2,LS_oracle,0.0575595656636738
0.2,LS_oracle,0.104166181472579
0.2,LS_oracle,0.0734238134724958
0.2,LS_oracle,0.110405692950391
0.2,LS_oracle,0.0975027589013993
0.2,LS_oracle,0.0643832320567235
0.2,LS_oracle,0.0834904674122221
0.2,LS_oracle,0.0837734810053345
0.2,LS_oracle,0.0725914769452207
0.2,LS_oracle,0.0805543535118327
0.2,LS_oracle,0.0744790571457403
0.2,LS_oracle,0.0540332002601358
0.2,LS_oracle,0.0727620125238173
0.2,LS_oracle,0.0991347991954279
0.2,LS_oracle,0.0721846725268189
0.2,LS_oracle,0.0424278813153418
0.2,LS_oracle,0.0384632997829375
0.2,LS_oracle,0.100707606079219
0.2,LS_oracle,0.088506629379274
0.2,LS_oracle,0.103571394891703
0.2,LS_oracle,0.0787779208430881
0.2,LS_oracle,0.0394394443322879
0.2,LS_oracle,0.0556953707716599
0.2,LS_oracle,0.050600435428884
0.2,LS_oracle,0.0367603503893656
0.2,LS_oracle,0.0460763314374111
0.2,LS_oracle,0.0449074504370133
0.2,LS_oracle,0.0740911718380306
0.2,LS_oracle,0.0766889844649123
0.2,LS_oracle,0.0540392171944495
0.2,LS_oracle,0.0330146459396965
0.2,LS_oracle,0.0548845710782861
0.2,LS_oracle,0.0145127680420407
0.2,LS_oracle,0.117967640589078
0.2,LS_oracle,0.131546279531958
0.2,LS_oracle,0.0443903456573091
0.2,LS_oracle,0.0688625123571951
0.2,LS_oracle,0.102984828513136
0.2,LS_oracle,0.0729486692036012
0.2,LS_oracle,0.0887346083693616
0.2,LS_oracle,0.0466412190200776
0.2,LS_oracle,0.00793973278851401
0.2,LS_oracle,0.0817841199961491
0.2,LS_oracle,0.0890202833972975
0.2,LS_oracle,0.0948484161959675
0.2,LS_oracle,0.0815218256716914
0.2,LS_oracle,0.0741568098269616
0.2,LS_oracle,0.112370118955736
0.2,LS_oracle,0.0841299024343918
0.2,LS_oracle,0.00826445167794243
0.2,LS_oracle,0.0853823387170192
0.2,LS_oracle,0.147439044451047
0.2,LS_oracle,0.107812663492492
0.2,LS_oracle,0.0481987626209075
0.2,LS_oracle,0.0776742414105291
0.2,LS_oracle,0.0478607361025194
0.2,LS_oracle,0.124137580116277
0.2,LS_oracle,0.0646845182473323
0.2,LS_oracle,0.0807111853375519
0.2,LS_oracle,0.0302118037773842
0.2,LS_oracle,0.0421665853094662
0.2,LS_oracle,0.0779054865560802
0.2,LS_oracle,0.0852631804684421
0.2,LS_oracle,0.0476147416015587
0.2,LS_oracle,0.0748660181372707
0.2,LS_oracle,0.116982270940293
0.2,LS_oracle,0.0544707636396613
0.2,LS_oracle,0.0855857091688661
0.2,LS_oracle,0.0653480722549724
0.2,LS_oracle,0.0966159603729624
0.2,LS_oracle,0.0714910052777877
0.2,LS_oracle,0.102705255485464
0.2,LS_oracle,0.138361354490132
0.2,LS_oracle,0.0478422872874098
0.2,LS_oracle,0.097664050287374
0.2,LS_oracle,0.0487717742986555
0.2,LS_oracle,0.0474626460435303
0.2,LS_oracle,0.067239028208673
0.2,LS_oracle,0.0721922860024793
0.2,LS_oracle,0.0199931025436424
0.2,LS_oracle,0.122150578435593
0.2,LS_oracle,0.0594741004136916
0.2,LS_oracle,0.0677288260750573
0.2,TS_oracle,0.0582545407325183
0.2,TS_oracle,0.10750221672074
0.2,TS_oracle,0.0651077813370045
0.2,TS_oracle,0.11234535590196
0.2,TS_oracle,0.0754863137184378
0.2,TS_oracle,0.0682336006106254
0.2,TS_oracle,0.103009974725769
0.2,TS_oracle,0.0374862228591555
0.2,TS_oracle,0.0753563280719203
0.2,TS_oracle,0.0414002641406597
0.2,TS_oracle,0.115766724280637
0.2,TS_oracle,0.122060787385012
0.2,TS_oracle,0.0853134786957508
0.2,TS_oracle,0.0238716480642074
0.2,TS_oracle,0.0821102596965095
0.2,TS_oracle,0.0842188448163748
0.2,TS_oracle,0.117719380667448
0.2,TS_oracle,0.071208738634871
0.2,TS_oracle,0.0577494590505361
0.2,TS_oracle,0.0872008489847269
0.2,TS_oracle,0.0905048241328992
0.2,TS_oracle,0.0405133863327554
0.2,TS_oracle,0.128130450876131
0.2,TS_oracle,0.0778871666055341
0.2,TS_oracle,0.0936719558631809
0.2,TS_oracle,0.0767436217595918
0.2,TS_oracle,0.0656330083195531
0.2,TS_oracle,0.0547808452249356
0.2,TS_oracle,0.0897655051441988
0.2,TS_oracle,0.088790621113811
0.2,TS_oracle,0.0630832024046504
0.2,TS_oracle,0.0433990911925106
0.2,TS_oracle,0.108116636816118
0.2,TS_oracle,0.119006739836491
0.2,TS_oracle,0.0663310831842046
0.2,TS_oracle,0.114082379986155
0.2,TS_oracle,0.0695497347672085
0.2,TS_oracle,0.0988907554316754
0.2,TS_oracle,0.101950382198539
0.2,TS_oracle,0.0739837952250761
0.2,TS_oracle,0.0951133400838808
0.2,TS_oracle,0.033043763634476
0.2,TS_oracle,0.114998931507023
0.2,TS_oracle,0.0205078860827028
0.2,TS_oracle,0.0939386948026038
0.2,TS_oracle,0.0878826149862364
0.2,TS_oracle,0.0569921865982004
0.2,TS_oracle,0.0870033375137496
0.2,TS_oracle,0.0765060750697395
0.2,TS_oracle,0.104617817039361
0.2,TS_oracle,0.075198636949332
0.2,TS_oracle,0.0105668414937949
0.2,TS_oracle,0.0305892247748303
0.2,TS_oracle,0.0776416112684835
0.2,TS_oracle,0.103666653792377
0.2,TS_oracle,0.0943428124354855
0.2,TS_oracle,0.0494503370695416
0.2,TS_oracle,0.0990847089721139
0.2,TS_oracle,0.0438002472445935
0.2,TS_oracle,0.0883802810645076
0.2,TS_oracle,0.039065846247623
0.2,TS_oracle,0.0290657334588211
0.2,TS_oracle,0.111363437597498
0.2,TS_oracle,0.06628639956978
0.2,TS_oracle,0.0695057971003203
0.2,TS_oracle,0.102763058735676
0.2,TS_oracle,0.114333446156506
0.2,TS_oracle,0.0515027528089569
0.2,TS_oracle,0.0966282652547681
0.2,TS_oracle,-0.00190840711490159
0.2,TS_oracle,0.0922596185215772
0.2,TS_oracle,0.0928091521335894
0.2,TS_oracle,0.0874445128835151
0.2,TS_oracle,0.06448557623231
0.2,TS_oracle,0.119075913419983
0.2,TS_oracle,0.110111473530452
0.2,TS_oracle,0.105251224465178
0.2,TS_oracle,0.0504954174462393
0.2,TS_oracle,0.0452202594191742
0.2,TS_oracle,0.079583392957514
0.2,TS_oracle,0.0907818943141074
0.2,TS_oracle,0.101072777118551
0.2,TS_oracle,0.0508001303614556
0.2,TS_oracle,0.0838789564943285
0.2,TS_oracle,0.126744795651341
0.2,TS_oracle,0.113965848529692
0.2,TS_oracle,0.08227189978034
0.2,TS_oracle,0.0567230477030962
0.2,TS_oracle,0.0652728275866323
0.2,TS_oracle,0.0739373870619273
0.2,TS_oracle,0.0846053822179236
0.2,TS_oracle,0.111132806782749
0.2,TS_oracle,0.0904007221932499
0.2,TS_oracle,0.0632008446419239
0.2,TS_oracle,0.0976144526216871
0.2,TS_oracle,0.0860121578970432
0.2,TS_oracle,0.0412738941304045
0.2,TS_oracle,0.0638126127467509
0.2,TS_oracle,0.123306598537907
0.2,TS_oracle,0.0426104937671188
0.2,TS_oracle,0.0541978368003755
0.2,TS_oracle,0.0858214162462732
0.2,TS_oracle,0.0961630463452001
0.2,TS_oracle,0.0375507885823649
0.2,TS_oracle,0.0742327440694655
0.2,TS_oracle,0.0475063639647111
0.2,TS_oracle,0.067841304238468
0.2,TS_oracle,0.0376029084373786
0.2,TS_oracle,0.0726721089936848
0.2,TS_oracle,0.0433845536012738
0.2,TS_oracle,0.132665281017236
0.2,TS_oracle,0.0756791420271912
0.2,TS_oracle,0.0657299939934046
0.2,TS_oracle,0.111618656593008
0.2,TS_oracle,0.0761564619868631
0.2,TS_oracle,0.0568285206879748
0.2,TS_oracle,0.0831429187073802
0.2,TS_oracle,0.0554703823956006
0.2,TS_oracle,0.10473179710285
0.2,TS_oracle,0.0707858784177977
0.2,TS_oracle,0.112138699524833
0.2,TS_oracle,0.097970934984962
0.2,TS_oracle,0.0664762892614321
0.2,TS_oracle,0.0825799140637582
0.2,TS_oracle,0.0840338616543983
0.2,TS_oracle,0.0731179542400662
0.2,TS_oracle,0.0794723451187056
0.2,TS_oracle,0.0739934784739773
0.2,TS_oracle,0.0529945563170897
0.2,TS_oracle,0.0696933463766602
0.2,TS_oracle,0.099039410974169
0.2,TS_oracle,0.0726454764947784
0.2,TS_oracle,0.0430139702600172
0.2,TS_oracle,0.0379812419208168
0.2,TS_oracle,0.102338372021524
0.2,TS_oracle,0.089177217224949
0.2,TS_oracle,0.101042293037607
0.2,TS_oracle,0.0804519718054646
0.2,TS_oracle,0.0368740204036437
0.2,TS_oracle,0.0567744253644946
0.2,TS_oracle,0.0483532836446292
0.2,TS_oracle,0.035992800519602
0.2,TS_oracle,0.0460931000932361
0.2,TS_oracle,0.0468404070008321
0.2,TS_oracle,0.0732804838576984
0.2,TS_oracle,0.0765213398332938
0.2,TS_oracle,0.0526024808870629
0.2,TS_oracle,0.032770558896287
0.2,TS_oracle,0.0559858660580819
0.2,TS_oracle,0.0146659395961615
0.2,TS_oracle,0.120170945924072
0.2,TS_oracle,0.12955281066393
0.2,TS_oracle,0.0406647172258627
0.2,TS_oracle,0.0720266456509229
0.2,TS_oracle,0.10041640597802
0.2,TS_oracle,0.0613165832637639
0.2,TS_oracle,0.0918611883993281
0.2,TS_oracle,0.0458648504832202
0.2,TS_oracle,0.00754981130003585
0.2,TS_oracle,0.0815772440512272
0.2,TS_oracle,0.0865687874711858
0.2,TS_oracle,0.0915178534880785
0.2,TS_oracle,0.0798234402773863
0.2,TS_oracle,0.071433714534062
0.2,TS_oracle,0.113004158010368
0.2,TS_oracle,0.080921013687911
0.2,TS_oracle,0.00502060254025261
0.2,TS_oracle,0.0830143654685096
0.2,TS_oracle,0.146824738483877
0.2,TS_oracle,0.109420027527924
0.2,TS_oracle,0.0467058692069597
0.2,TS_oracle,0.0757456242560306
0.2,TS_oracle,0.0471087847462428
0.2,TS_oracle,0.122676286851258
0.2,TS_oracle,0.0656043132519577
0.2,TS_oracle,0.082121741069423
0.2,TS_oracle,0.0304913419894866
0.2,TS_oracle,0.040747848922889
0.2,TS_oracle,0.0811971342264095
0.2,TS_oracle,0.0838961245469727
0.2,TS_oracle,0.047762843247263
0.2,TS_oracle,0.0755859052613359
0.2,TS_oracle,0.11716352718863
0.2,TS_oracle,0.0579877834030933
0.2,TS_oracle,0.0845946727765285
0.2,TS_oracle,0.0629398930027587
0.2,TS_oracle,0.0972099280074439
0.2,TS_oracle,0.0682965810700393
0.2,TS_oracle,0.101446615871089
0.2,TS_oracle,0.138404008134154
0.2,TS_oracle,0.050080514379732
0.2,TS_oracle,0.0959071107158178
0.2,TS_oracle,0.0459010063439271
0.2,TS_oracle,0.0488080913789846
0.2,TS_oracle,0.0664304663754134
0.2,TS_oracle,0.0721875342810907
0.2,TS_oracle,0.0215821670134915
0.2,TS_oracle,0.122590782072904
0.2,TS_oracle,0.0606043309542696
0.2,TS_oracle,0.0709190391651437
0.3,PLS,0.106534764458746
0.3,PLS,0.0474421280826691
0.3,PLS,0.08178873544474
0.3,PLS,0.101027804297366
0.3,PLS,0.0345282456630016
0.3,PLS,0.0985918831472459
0.3,PLS,0.107411778142777
0.3,PLS,0.0558639049400831
0.3,PLS,0.0717427501210761
0.3,PLS,0.0588346236482953
0.3,PLS,0.11501387599239
0.3,PLS,0.0923319521732753
0.3,PLS,0.105193943022038
0.3,PLS,0.0411930281820376
0.3,PLS,0.115604883914856
0.3,PLS,0.0934127036108694
0.3,PLS,0.0474840672523351
0.3,PLS,0.0341020110902339
0.3,PLS,-0.0117263065802399
0.3,PLS,0.0705651911198695
0.3,PLS,0.0331591079517042
0.3,PLS,0.0383063485318169
0.3,PLS,0.08904027176114
0.3,PLS,0.110751769240271
0.3,PLS,0.0331486319873968
0.3,PLS,0.0425994930238494
0.3,PLS,0.0630290578868489
0.3,PLS,0.0218119292225791
0.3,PLS,0.0746080299257401
0.3,PLS,0.0377817098978699
0.3,PLS,0.040134223604539
0.3,PLS,0.0719711780095735
0.3,PLS,0.0194439554458534
0.3,PLS,0.080968079606496
0.3,PLS,0.0855251041399547
0.3,PLS,0.0987309492027668
0.3,PLS,0.0186135150404352
0.3,PLS,0.058866968602292
0.3,PLS,0.0868166574093148
0.3,PLS,0.151482798639364
0.3,PLS,0.0716904061871655
0.3,PLS,0.0317479691237084
0.3,PLS,0.0937474595469796
0.3,PLS,0.0458174045796111
0.3,PLS,0.0120400138889565
0.3,PLS,0.00360604519964625
0.3,PLS,0.091299136958384
0.3,PLS,0.0542183535271177
0.3,PLS,0.0697655142264655
0.3,PLS,0.0247618695819269
0.3,PLS,0.0928957800984684
0.3,PLS,0.0300819795287059
0.3,PLS,0.0601191194490696
0.3,PLS,0.0640481320517861
0.3,PLS,0.0873774840856971
0.3,PLS,0.106470340332954
0.3,PLS,0.0503087968826321
0.3,PLS,0.0799793791179175
0.3,PLS,0.0939995836140104
0.3,PLS,0.125444680317177
0.3,PLS,0.0386825575423264
0.3,PLS,0.0854638018761382
0.3,PLS,0.0477961492431389
0.3,PLS,0.0565746422509612
0.3,PLS,0.0290588532062657
0.3,PLS,0.0234626334319024
0.3,PLS,0.0706054233294133
0.3,PLS,0.0906463339812378
0.3,PLS,0.124356390759625
0.3,PLS,0.103973814061433
0.3,PLS,0.0314194546861932
0.3,PLS,0.09721931641574
0.3,PLS,0.117306990401227
0.3,PLS,0.0234721627941128
0.3,PLS,0.0747256640446883
0.3,PLS,0.0253543355415855
0.3,PLS,0.141153894087708
0.3,PLS,0.0672242846195921
0.3,PLS,0.0273395261517115
0.3,PLS,0.0584047011957938
0.3,PLS,0.053078660649696
0.3,PLS,0.0751903406553269
0.3,PLS,0.0879171622789254
0.3,PLS,0.046960472232233
0.3,PLS,0.0476155674376915
0.3,PLS,0.0715381130623183
0.3,PLS,0.0621258900125496
0.3,PLS,0.0661567926317685
0.3,PLS,0.0609171570434039
0.3,PLS,0.0946458964494195
0.3,PLS,0.0622090449528521
0.3,PLS,0.0707584348748458
0.3,PLS,0.117900835442922
0.3,PLS,0.0500704399429286
0.3,PLS,0.0959559609862013
0.3,PLS,0.0185403161967532
0.3,PLS,0.0933088546884495
0.3,PLS,0.0771546447785261
0.3,PLS,0.0274575897908491
0.3,PLS,0.134938202904926
0.3,PLS,0.0528756635110055
0.3,PLS,0.158946678569256
0.3,PLS,0.0787862200607794
0.3,PLS,0.108713901921233
0.3,PLS,0.086770309367697
0.3,PLS,0.0665853827421712
0.3,PLS,0.0414151467778319
0.3,PLS,0.107442639877579
0.3,PLS,0.0745110402502345
0.3,PLS,0.0302275301127806
0.3,PLS,0.121353157474997
0.3,PLS,0.0295176129402368
0.3,PLS,0.0929798340019989
0.3,PLS,0.109540240968619
0.3,PLS,0.0914296347578698
0.3,PLS,0.115742912329622
0.3,PLS,0.0851686997453143
0.3,PLS,0.0290802457397019
0.3,PLS,0.156938695080794
0.3,PLS,0.0569461099793407
0.3,PLS,0.0967807415201187
0.3,PLS,0.0668135738678519
0.3,PLS,0.0435212292137399
0.3,PLS,0.100439566005386
0.3,PLS,0.110549642675948
0.3,PLS,0.122839875243137
0.3,PLS,0.0798765471818663
0.3,PLS,0.0965188818152845
0.3,PLS,0.0759615943309815
0.3,PLS,0.0402893883657152
0.3,PLS,0.076837116265291
0.3,PLS,0.0633069098353893
0.3,PLS,0.0697846465800811
0.3,PLS,0.0441824102795254
0.3,PLS,0.0726197632557237
0.3,PLS,0.061968016811925
0.3,PLS,0.0942636450866789
0.3,PLS,0.0760190274090882
0.3,PLS,0.0642308708657549
0.3,PLS,0.0682907868203808
0.3,PLS,0.0565781085311299
0.3,PLS,0.0519964753159261
0.3,PLS,0.0999092500516563
0.3,PLS,0.0538248653236499
0.3,PLS,0.0792520678447426
0.3,PLS,0.0810421119784115
0.3,PLS,0.101888133872614
0.3,PLS,0.0641989219310153
0.3,PLS,0.0880711939848995
0.3,PLS,0.0722817959707893
0.3,PLS,0.0551975444300563
0.3,PLS,0.0892472825650967
0.3,PLS,0.00729457749255547
0.3,PLS,0.0576567128115446
0.3,PLS,0.0899546781394629
0.3,PLS,0.139120193612087
0.3,PLS,0.05937318064333
0.3,PLS,0.105913946007326
0.3,PLS,0.128773373511136
0.3,PLS,0.103293077900714
0.3,PLS,0.0306738575635728
0.3,PLS,0.0623492117960283
0.3,PLS,0.0630349161085797
0.3,PLS,0.0675430459446569
0.3,PLS,0.0690378333578536
0.3,PLS,0.097792433919905
0.3,PLS,0.0728668976573636
0.3,PLS,0.0653842416682064
0.3,PLS,0.121869691572808
0.3,PLS,0.0547496465539252
0.3,PLS,0.0816781259636656
0.3,PLS,0.0310902359560421
0.3,PLS,0.0425974937902018
0.3,PLS,0.131728231114449
0.3,PLS,0.0268781194783594
0.3,PLS,0.0765916268530185
0.3,PLS,0.0733717643581799
0.3,PLS,0.096642427115482
0.3,PLS,0.0626482659495489
0.3,PLS,0.0590578079625068
0.3,PLS,0.0254248530233629
0.3,PLS,0.131629961225133
0.3,PLS,0.0403088539738217
0.3,PLS,0.0637031630191012
0.3,PLS,0.0562712536060963
0.3,PLS,0.0278388959653946
0.3,PLS,0.0971390631349909
0.3,PLS,0.0620039211557764
0.3,PLS,0.0901678155259835
0.3,PLS,0.0366821901012264
0.3,PLS,0.0782191162315349
0.3,PLS,0.0848739479379192
0.3,PLS,0.105647091262754
0.3,PLS,0.0621377626962578
0.3,PLS,0.0588103676495397
0.3,PLS,0.0813826625230309
0.3,PLS,0.1149819505398
0.3,PLS,0.0764282013242885
0.3,PLS,0.0652721621872017
0.3,PLS,0.119706992011026
0.3,fTS,0.102829354199535
0.3,fTS,0.0414637458674108
0.3,fTS,0.0813966418143894
0.3,fTS,0.101054308642382
0.3,fTS,0.0366012388421495
0.3,fTS,0.0957063463970891
0.3,fTS,0.10577362043126
0.3,fTS,0.0539227698764959
0.3,fTS,0.0724959732112234
0.3,fTS,0.0577147513231693
0.3,fTS,0.111162644235654
0.3,fTS,0.0938844120292468
0.3,fTS,0.103147473031382
0.3,fTS,0.0381142010043001
0.3,fTS,0.117571507490092
0.3,fTS,0.0871971849323767
0.3,fTS,0.0446407586227988
0.3,fTS,0.0318097868102976
0.3,fTS,-0.0137006354581967
0.3,fTS,0.072725734341017
0.3,fTS,0.0359315498313368
0.3,fTS,0.0392609175514551
0.3,fTS,0.0904472779313099
0.3,fTS,0.106161568921191
0.3,fTS,0.030573039175688
0.3,fTS,0.0358651550608862
0.3,fTS,0.0616418155197955
0.3,fTS,0.015431844173081
0.3,fTS,0.0711400700359126
0.3,fTS,0.0425381970234344
0.3,fTS,0.0404367748114183
0.3,fTS,0.069177869564482
0.3,fTS,0.0208740465414856
0.3,fTS,0.0889268633245135
0.3,fTS,0.0835840958747742
0.3,fTS,0.0932629230940185
0.3,fTS,0.0176731140597262
0.3,fTS,0.0587748581426013
0.3,fTS,0.0899174401350065
0.3,fTS,0.147981253118688
0.3,fTS,0.0709576660915097
0.3,fTS,0.0285402760503812
0.3,fTS,0.0963643830959668
0.3,fTS,0.0422818930677178
0.3,fTS,0.0117484640885739
0.3,fTS,0.00644649177002288
0.3,fTS,0.0870242386090587
0.3,fTS,0.0603463333769818
0.3,fTS,0.0678929818595868
0.3,fTS,0.0215989511128696
0.3,fTS,0.0881485520435006
0.3,fTS,0.026931736065321
0.3,fTS,0.0590601379891862
0.3,fTS,0.0630525068437664
0.3,fTS,0.0838663805636475
0.3,fTS,0.099305073655928
0.3,fTS,0.0476727346243391
0.3,fTS,0.0820748957593487
0.3,fTS,0.09244272812246
0.3,fTS,0.123291916345889
0.3,fTS,0.0366841738974091
0.3,fTS,0.0856338191984662
0.3,fTS,0.047115819809566
0.3,fTS,0.0560946959545334
0.3,fTS,0.0262938889728266
0.3,fTS,0.0235227653608963
0.3,fTS,0.0731939837926903
0.3,fTS,0.0910190462790756
0.3,fTS,0.114966223021775
0.3,fTS,0.0998414238141436
0.3,fTS,0.0281870019806043
0.3,fTS,0.0894005415364802
0.3,fTS,0.121558058549007
0.3,fTS,0.0211693711549372
0.3,fTS,0.0714272037932284
0.3,fTS,0.0208230522079436
0.3,fTS,0.138849311988773
0.3,fTS,0.0685833326417524
0.3,fTS,0.0296711210885572
0.3,fTS,0.0579703219571421
0.3,fTS,0.0500489688313421
0.3,fTS,0.0726049581966539
0.3,fTS,0.0898120049702671
0.3,fTS,0.0448927606240568
0.3,fTS,0.0505734954204962
0.3,fTS,0.065286908599719
0.3,fTS,0.0618531551739425
0.3,fTS,0.0685975229998395
0.3,fTS,0.0620741774313127
0.3,fTS,0.0975075550691236
0.3,fTS,0.0606459261978143
0.3,fTS,0.0750216507915815
0.3,fTS,0.125560167466027
0.3,fTS,0.0393316098393115
0.3,fTS,0.0941495756455464
0.3,fTS,0.0185253391417335
0.3,fTS,0.0894654573418128
0.3,fTS,0.0744477524463676
0.3,fTS,0.0331528318285839
0.3,fTS,0.131531550215891
0.3,fTS,0.0538757553627407
0.3,fTS,0.156786579991399
0.3,fTS,0.0754467208589413
0.3,fTS,0.111207534475391
0.3,fTS,0.0790459798039611
0.3,fTS,0.0653804668036202
0.3,fTS,0.0413202826566292
0.3,fTS,0.105094845212737
0.3,fTS,0.0750592279508882
0.3,fTS,0.0289189182665497
0.3,fTS,0.118436299446841
0.3,fTS,0.0322977426061466
0.3,fTS,0.0926222491657771
0.3,fTS,0.108696306108829
0.3,fTS,0.0885744911553776
0.3,fTS,0.112588571765896
0.3,fTS,0.0870184552449444
0.3,fTS,0.0251379865805701
0.3,fTS,0.16005325476443
0.3,fTS,0.0542547352926024
0.3,fTS,0.0986196710267702
0.3,fTS,0.0659400035290381
0.3,fTS,0.0424192188944978
0.3,fTS,0.10121732044894
0.3,fTS,0.105889112395598
0.3,fTS,0.126594231763515
0.3,fTS,0.0771225943108369
0.3,fTS,0.078235881568594
0.3,fTS,0.073877205590029
0.3,fTS,0.0443002080796495
0.3,fTS,0.0672426415298861
0.3,fTS,0.06116988085504
0.3,fTS,0.0700432613709785
0.3,fTS,0.0445130557873108
0.3,fTS,0.0717904681818915
0.3,fTS,0.0620920442437309
0.3,fTS,0.0888611940701569
0.3,fTS,0.0728777336838793
0.3,fTS,0.059682939512012
0.3,fTS,0.0719135004494118
0.3,fTS,0.0577290083953161
0.3,fTS,0.0510016874974233
0.3,fTS,0.10483908631394
0.3,fTS,0.0548935024070749
0.3,fTS,0.0819991934258064
0.3,fTS,0.0772165186043889
0.3,fTS,0.097062306479637
0.3,fTS,0.058162748282903
0.3,fTS,0.0933766378585601
0.3,fTS,0.0698252209571764
0.3,fTS,0.0536650141485764
0.3,fTS,0.0875591756991672
0.3,fTS,0.00471909279879679
0.3,fTS,0.0555463355805117
0.3,fTS,0.086049742262204
0.3,fTS,0.143744214778102
0.3,fTS,0.0600208431790774
0.3,fTS,0.082720687328387
0.3,fTS,0.123996254800974
0.3,fTS,0.10497032653332
0.3,fTS,0.0292314249079246
0.3,fTS,0.0622105112750393
0.3,fTS,0.0701427270455648
0.3,fTS,0.0710601731189986
0.3,fTS,0.0661403733534807
0.3,fTS,0.098037578294897
0.3,fTS,0.0761679880657375
0.3,fTS,0.0658300611648652
0.3,fTS,0.116987726491821
0.3,fTS,0.0534399450302099
0.3,fTS,0.0841614740272136
0.3,fTS,0.0291868824490902
0.3,fTS,0.0415031911552841
0.3,fTS,0.129610209181111
0.3,fTS,0.0263003342731465
0.3,fTS,0.0692737737215037
0.3,fTS,0.0755119764164889
0.3,fTS,0.0936911662388056
0.3,fTS,0.0597248185395538
0.3,fTS,0.0564208138754532
0.3,fTS,0.0278762270756676
0.3,fTS,0.123638788020127
0.3,fTS,0.031766531111582
0.3,fTS,0.0638749005759058
0.3,fTS,0.0621825685861186
0.3,fTS,0.0272868952274472
0.3,fTS,0.094635723377327
0.3,fTS,0.0696867418918947
0.3,fTS,0.0835642275390409
0.3,fTS,0.0368928312382786
0.3,fTS,0.0750628463675862
0.3,fTS,0.0851775182040122
0.3,fTS,0.09765319057418
0.3,fTS,0.0571240755316642
0.3,fTS,0.0497682422518679
0.3,fTS,0.0857977448570126
0.3,fTS,0.109567028125789
0.3,fTS,0.0715622277753845
0.3,fTS,0.0671955379692861
0.3,fTS,0.120589095284197
0.3,LS_oracle,0.105707616558385
0.3,LS_oracle,0.0471513227855322
0.3,LS_oracle,0.0806753260532003
0.3,LS_oracle,0.100758555140684
0.3,LS_oracle,0.0337466029597093
0.3,LS_oracle,0.0925628811367958
0.3,LS_oracle,0.107656646953043
0.3,LS_oracle,0.0560915794931907
0.3,LS_oracle,0.0717534307873926
0.3,LS_oracle,0.0564405385476132
0.3,LS_oracle,0.105841849888099
0.3,LS_oracle,0.0923351728328323
0.3,LS_oracle,0.104092647709522
0.3,LS_oracle,0.0391630866378132
0.3,LS_oracle,0.115872384282796
0.3,LS_oracle,0.0925977314297244
0.3,LS_oracle,0.0486725330171776
0.3,LS_oracle,0.0341699091123724
0.3,LS_oracle,-0.0117428698952019
0.3,LS_oracle,0.0719659003251794
0.3,LS_oracle,0.0331521317108905
0.3,LS_oracle,0.0384830348134337
0.3,LS_oracle,0.0893476105298636
0.3,LS_oracle,0.10949357170947
0.3,LS_oracle,0.0332014987587725
0.3,LS_oracle,0.0393410322802752
0.3,LS_oracle,0.0628839081987456
0.3,LS_oracle,0.0216145729669168
0.3,LS_oracle,0.0734322052422745
0.3,LS_oracle,0.0380623451609121
0.3,LS_oracle,0.0399195183944383
0.3,LS_oracle,0.0723250456062912
0.3,LS_oracle,0.0202825436053722
0.3,LS_oracle,0.081726821467131
0.3,LS_oracle,0.0849806160396791
0.3,LS_oracle,0.0992476604449215
0.3,LS_oracle,0.0194402314823752
0.3,LS_oracle,0.0563222718723928
0.3,LS_oracle,0.0858511178223904
0.3,LS_oracle,0.151430000388402
0.3,LS_oracle,0.0733637466898216
0.3,LS_oracle,0.0328152097319636
0.3,LS_oracle,0.0932053325700335
0.3,LS_oracle,0.0464238845262914
0.3,LS_oracle,0.00918372721185645
0.3,LS_oracle,0.00272068376375856
0.3,LS_oracle,0.0897393540173477
0.3,LS_oracle,0.0542479617791376
0.3,LS_oracle,0.0664189638944359
0.3,LS_oracle,0.0254561209650801
0.3,LS_oracle,0.0944930371505228
0.3,LS_oracle,0.0295323856576
0.3,LS_oracle,0.0600853415671776
0.3,LS_oracle,0.0578189435903782
0.3,LS_oracle,0.086969191575168
0.3,LS_oracle,0.105037298418328
0.3,LS_oracle,0.0500967464101849
0.3,LS_oracle,0.0799839023857034
0.3,LS_oracle,0.103468106899247
0.3,LS_oracle,0.125653710542287
0.3,LS_oracle,0.0327032401468261
0.3,LS_oracle,0.0840099454909158
0.3,LS_oracle,0.0478114321544347
0.3,LS_oracle,0.0569577348757591
0.3,LS_oracle,0.0305831336494296
0.3,LS_oracle,0.0239827281601439
0.3,LS_oracle,0.0705508691265713
0.3,LS_oracle,0.0901644437073468
0.3,LS_oracle,0.124753707573037
0.3,LS_oracle,0.10261276158231
0.3,LS_oracle,0.0306988637046444
0.3,LS_oracle,0.0968859111868821
0.3,LS_oracle,0.116482590625136
0.3,LS_oracle,0.0222383651370348
0.3,LS_oracle,0.0729402751700821
0.3,LS_oracle,0.025528319458062
0.3,LS_oracle,0.140860273841606
0.3,LS_oracle,0.0667546739390179
0.3,LS_oracle,0.0276770963473385
0.3,LS_oracle,0.0561029867671445
0.3,LS_oracle,0.0538321213465029
0.3,LS_oracle,0.0756254697765388
0.3,LS_oracle,0.089348947710292
0.3,LS_oracle,0.0475394852480113
0.3,LS_oracle,0.0508193198081128
0.3,LS_oracle,0.0623252331899142
0.3,LS_oracle,0.0627663931527678
0.3,LS_oracle,0.0656962324187862
0.3,LS_oracle,0.0609662192146487
0.3,LS_oracle,0.0946713285820913
0.3,LS_oracle,0.06306343508455
0.3,LS_oracle,0.0711605893615748
0.3,LS_oracle,0.115664738465753
0.3,LS_oracle,0.0410230724635929
0.3,LS_oracle,0.0955364710141755
0.3,LS_oracle,0.0203398590445227
0.3,LS_oracle,0.0924657429098839
0.3,LS_oracle,0.0698018922889234
0.3,LS_oracle,0.0258427973242186
0.3,LS_oracle,0.135592815795139
0.3,LS_oracle,0.0517907224594321
0.3,LS_oracle,0.159698428805747
0.3,LS_oracle,0.0719844485314971
0.3,LS_oracle,0.109365705959419
0.3,LS_oracle,0.0814219625141588
0.3,LS_oracle,0.0642380422215598
0.3,LS_oracle,0.0411568416139052
0.3,LS_oracle,0.105575012875468
0.3,LS_oracle,0.075229389297667
0.3,LS_oracle,0.0297857213660957
0.3,LS_oracle,0.120056755876159
0.3,LS_oracle,0.0293907674691649
0.3,LS_oracle,0.0856166173533799
0.3,LS_oracle,0.109106503767907
0.3,LS_oracle,0.0899467026899323
0.3,LS_oracle,0.116234851092166
0.3,LS_oracle,0.083266003875667
0.3,LS_oracle,0.0194204973568441
0.3,LS_oracle,0.15817971690017
0.3,LS_oracle,0.0566027980586181
0.3,LS_oracle,0.0967949534556565
0.3,LS_oracle,0.0583316726282328
0.3,LS_oracle,0.0435090677273913
0.3,LS_oracle,0.101335163179126
0.3,LS_oracle,0.109799435871072
0.3,LS_oracle,0.121847733458621
0.3,LS_oracle,0.0784150118475713
0.3,LS_oracle,0.0995165339369863
0.3,LS_oracle,0.0765662658817365
0.3,LS_oracle,0.0399650384397761
0.3,LS_oracle,0.0720504802957203
0.3,LS_oracle,0.0611460329444642
0.3,LS_oracle,0.0695343981070116
0.3,LS_oracle,0.0439068698961242
0.3,LS_oracle,0.0715773472324006
0.3,LS_oracle,0.0596875397196015
0.3,LS_oracle,0.0917636622883637
0.3,LS_oracle,0.0765498711986825
0.3,LS_oracle,0.062238934671514
0.3,LS_oracle,0.0661451417904722
0.3,LS_oracle,0.0580809935115059
0.3,LS_oracle,0.052120085756221
0.3,LS_oracle,0.100080971918094
0.3,LS_oracle,0.0570793376090233
0.3,LS_oracle,0.080304743790977
0.3,LS_oracle,0.0824259883279426
0.3,LS_oracle,0.102526112323616
0.3,LS_oracle,0.0651670010439438
0.3,LS_oracle,0.0880454661390631
0.3,LS_oracle,0.0703822382664545
0.3,LS_oracle,0.0552665721452354
0.3,LS_oracle,0.0892638137831625
0.3,LS_oracle,0.00734124909200107
0.3,LS_oracle,0.0581721738212464
0.3,LS_oracle,0.089248866271771
0.3,LS_oracle,0.139548832291707
0.3,LS_oracle,0.0572670910658191
0.3,LS_oracle,0.106871910340465
0.3,LS_oracle,0.122143461948107
0.3,LS_oracle,0.105712260143333
0.3,LS_oracle,0.0314102108673899
0.3,LS_oracle,0.0610222684317496
0.3,LS_oracle,0.0615200992711624
0.3,LS_oracle,0.0675996198237803
0.3,LS_oracle,0.0667103100978972
0.3,LS_oracle,0.098548657209554
0.3,LS_oracle,0.0726230013317724
0.3,LS_oracle,0.0656747874651882
0.3,LS_oracle,0.121688632862553
0.3,LS_oracle,0.0549180696345082
0.3,LS_oracle,0.0806704556257909
0.3,LS_oracle,0.0316383196950272
0.3,LS_oracle,0.0442266430964739
0.3,LS_oracle,0.131396982629862
0.3,LS_oracle,0.0269603293167271
0.3,LS_oracle,0.0769204226695201
0.3,LS_oracle,0.0734950900966866
0.3,LS_oracle,0.0931545663606275
0.3,LS_oracle,0.061594772446846
0.3,LS_oracle,0.0643320265274814
0.3,LS_oracle,0.0260446237431105
0.3,LS_oracle,0.128888691273087
0.3,LS_oracle,0.037791862931257
0.3,LS_oracle,0.0644739472778066
0.3,LS_oracle,0.0561144597163519
0.3,LS_oracle,0.0300156982723985
0.3,LS_oracle,0.0974698512190089
0.3,LS_oracle,0.0618904789685586
0.3,LS_oracle,0.0867362328797334
0.3,LS_oracle,0.0367122356965675
0.3,LS_oracle,0.0792629445406088
0.3,LS_oracle,0.085022334340596
0.3,LS_oracle,0.11531012394291
0.3,LS_oracle,0.061805938046599
0.3,LS_oracle,0.0553742503967758
0.3,LS_oracle,0.0815379777712517
0.3,LS_oracle,0.114789375271685
0.3,LS_oracle,0.0762402773648856
0.3,LS_oracle,0.0659814376922945
0.3,LS_oracle,0.11988679578201
0.3,TS_oracle,0.102149306335762
0.3,TS_oracle,0.0432619935246707
0.3,TS_oracle,0.0805375717686143
0.3,TS_oracle,0.0980888884071041
0.3,TS_oracle,0.03563930029519
0.3,TS_oracle,0.0932456789466543
0.3,TS_oracle,0.106048802489017
0.3,TS_oracle,0.0539584487364484
0.3,TS_oracle,0.072508384831272
0.3,TS_oracle,0.0503991090976514
0.3,TS_oracle,0.108952029863931
0.3,TS_oracle,0.0920350958960527
0.3,TS_oracle,0.0981274330210562
0.3,TS_oracle,0.0375893658011248
0.3,TS_oracle,0.117516857424583
0.3,TS_oracle,0.0880815919662301
0.3,TS_oracle,0.0450886923184919
0.3,TS_oracle,0.0314432482237297
0.3,TS_oracle,-0.0133572685184915
0.3,TS_oracle,0.0731792213612688
0.3,TS_oracle,0.035924483749576
0.3,TS_oracle,0.0394114188841037
0.3,TS_oracle,0.0901035662141667
0.3,TS_oracle,0.106109058463423
0.3,TS_oracle,0.0306043080896523
0.3,TS_oracle,0.0357027249336033
0.3,TS_oracle,0.0611701986431807
0.3,TS_oracle,0.0153277890461296
0.3,TS_oracle,0.0706046782952834
0.3,TS_oracle,0.0417914604635063
0.3,TS_oracle,0.0403338650284326
0.3,TS_oracle,0.0692732667498401
0.3,TS_oracle,0.0210786714119537
0.3,TS_oracle,0.0889281523189795
0.3,TS_oracle,0.0835609363840693
0.3,TS_oracle,0.0936250189623671
0.3,TS_oracle,0.0182805978582605
0.3,TS_oracle,0.0570785865377497
0.3,TS_oracle,0.0894311352763058
0.3,TS_oracle,0.147957007541879
0.3,TS_oracle,0.0715420837402567
0.3,TS_oracle,0.0281951179503832
0.3,TS_oracle,0.0959293603889304
0.3,TS_oracle,0.0423642765119816
0.3,TS_oracle,0.0107612972479443
0.3,TS_oracle,0.00606260833976791
0.3,TS_oracle,0.0866448063810128
0.3,TS_oracle,0.0603817483683962
0.3,TS_oracle,0.0672145566567302
0.3,TS_oracle,0.0216354454353145
0.3,TS_oracle,0.0884471467205405
0.3,TS_oracle,0.0257381701635411
0.3,TS_oracle,0.0589759228005864
0.3,TS_oracle,0.0583024051663346
0.3,TS_oracle,0.0839843121477351
0.3,TS_oracle,0.0960237991827919
0.3,TS_oracle,0.0482326655378109
0.3,TS_oracle,0.0836181599318713
0.3,TS_oracle,0.0977408013230632
0.3,TS_oracle,0.123596645191103
0.3,TS_oracle,0.0336709245666504
0.3,TS_oracle,0.0858005695079234
0.3,TS_oracle,0.0469113535308467
0.3,TS_oracle,0.0561309769269291
0.3,TS_oracle,0.026998863563497
0.3,TS_oracle,0.0229104274976657
0.3,TS_oracle,0.0745000596745788
0.3,TS_oracle,0.0910166030323329
0.3,TS_oracle,0.115331673748626
0.3,TS_oracle,0.0996597845498015
0.3,TS_oracle,0.0271129495484956
0.3,TS_oracle,0.0894158045244664
0.3,TS_oracle,0.120189798588538
0.3,TS_oracle,0.0202769189439045
0.3,TS_oracle,0.0692860693246309
0.3,TS_oracle,0.020862764910516
0.3,TS_oracle,0.13893540827279
0.3,TS_oracle,0.0685010808085131
0.3,TS_oracle,0.0300126344862452
0.3,TS_oracle,0.0550890074806429
0.3,TS_oracle,0.050672294748819
0.3,TS_oracle,0.0728645467861762
0.3,TS_oracle,0.0908455772729559
0.3,TS_oracle,0.0432706559591636
0.3,TS_oracle,0.0527702091419728
0.3,TS_oracle,0.0608306618137069
0.3,TS_oracle,0.0618148157308824
0.3,TS_oracle,0.0678614041838563
0.3,TS_oracle,0.0621160357773312
0.3,TS_oracle,0.0976761757209668
0.3,TS_oracle,0.0608762101527831
0.3,TS_oracle,0.0746871196108754
0.3,TS_oracle,0.11523301821872
0.3,TS_oracle,0.0375469504075008
0.3,TS_oracle,0.0940261411660255
0.3,TS_oracle,0.0199161316384899
0.3,TS_oracle,0.0895145084701607
0.3,TS_oracle,0.0684275498874596
0.3,TS_oracle,0.0280908736658461
0.3,TS_oracle,0.131441961657768
0.3,TS_oracle,0.0523391949032128
0.3,TS_oracle,0.15363184249649
0.3,TS_oracle,0.0709165649130412
0.3,TS_oracle,0.110957739837508
0.3,TS_oracle,0.0746675884067731
0.3,TS_oracle,0.0649346215740845
0.3,TS_oracle,0.04033982536393
0.3,TS_oracle,0.105005968609347
0.3,TS_oracle,0.0756098031381485
0.3,TS_oracle,0.0249351837259919
0.3,TS_oracle,0.117274106670984
0.3,TS_oracle,0.0317609733216724
0.3,TS_oracle,0.0864524078320874
0.3,TS_oracle,0.108813459107547
0.3,TS_oracle,0.0885416174275135
0.3,TS_oracle,0.113145732475338
0.3,TS_oracle,0.081605249762339
0.3,TS_oracle,0.018926168912379
0.3,TS_oracle,0.160021645917383
0.3,TS_oracle,0.0541505809935814
0.3,TS_oracle,0.0986172477368334
0.3,TS_oracle,0.0622468790854471
0.3,TS_oracle,0.0424096953101065
0.3,TS_oracle,0.101087526766711
0.3,TS_oracle,0.106210221613811
0.3,TS_oracle,0.125382365816733
0.3,TS_oracle,0.0755451583545674
0.3,TS_oracle,0.0805421291668227
0.3,TS_oracle,0.0740619889901397
0.3,TS_oracle,0.0400776007054244
0.3,TS_oracle,0.0672282300284952
0.3,TS_oracle,0.0620743328929807
0.3,TS_oracle,0.0699514347391987
0.3,TS_oracle,0.043908883857372
0.3,TS_oracle,0.0716831912023392
0.3,TS_oracle,0.0598935667111755
0.3,TS_oracle,0.0863769531539285
0.3,TS_oracle,0.073119169504118
0.3,TS_oracle,0.0593813853378926
0.3,TS_oracle,0.0650322464442603
0.3,TS_oracle,0.0585727653631269
0.3,TS_oracle,0.0494492869027818
0.3,TS_oracle,0.104823311338644
0.3,TS_oracle,0.0567206910598586
0.3,TS_oracle,0.0822509311084842
0.3,TS_oracle,0.0776259165438942
0.3,TS_oracle,0.0976233232154897
0.3,TS_oracle,0.0587300241139836
0.3,TS_oracle,0.0895844898690226
0.3,TS_oracle,0.0686433288425612
0.3,TS_oracle,0.0538478961536324
0.3,TS_oracle,0.0878444066348321
0.3,TS_oracle,0.00474804392768724
0.3,TS_oracle,0.0556113991257294
0.3,TS_oracle,0.0856252634530432
0.3,TS_oracle,0.143608487633576
0.3,TS_oracle,0.0600087516538683
0.3,TS_oracle,0.0823715069356243
0.3,TS_oracle,0.117362837542875
0.3,TS_oracle,0.10640626914157
0.3,TS_oracle,0.0297649646247846
0.3,TS_oracle,0.0612665392375258
0.3,TS_oracle,0.069148189336528
0.3,TS_oracle,0.0707890946031118
0.3,TS_oracle,0.0647094805967332
0.3,TS_oracle,0.0985688911783507
0.3,TS_oracle,0.0761684125331752
0.3,TS_oracle,0.0656271300986204
0.3,TS_oracle,0.116873712964627
0.3,TS_oracle,0.0539782288734909
0.3,TS_oracle,0.0846459336286947
0.3,TS_oracle,0.0298754191972401
0.3,TS_oracle,0.0428803604385808
0.3,TS_oracle,0.129262447493552
0.3,TS_oracle,0.0270008308045426
0.3,TS_oracle,0.0694562396180183
0.3,TS_oracle,0.075246720160403
0.3,TS_oracle,0.0907775462949074
0.3,TS_oracle,0.0588042173111969
0.3,TS_oracle,0.0584278946266981
0.3,TS_oracle,0.0275213994155132
0.3,TS_oracle,0.123300755717739
0.3,TS_oracle,0.0302370357134283
0.3,TS_oracle,0.0643734164491014
0.3,TS_oracle,0.061915328136857
0.3,TS_oracle,0.0287291761243893
0.3,TS_oracle,0.0955308597206523
0.3,TS_oracle,0.0697615421209261
0.3,TS_oracle,0.0836582763753522
0.3,TS_oracle,0.0369292737727021
0.3,TS_oracle,0.0760430293238918
0.3,TS_oracle,0.0854204865360795
0.3,TS_oracle,0.102784499136642
0.3,TS_oracle,0.0570140396781245
0.3,TS_oracle,0.0485367838219608
0.3,TS_oracle,0.0858888508715938
0.3,TS_oracle,0.10927939695542
0.3,TS_oracle,0.0715063879609055
0.3,TS_oracle,0.0662374087142426
0.3,TS_oracle,0.121083191311888
0.4,PLS,0.150786696855183
0.4,PLS,0.115631051563519
0.4,PLS,0.180531548349092
0.4,PLS,0.037359508899443
0.4,PLS,0.102774835243798
0.4,PLS,0.105155781588367
0.4,PLS,0.0381706470526613
0.4,PLS,0.0932790986138543
0.4,PLS,0.117958599427953
0.4,PLS,0.0355964567956621
0.4,PLS,0.0822411066378999
0.4,PLS,0.123531454227985
0.4,PLS,0.032947597776106
0.4,PLS,0.0571133821780345
0.4,PLS,0.0878155485199619
0.4,PLS,-0.0243117529515147
0.4,PLS,0.132913556421686
0.4,PLS,0.0221278996970771
0.4,PLS,0.0301715619495215
0.4,PLS,0.0676620172298175
0.4,PLS,0.0319690844936296
0.4,PLS,0.072149549542984
0.4,PLS,0.108299143177905
0.4,PLS,0.0863909147372111
0.4,PLS,0.0617178765398858
0.4,PLS,0.124342801724688
0.4,PLS,0.0905740565905162
0.4,PLS,0.0818699117246517
0.4,PLS,0.130131380479411
0.4,PLS,0.0663024059939163
0.4,PLS,0.0684788438600332
0.4,PLS,0.0407408325365834
0.4,PLS,0.0926511561574286
0.4,PLS,0.0739130436079822
0.4,PLS,0.0557989913747128
0.4,PLS,0.0663814989863456
0.4,PLS,0.132757095190103
0.4,PLS,0.0777362839704629
0.4,PLS,0.0954422256732836
0.4,PLS,0.0664031114005701
0.4,PLS,0.105809407038562
0.4,PLS,0.0648835225176065
0.4,PLS,0.0989438979010981
0.4,PLS,0.0464588862789321
0.4,PLS,0.0341436484125122
0.4,PLS,0.0775186733300459
0.4,PLS,0.0602333298848337
0.4,PLS,0.0773590791199146
0.4,PLS,0.0725345933312611
0.4,PLS,0.110528295718684
0.4,PLS,0.0477207712181855
0.4,PLS,0.0729865792230426
0.4,PLS,0.0868780667449736
0.4,PLS,0.132710687751216
0.4,PLS,0.111371733667788
0.4,PLS,0.0592065432422806
0.4,PLS,0.102096422425908
0.4,PLS,0.0229446120941277
0.4,PLS,0.0816274476116849
0.4,PLS,0.129106965199492
0.4,PLS,0.0905313867588298
0.4,PLS,0.106559871895443
0.4,PLS,0.13109634341095
0.4,PLS,0.0376884677667224
0.4,PLS,0.0648604785799751
0.4,PLS,0.00730817612485812
0.4,PLS,0.0167502320194903
0.4,PLS,0.0386909032992513
0.4,PLS,0.0338678055398509
0.4,PLS,0.0528817457270019
0.4,PLS,0.0828053035785226
0.4,PLS,0.120260077973526
0.4,PLS,0.109169336431831
0.4,PLS,0.124288934303868
0.4,PLS,0.0781090482810658
0.4,PLS,0.0595005030252349
0.4,PLS,0.0575167240405356
0.4,PLS,0.0546718084595761
0.4,PLS,0.0637620839360686
0.4,PLS,0.0772390324366965
0.4,PLS,0.0279301325465873
0.4,PLS,0.100043946549411
0.4,PLS,0.18605058917288
0.4,PLS,0.0711166390849121
0.4,PLS,0.0141763073388892
0.4,PLS,0.0492565140339498
0.4,PLS,0.100409157151338
0.4,PLS,0.0527675370593694
0.4,PLS,0.105197689204058
0.4,PLS,0.073741308954729
0.4,PLS,0.0676923615139442
0.4,PLS,0.0439688342046749
0.4,PLS,0.0540401018905194
0.4,PLS,0.0365206056039868
0.4,PLS,0.101301889371643
0.4,PLS,0.0502675080640089
0.4,PLS,0.088961371851831
0.4,PLS,0.0637410377543439
0.4,PLS,0.0632427154545185
0.4,PLS,0.0338907279327267
0.4,PLS,0.0856779109393466
0.4,PLS,0.15056002952083
0.4,PLS,0.0939538839452481
0.4,PLS,0.0533810551032285
0.4,PLS,0.0764538451262335
0.4,PLS,0.115483957510884
0.4,PLS,0.03888672338536
0.4,PLS,0.0147973919881967
0.4,PLS,0.0971834859455432
0.4,PLS,0.12256633879729
0.4,PLS,0.0654572258171167
0.4,PLS,0.0794348137553833
0.4,PLS,0.0354000749756962
0.4,PLS,0.0660446956777607
0.4,PLS,0.0644614172743212
0.4,PLS,0.0789222721202125
0.4,PLS,0.0474134679545088
0.4,PLS,0.0445451322990904
0.4,PLS,0.0792233564849509
0.4,PLS,0.130834894380603
0.4,PLS,-0.00135468484064416
0.4,PLS,0.0220606702892285
0.4,PLS,0.104700653931624
0.4,PLS,0.0840039051017674
0.4,PLS,0.106931970189785
0.4,PLS,0.0907850031272417
0.4,PLS,0.057179452106523
0.4,PLS,0.0600106819431847
0.4,PLS,0.0754221974601563
0.4,PLS,0.110355948939245
0.4,PLS,0.089795153479302
0.4,PLS,0.0760447837431111
0.4,PLS,0.105845551609098
0.4,PLS,0.0634405640001614
0.4,PLS,0.134911379004575
0.4,PLS,0.08089615125386
0.4,PLS,0.0470775004991133
0.4,PLS,0.0571962267531818
0.4,PLS,0.0782970674177859
0.4,PLS,0.0777469434254221
0.4,PLS,0.0821060258694537
0.4,PLS,0.0391001047747943
0.4,PLS,0.0552697074130264
0.4,PLS,0.0993327611900865
0.4,PLS,-0.00517321858646236
0.4,PLS,0.0919902937940895
0.4,PLS,0.0832686691146636
0.4,PLS,0.0198367986236321
0.4,PLS,0.0604564197297577
0.4,PLS,0.130921306010551
0.4,PLS,0.117200681512398
0.4,PLS,0.0888659604629323
0.4,PLS,0.0711936759039922
0.4,PLS,0.0525500090278874
0.4,PLS,0.0164077413326311
0.4,PLS,0.0649362484478144
0.4,PLS,0.0341860918325201
0.4,PLS,0.0553845403157844
0.4,PLS,0.0942499028313306
0.4,PLS,0.0969927186555963
0.4,PLS,0.0467395693777042
0.4,PLS,0.103256328438734
0.4,PLS,0.0994366765936172
0.4,PLS,0.0551981200738576
0.4,PLS,0.0900177963923259
0.4,PLS,0.0744215806227253
0.4,PLS,0.0731580638321208
0.4,PLS,0.118360322106856
0.4,PLS,0.10462533432367
0.4,PLS,0.0146267386708057
0.4,PLS,0.0808371783727637
0.4,PLS,0.0739496271341626
0.4,PLS,0.0408466915511039
0.4,PLS,0.0860097120352958
0.4,PLS,0.0433340324050422
0.4,PLS,0.0616771903899398
0.4,PLS,0.0885928658581521
0.4,PLS,0.118534448163139
0.4,PLS,0.132390535271941
0.4,PLS,0.0237073079283616
0.4,PLS,0.0550029255487476
0.4,PLS,0.114328155846819
0.4,PLS,0.071927981282595
0.4,PLS,0.0250918388033894
0.4,PLS,0.0601808799664512
0.4,PLS,0.0429409699310235
0.4,PLS,0.155824207484117
0.4,PLS,0.0139898435708339
0.4,PLS,0.124313549363741
0.4,PLS,0.0897015103967815
0.4,PLS,0.0309827729718495
0.4,PLS,0.0253858978619264
0.4,PLS,0.0307110061453231
0.4,PLS,0.109551423519167
0.4,PLS,0.0908646039175183
0.4,PLS,0.0746099611162152
0.4,PLS,0.085821146384248
0.4,PLS,0.0491046097215022
0.4,PLS,0.139604070474054
0.4,PLS,0.0394377014330456
0.4,fTS,0.142198008442696
0.4,fTS,0.101163172740592
0.4,fTS,0.170621034224722
0.4,fTS,0.0296404904032765
0.4,fTS,0.0968533663279052
0.4,fTS,0.106199919507505
0.4,fTS,0.0443726205412982
0.4,fTS,0.0900235274115642
0.4,fTS,0.113558025503805
0.4,fTS,0.0320391844725028
0.4,fTS,0.0705250039141574
0.4,fTS,0.114676641897659
0.4,fTS,0.0343313240045646
0.4,fTS,0.0488581985228644
0.4,fTS,0.0890316640223894
0.4,fTS,-0.0255344577312194
0.4,fTS,0.128749881807662
0.4,fTS,0.0213586702825757
0.4,fTS,0.0254084323354926
0.4,fTS,0.0671102067106006
0.4,fTS,0.027229534969164
0.4,fTS,0.0644778988792205
0.4,fTS,0.10939389797729
0.4,fTS,0.0821608582050544
0.4,fTS,0.0590657025860677
0.4,fTS,0.115987004447287
0.4,fTS,0.0876580423940905
0.4,fTS,0.0803450713181846
0.4,fTS,0.12028690516643
0.4,fTS,0.0711320598071923
0.4,fTS,0.0654015891023962
0.4,fTS,0.0370611466320152
0.4,fTS,0.0865349500042192
0.4,fTS,0.0711503005589869
0.4,fTS,0.0572494012333442
0.4,fTS,0.0682286829158909
0.4,fTS,0.129725627219186
0.4,fTS,0.0668280950535833
0.4,fTS,0.0923392077625693
0.4,fTS,0.0731924080711761
0.4,fTS,0.111310866093757
0.4,fTS,0.0617724921182463
0.4,fTS,0.101905584454784
0.4,fTS,0.0401515417043135
0.4,fTS,0.0323175777338425
0.4,fTS,0.0744112534306212
0.4,fTS,0.0545588816440556
0.4,fTS,0.0764769153896361
0.4,fTS,0.0682733216483706
0.4,fTS,0.112688967648052
0.4,fTS,0.051540428141803
0.4,fTS,0.0662743056941126
0.4,fTS,0.0980584171349894
0.4,fTS,0.127324499485874
0.4,fTS,0.110428592646531
0.4,fTS,0.0650647314828128
0.4,fTS,0.105163568868152
0.4,fTS,0.0185235689973455
0.4,fTS,0.0820232797675264
0.4,fTS,0.123430342227061
0.4,fTS,0.0963355855202601
0.4,fTS,0.111772067990295
0.4,fTS,0.132956360953568
0.4,fTS,0.0341998863100217
0.4,fTS,0.061111102193389
0.4,fTS,0.00811834827640556
0.4,fTS,0.010193955958103
0.4,fTS,0.033296476433162
0.4,fTS,0.0354971892557681
0.4,fTS,0.049254094470049
0.4,fTS,0.0803192474992815
0.4,fTS,0.125649421977709
0.4,fTS,0.117784000800768
0.4,fTS,0.113578337932134
0.4,fTS,0.0752412015255595
0.4,fTS,0.0595646349035521
0.4,fTS,0.0509345487212669
0.4,fTS,0.0481101943013613
0.4,fTS,0.0626043503795326
0.4,fTS,0.0755141728482565
0.4,fTS,0.0319707102308171
0.4,fTS,0.089412367051328
0.4,fTS,0.179941106429538
0.4,fTS,0.0671435122283082
0.4,fTS,0.0110719505240464
0.4,fTS,0.0524887265171476
0.4,fTS,0.10231591802594
0.4,fTS,0.0532231907215857
0.4,fTS,0.105139482008402
0.4,fTS,0.078598345017094
0.4,fTS,0.0629618024328082
0.4,fTS,0.0438033809723362
0.4,fTS,0.0474486683223601
0.4,fTS,0.0386043357999653
0.4,fTS,0.0919635312084026
0.4,fTS,0.0465156574048733
0.4,fTS,0.0893113663181326
0.4,fTS,0.0542816923753793
0.4,fTS,0.0642169898846783
0.4,fTS,0.0318558160678164
0.4,fTS,0.0777768547688802
0.4,fTS,0.156427229775328
0.4,fTS,0.0942941742079768
0.4,fTS,0.0507683227891766
0.4,fTS,0.0743278280640238
0.4,fTS,0.101946121063441
0.4,fTS,0.0313283607547368
0.4,fTS,0.0145892314974339
0.4,fTS,0.0942292954348469
0.4,fTS,0.122549039519628
0.4,fTS,0.0599022073903515
0.4,fTS,0.0730559130656454
0.4,fTS,0.0339348434218525
0.4,fTS,0.0609004823444543
0.4,fTS,0.0662296964529208
0.4,fTS,0.0781155611160611
0.4,fTS,0.0474639733328834
0.4,fTS,0.0482322562978696
0.4,fTS,0.0545809734756235
0.4,fTS,0.133697386644791
0.4,fTS,0.00429337213742209
0.4,fTS,0.0185210701785985
0.4,fTS,0.103217185575291
0.4,fTS,0.0789042663524051
0.4,fTS,0.104425270531058
0.4,fTS,0.0816365948646904
0.4,fTS,0.057135244281777
0.4,fTS,0.0481941909547252
0.4,fTS,0.075112648218266
0.4,fTS,0.10531350048898
0.4,fTS,0.0812629812732821
0.4,fTS,0.0716544490116668
0.4,fTS,0.106513764115176
0.4,fTS,0.0614631764116682
0.4,fTS,0.132429104557601
0.4,fTS,0.0812831030664385
0.4,fTS,0.0435359753138125
0.4,fTS,0.0581263101000016
0.4,fTS,0.0744933706443265
0.4,fTS,0.0697969342878202
0.4,fTS,0.0845284806861335
0.4,fTS,0.036378994446163
0.4,fTS,0.0557730542424841
0.4,fTS,0.0912956561704945
0.4,fTS,-0.00123437769099799
0.4,fTS,0.0816858964076321
0.4,fTS,0.0891573254622193
0.4,fTS,0.0128856919068603
0.4,fTS,0.0607541629948953
0.4,fTS,0.12980265897531
0.4,fTS,0.105014741100663
0.4,fTS,0.0855199026239144
0.4,fTS,0.0657535030751708
0.4,fTS,0.0521856723983649
0.4,fTS,0.0133036599984777
0.4,fTS,0.0668343081978442
0.4,fTS,0.0256813927809849
0.4,fTS,0.0546364611870787
0.4,fTS,0.0911184153535882
0.4,fTS,0.0974436883179863
0.4,fTS,0.0467508759457089
0.4,fTS,0.0987329053480801
0.4,fTS,0.103376705420682
0.4,fTS,0.0548116169207797
0.4,fTS,0.0867922353393051
0.4,fTS,0.0678693005239246
0.4,fTS,0.0678155872272832
0.4,fTS,0.111595141427229
0.4,fTS,0.093673204601203
0.4,fTS,0.0134330502556927
0.4,fTS,0.0836554073895996
0.4,fTS,0.0731094428301051
0.4,fTS,0.0311696922962332
0.4,fTS,0.0880870912268454
0.4,fTS,0.0442241031000625
0.4,fTS,0.0623150238531145
0.4,fTS,0.0821555933442313
0.4,fTS,0.119137399926374
0.4,fTS,0.130736614560264
0.4,fTS,0.0209820443646316
0.4,fTS,0.0491191343139736
0.4,fTS,0.113316798843201
0.4,fTS,0.0689772823468819
0.4,fTS,0.0203903058320323
0.4,fTS,0.0606794350545419
0.4,fTS,0.0404292348967668
0.4,fTS,0.146194887288702
0.4,fTS,0.0202076992200879
0.4,fTS,0.123199288830898
0.4,fTS,0.0868031785091632
0.4,fTS,0.0287936574496295
0.4,fTS,0.0193052900459758
0.4,fTS,0.0268573519751139
0.4,fTS,0.108079590951971
0.4,fTS,0.0877611073680817
0.4,fTS,0.0718855731644479
0.4,fTS,0.0929400976010131
0.4,fTS,0.0505277795014962
0.4,fTS,0.136472585035157
0.4,fTS,0.0388647955036567
0.4,LS_oracle,0.152191044242512
0.4,LS_oracle,0.114266492865054
0.4,LS_oracle,0.182189407447061
0.4,LS_oracle,0.0349390292804257
0.4,LS_oracle,0.101876287219667
0.4,LS_oracle,0.0985829252545141
0.4,LS_oracle,0.0391580578635931
0.4,LS_oracle,0.0935480089526755
0.4,LS_oracle,0.117731971517442
0.4,LS_oracle,0.032884170883247
0.4,LS_oracle,0.0797960364718404
0.4,LS_oracle,0.123376969819331
0.4,LS_oracle,0.0356535724880218
0.4,LS_oracle,0.0551863529956944
0.4,LS_oracle,0.0885532280363441
0.4,LS_oracle,-0.0273437927468966
0.4,LS_oracle,0.136356653147716
0.4,LS_oracle,0.0226752809462731
0.4,LS_oracle,0.0304092347159823
0.4,LS_oracle,0.0611998895455002
0.4,LS_oracle,0.0314348463823828
0.4,LS_oracle,0.0722850377841029
0.4,LS_oracle,0.108956460788623
0.4,LS_oracle,0.0808711543399496
0.4,LS_oracle,0.0616603560875268
0.4,LS_oracle,0.120705158909631
0.4,LS_oracle,0.0908517180860673
0.4,LS_oracle,0.0813467486868267
0.4,LS_oracle,0.130054284785404
0.4,LS_oracle,0.066319363356983
0.4,LS_oracle,0.0707343054876457
0.4,LS_oracle,0.0417221527074534
0.4,LS_oracle,0.0920845602314035
0.4,LS_oracle,0.0723840404945126
0.4,LS_oracle,0.0545939686211152
0.4,LS_oracle,0.0625762092874249
0.4,LS_oracle,0.131723266536351
0.4,LS_oracle,0.073068193014135
0.4,LS_oracle,0.0954169227356929
0.4,LS_oracle,0.0653964332861818
0.4,LS_oracle,0.105986268182205
0.4,LS_oracle,0.0641552185166803
0.4,LS_oracle,0.104085251282354
0.4,LS_oracle,0.0448225965647711
0.4,LS_oracle,0.0330724584377324
0.4,LS_oracle,0.0779261106449587
0.4,LS_oracle,0.0602411707886272
0.4,LS_oracle,0.0770391293428379
0.4,LS_oracle,0.0725501390978645
0.4,LS_oracle,0.109402952623172
0.4,LS_oracle,0.0466200095100811
0.4,LS_oracle,0.0691408829257736
0.4,LS_oracle,0.0865990855100935
0.4,LS_oracle,0.126585493746966
0.4,LS_oracle,0.110050741037439
0.4,LS_oracle,0.0591577180166032
0.4,LS_oracle,0.102338836240481
0.4,LS_oracle,0.0217135309459868
0.4,LS_oracle,0.0838996152207054
0.4,LS_oracle,0.129127073821456
0.4,LS_oracle,0.099220397221655
0.4,LS_oracle,0.105292034638493
0.4,LS_oracle,0.13146937727911
0.4,LS_oracle,0.0406778894930067
0.4,LS_oracle,0.0668913222883341
0.4,LS_oracle,0.00742801680485061
0.4,LS_oracle,0.01618284642968
0.4,LS_oracle,0.0389081451169515
0.4,LS_oracle,0.032121985890875
0.4,LS_oracle,0.0535262614850767
0.4,LS_oracle,0.0829393154155129
0.4,LS_oracle,0.12039434771074
0.4,LS_oracle,0.109318986605769
0.4,LS_oracle,0.123596065719987
0.4,LS_oracle,0.0780629191884905
0.4,LS_oracle,0.0595517491446895
0.4,LS_oracle,0.0579192691214265
0.4,LS_oracle,0.0476339270714385
0.4,LS_oracle,0.0636244908896988
0.4,LS_oracle,0.0759872046391543
0.4,LS_oracle,0.0281902391385638
0.4,LS_oracle,0.100372017166686
0.4,LS_oracle,0.184025237712856
0.4,LS_oracle,0.0718958136679264
0.4,LS_oracle,0.0136499085972508
0.4,LS_oracle,0.0500094481945792
0.4,LS_oracle,0.0998126853080603
0.4,LS_oracle,0.0540819059486599
0.4,LS_oracle,0.105382682620465
0.4,LS_oracle,0.0732319270613491
0.4,LS_oracle,0.0642988411694492
0.4,LS_oracle,0.0425199904257654
0.4,LS_oracle,0.0540212052079641
0.4,LS_oracle,0.0364693744693725
0.4,LS_oracle,0.100641393836338
0.4,LS_oracle,0.0488236762192307
0.4,LS_oracle,0.0869051732040647
0.4,LS_oracle,0.0637059284391026
0.4,LS_oracle,0.0653104258205517
0.4,LS_oracle,0.0340685703827657
0.4,LS_oracle,0.0872701770466771
0.4,LS_oracle,0.151416840727784
0.4,LS_oracle,0.0938428175884674
0.4,LS_oracle,0.053292543310774
0.4,LS_oracle,0.0769720955046704
0.4,LS_oracle,0.104315329315203
0.4,LS_oracle,0.0386387945022919
0.4,LS_oracle,0.0176751637217376
0.4,LS_oracle,0.0972559137736404
0.4,LS_oracle,0.122721676753046
0.4,LS_oracle,0.0647124987302921
0.4,LS_oracle,0.0784444434728349
0.4,LS_oracle,0.0353014379038641
0.4,LS_oracle,0.0628490445632459
0.4,LS_oracle,0.0634232687789877
0.4,LS_oracle,0.079312776672734
0.4,LS_oracle,0.0474738546621396
0.4,LS_oracle,0.0468329476259024
0.4,LS_oracle,0.0787925006279819
0.4,LS_oracle,0.130343926097051
0.4,LS_oracle,-0.000962581308032728
0.4,LS_oracle,0.0223366065334729
0.4,LS_oracle,0.102161020953758
0.4,LS_oracle,0.0836593232752167
0.4,LS_oracle,0.103266873646294
0.4,LS_oracle,0.0918924690304548
0.4,LS_oracle,0.0567280808141264
0.4,LS_oracle,0.0599800941611628
0.4,LS_oracle,0.0730372275647069
0.4,LS_oracle,0.108912476087602
0.4,LS_oracle,0.0863857048408683
0.4,LS_oracle,0.0770696748663926
0.4,LS_oracle,0.10581337601627
0.4,LS_oracle,0.0652390650765298
0.4,LS_oracle,0.132969793392282
0.4,LS_oracle,0.0828735253884134
0.4,LS_oracle,0.0451607394682634
0.4,LS_oracle,0.0576270992686709
0.4,LS_oracle,0.0781272968119566
0.4,LS_oracle,0.0715183942984916
0.4,LS_oracle,0.0803567953505822
0.4,LS_oracle,0.0386639612377484
0.4,LS_oracle,0.0539408294400829
0.4,LS_oracle,0.0965244291620371
0.4,LS_oracle,-0.00511349696968
0.4,LS_oracle,0.090374020854586
0.4,LS_oracle,0.083628765420148
0.4,LS_oracle,0.0191941788979291
0.4,LS_oracle,0.0584295190525912
0.4,LS_oracle,0.130930403066241
0.4,LS_oracle,0.112813119664438
0.4,LS_oracle,0.0891735434759018
0.4,LS_oracle,0.0688332580411688
0.4,LS_oracle,0.0526744194091473
0.4,LS_oracle,0.0165999845933764
0.4,LS_oracle,0.0676864914528525
0.4,LS_oracle,0.0310809872835462
0.4,LS_oracle,0.0542341978469614
0.4,LS_oracle,0.0933194003765812
0.4,LS_oracle,0.0952582603301602
0.4,LS_oracle,0.0435620232621654
0.4,LS_oracle,0.103919305505141
0.4,LS_oracle,0.100822041360604
0.4,LS_oracle,0.0552001214670255
0.4,LS_oracle,0.0936984489971584
0.4,LS_oracle,0.0735088844852854
0.4,LS_oracle,0.0735915613346523
0.4,LS_oracle,0.118185756361925
0.4,LS_oracle,0.104839475120819
0.4,LS_oracle,0.0164219774101175
0.4,LS_oracle,0.0802432215171827
0.4,LS_oracle,0.0738877891633631
0.4,LS_oracle,0.039775362796107
0.4,LS_oracle,0.0843450865168003
0.4,LS_oracle,0.0411554109478471
0.4,LS_oracle,0.0613996416432883
0.4,LS_oracle,0.0846881310832854
0.4,LS_oracle,0.117156669518742
0.4,LS_oracle,0.131919808321133
0.4,LS_oracle,0.0237562847159138
0.4,LS_oracle,0.0554163718830849
0.4,LS_oracle,0.114533777317742
0.4,LS_oracle,0.0734242210681115
0.4,LS_oracle,0.0213394474854074
0.4,LS_oracle,0.0600047149264118
0.4,LS_oracle,0.0425397075226319
0.4,LS_oracle,0.152288390515624
0.4,LS_oracle,0.0139768488271219
0.4,LS_oracle,0.12292228957842
0.4,LS_oracle,0.0897782034622721
0.4,LS_oracle,0.0334068266376666
0.4,LS_oracle,0.0206082547984319
0.4,LS_oracle,0.0296269320284461
0.4,LS_oracle,0.115038333618452
0.4,LS_oracle,0.0906280624285991
0.4,LS_oracle,0.0747770001912873
0.4,LS_oracle,0.0825121135294007
0.4,LS_oracle,0.0487094298457491
0.4,LS_oracle,0.139494706763298
0.4,LS_oracle,0.0396876678842024
0.4,TS_oracle,0.142624619828582
0.4,TS_oracle,0.0996621353978979
0.4,TS_oracle,0.170217916460461
0.4,TS_oracle,0.0279342658554496
0.4,TS_oracle,0.0949339859287786
0.4,TS_oracle,0.103717630659379
0.4,TS_oracle,0.0444045278165588
0.4,TS_oracle,0.0901605193081068
0.4,TS_oracle,0.113362112363761
0.4,TS_oracle,0.0282386564768062
0.4,TS_oracle,0.0690266068092336
0.4,TS_oracle,0.114680466304602
0.4,TS_oracle,0.0348156772261385
0.4,TS_oracle,0.0480317905808367
0.4,TS_oracle,0.0891017470724167
0.4,TS_oracle,-0.0300708109975228
0.4,TS_oracle,0.128645703876147
0.4,TS_oracle,0.0217189495308323
0.4,TS_oracle,0.0245600595846571
0.4,TS_oracle,0.0639010008212204
0.4,TS_oracle,0.027625834362843
0.4,TS_oracle,0.0640706698457871
0.4,TS_oracle,0.108800668075473
0.4,TS_oracle,0.0795557683371955
0.4,TS_oracle,0.0581251713914304
0.4,TS_oracle,0.115858841557253
0.4,TS_oracle,0.0876674865666054
0.4,TS_oracle,0.0801814619003676
0.4,TS_oracle,0.121157534741365
0.4,TS_oracle,0.071148301920348
0.4,TS_oracle,0.0629362023213176
0.4,TS_oracle,0.0350662700857856
0.4,TS_oracle,0.0871033071332727
0.4,TS_oracle,0.0708051574610025
0.4,TS_oracle,0.0527394643876182
0.4,TS_oracle,0.0657230746883746
0.4,TS_oracle,0.129555194978499
0.4,TS_oracle,0.0656895054529592
0.4,TS_oracle,0.0915290820699501
0.4,TS_oracle,0.0725162221306341
0.4,TS_oracle,0.111346703303874
0.4,TS_oracle,0.0614773827981716
0.4,TS_oracle,0.103814393015107
0.4,TS_oracle,0.0392099996204422
0.4,TS_oracle,0.0321574595602871
0.4,TS_oracle,0.0743875577333062
0.4,TS_oracle,0.0545567841450689
0.4,TS_oracle,0.0761626389494259
0.4,TS_oracle,0.0689060801344594
0.4,TS_oracle,0.111727756758753
0.4,TS_oracle,0.0511212363974713
0.4,TS_oracle,0.0661744739332009
0.4,TS_oracle,0.0980521463479609
0.4,TS_oracle,0.12371085024065
0.4,TS_oracle,0.109497570442036
0.4,TS_oracle,0.0650305296105014
0.4,TS_oracle,0.105501071774034
0.4,TS_oracle,0.0174183070636877
0.4,TS_oracle,0.0831186004463758
0.4,TS_oracle,0.123132368934942
0.4,TS_oracle,0.100334960866415
0.4,TS_oracle,0.111774318537838
0.4,TS_oracle,0.134580502916844
0.4,TS_oracle,0.0357332992333617
0.4,TS_oracle,0.0625510439672068
0.4,TS_oracle,0.00815297664655024
0.4,TS_oracle,0.0103932827711604
0.4,TS_oracle,0.0332524550733009
0.4,TS_oracle,0.0341630509228497
0.4,TS_oracle,0.0493252122058525
0.4,TS_oracle,0.0784179691528346
0.4,TS_oracle,0.123630382766369
0.4,TS_oracle,0.114609135310189
0.4,TS_oracle,0.113569582960933
0.4,TS_oracle,0.0724899258294207
0.4,TS_oracle,0.059640000961541
0.4,TS_oracle,0.0507373584285684
0.4,TS_oracle,0.0462588472816072
0.4,TS_oracle,0.0609930586943439
0.4,TS_oracle,0.0758683657721648
0.4,TS_oracle,0.0323406882672492
0.4,TS_oracle,0.090152194612791
0.4,TS_oracle,0.178347227277852
0.4,TS_oracle,0.0675431296115188
0.4,TS_oracle,0.0107076064812779
0.4,TS_oracle,0.0529308805938336
0.4,TS_oracle,0.101666879697536
0.4,TS_oracle,0.053871948531715
0.4,TS_oracle,0.104203513953147
0.4,TS_oracle,0.0787253791009241
0.4,TS_oracle,0.0611694043661437
0.4,TS_oracle,0.0430243116984215
0.4,TS_oracle,0.0482017977390861
0.4,TS_oracle,0.0386082584372061
0.4,TS_oracle,0.0915898939261266
0.4,TS_oracle,0.0444683637647818
0.4,TS_oracle,0.0882520375975844
0.4,TS_oracle,0.0542498658161183
0.4,TS_oracle,0.063875037959719
0.4,TS_oracle,0.0297837751308427
0.4,TS_oracle,0.0794618153030779
0.4,TS_oracle,0.153766714253298
0.4,TS_oracle,0.0942964809975104
0.4,TS_oracle,0.0515631776876775
0.4,TS_oracle,0.0742366337686899
0.4,TS_oracle,0.100460434940354
0.4,TS_oracle,0.0306492157494569
0.4,TS_oracle,0.0148287627052825
0.4,TS_oracle,0.0941864716801248
0.4,TS_oracle,0.123317463353638
0.4,TS_oracle,0.0598921943827664
0.4,TS_oracle,0.0728888842058277
0.4,TS_oracle,0.0339434672575287
0.4,TS_oracle,0.0557263758958289
0.4,TS_oracle,0.0658311715513415
0.4,TS_oracle,0.0783843019951855
0.4,TS_oracle,0.047355047537591
0.4,TS_oracle,0.0489791899587033
0.4,TS_oracle,0.0548256190569443
0.4,TS_oracle,0.132750955798575
0.4,TS_oracle,0.00209353756943242
0.4,TS_oracle,0.0185603772514495
0.4,TS_oracle,0.103215335435743
0.4,TS_oracle,0.0783381147029134
0.4,TS_oracle,0.103180773402436
0.4,TS_oracle,0.080744579604038
0.4,TS_oracle,0.0565694443113134
0.4,TS_oracle,0.0472328287270927
0.4,TS_oracle,0.0690211513626318
0.4,TS_oracle,0.104354013761426
0.4,TS_oracle,0.0778157681548453
0.4,TS_oracle,0.072263046649615
0.4,TS_oracle,0.106495812043432
0.4,TS_oracle,0.063254338343137
0.4,TS_oracle,0.131369785930592
0.4,TS_oracle,0.081940998648413
0.4,TS_oracle,0.0431249184935687
0.4,TS_oracle,0.0578237162580004
0.4,TS_oracle,0.0745292663721275
0.4,TS_oracle,0.0684462300798327
0.4,TS_oracle,0.083627829092171
0.4,TS_oracle,0.0361562262513171
0.4,TS_oracle,0.0550095439130309
0.4,TS_oracle,0.0901202008157742
0.4,TS_oracle,-0.00390093793847901
0.4,TS_oracle,0.0803163712634023
0.4,TS_oracle,0.0892764802832451
0.4,TS_oracle,0.0128621479151929
0.4,TS_oracle,0.0595942110631906
0.4,TS_oracle,0.129811744342081
0.4,TS_oracle,0.104125925043604
0.4,TS_oracle,0.085341168238628
0.4,TS_oracle,0.0652507397135633
0.4,TS_oracle,0.0507495691410673
0.4,TS_oracle,0.0129852555142409
0.4,TS_oracle,0.0672324672001177
0.4,TS_oracle,0.023857861792661
0.4,TS_oracle,0.0539194432514656
0.4,TS_oracle,0.0901309222697746
0.4,TS_oracle,0.0931360369028975
0.4,TS_oracle,0.0439816918790663
0.4,TS_oracle,0.0984742513970043
0.4,TS_oracle,0.103764116675612
0.4,TS_oracle,0.0541827257936816
0.4,TS_oracle,0.0885640263692273
0.4,TS_oracle,0.0671854299271299
0.4,TS_oracle,0.06968372838976
0.4,TS_oracle,0.111670522148137
0.4,TS_oracle,0.0935402393840183
0.4,TS_oracle,0.0139466049697168
0.4,TS_oracle,0.0826722063177645
0.4,TS_oracle,0.0739062670511237
0.4,TS_oracle,0.0304530978344171
0.4,TS_oracle,0.0819893622372101
0.4,TS_oracle,0.0406262969022173
0.4,TS_oracle,0.0612126850207682
0.4,TS_oracle,0.0807556407513532
0.4,TS_oracle,0.117928700461982
0.4,TS_oracle,0.130389724496492
0.4,TS_oracle,0.0209836931796703
0.4,TS_oracle,0.0486074654147797
0.4,TS_oracle,0.113709748683494
0.4,TS_oracle,0.0690407341060364
0.4,TS_oracle,0.020421698465642
0.4,TS_oracle,0.0605390004680213
0.4,TS_oracle,0.0402458065220805
0.4,TS_oracle,0.142604192975763
0.4,TS_oracle,0.0198250233874959
0.4,TS_oracle,0.122719168357029
0.4,TS_oracle,0.0873883678664062
0.4,TS_oracle,0.0297749330289787
0.4,TS_oracle,0.0171322333608475
0.4,TS_oracle,0.02636395336497
0.4,TS_oracle,0.110099687804997
0.4,TS_oracle,0.0884399559426026
0.4,TS_oracle,0.0717845666120394
0.4,TS_oracle,0.0863908286243265
0.4,TS_oracle,0.0501400161631611
0.4,TS_oracle,0.136428425350896
0.4,TS_oracle,0.0389009897054808
0.5,PLS,0.114406844469739
0.5,PLS,0.0994965412527373
0.5,PLS,0.0298480609735943
0.5,PLS,0.00593513271192858
0.5,PLS,0.0513257533545102
0.5,PLS,0.0523545177609051
0.5,PLS,0.114194256694712
0.5,PLS,0.107289967582006
0.5,PLS,0.135165876658828
0.5,PLS,0.0686354969036329
0.5,PLS,0.0446959695518951
0.5,PLS,0.050419987825673
0.5,PLS,-0.00361433034364167
0.5,PLS,0.113806940443402
0.5,PLS,0.0949203855112801
0.5,PLS,-0.0263437525977723
0.5,PLS,0.097236485289713
0.5,PLS,0.0534042194278963
0.5,PLS,0.0455248717310133
0.5,PLS,0.0579764192755399
0.5,PLS,0.159065838171323
0.5,PLS,0.0749911657323903
0.5,PLS,0.147100620016879
0.5,PLS,0.0926407497951598
0.5,PLS,0.0838545126372829
0.5,PLS,0.043920423840933
0.5,PLS,0.134360994872216
0.5,PLS,0.0802919558974584
0.5,PLS,0.0876040254731196
0.5,PLS,0.0987097374248795
0.5,PLS,0.0520661777509079
0.5,PLS,0.0878961139304919
0.5,PLS,0.124355519513202
0.5,PLS,0.0356373697140568
0.5,PLS,0.0661601135429324
0.5,PLS,0.0567024549423512
0.5,PLS,0.0510732441677031
0.5,PLS,0.0705748927856391
0.5,PLS,0.0441928234614808
0.5,PLS,0.0845611393565429
0.5,PLS,0.0846890892407142
0.5,PLS,0.0545862589796609
0.5,PLS,0.0250130419895394
0.5,PLS,0.0570215714441378
0.5,PLS,0.056000688418296
0.5,PLS,0.122443952900443
0.5,PLS,0.0682193640855582
0.5,PLS,0.0890319880541337
0.5,PLS,0.0603290571317401
0.5,PLS,0.0312591336113928
0.5,PLS,0.125003717590005
0.5,PLS,0.0152228244409338
0.5,PLS,0.103052787793982
0.5,PLS,0.0697142132159791
0.5,PLS,0.118922306359141
0.5,PLS,0.0258811500944851
0.5,PLS,0.0828062261577025
0.5,PLS,0.0678799598167794
0.5,PLS,0.116800736517892
0.5,PLS,0.0856849629319836
0.5,PLS,0.0342527256511271
0.5,PLS,0.119225527051926
0.5,PLS,0.0789094116365257
0.5,PLS,0.1611329477677
0.5,PLS,-0.0221772389376529
0.5,PLS,0.112632133914609
0.5,PLS,0.106919590536803
0.5,PLS,0.138116385237382
0.5,PLS,0.0451217227909826
0.5,PLS,0.0984039160881516
0.5,PLS,0.116465354435751
0.5,PLS,0.110132131735343
0.5,PLS,0.0113970027282626
0.5,PLS,0.077714827223615
0.5,PLS,0.0325122387535426
0.5,PLS,0.131801150122612
0.5,PLS,0.113050430268057
0.5,PLS,0.0671692820145753
0.5,PLS,0.0712339708357379
0.5,PLS,0.0490418557998795
0.5,PLS,0.133666385622623
0.5,PLS,0.0525295157276136
0.5,PLS,0.0192583730330489
0.5,PLS,0.107880893882389
0.5,PLS,0.0598206047616352
0.5,PLS,0.0636606005592115
0.5,PLS,0.0913785719135647
0.5,PLS,0.0395542148834651
0.5,PLS,0.112940997183516
0.5,PLS,0.105704102180082
0.5,PLS,0.113233309323484
0.5,PLS,0.114867289591821
0.5,PLS,0.0306274710204235
0.5,PLS,0.0204819694210268
0.5,PLS,0.0291585548233493
0.5,PLS,0.0487061747439952
0.5,PLS,0.138280655403956
0.5,PLS,0.0339145606661098
0.5,PLS,0.0855813209368066
0.5,PLS,0.0594898651105054
0.5,PLS,0.0814344802282831
0.5,PLS,0.0424304049646818
0.5,PLS,0.0837298696321922
0.5,PLS,0.0945012060140156
0.5,PLS,0.113673611349335
0.5,PLS,0.0891964509933558
0.5,PLS,0.00779602048945294
0.5,PLS,0.103971658307467
0.5,PLS,0.093257679416499
0.5,PLS,0.0658877021929838
0.5,PLS,0.0866978452252942
0.5,PLS,0.0483400510470524
0.5,PLS,0.0594050811118481
0.5,PLS,0.0924724566918249
0.5,PLS,0.0959887074354144
0.5,PLS,0.0855488898769294
0.5,PLS,0.0540600373323035
0.5,PLS,0.100577766844943
0.5,PLS,0.0978854046868474
0.5,PLS,0.133498593680396
0.5,PLS,0.0769578462974709
0.5,PLS,0.116778205038663
0.5,PLS,0.11622668036585
0.5,PLS,0.0782945073195473
0.5,PLS,0.033969727314987
0.5,PLS,0.0232608103454068
0.5,PLS,0.124887586187232
0.5,PLS,0.0577073637158518
0.5,PLS,0.0747035755051109
0.5,PLS,0.0531740105134695
0.5,PLS,0.0540975384255646
0.5,PLS,0.0714968752775116
0.5,PLS,0.0195246070231827
0.5,PLS,0.0415199433657394
0.5,PLS,0.075858652383656
0.5,PLS,0.0934060558155521
0.5,PLS,0.0720522762201166
0.5,PLS,0.0445108430621635
0.5,PLS,0.0248669784821762
0.5,PLS,0.113879375251992
0.5,PLS,0.0459011107140084
0.5,PLS,0.0678147657659594
0.5,PLS,0.12685834299448
0.5,PLS,0.0707525849455641
0.5,PLS,0.0959464446874525
0.5,PLS,0.109813619167163
0.5,PLS,0.0291799329119324
0.5,PLS,0.087224848723878
0.5,PLS,0.0894514245124638
0.5,PLS,0.0418823354148139
0.5,PLS,0.0783261173432561
0.5,PLS,0.0386180625866508
0.5,PLS,0.03431633164907
0.5,PLS,0.0769987331638593
0.5,PLS,0.0245438438163261
0.5,PLS,0.0203555105471325
0.5,PLS,0.0881147737953591
0.5,PLS,0.088672889440804
0.5,PLS,0.0533251322015007
0.5,PLS,0.102377518816672
0.5,PLS,0.192327294711717
0.5,PLS,0.0573927808964632
0.5,PLS,0.0581668101502042
0.5,PLS,0.132350160806004
0.5,PLS,0.0497215281393291
0.5,PLS,0.103417288687952
0.5,PLS,0.0141953045047767
0.5,PLS,0.173194306809138
0.5,PLS,0.150965102904314
0.5,PLS,0.0852017899045487
0.5,PLS,0.0216532127032283
0.5,PLS,0.0757723632920313
0.5,PLS,0.0841663068991967
0.5,PLS,0.103479026443451
0.5,PLS,0.0990199321150678
0.5,PLS,0.0968337101361738
0.5,PLS,0.13014563320126
0.5,PLS,0.0534271713282592
0.5,PLS,0.095993059564051
0.5,PLS,0.0527804968596235
0.5,PLS,0.0325654570022085
0.5,PLS,0.0937603546876744
0.5,PLS,0.0677675027562381
0.5,PLS,0.0804942810010032
0.5,PLS,0.0358576080528614
0.5,PLS,0.0838696561372587
0.5,PLS,0.109812208463895
0.5,PLS,0.132711658786982
0.5,PLS,0.100867026570012
0.5,PLS,0.06551201023857
0.5,PLS,0.0809535923206088
0.5,PLS,0.080109717331299
0.5,PLS,0.0661993591894647
0.5,PLS,0.0723375016923733
0.5,PLS,0.0435012915741591
0.5,PLS,0.0524574161584486
0.5,PLS,0.132038954449607
0.5,PLS,0.0312023109081445
0.5,PLS,0.0458533023357464
0.5,PLS,0.0945025043644878
0.5,fTS,0.0976487045944139
0.5,fTS,0.096361693603028
0.5,fTS,0.0229362838932132
0.5,fTS,-0.000567027197024284
0.5,fTS,0.0456858745237751
0.5,fTS,0.0498436493065924
0.5,fTS,0.109069686438003
0.5,fTS,0.0931933362911941
0.5,fTS,0.130628971452924
0.5,fTS,0.0610048383844359
0.5,fTS,0.0360028275760309
0.5,fTS,0.0489686156472284
0.5,fTS,-0.00284193591545145
0.5,fTS,0.0976574196816904
0.5,fTS,0.0945437089631547
0.5,fTS,-0.0275997183939086
0.5,fTS,0.0916321528625579
0.5,fTS,0.0476989313080467
0.5,fTS,0.0622149495043784
0.5,fTS,0.0599405317957749
0.5,fTS,0.153757438656752
0.5,fTS,0.0518862664421864
0.5,fTS,0.156985836286519
0.5,fTS,0.0903288677222482
0.5,fTS,0.0893599471383877
0.5,fTS,0.0413026081668058
0.5,fTS,0.129715618633342
0.5,fTS,0.0771990540385497
0.5,fTS,0.0730946214899744
0.5,fTS,0.102184397090302
0.5,fTS,0.0493548574457365
0.5,fTS,0.0878958065742241
0.5,fTS,0.122771049991618
0.5,fTS,0.0311481045694251
0.5,fTS,0.0731369718859012
0.5,fTS,0.0563288587619093
0.5,fTS,0.0479646188175067
0.5,fTS,0.064429922062369
0.5,fTS,0.0354738548097935
0.5,fTS,0.0822704330989927
0.5,fTS,0.0804038298095111
0.5,fTS,0.0407676711319007
0.5,fTS,0.0205717028236068
0.5,fTS,0.051776555344756
0.5,fTS,0.0615921470543406
0.5,fTS,0.124223764377209
0.5,fTS,0.0687710028546542
0.5,fTS,0.077936597816151
0.5,fTS,0.0547693445572071
0.5,fTS,0.0260247436011465
0.5,fTS,0.11060777894805
0.5,fTS,0.014461748685074
0.5,fTS,0.111505458424832
0.5,fTS,0.0680921477781031
0.5,fTS,0.112762667130048
0.5,fTS,0.0185717464334578
0.5,fTS,0.0868743515774661
0.5,fTS,0.062188835437728
0.5,fTS,0.10943707014797
0.5,fTS,0.085244045828859
0.5,fTS,0.0303589661732508
0.5,fTS,0.108955926516059
0.5,fTS,0.0729754179186763
0.5,fTS,0.152230966849332
0.5,fTS,-0.0280477636657955
0.5,fTS,0.108082988449569
0.5,fTS,0.107348191293571
0.5,fTS,0.13765149495523
0.5,fTS,0.0430555046773009
0.5,fTS,0.0943419209378951
0.5,fTS,0.111158858438195
0.5,fTS,0.101387229000437
0.5,fTS,0.0108458633367736
0.5,fTS,0.0774069192575129
0.5,fTS,0.0296720148566345
0.5,fTS,0.132881279289757
0.5,fTS,0.115529229916749
0.5,fTS,0.0622929555145315
0.5,fTS,0.0665263536080258
0.5,fTS,0.0421373300802574
0.5,fTS,0.136759438591147
0.5,fTS,0.0949883193821739
0.5,fTS,0.017467400229038
0.5,fTS,0.105055372884372
0.5,fTS,0.05802167406967
0.5,fTS,0.0631793322406087
0.5,fTS,0.0820642674484777
0.5,fTS,0.0383569598963673
0.5,fTS,0.117741315533308
0.5,fTS,0.0931374433271388
0.5,fTS,0.103176326273382
0.5,fTS,0.117181292463881
0.5,fTS,0.0264724303634691
0.5,fTS,0.011308364292095
0.5,fTS,0.0234677002705095
0.5,fTS,0.0527571061412411
0.5,fTS,0.137230567751697
0.5,fTS,0.0299819787899378
0.5,fTS,0.0869356123323088
0.5,fTS,0.0577753893022073
0.5,fTS,0.0802108486967295
0.5,fTS,0.0380039904851863
0.5,fTS,0.0829457245416261
0.5,fTS,0.0925178971847664
0.5,fTS,0.105162896949351
0.5,fTS,0.0855683103062852
0.5,fTS,0.00525083423088257
0.5,fTS,0.0961689731028339
0.5,fTS,0.0882254803272744
0.5,fTS,0.0570215824103411
0.5,fTS,0.0875097405619818
0.5,fTS,0.0454492196685421
0.5,fTS,0.0647061135365166
0.5,fTS,0.0887274781038028
0.5,fTS,0.096625320023686
0.5,fTS,0.0766058007129982
0.5,fTS,0.0555557005870417
0.5,fTS,0.102891249780628
0.5,fTS,0.0974189336643263
0.5,fTS,0.130785147770145
0.5,fTS,0.0761987876833086
0.5,fTS,0.119245500545877
0.5,fTS,0.107737060296492
0.5,fTS,0.0691682994558087
0.5,fTS,0.0352870291485186
0.5,fTS,0.0256346164703354
0.5,fTS,0.122689948116021
0.5,fTS,0.0524289917294252
0.5,fTS,0.0719178016886388
0.5,fTS,0.0520348236578705
0.5,fTS,0.053896676452803
0.5,fTS,0.0626497109912629
0.5,fTS,0.0166928334214038
0.5,fTS,0.0379183168846662
0.5,fTS,0.0673575864504337
0.5,fTS,0.0874045949054152
0.5,fTS,0.0705240396872839
0.5,fTS,0.042631921458711
0.5,fTS,0.0254321045271557
0.5,fTS,0.104092359225648
0.5,fTS,0.0410570809858943
0.5,fTS,0.063728451237447
0.5,fTS,0.118772732158841
0.5,fTS,0.0610078869298143
0.5,fTS,0.0891842101105693
0.5,fTS,0.10880357013915
0.5,fTS,0.0297641132057109
0.5,fTS,0.0777653160761378
0.5,fTS,0.0794474492864488
0.5,fTS,0.0381539414663778
0.5,fTS,0.0703677506195379
0.5,fTS,0.0321559123061408
0.5,fTS,0.0352326421439642
0.5,fTS,0.058719573737545
0.5,fTS,0.0284318968990911
0.5,fTS,0.0182405398493872
0.5,fTS,0.0834209774534964
0.5,fTS,0.0788141789219441
0.5,fTS,0.0579269207450746
0.5,fTS,0.0910569347997303
0.5,fTS,0.178059611715071
0.5,fTS,0.0569097068145441
0.5,fTS,0.0460547581625477
0.5,fTS,0.129486768551513
0.5,fTS,0.0216763258117854
0.5,fTS,0.0977146564436451
0.5,fTS,0.0105779258641683
0.5,fTS,0.166693078938146
0.5,fTS,0.157019495812408
0.5,fTS,0.0740206317484833
0.5,fTS,0.0201858430089443
0.5,fTS,0.0722429328233893
0.5,fTS,0.0734259415387604
0.5,fTS,0.0949546105077159
0.5,fTS,0.0988074923235485
0.5,fTS,0.0867291177929326
0.5,fTS,0.120376636905128
0.5,fTS,0.0481553316645897
0.5,fTS,0.0936032365650703
0.5,fTS,0.0498350162883343
0.5,fTS,0.034665625196451
0.5,fTS,0.0953524674187138
0.5,fTS,0.0553887770967831
0.5,fTS,0.0740537926565787
0.5,fTS,0.0399232521392188
0.5,fTS,0.0793987722134513
0.5,fTS,0.102036189153897
0.5,fTS,0.136592825455459
0.5,fTS,0.0912152501002319
0.5,fTS,0.0605121755989808
0.5,fTS,0.0765075611088304
0.5,fTS,0.0833717813731252
0.5,fTS,0.0605752437549665
0.5,fTS,0.0521341526426804
0.5,fTS,0.0481915853799935
0.5,fTS,0.048805401596604
0.5,fTS,0.127949197865233
0.5,fTS,0.0162901664743571
0.5,fTS,0.0421578258861841
0.5,fTS,0.0837326898268533
0.5,LS_oracle,0.111488625783911
0.5,LS_oracle,0.0989872770719544
0.5,LS_oracle,0.029630683809708
0.5,LS_oracle,0.00194331338896259
0.5,LS_oracle,0.0510919967701884
0.5,LS_oracle,0.0516866415797517
0.5,LS_oracle,0.114214550047855
0.5,LS_oracle,0.105916230556903
0.5,LS_oracle,0.133733392718892
0.5,LS_oracle,0.0698250769402748
0.5,LS_oracle,0.036227271879828
0.5,LS_oracle,0.0494911808217782
0.5,LS_oracle,-0.00541621734297371
0.5,LS_oracle,0.11378983875213
0.5,LS_oracle,0.0968754953267816
0.5,LS_oracle,-0.0277771611376911
0.5,LS_oracle,0.0981455226079286
0.5,LS_oracle,0.0535069519347171
0.5,LS_oracle,0.0454314722150257
0.5,LS_oracle,0.059185105699151
0.5,LS_oracle,0.16086999700751
0.5,LS_oracle,0.0567640732778603
0.5,LS_oracle,0.147778959881639
0.5,LS_oracle,0.0921123604944023
0.5,LS_oracle,0.0820171346153848
0.5,LS_oracle,0.043568267540071
0.5,LS_oracle,0.134908350371956
0.5,LS_oracle,0.0814478665744178
0.5,LS_oracle,0.0855872076072752
0.5,LS_oracle,0.0992499088809216
0.5,LS_oracle,0.0521055847985989
0.5,LS_oracle,0.0878127016672505
0.5,LS_oracle,0.124633598213602
0.5,LS_oracle,0.0346842450541585
0.5,LS_oracle,0.0679284684006725
0.5,LS_oracle,0.0586701232316391
0.5,LS_oracle,0.0501720411771314
0.5,LS_oracle,0.0707146948296453
0.5,LS_oracle,0.0429758698560132
0.5,LS_oracle,0.0846454917304784
0.5,LS_oracle,0.0839537066406215
0.5,LS_oracle,0.0544855074374164
0.5,LS_oracle,0.0254011287294036
0.5,LS_oracle,0.0559600616226943
0.5,LS_oracle,0.0538701015364906
0.5,LS_oracle,0.12100607581408
0.5,LS_oracle,0.0641818011495761
0.5,LS_oracle,0.0887177030195099
0.5,LS_oracle,0.0595971466255916
0.5,LS_oracle,0.0265002084247206
0.5,LS_oracle,0.124248187856349
0.5,LS_oracle,0.0158248899018956
0.5,LS_oracle,0.103721822591617
0.5,LS_oracle,0.0700715565032681
0.5,LS_oracle,0.117709098583334
0.5,LS_oracle,0.0252508710421953
0.5,LS_oracle,0.0811239728066522
0.5,LS_oracle,0.0678056754352663
0.5,LS_oracle,0.116167787208961
0.5,LS_oracle,0.0843296515356793
0.5,LS_oracle,0.0329545992530607
0.5,LS_oracle,0.119196084519282
0.5,LS_oracle,0.0749019691033135
0.5,LS_oracle,0.162763528643245
0.5,LS_oracle,-0.0217332760891221
0.5,LS_oracle,0.111651162876798
0.5,LS_oracle,0.107689692978107
0.5,LS_oracle,0.13932970894033
0.5,LS_oracle,0.0456048213953697
0.5,LS_oracle,0.0981430398533056
0.5,LS_oracle,0.116302526094554
0.5,LS_oracle,0.110270988178848
0.5,LS_oracle,0.0114772766710396
0.5,LS_oracle,0.076699339587047
0.5,LS_oracle,0.0334533182947436
0.5,LS_oracle,0.131551623884416
0.5,LS_oracle,0.11216133757106
0.5,LS_oracle,0.0676680300161321
0.5,LS_oracle,0.0713270275733853
0.5,LS_oracle,0.0489377425395356
0.5,LS_oracle,0.133317391213974
0.5,LS_oracle,0.0509245228852961
0.5,LS_oracle,0.016628101535324
0.5,LS_oracle,0.106506436908669
0.5,LS_oracle,0.0605282423890876
0.5,LS_oracle,0.0637590493915587
0.5,LS_oracle,0.0915256000733482
0.5,LS_oracle,0.0389501595726665
0.5,LS_oracle,0.112822385023754
0.5,LS_oracle,0.103087176960465
0.5,LS_oracle,0.113493537376498
0.5,LS_oracle,0.110124859413446
0.5,LS_oracle,0.0254178944855348
0.5,LS_oracle,0.0208072695440293
0.5,LS_oracle,0.0285068948696419
0.5,LS_oracle,0.0493377329241418
0.5,LS_oracle,0.138308619690335
0.5,LS_oracle,0.0257794968796767
0.5,LS_oracle,0.0848179537719522
0.5,LS_oracle,0.0597273688355058
0.5,LS_oracle,0.0812338288403354
0.5,LS_oracle,0.0430336959489546
0.5,LS_oracle,0.0841756117639796
0.5,LS_oracle,0.0951171857309505
0.5,LS_oracle,0.113744840307571
0.5,LS_oracle,0.089866108982964
0.5,LS_oracle,0.00645255903387576
0.5,LS_oracle,0.104500882453779
0.5,LS_oracle,0.0915057042324203
0.5,LS_oracle,0.0675213719606955
0.5,LS_oracle,0.0846729669466471
0.5,LS_oracle,0.0489057852681742
0.5,LS_oracle,0.0594621414883783
0.5,LS_oracle,0.092132443412942
0.5,LS_oracle,0.0989849293920546
0.5,LS_oracle,0.0854842062149477
0.5,LS_oracle,0.0554193544125563
0.5,LS_oracle,0.100738775977759
0.5,LS_oracle,0.0975362984597827
0.5,LS_oracle,0.132511810060213
0.5,LS_oracle,0.0778745761604356
0.5,LS_oracle,0.110452784917548
0.5,LS_oracle,0.112593580112662
0.5,LS_oracle,0.0743984733063325
0.5,LS_oracle,0.031448276671433
0.5,LS_oracle,0.0232892831559319
0.5,LS_oracle,0.124247841163727
0.5,LS_oracle,0.0475852124737135
0.5,LS_oracle,0.0737666448208483
0.5,LS_oracle,0.0537269646844079
0.5,LS_oracle,0.0526553206953218
0.5,LS_oracle,0.071386245075856
0.5,LS_oracle,0.0183499273915408
0.5,LS_oracle,0.0347167679445495
0.5,LS_oracle,0.0767929974158026
0.5,LS_oracle,0.0932088375758011
0.5,LS_oracle,0.0734381235967474
0.5,LS_oracle,0.0413126293789274
0.5,LS_oracle,0.0257529270763541
0.5,LS_oracle,0.115025756878079
0.5,LS_oracle,0.0446725888187547
0.5,LS_oracle,0.0683222119241951
0.5,LS_oracle,0.124765811943046
0.5,LS_oracle,0.070585959108137
0.5,LS_oracle,0.094101426602373
0.5,LS_oracle,0.112326112033113
0.5,LS_oracle,0.0259128341168233
0.5,LS_oracle,0.0873337222739023
0.5,LS_oracle,0.0897780231689154
0.5,LS_oracle,0.0431092016910066
0.5,LS_oracle,0.0661962853594742
0.5,LS_oracle,0.0383689888605185
0.5,LS_oracle,0.0336421889598406
0.5,LS_oracle,0.0756890148902778
0.5,LS_oracle,0.026822267995438
0.5,LS_oracle,0.0191574518452868
0.5,LS_oracle,0.0897319557509937
0.5,LS_oracle,0.0883636468931266
0.5,LS_oracle,0.0532691492467687
0.5,LS_oracle,0.102613210905953
0.5,LS_oracle,0.190530699127799
0.5,LS_oracle,0.0608432680205229
0.5,LS_oracle,0.044324292720566
0.5,LS_oracle,0.131342105584384
0.5,LS_oracle,0.048126777369645
0.5,LS_oracle,0.104092999580409
0.5,LS_oracle,0.0140901403852736
0.5,LS_oracle,0.177601140373145
0.5,LS_oracle,0.150868012962292
0.5,LS_oracle,0.0811728843952908
0.5,LS_oracle,0.0210385278769736
0.5,LS_oracle,0.0764114150653523
0.5,LS_oracle,0.0837064747306175
0.5,LS_oracle,0.101933658621968
0.5,LS_oracle,0.0966261251758256
0.5,LS_oracle,0.0914556242070221
0.5,LS_oracle,0.129831325626796
0.5,LS_oracle,0.0519295164478246
0.5,LS_oracle,0.0962379588793387
0.5,LS_oracle,0.0523265879041179
0.5,LS_oracle,0.0322524010149265
0.5,LS_oracle,0.0944458983705518
0.5,LS_oracle,0.0669356476835146
0.5,LS_oracle,0.0802147199923631
0.5,LS_oracle,0.0359420835907138
0.5,LS_oracle,0.0826933529111245
0.5,LS_oracle,0.109154349299458
0.5,LS_oracle,0.139030544889372
0.5,LS_oracle,0.0986749221499155
0.5,LS_oracle,0.0662855126963584
0.5,LS_oracle,0.0769627000838915
0.5,LS_oracle,0.0820898676801467
0.5,LS_oracle,0.0641790963698456
0.5,LS_oracle,0.0704703186947351
0.5,LS_oracle,0.0432431498712746
0.5,LS_oracle,0.0538169574534453
0.5,LS_oracle,0.134304477176833
0.5,LS_oracle,0.0330430361365206
0.5,LS_oracle,0.0468994330955923
0.5,LS_oracle,0.0928366466474484
0.5,TS_oracle,0.0973107210438937
0.5,TS_oracle,0.0957856738861029
0.5,TS_oracle,0.0230668125175983
0.5,TS_oracle,-0.00214183672703461
0.5,TS_oracle,0.0456394106289821
0.5,TS_oracle,0.0468353634633645
0.5,TS_oracle,0.1090705563468
0.5,TS_oracle,0.090715859370657
0.5,TS_oracle,0.13040939076076
0.5,TS_oracle,0.0597929683278544
0.5,TS_oracle,0.034570512540655
0.5,TS_oracle,0.0471748147613968
0.5,TS_oracle,-0.00496354130901433
0.5,TS_oracle,0.0979009310208068
0.5,TS_oracle,0.0946084646658962
0.5,TS_oracle,-0.0283593407850611
0.5,TS_oracle,0.0908903241742036
0.5,TS_oracle,0.0472764731640121
0.5,TS_oracle,0.0625213503307538
0.5,TS_oracle,0.0611826092239074
0.5,TS_oracle,0.154825807941855
0.5,TS_oracle,0.0517271183293671
0.5,TS_oracle,0.157151516715381
0.5,TS_oracle,0.0901495307773348
0.5,TS_oracle,0.0888710642385164
0.5,TS_oracle,0.0413146228256793
0.5,TS_oracle,0.129970408207953
0.5,TS_oracle,0.0776806292115133
0.5,TS_oracle,0.0730807764365484
0.5,TS_oracle,0.101868990194939
0.5,TS_oracle,0.0493015578575573
0.5,TS_oracle,0.0871398569131341
0.5,TS_oracle,0.122869070116038
0.5,TS_oracle,0.0323004296204155
0.5,TS_oracle,0.0736577508261691
0.5,TS_oracle,0.0561580107124493
0.5,TS_oracle,0.0464956017411529
0.5,TS_oracle,0.0641861394999712
0.5,TS_oracle,0.0353750911639472
0.5,TS_oracle,0.0822561185889188
0.5,TS_oracle,0.0801750720473067
0.5,TS_oracle,0.0407906141004475
0.5,TS_oracle,0.020561049303752
0.5,TS_oracle,0.0521912240060363
0.5,TS_oracle,0.0561844892218426
0.5,TS_oracle,0.123664241360093
0.5,TS_oracle,0.0573254162982688
0.5,TS_oracle,0.0787978023529512
0.5,TS_oracle,0.0544160137040166
0.5,TS_oracle,0.025468989519621
0.5,TS_oracle,0.110185060151167
0.5,TS_oracle,0.014939356388086
0.5,TS_oracle,0.111553585176013
0.5,TS_oracle,0.0676519552031938
0.5,TS_oracle,0.112769205729431
0.5,TS_oracle,0.0183052856333354
0.5,TS_oracle,0.0780217800239233
0.5,TS_oracle,0.0622305245575987
0.5,TS_oracle,0.108903461996371
0.5,TS_oracle,0.0849542831352557
0.5,TS_oracle,0.0297012539374719
0.5,TS_oracle,0.109302373779738
0.5,TS_oracle,0.0724814124731816
0.5,TS_oracle,0.153681120767497
0.5,TS_oracle,-0.0281697038481353
0.5,TS_oracle,0.106272833417945
0.5,TS_oracle,0.10752795770128
0.5,TS_oracle,0.137991659708468
0.5,TS_oracle,0.0440035852798033
0.5,TS_oracle,0.0941717403200786
0.5,TS_oracle,0.111640606452868
0.5,TS_oracle,0.101387126457037
0.5,TS_oracle,0.0108607495510282
0.5,TS_oracle,0.0778591269829758
0.5,TS_oracle,0.0294327616987196
0.5,TS_oracle,0.12677274785789
0.5,TS_oracle,0.110159609580051
0.5,TS_oracle,0.0624184731606232
0.5,TS_oracle,0.0668755399308059
0.5,TS_oracle,0.0410508547167954
0.5,TS_oracle,0.136700546426674
0.5,TS_oracle,0.0361875618155638
0.5,TS_oracle,0.0176593876903475
0.5,TS_oracle,0.103957761787448
0.5,TS_oracle,0.0577933173853784
0.5,TS_oracle,0.0633443311957305
0.5,TS_oracle,0.0820682818260001
0.5,TS_oracle,0.0385721220341786
0.5,TS_oracle,0.117732796848637
0.5,TS_oracle,0.0932140865750775
0.5,TS_oracle,0.101921280174631
0.5,TS_oracle,0.111247392865846
0.5,TS_oracle,0.0257975622604423
0.5,TS_oracle,0.0116304794194497
0.5,TS_oracle,0.0233481129816857
0.5,TS_oracle,0.0527498498035208
0.5,TS_oracle,0.137048901396796
0.5,TS_oracle,0.0279785723858579
0.5,TS_oracle,0.0867322317961645
0.5,TS_oracle,0.0579113136524305
0.5,TS_oracle,0.0801386514406754
0.5,TS_oracle,0.0382918558886089
0.5,TS_oracle,0.0831154454944216
0.5,TS_oracle,0.0926832770632562
0.5,TS_oracle,0.105343041392356
0.5,TS_oracle,0.0858123144735818
0.5,TS_oracle,0.00530041041856744
0.5,TS_oracle,0.095664805154096
0.5,TS_oracle,0.0881999515870018
0.5,TS_oracle,0.0600461640146066
0.5,TS_oracle,0.0814629645159177
0.5,TS_oracle,0.045299922858465
0.5,TS_oracle,0.0621459681331957
0.5,TS_oracle,0.0885837950778221
0.5,TS_oracle,0.0975687392644766
0.5,TS_oracle,0.0766303093226106
0.5,TS_oracle,0.05488873348288
0.5,TS_oracle,0.102714210094461
0.5,TS_oracle,0.0957091670815244
0.5,TS_oracle,0.129755127154312
0.5,TS_oracle,0.076366719425256
0.5,TS_oracle,0.115921823832377
0.5,TS_oracle,0.105468130949661
0.5,TS_oracle,0.0668159722669182
0.5,TS_oracle,0.0349294633563511
0.5,TS_oracle,0.0256203402515525
0.5,TS_oracle,0.122571617262946
0.5,TS_oracle,0.0512945891714176
0.5,TS_oracle,0.071912031280231
0.5,TS_oracle,0.0516930740403425
0.5,TS_oracle,0.0540596173935826
0.5,TS_oracle,0.0628110285556542
0.5,TS_oracle,0.0149868546713867
0.5,TS_oracle,0.0353688045930853
0.5,TS_oracle,0.0684219963541723
0.5,TS_oracle,0.0874992500525933
0.5,TS_oracle,0.0709644719636675
0.5,TS_oracle,0.0404880193204027
0.5,TS_oracle,0.0242501566857947
0.5,TS_oracle,0.104282386250049
0.5,TS_oracle,0.0407078952584259
0.5,TS_oracle,0.0618558161555494
0.5,TS_oracle,0.118733818430265
0.5,TS_oracle,0.0613536727156239
0.5,TS_oracle,0.0886040581534937
0.5,TS_oracle,0.109085995295854
0.5,TS_oracle,0.0287126746793089
0.5,TS_oracle,0.0777701933219606
0.5,TS_oracle,0.0790087038736573
0.5,TS_oracle,0.037005143395324
0.5,TS_oracle,0.0624542658813845
0.5,TS_oracle,0.0313541779390258
0.5,TS_oracle,0.0346494093877099
0.5,TS_oracle,0.0593458221165741
0.5,TS_oracle,0.0286406936051955
0.5,TS_oracle,0.0175507689548686
0.5,TS_oracle,0.0834511952081292
0.5,TS_oracle,0.0731707656812757
0.5,TS_oracle,0.0578792543838758
0.5,TS_oracle,0.0910224953351026
0.5,TS_oracle,0.176687268765066
0.5,TS_oracle,0.0573116387877877
0.5,TS_oracle,0.0359862170465814
0.5,TS_oracle,0.129732200776832
0.5,TS_oracle,0.0194920529396667
0.5,TS_oracle,0.0981522289561336
0.5,TS_oracle,0.0107938220652479
0.5,TS_oracle,0.166635273978766
0.5,TS_oracle,0.153985280342018
0.5,TS_oracle,0.0731601747101447
0.5,TS_oracle,0.0212016137658533
0.5,TS_oracle,0.0724264850225069
0.5,TS_oracle,0.0732748352240276
0.5,TS_oracle,0.0943381515772204
0.5,TS_oracle,0.0970068135953139
0.5,TS_oracle,0.0866548015341262
0.5,TS_oracle,0.118603247828841
0.5,TS_oracle,0.047477363435543
0.5,TS_oracle,0.0936168582833696
0.5,TS_oracle,0.0498984782481735
0.5,TS_oracle,0.0313141351773205
0.5,TS_oracle,0.0955197482623458
0.5,TS_oracle,0.0557540389096396
0.5,TS_oracle,0.0737923063532939
0.5,TS_oracle,0.0395125086795631
0.5,TS_oracle,0.0769641487508199
0.5,TS_oracle,0.101696175454812
0.5,TS_oracle,0.138629192913157
0.5,TS_oracle,0.0892786657773115
0.5,TS_oracle,0.0592735704310783
0.5,TS_oracle,0.0736828478683658
0.5,TS_oracle,0.0837623356456239
0.5,TS_oracle,0.0590699907482295
0.5,TS_oracle,0.0533975095284889
0.5,TS_oracle,0.0470289401420965
0.5,TS_oracle,0.0495088556016705
0.5,TS_oracle,0.126198036591368
0.5,TS_oracle,0.0173605611069492
0.5,TS_oracle,0.0434386320910638
0.5,TS_oracle,0.0830579833971694
0.6,PLS,0.109017585473904
0.6,PLS,0.0266557423251512
0.6,PLS,0.0562979386471529
0.6,PLS,0.0938621748502806
0.6,PLS,0.0767940426136624
0.6,PLS,0.165058667541226
0.6,PLS,0.0436006051355349
0.6,PLS,0.0992628292040907
0.6,PLS,0.0437290533297969
0.6,PLS,0.0511886036629101
0.6,PLS,0.0758562503862517
0.6,PLS,0.120439107694583
0.6,PLS,0.0570859483792499
0.6,PLS,0.0479241379611635
0.6,PLS,0.0293435418737824
0.6,PLS,0.116133753111729
0.6,PLS,0.0447398926154869
0.6,PLS,0.0937073405577948
0.6,PLS,0.0276996227793762
0.6,PLS,0.130929071413051
0.6,PLS,0.0946037095310028
0.6,PLS,-0.0203448724334016
0.6,PLS,0.120980520137921
0.6,PLS,0.135946568737271
0.6,PLS,0.154053288573866
0.6,PLS,0.0376475028278669
0.6,PLS,0.0410526315522113
0.6,PLS,0.0945303048038204
0.6,PLS,0.0449875011949188
0.6,PLS,-0.0103642604261028
0.6,PLS,0.103279839137729
0.6,PLS,0.0949788275050949
0.6,PLS,0.105599484689986
0.6,PLS,0.0730956897774722
0.6,PLS,0.122821641221884
0.6,PLS,0.101221414205806
0.6,PLS,0.0449649963737222
0.6,PLS,0.0918779774249345
0.6,PLS,0.0393023905444694
0.6,PLS,0.13748319801031
0.6,PLS,0.0742393820153746
0.6,PLS,0.0404075747784036
0.6,PLS,0.127499085950976
0.6,PLS,0.0638775497845625
0.6,PLS,0.0976655426539632
0.6,PLS,0.044367380462496
0.6,PLS,0.100080189119697
0.6,PLS,0.106507737721337
0.6,PLS,0.0899768019422567
0.6,PLS,0.0867231520207621
0.6,PLS,0.140971684862048
0.6,PLS,0.0220322994244524
0.6,PLS,0.215649531502305
0.6,PLS,0.0493216944293959
0.6,PLS,0.0294340302606864
0.6,PLS,0.102090685700297
0.6,PLS,0.0489231775169763
0.6,PLS,0.0310633085055447
0.6,PLS,0.0288236253251262
0.6,PLS,0.135718393018746
0.6,PLS,0.0629092002148059
0.6,PLS,0.152762747975294
0.6,PLS,0.118907789088038
0.6,PLS,-0.00109543699250847
0.6,PLS,0.122677023682361
0.6,PLS,0.0699648725619071
0.6,PLS,0.0885812124897307
0.6,PLS,0.016512770631504
0.6,PLS,-0.00919348569868095
0.6,PLS,0.0608040064054094
0.6,PLS,0.00842163565015563
0.6,PLS,0.0557909190193944
0.6,PLS,0.142195060156825
0.6,PLS,0.0894918317714306
0.6,PLS,0.0532402768064744
0.6,PLS,0.020478142257659
0.6,PLS,0.0544812126853991
0.6,PLS,0.0270430276352447
0.6,PLS,0.150013238070471
0.6,PLS,0.0884915845445391
0.6,PLS,0.0367327032486024
0.6,PLS,0.050737902864799
0.6,PLS,0.0496330763079642
0.6,PLS,0.0825690385420659
0.6,PLS,0.115311173420618
0.6,PLS,0.076447797243874
0.6,PLS,0.0828031843199069
0.6,PLS,0.111330391450738
0.6,PLS,0.0850989140419851
0.6,PLS,0.0703992558237514
0.6,PLS,0.0346479105618756
0.6,PLS,0.0739779646297274
0.6,PLS,0.0492961900660405
0.6,PLS,0.0684611502550432
0.6,PLS,0.0588084715380843
0.6,PLS,0.0165038752831772
0.6,PLS,0.0731030106004973
0.6,PLS,0.118849034090346
0.6,PLS,0.0267717057796149
0.6,PLS,0.133276181899262
0.6,PLS,0.00905157453540673
0.6,PLS,0.0635866423673381
0.6,PLS,0.0797747419058235
0.6,PLS,0.0391693274161111
0.6,PLS,0.0219575441416411
0.6,PLS,0.0354994729007718
0.6,PLS,0.0547559714974022
0.6,PLS,0.0651760777270052
0.6,PLS,0.150536917271549
0.6,PLS,0.137560441192262
0.6,PLS,0.0291144513049038
0.6,PLS,0.0411012410906675
0.6,PLS,0.0528088772102053
0.6,PLS,0.109009193534613
0.6,PLS,0.0780433261741174
0.6,PLS,0.0458743924591327
0.6,PLS,0.0403616752345384
0.6,PLS,0.15975447900651
0.6,PLS,0.167878529411784
0.6,PLS,0.0676864908389536
0.6,PLS,0.0428137206396917
0.6,PLS,0.11890098694907
0.6,PLS,0.116152146668109
0.6,PLS,0.0381378811809445
0.6,PLS,0.176347022141132
0.6,PLS,0.0672399826743113
0.6,PLS,0.0952257256959561
0.6,PLS,0.0917415534718844
0.6,PLS,0.0931828929574896
0.6,PLS,0.0725017763325624
0.6,PLS,0.0720494980792223
0.6,PLS,0.00811623233057301
0.6,PLS,-0.00851607769378016
0.6,PLS,0.129515191094051
0.6,PLS,0.163392843527598
0.6,PLS,0.121724913301496
0.6,PLS,0.0451247795660867
0.6,PLS,0.0275547362963677
0.6,PLS,0.0142039941483694
0.6,PLS,0.168382371750666
0.6,PLS,0.0995705208891093
0.6,PLS,0.137972676534059
0.6,PLS,-0.0302250909641063
0.6,PLS,0.0383031683668407
0.6,PLS,0.0857411193951154
0.6,PLS,0.0893178529407506
0.6,PLS,0.0424669992432978
0.6,PLS,0.038712765825998
0.6,PLS,0.175550105956814
0.6,PLS,0.0762166692232993
0.6,PLS,-0.0216480151009277
0.6,PLS,0.0889426917375136
0.6,PLS,0.13401013813669
0.6,PLS,0.0185053315031425
0.6,PLS,0.0406917924958721
0.6,PLS,0.0655474094909194
0.6,PLS,0.0446240386490044
0.6,PLS,0.0077429914026097
0.6,PLS,0.104475848382576
0.6,PLS,0.0868835299654105
0.6,PLS,0.0367671378964449
0.6,PLS,0.0646697973857817
0.6,PLS,0.0688503450119131
0.6,PLS,0.0783430922447506
0.6,PLS,0.064311034299946
0.6,PLS,0.0525903877055327
0.6,PLS,0.0757557224123777
0.6,PLS,0.11636756270814
0.6,PLS,0.120846274667249
0.6,PLS,0.14018708169727
0.6,PLS,0.141578652436504
0.6,PLS,0.0983774717058885
0.6,PLS,0.153364456283543
0.6,PLS,0.0623293591916145
0.6,PLS,0.0843746197162474
0.6,PLS,0.0369521981765573
0.6,PLS,0.0764091818058632
0.6,PLS,0.0753011367737391
0.6,PLS,0.126521986690569
0.6,PLS,0.0362673359562817
0.6,PLS,0.0796114532526255
0.6,PLS,0.0465778824785579
0.6,PLS,0.0844822762895916
0.6,PLS,0.0501492347772454
0.6,PLS,0.0721918244903719
0.6,PLS,0.105446748340336
0.6,PLS,0.0987738029004228
0.6,PLS,0.0929887882202702
0.6,PLS,0.0756240359161719
0.6,PLS,0.0165199807345253
0.6,PLS,0.0923141403602681
0.6,PLS,0.0703594788329873
0.6,PLS,0.142683155370921
0.6,PLS,0.0673762261416824
0.6,PLS,0.0638107648240012
0.6,PLS,0.0783089965453239
0.6,PLS,0.0799966511958081
0.6,PLS,0.0230061449311512
0.6,PLS,-0.00564060773411745
0.6,PLS,0.0494852357185078
0.6,fTS,0.0978655348532522
0.6,fTS,0.0219636275678157
0.6,fTS,0.0546498933976189
0.6,fTS,0.0842552635229272
0.6,fTS,0.067762548093077
0.6,fTS,0.157226901342438
0.6,fTS,0.0286358176146377
0.6,fTS,0.102817912329932
0.6,fTS,0.0220693201691582
0.6,fTS,0.0391677777354096
0.6,fTS,0.0698656439366838
0.6,fTS,0.113429535802986
0.6,fTS,0.056277072646584
0.6,fTS,0.0537823771534556
0.6,fTS,0.0336837288335927
0.6,fTS,0.0988520965131221
0.6,fTS,0.0418103359069608
0.6,fTS,0.0928850384577666
0.6,fTS,0.0233610180968149
0.6,fTS,0.119838806589439
0.6,fTS,0.0850401221060988
0.6,fTS,-0.0178437487569915
0.6,fTS,0.119367559800833
0.6,fTS,0.124873119488801
0.6,fTS,0.143134666870188
0.6,fTS,0.0364972491366669
0.6,fTS,0.0458191688594591
0.6,fTS,0.0985741157635591
0.6,fTS,0.0317767736261061
0.6,fTS,-0.0135594753688046
0.6,fTS,0.102895492970082
0.6,fTS,0.0941083759677876
0.6,fTS,0.104066924864894
0.6,fTS,0.0621584930864258
0.6,fTS,0.109745606372184
0.6,fTS,0.0874122548710106
0.6,fTS,0.0479796948200935
0.6,fTS,0.0856754119572189
0.6,fTS,0.039738890599248
0.6,fTS,0.114865722026445
0.6,fTS,0.0753005317545652
0.6,fTS,0.0480366736761841
0.6,fTS,0.128340588990994
0.6,fTS,0.0540082473329517
0.6,fTS,0.0970878131143724
0.6,fTS,0.0361193233769195
0.6,fTS,0.0913980081358723
0.6,fTS,0.0878920078778747
0.6,fTS,0.0899031904847216
0.6,fTS,0.0869742585078646
0.6,fTS,0.124642358724538
0.6,fTS,0.0156471227686743
0.6,fTS,0.193224097093051
0.6,fTS,0.0293342005189314
0.6,fTS,0.0209502881553649
0.6,fTS,0.097670863004252
0.6,fTS,0.0505273681412113
0.6,fTS,0.0242454010944191
0.6,fTS,0.0235686791951053
0.6,fTS,0.129631010057784
0.6,fTS,0.066707766151114
0.6,fTS,0.126447892122465
0.6,fTS,0.112049446183768
0.6,fTS,-0.00409785390974904
0.6,fTS,0.124270123167106
0.6,fTS,0.0694165122945707
0.6,fTS,0.0862869058939688
0.6,fTS,0.0144502212015669
0.6,fTS,-0.00655034870810822
0.6,fTS,0.0531855918557427
0.6,fTS,0.00583466601388727
0.6,fTS,0.051028835246431
0.6,fTS,0.118150492579141
0.6,fTS,0.0824736000857496
0.6,fTS,0.0407839786763904
0.6,fTS,0.0230513113386954
0.6,fTS,0.052072995324048
0.6,fTS,0.026175304518617
0.6,fTS,0.144238592696186
0.6,fTS,0.097232399472047
0.6,fTS,0.033313859740681
0.6,fTS,0.0421269364947163
0.6,fTS,0.0454955931329162
0.6,fTS,0.0916062223311787
0.6,fTS,0.100422060532772
0.6,fTS,0.0772285689838104
0.6,fTS,0.072587999232927
0.6,fTS,0.0744597243107532
0.6,fTS,0.0804960927618983
0.6,fTS,0.0620949449553392
0.6,fTS,0.0263673720971669
0.6,fTS,0.0733292218365862
0.6,fTS,0.0455253453327671
0.6,fTS,0.0813082922934987
0.6,fTS,0.0587848248861189
0.6,fTS,0.00920981778491181
0.6,fTS,0.0786375439182863
0.6,fTS,0.125505012824682
0.6,fTS,0.00554510191080149
0.6,fTS,0.12080880649417
0.6,fTS,0.00636253859228231
0.6,fTS,0.0571470280846682
0.6,fTS,0.0813139346541549
0.6,fTS,0.0347942087162054
0.6,fTS,0.015045817520797
0.6,fTS,0.0333677581604832
0.6,fTS,0.043214807089011
0.6,fTS,0.0572279784060621
0.6,fTS,0.147903314052427
0.6,fTS,0.126675085840508
0.6,fTS,0.020800841195014
0.6,fTS,0.0398916932384312
0.6,fTS,0.0493852335711071
0.6,fTS,0.112037808447908
0.6,fTS,0.0729269763981339
0.6,fTS,0.0497625637260111
0.6,fTS,0.0338905005795931
0.6,fTS,0.156916674186919
0.6,fTS,0.152027887291583
0.6,fTS,0.0698362901987157
0.6,fTS,0.0388734948399412
0.6,fTS,0.120454973932254
0.6,fTS,0.107115239846049
0.6,fTS,0.028845049132167
0.6,fTS,0.171433873200586
0.6,fTS,0.0792606028444025
0.6,fTS,0.0936154370113937
0.6,fTS,0.0813747063229344
0.6,fTS,0.0624777860633527
0.6,fTS,0.0687491231115664
0.6,fTS,0.0711540615167086
0.6,fTS,-0.0037586276829813
0.6,fTS,-0.00834642906872407
0.6,fTS,0.1398704506363
0.6,fTS,0.158670552910961
0.6,fTS,0.126256954443213
0.6,fTS,0.0424304954826384
0.6,fTS,0.0175321098875696
0.6,fTS,0.0186896344043854
0.6,fTS,0.165889262221064
0.6,fTS,0.0892247992147064
0.6,fTS,0.126345127681742
0.6,fTS,-0.0231933656932934
0.6,fTS,0.0368780937817976
0.6,fTS,0.0674409383195638
0.6,fTS,0.09338473269179
0.6,fTS,0.03928131475714
0.6,fTS,0.0384854577425116
0.6,fTS,0.165833911340844
0.6,fTS,0.0674567486934459
0.6,fTS,-0.0205711718382418
0.6,fTS,0.0751240555697532
0.6,fTS,0.117251635892541
0.6,fTS,0.0258022035230747
0.6,fTS,0.0425772393495478
0.6,fTS,0.0661557370024721
0.6,fTS,0.0230772016417105
0.6,fTS,0.013094319534654
0.6,fTS,0.102635302610695
0.6,fTS,0.0825162362719134
0.6,fTS,0.0293904373723588
0.6,fTS,0.0626345798157451
0.6,fTS,0.0648829355513667
0.6,fTS,0.077905618258884
0.6,fTS,0.0638030886953913
0.6,fTS,0.0599082666806721
0.6,fTS,0.0678543980619937
0.6,fTS,0.112940155900912
0.6,fTS,0.101910277541901
0.6,fTS,0.136432858371268
0.6,fTS,0.136872095133379
0.6,fTS,0.0679314417523871
0.6,fTS,0.144983002507274
0.6,fTS,0.0483814473972515
0.6,fTS,0.092321089729257
0.6,fTS,0.0353571100878647
0.6,fTS,0.0620240831488339
0.6,fTS,0.0721075290536597
0.6,fTS,0.114197299059301
0.6,fTS,0.0413063489555638
0.6,fTS,0.0585407386613932
0.6,fTS,0.038790845835267
0.6,fTS,0.0805706247727274
0.6,fTS,0.0483437413029011
0.6,fTS,0.0232026388001405
0.6,fTS,0.108039760714802
0.6,fTS,0.100084436528787
0.6,fTS,0.0866899125427856
0.6,fTS,0.0656636340972991
0.6,fTS,0.016493780271476
0.6,fTS,0.0750332922406283
0.6,fTS,0.0723822747699279
0.6,fTS,0.12976293181085
0.6,fTS,0.0674172824833223
0.6,fTS,0.0618632227642277
0.6,fTS,0.0652057089234179
0.6,fTS,0.0756871851400982
0.6,fTS,0.0218053959860185
0.6,fTS,0.00447512576739029
0.6,fTS,0.0497272673234821
0.6,LS_oracle,0.108538107150587
0.6,LS_oracle,0.0267577932284286
0.6,LS_oracle,0.0571415200325711
0.6,LS_oracle,0.093180887463101
0.6,LS_oracle,0.0799944209349506
0.6,LS_oracle,0.164829822951851
0.6,LS_oracle,0.0418169289904538
0.6,LS_oracle,0.0996615443918294
0.6,LS_oracle,0.0425987878079308
0.6,LS_oracle,0.0514467793135318
0.6,LS_oracle,0.0705125458303506
0.6,LS_oracle,0.119915653246612
0.6,LS_oracle,0.0564517943369629
0.6,LS_oracle,0.0452167453656926
0.6,LS_oracle,0.0282398549668621
0.6,LS_oracle,0.112739681771568
0.6,LS_oracle,0.0464587222071593
0.6,LS_oracle,0.094067421415531
0.6,LS_oracle,0.0271995785797399
0.6,LS_oracle,0.133025215238242
0.6,LS_oracle,0.0946568643565662
0.6,LS_oracle,-0.0222272985808422
0.6,LS_oracle,0.120881239113294
0.6,LS_oracle,0.131679545253408
0.6,LS_oracle,0.156159786199016
0.6,LS_oracle,0.0393213885548644
0.6,LS_oracle,0.0389793012908628
0.6,LS_oracle,0.0942634709192276
0.6,LS_oracle,0.0457317437072893
0.6,LS_oracle,-0.0104618562384123
0.6,LS_oracle,0.10331056898218
0.6,LS_oracle,0.0955989132120447
0.6,LS_oracle,0.102303699756113
0.6,LS_oracle,0.0742877062277438
0.6,LS_oracle,0.122848275027223
0.6,LS_oracle,0.0962758506530512
0.6,LS_oracle,0.0423855615342412
0.6,LS_oracle,0.091613674988249
0.6,LS_oracle,0.0392904749173497
0.6,LS_oracle,0.140279556945496
0.6,LS_oracle,0.0729724919208719
0.6,LS_oracle,0.0410036339835955
0.6,LS_oracle,0.127790266281411
0.6,LS_oracle,0.0629509159720256
0.6,LS_oracle,0.0991364560179457
0.6,LS_oracle,0.037610023414737
0.6,LS_oracle,0.0965402022753479
0.6,LS_oracle,0.097151482405115
0.6,LS_oracle,0.0888412089945831
0.6,LS_oracle,0.0878015486484662
0.6,LS_oracle,0.138342299182959
0.6,LS_oracle,0.019736885668181
0.6,LS_oracle,0.213968526668326
0.6,LS_oracle,0.0486810796387209
0.6,LS_oracle,0.0296190937719438
0.6,LS_oracle,0.102025576470136
0.6,LS_oracle,0.0491183796538301
0.6,LS_oracle,0.0307725109553438
0.6,LS_oracle,0.0263865086594313
0.6,LS_oracle,0.132001972949309
0.6,LS_oracle,0.0630059109758938
0.6,LS_oracle,0.150385850899783
0.6,LS_oracle,0.116953402522336
0.6,LS_oracle,-0.00594959661565897
0.6,LS_oracle,0.121864146781988
0.6,LS_oracle,0.0699377284129883
0.6,LS_oracle,0.0884968090923492
0.6,LS_oracle,0.016388070643262
0.6,LS_oracle,-0.00979798983032165
0.6,LS_oracle,0.0566516193887698
0.6,LS_oracle,0.00848186454759436
0.6,LS_oracle,0.0547224086930544
0.6,LS_oracle,0.141623048444661
0.6,LS_oracle,0.089083752966624
0.6,LS_oracle,0.0493220975350623
0.6,LS_oracle,0.0207375723241663
0.6,LS_oracle,0.0538053069038793
0.6,LS_oracle,0.027054848910639
0.6,LS_oracle,0.146806840947405
0.6,LS_oracle,0.0894968910881571
0.6,LS_oracle,0.0366639452141642
0.6,LS_oracle,0.0519660281952312
0.6,LS_oracle,0.0484327659558907
0.6,LS_oracle,0.0722711906700502
0.6,LS_oracle,0.116069235125442
0.6,LS_oracle,0.0764024529625464
0.6,LS_oracle,0.0801905147575139
0.6,LS_oracle,0.112887598725515
0.6,LS_oracle,0.084848993941816
0.6,LS_oracle,0.0704168334700364
0.6,LS_oracle,0.0354261616343552
0.6,LS_oracle,0.0739077549664191
0.6,LS_oracle,0.0487060346921693
0.6,LS_oracle,0.0677586827244872
0.6,LS_oracle,0.0584742188799046
0.6,LS_oracle,0.0187670135364437
0.6,LS_oracle,0.073078657157138
0.6,LS_oracle,0.120433406713145
0.6,LS_oracle,0.0241056044661938
0.6,LS_oracle,0.133691605023868
0.6,LS_oracle,0.00765586471715385
0.6,LS_oracle,0.0630272436281369
0.6,LS_oracle,0.0797970613381855
0.6,LS_oracle,0.0407059895139306
0.6,LS_oracle,0.0224250875950596
0.6,LS_oracle,0.0364062416039366
0.6,LS_oracle,0.054794288877041
0.6,LS_oracle,0.0653554581730575
0.6,LS_oracle,0.15173023684208
0.6,LS_oracle,0.137527133689197
0.6,LS_oracle,0.0331003942485615
0.6,LS_oracle,0.0410985159507808
0.6,LS_oracle,0.0523410749344808
0.6,LS_oracle,0.108642713720706
0.6,LS_oracle,0.0778560771591983
0.6,LS_oracle,0.0448298702844123
0.6,LS_oracle,0.0423078084750663
0.6,LS_oracle,0.15973992372549
0.6,LS_oracle,0.167474980301784
0.6,LS_oracle,0.0668220780381616
0.6,LS_oracle,0.0440244632602991
0.6,LS_oracle,0.118392811637159
0.6,LS_oracle,0.11374703451716
0.6,LS_oracle,0.0389034227544309
0.6,LS_oracle,0.17203627949276
0.6,LS_oracle,0.0813103054920974
0.6,LS_oracle,0.0934668811800994
0.6,LS_oracle,0.0920116086675895
0.6,LS_oracle,0.0897125808495163
0.6,LS_oracle,0.0688525036551639
0.6,LS_oracle,0.0718860666067573
0.6,LS_oracle,0.00574943593427935
0.6,LS_oracle,-0.00952401449025742
0.6,LS_oracle,0.129293699224022
0.6,LS_oracle,0.162073024392988
0.6,LS_oracle,0.120750894968346
0.6,LS_oracle,0.0447075001549111
0.6,LS_oracle,0.0280530016580336
0.6,LS_oracle,0.0137245035697224
0.6,LS_oracle,0.168219891697491
0.6,LS_oracle,0.102186682916325
0.6,LS_oracle,0.133858536808662
0.6,LS_oracle,-0.0295592010018327
0.6,LS_oracle,0.0389434787974852
0.6,LS_oracle,0.0806112369306091
0.6,LS_oracle,0.0888582414108194
0.6,LS_oracle,0.0398617599903932
0.6,LS_oracle,0.0387123383976657
0.6,LS_oracle,0.176813558634325
0.6,LS_oracle,0.0757581137888224
0.6,LS_oracle,-0.0209532647702062
0.6,LS_oracle,0.0820761083533441
0.6,LS_oracle,0.130003061238587
0.6,LS_oracle,0.018144018064036
0.6,LS_oracle,0.0394301197491689
0.6,LS_oracle,0.0654366622459408
0.6,LS_oracle,0.0434917453008488
0.6,LS_oracle,0.0059785903126961
0.6,LS_oracle,0.102724280368532
0.6,LS_oracle,0.0853733304030242
0.6,LS_oracle,0.0371029108670828
0.6,LS_oracle,0.0649761521781032
0.6,LS_oracle,0.069046721573141
0.6,LS_oracle,0.0797297752959074
0.6,LS_oracle,0.0647769613737224
0.6,LS_oracle,0.0512616763560154
0.6,LS_oracle,0.0669360470124571
0.6,LS_oracle,0.116374249476929
0.6,LS_oracle,0.120213998431272
0.6,LS_oracle,0.137315185465407
0.6,LS_oracle,0.141424016797334
0.6,LS_oracle,0.0876189359583592
0.6,LS_oracle,0.154136944305167
0.6,LS_oracle,0.0627077382228194
0.6,LS_oracle,0.0845447358025773
0.6,LS_oracle,0.0374411954480982
0.6,LS_oracle,0.0754376196894333
0.6,LS_oracle,0.0752291997351295
0.6,LS_oracle,0.123250023715126
0.6,LS_oracle,0.0353279620690958
0.6,LS_oracle,0.0786236828696261
0.6,LS_oracle,0.0442708092794364
0.6,LS_oracle,0.0797614639804138
0.6,LS_oracle,0.0550266955006269
0.6,LS_oracle,0.0261905492692558
0.6,LS_oracle,0.105019430451878
0.6,LS_oracle,0.0983894565495727
0.6,LS_oracle,0.0929394951399911
0.6,LS_oracle,0.07550139912855
0.6,LS_oracle,0.0184520946696853
0.6,LS_oracle,0.0917682170724585
0.6,LS_oracle,0.0694250329094293
0.6,LS_oracle,0.143606072098243
0.6,LS_oracle,0.0691704972290348
0.6,LS_oracle,0.0606927005728128
0.6,LS_oracle,0.0787684418753676
0.6,LS_oracle,0.0791327422246124
0.6,LS_oracle,0.0218735655933722
0.6,LS_oracle,-0.00566564265182545
0.6,LS_oracle,0.0497099806087558
0.6,TS_oracle,0.0974377049125965
0.6,TS_oracle,0.0219008595628827
0.6,TS_oracle,0.0548196656908646
0.6,TS_oracle,0.0839014514579948
0.6,TS_oracle,0.0680661262174354
0.6,TS_oracle,0.155369368466544
0.6,TS_oracle,0.0284987829395671
0.6,TS_oracle,0.102977961623473
0.6,TS_oracle,0.0222280854199122
0.6,TS_oracle,0.0387196141038004
0.6,TS_oracle,0.0698763658693504
0.6,TS_oracle,0.110157938719271
0.6,TS_oracle,0.0565741312695156
0.6,TS_oracle,0.0535618773480422
0.6,TS_oracle,0.0330460684102369
0.6,TS_oracle,0.0980941091918877
0.6,TS_oracle,0.0428822061529213
0.6,TS_oracle,0.0930148945772098
0.6,TS_oracle,0.0216601356065869
0.6,TS_oracle,0.120362296436579
0.6,TS_oracle,0.084800339869072
0.6,TS_oracle,-0.0182000088612611
0.6,TS_oracle,0.119346262436342
0.6,TS_oracle,0.12490990748366
0.6,TS_oracle,0.143000559090118
0.6,TS_oracle,0.0365724880458778
0.6,TS_oracle,0.0461653594352318
0.6,TS_oracle,0.0985675494248937
0.6,TS_oracle,0.0315931359129666
0.6,TS_oracle,-0.0135654772548313
0.6,TS_oracle,0.102877464215485
0.6,TS_oracle,0.0942954035491057
0.6,TS_oracle,0.0971276147334492
0.6,TS_oracle,0.0606164355450289
0.6,TS_oracle,0.107481524616342
0.6,TS_oracle,0.0851769768289252
0.6,TS_oracle,0.0473257037953347
0.6,TS_oracle,0.0853239876910474
0.6,TS_oracle,0.0399689342225631
0.6,TS_oracle,0.114275176757829
0.6,TS_oracle,0.0756170929049134
0.6,TS_oracle,0.0480466057616711
0.6,TS_oracle,0.128404726533482
0.6,TS_oracle,0.0541330934941509
0.6,TS_oracle,0.0974104869374603
0.6,TS_oracle,0.0361260448801901
0.6,TS_oracle,0.0881320988060941
0.6,TS_oracle,0.0873604896636537
0.6,TS_oracle,0.0890090657300688
0.6,TS_oracle,0.0888318041437501
0.6,TS_oracle,0.126062158097441
0.6,TS_oracle,0.0143420192025283
0.6,TS_oracle,0.188560230049731
0.6,TS_oracle,0.0285792414165473
0.6,TS_oracle,0.0204474700169492
0.6,TS_oracle,0.0978239740819649
0.6,TS_oracle,0.0487711913758873
0.6,TS_oracle,0.0245186316969037
0.6,TS_oracle,0.0236305364341798
0.6,TS_oracle,0.126915016187744
0.6,TS_oracle,0.0668025270541037
0.6,TS_oracle,0.125376041481027
0.6,TS_oracle,0.112046958504784
0.6,TS_oracle,-0.00439677982434683
0.6,TS_oracle,0.119881970728096
0.6,TS_oracle,0.0694164416403364
0.6,TS_oracle,0.0857692071012492
0.6,TS_oracle,0.0144153511656717
0.6,TS_oracle,-0.00938552350612964
0.6,TS_oracle,0.0528481788411552
0.6,TS_oracle,0.00575925821841405
0.6,TS_oracle,0.049910000178641
0.6,TS_oracle,0.119858851551022
0.6,TS_oracle,0.0828576344475884
0.6,TS_oracle,0.0402905996515721
0.6,TS_oracle,0.022973579508947
0.6,TS_oracle,0.0524098952661507
0.6,TS_oracle,0.0251122687522534
0.6,TS_oracle,0.143963369688145
0.6,TS_oracle,0.0969576266076544
0.6,TS_oracle,0.0333792481978967
0.6,TS_oracle,0.0421488587728736
0.6,TS_oracle,0.0350509583693273
0.6,TS_oracle,0.0817811440811651
0.6,TS_oracle,0.100787658957243
0.6,TS_oracle,0.0771856558501436
0.6,TS_oracle,0.0726132352508229
0.6,TS_oracle,0.0748745846426395
0.6,TS_oracle,0.0801090398103295
0.6,TS_oracle,0.0622409670671271
0.6,TS_oracle,0.0248832703714916
0.6,TS_oracle,0.0733823595578824
0.6,TS_oracle,0.0455294722768032
0.6,TS_oracle,0.0809814622871963
0.6,TS_oracle,0.0586559965220337
0.6,TS_oracle,0.00955655078500617
0.6,TS_oracle,0.0778356610090387
0.6,TS_oracle,0.119146181359399
0.6,TS_oracle,0.00553233083397386
0.6,TS_oracle,0.121287466021592
0.6,TS_oracle,0.00616807371345129
0.6,TS_oracle,0.0541550905361254
0.6,TS_oracle,0.0813109239445138
0.6,TS_oracle,0.0350415799323385
0.6,TS_oracle,0.0151801770971138
0.6,TS_oracle,0.0335427896944536
0.6,TS_oracle,0.0436616252349624
0.6,TS_oracle,0.0573172185535598
0.6,TS_oracle,0.148383239550404
0.6,TS_oracle,0.126059681146213
0.6,TS_oracle,0.0217204449054922
0.6,TS_oracle,0.0398543917740994
0.6,TS_oracle,0.0480746778767569
0.6,TS_oracle,0.110328841792231
0.6,TS_oracle,0.0729575579962431
0.6,TS_oracle,0.0481473219891224
0.6,TS_oracle,0.034078527543965
0.6,TS_oracle,0.15535874575293
0.6,TS_oracle,0.151882364919424
0.6,TS_oracle,0.0706888079254777
0.6,TS_oracle,0.0395569994480622
0.6,TS_oracle,0.1202677770909
0.6,TS_oracle,0.107827968061848
0.6,TS_oracle,0.0276886759491726
0.6,TS_oracle,0.171740287669895
0.6,TS_oracle,0.0846429378500309
0.6,TS_oracle,0.0935871330461249
0.6,TS_oracle,0.0813527303490709
0.6,TS_oracle,0.0601316678287769
0.6,TS_oracle,0.0668944414782411
0.6,TS_oracle,0.0711835927582642
0.6,TS_oracle,-0.00314123092265362
0.6,TS_oracle,-0.00946711770391906
0.6,TS_oracle,0.13979174976346
0.6,TS_oracle,0.158007022451371
0.6,TS_oracle,0.126166304617324
0.6,TS_oracle,0.0423776268798681
0.6,TS_oracle,0.017176323185822
0.6,TS_oracle,0.0174066468544312
0.6,TS_oracle,0.166187399286859
0.6,TS_oracle,0.0896958189602683
0.6,TS_oracle,0.124254782697111
0.6,TS_oracle,-0.0230946626546837
0.6,TS_oracle,0.0374122708100337
0.6,TS_oracle,0.065502219330704
0.6,TS_oracle,0.0931177795541647
0.6,TS_oracle,0.0393433703588615
0.6,TS_oracle,0.0382066459855845
0.6,TS_oracle,0.164678148620766
0.6,TS_oracle,0.0667883348548306
0.6,TS_oracle,-0.0203553897606858
0.6,TS_oracle,0.0747216068340413
0.6,TS_oracle,0.113312029048261
0.6,TS_oracle,0.0252611469769364
0.6,TS_oracle,0.0421979140972988
0.6,TS_oracle,0.0661228654233972
0.6,TS_oracle,0.0210431527116057
0.6,TS_oracle,0.0122232836914056
0.6,TS_oracle,0.0982156711686244
0.6,TS_oracle,0.0813479681993186
0.6,TS_oracle,0.0293167557115284
0.6,TS_oracle,0.0631423819302981
0.6,TS_oracle,0.0659509022124019
0.6,TS_oracle,0.0785286116666941
0.6,TS_oracle,0.0635890753723634
0.6,TS_oracle,0.0598313430384123
0.6,TS_oracle,0.0654870799699092
0.6,TS_oracle,0.112943019314426
0.6,TS_oracle,0.102291090754303
0.6,TS_oracle,0.136676383021731
0.6,TS_oracle,0.136864049645456
0.6,TS_oracle,0.0661198730874772
0.6,TS_oracle,0.145785396965507
0.6,TS_oracle,0.0485363863709645
0.6,TS_oracle,0.0925854097788203
0.6,TS_oracle,0.0342869760464313
0.6,TS_oracle,0.0612369656856182
0.6,TS_oracle,0.0722733224259544
0.6,TS_oracle,0.113827154609872
0.6,TS_oracle,0.0387815355324086
0.6,TS_oracle,0.0563926828400865
0.6,TS_oracle,0.03832753115523
0.6,TS_oracle,0.0762875716930729
0.6,TS_oracle,0.049375216805394
0.6,TS_oracle,0.0229205690050287
0.6,TS_oracle,0.108087968288742
0.6,TS_oracle,0.0966122536853797
0.6,TS_oracle,0.0867074356886002
0.6,TS_oracle,0.0658631615337362
0.6,TS_oracle,0.0167748190950916
0.6,TS_oracle,0.0749315463256566
0.6,TS_oracle,0.0720264160726187
0.6,TS_oracle,0.129246811843305
0.6,TS_oracle,0.0669456303774092
0.6,TS_oracle,0.0610674062532452
0.6,TS_oracle,0.0653928644756225
0.6,TS_oracle,0.0753648953284314
0.6,TS_oracle,0.0215068323743088
0.6,TS_oracle,0.00310497718486036
0.6,TS_oracle,0.0497587877041881
0.7,PLS,0.123050401526683
0.7,PLS,0.0853239111224624
0.7,PLS,0.116273095124997
0.7,PLS,0.0768932114072682
0.7,PLS,0.0320374481967476
0.7,PLS,0.000212721084293266
0.7,PLS,0.0998241087637777
0.7,PLS,0.0430476264296775
0.7,PLS,0.0420364615001487
0.7,PLS,0.0987342928951567
0.7,PLS,0.0457195620953124
0.7,PLS,0.0116216719781017
0.7,PLS,0.110277937948977
0.7,PLS,0.0572659560665141
0.7,PLS,0.0614029960029892
0.7,PLS,0.0719023286089251
0.7,PLS,0.0578760309452802
0.7,PLS,0.0280056531663411
0.7,PLS,0.106657503580754
0.7,PLS,0.0701659206127783
0.7,PLS,0.164295059037573
0.7,PLS,0.0705536500118096
0.7,PLS,0.0799426551497218
0.7,PLS,0.0723376823130288
0.7,PLS,0.0416118207084875
0.7,PLS,0.0146813027404029
0.7,PLS,0.0322491014245194
0.7,PLS,0.0294328736139187
0.7,PLS,0.123844219867555
0.7,PLS,0.0761214203105625
0.7,PLS,0.116609928470957
0.7,PLS,0.0140179962189231
0.7,PLS,0.0596264012451686
0.7,PLS,0.107146006385111
0.7,PLS,0.0289220594351867
0.7,PLS,0.010197084872881
0.7,PLS,0.0488804646796837
0.7,PLS,-0.0210518624270656
0.7,PLS,0.117084254581914
0.7,PLS,0.110977220660364
0.7,PLS,0.110166439291811
0.7,PLS,0.0874549217646674
0.7,PLS,-0.00865574285382442
0.7,PLS,0.115054012165778
0.7,PLS,0.112670026210688
0.7,PLS,0.12266229810422
0.7,PLS,0.0218542382062372
0.7,PLS,0.00114835764495202
0.7,PLS,0.0363829994907614
0.7,PLS,0.129067973732139
0.7,PLS,0.0572176183930841
0.7,PLS,0.051931568591183
0.7,PLS,0.119618610810716
0.7,PLS,0.0420245432957318
0.7,PLS,0.0590326562611079
0.7,PLS,0.143700431597888
0.7,PLS,0.106000302339527
0.7,PLS,0.0130307176529434
0.7,PLS,0.0215235008814774
0.7,PLS,0.0890625508420446
0.7,PLS,0.0325392271067877
0.7,PLS,0.0952937540273637
0.7,PLS,0.0487168569935066
0.7,PLS,0.0493733111299826
0.7,PLS,0.106282573053178
0.7,PLS,0.135090400751326
0.7,PLS,0.0962532832566032
0.7,PLS,0.114718356925112
0.7,PLS,0.0594121721029131
0.7,PLS,0.0648743956078863
0.7,PLS,0.0451014778043406
0.7,PLS,0.0635412777150475
0.7,PLS,0.0474597869869549
0.7,PLS,0.184571907560543
0.7,PLS,0.0289957415841928
0.7,PLS,0.0977622212466585
0.7,PLS,0.118797650583036
0.7,PLS,0.047813659257804
0.7,PLS,0.0912567363671579
0.7,PLS,0.0590287324775012
0.7,PLS,0.064511708025913
0.7,PLS,0.0800509205403157
0.7,PLS,0.11208059606351
0.7,PLS,0.0909805269976971
0.7,PLS,0.12127834028123
0.7,PLS,0.083337777041937
0.7,PLS,0.0752450003877563
0.7,PLS,0.0474150330056891
0.7,PLS,0.0652330118447284
0.7,PLS,0.0199321615662997
0.7,PLS,0.0551904706573538
0.7,PLS,0.0744159442162204
0.7,PLS,0.0916307745736777
0.7,PLS,0.0468824935958267
0.7,PLS,0.0874066476171869
0.7,PLS,0.0909992249284266
0.7,PLS,0.0854141021063939
0.7,PLS,0.0538726814086532
0.7,PLS,0.0134776765187112
0.7,PLS,0.18221132363147
0.7,PLS,0.0513009945259744
0.7,PLS,0.0619363263186334
0.7,PLS,0.138205954723655
0.7,PLS,0.0211545034042091
0.7,PLS,0.0199009900449061
0.7,PLS,0.215179447725867
0.7,PLS,0.0601090820528472
0.7,PLS,0.0181428007449103
0.7,PLS,0.0935259147507843
0.7,PLS,0.0391005204534549
0.7,PLS,0.106984667920444
0.7,PLS,0.0816266463567166
0.7,PLS,0.00908584707271043
0.7,PLS,0.141193069694575
0.7,PLS,0.0914986424886686
0.7,PLS,0.103813864721665
0.7,PLS,0.16625097676778
0.7,PLS,0.0673506056849531
0.7,PLS,0.0692236217752626
0.7,PLS,0.0152028265158626
0.7,PLS,0.0119694346696075
0.7,PLS,0.0041935398777424
0.7,PLS,0.0934153276496945
0.7,PLS,0.0807186769994368
0.7,PLS,0.0421106291040163
0.7,PLS,0.100907614285002
0.7,PLS,-0.00379502222713624
0.7,PLS,0.147809449666312
0.7,PLS,0.0800554242185281
0.7,PLS,0.0872599400839482
0.7,PLS,0.0108918842391621
0.7,PLS,0.0441394429094384
0.7,PLS,0.102909767100231
0.7,PLS,0.0216534953402623
0.7,PLS,0.160083578983573
0.7,PLS,-0.00584830028338934
0.7,PLS,0.0579509257515407
0.7,PLS,0.157298817485186
0.7,PLS,0.122605786986048
0.7,PLS,0.141217942114385
0.7,PLS,0.0976242138636574
0.7,PLS,0.0911868328925169
0.7,PLS,0.0664113193805942
0.7,PLS,0.166168598970663
0.7,PLS,0.129346138493191
0.7,PLS,0.10787646638145
0.7,PLS,0.0945255907239384
0.7,PLS,0.140021088442944
0.7,PLS,0.0921834224588036
0.7,PLS,0.136006258859315
0.7,PLS,0.0807377826742235
0.7,PLS,0.033721903128763
0.7,PLS,0.0867116332942723
0.7,PLS,0.123895487458179
0.7,PLS,0.0518838020275756
0.7,PLS,0.0698941083953706
0.7,PLS,0.158083310212067
0.7,PLS,0.0696653714936992
0.7,PLS,0.21458137560664
0.7,PLS,0.0953820110254298
0.7,PLS,0.0841724438039588
0.7,PLS,0.126461183990901
0.7,PLS,0.0484803644232636
0.7,PLS,0.0203950775358224
0.7,PLS,0.0491519339527453
0.7,PLS,0.144780094913586
0.7,PLS,0.115980073393881
0.7,PLS,0.0682852536524294
0.7,PLS,0.14370185979518
0.7,PLS,0.0619418351439718
0.7,PLS,0.072764900875153
0.7,PLS,0.0553994246973561
0.7,PLS,0.0574713383894421
0.7,PLS,-0.00448961425103001
0.7,PLS,0.0718251946740138
0.7,PLS,0.0820123166778546
0.7,PLS,-0.0189132459387513
0.7,PLS,0.0962372575970409
0.7,PLS,0.0572800856764677
0.7,PLS,0.0427858881311196
0.7,PLS,0.0934739456989617
0.7,PLS,0.0415502687301779
0.7,PLS,0.0965485763149407
0.7,PLS,0.0516292244289078
0.7,PLS,0.0210108582908068
0.7,PLS,-0.0357586020517807
0.7,PLS,0.0596907055391895
0.7,PLS,-0.0328954863322994
0.7,PLS,0.0496385219364226
0.7,PLS,0.135737326022179
0.7,PLS,0.0804856162541934
0.7,PLS,0.0654898755028612
0.7,PLS,0.103659160226165
0.7,PLS,0.134653829993004
0.7,PLS,0.0774076984128285
0.7,PLS,0.0896181397194067
0.7,PLS,0.0635209714874345
0.7,PLS,0.0143717375790002
0.7,PLS,0.0820883628476168
0.7,PLS,0.0632583536962463
0.7,fTS,0.140165568986137
0.7,fTS,0.0753056618401753
0.7,fTS,0.108217177527186
0.7,fTS,0.0694511077312761
0.7,fTS,0.0175122743678449
0.7,fTS,-0.00517633442203547
0.7,fTS,0.068992740778818
0.7,fTS,0.0340729003959217
0.7,fTS,0.0344292368433352
0.7,fTS,0.100828414684346
0.7,fTS,0.0294689218930608
0.7,fTS,0.00267649941057369
0.7,fTS,0.10025730687803
0.7,fTS,0.057416091480007
0.7,fTS,0.0578226609137682
0.7,fTS,0.0670205160517916
0.7,fTS,0.0348071772044702
0.7,fTS,0.0334733542408467
0.7,fTS,0.108477955844518
0.7,fTS,0.0527035863607672
0.7,fTS,0.145651689882881
0.7,fTS,0.0557456315491023
0.7,fTS,0.0856514284964853
0.7,fTS,0.0716464132012955
0.7,fTS,0.032110818851361
0.7,fTS,-0.00455823239747055
0.7,fTS,0.0458298032029731
0.7,fTS,0.0117166989653108
0.7,fTS,0.121230574148776
0.7,fTS,0.0737311043439872
0.7,fTS,0.10618147042027
0.7,fTS,0.0167788639747344
0.7,fTS,0.0544237035710198
0.7,fTS,0.0989839098252439
0.7,fTS,0.0130013636950279
0.7,fTS,-0.00291404029971454
0.7,fTS,0.0204602450134339
0.7,fTS,-0.0174546742499051
0.7,fTS,0.11262314601992
0.7,fTS,0.103727962862425
0.7,fTS,0.113695350488794
0.7,fTS,0.115233871204057
0.7,fTS,-0.013328170488598
0.7,fTS,0.120239695868551
0.7,fTS,0.109466798091523
0.7,fTS,0.104251848239164
0.7,fTS,0.0142935206441928
0.7,fTS,-0.00162744002878545
0.7,fTS,0.0247132113249995
0.7,fTS,0.130670271503686
0.7,fTS,0.0603135911778403
0.7,fTS,0.0533759052165761
0.7,fTS,0.0964506146242141
0.7,fTS,0.0376392191319983
0.7,fTS,0.0558210383964137
0.7,fTS,0.120317302307644
0.7,fTS,0.109520714865895
0.7,fTS,-0.00184154588403318
0.7,fTS,0.0157572520925078
0.7,fTS,0.0777216269306229
0.7,fTS,0.0241442382841053
0.7,fTS,0.093502498029721
0.7,fTS,0.0421746802865408
0.7,fTS,0.046318726660364
0.7,fTS,0.105266740651085
0.7,fTS,0.14322620502777
0.7,fTS,0.0986800702526174
0.7,fTS,0.109934807307568
0.7,fTS,0.0505462903502596
0.7,fTS,0.0486138060187469
0.7,fTS,0.0436518448708703
0.7,fTS,0.055840553713308
0.7,fTS,0.048362644510199
0.7,fTS,0.1474834914148
0.7,fTS,0.0373615842029467
0.7,fTS,0.100109691231831
0.7,fTS,0.112435927714879
0.7,fTS,0.0424363479988688
0.7,fTS,0.0729457117460697
0.7,fTS,0.0518254460329914
0.7,fTS,0.0498087832854093
0.7,fTS,0.0700801858980911
0.7,fTS,0.119745149595312
0.7,fTS,0.0764325469453409
0.7,fTS,0.0995356600523689
0.7,fTS,0.0628261863144883
0.7,fTS,0.0790405404189476
0.7,fTS,0.0430612394894214
0.7,fTS,0.0561935731027512
0.7,fTS,0.0219416937637558
0.7,fTS,0.048073387169131
0.7,fTS,0.0640147098531976
0.7,fTS,0.0745476103355729
0.7,fTS,0.0515254085783508
0.7,fTS,0.0792853219710468
0.7,fTS,0.0826676189179143
0.7,fTS,0.0768866904612178
0.7,fTS,0.0493751269548315
0.7,fTS,0.0144077100345046
0.7,fTS,0.164869869970983
0.7,fTS,0.0245476644573976
0.7,fTS,0.0445698449737735
0.7,fTS,0.135402594450849
0.7,fTS,0.00903183733038415
0.7,fTS,0.0172511879398136
0.7,fTS,0.204333860825626
0.7,fTS,0.0562096662914209
0.7,fTS,0.013165797255295
0.7,fTS,0.0800268233471713
0.7,fTS,0.0376497226360777
0.7,fTS,0.0972628219385143
0.7,fTS,0.0792123776662539
0.7,fTS,-0.00100567246331318
0.7,fTS,0.133274653663676
0.7,fTS,0.0961692059635346
0.7,fTS,0.101749374532182
0.7,fTS,0.152433099021725
0.7,fTS,0.0768876132421632
0.7,fTS,0.0656824180450608
0.7,fTS,0.0187634727139332
0.7,fTS,0.00873015434658697
0.7,fTS,-0.0121556317780366
0.7,fTS,0.104061023561036
0.7,fTS,0.0683359017206049
0.7,fTS,0.0270235348512851
0.7,fTS,0.0898343013758527
0.7,fTS,-0.00887105153967094
0.7,fTS,0.122766562469693
0.7,fTS,0.0720899300496487
0.7,fTS,0.0777303972113357
0.7,fTS,0.00223565314884233
0.7,fTS,0.0311934292005565
0.7,fTS,0.0893347421269846
0.7,fTS,0.0219803959838039
0.7,fTS,0.151754443408538
0.7,fTS,-0.0109407216541945
0.7,fTS,0.0532252075629824
0.7,fTS,0.164435326949443
0.7,fTS,0.118747768446457
0.7,fTS,0.134819287059688
0.7,fTS,0.085344347627357
0.7,fTS,0.0667912975720872
0.7,fTS,0.0659465768163268
0.7,fTS,0.157857118842822
0.7,fTS,0.130469555414442
0.7,fTS,0.115588544289875
0.7,fTS,0.0752828266314252
0.7,fTS,0.116602717291814
0.7,fTS,0.0791469088583612
0.7,fTS,0.134227096513486
0.7,fTS,0.0757716595815479
0.7,fTS,0.0247873690849771
0.7,fTS,0.0579238591773417
0.7,fTS,0.110583333715356
0.7,fTS,0.0536637382833816
0.7,fTS,0.0641012691708753
0.7,fTS,0.162371011095568
0.7,fTS,0.0803913913182122
0.7,fTS,0.199938955151532
0.7,fTS,0.0763223060805791
0.7,fTS,0.0590599645580547
0.7,fTS,0.121453732929634
0.7,fTS,0.0425835250877749
0.7,fTS,0.00925164773256548
0.7,fTS,0.048515226320698
0.7,fTS,0.14145047139163
0.7,fTS,0.117660820142676
0.7,fTS,0.0582345267671345
0.7,fTS,0.159311702593201
0.7,fTS,0.071490260313789
0.7,fTS,0.0582427626803315
0.7,fTS,0.0490753538465913
0.7,fTS,0.0517482050336366
0.7,fTS,-0.00857249712298414
0.7,fTS,0.0625313232135474
0.7,fTS,0.0735211392020771
0.7,fTS,-0.0147781001854693
0.7,fTS,0.111480709630273
0.7,fTS,0.0474015433257391
0.7,fTS,0.0465638504512711
0.7,fTS,0.0929113959337629
0.7,fTS,0.0249949088602244
0.7,fTS,0.0960561602934864
0.7,fTS,0.0450383936236722
0.7,fTS,0.00998514319111821
0.7,fTS,-0.0350913993014977
0.7,fTS,0.0338327848582309
0.7,fTS,-0.0283047791822142
0.7,fTS,0.0271581220170425
0.7,fTS,0.139435070146553
0.7,fTS,0.0843483296503955
0.7,fTS,0.0705710802461721
0.7,fTS,0.0887063666457206
0.7,fTS,0.121691567387333
0.7,fTS,0.0623193505296631
0.7,fTS,0.0853879181961743
0.7,fTS,0.0571137880936488
0.7,fTS,0.000384459329444864
0.7,fTS,0.080934304292362
0.7,fTS,0.0538838525495526
0.7,LS_oracle,0.123016052669332
0.7,LS_oracle,0.0836560755919451
0.7,LS_oracle,0.116309567205941
0.7,LS_oracle,0.0746307534297725
0.7,LS_oracle,0.0321277832766604
0.7,LS_oracle,0.00132035559819488
0.7,LS_oracle,0.101812744988624
0.7,LS_oracle,0.0432917930688148
0.7,LS_oracle,0.0413040678648662
0.7,LS_oracle,0.0971129581267831
0.7,LS_oracle,0.044030250543929
0.7,LS_oracle,0.0110951472792824
0.7,LS_oracle,0.110451545173475
0.7,LS_oracle,0.0574469129544637
0.7,LS_oracle,0.0629051488556571
0.7,LS_oracle,0.0702986398898537
0.7,LS_oracle,0.0586284423648207
0.7,LS_oracle,0.0290060637160008
0.7,LS_oracle,0.108632465636198
0.7,LS_oracle,0.070192703675849
0.7,LS_oracle,0.163982519856494
0.7,LS_oracle,0.0715151199298401
0.7,LS_oracle,0.0798929851366565
0.7,LS_oracle,0.0724284857628714
0.7,LS_oracle,0.0415841670400727
0.7,LS_oracle,0.0145435718048224
0.7,LS_oracle,0.0325055892776762
0.7,LS_oracle,0.0294419788162814
0.7,LS_oracle,0.122914269075626
0.7,LS_oracle,0.0768343573269445
0.7,LS_oracle,0.115253653407553
0.7,LS_oracle,0.0170675592545777
0.7,LS_oracle,0.0484136826874033
0.7,LS_oracle,0.102707524704607
0.7,LS_oracle,0.0263482409705016
0.7,LS_oracle,0.00906254726675693
0.7,LS_oracle,0.0482116131857229
0.7,LS_oracle,-0.0200361421786578
0.7,LS_oracle,0.117938544390683
0.7,LS_oracle,0.111492366329172
0.7,LS_oracle,0.110164141426466
0.7,LS_oracle,0.0872358004019638
0.7,LS_oracle,-0.00691075393293195
0.7,LS_oracle,0.113782685337413
0.7,LS_oracle,0.112942852386011
0.7,LS_oracle,0.122845091404802
0.7,LS_oracle,0.02211968051626
0.7,LS_oracle,0.00103092116525949
0.7,LS_oracle,0.0363727513016474
0.7,LS_oracle,0.126974140568734
0.7,LS_oracle,0.0573205297506614
0.7,LS_oracle,0.0497791019394576
0.7,LS_oracle,0.121584738091843
0.7,LS_oracle,0.0387473276950638
0.7,LS_oracle,0.0578874237681577
0.7,LS_oracle,0.1419682766726
0.7,LS_oracle,0.109830280980323
0.7,LS_oracle,0.0142143881609926
0.7,LS_oracle,0.0208370829415547
0.7,LS_oracle,0.0879412078539568
0.7,LS_oracle,0.0316611265332605
0.7,LS_oracle,0.0946797004379016
0.7,LS_oracle,0.0475746373754782
0.7,LS_oracle,0.050159636520043
0.7,LS_oracle,0.109247878812189
0.7,LS_oracle,0.135091947123449
0.7,LS_oracle,0.0998797716480995
0.7,LS_oracle,0.11385458446832
0.7,LS_oracle,0.0615797282430672
0.7,LS_oracle,0.0636403665178111
0.7,LS_oracle,0.0456907887147164
0.7,LS_oracle,0.0640587291737058
0.7,LS_oracle,0.0469643758287621
0.7,LS_oracle,0.179089549150524
0.7,LS_oracle,0.0273261106613905
0.7,LS_oracle,0.0983922206013039
0.7,LS_oracle,0.117740976960121
0.7,LS_oracle,0.047989114933779
0.7,LS_oracle,0.0907051931228733
0.7,LS_oracle,0.0582002129170207
0.7,LS_oracle,0.0643195284496978
0.7,LS_oracle,0.080045857029978
0.7,LS_oracle,0.111600911543145
0.7,LS_oracle,0.0884925517129969
0.7,LS_oracle,0.11629868264947
0.7,LS_oracle,0.083842955346523
0.7,LS_oracle,0.075892478780639
0.7,LS_oracle,0.0465000453485813
0.7,LS_oracle,0.0649212161187367
0.7,LS_oracle,0.0208894585233699
0.7,LS_oracle,0.0563148523031805
0.7,LS_oracle,0.0742759804940198
0.7,LS_oracle,0.0885571847212232
0.7,LS_oracle,0.047301511690929
0.7,LS_oracle,0.0874590471633396
0.7,LS_oracle,0.085117440837819
0.7,LS_oracle,0.0851064074121528
0.7,LS_oracle,0.0524606717750153
0.7,LS_oracle,0.0131452077209284
0.7,LS_oracle,0.182379775510894
0.7,LS_oracle,0.0526752203120486
0.7,LS_oracle,0.0600242197283176
0.7,LS_oracle,0.137444676785892
0.7,LS_oracle,0.022449884315586
0.7,LS_oracle,0.0185295258493332
0.7,LS_oracle,0.212788743576418
0.7,LS_oracle,0.0574837581207637
0.7,LS_oracle,0.0191697022500412
0.7,LS_oracle,0.0911243007576836
0.7,LS_oracle,0.0395933073800476
0.7,LS_oracle,0.105611882011728
0.7,LS_oracle,0.0782587956653222
0.7,LS_oracle,0.00890095806455982
0.7,LS_oracle,0.144107709010617
0.7,LS_oracle,0.0921296240387894
0.7,LS_oracle,0.105880246706316
0.7,LS_oracle,0.167078383385765
0.7,LS_oracle,0.0668622781810817
0.7,LS_oracle,0.0702819596402953
0.7,LS_oracle,0.0150309686643582
0.7,LS_oracle,0.0118990087597941
0.7,LS_oracle,0.0028032482506295
0.7,LS_oracle,0.0928949410710369
0.7,LS_oracle,0.0810763762434628
0.7,LS_oracle,0.0407496220568762
0.7,LS_oracle,0.101582118537949
0.7,LS_oracle,-0.00530986027157299
0.7,LS_oracle,0.145073728877851
0.7,LS_oracle,0.081004766545737
0.7,LS_oracle,0.087444905133244
0.7,LS_oracle,0.0110504213121554
0.7,LS_oracle,0.0436592763247261
0.7,LS_oracle,0.103497625347929
0.7,LS_oracle,0.0217949500575785
0.7,LS_oracle,0.161295706471558
0.7,LS_oracle,-0.00601696656336237
0.7,LS_oracle,0.0559437334081525
0.7,LS_oracle,0.157159149675576
0.7,LS_oracle,0.122750121625028
0.7,LS_oracle,0.14068069657262
0.7,LS_oracle,0.0977336047596451
0.7,LS_oracle,0.0897880321494953
0.7,LS_oracle,0.0668151753358825
0.7,LS_oracle,0.164394388468714
0.7,LS_oracle,0.130165946520592
0.7,LS_oracle,0.108551916433141
0.7,LS_oracle,0.0934272595710042
0.7,LS_oracle,0.121798622064257
0.7,LS_oracle,0.0871647960123976
0.7,LS_oracle,0.136468982837538
0.7,LS_oracle,0.0807125970735045
0.7,LS_oracle,0.0314572729971019
0.7,LS_oracle,0.086047495897865
0.7,LS_oracle,0.123357459902455
0.7,LS_oracle,0.0499080578734821
0.7,LS_oracle,0.069994234728924
0.7,LS_oracle,0.157444197330948
0.7,LS_oracle,0.0724902847706108
0.7,LS_oracle,0.216390262213307
0.7,LS_oracle,0.0960802248248236
0.7,LS_oracle,0.0786065835327674
0.7,LS_oracle,0.127426354232454
0.7,LS_oracle,0.0504984516636529
0.7,LS_oracle,0.0205300046228492
0.7,LS_oracle,0.0512438840975307
0.7,LS_oracle,0.144737718082985
0.7,LS_oracle,0.113396543600216
0.7,LS_oracle,0.0678634243099228
0.7,LS_oracle,0.13641151810704
0.7,LS_oracle,0.0595860744080805
0.7,LS_oracle,0.0708705673954066
0.7,LS_oracle,0.054291105320277
0.7,LS_oracle,0.0567097372184588
0.7,LS_oracle,-0.00427570908220776
0.7,LS_oracle,0.0710792017195556
0.7,LS_oracle,0.0808496906939078
0.7,LS_oracle,-0.0186700956184183
0.7,LS_oracle,0.0962212419586752
0.7,LS_oracle,0.0580627802600659
0.7,LS_oracle,0.0414132144214832
0.7,LS_oracle,0.0950707945183076
0.7,LS_oracle,0.043388404079453
0.7,LS_oracle,0.0959329623319298
0.7,LS_oracle,0.0523994819787632
0.7,LS_oracle,0.0210231477615408
0.7,LS_oracle,-0.0361104342028986
0.7,LS_oracle,0.0546360231250866
0.7,LS_oracle,-0.0330917890616164
0.7,LS_oracle,0.0493045506452852
0.7,LS_oracle,0.137951770992872
0.7,LS_oracle,0.080665466849009
0.7,LS_oracle,0.0654915093395101
0.7,LS_oracle,0.103618305404368
0.7,LS_oracle,0.121856337546263
0.7,LS_oracle,0.0764469808293846
0.7,LS_oracle,0.0891196092640061
0.7,LS_oracle,0.0608097991191148
0.7,LS_oracle,0.0127659411757381
0.7,LS_oracle,0.0821035656025131
0.7,LS_oracle,0.0635846393122614
0.7,TS_oracle,0.140165772297896
0.7,TS_oracle,0.074571492840843
0.7,TS_oracle,0.107698749182368
0.7,TS_oracle,0.0692921444799588
0.7,TS_oracle,0.0180673935846996
0.7,TS_oracle,-0.00517003038407549
0.7,TS_oracle,0.0691903802495792
0.7,TS_oracle,0.0342500765697944
0.7,TS_oracle,0.0345576880701428
0.7,TS_oracle,0.0940861379674147
0.7,TS_oracle,0.028820251641716
0.7,TS_oracle,0.00252010399283886
0.7,TS_oracle,0.0989628284002846
0.7,TS_oracle,0.0574141745306176
0.7,TS_oracle,0.0578776546607758
0.7,TS_oracle,0.0678020305641962
0.7,TS_oracle,0.0347956975228338
0.7,TS_oracle,0.0334193485150245
0.7,TS_oracle,0.109082757791584
0.7,TS_oracle,0.0518941451162742
0.7,TS_oracle,0.14527763086159
0.7,TS_oracle,0.0570978125226675
0.7,TS_oracle,0.0845955464559978
0.7,TS_oracle,0.0718228293021692
0.7,TS_oracle,0.0327075110530131
0.7,TS_oracle,-0.00447609023356543
0.7,TS_oracle,0.0454179245123465
0.7,TS_oracle,0.0118933740937166
0.7,TS_oracle,0.121758621489167
0.7,TS_oracle,0.0740358122597899
0.7,TS_oracle,0.104612123695761
0.7,TS_oracle,0.0170110695428696
0.7,TS_oracle,0.054205008573019
0.7,TS_oracle,0.0979365454491505
0.7,TS_oracle,0.0113626170468766
0.7,TS_oracle,-0.00276302282475227
0.7,TS_oracle,0.0204068900338172
0.7,TS_oracle,-0.0175249502864767
0.7,TS_oracle,0.11261108618222
0.7,TS_oracle,0.103709505407838
0.7,TS_oracle,0.113687618281653
0.7,TS_oracle,0.11495989610001
0.7,TS_oracle,-0.0131851711022535
0.7,TS_oracle,0.11859456248338
0.7,TS_oracle,0.109576917603788
0.7,TS_oracle,0.102142507240259
0.7,TS_oracle,0.0135974665199259
0.7,TS_oracle,-0.00395440732815822
0.7,TS_oracle,0.0249808270679985
0.7,TS_oracle,0.13010790874127
0.7,TS_oracle,0.0593092849058132
0.7,TS_oracle,0.0534080727937747
0.7,TS_oracle,0.0965731407385457
0.7,TS_oracle,0.0351260182165931
0.7,TS_oracle,0.0559697060925923
0.7,TS_oracle,0.118680935511299
0.7,TS_oracle,0.110659367451363
0.7,TS_oracle,-0.00131110035465931
0.7,TS_oracle,0.0127573080804821
0.7,TS_oracle,0.0763636606983593
0.7,TS_oracle,0.0240964212603809
0.7,TS_oracle,0.0934429854455028
0.7,TS_oracle,0.0426538091984536
0.7,TS_oracle,0.0466691926168661
0.7,TS_oracle,0.104663476922799
0.7,TS_oracle,0.143301079890858
0.7,TS_oracle,0.0988330370529436
0.7,TS_oracle,0.109142556085439
0.7,TS_oracle,0.0502180970003681
0.7,TS_oracle,0.0484149796708355
0.7,TS_oracle,0.0429271041026658
0.7,TS_oracle,0.0560604640316498
0.7,TS_oracle,0.0490114133415951
0.7,TS_oracle,0.146228971624717
0.7,TS_oracle,0.0370365634714496
0.7,TS_oracle,0.0999668266217786
0.7,TS_oracle,0.110729267741173
0.7,TS_oracle,0.042465790112062
0.7,TS_oracle,0.0737723140997997
0.7,TS_oracle,0.0517144598113923
0.7,TS_oracle,0.0497489405563016
0.7,TS_oracle,0.0700853799822432
0.7,TS_oracle,0.11806613516667
0.7,TS_oracle,0.0746470655859888
0.7,TS_oracle,0.0995950220953066
0.7,TS_oracle,0.0630340831266567
0.7,TS_oracle,0.0792206685567363
0.7,TS_oracle,0.0420850225046667
0.7,TS_oracle,0.0560200225773162
0.7,TS_oracle,0.0213492194734566
0.7,TS_oracle,0.0471222104652507
0.7,TS_oracle,0.0631273851952021
0.7,TS_oracle,0.0721792512281085
0.7,TS_oracle,0.0513117066686044
0.7,TS_oracle,0.0793793734534813
0.7,TS_oracle,0.0805261546482527
0.7,TS_oracle,0.0766348036146312
0.7,TS_oracle,0.0495650619246473
0.7,TS_oracle,0.0150861235994211
0.7,TS_oracle,0.164861008539621
0.7,TS_oracle,0.0246595662989493
0.7,TS_oracle,0.0442670710661999
0.7,TS_oracle,0.114632241682508
0.7,TS_oracle,0.00911773031060958
0.7,TS_oracle,0.0171415716326655
0.7,TS_oracle,0.204599757017429
0.7,TS_oracle,0.0525164098538442
0.7,TS_oracle,0.0128389164570981
0.7,TS_oracle,0.0799731684375951
0.7,TS_oracle,0.0379125140658327
0.7,TS_oracle,0.0957620908589296
0.7,TS_oracle,0.0788968652887638
0.7,TS_oracle,-0.00106927360005749
0.7,TS_oracle,0.133915224505348
0.7,TS_oracle,0.0963344157233879
0.7,TS_oracle,0.101737853390484
0.7,TS_oracle,0.15264952377614
0.7,TS_oracle,0.0773609776650961
0.7,TS_oracle,0.0657535074558648
0.7,TS_oracle,0.017855211370926
0.7,TS_oracle,0.00873418169404694
0.7,TS_oracle,-0.0121567737778701
0.7,TS_oracle,0.104146615047559
0.7,TS_oracle,0.0684252364570521
0.7,TS_oracle,0.0233767586835931
0.7,TS_oracle,0.0900212177313049
0.7,TS_oracle,-0.00953623947767512
0.7,TS_oracle,0.122006972988028
0.7,TS_oracle,0.0721234483451036
0.7,TS_oracle,0.0779144238988694
0.7,TS_oracle,0.0032976612865574
0.7,TS_oracle,0.0312026315768676
0.7,TS_oracle,0.0894362119866883
0.7,TS_oracle,0.0220557723855224
0.7,TS_oracle,0.152248216994426
0.7,TS_oracle,-0.0103817395937958
0.7,TS_oracle,0.0514983900109225
0.7,TS_oracle,0.164599397161314
0.7,TS_oracle,0.118076963328283
0.7,TS_oracle,0.134685487512
0.7,TS_oracle,0.0863318291322452
0.7,TS_oracle,0.0669423971974679
0.7,TS_oracle,0.0665702749918629
0.7,TS_oracle,0.157865663933876
0.7,TS_oracle,0.130824295884918
0.7,TS_oracle,0.115166128258989
0.7,TS_oracle,0.0748717026237917
0.7,TS_oracle,0.115626323776808
0.7,TS_oracle,0.0799017032226303
0.7,TS_oracle,0.134128904162308
0.7,TS_oracle,0.0757596189306802
0.7,TS_oracle,0.0236879005020088
0.7,TS_oracle,0.0569307096083687
0.7,TS_oracle,0.103684654504254
0.7,TS_oracle,0.0535581887565122
0.7,TS_oracle,0.0641446588885963
0.7,TS_oracle,0.16224242873868
0.7,TS_oracle,0.0803309670957675
0.7,TS_oracle,0.200143356643697
0.7,TS_oracle,0.0779847540766263
0.7,TS_oracle,0.0581135647311202
0.7,TS_oracle,0.121572344227911
0.7,TS_oracle,0.0415410651606811
0.7,TS_oracle,0.0092450866185918
0.7,TS_oracle,0.0491669792813978
0.7,TS_oracle,0.141650784185569
0.7,TS_oracle,0.117440990166144
0.7,TS_oracle,0.0578323950310264
0.7,TS_oracle,0.141164773985594
0.7,TS_oracle,0.0716163171874404
0.7,TS_oracle,0.0578966951069435
0.7,TS_oracle,0.0471702494956034
0.7,TS_oracle,0.0513587839343448
0.7,TS_oracle,-0.00854497677601762
0.7,TS_oracle,0.062341259497986
0.7,TS_oracle,0.0738324262299144
0.7,TS_oracle,-0.0147000423006833
0.7,TS_oracle,0.111641737164745
0.7,TS_oracle,0.047462629963793
0.7,TS_oracle,0.0465596332676161
0.7,TS_oracle,0.0926540451485407
0.7,TS_oracle,0.0252007826233265
0.7,TS_oracle,0.095647027673162
0.7,TS_oracle,0.0445106699076041
0.7,TS_oracle,0.0101376919932685
0.7,TS_oracle,-0.0375266489093355
0.7,TS_oracle,0.0312082217971361
0.7,TS_oracle,-0.0283290748630888
0.7,TS_oracle,0.027508970923076
0.7,TS_oracle,0.139752067973179
0.7,TS_oracle,0.0849909627000653
0.7,TS_oracle,0.0705785682930518
0.7,TS_oracle,0.0886942846423868
0.7,TS_oracle,0.121784527311707
0.7,TS_oracle,0.0620728072031909
0.7,TS_oracle,0.0842246801093063
0.7,TS_oracle,0.057184388949818
0.7,TS_oracle,0.000290911040787156
0.7,TS_oracle,0.0791992144956541
0.7,TS_oracle,0.0538754300809952
0.8,PLS,0.161128997902741
0.8,PLS,0.0205573531497998
0.8,PLS,0.0503384121860864
0.8,PLS,0.0604654011333892
0.8,PLS,0.123557685592236
0.8,PLS,0.114701544061246
0.8,PLS,0.024769146973056
0.8,PLS,0.0908993608056892
0.8,PLS,0.0809303520073568
0.8,PLS,0.0107953460261128
0.8,PLS,0.0203048733702991
0.8,PLS,0.0569938297971195
0.8,PLS,0.0292147368896309
0.8,PLS,0.00973146068615005
0.8,PLS,0.103744560055411
0.8,PLS,0.0047530912604834
0.8,PLS,0.094449725751919
0.8,PLS,0.0715064931483216
0.8,PLS,0.0855104648095453
0.8,PLS,0.0993421240312717
0.8,PLS,0.131907956449656
0.8,PLS,0.0729324990240665
0.8,PLS,0.127671062634216
0.8,PLS,0.0411823853990947
0.8,PLS,0.076235730228577
0.8,PLS,0.0494237264123909
0.8,PLS,0.106053961369893
0.8,PLS,0.100205366603667
0.8,PLS,0.123265039011883
0.8,PLS,0.103563166385506
0.8,PLS,0.0417415819016216
0.8,PLS,0.176009034076541
0.8,PLS,0.127698763309776
0.8,PLS,0.0974261027319514
0.8,PLS,0.0141173042961655
0.8,PLS,0.113776215007636
0.8,PLS,0.117966895676699
0.8,PLS,0.0949118160126059
0.8,PLS,0.124929844558488
0.8,PLS,0.0124120030282135
0.8,PLS,0.0530501377030614
0.8,PLS,0.130263907666152
0.8,PLS,0.142414387474202
0.8,PLS,0.048190025360231
0.8,PLS,0.126968295206151
0.8,PLS,0.0187697948485732
0.8,PLS,0.0391290536826188
0.8,PLS,0.0366175175355026
0.8,PLS,0.0177192193487328
0.8,PLS,0.121583366444226
0.8,PLS,0.0473954750435062
0.8,PLS,0.0866318311499534
0.8,PLS,0.0800565736241015
0.8,PLS,0.16860333759504
0.8,PLS,0.0901944622899162
0.8,PLS,0.0474867705315141
0.8,PLS,0.0227466502108942
0.8,PLS,0.0745050160626437
0.8,PLS,0.0123568942289392
0.8,PLS,0.13723005531789
0.8,PLS,0.0692953406017769
0.8,PLS,0.0959270239527783
0.8,PLS,-0.0472150716015194
0.8,PLS,0.0583336707836712
0.8,PLS,0.0728476390955481
0.8,PLS,0.0350495805940136
0.8,PLS,0.0378391133775335
0.8,PLS,0.0614852143787441
0.8,PLS,0.162517671546625
0.8,PLS,0.169217503923801
0.8,PLS,-0.00152229862736308
0.8,PLS,0.0243802482055713
0.8,PLS,0.0827790727861142
0.8,PLS,0.077599431620019
0.8,PLS,0.0876723217975071
0.8,PLS,0.0854484206608137
0.8,PLS,0.0592205205833618
0.8,PLS,0.0625018512033275
0.8,PLS,0.0662858782345614
0.8,PLS,0.0270147595956791
0.8,PLS,0.0416476810680599
0.8,PLS,0.0605416374933538
0.8,PLS,0.150452443531223
0.8,PLS,0.106889182032666
0.8,PLS,0.100602478381552
0.8,PLS,0.138191472255116
0.8,PLS,0.0510392135756721
0.8,PLS,0.120175276315916
0.8,PLS,0.148947060234543
0.8,PLS,0.0297064695836644
0.8,PLS,0.00438992370596658
0.8,PLS,-0.0468546144094549
0.8,PLS,0.0858999479910187
0.8,PLS,0.0809567690209494
0.8,PLS,0.0926238408940914
0.8,PLS,0.0459980204259507
0.8,PLS,-0.0211884636833216
0.8,PLS,0.0722161167427904
0.8,PLS,0.0209320631378984
0.8,PLS,0.0865491847379969
0.8,PLS,0.0905619093100813
0.8,PLS,0.136713750293801
0.8,PLS,-0.000483962923466308
0.8,PLS,0.0648317905185458
0.8,PLS,0.0544086680072553
0.8,PLS,0.0840013181165102
0.8,PLS,0.119017587629245
0.8,PLS,0.0751071421198504
0.8,PLS,0.0731571577894683
0.8,PLS,0.026524594594465
0.8,PLS,0.106880500133422
0.8,PLS,0.00358570850855866
0.8,PLS,0.154482048538996
0.8,PLS,0.0342189588357216
0.8,PLS,0.0668943550881711
0.8,PLS,0.0152361514249357
0.8,PLS,0.233228069556852
0.8,PLS,0.0487501571910804
0.8,PLS,0.134497889446116
0.8,PLS,0.0671689614778743
0.8,PLS,0.0218439609378076
0.8,PLS,0.0144787627825427
0.8,PLS,0.0380976695030477
0.8,PLS,0.0971367000440395
0.8,PLS,0.0517791911823533
0.8,PLS,0.042418388984004
0.8,PLS,0.0488508398566838
0.8,PLS,0.106275166625307
0.8,PLS,-0.00317094354270531
0.8,PLS,0.0330901294157986
0.8,PLS,0.105151210178919
0.8,PLS,0.0457526639654482
0.8,PLS,0.0875137107625519
0.8,PLS,0.0753826049664064
0.8,PLS,0.0670178363901595
0.8,PLS,0.13479668820053
0.8,PLS,0.0975939108131241
0.8,PLS,0.00183472016116415
0.8,PLS,0.067810820989415
0.8,PLS,0.0589935055972235
0.8,PLS,-0.0402535177777402
0.8,PLS,0.0889256653749786
0.8,PLS,0.11896090778314
0.8,PLS,0.10512271474929
0.8,PLS,0.0807450540802608
0.8,PLS,0.101989906599723
0.8,PLS,0.0848778144531013
0.8,PLS,0.0658818675961961
0.8,PLS,0.0629431748686309
0.8,PLS,0.0168489904099076
0.8,PLS,0.0713081654759466
0.8,PLS,0.122569889921015
0.8,PLS,0.136537252305009
0.8,PLS,0.0762378971298272
0.8,PLS,0.0416537604672835
0.8,PLS,0.0838675034545111
0.8,PLS,0.0841207648182372
0.8,PLS,0.0175034785771941
0.8,PLS,0.0205484014462161
0.8,PLS,0.135806400688177
0.8,PLS,0.0829524991083088
0.8,PLS,0.151068772583729
0.8,PLS,0.0916324335475334
0.8,PLS,0.0991070119119852
0.8,PLS,0.0571316429672706
0.8,PLS,0.151197251958444
0.8,PLS,0.0411143115057189
0.8,PLS,0.112720412199441
0.8,PLS,0.0102288879432109
0.8,PLS,0.103414328724526
0.8,PLS,0.0309758562598421
0.8,PLS,0.0233704448565508
0.8,PLS,0.108975534813041
0.8,PLS,0.107261942352707
0.8,PLS,0.061851703729866
0.8,PLS,0.208305394324873
0.8,PLS,0.00365818721800859
0.8,PLS,0.0836016535471331
0.8,PLS,0.0813532552811991
0.8,PLS,0.100699916726029
0.8,PLS,0.0986842775866286
0.8,PLS,0.0109361582486296
0.8,PLS,0.0328849249960761
0.8,PLS,0.10673372495891
0.8,PLS,0.147988845085157
0.8,PLS,-0.0200267937536014
0.8,PLS,-0.00422273636433368
0.8,PLS,0.043796868864916
0.8,PLS,0.0478754171896048
0.8,PLS,0.0783116992944293
0.8,PLS,0.0193036110402673
0.8,PLS,0.0336794474494744
0.8,PLS,0.124936515387001
0.8,PLS,0.0668494940648616
0.8,PLS,0.172478500912812
0.8,PLS,0.00895230446836726
0.8,PLS,-0.0175355161026745
0.8,PLS,0.0635330417244833
0.8,PLS,0.147456259976146
0.8,PLS,0.0833005382619887
0.8,fTS,0.151193827788455
0.8,fTS,-0.00165366679715551
0.8,fTS,0.042235241044061
0.8,fTS,0.0431402029979056
0.8,fTS,0.10873185591421
0.8,fTS,0.110965664749243
0.8,fTS,0.0285768928641585
0.8,fTS,0.0765586334512429
0.8,fTS,0.0752777480806468
0.8,fTS,-0.0130651070402461
0.8,fTS,0.0154689926037093
0.8,fTS,0.0597816735521461
0.8,fTS,0.00515794818472992
0.8,fTS,0.0129714155841243
0.8,fTS,0.0938308003319062
0.8,fTS,0.00114268783210769
0.8,fTS,0.0758706743400883
0.8,fTS,0.0430983007950767
0.8,fTS,0.0914447456013292
0.8,fTS,0.0831293062039444
0.8,fTS,0.141088839535487
0.8,fTS,0.0845141462023191
0.8,fTS,0.111634111957277
0.8,fTS,0.0492247857481745
0.8,fTS,0.0591477146249164
0.8,fTS,0.0283168231799289
0.8,fTS,0.0862488922360705
0.8,fTS,0.0970294743825795
0.8,fTS,0.120340025869455
0.8,fTS,0.098799484586565
0.8,fTS,0.0490400403029279
0.8,fTS,0.168089460482592
0.8,fTS,0.129108653847531
0.8,fTS,0.0717875566673956
0.8,fTS,-1.00025329967668e-05
0.8,fTS,0.10282916701791
0.8,fTS,0.11425379810516
0.8,fTS,0.0679220570006001
0.8,fTS,0.112250624708178
0.8,fTS,0.0109694198982462
0.8,fTS,0.0556320751131592
0.8,fTS,0.126726875095551
0.8,fTS,0.153278405603657
0.8,fTS,0.0402311887501086
0.8,fTS,0.121681433324792
0.8,fTS,0.0168449374712971
0.8,fTS,0.0450493207570957
0.8,fTS,0.0248208879528655
0.8,fTS,0.00878732772422652
0.8,fTS,0.124336241488929
0.8,fTS,0.0376737337012309
0.8,fTS,0.0812981435149414
0.8,fTS,0.0797843126622484
0.8,fTS,0.162956252411763
0.8,fTS,0.0775254714899856
0.8,fTS,0.0417472336130356
0.8,fTS,0.0191625627572576
0.8,fTS,0.0241764096593413
0.8,fTS,0.00559429818441037
0.8,fTS,0.157112546587431
0.8,fTS,0.0407409534024914
0.8,fTS,0.076104319604035
0.8,fTS,-0.0485297786157705
0.8,fTS,0.0578321496081857
0.8,fTS,0.0641693731771689
0.8,fTS,0.0394950416834963
0.8,fTS,0.0358352290904176
0.8,fTS,0.045253303499095
0.8,fTS,0.163102648966414
0.8,fTS,0.154386418582491
0.8,fTS,-0.00200242028539843
0.8,fTS,0.014846698704591
0.8,fTS,0.0698210345748451
0.8,fTS,0.0712914514297061
0.8,fTS,0.0744888150570899
0.8,fTS,0.0721348940458664
0.8,fTS,0.0382444628505554
0.8,fTS,0.0524956234191045
0.8,fTS,0.0663595461571311
0.8,fTS,0.0319056635711035
0.8,fTS,0.0310071781704415
0.8,fTS,0.0535761284819365
0.8,fTS,0.140482233910805
0.8,fTS,0.0886212053906823
0.8,fTS,0.0902969779871421
0.8,fTS,0.127139291030046
0.8,fTS,0.0493710974106252
0.8,fTS,0.116278637618134
0.8,fTS,0.137906449410339
0.8,fTS,0.0246664903972817
0.8,fTS,-0.0107985721868464
0.8,fTS,-0.0462524214689555
0.8,fTS,0.0733033744141871
0.8,fTS,0.070844482614149
0.8,fTS,0.0754301525432859
0.8,fTS,0.0369410554402021
0.8,fTS,-0.0153157876298154
0.8,fTS,0.0695020093174956
0.8,fTS,0.00147692058744364
0.8,fTS,0.0894609322096895
0.8,fTS,0.0796972602703512
0.8,fTS,0.14059146075548
0.8,fTS,-0.00211061862505746
0.8,fTS,0.0625832939644078
0.8,fTS,0.0473489858783311
0.8,fTS,0.0464888929891136
0.8,fTS,0.105636867487508
0.8,fTS,0.06666471526518
0.8,fTS,0.0709783067639336
0.8,fTS,0.0144665029178599
0.8,fTS,0.100197859680636
0.8,fTS,0.000855087494880946
0.8,fTS,0.138372939651955
0.8,fTS,0.0390910937386468
0.8,fTS,0.0487857385935018
0.8,fTS,0.00170638833195302
0.8,fTS,0.232587458726631
0.8,fTS,0.0338856965815961
0.8,fTS,0.113717929638024
0.8,fTS,0.0617140351500376
0.8,fTS,0.0147385995098352
0.8,fTS,0.0125650027806383
0.8,fTS,0.0319648323670145
0.8,fTS,0.104612739306916
0.8,fTS,0.0501364980630148
0.8,fTS,0.0327563041919754
0.8,fTS,0.0455094752016179
0.8,fTS,0.100653245921257
0.8,fTS,0.00128449107180728
0.8,fTS,0.0302200856847772
0.8,fTS,0.0946996441936154
0.8,fTS,0.0307861017362756
0.8,fTS,0.0820471648176326
0.8,fTS,0.0636116452673456
0.8,fTS,0.0526444133602659
0.8,fTS,0.119054743452698
0.8,fTS,0.0991165765780242
0.8,fTS,0.0197303093200676
0.8,fTS,0.0662564563923385
0.8,fTS,0.0566551057433919
0.8,fTS,-0.052365682709606
0.8,fTS,0.0662149926906308
0.8,fTS,0.100479990586722
0.8,fTS,0.102716465119909
0.8,fTS,0.0597883551134391
0.8,fTS,0.0915926666870124
0.8,fTS,0.0656576567930283
0.8,fTS,0.0618842542669737
0.8,fTS,0.0502350806862744
0.8,fTS,0.00623658224776702
0.8,fTS,0.0797327636284531
0.8,fTS,0.112904282851163
0.8,fTS,0.104993616379209
0.8,fTS,0.0599658831023304
0.8,fTS,0.0293958790599624
0.8,fTS,0.0648690733759953
0.8,fTS,0.0738293742022156
0.8,fTS,0.0174987711510213
0.8,fTS,0.0203389881643024
0.8,fTS,0.135707510437154
0.8,fTS,0.0796969515209229
0.8,fTS,0.137252319083533
0.8,fTS,0.0923610930088115
0.8,fTS,0.103303845649769
0.8,fTS,0.0610984244817505
0.8,fTS,0.14171241871061
0.8,fTS,0.0433228198585196
0.8,fTS,0.0905101274230535
0.8,fTS,0.00235276448055699
0.8,fTS,0.102883238946927
0.8,fTS,0.0250982761118519
0.8,fTS,0.0176175500641886
0.8,fTS,0.109203019780994
0.8,fTS,0.104150998032841
0.8,fTS,0.0518003880745193
0.8,fTS,0.170998954577054
0.8,fTS,-0.00325536827620265
0.8,fTS,0.0790212157516996
0.8,fTS,0.0714071499867766
0.8,fTS,0.100589448769418
0.8,fTS,0.108174752321162
0.8,fTS,0.00227093337932427
0.8,fTS,0.0183002876516769
0.8,fTS,0.116059969871813
0.8,fTS,0.134430851016256
0.8,fTS,-0.0121726907779457
0.8,fTS,-0.0302752686449513
0.8,fTS,0.0344257617927288
0.8,fTS,0.0364797731894668
0.8,fTS,0.066113307391376
0.8,fTS,0.00519211917684825
0.8,fTS,0.0365980198340057
0.8,fTS,0.107796087085573
0.8,fTS,0.0590401208115652
0.8,fTS,0.177447910586861
0.8,fTS,0.0146283281641304
0.8,fTS,-0.0148072869020075
0.8,fTS,0.0530905824493273
0.8,fTS,0.128540954447758
0.8,fTS,0.0841535659412216
0.8,LS_oracle,0.154401817035221
0.8,LS_oracle,0.0211789183685773
0.8,LS_oracle,0.053765793694782
0.8,LS_oracle,0.0590214347666789
0.8,LS_oracle,0.121894603254576
0.8,LS_oracle,0.114882244979532
0.8,LS_oracle,0.0290328445587733
0.8,LS_oracle,0.0905086287714236
0.8,LS_oracle,0.0809003507355799
0.8,LS_oracle,0.0111007237525942
0.8,LS_oracle,0.021896722529043
0.8,LS_oracle,0.0566906683043944
0.8,LS_oracle,0.0291466487141849
0.8,LS_oracle,0.00716808678149672
0.8,LS_oracle,0.102263268088928
0.8,LS_oracle,0.00694907901584707
0.8,LS_oracle,0.0905257486185296
0.8,LS_oracle,0.0718634154515598
0.8,LS_oracle,0.0860743424830233
0.8,LS_oracle,0.091619486631292
0.8,LS_oracle,0.132351060028165
0.8,LS_oracle,0.0739163376560676
0.8,LS_oracle,0.121072175249327
0.8,LS_oracle,0.0408845553678248
0.8,LS_oracle,0.076779128221401
0.8,LS_oracle,0.052998600003874
0.8,LS_oracle,0.0937558678923676
0.8,LS_oracle,0.0993283611140341
0.8,LS_oracle,0.125259801281651
0.8,LS_oracle,0.104669609488616
0.8,LS_oracle,0.0467154005732551
0.8,LS_oracle,0.176005813617063
0.8,LS_oracle,0.128384471265116
0.8,LS_oracle,0.0978575239553665
0.8,LS_oracle,0.0112459163487455
0.8,LS_oracle,0.114489372080442
0.8,LS_oracle,0.119233903131271
0.8,LS_oracle,0.099528636460452
0.8,LS_oracle,0.125988929743704
0.8,LS_oracle,0.0125636469063082
0.8,LS_oracle,0.0536117867009958
0.8,LS_oracle,0.130038338344635
0.8,LS_oracle,0.139842772027299
0.8,LS_oracle,0.0481842763036482
0.8,LS_oracle,0.125814199196556
0.8,LS_oracle,0.0192172639411492
0.8,LS_oracle,0.0373641118662882
0.8,LS_oracle,0.0377939330315804
0.8,LS_oracle,0.0177138309617957
0.8,LS_oracle,0.122373363173671
0.8,LS_oracle,0.0504254472541603
0.8,LS_oracle,0.085822117477393
0.8,LS_oracle,0.0785160009555712
0.8,LS_oracle,0.16949025370561
0.8,LS_oracle,0.0903536683888961
0.8,LS_oracle,0.0470485102115137
0.8,LS_oracle,0.0233351616238866
0.8,LS_oracle,0.073459330298008
0.8,LS_oracle,0.0123345508908586
0.8,LS_oracle,0.137194615845711
0.8,LS_oracle,0.0695320622416993
0.8,LS_oracle,0.091920233082001
0.8,LS_oracle,-0.0469398259395083
0.8,LS_oracle,0.0580547189472969
0.8,LS_oracle,0.0688139960303207
0.8,LS_oracle,0.0350728805635256
0.8,LS_oracle,0.0381468143223136
0.8,LS_oracle,0.0615500913421587
0.8,LS_oracle,0.163760089074612
0.8,LS_oracle,0.168825086438849
0.8,LS_oracle,-0.00273111711870766
0.8,LS_oracle,0.0237783456236873
0.8,LS_oracle,0.0837572122275996
0.8,LS_oracle,0.0782672224670649
0.8,LS_oracle,0.0887049683344421
0.8,LS_oracle,0.0842406465407042
0.8,LS_oracle,0.0594977098595628
0.8,LS_oracle,0.0609278847644559
0.8,LS_oracle,0.0658233187030113
0.8,LS_oracle,0.0286193434900079
0.8,LS_oracle,0.0414761362507017
0.8,LS_oracle,0.0596212535118132
0.8,LS_oracle,0.150667166506304
0.8,LS_oracle,0.10635082258587
0.8,LS_oracle,0.0957173544937038
0.8,LS_oracle,0.138442910028076
0.8,LS_oracle,0.0508459865995503
0.8,LS_oracle,0.120107010811406
0.8,LS_oracle,0.13705647670173
0.8,LS_oracle,0.0301341356361766
0.8,LS_oracle,0.00404360845395901
0.8,LS_oracle,-0.046572420375861
0.8,LS_oracle,0.0850125336834233
0.8,LS_oracle,0.0809869566453834
0.8,LS_oracle,0.0942539394191808
0.8,LS_oracle,0.0476299273893774
0.8,LS_oracle,-0.0187682547017576
0.8,LS_oracle,0.0717354167994408
0.8,LS_oracle,0.0206821440368283
0.8,LS_oracle,0.0905452179079578
0.8,LS_oracle,0.0874706036264841
0.8,LS_oracle,0.137282753320802
0.8,LS_oracle,-0.00328448704660411
0.8,LS_oracle,0.0619854131753663
0.8,LS_oracle,0.0539922957287602
0.8,LS_oracle,0.0848228574894581
0.8,LS_oracle,0.12062124639716
0.8,LS_oracle,0.074300075532665
0.8,LS_oracle,0.0745610522788087
0.8,LS_oracle,0.028906034057538
0.8,LS_oracle,0.108204604553183
0.8,LS_oracle,0.0035470620673197
0.8,LS_oracle,0.154115832958415
0.8,LS_oracle,0.0320436279677021
0.8,LS_oracle,0.0656669318296892
0.8,LS_oracle,0.0145627638660997
0.8,LS_oracle,0.232275520556887
0.8,LS_oracle,0.0488867282743208
0.8,LS_oracle,0.140398300359245
0.8,LS_oracle,0.0671638063913638
0.8,LS_oracle,0.022536576036521
0.8,LS_oracle,0.0132792077485322
0.8,LS_oracle,0.0372771842348947
0.8,LS_oracle,0.097290619050445
0.8,LS_oracle,0.050433254802561
0.8,LS_oracle,0.0415067110751093
0.8,LS_oracle,0.0490927918006081
0.8,LS_oracle,0.10636488067997
0.8,LS_oracle,-0.00348682247339582
0.8,LS_oracle,0.0332351424921422
0.8,LS_oracle,0.10349784097317
0.8,LS_oracle,0.0431030245107715
0.8,LS_oracle,0.0849672046141889
0.8,LS_oracle,0.0720590595109512
0.8,LS_oracle,0.0656233624494977
0.8,LS_oracle,0.13639323773974
0.8,LS_oracle,0.0983082937543442
0.8,LS_oracle,0.00196614021576313
0.8,LS_oracle,0.0663798370962378
0.8,LS_oracle,0.0584981980116763
0.8,LS_oracle,-0.0389413488046289
0.8,LS_oracle,0.0910691048747099
0.8,LS_oracle,0.118565293721051
0.8,LS_oracle,0.102554565339925
0.8,LS_oracle,0.0844429578479591
0.8,LS_oracle,0.101789271723054
0.8,LS_oracle,0.0843930335063823
0.8,LS_oracle,0.0662816854790711
0.8,LS_oracle,0.0603393048492642
0.8,LS_oracle,0.0165727549883434
0.8,LS_oracle,0.0713071824633931
0.8,LS_oracle,0.124623248202441
0.8,LS_oracle,0.139671749374166
0.8,LS_oracle,0.0759305513693787
0.8,LS_oracle,0.0430394893180601
0.8,LS_oracle,0.0839353408159136
0.8,LS_oracle,0.0815335195785061
0.8,LS_oracle,0.0168336538598206
0.8,LS_oracle,0.0204726576003669
0.8,LS_oracle,0.135279621200239
0.8,LS_oracle,0.0835082750151632
0.8,LS_oracle,0.151421373374692
0.8,LS_oracle,0.0916666358871572
0.8,LS_oracle,0.0989328680932309
0.8,LS_oracle,0.0572199057677125
0.8,LS_oracle,0.149915820003663
0.8,LS_oracle,0.0415001195875566
0.8,LS_oracle,0.11279108658616
0.8,LS_oracle,0.00988270351410914
0.8,LS_oracle,0.102898709708728
0.8,LS_oracle,0.0309932296736484
0.8,LS_oracle,0.0238022103429321
0.8,LS_oracle,0.109448576694151
0.8,LS_oracle,0.106508190659805
0.8,LS_oracle,0.0644565881151535
0.8,LS_oracle,0.212472855586995
0.8,LS_oracle,-0.00202367641984824
0.8,LS_oracle,0.0833204116264596
0.8,LS_oracle,0.0804933581456371
0.8,LS_oracle,0.0983050342036391
0.8,LS_oracle,0.0974680437306483
0.8,LS_oracle,0.0113873747555295
0.8,LS_oracle,0.0357248747365937
0.8,LS_oracle,0.110599981925969
0.8,LS_oracle,0.144440935247374
0.8,LS_oracle,-0.0203268784372973
0.8,LS_oracle,-0.00694930502408164
0.8,LS_oracle,0.0436936123829441
0.8,LS_oracle,0.0517852147698055
0.8,LS_oracle,0.0776411723842416
0.8,LS_oracle,0.0129259864617988
0.8,LS_oracle,0.0475495779538593
0.8,LS_oracle,0.123859296781615
0.8,LS_oracle,0.0622724330562696
0.8,LS_oracle,0.17208685175721
0.8,LS_oracle,0.00880487970958166
0.8,LS_oracle,-0.0179714184317574
0.8,LS_oracle,0.060821881154431
0.8,LS_oracle,0.146738639967504
0.8,LS_oracle,0.0842696999278874
0.8,TS_oracle,0.150599846178413
0.8,TS_oracle,-0.00282657211338133
0.8,TS_oracle,0.0429945696114422
0.8,TS_oracle,0.043268722898369
0.8,TS_oracle,0.108219331989681
0.8,TS_oracle,0.110968101881276
0.8,TS_oracle,0.0276159150609623
0.8,TS_oracle,0.0772861847672914
0.8,TS_oracle,0.0756666631320511
0.8,TS_oracle,-0.0130323078204192
0.8,TS_oracle,0.0147171914026292
0.8,TS_oracle,0.0596506652016666
0.8,TS_oracle,0.00509489845806765
0.8,TS_oracle,0.0129840191709385
0.8,TS_oracle,0.0938431942263196
0.8,TS_oracle,0.00224979767609668
0.8,TS_oracle,0.0756799412353253
0.8,TS_oracle,0.0425193332644493
0.8,TS_oracle,0.0916343984838499
0.8,TS_oracle,0.0676468913164689
0.8,TS_oracle,0.141193941822883
0.8,TS_oracle,0.0845213013210659
0.8,TS_oracle,0.111293306182807
0.8,TS_oracle,0.0485963164157042
0.8,TS_oracle,0.0587626091292079
0.8,TS_oracle,0.029387384957541
0.8,TS_oracle,0.0837249465331105
0.8,TS_oracle,0.0967243823860797
0.8,TS_oracle,0.120246590882972
0.8,TS_oracle,0.0987830397131384
0.8,TS_oracle,0.0475699814960295
0.8,TS_oracle,0.168631961435431
0.8,TS_oracle,0.127703211139272
0.8,TS_oracle,0.0718148702704775
0.8,TS_oracle,-0.000986754747547836
0.8,TS_oracle,0.102850984371147
0.8,TS_oracle,0.114532668320756
0.8,TS_oracle,0.0681441655701822
0.8,TS_oracle,0.113165639741189
0.8,TS_oracle,0.00624332986233211
0.8,TS_oracle,0.0555334500269005
0.8,TS_oracle,0.127840905658759
0.8,TS_oracle,0.152172581445508
0.8,TS_oracle,0.0404641005264839
0.8,TS_oracle,0.12176306160426
0.8,TS_oracle,0.0169439914506722
0.8,TS_oracle,0.0436207778979216
0.8,TS_oracle,0.0252274431620252
0.8,TS_oracle,0.00878592309759774
0.8,TS_oracle,0.124404341400151
0.8,TS_oracle,0.0377924749454677
0.8,TS_oracle,0.0779791443739402
0.8,TS_oracle,0.0798035785612152
0.8,TS_oracle,0.16256526646008
0.8,TS_oracle,0.0775317170762702
0.8,TS_oracle,0.0415829213903987
0.8,TS_oracle,0.0192235962999332
0.8,TS_oracle,0.0242962994672831
0.8,TS_oracle,0.00556110162094137
0.8,TS_oracle,0.154799202785766
0.8,TS_oracle,0.0400206629411377
0.8,TS_oracle,0.0760168624016708
0.8,TS_oracle,-0.04748800582976
0.8,TS_oracle,0.0578425483084781
0.8,TS_oracle,0.0641949008989113
0.8,TS_oracle,0.0394949871710946
0.8,TS_oracle,0.0359827541364754
0.8,TS_oracle,0.0452432789010233
0.8,TS_oracle,0.163040167539862
0.8,TS_oracle,0.154368909575489
0.8,TS_oracle,-7.68188315679597e-05
0.8,TS_oracle,0.0469315723178703
0.8,TS_oracle,0.0695343775653063
0.8,TS_oracle,0.0713288448109111
0.8,TS_oracle,0.0751632582030437
0.8,TS_oracle,0.0719421485493685
0.8,TS_oracle,0.0384498555519013
0.8,TS_oracle,0.0524579223866115
0.8,TS_oracle,0.0663580312814458
0.8,TS_oracle,0.0280443990091568
0.8,TS_oracle,0.0308816364237545
0.8,TS_oracle,0.0537276963946063
0.8,TS_oracle,0.140731599331263
0.8,TS_oracle,0.0876964545248202
0.8,TS_oracle,0.0900114484687968
0.8,TS_oracle,0.127113879748207
0.8,TS_oracle,0.0492693959433557
0.8,TS_oracle,0.115401348245748
0.8,TS_oracle,0.137903458935488
0.8,TS_oracle,0.0238118417918227
0.8,TS_oracle,-0.010745059104874
0.8,TS_oracle,-0.0462743219479366
0.8,TS_oracle,0.0731487411017422
0.8,TS_oracle,0.071411922136607
0.8,TS_oracle,0.0755293592148161
0.8,TS_oracle,0.0374703010885824
0.8,TS_oracle,-0.0155027453064723
0.8,TS_oracle,0.0688202963227602
0.8,TS_oracle,0.00223201634962722
0.8,TS_oracle,0.0895037197832869
0.8,TS_oracle,0.0844741073266
0.8,TS_oracle,0.138184521177273
0.8,TS_oracle,-0.0029141246197163
0.8,TS_oracle,0.0631394319833165
0.8,TS_oracle,0.0473230366482147
0.8,TS_oracle,0.0451593374902393
0.8,TS_oracle,0.105664276392616
0.8,TS_oracle,0.06619702406531
0.8,TS_oracle,0.0704540849454935
0.8,TS_oracle,0.0146762484279008
0.8,TS_oracle,0.100048060327691
0.8,TS_oracle,0.000887463159462865
0.8,TS_oracle,0.137855333462255
0.8,TS_oracle,0.038998410300108
0.8,TS_oracle,0.0482404356164963
0.8,TS_oracle,-0.00151683846016715
0.8,TS_oracle,0.232495898010776
0.8,TS_oracle,0.0339537809149546
0.8,TS_oracle,0.114753193694801
0.8,TS_oracle,0.0625151608462724
0.8,TS_oracle,0.0155667729830113
0.8,TS_oracle,0.012357490084179
0.8,TS_oracle,0.0316651095458615
0.8,TS_oracle,0.104088256411055
0.8,TS_oracle,0.0500748372510462
0.8,TS_oracle,0.0327468152272503
0.8,TS_oracle,0.0453894805303381
0.8,TS_oracle,0.100655970313764
0.8,TS_oracle,0.00122632244162135
0.8,TS_oracle,0.0302515386241899
0.8,TS_oracle,0.0949223526196217
0.8,TS_oracle,0.0307648981841415
0.8,TS_oracle,0.081882996926699
0.8,TS_oracle,0.0636105265925202
0.8,TS_oracle,0.0526397181966796
0.8,TS_oracle,0.118663999108175
0.8,TS_oracle,0.0994418995726143
0.8,TS_oracle,0.020547347821672
0.8,TS_oracle,0.0559397232469283
0.8,TS_oracle,0.0563778897676894
0.8,TS_oracle,-0.0519739867316256
0.8,TS_oracle,0.0662843189367479
0.8,TS_oracle,0.0984483680657475
0.8,TS_oracle,0.102843588334002
0.8,TS_oracle,0.0602126571506731
0.8,TS_oracle,0.0914776800644554
0.8,TS_oracle,0.0653718001261241
0.8,TS_oracle,0.0619261231514523
0.8,TS_oracle,0.0505290029202607
0.8,TS_oracle,0.00625044967998822
0.8,TS_oracle,0.0795881065487161
0.8,TS_oracle,0.113060401386068
0.8,TS_oracle,0.105309651917638
0.8,TS_oracle,0.0600923888337745
0.8,TS_oracle,0.0295114628565234
0.8,TS_oracle,0.065883417979643
0.8,TS_oracle,0.0734880462605079
0.8,TS_oracle,0.0171651214451001
0.8,TS_oracle,0.0199154088913465
0.8,TS_oracle,0.135569254786934
0.8,TS_oracle,0.0788984972385678
0.8,TS_oracle,0.136630844829492
0.8,TS_oracle,0.0924316896469133
0.8,TS_oracle,0.103287123068775
0.8,TS_oracle,0.0611174216192749
0.8,TS_oracle,0.14145457846709
0.8,TS_oracle,0.0431977520837197
0.8,TS_oracle,0.0903757632204778
0.8,TS_oracle,0.000982895438704556
0.8,TS_oracle,0.101915736568566
0.8,TS_oracle,0.0252305111861439
0.8,TS_oracle,0.0173656093598296
0.8,TS_oracle,0.109254864061172
0.8,TS_oracle,0.103550049807132
0.8,TS_oracle,0.0519711097521403
0.8,TS_oracle,0.171422007604662
0.8,TS_oracle,-0.00365284955465806
0.8,TS_oracle,0.0790257236232246
0.8,TS_oracle,0.0704979363945262
0.8,TS_oracle,0.100286927289694
0.8,TS_oracle,0.107788075611998
0.8,TS_oracle,-0.000813120475986806
0.8,TS_oracle,0.0182844783435461
0.8,TS_oracle,0.116102708180026
0.8,TS_oracle,0.134446036070835
0.8,TS_oracle,-0.0130482370263161
0.8,TS_oracle,-0.030613450739017
0.8,TS_oracle,0.0344157163023759
0.8,TS_oracle,0.0363551591313234
0.8,TS_oracle,0.0659944647668154
0.8,TS_oracle,0.00480732797947803
0.8,TS_oracle,0.0364006379759565
0.8,TS_oracle,0.107714234507883
0.8,TS_oracle,0.0590432169763242
0.8,TS_oracle,0.178063499111935
0.8,TS_oracle,0.0146863792589655
0.8,TS_oracle,-0.0149271405755195
0.8,TS_oracle,0.053094824753481
0.8,TS_oracle,0.128851743468806
0.8,TS_oracle,0.0843410611298279
0.9,PLS,0.117094949469633
0.9,PLS,0.0540264812953601
0.9,PLS,0.0503058172533557
0.9,PLS,0.115769669255864
0.9,PLS,0.0604712435561243
0.9,PLS,0.154736471237667
0.9,PLS,0.00703922294548631
0.9,PLS,0.0769242505572232
0.9,PLS,0.0896596047063021
0.9,PLS,0.132869042102107
0.9,PLS,0.137771805677046
0.9,PLS,0.0785309502862981
0.9,PLS,-0.0845693954708752
0.9,PLS,0.0790451973980351
0.9,PLS,0.073661062297486
0.9,PLS,0.0108696836250881
0.9,PLS,0.0814632735851033
0.9,PLS,0.139552495429972
0.9,PLS,-0.0113815913114445
0.9,PLS,0.0837787724413137
0.9,PLS,0.0395395773690892
0.9,PLS,0.0428608709818779
0.9,PLS,0.107796590426311
0.9,PLS,0.0584750010393744
0.9,PLS,0.0241103728655596
0.9,PLS,0.0680407912723138
0.9,PLS,0.0722854171753073
0.9,PLS,0.107822180735203
0.9,PLS,0.0454278709054718
0.9,PLS,0.0866915761312739
0.9,PLS,0.0478282069267468
0.9,PLS,0.0751432047806171
0.9,PLS,0.0283149854239857
0.9,PLS,0.187754115271181
0.9,PLS,0.111263183219704
0.9,PLS,0.0593292519504407
0.9,PLS,0.0558053050017153
0.9,PLS,0.0305382934451088
0.9,PLS,0.232947506662985
0.9,PLS,0.0467221607251533
0.9,PLS,0.0873209750348412
0.9,PLS,0.0293088358207341
0.9,PLS,0.154732495745191
0.9,PLS,0.0427294001251277
0.9,PLS,0.122180981947699
0.9,PLS,0.156986975906501
0.9,PLS,-0.0834268107194044
0.9,PLS,0.0137551493360117
0.9,PLS,0.0554765523625045
0.9,PLS,0.0182387352129423
0.9,PLS,0.144035516513613
0.9,PLS,0.205223977103688
0.9,PLS,-0.0604975493373129
0.9,PLS,0.0889589660541941
0.9,PLS,0.0383638701046589
0.9,PLS,0.103937458504058
0.9,PLS,-0.0148421997264578
0.9,PLS,0.192089063007699
0.9,PLS,0.107115746856226
0.9,PLS,0.12026304892339
0.9,PLS,0.00836786120744049
0.9,PLS,0.0454513527260541
0.9,PLS,0.00309378902767365
0.9,PLS,0.173762501398789
0.9,PLS,0.249262231331485
0.9,PLS,0.057625099230423
0.9,PLS,0.04940988912792
0.9,PLS,0.0890726970346485
0.9,PLS,0.0986613332449389
0.9,PLS,0.00359822140184352
0.9,PLS,0.0894652532612836
0.9,PLS,0.0780411699380512
0.9,PLS,0.0697201274968526
0.9,PLS,0.00416361569858181
0.9,PLS,0.0963211648043854
0.9,PLS,0.123008261851465
0.9,PLS,0.106543213679001
0.9,PLS,0.0821453161527013
0.9,PLS,0.0433641748319
0.9,PLS,0.0987192025243591
0.9,PLS,0.116034649234148
0.9,PLS,0.0926830465818969
0.9,PLS,0.0881477648244802
0.9,PLS,0.135336875917763
0.9,PLS,0.125336155036698
0.9,PLS,0.0021628561430187
0.9,PLS,0.189493643643978
0.9,PLS,0.17202216025873
0.9,PLS,-0.0188483461799027
0.9,PLS,0.0248582157518491
0.9,PLS,0.0626147423547407
0.9,PLS,0.179318838706671
0.9,PLS,0.155728661742037
0.9,PLS,0.0651748292333445
0.9,PLS,0.0423697339230458
0.9,PLS,0.0724510332967656
0.9,PLS,0.0883354497036326
0.9,PLS,0.0830222271316727
0.9,PLS,0.097919772991315
0.9,PLS,0.0783916782721941
0.9,PLS,0.0612542609805127
0.9,PLS,0.0351501167088437
0.9,PLS,-0.0453457583726919
0.9,PLS,0.15184905254659
0.9,PLS,-0.000735597751466366
0.9,PLS,0.118523313208025
0.9,PLS,-0.000630833922337315
0.9,PLS,0.138291426024508
0.9,PLS,0.0497715670493328
0.9,PLS,0.0731956634936271
0.9,PLS,0.0580900686625718
0.9,PLS,0.0427021949883015
0.9,PLS,0.132618933362761
0.9,PLS,0.142456350892438
0.9,PLS,0.054655835900205
0.9,PLS,0.0527180718247662
0.9,PLS,0.0356840113065833
0.9,PLS,0.14263632492721
0.9,PLS,0.0559682446463983
0.9,PLS,0.16900969492529
0.9,PLS,-0.00690144482958799
0.9,PLS,0.0828498752848068
0.9,PLS,0.0276757392750793
0.9,PLS,0.158071389559234
0.9,PLS,-0.00302040100734546
0.9,PLS,0.056896294981083
0.9,PLS,0.222347783269861
0.9,PLS,0.0652978254010428
0.9,PLS,0.0296415179165974
0.9,PLS,0.190090143670293
0.9,PLS,0.0853049405902495
0.9,PLS,0.0300128923642955
0.9,PLS,0.0121229404859899
0.9,PLS,0.0920174411554833
0.9,PLS,0.0303902775684508
0.9,PLS,0.110902790306428
0.9,PLS,0.159347254354385
0.9,PLS,0.0631972212596275
0.9,PLS,0.205932935108515
0.9,PLS,0.00668138700797871
0.9,PLS,-0.0149595769469187
0.9,PLS,0.0821274486798962
0.9,PLS,0.0682583128417664
0.9,PLS,0.0855283713082422
0.9,PLS,-0.0325026075668007
0.9,PLS,0.112356641533824
0.9,PLS,0.0439931077018312
0.9,PLS,0.117712330825231
0.9,PLS,0.0977683486373284
0.9,PLS,0.0435747521531142
0.9,PLS,0.0648384049928206
0.9,PLS,-0.0406793587158303
0.9,PLS,0.0850433206469254
0.9,PLS,0.148749919555
0.9,PLS,0.0899325233936694
0.9,PLS,0.0680015796070459
0.9,PLS,0.0855681841331393
0.9,PLS,0.0627236927399291
0.9,PLS,0.125811430626711
0.9,PLS,0.0165669548575496
0.9,PLS,0.0410211452859968
0.9,PLS,0.0982384858431025
0.9,PLS,0.184914337054562
0.9,PLS,0.037902817524357
0.9,PLS,0.110848383735106
0.9,PLS,0.0986244856105762
0.9,PLS,0.0472232637497443
0.9,PLS,0.211809027762754
0.9,PLS,-0.00766153684971949
0.9,PLS,0.0890581344882531
0.9,PLS,0.103597248075864
0.9,PLS,0.127681954009854
0.9,PLS,0.0591146170607473
0.9,PLS,0.124834871596128
0.9,PLS,0.0278387679905583
0.9,PLS,0.0997371460133285
0.9,PLS,0.109541408505743
0.9,PLS,0.0675574441048197
0.9,PLS,0.107839431687697
0.9,PLS,0.105759935896265
0.9,PLS,0.117413329110471
0.9,PLS,0.0157279865039528
0.9,PLS,0.0905987000072419
0.9,PLS,0.0372703884335632
0.9,PLS,0.0941631047213245
0.9,PLS,-8.9246181749103e-05
0.9,PLS,0.122930249619756
0.9,PLS,0.00470446092313992
0.9,PLS,0.0302444662891288
0.9,PLS,0.0796049415341187
0.9,PLS,0.0444212452628583
0.9,PLS,0.0634562925992943
0.9,PLS,0.0952600834112485
0.9,PLS,0.131737772182668
0.9,PLS,0.0418676320428608
0.9,PLS,0.132025257861103
0.9,PLS,0.0282781512137285
0.9,PLS,0.0376964438342304
0.9,PLS,0.0110399378487998
0.9,PLS,-0.134998334619349
0.9,fTS,0.0998979625329726
0.9,fTS,0.0421533159357361
0.9,fTS,0.0340037324278777
0.9,fTS,0.101783093718123
0.9,fTS,0.0483534905527918
0.9,fTS,0.150954142936258
0.9,fTS,-0.0308233784718815
0.9,fTS,0.0453580737389327
0.9,fTS,0.0786071793944565
0.9,fTS,0.127165117059222
0.9,fTS,0.126139044817435
0.9,fTS,0.0285012422451831
0.9,fTS,-0.085927700624989
0.9,fTS,0.0641664228986365
0.9,fTS,0.0558998831544542
0.9,fTS,-0.00466063808209805
0.9,fTS,0.0570869193407615
0.9,fTS,0.133956268477654
0.9,fTS,-0.0206498411712051
0.9,fTS,0.0848181380828048
0.9,fTS,0.0302478073102306
0.9,fTS,0.0350249265760711
0.9,fTS,0.116460147654512
0.9,fTS,0.0564877051450694
0.9,fTS,0.00193484171021585
0.9,fTS,0.0657399852516762
0.9,fTS,0.061906551564515
0.9,fTS,0.0964627285246644
0.9,fTS,0.0265238782063262
0.9,fTS,0.0600532853968045
0.9,fTS,0.0432054958700154
0.9,fTS,0.0594978470022896
0.9,fTS,0.0046266192066422
0.9,fTS,0.1638895045515
0.9,fTS,0.116917558070876
0.9,fTS,0.0577945348029814
0.9,fTS,0.0389506288218837
0.9,fTS,0.0174541766187204
0.9,fTS,0.224410162270886
0.9,fTS,0.0434654578563729
0.9,fTS,0.0834108147128603
0.9,fTS,0.0176983996485085
0.9,fTS,0.129288645680672
0.9,fTS,0.0334394290450108
0.9,fTS,0.115796391209018
0.9,fTS,0.138867067837238
0.9,fTS,-0.0869401845882319
0.9,fTS,0.00894373771554857
0.9,fTS,0.0379816837883997
0.9,fTS,0.00289645954425533
0.9,fTS,0.109155164629318
0.9,fTS,0.168407188302737
0.9,fTS,-0.0683873121211618
0.9,fTS,0.077375973363069
0.9,fTS,0.02138370096047
0.9,fTS,0.0788197347473973
0.9,fTS,-0.036722750692786
0.9,fTS,0.196805522730042
0.9,fTS,0.0853220134770309
0.9,fTS,0.084886733738945
0.9,fTS,-0.00363498254079087
0.9,fTS,0.0223165785965302
0.9,fTS,-0.00229775128279985
0.9,fTS,0.135524757220013
0.9,fTS,0.216327674480713
0.9,fTS,0.0292538321270117
0.9,fTS,0.0389208357499979
0.9,fTS,0.0725217316006168
0.9,fTS,0.0907827706120337
0.9,fTS,0.00219078090786784
0.9,fTS,0.0632319713385907
0.9,fTS,0.0604376307389536
0.9,fTS,0.0577392276909765
0.9,fTS,-0.000207884691530991
0.9,fTS,0.0588767397804377
0.9,fTS,0.132391368805492
0.9,fTS,0.105516588593378
0.9,fTS,0.0610507351118188
0.9,fTS,0.0596839965435412
0.9,fTS,0.104412222281502
0.9,fTS,0.0817186404950438
0.9,fTS,0.0814903541596359
0.9,fTS,0.0677331829455221
0.9,fTS,0.127173480447638
0.9,fTS,0.109080142024374
0.9,fTS,-0.00791570103864392
0.9,fTS,0.179123659144271
0.9,fTS,0.171148868577999
0.9,fTS,-0.0153939117090724
0.9,fTS,0.0136338454984575
0.9,fTS,0.031206432132229
0.9,fTS,0.143941261077859
0.9,fTS,0.142208027362201
0.9,fTS,0.0535194089319713
0.9,fTS,0.0307970087075597
0.9,fTS,0.0617695177298061
0.9,fTS,0.059025408012676
0.9,fTS,0.0806211996890711
0.9,fTS,0.0850187745320146
0.9,fTS,0.0754856650991191
0.9,fTS,0.0614189507206893
0.9,fTS,0.0341890622268433
0.9,fTS,-0.062139549065225
0.9,fTS,0.144844139027448
0.9,fTS,-0.0155800076001839
0.9,fTS,0.12114159239248
0.9,fTS,0.00170886158881989
0.9,fTS,0.130883463306021
0.9,fTS,0.0339567326771613
0.9,fTS,0.068599714807017
0.9,fTS,0.0568050186103206
0.9,fTS,0.0316896209950379
0.9,fTS,0.113256080054923
0.9,fTS,0.0986273552619581
0.9,fTS,0.0381367755638697
0.9,fTS,0.0433915729500509
0.9,fTS,0.0196614218690621
0.9,fTS,0.12103854814186
0.9,fTS,0.0545373683650301
0.9,fTS,0.146320512849567
0.9,fTS,-0.019409488914811
0.9,fTS,0.0833540456716837
0.9,fTS,0.0264847820925014
0.9,fTS,0.127329705725554
0.9,fTS,-0.0229195521197262
0.9,fTS,0.0285064526086825
0.9,fTS,0.220093562264615
0.9,fTS,0.0461712163285852
0.9,fTS,0.0364526962969889
0.9,fTS,0.166146665558304
0.9,fTS,0.0881152274190937
0.9,fTS,0.0229703701017057
0.9,fTS,0.00853448709614768
0.9,fTS,0.0690402891318493
0.9,fTS,0.00430198855216912
0.9,fTS,0.0729577986692589
0.9,fTS,0.157026872663416
0.9,fTS,0.0516701130077406
0.9,fTS,0.153107325199347
0.9,fTS,0.00595068119572773
0.9,fTS,-0.00756209586384748
0.9,fTS,0.0650075337634277
0.9,fTS,0.0507089938549006
0.9,fTS,0.0463799568813781
0.9,fTS,-0.037872082979196
0.9,fTS,0.0800965629893979
0.9,fTS,0.0325923675224986
0.9,fTS,0.058282632417894
0.9,fTS,0.0882020044334773
0.9,fTS,0.0445901974256213
0.9,fTS,0.0541088329693071
0.9,fTS,-0.0500570456270149
0.9,fTS,0.0785341554004801
0.9,fTS,0.119562595365394
0.9,fTS,0.0817465162208522
0.9,fTS,0.0528315980250766
0.9,fTS,0.0622672620730473
0.9,fTS,0.0530618821607802
0.9,fTS,0.114260967068858
0.9,fTS,0.0153784196126818
0.9,fTS,0.0386232265656528
0.9,fTS,0.121130362774662
0.9,fTS,0.173461773394526
0.9,fTS,0.0316694129991926
0.9,fTS,0.093746470728449
0.9,fTS,0.101271291261644
0.9,fTS,0.0412025776454126
0.9,fTS,0.194074757698934
0.9,fTS,-0.00939903664035835
0.9,fTS,0.0870121441772203
0.9,fTS,0.101776237817006
0.9,fTS,0.120205145275764
0.9,fTS,0.0422206604789297
0.9,fTS,0.0919684719868106
0.9,fTS,-0.0058471266449347
0.9,fTS,0.0856550136403957
0.9,fTS,0.0859064378904413
0.9,fTS,0.0637394388913037
0.9,fTS,0.0922584157047441
0.9,fTS,0.10353686146924
0.9,fTS,0.121127787077105
0.9,fTS,0.00885238642285535
0.9,fTS,0.0901459764436705
0.9,fTS,0.0232683978781434
0.9,fTS,0.0578644497883689
0.9,fTS,0.000450155393429075
0.9,fTS,0.103879279295461
0.9,fTS,-0.0162528368525904
0.9,fTS,0.0190441534504637
0.9,fTS,0.0673923450473803
0.9,fTS,0.0224789591353483
0.9,fTS,0.0459298951240941
0.9,fTS,0.0845477620212123
0.9,fTS,0.118309239267895
0.9,fTS,0.0345431019870623
0.9,fTS,0.120231030310905
0.9,fTS,0.0167019729711098
0.9,fTS,0.0279271446111031
0.9,fTS,0.00160437569213889
0.9,fTS,-0.138241611660333
0.9,LS_oracle,0.116465506115439
0.9,LS_oracle,0.0548603870655868
0.9,LS_oracle,0.0402221514766719
0.9,LS_oracle,0.116013947252444
0.9,LS_oracle,0.0593143236091782
0.9,LS_oracle,0.153927171676976
0.9,LS_oracle,-0.019365324237818
0.9,LS_oracle,0.0769635931925541
0.9,LS_oracle,0.0889952350340573
0.9,LS_oracle,0.132967616430291
0.9,LS_oracle,0.137418125027538
0.9,LS_oracle,0.0786622423303678
0.9,LS_oracle,-0.0844028821725997
0.9,LS_oracle,0.0788512773928787
0.9,LS_oracle,0.0734287259221684
0.9,LS_oracle,0.00773837620592621
0.9,LS_oracle,0.0816851144703274
0.9,LS_oracle,0.14032591459004
0.9,LS_oracle,-0.0116232666365396
0.9,LS_oracle,0.0838679369859949
0.9,LS_oracle,0.0387071203402438
0.9,LS_oracle,0.042938930439878
0.9,LS_oracle,0.107862045323831
0.9,LS_oracle,0.0580310601400282
0.9,LS_oracle,0.0220644963518233
0.9,LS_oracle,0.0685016341164537
0.9,LS_oracle,0.0703855650661813
0.9,LS_oracle,0.108639261799552
0.9,LS_oracle,0.0456537895711036
0.9,LS_oracle,0.0953845362155947
0.9,LS_oracle,0.0477436555763875
0.9,LS_oracle,0.0689836388930698
0.9,LS_oracle,0.0343626308593292
0.9,LS_oracle,0.188168927397451
0.9,LS_oracle,0.111269349678108
0.9,LS_oracle,0.0631875636160482
0.9,LS_oracle,0.0570765668601552
0.9,LS_oracle,0.0291254453601868
0.9,LS_oracle,0.232712978363179
0.9,LS_oracle,0.0470714445339893
0.9,LS_oracle,0.087417327415521
0.9,LS_oracle,0.029455143709699
0.9,LS_oracle,0.15204331786289
0.9,LS_oracle,0.0427819383684398
0.9,LS_oracle,0.121982119323257
0.9,LS_oracle,0.156455405344559
0.9,LS_oracle,-0.0846337953066758
0.9,LS_oracle,0.0141541333770372
0.9,LS_oracle,0.0578109845662285
0.9,LS_oracle,0.0185755695701517
0.9,LS_oracle,0.144141451564795
0.9,LS_oracle,0.207642683528357
0.9,LS_oracle,-0.0600618743015606
0.9,LS_oracle,0.0890807343522457
0.9,LS_oracle,0.0386543760110809
0.9,LS_oracle,0.106062848207756
0.9,LS_oracle,-0.0147312370500966
0.9,LS_oracle,0.19192374830147
0.9,LS_oracle,0.106418693820711
0.9,LS_oracle,0.121250998635904
0.9,LS_oracle,-0.000736613421503773
0.9,LS_oracle,0.0452241076601425
0.9,LS_oracle,0.000562373148083939
0.9,LS_oracle,0.167136999604611
0.9,LS_oracle,0.23934727273341
0.9,LS_oracle,0.0494211868271914
0.9,LS_oracle,0.0399773490337769
0.9,LS_oracle,0.0911154941503101
0.9,LS_oracle,0.0985181779429705
0.9,LS_oracle,0.00359735587699284
0.9,LS_oracle,0.0896888287150057
0.9,LS_oracle,0.0780991953676444
0.9,LS_oracle,0.0696552387971241
0.9,LS_oracle,0.00487931953876131
0.9,LS_oracle,0.0960168110288178
0.9,LS_oracle,0.122963424073088
0.9,LS_oracle,0.103733967714724
0.9,LS_oracle,0.0816490575579345
0.9,LS_oracle,0.0429738329409037
0.9,LS_oracle,0.0997212722608098
0.9,LS_oracle,0.116603752657262
0.9,LS_oracle,0.0927321547266542
0.9,LS_oracle,0.0884077375320023
0.9,LS_oracle,0.135911023433132
0.9,LS_oracle,0.12573954234085
0.9,LS_oracle,0.00364253779251178
0.9,LS_oracle,0.189699106155364
0.9,LS_oracle,0.172758362313864
0.9,LS_oracle,-0.019550787148176
0.9,LS_oracle,0.0249201678241762
0.9,LS_oracle,0.0624787599857881
0.9,LS_oracle,0.158113191968158
0.9,LS_oracle,0.156040740363815
0.9,LS_oracle,0.0656649175683592
0.9,LS_oracle,0.0408270456631517
0.9,LS_oracle,0.0738217758851016
0.9,LS_oracle,0.0847761238650617
0.9,LS_oracle,0.0817435650442901
0.9,LS_oracle,0.0880216297594449
0.9,LS_oracle,0.078575410870525
0.9,LS_oracle,0.0613277128900866
0.9,LS_oracle,0.035259128634326
0.9,LS_oracle,-0.0456478964008614
0.9,LS_oracle,0.155801481943142
0.9,LS_oracle,-0.00133916559859948
0.9,LS_oracle,0.120270678748065
0.9,LS_oracle,-0.000891729569161614
0.9,LS_oracle,0.138294466362781
0.9,LS_oracle,0.0497118190727217
0.9,LS_oracle,0.0732268118506616
0.9,LS_oracle,0.0570216668961245
0.9,LS_oracle,0.0403137172912447
0.9,LS_oracle,0.131036184761355
0.9,LS_oracle,0.14056955531756
0.9,LS_oracle,0.0525859076296
0.9,LS_oracle,0.0543135804240946
0.9,LS_oracle,0.0340463173814918
0.9,LS_oracle,0.139369703217219
0.9,LS_oracle,0.0562169655388718
0.9,LS_oracle,0.167642864260497
0.9,LS_oracle,-0.00471701638628907
0.9,LS_oracle,0.0823594051704395
0.9,LS_oracle,0.0284767368782
0.9,LS_oracle,0.157739431299405
0.9,LS_oracle,-0.00148990949960948
0.9,LS_oracle,0.0489394125181493
0.9,LS_oracle,0.22150887034879
0.9,LS_oracle,0.0648850007474291
0.9,LS_oracle,0.0295871330768789
0.9,LS_oracle,0.189869376400281
0.9,LS_oracle,0.0855434797012879
0.9,LS_oracle,0.0311431674334544
0.9,LS_oracle,0.0123103011980803
0.9,LS_oracle,0.0918862758109069
0.9,LS_oracle,0.0133153036165268
0.9,LS_oracle,0.100741104618759
0.9,LS_oracle,0.160813639334974
0.9,LS_oracle,0.0639180445680123
0.9,LS_oracle,0.204564166263582
0.9,LS_oracle,0.00947457237561644
0.9,LS_oracle,-0.0151768191698221
0.9,LS_oracle,0.0817505665769074
0.9,LS_oracle,0.0561545854121548
0.9,LS_oracle,0.085644318021348
0.9,LS_oracle,-0.0341822080815318
0.9,LS_oracle,0.112562886564472
0.9,LS_oracle,0.0428050467600762
0.9,LS_oracle,0.117438453798891
0.9,LS_oracle,0.0984758086213533
0.9,LS_oracle,0.0484263827621372
0.9,LS_oracle,0.0649646043626608
0.9,LS_oracle,-0.0406729178062318
0.9,LS_oracle,0.085656162714
0.9,LS_oracle,0.149209691615858
0.9,LS_oracle,0.0901504130611532
0.9,LS_oracle,0.0682557656183096
0.9,LS_oracle,0.0865750050408769
0.9,LS_oracle,0.0628371221168027
0.9,LS_oracle,0.126094106858195
0.9,LS_oracle,0.0171156383944455
0.9,LS_oracle,0.0372839670534384
0.9,LS_oracle,0.0986207463495306
0.9,LS_oracle,0.182729179307762
0.9,LS_oracle,0.0389573502951557
0.9,LS_oracle,0.11091237080194
0.9,LS_oracle,0.0948992572736749
0.9,LS_oracle,0.0473341632602711
0.9,LS_oracle,0.211211183021762
0.9,LS_oracle,-0.00848668996411694
0.9,LS_oracle,0.0883943116226367
0.9,LS_oracle,0.103854756682317
0.9,LS_oracle,0.128328928940931
0.9,LS_oracle,0.0499305399261731
0.9,LS_oracle,0.113864964837477
0.9,LS_oracle,0.0273609930575032
0.9,LS_oracle,0.100305839713938
0.9,LS_oracle,0.11065120370619
0.9,LS_oracle,0.0666353242982589
0.9,LS_oracle,0.107658822042429
0.9,LS_oracle,0.110942737891192
0.9,LS_oracle,0.111530446496509
0.9,LS_oracle,0.0146717895705879
0.9,LS_oracle,0.0905281483860532
0.9,LS_oracle,0.0369616560310961
0.9,LS_oracle,0.0951781997748264
0.9,LS_oracle,-0.000321437086555632
0.9,LS_oracle,0.12245588190924
0.9,LS_oracle,-0.000502661040102326
0.9,LS_oracle,0.029909688853025
0.9,LS_oracle,0.0792381823581381
0.9,LS_oracle,0.0400658824498579
0.9,LS_oracle,0.0645104446580567
0.9,LS_oracle,0.0966543524536594
0.9,LS_oracle,0.1316049231908
0.9,LS_oracle,0.0402110349301226
0.9,LS_oracle,0.131802767489305
0.9,LS_oracle,0.0286110396784127
0.9,LS_oracle,0.0372568065236567
0.9,LS_oracle,0.014559414297961
0.9,LS_oracle,-0.136245709511104
0.9,TS_oracle,0.09948902949438
0.9,TS_oracle,0.04197541887044
0.9,TS_oracle,0.0337711489958845
0.9,TS_oracle,0.101299461273515
0.9,TS_oracle,0.0482858231015844
0.9,TS_oracle,0.15082695718064
0.9,TS_oracle,-0.0319484941910881
0.9,TS_oracle,0.0454693763413538
0.9,TS_oracle,0.0785025059475364
0.9,TS_oracle,0.126840867420911
0.9,TS_oracle,0.12618397723185
0.9,TS_oracle,0.0283163778815645
0.9,TS_oracle,-0.0857930705891696
0.9,TS_oracle,0.0635182382518589
0.9,TS_oracle,0.0557060622766561
0.9,TS_oracle,-0.00472192504345503
0.9,TS_oracle,0.056937469127776
0.9,TS_oracle,0.133376919234258
0.9,TS_oracle,-0.0206418601620425
0.9,TS_oracle,0.0851813008520561
0.9,TS_oracle,0.0304589886960727
0.9,TS_oracle,0.0329978415810623
0.9,TS_oracle,0.11646444382738
0.9,TS_oracle,0.0567584807532047
0.9,TS_oracle,0.0020424834444428
0.9,TS_oracle,0.0657662933043632
0.9,TS_oracle,0.0619016321146646
0.9,TS_oracle,0.0969213735211429
0.9,TS_oracle,0.0264811748554168
0.9,TS_oracle,0.0597893346363239
0.9,TS_oracle,0.0432298715688086
0.9,TS_oracle,0.0596418178343818
0.9,TS_oracle,0.00538463849944315
0.9,TS_oracle,0.160661009268631
0.9,TS_oracle,0.116512995171468
0.9,TS_oracle,0.0573461357746554
0.9,TS_oracle,0.0389287077696208
0.9,TS_oracle,0.0174314528757435
0.9,TS_oracle,0.224198778927651
0.9,TS_oracle,0.0434705071192756
0.9,TS_oracle,0.0829924589575368
0.9,TS_oracle,0.0188614415042914
0.9,TS_oracle,0.12921110157668
0.9,TS_oracle,0.0328051772245683
0.9,TS_oracle,0.115828174134821
0.9,TS_oracle,0.138865709686736
0.9,TS_oracle,-0.0868558245105159
0.9,TS_oracle,0.00902066755585973
0.9,TS_oracle,0.0375111572904612
0.9,TS_oracle,0.00270329413579495
0.9,TS_oracle,0.109155895974277
0.9,TS_oracle,0.168092848755862
0.9,TS_oracle,-0.0681738899441344
0.9,TS_oracle,0.077276935334794
0.9,TS_oracle,0.0211197776021304
0.9,TS_oracle,0.078710457259934
0.9,TS_oracle,-0.0369026674642989
0.9,TS_oracle,0.197247100933926
0.9,TS_oracle,0.085391113204055
0.9,TS_oracle,0.0785664679348808
0.9,TS_oracle,-0.00471168370748265
0.9,TS_oracle,0.022337848459367
0.9,TS_oracle,-0.0028974058055703
0.9,TS_oracle,0.130315484526561
0.9,TS_oracle,0.216057035355897
0.9,TS_oracle,0.0292551593820756
0.9,TS_oracle,0.0389463842033211
0.9,TS_oracle,0.0727132840838614
0.9,TS_oracle,0.0907803015847493
0.9,TS_oracle,0.00188106159046098
0.9,TS_oracle,0.0638801103465754
0.9,TS_oracle,0.060449753972925
0.9,TS_oracle,0.0573657572992021
0.9,TS_oracle,-0.000196371367133019
0.9,TS_oracle,0.0584582920720604
0.9,TS_oracle,0.130735948028229
0.9,TS_oracle,0.106296855768973
0.9,TS_oracle,0.061118832524421
0.9,TS_oracle,0.0597133959039589
0.9,TS_oracle,0.104772038781047
0.9,TS_oracle,0.0818617372355421
0.9,TS_oracle,0.0814960870360715
0.9,TS_oracle,0.0679253710851992
0.9,TS_oracle,0.133094196290991
0.9,TS_oracle,0.108600355699999
0.9,TS_oracle,-0.0116730922817636
0.9,TS_oracle,0.17896698039863
0.9,TS_oracle,0.171214731928043
0.9,TS_oracle,-0.0148045090502348
0.9,TS_oracle,0.0136159958580484
0.9,TS_oracle,0.0306203778047904
0.9,TS_oracle,0.143942039119135
0.9,TS_oracle,0.139389267449434
0.9,TS_oracle,0.053517155335483
0.9,TS_oracle,0.0306366650045413
0.9,TS_oracle,0.0622379717488655
0.9,TS_oracle,0.0588683004415638
0.9,TS_oracle,0.0806141276864514
0.9,TS_oracle,0.0843784715917566
0.9,TS_oracle,0.0754311532680847
0.9,TS_oracle,0.0614262274607527
0.9,TS_oracle,0.0338179655607362
0.9,TS_oracle,-0.0621519688791848
0.9,TS_oracle,0.143142466604644
0.9,TS_oracle,-0.0155727483228809
0.9,TS_oracle,0.121176235010098
0.9,TS_oracle,0.00173010311242594
0.9,TS_oracle,0.130846749620621
0.9,TS_oracle,0.0325570411657778
0.9,TS_oracle,0.0685763018579526
0.9,TS_oracle,0.0564944585829339
0.9,TS_oracle,0.031793445722146
0.9,TS_oracle,0.113546934684593
0.9,TS_oracle,0.0986249878675387
0.9,TS_oracle,0.0383503490828949
0.9,TS_oracle,0.0433517868895743
0.9,TS_oracle,0.0195892520267831
0.9,TS_oracle,0.120316438564194
0.9,TS_oracle,0.0545555475288713
0.9,TS_oracle,0.146377545193956
0.9,TS_oracle,-0.0190946835503149
0.9,TS_oracle,0.0848502276514342
0.9,TS_oracle,0.0251481888272773
0.9,TS_oracle,0.127360563858152
0.9,TS_oracle,-0.023377633564283
0.9,TS_oracle,0.0284149050431617
0.9,TS_oracle,0.220158852203787
0.9,TS_oracle,0.0462718071489217
0.9,TS_oracle,0.0364547407937927
0.9,TS_oracle,0.166197183363772
0.9,TS_oracle,0.0890743485885233
0.9,TS_oracle,0.0231321633350827
0.9,TS_oracle,0.00859897425438283
0.9,TS_oracle,0.0690156351800801
0.9,TS_oracle,0.00410213426709105
0.9,TS_oracle,0.0733822480861586
0.9,TS_oracle,0.157141290135395
0.9,TS_oracle,0.0516773635598644
0.9,TS_oracle,0.153112431069538
0.9,TS_oracle,0.00615309361889227
0.9,TS_oracle,-0.00738432123209432
0.9,TS_oracle,0.0640199791059251
0.9,TS_oracle,0.0507316345275159
0.9,TS_oracle,0.0463461408649315
0.9,TS_oracle,-0.0380450388056114
0.9,TS_oracle,0.0805229386241511
0.9,TS_oracle,0.0334801659749799
0.9,TS_oracle,0.0582623858108884
0.9,TS_oracle,0.0882197248493701
0.9,TS_oracle,0.0445562140302938
0.9,TS_oracle,0.0534728325447729
0.9,TS_oracle,-0.0500569474742243
0.9,TS_oracle,0.0785077590069811
0.9,TS_oracle,0.119572367938659
0.9,TS_oracle,0.0817374353356173
0.9,TS_oracle,0.0528658440098204
0.9,TS_oracle,0.062741664707777
0.9,TS_oracle,0.0530841747750854
0.9,TS_oracle,0.114501812344486
0.9,TS_oracle,0.0158901104531095
0.9,TS_oracle,0.0384168776516607
0.9,TS_oracle,0.120901710451361
0.9,TS_oracle,0.173375260452321
0.9,TS_oracle,0.0313707380726758
0.9,TS_oracle,0.0942233386662195
0.9,TS_oracle,0.0976793480324882
0.9,TS_oracle,0.0414414185469925
0.9,TS_oracle,0.194113184340206
0.9,TS_oracle,-0.00881973801718838
0.9,TS_oracle,0.0870506899889252
0.9,TS_oracle,0.101791056817864
0.9,TS_oracle,0.119452280942587
0.9,TS_oracle,0.042228447791103
0.9,TS_oracle,0.092506673332688
0.9,TS_oracle,-0.00550418308090994
0.9,TS_oracle,0.0856758927426615
0.9,TS_oracle,0.0786274156924824
0.9,TS_oracle,0.0637510437779156
0.9,TS_oracle,0.0873877215589829
0.9,TS_oracle,0.103605083062699
0.9,TS_oracle,0.121029097471099
0.9,TS_oracle,0.00806505168376193
0.9,TS_oracle,0.0894143947840005
0.9,TS_oracle,0.0231742577411262
0.9,TS_oracle,0.0578268034420439
0.9,TS_oracle,-0.00770276992881025
0.9,TS_oracle,0.103828764757216
0.9,TS_oracle,-0.0163180465779446
0.9,TS_oracle,0.0189458835705005
0.9,TS_oracle,0.0670685130461175
0.9,TS_oracle,0.0224325846087099
0.9,TS_oracle,0.0458851726620204
0.9,TS_oracle,0.0829848872134198
0.9,TS_oracle,0.118331914888687
0.9,TS_oracle,0.0342939726956102
0.9,TS_oracle,0.120284874538466
0.9,TS_oracle,0.0167199606581327
0.9,TS_oracle,0.0280692471857049
0.9,TS_oracle,-0.00133103204041685
0.9,TS_oracle,-0.13824224774878
