rho,methods,MSEs_value
0,PLS,0.0118225094960579
0,PLS,0.0681183569607828
0,PLS,0.0343748719923668
0,PLS,0.0382209595885553
0,PLS,0.079419854538999
0,PLS,0.0395648066921528
0,PLS,0.103997575965773
0,PLS,0.0351347072259695
0,PLS,0.0710719941365387
0,PLS,0.0759887797427537
0,PLS,0.0654859869228612
0,PLS,0.0352476608871779
0,PLS,0.0498494168663386
0,PLS,0.068550125881743
0,PLS,0.0477610374392092
0,PLS,0.0851535411585329
0,PLS,0.0425060006639547
0,PLS,0.0849191841078574
0,PLS,0.0335189107198048
0,PLS,0.0438850652416739
0,PLS,0.0521931382563449
0,PLS,0.0783083713950728
0,PLS,0.0478704836979548
0,PLS,0.0301768768652388
0,PLS,0.0178439504222726
0,PLS,0.0326530909839036
0,PLS,0.0459365859870105
0,PLS,0.0570145947944233
0,PLS,0.0293692119707717
0,PLS,0.0168005845492108
0,PLS,0.033410269944201
0,PLS,0.0236353479737505
0,PLS,0.098236369143994
0,PLS,0.0366594427637504
0,PLS,0.114331572031289
0,PLS,0.057572340986058
0,PLS,0.0564958752690935
0,PLS,0.0302490522501399
0,PLS,0.0677727074897318
0,PLS,0.0560592042542986
0,PLS,0.0167084558056519
0,PLS,0.0554202271694746
0,PLS,0.058969392394009
0,PLS,0.0335720007339083
0,PLS,0.0180151564676605
0,PLS,0.0649312255426431
0,PLS,0.0451828578668544
0,PLS,0.0472085857624155
0,PLS,0.0703485826970288
0,PLS,0.051255327244849
0,PLS,0.0225558708754635
0,PLS,0.0908423391545019
0,PLS,0.0777749186974433
0,PLS,0.093445178450188
0,PLS,0.0294650484956233
0,PLS,0.0183347254574948
0,PLS,0.0207829324633315
0,PLS,0.0380897429512997
0,PLS,0.0121933955239775
0,PLS,0.0293184073188252
0,PLS,0.0953205950856613
0,PLS,0.016387288538316
0,PLS,0.0183636130525723
0,PLS,0.0502092902219271
0,PLS,0.0409165912560051
0,PLS,0.0501643211496245
0,PLS,0.0602941297393661
0,PLS,0.0920008986959019
0,PLS,0.029471132416795
0,PLS,0.0462220089142851
0,PLS,0.0845520367435235
0,PLS,0.0607238069899751
0,PLS,0.046509075280541
0,PLS,0.0480890054878232
0,PLS,0.0271346246088447
0,PLS,0.0159710186239233
0,PLS,0.0347851565237476
0,PLS,0.0242875502376815
0,PLS,0.0603752776036218
0,PLS,0.108990087108621
0,PLS,0.0281363662011974
0,PLS,0.0498244519507662
0,PLS,0.0387950079023411
0,PLS,0.0981322719446668
0,PLS,0.0247523809310887
0,PLS,0.0411273000148212
0,PLS,0.0435935989349905
0,PLS,0.0489578245411324
0,PLS,0.100463648441795
0,PLS,0.0743947858271149
0,PLS,0.0722358766247827
0,PLS,0.195874664109133
0,PLS,0.0512047372596613
0,PLS,0.0561030429720584
0,PLS,0.039062229651621
0,PLS,0.15695861085279
0,PLS,0.0665907669627654
0,PLS,0.0294212747944533
0,PLS,0.00985282077303487
0,PLS,0.073504654733098
0,PLS,0.0485204058173195
0,PLS,0.0694914022887735
0,PLS,0.0078537950830099
0,PLS,0.0417345092013277
0,PLS,0.0916962256663357
0,PLS,0.026406240593505
0,PLS,0.0419174328838093
0,PLS,0.055358027700818
0,PLS,0.0603811561182145
0,PLS,0.0921915313058544
0,PLS,0.0136405864415207
0,PLS,0.0424452401214412
0,PLS,0.00980243050271484
0,PLS,0.0254218038353034
0,PLS,0.0498158928512214
0,PLS,0.0285474870532737
0,PLS,0.0617686993095872
0,PLS,0.0684147810039057
0,PLS,0.0192472488134106
0,PLS,0.0491069705306405
0,PLS,0.112303555072113
0,PLS,0.0642562419822608
0,PLS,0.0454969987591825
0,PLS,0.0562101232255618
0,PLS,0.0449868908612051
0,PLS,0.128005243899919
0,PLS,0.0684644337243346
0,PLS,0.0432088142391518
0,PLS,0.0898509810247759
0,PLS,0.0660845267971683
0,PLS,0.0373121071818319
0,PLS,0.0162395541797707
0,PLS,0.017796039825829
0,PLS,0.0553008885969655
0,PLS,0.025886586865972
0,PLS,0.0717260908107449
0,PLS,0.0494789638281475
0,PLS,0.0421699682178294
0,PLS,0.0792177402908496
0,PLS,0.0469390532184484
0,PLS,0.067125224718088
0,PLS,0.0236722277391204
0,PLS,0.0620529659102407
0,PLS,0.0665412067058491
0,PLS,0.0315503094158025
0,PLS,0.00823095902253867
0,PLS,0.0655163366121102
0,PLS,0.0708581297876039
0,PLS,0.155416600976823
0,PLS,0.0406493013522603
0,PLS,0.0346636208391514
0,PLS,0.0336068554005526
0,PLS,0.075150385420629
0,PLS,0.0647378728388393
0,PLS,0.0289511758162197
0,PLS,0.110149345167912
0,PLS,0.0640611065823058
0,PLS,0.0505996161193846
0,PLS,0.115850914560126
0,PLS,0.0403501539128439
0,PLS,0.0285529142500747
0,PLS,0.0178901461354121
0,PLS,0.0518301256381223
0,PLS,0.0614638294605577
0,PLS,0.0956376101905833
0,PLS,0.0203814424459354
0,PLS,0.0772928722645528
0,PLS,0.0291338574462589
0,PLS,0.0480318743917773
0,PLS,0.0232515091701074
0,PLS,0.0311743056462398
0,PLS,0.0395802011738004
0,PLS,0.011047719477918
0,PLS,0.09369186760244
0,PLS,0.017225322656611
0,PLS,0.0507564095767573
0,PLS,0.0260923649737777
0,PLS,0.0259504904726317
0,PLS,0.0374592158454279
0,PLS,0.0554786701662913
0,PLS,0.109539021709944
0,PLS,0.0413820051631238
0,PLS,0.0500088531056629
0,PLS,0.0102285795839793
0,PLS,0.118873593750703
0,PLS,0.0812514892400532
0,PLS,0.0343135313709566
0,PLS,0.0649251008825008
0,PLS,0.0831167926158038
0,PLS,0.049955616176411
0,PLS,0.0425533630298244
0,PLS,0.04529150139013
0,PLS,0.0647274604604706
0,PLS,0.0283874569911879
0,PLS,0.0426646031288256
0,PLS,0.0436029761407784
0,PLS,0.0437237201234982
0,PLS,0.0143861171870289
0,PLS,0.0325370690800588
0,PLS,0.102705800010825
0,fTS,0.0118181240020219
0,fTS,0.0685158134280179
0,fTS,0.0342641708400519
0,fTS,0.0375306115353977
0,fTS,0.0808067859104236
0,fTS,0.0395752328377973
0,fTS,0.10540018944685
0,fTS,0.0362229016221183
0,fTS,0.0711705439547175
0,fTS,0.0772236489585219
0,fTS,0.232345255067096
0,fTS,0.0347165429185548
0,fTS,0.0498494168663386
0,fTS,0.0730522825359878
0,fTS,0.0477644688365837
0,fTS,0.0883416164156188
0,fTS,0.0425060006639547
0,fTS,0.0849191841078574
0,fTS,0.0265560849629181
0,fTS,0.0437894838969794
0,fTS,0.0528926969508162
0,fTS,0.082984537638224
0,fTS,0.0476584808472316
0,fTS,0.0275683135994235
0,fTS,0.0179167161303245
0,fTS,0.0329774723911782
0,fTS,0.0459365859870105
0,fTS,0.0570145947944233
0,fTS,0.0284128695401626
0,fTS,0.0167287023504037
0,fTS,0.0329558858501849
0,fTS,0.0260933095609158
0,fTS,0.0535000933160923
0,fTS,0.0378214241375079
0,fTS,0.112828303588387
0,fTS,0.057572340986058
0,fTS,0.0564958752690935
0,fTS,0.0304992176669453
0,fTS,0.0635619742272956
0,fTS,0.0584220735031407
0,fTS,0.0189417836366438
0,fTS,0.0554202271694746
0,fTS,0.0592113058929557
0,fTS,0.0335877682208774
0,fTS,0.0178636522260131
0,fTS,0.0649312255426431
0,fTS,0.0446377799060425
0,fTS,0.0472085857624155
0,fTS,0.069208220863332
0,fTS,0.0513863122590547
0,fTS,0.0225558708754635
0,fTS,0.0930901225414612
0,fTS,0.0777749186974433
0,fTS,0.093445178450188
0,fTS,0.0294650484956233
0,fTS,0.0179239775709602
0,fTS,0.0207551226346304
0,fTS,0.0333330749135786
0,fTS,0.0122505758105993
0,fTS,0.0290344252413558
0,fTS,0.0977629229540482
0,fTS,0.017690987837791
0,fTS,0.016802547819461
0,fTS,0.0502092902219271
0,fTS,0.0407801320483645
0,fTS,0.050112992985599
0,fTS,0.0598473816117106
0,fTS,0.0921442055818499
0,fTS,0.0294660427426969
0,fTS,0.0462220089142851
0,fTS,0.0845520367435235
0,fTS,0.0613563847679181
0,fTS,0.0640981866867776
0,fTS,0.0480890054878232
0,fTS,0.0278150755118095
0,fTS,0.0160698267628141
0,fTS,0.0347351118050218
0,fTS,0.0227701859073292
0,fTS,0.0596888882653833
0,fTS,0.108910121210531
0,fTS,0.0284145928316914
0,fTS,0.0497856786915679
0,fTS,0.0392557422618274
0,fTS,0.097824621882542
0,fTS,0.0247497436128136
0,fTS,0.0407766304864588
0,fTS,0.0433407032317829
0,fTS,0.0493993597454702
0,fTS,0.100463648441795
0,fTS,0.070844658317653
0,fTS,0.0722662278570728
0,fTS,0.206710659362472
0,fTS,0.0487835062808542
0,fTS,0.0555741896393308
0,fTS,0.0393157876117356
0,fTS,0.15695861085279
0,fTS,0.0665907669627654
0,fTS,0.0296387722238783
0,fTS,0.00984941982014105
0,fTS,0.0716213785255782
0,fTS,0.0485204058173195
0,fTS,0.0694886926870644
0,fTS,0.00768428510208936
0,fTS,0.0417452461611368
0,fTS,0.0918403774544805
0,fTS,0.0264060393830439
0,fTS,0.0425763008743329
0,fTS,0.0553734696216158
0,fTS,0.0641532754765128
0,fTS,0.0905811873917967
0,fTS,0.0136405864415206
0,fTS,0.0427174261917928
0,fTS,0.00975767859901161
0,fTS,0.0253744712128931
0,fTS,0.0509634842575704
0,fTS,0.0285474870532737
0,fTS,0.061801209088689
0,fTS,0.0684147413525596
0,fTS,0.0193154075878777
0,fTS,0.0436785948645572
0,fTS,0.112303555072113
0,fTS,0.0643479021206284
0,fTS,0.0463588962237117
0,fTS,0.0555376856486088
0,fTS,0.0449868908612051
0,fTS,0.126193628644863
0,fTS,0.0683859127115077
0,fTS,0.0434985008151421
0,fTS,0.0854074733706394
0,fTS,0.0656249295197827
0,fTS,0.0381167911799528
0,fTS,0.0160039561091416
0,fTS,0.0178902481090274
0,fTS,0.0578705678552704
0,fTS,0.0259140330825969
0,fTS,0.0717371997502149
0,fTS,0.0478617244233189
0,fTS,0.0417765042209972
0,fTS,0.0792859043704611
0,fTS,0.0469390532184484
0,fTS,0.0659528963755192
0,fTS,0.0235926192378885
0,fTS,0.0633307837713598
0,fTS,0.0634316779976545
0,fTS,0.0312879670633425
0,fTS,0.00678791172815832
0,fTS,0.0655212629870134
0,fTS,0.0708581297876039
0,fTS,0.155416600976823
0,fTS,0.0406323275900544
0,fTS,0.0347761140706254
0,fTS,0.0352647156528606
0,fTS,0.0735965116596885
0,fTS,0.0647901782845432
0,fTS,0.0289549521288387
0,fTS,0.134834151271185
0,fTS,0.0620583562227459
0,fTS,0.0509237000925394
0,fTS,0.115850914560126
0,fTS,0.0403524834977718
0,fTS,0.0285529142500747
0,fTS,0.0178847857266066
0,fTS,0.0560046841336791
0,fTS,0.0615494551740224
0,fTS,0.095978808466839
0,fTS,0.0181260943733683
0,fTS,0.0722525316850104
0,fTS,0.0300004780776655
0,fTS,0.0480485355353352
0,fTS,0.0214100700213042
0,fTS,0.029961997474033
0,fTS,0.0395802011738004
0,fTS,0.0110415219814929
0,fTS,0.0890052506277999
0,fTS,0.017225322656611
0,fTS,0.0503781155838212
0,fTS,0.0265037000899892
0,fTS,0.0259904515256613
0,fTS,0.0377521475712752
0,fTS,0.0548982455161726
0,fTS,0.11029608534056
0,fTS,0.0413820051631238
0,fTS,0.0499187731955944
0,fTS,0.0102441655877319
0,fTS,0.118822018799558
0,fTS,0.0529695277566969
0,fTS,0.0343135313709566
0,fTS,0.0650108230424426
0,fTS,0.0829499999500688
0,fTS,0.0502840663188324
0,fTS,0.0427928006952789
0,fTS,0.0458734436217969
0,fTS,0.0651233345904029
0,fTS,0.0273458270384469
0,fTS,0.0401671195012634
0,fTS,0.0433559652263241
0,fTS,0.0431428749446447
0,fTS,0.0135978136830423
0,fTS,0.033034256467265
0,fTS,0.102337346012967
0,LS_oracle,0.0118027121272749
0,LS_oracle,0.0374434098498682
0,LS_oracle,0.0188439347629724
0,LS_oracle,0.0352683584613
0,LS_oracle,0.0511288375911938
0,LS_oracle,0.0395351526622828
0,LS_oracle,0.0535719065262419
0,LS_oracle,0.0248246585927113
0,LS_oracle,0.0562347412299996
0,LS_oracle,0.0558458720759337
0,LS_oracle,0.0273939027274805
0,LS_oracle,0.0291689411945151
0,LS_oracle,0.0170372555330234
0,LS_oracle,0.0696456435707349
0,LS_oracle,0.0903586089010171
0,LS_oracle,0.0658444044834392
0,LS_oracle,0.0482895455404554
0,LS_oracle,0.0696734646887828
0,LS_oracle,0.029108409638886
0,LS_oracle,0.042184314869364
0,LS_oracle,0.0265173138995692
0,LS_oracle,0.0723422741195106
0,LS_oracle,0.0413369480232326
0,LS_oracle,0.0482363432744889
0,LS_oracle,0.0136673816832565
0,LS_oracle,0.0141226572771203
0,LS_oracle,0.0362487109602399
0,LS_oracle,0.0494493648786999
0,LS_oracle,0.0223952043732202
0,LS_oracle,0.0159778386171215
0,LS_oracle,0.019267674462759
0,LS_oracle,0.0256244174220127
0,LS_oracle,0.0129170815315103
0,LS_oracle,0.0313941495243802
0,LS_oracle,0.0831323571632449
0,LS_oracle,0.0383128156941733
0,LS_oracle,0.0611578259504724
0,LS_oracle,0.0201662489839097
0,LS_oracle,0.0557191233435469
0,LS_oracle,0.0790794141947125
0,LS_oracle,0.0137384994396066
0,LS_oracle,0.0514883486616873
0,LS_oracle,0.0463779366085859
0,LS_oracle,0.0380869255750368
0,LS_oracle,0.0162663055796568
0,LS_oracle,0.064651543843409
0,LS_oracle,0.0580632064148514
0,LS_oracle,0.0552290242128869
0,LS_oracle,0.0626771295108827
0,LS_oracle,0.0529549956117486
0,LS_oracle,0.0273652230061621
0,LS_oracle,0.0839444076268496
0,LS_oracle,0.0917857558223076
0,LS_oracle,0.093509604342983
0,LS_oracle,0.0507107719469618
0,LS_oracle,0.0223004899355618
0,LS_oracle,0.0134456627441236
0,LS_oracle,0.037059634242315
0,LS_oracle,0.00654944599694662
0,LS_oracle,0.02129180310702
0,LS_oracle,0.0952886287902203
0,LS_oracle,0.0189579854902884
0,LS_oracle,0.00791747437446385
0,LS_oracle,0.0425308566377547
0,LS_oracle,0.0373829877175617
0,LS_oracle,0.0286579826317787
0,LS_oracle,0.0544547538390141
0,LS_oracle,0.0843342772136967
0,LS_oracle,0.0354972417719768
0,LS_oracle,0.0477469929899227
0,LS_oracle,0.0755881957354006
0,LS_oracle,0.0512324142598055
0,LS_oracle,0.0381988598499116
0,LS_oracle,0.0493441464214807
0,LS_oracle,0.0177343434984507
0,LS_oracle,0.0161235532225547
0,LS_oracle,0.0371785081174704
0,LS_oracle,0.0319103712634521
0,LS_oracle,0.0516131892909595
0,LS_oracle,0.113890772242027
0,LS_oracle,0.0184445105242678
0,LS_oracle,0.046886552323401
0,LS_oracle,0.0348583152159897
0,LS_oracle,0.0795915190542045
0,LS_oracle,0.0253097404478248
0,LS_oracle,0.02352115558222
0,LS_oracle,0.0102772995744031
0,LS_oracle,0.0235204381472429
0,LS_oracle,0.0659090931915287
0,LS_oracle,0.0740050640297703
0,LS_oracle,0.0652967279316287
0,LS_oracle,0.16408030589299
0,LS_oracle,0.0343269043595607
0,LS_oracle,0.0515105760006919
0,LS_oracle,0.0320749269958632
0,LS_oracle,0.0898593427240952
0,LS_oracle,0.0363551384637221
0,LS_oracle,0.0344561636874462
0,LS_oracle,0.00724736505779455
0,LS_oracle,0.0577903363920473
0,LS_oracle,0.0357293601456318
0,LS_oracle,0.064985043965285
0,LS_oracle,0.0287762362228268
0,LS_oracle,0.0353807748907807
0,LS_oracle,0.0837049863720372
0,LS_oracle,0.0263443623324417
0,LS_oracle,0.0265248320574734
0,LS_oracle,0.0362424094433341
0,LS_oracle,0.0539321711241346
0,LS_oracle,0.0716247103597023
0,LS_oracle,0.0111930335476945
0,LS_oracle,0.0416865773420851
0,LS_oracle,0.0113805828622963
0,LS_oracle,0.0219932439103108
0,LS_oracle,0.0466388672404765
0,LS_oracle,0.0185218223354946
0,LS_oracle,0.0560142895107322
0,LS_oracle,0.0614978885251298
0,LS_oracle,0.0206241615000713
0,LS_oracle,0.0497970026174069
0,LS_oracle,0.0991234695774139
0,LS_oracle,0.048475469821919
0,LS_oracle,0.0544855164455319
0,LS_oracle,0.0315576022895388
0,LS_oracle,0.0446215253349303
0,LS_oracle,0.114907556764061
0,LS_oracle,0.0468857049708005
0,LS_oracle,0.0397246573931753
0,LS_oracle,0.081970632478215
0,LS_oracle,0.0673440453499816
0,LS_oracle,0.0355279074958797
0,LS_oracle,0.0172402333261557
0,LS_oracle,0.0191787938764304
0,LS_oracle,0.0628837299809167
0,LS_oracle,0.0308011871989229
0,LS_oracle,0.0926505185114203
0,LS_oracle,0.0228340975544915
0,LS_oracle,0.0290377452285204
0,LS_oracle,0.0512224263757365
0,LS_oracle,0.0307111209625788
0,LS_oracle,0.075556302507832
0,LS_oracle,0.0216437105495982
0,LS_oracle,0.0508386538904269
0,LS_oracle,0.0628578990534614
0,LS_oracle,0.0234400905381803
0,LS_oracle,0.00627498248671936
0,LS_oracle,0.0346438655882649
0,LS_oracle,0.0444174143798013
0,LS_oracle,0.194920287981407
0,LS_oracle,0.0459967316663421
0,LS_oracle,0.0330471286907637
0,LS_oracle,0.0328699004257778
0,LS_oracle,0.0708335167719162
0,LS_oracle,0.0614647797488351
0,LS_oracle,0.0320215214189243
0,LS_oracle,0.0673123846845005
0,LS_oracle,0.0265199599077058
0,LS_oracle,0.0425825261899085
0,LS_oracle,0.0966437874129945
0,LS_oracle,0.0391467317856977
0,LS_oracle,0.0654507376388409
0,LS_oracle,0.0110701475958554
0,LS_oracle,0.0772036977571288
0,LS_oracle,0.0363236034443564
0,LS_oracle,0.126578188158527
0,LS_oracle,0.0165301473274136
0,LS_oracle,0.0629877262434473
0,LS_oracle,0.0253984341638746
0,LS_oracle,0.0420005144992357
0,LS_oracle,0.0229946412965296
0,LS_oracle,0.0405753647630265
0,LS_oracle,0.037909785355273
0,LS_oracle,0.0117775578464432
0,LS_oracle,0.0467242510598529
0,LS_oracle,0.0227433297449111
0,LS_oracle,0.0224202238884106
0,LS_oracle,0.0237058548019801
0,LS_oracle,0.0181632864666837
0,LS_oracle,0.0364626489337637
0,LS_oracle,0.0501501664924981
0,LS_oracle,0.127209228145083
0,LS_oracle,0.0368616859026274
0,LS_oracle,0.0170604037391516
0,LS_oracle,0.0106576458328139
0,LS_oracle,0.132796537033141
0,LS_oracle,0.0211733888725736
0,LS_oracle,0.0360613289530419
0,LS_oracle,0.0574471743005174
0,LS_oracle,0.0804686010908954
0,LS_oracle,0.0671551733143101
0,LS_oracle,0.0248462254132354
0,LS_oracle,0.0365767191427115
0,LS_oracle,0.0322458164706859
0,LS_oracle,0.0117329858547176
0,LS_oracle,0.0446067122843499
0,LS_oracle,0.0311413732211699
0,LS_oracle,0.0393401734563291
0,LS_oracle,0.013479283189476
0,LS_oracle,0.0252203531222698
0,LS_oracle,0.10288458840188
0,TS_oracle,0.011798607882706
0,TS_oracle,0.0374368248887835
0,TS_oracle,0.0186499531823377
0,TS_oracle,0.0344678954692231
0,TS_oracle,0.0511288375911938
0,TS_oracle,0.0395202531040973
0,TS_oracle,0.0545110837199591
0,TS_oracle,0.0248246585927113
0,TS_oracle,0.05628698228861
0,TS_oracle,0.0558458720759337
0,TS_oracle,0.0273174684006632
0,TS_oracle,0.0287789264330297
0,TS_oracle,0.0170372555330234
0,TS_oracle,0.0746029422404587
0,TS_oracle,0.0903553866532729
0,TS_oracle,0.0685085517954628
0,TS_oracle,0.048367312280879
0,TS_oracle,0.069794325790133
0,TS_oracle,0.0286019754633729
0,TS_oracle,0.0420859263130382
0,TS_oracle,0.0266029523129733
0,TS_oracle,0.0770128454629106
0,TS_oracle,0.0413369480232326
0,TS_oracle,0.0445953902126798
0,TS_oracle,0.0137631176606555
0,TS_oracle,0.0141226572771203
0,TS_oracle,0.0362487109602399
0,TS_oracle,0.0494493648786999
0,TS_oracle,0.0216153246459636
0,TS_oracle,0.0160274449670572
0,TS_oracle,0.0190088684863575
0,TS_oracle,0.0274331966820988
0,TS_oracle,0.0140684400792512
0,TS_oracle,0.0326120729058409
0,TS_oracle,0.0822247732869502
0,TS_oracle,0.0383128156941733
0,TS_oracle,0.0611578259504724
0,TS_oracle,0.0202039550693419
0,TS_oracle,0.0556657429154603
0,TS_oracle,0.0811430340023388
0,TS_oracle,0.0169220409493775
0,TS_oracle,0.0512361424554388
0,TS_oracle,0.0464945787950179
0,TS_oracle,0.0381897342193064
0,TS_oracle,0.0161437480184081
0,TS_oracle,0.064651543843409
0,TS_oracle,0.0577188314217673
0,TS_oracle,0.0548421049806467
0,TS_oracle,0.0615873822225236
0,TS_oracle,0.0531182319058699
0,TS_oracle,0.0273652230061621
0,TS_oracle,0.0856122256521695
0,TS_oracle,0.0917857558223076
0,TS_oracle,0.093509604342983
0,TS_oracle,0.0507107719469618
0,TS_oracle,0.0218136457108496
0,TS_oracle,0.013356455475997
0,TS_oracle,0.037045571949986
0,TS_oracle,0.0064150370945675
0,TS_oracle,0.020964796694158
0,TS_oracle,0.095080948376525
0,TS_oracle,0.0199961117722585
0,TS_oracle,0.00871782426590439
0,TS_oracle,0.0425308566377533
0,TS_oracle,0.0373829877175617
0,TS_oracle,0.0284852268421978
0,TS_oracle,0.0542105256591454
0,TS_oracle,0.0836071932586763
0,TS_oracle,0.0357538137257958
0,TS_oracle,0.0477469929899227
0,TS_oracle,0.0755881957354006
0,TS_oracle,0.0518020106319819
0,TS_oracle,0.0401754305412074
0,TS_oracle,0.0493441464214813
0,TS_oracle,0.0148722774317802
0,TS_oracle,0.0163199793030419
0,TS_oracle,0.0367328788068006
0,TS_oracle,0.0292877484698787
0,TS_oracle,0.0529899254801675
0,TS_oracle,0.113852465645278
0,TS_oracle,0.0192947618516653
0,TS_oracle,0.0467506828769433
0,TS_oracle,0.0337056078372093
0,TS_oracle,0.0793606317152478
0,TS_oracle,0.0253074946141869
0,TS_oracle,0.0236589709683707
0,TS_oracle,0.00966942626435544
0,TS_oracle,0.0234526097945821
0,TS_oracle,0.0659090931915287
0,TS_oracle,0.0767842258729381
0,TS_oracle,0.0652969909550261
0,TS_oracle,0.164474533582245
0,TS_oracle,0.0365651833916255
0,TS_oracle,0.0515105760006919
0,TS_oracle,0.0324078030148563
0,TS_oracle,0.0889973460071226
0,TS_oracle,0.0363551384637221
0,TS_oracle,0.0344561636874462
0,TS_oracle,0.00724447329832902
0,TS_oracle,0.0567722655384439
0,TS_oracle,0.0357293601456318
0,TS_oracle,0.0650235339605761
0,TS_oracle,0.0286381588617643
0,TS_oracle,0.0353792962795687
0,TS_oracle,0.0798645456615821
0,TS_oracle,0.0263436556157103
0,TS_oracle,0.0264944213082548
0,TS_oracle,0.0362534186548624
0,TS_oracle,0.0540183930001247
0,TS_oracle,0.0725788751117799
0,TS_oracle,0.0111930335476945
0,TS_oracle,0.0417191764564691
0,TS_oracle,0.0107972337633194
0,TS_oracle,0.0219504067709573
0,TS_oracle,0.0460553705739691
0,TS_oracle,0.0185218223354946
0,TS_oracle,0.0560045033507704
0,TS_oracle,0.0614978885251298
0,TS_oracle,0.0206389341663315
0,TS_oracle,0.0435725375583914
0,TS_oracle,0.0991234695774139
0,TS_oracle,0.0519325399994212
0,TS_oracle,0.0554298796715615
0,TS_oracle,0.0311783078817309
0,TS_oracle,0.0446215253349303
0,TS_oracle,0.11302727645402
0,TS_oracle,0.0467656797835725
0,TS_oracle,0.040108547080814
0,TS_oracle,0.0820790770249039
0,TS_oracle,0.0673373219278479
0,TS_oracle,0.0363448119512214
0,TS_oracle,0.017812496054585
0,TS_oracle,0.0193341852913919
0,TS_oracle,0.0620681123488741
0,TS_oracle,0.030847429479709
0,TS_oracle,0.0926456984479415
0,TS_oracle,0.0222457495114404
0,TS_oracle,0.0287257788940759
0,TS_oracle,0.0512703629986395
0,TS_oracle,0.0307117351285385
0,TS_oracle,0.0748106378865293
0,TS_oracle,0.0218095853336656
0,TS_oracle,0.05166269528621
0,TS_oracle,0.0598669506651049
0,TS_oracle,0.023893304564341
0,TS_oracle,0.00564202935506083
0,TS_oracle,0.0346332478480953
0,TS_oracle,0.0444174143798013
0,TS_oracle,0.194920287981407
0,TS_oracle,0.0458231992820837
0,TS_oracle,0.03290542512506
0,TS_oracle,0.0337003106555485
0,TS_oracle,0.0708794065611727
0,TS_oracle,0.0615195017362835
0,TS_oracle,0.0316130188602561
0,TS_oracle,0.0673011841667944
0,TS_oracle,0.0239637749585333
0,TS_oracle,0.0421292397638656
0,TS_oracle,0.0966437874129945
0,TS_oracle,0.0391467317856977
0,TS_oracle,0.0657310518873519
0,TS_oracle,0.0112323970035085
0,TS_oracle,0.0777490209446149
0,TS_oracle,0.036324841609344
0,TS_oracle,0.126689587306782
0,TS_oracle,0.0164540459460712
0,TS_oracle,0.0634858945600137
0,TS_oracle,0.0250585343365762
0,TS_oracle,0.0420121679198986
0,TS_oracle,0.0216141607895949
0,TS_oracle,0.0376634635744058
0,TS_oracle,0.037909785355273
0,TS_oracle,0.0118291196882379
0,TS_oracle,0.0418114468139827
0,TS_oracle,0.0227433297449111
0,TS_oracle,0.0224273058552418
0,TS_oracle,0.0238411637738795
0,TS_oracle,0.0185192600322334
0,TS_oracle,0.0367526226775979
0,TS_oracle,0.0499480051665048
0,TS_oracle,0.127450951971953
0,TS_oracle,0.0368616859026253
0,TS_oracle,0.0169577257755581
0,TS_oracle,0.0106714211680389
0,TS_oracle,0.132796295809842
0,TS_oracle,0.0217780603641362
0,TS_oracle,0.036290223898291
0,TS_oracle,0.0568830525744322
0,TS_oracle,0.0803728859434315
0,TS_oracle,0.0670411216699052
0,TS_oracle,0.0247895326624266
0,TS_oracle,0.0368247898831546
0,TS_oracle,0.032300618671413
0,TS_oracle,0.0114006602374935
0,TS_oracle,0.0430641800094085
0,TS_oracle,0.0308533536349704
0,TS_oracle,0.0391109818321431
0,TS_oracle,0.013576740517946
0,TS_oracle,0.0248643466576171
0,TS_oracle,0.102454677949461
0.1,PLS,0.0711343501196345
0.1,PLS,0.0536044192764632
0.1,PLS,0.0258217169126036
0.1,PLS,0.152189893847411
0.1,PLS,0.0214054077897353
0.1,PLS,0.0298504825236818
0.1,PLS,0.0477482240524867
0.1,PLS,0.09919582763313
0.1,PLS,0.0476625834279517
0.1,PLS,0.104145770204194
0.1,PLS,0.018828761302053
0.1,PLS,0.0358052557844583
0.1,PLS,0.0357274256881216
0.1,PLS,0.0254381690324816
0.1,PLS,0.0448830181513838
0.1,PLS,0.0194072282683438
0.1,PLS,0.0350733035684983
0.1,PLS,0.0549691008792936
0.1,PLS,0.102519654158095
0.1,PLS,0.0301996792241921
0.1,PLS,0.0603147878001431
0.1,PLS,0.0327087022961367
0.1,PLS,0.0789312392935811
0.1,PLS,0.0848450679628664
0.1,PLS,0.0379937917728659
0.1,PLS,0.0408922223390268
0.1,PLS,0.0456218753819284
0.1,PLS,0.0337886964360291
0.1,PLS,0.0397230056463035
0.1,PLS,0.0337479543947827
0.1,PLS,0.0577994907781584
0.1,PLS,0.071790840715789
0.1,PLS,0.0656714187113549
0.1,PLS,0.121216879080581
0.1,PLS,0.0649478369766118
0.1,PLS,0.0648019919324393
0.1,PLS,0.0539284631310679
0.1,PLS,0.0374778685642311
0.1,PLS,0.045274272261771
0.1,PLS,0.0542687510266249
0.1,PLS,0.0430451270449667
0.1,PLS,0.0431578408932714
0.1,PLS,0.077616129531269
0.1,PLS,0.0907820835877841
0.1,PLS,0.0878062209649278
0.1,PLS,0.103940192604464
0.1,PLS,0.0598801809603647
0.1,PLS,0.0208942179618557
0.1,PLS,0.0588092358627765
0.1,PLS,0.11261685226617
0.1,PLS,0.0609808225317284
0.1,PLS,0.0250599393779186
0.1,PLS,0.0541905337598484
0.1,PLS,0.0465357267737017
0.1,PLS,0.0277954057349499
0.1,PLS,0.0312269667847065
0.1,PLS,0.101146023240104
0.1,PLS,0.0371456977206593
0.1,PLS,0.0447245905414362
0.1,PLS,0.0184548130222259
0.1,PLS,0.133381523249841
0.1,PLS,0.0980768405762278
0.1,PLS,0.044277135858339
0.1,PLS,0.0771079577712567
0.1,PLS,0.0414817754124087
0.1,PLS,0.0950541136740887
0.1,PLS,0.0561036933850783
0.1,PLS,0.0613930686677227
0.1,PLS,0.0480099960247057
0.1,PLS,0.0122738712123732
0.1,PLS,0.0685333420065285
0.1,PLS,0.0171880247177899
0.1,PLS,0.0461751663896877
0.1,PLS,0.0619024764792117
0.1,PLS,0.0528628209126504
0.1,PLS,0.0334183395876258
0.1,PLS,0.0362388386043446
0.1,PLS,0.055124384647798
0.1,PLS,0.0768294985158089
0.1,PLS,0.0456703885355716
0.1,PLS,0.0507843569522653
0.1,PLS,0.0401048140436873
0.1,PLS,0.0609842172349409
0.1,PLS,0.0486560582481008
0.1,PLS,0.0480376529613371
0.1,PLS,0.0541893640002856
0.1,PLS,0.0696627736582557
0.1,PLS,0.0350695332509208
0.1,PLS,0.0669942688523928
0.1,PLS,0.0535080183480352
0.1,PLS,0.0620040042278191
0.1,PLS,0.0255980872261327
0.1,PLS,0.0779631446197432
0.1,PLS,0.0743251680277041
0.1,PLS,0.0989297489132179
0.1,PLS,0.015778309853958
0.1,PLS,0.0758821681406585
0.1,PLS,0.012092989205911
0.1,PLS,0.0442329094763741
0.1,PLS,0.0817915356250621
0.1,PLS,0.0370670810510502
0.1,PLS,0.0487952129239733
0.1,PLS,0.0217664685593976
0.1,PLS,0.0474783816669146
0.1,PLS,0.0424640622577186
0.1,PLS,0.0848646211689803
0.1,PLS,0.0194675627185753
0.1,PLS,0.0409294105504238
0.1,PLS,0.032676336868791
0.1,PLS,0.0390175750172157
0.1,PLS,0.0818200173354136
0.1,PLS,0.159933969153186
0.1,PLS,0.0346026690257846
0.1,PLS,0.042940977873304
0.1,PLS,0.031406534476844
0.1,PLS,0.0370197588453055
0.1,PLS,0.0805196989381534
0.1,PLS,0.0245578503468447
0.1,PLS,0.108763597578711
0.1,PLS,0.0333952278745551
0.1,PLS,0.0175045783565167
0.1,PLS,0.0280924225425527
0.1,PLS,0.104467555542885
0.1,PLS,0.0234143551342709
0.1,PLS,0.052946446667614
0.1,PLS,0.038694521313743
0.1,PLS,0.076207351859711
0.1,PLS,0.0367741653572226
0.1,PLS,0.0346587023201909
0.1,PLS,0.037004009733144
0.1,PLS,0.0591502550001789
0.1,PLS,0.0180976138691735
0.1,PLS,0.103035134007168
0.1,PLS,0.120716738481986
0.1,PLS,0.064175345222217
0.1,PLS,0.027668127205762
0.1,PLS,0.0423055128709437
0.1,PLS,0.0254015985659163
0.1,PLS,0.0406364779818893
0.1,PLS,0.0571830554442149
0.1,PLS,0.019399359335126
0.1,PLS,0.0238098029053145
0.1,PLS,0.132816032947608
0.1,PLS,0.0201209228295648
0.1,PLS,0.034237033499891
0.1,PLS,0.0169684417004985
0.1,PLS,0.0919202673897717
0.1,PLS,0.0545038532606529
0.1,PLS,0.0194460307411387
0.1,PLS,0.0312961615163812
0.1,PLS,0.0286305520918747
0.1,PLS,0.026261899364811
0.1,PLS,0.0483590125308289
0.1,PLS,0.00676588934642717
0.1,PLS,0.0468986026296122
0.1,PLS,0.0467478732612468
0.1,PLS,0.0716271323153708
0.1,PLS,0.057312910566695
0.1,PLS,0.0299886895237974
0.1,PLS,0.0707184217197172
0.1,PLS,0.0501229614512024
0.1,PLS,0.028387835795889
0.1,PLS,0.0197965008954818
0.1,PLS,0.0503003413282178
0.1,PLS,0.0289594117998231
0.1,PLS,0.0490396503146352
0.1,PLS,0.0474890769182018
0.1,PLS,0.0799968821024637
0.1,PLS,0.0400064575673335
0.1,PLS,0.0252624268883637
0.1,PLS,0.0479673008014019
0.1,PLS,0.066184427210935
0.1,PLS,0.0701553985783983
0.1,PLS,0.0235270544696588
0.1,PLS,0.170038173693086
0.1,PLS,0.0234134880834557
0.1,PLS,0.037375857738339
0.1,PLS,0.0405321524102553
0.1,PLS,0.068639766276473
0.1,PLS,0.0718454270030847
0.1,PLS,0.0401134039691134
0.1,PLS,0.078696479362013
0.1,PLS,0.0727647572058031
0.1,PLS,0.0227555457672506
0.1,PLS,0.0333834270010213
0.1,PLS,0.0872868924713569
0.1,PLS,0.0451021110773392
0.1,PLS,0.0659789080108585
0.1,PLS,0.0107468415562255
0.1,PLS,0.0286758703205441
0.1,PLS,0.0665798287581036
0.1,PLS,0.050413635569135
0.1,PLS,0.0497518291666394
0.1,PLS,0.052590823689193
0.1,PLS,0.0413004757537045
0.1,PLS,0.0322067734443646
0.1,PLS,0.0960712436660348
0.1,PLS,0.0567210786706716
0.1,PLS,0.0199494662847533
0.1,PLS,0.060606479053143
0.1,fTS,0.0711579670231842
0.1,fTS,0.0530974967958228
0.1,fTS,0.0271931394203519
0.1,fTS,0.152189893847411
0.1,fTS,0.0207977713070796
0.1,fTS,0.0298504825236818
0.1,fTS,0.0490781495457436
0.1,fTS,0.13872678748339
0.1,fTS,0.05156462244312
0.1,fTS,0.100082539400003
0.1,fTS,0.0200182858707055
0.1,fTS,0.0299087832235619
0.1,fTS,0.040163225949085
0.1,fTS,0.0240847908054805
0.1,fTS,0.0453938765547238
0.1,fTS,0.0390843687665885
0.1,fTS,0.0389064656483505
0.1,fTS,0.055818760336337
0.1,fTS,0.103509520350785
0.1,fTS,0.030364168937262
0.1,fTS,0.0499817809175598
0.1,fTS,0.0335490332231744
0.1,fTS,0.0791668845167817
0.1,fTS,0.0841880648246233
0.1,fTS,0.0390517164575717
0.1,fTS,0.0410223109416495
0.1,fTS,0.0441792790127966
0.1,fTS,0.0264214496508526
0.1,fTS,0.0406081276616301
0.1,fTS,0.0311190771892174
0.1,fTS,0.0551873469083699
0.1,fTS,0.0798557607544977
0.1,fTS,0.0641552316447776
0.1,fTS,0.0380797579180084
0.1,fTS,0.0668513767406169
0.1,fTS,0.0652017615402792
0.1,fTS,0.0603201778753242
0.1,fTS,0.036820853539331
0.1,fTS,0.0390956184387862
0.1,fTS,0.0537032024270858
0.1,fTS,0.0337908576007403
0.1,fTS,0.0439168262223448
0.1,fTS,0.0774515496757676
0.1,fTS,0.0986028555391464
0.1,fTS,0.0874697332909011
0.1,fTS,0.103368012812279
0.1,fTS,0.0690300444477861
0.1,fTS,0.020996971120445
0.1,fTS,0.0509209693112915
0.1,fTS,0.108921720818325
0.1,fTS,0.0616496021140707
0.1,fTS,0.0250522892226363
0.1,fTS,0.0535753671877554
0.1,fTS,0.041072528140614
0.1,fTS,0.0265466034097027
0.1,fTS,0.0343665820146206
0.1,fTS,0.0867298098174265
0.1,fTS,0.0474385975671474
0.1,fTS,0.044068984085783
0.1,fTS,0.0184548130222259
0.1,fTS,0.112819541412623
0.1,fTS,0.0979080584399397
0.1,fTS,0.0441060012422638
0.1,fTS,0.0771079577712567
0.1,fTS,0.0433864701185605
0.1,fTS,0.0932598209783435
0.1,fTS,0.0562454201594323
0.1,fTS,0.0615503956278393
0.1,fTS,0.0492289375270104
0.1,fTS,0.015604235457484
0.1,fTS,0.0650251897591837
0.1,fTS,0.017360961155291
0.1,fTS,0.0462199772695356
0.1,fTS,0.0666199153559338
0.1,fTS,0.0529908029223932
0.1,fTS,0.0348176862769426
0.1,fTS,0.0361863012651129
0.1,fTS,0.055124384647798
0.1,fTS,0.067456714998853
0.1,fTS,0.0457677610910476
0.1,fTS,0.0499114577873785
0.1,fTS,0.0465818756283119
0.1,fTS,0.0555356623629259
0.1,fTS,0.0487509979034188
0.1,fTS,0.0487730121741548
0.1,fTS,0.0541893640002856
0.1,fTS,0.0633276184615413
0.1,fTS,0.0358512614374529
0.1,fTS,0.0615563236203202
0.1,fTS,0.0556651532967824
0.1,fTS,0.0619500825863509
0.1,fTS,0.0268348827153779
0.1,fTS,0.148374519235232
0.1,fTS,0.0744912412954365
0.1,fTS,0.0961096268668021
0.1,fTS,0.015204933600991
0.1,fTS,0.0842927836383623
0.1,fTS,0.012092989205911
0.1,fTS,0.0504128906010697
0.1,fTS,0.0932160829996277
0.1,fTS,0.0380463683222576
0.1,fTS,0.0397719529113283
0.1,fTS,0.023579822332229
0.1,fTS,0.0466055162315974
0.1,fTS,0.0515246446136158
0.1,fTS,0.0735623802910115
0.1,fTS,0.0205621284199328
0.1,fTS,0.0458496260437365
0.1,fTS,0.0315824300499156
0.1,fTS,0.0461493089203593
0.1,fTS,0.0818200173354136
0.1,fTS,0.0385688509849331
0.1,fTS,0.0296336079848635
0.1,fTS,0.0419163773387577
0.1,fTS,0.0324053546248492
0.1,fTS,0.0369272735394351
0.1,fTS,0.100321304513044
0.1,fTS,0.0168713687019964
0.1,fTS,0.139297974334095
0.1,fTS,0.0367431902228128
0.1,fTS,0.0249594134059417
0.1,fTS,0.0345006085855767
0.1,fTS,0.104653108565541
0.1,fTS,0.0236065673005494
0.1,fTS,0.0510393641041156
0.1,fTS,0.0385513800182202
0.1,fTS,0.076207351859711
0.1,fTS,0.039559436028985
0.1,fTS,0.0340871152486621
0.1,fTS,0.0373472860734912
0.1,fTS,0.0590641366804622
0.1,fTS,0.0225726055572289
0.1,fTS,0.0836612805350058
0.1,fTS,0.120716628242328
0.1,fTS,0.064175345222217
0.1,fTS,0.0276828680821658
0.1,fTS,0.0491303078501388
0.1,fTS,0.0254015985659163
0.1,fTS,0.040636541051168
0.1,fTS,0.0511820524361298
0.1,fTS,0.019399359335126
0.1,fTS,0.0357458877684626
0.1,fTS,0.132816032947608
0.1,fTS,0.023771583610499
0.1,fTS,0.0420482282240046
0.1,fTS,0.0160337295785989
0.1,fTS,0.0935503084012788
0.1,fTS,0.0556028383870566
0.1,fTS,0.0201846018197712
0.1,fTS,0.0315773586910336
0.1,fTS,0.0332376604936429
0.1,fTS,0.0259734834032544
0.1,fTS,0.04288704880651
0.1,fTS,0.00622730896684007
0.1,fTS,0.0406397241439681
0.1,fTS,0.0385732328150276
0.1,fTS,0.0754072967465192
0.1,fTS,0.0478875501225665
0.1,fTS,0.0279359279852005
0.1,fTS,0.0707184217197172
0.1,fTS,0.0456318750771317
0.1,fTS,0.0280162491885764
0.1,fTS,0.0194511317085314
0.1,fTS,0.0455743839296367
0.1,fTS,0.0283648233085998
0.1,fTS,0.0563164816387578
0.1,fTS,0.0476001001061622
0.1,fTS,0.0820093540143077
0.1,fTS,0.0400064575673335
0.1,fTS,0.0259049427180758
0.1,fTS,0.0481451082455149
0.1,fTS,0.065109433749973
0.1,fTS,0.0623944027385767
0.1,fTS,0.0235080400027107
0.1,fTS,0.152493685594932
0.1,fTS,0.0228500027591846
0.1,fTS,0.0387819184487833
0.1,fTS,0.0411364563294249
0.1,fTS,0.0531769210496059
0.1,fTS,0.0718454270030847
0.1,fTS,0.0353021514963375
0.1,fTS,0.061140847618581
0.1,fTS,0.0628330076007032
0.1,fTS,0.0419378591689778
0.1,fTS,0.0559909774490207
0.1,fTS,0.0867543393390483
0.1,fTS,0.0435354954870463
0.1,fTS,0.0647242752201576
0.1,fTS,0.0135553891847394
0.1,fTS,0.0249754320321255
0.1,fTS,0.0693206421517899
0.1,fTS,0.050413635569135
0.1,fTS,0.0482844802791466
0.1,fTS,0.0389395851241822
0.1,fTS,0.0400190889525685
0.1,fTS,0.0324621109745726
0.1,fTS,0.097030186809177
0.1,fTS,0.0556337296589781
0.1,fTS,0.0190447252628286
0.1,fTS,0.0624032998020857
0.1,LS_oracle,0.0573749902287004
0.1,LS_oracle,0.0489435188674967
0.1,LS_oracle,0.025103775389094
0.1,LS_oracle,0.121055444041186
0.1,LS_oracle,0.0162385039773107
0.1,LS_oracle,0.0181421426611185
0.1,LS_oracle,0.0509697378583137
0.1,LS_oracle,0.0683503305228536
0.1,LS_oracle,0.0461480501790013
0.1,LS_oracle,0.0934091031800308
0.1,LS_oracle,0.0249297744144588
0.1,LS_oracle,0.0424636195708779
0.1,LS_oracle,0.0272130099790581
0.1,LS_oracle,0.0251536883884198
0.1,LS_oracle,0.0294620733876354
0.1,LS_oracle,0.0170874080041226
0.1,LS_oracle,0.0195380671349676
0.1,LS_oracle,0.0510891236879619
0.1,LS_oracle,0.0944060281511386
0.1,LS_oracle,0.0236359516730217
0.1,LS_oracle,0.039570081082923
0.1,LS_oracle,0.0268895317174308
0.1,LS_oracle,0.0618724842537896
0.1,LS_oracle,0.0811697740055243
0.1,LS_oracle,0.0466255523914688
0.1,LS_oracle,0.0456924263169511
0.1,LS_oracle,0.0394630269804608
0.1,LS_oracle,0.0393329820931691
0.1,LS_oracle,0.0359312076714506
0.1,LS_oracle,0.0316837657536276
0.1,LS_oracle,0.0579750280109652
0.1,LS_oracle,0.068763097672876
0.1,LS_oracle,0.0662505285398967
0.1,LS_oracle,0.0303729552148355
0.1,LS_oracle,0.0606959991429966
0.1,LS_oracle,0.0347772026735692
0.1,LS_oracle,0.0438150310700964
0.1,LS_oracle,0.0361381515241283
0.1,LS_oracle,0.0301766588720761
0.1,LS_oracle,0.0305080854769624
0.1,LS_oracle,0.0337329460593921
0.1,LS_oracle,0.027061007969024
0.1,LS_oracle,0.0764868948440675
0.1,LS_oracle,0.111912584801808
0.1,LS_oracle,0.0785821602737416
0.1,LS_oracle,0.0725024156762127
0.1,LS_oracle,0.0617312643042232
0.1,LS_oracle,0.0168312476219981
0.1,LS_oracle,0.0615626046311494
0.1,LS_oracle,0.123630461128114
0.1,LS_oracle,0.0650392233928316
0.1,LS_oracle,0.0241984690120989
0.1,LS_oracle,0.0485377483484189
0.1,LS_oracle,0.0454008916632903
0.1,LS_oracle,0.0396059385206129
0.1,LS_oracle,0.032513841157403
0.1,LS_oracle,0.0641404788099174
0.1,LS_oracle,0.0262620311894608
0.1,LS_oracle,0.028290914893522
0.1,LS_oracle,0.0178663230448382
0.1,LS_oracle,0.142977742308825
0.1,LS_oracle,0.0905882062964958
0.1,LS_oracle,0.0379004131828514
0.1,LS_oracle,0.0831095980607441
0.1,LS_oracle,0.0242354032296081
0.1,LS_oracle,0.158379237729952
0.1,LS_oracle,0.0503002750469366
0.1,LS_oracle,0.0495923951629134
0.1,LS_oracle,0.0492839902300207
0.1,LS_oracle,0.0160359737146359
0.1,LS_oracle,0.0724137284279535
0.1,LS_oracle,0.012175751719817
0.1,LS_oracle,0.034418849047272
0.1,LS_oracle,0.0492573017865962
0.1,LS_oracle,0.0449247319171517
0.1,LS_oracle,0.031129966183374
0.1,LS_oracle,0.0390898943459596
0.1,LS_oracle,0.061539817233965
0.1,LS_oracle,0.0764370402651646
0.1,LS_oracle,0.0321363883466303
0.1,LS_oracle,0.0426974014047978
0.1,LS_oracle,0.0355867972726073
0.1,LS_oracle,0.0354660189630768
0.1,LS_oracle,0.0372568380617078
0.1,LS_oracle,0.050454484105449
0.1,LS_oracle,0.0511356079155029
0.1,LS_oracle,0.0176755448306559
0.1,LS_oracle,0.0237551244640181
0.1,LS_oracle,0.060110904807952
0.1,LS_oracle,0.04768678112598
0.1,LS_oracle,0.0567089997128376
0.1,LS_oracle,0.0588313361955454
0.1,LS_oracle,0.0238868107255074
0.1,LS_oracle,0.0596708632583605
0.1,LS_oracle,0.0390195955100426
0.1,LS_oracle,0.0150422508593411
0.1,LS_oracle,0.0676703196956154
0.1,LS_oracle,0.0132417065728197
0.1,LS_oracle,0.0445338075579943
0.1,LS_oracle,0.0741270281876358
0.1,LS_oracle,0.0344977212616507
0.1,LS_oracle,0.023526465241959
0.1,LS_oracle,0.0175583697455105
0.1,LS_oracle,0.0595292893743427
0.1,LS_oracle,0.0762924615547179
0.1,LS_oracle,0.0214824860218673
0.1,LS_oracle,0.0186264904779503
0.1,LS_oracle,0.0384423841998865
0.1,LS_oracle,0.0330784586893107
0.1,LS_oracle,0.0324695329279949
0.1,LS_oracle,0.0609729473772943
0.1,LS_oracle,0.0241804906691772
0.1,LS_oracle,0.0337764316532244
0.1,LS_oracle,0.0477753879447701
0.1,LS_oracle,0.0242296266119094
0.1,LS_oracle,0.036096569862308
0.1,LS_oracle,0.0921279531492214
0.1,LS_oracle,0.0217872417240457
0.1,LS_oracle,0.101769505875992
0.1,LS_oracle,0.0399714624074651
0.1,LS_oracle,0.0162010175704534
0.1,LS_oracle,0.0317972040939037
0.1,LS_oracle,0.104901296884841
0.1,LS_oracle,0.0179823804683227
0.1,LS_oracle,0.0429311417618757
0.1,LS_oracle,0.0310183509917746
0.1,LS_oracle,0.0227073857455908
0.1,LS_oracle,0.0338843329956475
0.1,LS_oracle,0.0404560023713394
0.1,LS_oracle,0.0340647123962075
0.1,LS_oracle,0.0484923831265208
0.1,LS_oracle,0.0554108829027134
0.1,LS_oracle,0.0629331826357828
0.1,LS_oracle,0.0342505838708802
0.1,LS_oracle,0.0504664387915518
0.1,LS_oracle,0.0219239538021275
0.1,LS_oracle,0.0453155415696473
0.1,LS_oracle,0.0264782869714005
0.1,LS_oracle,0.0115932309563578
0.1,LS_oracle,0.059350820919405
0.1,LS_oracle,0.0257339930105864
0.1,LS_oracle,0.0206781857214158
0.1,LS_oracle,0.128427405852995
0.1,LS_oracle,0.0432144149373032
0.1,LS_oracle,0.0271226687417831
0.1,LS_oracle,0.0177683341255388
0.1,LS_oracle,0.103249290569448
0.1,LS_oracle,0.0576396996768827
0.1,LS_oracle,0.00856324627668845
0.1,LS_oracle,0.044591922405822
0.1,LS_oracle,0.0179115354930955
0.1,LS_oracle,0.0342046364081491
0.1,LS_oracle,0.0409441306105128
0.1,LS_oracle,0.00365685390669265
0.1,LS_oracle,0.0423314989584943
0.1,LS_oracle,0.0351698803486776
0.1,LS_oracle,0.0481182990658828
0.1,LS_oracle,0.0471159312891826
0.1,LS_oracle,0.0281418123799866
0.1,LS_oracle,0.0953452067492024
0.1,LS_oracle,0.0442958414532897
0.1,LS_oracle,0.028879463016817
0.1,LS_oracle,0.0198425270758085
0.1,LS_oracle,0.0176792205660713
0.1,LS_oracle,0.0284471734696953
0.1,LS_oracle,0.0394020958039269
0.1,LS_oracle,0.0445451358052047
0.1,LS_oracle,0.0941985992852926
0.1,LS_oracle,0.0413447143420048
0.1,LS_oracle,0.0137088125982034
0.1,LS_oracle,0.0550482288254011
0.1,LS_oracle,0.0485516422459003
0.1,LS_oracle,0.0656811520782062
0.1,LS_oracle,0.0177381355152328
0.1,LS_oracle,0.16059693212155
0.1,LS_oracle,0.0200693276647017
0.1,LS_oracle,0.032649601134315
0.1,LS_oracle,0.0274885815764886
0.1,LS_oracle,0.0440045841264795
0.1,LS_oracle,0.0584340236627476
0.1,LS_oracle,0.0250611147041997
0.1,LS_oracle,0.0844398899808952
0.1,LS_oracle,0.0753894542706798
0.1,LS_oracle,0.0109307032322419
0.1,LS_oracle,0.0111341955706334
0.1,LS_oracle,0.0905452377342057
0.1,LS_oracle,0.0404705761588758
0.1,LS_oracle,0.0615312079092451
0.1,LS_oracle,0.0144964924121653
0.1,LS_oracle,0.028585305418104
0.1,LS_oracle,0.0485613364648734
0.1,LS_oracle,0.0512132467553665
0.1,LS_oracle,0.0795534913199698
0.1,LS_oracle,0.057317456532147
0.1,LS_oracle,0.0353789885218105
0.1,LS_oracle,0.0320484879841457
0.1,LS_oracle,0.0996655725479156
0.1,LS_oracle,0.0573322431790996
0.1,LS_oracle,0.0221647710441539
0.1,LS_oracle,0.0586854957943955
0.1,TS_oracle,0.0573595596649574
0.1,TS_oracle,0.0473376064855608
0.1,TS_oracle,0.0267024072164466
0.1,TS_oracle,0.121055444041186
0.1,TS_oracle,0.0169773276621556
0.1,TS_oracle,0.0181421426611185
0.1,TS_oracle,0.0571672338628422
0.1,TS_oracle,0.0985695169646173
0.1,TS_oracle,0.0496580847648132
0.1,TS_oracle,0.0848814180504323
0.1,TS_oracle,0.029447797643807
0.1,TS_oracle,0.0335903234451819
0.1,TS_oracle,0.0291615406263273
0.1,TS_oracle,0.0220040694054443
0.1,TS_oracle,0.0288887178419746
0.1,TS_oracle,0.0205460190722023
0.1,TS_oracle,0.0226380224294088
0.1,TS_oracle,0.0508502920558389
0.1,TS_oracle,0.0955348548843682
0.1,TS_oracle,0.0236359516730217
0.1,TS_oracle,0.0381585161505672
0.1,TS_oracle,0.0272629676396006
0.1,TS_oracle,0.0618791570814491
0.1,TS_oracle,0.0802849444278389
0.1,TS_oracle,0.0464745251516658
0.1,TS_oracle,0.0456504683232119
0.1,TS_oracle,0.0386006365194274
0.1,TS_oracle,0.037077391639567
0.1,TS_oracle,0.0351360090123385
0.1,TS_oracle,0.0294674349748405
0.1,TS_oracle,0.0589481764217504
0.1,TS_oracle,0.0783155491547558
0.1,TS_oracle,0.0630649747915484
0.1,TS_oracle,0.0341069056317449
0.1,TS_oracle,0.0627825310750837
0.1,TS_oracle,0.0387636111395368
0.1,TS_oracle,0.0438923093234364
0.1,TS_oracle,0.0354778357089926
0.1,TS_oracle,0.0324781305856792
0.1,TS_oracle,0.0291649468379266
0.1,TS_oracle,0.0335610913808325
0.1,TS_oracle,0.027061007969024
0.1,TS_oracle,0.0758399624487934
0.1,TS_oracle,0.112689271584295
0.1,TS_oracle,0.0783736915364591
0.1,TS_oracle,0.0725024156762127
0.1,TS_oracle,0.0625474236106161
0.1,TS_oracle,0.0169652948934853
0.1,TS_oracle,0.0530564088735073
0.1,TS_oracle,0.118757979549183
0.1,TS_oracle,0.0626359685267664
0.1,TS_oracle,0.0241936947973011
0.1,TS_oracle,0.0489350850433698
0.1,TS_oracle,0.044713486575338
0.1,TS_oracle,0.0392632859883737
0.1,TS_oracle,0.0321069103269273
0.1,TS_oracle,0.0560945196860051
0.1,TS_oracle,0.0290125795757788
0.1,TS_oracle,0.0268790595553584
0.1,TS_oracle,0.0178663230448377
0.1,TS_oracle,0.130014781319042
0.1,TS_oracle,0.0904348206061421
0.1,TS_oracle,0.0378791356966605
0.1,TS_oracle,0.0831095980607441
0.1,TS_oracle,0.025610013652653
0.1,TS_oracle,0.147317253038693
0.1,TS_oracle,0.0484578285064861
0.1,TS_oracle,0.0509417105064639
0.1,TS_oracle,0.0483453321352566
0.1,TS_oracle,0.0193647628194411
0.1,TS_oracle,0.0684607539383053
0.1,TS_oracle,0.012088321798114
0.1,TS_oracle,0.0344585540252865
0.1,TS_oracle,0.0499791282040328
0.1,TS_oracle,0.045047520700042
0.1,TS_oracle,0.0314842798020194
0.1,TS_oracle,0.0390524798486128
0.1,TS_oracle,0.061539817233965
0.1,TS_oracle,0.076422111674837
0.1,TS_oracle,0.0322458014691992
0.1,TS_oracle,0.0419366189638293
0.1,TS_oracle,0.046287954497429
0.1,TS_oracle,0.0352621050634074
0.1,TS_oracle,0.0377138976876126
0.1,TS_oracle,0.0510421828756426
0.1,TS_oracle,0.0511356079155029
0.1,TS_oracle,0.0222564864358951
0.1,TS_oracle,0.022785577733965
0.1,TS_oracle,0.0611857851667832
0.1,TS_oracle,0.0474720146996347
0.1,TS_oracle,0.0566713070786543
0.1,TS_oracle,0.0588313361955454
0.1,TS_oracle,0.0159084491837139
0.1,TS_oracle,0.0654577632841065
0.1,TS_oracle,0.0386307348544592
0.1,TS_oracle,0.0146238040380582
0.1,TS_oracle,0.0759058619044292
0.1,TS_oracle,0.0136752650493746
0.1,TS_oracle,0.0510699267600206
0.1,TS_oracle,0.0775419682626044
0.1,TS_oracle,0.032910225875649
0.1,TS_oracle,0.0179773014264773
0.1,TS_oracle,0.0194717610315667
0.1,TS_oracle,0.0583276568316361
0.1,TS_oracle,0.0788864211599114
0.1,TS_oracle,0.0214824860218673
0.1,TS_oracle,0.0174389478512506
0.1,TS_oracle,0.0431564238439429
0.1,TS_oracle,0.0315953870966973
0.1,TS_oracle,0.0338734633627955
0.1,TS_oracle,0.0608722742797603
0.1,TS_oracle,0.0217446381924426
0.1,TS_oracle,0.0337764316532244
0.1,TS_oracle,0.0463892811517864
0.1,TS_oracle,0.0285610929930077
0.1,TS_oracle,0.0359815218892338
0.1,TS_oracle,0.106002365279202
0.1,TS_oracle,0.0157201656446048
0.1,TS_oracle,0.122490662810487
0.1,TS_oracle,0.0417131533716754
0.1,TS_oracle,0.0182605520974795
0.1,TS_oracle,0.0328758675557512
0.1,TS_oracle,0.105065730054237
0.1,TS_oracle,0.0176300330851935
0.1,TS_oracle,0.0445143509839565
0.1,TS_oracle,0.0306528002465623
0.1,TS_oracle,0.0227073857455908
0.1,TS_oracle,0.0358046767389866
0.1,TS_oracle,0.0384385077818336
0.1,TS_oracle,0.0310717529521593
0.1,TS_oracle,0.0471186896328672
0.1,TS_oracle,0.0469079723669208
0.1,TS_oracle,0.0557831436540825
0.1,TS_oracle,0.0342505838708802
0.1,TS_oracle,0.0504664387915518
0.1,TS_oracle,0.0219221717449434
0.1,TS_oracle,0.0423725825190439
0.1,TS_oracle,0.0264782869714005
0.1,TS_oracle,0.0116023368307773
0.1,TS_oracle,0.0581897796426169
0.1,TS_oracle,0.0257339930105864
0.1,TS_oracle,0.0201812239406813
0.1,TS_oracle,0.128935272832481
0.1,TS_oracle,0.0385424765341727
0.1,TS_oracle,0.0263332056810789
0.1,TS_oracle,0.0167227758430799
0.1,TS_oracle,0.105649543374405
0.1,TS_oracle,0.0578832360139102
0.1,TS_oracle,0.00926328120072141
0.1,TS_oracle,0.0431819299206769
0.1,TS_oracle,0.0223323269211731
0.1,TS_oracle,0.0326401371203369
0.1,TS_oracle,0.039620387357837
0.1,TS_oracle,0.00299311927321688
0.1,TS_oracle,0.0387997290543659
0.1,TS_oracle,0.0348863137171433
0.1,TS_oracle,0.0509530361948708
0.1,TS_oracle,0.042949919220136
0.1,TS_oracle,0.0281186832238939
0.1,TS_oracle,0.0953452067492024
0.1,TS_oracle,0.0424233149860063
0.1,TS_oracle,0.0286191930855013
0.1,TS_oracle,0.0195287590386459
0.1,TS_oracle,0.0177271637560474
0.1,TS_oracle,0.0282620074636768
0.1,TS_oracle,0.0383441016608022
0.1,TS_oracle,0.0445439353175542
0.1,TS_oracle,0.0948445320738661
0.1,TS_oracle,0.0413447143420048
0.1,TS_oracle,0.0156668184848116
0.1,TS_oracle,0.0538206649205748
0.1,TS_oracle,0.0468508057240999
0.1,TS_oracle,0.0601362815479192
0.1,TS_oracle,0.0177378288591654
0.1,TS_oracle,0.160662575612344
0.1,TS_oracle,0.019590502761473
0.1,TS_oracle,0.0330798125874649
0.1,TS_oracle,0.0265225574671035
0.1,TS_oracle,0.0470615015722454
0.1,TS_oracle,0.0584340236627476
0.1,TS_oracle,0.02386707739582
0.1,TS_oracle,0.0654253493488808
0.1,TS_oracle,0.0712502940167226
0.1,TS_oracle,0.00860633828656958
0.1,TS_oracle,0.0182294610785454
0.1,TS_oracle,0.0772371987111219
0.1,TS_oracle,0.0378198663622804
0.1,TS_oracle,0.059750258817761
0.1,TS_oracle,0.0167688108375707
0.1,TS_oracle,0.0248958432734054
0.1,TS_oracle,0.0549177901985676
0.1,TS_oracle,0.0512132467553665
0.1,TS_oracle,0.0773685247693354
0.1,TS_oracle,0.0419661005144494
0.1,TS_oracle,0.0351748457180348
0.1,TS_oracle,0.0292852662520179
0.1,TS_oracle,0.100662114978928
0.1,TS_oracle,0.0562217503788576
0.1,TS_oracle,0.0212612595979988
0.1,TS_oracle,0.0594934995990109
0.2,PLS,0.0326676132849714
0.2,PLS,0.0524967058081904
0.2,PLS,0.0846318768223576
0.2,PLS,0.0637134465974941
0.2,PLS,0.136156425212078
0.2,PLS,0.0678005520226213
0.2,PLS,0.0398486361957903
0.2,PLS,0.0335254309185068
0.2,PLS,0.0620337129287064
0.2,PLS,0.0450308161778157
0.2,PLS,0.103478240431702
0.2,PLS,0.0417840336090064
0.2,PLS,0.0188396008173481
0.2,PLS,0.100768611084272
0.2,PLS,0.0783064607800815
0.2,PLS,0.139183043323399
0.2,PLS,0.0377259143518951
0.2,PLS,0.0544654890389894
0.2,PLS,0.0696432351478274
0.2,PLS,0.0276571156812438
0.2,PLS,0.0574034140766625
0.2,PLS,0.104220014789844
0.2,PLS,0.0356810802262794
0.2,PLS,0.02172904894622
0.2,PLS,0.0521053160293719
0.2,PLS,0.0208321774031291
0.2,PLS,0.0401450288717791
0.2,PLS,0.0806013432179586
0.2,PLS,0.0514527293401711
0.2,PLS,0.0540715303417405
0.2,PLS,0.0303466919713347
0.2,PLS,0.0343797940789524
0.2,PLS,0.0345048223121088
0.2,PLS,0.0492594405518995
0.2,PLS,0.0383755820710185
0.2,PLS,0.0781196193047293
0.2,PLS,0.131419004114592
0.2,PLS,0.0809158494296674
0.2,PLS,0.0771538046859648
0.2,PLS,0.0523268468431242
0.2,PLS,0.102552191205308
0.2,PLS,0.0514542338988508
0.2,PLS,0.0444289735741644
0.2,PLS,0.0248452724078918
0.2,PLS,0.049817934090137
0.2,PLS,0.0791296874733741
0.2,PLS,0.109857792555769
0.2,PLS,0.0511645429527265
0.2,PLS,0.0246766870684199
0.2,PLS,0.0919663415096214
0.2,PLS,0.0633241527424692
0.2,PLS,0.030262992248375
0.2,PLS,0.164355940516032
0.2,PLS,0.0306664048677614
0.2,PLS,0.0417621633504891
0.2,PLS,0.0237443587397733
0.2,PLS,0.082100446623595
0.2,PLS,0.0524029491382333
0.2,PLS,0.0827214668707822
0.2,PLS,0.0676637717686182
0.2,PLS,0.0888691401157785
0.2,PLS,0.0543612165788613
0.2,PLS,0.0489751998066693
0.2,PLS,0.0677834296717235
0.2,PLS,0.0626366364272751
0.2,PLS,0.0553543301653884
0.2,PLS,0.0369985757992896
0.2,PLS,0.100644137103521
0.2,PLS,0.0626564957094055
0.2,PLS,0.0480962284217315
0.2,PLS,0.0329265497879993
0.2,PLS,0.0237015742510937
0.2,PLS,0.148750824402965
0.2,PLS,0.102292956507521
0.2,PLS,0.065562084437717
0.2,PLS,0.0120112693048583
0.2,PLS,0.0476184161422886
0.2,PLS,0.0703253242919273
0.2,PLS,0.0597448466148262
0.2,PLS,0.0135413359701132
0.2,PLS,0.048568231759922
0.2,PLS,0.0380975714253235
0.2,PLS,0.021640053149252
0.2,PLS,0.0544076898731446
0.2,PLS,0.0502687973651645
0.2,PLS,0.0536002188690844
0.2,PLS,0.224248289679381
0.2,PLS,0.0965152397908982
0.2,PLS,0.0330675457941924
0.2,PLS,0.0279826570193886
0.2,PLS,0.0575805744243845
0.2,PLS,0.0845871715356603
0.2,PLS,0.0362166699893275
0.2,PLS,0.0344898845410495
0.2,PLS,0.0300142793193759
0.2,PLS,0.0451878255996401
0.2,PLS,0.158285071352832
0.2,PLS,0.0326754833299834
0.2,PLS,0.0681038431372908
0.2,PLS,0.0366123023271659
0.2,PLS,0.0600462712457892
0.2,PLS,0.0332161601292913
0.2,PLS,0.086536970924956
0.2,PLS,0.0613287109543889
0.2,PLS,0.0277134295960102
0.2,PLS,0.0380570269727944
0.2,PLS,0.063295491967001
0.2,PLS,0.0169185243730582
0.2,PLS,0.0721089610710311
0.2,PLS,0.0711270029701633
0.2,PLS,0.033428093848606
0.2,PLS,0.0490313353287204
0.2,PLS,0.0937892834006599
0.2,PLS,0.0413723357583916
0.2,PLS,0.0441767913432227
0.2,PLS,0.0946138472989875
0.2,PLS,0.0272888750986823
0.2,PLS,0.0629974404605719
0.2,PLS,0.0356436903957087
0.2,PLS,0.0721695379562459
0.2,PLS,0.050456555928841
0.2,PLS,0.232215556486341
0.2,PLS,0.0602651114229143
0.2,PLS,0.0610992208317378
0.2,PLS,0.048068207588964
0.2,PLS,0.0443278629818737
0.2,PLS,0.0729536160623388
0.2,PLS,0.0984963336668076
0.2,PLS,0.0816923394976101
0.2,PLS,0.0543807031158868
0.2,PLS,0.0391385315847732
0.2,PLS,0.0379570017039842
0.2,PLS,0.035555418876836
0.2,PLS,0.0315800882481395
0.2,PLS,0.0771232389484992
0.2,PLS,0.0491546128297478
0.2,PLS,0.0368421339423359
0.2,PLS,0.0175653307592376
0.2,PLS,0.0134110790554411
0.2,PLS,0.136040176851625
0.2,PLS,0.142470321817588
0.2,PLS,0.0559204174160885
0.2,PLS,0.0808359947572949
0.2,PLS,0.0663356152154115
0.2,PLS,0.0503357643517425
0.2,PLS,0.0350273382225504
0.2,PLS,0.0443878412285697
0.2,PLS,0.0955799107997716
0.2,PLS,0.042853009771097
0.2,PLS,0.0184074099665549
0.2,PLS,0.0471745790675719
0.2,PLS,0.0421910464953853
0.2,PLS,0.0306314900421631
0.2,PLS,0.0624820618311156
0.2,PLS,0.0477094314691019
0.2,PLS,0.0507093080383562
0.2,PLS,0.04283874390139
0.2,PLS,0.070515218047785
0.2,PLS,0.0890429004909081
0.2,PLS,0.00953516460485281
0.2,PLS,0.0529920963191437
0.2,PLS,0.0488494986964381
0.2,PLS,0.0665568999630376
0.2,PLS,0.0468245014945911
0.2,PLS,0.101807707828858
0.2,PLS,0.0301462411224391
0.2,PLS,0.0422653103868035
0.2,PLS,0.025583368309813
0.2,PLS,0.0573092896054908
0.2,PLS,0.119066801712035
0.2,PLS,0.155215228325821
0.2,PLS,0.0396902953662901
0.2,PLS,0.0183944892260243
0.2,PLS,0.0598282692074063
0.2,PLS,0.0349466422682657
0.2,PLS,0.0188974117833361
0.2,PLS,0.0538754111463256
0.2,PLS,0.023757820722838
0.2,PLS,0.0181073918867803
0.2,PLS,0.0240229112649742
0.2,PLS,0.0304116658576964
0.2,PLS,0.0476725741445115
0.2,PLS,0.044432702389873
0.2,PLS,0.0876935824936965
0.2,PLS,0.0787433810979968
0.2,PLS,0.203274506972207
0.2,PLS,0.0801455849669793
0.2,PLS,0.0882891721165021
0.2,PLS,0.0427518459997755
0.2,PLS,0.0191828046417655
0.2,PLS,0.0703263666658122
0.2,PLS,0.117730755910351
0.2,PLS,0.0652544422361474
0.2,PLS,0.0183216750052755
0.2,PLS,0.030963077848684
0.2,PLS,0.0596616508782049
0.2,PLS,0.08676694241501
0.2,PLS,0.0192709586845372
0.2,PLS,0.0721403362057906
0.2,PLS,0.0554779523539233
0.2,fTS,0.0290344649456019
0.2,fTS,0.053379257605365
0.2,fTS,0.0666376092016829
0.2,fTS,0.0641426404807897
0.2,fTS,0.107482282361868
0.2,fTS,0.0527368047286268
0.2,fTS,0.03993040512234
0.2,fTS,0.0408709884714955
0.2,fTS,0.0643303085409522
0.2,fTS,0.041736842848651
0.2,fTS,0.108458264020271
0.2,fTS,0.0424365553280275
0.2,fTS,0.0131330836919176
0.2,fTS,0.102824505252798
0.2,fTS,0.0557857762731152
0.2,fTS,0.130996273154781
0.2,fTS,0.0249014047892315
0.2,fTS,0.0393069396569553
0.2,fTS,0.0668576553014381
0.2,fTS,0.0231896604542284
0.2,fTS,0.0457280408535881
0.2,fTS,0.103749397044527
0.2,fTS,0.0360638493862226
0.2,fTS,0.0267261696031011
0.2,fTS,0.0723299993248083
0.2,fTS,0.0280216502370397
0.2,fTS,0.0382701569087357
0.2,fTS,0.0751578141913668
0.2,fTS,0.0343921000523863
0.2,fTS,0.0528735398511417
0.2,fTS,0.0220828305808511
0.2,fTS,0.0351853661122489
0.2,fTS,0.0338230423587453
0.2,fTS,0.037011027732847
0.2,fTS,0.0353437467943656
0.2,fTS,0.0424478198226716
0.2,fTS,0.112788615599645
0.2,fTS,0.0709037015883039
0.2,fTS,0.0570519576108473
0.2,fTS,0.0497112315760478
0.2,fTS,0.0913794437743291
0.2,fTS,0.0422473612860973
0.2,fTS,0.028506147526587
0.2,fTS,0.022425930860969
0.2,fTS,0.04759493736396
0.2,fTS,0.0770063444825076
0.2,fTS,0.112065690724285
0.2,fTS,0.0451111621639578
0.2,fTS,0.0318092706792073
0.2,fTS,0.0843796220066209
0.2,fTS,0.0713458114458761
0.2,fTS,0.0350765287281034
0.2,fTS,0.154320648959563
0.2,fTS,0.0320210043996371
0.2,fTS,0.039304315540826
0.2,fTS,0.0226202400086924
0.2,fTS,0.0851249921435625
0.2,fTS,0.0542765403929725
0.2,fTS,0.0969748803772023
0.2,fTS,0.0663473955095272
0.2,fTS,0.081263633786115
0.2,fTS,0.0438959827363215
0.2,fTS,0.0626036121350354
0.2,fTS,0.0584124195911886
0.2,fTS,0.0620922298451573
0.2,fTS,0.0782245659792782
0.2,fTS,0.0281017669831432
0.2,fTS,0.0979834675186964
0.2,fTS,0.0508193980065915
0.2,fTS,0.0430205801516039
0.2,fTS,0.0297523840625952
0.2,fTS,0.0301378392643937
0.2,fTS,0.102259707062214
0.2,fTS,0.0919434077556452
0.2,fTS,0.0548386671931681
0.2,fTS,0.0107328097735037
0.2,fTS,0.0518206397649347
0.2,fTS,0.0723254576495285
0.2,fTS,0.0581748920093015
0.2,fTS,0.0154818445742259
0.2,fTS,0.0447890358684794
0.2,fTS,0.0355198723664601
0.2,fTS,0.0241432663685058
0.2,fTS,0.0571572629798854
0.2,fTS,0.0419227028234345
0.2,fTS,0.034886631619984
0.2,fTS,0.207955868555123
0.2,fTS,0.0613183173152628
0.2,fTS,0.0372793437725437
0.2,fTS,0.0225745139842678
0.2,fTS,0.0590572281876046
0.2,fTS,0.0753282540694749
0.2,fTS,0.0308112914820011
0.2,fTS,0.0259186789784672
0.2,fTS,0.0211281573439136
0.2,fTS,0.051558100061211
0.2,fTS,0.117108789077119
0.2,fTS,0.0167218052691872
0.2,fTS,0.0802728790028153
0.2,fTS,0.0397880366617226
0.2,fTS,0.0524451461668038
0.2,fTS,0.0290770053977734
0.2,fTS,0.0776869009831204
0.2,fTS,0.0612302452160905
0.2,fTS,0.0287648087622513
0.2,fTS,0.0342141916723377
0.2,fTS,0.065440092230967
0.2,fTS,0.0159438207198798
0.2,fTS,0.0457419485833662
0.2,fTS,0.059120428302344
0.2,fTS,0.0332722581860848
0.2,fTS,0.0468376789825597
0.2,fTS,0.0483308021986005
0.2,fTS,0.03751975508384
0.2,fTS,0.0273740156152035
0.2,fTS,0.0982779933448406
0.2,fTS,0.032760182815501
0.2,fTS,0.0648315137487269
0.2,fTS,0.0274906006427139
0.2,fTS,0.0740800833641446
0.2,fTS,0.0234366689155219
0.2,fTS,0.15447982301222
0.2,fTS,0.0348525008171032
0.2,fTS,0.0655014836462746
0.2,fTS,0.0315939977187964
0.2,fTS,0.0361174011956318
0.2,fTS,0.0835653814515283
0.2,fTS,0.0803427795671725
0.2,fTS,0.0770003612354287
0.2,fTS,0.0524050186864097
0.2,fTS,0.0508404353934366
0.2,fTS,0.0383895327939765
0.2,fTS,0.0392383759893285
0.2,fTS,0.0469648489150588
0.2,fTS,0.0728813368241471
0.2,fTS,0.0474088309419244
0.2,fTS,0.0262667895826232
0.2,fTS,0.0250447309663294
0.2,fTS,0.00911322217739879
0.2,fTS,0.13434081810622
0.2,fTS,0.150924307199192
0.2,fTS,0.0741807255686882
0.2,fTS,0.0942570692406815
0.2,fTS,0.05414866800393
0.2,fTS,0.050252413962828
0.2,fTS,0.153776334113351
0.2,fTS,0.0377725689365873
0.2,fTS,0.0697651846773839
0.2,fTS,0.0367030495998003
0.2,fTS,0.0210933984467561
0.2,fTS,0.0566455968962448
0.2,fTS,0.0453873531357462
0.2,fTS,0.0337231543337283
0.2,fTS,0.0769500106173841
0.2,fTS,0.0343233840942454
0.2,fTS,0.0473509653814283
0.2,fTS,0.0411668003318479
0.2,fTS,0.048400618640031
0.2,fTS,0.0925022495980211
0.2,fTS,0.0130037747688304
0.2,fTS,0.0702275524939911
0.2,fTS,0.0530313851199478
0.2,fTS,0.0667942610499233
0.2,fTS,0.0589138821104497
0.2,fTS,0.0958088662669636
0.2,fTS,0.0411008187837477
0.2,fTS,0.0427489935307445
0.2,fTS,0.045216504681031
0.2,fTS,0.0746973126546621
0.2,fTS,0.106092379805398
0.2,fTS,0.163416051796395
0.2,fTS,0.0556762690365167
0.2,fTS,0.0191156134531762
0.2,fTS,0.0540032314933853
0.2,fTS,0.0371724479335346
0.2,fTS,0.00742608737693664
0.2,fTS,0.051015856530005
0.2,fTS,0.0225528347482637
0.2,fTS,0.0185991557901937
0.2,fTS,0.024985982184606
0.2,fTS,0.0253331136529305
0.2,fTS,0.0422650913356813
0.2,fTS,0.0596637755829277
0.2,fTS,0.0922551081760514
0.2,fTS,0.0671747358330789
0.2,fTS,0.216314845400159
0.2,fTS,0.0731496393401315
0.2,fTS,0.101488345349882
0.2,fTS,0.0283434005489926
0.2,fTS,0.0154624211017194
0.2,fTS,0.0591739566251991
0.2,fTS,0.116705928890764
0.2,fTS,0.0484555624524253
0.2,fTS,0.0183544990124003
0.2,fTS,0.0203279239484806
0.2,fTS,0.0651540786069898
0.2,fTS,0.0787673763683292
0.2,fTS,0.015688157820266
0.2,fTS,0.0566841584424031
0.2,fTS,0.0438071765555796
0.2,LS_oracle,0.0250009266509589
0.2,LS_oracle,0.0544767655183689
0.2,LS_oracle,0.0817185806813465
0.2,LS_oracle,0.0720604917714873
0.2,LS_oracle,0.136189228982126
0.2,LS_oracle,0.0674800351617156
0.2,LS_oracle,0.0419833169258235
0.2,LS_oracle,0.0319885339137483
0.2,LS_oracle,0.0641358503557162
0.2,LS_oracle,0.0501240566367113
0.2,LS_oracle,0.103646374795441
0.2,LS_oracle,0.039989727074339
0.2,LS_oracle,0.0138388885576886
0.2,LS_oracle,0.0954506651455477
0.2,LS_oracle,0.0549795231773953
0.2,LS_oracle,0.175856845446536
0.2,LS_oracle,0.0313047751175383
0.2,LS_oracle,0.0785972341993474
0.2,LS_oracle,0.183409633779355
0.2,LS_oracle,0.035936611707992
0.2,LS_oracle,0.0881841085210486
0.2,LS_oracle,0.107881272968019
0.2,LS_oracle,0.0494394562409697
0.2,LS_oracle,0.0204982744605944
0.2,LS_oracle,0.0216889212335845
0.2,LS_oracle,0.0224328574537416
0.2,LS_oracle,0.034371179653018
0.2,LS_oracle,0.086790126589487
0.2,LS_oracle,0.0358943151663254
0.2,LS_oracle,0.0474466138165371
0.2,LS_oracle,0.0334453816452066
0.2,LS_oracle,0.0364371275360394
0.2,LS_oracle,0.0278768013938147
0.2,LS_oracle,0.0368598309505638
0.2,LS_oracle,0.0354882276567857
0.2,LS_oracle,0.0158029792810098
0.2,LS_oracle,0.114539379032955
0.2,LS_oracle,0.0803746541924869
0.2,LS_oracle,0.0755528653994334
0.2,LS_oracle,0.0421163683760957
0.2,LS_oracle,0.0900220941742378
0.2,LS_oracle,0.0485541612719694
0.2,LS_oracle,0.0367067980716227
0.2,LS_oracle,0.0382938574241478
0.2,LS_oracle,0.0633386317561455
0.2,LS_oracle,0.068701534322643
0.2,LS_oracle,0.0696976539461411
0.2,LS_oracle,0.0470450940880762
0.2,LS_oracle,0.0272310045585313
0.2,LS_oracle,0.0251780418912192
0.2,LS_oracle,0.0403622472704762
0.2,LS_oracle,0.0428735024384319
0.2,LS_oracle,0.161644607649701
0.2,LS_oracle,0.0135591551885644
0.2,LS_oracle,0.0426006274722624
0.2,LS_oracle,0.0243423668499629
0.2,LS_oracle,0.0467738574471419
0.2,LS_oracle,0.0473044759633031
0.2,LS_oracle,0.098451163251625
0.2,LS_oracle,0.0784182363158423
0.2,LS_oracle,0.0961497158874787
0.2,LS_oracle,0.0748312563367
0.2,LS_oracle,0.0459729970957367
0.2,LS_oracle,0.0207554870206675
0.2,LS_oracle,0.0398533064786571
0.2,LS_oracle,0.0473860974410056
0.2,LS_oracle,0.0292473438656804
0.2,LS_oracle,0.139734782230141
0.2,LS_oracle,0.0548338822899401
0.2,LS_oracle,0.045754521558618
0.2,LS_oracle,0.0306012144425167
0.2,LS_oracle,0.0209841953708536
0.2,LS_oracle,0.0793117880314314
0.2,LS_oracle,0.0651572464874877
0.2,LS_oracle,0.0698616402623336
0.2,LS_oracle,0.0123811864113339
0.2,LS_oracle,0.0459336233031149
0.2,LS_oracle,0.072360433354977
0.2,LS_oracle,0.0715233664331641
0.2,LS_oracle,0.010551737204001
0.2,LS_oracle,0.0635557748307569
0.2,LS_oracle,0.0146762628071317
0.2,LS_oracle,0.0214958690979988
0.2,LS_oracle,0.0535560654507018
0.2,LS_oracle,0.0396965593625415
0.2,LS_oracle,0.0496527189940966
0.2,LS_oracle,0.276522190959657
0.2,LS_oracle,0.0231291146453397
0.2,LS_oracle,0.0131415710558689
0.2,LS_oracle,0.0321868544904164
0.2,LS_oracle,0.0591787476509842
0.2,LS_oracle,0.0690575546461665
0.2,LS_oracle,0.0272942564556083
0.2,LS_oracle,0.0264541989347991
0.2,LS_oracle,0.0171624816544853
0.2,LS_oracle,0.0463557792278211
0.2,LS_oracle,0.136878176614823
0.2,LS_oracle,0.0227726452343357
0.2,LS_oracle,0.049794517474199
0.2,LS_oracle,0.0461812881827314
0.2,LS_oracle,0.0565336302892062
0.2,LS_oracle,0.0278666412992835
0.2,LS_oracle,0.0804075628229398
0.2,LS_oracle,0.0497521463882086
0.2,LS_oracle,0.0299499117165744
0.2,LS_oracle,0.0647708636874196
0.2,LS_oracle,0.0474344784728574
0.2,LS_oracle,0.0151050020685863
0.2,LS_oracle,0.0298874727488131
0.2,LS_oracle,0.0418404973210466
0.2,LS_oracle,0.0437252982493306
0.2,LS_oracle,0.0489590853656563
0.2,LS_oracle,0.0349924056723589
0.2,LS_oracle,0.0377122183671698
0.2,LS_oracle,0.0410370843649181
0.2,LS_oracle,0.0943406849363215
0.2,LS_oracle,0.0286205937403854
0.2,LS_oracle,0.0356487015656441
0.2,LS_oracle,0.0367049091876408
0.2,LS_oracle,0.06298970458859
0.2,LS_oracle,0.0214990734862415
0.2,LS_oracle,0.0773638504618106
0.2,LS_oracle,0.0387156471410546
0.2,LS_oracle,0.0506045128457794
0.2,LS_oracle,0.0314449028241261
0.2,LS_oracle,0.0454909990009024
0.2,LS_oracle,0.0688814128288518
0.2,LS_oracle,0.0552795319192978
0.2,LS_oracle,0.0894462868401163
0.2,LS_oracle,0.0532564057259839
0.2,LS_oracle,0.0345133301268695
0.2,LS_oracle,0.045068689517484
0.2,LS_oracle,0.0354147764961579
0.2,LS_oracle,0.0327030730911528
0.2,LS_oracle,0.0753189789829951
0.2,LS_oracle,0.0417117913551794
0.2,LS_oracle,0.0529518358126423
0.2,LS_oracle,0.0167912248359714
0.2,LS_oracle,0.00592395506724122
0.2,LS_oracle,0.116205580745068
0.2,LS_oracle,0.103780394539454
0.2,LS_oracle,0.0570448034124705
0.2,LS_oracle,0.0693264000618905
0.2,LS_oracle,0.0576142274427123
0.2,LS_oracle,0.0422048659055645
0.2,LS_oracle,0.0380803853299466
0.2,LS_oracle,0.0542912286034451
0.2,LS_oracle,0.0183036226505026
0.2,LS_oracle,0.0184944677208381
0.2,LS_oracle,0.0179370268799957
0.2,LS_oracle,0.0449252700540054
0.2,LS_oracle,0.0364145534147542
0.2,LS_oracle,0.0274464772483874
0.2,LS_oracle,0.0426518024065991
0.2,LS_oracle,0.0436805501611837
0.2,LS_oracle,0.0504428682872354
0.2,LS_oracle,0.0421563216601007
0.2,LS_oracle,0.0490071470151931
0.2,LS_oracle,0.0792991406517791
0.2,LS_oracle,0.0100479104637386
0.2,LS_oracle,0.0553548915109345
0.2,LS_oracle,0.0379663474475694
0.2,LS_oracle,0.0861276801386178
0.2,LS_oracle,0.0476261880650189
0.2,LS_oracle,0.0947238330260261
0.2,LS_oracle,0.0222631970690168
0.2,LS_oracle,0.042113254684469
0.2,LS_oracle,0.0254296761534907
0.2,LS_oracle,0.0374273516398354
0.2,LS_oracle,0.131218508976855
0.2,LS_oracle,0.145325935638353
0.2,LS_oracle,0.0513892625218868
0.2,LS_oracle,0.0266503756367718
0.2,LS_oracle,0.0743850505734889
0.2,LS_oracle,0.0456539176493858
0.2,LS_oracle,0.0179101239896386
0.2,LS_oracle,0.0626649351137326
0.2,LS_oracle,0.013996649832005
0.2,LS_oracle,0.018106050421554
0.2,LS_oracle,0.0230160657328988
0.2,LS_oracle,0.0227572785794719
0.2,LS_oracle,0.0365430281427277
0.2,LS_oracle,0.04340167572533
0.2,LS_oracle,0.0686663692350514
0.2,LS_oracle,0.0773942379240234
0.2,LS_oracle,0.273523783753435
0.2,LS_oracle,0.114843484076289
0.2,LS_oracle,0.0883170447170274
0.2,LS_oracle,0.0327400852845001
0.2,LS_oracle,0.0331573543424606
0.2,LS_oracle,0.0464717466936151
0.2,LS_oracle,0.133717669410004
0.2,LS_oracle,0.0451874605027967
0.2,LS_oracle,0.0416181010264323
0.2,LS_oracle,0.0224080242158501
0.2,LS_oracle,0.0567765143479644
0.2,LS_oracle,0.0716366000994728
0.2,LS_oracle,0.0146548872640762
0.2,LS_oracle,0.105982337153833
0.2,LS_oracle,0.0567094093081348
0.2,TS_oracle,0.0219369970440433
0.2,TS_oracle,0.055269605023963
0.2,TS_oracle,0.0661336617598103
0.2,TS_oracle,0.0713994774206865
0.2,TS_oracle,0.104096284432345
0.2,TS_oracle,0.0496027555222075
0.2,TS_oracle,0.0397499589043172
0.2,TS_oracle,0.0395942200631008
0.2,TS_oracle,0.0630922384988363
0.2,TS_oracle,0.0466884838527257
0.2,TS_oracle,0.108550091346157
0.2,TS_oracle,0.0384019348603508
0.2,TS_oracle,0.0127489208431306
0.2,TS_oracle,0.094410790251331
0.2,TS_oracle,0.0517693419557741
0.2,TS_oracle,0.172171131233665
0.2,TS_oracle,0.0259738468478481
0.2,TS_oracle,0.0513956018934702
0.2,TS_oracle,0.172973535262624
0.2,TS_oracle,0.0275117875043768
0.2,TS_oracle,0.0680069606492295
0.2,TS_oracle,0.10484484163843
0.2,TS_oracle,0.0339550132124058
0.2,TS_oracle,0.0258033455443709
0.2,TS_oracle,0.0184828319630619
0.2,TS_oracle,0.0263798837749374
0.2,TS_oracle,0.0308156515497767
0.2,TS_oracle,0.0792697936227824
0.2,TS_oracle,0.0271064586744584
0.2,TS_oracle,0.0479591614404216
0.2,TS_oracle,0.0221656408662343
0.2,TS_oracle,0.0364534231247322
0.2,TS_oracle,0.0310894140766744
0.2,TS_oracle,0.0334633757576328
0.2,TS_oracle,0.0333702266940269
0.2,TS_oracle,0.0182218051533856
0.2,TS_oracle,0.0941586530273382
0.2,TS_oracle,0.0758925746743456
0.2,TS_oracle,0.0523161491576449
0.2,TS_oracle,0.0485232853177034
0.2,TS_oracle,0.0783891950888937
0.2,TS_oracle,0.0389259722588885
0.2,TS_oracle,0.0284906839954186
0.2,TS_oracle,0.0243987151892552
0.2,TS_oracle,0.0588703549818503
0.2,TS_oracle,0.0655492589042557
0.2,TS_oracle,0.0630172172600085
0.2,TS_oracle,0.0365371663238856
0.2,TS_oracle,0.0235970652856918
0.2,TS_oracle,0.0295686558905241
0.2,TS_oracle,0.0409384517296606
0.2,TS_oracle,0.0406966361708018
0.2,TS_oracle,0.150786468314956
0.2,TS_oracle,0.0183361438464518
0.2,TS_oracle,0.0382961550486792
0.2,TS_oracle,0.0238682331815751
0.2,TS_oracle,0.0400870500440005
0.2,TS_oracle,0.0479606955164951
0.2,TS_oracle,0.10198694587551
0.2,TS_oracle,0.0683111210164692
0.2,TS_oracle,0.0870381779628793
0.2,TS_oracle,0.0593515220275541
0.2,TS_oracle,0.0562848563150882
0.2,TS_oracle,0.0184833504202995
0.2,TS_oracle,0.0487229291341069
0.2,TS_oracle,0.0691893465802774
0.2,TS_oracle,0.0171614960769274
0.2,TS_oracle,0.124727595428095
0.2,TS_oracle,0.0398925817614198
0.2,TS_oracle,0.0350707956464785
0.2,TS_oracle,0.030010005328792
0.2,TS_oracle,0.0255278929880536
0.2,TS_oracle,0.0719290560326567
0.2,TS_oracle,0.0744257711687147
0.2,TS_oracle,0.056906162852458
0.2,TS_oracle,0.0114469907293644
0.2,TS_oracle,0.0579357357154271
0.2,TS_oracle,0.0738509997494755
0.2,TS_oracle,0.0597065424026649
0.2,TS_oracle,0.0103030401586942
0.2,TS_oracle,0.053115748212785
0.2,TS_oracle,0.020153943270663
0.2,TS_oracle,0.0253618446294719
0.2,TS_oracle,0.0559908280854778
0.2,TS_oracle,0.0416620829450251
0.2,TS_oracle,0.032165350456104
0.2,TS_oracle,0.233961424436173
0.2,TS_oracle,0.0152915597168561
0.2,TS_oracle,0.0157995992956445
0.2,TS_oracle,0.0248703631870235
0.2,TS_oracle,0.0540517393620804
0.2,TS_oracle,0.0666348425602794
0.2,TS_oracle,0.0197995435180012
0.2,TS_oracle,0.0232515537820441
0.2,TS_oracle,0.016559678545327
0.2,TS_oracle,0.0424396039041578
0.2,TS_oracle,0.104387653144651
0.2,TS_oracle,0.0171578561187994
0.2,TS_oracle,0.0544747072838936
0.2,TS_oracle,0.0410084701420171
0.2,TS_oracle,0.0580846752107419
0.2,TS_oracle,0.0287470028251499
0.2,TS_oracle,0.0733532963660455
0.2,TS_oracle,0.0490710152767411
0.2,TS_oracle,0.0254854093767387
0.2,TS_oracle,0.0437283322024476
0.2,TS_oracle,0.043412092750567
0.2,TS_oracle,0.0146065524805647
0.2,TS_oracle,0.0259921097512669
0.2,TS_oracle,0.0381637279640856
0.2,TS_oracle,0.0419580024825639
0.2,TS_oracle,0.0467892255786863
0.2,TS_oracle,0.0411220902880564
0.2,TS_oracle,0.0352092312450948
0.2,TS_oracle,0.0257027534366077
0.2,TS_oracle,0.098061323572691
0.2,TS_oracle,0.0332842555876637
0.2,TS_oracle,0.0400118125666221
0.2,TS_oracle,0.0283179767817976
0.2,TS_oracle,0.0731098325343354
0.2,TS_oracle,0.0156076005537232
0.2,TS_oracle,0.0610415039093238
0.2,TS_oracle,0.0308099125611374
0.2,TS_oracle,0.0538318463452532
0.2,TS_oracle,0.0289551550677068
0.2,TS_oracle,0.0345623719252203
0.2,TS_oracle,0.0737104847852755
0.2,TS_oracle,0.0532381033179995
0.2,TS_oracle,0.0796534122855915
0.2,TS_oracle,0.0528938337082097
0.2,TS_oracle,0.0315134327472362
0.2,TS_oracle,0.0424619160255681
0.2,TS_oracle,0.0298956086064143
0.2,TS_oracle,0.0461486752055224
0.2,TS_oracle,0.0665223710652639
0.2,TS_oracle,0.0413151716706556
0.2,TS_oracle,0.0286342839317512
0.2,TS_oracle,0.0207704393898562
0.2,TS_oracle,0.00613274605186645
0.2,TS_oracle,0.115244169468691
0.2,TS_oracle,0.0974099632470515
0.2,TS_oracle,0.0707219900398921
0.2,TS_oracle,0.0664680819715655
0.2,TS_oracle,0.0472024850455704
0.2,TS_oracle,0.0421423934385856
0.2,TS_oracle,0.0343685901613606
0.2,TS_oracle,0.0428602897849188
0.2,TS_oracle,0.0186437734653298
0.2,TS_oracle,0.0173613273104713
0.2,TS_oracle,0.0173478557100933
0.2,TS_oracle,0.0539366890267625
0.2,TS_oracle,0.0384730982320263
0.2,TS_oracle,0.032918304701691
0.2,TS_oracle,0.0424121258240195
0.2,TS_oracle,0.0342639968842824
0.2,TS_oracle,0.0470256382458408
0.2,TS_oracle,0.0408439286676688
0.2,TS_oracle,0.0353136175957698
0.2,TS_oracle,0.0833381081342179
0.2,TS_oracle,0.0136797611824244
0.2,TS_oracle,0.0617000241206489
0.2,TS_oracle,0.0388564443754038
0.2,TS_oracle,0.0777481191877239
0.2,TS_oracle,0.0601414420487162
0.2,TS_oracle,0.0934085518397113
0.2,TS_oracle,0.0227515322985284
0.2,TS_oracle,0.0430543547642844
0.2,TS_oracle,0.0210319603246382
0.2,TS_oracle,0.052809461974585
0.2,TS_oracle,0.109201000878251
0.2,TS_oracle,0.145080601871684
0.2,TS_oracle,0.0702985274165062
0.2,TS_oracle,0.0254678762200705
0.2,TS_oracle,0.0552740086038283
0.2,TS_oracle,0.0454993046396781
0.2,TS_oracle,0.00717776204901714
0.2,TS_oracle,0.054156052452319
0.2,TS_oracle,0.010693283289262
0.2,TS_oracle,0.0185996974003689
0.2,TS_oracle,0.0223134018682042
0.2,TS_oracle,0.0215568846876336
0.2,TS_oracle,0.0266488720329133
0.2,TS_oracle,0.0492190398347812
0.2,TS_oracle,0.0708690988232852
0.2,TS_oracle,0.0570837053517508
0.2,TS_oracle,0.260992145233353
0.2,TS_oracle,0.0929519040550429
0.2,TS_oracle,0.104355138773929
0.2,TS_oracle,0.0264991152625865
0.2,TS_oracle,0.0236114976927521
0.2,TS_oracle,0.0474307152964477
0.2,TS_oracle,0.13238611474768
0.2,TS_oracle,0.0358262301330434
0.2,TS_oracle,0.0386824420271424
0.2,TS_oracle,0.017567711790872
0.2,TS_oracle,0.0603035822906516
0.2,TS_oracle,0.071260238832709
0.2,TS_oracle,0.0135386506079732
0.2,TS_oracle,0.0831406503852682
0.2,TS_oracle,0.0386992012901905
0.3,PLS,0.0631641717548728
0.3,PLS,0.06068976990685
0.3,PLS,0.0556852344376511
0.3,PLS,0.0398990237796556
0.3,PLS,0.0343871236849107
0.3,PLS,0.0198945113707394
0.3,PLS,0.0648434429223805
0.3,PLS,0.0557281491553645
0.3,PLS,0.0811586958395838
0.3,PLS,0.0748328610203301
0.3,PLS,0.0285701654013064
0.3,PLS,0.0208550671843716
0.3,PLS,0.0311432098024474
0.3,PLS,0.0385704714007847
0.3,PLS,0.0313647401581323
0.3,PLS,0.0123966359579434
0.3,PLS,0.0319772610713682
0.3,PLS,0.0426257153312883
0.3,PLS,0.0998316062883005
0.3,PLS,0.0784141492463776
0.3,PLS,0.0322195215694609
0.3,PLS,0.0244509449362081
0.3,PLS,0.0411187772222038
0.3,PLS,0.040362845954725
0.3,PLS,0.0479006745333202
0.3,PLS,0.0408526069089509
0.3,PLS,0.0903932528048137
0.3,PLS,0.0235337807910976
0.3,PLS,0.0747987462852908
0.3,PLS,0.0505649118997209
0.3,PLS,0.0334289026038871
0.3,PLS,0.102163537383368
0.3,PLS,0.0404838221080792
0.3,PLS,0.0518000753613775
0.3,PLS,0.0361292198790355
0.3,PLS,0.0342620558680731
0.3,PLS,0.039813278156363
0.3,PLS,0.124203132537771
0.3,PLS,0.0170752458864613
0.3,PLS,0.0426923112902815
0.3,PLS,0.0165707258327051
0.3,PLS,0.0745509019524133
0.3,PLS,0.0485986308644749
0.3,PLS,0.0208574521546067
0.3,PLS,0.0737653172605419
0.3,PLS,0.040094056259436
0.3,PLS,0.0421877148392769
0.3,PLS,0.023841968502555
0.3,PLS,0.0188782384795293
0.3,PLS,0.10087515816061
0.3,PLS,0.056806528994597
0.3,PLS,0.134355504350737
0.3,PLS,0.0828171810436529
0.3,PLS,0.234855919021144
0.3,PLS,0.0830363129203349
0.3,PLS,0.0725165773638347
0.3,PLS,0.0759051151872921
0.3,PLS,0.0305410794894928
0.3,PLS,0.0667385364025076
0.3,PLS,0.0641997698797406
0.3,PLS,0.125972806520185
0.3,PLS,0.0503709544375087
0.3,PLS,0.0132809415275095
0.3,PLS,0.0752836994565251
0.3,PLS,0.0559409130718334
0.3,PLS,0.0529231095831459
0.3,PLS,0.100686244955635
0.3,PLS,0.0880018531602874
0.3,PLS,0.118022018230198
0.3,PLS,0.0735059622243451
0.3,PLS,0.0924529995119333
0.3,PLS,0.0808595454938594
0.3,PLS,0.124537934597182
0.3,PLS,0.107107512363036
0.3,PLS,0.135423019652417
0.3,PLS,0.0874697537504752
0.3,PLS,0.0517970834850868
0.3,PLS,0.0361954168912339
0.3,PLS,0.105039784921519
0.3,PLS,0.0216655370466359
0.3,PLS,0.0248961265260816
0.3,PLS,0.0832505622900306
0.3,PLS,0.0516071356918998
0.3,PLS,0.0249558647560521
0.3,PLS,0.0801360866829384
0.3,PLS,0.0289769766690746
0.3,PLS,0.0581023243271497
0.3,PLS,0.0745813712105907
0.3,PLS,0.0326171851159397
0.3,PLS,0.0531144815662126
0.3,PLS,0.0844993449110312
0.3,PLS,0.0849615568943483
0.3,PLS,0.0541786675263109
0.3,PLS,0.16135373315543
0.3,PLS,0.0817530416309927
0.3,PLS,0.0864888517270022
0.3,PLS,0.0651570083901745
0.3,PLS,0.090808744628426
0.3,PLS,0.0511283984077154
0.3,PLS,0.0846742902542173
0.3,PLS,0.0396646133470696
0.3,PLS,0.0292410218646573
0.3,PLS,0.101235056663982
0.3,PLS,0.0868005775252766
0.3,PLS,0.0842408167309342
0.3,PLS,0.0515810691952606
0.3,PLS,0.0313285554058004
0.3,PLS,0.0972289809506556
0.3,PLS,0.0529888654919048
0.3,PLS,0.12339043703684
0.3,PLS,0.0594315298395516
0.3,PLS,0.0505087488137666
0.3,PLS,0.0338299574943181
0.3,PLS,0.099138762127746
0.3,PLS,0.0711808518158023
0.3,PLS,0.105060317439433
0.3,PLS,0.0428406854788073
0.3,PLS,0.0325563230798341
0.3,PLS,0.0980483488597172
0.3,PLS,0.0546413516171963
0.3,PLS,0.0501117229938977
0.3,PLS,0.0933254897439997
0.3,PLS,0.0975450806655749
0.3,PLS,0.0657176128813549
0.3,PLS,0.0624046984902468
0.3,PLS,0.0477212563245244
0.3,PLS,0.0252600378783613
0.3,PLS,0.0386907954993502
0.3,PLS,0.0406158831385344
0.3,PLS,0.0752187465644421
0.3,PLS,0.0196945692365273
0.3,PLS,0.0660091000282425
0.3,PLS,0.0598749542960205
0.3,PLS,0.0320413373932598
0.3,PLS,0.0977739370216783
0.3,PLS,0.0321078048489949
0.3,PLS,0.0439414181851935
0.3,PLS,0.0617466256771501
0.3,PLS,0.0698955691100122
0.3,PLS,0.0930340195671928
0.3,PLS,0.076074678965683
0.3,PLS,0.0371377691619559
0.3,PLS,0.0439255658323408
0.3,PLS,0.146147465567689
0.3,PLS,0.0893210217095943
0.3,PLS,0.0978092155470756
0.3,PLS,0.0743334870118617
0.3,PLS,0.0203068955021463
0.3,PLS,0.00806201329427523
0.3,PLS,0.0741921424371862
0.3,PLS,0.0632031518918747
0.3,PLS,0.0444510341142511
0.3,PLS,0.0704756476400903
0.3,PLS,0.120425008610757
0.3,PLS,0.0235714508452625
0.3,PLS,0.0670842369887398
0.3,PLS,0.0580061070077732
0.3,PLS,0.0550706202091794
0.3,PLS,0.0371127985613198
0.3,PLS,0.0542561436497986
0.3,PLS,0.0131446449996597
0.3,PLS,0.020608710124635
0.3,PLS,0.0574373056699096
0.3,PLS,0.0534421765587403
0.3,PLS,0.0785609206279068
0.3,PLS,0.0518516361429231
0.3,PLS,0.0307493062887275
0.3,PLS,0.0231865117486916
0.3,PLS,0.0371156779615581
0.3,PLS,0.0382153421555463
0.3,PLS,0.0849809922351327
0.3,PLS,0.0541607357921107
0.3,PLS,0.0415428638639079
0.3,PLS,0.0349416777172589
0.3,PLS,0.0282962635017786
0.3,PLS,0.0521176209966512
0.3,PLS,0.0335426954403073
0.3,PLS,0.0341381557693664
0.3,PLS,0.0987104742040696
0.3,PLS,0.0307722601841333
0.3,PLS,0.0492721649188126
0.3,PLS,0.0205098196744543
0.3,PLS,0.0856060551960047
0.3,PLS,0.0393086408726663
0.3,PLS,0.0658811745555289
0.3,PLS,0.124809825599708
0.3,PLS,0.108039728992146
0.3,PLS,0.0428856554574862
0.3,PLS,0.041371602862642
0.3,PLS,0.0329634872639526
0.3,PLS,0.0642178387410126
0.3,PLS,0.0838133453072529
0.3,PLS,0.0539727743286964
0.3,PLS,0.0702336333191306
0.3,PLS,0.0455699022908042
0.3,PLS,0.0277379842791055
0.3,PLS,0.138176183101155
0.3,PLS,0.023309538831809
0.3,PLS,0.0283732332555771
0.3,PLS,0.0984050044718671
0.3,fTS,0.0284783623153773
0.3,fTS,0.0694799396722552
0.3,fTS,0.0509499260578896
0.3,fTS,0.0458899567817099
0.3,fTS,0.0283478992185015
0.3,fTS,0.0124420282340414
0.3,fTS,0.0597611852505519
0.3,fTS,0.0630214482118038
0.3,fTS,0.0715313400308482
0.3,fTS,0.0667126834896715
0.3,fTS,0.0398070603744244
0.3,fTS,0.0220913863876468
0.3,fTS,0.0321087305341973
0.3,fTS,0.0268166059081286
0.3,fTS,0.0528104940645222
0.3,fTS,0.00813523982044702
0.3,fTS,0.0307746869598765
0.3,fTS,0.0358353102854753
0.3,fTS,0.0818443902822695
0.3,fTS,0.0744221810044053
0.3,fTS,0.0340931266541167
0.3,fTS,0.020383245817592
0.3,fTS,0.0205107398640234
0.3,fTS,0.0317245802763301
0.3,fTS,0.0519270007067989
0.3,fTS,0.0326437227646626
0.3,fTS,0.0893631517304111
0.3,fTS,0.0211011946490701
0.3,fTS,0.0492236346557668
0.3,fTS,0.0253535384984322
0.3,fTS,0.0147822038616533
0.3,fTS,0.110465199022574
0.3,fTS,0.0292040874117311
0.3,fTS,0.0386625254935916
0.3,fTS,0.0296453661719394
0.3,fTS,0.0425898815496766
0.3,fTS,0.0450329931689134
0.3,fTS,0.112195146332658
0.3,fTS,0.00835388229548848
0.3,fTS,0.0307459934551542
0.3,fTS,0.0112101886411438
0.3,fTS,0.0940170091017266
0.3,fTS,0.0517224632115347
0.3,fTS,0.0167152352579345
0.3,fTS,0.0949886900441943
0.3,fTS,0.0350020093018468
0.3,fTS,0.0303500259777405
0.3,fTS,0.0108263755931609
0.3,fTS,0.0210752267209978
0.3,fTS,0.126963153788546
0.3,fTS,0.0519454812722383
0.3,fTS,0.108646990177876
0.3,fTS,0.0897954274439827
0.3,fTS,0.194671792975253
0.3,fTS,0.0749211144109947
0.3,fTS,0.0456373755072199
0.3,fTS,0.0596826520279737
0.3,fTS,0.0239447259469239
0.3,fTS,0.053163086991526
0.3,fTS,0.04702736251377
0.3,fTS,0.0948144083069924
0.3,fTS,0.0391568699305485
0.3,fTS,0.0256610070334947
0.3,fTS,0.0427956608591631
0.3,fTS,0.0423354562604547
0.3,fTS,0.061040239662637
0.3,fTS,0.0870010558513254
0.3,fTS,0.0756713879691455
0.3,fTS,0.0962371395706181
0.3,fTS,0.090077796961163
0.3,fTS,0.0543561808246815
0.3,fTS,0.0615607784088616
0.3,fTS,0.15219794791467
0.3,fTS,0.111004609480017
0.3,fTS,0.0905790042704639
0.3,fTS,0.0475259745328541
0.3,fTS,0.0406176698621756
0.3,fTS,0.041058416454708
0.3,fTS,0.0817066182405235
0.3,fTS,0.0209705028900805
0.3,fTS,0.012971148601248
0.3,fTS,0.0765316106562978
0.3,fTS,0.0533573452284009
0.3,fTS,0.0323148410864153
0.3,fTS,0.0582815711993911
0.3,fTS,0.0365640118495048
0.3,fTS,0.0383617672040728
0.3,fTS,0.079337969771235
0.3,fTS,0.0340011836245619
0.3,fTS,0.0275778611277584
0.3,fTS,0.076115496514269
0.3,fTS,0.0866707809003804
0.3,fTS,0.0281978952514538
0.3,fTS,0.13294796124922
0.3,fTS,0.0850868930177325
0.3,fTS,0.0580887414911561
0.3,fTS,0.0494536331983928
0.3,fTS,0.0788169814174006
0.3,fTS,0.0578681430512841
0.3,fTS,0.0966189314102239
0.3,fTS,0.039170982699618
0.3,fTS,0.0222283646755201
0.3,fTS,0.112013279970401
0.3,fTS,0.0957089208706178
0.3,fTS,0.0818024127925949
0.3,fTS,0.0600673469695748
0.3,fTS,0.026931471854132
0.3,fTS,0.0842203769616438
0.3,fTS,0.0372709837107887
0.3,fTS,0.13683954873013
0.3,fTS,0.0537164164943346
0.3,fTS,0.0439144603033948
0.3,fTS,0.0293728015234168
0.3,fTS,0.0798805934814078
0.3,fTS,0.0554400798143169
0.3,fTS,0.0673792918210406
0.3,fTS,0.0262314780757953
0.3,fTS,0.010037645232599
0.3,fTS,0.0798748472316862
0.3,fTS,0.0828716561643782
0.3,fTS,0.052686813870768
0.3,fTS,0.055497291198217
0.3,fTS,0.0938484223590054
0.3,fTS,0.0770655199814454
0.3,fTS,0.0733996205972822
0.3,fTS,0.0467385593693251
0.3,fTS,0.0373915548899389
0.3,fTS,0.0374952512289682
0.3,fTS,0.0261163060687643
0.3,fTS,0.069087731808621
0.3,fTS,0.0292526384192829
0.3,fTS,0.0568566010316357
0.3,fTS,0.0485603916186096
0.3,fTS,0.034910403652091
0.3,fTS,0.11236966339767
0.3,fTS,0.0264802540262424
0.3,fTS,0.0419856317357735
0.3,fTS,0.06893998034467
0.3,fTS,0.0622120774660453
0.3,fTS,0.0845922633592296
0.3,fTS,0.0671288103306721
0.3,fTS,0.0204809185153732
0.3,fTS,0.0216754682480019
0.3,fTS,0.191978778188519
0.3,fTS,0.0716642882214446
0.3,fTS,0.114213952703606
0.3,fTS,0.0766692522225141
0.3,fTS,0.0162147469841088
0.3,fTS,0.00734413136322631
0.3,fTS,0.0967616688059457
0.3,fTS,0.0519232679825059
0.3,fTS,0.04189639664357
0.3,fTS,0.058972753947488
0.3,fTS,0.177691061929837
0.3,fTS,0.0305066941148322
0.3,fTS,0.0632186839527366
0.3,fTS,0.0441400052164
0.3,fTS,0.0410299630598207
0.3,fTS,0.0350533194854464
0.3,fTS,0.0502849107991996
0.3,fTS,0.0100674982649167
0.3,fTS,0.0247622968573321
0.3,fTS,0.0422493659499562
0.3,fTS,0.0333345088659251
0.3,fTS,0.0563684077793893
0.3,fTS,0.0450582721499048
0.3,fTS,0.024080049490028
0.3,fTS,0.0259959432276416
0.3,fTS,0.0273424299175299
0.3,fTS,0.0286431272417419
0.3,fTS,0.0719194057264114
0.3,fTS,0.0582005199146059
0.3,fTS,0.0481377166920152
0.3,fTS,0.019773391408605
0.3,fTS,0.0293103517417606
0.3,fTS,0.0591872932434239
0.3,fTS,0.0219978064325876
0.3,fTS,0.0311542674592652
0.3,fTS,0.111727512253995
0.3,fTS,0.0403540615361995
0.3,fTS,0.0583728211288112
0.3,fTS,0.0193971406187867
0.3,fTS,0.0633379134316022
0.3,fTS,0.0337973392880797
0.3,fTS,0.0563229147459946
0.3,fTS,0.151939939689098
0.3,fTS,0.0770105149270267
0.3,fTS,0.043551813055534
0.3,fTS,0.0392546414327105
0.3,fTS,0.0213691007361059
0.3,fTS,0.0686633700518686
0.3,fTS,0.0835941778487451
0.3,fTS,0.0251318537585076
0.3,fTS,0.0587985717459707
0.3,fTS,0.0589707488059683
0.3,fTS,0.0236753013523957
0.3,fTS,0.0453510229296205
0.3,fTS,0.0230271051899791
0.3,fTS,0.0279739499687832
0.3,fTS,0.0745944156206802
0.3,LS_oracle,0.0244150527242091
0.3,LS_oracle,0.0660297434972662
0.3,LS_oracle,0.0192472845615005
0.3,LS_oracle,0.0363276115985906
0.3,LS_oracle,0.0240000932144305
0.3,LS_oracle,0.0280091256744458
0.3,LS_oracle,0.0483775604592215
0.3,LS_oracle,0.0725227166026896
0.3,LS_oracle,0.0376206407811467
0.3,LS_oracle,0.0709163917411087
0.3,LS_oracle,0.0334449157082971
0.3,LS_oracle,0.0460997463153056
0.3,LS_oracle,0.0158850898056257
0.3,LS_oracle,0.0380204550348579
0.3,LS_oracle,0.0320430829611519
0.3,LS_oracle,0.0139528370911795
0.3,LS_oracle,0.0214495957881332
0.3,LS_oracle,0.0437210911092256
0.3,LS_oracle,0.0925122257634621
0.3,LS_oracle,0.0517526452484346
0.3,LS_oracle,0.0143830347028496
0.3,LS_oracle,0.0203235269134669
0.3,LS_oracle,0.0138152495167976
0.3,LS_oracle,0.019642263546265
0.3,LS_oracle,0.0478476944192536
0.3,LS_oracle,0.0394496757034762
0.3,LS_oracle,0.0880004482581844
0.3,LS_oracle,0.0194394069619902
0.3,LS_oracle,0.0660457460560627
0.3,LS_oracle,0.0471555306730316
0.3,LS_oracle,0.028761114379765
0.3,LS_oracle,0.0885101854936953
0.3,LS_oracle,0.0385931671566305
0.3,LS_oracle,0.051452236005515
0.3,LS_oracle,0.0367174770799518
0.3,LS_oracle,0.02783340355667
0.3,LS_oracle,0.0366279187353053
0.3,LS_oracle,0.115947594335639
0.3,LS_oracle,0.0188004890864826
0.3,LS_oracle,0.0341287192074309
0.3,LS_oracle,0.0244197620824694
0.3,LS_oracle,0.0731622672377731
0.3,LS_oracle,0.0310133657312583
0.3,LS_oracle,0.0267840846084878
0.3,LS_oracle,0.0199982249838443
0.3,LS_oracle,0.044097009504467
0.3,LS_oracle,0.0402239776651352
0.3,LS_oracle,0.0257407206087679
0.3,LS_oracle,0.0242301587102159
0.3,LS_oracle,0.0977577423547956
0.3,LS_oracle,0.0255369553083712
0.3,LS_oracle,0.126691275183812
0.3,LS_oracle,0.0678608642819193
0.3,LS_oracle,0.163774347917369
0.3,LS_oracle,0.083657839389924
0.3,LS_oracle,0.0599081269960715
0.3,LS_oracle,0.050491476422811
0.3,LS_oracle,0.0295207356252699
0.3,LS_oracle,0.0320060804143809
0.3,LS_oracle,0.0607003486872882
0.3,LS_oracle,0.120553039989714
0.3,LS_oracle,0.0420871237851897
0.3,LS_oracle,0.0131346271882826
0.3,LS_oracle,0.0870849799674377
0.3,LS_oracle,0.0590144615046968
0.3,LS_oracle,0.0367972577443544
0.3,LS_oracle,0.0620332922667686
0.3,LS_oracle,0.090244898640692
0.3,LS_oracle,0.0470394870261768
0.3,LS_oracle,0.0813874443999741
0.3,LS_oracle,0.0829915604595209
0.3,LS_oracle,0.0651610342720694
0.3,LS_oracle,0.0679172629907817
0.3,LS_oracle,0.08811297527673
0.3,LS_oracle,0.138644624900943
0.3,LS_oracle,0.0953029712852521
0.3,LS_oracle,0.0520204459630646
0.3,LS_oracle,0.0437824195336885
0.3,LS_oracle,0.0956293835974886
0.3,LS_oracle,0.0132782627009634
0.3,LS_oracle,0.023912374270852
0.3,LS_oracle,0.0762319924103602
0.3,LS_oracle,0.0451370740735826
0.3,LS_oracle,0.0235312756484348
0.3,LS_oracle,0.0399440066590114
0.3,LS_oracle,0.0282688255352406
0.3,LS_oracle,0.058370882893512
0.3,LS_oracle,0.0439774658585623
0.3,LS_oracle,0.0305024749877753
0.3,LS_oracle,0.0383512577605478
0.3,LS_oracle,0.0734925873302792
0.3,LS_oracle,0.0744524272799671
0.3,LS_oracle,0.039314967603975
0.3,LS_oracle,0.160276340580083
0.3,LS_oracle,0.0822943804920186
0.3,LS_oracle,0.0556686101850059
0.3,LS_oracle,0.030290037532014
0.3,LS_oracle,0.073496709673723
0.3,LS_oracle,0.0527382573450428
0.3,LS_oracle,0.09040805854012
0.3,LS_oracle,0.036178193916862
0.3,LS_oracle,0.0401701926018445
0.3,LS_oracle,0.0947803935719532
0.3,LS_oracle,0.0759599203015109
0.3,LS_oracle,0.081633325440718
0.3,LS_oracle,0.0503937721809869
0.3,LS_oracle,0.0298044671785556
0.3,LS_oracle,0.0900664798074746
0.3,LS_oracle,0.0376942058110109
0.3,LS_oracle,0.0982958996354862
0.3,LS_oracle,0.112636649799915
0.3,LS_oracle,0.0845401980413845
0.3,LS_oracle,0.0337960896167646
0.3,LS_oracle,0.100901821698785
0.3,LS_oracle,0.0659726664486921
0.3,LS_oracle,0.0850758515322425
0.3,LS_oracle,0.0347371528518649
0.3,LS_oracle,0.0281521290248305
0.3,LS_oracle,0.0974120896737835
0.3,LS_oracle,0.0366094870575966
0.3,LS_oracle,0.0503054555888236
0.3,LS_oracle,0.0590675250439126
0.3,LS_oracle,0.0814044253056727
0.3,LS_oracle,0.056586939080289
0.3,LS_oracle,0.0541478033638862
0.3,LS_oracle,0.0358595686778478
0.3,LS_oracle,0.0233683574324836
0.3,LS_oracle,0.00309601596630125
0.3,LS_oracle,0.0218871965932161
0.3,LS_oracle,0.0745279363147394
0.3,LS_oracle,0.0210754343005925
0.3,LS_oracle,0.0673708721373523
0.3,LS_oracle,0.0511962504940143
0.3,LS_oracle,0.0274033052798079
0.3,LS_oracle,0.0808427729498738
0.3,LS_oracle,0.0216431050471765
0.3,LS_oracle,0.0247129087852766
0.3,LS_oracle,0.0491290603931864
0.3,LS_oracle,0.0150987766251889
0.3,LS_oracle,0.0877371067386615
0.3,LS_oracle,0.0748940090406344
0.3,LS_oracle,0.0178060248342648
0.3,LS_oracle,0.036999123954732
0.3,LS_oracle,0.099419229336522
0.3,LS_oracle,0.0545913171931279
0.3,LS_oracle,0.0947979273697092
0.3,LS_oracle,0.0674460792489504
0.3,LS_oracle,0.0195315862331919
0.3,LS_oracle,0.00908063182697223
0.3,LS_oracle,0.0678724681768116
0.3,LS_oracle,0.0524222357881251
0.3,LS_oracle,0.034804704491037
0.3,LS_oracle,0.0527075119809113
0.3,LS_oracle,0.138924694721864
0.3,LS_oracle,0.015403664672111
0.3,LS_oracle,0.0616552111187432
0.3,LS_oracle,0.0445868453234698
0.3,LS_oracle,0.0286851557225607
0.3,LS_oracle,0.0376822988643502
0.3,LS_oracle,0.107017367100062
0.3,LS_oracle,0.0102370793009868
0.3,LS_oracle,0.0181113008182282
0.3,LS_oracle,0.0514209287917457
0.3,LS_oracle,0.0267171954647841
0.3,LS_oracle,0.072334814477623
0.3,LS_oracle,0.0619386629236513
0.3,LS_oracle,0.0331455330256233
0.3,LS_oracle,0.027216923268498
0.3,LS_oracle,0.0144516225025897
0.3,LS_oracle,0.0245788765951922
0.3,LS_oracle,0.0752838768471262
0.3,LS_oracle,0.0569855824022457
0.3,LS_oracle,0.0183562854056233
0.3,LS_oracle,0.0417851625953145
0.3,LS_oracle,0.0277488189899056
0.3,LS_oracle,0.0410283519208067
0.3,LS_oracle,0.0304447523081804
0.3,LS_oracle,0.0165728347975303
0.3,LS_oracle,0.0674441994505366
0.3,LS_oracle,0.032055677051562
0.3,LS_oracle,0.052963976102362
0.3,LS_oracle,0.0172282335194738
0.3,LS_oracle,0.0869649219774306
0.3,LS_oracle,0.0342263491964537
0.3,LS_oracle,0.0569908207338538
0.3,LS_oracle,0.121742897287122
0.3,LS_oracle,0.131780453030995
0.3,LS_oracle,0.0320901544924259
0.3,LS_oracle,0.0392832519661439
0.3,LS_oracle,0.0323601927491076
0.3,LS_oracle,0.0596627309077818
0.3,LS_oracle,0.083478073135701
0.3,LS_oracle,0.0245301420959773
0.3,LS_oracle,0.0692541275162704
0.3,LS_oracle,0.0417122316718228
0.3,LS_oracle,0.0296563302528387
0.3,LS_oracle,0.0635429341376087
0.3,LS_oracle,0.0256791473555683
0.3,LS_oracle,0.0218556218069489
0.3,LS_oracle,0.0953920109267485
0.3,TS_oracle,0.0157673886785976
0.3,TS_oracle,0.058964136607669
0.3,TS_oracle,0.03604301656876
0.3,TS_oracle,0.0415155904012593
0.3,TS_oracle,0.0192711946377627
0.3,TS_oracle,0.0206268213724318
0.3,TS_oracle,0.0435938345995041
0.3,TS_oracle,0.0595855934669517
0.3,TS_oracle,0.0329629583638843
0.3,TS_oracle,0.0656772891477364
0.3,TS_oracle,0.035602569644865
0.3,TS_oracle,0.0272031163352806
0.3,TS_oracle,0.0157505785471971
0.3,TS_oracle,0.0253798099831287
0.3,TS_oracle,0.0481669569099293
0.3,TS_oracle,0.00969122520370446
0.3,TS_oracle,0.0313789311318808
0.3,TS_oracle,0.032198662348149
0.3,TS_oracle,0.0537009807960522
0.3,TS_oracle,0.0580182760479104
0.3,TS_oracle,0.00885162046748372
0.3,TS_oracle,0.0171190365415859
0.3,TS_oracle,0.0103766202779179
0.3,TS_oracle,0.0186085795045473
0.3,TS_oracle,0.0468615270252194
0.3,TS_oracle,0.0318777920436246
0.3,TS_oracle,0.0800767919467058
0.3,TS_oracle,0.0148751358662028
0.3,TS_oracle,0.0378326852381848
0.3,TS_oracle,0.0189075737689129
0.3,TS_oracle,0.0153440631363076
0.3,TS_oracle,0.109812264024017
0.3,TS_oracle,0.028195062325653
0.3,TS_oracle,0.0384873585755169
0.3,TS_oracle,0.0339215261314161
0.3,TS_oracle,0.039780493772032
0.3,TS_oracle,0.0446222054780888
0.3,TS_oracle,0.114966981241148
0.3,TS_oracle,0.00942869010734318
0.3,TS_oracle,0.0288835018728419
0.3,TS_oracle,0.0155023987700595
0.3,TS_oracle,0.0914116609587367
0.3,TS_oracle,0.0473682496570541
0.3,TS_oracle,0.0186079990458619
0.3,TS_oracle,0.0425611112983158
0.3,TS_oracle,0.0362782687732605
0.3,TS_oracle,0.0297588774523678
0.3,TS_oracle,0.0112969300957632
0.3,TS_oracle,0.0268034640899803
0.3,TS_oracle,0.124176309478857
0.3,TS_oracle,0.0296222103098615
0.3,TS_oracle,0.0952639894465838
0.3,TS_oracle,0.0630162547412062
0.3,TS_oracle,0.119123455335928
0.3,TS_oracle,0.0648718820525665
0.3,TS_oracle,0.0427073513535564
0.3,TS_oracle,0.0386790565257814
0.3,TS_oracle,0.0225357522479481
0.3,TS_oracle,0.0302564418211673
0.3,TS_oracle,0.0454983601644899
0.3,TS_oracle,0.0948803474434057
0.3,TS_oracle,0.0305894595933065
0.3,TS_oracle,0.024967697826302
0.3,TS_oracle,0.056196732469269
0.3,TS_oracle,0.0364081418351932
0.3,TS_oracle,0.0471204460770743
0.3,TS_oracle,0.050232225422904
0.3,TS_oracle,0.074651097629216
0.3,TS_oracle,0.0160522714714733
0.3,TS_oracle,0.0898978030692484
0.3,TS_oracle,0.0546577680425437
0.3,TS_oracle,0.0332716417524431
0.3,TS_oracle,0.110429130549791
0.3,TS_oracle,0.0962066383303633
0.3,TS_oracle,0.0975118814876517
0.3,TS_oracle,0.0436436254251063
0.3,TS_oracle,0.0406398309869865
0.3,TS_oracle,0.0499031885804913
0.3,TS_oracle,0.0823870707053656
0.3,TS_oracle,0.0120206011350859
0.3,TS_oracle,0.0156687211188359
0.3,TS_oracle,0.070059029696503
0.3,TS_oracle,0.0498802960454312
0.3,TS_oracle,0.0316051527691767
0.3,TS_oracle,0.0441070190014704
0.3,TS_oracle,0.0356379247105229
0.3,TS_oracle,0.042854822714391
0.3,TS_oracle,0.0355033222614255
0.3,TS_oracle,0.0317401969343919
0.3,TS_oracle,0.0235036852189585
0.3,TS_oracle,0.070389489750781
0.3,TS_oracle,0.0705352075738138
0.3,TS_oracle,0.0204053498464216
0.3,TS_oracle,0.122783765828861
0.3,TS_oracle,0.0845336758168353
0.3,TS_oracle,0.0524021179956417
0.3,TS_oracle,0.0423385034164031
0.3,TS_oracle,0.0681075687573547
0.3,TS_oracle,0.059683711429178
0.3,TS_oracle,0.0866456020982666
0.3,TS_oracle,0.0307048999938521
0.3,TS_oracle,0.0266251985347112
0.3,TS_oracle,0.108508357595087
0.3,TS_oracle,0.0846467165640436
0.3,TS_oracle,0.0793393863064068
0.3,TS_oracle,0.0586446605805558
0.3,TS_oracle,0.0256837576688587
0.3,TS_oracle,0.0802780148754504
0.3,TS_oracle,0.0268660354093122
0.3,TS_oracle,0.10335479148456
0.3,TS_oracle,0.0836479397539011
0.3,TS_oracle,0.0517898191157915
0.3,TS_oracle,0.0286993304033453
0.3,TS_oracle,0.0789947772753172
0.3,TS_oracle,0.0555122586170542
0.3,TS_oracle,0.0596068751704174
0.3,TS_oracle,0.0160245734913036
0.3,TS_oracle,0.00774431886904709
0.3,TS_oracle,0.0848331592890075
0.3,TS_oracle,0.0445763407762396
0.3,TS_oracle,0.0400090238184574
0.3,TS_oracle,0.0410351200775219
0.3,TS_oracle,0.0831306617784439
0.3,TS_oracle,0.0569237549131895
0.3,TS_oracle,0.0651662565079503
0.3,TS_oracle,0.0328397537138991
0.3,TS_oracle,0.0349472596298463
0.3,TS_oracle,0.00597009128854756
0.3,TS_oracle,0.0190892992628197
0.3,TS_oracle,0.0689382998020313
0.3,TS_oracle,0.0322461835090289
0.3,TS_oracle,0.0577024915348334
0.3,TS_oracle,0.0448478921907979
0.3,TS_oracle,0.0263364501327419
0.3,TS_oracle,0.0636525462146288
0.3,TS_oracle,0.0200862836821625
0.3,TS_oracle,0.0217124632364311
0.3,TS_oracle,0.0653593653184545
0.3,TS_oracle,0.0322467159026472
0.3,TS_oracle,0.0808989782449994
0.3,TS_oracle,0.0671582880276252
0.3,TS_oracle,0.00898695974182736
0.3,TS_oracle,0.024057455474957
0.3,TS_oracle,0.12023618398086
0.3,TS_oracle,0.0417977068982722
0.3,TS_oracle,0.116181094002478
0.3,TS_oracle,0.0522896968255249
0.3,TS_oracle,0.0202789877258315
0.3,TS_oracle,0.00821434158363403
0.3,TS_oracle,0.0864640190530856
0.3,TS_oracle,0.0513897140783825
0.3,TS_oracle,0.0296874418143981
0.3,TS_oracle,0.0416936131685183
0.3,TS_oracle,0.138252499464447
0.3,TS_oracle,0.0298959470110298
0.3,TS_oracle,0.0504517281194739
0.3,TS_oracle,0.0354020474314672
0.3,TS_oracle,0.0244259386808055
0.3,TS_oracle,0.0354291000506576
0.3,TS_oracle,0.0736364843072203
0.3,TS_oracle,0.0116895716408525
0.3,TS_oracle,0.0190476743976948
0.3,TS_oracle,0.0385960469714122
0.3,TS_oracle,0.0294702883785452
0.3,TS_oracle,0.0522645965886894
0.3,TS_oracle,0.0508882070432922
0.3,TS_oracle,0.0273082626044312
0.3,TS_oracle,0.0317972546357752
0.3,TS_oracle,0.0139853223641288
0.3,TS_oracle,0.0150776113858153
0.3,TS_oracle,0.0735039031795368
0.3,TS_oracle,0.0555823028178692
0.3,TS_oracle,0.0164246758475729
0.3,TS_oracle,0.0223566700085484
0.3,TS_oracle,0.0161500968081786
0.3,TS_oracle,0.0505917266434021
0.3,TS_oracle,0.020365186828302
0.3,TS_oracle,0.0125815908341581
0.3,TS_oracle,0.0872563116895632
0.3,TS_oracle,0.0412847530622287
0.3,TS_oracle,0.0605358852759863
0.3,TS_oracle,0.0146129900579178
0.3,TS_oracle,0.0593207837038457
0.3,TS_oracle,0.0290804414501056
0.3,TS_oracle,0.0463571959853435
0.3,TS_oracle,0.135227085018891
0.3,TS_oracle,0.0916470803684881
0.3,TS_oracle,0.0264248816074481
0.3,TS_oracle,0.0370236922877639
0.3,TS_oracle,0.0209949998875312
0.3,TS_oracle,0.064841303645681
0.3,TS_oracle,0.058878407450136
0.3,TS_oracle,0.0142319823004243
0.3,TS_oracle,0.0556637145083578
0.3,TS_oracle,0.0253864716704513
0.3,TS_oracle,0.0263381299325354
0.3,TS_oracle,0.0413789960658007
0.3,TS_oracle,0.0332435817780275
0.3,TS_oracle,0.0270859145326721
0.3,TS_oracle,0.0659223567389517
0.4,PLS,0.030042435235186
0.4,PLS,0.0465044175968982
0.4,PLS,0.0164144685968755
0.4,PLS,0.0616079876994076
0.4,PLS,0.0634597353009004
0.4,PLS,0.0656046913223139
0.4,PLS,0.0614172852844707
0.4,PLS,0.00850049187717736
0.4,PLS,0.0267853106600204
0.4,PLS,0.0288873629073065
0.4,PLS,0.0556993054385563
0.4,PLS,0.0230214489209387
0.4,PLS,0.0582688730615774
0.4,PLS,0.0687969704040719
0.4,PLS,0.117717035017327
0.4,PLS,0.0713719558492958
0.4,PLS,0.0908913596194754
0.4,PLS,0.0620090248424213
0.4,PLS,0.0722634729749925
0.4,PLS,0.0193406295456649
0.4,PLS,0.0343894263150667
0.4,PLS,0.0171304246163628
0.4,PLS,0.0429927969951043
0.4,PLS,0.0183681529255236
0.4,PLS,0.0587578576465895
0.4,PLS,0.0355253965757167
0.4,PLS,0.0351507896727619
0.4,PLS,0.0313095026473198
0.4,PLS,0.0466409363186679
0.4,PLS,0.120918652377642
0.4,PLS,0.0775889260480214
0.4,PLS,0.037027678544996
0.4,PLS,0.0739802757776259
0.4,PLS,0.0990457495410147
0.4,PLS,0.0417383311701836
0.4,PLS,0.0419643354291509
0.4,PLS,0.057226315287967
0.4,PLS,0.179653913411551
0.4,PLS,0.00990747850297486
0.4,PLS,0.0168294632283448
0.4,PLS,0.0757779262961662
0.4,PLS,0.0377830441845372
0.4,PLS,0.0421848350703526
0.4,PLS,0.100979822653634
0.4,PLS,0.0808136700847947
0.4,PLS,0.0464396309811891
0.4,PLS,0.0785725008994669
0.4,PLS,0.0501792609407545
0.4,PLS,0.0386453512693514
0.4,PLS,0.039419229170129
0.4,PLS,0.0501270928521341
0.4,PLS,0.117072027305137
0.4,PLS,0.0553278373469818
0.4,PLS,0.02832466565249
0.4,PLS,0.0952540503159525
0.4,PLS,0.083249669183784
0.4,PLS,0.0415852632321005
0.4,PLS,0.0508488193420292
0.4,PLS,0.173879027905951
0.4,PLS,0.0398644924660153
0.4,PLS,0.0190672869654058
0.4,PLS,0.0731333973976262
0.4,PLS,0.0751248953850238
0.4,PLS,0.00999984468745342
0.4,PLS,0.0548012041955285
0.4,PLS,0.0919592225121951
0.4,PLS,0.0608864334771138
0.4,PLS,0.0500323170157347
0.4,PLS,0.0396243575062265
0.4,PLS,0.0157001269598205
0.4,PLS,0.0394830052856976
0.4,PLS,0.0351425767934271
0.4,PLS,0.0269944812820052
0.4,PLS,0.015262869538982
0.4,PLS,0.0637064661095977
0.4,PLS,0.0229348614377628
0.4,PLS,0.0570643369662215
0.4,PLS,0.00996161798708691
0.4,PLS,0.0922805138934157
0.4,PLS,0.0302900851769252
0.4,PLS,0.0283316519946838
0.4,PLS,0.126915330967692
0.4,PLS,0.092615075409138
0.4,PLS,0.0494535398599423
0.4,PLS,0.056031684939421
0.4,PLS,0.0282324983070493
0.4,PLS,0.0549058445103106
0.4,PLS,0.0762345862380902
0.4,PLS,0.0501144983472545
0.4,PLS,0.028444982162328
0.4,PLS,0.0509312617504645
0.4,PLS,0.139459718682112
0.4,PLS,0.0499914468576275
0.4,PLS,0.0598218909863834
0.4,PLS,0.0249239257942922
0.4,PLS,0.0997646091587775
0.4,PLS,0.0300157245633775
0.4,PLS,0.219767247110063
0.4,PLS,0.0520625630891027
0.4,PLS,0.0833652998385059
0.4,PLS,0.0132345254118576
0.4,PLS,0.108094927031671
0.4,PLS,0.0366463995436582
0.4,PLS,0.0400585450168056
0.4,PLS,0.0700241904055791
0.4,PLS,0.0296367225515672
0.4,PLS,0.107024025712138
0.4,PLS,0.0953925255575013
0.4,PLS,0.0754511768887275
0.4,PLS,0.0352218523707189
0.4,PLS,0.0716648374001954
0.4,PLS,0.0356312302528979
0.4,PLS,0.0637855603484164
0.4,PLS,0.0520559479503339
0.4,PLS,0.111086047579778
0.4,PLS,0.0838542265901944
0.4,PLS,0.0279306646131683
0.4,PLS,0.0185625691167573
0.4,PLS,0.0926398700574594
0.4,PLS,0.0176471484080514
0.4,PLS,0.125209168007825
0.4,PLS,0.0582174602385505
0.4,PLS,0.0436354529946303
0.4,PLS,0.0728294505524924
0.4,PLS,0.0463743135759586
0.4,PLS,0.0169036383049983
0.4,PLS,0.0852389431873931
0.4,PLS,0.0990712029041019
0.4,PLS,0.0611011295328826
0.4,PLS,0.0539016340399327
0.4,PLS,0.0684117555385069
0.4,PLS,0.0693919933619876
0.4,PLS,0.075325072390177
0.4,PLS,0.101439170346267
0.4,PLS,0.0618558663025171
0.4,PLS,0.0342925004744508
0.4,PLS,0.0808467796867971
0.4,PLS,0.0772736421549693
0.4,PLS,0.0415819890638671
0.4,PLS,0.0358632963728933
0.4,PLS,0.0262481690431263
0.4,PLS,0.0246692378377392
0.4,PLS,0.0568440768564274
0.4,PLS,0.0285038077078673
0.4,PLS,0.0205393305865394
0.4,PLS,0.0192105551959383
0.4,PLS,0.0509640725331197
0.4,PLS,0.0234286589310093
0.4,PLS,0.0358407941841775
0.4,PLS,0.0456858221149249
0.4,PLS,0.159915588597868
0.4,PLS,0.110611937387688
0.4,PLS,0.0491430033392701
0.4,PLS,0.0750461295907258
0.4,PLS,0.0354138151992985
0.4,PLS,0.0141395469191183
0.4,PLS,0.0579427868522589
0.4,PLS,0.0411229526959645
0.4,PLS,0.0616227686580265
0.4,PLS,0.0379050958488137
0.4,PLS,0.0192727053644167
0.4,PLS,0.0317568727897021
0.4,PLS,0.102113204177018
0.4,PLS,0.0357184014511535
0.4,PLS,0.0569143361060971
0.4,PLS,0.0582606723638059
0.4,PLS,0.0615443443968754
0.4,PLS,0.0300228618504977
0.4,PLS,0.113974461287649
0.4,PLS,0.0778044833447038
0.4,PLS,0.0198963755613846
0.4,PLS,0.051608673145235
0.4,PLS,0.0303358349159044
0.4,PLS,0.0260204025031699
0.4,PLS,0.107261081124973
0.4,PLS,0.0313847444111173
0.4,PLS,0.0187228566617228
0.4,PLS,0.0304492971948169
0.4,PLS,0.0302932153220546
0.4,PLS,0.0458596410316376
0.4,PLS,0.0958725677390752
0.4,PLS,0.0432973379844009
0.4,PLS,0.0408369995932012
0.4,PLS,0.0547964395076681
0.4,PLS,0.0305059027340546
0.4,PLS,0.0487940424489318
0.4,PLS,0.0694031943885226
0.4,PLS,0.119310502389861
0.4,PLS,0.10020012929355
0.4,PLS,0.0477394640491688
0.4,PLS,0.0415216904504774
0.4,PLS,0.0708121193020455
0.4,PLS,0.0483461411391363
0.4,PLS,0.020144421990892
0.4,PLS,0.0492502328024344
0.4,PLS,0.0801255789512075
0.4,PLS,0.0422795651101672
0.4,PLS,0.0240142548604257
0.4,PLS,0.0567733365105119
0.4,PLS,0.0497850335757134
0.4,fTS,0.0240843247263039
0.4,fTS,0.0185235334826204
0.4,fTS,0.0210988565071693
0.4,fTS,0.0317393677353073
0.4,fTS,0.0533718407930941
0.4,fTS,0.0854704594183342
0.4,fTS,0.05259778081659
0.4,fTS,0.016842834716976
0.4,fTS,0.0326054667259458
0.4,fTS,0.0139031796124484
0.4,fTS,0.0577472521238265
0.4,fTS,0.0366276913707635
0.4,fTS,0.0544230296057161
0.4,fTS,0.0486044802212144
0.4,fTS,0.102202594542962
0.4,fTS,0.0283728053727077
0.4,fTS,0.064292013654585
0.4,fTS,0.0687960425236024
0.4,fTS,0.0639704116724498
0.4,fTS,0.0168340999530539
0.4,fTS,0.0135972032619042
0.4,fTS,0.0243583406377536
0.4,fTS,0.0189778799540173
0.4,fTS,0.0119231265074454
0.4,fTS,0.0388860506976368
0.4,fTS,0.047512688540289
0.4,fTS,0.0385979915953018
0.4,fTS,0.0561261685576885
0.4,fTS,0.0662182785997603
0.4,fTS,0.126272952170979
0.4,fTS,0.0749842376836505
0.4,fTS,0.0465843881084454
0.4,fTS,0.0401077668653148
0.4,fTS,0.0878729325022057
0.4,fTS,0.022701693678719
0.4,fTS,0.0444616377479772
0.4,fTS,0.0366495220376572
0.4,fTS,0.141642688001874
0.4,fTS,0.0111866517622519
0.4,fTS,0.0196415143845177
0.4,fTS,0.0352175382157374
0.4,fTS,0.0220733942976096
0.4,fTS,0.0238898118143016
0.4,fTS,0.0786710484217401
0.4,fTS,0.035443357109496
0.4,fTS,0.0305166221319637
0.4,fTS,0.07009182050047
0.4,fTS,0.0288367422493197
0.4,fTS,0.0333536602661758
0.4,fTS,0.0277200513627517
0.4,fTS,0.0443114595463491
0.4,fTS,0.0588957847698691
0.4,fTS,0.0514449007703762
0.4,fTS,0.0360412128619146
0.4,fTS,0.0901107749389176
0.4,fTS,0.0683992849801189
0.4,fTS,0.0327798432044416
0.4,fTS,0.0734885550458227
0.4,fTS,0.0930940163976423
0.4,fTS,0.0150581021141423
0.4,fTS,0.0246766534289315
0.4,fTS,0.0764300870957699
0.4,fTS,0.0763789261071345
0.4,fTS,0.0145932772478973
0.4,fTS,0.0379091079202689
0.4,fTS,0.0656063670486952
0.4,fTS,0.0616130519755833
0.4,fTS,0.0366945946709676
0.4,fTS,0.0143735688163265
0.4,fTS,0.00881097193633337
0.4,fTS,0.0263431504299296
0.4,fTS,0.0426331027846772
0.4,fTS,0.0204317109521785
0.4,fTS,0.0192619394166737
0.4,fTS,0.0431184493757257
0.4,fTS,0.0297972062552179
0.4,fTS,0.0564883686445754
0.4,fTS,0.0106945818505449
0.4,fTS,0.0905607441015922
0.4,fTS,0.02878092326495
0.4,fTS,0.012302803144879
0.4,fTS,0.0849533691175225
0.4,fTS,0.094105628843495
0.4,fTS,0.0342659573429605
0.4,fTS,0.0458439066485232
0.4,fTS,0.0185906070179949
0.4,fTS,0.0430464830470485
0.4,fTS,0.0769070955983955
0.4,fTS,0.0290793759146307
0.4,fTS,0.0173256507347914
0.4,fTS,0.0690591179292465
0.4,fTS,0.149276877002243
0.4,fTS,0.0443700922170979
0.4,fTS,0.0773489765822683
0.4,fTS,0.0212024412986324
0.4,fTS,0.0741943736466256
0.4,fTS,0.0142794143486082
0.4,fTS,0.154067692922396
0.4,fTS,0.026604783389026
0.4,fTS,0.047247318563281
0.4,fTS,0.0194686122651732
0.4,fTS,0.0784560782732319
0.4,fTS,0.0463575655023707
0.4,fTS,0.0447458752776638
0.4,fTS,0.0379713625818733
0.4,fTS,0.0170038387706103
0.4,fTS,0.0605865862375024
0.4,fTS,0.0787471020351489
0.4,fTS,0.0510181004176639
0.4,fTS,0.0352297007416274
0.4,fTS,0.0341921547545897
0.4,fTS,0.0330699997355151
0.4,fTS,0.0430552411193618
0.4,fTS,0.0416880634973196
0.4,fTS,0.0383867359919342
0.4,fTS,0.0527476670280821
0.4,fTS,0.0104197652269479
0.4,fTS,0.0182850352902288
0.4,fTS,0.0647561968874582
0.4,fTS,0.0122133546461876
0.4,fTS,0.120537672093244
0.4,fTS,0.0306157714361848
0.4,fTS,0.0443626303313244
0.4,fTS,0.0380742073027172
0.4,fTS,0.0323704477606528
0.4,fTS,0.0190130033133005
0.4,fTS,0.0618683779335655
0.4,fTS,0.0969538435465187
0.4,fTS,0.0733965728199376
0.4,fTS,0.0337861114866523
0.4,fTS,0.0357572786887917
0.4,fTS,0.0372274450875216
0.4,fTS,0.0539490745035067
0.4,fTS,0.0410693149642785
0.4,fTS,0.0337286175844619
0.4,fTS,0.0337392984024159
0.4,fTS,0.0618615907034791
0.4,fTS,0.0415663197315159
0.4,fTS,0.0556979874465091
0.4,fTS,0.0429517498863398
0.4,fTS,0.0216295296269693
0.4,fTS,0.0219159149583397
0.4,fTS,0.0519092764154956
0.4,fTS,0.0246091754232407
0.4,fTS,0.0165705656821764
0.4,fTS,0.0417088212021138
0.4,fTS,0.0335069619259433
0.4,fTS,0.0210123275482435
0.4,fTS,0.0318479677984919
0.4,fTS,0.0320387776038881
0.4,fTS,0.130526073182071
0.4,fTS,0.0688302332104198
0.4,fTS,0.0287888841364063
0.4,fTS,0.0394102088033986
0.4,fTS,0.0171927198994588
0.4,fTS,0.0111811960114117
0.4,fTS,0.0536916847695054
0.4,fTS,0.0349037934745296
0.4,fTS,0.0831246458361745
0.4,fTS,0.0591060461983821
0.4,fTS,0.0148224772976177
0.4,fTS,0.0256569542236087
0.4,fTS,0.0927622523231167
0.4,fTS,0.0223151490053903
0.4,fTS,0.0792023609985217
0.4,fTS,0.0558457665016464
0.4,fTS,0.0410254044843214
0.4,fTS,0.0263641987658296
0.4,fTS,0.0807102526757624
0.4,fTS,0.0442060421411627
0.4,fTS,0.0148602272210518
0.4,fTS,0.0567522775645668
0.4,fTS,0.0218027304949817
0.4,fTS,0.030022507498075
0.4,fTS,0.0915463262436962
0.4,fTS,0.0404653508566198
0.4,fTS,0.0291328506108564
0.4,fTS,0.0410396052808083
0.4,fTS,0.0338572633183461
0.4,fTS,0.0381677315824332
0.4,fTS,0.0270941105199457
0.4,fTS,0.0332065365408586
0.4,fTS,0.0444606362628952
0.4,fTS,0.0386625687808421
0.4,fTS,0.0373060019670942
0.4,fTS,0.0190851809746968
0.4,fTS,0.0448259939106472
0.4,fTS,0.106595267233171
0.4,fTS,0.0368505580928113
0.4,fTS,0.0438099404056021
0.4,fTS,0.023551859364572
0.4,fTS,0.0360485741738149
0.4,fTS,0.0277201943984996
0.4,fTS,0.0306197276365073
0.4,fTS,0.0353132438387583
0.4,fTS,0.0554514952538096
0.4,fTS,0.0697514726428158
0.4,fTS,0.0381397941829973
0.4,fTS,0.0260252516167657
0.4,fTS,0.0466871792999988
0.4,LS_oracle,0.0163773042088981
0.4,LS_oracle,0.0520043180748265
0.4,LS_oracle,0.0214425787922173
0.4,LS_oracle,0.0725863111143003
0.4,LS_oracle,0.0439859409130382
0.4,LS_oracle,0.0604572829484262
0.4,LS_oracle,0.0570007257443001
0.4,LS_oracle,0.0260444453052635
0.4,LS_oracle,0.0267772596153936
0.4,LS_oracle,0.0164822836095222
0.4,LS_oracle,0.0595386512175541
0.4,LS_oracle,0.0244537769144552
0.4,LS_oracle,0.0389878602569726
0.4,LS_oracle,0.0708740439019055
0.4,LS_oracle,0.0411790894599081
0.4,LS_oracle,0.0603278279575267
0.4,LS_oracle,0.0674877610043006
0.4,LS_oracle,0.0619830786068363
0.4,LS_oracle,0.0744232938636374
0.4,LS_oracle,0.0164469495990134
0.4,LS_oracle,0.028137412442114
0.4,LS_oracle,0.0253427911546755
0.4,LS_oracle,0.0295184505589524
0.4,LS_oracle,0.0191516079848457
0.4,LS_oracle,0.0595958877760058
0.4,LS_oracle,0.0281404150701928
0.4,LS_oracle,0.0282073111841987
0.4,LS_oracle,0.0245931477621793
0.4,LS_oracle,0.0355312463667152
0.4,LS_oracle,0.127199858872819
0.4,LS_oracle,0.0668977170323217
0.4,LS_oracle,0.0250089348741332
0.4,LS_oracle,0.0650349974281555
0.4,LS_oracle,0.0901810361636998
0.4,LS_oracle,0.0333259161461477
0.4,LS_oracle,0.0378098726782764
0.4,LS_oracle,0.0546420350374521
0.4,LS_oracle,0.151285672376143
0.4,LS_oracle,0.0101089730600645
0.4,LS_oracle,0.0101773725474776
0.4,LS_oracle,0.025436647547859
0.4,LS_oracle,0.0348272081775833
0.4,LS_oracle,0.0420109030525295
0.4,LS_oracle,0.0513948163537952
0.4,LS_oracle,0.0795439239097371
0.4,LS_oracle,0.0445039687428596
0.4,LS_oracle,0.0900166491656847
0.4,LS_oracle,0.0516636578441131
0.4,LS_oracle,0.038165603732406
0.4,LS_oracle,0.043912609691153
0.4,LS_oracle,0.0470087478018842
0.4,LS_oracle,0.119516264730878
0.4,LS_oracle,0.0391935190713503
0.4,LS_oracle,0.0214669224273045
0.4,LS_oracle,0.0796401431124231
0.4,LS_oracle,0.0796169209421464
0.4,LS_oracle,0.0461599284587191
0.4,LS_oracle,0.0404185555945713
0.4,LS_oracle,0.131568542446103
0.4,LS_oracle,0.0197830957980986
0.4,LS_oracle,0.01450679718242
0.4,LS_oracle,0.0721090710647912
0.4,LS_oracle,0.125006914854221
0.4,LS_oracle,0.0153714323634922
0.4,LS_oracle,0.0381918281433552
0.4,LS_oracle,0.029678411788606
0.4,LS_oracle,0.0448898802749853
0.4,LS_oracle,0.0657143791294552
0.4,LS_oracle,0.047106233944733
0.4,LS_oracle,0.0101652296407312
0.4,LS_oracle,0.0523390174378873
0.4,LS_oracle,0.0322295542313693
0.4,LS_oracle,0.0357501421351854
0.4,LS_oracle,0.0123538752533316
0.4,LS_oracle,0.0811214701807608
0.4,LS_oracle,0.00976873537232536
0.4,LS_oracle,0.0356629116644703
0.4,LS_oracle,0.0110579943998464
0.4,LS_oracle,0.0997796688880495
0.4,LS_oracle,0.0329094020466727
0.4,LS_oracle,0.0108556719877636
0.4,LS_oracle,0.136313041983523
0.4,LS_oracle,0.0939941169889631
0.4,LS_oracle,0.0462451223449418
0.4,LS_oracle,0.0531643452096555
0.4,LS_oracle,0.0152611547157183
0.4,LS_oracle,0.0316373964184805
0.4,LS_oracle,0.0760102919925463
0.4,LS_oracle,0.0242688218343753
0.4,LS_oracle,0.023937011262438
0.4,LS_oracle,0.0558450765507191
0.4,LS_oracle,0.158625911441712
0.4,LS_oracle,0.0547891137547963
0.4,LS_oracle,0.0594039307038665
0.4,LS_oracle,0.0282645852484119
0.4,LS_oracle,0.0908614271263707
0.4,LS_oracle,0.0338691254810687
0.4,LS_oracle,0.199457975305038
0.4,LS_oracle,0.0309140465069632
0.4,LS_oracle,0.06846532806593
0.4,LS_oracle,0.0115446598114347
0.4,LS_oracle,0.0668612676399736
0.4,LS_oracle,0.0360235340883663
0.4,LS_oracle,0.0397588380169709
0.4,LS_oracle,0.0567619934529706
0.4,LS_oracle,0.0172845850819171
0.4,LS_oracle,0.0864580639903499
0.4,LS_oracle,0.0921624212718026
0.4,LS_oracle,0.0764378054917981
0.4,LS_oracle,0.0454111186237934
0.4,LS_oracle,0.0716483788616397
0.4,LS_oracle,0.0302231441725915
0.4,LS_oracle,0.0516289054498447
0.4,LS_oracle,0.0473844942264945
0.4,LS_oracle,0.0361948610126221
0.4,LS_oracle,0.0843921592001491
0.4,LS_oracle,0.0282110373308211
0.4,LS_oracle,0.026658345047716
0.4,LS_oracle,0.0617487164627416
0.4,LS_oracle,0.011283473045294
0.4,LS_oracle,0.136047620697407
0.4,LS_oracle,0.0417960626630579
0.4,LS_oracle,0.0480708032202042
0.4,LS_oracle,0.070805389918061
0.4,LS_oracle,0.0288369980173278
0.4,LS_oracle,0.0119915831352412
0.4,LS_oracle,0.0849904550696614
0.4,LS_oracle,0.0737320747600209
0.4,LS_oracle,0.0613629773996028
0.4,LS_oracle,0.0468080330814901
0.4,LS_oracle,0.0588920282856591
0.4,LS_oracle,0.0593622861837331
0.4,LS_oracle,0.0722140517712951
0.4,LS_oracle,0.0562295141153173
0.4,LS_oracle,0.0410035021589108
0.4,LS_oracle,0.0133671399494709
0.4,LS_oracle,0.0782721227313196
0.4,LS_oracle,0.0758597083511029
0.4,LS_oracle,0.035461712562706
0.4,LS_oracle,0.0338788905972511
0.4,LS_oracle,0.00861416471827295
0.4,LS_oracle,0.0355796081791577
0.4,LS_oracle,0.0547506258160186
0.4,LS_oracle,0.0307222884636541
0.4,LS_oracle,0.012394294554546
0.4,LS_oracle,0.0185739978596542
0.4,LS_oracle,0.0358650045145842
0.4,LS_oracle,0.0193142443371144
0.4,LS_oracle,0.0477812878760138
0.4,LS_oracle,0.0326406998436617
0.4,LS_oracle,0.0874643907465993
0.4,LS_oracle,0.109995722992558
0.4,LS_oracle,0.0407512378503888
0.4,LS_oracle,0.0813914032654693
0.4,LS_oracle,0.0265794479133038
0.4,LS_oracle,0.0147276920979572
0.4,LS_oracle,0.0491855916834832
0.4,LS_oracle,0.0409373942289778
0.4,LS_oracle,0.0657947598367644
0.4,LS_oracle,0.022204040913821
0.4,LS_oracle,0.0192194659779351
0.4,LS_oracle,0.0259082335539716
0.4,LS_oracle,0.0583562128434306
0.4,LS_oracle,0.0319930146551578
0.4,LS_oracle,0.0439753000962157
0.4,LS_oracle,0.0530192318387518
0.4,LS_oracle,0.0484106890623667
0.4,LS_oracle,0.0236566067825419
0.4,LS_oracle,0.107397358843334
0.4,LS_oracle,0.0820409985804574
0.4,LS_oracle,0.0139584213497751
0.4,LS_oracle,0.0677788513795844
0.4,LS_oracle,0.0320114394416714
0.4,LS_oracle,0.0264247771080792
0.4,LS_oracle,0.0828157231037499
0.4,LS_oracle,0.0245060244613275
0.4,LS_oracle,0.0153499022073795
0.4,LS_oracle,0.0259237796245533
0.4,LS_oracle,0.0247044798380203
0.4,LS_oracle,0.0431057232053318
0.4,LS_oracle,0.0318003063884465
0.4,LS_oracle,0.0372992899538593
0.4,LS_oracle,0.0273750481305593
0.4,LS_oracle,0.0299002756033901
0.4,LS_oracle,0.0283957191078569
0.4,LS_oracle,0.0475765404600872
0.4,LS_oracle,0.0733761223738581
0.4,LS_oracle,0.108849009248867
0.4,LS_oracle,0.06743260164759
0.4,LS_oracle,0.0437981702984437
0.4,LS_oracle,0.037383291707852
0.4,LS_oracle,0.0585884924347366
0.4,LS_oracle,0.0411181133849051
0.4,LS_oracle,0.0199675980219564
0.4,LS_oracle,0.0454110715586383
0.4,LS_oracle,0.0803398215379378
0.4,LS_oracle,0.0399076966455579
0.4,LS_oracle,0.0197733018637788
0.4,LS_oracle,0.0573612115760307
0.4,LS_oracle,0.0501171393288578
0.4,TS_oracle,0.0167480847159202
0.4,TS_oracle,0.0216530413234591
0.4,TS_oracle,0.0216356271965813
0.4,TS_oracle,0.0277540328494845
0.4,TS_oracle,0.0469992868418248
0.4,TS_oracle,0.0806235975907792
0.4,TS_oracle,0.0439104880398386
0.4,TS_oracle,0.0235596316134942
0.4,TS_oracle,0.0259897249915253
0.4,TS_oracle,0.00639900782478348
0.4,TS_oracle,0.07193234024276
0.4,TS_oracle,0.0359754501767726
0.4,TS_oracle,0.0370236558631978
0.4,TS_oracle,0.0538443719939207
0.4,TS_oracle,0.0296235793583235
0.4,TS_oracle,0.0245896260510115
0.4,TS_oracle,0.0667817918948923
0.4,TS_oracle,0.072871757776284
0.4,TS_oracle,0.060659079588666
0.4,TS_oracle,0.0160475706967359
0.4,TS_oracle,0.0157512818557297
0.4,TS_oracle,0.0263556669625257
0.4,TS_oracle,0.0142608961389585
0.4,TS_oracle,0.0136074409176952
0.4,TS_oracle,0.0248713004327342
0.4,TS_oracle,0.030668651608804
0.4,TS_oracle,0.0304313039197448
0.4,TS_oracle,0.0506028712393408
0.4,TS_oracle,0.0402418855655654
0.4,TS_oracle,0.120670236251596
0.4,TS_oracle,0.0643878673835374
0.4,TS_oracle,0.0382644408346642
0.4,TS_oracle,0.0380162493761195
0.4,TS_oracle,0.0822657008126407
0.4,TS_oracle,0.0224971340098551
0.4,TS_oracle,0.0449741354515757
0.4,TS_oracle,0.031494579892099
0.4,TS_oracle,0.127713278058717
0.4,TS_oracle,0.0113847404379614
0.4,TS_oracle,0.0100593509670171
0.4,TS_oracle,0.0119556656978748
0.4,TS_oracle,0.0151441873889515
0.4,TS_oracle,0.0164258318225094
0.4,TS_oracle,0.0291840207929046
0.4,TS_oracle,0.0341264079092884
0.4,TS_oracle,0.028485871089277
0.4,TS_oracle,0.0780257866914256
0.4,TS_oracle,0.0296138219081988
0.4,TS_oracle,0.0330392696257073
0.4,TS_oracle,0.0283165340797102
0.4,TS_oracle,0.0444692515476977
0.4,TS_oracle,0.0519661094365482
0.4,TS_oracle,0.0471981727541489
0.4,TS_oracle,0.0298070549454678
0.4,TS_oracle,0.0861839958371934
0.4,TS_oracle,0.0672226436886062
0.4,TS_oracle,0.0384286009499567
0.4,TS_oracle,0.0632510522076109
0.4,TS_oracle,0.0921538445824535
0.4,TS_oracle,0.0152348988116724
0.4,TS_oracle,0.0174813040284965
0.4,TS_oracle,0.0756100488648316
0.4,TS_oracle,0.107944040481073
0.4,TS_oracle,0.0184796903577945
0.4,TS_oracle,0.0125435325394693
0.4,TS_oracle,0.0185473356666781
0.4,TS_oracle,0.0380214311881695
0.4,TS_oracle,0.0422182246068088
0.4,TS_oracle,0.0193786446838348
0.4,TS_oracle,0.00684203113575658
0.4,TS_oracle,0.0298524673906713
0.4,TS_oracle,0.0262792880496659
0.4,TS_oracle,0.020374464420793
0.4,TS_oracle,0.0200337901617987
0.4,TS_oracle,0.0521047791204385
0.4,TS_oracle,0.0184119519105795
0.4,TS_oracle,0.030174278470744
0.4,TS_oracle,0.0150519019938725
0.4,TS_oracle,0.089815771056063
0.4,TS_oracle,0.0303342404340692
0.4,TS_oracle,0.0115833258274505
0.4,TS_oracle,0.0893243520282617
0.4,TS_oracle,0.0919450410623214
0.4,TS_oracle,0.025479811194002
0.4,TS_oracle,0.0455913656746842
0.4,TS_oracle,0.00466500707686816
0.4,TS_oracle,0.0309715042993682
0.4,TS_oracle,0.0767897547889519
0.4,TS_oracle,0.0185992371334186
0.4,TS_oracle,0.0118556470632382
0.4,TS_oracle,0.0576730301979976
0.4,TS_oracle,0.155905252703799
0.4,TS_oracle,0.0408216276022963
0.4,TS_oracle,0.0759967573967641
0.4,TS_oracle,0.0232137658017281
0.4,TS_oracle,0.0735232268864879
0.4,TS_oracle,0.0248305319974265
0.4,TS_oracle,0.141133214693803
0.4,TS_oracle,0.0263263728415731
0.4,TS_oracle,0.0407051198924055
0.4,TS_oracle,0.0186787896554277
0.4,TS_oracle,0.0522891148960843
0.4,TS_oracle,0.0463800617334376
0.4,TS_oracle,0.0360300459501028
0.4,TS_oracle,0.0217418098059892
0.4,TS_oracle,0.0167358331047963
0.4,TS_oracle,0.0543110867690889
0.4,TS_oracle,0.0801071480300868
0.4,TS_oracle,0.0502091543490485
0.4,TS_oracle,0.038594145437471
0.4,TS_oracle,0.0310271129197946
0.4,TS_oracle,0.017690782919269
0.4,TS_oracle,0.0434182818663539
0.4,TS_oracle,0.0398130085598519
0.4,TS_oracle,0.0347946756778484
0.4,TS_oracle,0.0539378311525379
0.4,TS_oracle,0.00998572855629444
0.4,TS_oracle,0.0141033129917588
0.4,TS_oracle,0.0594234972701889
0.4,TS_oracle,0.0131151307341834
0.4,TS_oracle,0.121648738447349
0.4,TS_oracle,0.0310087546071657
0.4,TS_oracle,0.0423269054591168
0.4,TS_oracle,0.037065392083736
0.4,TS_oracle,0.0157018132831641
0.4,TS_oracle,0.0155092752181467
0.4,TS_oracle,0.0599872334470063
0.4,TS_oracle,0.0615634947221709
0.4,TS_oracle,0.0735194383093281
0.4,TS_oracle,0.0256682670179219
0.4,TS_oracle,0.0240759254618769
0.4,TS_oracle,0.0348590613052376
0.4,TS_oracle,0.0537765762783007
0.4,TS_oracle,0.017075038511268
0.4,TS_oracle,0.0269096548381676
0.4,TS_oracle,0.0345310092065169
0.4,TS_oracle,0.0572457712829779
0.4,TS_oracle,0.041284729516489
0.4,TS_oracle,0.0332735012286892
0.4,TS_oracle,0.0521004212163769
0.4,TS_oracle,0.0100295801474999
0.4,TS_oracle,0.0214907267991617
0.4,TS_oracle,0.0525587451865202
0.4,TS_oracle,0.023834336509705
0.4,TS_oracle,0.0164628770559234
0.4,TS_oracle,0.0442447918674646
0.4,TS_oracle,0.0279910266816788
0.4,TS_oracle,0.0177005021817032
0.4,TS_oracle,0.0312330689770832
0.4,TS_oracle,0.0278067014591151
0.4,TS_oracle,0.0597166350420592
0.4,TS_oracle,0.0695649345491945
0.4,TS_oracle,0.0283794776498233
0.4,TS_oracle,0.0390625398434188
0.4,TS_oracle,0.0121445192613335
0.4,TS_oracle,0.0133672508615971
0.4,TS_oracle,0.0345934567688737
0.4,TS_oracle,0.0349121630251269
0.4,TS_oracle,0.0764669175002912
0.4,TS_oracle,0.0449359377682732
0.4,TS_oracle,0.0145023258636386
0.4,TS_oracle,0.0257557331775134
0.4,TS_oracle,0.071241651460128
0.4,TS_oracle,0.0223375608406377
0.4,TS_oracle,0.0650611709066412
0.4,TS_oracle,0.0396882378741054
0.4,TS_oracle,0.0385420238982963
0.4,TS_oracle,0.0238960578127073
0.4,TS_oracle,0.0830477742958761
0.4,TS_oracle,0.0446529261360759
0.4,TS_oracle,0.0151198744489344
0.4,TS_oracle,0.0536651313812912
0.4,TS_oracle,0.0236755950457154
0.4,TS_oracle,0.0266173407082506
0.4,TS_oracle,0.0602505005812494
0.4,TS_oracle,0.0255960680535618
0.4,TS_oracle,0.025599356886294
0.4,TS_oracle,0.0331541600744265
0.4,TS_oracle,0.02711455746916
0.4,TS_oracle,0.0464833468915797
0.4,TS_oracle,0.0170347889038027
0.4,TS_oracle,0.0312451476146183
0.4,TS_oracle,0.031993842737087
0.4,TS_oracle,0.0178572843832186
0.4,TS_oracle,0.0291897957923573
0.4,TS_oracle,0.0179576947898172
0.4,TS_oracle,0.0427791714076653
0.4,TS_oracle,0.0839416697096623
0.4,TS_oracle,0.0306376481991038
0.4,TS_oracle,0.0350055866582495
0.4,TS_oracle,0.0294534847069162
0.4,TS_oracle,0.028738783104228
0.4,TS_oracle,0.0142672120087386
0.4,TS_oracle,0.0285764404676565
0.4,TS_oracle,0.0332552670407204
0.4,TS_oracle,0.0552584894857243
0.4,TS_oracle,0.0696861035873248
0.4,TS_oracle,0.0165090312366018
0.4,TS_oracle,0.0267598373913266
0.4,TS_oracle,0.0384596715895929
0.5,PLS,0.0421280496120952
0.5,PLS,0.0940690557868388
0.5,PLS,0.0319223547454386
0.5,PLS,0.044876796071919
0.5,PLS,0.0548955091466519
0.5,PLS,0.054392488704318
0.5,PLS,0.0657599267419389
0.5,PLS,0.0796098044643081
0.5,PLS,0.0241367622343365
0.5,PLS,0.0348097931051618
0.5,PLS,0.064837828933332
0.5,PLS,0.0723203632385436
0.5,PLS,0.0261455413804689
0.5,PLS,0.0716775730201773
0.5,PLS,0.0260470654539619
0.5,PLS,0.0340074472580698
0.5,PLS,0.129617803166804
0.5,PLS,0.0499610578736342
0.5,PLS,0.163560237015908
0.5,PLS,0.0886294847809445
0.5,PLS,0.0201520754679851
0.5,PLS,0.0303915123808119
0.5,PLS,0.0714578710461757
0.5,PLS,0.0633274866838951
0.5,PLS,0.0507835291264916
0.5,PLS,0.0535831899251413
0.5,PLS,0.0178052100069908
0.5,PLS,0.100728192754155
0.5,PLS,0.0230346092369628
0.5,PLS,0.0489298375215798
0.5,PLS,0.0261130035156686
0.5,PLS,0.0322537853551155
0.5,PLS,0.0426482317501517
0.5,PLS,0.0615268915531838
0.5,PLS,0.0900813555124043
0.5,PLS,0.046809539502738
0.5,PLS,0.0982713222905284
0.5,PLS,0.0129187272266187
0.5,PLS,0.0525021301169298
0.5,PLS,0.0191650484065717
0.5,PLS,0.0580628926176485
0.5,PLS,0.0343697173982626
0.5,PLS,0.0442193796503043
0.5,PLS,0.0836681301230174
0.5,PLS,0.00485793334055705
0.5,PLS,0.183604649668309
0.5,PLS,0.0483315237510298
0.5,PLS,0.0371146005267416
0.5,PLS,0.0656597018521386
0.5,PLS,0.0505250253559947
0.5,PLS,0.0287726394729526
0.5,PLS,0.118476696644042
0.5,PLS,0.0461715273963557
0.5,PLS,0.0475784851120814
0.5,PLS,0.0495573605031496
0.5,PLS,0.0446527761772609
0.5,PLS,0.0646016740496534
0.5,PLS,0.065140791448879
0.5,PLS,0.0832463419975019
0.5,PLS,0.0905170499097717
0.5,PLS,0.0613197862862299
0.5,PLS,0.0293485936344471
0.5,PLS,0.0285148759645239
0.5,PLS,0.0295107755819817
0.5,PLS,0.0547532486992334
0.5,PLS,0.068325725410805
0.5,PLS,0.131896870157478
0.5,PLS,0.0264688928271799
0.5,PLS,0.0782283056736588
0.5,PLS,0.0393490643117668
0.5,PLS,0.0507241274348508
0.5,PLS,0.0475951333912206
0.5,PLS,0.0720836663658216
0.5,PLS,0.0437204643880906
0.5,PLS,0.0854901202704625
0.5,PLS,0.0440483593602603
0.5,PLS,0.105516801524992
0.5,PLS,0.0387841705820771
0.5,PLS,0.10203608066869
0.5,PLS,0.0240283626100166
0.5,PLS,0.0951884628904434
0.5,PLS,0.0206281850371188
0.5,PLS,0.0577869636733953
0.5,PLS,0.0915360579788675
0.5,PLS,0.0199891937725537
0.5,PLS,0.0592008311951582
0.5,PLS,0.0616291980438575
0.5,PLS,0.0633491262005999
0.5,PLS,0.0200632070560996
0.5,PLS,0.166692308448209
0.5,PLS,0.0486700340497692
0.5,PLS,0.0778977850213405
0.5,PLS,0.0800830330450331
0.5,PLS,0.0933123549370952
0.5,PLS,0.112863985882561
0.5,PLS,0.115374862048325
0.5,PLS,0.0641341585915075
0.5,PLS,0.0358182838694223
0.5,PLS,0.0255611299699021
0.5,PLS,0.0714616593268346
0.5,PLS,0.0491123618727379
0.5,PLS,0.0134049442177245
0.5,PLS,0.0988936279254501
0.5,PLS,0.0600718220741556
0.5,PLS,0.0118894075253811
0.5,PLS,0.0259828070007206
0.5,PLS,0.123270783337688
0.5,PLS,0.0446251586537925
0.5,PLS,0.0266352496411383
0.5,PLS,0.0594486372805596
0.5,PLS,0.0323060465467704
0.5,PLS,0.061460287431861
0.5,PLS,0.0907800125848708
0.5,PLS,0.00508510917440471
0.5,PLS,0.051534289797088
0.5,PLS,0.0639646727668369
0.5,PLS,0.0200710347259195
0.5,PLS,0.0554164133495027
0.5,PLS,0.0387483191167207
0.5,PLS,0.0374729378666475
0.5,PLS,0.0695007072538482
0.5,PLS,0.0388720225595949
0.5,PLS,0.167663954932519
0.5,PLS,0.0811134175545941
0.5,PLS,0.0605289831914573
0.5,PLS,0.0799125613117561
0.5,PLS,0.0675846268525654
0.5,PLS,0.0115880076432609
0.5,PLS,0.045742454761225
0.5,PLS,0.201411921022382
0.5,PLS,0.040055600408517
0.5,PLS,0.0570585125009213
0.5,PLS,0.0320676226840145
0.5,PLS,0.0400280922670974
0.5,PLS,0.0900212905393112
0.5,PLS,0.0457318907570226
0.5,PLS,0.0779707482156931
0.5,PLS,0.0879932980792295
0.5,PLS,0.0304590838623805
0.5,PLS,0.0179576398592722
0.5,PLS,0.100893208868448
0.5,PLS,0.0250347757858401
0.5,PLS,0.0602019237746652
0.5,PLS,0.0325307021694499
0.5,PLS,0.0772986308071662
0.5,PLS,0.053024308232325
0.5,PLS,0.0313181793949331
0.5,PLS,0.0673745098481728
0.5,PLS,0.096211314105972
0.5,PLS,0.0763539039946386
0.5,PLS,0.0925505639584949
0.5,PLS,0.0757740923600494
0.5,PLS,0.0667867460697998
0.5,PLS,0.0813835752500445
0.5,PLS,0.0675565191180828
0.5,PLS,0.0471471103748841
0.5,PLS,0.0247961064926522
0.5,PLS,0.0211832505854686
0.5,PLS,0.0643860076115413
0.5,PLS,0.0443326332888599
0.5,PLS,0.0314383604957533
0.5,PLS,0.07594800361415
0.5,PLS,0.0413032191375132
0.5,PLS,0.0372641783909752
0.5,PLS,0.0733719265439725
0.5,PLS,0.0538293214646006
0.5,PLS,0.0404743748955641
0.5,PLS,0.0422486170811565
0.5,PLS,0.0806223635158356
0.5,PLS,0.0372173231306434
0.5,PLS,0.0301582316321865
0.5,PLS,0.0745997517760719
0.5,PLS,0.0232131690836785
0.5,PLS,0.0660655221960948
0.5,PLS,0.0746159669211239
0.5,PLS,0.0470802183361675
0.5,PLS,0.127232390865565
0.5,PLS,0.089901327282054
0.5,PLS,0.082107240279238
0.5,PLS,0.0533124079617806
0.5,PLS,0.077047652723217
0.5,PLS,0.075327050417854
0.5,PLS,0.0179378045358206
0.5,PLS,0.0786173567597934
0.5,PLS,0.0480221027011595
0.5,PLS,0.022654477763806
0.5,PLS,0.0463977749404442
0.5,PLS,0.0374733029566391
0.5,PLS,0.0564485337453112
0.5,PLS,0.0362518392888259
0.5,PLS,0.0529282376471535
0.5,PLS,0.0334468122648263
0.5,PLS,0.0912280634434224
0.5,PLS,0.038797833845815
0.5,PLS,0.0688246448870025
0.5,PLS,0.0406041876344684
0.5,PLS,0.0346469618225797
0.5,PLS,0.0304591465719766
0.5,PLS,0.0937370811116152
0.5,PLS,0.0136580047837642
0.5,fTS,0.010965436728873
0.5,fTS,0.0570215980517893
0.5,fTS,0.026309181273635
0.5,fTS,0.0195725854212736
0.5,fTS,0.0384066402443145
0.5,fTS,0.0434177445063888
0.5,fTS,0.047702063627343
0.5,fTS,0.0896653240432052
0.5,fTS,0.0296243117834308
0.5,fTS,0.0354663202196323
0.5,fTS,0.0710709864256982
0.5,fTS,0.0349602297962887
0.5,fTS,0.0410042250033957
0.5,fTS,0.0505348095078344
0.5,fTS,0.0350951610238727
0.5,fTS,0.0456268861661921
0.5,fTS,0.105406490430461
0.5,fTS,0.0175392929034407
0.5,fTS,0.0938229729133657
0.5,fTS,0.060457466141494
0.5,fTS,0.0147494380730463
0.5,fTS,0.0473004916408201
0.5,fTS,0.0996336223554082
0.5,fTS,0.0261203729983345
0.5,fTS,0.0392009562754674
0.5,fTS,0.0577065119069677
0.5,fTS,0.0100835562852625
0.5,fTS,0.0961820299636302
0.5,fTS,0.0275236393604917
0.5,fTS,0.0225552228953774
0.5,fTS,0.0192366096035329
0.5,fTS,0.0147660069626441
0.5,fTS,0.0269093655368433
0.5,fTS,0.0448435969965959
0.5,fTS,0.159113085720425
0.5,fTS,0.0151612908859485
0.5,fTS,0.113014376488114
0.5,fTS,0.00472918311483177
0.5,fTS,0.0514490887887894
0.5,fTS,0.02077767195443
0.5,fTS,0.0256873800404776
0.5,fTS,0.019282716740247
0.5,fTS,0.0206392368725076
0.5,fTS,0.0686015467665941
0.5,fTS,0.00750764859524675
0.5,fTS,0.0477076949426627
0.5,fTS,0.0400216909772521
0.5,fTS,0.0383960956493047
0.5,fTS,0.0148768105944878
0.5,fTS,0.0322977493535579
0.5,fTS,0.0199575012798019
0.5,fTS,0.0943349037295642
0.5,fTS,0.0513628699045678
0.5,fTS,0.0353025667749742
0.5,fTS,0.0456527421379442
0.5,fTS,0.0423117988429737
0.5,fTS,0.0276911545848595
0.5,fTS,0.0675972014050229
0.5,fTS,0.0706525481842115
0.5,fTS,0.0655731506989021
0.5,fTS,0.0534668928500787
0.5,fTS,0.0127143352462821
0.5,fTS,0.0214473534061664
0.5,fTS,0.0227633097735819
0.5,fTS,0.0385970810222689
0.5,fTS,0.0178069552635893
0.5,fTS,0.0663439885724912
0.5,fTS,0.0375827312869944
0.5,fTS,0.0437069772066248
0.5,fTS,0.0364752969018925
0.5,fTS,0.0470754426380203
0.5,fTS,0.0244888868946019
0.5,fTS,0.0415758971037434
0.5,fTS,0.0232009655180631
0.5,fTS,0.0720724365536635
0.5,fTS,0.0173432680365026
0.5,fTS,0.0284755927852924
0.5,fTS,0.02576697230378
0.5,fTS,0.042504350840022
0.5,fTS,0.0136737261050951
0.5,fTS,0.0562858399172898
0.5,fTS,0.0263848204377484
0.5,fTS,0.0381486381794846
0.5,fTS,0.0338267510111301
0.5,fTS,0.0102877065224088
0.5,fTS,0.056084432198858
0.5,fTS,0.0255999479367129
0.5,fTS,0.0618681703345105
0.5,fTS,0.0176771684900581
0.5,fTS,0.110930614302947
0.5,fTS,0.0387064608413204
0.5,fTS,0.0528211878342763
0.5,fTS,0.0697750958801905
0.5,fTS,0.0413056744234095
0.5,fTS,0.0593249728904895
0.5,fTS,0.0606806826583529
0.5,fTS,0.0606689671478363
0.5,fTS,0.0371706003392566
0.5,fTS,0.0305507756309338
0.5,fTS,0.0553044774799448
0.5,fTS,0.0196661847079996
0.5,fTS,0.0200222064166328
0.5,fTS,0.0670073825599326
0.5,fTS,0.0534108221321722
0.5,fTS,0.0440471736670079
0.5,fTS,0.0390224168184839
0.5,fTS,0.0798345479881264
0.5,fTS,0.0233737801953467
0.5,fTS,0.0190234538624806
0.5,fTS,0.0388228266349079
0.5,fTS,0.0175981237313382
0.5,fTS,0.0716284192748295
0.5,fTS,0.0593547834452285
0.5,fTS,0.0174043312134149
0.5,fTS,0.0548435839262608
0.5,fTS,0.021897893181686
0.5,fTS,0.0124112705303619
0.5,fTS,0.0545248427992214
0.5,fTS,0.0288803220408863
0.5,fTS,0.00740889458936243
0.5,fTS,0.0347991053427469
0.5,fTS,0.0156937700369998
0.5,fTS,0.0953061943283527
0.5,fTS,0.0405293867176724
0.5,fTS,0.0432777598469446
0.5,fTS,0.0460533711308753
0.5,fTS,0.0146293828329174
0.5,fTS,0.0133936060026086
0.5,fTS,0.0427909645523143
0.5,fTS,0.0932238752321262
0.5,fTS,0.0545141731120597
0.5,fTS,0.0560048276224784
0.5,fTS,0.0163295730985869
0.5,fTS,0.0200072136107193
0.5,fTS,0.113169827377775
0.5,fTS,0.0345017912089562
0.5,fTS,0.0526128340630511
0.5,fTS,0.109808458824847
0.5,fTS,0.0218399683103264
0.5,fTS,0.0121402665449986
0.5,fTS,0.0627648008936527
0.5,fTS,0.0129139094021114
0.5,fTS,0.0257135030103992
0.5,fTS,0.0140516527385345
0.5,fTS,0.0760877667896332
0.5,fTS,0.0574327338936975
0.5,fTS,0.00841309722837647
0.5,fTS,0.0163673547200474
0.5,fTS,0.117390508664142
0.5,fTS,0.0369873954166906
0.5,fTS,0.0369543426521886
0.5,fTS,0.0303443704324621
0.5,fTS,0.0828391561416872
0.5,fTS,0.0393984788177633
0.5,fTS,0.0574087604271747
0.5,fTS,0.0363758308457039
0.5,fTS,0.0153258427627595
0.5,fTS,0.0163862002764953
0.5,fTS,0.0661318198925027
0.5,fTS,0.0238885325302786
0.5,fTS,0.0249765696683175
0.5,fTS,0.0577109789780112
0.5,fTS,0.0326921724666178
0.5,fTS,0.0313949686787649
0.5,fTS,0.0483233488817622
0.5,fTS,0.0275613286165855
0.5,fTS,0.0417318541759872
0.5,fTS,0.0420604484233779
0.5,fTS,0.042609429880107
0.5,fTS,0.0410259675048718
0.5,fTS,0.0403702964489008
0.5,fTS,0.046019988966273
0.5,fTS,0.0232445875536562
0.5,fTS,0.0964818684352618
0.5,fTS,0.0379990570407402
0.5,fTS,0.0417485926582076
0.5,fTS,0.104373561462255
0.5,fTS,0.037609759835396
0.5,fTS,0.0565739769376263
0.5,fTS,0.0428417237130556
0.5,fTS,0.0370050131519631
0.5,fTS,0.0258467758717531
0.5,fTS,0.0196782552191756
0.5,fTS,0.0336364320688071
0.5,fTS,0.0225333428607976
0.5,fTS,0.0330886729585605
0.5,fTS,0.00437206378926766
0.5,fTS,0.0399877096126586
0.5,fTS,0.0264864155451369
0.5,fTS,0.0452026723778363
0.5,fTS,0.0543348488750684
0.5,fTS,0.0678655801768263
0.5,fTS,0.0464304666188498
0.5,fTS,0.043579359122573
0.5,fTS,0.0668105773342379
0.5,fTS,0.0180064630254375
0.5,fTS,0.0272885197903732
0.5,fTS,0.0321609567415635
0.5,fTS,0.0886067318157127
0.5,fTS,0.0243081365671745
0.5,LS_oracle,0.0408656200798315
0.5,LS_oracle,0.0816462999944634
0.5,LS_oracle,0.0282586953618329
0.5,LS_oracle,0.061185901658723
0.5,LS_oracle,0.0293718690937486
0.5,LS_oracle,0.0425127004302146
0.5,LS_oracle,0.0624642809368748
0.5,LS_oracle,0.0607010942565241
0.5,LS_oracle,0.0194415633485313
0.5,LS_oracle,0.0343122956805506
0.5,LS_oracle,0.0403132171890102
0.5,LS_oracle,0.0785167509697275
0.5,LS_oracle,0.0206256667410585
0.5,LS_oracle,0.0743832586468413
0.5,LS_oracle,0.0253380008838294
0.5,LS_oracle,0.0362678031019845
0.5,LS_oracle,0.120030323209113
0.5,LS_oracle,0.0502761655937158
0.5,LS_oracle,0.0927329832714518
0.5,LS_oracle,0.0879146591690242
0.5,LS_oracle,0.0152989844101856
0.5,LS_oracle,0.0289466677007354
0.5,LS_oracle,0.075847662741863
0.5,LS_oracle,0.0771634421502614
0.5,LS_oracle,0.0507674980998734
0.5,LS_oracle,0.0180531642625977
0.5,LS_oracle,0.0207326255407474
0.5,LS_oracle,0.139090971988373
0.5,LS_oracle,0.0376600093094936
0.5,LS_oracle,0.0421011522741856
0.5,LS_oracle,0.0200686551877938
0.5,LS_oracle,0.0580352942623175
0.5,LS_oracle,0.0368254671860943
0.5,LS_oracle,0.0441182830063888
0.5,LS_oracle,0.0631974141390065
0.5,LS_oracle,0.0427993636919083
0.5,LS_oracle,0.0843550248113253
0.5,LS_oracle,0.0158929932520619
0.5,LS_oracle,0.0767599396017119
0.5,LS_oracle,0.018677160895497
0.5,LS_oracle,0.0675053911634933
0.5,LS_oracle,0.0170768094716074
0.5,LS_oracle,0.03482551003669
0.5,LS_oracle,0.138653595699158
0.5,LS_oracle,0.0277571709471391
0.5,LS_oracle,0.0839359319219717
0.5,LS_oracle,0.0435100286586778
0.5,LS_oracle,0.0619211848606149
0.5,LS_oracle,0.0411165384611799
0.5,LS_oracle,0.0364632105735018
0.5,LS_oracle,0.0214889128999473
0.5,LS_oracle,0.103189822242575
0.5,LS_oracle,0.0213838338488002
0.5,LS_oracle,0.0686100361930658
0.5,LS_oracle,0.0494490803983598
0.5,LS_oracle,0.0393578439741981
0.5,LS_oracle,0.0391898770272366
0.5,LS_oracle,0.0516555494144899
0.5,LS_oracle,0.0572589666120417
0.5,LS_oracle,0.0971166435142249
0.5,LS_oracle,0.0471244667048764
0.5,LS_oracle,0.0128404180058526
0.5,LS_oracle,0.0269115412729119
0.5,LS_oracle,0.0256626354393549
0.5,LS_oracle,0.0459564009773947
0.5,LS_oracle,0.0506137678213025
0.5,LS_oracle,0.154316251787726
0.5,LS_oracle,0.0247216354075496
0.5,LS_oracle,0.0836976924614274
0.5,LS_oracle,0.0472346055547694
0.5,LS_oracle,0.0324267298786894
0.5,LS_oracle,0.0349552119867009
0.5,LS_oracle,0.0509869945695092
0.5,LS_oracle,0.0468903705001284
0.5,LS_oracle,0.0918275475241081
0.5,LS_oracle,0.0117430454230659
0.5,LS_oracle,0.0564933361028425
0.5,LS_oracle,0.0378490653238416
0.5,LS_oracle,0.0998336721901591
0.5,LS_oracle,0.0164539278217249
0.5,LS_oracle,0.109945594428823
0.5,LS_oracle,0.0216715807614163
0.5,LS_oracle,0.0416571715648474
0.5,LS_oracle,0.0188987151355448
0.5,LS_oracle,0.0206564263050813
0.5,LS_oracle,0.0227911737791646
0.5,LS_oracle,0.0243370530475742
0.5,LS_oracle,0.115530940962124
0.5,LS_oracle,0.0234407794169535
0.5,LS_oracle,0.139994143164674
0.5,LS_oracle,0.0374069659007105
0.5,LS_oracle,0.0740864201455599
0.5,LS_oracle,0.0621237807656312
0.5,LS_oracle,0.0858210147103721
0.5,LS_oracle,0.115877320886885
0.5,LS_oracle,0.0977574948539572
0.5,LS_oracle,0.0309889370893437
0.5,LS_oracle,0.0584997415321402
0.5,LS_oracle,0.0194444726943115
0.5,LS_oracle,0.0969607128532069
0.5,LS_oracle,0.045303438751998
0.5,LS_oracle,0.0144267140129646
0.5,LS_oracle,0.0954735538416261
0.5,LS_oracle,0.0555770581907276
0.5,LS_oracle,0.0141021938947166
0.5,LS_oracle,0.0296707408059533
0.5,LS_oracle,0.119446681738385
0.5,LS_oracle,0.0379134290130418
0.5,LS_oracle,0.027165046635883
0.5,LS_oracle,0.057844607045342
0.5,LS_oracle,0.027606094475278
0.5,LS_oracle,0.0262535827037197
0.5,LS_oracle,0.0728899182551812
0.5,LS_oracle,0.00729064928369349
0.5,LS_oracle,0.0449399206231676
0.5,LS_oracle,0.0370758768345948
0.5,LS_oracle,0.0190188524305416
0.5,LS_oracle,0.0439726139573592
0.5,LS_oracle,0.0357897424158859
0.5,LS_oracle,0.0308277841863378
0.5,LS_oracle,0.0412829014089194
0.5,LS_oracle,0.0391422100106673
0.5,LS_oracle,0.14710309064454
0.5,LS_oracle,0.0762519073212348
0.5,LS_oracle,0.0513816546642686
0.5,LS_oracle,0.0724224944218287
0.5,LS_oracle,0.0561659106724168
0.5,LS_oracle,0.0135901104604506
0.5,LS_oracle,0.0466794017989183
0.5,LS_oracle,0.115115120157605
0.5,LS_oracle,0.047394363964113
0.5,LS_oracle,0.0550340512265886
0.5,LS_oracle,0.0288882146738923
0.5,LS_oracle,0.0185935480462594
0.5,LS_oracle,0.0557894077734727
0.5,LS_oracle,0.0394002460787984
0.5,LS_oracle,0.0768430861879732
0.5,LS_oracle,0.0837400573243648
0.5,LS_oracle,0.0136711126469805
0.5,LS_oracle,0.0122517778497559
0.5,LS_oracle,0.116095887817
0.5,LS_oracle,0.0249735816148402
0.5,LS_oracle,0.0519672533165857
0.5,LS_oracle,0.0349170080108916
0.5,LS_oracle,0.0680311811547874
0.5,LS_oracle,0.0381202343650847
0.5,LS_oracle,0.0236858530469996
0.5,LS_oracle,0.0632776655786086
0.5,LS_oracle,0.0953505173695033
0.5,LS_oracle,0.0672682936032033
0.5,LS_oracle,0.0965679029215569
0.5,LS_oracle,0.0317410336786272
0.5,LS_oracle,0.0470322572399151
0.5,LS_oracle,0.0598016705913175
0.5,LS_oracle,0.0249310663731023
0.5,LS_oracle,0.0404371284736648
0.5,LS_oracle,0.0208058012848991
0.5,LS_oracle,0.0262250009825059
0.5,LS_oracle,0.0644097625075233
0.5,LS_oracle,0.0379328166467421
0.5,LS_oracle,0.0278593812908512
0.5,LS_oracle,0.0647121425303439
0.5,LS_oracle,0.0482685338216764
0.5,LS_oracle,0.0407523852100298
0.5,LS_oracle,0.0528707164104336
0.5,LS_oracle,0.0346470284054934
0.5,LS_oracle,0.0341029385566787
0.5,LS_oracle,0.0505314667694641
0.5,LS_oracle,0.081542708935022
0.5,LS_oracle,0.029839069644499
0.5,LS_oracle,0.0272062379326885
0.5,LS_oracle,0.0697794673150514
0.5,LS_oracle,0.0179635722554016
0.5,LS_oracle,0.0408844696803145
0.5,LS_oracle,0.0752031805242042
0.5,LS_oracle,0.0474877065362674
0.5,LS_oracle,0.0951116997453878
0.5,LS_oracle,0.09115809981102
0.5,LS_oracle,0.0761792317314358
0.5,LS_oracle,0.0495520839533206
0.5,LS_oracle,0.0781409130601119
0.5,LS_oracle,0.0691511143738713
0.5,LS_oracle,0.0114329199330587
0.5,LS_oracle,0.08414940139233
0.5,LS_oracle,0.0447106964957215
0.5,LS_oracle,0.021626227687353
0.5,LS_oracle,0.00584532403819044
0.5,LS_oracle,0.0281826057380718
0.5,LS_oracle,0.038016387743637
0.5,LS_oracle,0.0349199121740893
0.5,LS_oracle,0.0429474273007345
0.5,LS_oracle,0.0939305401412057
0.5,LS_oracle,0.0517735266969157
0.5,LS_oracle,0.0164214593842265
0.5,LS_oracle,0.0599575816134924
0.5,LS_oracle,0.0373600937106908
0.5,LS_oracle,0.0374096520470091
0.5,LS_oracle,0.0292433028738412
0.5,LS_oracle,0.0282020933422971
0.5,LS_oracle,0.0143481436293374
0.5,TS_oracle,0.0120223992943743
0.5,TS_oracle,0.0537652412603212
0.5,TS_oracle,0.0279914105898598
0.5,TS_oracle,0.0216724997876399
0.5,TS_oracle,0.0163443779473661
0.5,TS_oracle,0.0392094249628822
0.5,TS_oracle,0.0526796006349981
0.5,TS_oracle,0.0873757494561467
0.5,TS_oracle,0.0237274652363471
0.5,TS_oracle,0.0353802741964652
0.5,TS_oracle,0.0683016742478841
0.5,TS_oracle,0.0354610619504031
0.5,TS_oracle,0.0363017664739521
0.5,TS_oracle,0.0474165115663566
0.5,TS_oracle,0.0381802073231942
0.5,TS_oracle,0.0461769711019743
0.5,TS_oracle,0.106561804674497
0.5,TS_oracle,0.0173471797945356
0.5,TS_oracle,0.0567753331317088
0.5,TS_oracle,0.0572057592049255
0.5,TS_oracle,0.0146963068109924
0.5,TS_oracle,0.0389668822262547
0.5,TS_oracle,0.0562456028112558
0.5,TS_oracle,0.0275281978139584
0.5,TS_oracle,0.0398502346090761
0.5,TS_oracle,0.0132464907536747
0.5,TS_oracle,0.010611406464704
0.5,TS_oracle,0.0841021487461816
0.5,TS_oracle,0.0162735239853299
0.5,TS_oracle,0.0223979510051015
0.5,TS_oracle,0.0197448372867655
0.5,TS_oracle,0.0125366893772179
0.5,TS_oracle,0.0191497051870858
0.5,TS_oracle,0.0194646885925663
0.5,TS_oracle,0.0364258623822737
0.5,TS_oracle,0.0137624573991767
0.5,TS_oracle,0.107537338479348
0.5,TS_oracle,0.00450836541226961
0.5,TS_oracle,0.0618518693699576
0.5,TS_oracle,0.0169914019090937
0.5,TS_oracle,0.0245247123949915
0.5,TS_oracle,0.0181671307362146
0.5,TS_oracle,0.0182831261023957
0.5,TS_oracle,0.083467590340568
0.5,TS_oracle,0.0107451056768442
0.5,TS_oracle,0.0384298636523004
0.5,TS_oracle,0.0316579944135321
0.5,TS_oracle,0.0399327502291293
0.5,TS_oracle,0.0140684994936813
0.5,TS_oracle,0.0310675698545177
0.5,TS_oracle,0.0172596072809895
0.5,TS_oracle,0.0729951255556678
0.5,TS_oracle,0.0236926045033881
0.5,TS_oracle,0.0316988822476578
0.5,TS_oracle,0.0255676218868982
0.5,TS_oracle,0.0309802797093396
0.5,TS_oracle,0.0261534551852836
0.5,TS_oracle,0.0630611199318079
0.5,TS_oracle,0.0716055645579564
0.5,TS_oracle,0.0637848364552223
0.5,TS_oracle,0.0319021471080848
0.5,TS_oracle,0.0109178036016859
0.5,TS_oracle,0.0213263446666306
0.5,TS_oracle,0.00747957400346059
0.5,TS_oracle,0.0363108780064635
0.5,TS_oracle,0.0184104463876672
0.5,TS_oracle,0.0605957701454284
0.5,TS_oracle,0.0288745025089924
0.5,TS_oracle,0.0434451656480997
0.5,TS_oracle,0.0403791931821513
0.5,TS_oracle,0.0321718478140098
0.5,TS_oracle,0.0197181474783327
0.5,TS_oracle,0.0367313343500343
0.5,TS_oracle,0.0232484313413837
0.5,TS_oracle,0.0688246995579029
0.5,TS_oracle,0.0132251016566003
0.5,TS_oracle,0.0214398844943122
0.5,TS_oracle,0.0210064406361961
0.5,TS_oracle,0.0391221630702145
0.5,TS_oracle,0.0105623486277796
0.5,TS_oracle,0.0576440121937456
0.5,TS_oracle,0.0266551046088543
0.5,TS_oracle,0.034576153986764
0.5,TS_oracle,0.0231790423870486
0.5,TS_oracle,0.00841077904525696
0.5,TS_oracle,0.0186932236171492
0.5,TS_oracle,0.0180544758406719
0.5,TS_oracle,0.0809961507651886
0.5,TS_oracle,0.0220209009865505
0.5,TS_oracle,0.0909143735337842
0.5,TS_oracle,0.0390384379593832
0.5,TS_oracle,0.0510852651662414
0.5,TS_oracle,0.0584319074711304
0.5,TS_oracle,0.0416456937195253
0.5,TS_oracle,0.0471657963761526
0.5,TS_oracle,0.0589826705496401
0.5,TS_oracle,0.0468123469274728
0.5,TS_oracle,0.0460003925431893
0.5,TS_oracle,0.0222027975403903
0.5,TS_oracle,0.0500216792644928
0.5,TS_oracle,0.0192638412273352
0.5,TS_oracle,0.0143012495649644
0.5,TS_oracle,0.0595386461761654
0.5,TS_oracle,0.0500801997453013
0.5,TS_oracle,0.0357629180683602
0.5,TS_oracle,0.0384978216762158
0.5,TS_oracle,0.0788112637238263
0.5,TS_oracle,0.0185784717019654
0.5,TS_oracle,0.019777902451871
0.5,TS_oracle,0.0389778037018259
0.5,TS_oracle,0.0166543092315287
0.5,TS_oracle,0.0467326257794079
0.5,TS_oracle,0.0570945683710084
0.5,TS_oracle,0.0157663327441926
0.5,TS_oracle,0.0483147978822135
0.5,TS_oracle,0.0223660353103803
0.5,TS_oracle,0.0125113008018543
0.5,TS_oracle,0.0427982859754352
0.5,TS_oracle,0.025620691678056
0.5,TS_oracle,0.00739574905740764
0.5,TS_oracle,0.0290944025117008
0.5,TS_oracle,0.0157441726548795
0.5,TS_oracle,0.092294075686163
0.5,TS_oracle,0.0416077020020672
0.5,TS_oracle,0.041640348165903
0.5,TS_oracle,0.0458849253600212
0.5,TS_oracle,0.00846827458946568
0.5,TS_oracle,0.012898612561399
0.5,TS_oracle,0.0423632499339658
0.5,TS_oracle,0.0452340681478177
0.5,TS_oracle,0.0540877913421497
0.5,TS_oracle,0.0473758757703376
0.5,TS_oracle,0.0160754101009223
0.5,TS_oracle,0.0158310359916658
0.5,TS_oracle,0.0146485742065726
0.5,TS_oracle,0.0343710186824331
0.5,TS_oracle,0.0443938096925011
0.5,TS_oracle,0.0651727371256418
0.5,TS_oracle,0.0191132513451481
0.5,TS_oracle,0.01027873936886
0.5,TS_oracle,0.0667152712161369
0.5,TS_oracle,0.00908651476173954
0.5,TS_oracle,0.0258206995644933
0.5,TS_oracle,0.0160003429167131
0.5,TS_oracle,0.0547794305214831
0.5,TS_oracle,0.0496171399041742
0.5,TS_oracle,0.00836462029208468
0.5,TS_oracle,0.011131912305503
0.5,TS_oracle,0.108457642307341
0.5,TS_oracle,0.0308135445308654
0.5,TS_oracle,0.0379591995789755
0.5,TS_oracle,0.0217337353858572
0.5,TS_oracle,0.0152406053917539
0.5,TS_oracle,0.0385510409033807
0.5,TS_oracle,0.0352856581317548
0.5,TS_oracle,0.0331026509526187
0.5,TS_oracle,0.0148587708111494
0.5,TS_oracle,0.0160644096108477
0.5,TS_oracle,0.0512238162451291
0.5,TS_oracle,0.0203758777151998
0.5,TS_oracle,0.0247088900187811
0.5,TS_oracle,0.0514440441243606
0.5,TS_oracle,0.029662377171031
0.5,TS_oracle,0.0286078092908402
0.5,TS_oracle,0.0253227710635601
0.5,TS_oracle,0.0144380539408662
0.5,TS_oracle,0.0359285798381905
0.5,TS_oracle,0.0347405546106207
0.5,TS_oracle,0.0363090147476008
0.5,TS_oracle,0.0366522633946808
0.5,TS_oracle,0.0392799544724594
0.5,TS_oracle,0.0449414070934084
0.5,TS_oracle,0.0206887712735385
0.5,TS_oracle,0.0277327585672499
0.5,TS_oracle,0.0360118687428694
0.5,TS_oracle,0.0458390938175397
0.5,TS_oracle,0.0970429285731931
0.5,TS_oracle,0.0324080778594857
0.5,TS_oracle,0.0508705242416364
0.5,TS_oracle,0.0418698793777729
0.5,TS_oracle,0.0372353566911833
0.5,TS_oracle,0.022681167726444
0.5,TS_oracle,0.0120335672977021
0.5,TS_oracle,0.0326680426093144
0.5,TS_oracle,0.0204227380038477
0.5,TS_oracle,0.0328993904609903
0.5,TS_oracle,0.00431498061111977
0.5,TS_oracle,0.0277941557599794
0.5,TS_oracle,0.021106885931387
0.5,TS_oracle,0.0450839652135525
0.5,TS_oracle,0.052633006628234
0.5,TS_oracle,0.101782567479101
0.5,TS_oracle,0.026943656455527
0.5,TS_oracle,0.0204310842135136
0.5,TS_oracle,0.0579765302674592
0.5,TS_oracle,0.0136927420448592
0.5,TS_oracle,0.021714370361109
0.5,TS_oracle,0.029072199487679
0.5,TS_oracle,0.0240108652338036
0.5,TS_oracle,0.0247140938273229
0.6,PLS,0.045775868799258
0.6,PLS,0.0526037584761105
0.6,PLS,0.0576523599835517
0.6,PLS,0.0425026299979682
0.6,PLS,0.0288487747968092
0.6,PLS,0.0502507880472962
0.6,PLS,0.0831470843216417
0.6,PLS,0.0154275562617427
0.6,PLS,0.0399233483170946
0.6,PLS,0.0898103833367488
0.6,PLS,0.0430456743593371
0.6,PLS,0.0633390040894357
0.6,PLS,0.0336777872126512
0.6,PLS,0.0432097988280394
0.6,PLS,0.0558398632605192
0.6,PLS,0.0827866756706981
0.6,PLS,0.040984480891622
0.6,PLS,0.0175164160720559
0.6,PLS,0.0259705089387175
0.6,PLS,0.198108896311322
0.6,PLS,0.0781685670450443
0.6,PLS,0.0904533122791768
0.6,PLS,0.0336141716036455
0.6,PLS,0.0710343148518228
0.6,PLS,0.0503111687512168
0.6,PLS,0.0616005726138168
0.6,PLS,0.0561993030019657
0.6,PLS,0.0589591013076408
0.6,PLS,0.0296639732146811
0.6,PLS,0.0335017306778086
0.6,PLS,0.062247075836424
0.6,PLS,0.0459506617195119
0.6,PLS,0.079324113258774
0.6,PLS,0.0842657775435131
0.6,PLS,0.0412774984308466
0.6,PLS,0.102748776363178
0.6,PLS,0.1138905336132
0.6,PLS,0.0306661348379657
0.6,PLS,0.0268112559366333
0.6,PLS,0.0683408467813031
0.6,PLS,0.0275709483674944
0.6,PLS,0.0550616404694409
0.6,PLS,0.0431634630647445
0.6,PLS,0.122929325100142
0.6,PLS,0.171913635435664
0.6,PLS,0.0290734825023638
0.6,PLS,0.0397590725192634
0.6,PLS,0.037144920800802
0.6,PLS,0.0131041141345474
0.6,PLS,0.0601817865331833
0.6,PLS,0.0165745719582864
0.6,PLS,0.102006957832969
0.6,PLS,0.0137388423387644
0.6,PLS,0.129127315487799
0.6,PLS,0.0330984905227392
0.6,PLS,0.0849532277216463
0.6,PLS,0.0360077282487089
0.6,PLS,0.0274442320292814
0.6,PLS,0.152184032156956
0.6,PLS,0.10542938499546
0.6,PLS,0.0643814824855337
0.6,PLS,0.0362712987082685
0.6,PLS,0.123511762082915
0.6,PLS,0.175194935770639
0.6,PLS,0.0144015986493901
0.6,PLS,0.0429828196129202
0.6,PLS,0.0642944195137055
0.6,PLS,0.0353422275010022
0.6,PLS,0.0428982567758554
0.6,PLS,0.0194568613366432
0.6,PLS,0.0473538330131321
0.6,PLS,0.0459840997429419
0.6,PLS,0.0198977422846924
0.6,PLS,0.0938475323830146
0.6,PLS,0.0204895114880623
0.6,PLS,0.0337888837837239
0.6,PLS,0.111399309921126
0.6,PLS,0.0164211560624254
0.6,PLS,0.0418881218820069
0.6,PLS,0.049015008782396
0.6,PLS,0.00681202541547078
0.6,PLS,0.0520931980059817
0.6,PLS,0.182397371007565
0.6,PLS,0.0605671024977151
0.6,PLS,0.0504657388401938
0.6,PLS,0.031444694766782
0.6,PLS,0.0753715435208013
0.6,PLS,0.0957201686125062
0.6,PLS,0.0448126508869227
0.6,PLS,0.0205705370481671
0.6,PLS,0.0559660316927176
0.6,PLS,0.0481964970193657
0.6,PLS,0.105278956102528
0.6,PLS,0.116583738306824
0.6,PLS,0.0636914328109988
0.6,PLS,0.163184052339889
0.6,PLS,0.0247445899902337
0.6,PLS,0.0457530824070255
0.6,PLS,0.0561553914069069
0.6,PLS,0.06068443404765
0.6,PLS,0.0432136903554732
0.6,PLS,0.0313345379594033
0.6,PLS,0.0364480035521649
0.6,PLS,0.017216036571671
0.6,PLS,0.0495026223400007
0.6,PLS,0.00814164421258499
0.6,PLS,0.061595578757118
0.6,PLS,0.0607583178906066
0.6,PLS,0.0325933426985651
0.6,PLS,0.0747635925505273
0.6,PLS,0.116195187669014
0.6,PLS,0.0224202734473393
0.6,PLS,0.014589272084509
0.6,PLS,0.0411802168459564
0.6,PLS,0.165247017777776
0.6,PLS,0.0562544426706825
0.6,PLS,0.0490856235286621
0.6,PLS,0.0314546831619184
0.6,PLS,0.0266926659131204
0.6,PLS,0.0319866147747796
0.6,PLS,0.020002797855754
0.6,PLS,0.0118251953388222
0.6,PLS,0.131457544422493
0.6,PLS,0.0227040292054509
0.6,PLS,0.0447204488064442
0.6,PLS,0.0539241971399
0.6,PLS,0.0822533113583829
0.6,PLS,0.0446604870455593
0.6,PLS,0.0300303041494017
0.6,PLS,0.067044985254733
0.6,PLS,0.0767115181357284
0.6,PLS,0.0198216332178272
0.6,PLS,0.139149643383555
0.6,PLS,0.0431971742372507
0.6,PLS,0.0334809160800453
0.6,PLS,0.0238113420130897
0.6,PLS,0.0589689925570528
0.6,PLS,0.0471436660015974
0.6,PLS,0.0455815043595715
0.6,PLS,0.0691194106092819
0.6,PLS,0.0676141480427383
0.6,PLS,0.0518090947635289
0.6,PLS,0.0554236184501151
0.6,PLS,0.0322150542472993
0.6,PLS,0.0611772097371878
0.6,PLS,0.0611049537714994
0.6,PLS,0.00795561964952528
0.6,PLS,0.037735601458918
0.6,PLS,0.0918127378195874
0.6,PLS,0.0633834164091942
0.6,PLS,0.0529557882907482
0.6,PLS,0.016192134436146
0.6,PLS,0.0588283834057341
0.6,PLS,0.036739417549943
0.6,PLS,0.0221235335745861
0.6,PLS,0.0437986581335294
0.6,PLS,0.0477977283587937
0.6,PLS,0.0425077494229189
0.6,PLS,0.0366704779380587
0.6,PLS,0.0543473261033572
0.6,PLS,0.0540778373792483
0.6,PLS,0.0732001041838872
0.6,PLS,0.0354788871448465
0.6,PLS,0.0696433841678945
0.6,PLS,0.0314358212439005
0.6,PLS,0.133131299275839
0.6,PLS,0.0607847474119275
0.6,PLS,0.0614493730306813
0.6,PLS,0.0358210216818892
0.6,PLS,0.0577584338240905
0.6,PLS,0.0259326574130821
0.6,PLS,0.0582350061902268
0.6,PLS,0.0514013419870632
0.6,PLS,0.0466962198104405
0.6,PLS,0.0257667815408202
0.6,PLS,0.0596311861092669
0.6,PLS,0.0324031638562836
0.6,PLS,0.0724962636903338
0.6,PLS,0.011093590262334
0.6,PLS,0.0557081195582867
0.6,PLS,0.0927482864954539
0.6,PLS,0.0272099793451177
0.6,PLS,0.0257409585491168
0.6,PLS,0.0878222064092213
0.6,PLS,0.0600309227616632
0.6,PLS,0.0369984719156904
0.6,PLS,0.0472730500705207
0.6,PLS,0.0112465938964481
0.6,PLS,0.205468335516038
0.6,PLS,0.0832727598847861
0.6,PLS,0.0888357132215455
0.6,PLS,0.110233426549374
0.6,PLS,0.039507453100935
0.6,PLS,0.0502125113230875
0.6,PLS,0.0481516876847273
0.6,PLS,0.0256998460783816
0.6,PLS,0.0464303404103506
0.6,PLS,0.0651352724755193
0.6,PLS,0.0450322764126918
0.6,PLS,0.0269517224830609
0.6,fTS,0.0382276318804157
0.6,fTS,0.0441943843418251
0.6,fTS,0.0470145411265795
0.6,fTS,0.0343365824644516
0.6,fTS,0.0266030786912096
0.6,fTS,0.0242196078997505
0.6,fTS,0.0123401368810175
0.6,fTS,0.0422081505225811
0.6,fTS,0.0179314064232663
0.6,fTS,0.0221427122533754
0.6,fTS,0.0236046226613855
0.6,fTS,0.0242685953572527
0.6,fTS,0.0129330829159634
0.6,fTS,0.0619325867633327
0.6,fTS,0.0614015709510052
0.6,fTS,0.0360684158648238
0.6,fTS,0.0380186537487378
0.6,fTS,0.0138260916331551
0.6,fTS,0.0133955316781331
0.6,fTS,0.0272106943624954
0.6,fTS,0.0289777587134177
0.6,fTS,0.022656400740926
0.6,fTS,0.0204670490543838
0.6,fTS,0.0271446484310231
0.6,fTS,0.0182702212135634
0.6,fTS,0.0421900189702603
0.6,fTS,0.0104387521717785
0.6,fTS,0.0400628840957202
0.6,fTS,0.026008432735625
0.6,fTS,0.043446831472491
0.6,fTS,0.0424460975096176
0.6,fTS,0.0137179868339385
0.6,fTS,0.0203478210128332
0.6,fTS,0.0192657006298366
0.6,fTS,0.0332074971165888
0.6,fTS,0.0509239378530987
0.6,fTS,0.10980477570962
0.6,fTS,0.0204376840126102
0.6,fTS,0.0160355846361084
0.6,fTS,0.0270370478833302
0.6,fTS,0.0152415107121927
0.6,fTS,0.0190570307726095
0.6,fTS,0.0501783330703298
0.6,fTS,0.0236822446940261
0.6,fTS,0.0699774005541318
0.6,fTS,0.0241772425274478
0.6,fTS,0.0459383174006482
0.6,fTS,0.0273885306915202
0.6,fTS,0.00798384463790537
0.6,fTS,0.0353157140382696
0.6,fTS,0.0182407432723852
0.6,fTS,0.0240593894416056
0.6,fTS,0.0312675254587248
0.6,fTS,0.0376489948947933
0.6,fTS,0.0132559899789473
0.6,fTS,0.0589151775698072
0.6,fTS,0.0322220285350695
0.6,fTS,0.019247537404867
0.6,fTS,0.0558130488443315
0.6,fTS,0.0656655860082929
0.6,fTS,0.0109171297861585
0.6,fTS,0.019803737178435
0.6,fTS,0.0195466205172311
0.6,fTS,0.0175395092230356
0.6,fTS,0.00572566171214211
0.6,fTS,0.0252810573916303
0.6,fTS,0.0333745594399978
0.6,fTS,0.0319753049303354
0.6,fTS,0.00351396946817132
0.6,fTS,0.0100501663987014
0.6,fTS,0.0158845757485205
0.6,fTS,0.0220972246159695
0.6,fTS,0.0202124043595871
0.6,fTS,0.0759196801431025
0.6,fTS,0.0272342684013299
0.6,fTS,0.014383471549246
0.6,fTS,0.0735569967658059
0.6,fTS,0.00536625026526852
0.6,fTS,0.0450646131051231
0.6,fTS,0.0163942957250417
0.6,fTS,0.0277227994188952
0.6,fTS,0.0561279825292465
0.6,fTS,0.0275782343630317
0.6,fTS,0.0232380382453615
0.6,fTS,0.0431532120342386
0.6,fTS,0.0200992060871528
0.6,fTS,0.0719987543851115
0.6,fTS,0.0471651350478957
0.6,fTS,0.0270697687251397
0.6,fTS,0.0229266510690463
0.6,fTS,0.0181936102224156
0.6,fTS,0.0549573908246426
0.6,fTS,0.0181896517647433
0.6,fTS,0.0804300598849144
0.6,fTS,0.0179200216020386
0.6,fTS,0.148162565203476
0.6,fTS,0.0148820140288986
0.6,fTS,0.0517478468477759
0.6,fTS,0.035166316670883
0.6,fTS,0.0427984193706178
0.6,fTS,0.0474864315117102
0.6,fTS,0.0393634003303793
0.6,fTS,0.0231991153754494
0.6,fTS,0.0143141127103339
0.6,fTS,0.0190980856614178
0.6,fTS,0.00694807733537351
0.6,fTS,0.0287374214294139
0.6,fTS,0.0261532366844009
0.6,fTS,0.0547090791086334
0.6,fTS,0.0620040364166317
0.6,fTS,0.0549709500254168
0.6,fTS,0.0428473797853212
0.6,fTS,0.00701287296367355
0.6,fTS,0.018166981944296
0.6,fTS,0.124656369107961
0.6,fTS,0.0670876805089568
0.6,fTS,0.0544158936781044
0.6,fTS,0.0611165119968232
0.6,fTS,0.0192241599652028
0.6,fTS,0.0147037297504231
0.6,fTS,0.0467608926355512
0.6,fTS,0.0172860381828492
0.6,fTS,0.0969993471018213
0.6,fTS,0.0132522808480769
0.6,fTS,0.0376886030893448
0.6,fTS,0.0410338156772869
0.6,fTS,0.0486409122499097
0.6,fTS,0.0210695953529742
0.6,fTS,0.0187337296573156
0.6,fTS,0.0643786081183951
0.6,fTS,0.0343237651247801
0.6,fTS,0.01920819970998
0.6,fTS,0.0564321765479111
0.6,fTS,0.0267746304361092
0.6,fTS,0.0322646722846901
0.6,fTS,0.0219311763241252
0.6,fTS,0.0325999946125612
0.6,fTS,0.0342608158039676
0.6,fTS,0.0171737665424192
0.6,fTS,0.0129096978160896
0.6,fTS,0.0267165387158867
0.6,fTS,0.0345368065789424
0.6,fTS,0.05289013500688
0.6,fTS,0.017096052709965
0.6,fTS,0.0166123099449601
0.6,fTS,0.0522887594064001
0.6,fTS,0.00553191850575812
0.6,fTS,0.0249910427659361
0.6,fTS,0.0506120185545851
0.6,fTS,0.0769290512917768
0.6,fTS,0.0225557039929415
0.6,fTS,0.0190996999527002
0.6,fTS,0.0215458646225865
0.6,fTS,0.0198220965304415
0.6,fTS,0.0126621790445173
0.6,fTS,0.0549402047585398
0.6,fTS,0.0411150839273945
0.6,fTS,0.0429347444220926
0.6,fTS,0.018585191786741
0.6,fTS,0.0412237365930676
0.6,fTS,0.0329654215595331
0.6,fTS,0.0515021343649166
0.6,fTS,0.0224520326703852
0.6,fTS,0.05272031132582
0.6,fTS,0.0268409166501133
0.6,fTS,0.0364914274087009
0.6,fTS,0.0446849497325745
0.6,fTS,0.0192220009057364
0.6,fTS,0.0115405701759296
0.6,fTS,0.0917496718102722
0.6,fTS,0.0276500108409362
0.6,fTS,0.0550063016141266
0.6,fTS,0.0822992551479851
0.6,fTS,0.0505773563118736
0.6,fTS,0.0132004831362654
0.6,fTS,0.0176761074008738
0.6,fTS,0.0114011080078222
0.6,fTS,0.0316665443176672
0.6,fTS,0.0174484564587979
0.6,fTS,0.0429178469923492
0.6,fTS,0.0305227264125243
0.6,fTS,0.0214690063611018
0.6,fTS,0.0165041343143815
0.6,fTS,0.0277447151360602
0.6,fTS,0.0215235293173557
0.6,fTS,0.0198478499265297
0.6,fTS,0.0238363379601534
0.6,fTS,0.00445075782855354
0.6,fTS,0.177150106924555
0.6,fTS,0.02342248782325
0.6,fTS,0.034846453908232
0.6,fTS,0.0700225341601639
0.6,fTS,0.0243314491273752
0.6,fTS,0.0409977055328297
0.6,fTS,0.0365833392448303
0.6,fTS,0.0217793647953658
0.6,fTS,0.0288600016354158
0.6,fTS,0.055509279571923
0.6,fTS,0.0191313263327216
0.6,fTS,0.0211426889865215
0.6,LS_oracle,0.0302009417221381
0.6,LS_oracle,0.0470926067806047
0.6,LS_oracle,0.0431118045240229
0.6,LS_oracle,0.031739504689077
0.6,LS_oracle,0.0108692232852349
0.6,LS_oracle,0.0441981361523043
0.6,LS_oracle,0.0431375011358349
0.6,LS_oracle,0.0100080352879674
0.6,LS_oracle,0.0503246203445285
0.6,LS_oracle,0.080168532223844
0.6,LS_oracle,0.0210965573266849
0.6,LS_oracle,0.0758750121938251
0.6,LS_oracle,0.0243650495153025
0.6,LS_oracle,0.0512985429665336
0.6,LS_oracle,0.0461710291929991
0.6,LS_oracle,0.0751399545366037
0.6,LS_oracle,0.040014548099342
0.6,LS_oracle,0.031750009652349
0.6,LS_oracle,0.0219845508705249
0.6,LS_oracle,0.0486491498502373
0.6,LS_oracle,0.0700967420624512
0.6,LS_oracle,0.0402489166241778
0.6,LS_oracle,0.0235089072641022
0.6,LS_oracle,0.0470620529561692
0.6,LS_oracle,0.0482318769585964
0.6,LS_oracle,0.0460825505753267
0.6,LS_oracle,0.0488119947679384
0.6,LS_oracle,0.0431274358240684
0.6,LS_oracle,0.0197858386142006
0.6,LS_oracle,0.0322750850008926
0.6,LS_oracle,0.0685760260122439
0.6,LS_oracle,0.0423674901859984
0.6,LS_oracle,0.057712060543465
0.6,LS_oracle,0.0827303407157168
0.6,LS_oracle,0.0418764303958479
0.6,LS_oracle,0.0713639453022244
0.6,LS_oracle,0.0908917042078409
0.6,LS_oracle,0.0291426200319504
0.6,LS_oracle,0.0223690503064289
0.6,LS_oracle,0.0648536115070891
0.6,LS_oracle,0.0171054517539037
0.6,LS_oracle,0.0622516382061947
0.6,LS_oracle,0.0921982830624286
0.6,LS_oracle,0.0239057484596785
0.6,LS_oracle,0.180983316673578
0.6,LS_oracle,0.0146236527214873
0.6,LS_oracle,0.0357265230061015
0.6,LS_oracle,0.0382607271338157
0.6,LS_oracle,0.0107198529547462
0.6,LS_oracle,0.0673506622996208
0.6,LS_oracle,0.0182298834224757
0.6,LS_oracle,0.0672054289647679
0.6,LS_oracle,0.00836271680084425
0.6,LS_oracle,0.0634349835835528
0.6,LS_oracle,0.0270808652573516
0.6,LS_oracle,0.0827220873503536
0.6,LS_oracle,0.0255196453512794
0.6,LS_oracle,0.0372757133074491
0.6,LS_oracle,0.122024458518997
0.6,LS_oracle,0.102050910669064
0.6,LS_oracle,0.0277090501947064
0.6,LS_oracle,0.0445040294137569
0.6,LS_oracle,0.040144116880991
0.6,LS_oracle,0.0467811578363321
0.6,LS_oracle,0.015279551195477
0.6,LS_oracle,0.0388539591723247
0.6,LS_oracle,0.0557058008749584
0.6,LS_oracle,0.037459420298524
0.6,LS_oracle,0.0349697436548595
0.6,LS_oracle,0.0206536682896868
0.6,LS_oracle,0.0371589020535612
0.6,LS_oracle,0.0460367171222443
0.6,LS_oracle,0.0294304789764645
0.6,LS_oracle,0.0986541452538081
0.6,LS_oracle,0.0186990278299081
0.6,LS_oracle,0.0299023695434659
0.6,LS_oracle,0.0828887981846056
0.6,LS_oracle,0.00965180967670456
0.6,LS_oracle,0.0417683195540373
0.6,LS_oracle,0.0427798615515811
0.6,LS_oracle,0.00659961174936729
0.6,LS_oracle,0.0472967744408879
0.6,LS_oracle,0.0438100222193
0.6,LS_oracle,0.0519667925928358
0.6,LS_oracle,0.0503135785373471
0.6,LS_oracle,0.0295352761431438
0.6,LS_oracle,0.0922060534237585
0.6,LS_oracle,0.0472497017089835
0.6,LS_oracle,0.0413269822478266
0.6,LS_oracle,0.0146741376622354
0.6,LS_oracle,0.0591728558687705
0.6,LS_oracle,0.0542437897809791
0.6,LS_oracle,0.0625519719526013
0.6,LS_oracle,0.11746039069668
0.6,LS_oracle,0.0529818835816351
0.6,LS_oracle,0.194226309244163
0.6,LS_oracle,0.0229401808789781
0.6,LS_oracle,0.0464121489255379
0.6,LS_oracle,0.044543343881225
0.6,LS_oracle,0.0586545387240476
0.6,LS_oracle,0.0423258610889992
0.6,LS_oracle,0.0222092243665728
0.6,LS_oracle,0.022587346965202
0.6,LS_oracle,0.0181210916297191
0.6,LS_oracle,0.054030648001855
0.6,LS_oracle,0.00831278392911524
0.6,LS_oracle,0.0461622823103638
0.6,LS_oracle,0.0637102850147149
0.6,LS_oracle,0.0320511196788089
0.6,LS_oracle,0.0735052589681291
0.6,LS_oracle,0.0985823228198415
0.6,LS_oracle,0.0217025008276965
0.6,LS_oracle,0.0146058589978622
0.6,LS_oracle,0.0449017968493638
0.6,LS_oracle,0.166493702309007
0.6,LS_oracle,0.0606553329518765
0.6,LS_oracle,0.0493429390754585
0.6,LS_oracle,0.0299644318194876
0.6,LS_oracle,0.0425007350786074
0.6,LS_oracle,0.0219218343072
0.6,LS_oracle,0.0220161511809703
0.6,LS_oracle,0.0148860823359237
0.6,LS_oracle,0.0683675127068505
0.6,LS_oracle,0.0231385339874305
0.6,LS_oracle,0.0243710844881431
0.6,LS_oracle,0.0526161137828699
0.6,LS_oracle,0.0890602595927915
0.6,LS_oracle,0.034550220125837
0.6,LS_oracle,0.029330770593821
0.6,LS_oracle,0.0747426733973772
0.6,LS_oracle,0.0753267638143547
0.6,LS_oracle,0.0170894968819782
0.6,LS_oracle,0.0603006666194167
0.6,LS_oracle,0.0429269155906751
0.6,LS_oracle,0.0269768222855225
0.6,LS_oracle,0.021439280480728
0.6,LS_oracle,0.0555485607484955
0.6,LS_oracle,0.0593087194253924
0.6,LS_oracle,0.0405427745414257
0.6,LS_oracle,0.0732975099631533
0.6,LS_oracle,0.0795746839452448
0.6,LS_oracle,0.0506352158888541
0.6,LS_oracle,0.0533621103244645
0.6,LS_oracle,0.0267830138697945
0.6,LS_oracle,0.034660734036594
0.6,LS_oracle,0.0436655636818136
0.6,LS_oracle,0.0101734338605822
0.6,LS_oracle,0.0507885076090417
0.6,LS_oracle,0.098850076081065
0.6,LS_oracle,0.0642959295074781
0.6,LS_oracle,0.0421456271644668
0.6,LS_oracle,0.0160550223803908
0.6,LS_oracle,0.0570678529191376
0.6,LS_oracle,0.0442369189454926
0.6,LS_oracle,0.0229243794565
0.6,LS_oracle,0.0451031089282759
0.6,LS_oracle,0.0820094469961157
0.6,LS_oracle,0.024824628828752
0.6,LS_oracle,0.0362833172510206
0.6,LS_oracle,0.0504893412107534
0.6,LS_oracle,0.0422090952469152
0.6,LS_oracle,0.0676535142080027
0.6,LS_oracle,0.0351689687644631
0.6,LS_oracle,0.0754835744072913
0.6,LS_oracle,0.0498762772859139
0.6,LS_oracle,0.10033457677861
0.6,LS_oracle,0.0490063048306086
0.6,LS_oracle,0.048257032471534
0.6,LS_oracle,0.0304560813010784
0.6,LS_oracle,0.05590889089954
0.6,LS_oracle,0.028157174869652
0.6,LS_oracle,0.0498762473435541
0.6,LS_oracle,0.0705362439625136
0.6,LS_oracle,0.0161952697301613
0.6,LS_oracle,0.0224066484042526
0.6,LS_oracle,0.035855361853736
0.6,LS_oracle,0.038620332236772
0.6,LS_oracle,0.0683559850306573
0.6,LS_oracle,0.00952670196470288
0.6,LS_oracle,0.0758334286316042
0.6,LS_oracle,0.0852615150398979
0.6,LS_oracle,0.0211256075775428
0.6,LS_oracle,0.0241287802527159
0.6,LS_oracle,0.0658049071085891
0.6,LS_oracle,0.0287051857903612
0.6,LS_oracle,0.0769748061306214
0.6,LS_oracle,0.0482493989395944
0.6,LS_oracle,0.00972409014688969
0.6,LS_oracle,0.103386130314457
0.6,LS_oracle,0.0862244603273064
0.6,LS_oracle,0.104181359595814
0.6,LS_oracle,0.0842234778620189
0.6,LS_oracle,0.0682444134457789
0.6,LS_oracle,0.0777953012392939
0.6,LS_oracle,0.0500185376081854
0.6,LS_oracle,0.0256388304415948
0.6,LS_oracle,0.0312836679589965
0.6,LS_oracle,0.0620498239885472
0.6,LS_oracle,0.038677447814552
0.6,LS_oracle,0.0553585634376709
0.6,TS_oracle,0.0382457261267902
0.6,TS_oracle,0.0299888679968893
0.6,TS_oracle,0.021296159148691
0.6,TS_oracle,0.0241678012827901
0.6,TS_oracle,0.0184987731499007
0.6,TS_oracle,0.0234476583031429
0.6,TS_oracle,0.0132910203692563
0.6,TS_oracle,0.020369599408249
0.6,TS_oracle,0.0194212771539874
0.6,TS_oracle,0.0207263316750674
0.6,TS_oracle,0.0241692227575336
0.6,TS_oracle,0.0290437740500865
0.6,TS_oracle,0.0141025371059917
0.6,TS_oracle,0.0682014883360325
0.6,TS_oracle,0.0468401847755953
0.6,TS_oracle,0.0278530693741159
0.6,TS_oracle,0.0319739250383085
0.6,TS_oracle,0.0161744328615306
0.6,TS_oracle,0.0106872938954412
0.6,TS_oracle,0.0263219777953668
0.6,TS_oracle,0.0259473428919015
0.6,TS_oracle,0.0173388789441517
0.6,TS_oracle,0.0160426913794751
0.6,TS_oracle,0.0251642282012635
0.6,TS_oracle,0.0181342694503863
0.6,TS_oracle,0.0302668496152937
0.6,TS_oracle,0.00819226233509634
0.6,TS_oracle,0.0313621034142655
0.6,TS_oracle,0.0258177630662974
0.6,TS_oracle,0.0430161042867577
0.6,TS_oracle,0.0422817737305879
0.6,TS_oracle,0.0126192495500641
0.6,TS_oracle,0.0198836267155434
0.6,TS_oracle,0.0207626087598702
0.6,TS_oracle,0.0266420138886649
0.6,TS_oracle,0.0449558450041774
0.6,TS_oracle,0.10631366128001
0.6,TS_oracle,0.0203254546248104
0.6,TS_oracle,0.0146006935773718
0.6,TS_oracle,0.0239543251623033
0.6,TS_oracle,0.0124119954154113
0.6,TS_oracle,0.0164450754114572
0.6,TS_oracle,0.0636840063416226
0.6,TS_oracle,0.0282253861288825
0.6,TS_oracle,0.0702642475996118
0.6,TS_oracle,0.0103152979717563
0.6,TS_oracle,0.0440633107157738
0.6,TS_oracle,0.019704633132355
0.6,TS_oracle,0.00426043833988973
0.6,TS_oracle,0.0382127873151472
0.6,TS_oracle,0.0102733985120218
0.6,TS_oracle,0.0205834753935859
0.6,TS_oracle,0.0245704515639138
0.6,TS_oracle,0.0189698685847563
0.6,TS_oracle,0.0118463709173303
0.6,TS_oracle,0.0532012297934994
0.6,TS_oracle,0.0199836217029858
0.6,TS_oracle,0.00896053878314118
0.6,TS_oracle,0.0452493080846276
0.6,TS_oracle,0.0514358701285789
0.6,TS_oracle,0.00977936462011172
0.6,TS_oracle,0.0165518958847881
0.6,TS_oracle,0.0195202902123454
0.6,TS_oracle,0.0160413299753041
0.6,TS_oracle,0.00616780687669325
0.6,TS_oracle,0.0257801866454697
0.6,TS_oracle,0.0297110902956755
0.6,TS_oracle,0.0350671254936918
0.6,TS_oracle,0.00101321135675596
0.6,TS_oracle,0.00981507010037315
0.6,TS_oracle,0.0148560368389427
0.6,TS_oracle,0.0185843963229126
0.6,TS_oracle,0.0197800242824828
0.6,TS_oracle,0.0722078357045814
0.6,TS_oracle,0.024632181030226
0.6,TS_oracle,0.0147733653535838
0.6,TS_oracle,0.0559557053298118
0.6,TS_oracle,0.00277909479311376
0.6,TS_oracle,0.0421784374559971
0.6,TS_oracle,0.0143134369454336
0.6,TS_oracle,0.011447955768615
0.6,TS_oracle,0.0540134367966405
0.6,TS_oracle,0.0205920146297818
0.6,TS_oracle,0.0231175198280642
0.6,TS_oracle,0.0391686227692499
0.6,TS_oracle,0.0211793821866767
0.6,TS_oracle,0.069608647581857
0.6,TS_oracle,0.0249340857377195
0.6,TS_oracle,0.0270541759193276
0.6,TS_oracle,0.0239499794457566
0.6,TS_oracle,0.0158138024032709
0.6,TS_oracle,0.0567580205935557
0.6,TS_oracle,0.011065282573562
0.6,TS_oracle,0.0817882136427048
0.6,TS_oracle,0.0139279761358312
0.6,TS_oracle,0.159773382664555
0.6,TS_oracle,0.0165859252819639
0.6,TS_oracle,0.0506141423242583
0.6,TS_oracle,0.0309456891671311
0.6,TS_oracle,0.0363427528924025
0.6,TS_oracle,0.0375158565703806
0.6,TS_oracle,0.0341363716939222
0.6,TS_oracle,0.0224544937911381
0.6,TS_oracle,0.0132853060705085
0.6,TS_oracle,0.0187204124223475
0.6,TS_oracle,0.00735057692165033
0.6,TS_oracle,0.028243918069659
0.6,TS_oracle,0.0220227869223504
0.6,TS_oracle,0.0524566118346854
0.6,TS_oracle,0.0596736606695839
0.6,TS_oracle,0.0438361021090098
0.6,TS_oracle,0.0425463127273399
0.6,TS_oracle,0.00707310387527359
0.6,TS_oracle,0.0155781307799294
0.6,TS_oracle,0.125265080462663
0.6,TS_oracle,0.0695936257987867
0.6,TS_oracle,0.0432177031136884
0.6,TS_oracle,0.0303573371648457
0.6,TS_oracle,0.0191841081970543
0.6,TS_oracle,0.0167802384931059
0.6,TS_oracle,0.0391787850786828
0.6,TS_oracle,0.0177727178004362
0.6,TS_oracle,0.0832346083494032
0.6,TS_oracle,0.00859361331707951
0.6,TS_oracle,0.0279720837118961
0.6,TS_oracle,0.0377775865064022
0.6,TS_oracle,0.0507395107201073
0.6,TS_oracle,0.0214851220423143
0.6,TS_oracle,0.018709082535871
0.6,TS_oracle,0.0574807113165081
0.6,TS_oracle,0.0310609343006892
0.6,TS_oracle,0.0189501076298438
0.6,TS_oracle,0.0256904216960481
0.6,TS_oracle,0.0101226324080829
0.6,TS_oracle,0.0305293664367783
0.6,TS_oracle,0.0195259626447924
0.6,TS_oracle,0.0322385962155401
0.6,TS_oracle,0.0361115701129459
0.6,TS_oracle,0.0173305847495325
0.6,TS_oracle,0.0133530064823509
0.6,TS_oracle,0.0279076272890436
0.6,TS_oracle,0.0352458755452407
0.6,TS_oracle,0.0494576214062781
0.6,TS_oracle,0.0166450284064758
0.6,TS_oracle,0.0169328470022953
0.6,TS_oracle,0.0107562193240873
0.6,TS_oracle,0.0058685257611537
0.6,TS_oracle,0.0105924959263421
0.6,TS_oracle,0.0514692247413544
0.6,TS_oracle,0.0595162628624119
0.6,TS_oracle,0.0199713133207754
0.6,TS_oracle,0.00898890333363543
0.6,TS_oracle,0.0175568638872351
0.6,TS_oracle,0.0224180340306201
0.6,TS_oracle,0.0110467457485046
0.6,TS_oracle,0.0515199207317585
0.6,TS_oracle,0.0397032869203779
0.6,TS_oracle,0.0136474199829484
0.6,TS_oracle,0.0211827041436288
0.6,TS_oracle,0.0348842610098697
0.6,TS_oracle,0.0309492197147355
0.6,TS_oracle,0.0389214589054772
0.6,TS_oracle,0.0175924593106858
0.6,TS_oracle,0.0515312127013716
0.6,TS_oracle,0.0231519699409605
0.6,TS_oracle,0.0175703326979649
0.6,TS_oracle,0.0389574175873772
0.6,TS_oracle,0.0199601618142663
0.6,TS_oracle,0.0140889992052941
0.6,TS_oracle,0.0863236167026747
0.6,TS_oracle,0.0284445201753382
0.6,TS_oracle,0.0519590571132948
0.6,TS_oracle,0.0767894784145406
0.6,TS_oracle,0.01229814414947
0.6,TS_oracle,0.0120744996530616
0.6,TS_oracle,0.0129494379101324
0.6,TS_oracle,0.00979206181165769
0.6,TS_oracle,0.0276498038792764
0.6,TS_oracle,0.01437721484293
0.6,TS_oracle,0.0489607576760488
0.6,TS_oracle,0.0322019144612198
0.6,TS_oracle,0.0164459805198809
0.6,TS_oracle,0.0131761623479196
0.6,TS_oracle,0.0261391130513634
0.6,TS_oracle,0.0126780043956143
0.6,TS_oracle,0.0250104371288671
0.6,TS_oracle,0.0214513679789671
0.6,TS_oracle,0.00410850966095292
0.6,TS_oracle,0.0698456718498327
0.6,TS_oracle,0.0220336257880847
0.6,TS_oracle,0.0375937955280217
0.6,TS_oracle,0.0557451548028033
0.6,TS_oracle,0.0346695583118464
0.6,TS_oracle,0.046214795832592
0.6,TS_oracle,0.0369440557938787
0.6,TS_oracle,0.0211352155198052
0.6,TS_oracle,0.0217989873975374
0.6,TS_oracle,0.0564522816230524
0.6,TS_oracle,0.0197212110275591
0.6,TS_oracle,0.0309485668686859
0.7,PLS,0.0557540951001388
0.7,PLS,0.0304348498703863
0.7,PLS,0.087804720930175
0.7,PLS,0.0685235029622276
0.7,PLS,0.0455299797645566
0.7,PLS,0.029927158411319
0.7,PLS,0.0404830401422766
0.7,PLS,0.038925781588037
0.7,PLS,0.026869942220316
0.7,PLS,0.0660709054638009
0.7,PLS,0.112157785163061
0.7,PLS,0.0319019096167137
0.7,PLS,0.0434872153056561
0.7,PLS,0.0780422002115599
0.7,PLS,0.0119578185444607
0.7,PLS,0.0448136311959124
0.7,PLS,0.0290831185443468
0.7,PLS,0.0735658865973964
0.7,PLS,0.00658866335776943
0.7,PLS,0.0605403387009088
0.7,PLS,0.0547629361800053
0.7,PLS,0.0546303509736596
0.7,PLS,0.0369017827059364
0.7,PLS,0.0495288481433126
0.7,PLS,0.0257417150519816
0.7,PLS,0.0761889403976291
0.7,PLS,0.0300280530358951
0.7,PLS,0.0568231191748474
0.7,PLS,0.0201663696151744
0.7,PLS,0.0599182579983355
0.7,PLS,0.0760645393044387
0.7,PLS,0.113420895864235
0.7,PLS,0.0874956665319886
0.7,PLS,0.031094373516817
0.7,PLS,0.0377765117820176
0.7,PLS,0.0448046319768865
0.7,PLS,0.0518004189188397
0.7,PLS,0.116856786834316
0.7,PLS,0.0397723711087718
0.7,PLS,0.0292901468232534
0.7,PLS,0.021022509346878
0.7,PLS,0.143945351799166
0.7,PLS,0.043768429211727
0.7,PLS,0.0636323630023643
0.7,PLS,0.0520656936788663
0.7,PLS,0.06223881419014
0.7,PLS,0.0720975866542084
0.7,PLS,0.0347542031239815
0.7,PLS,0.0473164113545925
0.7,PLS,0.054888796267168
0.7,PLS,0.055764272276905
0.7,PLS,0.0908080838281096
0.7,PLS,0.0579191523937429
0.7,PLS,0.0488285330162988
0.7,PLS,0.026851824074389
0.7,PLS,0.0356131061046974
0.7,PLS,0.0486215163117881
0.7,PLS,0.0158785707313947
0.7,PLS,0.0710617644663529
0.7,PLS,0.0300836622780135
0.7,PLS,0.0653662559209591
0.7,PLS,0.0336217051078096
0.7,PLS,0.0515846040648035
0.7,PLS,0.0298651724732726
0.7,PLS,0.0172745208197402
0.7,PLS,0.11857844329452
0.7,PLS,0.17580860944538
0.7,PLS,0.0332748873041512
0.7,PLS,0.031319002617534
0.7,PLS,0.0598900657358761
0.7,PLS,0.0533392851760072
0.7,PLS,0.0675560657973339
0.7,PLS,0.0176413588492974
0.7,PLS,0.0399491167542046
0.7,PLS,0.123070606542394
0.7,PLS,0.0342070663006622
0.7,PLS,0.116055483116464
0.7,PLS,0.0580328265383497
0.7,PLS,0.0271566783095442
0.7,PLS,0.0244012499834112
0.7,PLS,0.0459341585044654
0.7,PLS,0.028455033831316
0.7,PLS,0.0422665024090749
0.7,PLS,0.0424788242362028
0.7,PLS,0.0557476289416283
0.7,PLS,0.0225037423107071
0.7,PLS,0.115401992589262
0.7,PLS,0.0151714443341348
0.7,PLS,0.0560849868039877
0.7,PLS,0.0409954898476197
0.7,PLS,0.0666669020488008
0.7,PLS,0.109706294584696
0.7,PLS,0.0564459547488981
0.7,PLS,0.0221385926644515
0.7,PLS,0.0526692768534355
0.7,PLS,0.0201604779839903
0.7,PLS,0.0417925567343144
0.7,PLS,0.0274702680963102
0.7,PLS,0.0358111716620697
0.7,PLS,0.0863902367048379
0.7,PLS,0.042431991127629
0.7,PLS,0.0397088664604874
0.7,PLS,0.0519076942677275
0.7,PLS,0.0471957023529275
0.7,PLS,0.0732681217669724
0.7,PLS,0.0379962767113905
0.7,PLS,0.0905305840515695
0.7,PLS,0.0524119520162275
0.7,PLS,0.0486452693463076
0.7,PLS,0.0841919172916137
0.7,PLS,0.0476773986972281
0.7,PLS,0.0268099137563017
0.7,PLS,0.0684358509668954
0.7,PLS,0.0908877641216643
0.7,PLS,0.0544266742480418
0.7,PLS,0.0384041257401444
0.7,PLS,0.0335024662397588
0.7,PLS,0.109595143973057
0.7,PLS,0.035777742646073
0.7,PLS,0.0821031249021349
0.7,PLS,0.0785695699083836
0.7,PLS,0.0888474227307308
0.7,PLS,0.0336027032866373
0.7,PLS,0.0243455286472694
0.7,PLS,0.0416827662107644
0.7,PLS,0.171565552478357
0.7,PLS,0.0334639451062474
0.7,PLS,0.0400265552874251
0.7,PLS,0.0877366910218108
0.7,PLS,0.0443560419450546
0.7,PLS,0.0219514148269265
0.7,PLS,0.090123578110313
0.7,PLS,0.0294568806553324
0.7,PLS,0.0338934440787094
0.7,PLS,0.0337227026964296
0.7,PLS,0.00411474797231977
0.7,PLS,0.0419432682419637
0.7,PLS,0.0528956188175019
0.7,PLS,0.0668651830980709
0.7,PLS,0.0736165779076004
0.7,PLS,0.0261605372972834
0.7,PLS,0.00255355109471914
0.7,PLS,0.0630055032242216
0.7,PLS,0.0556459863659109
0.7,PLS,0.114211837923812
0.7,PLS,0.0459087145237042
0.7,PLS,0.0237791152156198
0.7,PLS,0.0154863040768939
0.7,PLS,0.0458017720182652
0.7,PLS,0.0919739847910658
0.7,PLS,0.0247383615136163
0.7,PLS,0.0100649108647768
0.7,PLS,0.0425383701699307
0.7,PLS,0.068813588824365
0.7,PLS,0.0309222877047666
0.7,PLS,0.103192716554982
0.7,PLS,0.0375046512375974
0.7,PLS,0.0539090867666569
0.7,PLS,0.0377424027027103
0.7,PLS,0.0164522570344962
0.7,PLS,0.0485789892795484
0.7,PLS,0.00865957013955146
0.7,PLS,0.0398051584491781
0.7,PLS,0.110534209031556
0.7,PLS,0.0625801757607018
0.7,PLS,0.0469910401395009
0.7,PLS,0.130782113853442
0.7,PLS,0.0510563590064203
0.7,PLS,0.0138114462811924
0.7,PLS,0.0318622982660388
0.7,PLS,0.0447085539033699
0.7,PLS,0.0665273029401737
0.7,PLS,0.0293798173489977
0.7,PLS,0.101899864658038
0.7,PLS,0.116805852623272
0.7,PLS,0.0906438429438551
0.7,PLS,0.0240500951505499
0.7,PLS,0.0542209646136199
0.7,PLS,0.108861428116197
0.7,PLS,0.0349687574238086
0.7,PLS,0.0427668701377329
0.7,PLS,0.054631711764687
0.7,PLS,0.0471078373001223
0.7,PLS,0.0634675803517648
0.7,PLS,0.0623673713173265
0.7,PLS,0.0838411929210349
0.7,PLS,0.0391334681844576
0.7,PLS,0.0345110480388237
0.7,PLS,0.0380484823371495
0.7,PLS,0.0286092980661466
0.7,PLS,0.0395496096411321
0.7,PLS,0.0326951303196193
0.7,PLS,0.0488410671938312
0.7,PLS,0.0598063867944718
0.7,PLS,0.0276108363938434
0.7,PLS,0.0978109180386709
0.7,PLS,0.0771705252406947
0.7,PLS,0.0392783772078259
0.7,PLS,0.0461022569204375
0.7,PLS,0.0278747799420095
0.7,fTS,0.0265711406463641
0.7,fTS,0.019285864785863
0.7,fTS,0.0224113141983442
0.7,fTS,0.0680259054594209
0.7,fTS,0.00970677627122542
0.7,fTS,0.0245687720215214
0.7,fTS,0.0305004071012632
0.7,fTS,0.025000342484018
0.7,fTS,0.0218048063530337
0.7,fTS,0.0208510349798455
0.7,fTS,0.0447362634531254
0.7,fTS,0.0247428470829042
0.7,fTS,0.0193892811411207
0.7,fTS,0.0540144001185358
0.7,fTS,0.00614358863704246
0.7,fTS,0.0319885793592875
0.7,fTS,0.0049751727085926
0.7,fTS,0.0216620396326067
0.7,fTS,0.0213422436005914
0.7,fTS,0.0668797462646279
0.7,fTS,0.0519184551063126
0.7,fTS,0.0328327665445492
0.7,fTS,0.0215081789128706
0.7,fTS,0.0401865531827685
0.7,fTS,0.0133289461601827
0.7,fTS,0.0370623250506201
0.7,fTS,0.0224525485697938
0.7,fTS,0.0200567303756104
0.7,fTS,0.0244899212758451
0.7,fTS,0.0649904440825489
0.7,fTS,0.0510471005743691
0.7,fTS,0.0267875224560061
0.7,fTS,0.0412861671527603
0.7,fTS,0.032522572065145
0.7,fTS,0.00902283836570313
0.7,fTS,0.0160379133492978
0.7,fTS,0.0364116305825232
0.7,fTS,0.0450023746014886
0.7,fTS,0.0121855346121253
0.7,fTS,0.0176025313781686
0.7,fTS,0.0316778339287749
0.7,fTS,0.0354863072534587
0.7,fTS,0.014712625100943
0.7,fTS,0.0177004356254199
0.7,fTS,0.0208461100678222
0.7,fTS,0.0366480838724738
0.7,fTS,0.020923855339198
0.7,fTS,0.0305726294449035
0.7,fTS,0.0322622577189125
0.7,fTS,0.0251571105686993
0.7,fTS,0.045194594741968
0.7,fTS,0.0793476133656798
0.7,fTS,0.0381122930743566
0.7,fTS,0.0201393539096028
0.7,fTS,0.0199973204201009
0.7,fTS,0.0175411722475659
0.7,fTS,0.0156893321953633
0.7,fTS,0.0183957558837067
0.7,fTS,0.094869353024372
0.7,fTS,0.0254860426638906
0.7,fTS,0.031273833926502
0.7,fTS,0.0133447291574044
0.7,fTS,0.0139298197044334
0.7,fTS,0.0151970592874655
0.7,fTS,0.0171063478744992
0.7,fTS,0.0678764998469015
0.7,fTS,0.0627526038041082
0.7,fTS,0.0202872074689969
0.7,fTS,0.0138577323570074
0.7,fTS,0.0442028374157123
0.7,fTS,0.0150939560124249
0.7,fTS,0.0573878924084601
0.7,fTS,0.0141972111331439
0.7,fTS,0.00678809816718128
0.7,fTS,0.0240524273994046
0.7,fTS,0.017034730409178
0.7,fTS,0.0893996894715191
0.7,fTS,0.0364359035370035
0.7,fTS,0.00975047585119345
0.7,fTS,0.0328818059312002
0.7,fTS,0.0198757889509548
0.7,fTS,0.00915362445471626
0.7,fTS,0.0132164962715513
0.7,fTS,0.0186145385381851
0.7,fTS,0.0376109453919816
0.7,fTS,0.079791822117311
0.7,fTS,0.0437280196445227
0.7,fTS,0.0174793907473935
0.7,fTS,0.00763248768963219
0.7,fTS,0.025552414059076
0.7,fTS,0.0179721692162731
0.7,fTS,0.0409456249574562
0.7,fTS,0.0302781550147693
0.7,fTS,0.0158467077353291
0.7,fTS,0.0313060131411621
0.7,fTS,0.0124454877214373
0.7,fTS,0.0152158949804568
0.7,fTS,0.0346747211757768
0.7,fTS,0.0370773890066748
0.7,fTS,0.019317205928039
0.7,fTS,0.0327513236280944
0.7,fTS,0.0144292408207525
0.7,fTS,0.0205615392211098
0.7,fTS,0.0550923192166912
0.7,fTS,0.0252115266816239
0.7,fTS,0.0259531176945122
0.7,fTS,0.0857174822214496
0.7,fTS,0.0360374718643791
0.7,fTS,0.00535382897116898
0.7,fTS,0.02767263301596
0.7,fTS,0.0111395159464597
0.7,fTS,0.0180365862008771
0.7,fTS,0.0304584234849434
0.7,fTS,0.0284979657418313
0.7,fTS,0.0171942121480814
0.7,fTS,0.0329524429000885
0.7,fTS,0.0258203853105394
0.7,fTS,0.0186296174887687
0.7,fTS,0.0344671434671832
0.7,fTS,0.0419774682643807
0.7,fTS,0.0755069227431379
0.7,fTS,0.024274265830844
0.7,fTS,0.0386457580855179
0.7,fTS,0.0256115967263313
0.7,fTS,0.0124646211109977
0.7,fTS,0.100370903741144
0.7,fTS,0.00669696861847782
0.7,fTS,0.0331567737250377
0.7,fTS,0.0690878001608985
0.7,fTS,0.0356817826395229
0.7,fTS,0.0208167158709385
0.7,fTS,0.0347446644907106
0.7,fTS,0.0204736677061841
0.7,fTS,0.0175216671403811
0.7,fTS,0.0292725916210099
0.7,fTS,0.0140325726766737
0.7,fTS,0.0227243859022851
0.7,fTS,0.0165699999806379
0.7,fTS,0.0137562976872501
0.7,fTS,0.0186245807209121
0.7,fTS,0.00668991698193309
0.7,fTS,0.0114571279421672
0.7,fTS,0.0140816702519356
0.7,fTS,0.00977101667842966
0.7,fTS,0.0485610293334519
0.7,fTS,0.0177051548933689
0.7,fTS,0.0252007636208116
0.7,fTS,0.010340337302441
0.7,fTS,0.00267296706139105
0.7,fTS,0.0573957458093982
0.7,fTS,0.00940384987620904
0.7,fTS,0.0150746209744342
0.7,fTS,0.0369599582033576
0.7,fTS,0.032625854719798
0.7,fTS,0.0311520542826632
0.7,fTS,0.0358949768167933
0.7,fTS,0.0109932086875156
0.7,fTS,0.0117954667479008
0.7,fTS,0.0255429150207256
0.7,fTS,0.0722224408601969
0.7,fTS,0.035449684259238
0.7,fTS,0.00883685414277744
0.7,fTS,0.0206952166959492
0.7,fTS,0.0485798222674002
0.7,fTS,0.0149533181449629
0.7,fTS,0.0347904209304709
0.7,fTS,0.0440050520754255
0.7,fTS,0.0424305832358632
0.7,fTS,0.0449801788514526
0.7,fTS,0.0231284978553495
0.7,fTS,0.0230290496369732
0.7,fTS,0.0362038828383544
0.7,fTS,0.0164105663965146
0.7,fTS,0.0603493228282856
0.7,fTS,0.0453400347850012
0.7,fTS,0.00713609565599594
0.7,fTS,0.0270931830721013
0.7,fTS,0.0232626132522496
0.7,fTS,0.0426547962874349
0.7,fTS,0.0341476647998558
0.7,fTS,0.00822235520348423
0.7,fTS,0.0322280137760982
0.7,fTS,0.0349310435617139
0.7,fTS,0.0277072204902916
0.7,fTS,0.0373353903360643
0.7,fTS,0.0107335010166999
0.7,fTS,0.0136781428245655
0.7,fTS,0.0111369268349114
0.7,fTS,0.0259050981558058
0.7,fTS,0.0252312256047042
0.7,fTS,0.0232281423365292
0.7,fTS,0.0355440477653472
0.7,fTS,0.0110075674238194
0.7,fTS,0.00689088759068647
0.7,fTS,0.0172876371217323
0.7,fTS,0.0415670672252229
0.7,fTS,0.0170285359342543
0.7,fTS,0.0392056112751157
0.7,fTS,0.0120587555780018
0.7,fTS,0.00759156087568077
0.7,LS_oracle,0.0625843950808995
0.7,LS_oracle,0.0226869724712
0.7,LS_oracle,0.114376391102738
0.7,LS_oracle,0.0642109488708028
0.7,LS_oracle,0.0153702769915619
0.7,LS_oracle,0.0367886481509968
0.7,LS_oracle,0.0326833402375571
0.7,LS_oracle,0.0360907863798632
0.7,LS_oracle,0.0284871797427978
0.7,LS_oracle,0.0409559288441077
0.7,LS_oracle,0.0711393950548994
0.7,LS_oracle,0.0296566361670348
0.7,LS_oracle,0.0589456388157612
0.7,LS_oracle,0.0623804816525222
0.7,LS_oracle,0.0136346151966844
0.7,LS_oracle,0.0404343501524176
0.7,LS_oracle,0.0319129926395875
0.7,LS_oracle,0.0483097504452008
0.7,LS_oracle,0.00779391410037298
0.7,LS_oracle,0.0633554882064817
0.7,LS_oracle,0.0801234761756983
0.7,LS_oracle,0.0321499033690954
0.7,LS_oracle,0.0333688338498473
0.7,LS_oracle,0.0423230778068907
0.7,LS_oracle,0.0196415592378463
0.7,LS_oracle,0.0758230098776194
0.7,LS_oracle,0.0304035934719071
0.7,LS_oracle,0.0109393628022608
0.7,LS_oracle,0.0269861629926691
0.7,LS_oracle,0.0411559075630858
0.7,LS_oracle,0.0545360968862857
0.7,LS_oracle,0.0437004872777949
0.7,LS_oracle,0.0944827969472723
0.7,LS_oracle,0.0283112272708362
0.7,LS_oracle,0.0217337908065752
0.7,LS_oracle,0.0322101045089434
0.7,LS_oracle,0.0680287788118795
0.7,LS_oracle,0.087599662658248
0.7,LS_oracle,0.0455293170453673
0.7,LS_oracle,0.0249849793067747
0.7,LS_oracle,0.0170696889181146
0.7,LS_oracle,0.130377714560841
0.7,LS_oracle,0.0375334716148143
0.7,LS_oracle,0.0461932631326831
0.7,LS_oracle,0.0446964480025022
0.7,LS_oracle,0.0600477200284057
0.7,LS_oracle,0.0761742164573447
0.7,LS_oracle,0.0450887071080601
0.7,LS_oracle,0.0315558779387381
0.7,LS_oracle,0.0425114420904197
0.7,LS_oracle,0.0877681503634982
0.7,LS_oracle,0.0833175333117116
0.7,LS_oracle,0.0358244802697575
0.7,LS_oracle,0.0402679449139395
0.7,LS_oracle,0.0164651632926709
0.7,LS_oracle,0.0331705711199657
0.7,LS_oracle,0.0222425381136279
0.7,LS_oracle,0.0134780445060607
0.7,LS_oracle,0.0694587122294579
0.7,LS_oracle,0.0178352088267803
0.7,LS_oracle,0.0658914990352764
0.7,LS_oracle,0.0257122398778416
0.7,LS_oracle,0.051282217195709
0.7,LS_oracle,0.0274969361513111
0.7,LS_oracle,0.0216629180811176
0.7,LS_oracle,0.0950205535776948
0.7,LS_oracle,0.121997877815044
0.7,LS_oracle,0.0266387111270662
0.7,LS_oracle,0.0185876118119571
0.7,LS_oracle,0.0550662143018212
0.7,LS_oracle,0.0408265528897949
0.7,LS_oracle,0.067138338427036
0.7,LS_oracle,0.0194092929567432
0.7,LS_oracle,0.0355993557028335
0.7,LS_oracle,0.0473981072763482
0.7,LS_oracle,0.0231456698954238
0.7,LS_oracle,0.0822076553867616
0.7,LS_oracle,0.0522527431377162
0.7,LS_oracle,0.0665289483806071
0.7,LS_oracle,0.022816049803435
0.7,LS_oracle,0.0524344478600719
0.7,LS_oracle,0.0269070863727311
0.7,LS_oracle,0.0488698131613789
0.7,LS_oracle,0.0210655075833904
0.7,LS_oracle,0.0484656457214885
0.7,LS_oracle,0.0210191562631474
0.7,LS_oracle,0.0520849946353811
0.7,LS_oracle,0.0231562311477598
0.7,LS_oracle,0.0490586391033567
0.7,LS_oracle,0.0679679397197148
0.7,LS_oracle,0.0665361021175414
0.7,LS_oracle,0.105470300787282
0.7,LS_oracle,0.0668208293445211
0.7,LS_oracle,0.0194152613105321
0.7,LS_oracle,0.0148465622748721
0.7,LS_oracle,0.0197139109703248
0.7,LS_oracle,0.0229469655341402
0.7,LS_oracle,0.0252596433766352
0.7,LS_oracle,0.0517211634728538
0.7,LS_oracle,0.0255118325320752
0.7,LS_oracle,0.0274350089918913
0.7,LS_oracle,0.039841934831565
0.7,LS_oracle,0.0283089538007228
0.7,LS_oracle,0.0468122959610779
0.7,LS_oracle,0.0920210600607795
0.7,LS_oracle,0.0362146423372814
0.7,LS_oracle,0.118346534064225
0.7,LS_oracle,0.0231162132599056
0.7,LS_oracle,0.0481554722463136
0.7,LS_oracle,0.0792560809229203
0.7,LS_oracle,0.0477301556121317
0.7,LS_oracle,0.0278984433283392
0.7,LS_oracle,0.0559380423133168
0.7,LS_oracle,0.101720022642398
0.7,LS_oracle,0.0519855414362081
0.7,LS_oracle,0.0388625505476735
0.7,LS_oracle,0.0299134221022412
0.7,LS_oracle,0.0787784362620006
0.7,LS_oracle,0.0333239626059052
0.7,LS_oracle,0.064180567088732
0.7,LS_oracle,0.0648657291688065
0.7,LS_oracle,0.0833603859719099
0.7,LS_oracle,0.0313156806503437
0.7,LS_oracle,0.0241150300651627
0.7,LS_oracle,0.0526472207354924
0.7,LS_oracle,0.192720657585139
0.7,LS_oracle,0.0322958600585656
0.7,LS_oracle,0.0382454681624535
0.7,LS_oracle,0.0786716693259099
0.7,LS_oracle,0.0227056897136162
0.7,LS_oracle,0.0214395077680658
0.7,LS_oracle,0.0767698588308199
0.7,LS_oracle,0.0289234899755289
0.7,LS_oracle,0.03331984323779
0.7,LS_oracle,0.0326713661228129
0.7,LS_oracle,0.00882830963612651
0.7,LS_oracle,0.0497964332881644
0.7,LS_oracle,0.0168300591296627
0.7,LS_oracle,0.0580853244040412
0.7,LS_oracle,0.0538186550888319
0.7,LS_oracle,0.0214245685538692
0.7,LS_oracle,0.00291535553905004
0.7,LS_oracle,0.0438719305560938
0.7,LS_oracle,0.0716279971724847
0.7,LS_oracle,0.117113662618049
0.7,LS_oracle,0.0464974329001263
0.7,LS_oracle,0.0269504974720997
0.7,LS_oracle,0.0163007866624637
0.7,LS_oracle,0.0415925706510445
0.7,LS_oracle,0.0915456623125597
0.7,LS_oracle,0.0239806866904982
0.7,LS_oracle,0.00929944469731338
0.7,LS_oracle,0.0450214976214464
0.7,LS_oracle,0.0632505767750632
0.7,LS_oracle,0.0296459027734608
0.7,LS_oracle,0.0920688088026588
0.7,LS_oracle,0.037423921267612
0.7,LS_oracle,0.0586427345790422
0.7,LS_oracle,0.0380493393059742
0.7,LS_oracle,0.0166812968158372
0.7,LS_oracle,0.0463590926199191
0.7,LS_oracle,0.00929821328129258
0.7,LS_oracle,0.0533283484338866
0.7,LS_oracle,0.0788680737611297
0.7,LS_oracle,0.0529369201399885
0.7,LS_oracle,0.0269737586519459
0.7,LS_oracle,0.0928741650782783
0.7,LS_oracle,0.0581582326102202
0.7,LS_oracle,0.014800499066441
0.7,LS_oracle,0.0132388008959672
0.7,LS_oracle,0.0359569723647342
0.7,LS_oracle,0.0631340722972596
0.7,LS_oracle,0.0294243889785502
0.7,LS_oracle,0.0710042500012126
0.7,LS_oracle,0.0657766170976961
0.7,LS_oracle,0.0411508401561102
0.7,LS_oracle,0.0250355284211216
0.7,LS_oracle,0.0505637767272386
0.7,LS_oracle,0.174389210787209
0.7,LS_oracle,0.0257030558486492
0.7,LS_oracle,0.0286448201278544
0.7,LS_oracle,0.0410517757297504
0.7,LS_oracle,0.0501738396216257
0.7,LS_oracle,0.0908566133953193
0.7,LS_oracle,0.061577780528917
0.7,LS_oracle,0.0812261095988454
0.7,LS_oracle,0.0414156222654724
0.7,LS_oracle,0.0389871093984002
0.7,LS_oracle,0.0174362953099681
0.7,LS_oracle,0.0310772405072076
0.7,LS_oracle,0.0369044841376743
0.7,LS_oracle,0.04025341872376
0.7,LS_oracle,0.0544321573901763
0.7,LS_oracle,0.0390392286845857
0.7,LS_oracle,0.0604616920590676
0.7,LS_oracle,0.0919360156671011
0.7,LS_oracle,0.0721900634266647
0.7,LS_oracle,0.03650291456778
0.7,LS_oracle,0.0487362399233056
0.7,LS_oracle,0.013306825647187
0.7,TS_oracle,0.0266251808556411
0.7,TS_oracle,0.00709128170951392
0.7,TS_oracle,0.0240940537304057
0.7,TS_oracle,0.0566659377006746
0.7,TS_oracle,0.00784101872230199
0.7,TS_oracle,0.0267839290382377
0.7,TS_oracle,0.0285994015598972
0.7,TS_oracle,0.0229279912202581
0.7,TS_oracle,0.0239561641330594
0.7,TS_oracle,0.0139182980659347
0.7,TS_oracle,0.0328656467262017
0.7,TS_oracle,0.0230321244718739
0.7,TS_oracle,0.0254065813904648
0.7,TS_oracle,0.0534481591634388
0.7,TS_oracle,0.00658983020492378
0.7,TS_oracle,0.0275993043388188
0.7,TS_oracle,0.00519550773395047
0.7,TS_oracle,0.0204189535635525
0.7,TS_oracle,0.0217134729535727
0.7,TS_oracle,0.067234996642972
0.7,TS_oracle,0.0470822300843962
0.7,TS_oracle,0.0259326405493603
0.7,TS_oracle,0.0210917845142264
0.7,TS_oracle,0.0320512288012391
0.7,TS_oracle,0.00737515635665528
0.7,TS_oracle,0.0388325564812542
0.7,TS_oracle,0.0229826180016347
0.7,TS_oracle,0.0173169566166752
0.7,TS_oracle,0.0245907245831918
0.7,TS_oracle,0.0329107598072851
0.7,TS_oracle,0.0450004274176222
0.7,TS_oracle,0.020522671080691
0.7,TS_oracle,0.0410963583120381
0.7,TS_oracle,0.0290521976379244
0.7,TS_oracle,0.00811846188850675
0.7,TS_oracle,0.00926800904520716
0.7,TS_oracle,0.0307703523628431
0.7,TS_oracle,0.0383175443471756
0.7,TS_oracle,0.00790835729025203
0.7,TS_oracle,0.0166789826698203
0.7,TS_oracle,0.0259466455304792
0.7,TS_oracle,0.0354638336813406
0.7,TS_oracle,0.0137598094224528
0.7,TS_oracle,0.0178009892844809
0.7,TS_oracle,0.0144853326170072
0.7,TS_oracle,0.0362886337558336
0.7,TS_oracle,0.0193124128088464
0.7,TS_oracle,0.0305139033860608
0.7,TS_oracle,0.0225114397240591
0.7,TS_oracle,0.0253113882371676
0.7,TS_oracle,0.0208252763716107
0.7,TS_oracle,0.0735317359716882
0.7,TS_oracle,0.0235078032170521
0.7,TS_oracle,0.0139642443175751
0.7,TS_oracle,0.0177405592615276
0.7,TS_oracle,0.0151798676460735
0.7,TS_oracle,0.00837263539880823
0.7,TS_oracle,0.017025404509186
0.7,TS_oracle,0.0718998693168284
0.7,TS_oracle,0.0252179824756359
0.7,TS_oracle,0.030494419016667
0.7,TS_oracle,0.0127393206843517
0.7,TS_oracle,0.0126838986690268
0.7,TS_oracle,0.013082302427111
0.7,TS_oracle,0.0142903453777681
0.7,TS_oracle,0.0661896650033601
0.7,TS_oracle,0.0574155423206371
0.7,TS_oracle,0.0163831142081968
0.7,TS_oracle,0.00940397268112009
0.7,TS_oracle,0.037776162757261
0.7,TS_oracle,0.0152264759404307
0.7,TS_oracle,0.0562288036005812
0.7,TS_oracle,0.0142740240896944
0.7,TS_oracle,0.00274012264984056
0.7,TS_oracle,0.0164229314097957
0.7,TS_oracle,0.0167244725837573
0.7,TS_oracle,0.073957072488208
0.7,TS_oracle,0.0261400210447734
0.7,TS_oracle,0.0122027144253364
0.7,TS_oracle,0.0272739393254032
0.7,TS_oracle,0.0185897317484642
0.7,TS_oracle,0.00897395525514865
0.7,TS_oracle,0.0148897678897468
0.7,TS_oracle,0.0129653178314456
0.7,TS_oracle,0.0331747042805939
0.7,TS_oracle,0.0195521204636393
0.7,TS_oracle,0.0245117803653328
0.7,TS_oracle,0.0143518393036514
0.7,TS_oracle,0.00629802262827857
0.7,TS_oracle,0.0251006379832662
0.7,TS_oracle,0.0179115657525892
0.7,TS_oracle,0.041248160658006
0.7,TS_oracle,0.0322855154401206
0.7,TS_oracle,0.0151827670100032
0.7,TS_oracle,0.0185747850476318
0.7,TS_oracle,0.0121859056896629
0.7,TS_oracle,0.0121831321658152
0.7,TS_oracle,0.037809509558735
0.7,TS_oracle,0.034890732549317
0.7,TS_oracle,0.011260861666113
0.7,TS_oracle,0.0300629010759577
0.7,TS_oracle,0.0116620144661367
0.7,TS_oracle,0.0189197525003447
0.7,TS_oracle,0.0542327329456
0.7,TS_oracle,0.0190768070438315
0.7,TS_oracle,0.0257129096675667
0.7,TS_oracle,0.0553405247235678
0.7,TS_oracle,0.0270244243248325
0.7,TS_oracle,0.00447689934675713
0.7,TS_oracle,0.028145241294324
0.7,TS_oracle,0.0111084173005291
0.7,TS_oracle,0.0172582064150891
0.7,TS_oracle,0.0258680847466096
0.7,TS_oracle,0.0239408354372783
0.7,TS_oracle,0.0151698950506247
0.7,TS_oracle,0.0313858111084263
0.7,TS_oracle,0.0208533307147512
0.7,TS_oracle,0.0159828374719341
0.7,TS_oracle,0.0152607823230482
0.7,TS_oracle,0.0293595635241623
0.7,TS_oracle,0.0740468618002049
0.7,TS_oracle,0.0138315767090393
0.7,TS_oracle,0.0255593907651567
0.7,TS_oracle,0.0200432194525889
0.7,TS_oracle,0.0134748642111936
0.7,TS_oracle,0.106539703189883
0.7,TS_oracle,0.00459715848661503
0.7,TS_oracle,0.02401513252568
0.7,TS_oracle,0.0634633484728313
0.7,TS_oracle,0.025355722607497
0.7,TS_oracle,0.0186362200602523
0.7,TS_oracle,0.0352173563419202
0.7,TS_oracle,0.0123942305025721
0.7,TS_oracle,0.017480489801964
0.7,TS_oracle,0.0276464837043946
0.7,TS_oracle,0.0139755297460687
0.7,TS_oracle,0.0237240784344899
0.7,TS_oracle,0.00641027099436785
0.7,TS_oracle,0.0132876231066739
0.7,TS_oracle,0.0176541608353436
0.7,TS_oracle,0.00289583949137423
0.7,TS_oracle,0.0104424162486527
0.7,TS_oracle,0.00909479247529786
0.7,TS_oracle,0.0105941288856507
0.7,TS_oracle,0.0497694662917651
0.7,TS_oracle,0.0177190016851626
0.7,TS_oracle,0.026049837397694
0.7,TS_oracle,0.00989895998047602
0.7,TS_oracle,0.00251265762470399
0.7,TS_oracle,0.0547704780345144
0.7,TS_oracle,0.00947063165737134
0.7,TS_oracle,0.0152074852575833
0.7,TS_oracle,0.035801268940308
0.7,TS_oracle,0.0300394441496998
0.7,TS_oracle,0.0298984195636188
0.7,TS_oracle,0.030576862927368
0.7,TS_oracle,0.0109588362114701
0.7,TS_oracle,0.0123234898951773
0.7,TS_oracle,0.0231113280194687
0.7,TS_oracle,0.0712633316176854
0.7,TS_oracle,0.0354845124511461
0.7,TS_oracle,0.00360057539827929
0.7,TS_oracle,0.0238122128580912
0.7,TS_oracle,0.0470565784535503
0.7,TS_oracle,0.0146320464733323
0.7,TS_oracle,0.026521301062235
0.7,TS_oracle,0.0312014137798543
0.7,TS_oracle,0.0353039266886457
0.7,TS_oracle,0.045283511950845
0.7,TS_oracle,0.0138011543760348
0.7,TS_oracle,0.0187278635721732
0.7,TS_oracle,0.0349715507341835
0.7,TS_oracle,0.015888452879194
0.7,TS_oracle,0.0312001945408229
0.7,TS_oracle,0.045176532980479
0.7,TS_oracle,0.00250479715456905
0.7,TS_oracle,0.0250570381498423
0.7,TS_oracle,0.0224995984537117
0.7,TS_oracle,0.022806292960072
0.7,TS_oracle,0.0341145281849537
0.7,TS_oracle,0.0080195100366773
0.7,TS_oracle,0.0213680904886159
0.7,TS_oracle,0.0342645335280113
0.7,TS_oracle,0.0259411156439959
0.7,TS_oracle,0.030508664509055
0.7,TS_oracle,0.00993821004135156
0.7,TS_oracle,0.0136819299204845
0.7,TS_oracle,0.0100481572189738
0.7,TS_oracle,0.0155710638056669
0.7,TS_oracle,0.0259004574143833
0.7,TS_oracle,0.0233020667045267
0.7,TS_oracle,0.0301860098153954
0.7,TS_oracle,0.0103204569775001
0.7,TS_oracle,0.00716835320473393
0.7,TS_oracle,0.0211075856182337
0.7,TS_oracle,0.0395769660106643
0.7,TS_oracle,0.0173396081555594
0.7,TS_oracle,0.0289010262878478
0.7,TS_oracle,0.0103611412270119
0.7,TS_oracle,0.00667352008780756
0.8,PLS,0.0257518352050355
0.8,PLS,0.0130373772024596
0.8,PLS,0.152556265135067
0.8,PLS,0.0693963322649805
0.8,PLS,0.0827608456729477
0.8,PLS,0.0681474874254082
0.8,PLS,0.0454662830383221
0.8,PLS,0.0419004007350584
0.8,PLS,0.138011450880568
0.8,PLS,0.0240245233062494
0.8,PLS,0.0429303062217566
0.8,PLS,0.0336765863127311
0.8,PLS,0.0462052048265767
0.8,PLS,0.0404826160929823
0.8,PLS,0.0778112793363827
0.8,PLS,0.0240976131131432
0.8,PLS,0.0184827299743643
0.8,PLS,0.0115454254053694
0.8,PLS,0.129939113440282
0.8,PLS,0.015582078762463
0.8,PLS,0.0419189388595232
0.8,PLS,0.046838579216305
0.8,PLS,0.0354726115564693
0.8,PLS,0.066555570303366
0.8,PLS,0.0317075617546806
0.8,PLS,0.0641207577378395
0.8,PLS,0.0577749774224694
0.8,PLS,0.0841758664132569
0.8,PLS,0.0548821669792081
0.8,PLS,0.0200471669051537
0.8,PLS,0.0587215709111283
0.8,PLS,0.0613878523247606
0.8,PLS,0.0207439565423014
0.8,PLS,0.0466519374893628
0.8,PLS,0.0366444827012793
0.8,PLS,0.0467506999697628
0.8,PLS,0.071193830235752
0.8,PLS,0.0100127026530436
0.8,PLS,0.0677760566052877
0.8,PLS,0.0594143472626793
0.8,PLS,0.0255177528854919
0.8,PLS,0.0655172160741936
0.8,PLS,0.0564951938457062
0.8,PLS,0.0927861378151506
0.8,PLS,0.0420589813389999
0.8,PLS,0.0432495093208606
0.8,PLS,0.0970851773264692
0.8,PLS,0.0362166691727883
0.8,PLS,0.0273921028286593
0.8,PLS,0.0253060519921098
0.8,PLS,0.176393977400977
0.8,PLS,0.0774302580535469
0.8,PLS,0.0864557940791025
0.8,PLS,0.0160591408349819
0.8,PLS,0.103194066729786
0.8,PLS,0.0400809057067143
0.8,PLS,0.0335498822035188
0.8,PLS,0.0705138230128953
0.8,PLS,0.0490620023672645
0.8,PLS,0.0319364532620266
0.8,PLS,0.0972899185451037
0.8,PLS,0.109346271525361
0.8,PLS,0.0888259531290517
0.8,PLS,0.0483268313503402
0.8,PLS,0.0231337089406598
0.8,PLS,0.161723625681466
0.8,PLS,0.0567983429771556
0.8,PLS,0.18434793333632
0.8,PLS,0.0184779860401314
0.8,PLS,0.0473231863594248
0.8,PLS,0.0334314833600146
0.8,PLS,0.0463770289914385
0.8,PLS,0.0904576716642512
0.8,PLS,0.0659235050767978
0.8,PLS,0.0506429558244945
0.8,PLS,0.0151501831848242
0.8,PLS,0.0259625665141853
0.8,PLS,0.0304801280547131
0.8,PLS,0.075354581751544
0.8,PLS,0.0343149091161051
0.8,PLS,0.0713267859753799
0.8,PLS,0.100895694992337
0.8,PLS,0.100043348034689
0.8,PLS,0.0329274728021142
0.8,PLS,0.0498598982820819
0.8,PLS,0.0309475747347894
0.8,PLS,0.0373398020475291
0.8,PLS,0.0609397232112146
0.8,PLS,0.0101628783980741
0.8,PLS,0.0845975864642085
0.8,PLS,0.0798767754947737
0.8,PLS,0.0291089514829045
0.8,PLS,0.142290837633606
0.8,PLS,0.058258883498932
0.8,PLS,0.0816279634625166
0.8,PLS,0.0724622570952024
0.8,PLS,0.0226590068266175
0.8,PLS,0.0432633066325809
0.8,PLS,0.0748142280284313
0.8,PLS,0.0322999357482525
0.8,PLS,0.0219649934702929
0.8,PLS,0.0286023334292309
0.8,PLS,0.0501817919360108
0.8,PLS,0.0328048710491698
0.8,PLS,0.0134261509804608
0.8,PLS,0.132258680525174
0.8,PLS,0.0153339089088203
0.8,PLS,0.0138417363469604
0.8,PLS,0.0213636295717033
0.8,PLS,0.0336037709343477
0.8,PLS,0.0349700736261122
0.8,PLS,0.0578136312918832
0.8,PLS,0.0413263803155983
0.8,PLS,0.0445466479773494
0.8,PLS,0.150493451424906
0.8,PLS,0.0159064353192106
0.8,PLS,0.0558080594895955
0.8,PLS,0.0441388930831396
0.8,PLS,0.087156391221003
0.8,PLS,0.0655798070108482
0.8,PLS,0.0680535168439173
0.8,PLS,0.0300894040267355
0.8,PLS,0.0701709252055684
0.8,PLS,0.0830854824540357
0.8,PLS,0.0284496510466267
0.8,PLS,0.0190812662637021
0.8,PLS,0.053283174519475
0.8,PLS,0.0274332262447162
0.8,PLS,0.0851802066402572
0.8,PLS,0.034933373493768
0.8,PLS,0.0594900014610698
0.8,PLS,0.0581970131145514
0.8,PLS,0.148660598011866
0.8,PLS,0.119107751231376
0.8,PLS,0.0174971410945193
0.8,PLS,0.0167931742987032
0.8,PLS,0.0629069210897332
0.8,PLS,0.131732685849035
0.8,PLS,0.0456833449142834
0.8,PLS,0.0339366546583595
0.8,PLS,0.0260964217140869
0.8,PLS,0.0224221048183896
0.8,PLS,0.0316739720170648
0.8,PLS,0.0133657044967181
0.8,PLS,0.0445748006220347
0.8,PLS,0.11999008900595
0.8,PLS,0.0671092520447071
0.8,PLS,0.11523836256053
0.8,PLS,0.079002257642361
0.8,PLS,0.0697548221687418
0.8,PLS,0.0719631012954895
0.8,PLS,0.0529929671192292
0.8,PLS,0.0755538502627806
0.8,PLS,0.0213640191361925
0.8,PLS,0.0602790366750299
0.8,PLS,0.0118630697420743
0.8,PLS,0.05084237958484
0.8,PLS,0.0452863629485638
0.8,PLS,0.0146496207996383
0.8,PLS,0.064011314043083
0.8,PLS,0.0591310714065888
0.8,PLS,0.0520113726794755
0.8,PLS,0.0541131641731978
0.8,PLS,0.0380125714848332
0.8,PLS,0.136976924431019
0.8,PLS,0.0438283435564249
0.8,PLS,0.117501966014103
0.8,PLS,0.0166872629962877
0.8,PLS,0.2657391336081
0.8,PLS,0.0302333002401115
0.8,PLS,0.0371261432016801
0.8,PLS,0.0517625202184011
0.8,PLS,0.0556337800556175
0.8,PLS,0.0249364492091351
0.8,PLS,0.0362501873404571
0.8,PLS,0.0502122394217851
0.8,PLS,0.0704599891022322
0.8,PLS,0.150086208327388
0.8,PLS,0.0338636631487374
0.8,PLS,0.00133250190583583
0.8,PLS,0.0410474481298163
0.8,PLS,0.0843263548753731
0.8,PLS,0.0251293855501552
0.8,PLS,0.0750960621002877
0.8,PLS,0.102692400943456
0.8,PLS,0.0815864511791541
0.8,PLS,0.0583298551840183
0.8,PLS,0.0392478240247271
0.8,PLS,0.103268908685129
0.8,PLS,0.106771095656005
0.8,PLS,0.0998286412250419
0.8,PLS,0.0643500487819356
0.8,PLS,0.106705719714829
0.8,PLS,0.017085770068484
0.8,PLS,0.0596543403354007
0.8,PLS,0.052701851672869
0.8,PLS,0.0774461577979157
0.8,PLS,0.0697720535884755
0.8,PLS,0.086608160807412
0.8,PLS,0.0242621917456932
0.8,fTS,0.0125359534382741
0.8,fTS,0.00576125784595017
0.8,fTS,0.0566784818866527
0.8,fTS,0.0198215948280082
0.8,fTS,0.00601850156300815
0.8,fTS,0.0146742422982329
0.8,fTS,0.034521867661883
0.8,fTS,0.0237615111922211
0.8,fTS,0.0326118353728712
0.8,fTS,0.0199239461277876
0.8,fTS,0.0246407539577065
0.8,fTS,0.0110286666101658
0.8,fTS,0.00832450705954119
0.8,fTS,0.0235158781616364
0.8,fTS,0.0364283433989803
0.8,fTS,0.0184578490530382
0.8,fTS,0.00108943438600643
0.8,fTS,0.0167954096017403
0.8,fTS,0.0343163370723803
0.8,fTS,0.0112262924946701
0.8,fTS,0.0239064035354481
0.8,fTS,0.0215128857640575
0.8,fTS,0.0159131615542122
0.8,fTS,0.0464620583713584
0.8,fTS,0.0201984383870847
0.8,fTS,0.0291625289022376
0.8,fTS,0.0111961212542361
0.8,fTS,0.0168076138431486
0.8,fTS,0.0150155939340417
0.8,fTS,0.0193616866885081
0.8,fTS,0.0112784036090884
0.8,fTS,0.0210294557253895
0.8,fTS,0.0367487312081277
0.8,fTS,0.0158832696647862
0.8,fTS,0.0233577327503722
0.8,fTS,0.0219418892726626
0.8,fTS,0.0151514929184772
0.8,fTS,0.0303846371408489
0.8,fTS,0.0359365555997513
0.8,fTS,0.0140913344214839
0.8,fTS,0.0108384827579503
0.8,fTS,0.0499806535374782
0.8,fTS,0.0184892876447026
0.8,fTS,0.0142000030021996
0.8,fTS,0.00603446599470805
0.8,fTS,0.00743942515102918
0.8,fTS,0.0319487502168032
0.8,fTS,0.0179114732338492
0.8,fTS,0.0135626908205718
0.8,fTS,0.0128467067250387
0.8,fTS,0.0675062435380531
0.8,fTS,0.025055041511104
0.8,fTS,0.0389012498206054
0.8,fTS,0.00412925466460049
0.8,fTS,0.0229509309509446
0.8,fTS,0.0212452941363566
0.8,fTS,0.0280245482171346
0.8,fTS,0.0211680024845186
0.8,fTS,0.0385187842231138
0.8,fTS,0.0144267895855902
0.8,fTS,0.0483764623461066
0.8,fTS,0.0384522226393633
0.8,fTS,0.0633239405146115
0.8,fTS,0.016113870013549
0.8,fTS,0.0154200910243209
0.8,fTS,0.00524316863386472
0.8,fTS,0.00691115531299224
0.8,fTS,0.0265735571405943
0.8,fTS,0.0135040666539646
0.8,fTS,0.0252615311941753
0.8,fTS,0.0372175534737605
0.8,fTS,0.0199182778120217
0.8,fTS,0.0246937084308638
0.8,fTS,0.00841274503728453
0.8,fTS,0.0463231192952879
0.8,fTS,0.0133551369569075
0.8,fTS,0.0219757138467298
0.8,fTS,0.0341983849920293
0.8,fTS,0.00901370608953503
0.8,fTS,0.0215880065690274
0.8,fTS,0.0168805194122694
0.8,fTS,0.00998360148287426
0.8,fTS,0.0243506612486057
0.8,fTS,0.0333642515535455
0.8,fTS,0.0232144707588943
0.8,fTS,0.0289173402177226
0.8,fTS,0.0149385498792655
0.8,fTS,0.0170335683382295
0.8,fTS,0.00955258899488698
0.8,fTS,0.0194994894822173
0.8,fTS,0.0480876447346149
0.8,fTS,0.0110245017654491
0.8,fTS,0.0787920671471857
0.8,fTS,0.0206903414601686
0.8,fTS,0.032605795489301
0.8,fTS,0.0336552569654308
0.8,fTS,0.0141538739760128
0.8,fTS,0.00975032201148651
0.8,fTS,0.0317732688732837
0.8,fTS,0.0289122525699687
0.8,fTS,0.018253983574866
0.8,fTS,0.0199124430991194
0.8,fTS,0.0237223149251106
0.8,fTS,0.0185379354513858
0.8,fTS,0.0197034690413282
0.8,fTS,0.028809830020496
0.8,fTS,0.0113910865346417
0.8,fTS,0.0159547554096298
0.8,fTS,0.013254388044377
0.8,fTS,0.00892465943929176
0.8,fTS,0.0280972785761906
0.8,fTS,0.00963381342858008
0.8,fTS,0.0286181106086251
0.8,fTS,0.0181578626614607
0.8,fTS,0.0092942231659282
0.8,fTS,0.0160927746134537
0.8,fTS,0.0127215306118657
0.8,fTS,0.0214687190401419
0.8,fTS,0.0208591622284432
0.8,fTS,0.0310320012659722
0.8,fTS,0.0131229791156417
0.8,fTS,0.0264574190024939
0.8,fTS,0.0204849644136344
0.8,fTS,0.0201826974661942
0.8,fTS,0.0224399750509104
0.8,fTS,0.00644059690466489
0.8,fTS,0.00809276720685284
0.8,fTS,0.0107843315677928
0.8,fTS,0.062324479571766
0.8,fTS,0.00384773960831016
0.8,fTS,0.0100172019122148
0.8,fTS,0.0264075717698268
0.8,fTS,0.0723069929829583
0.8,fTS,0.0107904591632986
0.8,fTS,0.0264497327170074
0.8,fTS,0.00382568798701551
0.8,fTS,0.0075137026050222
0.8,fTS,0.0166826358858158
0.8,fTS,0.0232738801022469
0.8,fTS,0.0352633820677023
0.8,fTS,0.0106731644100215
0.8,fTS,0.0111809301674464
0.8,fTS,0.0114812407937476
0.8,fTS,0.00455871381167349
0.8,fTS,0.0176065059352921
0.8,fTS,0.0603056869441197
0.8,fTS,0.00489456069347444
0.8,fTS,0.0458270380301025
0.8,fTS,0.0447456985829373
0.8,fTS,0.00410157411334413
0.8,fTS,0.0191245417720352
0.8,fTS,0.0333002303217261
0.8,fTS,0.0181349174172172
0.8,fTS,0.0134590496507468
0.8,fTS,0.0173272954672556
0.8,fTS,0.00366612674841843
0.8,fTS,0.00974719657526368
0.8,fTS,0.0157010386568858
0.8,fTS,0.00499274514531957
0.8,fTS,0.0442668586542483
0.8,fTS,0.0211048614442754
0.8,fTS,0.0362274040723439
0.8,fTS,0.0100841418592512
0.8,fTS,0.00880829398936842
0.8,fTS,0.0194380278284099
0.8,fTS,0.0156657059482119
0.8,fTS,0.0365451366043303
0.8,fTS,0.0170429052906282
0.8,fTS,0.0258943667333798
0.8,fTS,0.0197682735796599
0.8,fTS,0.0137990241574753
0.8,fTS,0.0267589918833232
0.8,fTS,0.0347445144327813
0.8,fTS,0.00861467652456418
0.8,fTS,0.0099649963507006
0.8,fTS,0.0497300282969176
0.8,fTS,0.0354591198260983
0.8,fTS,0.0189643832256974
0.8,fTS,0.0101835651844924
0.8,fTS,0.0137156696490566
0.8,fTS,0.0441700359873292
0.8,fTS,0.00897884247697789
0.8,fTS,0.0211685696970084
0.8,fTS,0.0171959482749989
0.8,fTS,0.0125108145678435
0.8,fTS,0.0484593565254455
0.8,fTS,0.0263235593619291
0.8,fTS,0.0147919525460622
0.8,fTS,0.0104398620500656
0.8,fTS,0.022959889411489
0.8,fTS,0.00795202627757718
0.8,fTS,0.0153355435294642
0.8,fTS,0.0230347878143007
0.8,fTS,0.029234820974444
0.8,fTS,0.0179714457163387
0.8,fTS,0.031893551716304
0.8,fTS,0.0212915598269937
0.8,fTS,0.0325607144435892
0.8,fTS,0.0204247113627132
0.8,fTS,0.00147333433541317
0.8,LS_oracle,0.0287046555722487
0.8,LS_oracle,0.0126408590153268
0.8,LS_oracle,0.178417865448207
0.8,LS_oracle,0.0621488122738468
0.8,LS_oracle,0.0757394608989447
0.8,LS_oracle,0.0372059638581332
0.8,LS_oracle,0.0342993256100222
0.8,LS_oracle,0.0355278827037932
0.8,LS_oracle,0.129616873185579
0.8,LS_oracle,0.0380738250869823
0.8,LS_oracle,0.0408074708432809
0.8,LS_oracle,0.0202440196198118
0.8,LS_oracle,0.0344661150331436
0.8,LS_oracle,0.031765022455271
0.8,LS_oracle,0.0716579961541938
0.8,LS_oracle,0.0314257705048782
0.8,LS_oracle,0.0272260710683294
0.8,LS_oracle,0.0101688369141343
0.8,LS_oracle,0.0920865630581691
0.8,LS_oracle,0.0110049770096278
0.8,LS_oracle,0.0392101678276998
0.8,LS_oracle,0.0205170008199656
0.8,LS_oracle,0.0327198677978231
0.8,LS_oracle,0.0639968623123101
0.8,LS_oracle,0.0277313240338291
0.8,LS_oracle,0.0578190785444396
0.8,LS_oracle,0.0582852514919069
0.8,LS_oracle,0.0700560318089557
0.8,LS_oracle,0.0548528981953944
0.8,LS_oracle,0.0206338834678296
0.8,LS_oracle,0.0515816366492722
0.8,LS_oracle,0.0514064775832467
0.8,LS_oracle,0.0210400902705029
0.8,LS_oracle,0.0592306704647777
0.8,LS_oracle,0.0430438040057064
0.8,LS_oracle,0.0463239359746426
0.8,LS_oracle,0.0410787723915107
0.8,LS_oracle,0.0269947921645348
0.8,LS_oracle,0.0840533123648696
0.8,LS_oracle,0.0579212196257394
0.8,LS_oracle,0.036265131719559
0.8,LS_oracle,0.064652603026636
0.8,LS_oracle,0.019639910632018
0.8,LS_oracle,0.0945285481741853
0.8,LS_oracle,0.0135282000348104
0.8,LS_oracle,0.0547198057627288
0.8,LS_oracle,0.137359323487489
0.8,LS_oracle,0.0340115579360652
0.8,LS_oracle,0.0266281255105039
0.8,LS_oracle,0.0153319967673834
0.8,LS_oracle,0.126872766417795
0.8,LS_oracle,0.0277352919535872
0.8,LS_oracle,0.0863781867973434
0.8,LS_oracle,0.0165844387071073
0.8,LS_oracle,0.0831903000073207
0.8,LS_oracle,0.0391532440115006
0.8,LS_oracle,0.0577899140439866
0.8,LS_oracle,0.0614916350400036
0.8,LS_oracle,0.040409643510946
0.8,LS_oracle,0.029041402361181
0.8,LS_oracle,0.0981442011217226
0.8,LS_oracle,0.125733736145867
0.8,LS_oracle,0.0789252882330743
0.8,LS_oracle,0.0459380486851515
0.8,LS_oracle,0.0230539593284998
0.8,LS_oracle,0.120496711607814
0.8,LS_oracle,0.0956076859629974
0.8,LS_oracle,0.0578869534351166
0.8,LS_oracle,0.0183135808948405
0.8,LS_oracle,0.0437495096040325
0.8,LS_oracle,0.0402124246493274
0.8,LS_oracle,0.0470512587570808
0.8,LS_oracle,0.0868901445637105
0.8,LS_oracle,0.0540316629520444
0.8,LS_oracle,0.0728629532456719
0.8,LS_oracle,0.0306742704211819
0.8,LS_oracle,0.0212095550304582
0.8,LS_oracle,0.0348809026272633
0.8,LS_oracle,0.0368606377415762
0.8,LS_oracle,0.0465847025090911
0.8,LS_oracle,0.101689533696342
0.8,LS_oracle,0.107312998446128
0.8,LS_oracle,0.108904390897607
0.8,LS_oracle,0.0329315328103495
0.8,LS_oracle,0.0279327299377936
0.8,LS_oracle,0.0261473931835745
0.8,LS_oracle,0.0439955311895233
0.8,LS_oracle,0.0590578016915498
0.8,LS_oracle,0.00332657512203737
0.8,LS_oracle,0.0420501644853085
0.8,LS_oracle,0.0542917432156591
0.8,LS_oracle,0.0289579008068448
0.8,LS_oracle,0.110485314723777
0.8,LS_oracle,0.0468976691380242
0.8,LS_oracle,0.0643238669116471
0.8,LS_oracle,0.0894256581194291
0.8,LS_oracle,0.0208746364976223
0.8,LS_oracle,0.0423180727145214
0.8,LS_oracle,0.087886523734066
0.8,LS_oracle,0.0179120613279747
0.8,LS_oracle,0.0192194083595137
0.8,LS_oracle,0.0486938499022397
0.8,LS_oracle,0.0357417384192882
0.8,LS_oracle,0.0355934339681103
0.8,LS_oracle,0.0132461497939442
0.8,LS_oracle,0.116024929043386
0.8,LS_oracle,0.0139653574863356
0.8,LS_oracle,0.0151866680940986
0.8,LS_oracle,0.0136323363774808
0.8,LS_oracle,0.0321835497037411
0.8,LS_oracle,0.0340542797675
0.8,LS_oracle,0.066332689973806
0.8,LS_oracle,0.044189863332762
0.8,LS_oracle,0.0355131022836272
0.8,LS_oracle,0.027465888241418
0.8,LS_oracle,0.0122726061992324
0.8,LS_oracle,0.0648254208592853
0.8,LS_oracle,0.0222947354248819
0.8,LS_oracle,0.0549116540134655
0.8,LS_oracle,0.080983875509851
0.8,LS_oracle,0.12241763796519
0.8,LS_oracle,0.0303927498669719
0.8,LS_oracle,0.0627313571093456
0.8,LS_oracle,0.0852345553578267
0.8,LS_oracle,0.0255376770580948
0.8,LS_oracle,0.0118137944136351
0.8,LS_oracle,0.0298287249672673
0.8,LS_oracle,0.0589866041664662
0.8,LS_oracle,0.0378369141160573
0.8,LS_oracle,0.0474580002683404
0.8,LS_oracle,0.0543512871748675
0.8,LS_oracle,0.0546205175485147
0.8,LS_oracle,0.147379427853488
0.8,LS_oracle,0.099825016859888
0.8,LS_oracle,0.0233445463862114
0.8,LS_oracle,0.0199865340287749
0.8,LS_oracle,0.0493219857329438
0.8,LS_oracle,0.0836053225009296
0.8,LS_oracle,0.0434152290857558
0.8,LS_oracle,0.0238511505128109
0.8,LS_oracle,0.0249423858850272
0.8,LS_oracle,0.0220997574758731
0.8,LS_oracle,0.0361768286558383
0.8,LS_oracle,0.0149104722368292
0.8,LS_oracle,0.0480473889648458
0.8,LS_oracle,0.114852878740787
0.8,LS_oracle,0.0960424281939722
0.8,LS_oracle,0.0591338607946429
0.8,LS_oracle,0.0622806935388933
0.8,LS_oracle,0.0452213226834598
0.8,LS_oracle,0.103889133157608
0.8,LS_oracle,0.0867016112382302
0.8,LS_oracle,0.058951262422673
0.8,LS_oracle,0.0191144189561673
0.8,LS_oracle,0.0639357211785318
0.8,LS_oracle,0.0110877381479081
0.8,LS_oracle,0.0541572263240318
0.8,LS_oracle,0.0709891802297523
0.8,LS_oracle,0.0189524277887817
0.8,LS_oracle,0.0664103975731456
0.8,LS_oracle,0.0590685269906423
0.8,LS_oracle,0.0244086986654128
0.8,LS_oracle,0.0544335429283045
0.8,LS_oracle,0.0300325770657878
0.8,LS_oracle,0.180257028156164
0.8,LS_oracle,0.0399979026567077
0.8,LS_oracle,0.118927424582634
0.8,LS_oracle,0.0170506917841747
0.8,LS_oracle,0.149440031131303
0.8,LS_oracle,0.0269181386636303
0.8,LS_oracle,0.0360528980372117
0.8,LS_oracle,0.0496623606707694
0.8,LS_oracle,0.0833973494667581
0.8,LS_oracle,0.0463537609362697
0.8,LS_oracle,0.0392854323743282
0.8,LS_oracle,0.100928192750246
0.8,LS_oracle,0.0444093060503796
0.8,LS_oracle,0.0484051824425539
0.8,LS_oracle,0.028694719961697
0.8,LS_oracle,0.0129516011489108
0.8,LS_oracle,0.0615873044366718
0.8,LS_oracle,0.0481814090873544
0.8,LS_oracle,0.0210488487476438
0.8,LS_oracle,0.0753670044637376
0.8,LS_oracle,0.0987474784580433
0.8,LS_oracle,0.0871091531084277
0.8,LS_oracle,0.0184279038226029
0.8,LS_oracle,0.0342369475023788
0.8,LS_oracle,0.0919988302764999
0.8,LS_oracle,0.0599872390149851
0.8,LS_oracle,0.0512086509857731
0.8,LS_oracle,0.0284721515797555
0.8,LS_oracle,0.127819284084343
0.8,LS_oracle,0.0144337831961425
0.8,LS_oracle,0.0510174982953923
0.8,LS_oracle,0.0479215889025485
0.8,LS_oracle,0.0915890508221151
0.8,LS_oracle,0.0725012193584601
0.8,LS_oracle,0.0241327495742063
0.8,LS_oracle,0.0260625557820159
0.8,TS_oracle,0.00540947385995171
0.8,TS_oracle,0.00426632164681545
0.8,TS_oracle,0.0240876607253538
0.8,TS_oracle,0.0182598290176706
0.8,TS_oracle,0.00606758763767245
0.8,TS_oracle,0.0150619107835143
0.8,TS_oracle,0.0185653213858453
0.8,TS_oracle,0.0197199036125875
0.8,TS_oracle,0.0328734531078703
0.8,TS_oracle,0.0213384840489232
0.8,TS_oracle,0.0249036667650672
0.8,TS_oracle,0.0088090913251417
0.8,TS_oracle,0.008092090157647
0.8,TS_oracle,0.0234423159274433
0.8,TS_oracle,0.032767822944978
0.8,TS_oracle,0.0197566865144318
0.8,TS_oracle,0.000609021883198495
0.8,TS_oracle,0.0152056110413657
0.8,TS_oracle,0.0236448526706089
0.8,TS_oracle,0.0120855388769965
0.8,TS_oracle,0.0238814401346285
0.8,TS_oracle,0.0192061156370513
0.8,TS_oracle,0.0158686114042742
0.8,TS_oracle,0.0470857649783577
0.8,TS_oracle,0.0202038938961024
0.8,TS_oracle,0.0257296175298937
0.8,TS_oracle,0.0106786640697684
0.8,TS_oracle,0.0176341049968963
0.8,TS_oracle,0.00898662831020076
0.8,TS_oracle,0.0169447625240727
0.8,TS_oracle,0.00690742234223435
0.8,TS_oracle,0.020578449661741
0.8,TS_oracle,0.0366965873424713
0.8,TS_oracle,0.0163858383976877
0.8,TS_oracle,0.0184429078099859
0.8,TS_oracle,0.0205539605960438
0.8,TS_oracle,0.0154247164929277
0.8,TS_oracle,0.0149251551774142
0.8,TS_oracle,0.0388654659618351
0.8,TS_oracle,0.013890203549696
0.8,TS_oracle,0.00898152113579955
0.8,TS_oracle,0.049021967266483
0.8,TS_oracle,0.0144522096285919
0.8,TS_oracle,0.0129827715730354
0.8,TS_oracle,0.00233114417361751
0.8,TS_oracle,0.00768708533544051
0.8,TS_oracle,0.0345755442146791
0.8,TS_oracle,0.0178601405501258
0.8,TS_oracle,0.0135936597119002
0.8,TS_oracle,0.00812158739732735
0.8,TS_oracle,0.0275383562080537
0.8,TS_oracle,0.0218232381251434
0.8,TS_oracle,0.0397301019611607
0.8,TS_oracle,0.0039006437955081
0.8,TS_oracle,0.0197647586739511
0.8,TS_oracle,0.0204581467962228
0.8,TS_oracle,0.0298754563702997
0.8,TS_oracle,0.0117343622282976
0.8,TS_oracle,0.0348529940725279
0.8,TS_oracle,0.0143943603500949
0.8,TS_oracle,0.0467393746800995
0.8,TS_oracle,0.0399443815926416
0.8,TS_oracle,0.0608327600674429
0.8,TS_oracle,0.0156491915298675
0.8,TS_oracle,0.0154024998822155
0.8,TS_oracle,0.00534874652388001
0.8,TS_oracle,0.00620983215593874
0.8,TS_oracle,0.026770053553422
0.8,TS_oracle,0.0137469749808651
0.8,TS_oracle,0.0241298557372359
0.8,TS_oracle,0.0376799847028004
0.8,TS_oracle,0.0198478718180101
0.8,TS_oracle,0.0243578306122958
0.8,TS_oracle,0.00841144151243018
0.8,TS_oracle,0.0410248816914187
0.8,TS_oracle,0.0105839278066075
0.8,TS_oracle,0.0214105553910312
0.8,TS_oracle,0.0196196879131449
0.8,TS_oracle,0.00880274161661069
0.8,TS_oracle,0.0154161945282851
0.8,TS_oracle,0.01522904403804
0.8,TS_oracle,0.00861479614511937
0.8,TS_oracle,0.0208122871095475
0.8,TS_oracle,0.0275117628431121
0.8,TS_oracle,0.0144588953104585
0.8,TS_oracle,0.0278300750558039
0.8,TS_oracle,0.0158918806901676
0.8,TS_oracle,0.0117077723312429
0.8,TS_oracle,0.0092741972493868
0.8,TS_oracle,0.0202451125233986
0.8,TS_oracle,0.0308594909195655
0.8,TS_oracle,0.0109829117779855
0.8,TS_oracle,0.0221169645353572
0.8,TS_oracle,0.0181028898453254
0.8,TS_oracle,0.0305729863106427
0.8,TS_oracle,0.0286045344954981
0.8,TS_oracle,0.0137186632946821
0.8,TS_oracle,0.00387613969652691
0.8,TS_oracle,0.0323933678732729
0.8,TS_oracle,0.0168159374442978
0.8,TS_oracle,0.0103295693275968
0.8,TS_oracle,0.021200252383789
0.8,TS_oracle,0.0224413107862998
0.8,TS_oracle,0.0166928888398876
0.8,TS_oracle,0.0198080621304567
0.8,TS_oracle,0.0222549617392568
0.8,TS_oracle,0.0102926310516105
0.8,TS_oracle,0.0150876249133113
0.8,TS_oracle,0.0132770637301911
0.8,TS_oracle,0.00236588491046382
0.8,TS_oracle,0.0256887753332463
0.8,TS_oracle,0.00847733944328547
0.8,TS_oracle,0.0289748293793324
0.8,TS_oracle,0.0115915550673335
0.8,TS_oracle,0.00937059737493128
0.8,TS_oracle,0.0138376014136389
0.8,TS_oracle,0.0128209987114369
0.8,TS_oracle,0.0190887074806789
0.8,TS_oracle,0.0171435751570206
0.8,TS_oracle,0.031074554632276
0.8,TS_oracle,0.0161325206460226
0.8,TS_oracle,0.0268813883447104
0.8,TS_oracle,0.0201459272322436
0.8,TS_oracle,0.017074732351411
0.8,TS_oracle,0.022527893840485
0.8,TS_oracle,0.00634581252934479
0.8,TS_oracle,0.00726243402470472
0.8,TS_oracle,0.00892380081671411
0.8,TS_oracle,0.0478630102415859
0.8,TS_oracle,0.00190925385214377
0.8,TS_oracle,0.00897202489039107
0.8,TS_oracle,0.0264227909080888
0.8,TS_oracle,0.0666135818362858
0.8,TS_oracle,0.00926217351694804
0.8,TS_oracle,0.0215727207483474
0.8,TS_oracle,0.00412659717194794
0.8,TS_oracle,0.00719579697000236
0.8,TS_oracle,0.0121517803086424
0.8,TS_oracle,0.0228945674751607
0.8,TS_oracle,0.0267106310159514
0.8,TS_oracle,0.0105358291830603
0.8,TS_oracle,0.0106539758232002
0.8,TS_oracle,0.0125739042782364
0.8,TS_oracle,0.00477127343530312
0.8,TS_oracle,0.0175095125117547
0.8,TS_oracle,0.0577761805150913
0.8,TS_oracle,0.00458830939374402
0.8,TS_oracle,0.0427316867825611
0.8,TS_oracle,0.0433922363678036
0.8,TS_oracle,0.0033053594155358
0.8,TS_oracle,0.0198943515910079
0.8,TS_oracle,0.012028543418102
0.8,TS_oracle,0.0144454717150822
0.8,TS_oracle,0.00983843222146756
0.8,TS_oracle,0.0177574706585441
0.8,TS_oracle,0.00376168174568378
0.8,TS_oracle,0.00960633502095977
0.8,TS_oracle,0.0156958304383711
0.8,TS_oracle,0.00462895151132542
0.8,TS_oracle,0.0455496155932669
0.8,TS_oracle,0.0200373618787577
0.8,TS_oracle,0.0322000891522278
0.8,TS_oracle,0.00907793702690419
0.8,TS_oracle,0.00839758959285577
0.8,TS_oracle,0.0168852481289757
0.8,TS_oracle,0.0157945561625325
0.8,TS_oracle,0.0366592378930439
0.8,TS_oracle,0.015325003674988
0.8,TS_oracle,0.023936158515086
0.8,TS_oracle,0.0204191480849061
0.8,TS_oracle,0.0139994988529625
0.8,TS_oracle,0.026586933672499
0.8,TS_oracle,0.0373302048160375
0.8,TS_oracle,0.00831687801525817
0.8,TS_oracle,0.00880959571064627
0.8,TS_oracle,0.0389073810426485
0.8,TS_oracle,0.0288045567440222
0.8,TS_oracle,0.0204845940909481
0.8,TS_oracle,0.00904729143773314
0.8,TS_oracle,0.0117466107132082
0.8,TS_oracle,0.0431903708122162
0.8,TS_oracle,0.00707098119140664
0.8,TS_oracle,0.0156676944583536
0.8,TS_oracle,0.0178233090130134
0.8,TS_oracle,0.0109933080514042
0.8,TS_oracle,0.0467329860495849
0.8,TS_oracle,0.0237074203012181
0.8,TS_oracle,0.0131467325460032
0.8,TS_oracle,0.0079280947876314
0.8,TS_oracle,0.0176343106633208
0.8,TS_oracle,0.00785412060516582
0.8,TS_oracle,0.0148446253799511
0.8,TS_oracle,0.021969866020046
0.8,TS_oracle,0.0250696810166226
0.8,TS_oracle,0.0170134348599604
0.8,TS_oracle,0.0303785731356199
0.8,TS_oracle,0.0195264105972184
0.8,TS_oracle,0.0330183309481798
0.8,TS_oracle,0.0112610411064639
0.8,TS_oracle,0.00116195958073205
0.9,PLS,0.0864847920485205
0.9,PLS,0.0297522130695756
0.9,PLS,0.0272118377418875
0.9,PLS,0.0444905728840147
0.9,PLS,0.0154614930359999
0.9,PLS,0.0180641097784284
0.9,PLS,0.00573806037097585
0.9,PLS,0.0241441710443084
0.9,PLS,0.085348919162339
0.9,PLS,0.0133132264483807
0.9,PLS,0.0474402039453122
0.9,PLS,0.00974108282864907
0.9,PLS,0.0485927129375894
0.9,PLS,0.0456139270439282
0.9,PLS,0.0297058522577991
0.9,PLS,0.0573525620027201
0.9,PLS,0.0485284434726725
0.9,PLS,0.0262692919352246
0.9,PLS,0.00739475970328137
0.9,PLS,0.00806633688193201
0.9,PLS,0.0303708572704157
0.9,PLS,0.008995957348957
0.9,PLS,0.0938538203191924
0.9,PLS,0.131710434769094
0.9,PLS,0.0743169146648356
0.9,PLS,0.0208661698087226
0.9,PLS,0.0808643261391041
0.9,PLS,0.0888085696156914
0.9,PLS,0.0112190730812398
0.9,PLS,0.0151148415890168
0.9,PLS,0.0552902470116332
0.9,PLS,0.0342258492008377
0.9,PLS,0.0444851492062228
0.9,PLS,0.0481971124426283
0.9,PLS,0.0732690949634978
0.9,PLS,0.150032193364909
0.9,PLS,0.0345156943780706
0.9,PLS,0.0203634059821139
0.9,PLS,0.0482144283700963
0.9,PLS,0.0548588448787695
0.9,PLS,0.0395548416207274
0.9,PLS,0.060720842502965
0.9,PLS,0.0486057613884584
0.9,PLS,0.0701761217873279
0.9,PLS,0.108302709066287
0.9,PLS,0.0180533791828333
0.9,PLS,0.145763477512731
0.9,PLS,0.041580712291966
0.9,PLS,0.0504154240723267
0.9,PLS,0.139483749791071
0.9,PLS,0.0916981007832623
0.9,PLS,0.118752308990325
0.9,PLS,0.0788125662742879
0.9,PLS,0.0297260209379959
0.9,PLS,0.0364409618689024
0.9,PLS,0.0137252894610218
0.9,PLS,0.0290156529247876
0.9,PLS,0.059583586085318
0.9,PLS,0.14246602919775
0.9,PLS,0.0373699289265192
0.9,PLS,0.0353442328735067
0.9,PLS,0.0245525148940868
0.9,PLS,0.0279652286460653
0.9,PLS,0.127717349357573
0.9,PLS,0.0860334358142741
0.9,PLS,0.020757147549334
0.9,PLS,0.0363968239906322
0.9,PLS,0.0189802364343986
0.9,PLS,0.0213693348740082
0.9,PLS,0.0399399932344553
0.9,PLS,0.0200051091408787
0.9,PLS,0.0342660178471465
0.9,PLS,0.00550452008083061
0.9,PLS,0.0443361560894139
0.9,PLS,0.086075463962598
0.9,PLS,0.00739599399979288
0.9,PLS,0.0153506797727715
0.9,PLS,0.223586581573295
0.9,PLS,0.0860503047628102
0.9,PLS,0.0359723886660819
0.9,PLS,0.0156206737744895
0.9,PLS,0.124337815243922
0.9,PLS,0.101714512246558
0.9,PLS,0.0300095054455041
0.9,PLS,0.0480265618551337
0.9,PLS,0.0174988654720207
0.9,PLS,0.0544933352044829
0.9,PLS,0.0749427054065617
0.9,PLS,0.110705693629075
0.9,PLS,0.0682142000991053
0.9,PLS,0.0540090508335717
0.9,PLS,0.0575835740708823
0.9,PLS,0.0427653905608084
0.9,PLS,0.0317200514334084
0.9,PLS,0.178264923820722
0.9,PLS,0.0221142449037736
0.9,PLS,0.0645660289335257
0.9,PLS,0.16640121307851
0.9,PLS,0.0878989019865682
0.9,PLS,0.103624040840426
0.9,PLS,0.0243820634235731
0.9,PLS,0.030536790610411
0.9,PLS,0.0975906138189065
0.9,PLS,0.043442614001103
0.9,PLS,0.00790343837229849
0.9,PLS,0.0462810240234843
0.9,PLS,0.0219911509594538
0.9,PLS,0.0474674846918262
0.9,PLS,0.177537921773392
0.9,PLS,0.0356557758207308
0.9,PLS,0.073803861219286
0.9,PLS,0.112860523001544
0.9,PLS,0.0937864597159548
0.9,PLS,0.041693153671854
0.9,PLS,0.243474201747467
0.9,PLS,0.0207737097254724
0.9,PLS,0.0664388659075605
0.9,PLS,0.0218006060211344
0.9,PLS,0.0133222964683997
0.9,PLS,0.062621962029187
0.9,PLS,0.0281789864645464
0.9,PLS,0.037399175490509
0.9,PLS,0.103741652515805
0.9,PLS,0.0347600890865916
0.9,PLS,0.0843594140359346
0.9,PLS,0.0378626214347764
0.9,PLS,0.0534588931903823
0.9,PLS,0.0222398004906757
0.9,PLS,0.0864974264899954
0.9,PLS,0.240216440688464
0.9,PLS,0.0479164688898605
0.9,PLS,0.033854515551742
0.9,PLS,0.0460330834234245
0.9,PLS,0.0402203230678972
0.9,PLS,0.0283867522555973
0.9,PLS,0.0835771886704237
0.9,PLS,0.020314176619171
0.9,PLS,0.015510708978527
0.9,PLS,0.196187842147795
0.9,PLS,0.020636503884179
0.9,PLS,0.12161247457317
0.9,PLS,0.0265756803298422
0.9,PLS,0.00954060124645439
0.9,PLS,0.0345989247998278
0.9,PLS,0.0565746243333305
0.9,PLS,0.0497482937286483
0.9,PLS,0.0402284741656184
0.9,PLS,0.116130918770497
0.9,PLS,0.0145290089281911
0.9,PLS,0.133807654814911
0.9,PLS,0.0612430590026318
0.9,PLS,0.0180522583097964
0.9,PLS,0.0703096480547433
0.9,PLS,0.0215233081732328
0.9,PLS,0.0108391618443401
0.9,PLS,0.0091414761475127
0.9,PLS,0.0728969669106085
0.9,PLS,0.0138453257256756
0.9,PLS,0.108987932414724
0.9,PLS,0.0510028810730366
0.9,PLS,0.0424985810954607
0.9,PLS,0.184062374630454
0.9,PLS,0.0751430204788306
0.9,PLS,0.0796727702873125
0.9,PLS,0.0429153642741399
0.9,PLS,0.0210959047389837
0.9,PLS,0.0580021228759746
0.9,PLS,0.110598452990974
0.9,PLS,0.0270132899933322
0.9,PLS,0.0145701480728529
0.9,PLS,0.0226469892037606
0.9,PLS,0.0577814544547802
0.9,PLS,0.0261519675589949
0.9,PLS,0.0788137544225155
0.9,PLS,0.0754817708351086
0.9,PLS,0.0480871288259645
0.9,PLS,0.0359136214638996
0.9,PLS,0.028589391760154
0.9,PLS,0.12745106779428
0.9,PLS,0.0435376725307436
0.9,PLS,0.0708463880315198
0.9,PLS,0.0367595602960914
0.9,PLS,0.0257745046220765
0.9,PLS,0.0529545449979082
0.9,PLS,0.129860272173127
0.9,PLS,0.0622215134405782
0.9,PLS,0.0183059683669699
0.9,PLS,0.131113986037408
0.9,PLS,0.0283518465178361
0.9,PLS,0.0261626219731306
0.9,PLS,0.0878573928468923
0.9,PLS,0.0228488163587716
0.9,PLS,0.0182397028612181
0.9,PLS,0.0668084413730923
0.9,PLS,0.0303759128242985
0.9,PLS,0.0795669064785252
0.9,PLS,0.0157071571163695
0.9,PLS,0.0258833102783017
0.9,PLS,0.0733863364690976
0.9,PLS,0.0619681878317397
0.9,fTS,0.0223642337724752
0.9,fTS,0.00645473512408976
0.9,fTS,0.0256022005922129
0.9,fTS,0.00934206506618881
0.9,fTS,0.00656006787076075
0.9,fTS,0.00658124167504246
0.9,fTS,0.0160722947478307
0.9,fTS,0.015288052402414
0.9,fTS,0.0205272600847298
0.9,fTS,0.00471013437620421
0.9,fTS,0.0112284993446127
0.9,fTS,0.031532115541489
0.9,fTS,0.00871862345976838
0.9,fTS,0.0189738849602367
0.9,fTS,0.0155115256785347
0.9,fTS,0.0217352437715358
0.9,fTS,0.0160832021454088
0.9,fTS,0.0033159479983827
0.9,fTS,0.002010041507984
0.9,fTS,0.0146040197289441
0.9,fTS,0.00791714413316419
0.9,fTS,0.00313193087308208
0.9,fTS,0.00817091044155237
0.9,fTS,0.0663803695012895
0.9,fTS,0.0060187342420382
0.9,fTS,0.00314549599188049
0.9,fTS,0.00809239933769473
0.9,fTS,0.00868340641382734
0.9,fTS,0.0263951455158789
0.9,fTS,0.0150622246990854
0.9,fTS,0.0175166541221505
0.9,fTS,0.0295692976290808
0.9,fTS,0.00927680675237714
0.9,fTS,0.0298818373216382
0.9,fTS,0.0285589246700452
0.9,fTS,0.00953369177086348
0.9,fTS,0.017097973516126
0.9,fTS,0.0083203820711718
0.9,fTS,0.0179264947670109
0.9,fTS,0.00990188288540264
0.9,fTS,0.0177313636597804
0.9,fTS,0.00700525256080433
0.9,fTS,0.013860588395384
0.9,fTS,0.00407755372615887
0.9,fTS,0.0144525923213281
0.9,fTS,0.00455523315504777
0.9,fTS,0.0172638562278372
0.9,fTS,0.0242589353478664
0.9,fTS,0.00598504980017317
0.9,fTS,0.0196837257695985
0.9,fTS,0.0424258789453168
0.9,fTS,0.00604942101570539
0.9,fTS,0.0117469170855311
0.9,fTS,0.00640768608025273
0.9,fTS,0.00894368649277759
0.9,fTS,0.0116160412495337
0.9,fTS,0.00221436269403692
0.9,fTS,0.0161574848974164
0.9,fTS,0.0281246218966036
0.9,fTS,0.00917163880116236
0.9,fTS,0.0156750831716516
0.9,fTS,0.00365261090842452
0.9,fTS,0.0196995194454222
0.9,fTS,0.0137302321936741
0.9,fTS,0.0245337927126994
0.9,fTS,0.00744347038505558
0.9,fTS,0.00642827117954111
0.9,fTS,0.0108281628695086
0.9,fTS,0.00283804462459525
0.9,fTS,0.00841041518050126
0.9,fTS,0.00276521017065865
0.9,fTS,0.00778896671625915
0.9,fTS,0.0101238005732006
0.9,fTS,0.0077282024093706
0.9,fTS,0.0119717576391033
0.9,fTS,0.00770548874017386
0.9,fTS,0.0136165698271451
0.9,fTS,0.0215816760339993
0.9,fTS,0.0121317797474118
0.9,fTS,0.0304786174207862
0.9,fTS,0.0117244294655645
0.9,fTS,0.00885956163981901
0.9,fTS,0.00508943260782379
0.9,fTS,0.00679452248095377
0.9,fTS,0.00449343452169306
0.9,fTS,0.00595157175176133
0.9,fTS,0.01222303369698
0.9,fTS,0.00488370243806483
0.9,fTS,0.00849829095049709
0.9,fTS,0.00806895638468469
0.9,fTS,0.0209018825957767
0.9,fTS,0.0154357204116298
0.9,fTS,0.0188644867741549
0.9,fTS,0.0518510207034774
0.9,fTS,0.0653344718234486
0.9,fTS,0.0358860779778347
0.9,fTS,0.00891719124240865
0.9,fTS,0.0143456382793294
0.9,fTS,0.0240359878038177
0.9,fTS,0.0247278948973505
0.9,fTS,0.00662902210607192
0.9,fTS,0.00441877430161359
0.9,fTS,0.0394773348065294
0.9,fTS,0.0017917683661968
0.9,fTS,0.00678674322914324
0.9,fTS,0.011498861400659
0.9,fTS,0.0132789173167143
0.9,fTS,0.00977924404063707
0.9,fTS,0.01674771995012
0.9,fTS,0.00343436947713288
0.9,fTS,0.0569148830707857
0.9,fTS,0.0167309371518521
0.9,fTS,0.0146403883095332
0.9,fTS,0.0129393644773896
0.9,fTS,0.0180651647761894
0.9,fTS,0.0159903002422176
0.9,fTS,0.0090582777903836
0.9,fTS,0.0205227624860766
0.9,fTS,0.016375680757661
0.9,fTS,0.0126218714428311
0.9,fTS,0.00749492380072843
0.9,fTS,0.00678741532642125
0.9,fTS,0.0162239763489172
0.9,fTS,0.0131204813836625
0.9,fTS,0.00264929642626253
0.9,fTS,0.00959301324749741
0.9,fTS,0.0078113317328729
0.9,fTS,0.00529492056206062
0.9,fTS,0.0153468783674238
0.9,fTS,0.0291257104145659
0.9,fTS,0.0121436047760704
0.9,fTS,0.0168868331878357
0.9,fTS,0.0095714483870593
0.9,fTS,0.00654795576659495
0.9,fTS,0.0160694339920088
0.9,fTS,0.00856849962796314
0.9,fTS,0.00302796796696802
0.9,fTS,0.00314547053859217
0.9,fTS,0.00897632290490023
0.9,fTS,0.00555858874049412
0.9,fTS,0.00807077374376826
0.9,fTS,0.00649961057733223
0.9,fTS,0.00452873613103794
0.9,fTS,0.0205607797567441
0.9,fTS,0.014660877173309
0.9,fTS,0.016969897504136
0.9,fTS,0.00648378166061631
0.9,fTS,0.0113618919478539
0.9,fTS,0.00596693959513901
0.9,fTS,0.0127178006090506
0.9,fTS,0.0059576603871479
0.9,fTS,0.00877465069276126
0.9,fTS,0.00827992018842395
0.9,fTS,0.00891462769375074
0.9,fTS,0.00189475879163769
0.9,fTS,0.00547161080451627
0.9,fTS,0.0205530105653566
0.9,fTS,0.00426858589947302
0.9,fTS,0.015857641346009
0.9,fTS,0.0096053769891051
0.9,fTS,0.0215692024468852
0.9,fTS,0.0167966593484233
0.9,fTS,0.0472149139639995
0.9,fTS,0.0269093174093945
0.9,fTS,0.0137943599045878
0.9,fTS,0.0131976089356671
0.9,fTS,0.0154370414642868
0.9,fTS,0.00745080864734658
0.9,fTS,0.0040461651458626
0.9,fTS,0.00572803507281196
0.9,fTS,0.0119460628621873
0.9,fTS,0.0196457368337795
0.9,fTS,0.00764204826482664
0.9,fTS,0.0101680803965307
0.9,fTS,0.00557698937272368
0.9,fTS,0.0310705491182982
0.9,fTS,0.00567676191815384
0.9,fTS,0.0136967803562454
0.9,fTS,0.0112276059051296
0.9,fTS,0.00386572782337319
0.9,fTS,0.0220966971642615
0.9,fTS,0.0194249618257552
0.9,fTS,0.0140649360215007
0.9,fTS,0.00935802000138409
0.9,fTS,0.0108757473093155
0.9,fTS,0.0247067157930939
0.9,fTS,0.00521810229716512
0.9,fTS,0.0197125667835747
0.9,fTS,0.00469023169290015
0.9,fTS,0.00718698380976718
0.9,fTS,0.0163212127060658
0.9,fTS,0.00296753211144024
0.9,fTS,0.00366744551370523
0.9,fTS,0.0128511063091333
0.9,fTS,0.00460384828724191
0.9,fTS,0.00825654368314673
0.9,fTS,0.0111054447114672
0.9,fTS,0.00902173084686713
0.9,fTS,0.00640583285191894
0.9,fTS,0.0214063561503114
0.9,LS_oracle,0.103295137262149
0.9,LS_oracle,0.0271060122265942
0.9,LS_oracle,0.0267861290246581
0.9,LS_oracle,0.0826719071393768
0.9,LS_oracle,0.0159133909327995
0.9,LS_oracle,0.0185606892838525
0.9,LS_oracle,0.00839614315049908
0.9,LS_oracle,0.0231299427521329
0.9,LS_oracle,0.0571150069993528
0.9,LS_oracle,0.0170242781923472
0.9,LS_oracle,0.0497906343925776
0.9,LS_oracle,0.00964510783287211
0.9,LS_oracle,0.0326688632081742
0.9,LS_oracle,0.0377281826857728
0.9,LS_oracle,0.020677883215459
0.9,LS_oracle,0.0857059068417986
0.9,LS_oracle,0.0488217232385086
0.9,LS_oracle,0.0222418749266634
0.9,LS_oracle,0.00873736169906415
0.9,LS_oracle,0.00917022732171092
0.9,LS_oracle,0.0156451330314934
0.9,LS_oracle,0.00820592628776088
0.9,LS_oracle,0.0878498702920999
0.9,LS_oracle,0.0340384001526046
0.9,LS_oracle,0.0793563838201815
0.9,LS_oracle,0.0216805641106884
0.9,LS_oracle,0.0158244351139073
0.9,LS_oracle,0.0286329200800451
0.9,LS_oracle,0.0282334199871268
0.9,LS_oracle,0.0101673271968498
0.9,LS_oracle,0.0417866807147729
0.9,LS_oracle,0.0378786696636041
0.9,LS_oracle,0.0412946367101794
0.9,LS_oracle,0.0419177723081237
0.9,LS_oracle,0.0920526259799024
0.9,LS_oracle,0.0211726569099153
0.9,LS_oracle,0.0341037742369539
0.9,LS_oracle,0.0252095212113397
0.9,LS_oracle,0.0453309893856705
0.9,LS_oracle,0.0616029086317072
0.9,LS_oracle,0.0327158742722667
0.9,LS_oracle,0.0583229090671291
0.9,LS_oracle,0.0474071430119288
0.9,LS_oracle,0.059502725555943
0.9,LS_oracle,0.0938423795624951
0.9,LS_oracle,0.0166261457569217
0.9,LS_oracle,0.147377167501831
0.9,LS_oracle,0.0220899689763766
0.9,LS_oracle,0.0500056967097379
0.9,LS_oracle,0.0701076940441926
0.9,LS_oracle,0.104367633413421
0.9,LS_oracle,0.090336876135194
0.9,LS_oracle,0.0573035076466685
0.9,LS_oracle,0.0382542857614954
0.9,LS_oracle,0.0370513775179702
0.9,LS_oracle,0.00643569391254137
0.9,LS_oracle,0.0478628880732786
0.9,LS_oracle,0.0654456545123848
0.9,LS_oracle,0.0870002908886628
0.9,LS_oracle,0.0378193920031567
0.9,LS_oracle,0.0308703497905483
0.9,LS_oracle,0.0366354010942307
0.9,LS_oracle,0.0257609517705623
0.9,LS_oracle,0.111561247044891
0.9,LS_oracle,0.0568259707448007
0.9,LS_oracle,0.0216335876918933
0.9,LS_oracle,0.0272563925451099
0.9,LS_oracle,0.0169059029602211
0.9,LS_oracle,0.0201787528100905
0.9,LS_oracle,0.0235858668553337
0.9,LS_oracle,0.0111212451418252
0.9,LS_oracle,0.0196588144615376
0.9,LS_oracle,0.00678109159408121
0.9,LS_oracle,0.0359290744347053
0.9,LS_oracle,0.0854584951122191
0.9,LS_oracle,0.0182580188382298
0.9,LS_oracle,0.0170046164207133
0.9,LS_oracle,0.211686443469565
0.9,LS_oracle,0.087328938089451
0.9,LS_oracle,0.0194752270037342
0.9,LS_oracle,0.0199058230805278
0.9,LS_oracle,0.084488179964766
0.9,LS_oracle,0.0990374163199043
0.9,LS_oracle,0.0231658187476926
0.9,LS_oracle,0.0491700066713099
0.9,LS_oracle,0.0125408588771579
0.9,LS_oracle,0.0369245817327687
0.9,LS_oracle,0.0801102457884115
0.9,LS_oracle,0.0863783702679077
0.9,LS_oracle,0.0632792375104753
0.9,LS_oracle,0.0703457866035612
0.9,LS_oracle,0.0546455961954741
0.9,LS_oracle,0.041284604252611
0.9,LS_oracle,0.0239561537304116
0.9,LS_oracle,0.127970782969305
0.9,LS_oracle,0.0458847942844057
0.9,LS_oracle,0.0680127824654038
0.9,LS_oracle,0.149473380507592
0.9,LS_oracle,0.081938071359273
0.9,LS_oracle,0.0817834457073656
0.9,LS_oracle,0.022613179194299
0.9,LS_oracle,0.0299478480831001
0.9,LS_oracle,0.0943238089732016
0.9,LS_oracle,0.021937423431668
0.9,LS_oracle,0.0126534683643271
0.9,LS_oracle,0.0408750335477704
0.9,LS_oracle,0.0199006309070008
0.9,LS_oracle,0.0663509974361025
0.9,LS_oracle,0.0989459698245336
0.9,LS_oracle,0.0288792845069339
0.9,LS_oracle,0.0395105754219907
0.9,LS_oracle,0.0643733673327137
0.9,LS_oracle,0.0936825296300817
0.9,LS_oracle,0.0408349526588987
0.9,LS_oracle,0.0393761502727984
0.9,LS_oracle,0.0205253955350609
0.9,LS_oracle,0.0600895164994731
0.9,LS_oracle,0.0189001372220015
0.9,LS_oracle,0.0135480204136844
0.9,LS_oracle,0.0622238813256653
0.9,LS_oracle,0.0266128902874387
0.9,LS_oracle,0.0317417884682696
0.9,LS_oracle,0.106687018474427
0.9,LS_oracle,0.0475244363884152
0.9,LS_oracle,0.0579661587047371
0.9,LS_oracle,0.0472669457790599
0.9,LS_oracle,0.0401711246584182
0.9,LS_oracle,0.0109317052529473
0.9,LS_oracle,0.0831025188169421
0.9,LS_oracle,0.105309992218023
0.9,LS_oracle,0.0307468232006532
0.9,LS_oracle,0.0341049006394541
0.9,LS_oracle,0.0452974850986231
0.9,LS_oracle,0.0642780903455248
0.9,LS_oracle,0.0284069279587058
0.9,LS_oracle,0.0888179672675686
0.9,LS_oracle,0.0178207334910035
0.9,LS_oracle,0.0115057319016059
0.9,LS_oracle,0.110379783623687
0.9,LS_oracle,0.0200338819347706
0.9,LS_oracle,0.114978229923029
0.9,LS_oracle,0.0338284621825912
0.9,LS_oracle,0.0101456051991352
0.9,LS_oracle,0.0394004919241841
0.9,LS_oracle,0.050722963830346
0.9,LS_oracle,0.0334189083967273
0.9,LS_oracle,0.0497703396771444
0.9,LS_oracle,0.116174729865453
0.9,LS_oracle,0.021204241536863
0.9,LS_oracle,0.106093312461916
0.9,LS_oracle,0.0404645957618088
0.9,LS_oracle,0.0158282293775576
0.9,LS_oracle,0.0638953890083622
0.9,LS_oracle,0.00845824232055228
0.9,LS_oracle,0.0161771272838887
0.9,LS_oracle,0.00997784283256645
0.9,LS_oracle,0.0580619218974711
0.9,LS_oracle,0.0141438782829878
0.9,LS_oracle,0.0748223325329938
0.9,LS_oracle,0.0491411538330253
0.9,LS_oracle,0.0654369476188682
0.9,LS_oracle,0.148586955587455
0.9,LS_oracle,0.0639959427211871
0.9,LS_oracle,0.0579586989756417
0.9,LS_oracle,0.0411733004625176
0.9,LS_oracle,0.0139629485008111
0.9,LS_oracle,0.0675455464648666
0.9,LS_oracle,0.112683543409441
0.9,LS_oracle,0.0328307803250222
0.9,LS_oracle,0.00757701789263355
0.9,LS_oracle,0.0165426468597606
0.9,LS_oracle,0.0541134176270693
0.9,LS_oracle,0.0204855442693299
0.9,LS_oracle,0.0783895096001418
0.9,LS_oracle,0.0692893280014709
0.9,LS_oracle,0.046026634007043
0.9,LS_oracle,0.0315637597291879
0.9,LS_oracle,0.0325356961576516
0.9,LS_oracle,0.106236189128171
0.9,LS_oracle,0.0422966528078319
0.9,LS_oracle,0.0862614868207727
0.9,LS_oracle,0.0348482675811789
0.9,LS_oracle,0.0122822834590887
0.9,LS_oracle,0.045093607193173
0.9,LS_oracle,0.114227503333704
0.9,LS_oracle,0.0606294557202602
0.9,LS_oracle,0.0167146489146079
0.9,LS_oracle,0.104332825430385
0.9,LS_oracle,0.0256269254684679
0.9,LS_oracle,0.0309581700192525
0.9,LS_oracle,0.0937134020192576
0.9,LS_oracle,0.0229628881814669
0.9,LS_oracle,0.0174550118494805
0.9,LS_oracle,0.0637712835221042
0.9,LS_oracle,0.0324939300855946
0.9,LS_oracle,0.0869459027017379
0.9,LS_oracle,0.0234492061015679
0.9,LS_oracle,0.019326942155949
0.9,LS_oracle,0.0753367367523795
0.9,LS_oracle,0.0726448054775199
0.9,TS_oracle,0.0235293361931075
0.9,TS_oracle,0.00629089304153095
0.9,TS_oracle,0.0219955390748399
0.9,TS_oracle,0.00834201132259337
0.9,TS_oracle,0.00182440873299762
0.9,TS_oracle,0.00459994117109054
0.9,TS_oracle,0.0135493885216312
0.9,TS_oracle,0.0103755092000771
0.9,TS_oracle,0.019696308951159
0.9,TS_oracle,0.00477332890504626
0.9,TS_oracle,0.0115096954606122
0.9,TS_oracle,0.031421675211141
0.9,TS_oracle,0.00747579039311918
0.9,TS_oracle,0.0177911278712113
0.9,TS_oracle,0.0138176527454626
0.9,TS_oracle,0.0169074375142203
0.9,TS_oracle,0.0161689813092543
0.9,TS_oracle,0.00308959280380396
0.9,TS_oracle,0.0013724203614289
0.9,TS_oracle,0.014758533195403
0.9,TS_oracle,0.00608378142995616
0.9,TS_oracle,0.00315260538273037
0.9,TS_oracle,0.00821104559848505
0.9,TS_oracle,0.0579933743769161
0.9,TS_oracle,0.00625124533284112
0.9,TS_oracle,0.0032688432678921
0.9,TS_oracle,0.0043502814031005
0.9,TS_oracle,0.00869873246023467
0.9,TS_oracle,0.00400844742063598
0.9,TS_oracle,0.013659669803953
0.9,TS_oracle,0.00715743814464278
0.9,TS_oracle,0.0300585221586425
0.9,TS_oracle,0.0092449749525305
0.9,TS_oracle,0.0282045387399237
0.9,TS_oracle,0.02447251977859
0.9,TS_oracle,0.0065592924489102
0.9,TS_oracle,0.0171587073464808
0.9,TS_oracle,0.00758530863886755
0.9,TS_oracle,0.0176159715365608
0.9,TS_oracle,0.0100099396310677
0.9,TS_oracle,0.0148412071405973
0.9,TS_oracle,0.00701983425947375
0.9,TS_oracle,0.0131003865266239
0.9,TS_oracle,0.00406759020321887
0.9,TS_oracle,0.0134682387168536
0.9,TS_oracle,0.00455900200882607
0.9,TS_oracle,0.0104210412742988
0.9,TS_oracle,0.0230589837953745
0.9,TS_oracle,0.00591870187300282
0.9,TS_oracle,0.0197555904253369
0.9,TS_oracle,0.00619680056204148
0.9,TS_oracle,0.00565124359118717
0.9,TS_oracle,0.00939729447742184
0.9,TS_oracle,0.00645557788947443
0.9,TS_oracle,0.00892866395734315
0.9,TS_oracle,0.00651227657955722
0.9,TS_oracle,0.0016782775872772
0.9,TS_oracle,0.0179591023456438
0.9,TS_oracle,0.0269048275202561
0.9,TS_oracle,0.00911896780945925
0.9,TS_oracle,0.0142486468488029
0.9,TS_oracle,0.00217141447108
0.9,TS_oracle,0.0173855374596143
0.9,TS_oracle,0.0137765994847493
0.9,TS_oracle,0.0239553857567887
0.9,TS_oracle,0.00738398573865514
0.9,TS_oracle,0.00628315418131978
0.9,TS_oracle,0.00502244383163596
0.9,TS_oracle,0.00283695915792338
0.9,TS_oracle,0.00708092062431263
0.9,TS_oracle,0.00268499119630923
0.9,TS_oracle,0.00777780325106193
0.9,TS_oracle,0.00788431476974927
0.9,TS_oracle,0.0057221658878282
0.9,TS_oracle,0.00863268149296137
0.9,TS_oracle,0.00642741584883431
0.9,TS_oracle,0.0136390542271326
0.9,TS_oracle,0.0203321839739596
0.9,TS_oracle,0.0114560796624376
0.9,TS_oracle,0.0261152046023198
0.9,TS_oracle,0.0080054472183742
0.9,TS_oracle,0.00770008121812821
0.9,TS_oracle,0.00509212647573151
0.9,TS_oracle,0.00461833345516693
0.9,TS_oracle,0.00308337297345245
0.9,TS_oracle,0.00533215046292983
0.9,TS_oracle,0.0122940854716786
0.9,TS_oracle,0.00343736775141931
0.9,TS_oracle,0.00791690764597249
0.9,TS_oracle,0.00701255621171971
0.9,TS_oracle,0.0183249798002352
0.9,TS_oracle,0.0145143357419604
0.9,TS_oracle,0.0150866286257359
0.9,TS_oracle,0.0486936787176275
0.9,TS_oracle,0.0630071025568328
0.9,TS_oracle,0.0343953033604413
0.9,TS_oracle,0.00851715745652422
0.9,TS_oracle,0.01430971445076
0.9,TS_oracle,0.0234042814677066
0.9,TS_oracle,0.0209557882157535
0.9,TS_oracle,0.00699982066011581
0.9,TS_oracle,0.00440104962772312
0.9,TS_oracle,0.0354543446895922
0.9,TS_oracle,0.00168330109978044
0.9,TS_oracle,0.00689355093924755
0.9,TS_oracle,0.011432851785238
0.9,TS_oracle,0.0131980505394877
0.9,TS_oracle,0.0103052408461469
0.9,TS_oracle,0.0177111868879404
0.9,TS_oracle,0.00272778798931211
0.9,TS_oracle,0.0408016921641095
0.9,TS_oracle,0.0137548242061436
0.9,TS_oracle,0.0128556999477525
0.9,TS_oracle,0.0123330483535559
0.9,TS_oracle,0.0159071735423517
0.9,TS_oracle,0.0125406519372737
0.9,TS_oracle,0.00834635293817127
0.9,TS_oracle,0.0195874664685025
0.9,TS_oracle,0.0114518449311705
0.9,TS_oracle,0.0116846432324331
0.9,TS_oracle,0.00786385156616783
0.9,TS_oracle,0.00442595902252003
0.9,TS_oracle,0.0161702612969686
0.9,TS_oracle,0.0119906578987753
0.9,TS_oracle,0.0026517541260267
0.9,TS_oracle,0.00989203849816552
0.9,TS_oracle,0.00777349499607759
0.9,TS_oracle,0.00538950119546791
0.9,TS_oracle,0.0145977664936007
0.9,TS_oracle,0.00910704083226418
0.9,TS_oracle,0.0121518558034197
0.9,TS_oracle,0.0166500192616618
0.9,TS_oracle,0.00696899037455609
0.9,TS_oracle,0.00601065021929192
0.9,TS_oracle,0.0160834697405778
0.9,TS_oracle,0.00921213977448078
0.9,TS_oracle,0.00297467491261574
0.9,TS_oracle,0.00316964573356586
0.9,TS_oracle,0.00918323990981774
0.9,TS_oracle,0.00561791278152099
0.9,TS_oracle,0.00749517051949468
0.9,TS_oracle,0.00544262301608944
0.9,TS_oracle,0.00318208464992495
0.9,TS_oracle,0.0202684302128553
0.9,TS_oracle,0.0144410459745287
0.9,TS_oracle,0.0145451245999452
0.9,TS_oracle,0.00618671105643584
0.9,TS_oracle,0.011200734025414
0.9,TS_oracle,0.0063391955660884
0.9,TS_oracle,0.00972525949697018
0.9,TS_oracle,0.0039141370379714
0.9,TS_oracle,0.00857009364569996
0.9,TS_oracle,0.00699353412190062
0.9,TS_oracle,0.00647179112997731
0.9,TS_oracle,0.00194825737574085
0.9,TS_oracle,0.00546977597546505
0.9,TS_oracle,0.0181541447462349
0.9,TS_oracle,0.00427397940374871
0.9,TS_oracle,0.0144417382532854
0.9,TS_oracle,0.0095917380628231
0.9,TS_oracle,0.0154821956219008
0.9,TS_oracle,0.0158658945113065
0.9,TS_oracle,0.0156846904483604
0.9,TS_oracle,0.0190317805616878
0.9,TS_oracle,0.0139827406917415
0.9,TS_oracle,0.00912101335764405
0.9,TS_oracle,0.00546825670962687
0.9,TS_oracle,0.00645976724190274
0.9,TS_oracle,0.0034888514468072
0.9,TS_oracle,0.00572225240399278
0.9,TS_oracle,0.0114214710938039
0.9,TS_oracle,0.0196058862420406
0.9,TS_oracle,0.00739739960653009
0.9,TS_oracle,0.0101081031542775
0.9,TS_oracle,0.00512244982077054
0.9,TS_oracle,0.0311724370460683
0.9,TS_oracle,0.0061496856864743
0.9,TS_oracle,0.0135728714258046
0.9,TS_oracle,0.0112623232754007
0.9,TS_oracle,0.00382856658014342
0.9,TS_oracle,0.0218616537184471
0.9,TS_oracle,0.0192077113719426
0.9,TS_oracle,0.0140538972042584
0.9,TS_oracle,0.00912131878940751
0.9,TS_oracle,0.00973997388414112
0.9,TS_oracle,0.0228993172051608
0.9,TS_oracle,0.00520844305423573
0.9,TS_oracle,0.0189398131767189
0.9,TS_oracle,0.0047412543992438
0.9,TS_oracle,0.00665347696022723
0.9,TS_oracle,0.0107600528823917
0.9,TS_oracle,0.00297172527761791
0.9,TS_oracle,0.00371897091597419
0.9,TS_oracle,0.0129665829883936
0.9,TS_oracle,0.00477735152351622
0.9,TS_oracle,0.00820245639316055
0.9,TS_oracle,0.00678764579603894
0.9,TS_oracle,0.00688653167359677
0.9,TS_oracle,0.00565476655402569
0.9,TS_oracle,0.0206576172342986
