rho,methods,MSEf_value
0,PLS,0.0973670795349842
0,PLS,0.0936802383401869
0,PLS,0.502992670592405
0,PLS,0.10940557554585
0,PLS,0.152517846617009
0,PLS,0.206257588581959
0,PLS,0.154594823684053
0,PLS,0.170702633531825
0,PLS,0.169982270264208
0,PLS,0.279785998392131
0,PLS,0.121599073935506
0,PLS,0.161339094429006
0,PLS,0.113316054826316
0,PLS,0.246469718190933
0,PLS,0.146921912671558
0,PLS,0.126226881870107
0,PLS,0.215017324718163
0,PLS,0.165516899527133
0,PLS,0.125492418129091
0,PLS,0.407396686618024
0,PLS,0.105713427812885
0,PLS,0.218645837046682
0,PLS,0.17646765315543
0,PLS,0.179145571828074
0,PLS,0.119698468942352
0,PLS,0.125402814536828
0,PLS,0.132031772562762
0,PLS,0.11564661681992
0,PLS,0.175721553322819
0,PLS,0.178480040333846
0,PLS,0.13102016234142
0,PLS,0.109914478267011
0,PLS,0.197907350130524
0,PLS,0.119084745146674
0,PLS,0.131288038819553
0,PLS,0.232385059715782
0,PLS,0.127266604941268
0,PLS,0.091871002437499
0,PLS,0.0806881616651172
0,PLS,0.15052993987241
0,PLS,0.094245434429743
0,PLS,0.179449210270307
0,PLS,0.0633621546250165
0,PLS,0.296336196416731
0,PLS,0.172468037221312
0,PLS,0.19595667490516
0,PLS,0.340339781018246
0,PLS,0.20394469140632
0,PLS,0.399386643426201
0,PLS,0.223202053296578
0,PLS,0.161211348153052
0,PLS,0.111728577194767
0,PLS,0.308209129705157
0,PLS,0.115371776570889
0,PLS,0.133238255263753
0,PLS,0.15414533170183
0,PLS,0.210664286969295
0,PLS,0.810328676158506
0,PLS,0.108365612552604
0,PLS,0.121824303280254
0,PLS,0.0846810820676893
0,PLS,0.0934629987783068
0,PLS,0.149659900648855
0,PLS,0.199433128036601
0,PLS,0.329604438556047
0,PLS,0.868390070575666
0,PLS,0.248881117301551
0,PLS,0.209732551801147
0,PLS,0.318993620591664
0,PLS,0.215951821407846
0,PLS,0.156289195718531
0,PLS,0.173393525282677
0,PLS,0.170072193349561
0,PLS,0.349779362704302
0,PLS,0.141567679849207
0,PLS,0.424683800649125
0,PLS,0.110741958208938
0,PLS,0.188027777880368
0,PLS,0.0768901388210257
0,PLS,0.188560760048824
0,PLS,0.138234884276065
0,PLS,0.607881846785805
0,PLS,0.217961904711685
0,PLS,0.138605534730677
0,PLS,0.173544084793969
0,PLS,0.206413516013492
0,PLS,0.126689201447546
0,PLS,0.270257624133617
0,PLS,0.113965984839325
0,PLS,0.132941234674703
0,PLS,0.174214960973766
0,PLS,0.157773150909892
0,PLS,0.235437062001727
0,PLS,0.171047469099159
0,PLS,0.531992902088495
0,PLS,0.106391107431912
0,PLS,0.225079378577563
0,PLS,0.194357836411356
0,PLS,0.454768714556347
0,PLS,0.488024482944279
0,PLS,0.261883632088897
0,PLS,0.14666607617991
0,PLS,0.134725546241056
0,PLS,0.248352981164604
0,PLS,0.174032897337554
0,PLS,0.0955281425419826
0,PLS,0.645010917939346
0,PLS,0.193404246528921
0,PLS,0.162882670274549
0,PLS,0.261956084032398
0,PLS,0.52768977959162
0,PLS,0.414066572368917
0,PLS,0.146698331576585
0,PLS,0.259960363614994
0,PLS,0.136025910771187
0,PLS,0.318946523740013
0,PLS,0.173581678560949
0,PLS,0.416247746158602
0,PLS,0.214151134755443
0,PLS,0.0908799560046765
0,PLS,0.424583843769333
0,PLS,0.119449022628172
0,PLS,0.0886841935652427
0,PLS,0.110818545214479
0,PLS,0.0919860136688472
0,PLS,0.106394823339258
0,PLS,0.954552745554529
0,PLS,0.206399172831653
0,PLS,0.117983263669186
0,PLS,0.105554683076304
0,PLS,0.231722687234608
0,PLS,0.13670918882462
0,PLS,0.199804911383651
0,PLS,0.216611647071475
0,PLS,0.206910382572458
0,PLS,0.200610810982855
0,PLS,0.153223011678156
0,PLS,0.115016966505713
0,PLS,0.129211055337794
0,PLS,0.208908217130833
0,PLS,0.280851612695673
0,PLS,0.149147628364182
0,PLS,0.619988783454403
0,PLS,0.199409982993574
0,PLS,0.16059618602142
0,PLS,0.155195933450404
0,PLS,0.663624259262323
0,PLS,0.104142940710976
0,PLS,0.227848093422003
0,PLS,0.141254991036302
0,PLS,0.156601727422933
0,PLS,0.233109550806552
0,PLS,0.148719549608112
0,PLS,0.151200946849454
0,PLS,0.202465856242898
0,PLS,0.146595215578496
0,PLS,0.161916136322743
0,PLS,0.344903825494644
0,PLS,0.201431367496204
0,PLS,0.145987856292427
0,PLS,0.145399551484816
0,PLS,0.116976763886058
0,PLS,0.205081031677351
0,PLS,0.180083940267879
0,PLS,0.144423089407691
0,PLS,0.173635793632891
0,PLS,0.1732235876696
0,PLS,0.140965339862645
0,PLS,0.17007535051518
0,PLS,0.142302291126565
0,PLS,0.203855286464081
0,PLS,0.351091223633283
0,PLS,0.135359665275474
0,PLS,0.0859997274788033
0,PLS,0.138789967546583
0,PLS,0.131125425837604
0,PLS,0.151455199517229
0,PLS,0.159433549052432
0,PLS,0.15368146335419
0,PLS,0.268298734899818
0,PLS,0.136287589512185
0,PLS,0.0961486817507188
0,PLS,0.0998828776943258
0,PLS,0.391842952512042
0,PLS,0.140923842128972
0,PLS,0.0790753273758871
0,PLS,0.132699538838755
0,PLS,0.119308786924091
0,PLS,0.212013073187685
0,PLS,0.207798610078322
0,PLS,0.203250261381943
0,PLS,0.358160032671478
0,PLS,0.148966324538205
0,PLS,0.144857062398705
0,PLS,0.667394715168117
0,PLS,0.238116598766332
0,PLS,0.268354513779433
0,PLS,0.0711168365651065
0,PLS,0.304625051282523
0,PLS,0.128722526054945
0,fTS,0.0966600898672532
0,fTS,0.0930583500094843
0,fTS,0.502992670592405
0,fTS,0.108158435205421
0,fTS,0.152576799612694
0,fTS,0.206257588581959
0,fTS,0.154603998416063
0,fTS,0.170493554259438
0,fTS,0.181483134660117
0,fTS,0.279785998392131
0,fTS,0.118763157744193
0,fTS,0.159541464644417
0,fTS,0.112065005249082
0,fTS,0.245582564342545
0,fTS,0.147399937851301
0,fTS,0.126167385212057
0,fTS,0.215017324718163
0,fTS,0.165118170711264
0,fTS,0.125798123666351
0,fTS,0.40564453971944
0,fTS,0.105357872412396
0,fTS,0.219539971929556
0,fTS,0.176457675031648
0,fTS,0.185302060535047
0,fTS,0.119616658234996
0,fTS,0.125031974143036
0,fTS,0.132452301516845
0,fTS,0.115462269125168
0,fTS,0.175722078334951
0,fTS,0.177915589033914
0,fTS,0.134536975368554
0,fTS,0.107465172297582
0,fTS,0.198852864484072
0,fTS,0.119082474919806
0,fTS,0.131212333212251
0,fTS,0.232268984171533
0,fTS,0.127299962587934
0,fTS,0.0916867316750031
0,fTS,0.0814801150262727
0,fTS,0.15052993987241
0,fTS,0.0946145447612229
0,fTS,0.179497827404515
0,fTS,0.0633621546250165
0,fTS,0.296336196416731
0,fTS,0.172468037221312
0,fTS,0.196363897814022
0,fTS,0.340325502065969
0,fTS,0.202814534781236
0,fTS,0.399386643426201
0,fTS,0.223203716216187
0,fTS,0.16181514010709
0,fTS,0.111727823645866
0,fTS,0.297245469677699
0,fTS,0.112613130970087
0,fTS,0.138736176755594
0,fTS,0.154145601864887
0,fTS,0.210664286969295
0,fTS,0.811650056970303
0,fTS,0.109754304712119
0,fTS,0.121824303280254
0,fTS,0.0842824448159737
0,fTS,0.0929026173886065
0,fTS,0.149712593781648
0,fTS,0.199433128036601
0,fTS,0.329662293341066
0,fTS,0.868416328049783
0,fTS,0.248239098717934
0,fTS,0.209737655581642
0,fTS,0.319310778958289
0,fTS,0.216569075149362
0,fTS,0.156379765504635
0,fTS,0.174428207411229
0,fTS,0.170094189507491
0,fTS,0.349805610749938
0,fTS,0.142139346636446
0,fTS,0.424683800649125
0,fTS,0.110555342449169
0,fTS,0.192389811926783
0,fTS,0.0768039596331249
0,fTS,0.188560760048824
0,fTS,0.138171225181363
0,fTS,0.6078822062758
0,fTS,0.21794945412222
0,fTS,0.138605534730677
0,fTS,0.173486161289738
0,fTS,0.201902381122745
0,fTS,0.126679477192447
0,fTS,0.270257624133617
0,fTS,0.113965983388614
0,fTS,0.132980802613981
0,fTS,0.174214960973766
0,fTS,0.157773150909892
0,fTS,0.235216383775575
0,fTS,0.171047469099159
0,fTS,0.532002249594868
0,fTS,0.106465903429877
0,fTS,0.225079378577563
0,fTS,0.194364358649597
0,fTS,0.453067494870985
0,fTS,0.488836412930453
0,fTS,0.261883632088897
0,fTS,0.146904026052744
0,fTS,0.134573775048367
0,fTS,0.248352981164604
0,fTS,0.174006441654414
0,fTS,0.0955933034765263
0,fTS,0.645416848792723
0,fTS,0.193404246528921
0,fTS,0.162931157548054
0,fTS,0.261956084032398
0,fTS,0.527699760496701
0,fTS,0.414052948153522
0,fTS,0.146698331576585
0,fTS,0.259425185756419
0,fTS,0.136080312542909
0,fTS,0.318964124637186
0,fTS,0.173608927171829
0,fTS,0.410170585165748
0,fTS,0.21431032584137
0,fTS,0.091407580728385
0,fTS,0.425103078239062
0,fTS,0.118770075266754
0,fTS,0.0886906433423833
0,fTS,0.110818545214479
0,fTS,0.0919437627136415
0,fTS,0.106373084441306
0,fTS,0.957522203139065
0,fTS,0.206399172831653
0,fTS,0.116012032504145
0,fTS,0.105484976738403
0,fTS,0.231773472840015
0,fTS,0.13670918882462
0,fTS,0.197042217532061
0,fTS,0.216619573243351
0,fTS,0.206628278866471
0,fTS,0.200631409678227
0,fTS,0.153327810513404
0,fTS,0.114947255364896
0,fTS,0.12961695767391
0,fTS,0.208947607046929
0,fTS,0.283495913192939
0,fTS,0.148824493620807
0,fTS,0.613286042760528
0,fTS,0.199691474711415
0,fTS,0.160572614160614
0,fTS,0.155195933450404
0,fTS,0.663624259262323
0,fTS,0.104128992298124
0,fTS,0.228241519338481
0,fTS,0.142789660059385
0,fTS,0.164337876136085
0,fTS,0.232547912932299
0,fTS,0.14872503385311
0,fTS,0.151126007029149
0,fTS,0.201581163447159
0,fTS,0.146533748779459
0,fTS,0.161877724261573
0,fTS,0.345057802010141
0,fTS,0.201431367496204
0,fTS,0.144886933265169
0,fTS,0.145382935125298
0,fTS,0.116216293092677
0,fTS,0.205253498317897
0,fTS,0.171486256848084
0,fTS,0.144423089407691
0,fTS,0.17212520574228
0,fTS,0.173073675911259
0,fTS,0.140947030165003
0,fTS,0.172080306578424
0,fTS,0.142302291126565
0,fTS,0.181015062870841
0,fTS,0.351107808105133
0,fTS,0.136196945340318
0,fTS,0.0859997274788033
0,fTS,0.138778518903151
0,fTS,0.131125425837604
0,fTS,0.152145717761025
0,fTS,0.159433549052432
0,fTS,0.153724920758694
0,fTS,0.268302504376679
0,fTS,0.136780533169457
0,fTS,0.0961486817507189
0,fTS,0.099664475346762
0,fTS,0.394155139959148
0,fTS,0.141014483451475
0,fTS,0.0790753273758871
0,fTS,0.133579395680453
0,fTS,0.11971973238753
0,fTS,0.212013073187685
0,fTS,0.207483554802913
0,fTS,0.201731748693804
0,fTS,0.358802803814957
0,fTS,0.149365350731667
0,fTS,0.144857062398705
0,fTS,0.666477352826275
0,fTS,0.238116598766332
0,fTS,0.268210620908813
0,fTS,0.0723496864482865
0,fTS,0.304625051282523
0,fTS,0.128342115896162
0,LS_oracle,0.0960478232158756
0,LS_oracle,0.0936320253313197
0,LS_oracle,0.502929819421564
0,LS_oracle,0.109599810942577
0,LS_oracle,0.152344062554357
0,LS_oracle,0.201405424457229
0,LS_oracle,0.155139716010111
0,LS_oracle,0.165862812810567
0,LS_oracle,0.170371682605882
0,LS_oracle,0.279746141351841
0,LS_oracle,0.126378409804279
0,LS_oracle,0.162421356289624
0,LS_oracle,0.113866521567795
0,LS_oracle,0.246587187171629
0,LS_oracle,0.146556491639463
0,LS_oracle,0.125662933212444
0,LS_oracle,0.216974679760687
0,LS_oracle,0.16533753877968
0,LS_oracle,0.125456699838983
0,LS_oracle,0.410941414302871
0,LS_oracle,0.104636477413332
0,LS_oracle,0.218258927704373
0,LS_oracle,0.177357049112173
0,LS_oracle,0.178644682546968
0,LS_oracle,0.119826475256312
0,LS_oracle,0.125637898444067
0,LS_oracle,0.132081762547786
0,LS_oracle,0.115851684988362
0,LS_oracle,0.176123621503915
0,LS_oracle,0.178471366297273
0,LS_oracle,0.130750802438375
0,LS_oracle,0.107726553544203
0,LS_oracle,0.197872219256471
0,LS_oracle,0.119835404344306
0,LS_oracle,0.131053725192667
0,LS_oracle,0.228932287854457
0,LS_oracle,0.126721308889897
0,LS_oracle,0.0897434283279638
0,LS_oracle,0.0819591383876962
0,LS_oracle,0.149432740655734
0,LS_oracle,0.0947626776680856
0,LS_oracle,0.178260180193989
0,LS_oracle,0.063339704538853
0,LS_oracle,0.295771628222178
0,LS_oracle,0.167643988413468
0,LS_oracle,0.196819432609352
0,LS_oracle,0.339093561881869
0,LS_oracle,0.203089854186282
0,LS_oracle,0.400575457948156
0,LS_oracle,0.222599239837884
0,LS_oracle,0.163182041909086
0,LS_oracle,0.109672832898934
0,LS_oracle,0.308440665639165
0,LS_oracle,0.10929716068265
0,LS_oracle,0.131825386235635
0,LS_oracle,0.155205034315235
0,LS_oracle,0.206324905546702
0,LS_oracle,0.809636454401393
0,LS_oracle,0.108916170693262
0,LS_oracle,0.121908023673643
0,LS_oracle,0.085062092638796
0,LS_oracle,0.094224660281009
0,LS_oracle,0.148284758011278
0,LS_oracle,0.201018628566545
0,LS_oracle,0.330327146214887
0,LS_oracle,0.868077748197775
0,LS_oracle,0.0624893856716776
0,LS_oracle,0.209236608535128
0,LS_oracle,0.314728739658153
0,LS_oracle,0.215596397483661
0,LS_oracle,0.156248987296439
0,LS_oracle,0.176381747280063
0,LS_oracle,0.170117513543846
0,LS_oracle,0.351905001243878
0,LS_oracle,0.145168241610805
0,LS_oracle,0.425726017447942
0,LS_oracle,0.110657363007788
0,LS_oracle,0.187586043145168
0,LS_oracle,0.0768163252231601
0,LS_oracle,0.188204830529222
0,LS_oracle,0.138873668983378
0,LS_oracle,0.606653160601906
0,LS_oracle,0.215543574079489
0,LS_oracle,0.141918681675853
0,LS_oracle,0.173247098580352
0,LS_oracle,0.203563340293688
0,LS_oracle,0.126312078528717
0,LS_oracle,0.274581208064525
0,LS_oracle,0.11391979547316
0,LS_oracle,0.133543843126552
0,LS_oracle,0.172820836468861
0,LS_oracle,0.166036419915714
0,LS_oracle,0.235156425268687
0,LS_oracle,0.170281271556781
0,LS_oracle,0.526471529148049
0,LS_oracle,0.105582657690958
0,LS_oracle,0.224934852838545
0,LS_oracle,0.19231785552382
0,LS_oracle,0.455320697614049
0,LS_oracle,0.488209380691581
0,LS_oracle,0.260125589336008
0,LS_oracle,0.145281318058359
0,LS_oracle,0.137590792491688
0,LS_oracle,0.245682088047299
0,LS_oracle,0.175049733414107
0,LS_oracle,0.095605863514017
0,LS_oracle,0.644977778469821
0,LS_oracle,0.193279367063545
0,LS_oracle,0.167567728882878
0,LS_oracle,0.261287965542489
0,LS_oracle,0.528068467553539
0,LS_oracle,0.413947063472528
0,LS_oracle,0.148808163535545
0,LS_oracle,0.261663013437181
0,LS_oracle,0.135759541535412
0,LS_oracle,0.318084438481101
0,LS_oracle,0.172786027062164
0,LS_oracle,0.414641358153729
0,LS_oracle,0.214520390779506
0,LS_oracle,0.0919304647189942
0,LS_oracle,0.430920026824387
0,LS_oracle,0.119878421748057
0,LS_oracle,0.0901763062991744
0,LS_oracle,0.108885696195197
0,LS_oracle,0.0904661431296086
0,LS_oracle,0.105910025566134
0,LS_oracle,0.95547150533541
0,LS_oracle,0.206685706317963
0,LS_oracle,0.114513461801038
0,LS_oracle,0.10412419427062
0,LS_oracle,0.231493317178655
0,LS_oracle,0.137595521575727
0,LS_oracle,0.19707754064044
0,LS_oracle,0.216502956676627
0,LS_oracle,0.206370371996077
0,LS_oracle,0.198343276729354
0,LS_oracle,0.152813519905927
0,LS_oracle,0.66224528537894
0,LS_oracle,0.128001472785389
0,LS_oracle,0.208930623798384
0,LS_oracle,0.281798561875454
0,LS_oracle,0.148620200805113
0,LS_oracle,0.620224433219186
0,LS_oracle,0.197641378921708
0,LS_oracle,0.162665700847559
0,LS_oracle,0.155679164185615
0,LS_oracle,0.664921123503788
0,LS_oracle,0.104322279262518
0,LS_oracle,0.226165711539771
0,LS_oracle,0.140086687280119
0,LS_oracle,0.163583868500599
0,LS_oracle,0.234450669759998
0,LS_oracle,0.148164173263051
0,LS_oracle,0.150179883248621
0,LS_oracle,0.204221167261023
0,LS_oracle,0.149825109687006
0,LS_oracle,0.161937259753781
0,LS_oracle,0.344658703097757
0,LS_oracle,0.203522342279801
0,LS_oracle,0.146769303966797
0,LS_oracle,0.148090290178065
0,LS_oracle,0.116808148556224
0,LS_oracle,0.2052160008926
0,LS_oracle,0.181196669981956
0,LS_oracle,0.14169911405558
0,LS_oracle,0.172449615359553
0,LS_oracle,0.17474069919464
0,LS_oracle,0.141089294947175
0,LS_oracle,0.173612116525418
0,LS_oracle,0.140705716163837
0,LS_oracle,0.203830719437587
0,LS_oracle,0.354250240153644
0,LS_oracle,0.137365645118046
0,LS_oracle,0.0856879380743636
0,LS_oracle,0.138476823982882
0,LS_oracle,0.127235700886431
0,LS_oracle,0.149519461688712
0,LS_oracle,0.159664825565359
0,LS_oracle,0.15339668451446
0,LS_oracle,0.269096384103373
0,LS_oracle,0.132526734242495
0,LS_oracle,0.0959053033736194
0,LS_oracle,0.0978720743405064
0,LS_oracle,0.387908878873691
0,LS_oracle,0.13820329516992
0,LS_oracle,0.0801052515066077
0,LS_oracle,0.135986214596707
0,LS_oracle,0.120387087390123
0,LS_oracle,0.212974452263377
0,LS_oracle,0.209615205921603
0,LS_oracle,0.204330169889667
0,LS_oracle,0.358073352794863
0,LS_oracle,0.149653403816982
0,LS_oracle,0.144934078243974
0,LS_oracle,0.667905288566647
0,LS_oracle,0.238826914704922
0,LS_oracle,0.267430628739266
0,LS_oracle,0.07181761963387
0,LS_oracle,0.305013918982851
0,LS_oracle,0.128731279823097
0,TS_oracle,0.0953190369269191
0,TS_oracle,0.0930474546017627
0,TS_oracle,0.502929819421564
0,TS_oracle,0.108328724721971
0,TS_oracle,0.1524115434938
0,TS_oracle,0.201405424457229
0,TS_oracle,0.155140360184385
0,TS_oracle,0.16564507277644
0,TS_oracle,0.177708988193699
0,TS_oracle,0.279746141351841
0,TS_oracle,0.122606095664511
0,TS_oracle,0.160602468874392
0,TS_oracle,0.11264261098852
0,TS_oracle,0.245691623268862
0,TS_oracle,0.147376408562219
0,TS_oracle,0.125623229039389
0,TS_oracle,0.216974679760687
0,TS_oracle,0.164993778102108
0,TS_oracle,0.125941138428132
0,TS_oracle,0.409018084083237
0,TS_oracle,0.104459832306076
0,TS_oracle,0.219130240346932
0,TS_oracle,0.177357437411935
0,TS_oracle,0.184804497141344
0,TS_oracle,0.119745656846817
0,TS_oracle,0.125272603465341
0,TS_oracle,0.132511523602712
0,TS_oracle,0.116500664774411
0,TS_oracle,0.176116086396353
0,TS_oracle,0.17810851815353
0,TS_oracle,0.134261029581934
0,TS_oracle,0.105826885225508
0,TS_oracle,0.198817583678702
0,TS_oracle,0.1198334775828
0,TS_oracle,0.130977118711446
0,TS_oracle,0.228778486802795
0,TS_oracle,0.126731333744626
0,TS_oracle,0.0896001266380817
0,TS_oracle,0.0827708820506736
0,TS_oracle,0.149432740655734
0,TS_oracle,0.0947566547160836
0,TS_oracle,0.179098100035597
0,TS_oracle,0.063339704538853
0,TS_oracle,0.295771628222178
0,TS_oracle,0.167643988413468
0,TS_oracle,0.19703040384365
0,TS_oracle,0.339150980485233
0,TS_oracle,0.202029236123605
0,TS_oracle,0.400208008066082
0,TS_oracle,0.222600451001114
0,TS_oracle,0.16241746017148
0,TS_oracle,0.109598411606855
0,TS_oracle,0.297224008244597
0,TS_oracle,0.108284725971757
0,TS_oracle,0.138141929236642
0,TS_oracle,0.155204498538621
0,TS_oracle,0.206324905546702
0,TS_oracle,0.810547847285613
0,TS_oracle,0.109939505043066
0,TS_oracle,0.121908023673643
0,TS_oracle,0.08492538944676
0,TS_oracle,0.0936616814930924
0,TS_oracle,0.148291791623496
0,TS_oracle,0.201018628566545
0,TS_oracle,0.330327146214887
0,TS_oracle,0.868115895143204
0,TS_oracle,0.0615082829682785
0,TS_oracle,0.209241099092887
0,TS_oracle,0.315115550477885
0,TS_oracle,0.216166577836588
0,TS_oracle,0.156338438866613
0,TS_oracle,0.176258391827336
0,TS_oracle,0.170140581290505
0,TS_oracle,0.351905308947566
0,TS_oracle,0.145704541911114
0,TS_oracle,0.425726017447942
0,TS_oracle,0.110450657999786
0,TS_oracle,0.192129916554561
0,TS_oracle,0.077185248673457
0,TS_oracle,0.188218353108943
0,TS_oracle,0.138804701887974
0,TS_oracle,0.606756243901574
0,TS_oracle,0.215532040282894
0,TS_oracle,0.142337405985979
0,TS_oracle,0.16944782903813
0,TS_oracle,0.199557226678871
0,TS_oracle,0.126341935538906
0,TS_oracle,0.274581208064525
0,TS_oracle,0.11391979547316
0,TS_oracle,0.13371224331358
0,TS_oracle,0.174507746353072
0,TS_oracle,0.166036419915714
0,TS_oracle,0.235187936424652
0,TS_oracle,0.170281271556781
0,TS_oracle,0.526471564766076
0,TS_oracle,0.105664190401263
0,TS_oracle,0.224934852838545
0,TS_oracle,0.192320392342677
0,TS_oracle,0.453623634855325
0,TS_oracle,0.488549578495726
0,TS_oracle,0.260125589336008
0,TS_oracle,0.145501344898585
0,TS_oracle,0.137570119059731
0,TS_oracle,0.245682088047299
0,TS_oracle,0.175023970710572
0,TS_oracle,0.095669134505743
0,TS_oracle,0.645395672051923
0,TS_oracle,0.193120162463969
0,TS_oracle,0.167625350873119
0,TS_oracle,0.261287965542489
0,TS_oracle,0.528074659398777
0,TS_oracle,0.413932344973684
0,TS_oracle,0.145894963017681
0,TS_oracle,0.261158067036025
0,TS_oracle,0.136064372913593
0,TS_oracle,0.318109637995973
0,TS_oracle,0.172805031763538
0,TS_oracle,0.409863470014239
0,TS_oracle,0.214520002486392
0,TS_oracle,0.0922573390304594
0,TS_oracle,0.431399644297584
0,TS_oracle,0.118640864170328
0,TS_oracle,0.0901877321064176
0,TS_oracle,0.108885213153166
0,TS_oracle,0.0902949901282652
0,TS_oracle,0.105907961099784
0,TS_oracle,0.958310737587483
0,TS_oracle,0.206685706317963
0,TS_oracle,0.112398633910402
0,TS_oracle,0.103750970708221
0,TS_oracle,0.231521539778333
0,TS_oracle,0.137595521575727
0,TS_oracle,0.197058098937363
0,TS_oracle,0.21651933672904
0,TS_oracle,0.206128205838838
0,TS_oracle,0.198347148154264
0,TS_oracle,0.153007599887692
0,TS_oracle,0.662258754913306
0,TS_oracle,0.128549649643342
0,TS_oracle,0.208968550409429
0,TS_oracle,0.283345923028902
0,TS_oracle,0.148399292682892
0,TS_oracle,0.614060615116086
0,TS_oracle,0.198003485873727
0,TS_oracle,0.162676911424492
0,TS_oracle,0.155679164185615
0,TS_oracle,0.664921123503788
0,TS_oracle,0.104322279262518
0,TS_oracle,0.226231006480588
0,TS_oracle,0.141700484950619
0,TS_oracle,0.17005887216869
0,TS_oracle,0.233878490537776
0,TS_oracle,0.148234510882345
0,TS_oracle,0.148586127005008
0,TS_oracle,0.203325472653997
0,TS_oracle,0.149523084049923
0,TS_oracle,0.161816644223755
0,TS_oracle,0.344826400583024
0,TS_oracle,0.203148717868955
0,TS_oracle,0.144245010431044
0,TS_oracle,0.148069553156221
0,TS_oracle,0.1161888657648
0,TS_oracle,0.205184548917496
0,TS_oracle,0.172993404354599
0,TS_oracle,0.14169911405558
0,TS_oracle,0.170950188349561
0,TS_oracle,0.174709565312052
0,TS_oracle,0.141070919091863
0,TS_oracle,0.176940869531512
0,TS_oracle,0.140705716163837
0,TS_oracle,0.181020796325207
0,TS_oracle,0.354172783994052
0,TS_oracle,0.137270543875517
0,TS_oracle,0.0856879380743636
0,TS_oracle,0.138458856837481
0,TS_oracle,0.127306816481289
0,TS_oracle,0.150232811406148
0,TS_oracle,0.159664825565359
0,TS_oracle,0.153460811160412
0,TS_oracle,0.269098975331842
0,TS_oracle,0.133038238866819
0,TS_oracle,0.0959053033736194
0,TS_oracle,0.0978830063410696
0,TS_oracle,0.387908878873691
0,TS_oracle,0.138202319996695
0,TS_oracle,0.0801993576815191
0,TS_oracle,0.137337764726616
0,TS_oracle,0.120812023369012
0,TS_oracle,0.212974452263377
0,TS_oracle,0.209615205921603
0,TS_oracle,0.203446887277271
0,TS_oracle,0.358003296957695
0,TS_oracle,0.14997604871261
0,TS_oracle,0.144934078243974
0,TS_oracle,0.66693419345263
0,TS_oracle,0.238826914704922
0,TS_oracle,0.267276319101222
0,TS_oracle,0.0724172165296774
0,TS_oracle,0.305013918982851
0,TS_oracle,0.128215198730472
0.1,PLS,0.140171912592827
0.1,PLS,0.149267064227872
0.1,PLS,0.0753941359001936
0.1,PLS,0.762121233868052
0.1,PLS,0.435823562391637
0.1,PLS,0.205732736491539
0.1,PLS,0.130199892747906
0.1,PLS,0.177263398608456
0.1,PLS,0.0877027876649282
0.1,PLS,0.134264207359411
0.1,PLS,0.0775544149298618
0.1,PLS,0.169622790649629
0.1,PLS,0.16657703413361
0.1,PLS,0.357233027507859
0.1,PLS,0.125057836055778
0.1,PLS,0.274038296555738
0.1,PLS,0.136963188665348
0.1,PLS,0.32137418299706
0.1,PLS,0.648249048994282
0.1,PLS,0.260887412165784
0.1,PLS,0.353690116527812
0.1,PLS,0.148572418884005
0.1,PLS,0.115658477230336
0.1,PLS,0.137780156535362
0.1,PLS,0.133271745556859
0.1,PLS,0.0988818783585104
0.1,PLS,0.112321114420071
0.1,PLS,0.258912863340313
0.1,PLS,0.152271255382038
0.1,PLS,0.106740666592487
0.1,PLS,0.134223459935897
0.1,PLS,0.16310349351054
0.1,PLS,0.146016411969341
0.1,PLS,0.175752044432456
0.1,PLS,0.258783990627457
0.1,PLS,0.180931014423508
0.1,PLS,0.698798221957482
0.1,PLS,0.172063869690874
0.1,PLS,0.750743696083462
0.1,PLS,0.10682197699263
0.1,PLS,0.157838810055943
0.1,PLS,0.230250989939225
0.1,PLS,0.443735274261677
0.1,PLS,0.224611290918511
0.1,PLS,0.297002754587454
0.1,PLS,0.160831223065906
0.1,PLS,0.11833832789983
0.1,PLS,0.142272513451881
0.1,PLS,0.217925397677723
0.1,PLS,0.140328613008756
0.1,PLS,0.0991785478591309
0.1,PLS,0.196588337431247
0.1,PLS,0.0915205346086583
0.1,PLS,0.148546428493562
0.1,PLS,0.134777900929186
0.1,PLS,0.0936931375186518
0.1,PLS,0.168187950751794
0.1,PLS,0.178197459059693
0.1,PLS,0.452682603947381
0.1,PLS,0.133106987999914
0.1,PLS,0.253341982182713
0.1,PLS,0.131152829302463
0.1,PLS,0.194280931510216
0.1,PLS,0.104388690213617
0.1,PLS,0.640091531573864
0.1,PLS,0.142699132768529
0.1,PLS,0.458610194594141
0.1,PLS,0.298410627658536
0.1,PLS,0.1456215328345
0.1,PLS,0.245733469869347
0.1,PLS,0.229374786645479
0.1,PLS,0.0988644916893458
0.1,PLS,0.127920210352015
0.1,PLS,0.191909511709759
0.1,PLS,0.148534352303305
0.1,PLS,0.269943824245158
0.1,PLS,0.153093872920068
0.1,PLS,0.183910165983714
0.1,PLS,0.142968643769493
0.1,PLS,0.103806947325201
0.1,PLS,0.25416537395728
0.1,PLS,0.176722120476643
0.1,PLS,0.577664540086568
0.1,PLS,0.0998120739001653
0.1,PLS,0.174096706709748
0.1,PLS,0.0974841047432524
0.1,PLS,0.171514649339974
0.1,PLS,0.0937073346700436
0.1,PLS,0.0952268886322059
0.1,PLS,0.137098822540127
0.1,PLS,0.206922137465545
0.1,PLS,0.176835930413692
0.1,PLS,0.161203925221806
0.1,PLS,0.09011309458338
0.1,PLS,0.208430628321545
0.1,PLS,0.115061704692409
0.1,PLS,0.457116400492705
0.1,PLS,0.173041683571316
0.1,PLS,0.175749745500319
0.1,PLS,0.177247738524558
0.1,PLS,0.377752037688673
0.1,PLS,0.0551312817997536
0.1,PLS,0.171464493455514
0.1,PLS,0.140985118054161
0.1,PLS,0.22423481850473
0.1,PLS,0.228017803458669
0.1,PLS,0.166985458270759
0.1,PLS,0.161452108046805
0.1,PLS,0.260480309974796
0.1,PLS,0.259743528146022
0.1,PLS,0.253321883338468
0.1,PLS,0.187788697432642
0.1,PLS,0.312489079562511
0.1,PLS,0.135755247082813
0.1,PLS,0.0887882217152339
0.1,PLS,0.144708999956007
0.1,PLS,0.274416100753459
0.1,PLS,0.246663732881561
0.1,PLS,0.141732394312669
0.1,PLS,0.272901649128454
0.1,PLS,0.318831532091525
0.1,PLS,0.114728427774519
0.1,PLS,0.199772421061929
0.1,PLS,0.125470858527146
0.1,PLS,0.308230511033947
0.1,PLS,0.168626343333672
0.1,PLS,0.207034685937422
0.1,PLS,0.186973727126572
0.1,PLS,0.343485629088404
0.1,PLS,0.151930895255536
0.1,PLS,0.141388247172953
0.1,PLS,0.491599896057619
0.1,PLS,0.076407944559728
0.1,PLS,0.119583870202357
0.1,PLS,1.01386549260444
0.1,PLS,0.165013733087295
0.1,PLS,0.221103997712276
0.1,PLS,0.114840134282918
0.1,PLS,0.10459184637936
0.1,PLS,0.165014653363407
0.1,PLS,0.246033668570861
0.1,PLS,0.252678946546447
0.1,PLS,0.208951004171048
0.1,PLS,0.150842237998135
0.1,PLS,0.110339232237851
0.1,PLS,0.26288127375769
0.1,PLS,0.135646913193535
0.1,PLS,0.136201155602569
0.1,PLS,0.0823964211739861
0.1,PLS,0.0983559090324346
0.1,PLS,0.288813997276993
0.1,PLS,0.914883418341068
0.1,PLS,0.191658342537782
0.1,PLS,0.232990555997585
0.1,PLS,0.162175354980679
0.1,PLS,0.188634740871286
0.1,PLS,0.198464136957839
0.1,PLS,0.0978539565401214
0.1,PLS,0.377327766708125
0.1,PLS,0.177304843562318
0.1,PLS,0.202019078227977
0.1,PLS,0.149306884904799
0.1,PLS,0.115515447367718
0.1,PLS,0.258574303692816
0.1,PLS,0.0904922978486556
0.1,PLS,0.241056515324291
0.1,PLS,0.164563098927407
0.1,PLS,0.205595638665677
0.1,PLS,0.210930234012969
0.1,PLS,0.16223277014075
0.1,PLS,0.439532808651168
0.1,PLS,0.209534036681653
0.1,PLS,0.267730093680711
0.1,PLS,0.115921845638347
0.1,PLS,0.207896182307015
0.1,PLS,0.216713547706195
0.1,PLS,0.147150665990557
0.1,PLS,0.21881008995678
0.1,PLS,0.10938733297294
0.1,PLS,0.205846077878559
0.1,PLS,0.314797076290132
0.1,PLS,0.169161692636583
0.1,PLS,0.178404536285283
0.1,PLS,0.190234156657519
0.1,PLS,0.160923863992584
0.1,PLS,0.270716219293558
0.1,PLS,0.276524261496604
0.1,PLS,0.152452416305627
0.1,PLS,0.167248938774943
0.1,PLS,0.176636026895041
0.1,PLS,0.30100008437446
0.1,PLS,0.150671754486609
0.1,PLS,0.194188721138681
0.1,PLS,0.734448938211929
0.1,PLS,0.117831636309485
0.1,PLS,0.168832550025112
0.1,PLS,0.152781096976797
0.1,PLS,0.172451191476365
0.1,PLS,0.195808435787293
0.1,PLS,0.196397021574033
0.1,fTS,0.1400959226028
0.1,fTS,0.149632032815962
0.1,fTS,0.0753941359001936
0.1,fTS,0.760636624221986
0.1,fTS,0.435823562391637
0.1,fTS,0.205771661046867
0.1,fTS,0.125674489413547
0.1,fTS,0.163957014764894
0.1,fTS,0.084789593703877
0.1,fTS,0.134264207359411
0.1,fTS,0.0775544149298618
0.1,fTS,0.170081564219159
0.1,fTS,0.16657703413361
0.1,fTS,0.347585787592135
0.1,fTS,0.125057836055778
0.1,fTS,0.274747231852138
0.1,fTS,0.136421549254434
0.1,fTS,0.32172303481569
0.1,fTS,0.648249048994282
0.1,fTS,0.256821469701143
0.1,fTS,0.346497839970084
0.1,fTS,0.148041400447871
0.1,fTS,0.116607343246436
0.1,fTS,0.137277242628864
0.1,fTS,0.138710631312591
0.1,fTS,0.0989716730551298
0.1,fTS,0.112321114420071
0.1,fTS,0.255135482695393
0.1,fTS,0.13985846289587
0.1,fTS,0.110183525162527
0.1,fTS,0.15208717734453
0.1,fTS,0.164286127333407
0.1,fTS,0.145814020157801
0.1,fTS,0.175775432982537
0.1,fTS,0.258783990627457
0.1,fTS,0.188984104209423
0.1,fTS,0.699403070047922
0.1,fTS,0.172063869690874
0.1,fTS,0.75022891906152
0.1,fTS,0.107500042118017
0.1,fTS,0.157838810055943
0.1,fTS,0.230250989939225
0.1,fTS,0.443287348852125
0.1,fTS,0.224611290918511
0.1,fTS,0.164159873149804
0.1,fTS,0.160831223065906
0.1,fTS,0.119092834673278
0.1,fTS,0.139990741617552
0.1,fTS,0.217967640445503
0.1,fTS,0.140653953906507
0.1,fTS,0.0991785478591309
0.1,fTS,0.196429367917524
0.1,fTS,0.0915205346086583
0.1,fTS,0.148546428493562
0.1,fTS,0.131377730476688
0.1,fTS,0.0936847381716959
0.1,fTS,0.169635824823056
0.1,fTS,0.178197459059693
0.1,fTS,0.448381420596482
0.1,fTS,0.133106987999914
0.1,fTS,0.249204128071896
0.1,fTS,0.130279181867253
0.1,fTS,0.198153606181973
0.1,fTS,0.104532501088585
0.1,fTS,0.640086852464377
0.1,fTS,0.143150909760793
0.1,fTS,0.457138959303191
0.1,fTS,0.298410627658536
0.1,fTS,0.148626423366006
0.1,fTS,0.243565936086123
0.1,fTS,0.22919378106017
0.1,fTS,0.108139418732687
0.1,fTS,0.127920210352015
0.1,fTS,0.199682690156533
0.1,fTS,0.147105189059523
0.1,fTS,0.264645514864952
0.1,fTS,0.153093872920068
0.1,fTS,0.183910165983714
0.1,fTS,0.143247461659512
0.1,fTS,0.102730070551871
0.1,fTS,0.25244828161473
0.1,fTS,0.174907409014924
0.1,fTS,0.578249520467503
0.1,fTS,0.0998120739001653
0.1,fTS,0.174096706709748
0.1,fTS,0.0974841047432524
0.1,fTS,0.171213974957928
0.1,fTS,0.0936945785207056
0.1,fTS,0.0928183269813118
0.1,fTS,0.137098822540127
0.1,fTS,0.206922137465545
0.1,fTS,0.164016286756198
0.1,fTS,0.160609837961374
0.1,fTS,0.0900075558290659
0.1,fTS,0.207091554036895
0.1,fTS,0.109227813389996
0.1,fTS,0.456308498821268
0.1,fTS,0.176128753039829
0.1,fTS,0.174461823677139
0.1,fTS,0.177231032724386
0.1,fTS,0.370695294523073
0.1,fTS,0.0551312817997536
0.1,fTS,0.171522142247985
0.1,fTS,0.140985118054161
0.1,fTS,0.223716008369387
0.1,fTS,0.220721421892957
0.1,fTS,0.166138626427765
0.1,fTS,0.163704727192588
0.1,fTS,0.272483038750222
0.1,fTS,0.23419573850439
0.1,fTS,0.252002335591473
0.1,fTS,0.187788697432642
0.1,fTS,0.289414579806029
0.1,fTS,0.133960780254952
0.1,fTS,0.0894147891312304
0.1,fTS,0.144708999956007
0.1,fTS,0.274813822839504
0.1,fTS,0.248951433042389
0.1,fTS,0.14220555653264
0.1,fTS,0.273381676440396
0.1,fTS,0.318831532091525
0.1,fTS,0.114728427774519
0.1,fTS,0.199772421061929
0.1,fTS,0.129533514142036
0.1,fTS,0.308193056344802
0.1,fTS,0.168626343333672
0.1,fTS,0.206385582621651
0.1,fTS,0.187287871221693
0.1,fTS,0.343485629088404
0.1,fTS,0.151930895255536
0.1,fTS,0.141445893383125
0.1,fTS,0.491599896057619
0.1,fTS,0.0748885103272471
0.1,fTS,0.119583870202357
0.1,fTS,1.01559856394684
0.1,fTS,0.160127509874667
0.1,fTS,0.216586374913082
0.1,fTS,0.114728965742487
0.1,fTS,0.107090858045584
0.1,fTS,0.169512503508491
0.1,fTS,0.250359833454316
0.1,fTS,0.247680953665257
0.1,fTS,0.208389240056776
0.1,fTS,0.16087463176347
0.1,fTS,0.112900796898596
0.1,fTS,0.265886038028013
0.1,fTS,0.135835472777819
0.1,fTS,0.13884967134725
0.1,fTS,0.0810628360254804
0.1,fTS,0.0973208623966277
0.1,fTS,0.288813997276993
0.1,fTS,0.894565878426755
0.1,fTS,0.197981052667726
0.1,fTS,0.229144549210333
0.1,fTS,0.167422204722384
0.1,fTS,0.196381567415736
0.1,fTS,0.195813591256954
0.1,fTS,0.0978499893434359
0.1,fTS,0.378247090048228
0.1,fTS,0.177304843562318
0.1,fTS,0.207398848295518
0.1,fTS,0.149306884904799
0.1,fTS,0.115515447367718
0.1,fTS,0.254593065573222
0.1,fTS,0.0896626799122551
0.1,fTS,0.236820272785542
0.1,fTS,0.160889493176216
0.1,fTS,0.199459070939379
0.1,fTS,0.20469003768395
0.1,fTS,0.150730298759867
0.1,fTS,0.436188135860629
0.1,fTS,0.206969583120448
0.1,fTS,0.267746650600155
0.1,fTS,0.113046110474944
0.1,fTS,0.207896182307015
0.1,fTS,0.215131141935546
0.1,fTS,0.147150665990557
0.1,fTS,0.21881008995678
0.1,fTS,0.109808874703192
0.1,fTS,0.209046362980741
0.1,fTS,0.314973001624937
0.1,fTS,0.167953792022333
0.1,fTS,0.178590787593871
0.1,fTS,0.190234156657519
0.1,fTS,0.15217310058764
0.1,fTS,0.222182731989121
0.1,fTS,0.276524261496604
0.1,fTS,0.152744827778555
0.1,fTS,0.167778149824727
0.1,fTS,0.177828813118381
0.1,fTS,0.30100008437446
0.1,fTS,0.150748453046568
0.1,fTS,0.209864900029192
0.1,fTS,0.733684591506018
0.1,fTS,0.114171280182686
0.1,fTS,0.16836073932591
0.1,fTS,0.151582457053244
0.1,fTS,0.188725517503328
0.1,fTS,0.185927139771406
0.1,fTS,0.196397021574033
0.1,LS_oracle,0.140584819031024
0.1,LS_oracle,0.14876387071325
0.1,LS_oracle,0.0756125074587976
0.1,LS_oracle,0.756396917927487
0.1,LS_oracle,0.43952459761465
0.1,LS_oracle,0.203722795383067
0.1,LS_oracle,0.13128471469509
0.1,LS_oracle,0.17730716022065
0.1,LS_oracle,0.0883576370351466
0.1,LS_oracle,0.140822403573549
0.1,LS_oracle,0.0769865601030897
0.1,LS_oracle,0.170548207024783
0.1,LS_oracle,0.161079632184118
0.1,LS_oracle,0.355041198288015
0.1,LS_oracle,0.117886390513222
0.1,LS_oracle,0.274057919312075
0.1,LS_oracle,0.136965407930666
0.1,LS_oracle,0.32000371433939
0.1,LS_oracle,0.640978637725866
0.1,LS_oracle,0.262020027573826
0.1,LS_oracle,0.365730054353848
0.1,LS_oracle,0.152450462640805
0.1,LS_oracle,0.114975177223152
0.1,LS_oracle,0.137506294047741
0.1,LS_oracle,0.130482281436802
0.1,LS_oracle,0.0957654405638053
0.1,LS_oracle,0.11124774442743
0.1,LS_oracle,0.258809447737566
0.1,LS_oracle,0.152015815673377
0.1,LS_oracle,0.108106763821414
0.1,LS_oracle,0.133927087593065
0.1,LS_oracle,0.16229898781738
0.1,LS_oracle,0.146474401468473
0.1,LS_oracle,0.176824485812928
0.1,LS_oracle,0.260042632871584
0.1,LS_oracle,0.180496715013163
0.1,LS_oracle,0.706815643581346
0.1,LS_oracle,0.164350602710668
0.1,LS_oracle,0.751048325968081
0.1,LS_oracle,0.106792982989062
0.1,LS_oracle,0.156876615478312
0.1,LS_oracle,0.251868495482028
0.1,LS_oracle,0.447278764286641
0.1,LS_oracle,0.224586382975748
0.1,LS_oracle,0.159069288812868
0.1,LS_oracle,0.162398123987384
0.1,LS_oracle,0.120055980667604
0.1,LS_oracle,0.145950449809146
0.1,LS_oracle,0.217857970691228
0.1,LS_oracle,0.137780206482361
0.1,LS_oracle,0.099727689130264
0.1,LS_oracle,0.197539451373203
0.1,LS_oracle,0.0920975416373293
0.1,LS_oracle,0.145507870164636
0.1,LS_oracle,0.134100616239923
0.1,LS_oracle,0.0864162107632348
0.1,LS_oracle,0.168111734276822
0.1,LS_oracle,0.176372566470323
0.1,LS_oracle,0.451842056025147
0.1,LS_oracle,0.137575107708995
0.1,LS_oracle,0.257461078505846
0.1,LS_oracle,0.132397595967745
0.1,LS_oracle,0.192795094693512
0.1,LS_oracle,0.104691789233218
0.1,LS_oracle,0.639416363373036
0.1,LS_oracle,0.142811422401559
0.1,LS_oracle,0.463848609580214
0.1,LS_oracle,0.297911008209898
0.1,LS_oracle,0.145374681014388
0.1,LS_oracle,0.236131535796559
0.1,LS_oracle,0.241771192223661
0.1,LS_oracle,0.0964930766552876
0.1,LS_oracle,0.127480479589941
0.1,LS_oracle,0.197009601428901
0.1,LS_oracle,0.148470137048672
0.1,LS_oracle,0.269890360599925
0.1,LS_oracle,0.153806409496943
0.1,LS_oracle,0.183013100889972
0.1,LS_oracle,0.141196402433076
0.1,LS_oracle,0.103989585077348
0.1,LS_oracle,0.250141950754334
0.1,LS_oracle,0.172465508654272
0.1,LS_oracle,0.577952828128098
0.1,LS_oracle,0.0990134415102097
0.1,LS_oracle,0.175463793727109
0.1,LS_oracle,0.0965096363364899
0.1,LS_oracle,0.17042290401084
0.1,LS_oracle,0.0941016948101617
0.1,LS_oracle,0.0992833680456942
0.1,LS_oracle,0.136090254772167
0.1,LS_oracle,0.207223973299436
0.1,LS_oracle,0.179245768704559
0.1,LS_oracle,0.163998806101027
0.1,LS_oracle,0.0962605734850892
0.1,LS_oracle,0.207469427653922
0.1,LS_oracle,0.114908527777002
0.1,LS_oracle,0.457307058663147
0.1,LS_oracle,0.654034955324431
0.1,LS_oracle,0.174189564041884
0.1,LS_oracle,0.176908226501992
0.1,LS_oracle,0.377676069666714
0.1,LS_oracle,0.0551311374404555
0.1,LS_oracle,0.171668207310811
0.1,LS_oracle,0.140996061155617
0.1,LS_oracle,0.223401446698844
0.1,LS_oracle,0.222480469683692
0.1,LS_oracle,0.166945922031455
0.1,LS_oracle,0.159840946782413
0.1,LS_oracle,0.254386755224336
0.1,LS_oracle,0.258281923062819
0.1,LS_oracle,0.251708822583741
0.1,LS_oracle,0.184625467026648
0.1,LS_oracle,0.308035031571153
0.1,LS_oracle,0.134517815018716
0.1,LS_oracle,0.0887239929194614
0.1,LS_oracle,0.146261129016925
0.1,LS_oracle,0.275425181432375
0.1,LS_oracle,0.246361953440068
0.1,LS_oracle,0.139358136090187
0.1,LS_oracle,0.273231777890238
0.1,LS_oracle,0.321929040973873
0.1,LS_oracle,0.117081530704261
0.1,LS_oracle,0.199322821385223
0.1,LS_oracle,0.125428910066226
0.1,LS_oracle,0.308211754788479
0.1,LS_oracle,0.16414545978552
0.1,LS_oracle,0.209210567846801
0.1,LS_oracle,0.18719734017566
0.1,LS_oracle,0.343977741225046
0.1,LS_oracle,0.151481228133448
0.1,LS_oracle,0.141994690871338
0.1,LS_oracle,0.489401113890164
0.1,LS_oracle,0.0799881009165438
0.1,LS_oracle,0.119581569147135
0.1,LS_oracle,1.01363887198986
0.1,LS_oracle,0.164877378792154
0.1,LS_oracle,0.22070253164008
0.1,LS_oracle,0.114720315866262
0.1,LS_oracle,0.104116109136644
0.1,LS_oracle,0.16679355005998
0.1,LS_oracle,0.245945614502646
0.1,LS_oracle,0.251548602870465
0.1,LS_oracle,0.20990121703924
0.1,LS_oracle,0.151324735562285
0.1,LS_oracle,0.112384026038977
0.1,LS_oracle,0.261787237701065
0.1,LS_oracle,0.136738089694462
0.1,LS_oracle,0.134483004948765
0.1,LS_oracle,0.0816073932317032
0.1,LS_oracle,0.0978761830432036
0.1,LS_oracle,0.288629406029745
0.1,LS_oracle,0.309239686745528
0.1,LS_oracle,0.193718505825344
0.1,LS_oracle,0.22990392610805
0.1,LS_oracle,0.162120425537797
0.1,LS_oracle,0.187654192927501
0.1,LS_oracle,0.198056828402435
0.1,LS_oracle,0.0976743634485955
0.1,LS_oracle,0.37901130818346
0.1,LS_oracle,0.177780871125816
0.1,LS_oracle,0.203743192385755
0.1,LS_oracle,0.148787547633075
0.1,LS_oracle,0.112822943084129
0.1,LS_oracle,0.259112691516362
0.1,LS_oracle,0.0938042994772015
0.1,LS_oracle,0.241107550672721
0.1,LS_oracle,0.158033647339864
0.1,LS_oracle,0.205549822392887
0.1,LS_oracle,0.209264528693804
0.1,LS_oracle,0.162500282544997
0.1,LS_oracle,0.445379143106704
0.1,LS_oracle,0.210179721287883
0.1,LS_oracle,0.163859190322192
0.1,LS_oracle,0.115775984211022
0.1,LS_oracle,0.202161843838279
0.1,LS_oracle,0.218255572308475
0.1,LS_oracle,0.14901198290636
0.1,LS_oracle,0.219887979658113
0.1,LS_oracle,0.110176888719446
0.1,LS_oracle,0.201762399785935
0.1,LS_oracle,0.310593504154017
0.1,LS_oracle,0.168155757997344
0.1,LS_oracle,0.693923993877827
0.1,LS_oracle,0.193726842614725
0.1,LS_oracle,0.160293270602031
0.1,LS_oracle,0.270523767428267
0.1,LS_oracle,0.277306856352119
0.1,LS_oracle,0.153763717991246
0.1,LS_oracle,0.159583308587891
0.1,LS_oracle,0.179014810910017
0.1,LS_oracle,0.299983897406173
0.1,LS_oracle,0.149506511787039
0.1,LS_oracle,0.189413740227863
0.1,LS_oracle,0.735457048746314
0.1,LS_oracle,0.120601120635061
0.1,LS_oracle,0.168376117657726
0.1,LS_oracle,0.154660748078982
0.1,LS_oracle,0.169652274764352
0.1,LS_oracle,0.196054896616401
0.1,LS_oracle,0.196643129954103
0.1,TS_oracle,0.140427838296517
0.1,TS_oracle,0.148938036201671
0.1,TS_oracle,0.0756125074587976
0.1,TS_oracle,0.755275333781317
0.1,TS_oracle,0.43952459761465
0.1,TS_oracle,0.203722795383067
0.1,TS_oracle,0.127986647844838
0.1,TS_oracle,0.164731465513031
0.1,TS_oracle,0.085257441469004
0.1,TS_oracle,0.143468499853312
0.1,TS_oracle,0.0769865601030898
0.1,TS_oracle,0.17048182671418
0.1,TS_oracle,0.161079632184118
0.1,TS_oracle,0.3494762171372
0.1,TS_oracle,0.117886390513222
0.1,TS_oracle,0.275038950970256
0.1,TS_oracle,0.136420817418228
0.1,TS_oracle,0.32000371433939
0.1,TS_oracle,0.640978637725866
0.1,TS_oracle,0.25794246220242
0.1,TS_oracle,0.360751314722984
0.1,TS_oracle,0.151646056344507
0.1,TS_oracle,0.115237274357801
0.1,TS_oracle,0.137040794845639
0.1,TS_oracle,0.130482281436802
0.1,TS_oracle,0.0960770621352075
0.1,TS_oracle,0.11124774442743
0.1,TS_oracle,0.258809447737566
0.1,TS_oracle,0.139947580717508
0.1,TS_oracle,0.108106763821414
0.1,TS_oracle,0.151778744415674
0.1,TS_oracle,0.163505662022628
0.1,TS_oracle,0.145096574173929
0.1,TS_oracle,0.176847120775363
0.1,TS_oracle,0.260042632871584
0.1,TS_oracle,0.187806067550967
0.1,TS_oracle,0.706937906503265
0.1,TS_oracle,0.164350602710668
0.1,TS_oracle,0.750495110439943
0.1,TS_oracle,0.107732616953784
0.1,TS_oracle,0.156876615478312
0.1,TS_oracle,0.251868495482028
0.1,TS_oracle,0.447278764286641
0.1,TS_oracle,0.224586382975748
0.1,TS_oracle,0.163558976551055
0.1,TS_oracle,0.162398123987384
0.1,TS_oracle,0.121047312098738
0.1,TS_oracle,0.143512255978822
0.1,TS_oracle,0.217922257619112
0.1,TS_oracle,0.137780206482361
0.1,TS_oracle,0.099727689130264
0.1,TS_oracle,0.197603488213313
0.1,TS_oracle,0.0920975416373293
0.1,TS_oracle,0.145489956603275
0.1,TS_oracle,0.130842949452834
0.1,TS_oracle,0.0863690477990497
0.1,TS_oracle,0.169169890001435
0.1,TS_oracle,0.176372566470323
0.1,TS_oracle,0.449371492705053
0.1,TS_oracle,0.137575107708995
0.1,TS_oracle,0.252699986156089
0.1,TS_oracle,0.132397595967745
0.1,TS_oracle,0.197985168856653
0.1,TS_oracle,0.104804983785864
0.1,TS_oracle,0.639421249956268
0.1,TS_oracle,0.143257027994349
0.1,TS_oracle,0.463848609580214
0.1,TS_oracle,0.297911008209898
0.1,TS_oracle,0.148089523504988
0.1,TS_oracle,0.235810883225444
0.1,TS_oracle,0.241771192223661
0.1,TS_oracle,0.0962923910365814
0.1,TS_oracle,0.127480479589941
0.1,TS_oracle,0.203792921630185
0.1,TS_oracle,0.147069646593695
0.1,TS_oracle,0.264612236987589
0.1,TS_oracle,0.153749747270793
0.1,TS_oracle,0.183013100889972
0.1,TS_oracle,0.141196402433076
0.1,TS_oracle,0.102978740526858
0.1,TS_oracle,0.246998487388971
0.1,TS_oracle,0.175020235245566
0.1,TS_oracle,0.578485687475648
0.1,TS_oracle,0.0990134415102097
0.1,TS_oracle,0.175463793727109
0.1,TS_oracle,0.0965096363364899
0.1,TS_oracle,0.17042290401084
0.1,TS_oracle,0.0941361170917654
0.1,TS_oracle,0.0944143078174582
0.1,TS_oracle,0.136090254772167
0.1,TS_oracle,0.211498110371656
0.1,TS_oracle,0.166514636270408
0.1,TS_oracle,0.163372422354175
0.1,TS_oracle,0.0961144785588571
0.1,TS_oracle,0.207281905928798
0.1,TS_oracle,0.109542405042349
0.1,TS_oracle,0.456456642791988
0.1,TS_oracle,0.659509524747669
0.1,TS_oracle,0.172324345191053
0.1,TS_oracle,0.176893508772091
0.1,TS_oracle,0.370974598856486
0.1,TS_oracle,0.0551311374404555
0.1,TS_oracle,0.171689016256923
0.1,TS_oracle,0.140996061155617
0.1,TS_oracle,0.223401446698844
0.1,TS_oracle,0.211001532780308
0.1,TS_oracle,0.166118244695425
0.1,TS_oracle,0.161443308856329
0.1,TS_oracle,0.270116366290933
0.1,TS_oracle,0.233981607150066
0.1,TS_oracle,0.250388119031039
0.1,TS_oracle,0.184927086883266
0.1,TS_oracle,0.289504777947733
0.1,TS_oracle,0.132843343187419
0.1,TS_oracle,0.089288299825912
0.1,TS_oracle,0.146261129016925
0.1,TS_oracle,0.275712662931246
0.1,TS_oracle,0.248570123134179
0.1,TS_oracle,0.139671450787911
0.1,TS_oracle,0.27379045483265
0.1,TS_oracle,0.321929040973873
0.1,TS_oracle,0.117081530704261
0.1,TS_oracle,0.199322821385223
0.1,TS_oracle,0.129527723623488
0.1,TS_oracle,0.308175192267804
0.1,TS_oracle,0.165719042027973
0.1,TS_oracle,0.209462238683403
0.1,TS_oracle,0.187164647704295
0.1,TS_oracle,0.344558610543478
0.1,TS_oracle,0.151481228133448
0.1,TS_oracle,0.14205013578451
0.1,TS_oracle,0.489401113890164
0.1,TS_oracle,0.0786527475480312
0.1,TS_oracle,0.119581569147135
0.1,TS_oracle,1.01401605678038
0.1,TS_oracle,0.159907865658667
0.1,TS_oracle,0.218154169057602
0.1,TS_oracle,0.114599689900279
0.1,TS_oracle,0.106266811251178
0.1,TS_oracle,0.171849903492731
0.1,TS_oracle,0.251584741340555
0.1,TS_oracle,0.245951967732779
0.1,TS_oracle,0.208640486181517
0.1,TS_oracle,0.162256466623406
0.1,TS_oracle,0.114339954393368
0.1,TS_oracle,0.264599768881923
0.1,TS_oracle,0.137058107811765
0.1,TS_oracle,0.138399102058965
0.1,TS_oracle,0.0803669161346264
0.1,TS_oracle,0.0939450288131793
0.1,TS_oracle,0.288629406029745
0.1,TS_oracle,0.287710422315179
0.1,TS_oracle,0.199941321096218
0.1,TS_oracle,0.226641758972874
0.1,TS_oracle,0.167345995073754
0.1,TS_oracle,0.195680669039925
0.1,TS_oracle,0.195288333820542
0.1,TS_oracle,0.0976753823249826
0.1,TS_oracle,0.379026712381242
0.1,TS_oracle,0.177780871125816
0.1,TS_oracle,0.207482505691216
0.1,TS_oracle,0.148787547633075
0.1,TS_oracle,0.112822943084129
0.1,TS_oracle,0.255202092421537
0.1,TS_oracle,0.0936992599222998
0.1,TS_oracle,0.238575331091983
0.1,TS_oracle,0.152995625151059
0.1,TS_oracle,0.199348440554037
0.1,TS_oracle,0.204404049283237
0.1,TS_oracle,0.151362919870364
0.1,TS_oracle,0.441637727742829
0.1,TS_oracle,0.210179721287883
0.1,TS_oracle,0.167494003490887
0.1,TS_oracle,0.113305142928243
0.1,TS_oracle,0.202161843838279
0.1,TS_oracle,0.216744712744347
0.1,TS_oracle,0.14901198290636
0.1,TS_oracle,0.219887979658113
0.1,TS_oracle,0.110476985144344
0.1,TS_oracle,0.200790405922396
0.1,TS_oracle,0.310477870691127
0.1,TS_oracle,0.165102926357447
0.1,TS_oracle,0.693969882637534
0.1,TS_oracle,0.193726842614725
0.1,TS_oracle,0.151593796467594
0.1,TS_oracle,0.22252645370121
0.1,TS_oracle,0.277306856352119
0.1,TS_oracle,0.15399772838019
0.1,TS_oracle,0.159254393567183
0.1,TS_oracle,0.180297590872837
0.1,TS_oracle,0.299983897406173
0.1,TS_oracle,0.149590302446495
0.1,TS_oracle,0.204754599839972
0.1,TS_oracle,0.734569298809159
0.1,TS_oracle,0.115138806725572
0.1,TS_oracle,0.167836010845392
0.1,TS_oracle,0.153192080495826
0.1,TS_oracle,0.185683285821781
0.1,TS_oracle,0.185659886319791
0.1,TS_oracle,0.196643129954103
0.2,PLS,0.186784980842738
0.2,PLS,0.0931241874199786
0.2,PLS,0.408947929454085
0.2,PLS,0.1171040020505
0.2,PLS,0.102705671972387
0.2,PLS,0.456993289936766
0.2,PLS,0.143682334978093
0.2,PLS,0.115332000014218
0.2,PLS,0.260091653204105
0.2,PLS,0.133912741833832
0.2,PLS,0.142191176697707
0.2,PLS,0.101367973861055
0.2,PLS,0.127574465725913
0.2,PLS,0.246892829712848
0.2,PLS,0.432911212585409
0.2,PLS,0.0957099130542614
0.2,PLS,0.125121695244792
0.2,PLS,0.1315870840008
0.2,PLS,0.122374149910816
0.2,PLS,0.203134449512896
0.2,PLS,0.0982956779841128
0.2,PLS,0.138715123177476
0.2,PLS,0.163758713932111
0.2,PLS,0.214989094736255
0.2,PLS,0.200201474076053
0.2,PLS,0.191024380637288
0.2,PLS,0.245690127551877
0.2,PLS,0.319728428245541
0.2,PLS,0.203093056180852
0.2,PLS,0.217473863883161
0.2,PLS,0.176921137737892
0.2,PLS,0.131575269095662
0.2,PLS,0.181238685652252
0.2,PLS,0.226465814104936
0.2,PLS,0.0802042627174508
0.2,PLS,0.283514695789068
0.2,PLS,0.285001810178381
0.2,PLS,0.524151184499331
0.2,PLS,0.120157782078012
0.2,PLS,0.100150506691528
0.2,PLS,0.157340393233055
0.2,PLS,0.207046703524459
0.2,PLS,0.113327728869847
0.2,PLS,0.278520387388701
0.2,PLS,0.218764439673655
0.2,PLS,0.125391389805751
0.2,PLS,0.211798196576153
0.2,PLS,0.158114836543406
0.2,PLS,0.205428510557465
0.2,PLS,0.184017749510255
0.2,PLS,0.272968595055046
0.2,PLS,0.223089515414859
0.2,PLS,0.234457209479732
0.2,PLS,0.286401591350253
0.2,PLS,0.102484487574587
0.2,PLS,0.141771132834998
0.2,PLS,0.259875307611464
0.2,PLS,0.138993494703886
0.2,PLS,0.247074413274429
0.2,PLS,0.186506294443343
0.2,PLS,0.174610097550685
0.2,PLS,0.204154971361452
0.2,PLS,0.557154173119298
0.2,PLS,0.140797017856021
0.2,PLS,0.117416593821913
0.2,PLS,0.29048165908502
0.2,PLS,0.196004377743416
0.2,PLS,0.118033531981128
0.2,PLS,0.191909671153357
0.2,PLS,0.225732337757221
0.2,PLS,0.143257701948826
0.2,PLS,0.273942724280347
0.2,PLS,0.103387597072057
0.2,PLS,0.199315440955516
0.2,PLS,0.178108970756361
0.2,PLS,0.176348742503902
0.2,PLS,0.186442648560492
0.2,PLS,0.0875052987023828
0.2,PLS,0.167566141715298
0.2,PLS,0.0787075964356103
0.2,PLS,0.105166680991684
0.2,PLS,0.107946060461745
0.2,PLS,0.219955249797346
0.2,PLS,0.20638178069519
0.2,PLS,0.280015601167011
0.2,PLS,0.163409052311793
0.2,PLS,0.258872571442003
0.2,PLS,0.560305643180564
0.2,PLS,0.141585111959512
0.2,PLS,0.141670080164821
0.2,PLS,0.128208357778663
0.2,PLS,0.093848852108575
0.2,PLS,0.194717762225872
0.2,PLS,0.109577909373704
0.2,PLS,0.314191825030772
0.2,PLS,0.172466343256497
0.2,PLS,0.283421379200389
0.2,PLS,0.162051539099494
0.2,PLS,0.482637390433653
0.2,PLS,0.167273335757278
0.2,PLS,0.189277011999619
0.2,PLS,0.161051829465535
0.2,PLS,0.141886655798847
0.2,PLS,0.179246120526702
0.2,PLS,0.42927857035694
0.2,PLS,0.120765023918587
0.2,PLS,0.143629327372244
0.2,PLS,0.172610605083545
0.2,PLS,0.654693662410559
0.2,PLS,0.222742028143499
0.2,PLS,0.112312719594243
0.2,PLS,0.147153276301661
0.2,PLS,0.226668954740095
0.2,PLS,0.218824773938263
0.2,PLS,0.161413162417603
0.2,PLS,0.136857413778817
0.2,PLS,0.540419598513527
0.2,PLS,0.14949609999932
0.2,PLS,0.138049761194138
0.2,PLS,0.178848129305044
0.2,PLS,0.129773065566529
0.2,PLS,0.207557770723202
0.2,PLS,0.115758941157072
0.2,PLS,0.253244865088186
0.2,PLS,0.825145958305919
0.2,PLS,0.215894169787452
0.2,PLS,0.242917984617962
0.2,PLS,0.15915466789341
0.2,PLS,0.176710453997023
0.2,PLS,0.1435025767573
0.2,PLS,0.213337073449133
0.2,PLS,0.173455709194801
0.2,PLS,0.195173456355365
0.2,PLS,0.175612177310308
0.2,PLS,0.637103109169676
0.2,PLS,0.158879595588451
0.2,PLS,0.614926646324283
0.2,PLS,0.188525790555887
0.2,PLS,0.16111103048571
0.2,PLS,0.112869089678891
0.2,PLS,0.0906583831993611
0.2,PLS,0.217020798737305
0.2,PLS,0.15943444981529
0.2,PLS,0.153464135984268
0.2,PLS,0.14219649773711
0.2,PLS,0.137404764792267
0.2,PLS,0.210931442322327
0.2,PLS,0.194705523844973
0.2,PLS,0.167088283996857
0.2,PLS,0.262987362760061
0.2,PLS,0.260932509074331
0.2,PLS,0.160674052001413
0.2,PLS,0.540720884106047
0.2,PLS,0.186924368106046
0.2,PLS,0.139382782898845
0.2,PLS,0.159541235623203
0.2,PLS,0.134535591572133
0.2,PLS,0.168618706004627
0.2,PLS,0.281908476031263
0.2,PLS,0.14479098784116
0.2,PLS,0.160095498867554
0.2,PLS,0.105000763323823
0.2,PLS,0.316523080619242
0.2,PLS,0.142642374079507
0.2,PLS,0.0622533891124436
0.2,PLS,0.227753038117956
0.2,PLS,0.117334405713536
0.2,PLS,0.210497966438772
0.2,PLS,0.0759328508521002
0.2,PLS,0.184319075746058
0.2,PLS,0.152186944700539
0.2,PLS,0.381850828903172
0.2,PLS,0.193258562391187
0.2,PLS,0.161769680210409
0.2,PLS,0.162091509249876
0.2,PLS,0.139399940252432
0.2,PLS,0.176828474869174
0.2,PLS,0.245090788787821
0.2,PLS,0.608892560328875
0.2,PLS,0.159186381347189
0.2,PLS,0.291878548162301
0.2,PLS,0.118047857547967
0.2,PLS,0.13191034512174
0.2,PLS,0.259733693362034
0.2,PLS,0.193110296830433
0.2,PLS,0.106464821593603
0.2,PLS,0.118539870348515
0.2,PLS,0.198665700632774
0.2,PLS,0.193645157856589
0.2,PLS,0.68732069154556
0.2,PLS,0.189231218948353
0.2,PLS,0.29191558285182
0.2,PLS,0.166727797063931
0.2,PLS,0.176520456791681
0.2,PLS,0.685835108618745
0.2,PLS,0.220672414715956
0.2,PLS,0.491402805608075
0.2,PLS,0.173765293708861
0.2,PLS,0.197292243171011
0.2,PLS,0.304998736260834
0.2,fTS,0.194587854673095
0.2,fTS,0.106023586251445
0.2,fTS,0.208238777716767
0.2,fTS,0.0970671318058385
0.2,fTS,0.10551968972351
0.2,fTS,0.427438143967598
0.2,fTS,0.134612738004884
0.2,fTS,0.117443743091199
0.2,fTS,0.25795635594254
0.2,fTS,0.147203064897751
0.2,fTS,0.160982303591772
0.2,fTS,0.102168918398893
0.2,fTS,0.129005683023522
0.2,fTS,0.242906586533071
0.2,fTS,0.432117716188467
0.2,fTS,0.094428932994205
0.2,fTS,0.126629727841717
0.2,fTS,0.127090000999865
0.2,fTS,0.109026146209781
0.2,fTS,0.198571605769579
0.2,fTS,0.110252569668795
0.2,fTS,0.14981362817825
0.2,fTS,0.163742941903155
0.2,fTS,0.213166141451442
0.2,fTS,0.172391849561326
0.2,fTS,0.169212612650881
0.2,fTS,0.232006046292345
0.2,fTS,0.27512109202434
0.2,fTS,0.213506981552707
0.2,fTS,0.187343114312535
0.2,fTS,0.175261941719625
0.2,fTS,0.124718614317711
0.2,fTS,0.18893097566542
0.2,fTS,0.195370002935129
0.2,fTS,0.0849801024991103
0.2,fTS,0.278681678859801
0.2,fTS,0.275943245824443
0.2,fTS,0.542931481300094
0.2,fTS,0.145933951093105
0.2,fTS,0.0992402448623231
0.2,fTS,0.126650979013426
0.2,fTS,0.207046703524459
0.2,fTS,0.123579688177054
0.2,fTS,1.18853925334081
0.2,fTS,0.197019406716014
0.2,fTS,0.12136998212444
0.2,fTS,0.135782005149408
0.2,fTS,0.134988704495215
0.2,fTS,0.199324562891979
0.2,fTS,0.177767023144014
0.2,fTS,0.278389979316642
0.2,fTS,0.222672071898848
0.2,fTS,0.254324311977853
0.2,fTS,0.29065841124854
0.2,fTS,0.126039383978977
0.2,fTS,0.138752819325078
0.2,fTS,0.253693239073033
0.2,fTS,0.152468650028075
0.2,fTS,0.256429176782746
0.2,fTS,0.173762772679938
0.2,fTS,0.15357561872891
0.2,fTS,0.201480362373754
0.2,fTS,0.171103672867092
0.2,fTS,0.113448760323959
0.2,fTS,0.111544000506064
0.2,fTS,0.304481945512073
0.2,fTS,0.204044259932072
0.2,fTS,0.101270314083173
0.2,fTS,0.195931664707159
0.2,fTS,0.20500302475308
0.2,fTS,0.155723571681309
0.2,fTS,0.257314635973912
0.2,fTS,0.100422278213937
0.2,fTS,0.220676285730414
0.2,fTS,0.164947057639732
0.2,fTS,0.178448974926736
0.2,fTS,0.194144190103827
0.2,fTS,0.0890793995494648
0.2,fTS,0.1733881947679
0.2,fTS,0.0841812106961228
0.2,fTS,0.0934384514096264
0.2,fTS,0.117408135942138
0.2,fTS,0.209176361512211
0.2,fTS,0.199523180877957
0.2,fTS,0.27051636329616
0.2,fTS,0.167324270735634
0.2,fTS,0.25140434454543
0.2,fTS,0.561457948350623
0.2,fTS,0.141585111959512
0.2,fTS,0.126527078769955
0.2,fTS,0.122183227900517
0.2,fTS,0.0978069352394055
0.2,fTS,0.19613388444464
0.2,fTS,0.0977964456042935
0.2,fTS,0.302949244068153
0.2,fTS,0.17678763007305
0.2,fTS,0.297291886573233
0.2,fTS,0.149385264378136
0.2,fTS,0.492127179801491
0.2,fTS,0.149703294924045
0.2,fTS,0.357368948673553
0.2,fTS,0.146558051145663
0.2,fTS,0.14091285329118
0.2,fTS,0.179246120526702
0.2,fTS,0.430991258233935
0.2,fTS,0.121028734635005
0.2,fTS,0.137625355065217
0.2,fTS,0.217602639999903
0.2,fTS,0.650949051251848
0.2,fTS,0.0997491918657446
0.2,fTS,0.10644200589166
0.2,fTS,0.132551997013255
0.2,fTS,0.226838133221525
0.2,fTS,0.188434158190779
0.2,fTS,0.134998680786603
0.2,fTS,0.141801535512076
0.2,fTS,0.549296433223269
0.2,fTS,0.151872350082667
0.2,fTS,0.138049761194138
0.2,fTS,0.206882159509006
0.2,fTS,0.13130879304482
0.2,fTS,0.207557770723202
0.2,fTS,0.139230993947652
0.2,fTS,0.242909582360106
0.2,fTS,0.826868245295308
0.2,fTS,0.20134803253154
0.2,fTS,0.224963326709063
0.2,fTS,0.1725458011541
0.2,fTS,0.180548122720182
0.2,fTS,0.143028884313881
0.2,fTS,0.219650269328017
0.2,fTS,0.17023812384451
0.2,fTS,0.188189009389801
0.2,fTS,0.187623056981401
0.2,fTS,0.630464106905266
0.2,fTS,0.155555022765749
0.2,fTS,0.619899143886732
0.2,fTS,0.166729744009503
0.2,fTS,0.160505841385016
0.2,fTS,0.109497450139789
0.2,fTS,0.0842912851138901
0.2,fTS,0.205965065814227
0.2,fTS,0.163706902153376
0.2,fTS,0.166936333478589
0.2,fTS,0.143523384475531
0.2,fTS,0.133077861823867
0.2,fTS,0.209632141419618
0.2,fTS,0.168453366543913
0.2,fTS,0.141754307086911
0.2,fTS,0.243182767762129
0.2,fTS,0.255695705599093
0.2,fTS,0.142528080721225
0.2,fTS,0.577377655878139
0.2,fTS,0.180168441693439
0.2,fTS,0.11893703589421
0.2,fTS,0.131116823573567
0.2,fTS,0.121862991850037
0.2,fTS,0.159662934182144
0.2,fTS,0.211001717777632
0.2,fTS,0.140808293888347
0.2,fTS,0.186524188714762
0.2,fTS,0.110958484161113
0.2,fTS,0.25803817441044
0.2,fTS,0.142642374079507
0.2,fTS,0.0712177037225955
0.2,fTS,0.202104450551643
0.2,fTS,0.111873682768727
0.2,fTS,0.221595593879772
0.2,fTS,0.0653709886239909
0.2,fTS,0.181305422750846
0.2,fTS,0.134025012987374
0.2,fTS,0.227133314411189
0.2,fTS,0.331494909424144
0.2,fTS,0.153413865965984
0.2,fTS,0.160972490599523
0.2,fTS,0.129513127549984
0.2,fTS,0.157795508230788
0.2,fTS,0.244601692110789
0.2,fTS,0.585208318098053
0.2,fTS,0.168247146648844
0.2,fTS,0.319520300062069
0.2,fTS,0.120230539926313
0.2,fTS,0.132189343168444
0.2,fTS,0.287022224485577
0.2,fTS,0.184549425261886
0.2,fTS,0.0909384537085991
0.2,fTS,0.119387255154588
0.2,fTS,0.190016884032878
0.2,fTS,0.178339250148474
0.2,fTS,0.681965547462442
0.2,fTS,0.181307204518904
0.2,fTS,0.267577466158479
0.2,fTS,0.176077171602493
0.2,fTS,0.17122406959502
0.2,fTS,0.68307062373996
0.2,fTS,0.253118292876556
0.2,fTS,0.496131668290798
0.2,fTS,0.181605012529364
0.2,fTS,0.256451552147325
0.2,fTS,0.327823450359364
0.2,LS_oracle,0.185556177835217
0.2,LS_oracle,0.0914092475546953
0.2,LS_oracle,0.402265573324159
0.2,LS_oracle,0.116149591629057
0.2,LS_oracle,0.102650147414085
0.2,LS_oracle,0.458458767476404
0.2,LS_oracle,0.232108307486503
0.2,LS_oracle,0.116419274213269
0.2,LS_oracle,0.257656540770189
0.2,LS_oracle,0.133158151761348
0.2,LS_oracle,0.142278519797551
0.2,LS_oracle,0.101559086172167
0.2,LS_oracle,0.127564433168703
0.2,LS_oracle,0.245199006854342
0.2,LS_oracle,0.433155268898084
0.2,LS_oracle,0.0943233141658816
0.2,LS_oracle,0.129664560829055
0.2,LS_oracle,0.130813290608172
0.2,LS_oracle,0.1223378784135
0.2,LS_oracle,0.199661412436925
0.2,LS_oracle,0.0966691925709498
0.2,LS_oracle,0.139742315275856
0.2,LS_oracle,0.162059071501224
0.2,LS_oracle,0.210893498189336
0.2,LS_oracle,0.200705165165185
0.2,LS_oracle,0.191021265140379
0.2,LS_oracle,0.248375054935939
0.2,LS_oracle,0.313636228149492
0.2,LS_oracle,0.204962289486617
0.2,LS_oracle,0.21749843715939
0.2,LS_oracle,0.175614989981847
0.2,LS_oracle,0.131460860811086
0.2,LS_oracle,0.185536407200549
0.2,LS_oracle,0.227320551269891
0.2,LS_oracle,0.0802708875004965
0.2,LS_oracle,0.285018851470474
0.2,LS_oracle,0.283086515403125
0.2,LS_oracle,0.53756973431166
0.2,LS_oracle,0.120272553323258
0.2,LS_oracle,0.0996504012535241
0.2,LS_oracle,0.154417385409487
0.2,LS_oracle,0.215472866398043
0.2,LS_oracle,0.115125835789758
0.2,LS_oracle,0.277372202366375
0.2,LS_oracle,0.218061883636628
0.2,LS_oracle,0.124264156168506
0.2,LS_oracle,0.208766732102844
0.2,LS_oracle,0.157851079380987
0.2,LS_oracle,0.204626094687415
0.2,LS_oracle,0.18375413558153
0.2,LS_oracle,0.273606760693982
0.2,LS_oracle,0.221914490650557
0.2,LS_oracle,0.23657767350607
0.2,LS_oracle,0.287314780811301
0.2,LS_oracle,0.106705740324369
0.2,LS_oracle,0.141260161433763
0.2,LS_oracle,0.260087674108819
0.2,LS_oracle,0.146539192915579
0.2,LS_oracle,0.244647865708236
0.2,LS_oracle,0.185765173318652
0.2,LS_oracle,0.174813296157848
0.2,LS_oracle,0.204106796423696
0.2,LS_oracle,0.176332403813115
0.2,LS_oracle,0.140403384263832
0.2,LS_oracle,0.119899693103345
0.2,LS_oracle,0.290454954688289
0.2,LS_oracle,0.19865537779608
0.2,LS_oracle,0.120020628065374
0.2,LS_oracle,0.191731900121516
0.2,LS_oracle,0.22626220874538
0.2,LS_oracle,0.147495216464472
0.2,LS_oracle,0.273617285556627
0.2,LS_oracle,0.104022864889703
0.2,LS_oracle,0.201762018767306
0.2,LS_oracle,0.178177092294158
0.2,LS_oracle,0.176559372429708
0.2,LS_oracle,0.185065478697061
0.2,LS_oracle,0.0871056212190068
0.2,LS_oracle,0.167356644182205
0.2,LS_oracle,0.0791816393227516
0.2,LS_oracle,0.105436614626601
0.2,LS_oracle,0.108645299749085
0.2,LS_oracle,0.21217345247216
0.2,LS_oracle,0.204628707699706
0.2,LS_oracle,0.284516631076871
0.2,LS_oracle,0.163908689170616
0.2,LS_oracle,0.26306642152506
0.2,LS_oracle,0.558731924467153
0.2,LS_oracle,0.138168233308682
0.2,LS_oracle,0.139051162648978
0.2,LS_oracle,0.12771060730446
0.2,LS_oracle,0.0945906743323505
0.2,LS_oracle,0.195491420766302
0.2,LS_oracle,0.10495638325493
0.2,LS_oracle,0.318634309157095
0.2,LS_oracle,0.17164081884284
0.2,LS_oracle,0.283273254605397
0.2,LS_oracle,0.162504765088573
0.2,LS_oracle,0.482252986633541
0.2,LS_oracle,0.1652350871938
0.2,LS_oracle,0.362637779058936
0.2,LS_oracle,0.163127364511964
0.2,LS_oracle,0.142191354852488
0.2,LS_oracle,0.179160994059296
0.2,LS_oracle,0.428737940035186
0.2,LS_oracle,0.120675787067386
0.2,LS_oracle,0.147355537030716
0.2,LS_oracle,0.175393594888034
0.2,LS_oracle,0.654781292842659
0.2,LS_oracle,0.100996092539192
0.2,LS_oracle,0.112667222944012
0.2,LS_oracle,0.14644723781294
0.2,LS_oracle,0.223687201728492
0.2,LS_oracle,0.215023700219396
0.2,LS_oracle,0.164885081846351
0.2,LS_oracle,0.136752300152719
0.2,LS_oracle,0.541579055688875
0.2,LS_oracle,0.149861851464058
0.2,LS_oracle,0.13709720452327
0.2,LS_oracle,0.179408170002674
0.2,LS_oracle,0.129201959641065
0.2,LS_oracle,0.208187216329533
0.2,LS_oracle,0.114574312354138
0.2,LS_oracle,0.25325962411328
0.2,LS_oracle,0.825843726637733
0.2,LS_oracle,0.216002772231391
0.2,LS_oracle,0.241607285978159
0.2,LS_oracle,0.162774815427077
0.2,LS_oracle,0.176143835073611
0.2,LS_oracle,0.145205962382109
0.2,LS_oracle,0.209291955627673
0.2,LS_oracle,0.175450337358983
0.2,LS_oracle,0.194803903671593
0.2,LS_oracle,0.177236235155065
0.2,LS_oracle,0.636733315226827
0.2,LS_oracle,0.159892257702565
0.2,LS_oracle,0.61669473850178
0.2,LS_oracle,0.183280888433691
0.2,LS_oracle,0.159663895853715
0.2,LS_oracle,0.113328394049982
0.2,LS_oracle,0.288081148068878
0.2,LS_oracle,0.220487891147512
0.2,LS_oracle,0.159631028709187
0.2,LS_oracle,0.151865824365426
0.2,LS_oracle,0.142459040991069
0.2,LS_oracle,0.136829761752979
0.2,LS_oracle,0.211627983550433
0.2,LS_oracle,0.192955768837267
0.2,LS_oracle,0.171130918894857
0.2,LS_oracle,0.262324403081865
0.2,LS_oracle,0.248444136744848
0.2,LS_oracle,0.161051092407422
0.2,LS_oracle,0.539918128209612
0.2,LS_oracle,0.190929453604132
0.2,LS_oracle,0.137557068389682
0.2,LS_oracle,0.159132899085107
0.2,LS_oracle,0.133116421181146
0.2,LS_oracle,0.157375254154251
0.2,LS_oracle,0.281680999194294
0.2,LS_oracle,0.144734903991427
0.2,LS_oracle,0.161447749510579
0.2,LS_oracle,0.234910126989172
0.2,LS_oracle,0.231032518226465
0.2,LS_oracle,0.147525656670129
0.2,LS_oracle,0.0622632650339917
0.2,LS_oracle,0.228844290705209
0.2,LS_oracle,0.117615307419277
0.2,LS_oracle,0.210642789618983
0.2,LS_oracle,0.0767900968872451
0.2,LS_oracle,0.184498280574756
0.2,LS_oracle,0.153200879772036
0.2,LS_oracle,0.382007004482861
0.2,LS_oracle,0.192527789294649
0.2,LS_oracle,0.160214528715367
0.2,LS_oracle,0.162045393872702
0.2,LS_oracle,0.140338981020053
0.2,LS_oracle,0.169930229623799
0.2,LS_oracle,0.245044037496558
0.2,LS_oracle,0.608383945097729
0.2,LS_oracle,0.156271933692643
0.2,LS_oracle,0.29315382387879
0.2,LS_oracle,0.118053198406944
0.2,LS_oracle,0.132599650387603
0.2,LS_oracle,0.258814280342809
0.2,LS_oracle,0.189447189452836
0.2,LS_oracle,0.107440103826105
0.2,LS_oracle,0.1201548329274
0.2,LS_oracle,0.201983369910779
0.2,LS_oracle,0.193620582314553
0.2,LS_oracle,0.686538453290736
0.2,LS_oracle,0.186777645994833
0.2,LS_oracle,0.288203133673284
0.2,LS_oracle,0.166677122761744
0.2,LS_oracle,0.170984302586963
0.2,LS_oracle,0.686660314862493
0.2,LS_oracle,0.220675119843526
0.2,LS_oracle,0.48889458151618
0.2,LS_oracle,0.173922817017236
0.2,LS_oracle,0.197055898927332
0.2,LS_oracle,0.296469704666607
0.2,TS_oracle,0.194002767113156
0.2,TS_oracle,0.106495367099207
0.2,TS_oracle,0.381643404327643
0.2,TS_oracle,0.0967181942988637
0.2,TS_oracle,0.105474575110121
0.2,TS_oracle,0.428423757336851
0.2,TS_oracle,0.134242884177268
0.2,TS_oracle,0.118030022847705
0.2,TS_oracle,0.256375818946181
0.2,TS_oracle,0.147270723827712
0.2,TS_oracle,0.162106108931857
0.2,TS_oracle,0.101001976306635
0.2,TS_oracle,0.128848572726393
0.2,TS_oracle,0.242295335563144
0.2,TS_oracle,0.432132626297171
0.2,TS_oracle,0.0929687540071927
0.2,TS_oracle,0.128451737052119
0.2,TS_oracle,0.126341777261072
0.2,TS_oracle,0.10865883369285
0.2,TS_oracle,0.194217050135183
0.2,TS_oracle,0.107164055684132
0.2,TS_oracle,0.151757365462664
0.2,TS_oracle,0.162099077131548
0.2,TS_oracle,0.197682216556737
0.2,TS_oracle,0.17294355987388
0.2,TS_oracle,0.170864531871933
0.2,TS_oracle,0.221405046539074
0.2,TS_oracle,0.280551256128303
0.2,TS_oracle,0.213379846006989
0.2,TS_oracle,0.187323123313365
0.2,TS_oracle,0.174952295113823
0.2,TS_oracle,0.124760487574068
0.2,TS_oracle,0.192877295127381
0.2,TS_oracle,0.185090931282089
0.2,TS_oracle,0.0853920743362121
0.2,TS_oracle,0.275522892031229
0.2,TS_oracle,0.275530485260221
0.2,TS_oracle,0.553670222461245
0.2,TS_oracle,0.14599500074448
0.2,TS_oracle,0.098802103724535
0.2,TS_oracle,0.125792100438624
0.2,TS_oracle,0.236343308923084
0.2,TS_oracle,0.124735280871954
0.2,TS_oracle,1.18843843330402
0.2,TS_oracle,0.195561092447353
0.2,TS_oracle,0.120370558069488
0.2,TS_oracle,0.154386114934219
0.2,TS_oracle,0.135648677813828
0.2,TS_oracle,0.19874918676486
0.2,TS_oracle,0.177427697161777
0.2,TS_oracle,0.278429113186648
0.2,TS_oracle,0.222729145791658
0.2,TS_oracle,0.255708235447946
0.2,TS_oracle,0.290220238849206
0.2,TS_oracle,0.127216127000275
0.2,TS_oracle,0.138881713604511
0.2,TS_oracle,0.253845850336481
0.2,TS_oracle,0.157053620652946
0.2,TS_oracle,0.256604734743599
0.2,TS_oracle,0.173345254463358
0.2,TS_oracle,0.153553275795935
0.2,TS_oracle,0.20174157910763
0.2,TS_oracle,0.170857561614905
0.2,TS_oracle,0.113331510313343
0.2,TS_oracle,0.110634035287662
0.2,TS_oracle,0.303550857090649
0.2,TS_oracle,0.204436547214412
0.2,TS_oracle,0.102361674962024
0.2,TS_oracle,0.194846896381871
0.2,TS_oracle,0.204616141931888
0.2,TS_oracle,0.158741204883582
0.2,TS_oracle,0.25679453401439
0.2,TS_oracle,0.100023739040753
0.2,TS_oracle,0.223653705412589
0.2,TS_oracle,0.168002647427602
0.2,TS_oracle,0.178493911970308
0.2,TS_oracle,0.193281246734953
0.2,TS_oracle,0.0890147923607898
0.2,TS_oracle,0.173221824361431
0.2,TS_oracle,0.0852464841825651
0.2,TS_oracle,0.0933406840246579
0.2,TS_oracle,0.115577007320581
0.2,TS_oracle,0.200957691066861
0.2,TS_oracle,0.197874175673923
0.2,TS_oracle,0.272440169539251
0.2,TS_oracle,0.167578716310253
0.2,TS_oracle,0.255635005918791
0.2,TS_oracle,0.560743510530546
0.2,TS_oracle,0.137665981506144
0.2,TS_oracle,0.12440607640284
0.2,TS_oracle,0.123030344671242
0.2,TS_oracle,0.0978512067654111
0.2,TS_oracle,0.196175422470167
0.2,TS_oracle,0.0950016360120034
0.2,TS_oracle,0.303924025408414
0.2,TS_oracle,0.176871866179202
0.2,TS_oracle,0.29734040199898
0.2,TS_oracle,0.150299210386415
0.2,TS_oracle,0.491782630315654
0.2,TS_oracle,0.144389688618878
0.2,TS_oracle,0.352336004685375
0.2,TS_oracle,0.147698266329809
0.2,TS_oracle,0.141308291493483
0.2,TS_oracle,0.178029861092075
0.2,TS_oracle,0.431090338681362
0.2,TS_oracle,0.120983731596735
0.2,TS_oracle,0.140101849327401
0.2,TS_oracle,0.221725400920363
0.2,TS_oracle,0.65116810729682
0.2,TS_oracle,0.106780615462671
0.2,TS_oracle,0.107195995312409
0.2,TS_oracle,0.130797633966223
0.2,TS_oracle,0.223907390308816
0.2,TS_oracle,0.187343446476239
0.2,TS_oracle,0.13606279232727
0.2,TS_oracle,0.141539675664622
0.2,TS_oracle,0.5493111470517
0.2,TS_oracle,0.150934091716526
0.2,TS_oracle,0.13709720452327
0.2,TS_oracle,0.207080815580728
0.2,TS_oracle,0.129887582724547
0.2,TS_oracle,0.208187216329533
0.2,TS_oracle,0.138900252510627
0.2,TS_oracle,0.243005470624267
0.2,TS_oracle,0.825856347611441
0.2,TS_oracle,0.204804967603111
0.2,TS_oracle,0.224888966300291
0.2,TS_oracle,0.172945665904733
0.2,TS_oracle,0.180295992542049
0.2,TS_oracle,0.143469200313372
0.2,TS_oracle,0.214555870221131
0.2,TS_oracle,0.170082439753696
0.2,TS_oracle,0.191174395454858
0.2,TS_oracle,0.188731417413614
0.2,TS_oracle,0.631737548019639
0.2,TS_oracle,0.156313941075298
0.2,TS_oracle,0.620661905050912
0.2,TS_oracle,0.163471820207848
0.2,TS_oracle,0.159234588212605
0.2,TS_oracle,0.110082249266936
0.2,TS_oracle,0.299606921628987
0.2,TS_oracle,0.209109325872062
0.2,TS_oracle,0.163596036090807
0.2,TS_oracle,0.164086395700166
0.2,TS_oracle,0.144218365491346
0.2,TS_oracle,0.1330811909903
0.2,TS_oracle,0.207501588756576
0.2,TS_oracle,0.167133132066416
0.2,TS_oracle,0.144746670781074
0.2,TS_oracle,0.243412484215446
0.2,TS_oracle,0.249683409896568
0.2,TS_oracle,0.145985362502563
0.2,TS_oracle,0.576801870014396
0.2,TS_oracle,0.190218580481871
0.2,TS_oracle,0.114285931746241
0.2,TS_oracle,0.129723000923542
0.2,TS_oracle,0.12210962386986
0.2,TS_oracle,0.152090702141395
0.2,TS_oracle,0.211037776274436
0.2,TS_oracle,0.140149859747923
0.2,TS_oracle,0.186897098078762
0.2,TS_oracle,0.238170289871593
0.2,TS_oracle,0.216154868771972
0.2,TS_oracle,0.147525656670129
0.2,TS_oracle,0.071473199481897
0.2,TS_oracle,0.202730024897048
0.2,TS_oracle,0.111070044832814
0.2,TS_oracle,0.223605511914688
0.2,TS_oracle,0.0718717244296267
0.2,TS_oracle,0.181328695622604
0.2,TS_oracle,0.135359631502362
0.2,TS_oracle,0.227199698298208
0.2,TS_oracle,0.205746801928839
0.2,TS_oracle,0.15207919598021
0.2,TS_oracle,0.156949689701733
0.2,TS_oracle,0.126707823085652
0.2,TS_oracle,0.157304391353222
0.2,TS_oracle,0.243573337023517
0.2,TS_oracle,0.58548310240353
0.2,TS_oracle,0.165698516614569
0.2,TS_oracle,0.318297744598156
0.2,TS_oracle,0.120118507080233
0.2,TS_oracle,0.1345687429569
0.2,TS_oracle,0.288699028685855
0.2,TS_oracle,0.183609420333139
0.2,TS_oracle,0.0907444094167416
0.2,TS_oracle,0.12010193619267
0.2,TS_oracle,0.195108647917774
0.2,TS_oracle,0.181582383390075
0.2,TS_oracle,0.68171831794088
0.2,TS_oracle,0.181178798955985
0.2,TS_oracle,0.266076046083454
0.2,TS_oracle,0.176000236230221
0.2,TS_oracle,0.170374054269362
0.2,TS_oracle,0.683844825503228
0.2,TS_oracle,0.253119732485885
0.2,TS_oracle,0.494537604068824
0.2,TS_oracle,0.181168600885088
0.2,TS_oracle,0.257430061254117
0.2,TS_oracle,0.320973206273693
0.3,PLS,0.118066624709361
0.3,PLS,0.240188029603684
0.3,PLS,0.204538540742716
0.3,PLS,0.59163369980574
0.3,PLS,0.0879795053942342
0.3,PLS,0.250272118560509
0.3,PLS,0.120896324039801
0.3,PLS,0.117075170054134
0.3,PLS,0.128354024939225
0.3,PLS,0.24712888764955
0.3,PLS,0.204937898175634
0.3,PLS,0.232619117407916
0.3,PLS,0.234539727201572
0.3,PLS,0.157304943882061
0.3,PLS,0.105531243824111
0.3,PLS,0.130557276072461
0.3,PLS,0.203603618732863
0.3,PLS,0.133818815114059
0.3,PLS,0.154708731243548
0.3,PLS,0.160300987739524
0.3,PLS,0.259561727339063
0.3,PLS,0.110463573664608
0.3,PLS,0.105554842361516
0.3,PLS,0.109191601109397
0.3,PLS,0.168414929672193
0.3,PLS,0.144974739158873
0.3,PLS,0.0889398602669505
0.3,PLS,0.259385608878742
0.3,PLS,0.17744263991178
0.3,PLS,0.0959929466886908
0.3,PLS,0.167675271069602
0.3,PLS,0.581102348127833
0.3,PLS,0.139937672910655
0.3,PLS,0.133394049652133
0.3,PLS,0.67934233946772
0.3,PLS,0.681089288346328
0.3,PLS,0.221055321745285
0.3,PLS,0.158751835219551
0.3,PLS,0.102890664753669
0.3,PLS,0.0784194261783853
0.3,PLS,0.185523768897312
0.3,PLS,0.112245156422557
0.3,PLS,0.831916047324824
0.3,PLS,0.0977244950187001
0.3,PLS,0.250311461436359
0.3,PLS,0.132374872332088
0.3,PLS,0.151358866335752
0.3,PLS,0.149423983891106
0.3,PLS,0.266665095866873
0.3,PLS,0.0729851023401058
0.3,PLS,0.136967750494724
0.3,PLS,0.118350539918387
0.3,PLS,0.109941275336993
0.3,PLS,0.286533748707822
0.3,PLS,0.268374246796203
0.3,PLS,0.142876395198686
0.3,PLS,0.327869866412334
0.3,PLS,0.223664387229218
0.3,PLS,0.208002176333725
0.3,PLS,0.128815305771312
0.3,PLS,0.177601198361183
0.3,PLS,0.23520537540954
0.3,PLS,0.245965723572813
0.3,PLS,0.124255547271441
0.3,PLS,0.652918349912413
0.3,PLS,0.123743185536071
0.3,PLS,0.10562589495771
0.3,PLS,0.273087960364219
0.3,PLS,0.946869874919447
0.3,PLS,0.180742078844683
0.3,PLS,0.123083363667371
0.3,PLS,0.0849050774059904
0.3,PLS,0.263308561193751
0.3,PLS,0.160214906386104
0.3,PLS,0.131862368606236
0.3,PLS,0.138556932236647
0.3,PLS,0.182137050638172
0.3,PLS,0.149783883755369
0.3,PLS,0.236915033930066
0.3,PLS,0.103214195229
0.3,PLS,0.0870504535885344
0.3,PLS,0.139627996870176
0.3,PLS,0.192428542716336
0.3,PLS,0.107122899208194
0.3,PLS,0.15957778220578
0.3,PLS,0.12440110254552
0.3,PLS,0.110227359193368
0.3,PLS,0.126567731478324
0.3,PLS,0.130014584325216
0.3,PLS,0.0764079008760299
0.3,PLS,0.21179819347251
0.3,PLS,0.135303984927119
0.3,PLS,0.81448316083812
0.3,PLS,0.262308801615138
0.3,PLS,0.0765088708954883
0.3,PLS,0.152014358922554
0.3,PLS,0.325970464218929
0.3,PLS,0.241163584484978
0.3,PLS,0.183694969716307
0.3,PLS,0.120247070839078
0.3,PLS,0.245977299282961
0.3,PLS,0.207215191338344
0.3,PLS,0.121633180540547
0.3,PLS,0.20454886451606
0.3,PLS,0.613237971942802
0.3,PLS,0.675315619465578
0.3,PLS,0.106690090616057
0.3,PLS,0.11753666507215
0.3,PLS,0.321974131255082
0.3,PLS,0.175609674304724
0.3,PLS,0.257224978802596
0.3,PLS,0.442100378698774
0.3,PLS,0.159818412691231
0.3,PLS,0.124080307810497
0.3,PLS,0.140364000183317
0.3,PLS,0.142188205261692
0.3,PLS,0.244170243309579
0.3,PLS,0.121018207936203
0.3,PLS,0.228708067754673
0.3,PLS,0.224839515805074
0.3,PLS,0.214903592041333
0.3,PLS,0.121639774521914
0.3,PLS,0.232526241997026
0.3,PLS,0.0745386247118462
0.3,PLS,0.229614856989681
0.3,PLS,0.122601879508106
0.3,PLS,0.478426859521478
0.3,PLS,0.213025415411057
0.3,PLS,0.125337203734418
0.3,PLS,0.258278453859313
0.3,PLS,0.100105875105032
0.3,PLS,0.263996000959704
0.3,PLS,0.237836261707994
0.3,PLS,0.123311589714094
0.3,PLS,0.209845130406762
0.3,PLS,0.104385688355672
0.3,PLS,0.656234241783725
0.3,PLS,0.0737138449796875
0.3,PLS,0.505523020639175
0.3,PLS,0.424604050954081
0.3,PLS,0.280458150212025
0.3,PLS,1.09053644494242
0.3,PLS,0.804204645660136
0.3,PLS,0.0838945530980954
0.3,PLS,0.214787443033434
0.3,PLS,0.199814491523983
0.3,PLS,0.163720316785777
0.3,PLS,0.132970944055733
0.3,PLS,0.129900190525242
0.3,PLS,0.364246588768364
0.3,PLS,0.2034962729892
0.3,PLS,0.198064131581235
0.3,PLS,0.101125122081036
0.3,PLS,0.509704828359201
0.3,PLS,0.23462577127483
0.3,PLS,0.858864853333311
0.3,PLS,0.297816419651791
0.3,PLS,0.126687899843585
0.3,PLS,0.192048860883945
0.3,PLS,0.16481744696884
0.3,PLS,0.429171773183894
0.3,PLS,0.139857401833474
0.3,PLS,0.108043915682206
0.3,PLS,1.09207191811642
0.3,PLS,0.191693272970867
0.3,PLS,0.120668144542399
0.3,PLS,0.0682435059969157
0.3,PLS,0.308533117678114
0.3,PLS,0.129281413983874
0.3,PLS,0.149000024431897
0.3,PLS,0.240470707104748
0.3,PLS,0.371982475654078
0.3,PLS,0.131729147990416
0.3,PLS,0.27643212928578
0.3,PLS,0.092923240963165
0.3,PLS,0.173747699526063
0.3,PLS,0.115719558542541
0.3,PLS,0.11921778788638
0.3,PLS,0.312986838731092
0.3,PLS,0.0974597651323755
0.3,PLS,0.172955828493488
0.3,PLS,0.273834965620307
0.3,PLS,0.17910895420097
0.3,PLS,0.230310363576576
0.3,PLS,0.37232825526023
0.3,PLS,0.374291457438648
0.3,PLS,0.416883040517507
0.3,PLS,0.169046337112223
0.3,PLS,0.175537036756048
0.3,PLS,0.0999160641966556
0.3,PLS,0.137455109581411
0.3,PLS,0.222466631262095
0.3,PLS,0.163499902021367
0.3,PLS,0.13231805015831
0.3,PLS,0.181272625086715
0.3,PLS,0.107532642930571
0.3,PLS,0.407066719387109
0.3,PLS,0.222334320533418
0.3,PLS,0.270953159844684
0.3,PLS,0.245132657391146
0.3,fTS,0.123344865453279
0.3,fTS,0.220245908372667
0.3,fTS,0.232778913106913
0.3,fTS,0.612074131810228
0.3,fTS,0.0828055163773533
0.3,fTS,0.255977255748983
0.3,fTS,0.124973247280684
0.3,fTS,0.110966199840016
0.3,fTS,0.13682102886241
0.3,fTS,0.229091255854221
0.3,fTS,0.183823915577162
0.3,fTS,0.268325004892623
0.3,fTS,0.261913808524488
0.3,fTS,0.179680090945777
0.3,fTS,0.0999668778609691
0.3,fTS,0.121616796624078
0.3,fTS,0.208990562770299
0.3,fTS,0.12000827984581
0.3,fTS,0.155393103389821
0.3,fTS,0.160457030454064
0.3,fTS,0.216178345530029
0.3,fTS,0.094957455223355
0.3,fTS,0.100963281124996
0.3,fTS,0.111787204808858
0.3,fTS,0.143208647680743
0.3,fTS,0.149256871696393
0.3,fTS,0.110940240856518
0.3,fTS,0.271900143915743
0.3,fTS,0.212553851329097
0.3,fTS,0.346026500322224
0.3,fTS,0.154107977419765
0.3,fTS,0.586262742969615
0.3,fTS,0.104885445785759
0.3,fTS,0.145338746881133
0.3,fTS,0.672273051158657
0.3,fTS,0.656141256514907
0.3,fTS,0.189462490222492
0.3,fTS,0.170688622321491
0.3,fTS,0.0915015495933911
0.3,fTS,0.0682769761013143
0.3,fTS,0.174722111672438
0.3,fTS,0.112712641169864
0.3,fTS,0.846293681643037
0.3,fTS,0.104984767202929
0.3,fTS,0.214564426616959
0.3,fTS,0.132308526665868
0.3,fTS,0.130409156856562
0.3,fTS,0.135821187233717
0.3,fTS,0.228731440171852
0.3,fTS,0.0635836595430398
0.3,fTS,0.141530812066781
0.3,fTS,0.103361923752159
0.3,fTS,0.0803706110827069
0.3,fTS,0.270985229157296
0.3,fTS,0.318989104639292
0.3,fTS,0.107737314818974
0.3,fTS,0.286103528282876
0.3,fTS,0.228445744007504
0.3,fTS,0.176956397533578
0.3,fTS,0.532514382094333
0.3,fTS,0.141909941448583
0.3,fTS,0.23256978745464
0.3,fTS,0.243813809399335
0.3,fTS,0.260646966004796
0.3,fTS,0.650865401420118
0.3,fTS,0.153801199441104
0.3,fTS,0.0801481787905048
0.3,fTS,0.292680556496949
0.3,fTS,0.241135009954949
0.3,fTS,0.133051918578444
0.3,fTS,0.133693163424871
0.3,fTS,0.0854979894239242
0.3,fTS,0.225008922031687
0.3,fTS,0.164167834286832
0.3,fTS,0.104390825458034
0.3,fTS,0.145753020136375
0.3,fTS,0.193357637876194
0.3,fTS,0.124213280829893
0.3,fTS,0.27017413170454
0.3,fTS,0.126552032953095
0.3,fTS,0.0873629862173849
0.3,fTS,0.117002164954253
0.3,fTS,0.132122896385747
0.3,fTS,0.111257233569391
0.3,fTS,0.173682728551318
0.3,fTS,0.127298052438708
0.3,fTS,0.114563426857964
0.3,fTS,0.0995606430434068
0.3,fTS,0.151976313767327
0.3,fTS,0.0809211040053158
0.3,fTS,0.189667653836885
0.3,fTS,0.137669675650034
0.3,fTS,0.758332855473743
0.3,fTS,0.188655512335002
0.3,fTS,0.0773749878325829
0.3,fTS,0.128124606563908
0.3,fTS,0.273395117262282
0.3,fTS,0.189320861196817
0.3,fTS,0.135407334392199
0.3,fTS,0.0946134844267242
0.3,fTS,0.23800733205987
0.3,fTS,0.194393449545123
0.3,fTS,0.118023545037127
0.3,fTS,0.180514372284285
0.3,fTS,0.621367962222042
0.3,fTS,0.678787160678745
0.3,fTS,0.112903133618325
0.3,fTS,0.127670746094612
0.3,fTS,0.299225488727665
0.3,fTS,0.130861616426652
0.3,fTS,0.221934380589077
0.3,fTS,0.439701403107071
0.3,fTS,0.146883405324991
0.3,fTS,0.124731107587631
0.3,fTS,0.503275735906193
0.3,fTS,0.108008956777568
0.3,fTS,0.236263576746292
0.3,fTS,0.127119471526897
0.3,fTS,0.203702012904182
0.3,fTS,0.221110168741424
0.3,fTS,0.204386202046466
0.3,fTS,0.102715951839268
0.3,fTS,0.237970123997798
0.3,fTS,0.05584594628658
0.3,fTS,0.15309220838007
0.3,fTS,0.148306916280953
0.3,fTS,0.477097910539367
0.3,fTS,0.163973762667668
0.3,fTS,0.125595057101628
0.3,fTS,0.250771444312359
0.3,fTS,0.133384040404957
0.3,fTS,0.201126106374476
0.3,fTS,0.191049652788082
0.3,fTS,0.123311007972596
0.3,fTS,0.20638781897882
0.3,fTS,0.0929582895190307
0.3,fTS,0.662816350911812
0.3,fTS,0.088705447188434
0.3,fTS,0.479881393854924
0.3,fTS,0.385606674515109
0.3,fTS,0.0986399856426543
0.3,fTS,1.08032553543493
0.3,fTS,0.801304150246039
0.3,fTS,0.0854225114866964
0.3,fTS,0.17479926024572
0.3,fTS,0.417097933185385
0.3,fTS,0.118535179195324
0.3,fTS,0.110946376343137
0.3,fTS,0.146143352296248
0.3,fTS,0.345581532144626
0.3,fTS,0.197537037545081
0.3,fTS,0.18129582031235
0.3,fTS,0.0954721419544757
0.3,fTS,0.500580815286443
0.3,fTS,0.245037417102741
0.3,fTS,0.853753975975824
0.3,fTS,0.278525306897359
0.3,fTS,0.114172119219854
0.3,fTS,0.183365774454241
0.3,fTS,0.129688570947851
0.3,fTS,0.445905775275075
0.3,fTS,0.143369024940536
0.3,fTS,0.0980709611238723
0.3,fTS,1.08914814475885
0.3,fTS,0.163084299847473
0.3,fTS,0.119291569219118
0.3,fTS,0.0868536903963427
0.3,fTS,0.256946188940985
0.3,fTS,0.169094410453132
0.3,fTS,0.195884746297377
0.3,fTS,0.227358585256178
0.3,fTS,0.369828886464997
0.3,fTS,0.138212660783709
0.3,fTS,0.18839761286674
0.3,fTS,0.12048483347433
0.3,fTS,0.175025050491837
0.3,fTS,0.104122139948551
0.3,fTS,0.110306765227797
0.3,fTS,0.320275123160062
0.3,fTS,0.109032523626294
0.3,fTS,0.111305358461891
0.3,fTS,0.229586447239038
0.3,fTS,0.141984969190456
0.3,fTS,0.228441940224593
0.3,fTS,0.320232532146881
0.3,fTS,0.355011947472259
0.3,fTS,0.426538555238131
0.3,fTS,0.158562897777496
0.3,fTS,0.161254687789375
0.3,fTS,0.0839454682801674
0.3,fTS,0.110136189674198
0.3,fTS,0.196569156673736
0.3,fTS,0.187178203836005
0.3,fTS,0.155196094936285
0.3,fTS,0.162127942362175
0.3,fTS,0.133263368124205
0.3,fTS,0.395247220764534
0.3,fTS,0.245764223004388
0.3,fTS,0.269038815661923
0.3,fTS,0.21657057152821
0.3,LS_oracle,0.118720836705102
0.3,LS_oracle,0.237194091892763
0.3,LS_oracle,0.206303145486619
0.3,LS_oracle,0.59259117624871
0.3,LS_oracle,0.0870886468370594
0.3,LS_oracle,0.250517068513664
0.3,LS_oracle,0.121702741348902
0.3,LS_oracle,0.117568924367244
0.3,LS_oracle,0.12788534447486
0.3,LS_oracle,0.248128844661677
0.3,LS_oracle,0.201969772236627
0.3,LS_oracle,0.233462392535678
0.3,LS_oracle,0.235476033684489
0.3,LS_oracle,0.15771890294348
0.3,LS_oracle,0.105981773996439
0.3,LS_oracle,0.130844904390917
0.3,LS_oracle,0.205936942521401
0.3,LS_oracle,0.137166806969242
0.3,LS_oracle,0.158223053175557
0.3,LS_oracle,0.163709588168049
0.3,LS_oracle,0.262614105633294
0.3,LS_oracle,0.110511396352184
0.3,LS_oracle,0.105967541485195
0.3,LS_oracle,0.120941410561247
0.3,LS_oracle,0.168296883706168
0.3,LS_oracle,0.145136206421701
0.3,LS_oracle,0.0890202293818862
0.3,LS_oracle,0.259405759497396
0.3,LS_oracle,0.170518832845715
0.3,LS_oracle,0.315685836459458
0.3,LS_oracle,0.167996375752911
0.3,LS_oracle,0.580062949941405
0.3,LS_oracle,0.13858597564938
0.3,LS_oracle,0.132981222225345
0.3,LS_oracle,0.680581657848343
0.3,LS_oracle,0.678899589905055
0.3,LS_oracle,0.221170903803437
0.3,LS_oracle,0.830908680499381
0.3,LS_oracle,0.103461830213698
0.3,LS_oracle,0.078688310871643
0.3,LS_oracle,0.184294552757028
0.3,LS_oracle,0.113799806228985
0.3,LS_oracle,0.832118562662031
0.3,LS_oracle,0.0965671863780092
0.3,LS_oracle,0.250243206807789
0.3,LS_oracle,0.134299114591605
0.3,LS_oracle,0.152189469546111
0.3,LS_oracle,0.146911240984177
0.3,LS_oracle,0.270779470179562
0.3,LS_oracle,0.0733768663253908
0.3,LS_oracle,0.137708651653928
0.3,LS_oracle,0.114258686227997
0.3,LS_oracle,0.111008729599378
0.3,LS_oracle,0.285867014479453
0.3,LS_oracle,0.270203393940145
0.3,LS_oracle,0.141782997785136
0.3,LS_oracle,0.32692098962763
0.3,LS_oracle,0.224914606792872
0.3,LS_oracle,0.208180468060758
0.3,LS_oracle,0.128156654657504
0.3,LS_oracle,0.178451807493256
0.3,LS_oracle,0.236141410626971
0.3,LS_oracle,0.245282276438822
0.3,LS_oracle,0.124281728148737
0.3,LS_oracle,0.652631669786772
0.3,LS_oracle,0.123722876081684
0.3,LS_oracle,0.109034605999602
0.3,LS_oracle,0.269320174754113
0.3,LS_oracle,0.946320859003068
0.3,LS_oracle,0.173569517177808
0.3,LS_oracle,0.123096433995456
0.3,LS_oracle,0.0866645172201553
0.3,LS_oracle,0.26228692250347
0.3,LS_oracle,0.160677898805539
0.3,LS_oracle,0.131068682466249
0.3,LS_oracle,0.139443455288477
0.3,LS_oracle,0.182636278668291
0.3,LS_oracle,0.142883021833384
0.3,LS_oracle,0.236479234142964
0.3,LS_oracle,0.103437896278708
0.3,LS_oracle,0.0875552226786814
0.3,LS_oracle,0.139838294082281
0.3,LS_oracle,0.191771274919595
0.3,LS_oracle,0.108118131604618
0.3,LS_oracle,0.156628202357916
0.3,LS_oracle,0.130580516730762
0.3,LS_oracle,0.109746111120268
0.3,LS_oracle,0.124406197458131
0.3,LS_oracle,0.12927169418785
0.3,LS_oracle,0.0760906727429534
0.3,LS_oracle,0.21262945326263
0.3,LS_oracle,0.128409936821659
0.3,LS_oracle,0.817168414992409
0.3,LS_oracle,0.263210199004909
0.3,LS_oracle,0.0766325586905227
0.3,LS_oracle,0.152812318863546
0.3,LS_oracle,0.321408380298798
0.3,LS_oracle,0.237241844167649
0.3,LS_oracle,0.184817731789262
0.3,LS_oracle,0.117881797968647
0.3,LS_oracle,0.245755912700823
0.3,LS_oracle,0.206962615623534
0.3,LS_oracle,0.116996212893478
0.3,LS_oracle,0.204092166011045
0.3,LS_oracle,0.614174251907596
0.3,LS_oracle,0.674732837955048
0.3,LS_oracle,0.1062810021566
0.3,LS_oracle,0.118247434079332
0.3,LS_oracle,0.31998414676494
0.3,LS_oracle,0.183597492285527
0.3,LS_oracle,0.25737010312369
0.3,LS_oracle,0.441076208434407
0.3,LS_oracle,0.153135517031737
0.3,LS_oracle,0.121199354113286
0.3,LS_oracle,0.139599172536055
0.3,LS_oracle,0.14176285341068
0.3,LS_oracle,0.244684407971583
0.3,LS_oracle,0.114001708419165
0.3,LS_oracle,0.229504923548327
0.3,LS_oracle,0.225291124021087
0.3,LS_oracle,0.215733757827003
0.3,LS_oracle,0.119197566623958
0.3,LS_oracle,0.232829217128859
0.3,LS_oracle,0.0746755281231148
0.3,LS_oracle,0.229691516969951
0.3,LS_oracle,0.122469778084659
0.3,LS_oracle,0.478268689177549
0.3,LS_oracle,0.204294760660772
0.3,LS_oracle,0.134338811931049
0.3,LS_oracle,0.251086719240547
0.3,LS_oracle,0.0998796493388079
0.3,LS_oracle,0.262782858832889
0.3,LS_oracle,0.23728308698652
0.3,LS_oracle,0.124493147733977
0.3,LS_oracle,0.210050384435587
0.3,LS_oracle,0.109620834198905
0.3,LS_oracle,0.655433076559815
0.3,LS_oracle,0.0702839201598053
0.3,LS_oracle,0.500159185218552
0.3,LS_oracle,0.423802059568515
0.3,LS_oracle,0.135194419316763
0.3,LS_oracle,1.09117231819688
0.3,LS_oracle,0.804409014366863
0.3,LS_oracle,0.0844002994711204
0.3,LS_oracle,0.214317794571982
0.3,LS_oracle,0.439795885811404
0.3,LS_oracle,0.161744016471542
0.3,LS_oracle,0.133433605117784
0.3,LS_oracle,0.129735451576486
0.3,LS_oracle,0.366146615988765
0.3,LS_oracle,0.204240235324604
0.3,LS_oracle,0.191245423205821
0.3,LS_oracle,0.103065708661041
0.3,LS_oracle,0.510082616322698
0.3,LS_oracle,0.232919388223163
0.3,LS_oracle,0.857653851677378
0.3,LS_oracle,0.298866364348216
0.3,LS_oracle,0.12860321352453
0.3,LS_oracle,0.186977877272145
0.3,LS_oracle,0.16005506559078
0.3,LS_oracle,0.432425526337815
0.3,LS_oracle,0.141238890254184
0.3,LS_oracle,0.10781429968206
0.3,LS_oracle,1.09331148820887
0.3,LS_oracle,0.191542443588646
0.3,LS_oracle,0.119754318641658
0.3,LS_oracle,0.469461300425828
0.3,LS_oracle,0.308805217818129
0.3,LS_oracle,0.128827963454136
0.3,LS_oracle,0.146902959898951
0.3,LS_oracle,0.240457919162395
0.3,LS_oracle,0.372315706196028
0.3,LS_oracle,0.131533027858318
0.3,LS_oracle,0.276617490130282
0.3,LS_oracle,0.093141412421577
0.3,LS_oracle,0.175992759500463
0.3,LS_oracle,0.110638206341102
0.3,LS_oracle,0.119334913876069
0.3,LS_oracle,0.31508469505696
0.3,LS_oracle,0.0979328541210443
0.3,LS_oracle,0.172818022462954
0.3,LS_oracle,0.275285089136722
0.3,LS_oracle,0.176867746544287
0.3,LS_oracle,0.228420218953903
0.3,LS_oracle,0.368816211526673
0.3,LS_oracle,0.37297891743198
0.3,LS_oracle,0.416794190806104
0.3,LS_oracle,0.169160041616363
0.3,LS_oracle,0.176437642752017
0.3,LS_oracle,0.103286440037657
0.3,LS_oracle,0.139349836002293
0.3,LS_oracle,0.222425229187815
0.3,LS_oracle,0.164105384168029
0.3,LS_oracle,0.133487686015621
0.3,LS_oracle,0.178627153848847
0.3,LS_oracle,0.110283623705912
0.3,LS_oracle,0.413910981460376
0.3,LS_oracle,0.221462476281144
0.3,LS_oracle,0.27107916221112
0.3,LS_oracle,0.239717809985723
0.3,TS_oracle,0.123081993781429
0.3,TS_oracle,0.219308069481875
0.3,TS_oracle,0.233193578705639
0.3,TS_oracle,0.610536990596475
0.3,TS_oracle,0.0835632494902724
0.3,TS_oracle,0.25576507663304
0.3,TS_oracle,0.124728673110861
0.3,TS_oracle,0.107781539995515
0.3,TS_oracle,0.136741811812986
0.3,TS_oracle,0.229405237382969
0.3,TS_oracle,0.179382167229915
0.3,TS_oracle,0.42885797874115
0.3,TS_oracle,0.261618129845156
0.3,TS_oracle,0.179999807554539
0.3,TS_oracle,0.0996593231527532
0.3,TS_oracle,0.121223705558809
0.3,TS_oracle,0.209132665565354
0.3,TS_oracle,0.12262742581042
0.3,TS_oracle,0.160226030803693
0.3,TS_oracle,0.160969940929443
0.3,TS_oracle,0.222511486919274
0.3,TS_oracle,0.0963188702603398
0.3,TS_oracle,0.101115595632144
0.3,TS_oracle,0.114666856496165
0.3,TS_oracle,0.14330395276234
0.3,TS_oracle,0.148308562704805
0.3,TS_oracle,0.110963541272966
0.3,TS_oracle,0.269673668613611
0.3,TS_oracle,0.215188357369351
0.3,TS_oracle,0.341205626822895
0.3,TS_oracle,0.153815466642128
0.3,TS_oracle,0.585941074113566
0.3,TS_oracle,0.103461328262858
0.3,TS_oracle,0.145595586154805
0.3,TS_oracle,0.672588398762032
0.3,TS_oracle,0.656754529255636
0.3,TS_oracle,0.188841730281363
0.3,TS_oracle,0.169984927324589
0.3,TS_oracle,0.0918854663907721
0.3,TS_oracle,0.0683135536717466
0.3,TS_oracle,0.173328087568446
0.3,TS_oracle,0.112553677066532
0.3,TS_oracle,0.846769123216912
0.3,TS_oracle,0.103989132290452
0.3,TS_oracle,0.214577396743752
0.3,TS_oracle,0.132990497357351
0.3,TS_oracle,0.130345150729132
0.3,TS_oracle,0.134193088154781
0.3,TS_oracle,0.229745412055072
0.3,TS_oracle,0.0652181494174232
0.3,TS_oracle,0.140987621260981
0.3,TS_oracle,0.101312928751268
0.3,TS_oracle,0.0805851355509383
0.3,TS_oracle,0.270058270843495
0.3,TS_oracle,0.318993229628364
0.3,TS_oracle,0.10754627561079
0.3,TS_oracle,0.285861231880897
0.3,TS_oracle,0.233023206968242
0.3,TS_oracle,0.176896502728245
0.3,TS_oracle,0.0969144138189138
0.3,TS_oracle,0.143153760083396
0.3,TS_oracle,0.23331172385858
0.3,TS_oracle,0.242313476983507
0.3,TS_oracle,0.260697348209475
0.3,TS_oracle,0.650333581036022
0.3,TS_oracle,0.155702189366836
0.3,TS_oracle,0.0801617075075416
0.3,TS_oracle,0.287127888924773
0.3,TS_oracle,0.947692775855491
0.3,TS_oracle,0.127068169089111
0.3,TS_oracle,0.132589496610431
0.3,TS_oracle,0.0857691963256466
0.3,TS_oracle,0.22559189371879
0.3,TS_oracle,0.16649715495829
0.3,TS_oracle,0.105364472321616
0.3,TS_oracle,0.146520647811204
0.3,TS_oracle,0.193735098890572
0.3,TS_oracle,0.114334141475229
0.3,TS_oracle,0.26908526884286
0.3,TS_oracle,0.127413734929329
0.3,TS_oracle,0.0880316852951347
0.3,TS_oracle,0.120902541033258
0.3,TS_oracle,0.132365325300881
0.3,TS_oracle,0.111233917816265
0.3,TS_oracle,0.172620239970576
0.3,TS_oracle,0.13049921580852
0.3,TS_oracle,0.115040403266034
0.3,TS_oracle,0.0996439917347146
0.3,TS_oracle,0.149687678277951
0.3,TS_oracle,0.0793932273316908
0.3,TS_oracle,0.187715320549979
0.3,TS_oracle,0.132258511950467
0.3,TS_oracle,0.757351996545934
0.3,TS_oracle,0.189885078792541
0.3,TS_oracle,0.0791085547066064
0.3,TS_oracle,0.128078185580489
0.3,TS_oracle,0.271936304324384
0.3,TS_oracle,0.188207308241084
0.3,TS_oracle,0.13569428724102
0.3,TS_oracle,0.0929104400210938
0.3,TS_oracle,0.237958297327475
0.3,TS_oracle,0.194617221332995
0.3,TS_oracle,0.118657177105706
0.3,TS_oracle,0.180288914468035
0.3,TS_oracle,0.621682129396984
0.3,TS_oracle,0.678718016981443
0.3,TS_oracle,0.11115589546562
0.3,TS_oracle,0.127908266116973
0.3,TS_oracle,0.298401772477559
0.3,TS_oracle,0.133809459375095
0.3,TS_oracle,0.220895774208541
0.3,TS_oracle,0.439613161803107
0.3,TS_oracle,0.144242075923011
0.3,TS_oracle,0.124706057299384
0.3,TS_oracle,0.136317953237492
0.3,TS_oracle,0.105046964968534
0.3,TS_oracle,0.236201443223246
0.3,TS_oracle,0.119637656665178
0.3,TS_oracle,0.203128686962079
0.3,TS_oracle,0.221583991935526
0.3,TS_oracle,0.204242139871743
0.3,TS_oracle,0.10267869876279
0.3,TS_oracle,0.238214315277449
0.3,TS_oracle,0.0564852681563426
0.3,TS_oracle,0.153010671410066
0.3,TS_oracle,0.147638526317998
0.3,TS_oracle,0.478147158690861
0.3,TS_oracle,0.162990278542675
0.3,TS_oracle,0.712318983053861
0.3,TS_oracle,0.246790504891738
0.3,TS_oracle,0.132643294345837
0.3,TS_oracle,0.196848762164658
0.3,TS_oracle,0.190987163868328
0.3,TS_oracle,0.123599824421128
0.3,TS_oracle,0.207296814550709
0.3,TS_oracle,0.0940835701033407
0.3,TS_oracle,0.662557660747263
0.3,TS_oracle,0.0859309914534094
0.3,TS_oracle,0.478192630712388
0.3,TS_oracle,0.385104633176639
0.3,TS_oracle,0.101906587485588
0.3,TS_oracle,1.07954073906535
0.3,TS_oracle,0.801427743739573
0.3,TS_oracle,0.087039827772586
0.3,TS_oracle,0.17249118136915
0.3,TS_oracle,0.416892403954047
0.3,TS_oracle,0.119347200679738
0.3,TS_oracle,0.112095050240901
0.3,TS_oracle,0.14634569983415
0.3,TS_oracle,0.346700060172295
0.3,TS_oracle,0.198598103956267
0.3,TS_oracle,0.181236455605888
0.3,TS_oracle,0.0963712624086412
0.3,TS_oracle,0.5006295839464
0.3,TS_oracle,0.243978601254156
0.3,TS_oracle,0.853496203185142
0.3,TS_oracle,0.28046263311914
0.3,TS_oracle,0.117416465899585
0.3,TS_oracle,0.178846295380504
0.3,TS_oracle,0.132114145525715
0.3,TS_oracle,0.451624483548625
0.3,TS_oracle,0.143961363555007
0.3,TS_oracle,0.0984572652784
0.3,TS_oracle,1.09011027475502
0.3,TS_oracle,0.163029266579338
0.3,TS_oracle,0.118023063138893
0.3,TS_oracle,0.485017121299545
0.3,TS_oracle,0.258092080044844
0.3,TS_oracle,0.167902143878516
0.3,TS_oracle,0.195524688893041
0.3,TS_oracle,0.227396138330491
0.3,TS_oracle,0.370837892013566
0.3,TS_oracle,0.13811574103633
0.3,TS_oracle,0.188576421229413
0.3,TS_oracle,0.120094186932877
0.3,TS_oracle,0.176611021923908
0.3,TS_oracle,0.101859180667854
0.3,TS_oracle,0.109766103207778
0.3,TS_oracle,0.320614143791667
0.3,TS_oracle,0.109191007605192
0.3,TS_oracle,0.111225268405086
0.3,TS_oracle,0.2293754847037
0.3,TS_oracle,0.141794987875577
0.3,TS_oracle,0.223483591791379
0.3,TS_oracle,0.318654392030656
0.3,TS_oracle,0.354338794553248
0.3,TS_oracle,0.426069311559829
0.3,TS_oracle,0.158719066817705
0.3,TS_oracle,0.162513034804196
0.3,TS_oracle,0.0845677280692292
0.3,TS_oracle,0.110809982795734
0.3,TS_oracle,0.196558768381063
0.3,TS_oracle,0.187142198115567
0.3,TS_oracle,0.153301260259347
0.3,TS_oracle,0.161785566116426
0.3,TS_oracle,0.135285498336857
0.3,TS_oracle,0.389649576878585
0.3,TS_oracle,0.244745362790855
0.3,TS_oracle,0.268964033664173
0.3,TS_oracle,0.214098778868784
0.4,PLS,0.283344680579279
0.4,PLS,0.0950307895161388
0.4,PLS,0.143740041540635
0.4,PLS,0.104084889342017
0.4,PLS,0.145386063421472
0.4,PLS,0.277436165085278
0.4,PLS,0.217208807651002
0.4,PLS,0.050645067618379
0.4,PLS,0.191718512682611
0.4,PLS,0.27763610532613
0.4,PLS,0.306550039928047
0.4,PLS,0.123098470402771
0.4,PLS,0.22699872464197
0.4,PLS,0.332096823514531
0.4,PLS,0.295514118380592
0.4,PLS,0.11412943735149
0.4,PLS,0.10535698723765
0.4,PLS,0.198115414779648
0.4,PLS,0.117404088586237
0.4,PLS,0.16670455292607
0.4,PLS,0.609339700173226
0.4,PLS,0.0720419708657885
0.4,PLS,0.144650361657053
0.4,PLS,0.153551802482014
0.4,PLS,0.175513745570793
0.4,PLS,0.115245259459265
0.4,PLS,0.0860511090118606
0.4,PLS,0.217823451773749
0.4,PLS,0.138578769420043
0.4,PLS,0.310941019079469
0.4,PLS,0.104547835790108
0.4,PLS,0.150630932247914
0.4,PLS,0.372792701502389
0.4,PLS,0.241571186217113
0.4,PLS,0.131892944375089
0.4,PLS,0.124462410385787
0.4,PLS,0.280987161066268
0.4,PLS,0.151487265502871
0.4,PLS,0.303257756892852
0.4,PLS,0.216695564155442
0.4,PLS,0.18277581660047
0.4,PLS,0.196005676543499
0.4,PLS,0.603664413386275
0.4,PLS,0.110148146703626
0.4,PLS,0.723804297793679
0.4,PLS,0.227444312399871
0.4,PLS,0.168191469660461
0.4,PLS,0.102304691408579
0.4,PLS,0.182881237920632
0.4,PLS,0.191058012744957
0.4,PLS,0.299180505355333
0.4,PLS,0.127865024958713
0.4,PLS,0.120480414827574
0.4,PLS,0.095085380983488
0.4,PLS,1.2595172347672
0.4,PLS,0.130397604567121
0.4,PLS,0.181998264596718
0.4,PLS,0.388844128586465
0.4,PLS,0.178283906146639
0.4,PLS,0.16992631511177
0.4,PLS,0.110303199511463
0.4,PLS,0.416379064253755
0.4,PLS,0.226306724056449
0.4,PLS,0.101656130616053
0.4,PLS,0.158993826446594
0.4,PLS,0.185701595106929
0.4,PLS,0.16928268464541
0.4,PLS,0.135299348173489
0.4,PLS,0.39986653129347
0.4,PLS,0.254743238769575
0.4,PLS,0.361889097907998
0.4,PLS,0.152619563350516
0.4,PLS,0.0801119886357198
0.4,PLS,0.217921486642242
0.4,PLS,0.145375952170844
0.4,PLS,0.0998879860916798
0.4,PLS,0.387165155319717
0.4,PLS,0.135951373211322
0.4,PLS,0.0732094761203133
0.4,PLS,0.206514434339264
0.4,PLS,0.136958223745778
0.4,PLS,0.181188164290472
0.4,PLS,0.0761734798754804
0.4,PLS,0.147380416007011
0.4,PLS,0.120466477193729
0.4,PLS,0.136139946093737
0.4,PLS,0.717202435486419
0.4,PLS,0.788997298746566
0.4,PLS,0.108076188085849
0.4,PLS,0.146087919175242
0.4,PLS,0.140463858866669
0.4,PLS,0.173454874762303
0.4,PLS,0.16776252269389
0.4,PLS,0.224941008136492
0.4,PLS,0.204863859525508
0.4,PLS,0.492888834922451
0.4,PLS,0.130509149730873
0.4,PLS,0.442038478531382
0.4,PLS,0.0694924938180376
0.4,PLS,0.0992942980013449
0.4,PLS,0.194734296411462
0.4,PLS,0.460358008425852
0.4,PLS,0.22679335470937
0.4,PLS,0.194857416742636
0.4,PLS,0.287290899415809
0.4,PLS,0.183917984656859
0.4,PLS,0.163639560740365
0.4,PLS,0.197537021216734
0.4,PLS,0.14929761809545
0.4,PLS,0.183404843621266
0.4,PLS,0.210188967316359
0.4,PLS,0.283731174045974
0.4,PLS,0.175703004958391
0.4,PLS,0.118487909630942
0.4,PLS,0.133683092875457
0.4,PLS,0.360585266567262
0.4,PLS,0.191354248723705
0.4,PLS,0.584198185109075
0.4,PLS,0.185394253492563
0.4,PLS,0.242934784315372
0.4,PLS,0.141457769077115
0.4,PLS,0.089418189045169
0.4,PLS,0.170030790095356
0.4,PLS,0.122973847079657
0.4,PLS,0.8065865901017
0.4,PLS,0.0956342127457812
0.4,PLS,0.0969879786817248
0.4,PLS,0.538352693150401
0.4,PLS,0.0715263113248278
0.4,PLS,0.474147238791643
0.4,PLS,0.509199314763771
0.4,PLS,0.561771883992464
0.4,PLS,0.244015199623101
0.4,PLS,0.619875645689794
0.4,PLS,0.112183220486991
0.4,PLS,0.10986055784798
0.4,PLS,0.184668916415438
0.4,PLS,0.11717677132907
0.4,PLS,0.19841541998925
0.4,PLS,0.175510725516554
0.4,PLS,0.313404888623007
0.4,PLS,0.321094643984787
0.4,PLS,0.337285814024437
0.4,PLS,0.130391900740823
0.4,PLS,0.987374568189773
0.4,PLS,0.121301379086561
0.4,PLS,0.175906145882535
0.4,PLS,0.363716919735867
0.4,PLS,0.14576321806896
0.4,PLS,0.175924535998534
0.4,PLS,0.164732796288902
0.4,PLS,0.506039377170418
0.4,PLS,0.169774083940482
0.4,PLS,0.202971400103994
0.4,PLS,0.288399266174066
0.4,PLS,0.728279835153232
0.4,PLS,0.296196485672731
0.4,PLS,0.197501771454841
0.4,PLS,0.815148356975576
0.4,PLS,0.0729727347677965
0.4,PLS,0.0871929579137547
0.4,PLS,0.105195173257238
0.4,PLS,0.374579226883306
0.4,PLS,0.734296813931144
0.4,PLS,0.126468112777695
0.4,PLS,0.668937568528679
0.4,PLS,0.170403540301473
0.4,PLS,0.124141966454841
0.4,PLS,0.118581285470363
0.4,PLS,0.209739883619973
0.4,PLS,0.224761298016809
0.4,PLS,0.150826126036844
0.4,PLS,0.162459559017058
0.4,PLS,0.367310783948259
0.4,PLS,0.306335986282348
0.4,PLS,0.275640453806879
0.4,PLS,0.33713112836175
0.4,PLS,0.189817000513316
0.4,PLS,0.106894838242169
0.4,PLS,0.126506052015404
0.4,PLS,0.771476159665293
0.4,PLS,0.192285821186242
0.4,PLS,0.218836692904673
0.4,PLS,0.135533487017569
0.4,PLS,0.216740846842095
0.4,PLS,0.146334913350003
0.4,PLS,0.255246824388657
0.4,PLS,0.127391879495728
0.4,PLS,0.207901906788572
0.4,PLS,0.151672360837579
0.4,PLS,0.171081840371235
0.4,PLS,0.210597256635356
0.4,PLS,0.135872644850049
0.4,PLS,0.0764160242995429
0.4,PLS,0.163012772631596
0.4,PLS,0.0981747339528185
0.4,PLS,0.995296916138516
0.4,PLS,0.133294207781831
0.4,PLS,0.15505336760884
0.4,PLS,0.185920841147429
0.4,fTS,0.284480461555566
0.4,fTS,0.0961613381415768
0.4,fTS,0.108522618094445
0.4,fTS,0.102135114372832
0.4,fTS,0.0918816039759727
0.4,fTS,0.232770083930328
0.4,fTS,0.227117192857587
0.4,fTS,0.0656223562612635
0.4,fTS,0.16242281731279
0.4,fTS,0.275933680173353
0.4,fTS,0.248393528337627
0.4,fTS,0.151601687391247
0.4,fTS,0.222314281655672
0.4,fTS,0.386795616402681
0.4,fTS,0.309225153350085
0.4,fTS,0.111138128715869
0.4,fTS,0.134274323201155
0.4,fTS,0.213078127075523
0.4,fTS,0.115839950153792
0.4,fTS,0.191802658097517
0.4,fTS,0.79045390436844
0.4,fTS,0.0649237597570226
0.4,fTS,0.135291439233193
0.4,fTS,0.119331419995139
0.4,fTS,0.154315194159398
0.4,fTS,0.0986239752506528
0.4,fTS,0.0762644126680718
0.4,fTS,0.224025760126423
0.4,fTS,0.160281597387128
0.4,fTS,0.290951848495748
0.4,fTS,0.0910253067984964
0.4,fTS,0.121484344985484
0.4,fTS,0.33213940520818
0.4,fTS,0.212909848000772
0.4,fTS,0.137715506938387
0.4,fTS,0.0974838218087942
0.4,fTS,0.270630613685636
0.4,fTS,0.117253383702963
0.4,fTS,0.280176298981192
0.4,fTS,0.232607893972037
0.4,fTS,0.17621281858167
0.4,fTS,0.178862475922436
0.4,fTS,0.605396738595326
0.4,fTS,0.0913820562043367
0.4,fTS,0.730572035896189
0.4,fTS,0.277189494525158
0.4,fTS,0.159756157047747
0.4,fTS,0.105792613530945
0.4,fTS,0.141872352730229
0.4,fTS,0.163927081289258
0.4,fTS,0.290719861374022
0.4,fTS,0.105283284103845
0.4,fTS,0.119381027463026
0.4,fTS,0.088657606717963
0.4,fTS,1.25566610774483
0.4,fTS,0.128743233089216
0.4,fTS,0.125419299216171
0.4,fTS,0.279360235767788
0.4,fTS,0.178991699143891
0.4,fTS,0.196562995934775
0.4,fTS,0.10098734053947
0.4,fTS,0.392664009977619
0.4,fTS,0.218958197948616
0.4,fTS,0.0804180821159464
0.4,fTS,0.12875075803041
0.4,fTS,0.148591697456302
0.4,fTS,0.159395421367078
0.4,fTS,0.108209181835424
0.4,fTS,0.398239588247931
0.4,fTS,0.240695427315374
0.4,fTS,0.298480189614926
0.4,fTS,0.148855717817837
0.4,fTS,0.0768180483878834
0.4,fTS,0.172296690873991
0.4,fTS,0.144184057193283
0.4,fTS,0.100010099777101
0.4,fTS,0.381229375519445
0.4,fTS,0.126204986736406
0.4,fTS,0.114566542180334
0.4,fTS,0.234009924275171
0.4,fTS,0.124115248346265
0.4,fTS,0.150444114527385
0.4,fTS,0.0517778805984702
0.4,fTS,0.105583285051745
0.4,fTS,0.126983351588795
0.4,fTS,0.115690997619912
0.4,fTS,0.539089081764255
0.4,fTS,0.783853018864993
0.4,fTS,0.121970129277301
0.4,fTS,0.162210657029472
0.4,fTS,0.146207031504848
0.4,fTS,0.150292651807427
0.4,fTS,0.149343693000727
0.4,fTS,0.199639141387262
0.4,fTS,0.149857741741973
0.4,fTS,0.528252881626796
0.4,fTS,0.112311607754774
0.4,fTS,0.291126420472652
0.4,fTS,0.0484856952856818
0.4,fTS,0.0989259218093699
0.4,fTS,0.192912665251216
0.4,fTS,0.482130796973726
0.4,fTS,0.209312735156031
0.4,fTS,0.225234815499277
0.4,fTS,0.249144219675805
0.4,fTS,0.156979723227806
0.4,fTS,0.173108023818271
0.4,fTS,0.174726064122077
0.4,fTS,0.135710151021896
0.4,fTS,0.126303069913937
0.4,fTS,0.198759663343912
0.4,fTS,0.250902872670215
0.4,fTS,0.150120768500333
0.4,fTS,0.11947389876849
0.4,fTS,0.122532612640985
0.4,fTS,0.335550411630431
0.4,fTS,0.128214912040534
0.4,fTS,0.564675033924412
0.4,fTS,0.0927660692393502
0.4,fTS,0.195147525513051
0.4,fTS,0.131035748467811
0.4,fTS,0.0799208685233979
0.4,fTS,0.164068954388267
0.4,fTS,0.105978603609202
0.4,fTS,0.785735474768762
0.4,fTS,0.077384374604666
0.4,fTS,0.109055813447689
0.4,fTS,0.539524261901753
0.4,fTS,0.0787071029584583
0.4,fTS,0.141904025945078
0.4,fTS,0.522898394865034
0.4,fTS,0.58005087918371
0.4,fTS,0.18709914819924
0.4,fTS,0.345032237734918
0.4,fTS,0.102721082035069
0.4,fTS,0.0706777205770771
0.4,fTS,0.148501411488762
0.4,fTS,0.1203051714065
0.4,fTS,0.120784037465585
0.4,fTS,0.144963688916306
0.4,fTS,0.244235970013371
0.4,fTS,0.334809899759823
0.4,fTS,0.336056268828705
0.4,fTS,0.0769754542274524
0.4,fTS,0.199180926632355
0.4,fTS,0.124363562139837
0.4,fTS,0.140783181689551
0.4,fTS,0.33275326733072
0.4,fTS,0.129007647421305
0.4,fTS,0.152914961555963
0.4,fTS,0.137177698616323
0.4,fTS,0.295263011425283
0.4,fTS,0.173050377786005
0.4,fTS,0.159137356904656
0.4,fTS,0.214039012123458
0.4,fTS,0.66229288718677
0.4,fTS,0.312897728899271
0.4,fTS,0.165247337746624
0.4,fTS,0.797991418264697
0.4,fTS,0.0759988606232678
0.4,fTS,0.091599865714056
0.4,fTS,0.0934827508575374
0.4,fTS,0.428767487832815
0.4,fTS,0.695178842175569
0.4,fTS,0.13369049010106
0.4,fTS,0.164976145002989
0.4,fTS,0.176295329262251
0.4,fTS,0.11740209281295
0.4,fTS,0.0898731559753651
0.4,fTS,0.130723424247033
0.4,fTS,0.230735053810126
0.4,fTS,0.188495922193548
0.4,fTS,0.151585104654334
0.4,fTS,0.385166385167184
0.4,fTS,0.265065026905726
0.4,fTS,0.267765252407673
0.4,fTS,0.268518205382821
0.4,fTS,0.177021166101348
0.4,fTS,0.115073215185446
0.4,fTS,0.168509816763454
0.4,fTS,0.651715247298574
0.4,fTS,0.152704071253527
0.4,fTS,0.214668977500912
0.4,fTS,0.112269043911373
0.4,fTS,0.170854069578134
0.4,fTS,0.104088156584076
0.4,fTS,0.218461427977098
0.4,fTS,0.139044349227209
0.4,fTS,0.225826242963239
0.4,fTS,0.154982809375393
0.4,fTS,0.218889445605793
0.4,fTS,0.179303690153136
0.4,fTS,0.113842281030897
0.4,fTS,0.0929354662647295
0.4,fTS,0.140356960227002
0.4,fTS,0.114568555872546
0.4,fTS,0.973615357538663
0.4,fTS,0.114614576456011
0.4,fTS,0.155694299195687
0.4,fTS,0.177551677917438
0.4,LS_oracle,0.282496750294617
0.4,LS_oracle,0.0950850320774865
0.4,LS_oracle,0.14091036893509
0.4,LS_oracle,0.100352734373624
0.4,LS_oracle,0.148495348781286
0.4,LS_oracle,0.276740355560578
0.4,LS_oracle,0.218775027441124
0.4,LS_oracle,0.0512689250365297
0.4,LS_oracle,0.190772189030957
0.4,LS_oracle,0.277926992016452
0.4,LS_oracle,0.305744349927687
0.4,LS_oracle,0.125446178262856
0.4,LS_oracle,0.224451088905778
0.4,LS_oracle,0.332744122636907
0.4,LS_oracle,0.294318224128025
0.4,LS_oracle,0.114172566783081
0.4,LS_oracle,0.105851717503721
0.4,LS_oracle,0.19791198542503
0.4,LS_oracle,0.115785250882482
0.4,LS_oracle,0.170630395758015
0.4,LS_oracle,0.609563484050037
0.4,LS_oracle,0.0717470937625928
0.4,LS_oracle,0.143642541512993
0.4,LS_oracle,0.153176884742446
0.4,LS_oracle,0.17114702711458
0.4,LS_oracle,0.113547232254025
0.4,LS_oracle,0.0871984494823575
0.4,LS_oracle,0.216612301676394
0.4,LS_oracle,0.136795919978047
0.4,LS_oracle,0.311315603928061
0.4,LS_oracle,0.104818910294323
0.4,LS_oracle,0.150863037941819
0.4,LS_oracle,0.371709121232794
0.4,LS_oracle,0.242615119880946
0.4,LS_oracle,0.13203149390831
0.4,LS_oracle,0.123886087066082
0.4,LS_oracle,0.283672216740078
0.4,LS_oracle,0.148172718865146
0.4,LS_oracle,0.29943095400742
0.4,LS_oracle,0.216078538804521
0.4,LS_oracle,0.179570405604569
0.4,LS_oracle,0.195890693001655
0.4,LS_oracle,0.60391928988326
0.4,LS_oracle,0.108474590308824
0.4,LS_oracle,0.724614560026182
0.4,LS_oracle,0.235048891273574
0.4,LS_oracle,0.170527838159087
0.4,LS_oracle,0.103331272606402
0.4,LS_oracle,0.182063651198865
0.4,LS_oracle,0.195897661842359
0.4,LS_oracle,0.297775400443372
0.4,LS_oracle,0.12780543390328
0.4,LS_oracle,0.120895517530598
0.4,LS_oracle,0.0952046037966528
0.4,LS_oracle,1.25598688933445
0.4,LS_oracle,0.132004475766787
0.4,LS_oracle,0.180955655670679
0.4,LS_oracle,0.387992832530685
0.4,LS_oracle,0.174750183591755
0.4,LS_oracle,0.169661931549779
0.4,LS_oracle,0.113441323760657
0.4,LS_oracle,0.41657199657627
0.4,LS_oracle,0.226406218779761
0.4,LS_oracle,0.100549657593174
0.4,LS_oracle,0.152232757530966
0.4,LS_oracle,0.185787391691196
0.4,LS_oracle,0.171139656233941
0.4,LS_oracle,0.135094530525106
0.4,LS_oracle,0.112677401490893
0.4,LS_oracle,0.25377331423277
0.4,LS_oracle,0.36182262053374
0.4,LS_oracle,0.164732100294903
0.4,LS_oracle,0.0819224403246126
0.4,LS_oracle,0.224966840592544
0.4,LS_oracle,0.143316774537221
0.4,LS_oracle,0.0997685547853333
0.4,LS_oracle,0.384828139783907
0.4,LS_oracle,0.137904093872821
0.4,LS_oracle,0.0742502501178994
0.4,LS_oracle,0.206949311281257
0.4,LS_oracle,0.139137765294931
0.4,LS_oracle,0.181114156452912
0.4,LS_oracle,0.0771230405202071
0.4,LS_oracle,0.147290149611449
0.4,LS_oracle,0.12500877467449
0.4,LS_oracle,0.135025027832146
0.4,LS_oracle,0.717228181820108
0.4,LS_oracle,0.782429260291061
0.4,LS_oracle,0.10848068062349
0.4,LS_oracle,0.146041685972783
0.4,LS_oracle,0.143995347341559
0.4,LS_oracle,0.172875124272972
0.4,LS_oracle,0.16770112294134
0.4,LS_oracle,0.223804781207076
0.4,LS_oracle,0.205998386524879
0.4,LS_oracle,0.493612847718901
0.4,LS_oracle,0.126761125329331
0.4,LS_oracle,0.4373739719863
0.4,LS_oracle,0.0701393248700842
0.4,LS_oracle,0.100284107656344
0.4,LS_oracle,0.195509721102427
0.4,LS_oracle,0.463142185350285
0.4,LS_oracle,0.225322061688615
0.4,LS_oracle,0.196965478443882
0.4,LS_oracle,0.287651001626879
0.4,LS_oracle,0.182406659593154
0.4,LS_oracle,0.164100107330766
0.4,LS_oracle,0.200767870246176
0.4,LS_oracle,0.152660851226581
0.4,LS_oracle,0.184351825978236
0.4,LS_oracle,0.20913625121672
0.4,LS_oracle,0.28484376798549
0.4,LS_oracle,0.175804281222044
0.4,LS_oracle,0.118515776063303
0.4,LS_oracle,0.132974868031964
0.4,LS_oracle,0.361423799917315
0.4,LS_oracle,0.188211459361573
0.4,LS_oracle,0.584230247678832
0.4,LS_oracle,0.179522054730445
0.4,LS_oracle,0.233071375779642
0.4,LS_oracle,0.136285543952902
0.4,LS_oracle,0.0887246539528871
0.4,LS_oracle,0.170073223899285
0.4,LS_oracle,0.124732941169066
0.4,LS_oracle,0.801167227032764
0.4,LS_oracle,0.096137178130158
0.4,LS_oracle,0.0962803079811511
0.4,LS_oracle,0.538193006678921
0.4,LS_oracle,0.072852691867204
0.4,LS_oracle,0.14510659743427
0.4,LS_oracle,0.511265338064361
0.4,LS_oracle,0.562041008687259
0.4,LS_oracle,0.242152863439503
0.4,LS_oracle,0.619948709829802
0.4,LS_oracle,0.108814090873234
0.4,LS_oracle,0.107207393444341
0.4,LS_oracle,0.181776865809545
0.4,LS_oracle,0.117919652867132
0.4,LS_oracle,0.19567582275826
0.4,LS_oracle,0.178685030432088
0.4,LS_oracle,0.313431013211069
0.4,LS_oracle,0.321150381440694
0.4,LS_oracle,0.337476903945314
0.4,LS_oracle,0.125469294183381
0.4,LS_oracle,0.194994433436627
0.4,LS_oracle,0.121033387672474
0.4,LS_oracle,0.176284086491454
0.4,LS_oracle,0.365788003088908
0.4,LS_oracle,0.145418765882286
0.4,LS_oracle,0.177970679683613
0.4,LS_oracle,0.164819417627233
0.4,LS_oracle,0.502939110506771
0.4,LS_oracle,0.17001228086793
0.4,LS_oracle,0.202283662183274
0.4,LS_oracle,0.294036452068266
0.4,LS_oracle,0.730500586629459
0.4,LS_oracle,0.296701523102414
0.4,LS_oracle,0.195732145627565
0.4,LS_oracle,0.814071951974902
0.4,LS_oracle,0.0719552993242947
0.4,LS_oracle,0.0892418326013257
0.4,LS_oracle,0.106381164491536
0.4,LS_oracle,0.374673081937584
0.4,LS_oracle,0.733505670557581
0.4,LS_oracle,0.11801474084627
0.4,LS_oracle,0.671572234627029
0.4,LS_oracle,0.170486813344295
0.4,LS_oracle,0.12422241740552
0.4,LS_oracle,0.118970393101122
0.4,LS_oracle,0.205973331550612
0.4,LS_oracle,0.224712811506721
0.4,LS_oracle,0.150345015298882
0.4,LS_oracle,0.1643797403793
0.4,LS_oracle,0.367209767339299
0.4,LS_oracle,0.307399044059013
0.4,LS_oracle,0.273567094040885
0.4,LS_oracle,0.328014855780213
0.4,LS_oracle,0.189751655510674
0.4,LS_oracle,0.106902835677005
0.4,LS_oracle,0.125911969049366
0.4,LS_oracle,0.772480231498364
0.4,LS_oracle,0.192401648072212
0.4,LS_oracle,0.218215652488912
0.4,LS_oracle,0.13643843918295
0.4,LS_oracle,0.216494031144088
0.4,LS_oracle,0.147956552238312
0.4,LS_oracle,0.248825504275566
0.4,LS_oracle,0.127608472715029
0.4,LS_oracle,0.2104540280192
0.4,LS_oracle,0.150472319290724
0.4,LS_oracle,0.171532580640691
0.4,LS_oracle,0.210736472886481
0.4,LS_oracle,0.137858677789559
0.4,LS_oracle,0.0774794937390017
0.4,LS_oracle,0.16089170002023
0.4,LS_oracle,0.0980574472221653
0.4,LS_oracle,0.997521719966851
0.4,LS_oracle,0.127814450159718
0.4,LS_oracle,0.156400015396904
0.4,LS_oracle,0.189803909628694
0.4,TS_oracle,0.283964132379642
0.4,TS_oracle,0.0961154582630322
0.4,TS_oracle,0.108568651421499
0.4,TS_oracle,0.100551991401358
0.4,TS_oracle,0.0934460944739137
0.4,TS_oracle,0.238030969109936
0.4,TS_oracle,0.227921650101841
0.4,TS_oracle,0.0669419918067089
0.4,TS_oracle,0.161897641113134
0.4,TS_oracle,0.276429633289875
0.4,TS_oracle,0.248960642669686
0.4,TS_oracle,0.152419109956354
0.4,TS_oracle,0.219639750002879
0.4,TS_oracle,0.38753843306912
0.4,TS_oracle,0.308980084769812
0.4,TS_oracle,0.111287073644974
0.4,TS_oracle,0.134126206860849
0.4,TS_oracle,0.214136762632267
0.4,TS_oracle,0.115527527297737
0.4,TS_oracle,0.188225100834773
0.4,TS_oracle,0.790158214869575
0.4,TS_oracle,0.064598759344786
0.4,TS_oracle,0.138258035697068
0.4,TS_oracle,0.118749467246108
0.4,TS_oracle,0.153777039034519
0.4,TS_oracle,0.0966616911259085
0.4,TS_oracle,0.0789792741380339
0.4,TS_oracle,0.222915304723956
0.4,TS_oracle,0.159495303640395
0.4,TS_oracle,0.290389906961159
0.4,TS_oracle,0.0910983070849216
0.4,TS_oracle,0.120663559924751
0.4,TS_oracle,0.332440821284588
0.4,TS_oracle,0.214381577368969
0.4,TS_oracle,0.142085795386861
0.4,TS_oracle,0.0964798221790644
0.4,TS_oracle,0.271348380242673
0.4,TS_oracle,0.117219720252495
0.4,TS_oracle,0.278684024982327
0.4,TS_oracle,0.24619335861355
0.4,TS_oracle,0.173008228948049
0.4,TS_oracle,0.178586407777048
0.4,TS_oracle,0.605402538192249
0.4,TS_oracle,0.0914486489457402
0.4,TS_oracle,0.731291561876208
0.4,TS_oracle,0.276865790750237
0.4,TS_oracle,0.161049021371134
0.4,TS_oracle,0.106605106613941
0.4,TS_oracle,0.141538166628838
0.4,TS_oracle,0.165882980030889
0.4,TS_oracle,0.290770182226423
0.4,TS_oracle,0.105489330874778
0.4,TS_oracle,0.120434844254536
0.4,TS_oracle,0.0892344303773039
0.4,TS_oracle,1.25392078626463
0.4,TS_oracle,0.12985149097179
0.4,TS_oracle,0.125664231216439
0.4,TS_oracle,0.278954166744024
0.4,TS_oracle,0.178533033839743
0.4,TS_oracle,0.196612923837872
0.4,TS_oracle,0.102161206211276
0.4,TS_oracle,0.392751536672447
0.4,TS_oracle,0.219100232042302
0.4,TS_oracle,0.0790807264650722
0.4,TS_oracle,0.127838836364305
0.4,TS_oracle,0.147976317687487
0.4,TS_oracle,0.160523631518637
0.4,TS_oracle,0.112165207046699
0.4,TS_oracle,0.397214417823541
0.4,TS_oracle,0.240399389919029
0.4,TS_oracle,0.299650114203767
0.4,TS_oracle,0.154348936553233
0.4,TS_oracle,0.0781252379421409
0.4,TS_oracle,0.178957354485914
0.4,TS_oracle,0.143961631784752
0.4,TS_oracle,0.100455862521666
0.4,TS_oracle,0.377824225208626
0.4,TS_oracle,0.126136574450668
0.4,TS_oracle,0.115426944325356
0.4,TS_oracle,0.23482932299448
0.4,TS_oracle,0.123666426131307
0.4,TS_oracle,0.152165681129472
0.4,TS_oracle,0.0521824609683479
0.4,TS_oracle,0.105334906034838
0.4,TS_oracle,0.129207429888666
0.4,TS_oracle,0.115391140290435
0.4,TS_oracle,0.538333347653382
0.4,TS_oracle,0.78401269073904
0.4,TS_oracle,0.118766250526545
0.4,TS_oracle,0.16403122539979
0.4,TS_oracle,0.147157835082084
0.4,TS_oracle,0.151761148216925
0.4,TS_oracle,0.148875011985232
0.4,TS_oracle,0.1931792323964
0.4,TS_oracle,0.148090290675733
0.4,TS_oracle,0.52987582439958
0.4,TS_oracle,0.106509817896319
0.4,TS_oracle,0.29485680561288
0.4,TS_oracle,0.0483536183332602
0.4,TS_oracle,0.0999330814598109
0.4,TS_oracle,0.193943150949964
0.4,TS_oracle,0.482783761855267
0.4,TS_oracle,0.20968678360189
0.4,TS_oracle,0.22662921224316
0.4,TS_oracle,0.249013348206222
0.4,TS_oracle,0.158347171591286
0.4,TS_oracle,0.170369589283236
0.4,TS_oracle,0.177335654010897
0.4,TS_oracle,0.135988285345828
0.4,TS_oracle,0.128987490370219
0.4,TS_oracle,0.198207482935148
0.4,TS_oracle,0.251070509871112
0.4,TS_oracle,0.150240340155953
0.4,TS_oracle,0.119567776463024
0.4,TS_oracle,0.121662871222783
0.4,TS_oracle,0.336615855310595
0.4,TS_oracle,0.130251593522788
0.4,TS_oracle,0.564734133888055
0.4,TS_oracle,0.0944360101052703
0.4,TS_oracle,0.192291141177826
0.4,TS_oracle,0.131229990040014
0.4,TS_oracle,0.0801049620693305
0.4,TS_oracle,0.164101179274794
0.4,TS_oracle,0.105805862237991
0.4,TS_oracle,0.784574503984954
0.4,TS_oracle,0.077300325976461
0.4,TS_oracle,0.10835527751635
0.4,TS_oracle,0.539359435706112
0.4,TS_oracle,0.0788432346746519
0.4,TS_oracle,0.142242422651671
0.4,TS_oracle,0.521970910703861
0.4,TS_oracle,0.580125489493036
0.4,TS_oracle,0.17898361126703
0.4,TS_oracle,0.598669787348383
0.4,TS_oracle,0.100963926087219
0.4,TS_oracle,0.0705241501742754
0.4,TS_oracle,0.142157495489358
0.4,TS_oracle,0.120424316472877
0.4,TS_oracle,0.12044369076111
0.4,TS_oracle,0.147584977239944
0.4,TS_oracle,0.244451422589767
0.4,TS_oracle,0.334855937114999
0.4,TS_oracle,0.336231009913929
0.4,TS_oracle,0.0759049115249999
0.4,TS_oracle,0.200518107500519
0.4,TS_oracle,0.12443914107412
0.4,TS_oracle,0.139998401883429
0.4,TS_oracle,0.333041916889798
0.4,TS_oracle,0.128922883986432
0.4,TS_oracle,0.15273079241449
0.4,TS_oracle,0.136747524623286
0.4,TS_oracle,0.295970115830106
0.4,TS_oracle,0.173585704239846
0.4,TS_oracle,0.158838173937125
0.4,TS_oracle,0.214043615897796
0.4,TS_oracle,0.661381421396171
0.4,TS_oracle,0.315246537317026
0.4,TS_oracle,0.165092564147913
0.4,TS_oracle,0.797364180403623
0.4,TS_oracle,0.0758806665843768
0.4,TS_oracle,0.0915907314455612
0.4,TS_oracle,0.0957242543785981
0.4,TS_oracle,0.43478489499046
0.4,TS_oracle,0.694652418596233
0.4,TS_oracle,0.133102329551274
0.4,TS_oracle,0.164319839063384
0.4,TS_oracle,0.176382378036127
0.4,TS_oracle,0.117476678733004
0.4,TS_oracle,0.0910535214184156
0.4,TS_oracle,0.126719109088654
0.4,TS_oracle,0.230543421504147
0.4,TS_oracle,0.189884052345411
0.4,TS_oracle,0.15152261957016
0.4,TS_oracle,0.383107407490623
0.4,TS_oracle,0.265175529454917
0.4,TS_oracle,0.268364028014036
0.4,TS_oracle,0.263381984236508
0.4,TS_oracle,0.177171223034509
0.4,TS_oracle,0.118444499367487
0.4,TS_oracle,0.16906829887659
0.4,TS_oracle,0.652799458112171
0.4,TS_oracle,0.152721323665662
0.4,TS_oracle,0.213880316795756
0.4,TS_oracle,0.112239612607499
0.4,TS_oracle,0.170759795449582
0.4,TS_oracle,0.104332008219223
0.4,TS_oracle,0.218419203865017
0.4,TS_oracle,0.14476217614719
0.4,TS_oracle,0.230557413330301
0.4,TS_oracle,0.155157792776278
0.4,TS_oracle,0.216956307609149
0.4,TS_oracle,0.178910676719244
0.4,TS_oracle,0.11422106856341
0.4,TS_oracle,0.0917921906366066
0.4,TS_oracle,0.134261185049478
0.4,TS_oracle,0.11398468975111
0.4,TS_oracle,0.96986988238469
0.4,TS_oracle,0.112531319061765
0.4,TS_oracle,0.155422721173262
0.4,TS_oracle,0.185944808717772
0.5,PLS,0.183577447410518
0.5,PLS,0.187113458042309
0.5,PLS,0.139012283051251
0.5,PLS,0.137508297769202
0.5,PLS,0.644375779697235
0.5,PLS,0.156623441567818
0.5,PLS,0.240480313569621
0.5,PLS,0.174713104584478
0.5,PLS,0.246179818270755
0.5,PLS,0.14885453488063
0.5,PLS,0.164465096804623
0.5,PLS,0.238309202242281
0.5,PLS,0.19653285228309
0.5,PLS,0.304187774662849
0.5,PLS,0.208887190959281
0.5,PLS,0.234038726149915
0.5,PLS,0.103708723002293
0.5,PLS,0.191597564341916
0.5,PLS,0.158963703200257
0.5,PLS,0.172093534997411
0.5,PLS,0.129176466621172
0.5,PLS,0.215672434257624
0.5,PLS,0.290947859549581
0.5,PLS,0.674524513838139
0.5,PLS,0.244486645142589
0.5,PLS,0.0895954571177934
0.5,PLS,0.0861802144722714
0.5,PLS,0.166139436711066
0.5,PLS,0.154255166999117
0.5,PLS,0.188462552379221
0.5,PLS,0.155158450426587
0.5,PLS,0.218367775095136
0.5,PLS,0.259736726086364
0.5,PLS,0.102229365361498
0.5,PLS,0.153514070480253
0.5,PLS,0.360302295610905
0.5,PLS,0.219728280303262
0.5,PLS,0.117831369415018
0.5,PLS,0.284574998755479
0.5,PLS,0.131769956100469
0.5,PLS,0.200876206266797
0.5,PLS,0.239667169284156
0.5,PLS,0.115028008108269
0.5,PLS,0.321350364699563
0.5,PLS,0.17032260588842
0.5,PLS,0.679188347462381
0.5,PLS,0.17733870922514
0.5,PLS,0.274513427079617
0.5,PLS,0.110476361815471
0.5,PLS,0.26870719024387
0.5,PLS,0.246590250540458
0.5,PLS,0.352542520083649
0.5,PLS,0.106749026375878
0.5,PLS,0.105959082600413
0.5,PLS,0.182991664434251
0.5,PLS,0.135462173430349
0.5,PLS,0.435201388500808
0.5,PLS,0.105804995417303
0.5,PLS,0.0941556027630899
0.5,PLS,0.158253257438081
0.5,PLS,0.157381687273379
0.5,PLS,0.16173150588445
0.5,PLS,0.177879606298697
0.5,PLS,0.16866261132816
0.5,PLS,0.152099695014176
0.5,PLS,0.221634566724975
0.5,PLS,0.272060579448061
0.5,PLS,0.10871670590549
0.5,PLS,0.14963226007185
0.5,PLS,0.1442111498171
0.5,PLS,0.194686206165385
0.5,PLS,0.593372115379367
0.5,PLS,0.22778665490014
0.5,PLS,0.152923474620447
0.5,PLS,0.156108576435196
0.5,PLS,0.163525055395736
0.5,PLS,0.121982919517421
0.5,PLS,0.0829986743747402
0.5,PLS,0.192068351386863
0.5,PLS,0.244943959895073
0.5,PLS,0.196680593913507
0.5,PLS,0.127002741674795
0.5,PLS,0.141027914712901
0.5,PLS,0.214594590652503
0.5,PLS,0.143964136548754
0.5,PLS,0.169494152116558
0.5,PLS,0.195990914911864
0.5,PLS,0.278325916672538
0.5,PLS,0.169302034947646
0.5,PLS,0.143842588034235
0.5,PLS,0.223544364048204
0.5,PLS,0.0550756200389596
0.5,PLS,0.151983327038779
0.5,PLS,0.47450107112897
0.5,PLS,0.1087061105227
0.5,PLS,0.133799511735247
0.5,PLS,0.172481568534761
0.5,PLS,0.204092507051059
0.5,PLS,0.0735229839223485
0.5,PLS,0.161510182907402
0.5,PLS,0.259409338271841
0.5,PLS,0.149432726874504
0.5,PLS,0.128614155529133
0.5,PLS,0.132402512923395
0.5,PLS,0.259361387836138
0.5,PLS,0.161568996041808
0.5,PLS,0.106707811434287
0.5,PLS,0.127026352742112
0.5,PLS,0.267719613990746
0.5,PLS,0.214340527698712
0.5,PLS,0.314077625567593
0.5,PLS,0.122886475082971
0.5,PLS,0.120492577584805
0.5,PLS,0.182556649688619
0.5,PLS,0.141932657196539
0.5,PLS,0.164876420067547
0.5,PLS,0.124607088005389
0.5,PLS,0.411937610688195
0.5,PLS,0.146794090326231
0.5,PLS,0.132387936193262
0.5,PLS,0.132680644922479
0.5,PLS,0.200893707277607
0.5,PLS,0.187993555550143
0.5,PLS,0.117827951504905
0.5,PLS,0.0996906240388969
0.5,PLS,0.153683097913531
0.5,PLS,0.131625934693289
0.5,PLS,0.138458675183531
0.5,PLS,0.165922024424838
0.5,PLS,0.364188064582924
0.5,PLS,0.262303350812782
0.5,PLS,0.126890016337707
0.5,PLS,1.08071730093718
0.5,PLS,0.192809111132833
0.5,PLS,0.243032603594439
0.5,PLS,0.0846826110300321
0.5,PLS,0.18727552994625
0.5,PLS,0.19502570034912
0.5,PLS,0.1827056843655
0.5,PLS,0.251276289011058
0.5,PLS,0.160504598256134
0.5,PLS,0.237328062197434
0.5,PLS,0.126689693823879
0.5,PLS,0.15793920559819
0.5,PLS,0.58031795610513
0.5,PLS,0.402642186410031
0.5,PLS,0.141524519836409
0.5,PLS,0.707580020802102
0.5,PLS,0.175833374465083
0.5,PLS,0.172781132463002
0.5,PLS,0.137399764316418
0.5,PLS,0.119207140621682
0.5,PLS,0.0881167890777705
0.5,PLS,0.113759912005535
0.5,PLS,0.194074298526376
0.5,PLS,0.189011111778026
0.5,PLS,0.111669397819143
0.5,PLS,0.658068091462452
0.5,PLS,0.165279763832006
0.5,PLS,0.16085426328724
0.5,PLS,0.180822721745211
0.5,PLS,0.234435902797727
0.5,PLS,0.1757629119138
0.5,PLS,0.101514679796927
0.5,PLS,0.131162253051726
0.5,PLS,0.185992149696271
0.5,PLS,0.770506137346483
0.5,PLS,0.15841650707376
0.5,PLS,0.134058023935943
0.5,PLS,0.26016664343072
0.5,PLS,0.116704206758812
0.5,PLS,0.164556024743609
0.5,PLS,0.249746658799134
0.5,PLS,0.649193918639515
0.5,PLS,0.165873864203939
0.5,PLS,0.279062818705504
0.5,PLS,0.134690587153858
0.5,PLS,0.415503089752892
0.5,PLS,0.103692553492818
0.5,PLS,0.20377576403089
0.5,PLS,0.162965605179781
0.5,PLS,0.149631612275794
0.5,PLS,0.242096706026341
0.5,PLS,0.456230963249805
0.5,PLS,0.235288568108482
0.5,PLS,0.112499379020988
0.5,PLS,0.143891879897472
0.5,PLS,0.268908385693849
0.5,PLS,0.123172041900281
0.5,PLS,0.165514702596315
0.5,PLS,0.121348131600559
0.5,PLS,0.0797098529681939
0.5,PLS,0.162542919164821
0.5,PLS,0.0978720750645537
0.5,PLS,0.632553963680604
0.5,PLS,0.195195902199222
0.5,PLS,0.129371549916256
0.5,PLS,0.308363129814942
0.5,PLS,0.105795336584041
0.5,PLS,0.404360481736737
0.5,fTS,0.161059917800032
0.5,fTS,0.12168779081083
0.5,fTS,0.15081020163828
0.5,fTS,0.112411002086072
0.5,fTS,0.640342905516622
0.5,fTS,0.12241024983345
0.5,fTS,0.24699032529929
0.5,fTS,0.130949178081981
0.5,fTS,0.174359226588179
0.5,fTS,0.230872251335407
0.5,fTS,0.196870697959966
0.5,fTS,0.194980440072337
0.5,fTS,0.114656424374696
0.5,fTS,0.24923056731591
0.5,fTS,0.200203399282889
0.5,fTS,0.149817642824646
0.5,fTS,0.11712387132247
0.5,fTS,0.206527461834184
0.5,fTS,0.142369931383787
0.5,fTS,0.112248152238552
0.5,fTS,0.165312016237225
0.5,fTS,0.254749355759941
0.5,fTS,0.259342360075649
0.5,fTS,0.648158804385368
0.5,fTS,0.204184422849673
0.5,fTS,0.077110276274682
0.5,fTS,0.0894871683947549
0.5,fTS,0.159175605345048
0.5,fTS,0.123068145140814
0.5,fTS,0.169523562395443
0.5,fTS,0.1029633514551
0.5,fTS,0.221167043789409
0.5,fTS,0.258677088999725
0.5,fTS,0.0888435414849639
0.5,fTS,0.184611704147289
0.5,fTS,0.235627269331972
0.5,fTS,0.205183906205507
0.5,fTS,0.107868019196069
0.5,fTS,0.151609015796695
0.5,fTS,0.145799487094924
0.5,fTS,0.177310534259576
0.5,fTS,0.264558397906977
0.5,fTS,0.0913128768833642
0.5,fTS,0.11448539681586
0.5,fTS,0.147223409600744
0.5,fTS,0.696279507026805
0.5,fTS,0.162508062781667
0.5,fTS,0.128556090150065
0.5,fTS,0.0582216799447148
0.5,fTS,0.265757453891738
0.5,fTS,0.136884429053003
0.5,fTS,0.321259780754441
0.5,fTS,0.144091549433525
0.5,fTS,0.072617151438785
0.5,fTS,0.101285594497289
0.5,fTS,0.124848246275475
0.5,fTS,0.396813424982689
0.5,fTS,0.0866348298932906
0.5,fTS,0.100050552941943
0.5,fTS,0.176962266485707
0.5,fTS,0.117083890270475
0.5,fTS,0.132102914561289
0.5,fTS,0.145915983530412
0.5,fTS,0.177290675860462
0.5,fTS,0.124192511660988
0.5,fTS,0.15288416182214
0.5,fTS,0.222132755699427
0.5,fTS,0.0949319997065733
0.5,fTS,0.126615993556807
0.5,fTS,0.0733338641462262
0.5,fTS,0.190144229388114
0.5,fTS,0.572699392649091
0.5,fTS,0.206357874151085
0.5,fTS,0.128096718081455
0.5,fTS,0.143265863476235
0.5,fTS,0.130882717892956
0.5,fTS,0.0880389472786094
0.5,fTS,0.263039322143527
0.5,fTS,0.178929048489944
0.5,fTS,0.215096572721906
0.5,fTS,0.173930358749328
0.5,fTS,0.116957364467848
0.5,fTS,0.181188156475303
0.5,fTS,0.182218512289266
0.5,fTS,0.11361491966081
0.5,fTS,0.178503823047485
0.5,fTS,0.139957582299348
0.5,fTS,0.251047943704997
0.5,fTS,0.15565382583947
0.5,fTS,0.117017737833031
0.5,fTS,0.197823755300572
0.5,fTS,0.0571609007239139
0.5,fTS,0.164317862890326
0.5,fTS,0.458859771660443
0.5,fTS,0.0802634944655024
0.5,fTS,0.109638441495824
0.5,fTS,0.279741427403449
0.5,fTS,0.161152729049143
0.5,fTS,0.0641996065147477
0.5,fTS,0.157067880731731
0.5,fTS,0.213967047491135
0.5,fTS,0.0960826315056985
0.5,fTS,0.114700005473345
0.5,fTS,0.126139368354193
0.5,fTS,0.883362907212354
0.5,fTS,0.182236648641774
0.5,fTS,0.0918762664667626
0.5,fTS,0.162890451051475
0.5,fTS,0.23303302146892
0.5,fTS,0.161745081616865
0.5,fTS,0.354765932720905
0.5,fTS,0.09498582042279
0.5,fTS,0.0981106320400323
0.5,fTS,0.133289691526304
0.5,fTS,0.135970341189961
0.5,fTS,0.194169394164554
0.5,fTS,0.103883294855737
0.5,fTS,0.383810020794901
0.5,fTS,0.102404662744348
0.5,fTS,0.132234851937844
0.5,fTS,0.133567791108478
0.5,fTS,0.263718195583762
0.5,fTS,0.157935181111337
0.5,fTS,0.082176162394421
0.5,fTS,0.0929621380295756
0.5,fTS,0.105704403826012
0.5,fTS,0.156829774382452
0.5,fTS,0.0936973599070187
0.5,fTS,0.119379541933229
0.5,fTS,0.322822847661821
0.5,fTS,0.249208383229031
0.5,fTS,0.160913692794405
0.5,fTS,1.07259608839818
0.5,fTS,0.863246861013858
0.5,fTS,0.188983965351324
0.5,fTS,0.111358528083442
0.5,fTS,0.172034978378019
0.5,fTS,0.128687401503516
0.5,fTS,0.158365715584658
0.5,fTS,0.260102042511922
0.5,fTS,0.145290084556362
0.5,fTS,0.241079635656479
0.5,fTS,0.137021099359705
0.5,fTS,0.160118059487765
0.5,fTS,0.542875532045963
0.5,fTS,0.403418676027731
0.5,fTS,0.137425957193172
0.5,fTS,0.680386813907739
0.5,fTS,0.115690572797084
0.5,fTS,0.168699400001844
0.5,fTS,0.119665037269287
0.5,fTS,0.112092879105108
0.5,fTS,0.114100333067292
0.5,fTS,0.0847639441529686
0.5,fTS,0.155854004585557
0.5,fTS,0.747689968597672
0.5,fTS,0.118789894426679
0.5,fTS,0.679112162620355
0.5,fTS,0.147695727573739
0.5,fTS,0.106371778484977
0.5,fTS,0.156446890208681
0.5,fTS,0.179747733768091
0.5,fTS,0.568815385175171
0.5,fTS,0.117765535716496
0.5,fTS,0.172068095852658
0.5,fTS,0.209626889853813
0.5,fTS,0.756295981613254
0.5,fTS,0.144530662785222
0.5,fTS,0.0909824558153014
0.5,fTS,0.140884863495227
0.5,fTS,0.0964233458783135
0.5,fTS,0.110179588855388
0.5,fTS,0.189814411781504
0.5,fTS,0.646965418309022
0.5,fTS,0.179429142740614
0.5,fTS,0.216111733729801
0.5,fTS,0.124068429156113
0.5,fTS,0.392974092480243
0.5,fTS,0.0906245554385863
0.5,fTS,0.172357896038067
0.5,fTS,0.122347494999459
0.5,fTS,0.161250627792991
0.5,fTS,0.191595433274737
0.5,fTS,0.455847129480729
0.5,fTS,0.175726604550631
0.5,fTS,0.115989981473438
0.5,fTS,0.172887392180285
0.5,fTS,0.182752173102564
0.5,fTS,0.137211751647614
0.5,fTS,0.0903848771514084
0.5,fTS,0.0953492529812754
0.5,fTS,0.0798935153453338
0.5,fTS,0.150859363205907
0.5,fTS,0.0951021201743812
0.5,fTS,0.616110294291371
0.5,fTS,0.194552771777814
0.5,fTS,0.106747567048118
0.5,fTS,0.284917866194905
0.5,fTS,0.122017115477568
0.5,fTS,0.411485132537135
0.5,LS_oracle,0.183279269984473
0.5,LS_oracle,0.186671569103222
0.5,LS_oracle,0.138786880853593
0.5,LS_oracle,0.137734272069277
0.5,LS_oracle,0.644316189358512
0.5,LS_oracle,0.150361320016201
0.5,LS_oracle,0.240248313556212
0.5,LS_oracle,0.174770160786861
0.5,LS_oracle,0.448070619534653
0.5,LS_oracle,0.151077569739969
0.5,LS_oracle,0.159828091767006
0.5,LS_oracle,0.236091669769341
0.5,LS_oracle,0.198230590450023
0.5,LS_oracle,0.304887469157559
0.5,LS_oracle,0.209328839181105
0.5,LS_oracle,0.234004481097226
0.5,LS_oracle,0.10392169229615
0.5,LS_oracle,0.191772512419456
0.5,LS_oracle,0.155823266468758
0.5,LS_oracle,0.16951545364136
0.5,LS_oracle,0.130059115673981
0.5,LS_oracle,0.225230156952786
0.5,LS_oracle,0.286920820537837
0.5,LS_oracle,0.676046926973258
0.5,LS_oracle,0.243358440867512
0.5,LS_oracle,0.0897609880824318
0.5,LS_oracle,0.0863006799944032
0.5,LS_oracle,0.164962706398822
0.5,LS_oracle,0.157837773025989
0.5,LS_oracle,0.187797028172302
0.5,LS_oracle,0.158056612059209
0.5,LS_oracle,0.218040203714867
0.5,LS_oracle,0.25831407839567
0.5,LS_oracle,0.102231467521639
0.5,LS_oracle,0.153500683032838
0.5,LS_oracle,0.359520573339572
0.5,LS_oracle,0.217470741558038
0.5,LS_oracle,0.117959998673724
0.5,LS_oracle,0.324081905944229
0.5,LS_oracle,0.131596025904808
0.5,LS_oracle,0.199144084755024
0.5,LS_oracle,0.240403818595485
0.5,LS_oracle,0.114269149642945
0.5,LS_oracle,0.0905451873010761
0.5,LS_oracle,0.174798880986863
0.5,LS_oracle,0.678327694785816
0.5,LS_oracle,0.177368470690553
0.5,LS_oracle,0.275872438742145
0.5,LS_oracle,0.108408170406673
0.5,LS_oracle,0.270901953432888
0.5,LS_oracle,0.247287106142433
0.5,LS_oracle,0.35302078477709
0.5,LS_oracle,0.105834041179088
0.5,LS_oracle,0.105072615538288
0.5,LS_oracle,0.175235793752341
0.5,LS_oracle,0.135332504693189
0.5,LS_oracle,0.433446398243692
0.5,LS_oracle,0.104919707873823
0.5,LS_oracle,0.0941361045449333
0.5,LS_oracle,0.166645380640603
0.5,LS_oracle,0.157330886072158
0.5,LS_oracle,0.161727846555225
0.5,LS_oracle,0.165677414119165
0.5,LS_oracle,0.169612189738181
0.5,LS_oracle,0.148384617902261
0.5,LS_oracle,0.220038722059219
0.5,LS_oracle,0.273027597556952
0.5,LS_oracle,0.108719948195952
0.5,LS_oracle,0.15032507403451
0.5,LS_oracle,0.143424309960928
0.5,LS_oracle,0.193808725662999
0.5,LS_oracle,0.592424550429726
0.5,LS_oracle,0.229246846361878
0.5,LS_oracle,0.15296106390428
0.5,LS_oracle,0.156115229013703
0.5,LS_oracle,0.16377873552678
0.5,LS_oracle,0.122817168807384
0.5,LS_oracle,0.258450923116536
0.5,LS_oracle,0.193021917369939
0.5,LS_oracle,0.240870061328193
0.5,LS_oracle,0.197128021293189
0.5,LS_oracle,0.12702016060883
0.5,LS_oracle,0.140843738996371
0.5,LS_oracle,0.215520763955702
0.5,LS_oracle,0.14433947367689
0.5,LS_oracle,0.170036254326562
0.5,LS_oracle,0.192987088170999
0.5,LS_oracle,0.278045369337179
0.5,LS_oracle,0.170226973861895
0.5,LS_oracle,0.146540641189891
0.5,LS_oracle,0.223467070150324
0.5,LS_oracle,0.054837977509808
0.5,LS_oracle,0.15050428858079
0.5,LS_oracle,0.475904851796016
0.5,LS_oracle,0.105962173209958
0.5,LS_oracle,0.132810748389533
0.5,LS_oracle,0.172756084169703
0.5,LS_oracle,0.200616941270119
0.5,LS_oracle,0.0734650709300051
0.5,LS_oracle,0.164191318886289
0.5,LS_oracle,0.255584334546002
0.5,LS_oracle,0.150011525731805
0.5,LS_oracle,0.129107331659716
0.5,LS_oracle,0.137358176406089
0.5,LS_oracle,0.260542649805495
0.5,LS_oracle,0.161448952132143
0.5,LS_oracle,0.106767521835169
0.5,LS_oracle,0.126304802927874
0.5,LS_oracle,0.267836000062453
0.5,LS_oracle,0.215510638825384
0.5,LS_oracle,0.315277406976405
0.5,LS_oracle,0.122963988026574
0.5,LS_oracle,0.121324554549719
0.5,LS_oracle,0.182918910568559
0.5,LS_oracle,0.140622551448278
0.5,LS_oracle,0.165054318270999
0.5,LS_oracle,0.123421570939728
0.5,LS_oracle,0.412004962764071
0.5,LS_oracle,0.14675511949377
0.5,LS_oracle,0.128446294254229
0.5,LS_oracle,0.131775471577579
0.5,LS_oracle,0.200413541725781
0.5,LS_oracle,0.188888875116666
0.5,LS_oracle,0.115626654690456
0.5,LS_oracle,0.104613742526455
0.5,LS_oracle,0.149355930813614
0.5,LS_oracle,0.131625619579377
0.5,LS_oracle,0.136305953226194
0.5,LS_oracle,0.165587545784556
0.5,LS_oracle,0.364249918049564
0.5,LS_oracle,0.26027302152225
0.5,LS_oracle,0.128735101921334
0.5,LS_oracle,1.0802464347607
0.5,LS_oracle,0.908429777056626
0.5,LS_oracle,0.243148414416107
0.5,LS_oracle,0.0811751593861108
0.5,LS_oracle,0.186720978306254
0.5,LS_oracle,0.194587959019819
0.5,LS_oracle,0.182777333371548
0.5,LS_oracle,0.249717141393408
0.5,LS_oracle,0.1587207220442
0.5,LS_oracle,0.235654578105853
0.5,LS_oracle,0.126617162249098
0.5,LS_oracle,0.158460441326713
0.5,LS_oracle,0.588122584849712
0.5,LS_oracle,0.402755156824115
0.5,LS_oracle,0.142299794504582
0.5,LS_oracle,0.714899259012834
0.5,LS_oracle,0.176003051346037
0.5,LS_oracle,0.176155501741313
0.5,LS_oracle,0.139497500485277
0.5,LS_oracle,0.118526834955557
0.5,LS_oracle,0.088066263657391
0.5,LS_oracle,0.113471359887695
0.5,LS_oracle,0.195221747545155
0.5,LS_oracle,0.745794960219973
0.5,LS_oracle,0.114428514626463
0.5,LS_oracle,0.659466526920009
0.5,LS_oracle,0.166515052325271
0.5,LS_oracle,0.160928595194273
0.5,LS_oracle,0.196239721647824
0.5,LS_oracle,0.277445933669688
0.5,LS_oracle,0.175399049626223
0.5,LS_oracle,0.102774531133589
0.5,LS_oracle,0.130800362991702
0.5,LS_oracle,0.188083377484284
0.5,LS_oracle,1.01099765602015
0.5,LS_oracle,0.16585171858113
0.5,LS_oracle,0.134804281532368
0.5,LS_oracle,0.264554966432255
0.5,LS_oracle,0.114698914068802
0.5,LS_oracle,0.163561184035548
0.5,LS_oracle,0.250013121364481
0.5,LS_oracle,0.649596314440044
0.5,LS_oracle,0.166838280619822
0.5,LS_oracle,0.278595340443604
0.5,LS_oracle,0.130097524415192
0.5,LS_oracle,0.412929225435076
0.5,LS_oracle,0.10453360953892
0.5,LS_oracle,0.202164389982014
0.5,LS_oracle,0.163697326717727
0.5,LS_oracle,0.149741123861964
0.5,LS_oracle,0.241422949576341
0.5,LS_oracle,0.458228904853968
0.5,LS_oracle,0.235113989749703
0.5,LS_oracle,0.112546879495291
0.5,LS_oracle,0.144498720688602
0.5,LS_oracle,0.267465500818812
0.5,LS_oracle,0.123313255282212
0.5,LS_oracle,0.16650085395925
0.5,LS_oracle,0.121360131155093
0.5,LS_oracle,0.0800895868019549
0.5,LS_oracle,0.162492549046695
0.5,LS_oracle,0.0979168022707009
0.5,LS_oracle,0.633820107252189
0.5,LS_oracle,0.202619353088824
0.5,LS_oracle,0.130696469577203
0.5,LS_oracle,0.310601187727911
0.5,LS_oracle,0.103373757616302
0.5,LS_oracle,0.405140791481758
0.5,TS_oracle,0.160955644015786
0.5,TS_oracle,0.121540711194275
0.5,TS_oracle,0.150425658702592
0.5,TS_oracle,0.10928961193435
0.5,TS_oracle,0.640343812849703
0.5,TS_oracle,0.128745803942722
0.5,TS_oracle,0.245779874207128
0.5,TS_oracle,0.13081562187383
0.5,TS_oracle,0.172933451011311
0.5,TS_oracle,0.231926348028092
0.5,TS_oracle,0.1979352655063
0.5,TS_oracle,0.199396684329717
0.5,TS_oracle,0.115378843165053
0.5,TS_oracle,0.24793647428072
0.5,TS_oracle,0.199785727125797
0.5,TS_oracle,0.149818374836537
0.5,TS_oracle,0.118266589149285
0.5,TS_oracle,0.204366870100788
0.5,TS_oracle,0.13364867703654
0.5,TS_oracle,0.112093203471604
0.5,TS_oracle,0.165129977413053
0.5,TS_oracle,0.502081266847054
0.5,TS_oracle,0.260837348645184
0.5,TS_oracle,0.64853037731202
0.5,TS_oracle,0.198479491394527
0.5,TS_oracle,0.0741347855586395
0.5,TS_oracle,0.089356488251509
0.5,TS_oracle,0.158900288147752
0.5,TS_oracle,0.123461999519103
0.5,TS_oracle,0.169489574804109
0.5,TS_oracle,0.102607238309035
0.5,TS_oracle,0.218188000407218
0.5,TS_oracle,0.258254561650454
0.5,TS_oracle,0.089334174357452
0.5,TS_oracle,0.184600851396478
0.5,TS_oracle,0.238319162874028
0.5,TS_oracle,0.203956507137801
0.5,TS_oracle,0.108066339581984
0.5,TS_oracle,0.152070302687907
0.5,TS_oracle,0.144612010627584
0.5,TS_oracle,0.174037696463201
0.5,TS_oracle,0.264869040734285
0.5,TS_oracle,0.093339877112327
0.5,TS_oracle,0.112980275725836
0.5,TS_oracle,0.147459280906012
0.5,TS_oracle,0.696794644747167
0.5,TS_oracle,0.16243422479604
0.5,TS_oracle,0.130736728635017
0.5,TS_oracle,0.0595277991998626
0.5,TS_oracle,0.266349373103228
0.5,TS_oracle,0.137956140898853
0.5,TS_oracle,0.172365680786762
0.5,TS_oracle,0.143940776399414
0.5,TS_oracle,0.0731476213698878
0.5,TS_oracle,0.0981100874781994
0.5,TS_oracle,0.122431598708601
0.5,TS_oracle,0.395168733734363
0.5,TS_oracle,0.0856704055359866
0.5,TS_oracle,0.098430757981838
0.5,TS_oracle,0.183156671689289
0.5,TS_oracle,0.117084602563442
0.5,TS_oracle,0.131507681733027
0.5,TS_oracle,0.145889884610225
0.5,TS_oracle,0.177900480968557
0.5,TS_oracle,0.122341141571238
0.5,TS_oracle,0.152512930147979
0.5,TS_oracle,0.22100697505231
0.5,TS_oracle,0.0940028117414744
0.5,TS_oracle,0.127649902667328
0.5,TS_oracle,0.0734756685059866
0.5,TS_oracle,0.190099387599114
0.5,TS_oracle,0.572750305648311
0.5,TS_oracle,0.206273641399188
0.5,TS_oracle,0.126374429218746
0.5,TS_oracle,0.144128903920924
0.5,TS_oracle,0.131292831511894
0.5,TS_oracle,0.0887690407242835
0.5,TS_oracle,0.263532358310543
0.5,TS_oracle,0.180031234851801
0.5,TS_oracle,0.21313783445048
0.5,TS_oracle,0.175227531309484
0.5,TS_oracle,0.116572585068921
0.5,TS_oracle,0.181209030632704
0.5,TS_oracle,0.185139350910928
0.5,TS_oracle,0.111024424564259
0.5,TS_oracle,0.179921639963305
0.5,TS_oracle,0.136827774395253
0.5,TS_oracle,0.253551070389119
0.5,TS_oracle,0.151098081287848
0.5,TS_oracle,0.117590593280835
0.5,TS_oracle,0.195215337302581
0.5,TS_oracle,0.0571449760649731
0.5,TS_oracle,0.164846910150331
0.5,TS_oracle,0.458856857877088
0.5,TS_oracle,0.0794874464748564
0.5,TS_oracle,0.109163095735605
0.5,TS_oracle,0.276540557871955
0.5,TS_oracle,0.15749054901831
0.5,TS_oracle,0.0645011212984998
0.5,TS_oracle,0.154754654656563
0.5,TS_oracle,0.206530533617504
0.5,TS_oracle,0.0955892964977954
0.5,TS_oracle,0.11695646885075
0.5,TS_oracle,0.127548141884187
0.5,TS_oracle,0.884163850136079
0.5,TS_oracle,0.18119590363659
0.5,TS_oracle,0.091625667378952
0.5,TS_oracle,0.165658784909076
0.5,TS_oracle,0.236161899085825
0.5,TS_oracle,0.161420853457655
0.5,TS_oracle,0.355248010209402
0.5,TS_oracle,0.095084780146359
0.5,TS_oracle,0.0990419224504161
0.5,TS_oracle,0.132626396502017
0.5,TS_oracle,0.135681889085039
0.5,TS_oracle,0.194173176618584
0.5,TS_oracle,0.107524115564219
0.5,TS_oracle,0.383843722257444
0.5,TS_oracle,0.102302667466537
0.5,TS_oracle,0.132878742439312
0.5,TS_oracle,0.134043082315489
0.5,TS_oracle,0.264199798158176
0.5,TS_oracle,0.160039414403651
0.5,TS_oracle,0.082033206747833
0.5,TS_oracle,0.0961005720371526
0.5,TS_oracle,0.87167213781615
0.5,TS_oracle,0.156857989973054
0.5,TS_oracle,0.0942175590859316
0.5,TS_oracle,0.119395472355799
0.5,TS_oracle,0.190554145951066
0.5,TS_oracle,0.249464095447724
0.5,TS_oracle,0.157691485686618
0.5,TS_oracle,1.07217545609502
0.5,TS_oracle,0.862717942076694
0.5,TS_oracle,0.189158146339966
0.5,TS_oracle,0.1115963529301
0.5,TS_oracle,0.17039763833648
0.5,TS_oracle,0.128947883579087
0.5,TS_oracle,0.158470991772012
0.5,TS_oracle,0.253002754231616
0.5,TS_oracle,0.147900310336598
0.5,TS_oracle,0.24127839701622
0.5,TS_oracle,0.135913449432081
0.5,TS_oracle,0.159707940300477
0.5,TS_oracle,0.53787348740501
0.5,TS_oracle,0.403226443462415
0.5,TS_oracle,0.135637283081405
0.5,TS_oracle,0.680626276361287
0.5,TS_oracle,0.114760677438827
0.5,TS_oracle,0.170271253956949
0.5,TS_oracle,0.119522740298665
0.5,TS_oracle,0.111213058524452
0.5,TS_oracle,0.114030924946221
0.5,TS_oracle,0.0849880013256699
0.5,TS_oracle,0.155569543379625
0.5,TS_oracle,0.748674955237525
0.5,TS_oracle,0.119253792559904
0.5,TS_oracle,0.678365529651237
0.5,TS_oracle,0.148360793430041
0.5,TS_oracle,0.106255442959569
0.5,TS_oracle,0.156436357296387
0.5,TS_oracle,0.185923935911504
0.5,TS_oracle,0.574024493893985
0.5,TS_oracle,0.118214091734016
0.5,TS_oracle,0.172117748496371
0.5,TS_oracle,0.208956746320768
0.5,TS_oracle,0.756520104374923
0.5,TS_oracle,0.146051937213481
0.5,TS_oracle,0.0910751344557357
0.5,TS_oracle,0.14288048878903
0.5,TS_oracle,0.096639153461775
0.5,TS_oracle,0.110359475771418
0.5,TS_oracle,0.188686883271694
0.5,TS_oracle,0.646828498408466
0.5,TS_oracle,0.175227279856177
0.5,TS_oracle,0.216346871226562
0.5,TS_oracle,0.123788728567682
0.5,TS_oracle,0.394102660218601
0.5,TS_oracle,0.0908807416398732
0.5,TS_oracle,0.168503848354777
0.5,TS_oracle,0.122798255219973
0.5,TS_oracle,0.161335897823248
0.5,TS_oracle,0.191154313063647
0.5,TS_oracle,0.455065365700293
0.5,TS_oracle,0.175723433280758
0.5,TS_oracle,0.11643117737628
0.5,TS_oracle,0.324180998906995
0.5,TS_oracle,0.181366243245528
0.5,TS_oracle,0.136729945946052
0.5,TS_oracle,0.0914033671473303
0.5,TS_oracle,0.0960579879541344
0.5,TS_oracle,0.079500948570878
0.5,TS_oracle,0.149522201531664
0.5,TS_oracle,0.0950010739507833
0.5,TS_oracle,0.620658448412414
0.5,TS_oracle,0.196695688457979
0.5,TS_oracle,0.112201116399383
0.5,TS_oracle,0.28534542463919
0.5,TS_oracle,0.109097778893613
0.5,TS_oracle,0.416825618836307
0.6,PLS,0.20482490194883
0.6,PLS,0.173208884858377
0.6,PLS,0.0973565455408893
0.6,PLS,0.0963346810961981
0.6,PLS,0.447772765764736
0.6,PLS,0.257489234944579
0.6,PLS,0.183982121865545
0.6,PLS,0.135484275534667
0.6,PLS,0.174418649242894
0.6,PLS,0.0899736315116053
0.6,PLS,0.145832071460436
0.6,PLS,0.203837344237789
0.6,PLS,0.808268337808147
0.6,PLS,0.503997602603645
0.6,PLS,0.0987224366901512
0.6,PLS,0.16072292073323
0.6,PLS,0.657538000412788
0.6,PLS,0.176466492238271
0.6,PLS,0.303354245934654
0.6,PLS,0.220488366637225
0.6,PLS,0.17267798000307
0.6,PLS,0.0785459960002791
0.6,PLS,0.287866244030418
0.6,PLS,0.265544392111039
0.6,PLS,0.409671570912642
0.6,PLS,0.239157360621595
0.6,PLS,0.134627285494618
0.6,PLS,0.202366801342966
0.6,PLS,0.215072089893126
0.6,PLS,0.0741199449939947
0.6,PLS,0.217316492189113
0.6,PLS,0.339081071456919
0.6,PLS,0.0887435846218008
0.6,PLS,0.148657214011518
0.6,PLS,0.202060841975455
0.6,PLS,0.120973775930705
0.6,PLS,0.135048134782579
0.6,PLS,0.138475656207815
0.6,PLS,0.0844452695616267
0.6,PLS,0.107681256062599
0.6,PLS,1.06789053672181
0.6,PLS,0.185224085282141
0.6,PLS,0.142622107321405
0.6,PLS,0.197683330850617
0.6,PLS,0.439394538160591
0.6,PLS,0.204650686197705
0.6,PLS,0.108361135420072
0.6,PLS,0.153298023058414
0.6,PLS,0.198270983280801
0.6,PLS,0.182592652666712
0.6,PLS,0.257169290372115
0.6,PLS,0.185816035790591
0.6,PLS,0.187173990663498
0.6,PLS,0.222334326793798
0.6,PLS,0.121954974242872
0.6,PLS,0.170546749994413
0.6,PLS,0.23281673233322
0.6,PLS,0.166875082277519
0.6,PLS,0.110730873959837
0.6,PLS,1.1653964419651
0.6,PLS,0.180121009012955
0.6,PLS,0.127499539951688
0.6,PLS,0.136801089232109
0.6,PLS,0.362610874542277
0.6,PLS,0.204118841232613
0.6,PLS,0.122166310933489
0.6,PLS,0.348529441951763
0.6,PLS,0.261313897616419
0.6,PLS,0.134705855549716
0.6,PLS,0.143111838835106
0.6,PLS,0.118052444002502
0.6,PLS,0.0978787847917302
0.6,PLS,0.122930380826835
0.6,PLS,0.132121865207939
0.6,PLS,0.0979439911548269
0.6,PLS,0.756736829392918
0.6,PLS,0.1643245570488
0.6,PLS,0.380290945272501
0.6,PLS,0.141968311388199
0.6,PLS,0.149646722513445
0.6,PLS,0.2037940633723
0.6,PLS,0.188668718561312
0.6,PLS,0.173202532986076
0.6,PLS,0.281809385379482
0.6,PLS,0.152161324295533
0.6,PLS,0.175159178862439
0.6,PLS,0.1402010406673
0.6,PLS,0.144453487325879
0.6,PLS,0.411401483522477
0.6,PLS,0.144669099180673
0.6,PLS,0.122817823012855
0.6,PLS,0.318526984489175
0.6,PLS,0.112059691330058
0.6,PLS,0.172175269855903
0.6,PLS,0.228085660393073
0.6,PLS,0.507865296848356
0.6,PLS,0.107142924009885
0.6,PLS,0.91706742104358
0.6,PLS,0.113283178167845
0.6,PLS,1.53627365912236
0.6,PLS,0.100562399665039
0.6,PLS,0.328258081114634
0.6,PLS,0.194372108503265
0.6,PLS,0.292863837251036
0.6,PLS,0.162220060821685
0.6,PLS,0.0943779213718083
0.6,PLS,0.121910879876583
0.6,PLS,0.303858959926593
0.6,PLS,0.167072595602938
0.6,PLS,0.511638049343187
0.6,PLS,0.0972212008900345
0.6,PLS,0.152327086459429
0.6,PLS,0.618363368093524
0.6,PLS,0.244012120989686
0.6,PLS,0.383398247473931
0.6,PLS,0.225692712385736
0.6,PLS,0.0922391916216824
0.6,PLS,0.226972022122827
0.6,PLS,0.0910355987690434
0.6,PLS,0.115268344420347
0.6,PLS,0.121885257978668
0.6,PLS,1.00165066449091
0.6,PLS,0.391692414242699
0.6,PLS,0.107376400258845
0.6,PLS,0.956743867806528
0.6,PLS,0.0680315874432578
0.6,PLS,0.0977336982630755
0.6,PLS,0.0977993108268141
0.6,PLS,0.106665067925732
0.6,PLS,0.247751564897685
0.6,PLS,0.38649692415357
0.6,PLS,0.299936865337666
0.6,PLS,0.121168218457499
0.6,PLS,0.0868053641570023
0.6,PLS,0.129089447386754
0.6,PLS,0.284744750727274
0.6,PLS,0.136100021663963
0.6,PLS,0.0765121668060791
0.6,PLS,0.139366911638937
0.6,PLS,0.0932993180399717
0.6,PLS,0.294971573153138
0.6,PLS,0.226274790153422
0.6,PLS,0.0780456243411632
0.6,PLS,0.162413704999884
0.6,PLS,0.285926896115415
0.6,PLS,0.0939783656941942
0.6,PLS,0.445621485054423
0.6,PLS,0.206780051804977
0.6,PLS,0.0834005262350407
0.6,PLS,0.160468297690655
0.6,PLS,0.268069022479199
0.6,PLS,0.142866582455964
0.6,PLS,0.246628825613113
0.6,PLS,0.437012597174206
0.6,PLS,0.202793094660022
0.6,PLS,0.143739152676811
0.6,PLS,0.0881234845179898
0.6,PLS,0.114105086051245
0.6,PLS,0.0996680845367964
0.6,PLS,0.127504251054833
0.6,PLS,1.13455365728351
0.6,PLS,0.102328795916042
0.6,PLS,0.12531574623747
0.6,PLS,0.18792042583291
0.6,PLS,0.447663655041105
0.6,PLS,0.15628144472241
0.6,PLS,0.436389244787867
0.6,PLS,0.104383190569141
0.6,PLS,0.471509909067199
0.6,PLS,0.345865846785385
0.6,PLS,0.226167790598334
0.6,PLS,0.128330320586043
0.6,PLS,0.20176036599556
0.6,PLS,0.0914820016334709
0.6,PLS,0.166756481823824
0.6,PLS,0.348171560320144
0.6,PLS,0.128827633673873
0.6,PLS,0.233239128879473
0.6,PLS,0.133217359463674
0.6,PLS,0.323551675676054
0.6,PLS,0.104814059305328
0.6,PLS,0.176288019985422
0.6,PLS,0.134401788737389
0.6,PLS,0.100511087507182
0.6,PLS,0.183484944255529
0.6,PLS,0.0760952740929262
0.6,PLS,0.178717399297097
0.6,PLS,0.147892903310285
0.6,PLS,0.726439381441949
0.6,PLS,0.0801175483755172
0.6,PLS,0.149444876660753
0.6,PLS,0.123610995039724
0.6,PLS,0.0850549615729951
0.6,PLS,0.142424277925892
0.6,PLS,0.230541570432696
0.6,PLS,0.315691641876777
0.6,PLS,0.671039703494374
0.6,PLS,0.148098683155199
0.6,PLS,0.176347483233255
0.6,PLS,0.165999941465117
0.6,fTS,0.14944335212422
0.6,fTS,0.190246668996074
0.6,fTS,0.0811397179028897
0.6,fTS,0.253514875763612
0.6,fTS,0.385280334821563
0.6,fTS,0.244262712804749
0.6,fTS,0.3347512245596
0.6,fTS,0.149187723733141
0.6,fTS,0.16814338322603
0.6,fTS,0.0799620993114805
0.6,fTS,0.099147863684882
0.6,fTS,0.206640901765568
0.6,fTS,0.785174312647202
0.6,fTS,0.478676925192034
0.6,fTS,0.0764437545759453
0.6,fTS,0.135470840496066
0.6,fTS,0.619113225466095
0.6,fTS,0.125992644828777
0.6,fTS,0.290722226274837
0.6,fTS,0.158185335030667
0.6,fTS,0.178913701202472
0.6,fTS,0.0988506440057377
0.6,fTS,0.256582872414955
0.6,fTS,1.22760570383579
0.6,fTS,0.358103174768786
0.6,fTS,0.140471421905965
0.6,fTS,0.451623013857885
0.6,fTS,0.0972653362809644
0.6,fTS,0.175391195934083
0.6,fTS,0.0520930742329872
0.6,fTS,0.232389559861398
0.6,fTS,0.275109739431927
0.6,fTS,0.107572130808504
0.6,fTS,0.0971949334747258
0.6,fTS,0.231886237925891
0.6,fTS,0.0784279196883728
0.6,fTS,0.0856641811209847
0.6,fTS,0.173869957231379
0.6,fTS,0.066467988307411
0.6,fTS,0.109831386668114
0.6,fTS,1.05922724415788
0.6,fTS,0.158492755675166
0.6,fTS,0.110380540704117
0.6,fTS,0.167795185008262
0.6,fTS,0.447320716226547
0.6,fTS,0.219732532241209
0.6,fTS,0.111638438710806
0.6,fTS,0.165380298240722
0.6,fTS,0.642627423013037
0.6,fTS,0.244612640567636
0.6,fTS,0.180120680083629
0.6,fTS,0.109333838915028
0.6,fTS,0.160775459246608
0.6,fTS,0.0918728073121441
0.6,fTS,0.0973003078561419
0.6,fTS,0.151379111509895
0.6,fTS,0.223030373238571
0.6,fTS,0.16343752225067
0.6,fTS,0.113993314278561
0.6,fTS,1.17012114977975
0.6,fTS,0.173728348136942
0.6,fTS,0.132785424185498
0.6,fTS,0.0944156806660325
0.6,fTS,0.0909249658549684
0.6,fTS,0.212142777029559
0.6,fTS,0.170434641511459
0.6,fTS,0.332389100133881
0.6,fTS,0.207810809325618
0.6,fTS,0.11575257496407
0.6,fTS,0.130375060030611
0.6,fTS,0.0791951486141858
0.6,fTS,0.106429845859827
0.6,fTS,0.133809437844187
0.6,fTS,0.102899645867719
0.6,fTS,0.12711642663228
0.6,fTS,0.74343163023328
0.6,fTS,0.110452458518889
0.6,fTS,0.362178582723177
0.6,fTS,0.0777001356149945
0.6,fTS,0.151567895316504
0.6,fTS,0.147700698673073
0.6,fTS,0.0841008568725369
0.6,fTS,0.156120555629768
0.6,fTS,0.124060936843821
0.6,fTS,0.145637665332427
0.6,fTS,0.197355297359608
0.6,fTS,0.130552723494604
0.6,fTS,0.119389895385206
0.6,fTS,0.33877047492974
0.6,fTS,0.0915036748911782
0.6,fTS,0.111831702917698
0.6,fTS,0.237854540461294
0.6,fTS,0.193435115063795
0.6,fTS,0.162412326695297
0.6,fTS,0.108084352523899
0.6,fTS,0.421975466423674
0.6,fTS,0.109438498637843
0.6,fTS,0.897465105225124
0.6,fTS,0.126622102931908
0.6,fTS,1.55134977759265
0.6,fTS,0.0971450169928815
0.6,fTS,0.3308771806335
0.6,fTS,0.207928215124171
0.6,fTS,0.270688468034756
0.6,fTS,0.122295226956468
0.6,fTS,0.099083029545644
0.6,fTS,0.109457522255917
0.6,fTS,0.252713495258075
0.6,fTS,0.698140996265892
0.6,fTS,0.518337309414419
0.6,fTS,0.0846588543137751
0.6,fTS,0.152344145383698
0.6,fTS,0.634415339551911
0.6,fTS,0.181511955799934
0.6,fTS,0.222863764894142
0.6,fTS,0.199967552535557
0.6,fTS,0.0850586422724741
0.6,fTS,0.0967065693350318
0.6,fTS,0.304974941948672
0.6,fTS,0.0780783339014074
0.6,fTS,0.0903632538958597
0.6,fTS,0.988003973442072
0.6,fTS,0.192557002025417
0.6,fTS,0.0866731025436719
0.6,fTS,0.999952030798294
0.6,fTS,0.069891016943962
0.6,fTS,0.0712776613065507
0.6,fTS,0.0581222853282489
0.6,fTS,0.0953489068062335
0.6,fTS,0.17303834252205
0.6,fTS,0.37507521016195
0.6,fTS,0.149333489504311
0.6,fTS,0.58403446979275
0.6,fTS,0.0914736408564786
0.6,fTS,0.134254730627228
0.6,fTS,0.280515866784543
0.6,fTS,0.121120170109621
0.6,fTS,0.0706246319466315
0.6,fTS,0.133623991352438
0.6,fTS,0.0920836087187343
0.6,fTS,0.304112242081282
0.6,fTS,0.161113191172238
0.6,fTS,0.0776274596470745
0.6,fTS,0.108825074433287
0.6,fTS,0.14535659010845
0.6,fTS,0.100528110412895
0.6,fTS,0.29472304471038
0.6,fTS,0.129343112930051
0.6,fTS,0.0996428968374021
0.6,fTS,0.211153513203147
0.6,fTS,0.248555977478529
0.6,fTS,0.118936666288625
0.6,fTS,0.184329495428194
0.6,fTS,0.438011579837729
0.6,fTS,0.171220400694102
0.6,fTS,0.144343463510433
0.6,fTS,0.082543633452456
0.6,fTS,0.153925173017674
0.6,fTS,0.0818087034753966
0.6,fTS,0.100091355136295
0.6,fTS,1.09036739193789
0.6,fTS,0.0974323759734173
0.6,fTS,0.113352229946859
0.6,fTS,0.183693896063749
0.6,fTS,0.405331138706018
0.6,fTS,0.152475184966821
0.6,fTS,0.348615105962661
0.6,fTS,0.0912688799631452
0.6,fTS,0.465931125501281
0.6,fTS,0.186705201133384
0.6,fTS,0.121925344287919
0.6,fTS,0.128905188861148
0.6,fTS,0.147561904778046
0.6,fTS,0.0917191920371238
0.6,fTS,0.181969597710738
0.6,fTS,0.275625401217747
0.6,fTS,0.10975712729296
0.6,fTS,0.108912765282154
0.6,fTS,0.130657675617792
0.6,fTS,0.143769209504275
0.6,fTS,0.097711718236467
0.6,fTS,0.16358323686107
0.6,fTS,0.168896817839772
0.6,fTS,0.096711045489263
0.6,fTS,0.130806863124453
0.6,fTS,0.0595700489391513
0.6,fTS,0.174027426936286
0.6,fTS,0.12180056945848
0.6,fTS,0.699662149269172
0.6,fTS,0.0988759845461991
0.6,fTS,0.136602039900293
0.6,fTS,0.0799750856364933
0.6,fTS,0.0783099290419874
0.6,fTS,0.155995819107829
0.6,fTS,0.209289225864726
0.6,fTS,0.329781051745253
0.6,fTS,0.644785109848377
0.6,fTS,0.0941537740398767
0.6,fTS,0.620992059287754
0.6,fTS,0.125174745947718
0.6,LS_oracle,0.205157980291782
0.6,LS_oracle,0.173265890618814
0.6,LS_oracle,0.0973531671270411
0.6,LS_oracle,0.242618099209901
0.6,LS_oracle,0.444171560281621
0.6,LS_oracle,0.256959978601129
0.6,LS_oracle,0.183049316740879
0.6,LS_oracle,0.134968627504868
0.6,LS_oracle,0.175067635536722
0.6,LS_oracle,0.0872659725310825
0.6,LS_oracle,0.145730748737778
0.6,LS_oracle,0.202772610706722
0.6,LS_oracle,0.808292449651423
0.6,LS_oracle,0.504893960372763
0.6,LS_oracle,0.102515754149813
0.6,LS_oracle,0.162295220095339
0.6,LS_oracle,0.657955069528578
0.6,LS_oracle,0.174509588763437
0.6,LS_oracle,0.292951848880156
0.6,LS_oracle,0.220949151220932
0.6,LS_oracle,0.17284011721103
0.6,LS_oracle,0.0781821001675854
0.6,LS_oracle,0.287707843094629
0.6,LS_oracle,0.264681191436068
0.6,LS_oracle,0.410471496206518
0.6,LS_oracle,0.240767740566455
0.6,LS_oracle,0.134535275287125
0.6,LS_oracle,0.205059917811269
0.6,LS_oracle,0.210732266652662
0.6,LS_oracle,0.0733197279265408
0.6,LS_oracle,0.222450136990168
0.6,LS_oracle,0.33994070700963
0.6,LS_oracle,0.0892850083257435
0.6,LS_oracle,0.146528027175594
0.6,LS_oracle,0.201998146248319
0.6,LS_oracle,0.117506221994824
0.6,LS_oracle,0.138932000572396
0.6,LS_oracle,0.135056801774606
0.6,LS_oracle,0.0846640491529422
0.6,LS_oracle,0.10627035861113
0.6,LS_oracle,1.06789634514765
0.6,LS_oracle,0.189390334720077
0.6,LS_oracle,0.143950680942206
0.6,LS_oracle,0.200417589113901
0.6,LS_oracle,0.437393558286999
0.6,LS_oracle,0.203687696544115
0.6,LS_oracle,0.108496147940508
0.6,LS_oracle,0.152540664149019
0.6,LS_oracle,0.200000411299989
0.6,LS_oracle,0.183838154085523
0.6,LS_oracle,0.258368011970719
0.6,LS_oracle,0.185977129048845
0.6,LS_oracle,0.18863603882179
0.6,LS_oracle,0.222329356573546
0.6,LS_oracle,0.12237337207689
0.6,LS_oracle,0.170612640592168
0.6,LS_oracle,0.232284540813771
0.6,LS_oracle,0.167520316320749
0.6,LS_oracle,0.110742713201031
0.6,LS_oracle,1.16314448049334
0.6,LS_oracle,0.183024012244869
0.6,LS_oracle,0.121130923132971
0.6,LS_oracle,0.139152366314089
0.6,LS_oracle,0.102570777795569
0.6,LS_oracle,0.204196822914415
0.6,LS_oracle,0.121916525857284
0.6,LS_oracle,0.346476758086132
0.6,LS_oracle,0.261562910942045
0.6,LS_oracle,0.137873828858434
0.6,LS_oracle,0.144855091856429
0.6,LS_oracle,0.114812717644051
0.6,LS_oracle,0.0979445369656952
0.6,LS_oracle,0.124876373064186
0.6,LS_oracle,0.132268848082264
0.6,LS_oracle,0.100261618921954
0.6,LS_oracle,0.757254082203791
0.6,LS_oracle,0.158781250758527
0.6,LS_oracle,0.380866997926687
0.6,LS_oracle,0.141532683904485
0.6,LS_oracle,0.1487381750549
0.6,LS_oracle,0.210279101931187
0.6,LS_oracle,0.192268020603105
0.6,LS_oracle,0.174399636084769
0.6,LS_oracle,0.277972584083772
0.6,LS_oracle,0.152550252040495
0.6,LS_oracle,0.175127239299684
0.6,LS_oracle,0.1398268114052
0.6,LS_oracle,0.144485936961255
0.6,LS_oracle,0.40531821494297
0.6,LS_oracle,0.143417319037801
0.6,LS_oracle,0.123875878819393
0.6,LS_oracle,0.318138727663198
0.6,LS_oracle,0.111972983451369
0.6,LS_oracle,0.171908359685275
0.6,LS_oracle,0.227161616324948
0.6,LS_oracle,0.507767456218548
0.6,LS_oracle,0.108457133241839
0.6,LS_oracle,0.922027135468201
0.6,LS_oracle,0.1129813728957
0.6,LS_oracle,1.5357785399405
0.6,LS_oracle,0.100426678189702
0.6,LS_oracle,0.324757173698161
0.6,LS_oracle,0.193088745578361
0.6,LS_oracle,0.293047571462195
0.6,LS_oracle,0.162042584303718
0.6,LS_oracle,0.0932237662905381
0.6,LS_oracle,0.122159753402184
0.6,LS_oracle,0.300683432385332
0.6,LS_oracle,0.163730968148297
0.6,LS_oracle,0.51168062311137
0.6,LS_oracle,0.101102981192029
0.6,LS_oracle,0.149745914875632
0.6,LS_oracle,0.619608557563217
0.6,LS_oracle,0.244936287318687
0.6,LS_oracle,0.387048511554531
0.6,LS_oracle,0.22574955662496
0.6,LS_oracle,0.0920757311748986
0.6,LS_oracle,0.221249905736344
0.6,LS_oracle,0.0925487951755856
0.6,LS_oracle,0.11365471776545
0.6,LS_oracle,0.120196899604199
0.6,LS_oracle,1.00172815965813
0.6,LS_oracle,0.392470676761398
0.6,LS_oracle,0.111216349392987
0.6,LS_oracle,1.28279174829033
0.6,LS_oracle,0.0678407915922799
0.6,LS_oracle,0.0965952329202698
0.6,LS_oracle,0.0968125311717554
0.6,LS_oracle,0.107134397301082
0.6,LS_oracle,0.241629302610089
0.6,LS_oracle,0.378957046248443
0.6,LS_oracle,0.29865315764786
0.6,LS_oracle,0.121583990020216
0.6,LS_oracle,0.0863631214892093
0.6,LS_oracle,0.128760038869578
0.6,LS_oracle,0.285411689358312
0.6,LS_oracle,0.131540747570227
0.6,LS_oracle,0.0768359399379754
0.6,LS_oracle,0.140140023664697
0.6,LS_oracle,0.0954669001086369
0.6,LS_oracle,0.295156121721626
0.6,LS_oracle,0.226303446738741
0.6,LS_oracle,0.0785138522390832
0.6,LS_oracle,0.164067006433954
0.6,LS_oracle,0.286792096229517
0.6,LS_oracle,0.0938090234995996
0.6,LS_oracle,0.44351804098377
0.6,LS_oracle,0.207688121840482
0.6,LS_oracle,0.0834589080146932
0.6,LS_oracle,0.160483729505435
0.6,LS_oracle,0.268020171801672
0.6,LS_oracle,0.142975325162927
0.6,LS_oracle,0.2451840490929
0.6,LS_oracle,0.43443911110451
0.6,LS_oracle,0.202544298834563
0.6,LS_oracle,0.142130037939843
0.6,LS_oracle,0.0889085990383623
0.6,LS_oracle,0.115177797811119
0.6,LS_oracle,0.0991708948332833
0.6,LS_oracle,0.125675721247021
0.6,LS_oracle,1.13457015648697
0.6,LS_oracle,0.101840362885851
0.6,LS_oracle,0.126430737890963
0.6,LS_oracle,0.184858799156196
0.6,LS_oracle,0.447424838219595
0.6,LS_oracle,0.158318216294193
0.6,LS_oracle,0.436108956984463
0.6,LS_oracle,0.104335255478802
0.6,LS_oracle,0.470608260188481
0.6,LS_oracle,0.339235527234714
0.6,LS_oracle,0.226245461044705
0.6,LS_oracle,0.12753067955556
0.6,LS_oracle,0.201457755936359
0.6,LS_oracle,0.0917276314952036
0.6,LS_oracle,0.169025352649963
0.6,LS_oracle,0.345261678312797
0.6,LS_oracle,0.131332225479148
0.6,LS_oracle,0.233558632952504
0.6,LS_oracle,0.133764677358096
0.6,LS_oracle,0.32225702583915
0.6,LS_oracle,0.106001030816035
0.6,LS_oracle,0.178863759332079
0.6,LS_oracle,0.135092993669691
0.6,LS_oracle,0.101222995573667
0.6,LS_oracle,0.182626197794375
0.6,LS_oracle,0.0763909856919802
0.6,LS_oracle,0.179204217297927
0.6,LS_oracle,0.144388997074497
0.6,LS_oracle,0.721579328252923
0.6,LS_oracle,0.0791428244183235
0.6,LS_oracle,0.15376465933972
0.6,LS_oracle,0.123032496699365
0.6,LS_oracle,0.0851127436365874
0.6,LS_oracle,0.141153110073162
0.6,LS_oracle,0.218242430470376
0.6,LS_oracle,0.313753964699189
0.6,LS_oracle,0.672006774743162
0.6,LS_oracle,0.150101929320116
0.6,LS_oracle,0.172430708281898
0.6,LS_oracle,0.164506957234447
0.6,TS_oracle,0.147257420065564
0.6,TS_oracle,0.190252265077398
0.6,TS_oracle,0.0813817981087482
0.6,TS_oracle,0.253966715738378
0.6,TS_oracle,0.382409278873904
0.6,TS_oracle,0.24529313527558
0.6,TS_oracle,0.163615359157789
0.6,TS_oracle,0.14886305192604
0.6,TS_oracle,0.167498237230766
0.6,TS_oracle,0.0794220581936153
0.6,TS_oracle,0.098693624923163
0.6,TS_oracle,0.203338530159824
0.6,TS_oracle,0.786340316179362
0.6,TS_oracle,0.477715915120961
0.6,TS_oracle,0.0768769215389082
0.6,TS_oracle,0.134485243427512
0.6,TS_oracle,0.618747760401294
0.6,TS_oracle,0.125068451025434
0.6,TS_oracle,0.287341123015152
0.6,TS_oracle,0.158254584199551
0.6,TS_oracle,0.178948197064349
0.6,TS_oracle,0.0992197338559542
0.6,TS_oracle,0.258254156730443
0.6,TS_oracle,1.22756898736929
0.6,TS_oracle,0.358151778897412
0.6,TS_oracle,0.138449174060907
0.6,TS_oracle,0.451637245574595
0.6,TS_oracle,0.0955511970866648
0.6,TS_oracle,0.176966250140741
0.6,TS_oracle,0.0521259318641262
0.6,TS_oracle,0.240739546669348
0.6,TS_oracle,0.275390168795019
0.6,TS_oracle,0.113498243250447
0.6,TS_oracle,0.0961647581404988
0.6,TS_oracle,0.231505474152092
0.6,TS_oracle,0.0829365618321186
0.6,TS_oracle,0.0857990234946485
0.6,TS_oracle,0.165838428844256
0.6,TS_oracle,0.0664354413991549
0.6,TS_oracle,0.109858160362524
0.6,TS_oracle,1.05921712102011
0.6,TS_oracle,0.371663940943133
0.6,TS_oracle,0.107941197223141
0.6,TS_oracle,0.169156878578531
0.6,TS_oracle,0.443705488705817
0.6,TS_oracle,0.219435535127775
0.6,TS_oracle,0.113942767138536
0.6,TS_oracle,0.165552100922596
0.6,TS_oracle,0.642772356766393
0.6,TS_oracle,0.244893158641649
0.6,TS_oracle,0.18025508412684
0.6,TS_oracle,0.109214427726201
0.6,TS_oracle,0.162605212770517
0.6,TS_oracle,0.0921516985842903
0.6,TS_oracle,0.0978769562814437
0.6,TS_oracle,0.153674530093231
0.6,TS_oracle,0.224625317549496
0.6,TS_oracle,0.163679930126902
0.6,TS_oracle,0.114148624562191
0.6,TS_oracle,1.1700584799194
0.6,TS_oracle,0.174554114948873
0.6,TS_oracle,0.132196523255387
0.6,TS_oracle,0.0958989550236617
0.6,TS_oracle,0.0886558265861949
0.6,TS_oracle,0.213092358416685
0.6,TS_oracle,0.170621613377702
0.6,TS_oracle,0.331601636795823
0.6,TS_oracle,0.208369150117348
0.6,TS_oracle,0.115119962511865
0.6,TS_oracle,0.136870186747255
0.6,TS_oracle,0.0776570993023096
0.6,TS_oracle,0.106025814542882
0.6,TS_oracle,0.133924112453451
0.6,TS_oracle,0.10254189372392
0.6,TS_oracle,0.131742419356879
0.6,TS_oracle,0.743456613733112
0.6,TS_oracle,0.10878583277296
0.6,TS_oracle,0.362470109208612
0.6,TS_oracle,0.0758089347279979
0.6,TS_oracle,0.15269311907114
0.6,TS_oracle,0.148089285136317
0.6,TS_oracle,0.0857574554311553
0.6,TS_oracle,0.156216603231039
0.6,TS_oracle,0.124741876067267
0.6,TS_oracle,0.145401246024067
0.6,TS_oracle,0.197184232479215
0.6,TS_oracle,0.131330061810617
0.6,TS_oracle,0.119364106794537
0.6,TS_oracle,0.33782930794459
0.6,TS_oracle,0.0907961462200025
0.6,TS_oracle,0.111058063442054
0.6,TS_oracle,0.23587421063854
0.6,TS_oracle,0.194292717380909
0.6,TS_oracle,0.161024473914294
0.6,TS_oracle,0.112040093793542
0.6,TS_oracle,0.422192326092885
0.6,TS_oracle,0.109447558281859
0.6,TS_oracle,0.898097441971042
0.6,TS_oracle,0.126657671576429
0.6,TS_oracle,1.55183712928441
0.6,TS_oracle,0.0971020147225762
0.6,TS_oracle,0.32904969424376
0.6,TS_oracle,0.277242041204247
0.6,TS_oracle,0.262523364648389
0.6,TS_oracle,0.122379402087501
0.6,TS_oracle,0.098783944737921
0.6,TS_oracle,0.11014510932155
0.6,TS_oracle,0.252568881569361
0.6,TS_oracle,0.698565559875893
0.6,TS_oracle,0.517586495138192
0.6,TS_oracle,0.0848208678208649
0.6,TS_oracle,0.152578338532486
0.6,TS_oracle,0.634355241828379
0.6,TS_oracle,0.182868506688788
0.6,TS_oracle,0.223071944924946
0.6,TS_oracle,0.199610048072697
0.6,TS_oracle,0.0820480070305265
0.6,TS_oracle,0.0978624660779485
0.6,TS_oracle,0.304959150903021
0.6,TS_oracle,0.0781283481900964
0.6,TS_oracle,0.0910578405019802
0.6,TS_oracle,0.988069904672753
0.6,TS_oracle,0.191350356413225
0.6,TS_oracle,0.0900640600913451
0.6,TS_oracle,1.0009402133849
0.6,TS_oracle,0.0698779896122517
0.6,TS_oracle,0.0714094287488675
0.6,TS_oracle,0.0586243155461747
0.6,TS_oracle,0.0942591373099753
0.6,TS_oracle,0.169419480560748
0.6,TS_oracle,0.374283789711996
0.6,TS_oracle,0.149659656492833
0.6,TS_oracle,0.58406317430978
0.6,TS_oracle,0.091645595367492
0.6,TS_oracle,0.134282374700067
0.6,TS_oracle,0.280773919150179
0.6,TS_oracle,0.120452339869301
0.6,TS_oracle,0.0690376680866271
0.6,TS_oracle,0.131659512620863
0.6,TS_oracle,0.0909355243155356
0.6,TS_oracle,0.307934404072686
0.6,TS_oracle,0.161084329260072
0.6,TS_oracle,0.077722454730091
0.6,TS_oracle,0.110888011437229
0.6,TS_oracle,0.140793960647256
0.6,TS_oracle,0.0967614974812601
0.6,TS_oracle,0.294950553650046
0.6,TS_oracle,0.129628113513152
0.6,TS_oracle,0.100453239383443
0.6,TS_oracle,0.214168333861146
0.6,TS_oracle,0.251241853952838
0.6,TS_oracle,0.118575522205421
0.6,TS_oracle,0.184267925404337
0.6,TS_oracle,0.439237092879954
0.6,TS_oracle,0.171346240331076
0.6,TS_oracle,0.142271638555945
0.6,TS_oracle,0.082763418714395
0.6,TS_oracle,0.154363662938212
0.6,TS_oracle,0.0799107956007543
0.6,TS_oracle,0.100879007468554
0.6,TS_oracle,1.09069222273476
0.6,TS_oracle,0.096039572130852
0.6,TS_oracle,0.113057343437763
0.6,TS_oracle,0.180293196599694
0.6,TS_oracle,0.408658012571447
0.6,TS_oracle,0.152468501009982
0.6,TS_oracle,0.348834487828857
0.6,TS_oracle,0.0911968564720055
0.6,TS_oracle,0.465831463827807
0.6,TS_oracle,0.187954836389904
0.6,TS_oracle,0.122232065986649
0.6,TS_oracle,0.128932848837557
0.6,TS_oracle,0.147705156216514
0.6,TS_oracle,0.0917725887531442
0.6,TS_oracle,0.180250960966559
0.6,TS_oracle,0.275890269742343
0.6,TS_oracle,0.110338701446006
0.6,TS_oracle,0.111564402571164
0.6,TS_oracle,0.131348956255148
0.6,TS_oracle,0.142864849971715
0.6,TS_oracle,0.0984795168305861
0.6,TS_oracle,0.165801415023835
0.6,TS_oracle,0.168663813917516
0.6,TS_oracle,0.0968749563956369
0.6,TS_oracle,0.131472031353707
0.6,TS_oracle,0.059767455833525
0.6,TS_oracle,0.174047813491716
0.6,TS_oracle,0.119572340239764
0.6,TS_oracle,0.699170671791807
0.6,TS_oracle,0.0989376797666854
0.6,TS_oracle,0.136715679563587
0.6,TS_oracle,0.0796855643828636
0.6,TS_oracle,0.0781567473377133
0.6,TS_oracle,0.155628029853158
0.6,TS_oracle,0.205561582359628
0.6,TS_oracle,0.33002248211922
0.6,TS_oracle,0.640711889849418
0.6,TS_oracle,0.0925997918386532
0.6,TS_oracle,0.619980244335086
0.6,TS_oracle,0.126307279598172
0.7,PLS,0.194192972417818
0.7,PLS,0.339920123507364
0.7,PLS,0.16904085267204
0.7,PLS,0.168067103694763
0.7,PLS,0.131773499605632
0.7,PLS,1.19293942552983
0.7,PLS,0.19389635003389
0.7,PLS,0.185026107345866
0.7,PLS,0.103740061692734
0.7,PLS,0.122590964728988
0.7,PLS,0.139273945967641
0.7,PLS,0.305615242159784
0.7,PLS,0.345987003666799
0.7,PLS,0.175047329266083
0.7,PLS,0.525181798913369
0.7,PLS,0.224367170168783
0.7,PLS,0.123765217025877
0.7,PLS,0.9405877420504
0.7,PLS,0.175493303543702
0.7,PLS,0.180389922005052
0.7,PLS,0.142044902906364
0.7,PLS,0.127392825027762
0.7,PLS,0.142091023324332
0.7,PLS,0.264356909708229
0.7,PLS,0.074065959121232
0.7,PLS,0.234452252288655
0.7,PLS,0.193007154561866
0.7,PLS,0.10452397886481
0.7,PLS,0.213509950345137
0.7,PLS,0.424635792086807
0.7,PLS,0.204270688683063
0.7,PLS,0.168726800054027
0.7,PLS,0.32779291300829
0.7,PLS,0.148167634123499
0.7,PLS,0.152297761692937
0.7,PLS,0.136060665316024
0.7,PLS,0.424016312829241
0.7,PLS,0.122663052833437
0.7,PLS,0.0878352476803915
0.7,PLS,0.257212803778176
0.7,PLS,0.228702321206864
0.7,PLS,0.916112118085605
0.7,PLS,0.923708445037968
0.7,PLS,0.764845867030569
0.7,PLS,0.83210162629606
0.7,PLS,0.910610980580337
0.7,PLS,0.32539047185061
0.7,PLS,0.12779531416647
0.7,PLS,0.85040739362476
0.7,PLS,0.218150777108625
0.7,PLS,0.310198097649977
0.7,PLS,0.312429156958222
0.7,PLS,0.152318803097219
0.7,PLS,1.23353548766981
0.7,PLS,0.0946215776142998
0.7,PLS,0.177964856043309
0.7,PLS,0.942971006526131
0.7,PLS,0.1407021807403
0.7,PLS,0.22685766265163
0.7,PLS,0.293343919162845
0.7,PLS,0.11492554505817
0.7,PLS,0.161323117528607
0.7,PLS,0.139804562709771
0.7,PLS,0.268623068515642
0.7,PLS,0.134290744616131
0.7,PLS,0.366846736026881
0.7,PLS,0.0556926651858022
0.7,PLS,0.488150410847016
0.7,PLS,0.266238980564474
0.7,PLS,0.891987554710123
0.7,PLS,0.117114161379394
0.7,PLS,0.78224768831668
0.7,PLS,0.651202718442623
0.7,PLS,0.0934609878836247
0.7,PLS,0.122709958277542
0.7,PLS,1.32490198397505
0.7,PLS,0.112856531832025
0.7,PLS,0.136859279281367
0.7,PLS,0.240614369442501
0.7,PLS,0.0699672370287613
0.7,PLS,0.200298908669683
0.7,PLS,0.513907541040333
0.7,PLS,0.182237317577113
0.7,PLS,0.934103919254999
0.7,PLS,0.240359739876422
0.7,PLS,0.143102444822994
0.7,PLS,0.150117360319274
0.7,PLS,0.080962543405074
0.7,PLS,0.509612709230183
0.7,PLS,0.245761996927154
0.7,PLS,0.314546613983516
0.7,PLS,0.105472080828962
0.7,PLS,0.212024333132577
0.7,PLS,0.422141805443311
0.7,PLS,0.196271037673168
0.7,PLS,0.277781738602351
0.7,PLS,0.377190406883547
0.7,PLS,0.190754840369005
0.7,PLS,0.164557266872796
0.7,PLS,0.089833760425999
0.7,PLS,0.126014049238799
0.7,PLS,0.202074366493886
0.7,PLS,0.0438776710542257
0.7,PLS,0.21371515269702
0.7,PLS,0.296188260101941
0.7,PLS,0.135568163285275
0.7,PLS,0.608869437627501
0.7,PLS,0.214356060681804
0.7,PLS,0.125523990524089
0.7,PLS,0.123954825610074
0.7,PLS,0.181796943191429
0.7,PLS,0.102439700823231
0.7,PLS,0.186787227933861
0.7,PLS,0.120611414983169
0.7,PLS,0.970672204947125
0.7,PLS,0.179527150753822
0.7,PLS,0.117168890941792
0.7,PLS,0.192346029938451
0.7,PLS,0.199807699082233
0.7,PLS,0.0928089900261085
0.7,PLS,0.211201837780547
0.7,PLS,0.177096633185371
0.7,PLS,0.126946879807493
0.7,PLS,0.176964944272696
0.7,PLS,0.18655641166227
0.7,PLS,0.171194863619402
0.7,PLS,0.0860406956217544
0.7,PLS,0.283863884326928
0.7,PLS,0.141386906619153
0.7,PLS,0.439405383546967
0.7,PLS,0.212212788194149
0.7,PLS,0.150663426018094
0.7,PLS,0.218308298811807
0.7,PLS,0.188199790702424
0.7,PLS,0.0772052744465636
0.7,PLS,0.264946531569826
0.7,PLS,0.217429073462805
0.7,PLS,0.260615033702278
0.7,PLS,0.255845110008271
0.7,PLS,0.110219161206945
0.7,PLS,0.332400265859006
0.7,PLS,0.132736906740727
0.7,PLS,0.199320147660822
0.7,PLS,0.251591257713674
0.7,PLS,0.243870309699171
0.7,PLS,0.715988113990706
0.7,PLS,0.086082391580897
0.7,PLS,0.203967824381774
0.7,PLS,0.277542419937995
0.7,PLS,0.133725740903518
0.7,PLS,0.137512166719876
0.7,PLS,0.188697599440434
0.7,PLS,0.107927758068708
0.7,PLS,0.457745062733728
0.7,PLS,0.143240204497176
0.7,PLS,1.04036624071032
0.7,PLS,0.191198499783714
0.7,PLS,0.880697543898617
0.7,PLS,0.551464582844724
0.7,PLS,0.127422128338885
0.7,PLS,0.669822103757722
0.7,PLS,0.15523157386216
0.7,PLS,0.109171720744568
0.7,PLS,0.133241039868664
0.7,PLS,0.0862900368325834
0.7,PLS,0.307987539370043
0.7,PLS,0.990455014198283
0.7,PLS,0.244000569616221
0.7,PLS,0.139923793777508
0.7,PLS,0.281951054866074
0.7,PLS,0.379368093762325
0.7,PLS,0.082283903821152
0.7,PLS,0.208751537308245
0.7,PLS,0.0630389551769051
0.7,PLS,0.147673505378236
0.7,PLS,0.909677688001849
0.7,PLS,0.313806660784237
0.7,PLS,0.093612338573835
0.7,PLS,0.182939659309063
0.7,PLS,0.214676576348104
0.7,PLS,0.597326119844286
0.7,PLS,0.0535880785477817
0.7,PLS,0.155950447949129
0.7,PLS,0.102415853439891
0.7,PLS,0.0776618526867945
0.7,PLS,0.341421436969152
0.7,PLS,0.273762153456055
0.7,PLS,0.134049627690996
0.7,PLS,0.831396207492976
0.7,PLS,0.0991359041612875
0.7,PLS,0.204025034553523
0.7,PLS,0.776283895624678
0.7,PLS,0.132988556520892
0.7,PLS,0.506187663167639
0.7,PLS,0.96154859030652
0.7,PLS,0.0665796644415587
0.7,PLS,0.0601163261964366
0.7,PLS,0.480011271898431
0.7,PLS,0.152942570308837
0.7,PLS,0.111849360059113
0.7,fTS,0.269128511957968
0.7,fTS,0.314414212195909
0.7,fTS,0.123279847151884
0.7,fTS,0.0981959954030373
0.7,fTS,0.122212526203031
0.7,fTS,1.19382137212049
0.7,fTS,0.194939018917729
0.7,fTS,0.176381489387515
0.7,fTS,0.356758003268454
0.7,fTS,0.075249105644095
0.7,fTS,0.121843975424377
0.7,fTS,0.805041831850543
0.7,fTS,0.320598224608877
0.7,fTS,0.193393280809026
0.7,fTS,0.478163205151351
0.7,fTS,0.143115414071175
0.7,fTS,0.0787292349387155
0.7,fTS,0.945627035802587
0.7,fTS,0.098475220677012
0.7,fTS,0.721745607624462
0.7,fTS,0.0665965234728636
0.7,fTS,0.125476008190253
0.7,fTS,0.103502288132802
0.7,fTS,0.123305256939278
0.7,fTS,0.0769296175055059
0.7,fTS,0.11946250166383
0.7,fTS,0.189409259779384
0.7,fTS,0.0730790973288017
0.7,fTS,0.228889313998245
0.7,fTS,0.413772928794979
0.7,fTS,0.10275352232337
0.7,fTS,0.164969666913983
0.7,fTS,0.347709189368806
0.7,fTS,0.126141008870919
0.7,fTS,0.153176204266293
0.7,fTS,0.11314772033928
0.7,fTS,0.356506871443734
0.7,fTS,0.0851732955432131
0.7,fTS,0.0886893130134018
0.7,fTS,0.273513494746769
0.7,fTS,0.246410388312171
0.7,fTS,0.817339806824134
0.7,fTS,0.926974751712301
0.7,fTS,0.747346315263255
0.7,fTS,0.796344695204532
0.7,fTS,0.868064941517507
0.7,fTS,0.267397971797073
0.7,fTS,0.0995102550850598
0.7,fTS,0.841892628232025
0.7,fTS,0.13719802937485
0.7,fTS,0.124344163272954
0.7,fTS,0.126438389718066
0.7,fTS,0.105026149393478
0.7,fTS,1.21966638344768
0.7,fTS,0.0652875504515662
0.7,fTS,0.120349724969491
0.7,fTS,0.929221234025929
0.7,fTS,0.106151223957508
0.7,fTS,0.209801339051215
0.7,fTS,0.17736144423055
0.7,fTS,0.113879576260847
0.7,fTS,0.112050456682914
0.7,fTS,0.111504034110064
0.7,fTS,0.115866338999042
0.7,fTS,0.0947064354605945
0.7,fTS,0.358014794167421
0.7,fTS,0.0908365506804253
0.7,fTS,0.442970279598306
0.7,fTS,0.269897259402682
0.7,fTS,0.883222204284908
0.7,fTS,0.498479865276432
0.7,fTS,0.792012503622357
0.7,fTS,0.589990419176065
0.7,fTS,0.0700769606142827
0.7,fTS,0.089133139372451
0.7,fTS,1.31852975577565
0.7,fTS,0.143421678785016
0.7,fTS,0.0891415601235412
0.7,fTS,0.199171615361899
0.7,fTS,0.0385412698971273
0.7,fTS,0.151090110395656
0.7,fTS,0.52754629705459
0.7,fTS,0.199880615269239
0.7,fTS,1.02158698806763
0.7,fTS,0.216118756420708
0.7,fTS,0.121847841070342
0.7,fTS,0.143691907639859
0.7,fTS,0.0873218726638804
0.7,fTS,0.646329329639774
0.7,fTS,0.258176890049325
0.7,fTS,0.21561115808079
0.7,fTS,0.744123604583604
0.7,fTS,0.145370226284187
0.7,fTS,0.420941393289375
0.7,fTS,0.186066071143856
0.7,fTS,0.201290258875992
0.7,fTS,0.137223828392141
0.7,fTS,0.123218298907487
0.7,fTS,0.468467668403643
0.7,fTS,0.0737673182782045
0.7,fTS,0.100585643915929
0.7,fTS,0.180689220010966
0.7,fTS,0.0530408710941231
0.7,fTS,0.15599662770765
0.7,fTS,0.177337627006734
0.7,fTS,0.110659696887582
0.7,fTS,0.615496117636243
0.7,fTS,0.147961131125358
0.7,fTS,0.121581684134116
0.7,fTS,0.11991485568998
0.7,fTS,0.180443946767754
0.7,fTS,0.0803379221407923
0.7,fTS,0.138326262473072
0.7,fTS,0.131188695455475
0.7,fTS,0.935482743394847
0.7,fTS,0.112200242029153
0.7,fTS,0.0946144107887789
0.7,fTS,0.149667853167938
0.7,fTS,0.15928056239523
0.7,fTS,0.0820502119218113
0.7,fTS,0.100084719463006
0.7,fTS,0.132576283949156
0.7,fTS,0.105668781152959
0.7,fTS,0.117950553677211
0.7,fTS,0.091251869593336
0.7,fTS,0.107156173538738
0.7,fTS,0.0822021267031345
0.7,fTS,0.27501963616051
0.7,fTS,0.184679120406847
0.7,fTS,0.233466865729255
0.7,fTS,0.124805000272525
0.7,fTS,0.138448684546719
0.7,fTS,0.107034407004105
0.7,fTS,0.166097712001034
0.7,fTS,0.0552042081742603
0.7,fTS,0.110737767190745
0.7,fTS,0.14568505016929
0.7,fTS,0.150423391573843
0.7,fTS,0.163901534086379
0.7,fTS,0.0941533706048575
0.7,fTS,0.286597686404107
0.7,fTS,0.100079710598477
0.7,fTS,0.150418708937734
0.7,fTS,0.22161200572614
0.7,fTS,0.27421919529075
0.7,fTS,0.705150246652376
0.7,fTS,0.101041743690492
0.7,fTS,0.211837240784506
0.7,fTS,0.136659585024341
0.7,fTS,0.366602304888552
0.7,fTS,0.133920930669918
0.7,fTS,0.187735173710481
0.7,fTS,0.108158473274977
0.7,fTS,0.257850970119301
0.7,fTS,0.110345610041863
0.7,fTS,0.999246919792133
0.7,fTS,0.0717412635854426
0.7,fTS,0.804133682554972
0.7,fTS,0.539690520389148
0.7,fTS,0.116627090131108
0.7,fTS,0.657386780544203
0.7,fTS,0.125691261705564
0.7,fTS,0.105523163575276
0.7,fTS,0.0799668896544667
0.7,fTS,0.0766635467182772
0.7,fTS,0.224609414649863
0.7,fTS,0.597460517485828
0.7,fTS,0.100565342651384
0.7,fTS,0.189687428239607
0.7,fTS,0.163508296455386
0.7,fTS,0.406126258064596
0.7,fTS,0.262275282404193
0.7,fTS,0.115380864021225
0.7,fTS,0.0698177522351191
0.7,fTS,0.114258286226667
0.7,fTS,0.914096061455768
0.7,fTS,0.128383481036281
0.7,fTS,0.0823775392054405
0.7,fTS,0.182324186013672
0.7,fTS,0.155243691577192
0.7,fTS,0.40814820449962
0.7,fTS,0.0654689143384053
0.7,fTS,0.166674632190649
0.7,fTS,0.28362389988853
0.7,fTS,0.0765387909488994
0.7,fTS,0.335867715781556
0.7,fTS,0.221739276234343
0.7,fTS,0.119285862770316
0.7,fTS,0.289818735032969
0.7,fTS,0.103631604720475
0.7,fTS,0.127622357126931
0.7,fTS,0.747565614804198
0.7,fTS,0.105586732687541
0.7,fTS,0.452228656465085
0.7,fTS,0.952411689007456
0.7,fTS,0.0671389547316751
0.7,fTS,0.0569431549127434
0.7,fTS,0.445075343114765
0.7,fTS,0.10594537147616
0.7,fTS,0.0959166788750519
0.7,LS_oracle,0.19809775718614
0.7,LS_oracle,0.339791650120116
0.7,LS_oracle,0.171581181357133
0.7,LS_oracle,0.1691297931459
0.7,LS_oracle,0.132513094968574
0.7,LS_oracle,1.19384224905916
0.7,LS_oracle,0.193858520584297
0.7,LS_oracle,0.190415027294892
0.7,LS_oracle,0.106147260427899
0.7,LS_oracle,0.122316693427334
0.7,LS_oracle,0.13975832413273
0.7,LS_oracle,0.305214782938342
0.7,LS_oracle,0.345237894245367
0.7,LS_oracle,0.177095060219845
0.7,LS_oracle,0.525381380389023
0.7,LS_oracle,0.228444559913423
0.7,LS_oracle,0.120827646133068
0.7,LS_oracle,0.940058563884608
0.7,LS_oracle,0.658500757213747
0.7,LS_oracle,0.746212403359662
0.7,LS_oracle,0.143426039430164
0.7,LS_oracle,0.127664581295795
0.7,LS_oracle,0.142060530244394
0.7,LS_oracle,0.258659354528228
0.7,LS_oracle,0.0747446186764111
0.7,LS_oracle,0.236351713911965
0.7,LS_oracle,0.193217638119527
0.7,LS_oracle,0.104997896581404
0.7,LS_oracle,0.2136697400081
0.7,LS_oracle,0.421687006973531
0.7,LS_oracle,0.20462159148528
0.7,LS_oracle,0.16809909473698
0.7,LS_oracle,0.328132374694789
0.7,LS_oracle,0.148212220525284
0.7,LS_oracle,0.153107532494443
0.7,LS_oracle,0.134945732263809
0.7,LS_oracle,0.424073192160277
0.7,LS_oracle,0.12064741375103
0.7,LS_oracle,0.0853989267897602
0.7,LS_oracle,0.258291355071495
0.7,LS_oracle,0.22805675156359
0.7,LS_oracle,0.813861441673701
0.7,LS_oracle,0.923268213865823
0.7,LS_oracle,0.764678275497728
0.7,LS_oracle,0.830740078320262
0.7,LS_oracle,0.912557461916501
0.7,LS_oracle,0.325036445350506
0.7,LS_oracle,0.127461608921013
0.7,LS_oracle,0.850358927073436
0.7,LS_oracle,0.214931448075392
0.7,LS_oracle,0.304634939332009
0.7,LS_oracle,0.305922217569346
0.7,LS_oracle,0.152875844635835
0.7,LS_oracle,1.23313462597774
0.7,LS_oracle,0.0950775109398592
0.7,LS_oracle,0.177365705876249
0.7,LS_oracle,0.939540852026631
0.7,LS_oracle,0.139605595898495
0.7,LS_oracle,0.225474302217374
0.7,LS_oracle,0.29409444673253
0.7,LS_oracle,0.113180614404608
0.7,LS_oracle,0.161829910663696
0.7,LS_oracle,0.138889844120249
0.7,LS_oracle,0.268457703230615
0.7,LS_oracle,0.135191657134535
0.7,LS_oracle,0.364463483914364
0.7,LS_oracle,0.0577764486419534
0.7,LS_oracle,0.477703488933498
0.7,LS_oracle,0.264594950262382
0.7,LS_oracle,0.894282485136481
0.7,LS_oracle,0.114323545825879
0.7,LS_oracle,0.781264421187934
0.7,LS_oracle,0.649915834942201
0.7,LS_oracle,0.0922772116016135
0.7,LS_oracle,0.12086498176359
0.7,LS_oracle,1.32437321035725
0.7,LS_oracle,0.111975580632957
0.7,LS_oracle,0.136476258784546
0.7,LS_oracle,0.240909779295119
0.7,LS_oracle,0.0711060881598943
0.7,LS_oracle,0.189660393375546
0.7,LS_oracle,0.518228887450413
0.7,LS_oracle,0.182333977739951
0.7,LS_oracle,0.936033751943383
0.7,LS_oracle,0.240179342265813
0.7,LS_oracle,0.143652587385196
0.7,LS_oracle,0.149875961207369
0.7,LS_oracle,0.081001345625655
0.7,LS_oracle,0.509796066447705
0.7,LS_oracle,0.246553925845763
0.7,LS_oracle,0.308761638588436
0.7,LS_oracle,0.105663621843572
0.7,LS_oracle,0.210559704295709
0.7,LS_oracle,0.420903113997311
0.7,LS_oracle,0.196002018322017
0.7,LS_oracle,0.278712761057493
0.7,LS_oracle,0.3768558531848
0.7,LS_oracle,0.190930159603338
0.7,LS_oracle,0.165206256110897
0.7,LS_oracle,0.0891527748828136
0.7,LS_oracle,0.125806251198481
0.7,LS_oracle,0.202603750705979
0.7,LS_oracle,0.0439142392943511
0.7,LS_oracle,0.212181102636454
0.7,LS_oracle,0.295702793875406
0.7,LS_oracle,0.135492212588859
0.7,LS_oracle,0.61127802158092
0.7,LS_oracle,0.216291626468629
0.7,LS_oracle,0.126917759762733
0.7,LS_oracle,0.125058732348962
0.7,LS_oracle,0.181256599050931
0.7,LS_oracle,0.107935320271397
0.7,LS_oracle,0.18609202386437
0.7,LS_oracle,0.121627311480523
0.7,LS_oracle,0.961724943651248
0.7,LS_oracle,0.178497065572776
0.7,LS_oracle,0.117047460869513
0.7,LS_oracle,0.19304129968363
0.7,LS_oracle,0.200039786339491
0.7,LS_oracle,0.0928427409425424
0.7,LS_oracle,0.212526591609911
0.7,LS_oracle,0.176416771291612
0.7,LS_oracle,0.126969081425089
0.7,LS_oracle,0.176531184024329
0.7,LS_oracle,0.189445419608591
0.7,LS_oracle,0.170380023887919
0.7,LS_oracle,0.0859819413282524
0.7,LS_oracle,0.283609140059074
0.7,LS_oracle,0.143764384653636
0.7,LS_oracle,0.439308113512271
0.7,LS_oracle,0.212499732349761
0.7,LS_oracle,0.152591641242933
0.7,LS_oracle,0.207166284330366
0.7,LS_oracle,0.17949704546637
0.7,LS_oracle,0.0768243943181344
0.7,LS_oracle,0.266408977452487
0.7,LS_oracle,0.215740710744466
0.7,LS_oracle,0.260619383338504
0.7,LS_oracle,0.253017292560565
0.7,LS_oracle,0.110660426096718
0.7,LS_oracle,0.33283078626229
0.7,LS_oracle,0.132943960881503
0.7,LS_oracle,0.196857088194203
0.7,LS_oracle,0.251192087611461
0.7,LS_oracle,0.244862177513214
0.7,LS_oracle,0.716159203086602
0.7,LS_oracle,0.0861011274721187
0.7,LS_oracle,0.202320909912925
0.7,LS_oracle,0.27763814516412
0.7,LS_oracle,0.393409103153884
0.7,LS_oracle,0.140954087874978
0.7,LS_oracle,0.1873568766327
0.7,LS_oracle,0.107594475996701
0.7,LS_oracle,0.456316649076434
0.7,LS_oracle,0.143218424256054
0.7,LS_oracle,1.03845208668959
0.7,LS_oracle,0.192867050696227
0.7,LS_oracle,0.878594452575613
0.7,LS_oracle,0.553642601874679
0.7,LS_oracle,0.128842020389067
0.7,LS_oracle,0.668209898838938
0.7,LS_oracle,0.155496989490773
0.7,LS_oracle,0.109179167038513
0.7,LS_oracle,0.133354331298219
0.7,LS_oracle,0.0858174086853471
0.7,LS_oracle,0.308648406812357
0.7,LS_oracle,0.625457203022301
0.7,LS_oracle,0.244012742008358
0.7,LS_oracle,0.136914150091209
0.7,LS_oracle,0.284194808949634
0.7,LS_oracle,0.379904738781642
0.7,LS_oracle,0.0822668327379053
0.7,LS_oracle,0.208472059902446
0.7,LS_oracle,0.0630030505907927
0.7,LS_oracle,0.156150982925236
0.7,LS_oracle,0.90965583267822
0.7,LS_oracle,0.306770226155643
0.7,LS_oracle,0.0941186627771534
0.7,LS_oracle,0.184038338241963
0.7,LS_oracle,0.216024623468332
0.7,LS_oracle,0.599903700180788
0.7,LS_oracle,0.053677437211996
0.7,LS_oracle,0.155123739525398
0.7,LS_oracle,0.099259722758334
0.7,LS_oracle,0.0776384653701773
0.7,LS_oracle,0.340613336967591
0.7,LS_oracle,0.275085727829088
0.7,LS_oracle,0.137890614489889
0.7,LS_oracle,0.840304380202342
0.7,LS_oracle,0.0968455803083888
0.7,LS_oracle,0.202465882877377
0.7,LS_oracle,0.768997100792068
0.7,LS_oracle,0.135405565589538
0.7,LS_oracle,0.505125317532476
0.7,LS_oracle,0.958935611175644
0.7,LS_oracle,0.0643106059173492
0.7,LS_oracle,0.0598771775256245
0.7,LS_oracle,0.479983897941894
0.7,LS_oracle,0.197704796704766
0.7,LS_oracle,0.114829421217228
0.7,TS_oracle,0.266954817714202
0.7,TS_oracle,0.314979329602676
0.7,TS_oracle,0.123632557103247
0.7,TS_oracle,0.0992846367445731
0.7,TS_oracle,0.124431585074733
0.7,TS_oracle,1.19373751974377
0.7,TS_oracle,0.193941475002723
0.7,TS_oracle,0.176629365004907
0.7,TS_oracle,0.35673019028483
0.7,TS_oracle,0.075252722267073
0.7,TS_oracle,0.122847183079353
0.7,TS_oracle,0.805036742313903
0.7,TS_oracle,0.31979564882985
0.7,TS_oracle,0.196428120593705
0.7,TS_oracle,0.478051226393931
0.7,TS_oracle,0.147718521584069
0.7,TS_oracle,0.079210358436944
0.7,TS_oracle,0.946334054021289
0.7,TS_oracle,0.619236576635447
0.7,TS_oracle,0.720669217332105
0.7,TS_oracle,0.0664851145647643
0.7,TS_oracle,0.125460850671463
0.7,TS_oracle,0.103924231282181
0.7,TS_oracle,0.118389366679954
0.7,TS_oracle,0.0771466815275937
0.7,TS_oracle,0.120252773163348
0.7,TS_oracle,0.189233340540856
0.7,TS_oracle,0.0722607505626558
0.7,TS_oracle,0.231840536502844
0.7,TS_oracle,0.418517284601837
0.7,TS_oracle,0.102629332580851
0.7,TS_oracle,0.164921260359085
0.7,TS_oracle,0.0553573456666776
0.7,TS_oracle,0.125082676380419
0.7,TS_oracle,0.153820365006932
0.7,TS_oracle,0.113448626254461
0.7,TS_oracle,0.356547768379983
0.7,TS_oracle,0.0853442518887436
0.7,TS_oracle,0.088553378643965
0.7,TS_oracle,0.271996004090806
0.7,TS_oracle,0.244606621486318
0.7,TS_oracle,0.817210244521391
0.7,TS_oracle,0.927069450506144
0.7,TS_oracle,0.74891159024911
0.7,TS_oracle,0.797021473436853
0.7,TS_oracle,0.867793996129656
0.7,TS_oracle,0.267402683706724
0.7,TS_oracle,0.0996835568313127
0.7,TS_oracle,0.841962927963973
0.7,TS_oracle,0.137297803048311
0.7,TS_oracle,0.121757401224966
0.7,TS_oracle,0.125730632346227
0.7,TS_oracle,0.106954295974527
0.7,TS_oracle,1.21970773480644
0.7,TS_oracle,0.0632573587299907
0.7,TS_oracle,0.120650194813225
0.7,TS_oracle,0.932837404895355
0.7,TS_oracle,0.105596970669759
0.7,TS_oracle,0.206762124872493
0.7,TS_oracle,0.177025755993189
0.7,TS_oracle,0.113952626816561
0.7,TS_oracle,0.111516755929039
0.7,TS_oracle,0.111454353274788
0.7,TS_oracle,0.115658003013513
0.7,TS_oracle,0.0947092633736176
0.7,TS_oracle,0.358342982429467
0.7,TS_oracle,0.0939760219739162
0.7,TS_oracle,0.444341871663681
0.7,TS_oracle,0.270351638532669
0.7,TS_oracle,0.882140183383142
0.7,TS_oracle,0.49879247628725
0.7,TS_oracle,0.789165607883754
0.7,TS_oracle,0.590328066548181
0.7,TS_oracle,0.0703364380217536
0.7,TS_oracle,0.0892313358981724
0.7,TS_oracle,1.31822743228409
0.7,TS_oracle,0.143522852084612
0.7,TS_oracle,0.089276661531179
0.7,TS_oracle,0.199222659405289
0.7,TS_oracle,0.0385419418754087
0.7,TS_oracle,0.140196914474008
0.7,TS_oracle,0.530665280494168
0.7,TS_oracle,0.201327627223453
0.7,TS_oracle,1.00919182129373
0.7,TS_oracle,0.216129454804965
0.7,TS_oracle,0.12242631834431
0.7,TS_oracle,0.14209827455774
0.7,TS_oracle,0.0873022998529389
0.7,TS_oracle,0.646329621316278
0.7,TS_oracle,0.260130443797796
0.7,TS_oracle,0.216990333819607
0.7,TS_oracle,0.744192000368578
0.7,TS_oracle,0.145232243106784
0.7,TS_oracle,0.420023023896219
0.7,TS_oracle,0.185271754986847
0.7,TS_oracle,0.201265929377385
0.7,TS_oracle,0.137144043542699
0.7,TS_oracle,0.123220353895405
0.7,TS_oracle,0.469974883185284
0.7,TS_oracle,0.075007737340619
0.7,TS_oracle,0.10121934529549
0.7,TS_oracle,0.17995706240113
0.7,TS_oracle,0.0537168151292724
0.7,TS_oracle,0.153325924066855
0.7,TS_oracle,0.176983904383974
0.7,TS_oracle,0.110654428350637
0.7,TS_oracle,0.61528504550474
0.7,TS_oracle,0.1473652186428
0.7,TS_oracle,0.122218230226447
0.7,TS_oracle,0.119775545384997
0.7,TS_oracle,0.180608032126143
0.7,TS_oracle,0.0755908390532797
0.7,TS_oracle,0.138272112276788
0.7,TS_oracle,0.130365780696201
0.7,TS_oracle,0.941509837938465
0.7,TS_oracle,0.112359677327332
0.7,TS_oracle,0.0933452126918497
0.7,TS_oracle,0.149498879580885
0.7,TS_oracle,0.159250904665139
0.7,TS_oracle,0.0834891283375395
0.7,TS_oracle,0.100094339888538
0.7,TS_oracle,0.132512097038948
0.7,TS_oracle,0.105673079686676
0.7,TS_oracle,0.11672874192599
0.7,TS_oracle,0.0912720673331009
0.7,TS_oracle,0.107120922161618
0.7,TS_oracle,0.0821744447233311
0.7,TS_oracle,0.274765858055051
0.7,TS_oracle,0.183423553018795
0.7,TS_oracle,0.239003558548948
0.7,TS_oracle,0.123053519748242
0.7,TS_oracle,0.138910954571578
0.7,TS_oracle,0.10281273000353
0.7,TS_oracle,0.165718422984498
0.7,TS_oracle,0.0552521100991445
0.7,TS_oracle,0.110921010590211
0.7,TS_oracle,0.14549749478717
0.7,TS_oracle,0.150709531368952
0.7,TS_oracle,0.162635330940719
0.7,TS_oracle,0.0976427308223446
0.7,TS_oracle,0.286437892278811
0.7,TS_oracle,0.104029116283285
0.7,TS_oracle,0.145807714328983
0.7,TS_oracle,0.221774287006465
0.7,TS_oracle,0.273453416715179
0.7,TS_oracle,0.705578308864938
0.7,TS_oracle,0.0954836356528744
0.7,TS_oracle,0.211640518490245
0.7,TS_oracle,0.148826774676856
0.7,TS_oracle,0.365818512040956
0.7,TS_oracle,0.13393239045819
0.7,TS_oracle,0.178127933296839
0.7,TS_oracle,0.108543017256399
0.7,TS_oracle,0.257700670690814
0.7,TS_oracle,0.11059749670261
0.7,TS_oracle,0.998561934604808
0.7,TS_oracle,0.0717512746558553
0.7,TS_oracle,0.804128008335772
0.7,TS_oracle,0.539629754126314
0.7,TS_oracle,0.11695775104698
0.7,TS_oracle,0.657404466963353
0.7,TS_oracle,0.125533509000949
0.7,TS_oracle,0.105560354063278
0.7,TS_oracle,0.080057535699964
0.7,TS_oracle,0.0775376094224008
0.7,TS_oracle,0.225545712044024
0.7,TS_oracle,0.597411881207798
0.7,TS_oracle,0.233479167337586
0.7,TS_oracle,0.184630616914537
0.7,TS_oracle,0.163795016350591
0.7,TS_oracle,0.408889408109632
0.7,TS_oracle,0.102163999179102
0.7,TS_oracle,0.115334442037257
0.7,TS_oracle,0.0700532000229336
0.7,TS_oracle,0.114660067477335
0.7,TS_oracle,0.91407613757339
0.7,TS_oracle,0.126735835090149
0.7,TS_oracle,0.082540298879624
0.7,TS_oracle,0.180364953686973
0.7,TS_oracle,0.154906340538357
0.7,TS_oracle,0.408136140962878
0.7,TS_oracle,0.0662666918560404
0.7,TS_oracle,0.156913777605042
0.7,TS_oracle,0.285579912014218
0.7,TS_oracle,0.0762294975201676
0.7,TS_oracle,0.337262170573035
0.7,TS_oracle,0.221881334876799
0.7,TS_oracle,0.119219829394901
0.7,TS_oracle,0.290590872197698
0.7,TS_oracle,0.0981730238754642
0.7,TS_oracle,0.127877886379168
0.7,TS_oracle,0.751195173742166
0.7,TS_oracle,0.103571298747825
0.7,TS_oracle,0.452210196276755
0.7,TS_oracle,0.952193374561444
0.7,TS_oracle,0.0682548668616363
0.7,TS_oracle,0.0569507738513691
0.7,TS_oracle,0.445061648486618
0.7,TS_oracle,0.107663189428348
0.7,TS_oracle,0.0950786241288041
0.8,PLS,0.265917638472081
0.8,PLS,0.103240118897805
0.8,PLS,0.278738134135727
0.8,PLS,0.145058890294297
0.8,PLS,0.166899695130658
0.8,PLS,0.0903648074300127
0.8,PLS,0.205197121025006
0.8,PLS,0.203927346354545
0.8,PLS,0.148425096031525
0.8,PLS,0.128833771447189
0.8,PLS,0.194032202020957
0.8,PLS,0.150980553544815
0.8,PLS,0.203152368079546
0.8,PLS,0.300318847271409
0.8,PLS,0.074944216077149
0.8,PLS,0.15032958811338
0.8,PLS,0.518322094340469
0.8,PLS,0.0745056235437275
0.8,PLS,0.209056146875251
0.8,PLS,0.129356539720829
0.8,PLS,0.232166168536507
0.8,PLS,0.233949701017107
0.8,PLS,1.02550774113097
0.8,PLS,1.20630533376892
0.8,PLS,0.0698564992017154
0.8,PLS,0.17953326527067
0.8,PLS,0.543458361644634
0.8,PLS,0.280383146467673
0.8,PLS,0.13243216917645
0.8,PLS,0.345325351741994
0.8,PLS,0.0872956353651613
0.8,PLS,0.153734760698311
0.8,PLS,0.129373348993119
0.8,PLS,0.156659860140624
0.8,PLS,0.189202922496483
0.8,PLS,0.319457384971039
0.8,PLS,0.0895785224839769
0.8,PLS,0.814101489008605
0.8,PLS,0.175475485529579
0.8,PLS,0.197763830423236
0.8,PLS,0.470759846148659
0.8,PLS,0.149958440954534
0.8,PLS,0.177031524841424
0.8,PLS,0.141177494861616
0.8,PLS,0.248443331483984
0.8,PLS,0.154982414907055
0.8,PLS,0.0889730531502412
0.8,PLS,0.0692852039398185
0.8,PLS,0.101019160729769
0.8,PLS,0.162248530882055
0.8,PLS,0.250904525931811
0.8,PLS,0.209358009109306
0.8,PLS,0.923678835953251
0.8,PLS,0.120682877933178
0.8,PLS,0.285962107829646
0.8,PLS,0.274925384377794
0.8,PLS,0.849599709188102
0.8,PLS,0.229652867930407
0.8,PLS,0.12608732633432
0.8,PLS,0.39133815904522
0.8,PLS,0.112529557887484
0.8,PLS,0.16797048624255
0.8,PLS,1.00244339406496
0.8,PLS,0.143626077168033
0.8,PLS,0.115048116697086
0.8,PLS,0.736699892703388
0.8,PLS,0.214828330325027
0.8,PLS,0.167530021881863
0.8,PLS,0.116020373813788
0.8,PLS,0.205698415470024
0.8,PLS,0.154714501293218
0.8,PLS,0.191492977271117
0.8,PLS,0.170069240555512
0.8,PLS,0.280358751136397
0.8,PLS,0.157061119326902
0.8,PLS,0.123550282288462
0.8,PLS,0.149199821020707
0.8,PLS,0.261457237838887
0.8,PLS,0.224471469167883
0.8,PLS,0.268058890713096
0.8,PLS,0.060749829881079
0.8,PLS,0.102556568422409
0.8,PLS,0.208559189334625
0.8,PLS,1.38737471858653
0.8,PLS,0.104563386829155
0.8,PLS,0.209067829255412
0.8,PLS,0.21267596940404
0.8,PLS,0.0855141851827494
0.8,PLS,0.405266419997257
0.8,PLS,0.229261711229455
0.8,PLS,0.138311832437514
0.8,PLS,0.13715828864883
0.8,PLS,0.275960308533171
0.8,PLS,0.0667980879321904
0.8,PLS,0.188479658152661
0.8,PLS,0.314813306457132
0.8,PLS,0.111500880945943
0.8,PLS,0.306793022553759
0.8,PLS,0.184778277842223
0.8,PLS,0.167021656524321
0.8,PLS,0.141920858699954
0.8,PLS,0.198839534471136
0.8,PLS,0.335761353142041
0.8,PLS,0.136552566174632
0.8,PLS,0.12035139926877
0.8,PLS,0.229806340325212
0.8,PLS,0.136368641819361
0.8,PLS,0.0985537949561682
0.8,PLS,0.182784110779132
0.8,PLS,0.108244801466053
0.8,PLS,0.285392082381474
0.8,PLS,0.10964796757926
0.8,PLS,0.1894206907677
0.8,PLS,0.429769485003447
0.8,PLS,0.17616268360788
0.8,PLS,0.0610211702132081
0.8,PLS,0.104744594823139
0.8,PLS,0.225169439231099
0.8,PLS,0.137180306724543
0.8,PLS,0.815562167466052
0.8,PLS,0.126714657847581
0.8,PLS,0.2658507992525
0.8,PLS,0.113713981779637
0.8,PLS,0.0600612064417577
0.8,PLS,0.776479446053125
0.8,PLS,0.150892795233563
0.8,PLS,0.656979762916688
0.8,PLS,0.303019857044142
0.8,PLS,0.207513066326846
0.8,PLS,0.559784499731459
0.8,PLS,0.185235737672966
0.8,PLS,0.0974954226778067
0.8,PLS,0.224902139538566
0.8,PLS,0.0696163726386704
0.8,PLS,0.264581386176621
0.8,PLS,0.129918070250835
0.8,PLS,0.185987440481912
0.8,PLS,0.134225142934485
0.8,PLS,0.110118347182892
0.8,PLS,0.0649095491772614
0.8,PLS,0.185664943808442
0.8,PLS,0.321381589917489
0.8,PLS,0.177984719024446
0.8,PLS,0.215640344526323
0.8,PLS,0.167226203550584
0.8,PLS,0.266547297370046
0.8,PLS,0.158353195794286
0.8,PLS,0.797896075566375
0.8,PLS,0.116912142458897
0.8,PLS,0.0755205001983018
0.8,PLS,0.118006145418768
0.8,PLS,0.283446083495303
0.8,PLS,0.148145275899843
0.8,PLS,0.317458705278101
0.8,PLS,0.176226553797182
0.8,PLS,0.127844718419284
0.8,PLS,0.321272141497552
0.8,PLS,0.296790734563007
0.8,PLS,0.570572767929263
0.8,PLS,0.117320605930851
0.8,PLS,0.167909297372177
0.8,PLS,0.134076877807334
0.8,PLS,0.357558833800104
0.8,PLS,0.0649441343299214
0.8,PLS,0.34981783876167
0.8,PLS,0.636120042150002
0.8,PLS,0.104262908371988
0.8,PLS,0.668736083650347
0.8,PLS,0.218895516543049
0.8,PLS,0.108981042300637
0.8,PLS,0.147763846302822
0.8,PLS,0.201625453761902
0.8,PLS,0.21336139752849
0.8,PLS,0.24349477354797
0.8,PLS,0.126700235927235
0.8,PLS,0.206211087108712
0.8,PLS,0.902531750022303
0.8,PLS,0.120887558736826
0.8,PLS,0.208120117818805
0.8,PLS,0.944350247807223
0.8,PLS,0.235827571126339
0.8,PLS,0.119805396352142
0.8,PLS,0.102010410379759
0.8,PLS,0.203431272885109
0.8,PLS,0.346532301821769
0.8,PLS,0.149234448120135
0.8,PLS,0.158117955471086
0.8,PLS,0.284672588435762
0.8,PLS,0.169535750611361
0.8,PLS,0.151349248474696
0.8,PLS,0.18223371379661
0.8,PLS,0.179532968837238
0.8,PLS,0.536732541504775
0.8,PLS,0.174261590885847
0.8,PLS,0.163672275460419
0.8,PLS,1.10805913420655
0.8,PLS,0.0946134217199956
0.8,PLS,0.20362668121967
0.8,PLS,0.234621208329968
0.8,PLS,0.136126381596006
0.8,fTS,0.173915776186457
0.8,fTS,0.0619987541453556
0.8,fTS,0.195979266587445
0.8,fTS,0.159722834617166
0.8,fTS,0.146815503631293
0.8,fTS,0.0887415357114232
0.8,fTS,0.157593482416266
0.8,fTS,0.11910466665576
0.8,fTS,0.0812813426417159
0.8,fTS,0.0964293605143849
0.8,fTS,0.196097288317375
0.8,fTS,0.129367691119476
0.8,fTS,0.126172006919167
0.8,fTS,0.318055910386757
0.8,fTS,0.0807612990448986
0.8,fTS,0.146151221941791
0.8,fTS,0.485190520179987
0.8,fTS,0.0791023907200263
0.8,fTS,0.171106529715881
0.8,fTS,0.100134054894087
0.8,fTS,0.225529156821509
0.8,fTS,0.127024565010605
0.8,fTS,1.00698023458584
0.8,fTS,0.323175129492955
0.8,fTS,0.0469475643673384
0.8,fTS,0.182358897284568
0.8,fTS,0.524776407456651
0.8,fTS,0.115753358949079
0.8,fTS,0.107432576385952
0.8,fTS,0.352634070052107
0.8,fTS,0.101215303764784
0.8,fTS,0.142561112504891
0.8,fTS,0.121681996709815
0.8,fTS,0.170587519430058
0.8,fTS,0.107677615924614
0.8,fTS,0.314295414931285
0.8,fTS,0.0780549921184587
0.8,fTS,0.768663494440444
0.8,fTS,0.0988229377124413
0.8,fTS,0.0983158350480035
0.8,fTS,0.459162018407632
0.8,fTS,0.106498501874563
0.8,fTS,0.104547616414857
0.8,fTS,0.0749849782269939
0.8,fTS,0.124772014527495
0.8,fTS,0.135550555623073
0.8,fTS,0.0589139382494401
0.8,fTS,0.0785885199751474
0.8,fTS,0.104459728946311
0.8,fTS,0.106010935793168
0.8,fTS,0.189957051414332
0.8,fTS,0.137914669861401
0.8,fTS,0.91424774448575
0.8,fTS,0.0753192042073195
0.8,fTS,0.272633991025703
0.8,fTS,0.233390986697856
0.8,fTS,0.839581443230762
0.8,fTS,0.201593805062888
0.8,fTS,0.0929579707870654
0.8,fTS,0.232942297001028
0.8,fTS,0.106580381564842
0.8,fTS,0.141219166922541
0.8,fTS,0.985225268333807
0.8,fTS,0.122771922320891
0.8,fTS,0.11700445201342
0.8,fTS,0.582637310942016
0.8,fTS,0.166046547911185
0.8,fTS,0.143146175824723
0.8,fTS,0.111802739227861
0.8,fTS,0.0806324631214104
0.8,fTS,0.148294035865754
0.8,fTS,0.0965921344805589
0.8,fTS,0.0625280225796922
0.8,fTS,0.0612660535553622
0.8,fTS,0.111207199340958
0.8,fTS,0.093686238288953
0.8,fTS,0.0839669212215476
0.8,fTS,0.126703252817476
0.8,fTS,0.148475220145564
0.8,fTS,0.206413206248466
0.8,fTS,0.0781618832677633
0.8,fTS,0.0863912733453502
0.8,fTS,0.10317222764684
0.8,fTS,0.354459409055412
0.8,fTS,0.0598319539443053
0.8,fTS,0.186130994374733
0.8,fTS,0.146017000165636
0.8,fTS,0.0623196749555033
0.8,fTS,0.400452029491847
0.8,fTS,0.13397880080097
0.8,fTS,0.0909335504099581
0.8,fTS,0.138501912060907
0.8,fTS,0.237461338096945
0.8,fTS,0.0747779859031693
0.8,fTS,0.116072404697406
0.8,fTS,0.244598381451246
0.8,fTS,0.120158345475768
0.8,fTS,0.13799575507732
0.8,fTS,0.593280797893719
0.8,fTS,0.131257495075783
0.8,fTS,0.0697341023671657
0.8,fTS,0.115428446768588
0.8,fTS,0.220401305822365
0.8,fTS,0.0722377587193633
0.8,fTS,0.071541367181186
0.8,fTS,0.217333542201797
0.8,fTS,0.0975815630738127
0.8,fTS,0.116093653337465
0.8,fTS,0.0828139886667043
0.8,fTS,0.120932071342734
0.8,fTS,0.115839513557411
0.8,fTS,0.111126956178722
0.8,fTS,0.188238465902645
0.8,fTS,0.370869760096316
0.8,fTS,0.149060562887512
0.8,fTS,0.0678709869395248
0.8,fTS,0.0955156390233791
0.8,fTS,0.249947406034445
0.8,fTS,0.0916613033904908
0.8,fTS,0.80403163622685
0.8,fTS,0.100058599176068
0.8,fTS,0.0688953783857467
0.8,fTS,0.0755884850095805
0.8,fTS,0.0544621163181033
0.8,fTS,0.770971989335674
0.8,fTS,0.058555618487079
0.8,fTS,0.651578960734431
0.8,fTS,0.0743892585386192
0.8,fTS,0.135526199107838
0.8,fTS,0.497038698702272
0.8,fTS,0.115873837132752
0.8,fTS,0.0539169310883096
0.8,fTS,0.202761703106607
0.8,fTS,0.0533180019532231
0.8,fTS,0.163346121268606
0.8,fTS,0.122928038485395
0.8,fTS,0.525901414582134
0.8,fTS,0.102616429600544
0.8,fTS,0.088142486295963
0.8,fTS,0.066943575391257
0.8,fTS,0.190844627658328
0.8,fTS,0.313803398299975
0.8,fTS,0.155012267304155
0.8,fTS,0.0902863033827464
0.8,fTS,0.105225076479552
0.8,fTS,0.272738189285455
0.8,fTS,0.156193805753453
0.8,fTS,0.815894481672425
0.8,fTS,0.112365711994488
0.8,fTS,0.0993117633282569
0.8,fTS,0.0723005068528363
0.8,fTS,0.240951065094462
0.8,fTS,0.102536900594328
0.8,fTS,0.108207733361178
0.8,fTS,0.461457902158675
0.8,fTS,0.120322512064257
0.8,fTS,0.324606538456952
0.8,fTS,0.25238608989925
0.8,fTS,0.563744540423153
0.8,fTS,0.142226080074305
0.8,fTS,0.0805222315931975
0.8,fTS,0.103809249942222
0.8,fTS,0.274348800982773
0.8,fTS,0.0537208299994247
0.8,fTS,0.338403839969644
0.8,fTS,0.605948796126242
0.8,fTS,0.171023316434462
0.8,fTS,0.531780399096052
0.8,fTS,0.146391873343062
0.8,fTS,0.106346324852762
0.8,fTS,0.113652607497414
0.8,fTS,0.0881795696593004
0.8,fTS,0.182715361769944
0.8,fTS,0.187564481561745
0.8,fTS,0.121855333354423
0.8,fTS,0.126007554135023
0.8,fTS,0.761898734603634
0.8,fTS,0.0596248636696463
0.8,fTS,0.153842722137402
0.8,fTS,0.895444356135244
0.8,fTS,0.22158565490362
0.8,fTS,0.0782969093176601
0.8,fTS,0.0853866246229136
0.8,fTS,0.731330234124204
0.8,fTS,0.0659863919478839
0.8,fTS,0.173867471917378
0.8,fTS,0.155519148032723
0.8,fTS,0.245032686891698
0.8,fTS,0.101667828932017
0.8,fTS,0.0628701728324367
0.8,fTS,0.0558352674765423
0.8,fTS,0.452882584221279
0.8,fTS,0.531060782941999
0.8,fTS,0.153361826117824
0.8,fTS,0.169765785795547
0.8,fTS,1.11303853846412
0.8,fTS,0.0702923408624107
0.8,fTS,0.673581118541094
0.8,fTS,0.23972173489237
0.8,fTS,0.157585492768202
0.8,LS_oracle,0.264761239796559
0.8,LS_oracle,0.104064763379397
0.8,LS_oracle,0.281089705479204
0.8,LS_oracle,0.144998713675789
0.8,LS_oracle,0.167683310115139
0.8,LS_oracle,0.0889814689693104
0.8,LS_oracle,0.204194140443362
0.8,LS_oracle,0.203684876397756
0.8,LS_oracle,0.148710183173452
0.8,LS_oracle,0.12821051812219
0.8,LS_oracle,0.194112850186133
0.8,LS_oracle,0.151713072699308
0.8,LS_oracle,0.204466975979147
0.8,LS_oracle,0.299765377909043
0.8,LS_oracle,0.074893097566006
0.8,LS_oracle,0.149949394631213
0.8,LS_oracle,0.516677992507029
0.8,LS_oracle,0.0744380588164709
0.8,LS_oracle,0.208685777090834
0.8,LS_oracle,0.130391833730858
0.8,LS_oracle,0.232607994071189
0.8,LS_oracle,0.234625461704028
0.8,LS_oracle,1.02308597832627
0.8,LS_oracle,1.20167747806184
0.8,LS_oracle,0.0698449044749207
0.8,LS_oracle,0.179791366301304
0.8,LS_oracle,0.544682762708342
0.8,LS_oracle,0.280478458322676
0.8,LS_oracle,0.132222541070162
0.8,LS_oracle,0.344617821920949
0.8,LS_oracle,0.0852374966428709
0.8,LS_oracle,0.156141058477234
0.8,LS_oracle,0.132869851751205
0.8,LS_oracle,0.15712784637018
0.8,LS_oracle,0.180496089017895
0.8,LS_oracle,0.319520099333484
0.8,LS_oracle,0.089368551364646
0.8,LS_oracle,0.814384233714854
0.8,LS_oracle,0.167958293847851
0.8,LS_oracle,0.185207883431826
0.8,LS_oracle,0.471391788656742
0.8,LS_oracle,0.150174535109597
0.8,LS_oracle,0.176009514171833
0.8,LS_oracle,0.148914886031465
0.8,LS_oracle,0.24943658716187
0.8,LS_oracle,0.155171306084803
0.8,LS_oracle,0.0881857511110932
0.8,LS_oracle,0.0698646215938372
0.8,LS_oracle,0.101579290022672
0.8,LS_oracle,0.160479263950498
0.8,LS_oracle,0.251385909668141
0.8,LS_oracle,0.206036710831478
0.8,LS_oracle,0.92459298290842
0.8,LS_oracle,0.120231561382926
0.8,LS_oracle,0.285468191009442
0.8,LS_oracle,0.275151184925827
0.8,LS_oracle,0.848965428178863
0.8,LS_oracle,0.228194570295127
0.8,LS_oracle,0.12665402613168
0.8,LS_oracle,0.390817122644485
0.8,LS_oracle,0.112494626923755
0.8,LS_oracle,0.167472019333185
0.8,LS_oracle,1.00231564460095
0.8,LS_oracle,0.151415742275671
0.8,LS_oracle,0.111932532488164
0.8,LS_oracle,0.737341818202496
0.8,LS_oracle,0.216360427253149
0.8,LS_oracle,0.168336177465222
0.8,LS_oracle,0.116437881623603
0.8,LS_oracle,0.208715258379822
0.8,LS_oracle,0.155894049983718
0.8,LS_oracle,0.191373245975189
0.8,LS_oracle,0.172360738674099
0.8,LS_oracle,0.127496910971101
0.8,LS_oracle,0.158454000235134
0.8,LS_oracle,0.122760849569551
0.8,LS_oracle,0.148383160092229
0.8,LS_oracle,0.263171443601596
0.8,LS_oracle,0.224390833257174
0.8,LS_oracle,0.267314634470048
0.8,LS_oracle,0.0615499182004751
0.8,LS_oracle,0.102941117336964
0.8,LS_oracle,0.20973326497259
0.8,LS_oracle,0.407559547481936
0.8,LS_oracle,0.105490260450154
0.8,LS_oracle,0.210260940616711
0.8,LS_oracle,0.212319354304383
0.8,LS_oracle,0.0856394147225238
0.8,LS_oracle,0.405433799768797
0.8,LS_oracle,0.23621686081242
0.8,LS_oracle,0.138537695958491
0.8,LS_oracle,0.137916540381309
0.8,LS_oracle,0.274501810312389
0.8,LS_oracle,0.0653619345908766
0.8,LS_oracle,0.188785342471237
0.8,LS_oracle,0.31986938469971
0.8,LS_oracle,0.111603126564307
0.8,LS_oracle,0.307113575077184
0.8,LS_oracle,0.184916123263829
0.8,LS_oracle,0.166566230019455
0.8,LS_oracle,0.144538203048554
0.8,LS_oracle,0.199106007526872
0.8,LS_oracle,0.336048632522116
0.8,LS_oracle,0.136384888032573
0.8,LS_oracle,0.120157616742102
0.8,LS_oracle,0.229316190152228
0.8,LS_oracle,0.136379954744533
0.8,LS_oracle,0.0981163132958235
0.8,LS_oracle,0.177803763939204
0.8,LS_oracle,0.106268531253711
0.8,LS_oracle,0.285348608118528
0.8,LS_oracle,0.110168790682514
0.8,LS_oracle,0.187924920918137
0.8,LS_oracle,0.427375449277346
0.8,LS_oracle,0.176471489775143
0.8,LS_oracle,0.0609898942518487
0.8,LS_oracle,0.103775415724479
0.8,LS_oracle,0.226918932396679
0.8,LS_oracle,0.137121614356243
0.8,LS_oracle,0.816052600411431
0.8,LS_oracle,0.126754388529539
0.8,LS_oracle,0.266905121963223
0.8,LS_oracle,0.110980501638467
0.8,LS_oracle,0.0603413896126448
0.8,LS_oracle,0.776395519628028
0.8,LS_oracle,0.154003538206454
0.8,LS_oracle,0.657704867456296
0.8,LS_oracle,0.297220842551939
0.8,LS_oracle,0.205669988588951
0.8,LS_oracle,0.572769504003261
0.8,LS_oracle,0.186309860720854
0.8,LS_oracle,0.0974437201556313
0.8,LS_oracle,0.225464682222248
0.8,LS_oracle,0.0759186462775099
0.8,LS_oracle,0.268164432403372
0.8,LS_oracle,0.129976095487048
0.8,LS_oracle,0.610204787365786
0.8,LS_oracle,0.131485808661098
0.8,LS_oracle,0.113430621120632
0.8,LS_oracle,0.064879439320629
0.8,LS_oracle,0.184676814925028
0.8,LS_oracle,0.321318523076994
0.8,LS_oracle,0.179176663236361
0.8,LS_oracle,0.209173002823166
0.8,LS_oracle,0.167447935354463
0.8,LS_oracle,0.266575373981832
0.8,LS_oracle,0.163250317551373
0.8,LS_oracle,0.797709408380046
0.8,LS_oracle,0.11694283433564
0.8,LS_oracle,0.0733891875394272
0.8,LS_oracle,0.120166070692675
0.8,LS_oracle,0.283823356446978
0.8,LS_oracle,0.148302241165391
0.8,LS_oracle,0.31758900527045
0.8,LS_oracle,0.17678487638105
0.8,LS_oracle,0.123849715293138
0.8,LS_oracle,0.321400524686561
0.8,LS_oracle,0.294558974592536
0.8,LS_oracle,0.571646706347412
0.8,LS_oracle,0.117634863344644
0.8,LS_oracle,0.175229602412756
0.8,LS_oracle,0.134140372299778
0.8,LS_oracle,0.358431999489762
0.8,LS_oracle,0.0650465139728757
0.8,LS_oracle,0.349367910916733
0.8,LS_oracle,0.645158504693599
0.8,LS_oracle,0.0968731050841737
0.8,LS_oracle,0.670549653004229
0.8,LS_oracle,0.222453031902943
0.8,LS_oracle,0.109197219904102
0.8,LS_oracle,0.147100150960314
0.8,LS_oracle,0.197892845996478
0.8,LS_oracle,0.21494242027334
0.8,LS_oracle,0.244352647183969
0.8,LS_oracle,0.126751519433455
0.8,LS_oracle,0.204323765666708
0.8,LS_oracle,0.900161754047392
0.8,LS_oracle,0.119944111623762
0.8,LS_oracle,0.210668758348058
0.8,LS_oracle,0.943880415681518
0.8,LS_oracle,0.235870618540587
0.8,LS_oracle,0.120060969566511
0.8,LS_oracle,0.102369066492728
0.8,LS_oracle,0.203757376129766
0.8,LS_oracle,0.34552753122589
0.8,LS_oracle,0.153810679760494
0.8,LS_oracle,0.157481916259764
0.8,LS_oracle,0.284530040554054
0.8,LS_oracle,0.166986898409824
0.8,LS_oracle,0.151319548967828
0.8,LS_oracle,0.178580839594482
0.8,LS_oracle,0.179418296022801
0.8,LS_oracle,0.536474023782091
0.8,LS_oracle,0.173348563339267
0.8,LS_oracle,0.164200471723183
0.8,LS_oracle,1.10798510998201
0.8,LS_oracle,0.100745298095086
0.8,LS_oracle,0.207003711906553
0.8,LS_oracle,0.234272207435312
0.8,LS_oracle,0.135093301931924
0.8,TS_oracle,0.172849976225129
0.8,TS_oracle,0.0620146371080469
0.8,TS_oracle,0.197683489646831
0.8,TS_oracle,0.159245834335337
0.8,TS_oracle,0.145082438963705
0.8,TS_oracle,0.0887350774801541
0.8,TS_oracle,0.160198242035027
0.8,TS_oracle,0.11904879909935
0.8,TS_oracle,0.0812726958175528
0.8,TS_oracle,0.0969001153079865
0.8,TS_oracle,0.195739733797013
0.8,TS_oracle,0.131514634467507
0.8,TS_oracle,0.125167760240169
0.8,TS_oracle,0.316077376795832
0.8,TS_oracle,0.0798186815214778
0.8,TS_oracle,0.150886310787312
0.8,TS_oracle,0.485479182194915
0.8,TS_oracle,0.0831121185438364
0.8,TS_oracle,0.171222660163855
0.8,TS_oracle,0.100123435511121
0.8,TS_oracle,0.22261097281027
0.8,TS_oracle,0.127379597318249
0.8,TS_oracle,1.00692960255765
0.8,TS_oracle,0.319906352803334
0.8,TS_oracle,0.0471667298286283
0.8,TS_oracle,0.182566879917334
0.8,TS_oracle,0.524413505398191
0.8,TS_oracle,0.115698052295816
0.8,TS_oracle,0.107281794879401
0.8,TS_oracle,0.35463778691079
0.8,TS_oracle,0.096968995084294
0.8,TS_oracle,0.141872688562617
0.8,TS_oracle,0.12267259821429
0.8,TS_oracle,0.170297696799219
0.8,TS_oracle,0.106754080005466
0.8,TS_oracle,0.314289227443027
0.8,TS_oracle,0.0783588743637481
0.8,TS_oracle,0.76693693519002
0.8,TS_oracle,0.101476636862912
0.8,TS_oracle,0.0983044928086227
0.8,TS_oracle,0.458721092328335
0.8,TS_oracle,0.106738219387246
0.8,TS_oracle,0.106043902717102
0.8,TS_oracle,0.0762252086999964
0.8,TS_oracle,0.123373189402258
0.8,TS_oracle,0.136285701705662
0.8,TS_oracle,0.0588484414571717
0.8,TS_oracle,0.0787662939020817
0.8,TS_oracle,0.105029559784913
0.8,TS_oracle,0.106508493617099
0.8,TS_oracle,0.192847475287975
0.8,TS_oracle,0.137241860214534
0.8,TS_oracle,0.914274828172615
0.8,TS_oracle,0.072765534165819
0.8,TS_oracle,0.272635879634447
0.8,TS_oracle,0.234351118468658
0.8,TS_oracle,0.839086569771445
0.8,TS_oracle,0.20147460342694
0.8,TS_oracle,0.0930785141205301
0.8,TS_oracle,0.233250063216383
0.8,TS_oracle,0.10705017640046
0.8,TS_oracle,0.140246188536921
0.8,TS_oracle,0.985469049757587
0.8,TS_oracle,0.124792931610722
0.8,TS_oracle,0.116397495796268
0.8,TS_oracle,0.582263029320344
0.8,TS_oracle,0.166024942913127
0.8,TS_oracle,0.143940350112857
0.8,TS_oracle,0.111819462239536
0.8,TS_oracle,0.0811670853614052
0.8,TS_oracle,0.147121958100499
0.8,TS_oracle,0.0988104680383237
0.8,TS_oracle,0.0626317472883304
0.8,TS_oracle,0.0614876882569306
0.8,TS_oracle,0.107511170472968
0.8,TS_oracle,0.0936510165393861
0.8,TS_oracle,0.0840236562340251
0.8,TS_oracle,0.127478475579006
0.8,TS_oracle,0.1484907560535
0.8,TS_oracle,0.206455956304475
0.8,TS_oracle,0.078200921555953
0.8,TS_oracle,0.0863605722626219
0.8,TS_oracle,0.102600890092958
0.8,TS_oracle,0.354173881416964
0.8,TS_oracle,0.0595137106644027
0.8,TS_oracle,0.189300834950709
0.8,TS_oracle,0.145184857208605
0.8,TS_oracle,0.0611316401547351
0.8,TS_oracle,0.39871107939014
0.8,TS_oracle,0.133672169865968
0.8,TS_oracle,0.0910758330050576
0.8,TS_oracle,0.137056766557668
0.8,TS_oracle,0.243941791149241
0.8,TS_oracle,0.0733224998440419
0.8,TS_oracle,0.115586171159587
0.8,TS_oracle,0.249416552846196
0.8,TS_oracle,0.120397323441357
0.8,TS_oracle,0.138237783875806
0.8,TS_oracle,0.59330427412362
0.8,TS_oracle,0.131443897808185
0.8,TS_oracle,0.0697141033946739
0.8,TS_oracle,0.115313887043959
0.8,TS_oracle,0.220622350426655
0.8,TS_oracle,0.0743398624853387
0.8,TS_oracle,0.0714720713782791
0.8,TS_oracle,0.217217617464377
0.8,TS_oracle,0.097564985931552
0.8,TS_oracle,0.116809830369325
0.8,TS_oracle,0.0828479928945563
0.8,TS_oracle,0.120792595251528
0.8,TS_oracle,0.115839453688797
0.8,TS_oracle,0.111533620484254
0.8,TS_oracle,0.185411989380722
0.8,TS_oracle,0.370506491807645
0.8,TS_oracle,0.149087236707062
0.8,TS_oracle,0.0671137805592873
0.8,TS_oracle,0.094630044067175
0.8,TS_oracle,0.250534891174798
0.8,TS_oracle,0.0927608810020566
0.8,TS_oracle,0.804316963316324
0.8,TS_oracle,0.0998720087928913
0.8,TS_oracle,0.0683826154234939
0.8,TS_oracle,0.0744795769112392
0.8,TS_oracle,0.0544673895132797
0.8,TS_oracle,0.771070110064483
0.8,TS_oracle,0.060223631546562
0.8,TS_oracle,0.651622636813006
0.8,TS_oracle,0.0752388123141562
0.8,TS_oracle,0.13778953389189
0.8,TS_oracle,0.495216099076253
0.8,TS_oracle,0.115886414927224
0.8,TS_oracle,0.052827585633277
0.8,TS_oracle,0.203591525849078
0.8,TS_oracle,0.0561129077752693
0.8,TS_oracle,0.166193800352517
0.8,TS_oracle,0.122701405153147
0.8,TS_oracle,0.526153528569821
0.8,TS_oracle,0.101599265875105
0.8,TS_oracle,0.0856956315900885
0.8,TS_oracle,0.0669640270771385
0.8,TS_oracle,0.183651972925493
0.8,TS_oracle,0.313147175037151
0.8,TS_oracle,0.154914870361422
0.8,TS_oracle,0.0903918521251267
0.8,TS_oracle,0.101406939139952
0.8,TS_oracle,0.273370277237173
0.8,TS_oracle,0.160782054865904
0.8,TS_oracle,0.816491617564506
0.8,TS_oracle,0.111552560208474
0.8,TS_oracle,0.0996730012638447
0.8,TS_oracle,0.0727060988410594
0.8,TS_oracle,0.0754747365396323
0.8,TS_oracle,0.102960415304521
0.8,TS_oracle,0.108776767119046
0.8,TS_oracle,0.461452305825396
0.8,TS_oracle,0.120501344503936
0.8,TS_oracle,0.32470276001463
0.8,TS_oracle,0.766373973475046
0.8,TS_oracle,0.564014349897856
0.8,TS_oracle,0.135428047764238
0.8,TS_oracle,0.0806899459241389
0.8,TS_oracle,0.103829974062038
0.8,TS_oracle,0.273138386243995
0.8,TS_oracle,0.0537242642925845
0.8,TS_oracle,0.338555348910646
0.8,TS_oracle,0.604735725521795
0.8,TS_oracle,0.171352622378106
0.8,TS_oracle,0.53122420359677
0.8,TS_oracle,0.146336884355564
0.8,TS_oracle,0.106315927863236
0.8,TS_oracle,0.114898316817962
0.8,TS_oracle,0.0869714395274827
0.8,TS_oracle,0.184269438301292
0.8,TS_oracle,0.187724978746616
0.8,TS_oracle,0.121124275707121
0.8,TS_oracle,0.125945906390473
0.8,TS_oracle,0.761174996631444
0.8,TS_oracle,0.648734210409369
0.8,TS_oracle,0.153458128467063
0.8,TS_oracle,0.895416747991323
0.8,TS_oracle,0.221539690664414
0.8,TS_oracle,0.0801273355985771
0.8,TS_oracle,0.0839418069565273
0.8,TS_oracle,0.731242847780536
0.8,TS_oracle,0.0657518773967133
0.8,TS_oracle,0.17476513664523
0.8,TS_oracle,0.154362807662255
0.8,TS_oracle,0.246170288383512
0.8,TS_oracle,0.101690957075596
0.8,TS_oracle,0.0628308235259995
0.8,TS_oracle,0.0571503489179187
0.8,TS_oracle,0.452407338023766
0.8,TS_oracle,0.531079223521516
0.8,TS_oracle,0.155147845579027
0.8,TS_oracle,0.172226829061714
0.8,TS_oracle,1.11315428829114
0.8,TS_oracle,0.0720199244909403
0.8,TS_oracle,0.132686464967652
0.8,TS_oracle,0.239815142395323
0.8,TS_oracle,0.158797890168129
0.9,PLS,1.31895558736198
0.9,PLS,0.093395528579959
0.9,PLS,0.130136020316116
0.9,PLS,0.13252517515012
0.9,PLS,0.179931225953122
0.9,PLS,0.0973868367594708
0.9,PLS,0.0882606287129793
0.9,PLS,0.143332331267552
0.9,PLS,0.126027533958314
0.9,PLS,0.130229074526931
0.9,PLS,0.116248807320658
0.9,PLS,0.188162980960574
0.9,PLS,0.222183196154495
0.9,PLS,0.149187091534916
0.9,PLS,0.178993629934353
0.9,PLS,0.171030042701355
0.9,PLS,0.124424762378362
0.9,PLS,0.204304507327021
0.9,PLS,0.219022545444061
0.9,PLS,0.186223411752816
0.9,PLS,0.24109982880286
0.9,PLS,0.833938113805492
0.9,PLS,0.166189396124565
0.9,PLS,0.207229557521426
0.9,PLS,0.976200319505919
0.9,PLS,0.225845078144753
0.9,PLS,0.310824769838442
0.9,PLS,0.141418120518779
0.9,PLS,0.174164744379832
0.9,PLS,0.146038385350959
0.9,PLS,0.383926583427907
0.9,PLS,0.435631724508198
0.9,PLS,0.137350614092832
0.9,PLS,0.0946521107708736
0.9,PLS,0.0764860011017275
0.9,PLS,0.202335984331513
0.9,PLS,1.32775090427427
0.9,PLS,0.0689928785730711
0.9,PLS,0.202883800067888
0.9,PLS,0.314950907120573
0.9,PLS,0.188761030446768
0.9,PLS,0.242328883838121
0.9,PLS,0.255876688036534
0.9,PLS,0.126582232498784
0.9,PLS,0.179950099851339
0.9,PLS,0.192393954935849
0.9,PLS,0.228589551385594
0.9,PLS,0.385185931965591
0.9,PLS,0.951951347755056
0.9,PLS,0.164194544425312
0.9,PLS,0.0806636453298574
0.9,PLS,0.656286606505871
0.9,PLS,0.163311285135502
0.9,PLS,0.383116912294225
0.9,PLS,0.262438659331247
0.9,PLS,0.124839255049683
0.9,PLS,0.076619606481046
0.9,PLS,0.11696979325745
0.9,PLS,0.219513281363144
0.9,PLS,0.299521665855459
0.9,PLS,0.268807117619309
0.9,PLS,0.0355326081363435
0.9,PLS,0.787182608837063
0.9,PLS,0.0773493595436897
0.9,PLS,1.17579620421954
0.9,PLS,0.176991697368234
0.9,PLS,0.202767923414966
0.9,PLS,0.119348833014178
0.9,PLS,0.163914306930834
0.9,PLS,0.22225382049292
0.9,PLS,0.174539637872709
0.9,PLS,0.342881984956906
0.9,PLS,0.174159561741879
0.9,PLS,0.325844396366255
0.9,PLS,0.225437101469537
0.9,PLS,0.508495560738036
0.9,PLS,0.189117352995798
0.9,PLS,0.0621808351439423
0.9,PLS,0.443537924522759
0.9,PLS,0.349671615776234
0.9,PLS,0.174010893312479
0.9,PLS,0.160857448147001
0.9,PLS,0.731384583409412
0.9,PLS,0.0851543844998742
0.9,PLS,0.168335390450624
0.9,PLS,0.32218882834766
0.9,PLS,0.113263418986192
0.9,PLS,0.0801404093303992
0.9,PLS,0.302720872173084
0.9,PLS,0.0946938954560686
0.9,PLS,0.276287884222268
0.9,PLS,0.0891423589988705
0.9,PLS,0.139514185996842
0.9,PLS,0.11807279306436
0.9,PLS,0.317105630116844
0.9,PLS,0.102703021126099
0.9,PLS,0.710098413740521
0.9,PLS,0.285437920372395
0.9,PLS,0.184735773449968
0.9,PLS,0.14106204293853
0.9,PLS,0.118992465654606
0.9,PLS,0.136397677577666
0.9,PLS,0.303497226492795
0.9,PLS,0.182838405282665
0.9,PLS,0.15387153858266
0.9,PLS,1.25018494026916
0.9,PLS,0.152297581857178
0.9,PLS,0.095752139154939
0.9,PLS,0.289880855837301
0.9,PLS,0.0840206336489646
0.9,PLS,0.227702155276784
0.9,PLS,0.112810915006444
0.9,PLS,0.137049049854701
0.9,PLS,0.110298832244014
0.9,PLS,0.359297341241213
0.9,PLS,0.0914501833496168
0.9,PLS,0.20296646091465
0.9,PLS,0.16342865085433
0.9,PLS,0.0593594459223947
0.9,PLS,0.222493012181882
0.9,PLS,0.300732183652035
0.9,PLS,0.11901573914329
0.9,PLS,0.183941153260653
0.9,PLS,0.101696381753433
0.9,PLS,1.06136699196293
0.9,PLS,0.936783374804852
0.9,PLS,0.109047475269216
0.9,PLS,0.216422897392699
0.9,PLS,0.261141715054678
0.9,PLS,0.132670450368433
0.9,PLS,0.0678859924096265
0.9,PLS,0.227591125676369
0.9,PLS,0.283922892366892
0.9,PLS,0.33653605398037
0.9,PLS,0.189529817660054
0.9,PLS,0.313508615224154
0.9,PLS,0.157694175490093
0.9,PLS,0.223601528017829
0.9,PLS,0.879290143641983
0.9,PLS,0.0702946414513121
0.9,PLS,0.0837180435129906
0.9,PLS,0.894804437354025
0.9,PLS,0.150618085229498
0.9,PLS,0.0825469553142359
0.9,PLS,0.7185668914064
0.9,PLS,0.148521531210379
0.9,PLS,0.138307021114785
0.9,PLS,0.275871343906585
0.9,PLS,0.388148875514354
0.9,PLS,0.252810694601428
0.9,PLS,0.134803702291392
0.9,PLS,0.183925618894429
0.9,PLS,0.280554421610901
0.9,PLS,0.135930019513738
0.9,PLS,0.167132364967254
0.9,PLS,0.102308666210526
0.9,PLS,0.119476837311838
0.9,PLS,0.350306199587428
0.9,PLS,0.127889295889494
0.9,PLS,0.28592763920507
0.9,PLS,0.258114735049164
0.9,PLS,0.135144513435516
0.9,PLS,0.639397411477555
0.9,PLS,0.250094376410187
0.9,PLS,0.616188015289435
0.9,PLS,0.192154146156386
0.9,PLS,0.172165840592534
0.9,PLS,0.142586784875809
0.9,PLS,0.166373880489326
0.9,PLS,0.122770452103484
0.9,PLS,0.18624921983231
0.9,PLS,0.0944797190121847
0.9,PLS,0.300183229393796
0.9,PLS,0.662607287252955
0.9,PLS,0.104368054332584
0.9,PLS,0.201202600744026
0.9,PLS,0.196678274752525
0.9,PLS,0.0807271476118043
0.9,PLS,0.327961773800906
0.9,PLS,0.131657152132673
0.9,PLS,0.509249226008636
0.9,PLS,0.229168841780093
0.9,PLS,0.202069084976953
0.9,PLS,0.0989625031470287
0.9,PLS,0.229153779959904
0.9,PLS,0.154927328274345
0.9,PLS,0.497571673296776
0.9,PLS,0.192185373515612
0.9,PLS,0.131446473332034
0.9,PLS,0.134693779410035
0.9,PLS,0.22052086236623
0.9,PLS,0.130459970162276
0.9,PLS,0.382438979860306
0.9,PLS,0.105900123454998
0.9,PLS,0.111415782779309
0.9,PLS,0.170096329589364
0.9,PLS,0.154464490089094
0.9,PLS,0.199240095554313
0.9,PLS,0.123150693339453
0.9,PLS,0.254619992926322
0.9,fTS,1.3052321326933
0.9,fTS,0.0715673726498309
0.9,fTS,0.140198419426356
0.9,fTS,0.160632339141491
0.9,fTS,0.0804730886565068
0.9,fTS,0.330863276010583
0.9,fTS,0.0915041703374619
0.9,fTS,0.0945895589399845
0.9,fTS,0.132105861919061
0.9,fTS,0.113129648837713
0.9,fTS,0.0990530862591091
0.9,fTS,0.110959841231256
0.9,fTS,0.0610844985269051
0.9,fTS,0.146972660680771
0.9,fTS,0.0626552018210392
0.9,fTS,0.102841578725954
0.9,fTS,0.115470566166648
0.9,fTS,0.127888211390591
0.9,fTS,0.298935514928242
0.9,fTS,0.0778222430784917
0.9,fTS,0.8762320880938
0.9,fTS,0.832428556351422
0.9,fTS,0.226458962334696
0.9,fTS,0.135891262412837
0.9,fTS,0.869329016783858
0.9,fTS,0.197643900662296
0.9,fTS,0.10464112526006
0.9,fTS,0.10752203541479
0.9,fTS,0.120836815311151
0.9,fTS,0.0837116865600951
0.9,fTS,0.0897407292959504
0.9,fTS,0.393015986567344
0.9,fTS,0.0465442986707659
0.9,fTS,0.633215801796446
0.9,fTS,0.0686246167771381
0.9,fTS,0.160068035596098
0.9,fTS,0.421094257556308
0.9,fTS,0.0471909620543542
0.9,fTS,0.160478508729899
0.9,fTS,0.183564673606403
0.9,fTS,0.0775345832244161
0.9,fTS,0.16337247913667
0.9,fTS,0.1571691484638
0.9,fTS,0.0826759141336455
0.9,fTS,0.0738102839285556
0.9,fTS,0.187055174792492
0.9,fTS,0.175367440216053
0.9,fTS,0.108574437058768
0.9,fTS,0.472661596966672
0.9,fTS,0.106290296592719
0.9,fTS,0.0522510529932848
0.9,fTS,0.624323059808244
0.9,fTS,0.0459180751673649
0.9,fTS,0.383737889798811
0.9,fTS,0.15933129677896
0.9,fTS,0.0708284255712348
0.9,fTS,0.0614209881102825
0.9,fTS,0.100638887723806
0.9,fTS,0.678576192688334
0.9,fTS,0.288680020782748
0.9,fTS,0.131669760465662
0.9,fTS,0.0390574513066149
0.9,fTS,0.778310501578713
0.9,fTS,0.0675571683811464
0.9,fTS,1.16723453317898
0.9,fTS,0.156258293153166
0.9,fTS,0.175200149066706
0.9,fTS,0.118901497922953
0.9,fTS,0.119390207049669
0.9,fTS,0.190920329466933
0.9,fTS,0.0684446761187271
0.9,fTS,0.105506993517662
0.9,fTS,0.569715007968023
0.9,fTS,0.680237532753433
0.9,fTS,0.189429345989994
0.9,fTS,0.484667629897025
0.9,fTS,0.107748395230742
0.9,fTS,0.0653758337281795
0.9,fTS,0.422138610245062
0.9,fTS,0.285531173452334
0.9,fTS,0.084239815068135
0.9,fTS,0.139187531359239
0.9,fTS,0.670251621923165
0.9,fTS,0.0831983677742072
0.9,fTS,0.166763857305449
0.9,fTS,0.311047306426329
0.9,fTS,0.0744718035451204
0.9,fTS,0.0556015771431411
0.9,fTS,0.18140575397452
0.9,fTS,0.0620575617584307
0.9,fTS,0.0836075024455265
0.9,fTS,0.0832423403474541
0.9,fTS,0.109503852539998
0.9,fTS,0.109601721723641
0.9,fTS,0.11519932081956
0.9,fTS,0.100164677873652
0.9,fTS,0.700657932576584
0.9,fTS,0.215128866129018
0.9,fTS,0.0802827418968591
0.9,fTS,0.5428248184353
0.9,fTS,0.105279885026055
0.9,fTS,0.0993167386149677
0.9,fTS,0.129645234907481
0.9,fTS,0.169461059357439
0.9,fTS,0.10239440072371
0.9,fTS,1.24589064216822
0.9,fTS,0.153212251539461
0.9,fTS,0.0566252459466058
0.9,fTS,0.240099055435075
0.9,fTS,0.0947874586106984
0.9,fTS,0.179244749449624
0.9,fTS,0.0783240310439814
0.9,fTS,0.0973216374202685
0.9,fTS,0.889407964278834
0.9,fTS,0.192539026623359
0.9,fTS,0.0744642694963588
0.9,fTS,0.130036731451972
0.9,fTS,0.131241442562847
0.9,fTS,0.0729526764095473
0.9,fTS,0.0777961317244869
0.9,fTS,0.288689122295602
0.9,fTS,0.773528756561082
0.9,fTS,0.112435036145505
0.9,fTS,0.0568807828757315
0.9,fTS,0.0738569640142919
0.9,fTS,0.939438598577753
0.9,fTS,0.10242253893357
0.9,fTS,0.199849701716831
0.9,fTS,0.255033020256336
0.9,fTS,0.0722052174980772
0.9,fTS,0.0683978044777303
0.9,fTS,0.135199509642628
0.9,fTS,0.282451202189463
0.9,fTS,0.115893080536978
0.9,fTS,0.139612053465229
0.9,fTS,0.2842825902569
0.9,fTS,0.100732086194698
0.9,fTS,0.126153448176519
0.9,fTS,0.847817497942134
0.9,fTS,0.107567542616135
0.9,fTS,0.0843319123826458
0.9,fTS,0.866765714232031
0.9,fTS,0.0572859882854672
0.9,fTS,0.0861232035329842
0.9,fTS,0.671903370098709
0.9,fTS,0.0610638427398541
0.9,fTS,0.110485694155752
0.9,fTS,0.193770028251441
0.9,fTS,0.393994069850608
0.9,fTS,0.25497815379806
0.9,fTS,0.0908151539513546
0.9,fTS,0.149595180855833
0.9,fTS,0.266050458809497
0.9,fTS,0.0667682291593589
0.9,fTS,0.116602006567012
0.9,fTS,0.112256591069377
0.9,fTS,0.0657064763498589
0.9,fTS,0.446702837806787
0.9,fTS,0.0996122300889569
0.9,fTS,0.261488800692747
0.9,fTS,0.0577817352916821
0.9,fTS,0.14705711000682
0.9,fTS,0.645766289372799
0.9,fTS,0.153732453741263
0.9,fTS,0.642119362977398
0.9,fTS,0.0994995747557302
0.9,fTS,0.0807944025284792
0.9,fTS,0.132397525367528
0.9,fTS,0.179737305103188
0.9,fTS,0.132740479443282
0.9,fTS,0.17911224259989
0.9,fTS,0.0966738175035714
0.9,fTS,0.280065976775702
0.9,fTS,0.580797700823373
0.9,fTS,0.0864453727960003
0.9,fTS,0.0812750870750183
0.9,fTS,1.2045273529263
0.9,fTS,0.0876545310410757
0.9,fTS,0.295890323510826
0.9,fTS,0.4654410573338
0.9,fTS,0.507196924305253
0.9,fTS,0.0822960687249316
0.9,fTS,0.156844706720413
0.9,fTS,0.121977819784064
0.9,fTS,0.18651960223972
0.9,fTS,0.120749083550001
0.9,fTS,0.230046728955483
0.9,fTS,0.1711436492563
0.9,fTS,0.0565914586490782
0.9,fTS,0.0585511904223925
0.9,fTS,0.150252420510856
0.9,fTS,0.0803471067848785
0.9,fTS,0.358810072627003
0.9,fTS,0.0689316699893867
0.9,fTS,0.0905695744710087
0.9,fTS,0.080177812362476
0.9,fTS,0.075177667400111
0.9,fTS,0.440043433170179
0.9,fTS,0.106509303749574
0.9,fTS,0.249853383139258
0.9,LS_oracle,1.31786698758511
0.9,LS_oracle,0.0922980824933878
0.9,LS_oracle,0.130066365164505
0.9,LS_oracle,0.132288842408196
0.9,LS_oracle,0.180228991589157
0.9,LS_oracle,0.099123737975478
0.9,LS_oracle,0.0887674705768615
0.9,LS_oracle,0.144615675798479
0.9,LS_oracle,0.126104525095775
0.9,LS_oracle,0.132896029628048
0.9,LS_oracle,0.117026921790244
0.9,LS_oracle,0.188864836000269
0.9,LS_oracle,0.220704517059972
0.9,LS_oracle,0.148492969725029
0.9,LS_oracle,0.1754010409166
0.9,LS_oracle,0.175168471196682
0.9,LS_oracle,0.124076850717495
0.9,LS_oracle,0.205775716339933
0.9,LS_oracle,0.2194189429901
0.9,LS_oracle,0.18565488741924
0.9,LS_oracle,0.243726543407048
0.9,LS_oracle,0.83370915883535
0.9,LS_oracle,0.166372305952199
0.9,LS_oracle,0.207313651245813
0.9,LS_oracle,0.968357715967453
0.9,LS_oracle,0.230380456289235
0.9,LS_oracle,0.301520707638432
0.9,LS_oracle,0.141785637242015
0.9,LS_oracle,0.182164156602743
0.9,LS_oracle,0.151893312243267
0.9,LS_oracle,0.383951160934584
0.9,LS_oracle,0.435550814524734
0.9,LS_oracle,0.132008094583751
0.9,LS_oracle,0.644735057882938
0.9,LS_oracle,0.0763944030147383
0.9,LS_oracle,0.202292140146876
0.9,LS_oracle,1.32472901961728
0.9,LS_oracle,0.0687637077001805
0.9,LS_oracle,0.202798930823536
0.9,LS_oracle,0.312609175471859
0.9,LS_oracle,0.188782969073276
0.9,LS_oracle,0.244794953557749
0.9,LS_oracle,0.257790292984325
0.9,LS_oracle,0.127123224775891
0.9,LS_oracle,0.178550800169978
0.9,LS_oracle,0.192708911334689
0.9,LS_oracle,0.228014181586512
0.9,LS_oracle,0.383224495761285
0.9,LS_oracle,0.461065572734314
0.9,LS_oracle,0.163789589853723
0.9,LS_oracle,0.084804579172899
0.9,LS_oracle,0.656234177543624
0.9,LS_oracle,0.163443773322137
0.9,LS_oracle,0.382886426952227
0.9,LS_oracle,0.259839669323769
0.9,LS_oracle,0.126081112445527
0.9,LS_oracle,0.0761643164347522
0.9,LS_oracle,0.11741873251866
0.9,LS_oracle,0.21550090316241
0.9,LS_oracle,0.298571846874331
0.9,LS_oracle,0.278132087296581
0.9,LS_oracle,0.035785937135497
0.9,LS_oracle,0.789532045220263
0.9,LS_oracle,0.0773769663522149
0.9,LS_oracle,1.1772154002744
0.9,LS_oracle,0.178584844391768
0.9,LS_oracle,0.202416218633035
0.9,LS_oracle,0.118637976734984
0.9,LS_oracle,0.164461462031004
0.9,LS_oracle,0.221871687972965
0.9,LS_oracle,0.174831098806994
0.9,LS_oracle,0.342369369820525
0.9,LS_oracle,0.174317394499479
0.9,LS_oracle,0.127392674050075
0.9,LS_oracle,0.225694422433994
0.9,LS_oracle,0.506149848719567
0.9,LS_oracle,0.189000676383258
0.9,LS_oracle,0.0629533058288867
0.9,LS_oracle,0.44445327828059
0.9,LS_oracle,0.348783286629456
0.9,LS_oracle,0.172347402364142
0.9,LS_oracle,0.159669186115311
0.9,LS_oracle,0.729607965821043
0.9,LS_oracle,0.0851803611218614
0.9,LS_oracle,0.172821096727836
0.9,LS_oracle,0.322099685643074
0.9,LS_oracle,0.118413924234371
0.9,LS_oracle,0.0812933545225762
0.9,LS_oracle,0.303381662490121
0.9,LS_oracle,0.0944464325045758
0.9,LS_oracle,0.280859447095463
0.9,LS_oracle,0.0885495008592397
0.9,LS_oracle,0.138585621128178
0.9,LS_oracle,0.121488729133949
0.9,LS_oracle,0.317451837046057
0.9,LS_oracle,0.102908214914367
0.9,LS_oracle,0.708627467908775
0.9,LS_oracle,0.286503026250736
0.9,LS_oracle,0.186076089732765
0.9,LS_oracle,0.139509135474913
0.9,LS_oracle,0.118901993778584
0.9,LS_oracle,0.137751805524238
0.9,LS_oracle,0.301065271252377
0.9,LS_oracle,0.182252603500516
0.9,LS_oracle,0.154249423361965
0.9,LS_oracle,1.25019300453136
0.9,LS_oracle,0.153519109749257
0.9,LS_oracle,0.0971573344248854
0.9,LS_oracle,0.286115604958299
0.9,LS_oracle,0.0838616890652662
0.9,LS_oracle,0.226160201479772
0.9,LS_oracle,0.112405983576066
0.9,LS_oracle,0.136040204767794
0.9,LS_oracle,0.110942528522118
0.9,LS_oracle,0.359340608517916
0.9,LS_oracle,0.0915498654423897
0.9,LS_oracle,0.202078095629188
0.9,LS_oracle,0.164037906255756
0.9,LS_oracle,0.0601556078724559
0.9,LS_oracle,0.223719225229894
0.9,LS_oracle,0.305458636684117
0.9,LS_oracle,0.130442286543267
0.9,LS_oracle,0.183823571420652
0.9,LS_oracle,0.0998981610232802
0.9,LS_oracle,1.06442562517008
0.9,LS_oracle,0.938116142095098
0.9,LS_oracle,0.108740154200163
0.9,LS_oracle,0.216772375919831
0.9,LS_oracle,0.261088016362557
0.9,LS_oracle,0.133357479248732
0.9,LS_oracle,0.0681766723276613
0.9,LS_oracle,0.234552155053157
0.9,LS_oracle,0.283167818142528
0.9,LS_oracle,0.33561116474268
0.9,LS_oracle,0.177787647622008
0.9,LS_oracle,0.312462292182694
0.9,LS_oracle,0.160071690162262
0.9,LS_oracle,0.225107700983162
0.9,LS_oracle,0.881060143223462
0.9,LS_oracle,0.0703909317334178
0.9,LS_oracle,0.0835409397484482
0.9,LS_oracle,0.894894542168822
0.9,LS_oracle,0.148245776172284
0.9,LS_oracle,0.0825384684298118
0.9,LS_oracle,0.718654164470082
0.9,LS_oracle,0.149752246248163
0.9,LS_oracle,0.139448742920515
0.9,LS_oracle,0.275358650367161
0.9,LS_oracle,0.38814215114899
0.9,LS_oracle,0.252995553083828
0.9,LS_oracle,0.132564714386321
0.9,LS_oracle,0.184234356469529
0.9,LS_oracle,0.280282404577338
0.9,LS_oracle,0.135880582402695
0.9,LS_oracle,0.166565335691351
0.9,LS_oracle,0.102870284519228
0.9,LS_oracle,0.124805749799753
0.9,LS_oracle,0.321279613388525
0.9,LS_oracle,0.131831632111874
0.9,LS_oracle,0.284178322203296
0.9,LS_oracle,0.25532460147357
0.9,LS_oracle,0.136395124799648
0.9,LS_oracle,0.63917522405309
0.9,LS_oracle,0.247315778620535
0.9,LS_oracle,0.615776425410525
0.9,LS_oracle,0.194622116968301
0.9,LS_oracle,0.172936381324735
0.9,LS_oracle,0.142484075935307
0.9,LS_oracle,0.165337840514572
0.9,LS_oracle,0.12303512304214
0.9,LS_oracle,0.186423532568062
0.9,LS_oracle,0.0938905618467202
0.9,LS_oracle,0.29816504898767
0.9,LS_oracle,0.660535377736841
0.9,LS_oracle,0.104585171029932
0.9,LS_oracle,0.198051904016468
0.9,LS_oracle,0.196790740437061
0.9,LS_oracle,0.0790638795679631
0.9,LS_oracle,0.327564549636909
0.9,LS_oracle,0.131076687344087
0.9,LS_oracle,0.509341384418431
0.9,LS_oracle,0.229774713979967
0.9,LS_oracle,0.2023684038072
0.9,LS_oracle,0.0994305460555929
0.9,LS_oracle,0.230390599822404
0.9,LS_oracle,0.15612023582321
0.9,LS_oracle,0.495182904277703
0.9,LS_oracle,0.192131718226376
0.9,LS_oracle,0.131130682459451
0.9,LS_oracle,0.135907572950813
0.9,LS_oracle,0.220545634562833
0.9,LS_oracle,0.130481173367847
0.9,LS_oracle,0.382695979537287
0.9,LS_oracle,0.106244904195134
0.9,LS_oracle,0.10684772639325
0.9,LS_oracle,0.170171926096022
0.9,LS_oracle,0.154274284617989
0.9,LS_oracle,0.198440434108715
0.9,LS_oracle,0.129296086901405
0.9,LS_oracle,0.251877934991323
0.9,TS_oracle,1.30418996558693
0.9,TS_oracle,0.0715534221051729
0.9,TS_oracle,0.140361559931866
0.9,TS_oracle,0.162811100502776
0.9,TS_oracle,0.0804571706618783
0.9,TS_oracle,0.0600797978485524
0.9,TS_oracle,0.0912201819740698
0.9,TS_oracle,0.0946997340249121
0.9,TS_oracle,0.131151783034325
0.9,TS_oracle,0.113131802251374
0.9,TS_oracle,0.0986920308647245
0.9,TS_oracle,0.111044329409449
0.9,TS_oracle,0.0611227140801715
0.9,TS_oracle,0.145828446317383
0.9,TS_oracle,0.0631994159224939
0.9,TS_oracle,0.102754096715748
0.9,TS_oracle,0.116999825871966
0.9,TS_oracle,0.125865709918922
0.9,TS_oracle,0.298913079851806
0.9,TS_oracle,0.0786619874555313
0.9,TS_oracle,0.874869225873847
0.9,TS_oracle,0.833212476499454
0.9,TS_oracle,0.229257271153519
0.9,TS_oracle,0.13588621167675
0.9,TS_oracle,0.867184046824492
0.9,TS_oracle,0.197822762245941
0.9,TS_oracle,0.104653656000697
0.9,TS_oracle,0.107637710283182
0.9,TS_oracle,0.120700259342328
0.9,TS_oracle,0.0850769054907918
0.9,TS_oracle,0.0900195756567296
0.9,TS_oracle,0.38700637972452
0.9,TS_oracle,0.0474408939162894
0.9,TS_oracle,0.634305524526036
0.9,TS_oracle,0.0694775996478685
0.9,TS_oracle,0.160077566154531
0.9,TS_oracle,0.174801887849922
0.9,TS_oracle,0.0470661964572668
0.9,TS_oracle,0.16226408043387
0.9,TS_oracle,0.183637242794667
0.9,TS_oracle,0.0776108555658542
0.9,TS_oracle,0.164323378161464
0.9,TS_oracle,0.156813440031399
0.9,TS_oracle,0.0821420325332657
0.9,TS_oracle,0.0738417400593974
0.9,TS_oracle,0.1868578133048
0.9,TS_oracle,0.17537725245867
0.9,TS_oracle,0.109017223922122
0.9,TS_oracle,0.473510066217578
0.9,TS_oracle,0.105332494312531
0.9,TS_oracle,0.0534059006815431
0.9,TS_oracle,0.624367265421806
0.9,TS_oracle,0.045930684674801
0.9,TS_oracle,0.383125898765071
0.9,TS_oracle,0.159342199223491
0.9,TS_oracle,0.0707854254652851
0.9,TS_oracle,0.0606994792616665
0.9,TS_oracle,0.100749631253644
0.9,TS_oracle,0.117142377235453
0.9,TS_oracle,0.285051964842685
0.9,TS_oracle,0.13216950224026
0.9,TS_oracle,0.0389066734301647
0.9,TS_oracle,0.77618310941658
0.9,TS_oracle,0.0669052596793603
0.9,TS_oracle,1.16722624579313
0.9,TS_oracle,0.157056895213471
0.9,TS_oracle,0.174827656710187
0.9,TS_oracle,0.118809965109896
0.9,TS_oracle,0.120499919427035
0.9,TS_oracle,0.190456600138082
0.9,TS_oracle,0.0684518788469055
0.9,TS_oracle,0.105550885290948
0.9,TS_oracle,0.5697048135774
0.9,TS_oracle,0.680420754015478
0.9,TS_oracle,0.189201160597295
0.9,TS_oracle,0.484823216304462
0.9,TS_oracle,0.108633463485587
0.9,TS_oracle,0.0679038152714278
0.9,TS_oracle,0.422034923929871
0.9,TS_oracle,0.285299954350652
0.9,TS_oracle,0.0839752732138066
0.9,TS_oracle,0.139449424709154
0.9,TS_oracle,0.670407201914227
0.9,TS_oracle,0.0827369607881039
0.9,TS_oracle,0.166787848644016
0.9,TS_oracle,0.310863520295044
0.9,TS_oracle,0.0736175296515821
0.9,TS_oracle,0.0556997821628142
0.9,TS_oracle,0.179852257207707
0.9,TS_oracle,0.061945816148253
0.9,TS_oracle,0.0854952620354788
0.9,TS_oracle,0.0832260526116256
0.9,TS_oracle,0.109675350945883
0.9,TS_oracle,0.110973468692595
0.9,TS_oracle,0.119746604579625
0.9,TS_oracle,0.10029512435297
0.9,TS_oracle,0.698936384574518
0.9,TS_oracle,0.21601219822223
0.9,TS_oracle,0.0802856576043543
0.9,TS_oracle,0.54223812315345
0.9,TS_oracle,0.105308575050044
0.9,TS_oracle,0.0994302614270066
0.9,TS_oracle,0.129656745530687
0.9,TS_oracle,0.169181188612877
0.9,TS_oracle,0.102396843135017
0.9,TS_oracle,1.2458776755514
0.9,TS_oracle,0.152373792576565
0.9,TS_oracle,0.0567356154825231
0.9,TS_oracle,0.241830804532451
0.9,TS_oracle,0.0967728862731394
0.9,TS_oracle,0.179608090074662
0.9,TS_oracle,0.0796085346017796
0.9,TS_oracle,0.980702137120795
0.9,TS_oracle,0.888905151804265
0.9,TS_oracle,0.192668759986169
0.9,TS_oracle,0.074412189890602
0.9,TS_oracle,0.130015949136331
0.9,TS_oracle,0.131146510815302
0.9,TS_oracle,0.0730180405285349
0.9,TS_oracle,0.0762582509372851
0.9,TS_oracle,0.288697804648425
0.9,TS_oracle,0.773240423669481
0.9,TS_oracle,0.112438735726882
0.9,TS_oracle,0.0571213022280461
0.9,TS_oracle,0.0748307106344744
0.9,TS_oracle,0.939780487804132
0.9,TS_oracle,0.100688946120753
0.9,TS_oracle,0.199865026962977
0.9,TS_oracle,0.254875120495271
0.9,TS_oracle,0.0714985824554365
0.9,TS_oracle,0.0683822878499202
0.9,TS_oracle,0.135072107670534
0.9,TS_oracle,0.282573763474038
0.9,TS_oracle,0.11580702123407
0.9,TS_oracle,0.139416896451754
0.9,TS_oracle,0.284351039383596
0.9,TS_oracle,0.100702791009012
0.9,TS_oracle,0.126238327032671
0.9,TS_oracle,0.847880407357859
0.9,TS_oracle,0.107488757809388
0.9,TS_oracle,0.0851281617054885
0.9,TS_oracle,0.867317703062749
0.9,TS_oracle,0.0570069606635749
0.9,TS_oracle,0.0861414053874116
0.9,TS_oracle,0.670920981948736
0.9,TS_oracle,0.0604724383881004
0.9,TS_oracle,0.10958617962109
0.9,TS_oracle,0.195118621845718
0.9,TS_oracle,0.393936501023227
0.9,TS_oracle,0.255135656287846
0.9,TS_oracle,0.0896039236997927
0.9,TS_oracle,0.149680458636839
0.9,TS_oracle,0.266104781034132
0.9,TS_oracle,0.0667859243235214
0.9,TS_oracle,0.116649279845842
0.9,TS_oracle,0.111849455334337
0.9,TS_oracle,0.0656214805295153
0.9,TS_oracle,0.445635831264481
0.9,TS_oracle,0.0992239854370711
0.9,TS_oracle,0.261596402494647
0.9,TS_oracle,0.0579798028309089
0.9,TS_oracle,0.147647786445677
0.9,TS_oracle,0.644687995303995
0.9,TS_oracle,0.153865042607552
0.9,TS_oracle,0.642055454918457
0.9,TS_oracle,0.0949135309090934
0.9,TS_oracle,0.0806938886443013
0.9,TS_oracle,0.132418485869874
0.9,TS_oracle,0.169054864003266
0.9,TS_oracle,0.137169996090455
0.9,TS_oracle,0.17922451262833
0.9,TS_oracle,0.0971381653851608
0.9,TS_oracle,0.283042448157951
0.9,TS_oracle,0.578227111787455
0.9,TS_oracle,0.0864830007753614
0.9,TS_oracle,0.082824380794753
0.9,TS_oracle,1.20452594876522
0.9,TS_oracle,0.0870929047120813
0.9,TS_oracle,0.295778070670063
0.9,TS_oracle,0.465496184270364
0.9,TS_oracle,0.507257547201773
0.9,TS_oracle,0.0813278798460622
0.9,TS_oracle,0.156751285729587
0.9,TS_oracle,0.122030661766146
0.9,TS_oracle,0.191814058584812
0.9,TS_oracle,0.118833743216571
0.9,TS_oracle,0.230660611752778
0.9,TS_oracle,0.171125727643096
0.9,TS_oracle,0.0562609544501229
0.9,TS_oracle,0.0584718146065637
0.9,TS_oracle,0.150260117461127
0.9,TS_oracle,0.0815410829150861
0.9,TS_oracle,0.351986609344041
0.9,TS_oracle,0.0676585611296141
0.9,TS_oracle,0.0890367748246739
0.9,TS_oracle,0.0800460158847478
0.9,TS_oracle,0.0742308877144456
0.9,TS_oracle,0.43948368926589
0.9,TS_oracle,0.109970144554184
0.9,TS_oracle,0.250072990615466
