rho,methods,MSEs_value
0,PLS,0.0502448799585511
0,PLS,0.0740249771908232
0,PLS,0.0423124287098476
0,PLS,0.0308895767895214
0,PLS,0.0250855039819068
0,PLS,0.0738272831283582
0,PLS,0.0722153513120249
0,PLS,0.0552520385563427
0,PLS,0.027049977549977
0,PLS,0.0344333593259839
0,PLS,0.0429935683677985
0,PLS,0.0367610089213182
0,PLS,0.0699148750030435
0,PLS,0.103043191630544
0,PLS,0.0752824417815963
0,PLS,0.0268566131012421
0,PLS,0.0194417568843122
0,PLS,0.0390832355454335
0,PLS,0.090960151818269
0,PLS,0.0685442045806934
0,PLS,0.0786139171762714
0,PLS,0.0421781775668218
0,PLS,0.106430021341446
0,PLS,0.0197082445995915
0,PLS,0.0494753678796019
0,PLS,0.0147205626708323
0,PLS,0.0139103939047205
0,PLS,0.0451909883753151
0,PLS,0.0733402396576695
0,PLS,0.0848386721736851
0,PLS,0.0240911746872155
0,PLS,0.0566036775139197
0,PLS,0.0486549900710592
0,PLS,0.0453237419012538
0,PLS,0.031520997952835
0,PLS,0.0826728814246448
0,PLS,0.0274038775898283
0,PLS,0.0501793296656096
0,PLS,0.0225871907555963
0,PLS,0.0583411317488479
0,PLS,0.102455746632719
0,PLS,0.0566361041062411
0,PLS,0.0362866422737583
0,PLS,0.101995887567595
0,PLS,0.129354729796362
0,PLS,0.0616878438964198
0,PLS,0.0304868789993386
0,PLS,0.0594468170577028
0,PLS,0.0506191302835129
0,PLS,0.0543895688579013
0,PLS,0.0770535957480106
0,PLS,0.110734873087897
0,PLS,0.0552640625610068
0,PLS,0.031647445847677
0,PLS,0.0549832250154252
0,PLS,0.0729210509114848
0,PLS,0.044238604073777
0,PLS,0.021054376246218
0,PLS,0.0501396540409156
0,PLS,0.0389497502823207
0,PLS,0.0683666568888112
0,PLS,0.0491942446715127
0,PLS,0.0373237000543979
0,PLS,0.0463512629327094
0,PLS,0.135123930107946
0,PLS,0.083693510377596
0,PLS,0.0792196739903209
0,PLS,0.0493642808693499
0,PLS,0.0232920234368306
0,PLS,0.0471070609285297
0,PLS,0.0734009495368915
0,PLS,0.0681803416904414
0,PLS,0.0246169545769272
0,PLS,0.0356562398184798
0,PLS,0.0816840804876708
0,PLS,0.0056504750878345
0,PLS,0.0393310305361005
0,PLS,0.0450798022776699
0,PLS,0.0526718991819968
0,PLS,0.125843357126887
0,PLS,0.0978997925161019
0,PLS,0.0783936569964527
0,PLS,0.0242141002043032
0,PLS,0.106964049364747
0,PLS,0.105189003665529
0,PLS,0.0599431603401746
0,PLS,0.0828488105801616
0,PLS,0.055587206808856
0,PLS,0.0340626823265986
0,PLS,0.0613071807149607
0,PLS,0.0825562529305068
0,PLS,0.153370279000297
0,PLS,0.0515845115920532
0,PLS,0.0500529521197754
0,PLS,0.0916561634583814
0,PLS,0.0311447883409684
0,PLS,0.0376375301348292
0,PLS,0.0377504004084362
0,PLS,0.0219559354971056
0,PLS,0.0382620299987504
0,PLS,0.0083228630548144
0,PLS,0.0615550002147872
0,PLS,0.0308709838647024
0,PLS,0.0124882271666585
0,PLS,0.0623148792173858
0,PLS,0.0832465537776617
0,PLS,0.0877716960880602
0,PLS,0.0429563269538983
0,PLS,0.119914311170008
0,PLS,0.15417238965443
0,PLS,0.0688830322081644
0,PLS,0.038849942878772
0,PLS,0.113190743658461
0,PLS,0.0365574138938606
0,PLS,0.070473162618498
0,PLS,0.0975389739014524
0,PLS,0.0402668479220356
0,PLS,0.0248102881102795
0,PLS,0.0171315764944876
0,PLS,0.0953240966458026
0,PLS,0.0580260476486978
0,PLS,0.0533839832391827
0,PLS,0.149888215826193
0,PLS,0.0443822632045156
0,PLS,0.0801642361347828
0,PLS,0.0308211180994478
0,PLS,0.101341435386034
0,PLS,0.0315376341350145
0,PLS,0.0382584371131482
0,PLS,0.0120365761585225
0,PLS,0.0590337644155081
0,PLS,0.0400095869058887
0,PLS,0.0413281818336431
0,PLS,0.033917778365801
0,PLS,0.052604694465961
0,PLS,0.0400372324106918
0,PLS,0.0216399459324034
0,PLS,0.0385581069038485
0,PLS,0.035927907505
0,PLS,0.0546332035266279
0,PLS,0.0541469978449415
0,PLS,0.0796712868119125
0,PLS,0.0658865591203002
0,PLS,0.0789410539772333
0,PLS,0.0585650338259743
0,PLS,0.064571289326654
0,PLS,0.0473793805220464
0,PLS,0.0382569185252466
0,PLS,0.0804219749999083
0,PLS,0.0734786101416484
0,PLS,0.0347989033145164
0,PLS,0.0949862032086405
0,PLS,0.0644192641358404
0,PLS,0.0205791465419229
0,PLS,0.0716365001908094
0,PLS,0.101358030099989
0,PLS,0.039553347785266
0,PLS,0.0977887559521324
0,PLS,0.0151993350240158
0,PLS,0.049109828641906
0,PLS,0.0355330790209457
0,PLS,0.0984134690676253
0,PLS,0.0370162052658622
0,PLS,0.0250971926929411
0,PLS,0.0318174728813176
0,PLS,0.0467599719466375
0,PLS,0.07942016537027
0,PLS,0.0266045133604467
0,PLS,0.0443524412010894
0,PLS,0.0656025124690548
0,PLS,0.0504735317700058
0,PLS,0.106294605530074
0,PLS,0.173573429105361
0,PLS,0.0476871048341149
0,PLS,0.0166576284478821
0,PLS,0.0523777462148284
0,PLS,0.0524405696719232
0,PLS,0.0395616713088661
0,PLS,0.100643583055034
0,PLS,0.0364299811751355
0,PLS,0.0545050229085339
0,PLS,0.0289953119066135
0,PLS,0.0570704583399426
0,PLS,0.0728820019720099
0,PLS,0.0418039052854034
0,PLS,0.103268612958066
0,PLS,0.0948931831649609
0,PLS,0.0710692932446342
0,PLS,0.044604661867545
0,PLS,0.0486295152705107
0,PLS,0.0673310292694925
0,PLS,0.101657247447704
0,PLS,0.0469146588704711
0,PLS,0.0298746790568633
0,PLS,0.0355873469604056
0,PLS,0.0560464514424343
0,PLS,0.0175865901076752
0,PLS,0.0671947915369085
0,PLS,0.0355708529817948
0,PLS,0.0481482783633952
0,fTS,0.0515610550990752
0,fTS,0.074384332088611
0,fTS,0.0423124287098476
0,fTS,0.0304166673952476
0,fTS,0.02446511067968
0,fTS,0.0738272831283582
0,fTS,0.0721934769576412
0,fTS,0.0552693186075998
0,fTS,0.0335219057068222
0,fTS,0.0344333593259839
0,fTS,0.0391300961723796
0,fTS,0.0363606126748368
0,fTS,0.0696376669421581
0,fTS,0.103398172453623
0,fTS,0.077426484621301
0,fTS,0.0268924825153278
0,fTS,0.0194417568843122
0,fTS,0.0396828030447775
0,fTS,0.091303838955984
0,fTS,0.0689600551283245
0,fTS,0.0786565153244587
0,fTS,0.0440102291660078
0,fTS,0.106222283642118
0,fTS,0.0149886561960238
0,fTS,0.0471883681739247
0,fTS,0.0147179792573903
0,fTS,0.0139652075982429
0,fTS,0.0509867378982799
0,fTS,0.073435345450577
0,fTS,0.087247831374248
0,fTS,0.0240292443906591
0,fTS,0.0640649254301525
0,fTS,0.0477603216207165
0,fTS,0.0453240314970971
0,fTS,0.0315710891375322
0,fTS,0.0827493315888763
0,fTS,0.0259313017287231
0,fTS,0.0502912043728211
0,fTS,0.0228065728825762
0,fTS,0.0583411317488479
0,fTS,0.104104196254793
0,fTS,0.0567299562415774
0,fTS,0.0362866422737583
0,fTS,0.101995887567595
0,fTS,0.129354729796362
0,fTS,0.061286689822947
0,fTS,0.0292758163419554
0,fTS,0.0606370081387243
0,fTS,0.0506191302835129
0,fTS,0.0543866605048614
0,fTS,0.0787752498558058
0,fTS,0.110745043324043
0,fTS,0.0585297092782708
0,fTS,0.0242634438058556
0,fTS,0.0499402526206202
0,fTS,0.0728994800065162
0,fTS,0.044238604073777
0,fTS,0.0213504207021198
0,fTS,0.0504776067861492
0,fTS,0.0389497502823207
0,fTS,0.0681149343202764
0,fTS,0.0485469883772262
0,fTS,0.0372257897110305
0,fTS,0.0463512629327094
0,fTS,0.134963618126099
0,fTS,0.0795904737036495
0,fTS,0.0931409909364883
0,fTS,0.0493811452141118
0,fTS,0.0242216707183708
0,fTS,0.0474501680792731
0,fTS,0.0733678866705615
0,fTS,0.0634452348081765
0,fTS,0.0246044431816019
0,fTS,0.0355952121871835
0,fTS,0.0826172261221554
0,fTS,0.00565047508783447
0,fTS,0.0396443106517468
0,fTS,0.0441463081372861
0,fTS,0.0515335015552826
0,fTS,0.125843357126887
0,fTS,0.0973856788217285
0,fTS,0.0783934581170693
0,fTS,0.0241982203569316
0,fTS,0.106964049364747
0,fTS,0.106707794733687
0,fTS,0.0556813427466788
0,fTS,0.0838786108042564
0,fTS,0.055587206808856
0,fTS,0.0340626862714015
0,fTS,0.0611362212612387
0,fTS,0.0825562529305068
0,fTS,0.153370279000297
0,fTS,0.0512676925116806
0,fTS,0.0500529521197754
0,fTS,0.091678476749715
0,fTS,0.029945074170055
0,fTS,0.0376375301348292
0,fTS,0.0378300881669461
0,fTS,0.0218004718935027
0,fTS,0.0427624171304889
0,fTS,0.0083228630548144
0,fTS,0.06153661867149
0,fTS,0.0337478579861245
0,fTS,0.0124882271666585
0,fTS,0.0623020851447873
0,fTS,0.0840722731722428
0,fTS,0.0878791491475267
0,fTS,0.0429563269538983
0,fTS,0.121247823356935
0,fTS,0.15417238965443
0,fTS,0.06928309335911
0,fTS,0.0382183857907356
0,fTS,0.113190743658461
0,fTS,0.0360467026873925
0,fTS,0.0705402706993218
0,fTS,0.0975871399039777
0,fTS,0.0402710916294048
0,fTS,0.0226905001276945
0,fTS,0.0174670036671417
0,fTS,0.0957128763807889
0,fTS,0.058587436029233
0,fTS,0.0533371761503782
0,fTS,0.149905399656242
0,fTS,0.0443822632045156
0,fTS,0.0799871939285246
0,fTS,0.0307433742511619
0,fTS,0.102713298657928
0,fTS,0.0315376341350145
0,fTS,0.0369265087102053
0,fTS,0.0130362378960402
0,fTS,0.0591370144805529
0,fTS,0.0400095869058887
0,fTS,0.0327515740731433
0,fTS,0.0340036451609251
0,fTS,0.0516286914666496
0,fTS,0.0402030495353631
0,fTS,0.0217536553717744
0,fTS,0.0388737089034648
0,fTS,0.0395584318761942
0,fTS,0.0543289716799949
0,fTS,0.0540395542562748
0,fTS,0.0797994656251152
0,fTS,0.059010258214652
0,fTS,0.0786451457012828
0,fTS,0.0586750644617092
0,fTS,0.064571289326654
0,fTS,0.0473793805220464
0,fTS,0.0381661551890047
0,fTS,0.0824912623778099
0,fTS,0.073200767806694
0,fTS,0.0341155023892662
0,fTS,0.0954054990443264
0,fTS,0.0636673675555815
0,fTS,0.0206046791688138
0,fTS,0.0716072882770898
0,fTS,0.0974442517499455
0,fTS,0.0416408398853016
0,fTS,0.0978444047854063
0,fTS,0.0151993350240158
0,fTS,0.0440518597483748
0,fTS,0.0355234572512162
0,fTS,0.129358388115482
0,fTS,0.0299247217387029
0,fTS,0.0294555049771162
0,fTS,0.0318174728813176
0,fTS,0.0464988187036325
0,fTS,0.0838837617690221
0,fTS,0.0265945758339185
0,fTS,0.0443021430727524
0,fTS,0.0656025124690548
0,fTS,0.0533380738986431
0,fTS,0.104752014188377
0,fTS,0.176276408668231
0,fTS,0.0476871048341149
0,fTS,0.0167096832222618
0,fTS,0.0523777462148284
0,fTS,0.0521513683717699
0,fTS,0.0395616713088661
0,fTS,0.101646071715327
0,fTS,0.0362956904399231
0,fTS,0.0564655681448697
0,fTS,0.0289953119066135
0,fTS,0.0579707796215776
0,fTS,0.0727757236312548
0,fTS,0.0427013379178587
0,fTS,0.103268612958066
0,fTS,0.0949525615168172
0,fTS,0.0689026648593742
0,fTS,0.044604661867545
0,fTS,0.0493243774418608
0,fTS,0.0662820038630116
0,fTS,0.10354690016668
0,fTS,0.0455596324059213
0,fTS,0.0298746790568633
0,fTS,0.033978375037338
0,fTS,0.0560464514424343
0,fTS,0.0175333868407233
0,fTS,0.0669807908938743
0,fTS,0.0355708529817948
0,fTS,0.0482963158797895
0,LS_oracle,0.0495173407043075
0,LS_oracle,0.0650696267828557
0,LS_oracle,0.0416407690588715
0,LS_oracle,0.0270372056417013
0,LS_oracle,0.0159692553970828
0,LS_oracle,0.0491825320047559
0,LS_oracle,0.0583015646659933
0,LS_oracle,0.0600502476516762
0,LS_oracle,0.0168614379912111
0,LS_oracle,0.0277885490005841
0,LS_oracle,0.0679736810677426
0,LS_oracle,0.0347251038669487
0,LS_oracle,0.0646950540698784
0,LS_oracle,0.103980384980937
0,LS_oracle,0.0989953846251262
0,LS_oracle,0.0564822671730103
0,LS_oracle,0.0151107652060918
0,LS_oracle,0.0497379659181199
0,LS_oracle,0.0825133044524471
0,LS_oracle,0.0557773267340706
0,LS_oracle,0.0873402381189239
0,LS_oracle,0.0332856568252722
0,LS_oracle,0.104572516697671
0,LS_oracle,0.0236418037664394
0,LS_oracle,0.0502814887720549
0,LS_oracle,0.0194509549979565
0,LS_oracle,0.0133976965658275
0,LS_oracle,0.0499554126632511
0,LS_oracle,0.0655995455356308
0,LS_oracle,0.0951421059317861
0,LS_oracle,0.0263892247096604
0,LS_oracle,0.0725208629540744
0,LS_oracle,0.0553127307176784
0,LS_oracle,0.0521501978132267
0,LS_oracle,0.0277045570915819
0,LS_oracle,0.0631581317906725
0,LS_oracle,0.0344909359021111
0,LS_oracle,0.0798298159420081
0,LS_oracle,0.0291195523857158
0,LS_oracle,0.0486123018883663
0,LS_oracle,0.0985130659442608
0,LS_oracle,0.0504174703431875
0,LS_oracle,0.0378256765882639
0,LS_oracle,0.0881560599412488
0,LS_oracle,0.0876254651245759
0,LS_oracle,0.0459683177233901
0,LS_oracle,0.0365571480363309
0,LS_oracle,0.0127363299761624
0,LS_oracle,0.0466462963804975
0,LS_oracle,0.0487420726855178
0,LS_oracle,0.0738173138294339
0,LS_oracle,0.10112750154067
0,LS_oracle,0.0579661900217947
0,LS_oracle,0.0215772393417499
0,LS_oracle,0.042745598666581
0,LS_oracle,0.0799685698671678
0,LS_oracle,0.0397539262357918
0,LS_oracle,0.0346794128769021
0,LS_oracle,0.0431805108385598
0,LS_oracle,0.0383077824784054
0,LS_oracle,0.0575212964248762
0,LS_oracle,0.0548678813028412
0,LS_oracle,0.0324609505440504
0,LS_oracle,0.0442897274298776
0,LS_oracle,0.127479253625846
0,LS_oracle,0.0933438742586594
0,LS_oracle,0.0277858812861685
0,LS_oracle,0.0433952312467213
0,LS_oracle,0.032829872978037
0,LS_oracle,0.00778859331988749
0,LS_oracle,0.067097752830119
0,LS_oracle,0.0641276070695236
0,LS_oracle,0.0235855999338829
0,LS_oracle,0.0357713060062272
0,LS_oracle,0.108095881073032
0,LS_oracle,0.00481969440686869
0,LS_oracle,0.0275578679413136
0,LS_oracle,0.055637068850816
0,LS_oracle,0.0515935753330182
0,LS_oracle,0.11614447099127
0,LS_oracle,0.0983502447168273
0,LS_oracle,0.100933410958773
0,LS_oracle,0.0160338713084827
0,LS_oracle,0.0973059701544989
0,LS_oracle,0.0556686182801979
0,LS_oracle,0.0508715417389846
0,LS_oracle,0.0852532030453976
0,LS_oracle,0.0678232410730468
0,LS_oracle,0.0338267362445706
0,LS_oracle,0.0511954426797759
0,LS_oracle,0.0691428763880984
0,LS_oracle,0.112189113016775
0,LS_oracle,0.0595533290075212
0,LS_oracle,0.0447272610227325
0,LS_oracle,0.0774756046884329
0,LS_oracle,0.0308236354022787
0,LS_oracle,0.038145315650727
0,LS_oracle,0.0405416589096811
0,LS_oracle,0.0257990249357349
0,LS_oracle,0.0120682241067464
0,LS_oracle,0.0168196481829391
0,LS_oracle,0.0552753906024233
0,LS_oracle,0.0507389164029326
0,LS_oracle,0.00478038123354464
0,LS_oracle,0.0553959207647212
0,LS_oracle,0.0783512721758012
0,LS_oracle,0.104749145291001
0,LS_oracle,0.0308232066734249
0,LS_oracle,0.10007174827631
0,LS_oracle,0.128252859808322
0,LS_oracle,0.0697975152224088
0,LS_oracle,0.0374702735702597
0,LS_oracle,0.0912013736934725
0,LS_oracle,0.0303551601513714
0,LS_oracle,0.102866672268013
0,LS_oracle,0.0958133041676839
0,LS_oracle,0.0389130045368785
0,LS_oracle,0.0192302599858967
0,LS_oracle,0.0133487145057364
0,LS_oracle,0.0935605858474143
0,LS_oracle,0.0569362694739343
0,LS_oracle,0.0374217318429561
0,LS_oracle,0.113468691617516
0,LS_oracle,0.0425088826024672
0,LS_oracle,0.0315093675704914
0,LS_oracle,0.0187166238475542
0,LS_oracle,0.0873522545801302
0,LS_oracle,0.0281865121916113
0,LS_oracle,0.0233166614853297
0,LS_oracle,0.00684967009488448
0,LS_oracle,0.0546884854022928
0,LS_oracle,0.0328517759283521
0,LS_oracle,0.0279086973950929
0,LS_oracle,0.0303605806299901
0,LS_oracle,0.055006555291568
0,LS_oracle,0.0293626091847714
0,LS_oracle,0.0199696498003519
0,LS_oracle,0.0261109730228145
0,LS_oracle,0.0410764851840558
0,LS_oracle,0.0502731110517509
0,LS_oracle,0.056739260327468
0,LS_oracle,0.0504972065111423
0,LS_oracle,0.101575861244448
0,LS_oracle,0.0484043710400874
0,LS_oracle,0.032976730563099
0,LS_oracle,0.0477263322503568
0,LS_oracle,0.0417689193517586
0,LS_oracle,0.0411343676579548
0,LS_oracle,0.0761202091402383
0,LS_oracle,0.0490429779862786
0,LS_oracle,0.0746000597717296
0,LS_oracle,0.0962353438376645
0,LS_oracle,0.060665361253156
0,LS_oracle,0.0121991137277149
0,LS_oracle,0.05906913741047
0,LS_oracle,0.0473363316653054
0,LS_oracle,0.024976013248193
0,LS_oracle,0.104737636913296
0,LS_oracle,0.0479937186730539
0,LS_oracle,0.0254529761463501
0,LS_oracle,0.0413361152636447
0,LS_oracle,0.108805469601643
0,LS_oracle,0.0389310111916908
0,LS_oracle,0.0261044660527962
0,LS_oracle,0.0300304610915437
0,LS_oracle,0.0543893795687786
0,LS_oracle,0.052596197862562
0,LS_oracle,0.027361117084002
0,LS_oracle,0.044357756577502
0,LS_oracle,0.0627689152897653
0,LS_oracle,0.0515854570399326
0,LS_oracle,0.0918735940026738
0,LS_oracle,0.00974444069899503
0,LS_oracle,0.0501137365817494
0,LS_oracle,0.0163483830535061
0,LS_oracle,0.0458666291951948
0,LS_oracle,0.0445721208882525
0,LS_oracle,0.0348091718420389
0,LS_oracle,0.0786155925623991
0,LS_oracle,0.0457478803693506
0,LS_oracle,0.0477209529971112
0,LS_oracle,0.0258014549416483
0,LS_oracle,0.0448545351796822
0,LS_oracle,0.0587135224651093
0,LS_oracle,0.0296879612878329
0,LS_oracle,0.0821081352346349
0,LS_oracle,0.107007993768049
0,LS_oracle,0.0504710430290153
0,LS_oracle,0.032034476606516
0,LS_oracle,0.0480025705281466
0,LS_oracle,0.0667711072041419
0,LS_oracle,0.102118523377954
0,LS_oracle,0.0467643373664742
0,LS_oracle,0.0189038339763485
0,LS_oracle,0.0394525198892559
0,LS_oracle,0.0531216465306089
0,LS_oracle,0.0235290784891327
0,LS_oracle,0.0723005743862578
0,LS_oracle,0.0386155197448867
0,LS_oracle,0.0660347914963774
0,TS_oracle,0.0504088407422566
0,TS_oracle,0.0649899904347652
0,TS_oracle,0.0416407690588715
0,TS_oracle,0.0265704878863625
0,TS_oracle,0.0156043731349558
0,TS_oracle,0.0491825320047559
0,TS_oracle,0.0583024075468423
0,TS_oracle,0.0601214178012778
0,TS_oracle,0.0175151388525004
0,TS_oracle,0.0277885490005841
0,TS_oracle,0.0569976807004764
0,TS_oracle,0.034392045305933
0,TS_oracle,0.0642114670972122
0,TS_oracle,0.104384905794772
0,TS_oracle,0.102144037261328
0,TS_oracle,0.0565121948453538
0,TS_oracle,0.0151107652060918
0,TS_oracle,0.0511277573187475
0,TS_oracle,0.0826840538287457
0,TS_oracle,0.0567434673928922
0,TS_oracle,0.0875274692679639
0,TS_oracle,0.0342534278927629
0,TS_oracle,0.104539178099015
0,TS_oracle,0.0175751793733535
0,TS_oracle,0.0503178365476887
0,TS_oracle,0.019487680818197
0,TS_oracle,0.0134806433114998
0,TS_oracle,0.0504181801234665
0,TS_oracle,0.0656432748096416
0,TS_oracle,0.0951929715198532
0,TS_oracle,0.0262147712994767
0,TS_oracle,0.0723665473063211
0,TS_oracle,0.0552308770415589
0,TS_oracle,0.0521501838007601
0,TS_oracle,0.0276849389442348
0,TS_oracle,0.0631258215235298
0,TS_oracle,0.0353556388186764
0,TS_oracle,0.078936051321255
0,TS_oracle,0.0311929576384873
0,TS_oracle,0.0486123018883663
0,TS_oracle,0.098582333936493
0,TS_oracle,0.0512185737660546
0,TS_oracle,0.0378256765882645
0,TS_oracle,0.0881560599412488
0,TS_oracle,0.0876254651245759
0,TS_oracle,0.0462772432308744
0,TS_oracle,0.0347267523625584
0,TS_oracle,0.0134122358990085
0,TS_oracle,0.0472551049767984
0,TS_oracle,0.0487363377274748
0,TS_oracle,0.0794846227996695
0,TS_oracle,0.100356493078498
0,TS_oracle,0.0577061831853488
0,TS_oracle,0.0194524686457392
0,TS_oracle,0.0386597570390579
0,TS_oracle,0.0799402432577186
0,TS_oracle,0.0397539262357918
0,TS_oracle,0.0345428325064704
0,TS_oracle,0.0439515312598395
0,TS_oracle,0.0383077824784054
0,TS_oracle,0.0574671136996599
0,TS_oracle,0.0542063172778825
0,TS_oracle,0.0322443323229688
0,TS_oracle,0.0442897274298776
0,TS_oracle,0.127479253625846
0,TS_oracle,0.0892099814710653
0,TS_oracle,0.029976875869427
0,TS_oracle,0.043408960649241
0,TS_oracle,0.0337146846452409
0,TS_oracle,0.00752388306145534
0,TS_oracle,0.0670267975655189
0,TS_oracle,0.0636718444807555
0,TS_oracle,0.0235652475209837
0,TS_oracle,0.0357530651604588
0,TS_oracle,0.108786914608973
0,TS_oracle,0.00481969440686869
0,TS_oracle,0.0278922362135702
0,TS_oracle,0.0566869095578086
0,TS_oracle,0.0516881246853679
0,TS_oracle,0.116162130426475
0,TS_oracle,0.0978187015361666
0,TS_oracle,0.102196966840207
0,TS_oracle,0.0160178510898112
0,TS_oracle,0.0997097293823218
0,TS_oracle,0.0595763870392792
0,TS_oracle,0.0500784058693128
0,TS_oracle,0.0866199575503244
0,TS_oracle,0.0678232410730468
0,TS_oracle,0.0338267362445706
0,TS_oracle,0.0497225641578836
0,TS_oracle,0.0681989988248446
0,TS_oracle,0.112189113016775
0,TS_oracle,0.0603696644057584
0,TS_oracle,0.0447272610227325
0,TS_oracle,0.0774787898086487
0,TS_oracle,0.0296516053453805
0,TS_oracle,0.038145315650727
0,TS_oracle,0.040693559936177
0,TS_oracle,0.0256432052406455
0,TS_oracle,0.0139928753494378
0,TS_oracle,0.0168196481829391
0,TS_oracle,0.0552479712997455
0,TS_oracle,0.0507604865826159
0,TS_oracle,0.00478038123354464
0,TS_oracle,0.0553661281232317
0,TS_oracle,0.0791706836828094
0,TS_oracle,0.104881217797781
0,TS_oracle,0.0310288417054848
0,TS_oracle,0.100407174695951
0,TS_oracle,0.128252859808322
0,TS_oracle,0.0702318233131353
0,TS_oracle,0.0368250717802641
0,TS_oracle,0.0896984455503976
0,TS_oracle,0.0300994844640864
0,TS_oracle,0.103561738400068
0,TS_oracle,0.0958682271513213
0,TS_oracle,0.0389041213950823
0,TS_oracle,0.0205223082334876
0,TS_oracle,0.0133464113851619
0,TS_oracle,0.0948199894755099
0,TS_oracle,0.0570952753176512
0,TS_oracle,0.0378045540488551
0,TS_oracle,0.113459006340249
0,TS_oracle,0.0425148484670376
0,TS_oracle,0.0315372582359544
0,TS_oracle,0.0187157040280332
0,TS_oracle,0.0888133572040315
0,TS_oracle,0.0281865121916113
0,TS_oracle,0.0233462800054343
0,TS_oracle,0.0072703290253188
0,TS_oracle,0.0546993728878691
0,TS_oracle,0.0328517759283521
0,TS_oracle,0.0302744271624926
0,TS_oracle,0.0303746422462972
0,TS_oracle,0.0539757024793243
0,TS_oracle,0.0293994998475853
0,TS_oracle,0.0202295748977833
0,TS_oracle,0.0255379942611426
0,TS_oracle,0.0448198171910114
0,TS_oracle,0.0500437235761103
0,TS_oracle,0.056673281947757
0,TS_oracle,0.0505366789908162
0,TS_oracle,0.0898906119864179
0,TS_oracle,0.048201086154087
0,TS_oracle,0.0331173179296335
0,TS_oracle,0.0477263322503568
0,TS_oracle,0.0417689193517586
0,TS_oracle,0.0411343676579548
0,TS_oracle,0.0765835238910964
0,TS_oracle,0.048685897129117
0,TS_oracle,0.076178701670191
0,TS_oracle,0.0959471820619068
0,TS_oracle,0.0589791876723682
0,TS_oracle,0.0117580746804069
0,TS_oracle,0.0589402916125221
0,TS_oracle,0.0457788126611936
0,TS_oracle,0.0249427266800786
0,TS_oracle,0.105684592557694
0,TS_oracle,0.0465722821769994
0,TS_oracle,0.0234045933847515
0,TS_oracle,0.0413434770419095
0,TS_oracle,0.110800031505435
0,TS_oracle,0.035154580624974
0,TS_oracle,0.0260363395686994
0,TS_oracle,0.0300304610915437
0,TS_oracle,0.0541505160485189
0,TS_oracle,0.0482954311681802
0,TS_oracle,0.0273541249905895
0,TS_oracle,0.0459600450760224
0,TS_oracle,0.0627689152897653
0,TS_oracle,0.0519355188582463
0,TS_oracle,0.0911768585477661
0,TS_oracle,0.00835558140888258
0,TS_oracle,0.0501137365817494
0,TS_oracle,0.0166013727659702
0,TS_oracle,0.048992300020347
0,TS_oracle,0.0444625515028898
0,TS_oracle,0.0348091718420389
0,TS_oracle,0.0779154106667657
0,TS_oracle,0.0456011150256143
0,TS_oracle,0.0497062647522076
0,TS_oracle,0.0258014549416483
0,TS_oracle,0.0466147009513177
0,TS_oracle,0.0587135224651093
0,TS_oracle,0.0296908120961081
0,TS_oracle,0.0819556574390154
0,TS_oracle,0.103671419006503
0,TS_oracle,0.0501099185714051
0,TS_oracle,0.032034476606516
0,TS_oracle,0.0480025705281466
0,TS_oracle,0.0662693305300889
0,TS_oracle,0.10222110265463
0,TS_oracle,0.0465668559343723
0,TS_oracle,0.0189038339763485
0,TS_oracle,0.03787496825098
0,TS_oracle,0.0531216465306089
0,TS_oracle,0.0235349396616618
0,TS_oracle,0.0725970250711881
0,TS_oracle,0.0386155197448867
0,TS_oracle,0.0659966441753913
0.1,PLS,0.022319083369995
0.1,PLS,0.0720759154289334
0.1,PLS,0.0194735608914774
0.1,PLS,0.0405044826326376
0.1,PLS,0.0584699703864922
0.1,PLS,0.0520837461411609
0.1,PLS,0.0622626192770509
0.1,PLS,0.0883911737240115
0.1,PLS,0.0748106659356335
0.1,PLS,0.0540345984938866
0.1,PLS,0.0306238169173102
0.1,PLS,0.0865715815356735
0.1,PLS,0.0749436237945582
0.1,PLS,0.0792286894768671
0.1,PLS,0.200067637169138
0.1,PLS,0.0920219868395556
0.1,PLS,0.031941275760935
0.1,PLS,0.0326093230610811
0.1,PLS,0.00750574310923748
0.1,PLS,0.0458082284184817
0.1,PLS,0.0546653226930221
0.1,PLS,0.0375554732915618
0.1,PLS,0.0457140056937189
0.1,PLS,0.0436864548320029
0.1,PLS,0.0343510176796286
0.1,PLS,0.126710903692459
0.1,PLS,0.0385120284038042
0.1,PLS,0.0160959092839487
0.1,PLS,0.0623349966034092
0.1,PLS,0.0407028002328482
0.1,PLS,0.0671091682202826
0.1,PLS,0.0317801521282806
0.1,PLS,0.0451313111691332
0.1,PLS,0.0112630542283829
0.1,PLS,0.0307960868563952
0.1,PLS,0.148168334953781
0.1,PLS,0.0270426677863481
0.1,PLS,0.0662286015065128
0.1,PLS,0.0695590553764466
0.1,PLS,0.0810711032436607
0.1,PLS,0.0346339354228262
0.1,PLS,0.126721532251487
0.1,PLS,0.0533222738186961
0.1,PLS,0.0732016476575401
0.1,PLS,0.0584121441016387
0.1,PLS,0.0347415222231922
0.1,PLS,0.0317638390444595
0.1,PLS,0.0631091422229785
0.1,PLS,0.0216145128605816
0.1,PLS,0.063704757748434
0.1,PLS,0.0378835621520391
0.1,PLS,0.112655793047255
0.1,PLS,0.0724597570708003
0.1,PLS,0.0934092375844334
0.1,PLS,0.0720150711131689
0.1,PLS,0.0688206341758145
0.1,PLS,0.064382175029429
0.1,PLS,0.0276242583215913
0.1,PLS,0.0821560588784282
0.1,PLS,0.0481983176019882
0.1,PLS,0.0825146239500822
0.1,PLS,0.0885155309998105
0.1,PLS,0.170619392607299
0.1,PLS,0.0269456481249469
0.1,PLS,0.0780173139837696
0.1,PLS,0.0445949037677574
0.1,PLS,0.0408041799984499
0.1,PLS,0.0641523229328089
0.1,PLS,0.0397212812427876
0.1,PLS,0.0443458913561398
0.1,PLS,0.0509498287476846
0.1,PLS,0.319474740984836
0.1,PLS,0.038082946748064
0.1,PLS,0.0645940291607692
0.1,PLS,0.0404742491088125
0.1,PLS,0.0365342965809677
0.1,PLS,0.0434322902322457
0.1,PLS,0.0340281297362853
0.1,PLS,0.132338602626432
0.1,PLS,0.0461683502802374
0.1,PLS,0.0828865531320879
0.1,PLS,0.0460710098858596
0.1,PLS,0.0285473963196998
0.1,PLS,0.0519308065545937
0.1,PLS,0.0449890146261304
0.1,PLS,0.0311376777151198
0.1,PLS,0.0837284052870719
0.1,PLS,0.0437645305037763
0.1,PLS,0.170081475138536
0.1,PLS,0.0120296230355938
0.1,PLS,0.0234775488447291
0.1,PLS,0.0547594645240034
0.1,PLS,0.0158152351323726
0.1,PLS,0.0215641867346839
0.1,PLS,0.0293309713876024
0.1,PLS,0.0314032275647037
0.1,PLS,0.0242114590073887
0.1,PLS,0.053017360503223
0.1,PLS,0.0381442123902407
0.1,PLS,0.0260998490499021
0.1,PLS,0.0577829392150029
0.1,PLS,0.0237438876124781
0.1,PLS,0.0242522395375326
0.1,PLS,0.0376030301456347
0.1,PLS,0.047867876130376
0.1,PLS,0.113964091300529
0.1,PLS,0.0877676868086365
0.1,PLS,0.0452554572564326
0.1,PLS,0.0782579568940029
0.1,PLS,0.0763447537314249
0.1,PLS,0.0685729554192009
0.1,PLS,0.0503791469611735
0.1,PLS,0.0227304334241083
0.1,PLS,0.0242095174614368
0.1,PLS,0.0110823918800536
0.1,PLS,0.0245974747953754
0.1,PLS,0.10126018800429
0.1,PLS,0.0306009335919713
0.1,PLS,0.0506145372498767
0.1,PLS,0.0580516057587321
0.1,PLS,0.0679333768563501
0.1,PLS,0.0282607412840296
0.1,PLS,0.0283587857176296
0.1,PLS,0.0492944806257781
0.1,PLS,0.0745187470625563
0.1,PLS,0.057261798995929
0.1,PLS,0.0895568299794257
0.1,PLS,0.0961862856508807
0.1,PLS,0.0375357393806084
0.1,PLS,0.0287313819190806
0.1,PLS,0.090834667926785
0.1,PLS,0.0460279400181043
0.1,PLS,0.0296010845185513
0.1,PLS,0.036845879406916
0.1,PLS,0.0418957967341712
0.1,PLS,0.0666280993873879
0.1,PLS,0.00905267675920833
0.1,PLS,0.0608888848698748
0.1,PLS,0.0529009476566563
0.1,PLS,0.0458136894956309
0.1,PLS,0.0587674417012458
0.1,PLS,0.0435103515183537
0.1,PLS,0.0318121561683204
0.1,PLS,0.0550014873690509
0.1,PLS,0.122956663273993
0.1,PLS,0.0415752625171955
0.1,PLS,0.0932109446577047
0.1,PLS,0.128391697958496
0.1,PLS,0.0381447070635208
0.1,PLS,0.139551146906648
0.1,PLS,0.0504300530009305
0.1,PLS,0.0935135240321026
0.1,PLS,0.0299891505280702
0.1,PLS,0.0258506265859008
0.1,PLS,0.0689319199818994
0.1,PLS,0.0366578127847393
0.1,PLS,0.0602378161997265
0.1,PLS,0.0263011942963016
0.1,PLS,0.0434768845915712
0.1,PLS,0.0321444866619462
0.1,PLS,0.0364947803763906
0.1,PLS,0.0224280942924628
0.1,PLS,0.0341249502991058
0.1,PLS,0.0510149649214559
0.1,PLS,0.0726250691349537
0.1,PLS,0.0628068475303003
0.1,PLS,0.0535837713687539
0.1,PLS,0.0239814873079438
0.1,PLS,0.0213960618887145
0.1,PLS,0.0755892427528762
0.1,PLS,0.0722693868899643
0.1,PLS,0.0432359239614538
0.1,PLS,0.031741169307113
0.1,PLS,0.0716513949428082
0.1,PLS,0.0853607692419141
0.1,PLS,0.0781501707528261
0.1,PLS,0.0344937909857036
0.1,PLS,0.146043626320695
0.1,PLS,0.0475442807035493
0.1,PLS,0.0583435711285867
0.1,PLS,0.0350825135000418
0.1,PLS,0.0796457477069188
0.1,PLS,0.0331631351896005
0.1,PLS,0.0461013190195461
0.1,PLS,0.076932279439397
0.1,PLS,0.0373144784080177
0.1,PLS,0.0382965321525052
0.1,PLS,0.0765365038506702
0.1,PLS,0.0529033505791736
0.1,PLS,0.0342169547272721
0.1,PLS,0.0267127133354195
0.1,PLS,0.0608854584107949
0.1,PLS,0.0143668445614753
0.1,PLS,0.0273711556405614
0.1,PLS,0.0960909166299277
0.1,PLS,0.0318882788958291
0.1,PLS,0.0471153807602222
0.1,PLS,0.0191345339114199
0.1,PLS,0.0609255939193527
0.1,PLS,0.0364136745397751
0.1,fTS,0.0198617719144226
0.1,fTS,0.0714714805889549
0.1,fTS,0.0194735608914774
0.1,fTS,0.0447736553756984
0.1,fTS,0.0584699703864922
0.1,fTS,0.0525597400847063
0.1,fTS,0.0652602220577123
0.1,fTS,0.124866850838951
0.1,fTS,0.0990966247979857
0.1,fTS,0.0540345984938866
0.1,fTS,0.0306238169173102
0.1,fTS,0.0816928907411222
0.1,fTS,0.0749436237945582
0.1,fTS,0.0723846771230873
0.1,fTS,0.200067637169138
0.1,fTS,0.0856087838541629
0.1,fTS,0.0415480016213849
0.1,fTS,0.0337501062349207
0.1,fTS,0.00750574310923748
0.1,fTS,0.0454932758685912
0.1,fTS,0.0550440333464126
0.1,fTS,0.0401703648863809
0.1,fTS,0.0419403639493523
0.1,fTS,0.0465207308946624
0.1,fTS,0.0354438010127441
0.1,fTS,0.125670504516785
0.1,fTS,0.0385120284038042
0.1,fTS,0.0161359450720573
0.1,fTS,0.0522818655217823
0.1,fTS,0.0214678910870967
0.1,fTS,0.0655515879352979
0.1,fTS,0.0349489580865092
0.1,fTS,0.034202661204853
0.1,fTS,0.0112628400208726
0.1,fTS,0.0307960868563952
0.1,fTS,0.130554989440588
0.1,fTS,0.0269468767647137
0.1,fTS,0.0662286015065128
0.1,fTS,0.0717000919451519
0.1,fTS,0.0606352346604136
0.1,fTS,0.0346339354228262
0.1,fTS,0.126721532251487
0.1,fTS,0.0471798608945099
0.1,fTS,0.0732016476575401
0.1,fTS,0.0565528308163005
0.1,fTS,0.0347415222231922
0.1,fTS,0.0327222796612384
0.1,fTS,0.0645047170196876
0.1,fTS,0.0302337968963925
0.1,fTS,0.0659019858598562
0.1,fTS,0.0378835621520391
0.1,fTS,0.113082354973755
0.1,fTS,0.0724597570708003
0.1,fTS,0.0934092375844334
0.1,fTS,0.0659956810477862
0.1,fTS,0.0688509128929369
0.1,fTS,0.0580159592130655
0.1,fTS,0.0276242583215913
0.1,fTS,0.0675158724594363
0.1,fTS,0.0481983176019882
0.1,fTS,0.0815765529101775
0.1,fTS,0.0876254613020463
0.1,fTS,0.167100187982603
0.1,fTS,0.0256786034738801
0.1,fTS,0.0780808330655879
0.1,fTS,0.0361159145371121
0.1,fTS,0.0491320453554095
0.1,fTS,0.0641523229328089
0.1,fTS,0.0436562185747723
0.1,fTS,0.0393029136659144
0.1,fTS,0.05081362295975
0.1,fTS,0.0754841082770195
0.1,fTS,0.038082946748064
0.1,fTS,0.0778808617871113
0.1,fTS,0.0406754816206724
0.1,fTS,0.0360640985294469
0.1,fTS,0.0434322902322457
0.1,fTS,0.0340281297362854
0.1,fTS,0.132811216573295
0.1,fTS,0.0291639391560868
0.1,fTS,0.0988357394742962
0.1,fTS,0.0371389802285474
0.1,fTS,0.0289868040782294
0.1,fTS,0.0519308065545937
0.1,fTS,0.0449890146261304
0.1,fTS,0.0311376777151198
0.1,fTS,0.0349652435818554
0.1,fTS,0.0356442370946334
0.1,fTS,0.166602215205401
0.1,fTS,0.0120296230355938
0.1,fTS,0.0234775488447291
0.1,fTS,0.0610746048574669
0.1,fTS,0.0156048019991811
0.1,fTS,0.0212428602442309
0.1,fTS,0.0666420408334894
0.1,fTS,0.0319919675066811
0.1,fTS,0.0210817624794577
0.1,fTS,0.0691378074319779
0.1,fTS,0.0391685289072971
0.1,fTS,0.0242527101626344
0.1,fTS,0.0677862209314984
0.1,fTS,0.0237438876124781
0.1,fTS,0.0228415036597225
0.1,fTS,0.0376030301456347
0.1,fTS,0.0467142343276428
0.1,fTS,0.117091580414604
0.1,fTS,0.0811616614779193
0.1,fTS,0.0447013192147177
0.1,fTS,0.0823261069556044
0.1,fTS,0.0717833088867412
0.1,fTS,0.0675206373821571
0.1,fTS,0.0503791469611735
0.1,fTS,0.0330704743578207
0.1,fTS,0.0274710424494585
0.1,fTS,0.0182825739484939
0.1,fTS,0.0245974747953754
0.1,fTS,0.107418908938184
0.1,fTS,0.0297436512994058
0.1,fTS,0.0514253925211732
0.1,fTS,0.0565898703134167
0.1,fTS,0.0679333768563501
0.1,fTS,0.0282607412840296
0.1,fTS,0.0283587857176296
0.1,fTS,0.0552765769301447
0.1,fTS,0.0718126703502125
0.1,fTS,0.057261798995929
0.1,fTS,0.0787024947898808
0.1,fTS,0.088710863429841
0.1,fTS,0.0375357393806084
0.1,fTS,0.0287313819190806
0.1,fTS,0.0908237745008614
0.1,fTS,0.0460279400181043
0.1,fTS,0.0326551681573266
0.1,fTS,0.036845879406916
0.1,fTS,0.038000360827874
0.1,fTS,0.0653703067984175
0.1,fTS,0.0172271497933396
0.1,fTS,0.060238564615563
0.1,fTS,0.0698881155666821
0.1,fTS,0.045857229054698
0.1,fTS,0.0803144077818426
0.1,fTS,0.0336555702161025
0.1,fTS,0.0279155621586164
0.1,fTS,0.0614794033102391
0.1,fTS,0.139118138925386
0.1,fTS,0.0367174862108558
0.1,fTS,0.0920677621812035
0.1,fTS,0.136536928680998
0.1,fTS,0.0329760011206771
0.1,fTS,0.122328256443985
0.1,fTS,0.0504300530009305
0.1,fTS,0.0645761289304463
0.1,fTS,0.0239869866849643
0.1,fTS,0.0302188902843007
0.1,fTS,0.0671968886313386
0.1,fTS,0.0357689272111003
0.1,fTS,0.0568684799359393
0.1,fTS,0.0266502178731682
0.1,fTS,0.038753583480361
0.1,fTS,0.0321444866619462
0.1,fTS,0.0339150620468151
0.1,fTS,0.0224280942924627
0.1,fTS,0.0341249502991058
0.1,fTS,0.0569519266303112
0.1,fTS,0.0721676870838362
0.1,fTS,0.0645830624546981
0.1,fTS,0.0546516978853163
0.1,fTS,0.0405277872054826
0.1,fTS,0.0213962166392413
0.1,fTS,0.0700370110514183
0.1,fTS,0.0686824969108822
0.1,fTS,0.0487391130136376
0.1,fTS,0.0301950559015881
0.1,fTS,0.0628422597891571
0.1,fTS,0.0853607692419141
0.1,fTS,0.0645569394883054
0.1,fTS,0.0344937909857036
0.1,fTS,0.146043626320695
0.1,fTS,0.0444455843802662
0.1,fTS,0.0983784271365514
0.1,fTS,0.039051643840394
0.1,fTS,0.0895658273407944
0.1,fTS,0.0334358605578366
0.1,fTS,0.0461013190195461
0.1,fTS,0.0462380462566454
0.1,fTS,0.03969570057251
0.1,fTS,0.0382965321525052
0.1,fTS,0.0807970402356124
0.1,fTS,0.054394284855481
0.1,fTS,0.0319373636794437
0.1,fTS,0.0267127133354195
0.1,fTS,0.0624500424315001
0.1,fTS,0.0135712827655364
0.1,fTS,0.028560538253577
0.1,fTS,0.0919012246435796
0.1,fTS,0.0389777031411602
0.1,fTS,0.0486107189942605
0.1,fTS,0.0142719987706142
0.1,fTS,0.0580957499102843
0.1,fTS,0.0364136745397751
0.1,LS_oracle,0.0362758869081476
0.1,LS_oracle,0.0616732263980822
0.1,LS_oracle,0.0197000228135159
0.1,LS_oracle,0.0251824193608837
0.1,LS_oracle,0.0720214114984393
0.1,LS_oracle,0.0455711124279164
0.1,LS_oracle,0.0414526302832807
0.1,LS_oracle,0.0817002072067004
0.1,LS_oracle,0.0821982356814111
0.1,LS_oracle,0.0407795643975532
0.1,LS_oracle,0.0462770596133574
0.1,LS_oracle,0.0771040009818351
0.1,LS_oracle,0.0617173286553371
0.1,LS_oracle,0.0588916842342092
0.1,LS_oracle,0.152526226258225
0.1,LS_oracle,0.0717334384257599
0.1,LS_oracle,0.0315314431013045
0.1,LS_oracle,0.0185361205571371
0.1,LS_oracle,0.0346048155622255
0.1,LS_oracle,0.0461527502787166
0.1,LS_oracle,0.0744652451309842
0.1,LS_oracle,0.0337375287061314
0.1,LS_oracle,0.0330896337638961
0.1,LS_oracle,0.0431217127276872
0.1,LS_oracle,0.0203777538656767
0.1,LS_oracle,0.130748107391601
0.1,LS_oracle,0.0279677580030513
0.1,LS_oracle,0.0138040125750732
0.1,LS_oracle,0.048430991117048
0.1,LS_oracle,0.0327693150770131
0.1,LS_oracle,0.0610269766025122
0.1,LS_oracle,0.0366471532990476
0.1,LS_oracle,0.0253428729076589
0.1,LS_oracle,0.0131506050255716
0.1,LS_oracle,0.0243026022915149
0.1,LS_oracle,0.165140283029203
0.1,LS_oracle,0.0220068556498965
0.1,LS_oracle,0.0775220816832704
0.1,LS_oracle,0.0565859385392321
0.1,LS_oracle,0.0629391628469892
0.1,LS_oracle,0.0406797463908984
0.1,LS_oracle,0.0430908403682117
0.1,LS_oracle,0.0750382898944769
0.1,LS_oracle,0.0761177706736716
0.1,LS_oracle,0.0451094591013256
0.1,LS_oracle,0.0370222272104679
0.1,LS_oracle,0.024520181167794
0.1,LS_oracle,0.0549251235939072
0.1,LS_oracle,0.0168979320051061
0.1,LS_oracle,0.0497495614897623
0.1,LS_oracle,0.0459376323997008
0.1,LS_oracle,0.113058935048262
0.1,LS_oracle,0.0644730334659074
0.1,LS_oracle,0.0562244475163594
0.1,LS_oracle,0.0911121406269986
0.1,LS_oracle,0.0660068225203631
0.1,LS_oracle,0.0657161002386206
0.1,LS_oracle,0.021337226883114
0.1,LS_oracle,0.0542655946254364
0.1,LS_oracle,0.0771010624199149
0.1,LS_oracle,0.0784345414783667
0.1,LS_oracle,0.0663853516044291
0.1,LS_oracle,0.140918459653944
0.1,LS_oracle,0.020354031993716
0.1,LS_oracle,0.0791540835077729
0.1,LS_oracle,0.0363254089058164
0.1,LS_oracle,0.0290669234340135
0.1,LS_oracle,0.0588760302177612
0.1,LS_oracle,0.0340393940086233
0.1,LS_oracle,0.0317051690164413
0.1,LS_oracle,0.059187182884972
0.1,LS_oracle,0.0340209529942191
0.1,LS_oracle,0.040971312053214
0.1,LS_oracle,0.071138466887018
0.1,LS_oracle,0.038433737372037
0.1,LS_oracle,0.0371373335083985
0.1,LS_oracle,0.0375338130983862
0.1,LS_oracle,0.0490088004457381
0.1,LS_oracle,0.113229609774752
0.1,LS_oracle,0.0264670296284066
0.1,LS_oracle,0.0263228593278328
0.1,LS_oracle,0.0514712421415151
0.1,LS_oracle,0.023373795891136
0.1,LS_oracle,0.0521919490471085
0.1,LS_oracle,0.0401320420574938
0.1,LS_oracle,0.037089731710128
0.1,LS_oracle,0.0182062770000113
0.1,LS_oracle,0.0494955106089736
0.1,LS_oracle,0.160017986096215
0.1,LS_oracle,0.0176698955680405
0.1,LS_oracle,0.0228854736916574
0.1,LS_oracle,0.051490937027307
0.1,LS_oracle,0.00835917154949866
0.1,LS_oracle,0.0121821272811279
0.1,LS_oracle,0.0272142174303386
0.1,LS_oracle,0.036020241656188
0.1,LS_oracle,0.0242385809087944
0.1,LS_oracle,0.0287634228037454
0.1,LS_oracle,0.0276879223760602
0.1,LS_oracle,0.0275459489887037
0.1,LS_oracle,0.0441887211635124
0.1,LS_oracle,0.0195015218900986
0.1,LS_oracle,0.0218499140371385
0.1,LS_oracle,0.0689552347034307
0.1,LS_oracle,0.0363349950499423
0.1,LS_oracle,0.100548831479374
0.1,LS_oracle,0.0883968061183369
0.1,LS_oracle,0.0374303760731793
0.1,LS_oracle,0.0175398379817776
0.1,LS_oracle,0.0748526307554315
0.1,LS_oracle,0.0667452711568401
0.1,LS_oracle,0.0380846240510189
0.1,LS_oracle,0.0271650184299075
0.1,LS_oracle,0.0265075522202216
0.1,LS_oracle,0.0105283550995929
0.1,LS_oracle,0.00979792753071963
0.1,LS_oracle,0.0893151392710614
0.1,LS_oracle,0.047252418757859
0.1,LS_oracle,0.0427143944011457
0.1,LS_oracle,0.036505250697096
0.1,LS_oracle,0.0577522400715855
0.1,LS_oracle,0.0353651845531279
0.1,LS_oracle,0.0329664832707505
0.1,LS_oracle,0.0491526135534485
0.1,LS_oracle,0.0756291143482747
0.1,LS_oracle,0.06613850295158
0.1,LS_oracle,0.0860240616230521
0.1,LS_oracle,0.0954308814477022
0.1,LS_oracle,0.0312723585159251
0.1,LS_oracle,0.0222260386542255
0.1,LS_oracle,0.0972858568169266
0.1,LS_oracle,0.0616903963312972
0.1,LS_oracle,0.0221038051317402
0.1,LS_oracle,0.0343796153011295
0.1,LS_oracle,0.0288941922823755
0.1,LS_oracle,0.0600040205156872
0.1,LS_oracle,0.0216692036794978
0.1,LS_oracle,0.049976680714565
0.1,LS_oracle,0.0547978657340235
0.1,LS_oracle,0.0238654718318085
0.1,LS_oracle,0.0590414211059121
0.1,LS_oracle,0.040014788889971
0.1,LS_oracle,0.0248872655187016
0.1,LS_oracle,0.0593265430174997
0.1,LS_oracle,0.114006244728003
0.1,LS_oracle,0.0271905141853627
0.1,LS_oracle,0.13884524892633
0.1,LS_oracle,0.0396607028573411
0.1,LS_oracle,0.0418196581503619
0.1,LS_oracle,0.102384237137366
0.1,LS_oracle,0.0511316699618628
0.1,LS_oracle,0.0446067390764591
0.1,LS_oracle,0.0175336943172943
0.1,LS_oracle,0.0154745544828535
0.1,LS_oracle,0.0659387726632591
0.1,LS_oracle,0.0305035989177735
0.1,LS_oracle,0.0556391471623217
0.1,LS_oracle,0.02648673980665
0.1,LS_oracle,0.030720547369612
0.1,LS_oracle,0.0273284816867246
0.1,LS_oracle,0.041240294920166
0.1,LS_oracle,0.0167217943165383
0.1,LS_oracle,0.0161700787512984
0.1,LS_oracle,0.0405411249626227
0.1,LS_oracle,0.0383888351393856
0.1,LS_oracle,0.038741517114848
0.1,LS_oracle,0.0301697381845517
0.1,LS_oracle,0.0335162734993689
0.1,LS_oracle,0.0190418395639157
0.1,LS_oracle,0.0359786111211598
0.1,LS_oracle,0.0843834582543879
0.1,LS_oracle,0.0294634830176951
0.1,LS_oracle,0.0396464859278478
0.1,LS_oracle,0.0557919314178804
0.1,LS_oracle,0.0449101481456176
0.1,LS_oracle,0.0610251124840869
0.1,LS_oracle,0.0401196099457926
0.1,LS_oracle,0.143161567481586
0.1,LS_oracle,0.0321217364549841
0.1,LS_oracle,0.0454477510277093
0.1,LS_oracle,0.0257877388175988
0.1,LS_oracle,0.0633578731780628
0.1,LS_oracle,0.0100289664821126
0.1,LS_oracle,0.0203863825156931
0.1,LS_oracle,0.0460116437988992
0.1,LS_oracle,0.0359553245687204
0.1,LS_oracle,0.0403050954995439
0.1,LS_oracle,0.0718765352854002
0.1,LS_oracle,0.0576714555381674
0.1,LS_oracle,0.0339500172533268
0.1,LS_oracle,0.0352393050568159
0.1,LS_oracle,0.0609856579695478
0.1,LS_oracle,0.0326023801341065
0.1,LS_oracle,0.0263464032379233
0.1,LS_oracle,0.11107458003343
0.1,LS_oracle,0.0355502887055091
0.1,LS_oracle,0.0492407642934814
0.1,LS_oracle,0.0123668655426289
0.1,LS_oracle,0.0547166482957758
0.1,LS_oracle,0.0366558885094447
0.1,TS_oracle,0.0323343420300467
0.1,TS_oracle,0.0607446384280029
0.1,TS_oracle,0.0197000228135159
0.1,TS_oracle,0.0277986776590922
0.1,TS_oracle,0.0720214114984393
0.1,TS_oracle,0.0455711124279164
0.1,TS_oracle,0.0417574123227363
0.1,TS_oracle,0.0983906855639581
0.1,TS_oracle,0.105652097526419
0.1,TS_oracle,0.0415773295984672
0.1,TS_oracle,0.0462770596133575
0.1,TS_oracle,0.0764666325269015
0.1,TS_oracle,0.0617173286553371
0.1,TS_oracle,0.0587255075135893
0.1,TS_oracle,0.152526226258225
0.1,TS_oracle,0.0870354584498391
0.1,TS_oracle,0.0341859655651213
0.1,TS_oracle,0.0185361205571371
0.1,TS_oracle,0.0346048155622255
0.1,TS_oracle,0.046141161739525
0.1,TS_oracle,0.0738154459912675
0.1,TS_oracle,0.0351756856706602
0.1,TS_oracle,0.0322482471761625
0.1,TS_oracle,0.0462436020329371
0.1,TS_oracle,0.0203777538656767
0.1,TS_oracle,0.126044910224004
0.1,TS_oracle,0.0279677580030513
0.1,TS_oracle,0.0138040125750732
0.1,TS_oracle,0.0374848720034278
0.1,TS_oracle,0.0327693150770131
0.1,TS_oracle,0.0594791665964528
0.1,TS_oracle,0.0371562156921407
0.1,TS_oracle,0.0244103816530328
0.1,TS_oracle,0.0131514633541626
0.1,TS_oracle,0.0243026022915149
0.1,TS_oracle,0.139555336161394
0.1,TS_oracle,0.0245663022295545
0.1,TS_oracle,0.0775220816832704
0.1,TS_oracle,0.0578473751317044
0.1,TS_oracle,0.0607993042249967
0.1,TS_oracle,0.0406797463908984
0.1,TS_oracle,0.0430908403682117
0.1,TS_oracle,0.0750382898944769
0.1,TS_oracle,0.0761177706736716
0.1,TS_oracle,0.0359172762097397
0.1,TS_oracle,0.0370222272104679
0.1,TS_oracle,0.0274097743314426
0.1,TS_oracle,0.0564989695961433
0.1,TS_oracle,0.0225585701703323
0.1,TS_oracle,0.0497495614897623
0.1,TS_oracle,0.0459376323997008
0.1,TS_oracle,0.113196919261068
0.1,TS_oracle,0.0644730334659074
0.1,TS_oracle,0.0528609460785369
0.1,TS_oracle,0.0803574935963858
0.1,TS_oracle,0.0666687633514825
0.1,TS_oracle,0.0582378217738848
0.1,TS_oracle,0.021337226883114
0.1,TS_oracle,0.0488656396564964
0.1,TS_oracle,0.0771010624199149
0.1,TS_oracle,0.0765922587310006
0.1,TS_oracle,0.0663853516044291
0.1,TS_oracle,0.157055435227882
0.1,TS_oracle,0.0192422298131666
0.1,TS_oracle,0.0791847716813884
0.1,TS_oracle,0.0360468327631331
0.1,TS_oracle,0.0290669234340135
0.1,TS_oracle,0.0588760302177612
0.1,TS_oracle,0.0367446900780844
0.1,TS_oracle,0.0316927696962664
0.1,TS_oracle,0.059187182884972
0.1,TS_oracle,0.0304430146267791
0.1,TS_oracle,0.040971312053214
0.1,TS_oracle,0.0845182937349052
0.1,TS_oracle,0.0391006414159487
0.1,TS_oracle,0.0362471266194167
0.1,TS_oracle,0.0374632574321302
0.1,TS_oracle,0.0490088004457381
0.1,TS_oracle,0.113229609774752
0.1,TS_oracle,0.021712722144879
0.1,TS_oracle,0.0265196484273143
0.1,TS_oracle,0.048331856624944
0.1,TS_oracle,0.0235253236260498
0.1,TS_oracle,0.0521919490471085
0.1,TS_oracle,0.0401320420574938
0.1,TS_oracle,0.037089731710128
0.1,TS_oracle,0.0182062770000113
0.1,TS_oracle,0.0417947168225928
0.1,TS_oracle,0.159515139617684
0.1,TS_oracle,0.0176698955680405
0.1,TS_oracle,0.019952600572262
0.1,TS_oracle,0.0590618139250166
0.1,TS_oracle,0.00830337281919975
0.1,TS_oracle,0.0117964077659926
0.1,TS_oracle,0.036862165217418
0.1,TS_oracle,0.0300366667241628
0.1,TS_oracle,0.0208697153494589
0.1,TS_oracle,0.0287719025131896
0.1,TS_oracle,0.0267429700585056
0.1,TS_oracle,0.027694941618688
0.1,TS_oracle,0.0511245395530204
0.1,TS_oracle,0.0195015218900986
0.1,TS_oracle,0.0206503659913324
0.1,TS_oracle,0.0689552347034307
0.1,TS_oracle,0.0363349950499423
0.1,TS_oracle,0.0780589976924798
0.1,TS_oracle,0.0815981211666565
0.1,TS_oracle,0.0343259746786577
0.1,TS_oracle,0.0110455227377275
0.1,TS_oracle,0.0673761938638344
0.1,TS_oracle,0.0658986975303299
0.1,TS_oracle,0.036905692613156
0.1,TS_oracle,0.0253330656729051
0.1,TS_oracle,0.0285661674950606
0.1,TS_oracle,0.0164787013316686
0.1,TS_oracle,0.00979792753071963
0.1,TS_oracle,0.0943018970598094
0.1,TS_oracle,0.0456493659849631
0.1,TS_oracle,0.0430241975404239
0.1,TS_oracle,0.0355663664210009
0.1,TS_oracle,0.0577522400715855
0.1,TS_oracle,0.0353651845531279
0.1,TS_oracle,0.0329664832707505
0.1,TS_oracle,0.0530442206881473
0.1,TS_oracle,0.0730843773303835
0.1,TS_oracle,0.065852799588304
0.1,TS_oracle,0.0694617698361079
0.1,TS_oracle,0.0893691243553097
0.1,TS_oracle,0.0307047683948062
0.1,TS_oracle,0.0222260386542255
0.1,TS_oracle,0.0972706941189829
0.1,TS_oracle,0.0616903963312972
0.1,TS_oracle,0.0237309877125107
0.1,TS_oracle,0.0343796153011295
0.1,TS_oracle,0.0267867288573196
0.1,TS_oracle,0.0579988363040838
0.1,TS_oracle,0.0295924194141187
0.1,TS_oracle,0.0513409138414948
0.1,TS_oracle,0.0536930371457498
0.1,TS_oracle,0.0225624561132538
0.1,TS_oracle,0.0640664870182744
0.1,TS_oracle,0.0306661089716838
0.1,TS_oracle,0.0245644945430164
0.1,TS_oracle,0.061987086928399
0.1,TS_oracle,0.108737597619644
0.1,TS_oracle,0.029608204618372
0.1,TS_oracle,0.135326829584646
0.1,TS_oracle,0.0364371255683094
0.1,TS_oracle,0.0384164756339832
0.1,TS_oracle,0.0886500977314345
0.1,TS_oracle,0.0511316699618628
0.1,TS_oracle,0.0421859530917942
0.1,TS_oracle,0.0168407724279243
0.1,TS_oracle,0.020778747265819
0.1,TS_oracle,0.0643741748183995
0.1,TS_oracle,0.030585917029706
0.1,TS_oracle,0.0585062503503174
0.1,TS_oracle,0.0268662919626298
0.1,TS_oracle,0.03031361906413
0.1,TS_oracle,0.0273284816867246
0.1,TS_oracle,0.0344044054147964
0.1,TS_oracle,0.0167217943165383
0.1,TS_oracle,0.0161700787512984
0.1,TS_oracle,0.0513767862496987
0.1,TS_oracle,0.0383673083624825
0.1,TS_oracle,0.0391880685617102
0.1,TS_oracle,0.03342791151025
0.1,TS_oracle,0.0379581954312512
0.1,TS_oracle,0.0189015592182023
0.1,TS_oracle,0.0441501003446331
0.1,TS_oracle,0.0767939516478428
0.1,TS_oracle,0.0294634830176951
0.1,TS_oracle,0.0318042425022081
0.1,TS_oracle,0.0490200350349683
0.1,TS_oracle,0.0449101481456176
0.1,TS_oracle,0.0472063202854173
0.1,TS_oracle,0.0401196099457926
0.1,TS_oracle,0.143161567481586
0.1,TS_oracle,0.0304186230244129
0.1,TS_oracle,0.0454202805055194
0.1,TS_oracle,0.0255673240996349
0.1,TS_oracle,0.0626636193512208
0.1,TS_oracle,0.0108263253935694
0.1,TS_oracle,0.0203863825156931
0.1,TS_oracle,0.0416285720055598
0.1,TS_oracle,0.0371640308142899
0.1,TS_oracle,0.0403050954995439
0.1,TS_oracle,0.0758272338658946
0.1,TS_oracle,0.0526190031639223
0.1,TS_oracle,0.0328592905807298
0.1,TS_oracle,0.0352393050568159
0.1,TS_oracle,0.0626279038910286
0.1,TS_oracle,0.0224271896872747
0.1,TS_oracle,0.0256341227713377
0.1,TS_oracle,0.105935857820845
0.1,TS_oracle,0.041456466905496
0.1,TS_oracle,0.0510464456610918
0.1,TS_oracle,0.00854498541331869
0.1,TS_oracle,0.059062760497701
0.1,TS_oracle,0.0366558885094447
0.2,PLS,0.0502015767396564
0.2,PLS,0.100028940957258
0.2,PLS,0.0121911792327948
0.2,PLS,0.0128158256259384
0.2,PLS,0.0300767564382381
0.2,PLS,0.0906840533479206
0.2,PLS,0.0571964775818033
0.2,PLS,0.0671182517155712
0.2,PLS,0.0408022876322581
0.2,PLS,0.0348530852024189
0.2,PLS,0.0253586860900283
0.2,PLS,0.0795180274338706
0.2,PLS,0.0557239774837685
0.2,PLS,0.0425200066471158
0.2,PLS,0.0500225766558293
0.2,PLS,0.0526491746943548
0.2,PLS,0.0661418349073648
0.2,PLS,0.0716812940675746
0.2,PLS,0.0327427637841806
0.2,PLS,0.0598069932224822
0.2,PLS,0.0307012069179318
0.2,PLS,0.0487562352522906
0.2,PLS,0.0247598288792794
0.2,PLS,0.0741805343265256
0.2,PLS,0.0502718989722891
0.2,PLS,0.0450256986868324
0.2,PLS,0.0320333235901434
0.2,PLS,0.0413183114534408
0.2,PLS,0.0311518915941536
0.2,PLS,0.0238640090706441
0.2,PLS,0.0652756428245386
0.2,PLS,0.0211544668041486
0.2,PLS,0.0781901643017558
0.2,PLS,0.103672578998555
0.2,PLS,0.0516659851611042
0.2,PLS,0.0720630435733661
0.2,PLS,0.0250845393406476
0.2,PLS,0.121888103698554
0.2,PLS,0.0504877724742264
0.2,PLS,0.0111688560238945
0.2,PLS,0.066446727674866
0.2,PLS,0.0317964279815855
0.2,PLS,0.0248673228267335
0.2,PLS,0.0122829724482624
0.2,PLS,0.0380836239679972
0.2,PLS,0.104824853098429
0.2,PLS,0.0114886450079865
0.2,PLS,0.0719954488645393
0.2,PLS,0.0132349146500107
0.2,PLS,0.086493894705601
0.2,PLS,0.080587931129292
0.2,PLS,0.0327256471335726
0.2,PLS,0.0568455496160257
0.2,PLS,0.0282076220871047
0.2,PLS,0.0563206271614605
0.2,PLS,0.044859490314997
0.2,PLS,0.03642767516631
0.2,PLS,0.0157708339596192
0.2,PLS,0.0720318797019489
0.2,PLS,0.0156786448916696
0.2,PLS,0.0565336428576762
0.2,PLS,0.0352990464165353
0.2,PLS,0.0281304059823781
0.2,PLS,0.0231207062149532
0.2,PLS,0.0586272672998233
0.2,PLS,0.118175515314246
0.2,PLS,0.0627449830868622
0.2,PLS,0.0279558282441523
0.2,PLS,0.0379351838671578
0.2,PLS,0.080927620217437
0.2,PLS,0.104101229205099
0.2,PLS,0.0483299976516642
0.2,PLS,0.0293163540618023
0.2,PLS,0.0562230228699014
0.2,PLS,0.0196024704781897
0.2,PLS,0.0742057178286153
0.2,PLS,0.0278960920107001
0.2,PLS,0.0359153339937771
0.2,PLS,0.0312597290867175
0.2,PLS,0.0755249596509216
0.2,PLS,0.0200708117318394
0.2,PLS,0.137609589056087
0.2,PLS,0.0546479134264962
0.2,PLS,0.0368580709621439
0.2,PLS,0.0675660522277035
0.2,PLS,0.0487162125140251
0.2,PLS,0.0508736518520795
0.2,PLS,0.0252853420599628
0.2,PLS,0.0773800089094524
0.2,PLS,0.0143539445184833
0.2,PLS,0.0365859146945166
0.2,PLS,0.0270990885664549
0.2,PLS,0.0713288367605437
0.2,PLS,0.0638082872310387
0.2,PLS,0.04688541242945
0.2,PLS,0.0355251055401122
0.2,PLS,0.0365887768758731
0.2,PLS,0.0502032016762786
0.2,PLS,0.0524260085953415
0.2,PLS,0.0356662859800585
0.2,PLS,0.051326633428216
0.2,PLS,0.0731167602648995
0.2,PLS,0.0302580428973156
0.2,PLS,0.0688940447155798
0.2,PLS,0.0245016092339687
0.2,PLS,0.0184826311890739
0.2,PLS,0.0365726233788974
0.2,PLS,0.0955722728464146
0.2,PLS,0.0669963376744878
0.2,PLS,0.0906662692172611
0.2,PLS,0.0397841034237674
0.2,PLS,0.0270759037284677
0.2,PLS,0.0884954465441182
0.2,PLS,0.0946908776774152
0.2,PLS,0.0557580177494892
0.2,PLS,0.0273861693052433
0.2,PLS,0.0407016901832287
0.2,PLS,0.198862740142853
0.2,PLS,0.0222292242371588
0.2,PLS,0.028341717781769
0.2,PLS,0.0477402644292844
0.2,PLS,0.062656582226792
0.2,PLS,0.0331579125912869
0.2,PLS,0.0953431404414659
0.2,PLS,0.0613552639047462
0.2,PLS,0.0878574116281745
0.2,PLS,0.023431083428131
0.2,PLS,0.0514508339325027
0.2,PLS,0.0486840830159532
0.2,PLS,0.0473140973200483
0.2,PLS,0.0439686845697267
0.2,PLS,0.0840589705649906
0.2,PLS,0.0467120883295557
0.2,PLS,0.0216374937950895
0.2,PLS,0.0229068420726266
0.2,PLS,0.0404435322292492
0.2,PLS,0.0602129509743439
0.2,PLS,0.0501995067184069
0.2,PLS,0.0328662870869641
0.2,PLS,0.120417948262885
0.2,PLS,0.076294298073064
0.2,PLS,0.029906594314301
0.2,PLS,0.0488001928188715
0.2,PLS,0.0576181613333708
0.2,PLS,0.0508347661043778
0.2,PLS,0.0272719437644994
0.2,PLS,0.115961016595414
0.2,PLS,0.0697996529438224
0.2,PLS,0.0351904701639085
0.2,PLS,0.0513606211457623
0.2,PLS,0.111572840876496
0.2,PLS,0.0422027027039947
0.2,PLS,0.0722566329529826
0.2,PLS,0.0240852308938532
0.2,PLS,0.0356854747637621
0.2,PLS,0.0603423238777303
0.2,PLS,0.0286997274313854
0.2,PLS,0.0315249111221332
0.2,PLS,0.0498064665834563
0.2,PLS,0.0440861211255346
0.2,PLS,0.0196467163336567
0.2,PLS,0.0756902636386721
0.2,PLS,0.0391605823552161
0.2,PLS,0.0475268664516643
0.2,PLS,0.0387180168783409
0.2,PLS,0.0152709421252702
0.2,PLS,0.0367486418002146
0.2,PLS,0.01545156029653
0.2,PLS,0.145077280992925
0.2,PLS,0.0255921940752065
0.2,PLS,0.0468385847032532
0.2,PLS,0.015913506834062
0.2,PLS,0.0563016448693099
0.2,PLS,0.0749204317007999
0.2,PLS,0.0951123191864108
0.2,PLS,0.0676697357094938
0.2,PLS,0.0433313201401565
0.2,PLS,0.0308271077290561
0.2,PLS,0.0352443856502122
0.2,PLS,0.0571447867662988
0.2,PLS,0.0530708171116695
0.2,PLS,0.0325550973542385
0.2,PLS,0.0385352135721044
0.2,PLS,0.0655043185850891
0.2,PLS,0.053467432431149
0.2,PLS,0.068926138177655
0.2,PLS,0.0261042322018658
0.2,PLS,0.0397840120404701
0.2,PLS,0.0537097346834291
0.2,PLS,0.0185885589219989
0.2,PLS,0.0836325386769401
0.2,PLS,0.0869678935537442
0.2,PLS,0.0676655873098322
0.2,PLS,0.0332573813244537
0.2,PLS,0.0633195630357578
0.2,PLS,0.0247763408814245
0.2,PLS,0.0136549788705564
0.2,PLS,0.010676583466861
0.2,PLS,0.050561749710295
0.2,PLS,0.0970313535387288
0.2,fTS,0.0436648211545534
0.2,fTS,0.0607901637029269
0.2,fTS,0.0126786070585925
0.2,fTS,0.0155357847871533
0.2,fTS,0.0376615198504326
0.2,fTS,0.0691577726542504
0.2,fTS,0.0552520949627918
0.2,fTS,0.0791187797359069
0.2,fTS,0.0306823077386684
0.2,fTS,0.0433778143601001
0.2,fTS,0.0159342017046262
0.2,fTS,0.0637351064317324
0.2,fTS,0.0501204518529256
0.2,fTS,0.0303970301274307
0.2,fTS,0.0344300078589855
0.2,fTS,0.0499888080901437
0.2,fTS,0.0629374301313985
0.2,fTS,0.0597072806958753
0.2,fTS,0.0305004243722067
0.2,fTS,0.0723185970108041
0.2,fTS,0.043566915243853
0.2,fTS,0.0396993242376589
0.2,fTS,0.0321858432995916
0.2,fTS,0.042752314092345
0.2,fTS,0.0350092316410658
0.2,fTS,0.0607641563511378
0.2,fTS,0.0192133166932128
0.2,fTS,0.0329869923832339
0.2,fTS,0.0292770578230261
0.2,fTS,0.0306638529765667
0.2,fTS,0.072402179106492
0.2,fTS,0.0134770686800493
0.2,fTS,0.113226726183583
0.2,fTS,0.124411653497808
0.2,fTS,0.0312876147116699
0.2,fTS,0.0701684393652501
0.2,fTS,0.0218627534636255
0.2,fTS,0.106184405047646
0.2,fTS,0.0538961751433071
0.2,fTS,0.0106229186803822
0.2,fTS,0.0579506993395142
0.2,fTS,0.0317964279815855
0.2,fTS,0.0381676880910312
0.2,fTS,0.0384512874771307
0.2,fTS,0.0622404211863075
0.2,fTS,0.0893535118964081
0.2,fTS,0.0245147760893427
0.2,fTS,0.0929614794415878
0.2,fTS,0.018484253885315
0.2,fTS,0.077875234308011
0.2,fTS,0.0623288392621614
0.2,fTS,0.0359062282827749
0.2,fTS,0.0458739635242287
0.2,fTS,0.0251193040003351
0.2,fTS,0.0293234134863048
0.2,fTS,0.0404576709400401
0.2,fTS,0.0266049986710294
0.2,fTS,0.0109149639022981
0.2,fTS,0.0839843813505274
0.2,fTS,0.0155585886386839
0.2,fTS,0.0651222700013911
0.2,fTS,0.0561163015836876
0.2,fTS,0.0334590657532873
0.2,fTS,0.0188173964249502
0.2,fTS,0.0214580512927145
0.2,fTS,0.0572065361940162
0.2,fTS,0.0733735569906531
0.2,fTS,0.0284945881962638
0.2,fTS,0.0303165066246217
0.2,fTS,0.0797884615026601
0.2,fTS,0.0510434120676598
0.2,fTS,0.0353608842497557
0.2,fTS,0.0230191897459518
0.2,fTS,0.0800844317559862
0.2,fTS,0.0209019832327357
0.2,fTS,0.0659014922876243
0.2,fTS,0.0255614553865195
0.2,fTS,0.0324437411143575
0.2,fTS,0.0278963993531949
0.2,fTS,0.0699619500035111
0.2,fTS,0.0162857201307174
0.2,fTS,0.117974937687546
0.2,fTS,0.0625420106973354
0.2,fTS,0.0423883047912894
0.2,fTS,0.0597492753010324
0.2,fTS,0.0504438834109915
0.2,fTS,0.0441713575665598
0.2,fTS,0.0290723420488766
0.2,fTS,0.0773800089094524
0.2,fTS,0.0140105641048568
0.2,fTS,0.0384593457616139
0.2,fTS,0.0268552713654228
0.2,fTS,0.0453044791466337
0.2,fTS,0.0535036398930493
0.2,fTS,0.0329535179626698
0.2,fTS,0.0187869958183769
0.2,fTS,0.0249093828047102
0.2,fTS,0.0218342521364294
0.2,fTS,0.0403811352034245
0.2,fTS,0.0280243476990959
0.2,fTS,0.03701748307387
0.2,fTS,0.0668174418820462
0.2,fTS,0.0261273561037457
0.2,fTS,0.0688940447155798
0.2,fTS,0.0322879105789205
0.2,fTS,0.0522030596105716
0.2,fTS,0.0303249584439108
0.2,fTS,0.0626570305037398
0.2,fTS,0.0600906670170136
0.2,fTS,0.0760788452270263
0.2,fTS,0.0233596830157122
0.2,fTS,0.0294516305476291
0.2,fTS,0.0765917798240898
0.2,fTS,0.0681510227169215
0.2,fTS,0.0508661750439633
0.2,fTS,0.0226642227291512
0.2,fTS,0.0466663654081188
0.2,fTS,0.151867023133475
0.2,fTS,0.0222292242371588
0.2,fTS,0.055385604851325
0.2,fTS,0.0527747115921728
0.2,fTS,0.062656582226792
0.2,fTS,0.018141034970279
0.2,fTS,0.095055458410834
0.2,fTS,0.0621074686857139
0.2,fTS,0.0817664570055692
0.2,fTS,0.0231655374316532
0.2,fTS,0.0428158446113919
0.2,fTS,0.0343370802733432
0.2,fTS,0.0499486103330501
0.2,fTS,0.0581700060488673
0.2,fTS,0.0528694542723281
0.2,fTS,0.0492992660808581
0.2,fTS,0.0352794189467347
0.2,fTS,0.0381177475992475
0.2,fTS,0.0370829203128535
0.2,fTS,0.0500617698985858
0.2,fTS,0.0333399572500181
0.2,fTS,0.0344939119973663
0.2,fTS,0.107874535887493
0.2,fTS,0.0874427387408201
0.2,fTS,0.030498524356328
0.2,fTS,0.0427694923710181
0.2,fTS,0.0570075562726891
0.2,fTS,0.0411798706296427
0.2,fTS,0.0205277173086737
0.2,fTS,0.137385862686622
0.2,fTS,0.0774338926894365
0.2,fTS,0.0407578707742365
0.2,fTS,0.024633300027943
0.2,fTS,0.0673072183743083
0.2,fTS,0.033474636674354
0.2,fTS,0.0565030347414028
0.2,fTS,0.0269449939627427
0.2,fTS,0.0538957561393857
0.2,fTS,0.0441802012340386
0.2,fTS,0.0261282300513445
0.2,fTS,0.020721873659199
0.2,fTS,0.0358543174146457
0.2,fTS,0.0292717157008914
0.2,fTS,0.0120824264565336
0.2,fTS,0.037379163295107
0.2,fTS,0.0380139646120916
0.2,fTS,0.0475268664516643
0.2,fTS,0.061315194257038
0.2,fTS,0.0050356351950379
0.2,fTS,0.0232759993862295
0.2,fTS,0.0174851664188823
0.2,fTS,0.145781668265105
0.2,fTS,0.0223809167291696
0.2,fTS,0.033199213321657
0.2,fTS,0.0218043025919124
0.2,fTS,0.0568708282529648
0.2,fTS,0.0854340834974628
0.2,fTS,0.0755729666100988
0.2,fTS,0.0645680266497853
0.2,fTS,0.0454461732862644
0.2,fTS,0.0254783713477464
0.2,fTS,0.0248616110046266
0.2,fTS,0.0729144711161079
0.2,fTS,0.060521718338435
0.2,fTS,0.0390400185104997
0.2,fTS,0.0418470561069288
0.2,fTS,0.050285993759999
0.2,fTS,0.081423158308767
0.2,fTS,0.0668767006809357
0.2,fTS,0.0267913608295059
0.2,fTS,0.0356289206012209
0.2,fTS,0.0524251608374481
0.2,fTS,0.0205618236224873
0.2,fTS,0.0887540303709437
0.2,fTS,0.0375413643317255
0.2,fTS,0.0671107075800423
0.2,fTS,0.0209803273883816
0.2,fTS,0.054972497951698
0.2,fTS,0.0240262993545742
0.2,fTS,0.020844992654366
0.2,fTS,0.0148252091600205
0.2,fTS,0.049373570151756
0.2,fTS,0.0743711936231942
0.2,LS_oracle,0.0469542477617691
0.2,LS_oracle,0.0535192812301377
0.2,LS_oracle,0.0397595976426957
0.2,LS_oracle,0.0125938143265219
0.2,LS_oracle,0.0303369267340879
0.2,LS_oracle,0.10885489335452
0.2,LS_oracle,0.0633700297671634
0.2,LS_oracle,0.0543434540424571
0.2,LS_oracle,0.0495104782073411
0.2,LS_oracle,0.048165351763744
0.2,LS_oracle,0.0199464702252213
0.2,LS_oracle,0.0639747526430457
0.2,LS_oracle,0.059365876843312
0.2,LS_oracle,0.0488766506458364
0.2,LS_oracle,0.0428948468701977
0.2,LS_oracle,0.01869896773588
0.2,LS_oracle,0.057349641337319
0.2,LS_oracle,0.102143015750847
0.2,LS_oracle,0.0325695083587951
0.2,LS_oracle,0.0360797381965631
0.2,LS_oracle,0.036314867185219
0.2,LS_oracle,0.0623148487677174
0.2,LS_oracle,0.0124223910676878
0.2,LS_oracle,0.0328057641675422
0.2,LS_oracle,0.054930618234775
0.2,LS_oracle,0.0380065072024361
0.2,LS_oracle,0.0225242958923549
0.2,LS_oracle,0.0341932451121105
0.2,LS_oracle,0.0202512257335115
0.2,LS_oracle,0.0237076991002726
0.2,LS_oracle,0.0621701862642285
0.2,LS_oracle,0.0211850672510727
0.2,LS_oracle,0.0427935012247248
0.2,LS_oracle,0.0680934129565926
0.2,LS_oracle,0.044980492276412
0.2,LS_oracle,0.0786203085213491
0.2,LS_oracle,0.0255212802876855
0.2,LS_oracle,0.0720600015116803
0.2,LS_oracle,0.0498002739961521
0.2,LS_oracle,0.0176585595501892
0.2,LS_oracle,0.0456361170940106
0.2,LS_oracle,0.0260137536133639
0.2,LS_oracle,0.0321308668235362
0.2,LS_oracle,0.0105809968179931
0.2,LS_oracle,0.0105584851382175
0.2,LS_oracle,0.0579652363138181
0.2,LS_oracle,0.0125048925306545
0.2,LS_oracle,0.0653032501240153
0.2,LS_oracle,0.00871261689468538
0.2,LS_oracle,0.0799643165042589
0.2,LS_oracle,0.0703768061004822
0.2,LS_oracle,0.0536072006134562
0.2,LS_oracle,0.0534610757449569
0.2,LS_oracle,0.01323041118046
0.2,LS_oracle,0.0336747102287919
0.2,LS_oracle,0.0351808890547432
0.2,LS_oracle,0.0343663450231023
0.2,LS_oracle,0.0319262621915456
0.2,LS_oracle,0.0732969223193028
0.2,LS_oracle,0.0124214784420552
0.2,LS_oracle,0.0413958164456142
0.2,LS_oracle,0.0204054707065357
0.2,LS_oracle,0.0727411452288083
0.2,LS_oracle,0.0196416733431483
0.2,LS_oracle,0.101944607758739
0.2,LS_oracle,0.0771574121476288
0.2,LS_oracle,0.0491463755699474
0.2,LS_oracle,0.0404509335436841
0.2,LS_oracle,0.0368889264709206
0.2,LS_oracle,0.116091835303608
0.2,LS_oracle,0.0143723628109913
0.2,LS_oracle,0.039656520469748
0.2,LS_oracle,0.0362793073951831
0.2,LS_oracle,0.059640136128655
0.2,LS_oracle,0.0195284568633915
0.2,LS_oracle,0.0668840590410351
0.2,LS_oracle,0.0255237501930342
0.2,LS_oracle,0.0359906223820136
0.2,LS_oracle,0.0319632525237615
0.2,LS_oracle,0.0927258540339456
0.2,LS_oracle,0.0160577521929042
0.2,LS_oracle,0.120512767000681
0.2,LS_oracle,0.0477889771572883
0.2,LS_oracle,0.0417744664973751
0.2,LS_oracle,0.0709621004066284
0.2,LS_oracle,0.0400487797720575
0.2,LS_oracle,0.0180151932203949
0.2,LS_oracle,0.0569669950155302
0.2,LS_oracle,0.0315583024881204
0.2,LS_oracle,0.00857124868249674
0.2,LS_oracle,0.032706975703676
0.2,LS_oracle,0.0161064061000339
0.2,LS_oracle,0.0585606369308917
0.2,LS_oracle,0.104456363723233
0.2,LS_oracle,0.0392986729417697
0.2,LS_oracle,0.0314127492392659
0.2,LS_oracle,0.0329981483938261
0.2,LS_oracle,0.0372277702263518
0.2,LS_oracle,0.0461278673961456
0.2,LS_oracle,0.0424267633066086
0.2,LS_oracle,0.0521203490716526
0.2,LS_oracle,0.0732226870859554
0.2,LS_oracle,0.0225912932583685
0.2,LS_oracle,0.0641042934344629
0.2,LS_oracle,0.0228897171567754
0.2,LS_oracle,0.0172876116898052
0.2,LS_oracle,0.0332259684968841
0.2,LS_oracle,0.0886917092790472
0.2,LS_oracle,0.0598380545983676
0.2,LS_oracle,0.0535510610729941
0.2,LS_oracle,0.0734390580860285
0.2,LS_oracle,0.0206082671370337
0.2,LS_oracle,0.0709127200603027
0.2,LS_oracle,0.0519660569212337
0.2,LS_oracle,0.0598766276013174
0.2,LS_oracle,0.0377802449751975
0.2,LS_oracle,0.0365382353599121
0.2,LS_oracle,0.17890130732145
0.2,LS_oracle,0.0200039637647711
0.2,LS_oracle,0.0311670106479524
0.2,LS_oracle,0.0368306669727452
0.2,LS_oracle,0.0592651522317601
0.2,LS_oracle,0.0341637364596295
0.2,LS_oracle,0.0917739512685788
0.2,LS_oracle,0.0550417331960241
0.2,LS_oracle,0.080842400943081
0.2,LS_oracle,0.0171528676422711
0.2,LS_oracle,0.0508003746745426
0.2,LS_oracle,0.0522178008771439
0.2,LS_oracle,0.0440331819128428
0.2,LS_oracle,0.046680722195742
0.2,LS_oracle,0.0926308111265477
0.2,LS_oracle,0.0563399734515531
0.2,LS_oracle,0.0167257677265152
0.2,LS_oracle,0.0324575472913497
0.2,LS_oracle,0.0394667773117516
0.2,LS_oracle,0.0909271028651412
0.2,LS_oracle,0.0301756315796608
0.2,LS_oracle,0.0316865990185264
0.2,LS_oracle,0.109363671775859
0.2,LS_oracle,0.0513579877889382
0.2,LS_oracle,0.0179172106979922
0.2,LS_oracle,0.0385688027013582
0.2,LS_oracle,0.143173830139376
0.2,LS_oracle,0.0523474241723974
0.2,LS_oracle,0.0350171864196294
0.2,LS_oracle,0.0902074495305594
0.2,LS_oracle,0.0635657254183038
0.2,LS_oracle,0.0317749045186234
0.2,LS_oracle,0.0531099950447365
0.2,LS_oracle,0.0673420081900142
0.2,LS_oracle,0.0411984106694015
0.2,LS_oracle,0.0524515387904885
0.2,LS_oracle,0.0307248430023314
0.2,LS_oracle,0.0353945376790399
0.2,LS_oracle,0.0581327774536477
0.2,LS_oracle,0.0246705464138296
0.2,LS_oracle,0.0207442253260991
0.2,LS_oracle,0.0520915611266348
0.2,LS_oracle,0.0355960509212087
0.2,LS_oracle,0.0132756414019408
0.2,LS_oracle,0.0375810109142755
0.2,LS_oracle,0.0212393039436944
0.2,LS_oracle,0.010669313099478
0.2,LS_oracle,0.0387989656413295
0.2,LS_oracle,0.0269053452701305
0.2,LS_oracle,0.0318346467734192
0.2,LS_oracle,0.0163093427805923
0.2,LS_oracle,0.153511537324304
0.2,LS_oracle,0.0235591011315057
0.2,LS_oracle,0.0460751929216747
0.2,LS_oracle,0.0147585376550456
0.2,LS_oracle,0.0544579700431363
0.2,LS_oracle,0.0976829571488383
0.2,LS_oracle,0.0791520152547794
0.2,LS_oracle,0.046877852399734
0.2,LS_oracle,0.0285652464246932
0.2,LS_oracle,0.0210523368579026
0.2,LS_oracle,0.0427898506991447
0.2,LS_oracle,0.0636847329843921
0.2,LS_oracle,0.0315865203420629
0.2,LS_oracle,0.0334922714689731
0.2,LS_oracle,0.0309252902233929
0.2,LS_oracle,0.0672794635433208
0.2,LS_oracle,0.0690379271917542
0.2,LS_oracle,0.0877627267169011
0.2,LS_oracle,0.0437049442109527
0.2,LS_oracle,0.0309921763373684
0.2,LS_oracle,0.047553478554799
0.2,LS_oracle,0.0247482509574987
0.2,LS_oracle,0.0705186502840931
0.2,LS_oracle,0.0912847906086636
0.2,LS_oracle,0.0687844716324329
0.2,LS_oracle,0.0247044700460393
0.2,LS_oracle,0.0459234157374073
0.2,LS_oracle,0.0246219020815904
0.2,LS_oracle,0.0186918681127617
0.2,LS_oracle,0.0124580345184827
0.2,LS_oracle,0.0520944992548378
0.2,LS_oracle,0.0808602563325698
0.2,TS_oracle,0.0424513283884578
0.2,TS_oracle,0.0512630736528992
0.2,TS_oracle,0.017269167327739
0.2,TS_oracle,0.0113659317535844
0.2,TS_oracle,0.0381436807885322
0.2,TS_oracle,0.0795084948870047
0.2,TS_oracle,0.0494353162714315
0.2,TS_oracle,0.0737646117862442
0.2,TS_oracle,0.0382550368248196
0.2,TS_oracle,0.0496072848367333
0.2,TS_oracle,0.0105248037520122
0.2,TS_oracle,0.062433463195136
0.2,TS_oracle,0.041296348561359
0.2,TS_oracle,0.0297890983335553
0.2,TS_oracle,0.0335254018187007
0.2,TS_oracle,0.0250657430137146
0.2,TS_oracle,0.0586009742986658
0.2,TS_oracle,0.0603097311089294
0.2,TS_oracle,0.0274813172360535
0.2,TS_oracle,0.0510821794243749
0.2,TS_oracle,0.0484817331885288
0.2,TS_oracle,0.0463113726103747
0.2,TS_oracle,0.0185079537768975
0.2,TS_oracle,0.0370234321570908
0.2,TS_oracle,0.0297689007928207
0.2,TS_oracle,0.0263034937393332
0.2,TS_oracle,0.016514564166963
0.2,TS_oracle,0.0280901995199895
0.2,TS_oracle,0.0259590306378804
0.2,TS_oracle,0.0292951986621475
0.2,TS_oracle,0.0647320043603221
0.2,TS_oracle,0.0132903216699544
0.2,TS_oracle,0.074426998830991
0.2,TS_oracle,0.0845582957235585
0.2,TS_oracle,0.029119788020029
0.2,TS_oracle,0.072379793628742
0.2,TS_oracle,0.0168163847008966
0.2,TS_oracle,0.0764600575508973
0.2,TS_oracle,0.0535596091905619
0.2,TS_oracle,0.0170690352757366
0.2,TS_oracle,0.046079229727369
0.2,TS_oracle,0.0178946691425563
0.2,TS_oracle,0.0422815901569166
0.2,TS_oracle,0.0264787553639414
0.2,TS_oracle,0.00987572757108009
0.2,TS_oracle,0.0420480963960422
0.2,TS_oracle,0.0160711994468345
0.2,TS_oracle,0.0867438839909522
0.2,TS_oracle,0.011850946774142
0.2,TS_oracle,0.0720745884411889
0.2,TS_oracle,0.0514030438609921
0.2,TS_oracle,0.0447088840746108
0.2,TS_oracle,0.0406974207051293
0.2,TS_oracle,0.00443511157806045
0.2,TS_oracle,0.0210520591229051
0.2,TS_oracle,0.0246525507795906
0.2,TS_oracle,0.0257716589426308
0.2,TS_oracle,0.0150685320894104
0.2,TS_oracle,0.0685363439440383
0.2,TS_oracle,0.0121886664588496
0.2,TS_oracle,0.055768611152636
0.2,TS_oracle,0.0231811460084904
0.2,TS_oracle,0.0425490217160963
0.2,TS_oracle,0.0161569904186339
0.2,TS_oracle,0.0384037750516523
0.2,TS_oracle,0.0542789145926707
0.2,TS_oracle,0.0574312700742919
0.2,TS_oracle,0.023896863829043
0.2,TS_oracle,0.0242501166382766
0.2,TS_oracle,0.096901909210679
0.2,TS_oracle,0.0105328968548649
0.2,TS_oracle,0.0329143759569988
0.2,TS_oracle,0.0256083191127209
0.2,TS_oracle,0.0699456530662682
0.2,TS_oracle,0.01736761904114
0.2,TS_oracle,0.0598612993729488
0.2,TS_oracle,0.0247578613955739
0.2,TS_oracle,0.0330794133026699
0.2,TS_oracle,0.0284222141042412
0.2,TS_oracle,0.0733648885159036
0.2,TS_oracle,0.0154776192940945
0.2,TS_oracle,0.0984361677414627
0.2,TS_oracle,0.0560700323958022
0.2,TS_oracle,0.0352796063505928
0.2,TS_oracle,0.0599737105503558
0.2,TS_oracle,0.0395053286847158
0.2,TS_oracle,0.0178771274435495
0.2,TS_oracle,0.041124756264476
0.2,TS_oracle,0.0316865505174169
0.2,TS_oracle,0.00977228143714381
0.2,TS_oracle,0.0329981849068502
0.2,TS_oracle,0.0208380954281637
0.2,TS_oracle,0.0452855885809303
0.2,TS_oracle,0.0660076018621867
0.2,TS_oracle,0.0309726817254647
0.2,TS_oracle,0.0199440407876766
0.2,TS_oracle,0.0242390190832224
0.2,TS_oracle,0.0193524807235431
0.2,TS_oracle,0.0337202665768061
0.2,TS_oracle,0.0185653027657449
0.2,TS_oracle,0.0344552689092327
0.2,TS_oracle,0.0580896094617947
0.2,TS_oracle,0.0215743448831481
0.2,TS_oracle,0.0645477424752816
0.2,TS_oracle,0.0253749831111396
0.2,TS_oracle,0.0511589718343289
0.2,TS_oracle,0.0262404927177678
0.2,TS_oracle,0.062734979482912
0.2,TS_oracle,0.0527402976672174
0.2,TS_oracle,0.0494689009125151
0.2,TS_oracle,0.0405846960046897
0.2,TS_oracle,0.0211194773362088
0.2,TS_oracle,0.0651233469348614
0.2,TS_oracle,0.0489053781962629
0.2,TS_oracle,0.0470030107997511
0.2,TS_oracle,0.0275834337551979
0.2,TS_oracle,0.0411139641172862
0.2,TS_oracle,0.146537974955246
0.2,TS_oracle,0.0200039637647711
0.2,TS_oracle,0.0487609990041421
0.2,TS_oracle,0.0384766451568804
0.2,TS_oracle,0.0592651522317601
0.2,TS_oracle,0.0181003738682022
0.2,TS_oracle,0.093304689934721
0.2,TS_oracle,0.056010282753772
0.2,TS_oracle,0.07096460490313
0.2,TS_oracle,0.0193263094307373
0.2,TS_oracle,0.0474380493548032
0.2,TS_oracle,0.0356327217474031
0.2,TS_oracle,0.0429625918640288
0.2,TS_oracle,0.0478645354034615
0.2,TS_oracle,0.0475522202389222
0.2,TS_oracle,0.0476243473112743
0.2,TS_oracle,0.0321472106513532
0.2,TS_oracle,0.0362592346251166
0.2,TS_oracle,0.0359435893314143
0.2,TS_oracle,0.074357732754941
0.2,TS_oracle,0.0205956939483039
0.2,TS_oracle,0.0336380277477915
0.2,TS_oracle,0.0978910686011965
0.2,TS_oracle,0.0610735237243585
0.2,TS_oracle,0.0239794094007821
0.2,TS_oracle,0.0375876941494971
0.2,TS_oracle,0.102483918567076
0.2,TS_oracle,0.0400435137989936
0.2,TS_oracle,0.0258930920862433
0.2,TS_oracle,0.104394848317337
0.2,TS_oracle,0.0709943407964178
0.2,TS_oracle,0.0383280459441884
0.2,TS_oracle,0.0237000657890867
0.2,TS_oracle,0.0524744630556199
0.2,TS_oracle,0.033456127063545
0.2,TS_oracle,0.0410513700045433
0.2,TS_oracle,0.021909662331112
0.2,TS_oracle,0.0482021188141126
0.2,TS_oracle,0.042028566519485
0.2,TS_oracle,0.023078990636773
0.2,TS_oracle,0.0132659730424846
0.2,TS_oracle,0.0365052030063118
0.2,TS_oracle,0.0314886349426064
0.2,TS_oracle,0.0103665772578526
0.2,TS_oracle,0.0260976069306688
0.2,TS_oracle,0.0238527521233562
0.2,TS_oracle,0.010669313099478
0.2,TS_oracle,0.0596197696066721
0.2,TS_oracle,0.0062039620808883
0.2,TS_oracle,0.0130110909957291
0.2,TS_oracle,0.0180402413242815
0.2,TS_oracle,0.153837259135968
0.2,TS_oracle,0.0183577988329132
0.2,TS_oracle,0.0350107301867479
0.2,TS_oracle,0.0205111063606458
0.2,TS_oracle,0.0482601977808083
0.2,TS_oracle,0.0836723589073908
0.2,TS_oracle,0.0513358878123622
0.2,TS_oracle,0.0566743988948019
0.2,TS_oracle,0.0281147320030325
0.2,TS_oracle,0.0193690024759395
0.2,TS_oracle,0.0245859704261002
0.2,TS_oracle,0.062790676024557
0.2,TS_oracle,0.0455579856752573
0.2,TS_oracle,0.0388955514289972
0.2,TS_oracle,0.0340675959571913
0.2,TS_oracle,0.0477615108545558
0.2,TS_oracle,0.0914948375922249
0.2,TS_oracle,0.0771070523561955
0.2,TS_oracle,0.0349145557151571
0.2,TS_oracle,0.0294657391463588
0.2,TS_oracle,0.0449221646978024
0.2,TS_oracle,0.0230826213044617
0.2,TS_oracle,0.0804482367998877
0.2,TS_oracle,0.0427365006024961
0.2,TS_oracle,0.0677091806593587
0.2,TS_oracle,0.0171044570085023
0.2,TS_oracle,0.0375777453653627
0.2,TS_oracle,0.0238764343748951
0.2,TS_oracle,0.014039975703213
0.2,TS_oracle,0.0137923458986782
0.2,TS_oracle,0.0399825298180413
0.2,TS_oracle,0.0528587514373981
0.3,PLS,0.0186229400130289
0.3,PLS,0.0753369014773879
0.3,PLS,0.0288443842452152
0.3,PLS,0.0632620773196217
0.3,PLS,0.103881412953647
0.3,PLS,0.0216966007151551
0.3,PLS,0.0612377231512926
0.3,PLS,0.0395771330286949
0.3,PLS,0.0308039089604784
0.3,PLS,0.107371628220365
0.3,PLS,0.0197277796628671
0.3,PLS,0.0755140820771959
0.3,PLS,0.0653917238567626
0.3,PLS,0.0266291209395476
0.3,PLS,0.0985844469338731
0.3,PLS,0.0792658394267399
0.3,PLS,0.0459559397046729
0.3,PLS,0.0664660655845579
0.3,PLS,0.0235664303084937
0.3,PLS,0.0325427346496988
0.3,PLS,0.048447385978178
0.3,PLS,0.0602861176135991
0.3,PLS,0.132270238216334
0.3,PLS,0.0732136878438942
0.3,PLS,0.0208415312761421
0.3,PLS,0.116187612334888
0.3,PLS,0.0117868139531159
0.3,PLS,0.0826658091696015
0.3,PLS,0.09697782111336
0.3,PLS,0.103308344859822
0.3,PLS,0.0554475506834719
0.3,PLS,0.0333639078161768
0.3,PLS,0.191704175805487
0.3,PLS,0.0594554687492652
0.3,PLS,0.0922466007719661
0.3,PLS,0.0189318597483659
0.3,PLS,0.017782627145234
0.3,PLS,0.0462531371122439
0.3,PLS,0.0566822586101987
0.3,PLS,0.042497153586104
0.3,PLS,0.0373756689048308
0.3,PLS,0.141899384343758
0.3,PLS,0.0188795265893013
0.3,PLS,0.143608179098404
0.3,PLS,0.0232733238153612
0.3,PLS,0.0240267421434048
0.3,PLS,0.0244482884922351
0.3,PLS,0.127514507436926
0.3,PLS,0.0696730754442813
0.3,PLS,0.0239841976432128
0.3,PLS,0.0359697772485604
0.3,PLS,0.123974807518191
0.3,PLS,0.0417801612238413
0.3,PLS,0.0241526362101647
0.3,PLS,0.014319271337972
0.3,PLS,0.0817109259392876
0.3,PLS,0.0406099108285496
0.3,PLS,0.0534711879051138
0.3,PLS,0.0465897266455452
0.3,PLS,0.0299750381165076
0.3,PLS,0.0339210912464803
0.3,PLS,0.0397850507234906
0.3,PLS,0.0269718193235709
0.3,PLS,0.0392924133455949
0.3,PLS,0.0422532051965984
0.3,PLS,0.0453073722824909
0.3,PLS,0.0483801794729459
0.3,PLS,0.026784958295955
0.3,PLS,0.0668207953216972
0.3,PLS,0.14200057142511
0.3,PLS,0.0667753394915977
0.3,PLS,0.0416721982038046
0.3,PLS,0.0627664175062937
0.3,PLS,0.0678748604628558
0.3,PLS,0.0327634994647912
0.3,PLS,0.0375754863658605
0.3,PLS,0.0946659110021473
0.3,PLS,0.0448472974447074
0.3,PLS,0.0685464476967626
0.3,PLS,0.0567888910796534
0.3,PLS,0.0806057376551851
0.3,PLS,0.077077186561689
0.3,PLS,0.0805793608201577
0.3,PLS,0.0462953165482409
0.3,PLS,0.013830874675552
0.3,PLS,0.103360984487415
0.3,PLS,0.0785327868797153
0.3,PLS,0.0448584597864916
0.3,PLS,0.0744250891006231
0.3,PLS,0.0498379970693322
0.3,PLS,0.0121857410806315
0.3,PLS,0.0741850608159436
0.3,PLS,0.0658111760775082
0.3,PLS,0.0238748542547358
0.3,PLS,0.055246249893277
0.3,PLS,0.0775151173612904
0.3,PLS,0.0774505193085152
0.3,PLS,0.0530790504757832
0.3,PLS,0.0236988357450691
0.3,PLS,0.0722283155598814
0.3,PLS,0.0634640086813015
0.3,PLS,0.0400709079807274
0.3,PLS,0.0722478055890186
0.3,PLS,0.0322905759338686
0.3,PLS,0.0196285809032035
0.3,PLS,0.0393246313649392
0.3,PLS,0.0407044071410572
0.3,PLS,0.0147150700785028
0.3,PLS,0.0170454413390651
0.3,PLS,0.0740790641751392
0.3,PLS,0.072942184624667
0.3,PLS,0.0408327626361218
0.3,PLS,0.0365223450866413
0.3,PLS,0.0978671645137907
0.3,PLS,0.0530932641929052
0.3,PLS,0.0902760477354459
0.3,PLS,0.0445917807275517
0.3,PLS,0.0956503631115662
0.3,PLS,0.0845323606802434
0.3,PLS,0.105524410909715
0.3,PLS,0.0162867883330092
0.3,PLS,0.0393417244911691
0.3,PLS,0.0616383740142131
0.3,PLS,0.0255246318335788
0.3,PLS,0.0229661225445098
0.3,PLS,0.0432920992627539
0.3,PLS,0.032228884945387
0.3,PLS,0.0990435659082561
0.3,PLS,0.141416617729763
0.3,PLS,0.0895292381414209
0.3,PLS,0.0335228109193646
0.3,PLS,0.0253272085705775
0.3,PLS,0.135360553800424
0.3,PLS,0.0321106517230487
0.3,PLS,0.0552475668884964
0.3,PLS,0.01753457406917
0.3,PLS,0.0609501156914022
0.3,PLS,0.0215839240233076
0.3,PLS,0.0594734690509877
0.3,PLS,0.0198711760263041
0.3,PLS,0.132036219870364
0.3,PLS,0.0329470458321179
0.3,PLS,0.0893915196152354
0.3,PLS,0.0368871973050319
0.3,PLS,0.0591955500897016
0.3,PLS,0.0409688144226532
0.3,PLS,0.0623746932837326
0.3,PLS,0.11297956706075
0.3,PLS,0.0206389376821703
0.3,PLS,0.0768919379327342
0.3,PLS,0.0756716601711599
0.3,PLS,0.189404696400153
0.3,PLS,0.144422853471692
0.3,PLS,0.0318608235823974
0.3,PLS,0.037076956035873
0.3,PLS,0.0372900085821523
0.3,PLS,0.0613342221414169
0.3,PLS,0.0124605795931126
0.3,PLS,0.0445143750837953
0.3,PLS,0.0720791419300887
0.3,PLS,0.113877402088457
0.3,PLS,0.0125892808126959
0.3,PLS,0.0573123720734136
0.3,PLS,0.0447738116066184
0.3,PLS,0.0517092910471803
0.3,PLS,0.0958108457581679
0.3,PLS,0.0781407811865791
0.3,PLS,0.0508100757713619
0.3,PLS,0.0147227165178603
0.3,PLS,0.120215957010085
0.3,PLS,0.0318985761167305
0.3,PLS,0.00797290389976619
0.3,PLS,0.0324950084058381
0.3,PLS,0.0022909846233926
0.3,PLS,0.0496505569311231
0.3,PLS,0.0848833569176922
0.3,PLS,0.216511584236361
0.3,PLS,0.0409696559500804
0.3,PLS,0.0171594590884903
0.3,PLS,0.0730088928129021
0.3,PLS,0.0291490353950277
0.3,PLS,0.0549179133498125
0.3,PLS,0.108502200653377
0.3,PLS,0.0575821495048914
0.3,PLS,0.105421255773173
0.3,PLS,0.0324233375497016
0.3,PLS,0.00873904188575754
0.3,PLS,0.144981686625512
0.3,PLS,0.018924866942702
0.3,PLS,0.0667315912322657
0.3,PLS,0.0572537180679082
0.3,PLS,0.0685560580418587
0.3,PLS,0.051655460482971
0.3,PLS,0.0068787456514153
0.3,PLS,0.0507150049425695
0.3,PLS,0.0746293550874967
0.3,PLS,0.0990046926588084
0.3,PLS,0.0152529286018872
0.3,PLS,0.0296896325114924
0.3,PLS,0.05310212667964
0.3,fTS,0.00596605846807483
0.3,fTS,0.0921391820753608
0.3,fTS,0.0472673511337782
0.3,fTS,0.05102355282647
0.3,fTS,0.0848859745689896
0.3,fTS,0.0232456691495981
0.3,fTS,0.0607103403738707
0.3,fTS,0.0254655958548388
0.3,fTS,0.0460150068677752
0.3,fTS,0.0699178986643098
0.3,fTS,0.105004703690822
0.3,fTS,0.0574764903155144
0.3,fTS,0.0906707282199727
0.3,fTS,0.027691682756831
0.3,fTS,0.0924461564433495
0.3,fTS,0.0548258120245129
0.3,fTS,0.026011805954976
0.3,fTS,0.0728388184376104
0.3,fTS,0.0149676174914641
0.3,fTS,0.0502136088385078
0.3,fTS,0.0609335750821088
0.3,fTS,0.0254073797297589
0.3,fTS,0.065813850249293
0.3,fTS,0.0392704721291286
0.3,fTS,0.0166221973311149
0.3,fTS,0.100485365332948
0.3,fTS,0.00704464759037633
0.3,fTS,0.0560933125893964
0.3,fTS,0.0326884788085929
0.3,fTS,0.0377645863591625
0.3,fTS,0.0384801464644491
0.3,fTS,0.0294005337554389
0.3,fTS,0.096459755337752
0.3,fTS,0.0482436023973238
0.3,fTS,0.0584415021386057
0.3,fTS,0.0165741381615395
0.3,fTS,0.0174507006983098
0.3,fTS,0.0505604111717538
0.3,fTS,0.0453098744369508
0.3,fTS,0.0326188629707437
0.3,fTS,0.0512975726848299
0.3,fTS,0.0864595592524654
0.3,fTS,0.029458119823896
0.3,fTS,0.082603041223182
0.3,fTS,0.0259202378655781
0.3,fTS,0.0219331127477253
0.3,fTS,0.0153151448368688
0.3,fTS,0.0638083846545351
0.3,fTS,0.049497126087018
0.3,fTS,0.0351493820169995
0.3,fTS,0.0432496686969036
0.3,fTS,0.0415874933970278
0.3,fTS,0.0435895080167376
0.3,fTS,0.0308303010748105
0.3,fTS,0.0149941534209913
0.3,fTS,0.0894026497540071
0.3,fTS,0.0300870230261474
0.3,fTS,0.0589708065663634
0.3,fTS,0.0385524101975876
0.3,fTS,0.0363487995090559
0.3,fTS,0.0593275243651517
0.3,fTS,0.0321585666291902
0.3,fTS,0.0403997114978224
0.3,fTS,0.0273739423989501
0.3,fTS,0.0182898067237774
0.3,fTS,0.021104008150737
0.3,fTS,0.0299338146913774
0.3,fTS,0.0423699553204339
0.3,fTS,0.0346218358277427
0.3,fTS,0.188233932457252
0.3,fTS,0.054849112150736
0.3,fTS,0.0401383728311742
0.3,fTS,0.0455015752848537
0.3,fTS,0.0680630832365262
0.3,fTS,0.0255014860265234
0.3,fTS,0.0321491567472955
0.3,fTS,0.0514807965857609
0.3,fTS,0.0283398823488848
0.3,fTS,0.060572327918145
0.3,fTS,0.0375078417142425
0.3,fTS,0.0744635806111797
0.3,fTS,0.129455050041469
0.3,fTS,0.040239891375298
0.3,fTS,0.0432440525476405
0.3,fTS,0.0142748258123672
0.3,fTS,0.0921386464622912
0.3,fTS,0.0450332428610673
0.3,fTS,0.0279916734607758
0.3,fTS,0.0387943890319957
0.3,fTS,0.0456094145178197
0.3,fTS,0.0159140114885613
0.3,fTS,0.0715712927358504
0.3,fTS,0.0587589301637787
0.3,fTS,0.0319531108593564
0.3,fTS,0.0558894699119786
0.3,fTS,0.0346133644439956
0.3,fTS,0.0533679000003943
0.3,fTS,0.0619171867354153
0.3,fTS,0.0246794180990766
0.3,fTS,0.0387223308925833
0.3,fTS,0.043223893380534
0.3,fTS,0.0161947971871582
0.3,fTS,0.0805045627941362
0.3,fTS,0.0285240156718996
0.3,fTS,0.0170982373391136
0.3,fTS,0.0352483758699656
0.3,fTS,0.0517091444055111
0.3,fTS,0.0244808700769877
0.3,fTS,0.0250086643144474
0.3,fTS,0.0388370289224107
0.3,fTS,0.0913714647688542
0.3,fTS,0.0361756726219857
0.3,fTS,0.042665943127721
0.3,fTS,0.117792753935856
0.3,fTS,0.0689380438643208
0.3,fTS,0.0621951608036634
0.3,fTS,0.0348687761955104
0.3,fTS,0.0809856317327001
0.3,fTS,0.0809019817617629
0.3,fTS,0.0856119839219452
0.3,fTS,0.0319376322226371
0.3,fTS,0.0147027153614666
0.3,fTS,0.0649498882809037
0.3,fTS,0.0341529105851449
0.3,fTS,0.0224874920200888
0.3,fTS,0.0290053136624296
0.3,fTS,0.0285743989196029
0.3,fTS,0.0406885746774471
0.3,fTS,0.0712872187435869
0.3,fTS,0.0521447634352343
0.3,fTS,0.0237110954241374
0.3,fTS,0.0453813493528363
0.3,fTS,0.109162892712682
0.3,fTS,0.0215879823694994
0.3,fTS,0.0722515804299951
0.3,fTS,0.0222609410275013
0.3,fTS,0.0669335173253107
0.3,fTS,0.0298160213761024
0.3,fTS,0.0370561189317961
0.3,fTS,0.0306238553108293
0.3,fTS,0.0536175584805286
0.3,fTS,0.0573511998640814
0.3,fTS,0.0765248721227959
0.3,fTS,0.031199463080021
0.3,fTS,0.0628943218072005
0.3,fTS,0.0166260440920753
0.3,fTS,0.0473981130967292
0.3,fTS,0.0892502675420579
0.3,fTS,0.0141471006343037
0.3,fTS,0.0596820270776367
0.3,fTS,0.0410792371160117
0.3,fTS,0.0636061514534529
0.3,fTS,0.113457965762399
0.3,fTS,0.0242110416350729
0.3,fTS,0.0371762090467337
0.3,fTS,0.0409401509158435
0.3,fTS,0.0324826760592718
0.3,fTS,0.017693007169488
0.3,fTS,0.0380466012579634
0.3,fTS,0.0374094304027567
0.3,fTS,0.0962406207997239
0.3,fTS,0.0038820769072072
0.3,fTS,0.0407559870065854
0.3,fTS,0.0175239254646971
0.3,fTS,0.0734846204145326
0.3,fTS,0.0767039800902481
0.3,fTS,0.0790365670124571
0.3,fTS,0.0648479849342568
0.3,fTS,0.0134310804172535
0.3,fTS,0.054145983384308
0.3,fTS,0.022916193030624
0.3,fTS,0.0121508677746543
0.3,fTS,0.0594451827058904
0.3,fTS,0.0196391427188931
0.3,fTS,0.0438590162071206
0.3,fTS,0.054420933934637
0.3,fTS,0.157196832666427
0.3,fTS,0.0355632166857247
0.3,fTS,0.0120023638576244
0.3,fTS,0.0417673187857948
0.3,fTS,0.0264992919508026
0.3,fTS,0.0774140740522716
0.3,fTS,0.0390878299150346
0.3,fTS,0.0610645347577713
0.3,fTS,0.0822589257205588
0.3,fTS,0.0354284934091918
0.3,fTS,0.0268338917703867
0.3,fTS,0.107902950167414
0.3,fTS,0.0261941950002131
0.3,fTS,0.0387389126883515
0.3,fTS,0.0356994309533241
0.3,fTS,0.0680974963154266
0.3,fTS,0.049970580193673
0.3,fTS,0.0169474492733813
0.3,fTS,0.0720824670282338
0.3,fTS,0.0523502825460761
0.3,fTS,0.0908714726803264
0.3,fTS,0.0196575438672384
0.3,fTS,0.0479909360891019
0.3,fTS,0.0671904663459742
0.3,LS_oracle,0.00400111949900334
0.3,LS_oracle,0.0641628033079703
0.3,LS_oracle,0.0280269382725101
0.3,LS_oracle,0.0795060188937317
0.3,LS_oracle,0.079737822507074
0.3,LS_oracle,0.0209994558384134
0.3,LS_oracle,0.0595563379498234
0.3,LS_oracle,0.0402077250031223
0.3,LS_oracle,0.0300885578822311
0.3,LS_oracle,0.132145544441549
0.3,LS_oracle,0.0223383798889018
0.3,LS_oracle,0.0611238474111812
0.3,LS_oracle,0.0491385157783
0.3,LS_oracle,0.0198449176893913
0.3,LS_oracle,0.0851003247486087
0.3,LS_oracle,0.0714875076634176
0.3,LS_oracle,0.0380990729779333
0.3,LS_oracle,0.0593051796771432
0.3,LS_oracle,0.0202466468769594
0.3,LS_oracle,0.0530693507674251
0.3,LS_oracle,0.0471349300679324
0.3,LS_oracle,0.0390697420473779
0.3,LS_oracle,0.127813424920284
0.3,LS_oracle,0.0206608764861205
0.3,LS_oracle,0.0148762457941779
0.3,LS_oracle,0.141189475624772
0.3,LS_oracle,0.00841144489406212
0.3,LS_oracle,0.0622254646008842
0.3,LS_oracle,0.0249426964495411
0.3,LS_oracle,0.0491549228750484
0.3,LS_oracle,0.0538726084592452
0.3,LS_oracle,0.0428248276928252
0.3,LS_oracle,0.194356980445864
0.3,LS_oracle,0.0466235871034124
0.3,LS_oracle,0.0878086473278126
0.3,LS_oracle,0.0258920637767739
0.3,LS_oracle,0.0171758314780359
0.3,LS_oracle,0.0505162238179724
0.3,LS_oracle,0.057407346436505
0.3,LS_oracle,0.0450134676280495
0.3,LS_oracle,0.0425392339814201
0.3,LS_oracle,0.135876476535223
0.3,LS_oracle,0.0173136549196169
0.3,LS_oracle,0.116409808262608
0.3,LS_oracle,0.0257894488577565
0.3,LS_oracle,0.014632349976375
0.3,LS_oracle,0.0178755903552051
0.3,LS_oracle,0.0970540446732614
0.3,LS_oracle,0.0656329911632482
0.3,LS_oracle,0.0194084929126929
0.3,LS_oracle,0.0285680596068716
0.3,LS_oracle,0.0705227238834428
0.3,LS_oracle,0.038690039156287
0.3,LS_oracle,0.0266444364601666
0.3,LS_oracle,0.0321736214299443
0.3,LS_oracle,0.108674027012915
0.3,LS_oracle,0.0361162611798598
0.3,LS_oracle,0.0437187519256345
0.3,LS_oracle,0.0484472288235224
0.3,LS_oracle,0.0177395781439093
0.3,LS_oracle,0.0248115289092968
0.3,LS_oracle,0.0461758583771727
0.3,LS_oracle,0.0391384722349932
0.3,LS_oracle,0.0300125633495368
0.3,LS_oracle,0.0300947546839297
0.3,LS_oracle,0.0403023717776136
0.3,LS_oracle,0.0442109601711027
0.3,LS_oracle,0.0191340587418445
0.3,LS_oracle,0.0472598027829767
0.3,LS_oracle,0.0896835282663233
0.3,LS_oracle,0.0639880501237466
0.3,LS_oracle,0.0553881554692396
0.3,LS_oracle,0.0576263086516131
0.3,LS_oracle,0.0711238511491541
0.3,LS_oracle,0.0204032188925265
0.3,LS_oracle,0.0154331077254289
0.3,LS_oracle,0.0967914016309693
0.3,LS_oracle,0.0480022482479323
0.3,LS_oracle,0.0624214355164653
0.3,LS_oracle,0.0416509465168388
0.3,LS_oracle,0.0815134858607842
0.3,LS_oracle,0.0725845335812679
0.3,LS_oracle,0.0761146221502599
0.3,LS_oracle,0.0669864614827569
0.3,LS_oracle,0.0159079258924702
0.3,LS_oracle,0.126744062344566
0.3,LS_oracle,0.145006716759476
0.3,LS_oracle,0.0473208026354861
0.3,LS_oracle,0.0551461261338561
0.3,LS_oracle,0.0463992603663
0.3,LS_oracle,0.0188682397080536
0.3,LS_oracle,0.0680103477578577
0.3,LS_oracle,0.0360280401188913
0.3,LS_oracle,0.0244939794922238
0.3,LS_oracle,0.0562472472641104
0.3,LS_oracle,0.0692345470108745
0.3,LS_oracle,0.115673515039159
0.3,LS_oracle,0.0504121297462349
0.3,LS_oracle,0.025891856126837
0.3,LS_oracle,0.0659245909071652
0.3,LS_oracle,0.0423123062032017
0.3,LS_oracle,0.0528031196877558
0.3,LS_oracle,0.044454472944795
0.3,LS_oracle,0.0351286370694405
0.3,LS_oracle,0.0247642614354779
0.3,LS_oracle,0.0513330915449851
0.3,LS_oracle,0.0369037849931953
0.3,LS_oracle,0.0165588058912631
0.3,LS_oracle,0.0168133997111309
0.3,LS_oracle,0.0688073699378396
0.3,LS_oracle,0.0583996381778705
0.3,LS_oracle,0.023635038353772
0.3,LS_oracle,0.0156309904492131
0.3,LS_oracle,0.0895581794521439
0.3,LS_oracle,0.0606766511321707
0.3,LS_oracle,0.0690238853536052
0.3,LS_oracle,0.0421440632651527
0.3,LS_oracle,0.0318741300015006
0.3,LS_oracle,0.0774619235057723
0.3,LS_oracle,0.0906370306153405
0.3,LS_oracle,0.00854785555046251
0.3,LS_oracle,0.0357724837240908
0.3,LS_oracle,0.0718245194483061
0.3,LS_oracle,0.0355767522321377
0.3,LS_oracle,0.0229793958537035
0.3,LS_oracle,0.038807503259481
0.3,LS_oracle,0.028498619976248
0.3,LS_oracle,0.0582047337242462
0.3,LS_oracle,0.0305988711390931
0.3,LS_oracle,0.0743059671294853
0.3,LS_oracle,0.0289520484564419
0.3,LS_oracle,0.0255167516361582
0.3,LS_oracle,0.128137671699908
0.3,LS_oracle,0.0399369259751945
0.3,LS_oracle,0.0511819473198958
0.3,LS_oracle,0.0148435454917583
0.3,LS_oracle,0.0595270802140476
0.3,LS_oracle,0.0327092600499823
0.3,LS_oracle,0.0471542875302273
0.3,LS_oracle,0.0281207252764258
0.3,LS_oracle,0.154515580159391
0.3,LS_oracle,0.0107237942907527
0.3,LS_oracle,0.0778152686676016
0.3,LS_oracle,0.0205162361689591
0.3,LS_oracle,0.0432733897638703
0.3,LS_oracle,0.0327214870756031
0.3,LS_oracle,0.0481632253260567
0.3,LS_oracle,0.111595800302585
0.3,LS_oracle,0.0290775756389593
0.3,LS_oracle,0.0821773020367342
0.3,LS_oracle,0.0795036408571188
0.3,LS_oracle,0.122138742487222
0.3,LS_oracle,0.116278152202628
0.3,LS_oracle,0.0159169300473877
0.3,LS_oracle,0.0305264523596971
0.3,LS_oracle,0.0229531524318411
0.3,LS_oracle,0.0579571891148614
0.3,LS_oracle,0.00547796866778897
0.3,LS_oracle,0.0427797932149731
0.3,LS_oracle,0.0540656968053596
0.3,LS_oracle,0.0908937004749389
0.3,LS_oracle,0.0186679170767588
0.3,LS_oracle,0.0916842159184068
0.3,LS_oracle,0.0266994717087186
0.3,LS_oracle,0.0572807701006609
0.3,LS_oracle,0.0907360764816633
0.3,LS_oracle,0.0892427608963664
0.3,LS_oracle,0.0421208723707374
0.3,LS_oracle,0.0154290196865994
0.3,LS_oracle,0.105863834951125
0.3,LS_oracle,0.0319627557809591
0.3,LS_oracle,0.00653176019232494
0.3,LS_oracle,0.02829293396433
0.3,LS_oracle,0.00333645740573441
0.3,LS_oracle,0.0501129718349931
0.3,LS_oracle,0.108592691102423
0.3,LS_oracle,0.0543203613911088
0.3,LS_oracle,0.0275935310611755
0.3,LS_oracle,0.0307401082635664
0.3,LS_oracle,0.0751886354528548
0.3,LS_oracle,0.0298497841658038
0.3,LS_oracle,0.0518161304742818
0.3,LS_oracle,0.0442601590014305
0.3,LS_oracle,0.0491557375688958
0.3,LS_oracle,0.0853305611988739
0.3,LS_oracle,0.0422195944182745
0.3,LS_oracle,0.0198155948185671
0.3,LS_oracle,0.145180899868168
0.3,LS_oracle,0.014797938908018
0.3,LS_oracle,0.0512222071601156
0.3,LS_oracle,0.0555174132280253
0.3,LS_oracle,0.0501564130904242
0.3,LS_oracle,0.0562932226860629
0.3,LS_oracle,0.00714799639319837
0.3,LS_oracle,0.0361778077032989
0.3,LS_oracle,0.00521996459651833
0.3,LS_oracle,0.0660567917738493
0.3,LS_oracle,0.0164037781084778
0.3,LS_oracle,0.0478969477916759
0.3,LS_oracle,0.0485873653555365
0.3,TS_oracle,0.00432601122597354
0.3,TS_oracle,0.0783164588156039
0.3,TS_oracle,0.0507421750547441
0.3,TS_oracle,0.0501579709410318
0.3,TS_oracle,0.069983720359717
0.3,TS_oracle,0.0209532878074845
0.3,TS_oracle,0.0589024835033695
0.3,TS_oracle,0.0277109086922468
0.3,TS_oracle,0.0446400906938283
0.3,TS_oracle,0.0764722914824637
0.3,TS_oracle,0.0176605635848891
0.3,TS_oracle,0.0381651720880939
0.3,TS_oracle,0.0812652704347092
0.3,TS_oracle,0.0246860807756839
0.3,TS_oracle,0.0813475360381466
0.3,TS_oracle,0.0482851702625703
0.3,TS_oracle,0.019217198496626
0.3,TS_oracle,0.0649679436984243
0.3,TS_oracle,0.0108350985780562
0.3,TS_oracle,0.0502271887535056
0.3,TS_oracle,0.0340016052533636
0.3,TS_oracle,0.0245709261620797
0.3,TS_oracle,0.0636806865686191
0.3,TS_oracle,0.0220043133264957
0.3,TS_oracle,0.0155925489011971
0.3,TS_oracle,0.0815468692398863
0.3,TS_oracle,0.00622531248756427
0.3,TS_oracle,0.0493070253545644
0.3,TS_oracle,0.0195788274192267
0.3,TS_oracle,0.0313393406778553
0.3,TS_oracle,0.0342947509740237
0.3,TS_oracle,0.0297401836511192
0.3,TS_oracle,0.0986363947193666
0.3,TS_oracle,0.0371237211587789
0.3,TS_oracle,0.0562426034887939
0.3,TS_oracle,0.0164833688110125
0.3,TS_oracle,0.0151624659044832
0.3,TS_oracle,0.0433967469154856
0.3,TS_oracle,0.0429187470431145
0.3,TS_oracle,0.0314622111928003
0.3,TS_oracle,0.0500482450811357
0.3,TS_oracle,0.0889851702196892
0.3,TS_oracle,0.0260873643877509
0.3,TS_oracle,0.0768434594933049
0.3,TS_oracle,0.0269735434517791
0.3,TS_oracle,0.0191481462411358
0.3,TS_oracle,0.012443299063821
0.3,TS_oracle,0.0501096678137329
0.3,TS_oracle,0.042837088546994
0.3,TS_oracle,0.0233101633584554
0.3,TS_oracle,0.0402109861955012
0.3,TS_oracle,0.0355348050485676
0.3,TS_oracle,0.041022503064985
0.3,TS_oracle,0.0238446672129171
0.3,TS_oracle,0.0171764774363081
0.3,TS_oracle,0.0962959858398379
0.3,TS_oracle,0.0232493964096463
0.3,TS_oracle,0.0485961390984416
0.3,TS_oracle,0.039331562739895
0.3,TS_oracle,0.0180744194673695
0.3,TS_oracle,0.0451309728119359
0.3,TS_oracle,0.0296838653177284
0.3,TS_oracle,0.0446896131822803
0.3,TS_oracle,0.0274643027564189
0.3,TS_oracle,0.0182031845835894
0.3,TS_oracle,0.00941496294239169
0.3,TS_oracle,0.0294956525040633
0.3,TS_oracle,0.0284944233280433
0.3,TS_oracle,0.0203347166616542
0.3,TS_oracle,0.091851742117304
0.3,TS_oracle,0.0540008836242219
0.3,TS_oracle,0.0455381021606736
0.3,TS_oracle,0.0379708998750037
0.3,TS_oracle,0.0662230724290148
0.3,TS_oracle,0.0228170853699203
0.3,TS_oracle,0.0201674956659896
0.3,TS_oracle,0.0525747584798944
0.3,TS_oracle,0.0215309888026077
0.3,TS_oracle,0.0489595859536331
0.3,TS_oracle,0.0320539335814021
0.3,TS_oracle,0.0684817808389281
0.3,TS_oracle,0.041696962199641
0.3,TS_oracle,0.0380501466724847
0.3,TS_oracle,0.0547463373833574
0.3,TS_oracle,0.015702404209103
0.3,TS_oracle,0.0996003287007508
0.3,TS_oracle,0.0568728642519023
0.3,TS_oracle,0.0270480080970526
0.3,TS_oracle,0.0273023016404349
0.3,TS_oracle,0.0407698231540122
0.3,TS_oracle,0.0121762861017735
0.3,TS_oracle,0.0467276977965676
0.3,TS_oracle,0.0440071255441881
0.3,TS_oracle,0.028664439775956
0.3,TS_oracle,0.0629374071603885
0.3,TS_oracle,0.0358027877642771
0.3,TS_oracle,0.0585389502739782
0.3,TS_oracle,0.0587595297925959
0.3,TS_oracle,0.0199264019941213
0.3,TS_oracle,0.0302070082575182
0.3,TS_oracle,0.0305147292613122
0.3,TS_oracle,0.0249286517618379
0.3,TS_oracle,0.0734275450214335
0.3,TS_oracle,0.0294081159254937
0.3,TS_oracle,0.0167311065972005
0.3,TS_oracle,0.0387398728255565
0.3,TS_oracle,0.0423310058155257
0.3,TS_oracle,0.0255493571465975
0.3,TS_oracle,0.0210710357242817
0.3,TS_oracle,0.0371502152677461
0.3,TS_oracle,0.0779638055258835
0.3,TS_oracle,0.030309250965741
0.3,TS_oracle,0.0335610160440549
0.3,TS_oracle,0.118320968133972
0.3,TS_oracle,0.0603643332997114
0.3,TS_oracle,0.0531153138872571
0.3,TS_oracle,0.0344296208161235
0.3,TS_oracle,0.0261731701537846
0.3,TS_oracle,0.0805527199776177
0.3,TS_oracle,0.0678124661834029
0.3,TS_oracle,0.0236995541575691
0.3,TS_oracle,0.0147761453236611
0.3,TS_oracle,0.0709471016562578
0.3,TS_oracle,0.0260061653623447
0.3,TS_oracle,0.0224477759081643
0.3,TS_oracle,0.0273416172060822
0.3,TS_oracle,0.0174859150973073
0.3,TS_oracle,0.0312833261052605
0.3,TS_oracle,0.0166100504393721
0.3,TS_oracle,0.0398026278966883
0.3,TS_oracle,0.0242594000837258
0.3,TS_oracle,0.03059926307905
0.3,TS_oracle,0.102330962439235
0.3,TS_oracle,0.0128585139108189
0.3,TS_oracle,0.067615223548628
0.3,TS_oracle,0.0187146228764494
0.3,TS_oracle,0.0661823426012303
0.3,TS_oracle,0.0387218994839305
0.3,TS_oracle,0.0261392087308311
0.3,TS_oracle,0.0331790050187922
0.3,TS_oracle,0.0609638261498734
0.3,TS_oracle,0.0247165283422531
0.3,TS_oracle,0.0566981724232424
0.3,TS_oracle,0.0206249828181667
0.3,TS_oracle,0.0555969428858919
0.3,TS_oracle,0.0147080448463538
0.3,TS_oracle,0.0195983586523996
0.3,TS_oracle,0.0947094133799671
0.3,TS_oracle,0.0148447236927437
0.3,TS_oracle,0.0589339931526432
0.3,TS_oracle,0.0410267320593715
0.3,TS_oracle,0.0436035691512947
0.3,TS_oracle,0.101318422063833
0.3,TS_oracle,0.0240037659456418
0.3,TS_oracle,0.0332948824145965
0.3,TS_oracle,0.0340730122392495
0.3,TS_oracle,0.029635329564012
0.3,TS_oracle,0.00777668714926963
0.3,TS_oracle,0.0352401570210635
0.3,TS_oracle,0.0380545137153265
0.3,TS_oracle,0.0883293765481036
0.3,TS_oracle,0.00307998010822143
0.3,TS_oracle,0.0473515594187117
0.3,TS_oracle,0.0091306860476672
0.3,TS_oracle,0.0753347237305184
0.3,TS_oracle,0.0737189328853179
0.3,TS_oracle,0.0636078464907548
0.3,TS_oracle,0.0544037018423074
0.3,TS_oracle,0.0116567398508863
0.3,TS_oracle,0.0388207024636341
0.3,TS_oracle,0.0229287570902184
0.3,TS_oracle,0.00795287581834517
0.3,TS_oracle,0.0574543302267129
0.3,TS_oracle,0.0184045308104672
0.3,TS_oracle,0.0443320423475309
0.3,TS_oracle,0.0522355697319885
0.3,TS_oracle,0.0310155657999895
0.3,TS_oracle,0.0341382727422905
0.3,TS_oracle,0.0112401867587859
0.3,TS_oracle,0.0423155610336368
0.3,TS_oracle,0.0267987066092088
0.3,TS_oracle,0.0773526496547809
0.3,TS_oracle,0.0203810665197935
0.3,TS_oracle,0.0385516541100634
0.3,TS_oracle,0.0648351872332556
0.3,TS_oracle,0.0411058471407272
0.3,TS_oracle,0.0198835628484096
0.3,TS_oracle,0.111911326604261
0.3,TS_oracle,0.0211741957548555
0.3,TS_oracle,0.0313942491305992
0.3,TS_oracle,0.0359445924122142
0.3,TS_oracle,0.0681677089578428
0.3,TS_oracle,0.0528889842224959
0.3,TS_oracle,0.00697283233161568
0.3,TS_oracle,0.0466349423018477
0.3,TS_oracle,0.0103091754837874
0.3,TS_oracle,0.056767767574177
0.3,TS_oracle,0.0202669214342153
0.3,TS_oracle,0.0397178535687405
0.3,TS_oracle,0.0605880385244928
0.4,PLS,0.018377222499045
0.4,PLS,0.031469728974402
0.4,PLS,0.109536828936691
0.4,PLS,0.0319864721467819
0.4,PLS,0.0519408667490126
0.4,PLS,0.0607810468718495
0.4,PLS,0.0581707504343515
0.4,PLS,0.0542616195368815
0.4,PLS,0.0288330673436802
0.4,PLS,0.0695182249650925
0.4,PLS,0.0187188301328838
0.4,PLS,0.0823297837700512
0.4,PLS,0.0356554051270896
0.4,PLS,0.0775657350163106
0.4,PLS,0.0250880526772056
0.4,PLS,0.066375255775405
0.4,PLS,0.0475093261283484
0.4,PLS,0.0765205730232852
0.4,PLS,0.0481769165547883
0.4,PLS,0.0512575125751314
0.4,PLS,0.081922608762866
0.4,PLS,0.0199715801665958
0.4,PLS,0.0406594848129365
0.4,PLS,0.0405317366420466
0.4,PLS,0.0478566595374806
0.4,PLS,0.113383512881857
0.4,PLS,0.0695818073631476
0.4,PLS,0.117171784732786
0.4,PLS,0.0363670654303067
0.4,PLS,0.0345580574049258
0.4,PLS,0.00880081217135172
0.4,PLS,0.105279719561096
0.4,PLS,0.0372837100354228
0.4,PLS,0.079373754345842
0.4,PLS,0.0381881286313456
0.4,PLS,0.104091980402147
0.4,PLS,0.0695864737718414
0.4,PLS,0.118924232298514
0.4,PLS,0.033300577214483
0.4,PLS,0.086789153353661
0.4,PLS,0.0366052889791236
0.4,PLS,0.0678470644884034
0.4,PLS,0.0456821265981075
0.4,PLS,0.0319371935269832
0.4,PLS,0.0302346490043469
0.4,PLS,0.0858812966246692
0.4,PLS,0.0340284946012249
0.4,PLS,0.0556326793051213
0.4,PLS,0.0713217884087626
0.4,PLS,0.0493544438333958
0.4,PLS,0.0524458694056363
0.4,PLS,0.0575783534778656
0.4,PLS,0.0532547533155852
0.4,PLS,0.0725734690606819
0.4,PLS,0.0495104789477261
0.4,PLS,0.0637774644111254
0.4,PLS,0.0122103692205437
0.4,PLS,0.0409473055200195
0.4,PLS,0.06446678020126
0.4,PLS,0.0226814771127159
0.4,PLS,0.056739599121678
0.4,PLS,0.0654241436247547
0.4,PLS,0.0574161784252848
0.4,PLS,0.0583947850305678
0.4,PLS,0.0718341908055747
0.4,PLS,0.0696087880886196
0.4,PLS,0.044408724116242
0.4,PLS,0.0934502592897736
0.4,PLS,0.0541791676472302
0.4,PLS,0.044879790795972
0.4,PLS,0.0419105001049098
0.4,PLS,0.0769677806863782
0.4,PLS,0.0819849591420094
0.4,PLS,0.0708833284423403
0.4,PLS,0.00910134997426132
0.4,PLS,0.0536112207131822
0.4,PLS,0.0173396561984246
0.4,PLS,0.0484111442358682
0.4,PLS,0.046776531747177
0.4,PLS,0.0434062335321423
0.4,PLS,0.0571786444809054
0.4,PLS,0.0427230300451322
0.4,PLS,0.0631042982455474
0.4,PLS,0.105899295317416
0.4,PLS,0.104714197039875
0.4,PLS,0.117643355748935
0.4,PLS,0.0427581308678886
0.4,PLS,0.0459534233247313
0.4,PLS,0.0853348789776418
0.4,PLS,0.0473546341947459
0.4,PLS,0.0293131236869121
0.4,PLS,0.0172918344328535
0.4,PLS,0.0322316751975452
0.4,PLS,0.119177136227007
0.4,PLS,0.0363100263014561
0.4,PLS,0.0721613216766394
0.4,PLS,0.0265656361848152
0.4,PLS,0.0602287679345388
0.4,PLS,0.0771081675390071
0.4,PLS,0.016849257115579
0.4,PLS,0.103816087067936
0.4,PLS,0.13257919677022
0.4,PLS,0.176964083815235
0.4,PLS,0.025301070077178
0.4,PLS,0.0455434812923881
0.4,PLS,0.0614109795798031
0.4,PLS,0.0914762170089781
0.4,PLS,0.0884565259850957
0.4,PLS,0.0311650908108647
0.4,PLS,0.0472688072691812
0.4,PLS,0.0877895006011003
0.4,PLS,0.0328738767311169
0.4,PLS,0.0591236913773964
0.4,PLS,0.0220907856999858
0.4,PLS,0.036378006053698
0.4,PLS,0.0541300757462597
0.4,PLS,0.0472890527427637
0.4,PLS,0.0382469203454003
0.4,PLS,0.0980446825957761
0.4,PLS,0.00947614095111351
0.4,PLS,0.051115590670276
0.4,PLS,0.0838465305422203
0.4,PLS,0.0305999557431128
0.4,PLS,0.116970607105029
0.4,PLS,0.0700780529539499
0.4,PLS,0.0271012342950241
0.4,PLS,0.0324335564448798
0.4,PLS,0.0614083343824689
0.4,PLS,0.0984963132935465
0.4,PLS,0.0789524338538052
0.4,PLS,0.0211411420161901
0.4,PLS,0.0265290440538497
0.4,PLS,0.0442916658175242
0.4,PLS,0.0967341266659077
0.4,PLS,0.0175895251335248
0.4,PLS,0.0961669632857214
0.4,PLS,0.0593642517662724
0.4,PLS,0.0438088221465256
0.4,PLS,0.0594388522873189
0.4,PLS,0.121745516543351
0.4,PLS,0.0567143178056272
0.4,PLS,0.0506440066026272
0.4,PLS,0.101732519514836
0.4,PLS,0.0543877105647158
0.4,PLS,0.218198360343901
0.4,PLS,0.0522910152272324
0.4,PLS,0.056170086644832
0.4,PLS,0.11110879753209
0.4,PLS,0.0677988430249076
0.4,PLS,0.0407362098985443
0.4,PLS,0.0193490956119013
0.4,PLS,0.088233090618372
0.4,PLS,0.0156945245748631
0.4,PLS,0.0240441507557467
0.4,PLS,0.104176861555122
0.4,PLS,0.0405154092768093
0.4,PLS,0.12909551635596
0.4,PLS,0.0549811923554448
0.4,PLS,0.0226917329600557
0.4,PLS,0.0572472945708494
0.4,PLS,0.125784525433286
0.4,PLS,0.0313643592035514
0.4,PLS,0.0522902133170415
0.4,PLS,0.0168084417769603
0.4,PLS,0.0734873662589037
0.4,PLS,0.0491255484164977
0.4,PLS,0.0302070301475082
0.4,PLS,0.0533165854254006
0.4,PLS,0.0584062702770149
0.4,PLS,0.0244303161376289
0.4,PLS,0.00444784733987233
0.4,PLS,0.0461582608767709
0.4,PLS,0.105689944078188
0.4,PLS,0.0483340686161133
0.4,PLS,0.0217809848852067
0.4,PLS,0.097477472033688
0.4,PLS,0.0399090377199535
0.4,PLS,0.0799181727120311
0.4,PLS,0.0566047015702332
0.4,PLS,0.0208347953304071
0.4,PLS,0.0627496789789848
0.4,PLS,0.0244827617223761
0.4,PLS,0.0918115274802252
0.4,PLS,0.0844181980605317
0.4,PLS,0.0464219673618743
0.4,PLS,0.092339240326412
0.4,PLS,0.0639241110357275
0.4,PLS,0.0629912825995159
0.4,PLS,0.0430073899623945
0.4,PLS,0.0832399121575368
0.4,PLS,0.0502863333389546
0.4,PLS,0.0541153708467916
0.4,PLS,0.0231979974924744
0.4,PLS,0.0981244793932485
0.4,PLS,0.0854652999235506
0.4,PLS,0.0776328455757275
0.4,PLS,0.0789492352124978
0.4,PLS,0.0880915013411808
0.4,PLS,0.132609443575727
0.4,PLS,0.0404923189526752
0.4,fTS,0.00368975247731304
0.4,fTS,0.0185430574181929
0.4,fTS,0.0595916387302618
0.4,fTS,0.0161908074018479
0.4,fTS,0.0616118851552924
0.4,fTS,0.0449170749879433
0.4,fTS,0.0562058536248765
0.4,fTS,0.0357340220533201
0.4,fTS,0.0262143405419449
0.4,fTS,0.0416135713451656
0.4,fTS,0.0252954072284302
0.4,fTS,0.0520896597003576
0.4,fTS,0.0264152134525021
0.4,fTS,0.0607277484041591
0.4,fTS,0.0163868573384984
0.4,fTS,0.0418613419424329
0.4,fTS,0.0224794178595709
0.4,fTS,0.0665155552447055
0.4,fTS,0.0556106411116068
0.4,fTS,0.0541679268428664
0.4,fTS,0.0603844890453243
0.4,fTS,0.0242287348789876
0.4,fTS,0.0373935221432316
0.4,fTS,0.0456220340486339
0.4,fTS,0.0291759181586344
0.4,fTS,0.0761322080815282
0.4,fTS,0.0202630086861141
0.4,fTS,0.0379507618693004
0.4,fTS,0.0155286123961501
0.4,fTS,0.0363159472083895
0.4,fTS,0.0265641991177816
0.4,fTS,0.0723356821458817
0.4,fTS,0.0104525044818656
0.4,fTS,0.0477533227275317
0.4,fTS,0.0342798918620405
0.4,fTS,0.0457781833898247
0.4,fTS,0.0925972274220871
0.4,fTS,0.0639321105583453
0.4,fTS,0.0223403475866927
0.4,fTS,0.0723035480046487
0.4,fTS,0.0232923212818525
0.4,fTS,0.0565347258251932
0.4,fTS,0.0190052657352566
0.4,fTS,0.0160150895537031
0.4,fTS,0.0384127268439371
0.4,fTS,0.0277921070788943
0.4,fTS,0.0193315553712117
0.4,fTS,0.0457976628723248
0.4,fTS,0.0906546368142593
0.4,fTS,0.030944243828698
0.4,fTS,0.0609074649033156
0.4,fTS,0.0572637619575377
0.4,fTS,0.020157197823937
0.4,fTS,0.0349296471502961
0.4,fTS,0.0429633621043614
0.4,fTS,0.039505032644039
0.4,fTS,0.0087670511401004
0.4,fTS,0.0398395424705746
0.4,fTS,0.0361603947850288
0.4,fTS,0.00830026212151373
0.4,fTS,0.0298373166532539
0.4,fTS,0.0312028753398454
0.4,fTS,0.0555327045339749
0.4,fTS,0.0834456772303237
0.4,fTS,0.0556170158728685
0.4,fTS,0.067456765264652
0.4,fTS,0.0394180744319023
0.4,fTS,0.0340185239198702
0.4,fTS,0.0176413499453442
0.4,fTS,0.0340133865922762
0.4,fTS,0.0303755577474914
0.4,fTS,0.0257001215756169
0.4,fTS,0.0291823613118548
0.4,fTS,0.0977619599283165
0.4,fTS,0.0196661464473935
0.4,fTS,0.0367041131951054
0.4,fTS,0.0221672783175914
0.4,fTS,0.0210677992088472
0.4,fTS,0.0298755385429312
0.4,fTS,0.0296593431882943
0.4,fTS,0.0575573238558371
0.4,fTS,0.026583131532096
0.4,fTS,0.058625845721302
0.4,fTS,0.0814891641781795
0.4,fTS,0.0926423655904121
0.4,fTS,0.0968509440499199
0.4,fTS,0.0201016881434121
0.4,fTS,0.00435338765838417
0.4,fTS,0.0631983789860761
0.4,fTS,0.0385922391075381
0.4,fTS,0.0410272302946401
0.4,fTS,0.0355476955294678
0.4,fTS,0.021137841631729
0.4,fTS,0.107950798817597
0.4,fTS,0.0417477760753602
0.4,fTS,0.0485261181928158
0.4,fTS,0.0146609486843524
0.4,fTS,0.0386872943667515
0.4,fTS,0.0682709357687145
0.4,fTS,0.0250095325005052
0.4,fTS,0.0650221780039639
0.4,fTS,0.0506499906108424
0.4,fTS,0.0553282887717985
0.4,fTS,0.03071910064319
0.4,fTS,0.027572361052944
0.4,fTS,0.0697485312035624
0.4,fTS,0.101319123738275
0.4,fTS,0.0744572044355934
0.4,fTS,0.0417942776164978
0.4,fTS,0.0397011413809349
0.4,fTS,0.035225072688313
0.4,fTS,0.0258411196461806
0.4,fTS,0.0327555418063483
0.4,fTS,0.0222226551955225
0.4,fTS,0.0430786735339121
0.4,fTS,0.0559327541757465
0.4,fTS,0.0620993521439913
0.4,fTS,0.0285013403920562
0.4,fTS,0.0504430000069587
0.4,fTS,0.0245994044951819
0.4,fTS,0.0260092387502018
0.4,fTS,0.0721661789446667
0.4,fTS,0.0188354391592085
0.4,fTS,0.0651863496245481
0.4,fTS,0.0251634999330914
0.4,fTS,0.0311488382057651
0.4,fTS,0.0328801091207503
0.4,fTS,0.0488133704988586
0.4,fTS,0.0456377786597397
0.4,fTS,0.0405996506405676
0.4,fTS,0.0160464421259893
0.4,fTS,0.0257738762875364
0.4,fTS,0.0204500794275634
0.4,fTS,0.0561739921131895
0.4,fTS,0.0198524047480356
0.4,fTS,0.0638387591408568
0.4,fTS,0.0466209044749157
0.4,fTS,0.0468346744658567
0.4,fTS,0.0399517293530183
0.4,fTS,0.0632168326189529
0.4,fTS,0.0524389589987265
0.4,fTS,0.0312566405211633
0.4,fTS,0.0455188287355524
0.4,fTS,0.0843492650858562
0.4,fTS,0.041848425279462
0.4,fTS,0.0376901868265818
0.4,fTS,0.0366431873525252
0.4,fTS,0.0580795082346283
0.4,fTS,0.0323737122800344
0.4,fTS,0.0243633127190936
0.4,fTS,0.00955506943816205
0.4,fTS,0.0575012617154573
0.4,fTS,0.0203763218416729
0.4,fTS,0.0160268731170523
0.4,fTS,0.0573951993508365
0.4,fTS,0.0369161596215819
0.4,fTS,0.084586709778537
0.4,fTS,0.0249836049708423
0.4,fTS,0.0277860283848113
0.4,fTS,0.0312416874167551
0.4,fTS,0.0564183177697178
0.4,fTS,0.0338696642841079
0.4,fTS,0.0504060000658377
0.4,fTS,0.0168194206221437
0.4,fTS,0.0315535886618609
0.4,fTS,0.037036915103492
0.4,fTS,0.0319520665427363
0.4,fTS,0.0223937471774218
0.4,fTS,0.0311607676874855
0.4,fTS,0.0302564852972235
0.4,fTS,0.00413124177960262
0.4,fTS,0.0268699321449022
0.4,fTS,0.0575909151850136
0.4,fTS,0.0306203246059439
0.4,fTS,0.00864000271911766
0.4,fTS,0.0548011071948812
0.4,fTS,0.0345817420153142
0.4,fTS,0.00506766707127333
0.4,fTS,0.042315221099996
0.4,fTS,0.0226452569867061
0.4,fTS,0.0748349705971251
0.4,fTS,0.0141649971988386
0.4,fTS,0.0838137328354076
0.4,fTS,0.0382737317581891
0.4,fTS,0.0352368553668058
0.4,fTS,0.077686314814149
0.4,fTS,0.0312299083466278
0.4,fTS,0.050302707295851
0.4,fTS,0.0275291558149043
0.4,fTS,0.0818803909601388
0.4,fTS,0.0272964603301675
0.4,fTS,0.0402249896431286
0.4,fTS,0.0152225545756963
0.4,fTS,0.0344090225871191
0.4,fTS,0.0756446305651728
0.4,fTS,0.042289158202083
0.4,fTS,0.064818778503635
0.4,fTS,0.0557043926161338
0.4,fTS,0.0704765701262916
0.4,fTS,0.0315780904720097
0.4,LS_oracle,0.0197816234101993
0.4,LS_oracle,0.0305648684157566
0.4,LS_oracle,0.090255804540572
0.4,LS_oracle,0.0190678118167469
0.4,LS_oracle,0.0476120203435632
0.4,LS_oracle,0.0602287473281117
0.4,LS_oracle,0.0430248110685914
0.4,LS_oracle,0.0429226047129016
0.4,LS_oracle,0.0296157122102247
0.4,LS_oracle,0.077453215190526
0.4,LS_oracle,0.0172836226494318
0.4,LS_oracle,0.0396175185825927
0.4,LS_oracle,0.0291349458769376
0.4,LS_oracle,0.0950290341571609
0.4,LS_oracle,0.0204772410232277
0.4,LS_oracle,0.0645171122850385
0.4,LS_oracle,0.0297155949118054
0.4,LS_oracle,0.0699504672199908
0.4,LS_oracle,0.0383423546269303
0.4,LS_oracle,0.0518444420879975
0.4,LS_oracle,0.0780552962828313
0.4,LS_oracle,0.0131730939922733
0.4,LS_oracle,0.0438833644797907
0.4,LS_oracle,0.0446675410191286
0.4,LS_oracle,0.0233122401083812
0.4,LS_oracle,0.104190145195354
0.4,LS_oracle,0.053231958017104
0.4,LS_oracle,0.108023252080958
0.4,LS_oracle,0.0356588976631382
0.4,LS_oracle,0.026403020557395
0.4,LS_oracle,0.00757838674685826
0.4,LS_oracle,0.106454984974727
0.4,LS_oracle,0.0328792878741703
0.4,LS_oracle,0.0725468001466603
0.4,LS_oracle,0.0395454475005433
0.4,LS_oracle,0.0679544573038284
0.4,LS_oracle,0.0836011566255714
0.4,LS_oracle,0.10909648249306
0.4,LS_oracle,0.0269973111693792
0.4,LS_oracle,0.0677256463089661
0.4,LS_oracle,0.0276014447913297
0.4,LS_oracle,0.0463548090290853
0.4,LS_oracle,0.0401577126588707
0.4,LS_oracle,0.0204634950610245
0.4,LS_oracle,0.0140340340217844
0.4,LS_oracle,0.0354239721678447
0.4,LS_oracle,0.0273998382401035
0.4,LS_oracle,0.0514811964412184
0.4,LS_oracle,0.0735181894912379
0.4,LS_oracle,0.0949443828242723
0.4,LS_oracle,0.0546223675729727
0.4,LS_oracle,0.0455514913444003
0.4,LS_oracle,0.0319723439671754
0.4,LS_oracle,0.0644073880800761
0.4,LS_oracle,0.0349831700524564
0.4,LS_oracle,0.0481647839287567
0.4,LS_oracle,0.0126145002957028
0.4,LS_oracle,0.0398616078951709
0.4,LS_oracle,0.0593364920386664
0.4,LS_oracle,0.0249043260740638
0.4,LS_oracle,0.0474072491472533
0.4,LS_oracle,0.0603797588898669
0.4,LS_oracle,0.0688977544077995
0.4,LS_oracle,0.044726000300466
0.4,LS_oracle,0.0414315175397684
0.4,LS_oracle,0.0685155227805057
0.4,LS_oracle,0.03364853642034
0.4,LS_oracle,0.0876520092081713
0.4,LS_oracle,0.0477363364467327
0.4,LS_oracle,0.0355882794840813
0.4,LS_oracle,0.0574227492003146
0.4,LS_oracle,0.0840981973252666
0.4,LS_oracle,0.0437961672656823
0.4,LS_oracle,0.123701559402717
0.4,LS_oracle,0.0105334108183311
0.4,LS_oracle,0.0523633826933509
0.4,LS_oracle,0.00934371731824419
0.4,LS_oracle,0.043092943803164
0.4,LS_oracle,0.0477302412040436
0.4,LS_oracle,0.0429598561772318
0.4,LS_oracle,0.0414667656503799
0.4,LS_oracle,0.0433011894861696
0.4,LS_oracle,0.0640873102049061
0.4,LS_oracle,0.0997055128269998
0.4,LS_oracle,0.093786358412374
0.4,LS_oracle,0.0809087483992704
0.4,LS_oracle,0.0435317877438499
0.4,LS_oracle,0.0118453881029252
0.4,LS_oracle,0.0818493956144333
0.4,LS_oracle,0.0494750355624624
0.4,LS_oracle,0.017206290578366
0.4,LS_oracle,0.0130393816704141
0.4,LS_oracle,0.0420089531460352
0.4,LS_oracle,0.14053781384639
0.4,LS_oracle,0.0425688404908996
0.4,LS_oracle,0.0740331163818517
0.4,LS_oracle,0.0175484368215206
0.4,LS_oracle,0.0409827867404421
0.4,LS_oracle,0.0830412847150313
0.4,LS_oracle,0.00525239411245333
0.4,LS_oracle,0.0862291774728618
0.4,LS_oracle,0.120697540467699
0.4,LS_oracle,0.171397849005463
0.4,LS_oracle,0.0255698229028399
0.4,LS_oracle,0.046618114528296
0.4,LS_oracle,0.0392660953939624
0.4,LS_oracle,0.149726389196882
0.4,LS_oracle,0.0792154004145994
0.4,LS_oracle,0.0221693004375596
0.4,LS_oracle,0.0325723907294719
0.4,LS_oracle,0.0656073357626242
0.4,LS_oracle,0.0137216827900105
0.4,LS_oracle,0.0582958637239148
0.4,LS_oracle,0.0174992761124738
0.4,LS_oracle,0.029943453806956
0.4,LS_oracle,0.0412580267952897
0.4,LS_oracle,0.0731450566512173
0.4,LS_oracle,0.0439034896672797
0.4,LS_oracle,0.0770076071571596
0.4,LS_oracle,0.0310881800595798
0.4,LS_oracle,0.0238575123013685
0.4,LS_oracle,0.060205959437305
0.4,LS_oracle,0.030831092987896
0.4,LS_oracle,0.130441340914459
0.4,LS_oracle,0.0916234274453956
0.4,LS_oracle,0.0217300924621246
0.4,LS_oracle,0.0390900441391399
0.4,LS_oracle,0.0780349458023448
0.4,LS_oracle,0.0524185807873245
0.4,LS_oracle,0.0760971651224791
0.4,LS_oracle,0.0580792371495295
0.4,LS_oracle,0.029514302612509
0.4,LS_oracle,0.0708138581512358
0.4,LS_oracle,0.100411253787505
0.4,LS_oracle,0.0105861223641815
0.4,LS_oracle,0.0927563661637602
0.4,LS_oracle,0.0899909793407671
0.4,LS_oracle,0.0413435573978353
0.4,LS_oracle,0.0427887740478735
0.4,LS_oracle,0.0554025774680809
0.4,LS_oracle,0.0567922695954564
0.4,LS_oracle,0.0505544666882783
0.4,LS_oracle,0.0946782493872764
0.4,LS_oracle,0.0476672596031984
0.4,LS_oracle,0.102603769229606
0.4,LS_oracle,0.0464507593046763
0.4,LS_oracle,0.0601836883936281
0.4,LS_oracle,0.0836046089682646
0.4,LS_oracle,0.0819001940478544
0.4,LS_oracle,0.0347976568083124
0.4,LS_oracle,0.0135268025832156
0.4,LS_oracle,0.0838947497697048
0.4,LS_oracle,0.0185713331963872
0.4,LS_oracle,0.0250305001416928
0.4,LS_oracle,0.0899970555010838
0.4,LS_oracle,0.0404988088960078
0.4,LS_oracle,0.0619298999081979
0.4,LS_oracle,0.042515518775465
0.4,LS_oracle,0.0174493435744943
0.4,LS_oracle,0.0311361814137759
0.4,LS_oracle,0.1220727292177
0.4,LS_oracle,0.0201850469690381
0.4,LS_oracle,0.0628246542246945
0.4,LS_oracle,0.016701198051322
0.4,LS_oracle,0.0693156981314824
0.4,LS_oracle,0.0163186725914982
0.4,LS_oracle,0.0366449622983552
0.4,LS_oracle,0.0401851422379789
0.4,LS_oracle,0.0645333909482674
0.4,LS_oracle,0.0277152825779847
0.4,LS_oracle,0.00556990778881904
0.4,LS_oracle,0.0316530838489868
0.4,LS_oracle,0.0925150737253536
0.4,LS_oracle,0.0464932348497613
0.4,LS_oracle,0.0170316837602887
0.4,LS_oracle,0.0399173835547623
0.4,LS_oracle,0.0204051073636874
0.4,LS_oracle,0.0265147687702414
0.4,LS_oracle,0.105332488244643
0.4,LS_oracle,0.0453628753121123
0.4,LS_oracle,0.0648909698156014
0.4,LS_oracle,0.0265585916066264
0.4,LS_oracle,0.052078391375601
0.4,LS_oracle,0.0784466827520366
0.4,LS_oracle,0.0472612786575632
0.4,LS_oracle,0.101134021279054
0.4,LS_oracle,0.0409722557584188
0.4,LS_oracle,0.0685982247032435
0.4,LS_oracle,0.0529531491441913
0.4,LS_oracle,0.0771036778496443
0.4,LS_oracle,0.057619167827238
0.4,LS_oracle,0.04324362199382
0.4,LS_oracle,0.0265420986687831
0.4,LS_oracle,0.0950564944216198
0.4,LS_oracle,0.134976196608902
0.4,LS_oracle,0.0764454870503665
0.4,LS_oracle,0.0711827080726947
0.4,LS_oracle,0.0750102605667173
0.4,LS_oracle,0.119486307921972
0.4,LS_oracle,0.0711372215389698
0.4,TS_oracle,0.00362023544333351
0.4,TS_oracle,0.0185314412993757
0.4,TS_oracle,0.056668420928132
0.4,TS_oracle,0.0142162674306605
0.4,TS_oracle,0.0468428615779518
0.4,TS_oracle,0.0531817730504304
0.4,TS_oracle,0.0402343067422172
0.4,TS_oracle,0.0304945479644203
0.4,TS_oracle,0.0252534589304887
0.4,TS_oracle,0.0454296220864222
0.4,TS_oracle,0.0245411056854735
0.4,TS_oracle,0.0341272665637082
0.4,TS_oracle,0.00765445301861786
0.4,TS_oracle,0.0637096446803594
0.4,TS_oracle,0.0154732015926791
0.4,TS_oracle,0.0409917293132076
0.4,TS_oracle,0.0159144936847833
0.4,TS_oracle,0.0630467772449832
0.4,TS_oracle,0.0483618905484417
0.4,TS_oracle,0.0446993787060594
0.4,TS_oracle,0.051059101527149
0.4,TS_oracle,0.00887721765923243
0.4,TS_oracle,0.0296206962723061
0.4,TS_oracle,0.048138794347203
0.4,TS_oracle,0.0270353847531485
0.4,TS_oracle,0.0553727381433991
0.4,TS_oracle,0.0207580741537087
0.4,TS_oracle,0.036729727968957
0.4,TS_oracle,0.0112545707133118
0.4,TS_oracle,0.0288426852197132
0.4,TS_oracle,0.0249767307962293
0.4,TS_oracle,0.060683871427084
0.4,TS_oracle,0.0105603791759484
0.4,TS_oracle,0.0459238330238882
0.4,TS_oracle,0.0241156812599703
0.4,TS_oracle,0.0315692044594176
0.4,TS_oracle,0.0870768896912947
0.4,TS_oracle,0.0628203803882852
0.4,TS_oracle,0.0216850137898929
0.4,TS_oracle,0.0547186481467158
0.4,TS_oracle,0.0189363815142297
0.4,TS_oracle,0.0447759994004491
0.4,TS_oracle,0.0188890804333297
0.4,TS_oracle,0.0166508383443822
0.4,TS_oracle,0.0259437534890215
0.4,TS_oracle,0.020530671883184
0.4,TS_oracle,0.00873523556818105
0.4,TS_oracle,0.0399004873344154
0.4,TS_oracle,0.0926829448045555
0.4,TS_oracle,0.0341796513366044
0.4,TS_oracle,0.0627563060263322
0.4,TS_oracle,0.0573125402638575
0.4,TS_oracle,0.0133961766486791
0.4,TS_oracle,0.0256926473612712
0.4,TS_oracle,0.0301750255714636
0.4,TS_oracle,0.0321854770720465
0.4,TS_oracle,0.0073753026002591
0.4,TS_oracle,0.038477695219547
0.4,TS_oracle,0.0352312029262537
0.4,TS_oracle,0.00332091994465684
0.4,TS_oracle,0.0228126875343584
0.4,TS_oracle,0.0307390769339456
0.4,TS_oracle,0.0580802317572073
0.4,TS_oracle,0.0528036181635761
0.4,TS_oracle,0.0279456804884742
0.4,TS_oracle,0.0663922307176983
0.4,TS_oracle,0.036529793782466
0.4,TS_oracle,0.0245711303941204
0.4,TS_oracle,0.0176742562185499
0.4,TS_oracle,0.0224243540095687
0.4,TS_oracle,0.0363297705731186
0.4,TS_oracle,0.0148928784833235
0.4,TS_oracle,0.0170831612374845
0.4,TS_oracle,0.0934784813553471
0.4,TS_oracle,0.0186364269120154
0.4,TS_oracle,0.0288584152757499
0.4,TS_oracle,0.00941464041367051
0.4,TS_oracle,0.0203487425561023
0.4,TS_oracle,0.0274580307321811
0.4,TS_oracle,0.0280341919233196
0.4,TS_oracle,0.0405222967968591
0.4,TS_oracle,0.0210665476777328
0.4,TS_oracle,0.0560835813486361
0.4,TS_oracle,0.0794177965723223
0.4,TS_oracle,0.0651013557926153
0.4,TS_oracle,0.0762540353480255
0.4,TS_oracle,0.0219310704550187
0.4,TS_oracle,0.00401929792795048
0.4,TS_oracle,0.0586943921149706
0.4,TS_oracle,0.0344793144999681
0.4,TS_oracle,0.0135149249337543
0.4,TS_oracle,0.0275927346719538
0.4,TS_oracle,0.020369506699534
0.4,TS_oracle,0.0960332256084205
0.4,TS_oracle,0.0393347251191963
0.4,TS_oracle,0.0428673006591571
0.4,TS_oracle,0.011966554886981
0.4,TS_oracle,0.0333870227571013
0.4,TS_oracle,0.0721490728494977
0.4,TS_oracle,0.0159275225672358
0.4,TS_oracle,0.062680924425561
0.4,TS_oracle,0.0459166255797302
0.4,TS_oracle,0.0483630248954021
0.4,TS_oracle,0.0317370909298836
0.4,TS_oracle,0.0272778519246075
0.4,TS_oracle,0.0453109738959039
0.4,TS_oracle,0.103094146198811
0.4,TS_oracle,0.0449663837482831
0.4,TS_oracle,0.0364490114766095
0.4,TS_oracle,0.0303937138282019
0.4,TS_oracle,0.0250843664598815
0.4,TS_oracle,0.022879802625737
0.4,TS_oracle,0.0321735418036546
0.4,TS_oracle,0.0219927797291389
0.4,TS_oracle,0.0235856539054847
0.4,TS_oracle,0.0421480772135508
0.4,TS_oracle,0.0681847082877817
0.4,TS_oracle,0.0297555979215066
0.4,TS_oracle,0.0353092366219861
0.4,TS_oracle,0.0361009828257963
0.4,TS_oracle,0.0209513493283125
0.4,TS_oracle,0.0698841203902325
0.4,TS_oracle,0.0186307960129867
0.4,TS_oracle,0.0689289896467394
0.4,TS_oracle,0.0240056323288811
0.4,TS_oracle,0.0252316863478001
0.4,TS_oracle,0.0309483784836254
0.4,TS_oracle,0.0402045628763557
0.4,TS_oracle,0.0334953224675948
0.4,TS_oracle,0.0436422008043781
0.4,TS_oracle,0.0112362247378619
0.4,TS_oracle,0.0272663590555749
0.4,TS_oracle,0.0265856488764255
0.4,TS_oracle,0.056839726689555
0.4,TS_oracle,0.00919896233593704
0.4,TS_oracle,0.0594508379485321
0.4,TS_oracle,0.0477228896610705
0.4,TS_oracle,0.0461189149651826
0.4,TS_oracle,0.0369271783263377
0.4,TS_oracle,0.0233121959375988
0.4,TS_oracle,0.0517447447735454
0.4,TS_oracle,0.0316235258232128
0.4,TS_oracle,0.0453042481998443
0.4,TS_oracle,0.0472733663427218
0.4,TS_oracle,0.0361780488582442
0.4,TS_oracle,0.0381482769855491
0.4,TS_oracle,0.0323508105141982
0.4,TS_oracle,0.0454920610206027
0.4,TS_oracle,0.0372980668317957
0.4,TS_oracle,0.0245756349345073
0.4,TS_oracle,0.00861357916395928
0.4,TS_oracle,0.0576186299619825
0.4,TS_oracle,0.0183922055858119
0.4,TS_oracle,0.0174755666077584
0.4,TS_oracle,0.0574072031332811
0.4,TS_oracle,0.0348131229656929
0.4,TS_oracle,0.0433786278971221
0.4,TS_oracle,0.0226113598323708
0.4,TS_oracle,0.0209381267992226
0.4,TS_oracle,0.0247355348291226
0.4,TS_oracle,0.0561513084834322
0.4,TS_oracle,0.0207845292126841
0.4,TS_oracle,0.0468448596046644
0.4,TS_oracle,0.0163659716738595
0.4,TS_oracle,0.0289049869845247
0.4,TS_oracle,0.0230224287437159
0.4,TS_oracle,0.0319078043994345
0.4,TS_oracle,0.0173580588515618
0.4,TS_oracle,0.0318838242800048
0.4,TS_oracle,0.0176572757622376
0.4,TS_oracle,0.00416458789617461
0.4,TS_oracle,0.0182606243511023
0.4,TS_oracle,0.0488612737425584
0.4,TS_oracle,0.0236731263146042
0.4,TS_oracle,0.00904191320646378
0.4,TS_oracle,0.0202734292639559
0.4,TS_oracle,0.0191963723541926
0.4,TS_oracle,0.00511677005290812
0.4,TS_oracle,0.0459922628681448
0.4,TS_oracle,0.0249123419525655
0.4,TS_oracle,0.074324653886439
0.4,TS_oracle,0.0145800732323244
0.4,TS_oracle,0.0801998540241037
0.4,TS_oracle,0.0375179308335117
0.4,TS_oracle,0.0360444934562188
0.4,TS_oracle,0.069521490343799
0.4,TS_oracle,0.0309378237400745
0.4,TS_oracle,0.0475906373412995
0.4,TS_oracle,0.024950812074484
0.4,TS_oracle,0.0713799966071996
0.4,TS_oracle,0.027451595524209
0.4,TS_oracle,0.0415123870098232
0.4,TS_oracle,0.0147791390657715
0.4,TS_oracle,0.0346421719311475
0.4,TS_oracle,0.0761616373831473
0.4,TS_oracle,0.042019594776779
0.4,TS_oracle,0.0575322320223577
0.4,TS_oracle,0.0515663963275257
0.4,TS_oracle,0.0669461806919692
0.4,TS_oracle,0.0400450538180641
0.5,PLS,0.108385247575323
0.5,PLS,0.03333155675682
0.5,PLS,0.0407838355063308
0.5,PLS,0.0673095195235167
0.5,PLS,0.0530990378788479
0.5,PLS,0.0738906098236531
0.5,PLS,0.118259711814731
0.5,PLS,0.0546403236412475
0.5,PLS,0.127804783082649
0.5,PLS,0.0183667748470424
0.5,PLS,0.0612166847783866
0.5,PLS,0.0800403139421798
0.5,PLS,0.0450437333186732
0.5,PLS,0.0654247521819201
0.5,PLS,0.0677745250370759
0.5,PLS,0.0785949344128656
0.5,PLS,0.0195632834020228
0.5,PLS,0.0146249210668849
0.5,PLS,0.0263828260645488
0.5,PLS,0.0239919857978077
0.5,PLS,0.0573467372979261
0.5,PLS,0.0607990530561545
0.5,PLS,0.124190937936949
0.5,PLS,0.0334736368267018
0.5,PLS,0.0858048077944748
0.5,PLS,0.102833843376163
0.5,PLS,0.0817165704390278
0.5,PLS,0.0494170729407128
0.5,PLS,0.0382524693322425
0.5,PLS,0.0969674176677535
0.5,PLS,0.0405525419453274
0.5,PLS,0.0707813645707386
0.5,PLS,0.0628820747979633
0.5,PLS,0.0688563375943296
0.5,PLS,0.0172644385757634
0.5,PLS,0.0595002861459085
0.5,PLS,0.0440143326270339
0.5,PLS,0.0697423976513663
0.5,PLS,0.14654493994415
0.5,PLS,0.0766053074083723
0.5,PLS,0.021178576711305
0.5,PLS,0.0782100819006632
0.5,PLS,0.0673221530664986
0.5,PLS,0.0285504593120414
0.5,PLS,0.108666002878412
0.5,PLS,0.0127563477375587
0.5,PLS,0.052952147868852
0.5,PLS,0.115725620154197
0.5,PLS,0.0197364460389735
0.5,PLS,0.118375090092744
0.5,PLS,0.0635101806119675
0.5,PLS,0.0536598969822357
0.5,PLS,0.0400268075872482
0.5,PLS,0.199977738320038
0.5,PLS,0.0424958777976675
0.5,PLS,0.0317780064713689
0.5,PLS,0.0852969717168361
0.5,PLS,0.0148280836678634
0.5,PLS,0.051199356254706
0.5,PLS,0.0903888604829748
0.5,PLS,0.0806841138469826
0.5,PLS,0.0424623298186012
0.5,PLS,0.251768154265718
0.5,PLS,0.0279277171831097
0.5,PLS,0.115373329540823
0.5,PLS,0.163978922920094
0.5,PLS,0.0337711705940636
0.5,PLS,0.025373652668742
0.5,PLS,0.0422609118905938
0.5,PLS,0.0599685149099351
0.5,PLS,0.0278517465300069
0.5,PLS,0.0143712377625064
0.5,PLS,0.0574464672933275
0.5,PLS,0.189386275084115
0.5,PLS,0.0358667187057821
0.5,PLS,0.0159139476673109
0.5,PLS,0.0447631019530993
0.5,PLS,0.0691625282063854
0.5,PLS,0.0564515222520108
0.5,PLS,0.087744620802953
0.5,PLS,0.068704292181415
0.5,PLS,0.00812451877215625
0.5,PLS,0.0520620905904891
0.5,PLS,0.0757893187219112
0.5,PLS,0.0960883509582947
0.5,PLS,0.0459866900044569
0.5,PLS,0.116767237052492
0.5,PLS,0.0755719714674192
0.5,PLS,0.00789860639145419
0.5,PLS,0.059255298028458
0.5,PLS,0.0738450673785465
0.5,PLS,0.0874897878867712
0.5,PLS,0.0360448848165888
0.5,PLS,0.10229946119604
0.5,PLS,0.0624389569896324
0.5,PLS,0.0116855027352635
0.5,PLS,0.0348958467786718
0.5,PLS,0.0431960241852173
0.5,PLS,0.0349142435950819
0.5,PLS,0.0705433299345417
0.5,PLS,0.119324110701259
0.5,PLS,0.0453014323985095
0.5,PLS,0.0124032083252565
0.5,PLS,0.133450144313056
0.5,PLS,0.0367490852428022
0.5,PLS,0.0613888104412144
0.5,PLS,0.0240450119603366
0.5,PLS,0.0941128837596331
0.5,PLS,0.0549289774138279
0.5,PLS,0.0224576154155869
0.5,PLS,0.0751481154848672
0.5,PLS,0.0185989546813793
0.5,PLS,0.198879024476963
0.5,PLS,0.0588631659094462
0.5,PLS,0.0109088677186739
0.5,PLS,0.054465322176482
0.5,PLS,0.0809381467746697
0.5,PLS,0.0627203242356694
0.5,PLS,0.0445490647672245
0.5,PLS,0.0634023974789322
0.5,PLS,0.0407539828093008
0.5,PLS,0.0403346514595011
0.5,PLS,0.07232431966229
0.5,PLS,0.052547788789968
0.5,PLS,0.0573379439492289
0.5,PLS,0.0334290590051814
0.5,PLS,0.013635465453216
0.5,PLS,0.221505229986791
0.5,PLS,0.0216108090130355
0.5,PLS,0.0276003526480882
0.5,PLS,0.0763140021639485
0.5,PLS,0.0161090755021998
0.5,PLS,0.0497575918743877
0.5,PLS,0.0638546955093398
0.5,PLS,0.0957210917815624
0.5,PLS,0.0672489366214322
0.5,PLS,0.0623690904580315
0.5,PLS,0.0417770330684091
0.5,PLS,0.014962469557452
0.5,PLS,0.0502068662846833
0.5,PLS,0.0686072316168972
0.5,PLS,0.100346275602949
0.5,PLS,0.0357664518202562
0.5,PLS,0.0455238443897678
0.5,PLS,0.0674049001821815
0.5,PLS,0.0122036387875875
0.5,PLS,0.0699141056689365
0.5,PLS,0.0825273881964302
0.5,PLS,0.0682801394750664
0.5,PLS,0.140905431031096
0.5,PLS,0.0370517066291814
0.5,PLS,0.0574528448249815
0.5,PLS,0.0665193293659654
0.5,PLS,0.102511678916937
0.5,PLS,0.0181892737764417
0.5,PLS,0.0475213549597923
0.5,PLS,0.0730316752459606
0.5,PLS,0.124367533809518
0.5,PLS,0.0306891318783364
0.5,PLS,0.0392532574269598
0.5,PLS,0.083008826504075
0.5,PLS,0.142070278920564
0.5,PLS,0.0205762677998931
0.5,PLS,0.043542170295997
0.5,PLS,0.0412416062388222
0.5,PLS,0.0173047084700017
0.5,PLS,0.0548507568066827
0.5,PLS,0.0852219560381575
0.5,PLS,0.146308977978502
0.5,PLS,0.115419429130093
0.5,PLS,0.104249382860811
0.5,PLS,0.0387006687883396
0.5,PLS,0.0862297970236396
0.5,PLS,0.0830674234529248
0.5,PLS,0.0671757433664041
0.5,PLS,0.0788889900075119
0.5,PLS,0.0889066921450991
0.5,PLS,0.0262688002059838
0.5,PLS,0.0214863427121396
0.5,PLS,0.0639695689630638
0.5,PLS,0.0196208398592637
0.5,PLS,0.00676732032439425
0.5,PLS,0.0256681862168645
0.5,PLS,0.0676483792199081
0.5,PLS,0.0168793068506267
0.5,PLS,0.0403542819804946
0.5,PLS,0.0772584995691719
0.5,PLS,0.0392136007011361
0.5,PLS,0.0940035288773267
0.5,PLS,0.0718460856979164
0.5,PLS,0.0291887164839916
0.5,PLS,0.0443708521567925
0.5,PLS,0.0599756525474532
0.5,PLS,0.0194042040002571
0.5,PLS,0.047919361140697
0.5,PLS,0.0732218620621354
0.5,PLS,0.0387841397166155
0.5,PLS,0.126270494288756
0.5,PLS,0.0447781703822665
0.5,PLS,0.0289010918850702
0.5,fTS,0.0740403293145078
0.5,fTS,0.0470626317052361
0.5,fTS,0.0232565210801055
0.5,fTS,0.0664580104744946
0.5,fTS,0.0448031343341822
0.5,fTS,0.0222049782862886
0.5,fTS,0.0709410374210754
0.5,fTS,0.0443940813871403
0.5,fTS,0.0212597519106705
0.5,fTS,0.0371868154777824
0.5,fTS,0.0240606852620829
0.5,fTS,0.0293321644829966
0.5,fTS,0.0352172426556587
0.5,fTS,0.0400283176379087
0.5,fTS,0.0273884676588699
0.5,fTS,0.0316897946929509
0.5,fTS,0.0358821162016019
0.5,fTS,0.0165661549192139
0.5,fTS,0.0200614308096991
0.5,fTS,0.0141378968292635
0.5,fTS,0.0247521982330397
0.5,fTS,0.0366012857523845
0.5,fTS,0.0499062649914768
0.5,fTS,0.00901618405569385
0.5,fTS,0.0467063773598857
0.5,fTS,0.0252414439385764
0.5,fTS,0.0464998161287752
0.5,fTS,0.050953841121757
0.5,fTS,0.0469052538542689
0.5,fTS,0.0670220962406252
0.5,fTS,0.0282478852719191
0.5,fTS,0.04815746543582
0.5,fTS,0.0419285987968936
0.5,fTS,0.047042013688962
0.5,fTS,0.0064158586677355
0.5,fTS,0.0555474061842824
0.5,fTS,0.02168086524216
0.5,fTS,0.0422897402366307
0.5,fTS,0.0351398190831836
0.5,fTS,0.0190440974434531
0.5,fTS,0.0462513355888305
0.5,fTS,0.0489765100058363
0.5,fTS,0.059151642209657
0.5,fTS,0.0442900364093722
0.5,fTS,0.0631662611458263
0.5,fTS,0.0226374787680996
0.5,fTS,0.0917733098282808
0.5,fTS,0.0345934924356254
0.5,fTS,0.014306994400104
0.5,fTS,0.0217998262939385
0.5,fTS,0.0282987355337806
0.5,fTS,0.0284081952200067
0.5,fTS,0.00721511387395297
0.5,fTS,0.100810566024237
0.5,fTS,0.0380233067958506
0.5,fTS,0.0242420198483696
0.5,fTS,0.037720413560034
0.5,fTS,0.0161680072409946
0.5,fTS,0.0342721638809524
0.5,fTS,0.0300687703686232
0.5,fTS,0.023917653533634
0.5,fTS,0.0371524914668102
0.5,fTS,0.0413242247287977
0.5,fTS,0.0130132760847412
0.5,fTS,0.0846691341445657
0.5,fTS,0.0761759915207596
0.5,fTS,0.0171122676782016
0.5,fTS,0.0206880766973772
0.5,fTS,0.0320289991349555
0.5,fTS,0.0192392167472564
0.5,fTS,0.0299280133301365
0.5,fTS,0.0211454507137912
0.5,fTS,0.0518037910835795
0.5,fTS,0.138401287355685
0.5,fTS,0.0677641328499334
0.5,fTS,0.0186860586228923
0.5,fTS,0.0619870703815734
0.5,fTS,0.0211869010237896
0.5,fTS,0.0325412281149529
0.5,fTS,0.0452294940228962
0.5,fTS,0.0479913276966208
0.5,fTS,0.00826841379170782
0.5,fTS,0.0256958130675685
0.5,fTS,0.0395292420577098
0.5,fTS,0.0202228605631612
0.5,fTS,0.0261579734670295
0.5,fTS,0.0318182361816523
0.5,fTS,0.0531884652191822
0.5,fTS,0.00760119121766338
0.5,fTS,0.0482538648583445
0.5,fTS,0.0558975849038051
0.5,fTS,0.0482757466205953
0.5,fTS,0.034723745919316
0.5,fTS,0.0349493832130142
0.5,fTS,0.0174169847806052
0.5,fTS,0.00811065491385176
0.5,fTS,0.0301420796996452
0.5,fTS,0.0341212654206847
0.5,fTS,0.016359694044066
0.5,fTS,0.0454833308027398
0.5,fTS,0.0554528762944432
0.5,fTS,0.034635272088768
0.5,fTS,0.0163538612270031
0.5,fTS,0.0895331026556511
0.5,fTS,0.0142374587370845
0.5,fTS,0.0557921657037324
0.5,fTS,0.0307704243026374
0.5,fTS,0.030621658016373
0.5,fTS,0.030015873226759
0.5,fTS,0.0180232194832725
0.5,fTS,0.0523295175953838
0.5,fTS,0.00903556523585069
0.5,fTS,0.0242495372465001
0.5,fTS,0.0481768035090088
0.5,fTS,0.0315608338865604
0.5,fTS,0.0422177434444434
0.5,fTS,0.0411329919186637
0.5,fTS,0.0478761250725258
0.5,fTS,0.0318301476460801
0.5,fTS,0.0473647997074252
0.5,fTS,0.0250956002170029
0.5,fTS,0.0293687663049907
0.5,fTS,0.0296356165198841
0.5,fTS,0.0165212200596761
0.5,fTS,0.0236323462398545
0.5,fTS,0.0507367647976682
0.5,fTS,0.0226661738890701
0.5,fTS,0.145639696923716
0.5,fTS,0.0212660229000931
0.5,fTS,0.0155470736742228
0.5,fTS,0.0479979546834498
0.5,fTS,0.0216662729806696
0.5,fTS,0.0287754934850491
0.5,fTS,0.0222731190886031
0.5,fTS,0.0428025167822937
0.5,fTS,0.0296650872258526
0.5,fTS,0.0429903474500631
0.5,fTS,0.0312504414424636
0.5,fTS,0.0141311517993794
0.5,fTS,0.024215032343989
0.5,fTS,0.0698733366560562
0.5,fTS,0.0391794244440335
0.5,fTS,0.0162857155876616
0.5,fTS,0.0483834559901106
0.5,fTS,0.0556357127237538
0.5,fTS,0.00675062071611595
0.5,fTS,0.0238910266484561
0.5,fTS,0.0505343303271087
0.5,fTS,0.0455206969308868
0.5,fTS,0.081561403953483
0.5,fTS,0.0295601623471504
0.5,fTS,0.039973190285349
0.5,fTS,0.0352101410867816
0.5,fTS,0.0356761879419856
0.5,fTS,0.0325849482170436
0.5,fTS,0.0285127788618968
0.5,fTS,0.0567115949318003
0.5,fTS,0.0476297444442074
0.5,fTS,0.0448023999960297
0.5,fTS,0.0590812366949715
0.5,fTS,0.0143005937850991
0.5,fTS,0.111928565631905
0.5,fTS,0.00563314855581088
0.5,fTS,0.0252260973025616
0.5,fTS,0.0309745061524148
0.5,fTS,0.0156142375002598
0.5,fTS,0.0263881229743476
0.5,fTS,0.0568677850840322
0.5,fTS,0.0249093357449203
0.5,fTS,0.0534053523817187
0.5,fTS,0.0883828038091633
0.5,fTS,0.016543089057084
0.5,fTS,0.0650189047682767
0.5,fTS,0.0543230739117948
0.5,fTS,0.0636847865996177
0.5,fTS,0.024292144007232
0.5,fTS,0.032770245268071
0.5,fTS,0.0362255862749131
0.5,fTS,0.0134969494450448
0.5,fTS,0.0500916369878104
0.5,fTS,0.0252724223353344
0.5,fTS,0.0228688133350053
0.5,fTS,0.0264160764455298
0.5,fTS,0.0340342306246884
0.5,fTS,0.00788705097878545
0.5,fTS,0.0362918319402714
0.5,fTS,0.0218495190331239
0.5,fTS,0.0540278660684919
0.5,fTS,0.0483076709424845
0.5,fTS,0.0667438557541154
0.5,fTS,0.0245706994509482
0.5,fTS,0.0201235382659983
0.5,fTS,0.0587076694492519
0.5,fTS,0.0223998224452294
0.5,fTS,0.03074167846862
0.5,fTS,0.0432345678517988
0.5,fTS,0.0374596563230728
0.5,fTS,0.0630545808152802
0.5,fTS,0.065432356054588
0.5,fTS,0.0361043066581832
0.5,LS_oracle,0.0718895302602559
0.5,LS_oracle,0.0354197462368158
0.5,LS_oracle,0.0499827766359336
0.5,LS_oracle,0.0697296086976706
0.5,LS_oracle,0.0540804963098188
0.5,LS_oracle,0.0323503952145502
0.5,LS_oracle,0.10505942686999
0.5,LS_oracle,0.0537618141342974
0.5,LS_oracle,0.121200746664176
0.5,LS_oracle,0.0254237297655553
0.5,LS_oracle,0.042333251238833
0.5,LS_oracle,0.0633630233138174
0.5,LS_oracle,0.0392907128089791
0.5,LS_oracle,0.0716752788844623
0.5,LS_oracle,0.0788442441002382
0.5,LS_oracle,0.0776049265823109
0.5,LS_oracle,0.0460260673312771
0.5,LS_oracle,0.00342659864778296
0.5,LS_oracle,0.0275967524428752
0.5,LS_oracle,0.0326634395843908
0.5,LS_oracle,0.0676971215522107
0.5,LS_oracle,0.0210961937056612
0.5,LS_oracle,0.0770159465169942
0.5,LS_oracle,0.0701289399243822
0.5,LS_oracle,0.0486912869137401
0.5,LS_oracle,0.0429053632842904
0.5,LS_oracle,0.0777467527522398
0.5,LS_oracle,0.0401117102705083
0.5,LS_oracle,0.0528260347123944
0.5,LS_oracle,0.100962282928108
0.5,LS_oracle,0.0291207968428053
0.5,LS_oracle,0.0443095051904438
0.5,LS_oracle,0.0694068044427808
0.5,LS_oracle,0.0734423396380075
0.5,LS_oracle,0.0172912174480194
0.5,LS_oracle,0.0412952203105731
0.5,LS_oracle,0.0414467302034868
0.5,LS_oracle,0.0689742508697612
0.5,LS_oracle,0.073810961367492
0.5,LS_oracle,0.096178698117367
0.5,LS_oracle,0.0146940788650962
0.5,LS_oracle,0.0553895936457862
0.5,LS_oracle,0.0754433098599509
0.5,LS_oracle,0.0224641913512222
0.5,LS_oracle,0.0362668465809412
0.5,LS_oracle,0.0124415461631657
0.5,LS_oracle,0.0450473882541365
0.5,LS_oracle,0.107553068032944
0.5,LS_oracle,0.0104253224378385
0.5,LS_oracle,0.100389988436665
0.5,LS_oracle,0.0677455267729807
0.5,LS_oracle,0.0528842559360184
0.5,LS_oracle,0.0321018696897261
0.5,LS_oracle,0.156970258441573
0.5,LS_oracle,0.0240309803031127
0.5,LS_oracle,0.0163829959622584
0.5,LS_oracle,0.0376693142129072
0.5,LS_oracle,0.00730559370894827
0.5,LS_oracle,0.0510246426904132
0.5,LS_oracle,0.0793888931903868
0.5,LS_oracle,0.0778116229948575
0.5,LS_oracle,0.06313516737798
0.5,LS_oracle,0.054033760493689
0.5,LS_oracle,0.00657072936930953
0.5,LS_oracle,0.0688641562910593
0.5,LS_oracle,0.129855486432027
0.5,LS_oracle,0.023102304045533
0.5,LS_oracle,0.0253458731456386
0.5,LS_oracle,0.0470376518636266
0.5,LS_oracle,0.0494368614649498
0.5,LS_oracle,0.027746427932489
0.5,LS_oracle,0.00931942072746467
0.5,LS_oracle,0.0541048328430642
0.5,LS_oracle,0.164781510087894
0.5,LS_oracle,0.0338039197274329
0.5,LS_oracle,0.0126029700402139
0.5,LS_oracle,0.0541412158267407
0.5,LS_oracle,0.0465496861347322
0.5,LS_oracle,0.0577894389656224
0.5,LS_oracle,0.0829594734221763
0.5,LS_oracle,0.0643081575054241
0.5,LS_oracle,0.00761792856886292
0.5,LS_oracle,0.0500628340521711
0.5,LS_oracle,0.05554963622904
0.5,LS_oracle,0.0427950092412222
0.5,LS_oracle,0.0425246008939859
0.5,LS_oracle,0.113232812321949
0.5,LS_oracle,0.0485348104084719
0.5,LS_oracle,0.00765604256532532
0.5,LS_oracle,0.048133334397837
0.5,LS_oracle,0.0737742787211172
0.5,LS_oracle,0.0876548214624099
0.5,LS_oracle,0.0321315203358674
0.5,LS_oracle,0.0986050303557593
0.5,LS_oracle,0.0459259828619581
0.5,LS_oracle,0.0103344254127089
0.5,LS_oracle,0.0356519201035477
0.5,LS_oracle,0.0370569172864607
0.5,LS_oracle,0.0465603676065347
0.5,LS_oracle,0.047919574570483
0.5,LS_oracle,0.107015533364655
0.5,LS_oracle,0.0259472223370846
0.5,LS_oracle,0.0118101102518477
0.5,LS_oracle,0.223451441071531
0.5,LS_oracle,0.0295260873788823
0.5,LS_oracle,0.0731669104905086
0.5,LS_oracle,0.0202059789948247
0.5,LS_oracle,0.107985057189743
0.5,LS_oracle,0.0558641858264477
0.5,LS_oracle,0.0302696775624418
0.5,LS_oracle,0.113337732247243
0.5,LS_oracle,0.017724408673688
0.5,LS_oracle,0.108566295435367
0.5,LS_oracle,0.0470101297426884
0.5,LS_oracle,0.00611741384614599
0.5,LS_oracle,0.0475355130536695
0.5,LS_oracle,0.0742386038296461
0.5,LS_oracle,0.0578855170651961
0.5,LS_oracle,0.0454143841826348
0.5,LS_oracle,0.0361496021369241
0.5,LS_oracle,0.0418762951824212
0.5,LS_oracle,0.0397739556049333
0.5,LS_oracle,0.0699507506550975
0.5,LS_oracle,0.062606418677629
0.5,LS_oracle,0.0312518940560582
0.5,LS_oracle,0.012541826285713
0.5,LS_oracle,0.020256267512328
0.5,LS_oracle,0.135894689755071
0.5,LS_oracle,0.0212451825374288
0.5,LS_oracle,0.0216245902621377
0.5,LS_oracle,0.0533682337853719
0.5,LS_oracle,0.0117162792694124
0.5,LS_oracle,0.0654483105868397
0.5,LS_oracle,0.0381039232734571
0.5,LS_oracle,0.0965565310588204
0.5,LS_oracle,0.0435327060957382
0.5,LS_oracle,0.0548987432669549
0.5,LS_oracle,0.0373109401637315
0.5,LS_oracle,0.0151754670741871
0.5,LS_oracle,0.053014159244197
0.5,LS_oracle,0.107126056968428
0.5,LS_oracle,0.104403512275532
0.5,LS_oracle,0.0350046797889647
0.5,LS_oracle,0.0629437514778023
0.5,LS_oracle,0.0384640355401442
0.5,LS_oracle,0.0107361845616936
0.5,LS_oracle,0.0612842958807518
0.5,LS_oracle,0.0969829788313715
0.5,LS_oracle,0.0486308041570054
0.5,LS_oracle,0.131404645759154
0.5,LS_oracle,0.0208772799410518
0.5,LS_oracle,0.0557038309104731
0.5,LS_oracle,0.0588370385239053
0.5,LS_oracle,0.0944412616051831
0.5,LS_oracle,0.0187432157351272
0.5,LS_oracle,0.0220188059110246
0.5,LS_oracle,0.0913152709953984
0.5,LS_oracle,0.134602480082534
0.5,LS_oracle,0.0200704759985943
0.5,LS_oracle,0.0276207684535779
0.5,LS_oracle,0.0254478712604494
0.5,LS_oracle,0.125039240602176
0.5,LS_oracle,0.0223576834978887
0.5,LS_oracle,0.0474777821743551
0.5,LS_oracle,0.03780822413334
0.5,LS_oracle,0.0347980208105957
0.5,LS_oracle,0.0737440181368704
0.5,LS_oracle,0.0449681857277582
0.5,LS_oracle,0.146254234913629
0.5,LS_oracle,0.0864547103756284
0.5,LS_oracle,0.103678329415554
0.5,LS_oracle,0.0378960587095419
0.5,LS_oracle,0.080779284721689
0.5,LS_oracle,0.110393963495615
0.5,LS_oracle,0.0617138040890589
0.5,LS_oracle,0.0691242951861065
0.5,LS_oracle,0.0555930772182826
0.5,LS_oracle,0.0275236866783104
0.5,LS_oracle,0.0288657082882414
0.5,LS_oracle,0.0463386511593146
0.5,LS_oracle,0.0288714520052444
0.5,LS_oracle,0.00981880896547948
0.5,LS_oracle,0.0163395400913772
0.5,LS_oracle,0.0516381080402362
0.5,LS_oracle,0.0123101015200341
0.5,LS_oracle,0.0392216189209861
0.5,LS_oracle,0.0464709946034208
0.5,LS_oracle,0.0362221631491971
0.5,LS_oracle,0.0684833374073468
0.5,LS_oracle,0.071635502960732
0.5,LS_oracle,0.0331896186169839
0.5,LS_oracle,0.0486719181666647
0.5,LS_oracle,0.065872929682905
0.5,LS_oracle,0.0207915520602363
0.5,LS_oracle,0.0472620818637495
0.5,LS_oracle,0.0321051716603421
0.5,LS_oracle,0.0254349692622397
0.5,LS_oracle,0.142898628673486
0.5,LS_oracle,0.0280148757112533
0.5,LS_oracle,0.0249351796968499
0.5,TS_oracle,0.0666154071821465
0.5,TS_oracle,0.0475337075092571
0.5,TS_oracle,0.0230864550948772
0.5,TS_oracle,0.0622830650619359
0.5,TS_oracle,0.0450201116466359
0.5,TS_oracle,0.0333470189996777
0.5,TS_oracle,0.069271980485993
0.5,TS_oracle,0.0442875743306702
0.5,TS_oracle,0.0155642425083927
0.5,TS_oracle,0.0396082423306942
0.5,TS_oracle,0.0177792638907013
0.5,TS_oracle,0.0263604670204765
0.5,TS_oracle,0.0228989883572381
0.5,TS_oracle,0.03132079915468
0.5,TS_oracle,0.0281288846227272
0.5,TS_oracle,0.0312084777884434
0.5,TS_oracle,0.0457874342059859
0.5,TS_oracle,0.0112312333730062
0.5,TS_oracle,0.00505883911564579
0.5,TS_oracle,0.0134154749577036
0.5,TS_oracle,0.0173322791616585
0.5,TS_oracle,0.0251818361002392
0.5,TS_oracle,0.0348976067813887
0.5,TS_oracle,0.0108784486668079
0.5,TS_oracle,0.0317086635894384
0.5,TS_oracle,0.00422903764202918
0.5,TS_oracle,0.0428735498899193
0.5,TS_oracle,0.0479379574926485
0.5,TS_oracle,0.0482634584846873
0.5,TS_oracle,0.0547963423744623
0.5,TS_oracle,0.0268918159587695
0.5,TS_oracle,0.0418300528367296
0.5,TS_oracle,0.0423357302743063
0.5,TS_oracle,0.0401997221716494
0.5,TS_oracle,0.00637586288363653
0.5,TS_oracle,0.0300925501500271
0.5,TS_oracle,0.0213193333506081
0.5,TS_oracle,0.0425663594311759
0.5,TS_oracle,0.0326151829740167
0.5,TS_oracle,0.0171773550085009
0.5,TS_oracle,0.0125852632982441
0.5,TS_oracle,0.0385137174583786
0.5,TS_oracle,0.0573263846798932
0.5,TS_oracle,0.0245514040578607
0.5,TS_oracle,0.0153583110120048
0.5,TS_oracle,0.0181142015657353
0.5,TS_oracle,0.091113584188098
0.5,TS_oracle,0.0340333511248705
0.5,TS_oracle,0.0113350250243669
0.5,TS_oracle,0.0188875653649404
0.5,TS_oracle,0.022731172005502
0.5,TS_oracle,0.0301799057899922
0.5,TS_oracle,0.00680204274178215
0.5,TS_oracle,0.0847572666435809
0.5,TS_oracle,0.0343321865570623
0.5,TS_oracle,0.0199361952264708
0.5,TS_oracle,0.0257031815826217
0.5,TS_oracle,0.00863195726510285
0.5,TS_oracle,0.0279935250879819
0.5,TS_oracle,0.0205859959014898
0.5,TS_oracle,0.0235631762763801
0.5,TS_oracle,0.0345509828970679
0.5,TS_oracle,0.040521210300875
0.5,TS_oracle,0.00650170088691404
0.5,TS_oracle,0.0212884960131437
0.5,TS_oracle,0.0601985247716499
0.5,TS_oracle,0.0162070088876823
0.5,TS_oracle,0.0161722645576877
0.5,TS_oracle,0.0237346711352646
0.5,TS_oracle,0.017965887058923
0.5,TS_oracle,0.026895410774812
0.5,TS_oracle,0.0229453613417409
0.5,TS_oracle,0.0484442616431438
0.5,TS_oracle,0.0747627953083988
0.5,TS_oracle,0.0155611741001855
0.5,TS_oracle,0.0167464577565042
0.5,TS_oracle,0.0628864765298217
0.5,TS_oracle,0.0211997264831319
0.5,TS_oracle,0.0324398987280721
0.5,TS_oracle,0.0436107640322154
0.5,TS_oracle,0.0468401040099692
0.5,TS_oracle,0.00824186103546278
0.5,TS_oracle,0.0254069514710351
0.5,TS_oracle,0.0323073762371407
0.5,TS_oracle,0.0124185332446272
0.5,TS_oracle,0.0151196260561214
0.5,TS_oracle,0.029965494770835
0.5,TS_oracle,0.0270256626855319
0.5,TS_oracle,0.00388740583476247
0.5,TS_oracle,0.0480800610642359
0.5,TS_oracle,0.0547906145507316
0.5,TS_oracle,0.0485869343373196
0.5,TS_oracle,0.0265858595849005
0.5,TS_oracle,0.0355733256679357
0.5,TS_oracle,0.020496579790733
0.5,TS_oracle,0.0077544229431598
0.5,TS_oracle,0.0270828535510058
0.5,TS_oracle,0.0128600268649969
0.5,TS_oracle,0.0140889790053839
0.5,TS_oracle,0.0306567706258705
0.5,TS_oracle,0.0358084452520526
0.5,TS_oracle,0.0256490250243324
0.5,TS_oracle,0.0111032527872601
0.5,TS_oracle,0.0854811073499031
0.5,TS_oracle,0.0131557257157614
0.5,TS_oracle,0.0530786173946578
0.5,TS_oracle,0.0249229112726735
0.5,TS_oracle,0.0192324336672691
0.5,TS_oracle,0.022746418574233
0.5,TS_oracle,0.0127813880288175
0.5,TS_oracle,0.06317301108704
0.5,TS_oracle,0.00690956076637753
0.5,TS_oracle,0.0173334679177484
0.5,TS_oracle,0.0445741599230698
0.5,TS_oracle,0.0264595887391204
0.5,TS_oracle,0.0406705201149879
0.5,TS_oracle,0.0331339598988132
0.5,TS_oracle,0.0465844851351195
0.5,TS_oracle,0.0290948039887208
0.5,TS_oracle,0.0447595060767803
0.5,TS_oracle,0.0247430714361547
0.5,TS_oracle,0.0265917946955692
0.5,TS_oracle,0.022341688207182
0.5,TS_oracle,0.0147976179931369
0.5,TS_oracle,0.0193590943847083
0.5,TS_oracle,0.0314464041699754
0.5,TS_oracle,0.0226908800313279
0.5,TS_oracle,0.107784779418132
0.5,TS_oracle,0.0201505842179168
0.5,TS_oracle,0.010463970462975
0.5,TS_oracle,0.0413187943537213
0.5,TS_oracle,0.0132380285116011
0.5,TS_oracle,0.0204910243269161
0.5,TS_oracle,0.0200543735952514
0.5,TS_oracle,0.0437371155382766
0.5,TS_oracle,0.0254598297782443
0.5,TS_oracle,0.0152487996678467
0.5,TS_oracle,0.031200126850627
0.5,TS_oracle,0.0142837125018506
0.5,TS_oracle,0.0197372417335119
0.5,TS_oracle,0.0364809200664761
0.5,TS_oracle,0.041842285743116
0.5,TS_oracle,0.0113637483311041
0.5,TS_oracle,0.0395781502981927
0.5,TS_oracle,0.0397916960298482
0.5,TS_oracle,0.00611490150502396
0.5,TS_oracle,0.0202400446754323
0.5,TS_oracle,0.0416204643785381
0.5,TS_oracle,0.0418805773679796
0.5,TS_oracle,0.0703249560321456
0.5,TS_oracle,0.0283845689935982
0.5,TS_oracle,0.0387380384415471
0.5,TS_oracle,0.0346358342045686
0.5,TS_oracle,0.0298360543902316
0.5,TS_oracle,0.026638032362688
0.5,TS_oracle,0.0242264684672489
0.5,TS_oracle,0.057633110445419
0.5,TS_oracle,0.0444998832054667
0.5,TS_oracle,0.0297643527964798
0.5,TS_oracle,0.0575275018476141
0.5,TS_oracle,0.0142112698337032
0.5,TS_oracle,0.0952734527181062
0.5,TS_oracle,0.00597000674262447
0.5,TS_oracle,0.0255350375204132
0.5,TS_oracle,0.030997180288181
0.5,TS_oracle,0.0129226172367136
0.5,TS_oracle,0.0252294503068353
0.5,TS_oracle,0.0490451920725925
0.5,TS_oracle,0.0241102762686644
0.5,TS_oracle,0.0515809435414396
0.5,TS_oracle,0.0843904144545842
0.5,TS_oracle,0.0160515079165609
0.5,TS_oracle,0.0583859575907773
0.5,TS_oracle,0.0607143866075733
0.5,TS_oracle,0.04312429513083
0.5,TS_oracle,0.0268156015525126
0.5,TS_oracle,0.0328491647540287
0.5,TS_oracle,0.0201663205164571
0.5,TS_oracle,0.0150274664559921
0.5,TS_oracle,0.0435799803854664
0.5,TS_oracle,0.0264620983623032
0.5,TS_oracle,0.0244249949513333
0.5,TS_oracle,0.0253088933266065
0.5,TS_oracle,0.0326338617519673
0.5,TS_oracle,0.00780867379382103
0.5,TS_oracle,0.0413402886249929
0.5,TS_oracle,0.0175001987628245
0.5,TS_oracle,0.0473154699424765
0.5,TS_oracle,0.0347493599369166
0.5,TS_oracle,0.061392461196287
0.5,TS_oracle,0.0230506826109172
0.5,TS_oracle,0.0204313476267349
0.5,TS_oracle,0.0627761761222966
0.5,TS_oracle,0.0228597009297283
0.5,TS_oracle,0.0310151112387619
0.5,TS_oracle,0.037230845966416
0.5,TS_oracle,0.0309321415760492
0.5,TS_oracle,0.0690277857230972
0.5,TS_oracle,0.0425498698070979
0.5,TS_oracle,0.0121347420219074
0.6,PLS,0.072433903935318
0.6,PLS,0.0534305858738638
0.6,PLS,0.0494518993299771
0.6,PLS,0.0444046886151556
0.6,PLS,0.10062238256309
0.6,PLS,0.0624229682589958
0.6,PLS,0.0502701819451485
0.6,PLS,0.013052663374088
0.6,PLS,0.0478571847629613
0.6,PLS,0.0277712972039238
0.6,PLS,0.0291162097354326
0.6,PLS,0.0663957299830464
0.6,PLS,0.0157806640736617
0.6,PLS,0.0257833842193257
0.6,PLS,0.0509141746651224
0.6,PLS,0.0155118663217699
0.6,PLS,0.030635687445117
0.6,PLS,0.0857256253844745
0.6,PLS,0.189839512936336
0.6,PLS,0.035775784171
0.6,PLS,0.0417464952464698
0.6,PLS,0.0107708616270523
0.6,PLS,0.0589611779170461
0.6,PLS,0.0158173869828305
0.6,PLS,0.0320917105960488
0.6,PLS,0.0478279082043107
0.6,PLS,0.0870649487883091
0.6,PLS,0.0330321947292748
0.6,PLS,0.0802470140227528
0.6,PLS,0.0319151393117184
0.6,PLS,0.209567061678391
0.6,PLS,0.0212293415173778
0.6,PLS,0.0236801715949996
0.6,PLS,0.105506444560994
0.6,PLS,0.04268998800854
0.6,PLS,0.0085257819371387
0.6,PLS,0.050407465529924
0.6,PLS,0.0586633195693435
0.6,PLS,0.0154473841838089
0.6,PLS,0.154774079310259
0.6,PLS,0.0747927001023461
0.6,PLS,0.0365488349717605
0.6,PLS,0.0954101075691099
0.6,PLS,0.0536974476140652
0.6,PLS,0.131582194466767
0.6,PLS,0.0722494765760833
0.6,PLS,0.139580408263751
0.6,PLS,0.087858934954902
0.6,PLS,0.0665861094385129
0.6,PLS,0.0606444683901952
0.6,PLS,0.148039040891153
0.6,PLS,0.061050537825448
0.6,PLS,0.0617383584772375
0.6,PLS,0.0331280108981229
0.6,PLS,0.0687566063820761
0.6,PLS,0.0371693915550487
0.6,PLS,0.0779635763993421
0.6,PLS,0.033083582329021
0.6,PLS,0.00980823787789816
0.6,PLS,0.0728371425143733
0.6,PLS,0.0376358147218941
0.6,PLS,0.148129645662776
0.6,PLS,0.046669270027195
0.6,PLS,0.0562046357562468
0.6,PLS,0.0152668842185095
0.6,PLS,0.00218832594793001
0.6,PLS,0.0555216119923915
0.6,PLS,0.032896618389545
0.6,PLS,0.0431909661231563
0.6,PLS,0.0730111286959485
0.6,PLS,0.0379320449675459
0.6,PLS,0.0311021414573346
0.6,PLS,0.0387619322838745
0.6,PLS,0.024814522158829
0.6,PLS,0.0702950180538963
0.6,PLS,0.0842451639067554
0.6,PLS,0.0335509558385144
0.6,PLS,0.0626171405754531
0.6,PLS,0.0538900136166545
0.6,PLS,0.0161076931766979
0.6,PLS,0.0559818637589356
0.6,PLS,0.0603881616176314
0.6,PLS,0.061019870218459
0.6,PLS,0.0417464120450311
0.6,PLS,0.0197953399271218
0.6,PLS,0.0325106596805162
0.6,PLS,0.0202192931577339
0.6,PLS,0.0272171106942371
0.6,PLS,0.0428642482409273
0.6,PLS,0.0502689489348066
0.6,PLS,0.0215083771719772
0.6,PLS,0.0307080144144953
0.6,PLS,0.0289689386722848
0.6,PLS,0.0881439613549375
0.6,PLS,0.124925703944819
0.6,PLS,0.0162199947618082
0.6,PLS,0.0445232708901769
0.6,PLS,0.112539491202098
0.6,PLS,0.0339139738686681
0.6,PLS,0.0622278790605722
0.6,PLS,0.0256298158120094
0.6,PLS,0.0190750545213198
0.6,PLS,0.0894589255487304
0.6,PLS,0.0229884004280588
0.6,PLS,0.0295820335871646
0.6,PLS,0.0232235480211424
0.6,PLS,0.0204879527044597
0.6,PLS,0.0347714845401274
0.6,PLS,0.0234527566818745
0.6,PLS,0.0491749281131419
0.6,PLS,0.0634844636030212
0.6,PLS,0.0351683478295626
0.6,PLS,0.0361457648128529
0.6,PLS,0.0846884439950646
0.6,PLS,0.0157821492266249
0.6,PLS,0.0201437251972497
0.6,PLS,0.0396402119032498
0.6,PLS,0.0195651149194485
0.6,PLS,0.0949172669357928
0.6,PLS,0.046174729255684
0.6,PLS,0.061825525673894
0.6,PLS,0.0295990069157906
0.6,PLS,0.0565783826297679
0.6,PLS,0.109218562331845
0.6,PLS,0.0432795441477452
0.6,PLS,0.021376184413628
0.6,PLS,0.0363676455685465
0.6,PLS,0.057319623268231
0.6,PLS,0.14201144709602
0.6,PLS,0.0410735497200332
0.6,PLS,0.0460653800008054
0.6,PLS,0.0206941984669385
0.6,PLS,0.0275367210244146
0.6,PLS,0.0325061028903722
0.6,PLS,0.0167234471903188
0.6,PLS,0.0922705822228548
0.6,PLS,0.0453096578169673
0.6,PLS,0.05297090193325
0.6,PLS,0.0337300022601485
0.6,PLS,0.077311805907944
0.6,PLS,0.0314183859085732
0.6,PLS,0.0445515726598009
0.6,PLS,0.015977883691497
0.6,PLS,0.0607311372198176
0.6,PLS,0.0501141494071285
0.6,PLS,0.0319546297834642
0.6,PLS,0.0850565181268378
0.6,PLS,0.019219261474188
0.6,PLS,0.0736328675805137
0.6,PLS,0.0343422659641368
0.6,PLS,0.0377509392405796
0.6,PLS,0.049071400309389
0.6,PLS,0.0484478076325552
0.6,PLS,0.103322496864184
0.6,PLS,0.035412722113325
0.6,PLS,0.0372694860690704
0.6,PLS,0.0848123460145988
0.6,PLS,0.0291330060268084
0.6,PLS,0.082886948303172
0.6,PLS,0.0211004929893153
0.6,PLS,0.0737830460657099
0.6,PLS,0.0674704225191282
0.6,PLS,0.037468734935816
0.6,PLS,0.306468582642978
0.6,PLS,0.125311033626038
0.6,PLS,0.0522530040258195
0.6,PLS,0.133445435671364
0.6,PLS,0.0673409120454007
0.6,PLS,0.0644406299793178
0.6,PLS,0.0175739887963138
0.6,PLS,0.0118542460528823
0.6,PLS,0.0192106310218068
0.6,PLS,0.0798321132033659
0.6,PLS,0.0336216923658144
0.6,PLS,0.0656236667950676
0.6,PLS,0.0721502274246416
0.6,PLS,0.0741074609295817
0.6,PLS,0.0521016761930133
0.6,PLS,0.100449779196751
0.6,PLS,0.0602355725567322
0.6,PLS,0.0485999656754528
0.6,PLS,0.0614219594983562
0.6,PLS,0.0263184006838475
0.6,PLS,0.10119912958633
0.6,PLS,0.0312979338650816
0.6,PLS,0.0313677195659593
0.6,PLS,0.0190270885530515
0.6,PLS,0.0732499132903882
0.6,PLS,0.0523788161890926
0.6,PLS,0.0637914360449542
0.6,PLS,0.083825852654774
0.6,PLS,0.0544255069447105
0.6,PLS,0.0320326559750522
0.6,PLS,0.0381879347362936
0.6,PLS,0.0407239748932573
0.6,PLS,0.0374657783813988
0.6,PLS,0.113414441393519
0.6,PLS,0.055303091324685
0.6,PLS,0.004529291728969
0.6,PLS,0.0610827079188017
0.6,fTS,0.0625352225273449
0.6,fTS,0.0182695791867244
0.6,fTS,0.0590332598603648
0.6,fTS,0.0932509931209746
0.6,fTS,0.0558035100253858
0.6,fTS,0.0204306380885004
0.6,fTS,0.029638101411606
0.6,fTS,0.0148680034098159
0.6,fTS,0.0291899863829211
0.6,fTS,0.00870012352574238
0.6,fTS,0.0124073955916871
0.6,fTS,0.0302368990750091
0.6,fTS,0.0143114778616111
0.6,fTS,0.0238160808275604
0.6,fTS,0.0206795699848022
0.6,fTS,0.0184657889518754
0.6,fTS,0.0383411349903991
0.6,fTS,0.0266859461870161
0.6,fTS,0.0506091954466676
0.6,fTS,0.0597408203808027
0.6,fTS,0.017924772648989
0.6,fTS,0.015518440485851
0.6,fTS,0.0127787334520828
0.6,fTS,0.0223970969529264
0.6,fTS,0.0331531731768476
0.6,fTS,0.0722360581208625
0.6,fTS,0.0395369311074725
0.6,fTS,0.0288271717944916
0.6,fTS,0.0371087860507164
0.6,fTS,0.0255558274708729
0.6,fTS,0.0920743110888119
0.6,fTS,0.0150715737669455
0.6,fTS,0.0308937664455217
0.6,fTS,0.0499418686715078
0.6,fTS,0.0310201809904469
0.6,fTS,0.0283954777390605
0.6,fTS,0.0440298871622677
0.6,fTS,0.0596388846873601
0.6,fTS,0.020082616788108
0.6,fTS,0.0443421204439419
0.6,fTS,0.0398348450956729
0.6,fTS,0.0265095233823196
0.6,fTS,0.0226862677878909
0.6,fTS,0.0349126289250457
0.6,fTS,0.114824227004557
0.6,fTS,0.0145607023197812
0.6,fTS,0.0643341844552687
0.6,fTS,0.0492489396754492
0.6,fTS,0.0439350073478941
0.6,fTS,0.0223516192849037
0.6,fTS,0.053384456954083
0.6,fTS,0.0140149342093187
0.6,fTS,0.0229155491516303
0.6,fTS,0.0212281714660866
0.6,fTS,0.0163702490974953
0.6,fTS,0.0612460335292211
0.6,fTS,0.0126003705999622
0.6,fTS,0.0548024078736834
0.6,fTS,0.0126783104032532
0.6,fTS,0.0598688038670669
0.6,fTS,0.0242223380595677
0.6,fTS,0.043104434596477
0.6,fTS,0.0370766696690221
0.6,fTS,0.0287306604435649
0.6,fTS,0.0362711915132954
0.6,fTS,0.00910048708503804
0.6,fTS,0.0208453616551856
0.6,fTS,0.0297103258575265
0.6,fTS,0.0273052940198812
0.6,fTS,0.0354964753790473
0.6,fTS,0.0222300785497824
0.6,fTS,0.0311192350405824
0.6,fTS,0.0313552118496374
0.6,fTS,0.0484260799195424
0.6,fTS,0.0388652454275289
0.6,fTS,0.0571471691051958
0.6,fTS,0.0316432905209511
0.6,fTS,0.0341543450820818
0.6,fTS,0.0447058956693658
0.6,fTS,0.0171931541332429
0.6,fTS,0.0294030946470409
0.6,fTS,0.0418716926005033
0.6,fTS,0.0107576077460645
0.6,fTS,0.0260634808062241
0.6,fTS,0.0367013640821926
0.6,fTS,0.0176329269699151
0.6,fTS,0.0195587099697159
0.6,fTS,0.00700680733754984
0.6,fTS,0.0117980647304939
0.6,fTS,0.0262899351243302
0.6,fTS,0.0128084344938988
0.6,fTS,0.0364398117553221
0.6,fTS,0.0222722711989152
0.6,fTS,0.0463434913688442
0.6,fTS,0.0266905362857907
0.6,fTS,0.0106776444170047
0.6,fTS,0.036113904264202
0.6,fTS,0.0275729175295964
0.6,fTS,0.017677188902714
0.6,fTS,0.0442775789989078
0.6,fTS,0.0190503103477052
0.6,fTS,0.0216255361970704
0.6,fTS,0.0555140708490438
0.6,fTS,0.0336014205475109
0.6,fTS,0.0220585179874494
0.6,fTS,0.0135803964780257
0.6,fTS,0.00961880326788906
0.6,fTS,0.0452405813988372
0.6,fTS,0.0181150730803436
0.6,fTS,0.0235779220356567
0.6,fTS,0.024264073633532
0.6,fTS,0.0251424964731
0.6,fTS,0.0353130564204935
0.6,fTS,0.0178991029670969
0.6,fTS,0.0117440796560969
0.6,fTS,0.0316235822825777
0.6,fTS,0.0193128230490019
0.6,fTS,0.01852457258746
0.6,fTS,0.047188974437227
0.6,fTS,0.0206368407733043
0.6,fTS,0.0460944075924675
0.6,fTS,0.0337583714538145
0.6,fTS,0.0392114003829664
0.6,fTS,0.0627713625765673
0.6,fTS,0.0314399043982134
0.6,fTS,0.0292375986809577
0.6,fTS,0.020916143161383
0.6,fTS,0.0374893709799812
0.6,fTS,0.054191381647804
0.6,fTS,0.0567603779305586
0.6,fTS,0.0312004788446502
0.6,fTS,0.0266928256081676
0.6,fTS,0.0282052952584515
0.6,fTS,0.0080507773485657
0.6,fTS,0.0143941834229088
0.6,fTS,0.0327492739490831
0.6,fTS,0.0327440461037449
0.6,fTS,0.0801913581910551
0.6,fTS,0.013943459624993
0.6,fTS,0.0257155536259832
0.6,fTS,0.0334705086834278
0.6,fTS,0.0200914163465059
0.6,fTS,0.0171422790390465
0.6,fTS,0.0222254319813852
0.6,fTS,0.0225315430814014
0.6,fTS,0.02337638444796
0.6,fTS,0.0118642220279074
0.6,fTS,0.0170473031239356
0.6,fTS,0.0392298339964312
0.6,fTS,0.035357596458642
0.6,fTS,0.0251635470727123
0.6,fTS,0.0181676197931039
0.6,fTS,0.025293252752658
0.6,fTS,0.0464215881086891
0.6,fTS,0.0277741107388279
0.6,fTS,0.00928409061156522
0.6,fTS,0.0471645888300662
0.6,fTS,0.0227275914887135
0.6,fTS,0.0553239486338641
0.6,fTS,0.0148731123803651
0.6,fTS,0.0641490716697516
0.6,fTS,0.0614396448901327
0.6,fTS,0.0307385044044522
0.6,fTS,0.0454111591827424
0.6,fTS,0.0293739005675563
0.6,fTS,0.0714776399565788
0.6,fTS,0.0194075987510699
0.6,fTS,0.0248782951282284
0.6,fTS,0.0673302409938667
0.6,fTS,0.0146990723975497
0.6,fTS,0.0366568439984733
0.6,fTS,0.024196042982863
0.6,fTS,0.0446015207076783
0.6,fTS,0.0227489260645198
0.6,fTS,0.0264475366782964
0.6,fTS,0.0244309933701995
0.6,fTS,0.0369199445437031
0.6,fTS,0.0257357894604032
0.6,fTS,0.0338607332116176
0.6,fTS,0.0377032286699233
0.6,fTS,0.0215773414183119
0.6,fTS,0.0329912683846686
0.6,fTS,0.00611249280001401
0.6,fTS,0.0455829753034726
0.6,fTS,0.0330645762497336
0.6,fTS,0.00446187243279565
0.6,fTS,0.0134119587092591
0.6,fTS,0.0419891640747266
0.6,fTS,0.0127903681071637
0.6,fTS,0.0170170367499042
0.6,fTS,0.0386596211812548
0.6,fTS,0.0247866586976141
0.6,fTS,0.0279929951806803
0.6,fTS,0.0199788670199599
0.6,fTS,0.0263652332681934
0.6,fTS,0.0212446766309961
0.6,fTS,0.0623324941293538
0.6,fTS,0.0124454628239204
0.6,fTS,0.00501097056143708
0.6,fTS,0.03315413655221
0.6,LS_oracle,0.0653356551549294
0.6,LS_oracle,0.049117365738897
0.6,LS_oracle,0.0503920417215088
0.6,LS_oracle,0.0299654120069371
0.6,LS_oracle,0.0599554195921986
0.6,LS_oracle,0.0778996020998382
0.6,LS_oracle,0.0514723976289866
0.6,LS_oracle,0.0174148456805978
0.6,LS_oracle,0.0523238211167129
0.6,LS_oracle,0.00838964555179098
0.6,LS_oracle,0.0365154210406772
0.6,LS_oracle,0.0705436848795012
0.6,LS_oracle,0.0153855410551491
0.6,LS_oracle,0.0285468014786254
0.6,LS_oracle,0.0236384295152216
0.6,LS_oracle,0.0364248827211583
0.6,LS_oracle,0.0197076480752132
0.6,LS_oracle,0.0828372169732678
0.6,LS_oracle,0.132771077745236
0.6,LS_oracle,0.0530924822440659
0.6,LS_oracle,0.0365170707889151
0.6,LS_oracle,0.0093486502376409
0.6,LS_oracle,0.0689389926581576
0.6,LS_oracle,0.0191401780336568
0.6,LS_oracle,0.0180608731159099
0.6,LS_oracle,0.0510225333383316
0.6,LS_oracle,0.0870804197264894
0.6,LS_oracle,0.024327204212108
0.6,LS_oracle,0.0688187375036718
0.6,LS_oracle,0.0430283635555694
0.6,LS_oracle,0.197523222384838
0.6,LS_oracle,0.0284343206764479
0.6,LS_oracle,0.0141188126213533
0.6,LS_oracle,0.0644867315659043
0.6,LS_oracle,0.0371744293133862
0.6,LS_oracle,0.0104793437413852
0.6,LS_oracle,0.0531739495431825
0.6,LS_oracle,0.039902591579668
0.6,LS_oracle,0.015288782679601
0.6,LS_oracle,0.147138713906071
0.6,LS_oracle,0.0748348401134123
0.6,LS_oracle,0.0253735441859518
0.6,LS_oracle,0.0880062359972451
0.6,LS_oracle,0.0533691637455119
0.6,LS_oracle,0.151245246519036
0.6,LS_oracle,0.0582426617044022
0.6,LS_oracle,0.156339236618399
0.6,LS_oracle,0.0798868035290946
0.6,LS_oracle,0.0583086385159796
0.6,LS_oracle,0.0473780712027891
0.6,LS_oracle,0.121288948414812
0.6,LS_oracle,0.0549760436540544
0.6,LS_oracle,0.0466333132865172
0.6,LS_oracle,0.0271146465115675
0.6,LS_oracle,0.0686825090970484
0.6,LS_oracle,0.0289453192968475
0.6,LS_oracle,0.0336639074524569
0.6,LS_oracle,0.0451925408431906
0.6,LS_oracle,0.0088163365113118
0.6,LS_oracle,0.0238859480294506
0.6,LS_oracle,0.0524110555533758
0.6,LS_oracle,0.143407472067517
0.6,LS_oracle,0.0338334521884127
0.6,LS_oracle,0.02986120377084
0.6,LS_oracle,0.0177756158996136
0.6,LS_oracle,0.00187826386064095
0.6,LS_oracle,0.0265675513724678
0.6,LS_oracle,0.0375228893226532
0.6,LS_oracle,0.020275553535285
0.6,LS_oracle,0.044622262874604
0.6,LS_oracle,0.0388014938832022
0.6,LS_oracle,0.032719739069575
0.6,LS_oracle,0.0520185338807977
0.6,LS_oracle,0.0289382299994192
0.6,LS_oracle,0.0206604226755026
0.6,LS_oracle,0.0825066786875227
0.6,LS_oracle,0.0383507371027256
0.6,LS_oracle,0.053965857569438
0.6,LS_oracle,0.03182896299283
0.6,LS_oracle,0.0126148484957016
0.6,LS_oracle,0.0787482616376729
0.6,LS_oracle,0.0851274558549305
0.6,LS_oracle,0.0544922029811297
0.6,LS_oracle,0.0312775367844264
0.6,LS_oracle,0.0184444534028802
0.6,LS_oracle,0.0320288053648324
0.6,LS_oracle,0.0173897608749768
0.6,LS_oracle,0.0286487101520731
0.6,LS_oracle,0.0212085613632755
0.6,LS_oracle,0.0362419062403482
0.6,LS_oracle,0.00780812580984483
0.6,LS_oracle,0.0403196748791222
0.6,LS_oracle,0.0257654740172688
0.6,LS_oracle,0.0787084709335828
0.6,LS_oracle,0.1023136368735
0.6,LS_oracle,0.0214936728770023
0.6,LS_oracle,0.028931791134606
0.6,LS_oracle,0.100298631651445
0.6,LS_oracle,0.0319427828148558
0.6,LS_oracle,0.0587928480814654
0.6,LS_oracle,0.02742274186963
0.6,LS_oracle,0.00559932342806317
0.6,LS_oracle,0.0835623092756702
0.6,LS_oracle,0.0276480925369759
0.6,LS_oracle,0.0280143413517286
0.6,LS_oracle,0.027605541458782
0.6,LS_oracle,0.0167895716329965
0.6,LS_oracle,0.0324855619532085
0.6,LS_oracle,0.0217589519491222
0.6,LS_oracle,0.0469952977549284
0.6,LS_oracle,0.0625347043321001
0.6,LS_oracle,0.0202762118517094
0.6,LS_oracle,0.0382605648814138
0.6,LS_oracle,0.0688605170229857
0.6,LS_oracle,0.0111379508959784
0.6,LS_oracle,0.0153556685515168
0.6,LS_oracle,0.0333880863320673
0.6,LS_oracle,0.00679970839876716
0.6,LS_oracle,0.125377017799966
0.6,LS_oracle,0.0438529216015008
0.6,LS_oracle,0.090679867868022
0.6,LS_oracle,0.0302252342331575
0.6,LS_oracle,0.0570919993739505
0.6,LS_oracle,0.0816293445018
0.6,LS_oracle,0.0208441909324886
0.6,LS_oracle,0.0171355967194986
0.6,LS_oracle,0.0235476677910343
0.6,LS_oracle,0.0533090340382734
0.6,LS_oracle,0.126517173354792
0.6,LS_oracle,0.0296426203138456
0.6,LS_oracle,0.0591680412473871
0.6,LS_oracle,0.0207963793816985
0.6,LS_oracle,0.0316020748673856
0.6,LS_oracle,0.0322419062190254
0.6,LS_oracle,0.0179531648136123
0.6,LS_oracle,0.100373510269138
0.6,LS_oracle,0.0380751466782697
0.6,LS_oracle,0.0512819100672916
0.6,LS_oracle,0.0240280487302651
0.6,LS_oracle,0.0621726714505347
0.6,LS_oracle,0.0251618143493416
0.6,LS_oracle,0.0444658117023593
0.6,LS_oracle,0.0162842955201624
0.6,LS_oracle,0.0679036648828171
0.6,LS_oracle,0.0506386296351023
0.6,LS_oracle,0.0287247817220005
0.6,LS_oracle,0.101875561598262
0.6,LS_oracle,0.0174058137591875
0.6,LS_oracle,0.0843119606998591
0.6,LS_oracle,0.0338724261117406
0.6,LS_oracle,0.0420861028031084
0.6,LS_oracle,0.0387762281648491
0.6,LS_oracle,0.0630300615846681
0.6,LS_oracle,0.0172051194677931
0.6,LS_oracle,0.0347682289010217
0.6,LS_oracle,0.0429322136843376
0.6,LS_oracle,0.0757862439052255
0.6,LS_oracle,0.0313814054377523
0.6,LS_oracle,0.0728255395273227
0.6,LS_oracle,0.00627050920971197
0.6,LS_oracle,0.0427524148828517
0.6,LS_oracle,0.0717761123897246
0.6,LS_oracle,0.0277148359263547
0.6,LS_oracle,0.161268840194569
0.6,LS_oracle,0.122413464465324
0.6,LS_oracle,0.0503701687549641
0.6,LS_oracle,0.141857779682833
0.6,LS_oracle,0.0548710644602493
0.6,LS_oracle,0.07592098623922
0.6,LS_oracle,0.0116239211713828
0.6,LS_oracle,0.0109466142191322
0.6,LS_oracle,0.0229854276860795
0.6,LS_oracle,0.0833149445078459
0.6,LS_oracle,0.0381183916948364
0.6,LS_oracle,0.0431371065949829
0.6,LS_oracle,0.105859007539874
0.6,LS_oracle,0.0672803037194912
0.6,LS_oracle,0.0581974650509968
0.6,LS_oracle,0.106805742062943
0.6,LS_oracle,0.0797390914058704
0.6,LS_oracle,0.04206822834862
0.6,LS_oracle,0.0635279570332184
0.6,LS_oracle,0.0216236223264146
0.6,LS_oracle,0.0872728474873796
0.6,LS_oracle,0.035507517246379
0.6,LS_oracle,0.0155965615361478
0.6,LS_oracle,0.0197813276077161
0.6,LS_oracle,0.0475229133551433
0.6,LS_oracle,0.0513714426725476
0.6,LS_oracle,0.066605608923392
0.6,LS_oracle,0.0918366041185872
0.6,LS_oracle,0.0625986696762578
0.6,LS_oracle,0.0352136681792594
0.6,LS_oracle,0.0385661019182322
0.6,LS_oracle,0.0856259738953724
0.6,LS_oracle,0.044053000190563
0.6,LS_oracle,0.134744991440983
0.6,LS_oracle,0.0256996674472285
0.6,LS_oracle,0.00318768011476855
0.6,LS_oracle,0.0522461364453626
0.6,TS_oracle,0.0523923875021489
0.6,TS_oracle,0.0170546986476815
0.6,TS_oracle,0.0565891453774825
0.6,TS_oracle,0.023684716222295
0.6,TS_oracle,0.0513883651616723
0.6,TS_oracle,0.0157580514122272
0.6,TS_oracle,0.0253851015925016
0.6,TS_oracle,0.010337496081745
0.6,TS_oracle,0.0266866860959719
0.6,TS_oracle,0.00411739780913165
0.6,TS_oracle,0.00946332098489415
0.6,TS_oracle,0.0274981853980899
0.6,TS_oracle,0.0131598556478703
0.6,TS_oracle,0.0119789144639628
0.6,TS_oracle,0.0164729320793916
0.6,TS_oracle,0.0106346059637589
0.6,TS_oracle,0.0238536980368776
0.6,TS_oracle,0.021315724804248
0.6,TS_oracle,0.0407397738657699
0.6,TS_oracle,0.0623822174393927
0.6,TS_oracle,0.0180836916220379
0.6,TS_oracle,0.0132647868505099
0.6,TS_oracle,0.0135917510015194
0.6,TS_oracle,0.0218232957280043
0.6,TS_oracle,0.0260730972748016
0.6,TS_oracle,0.0490025482084386
0.6,TS_oracle,0.0395119863254963
0.6,TS_oracle,0.0182647087459081
0.6,TS_oracle,0.0358586248956198
0.6,TS_oracle,0.0270727774936416
0.6,TS_oracle,0.0969823759785193
0.6,TS_oracle,0.0154930273328843
0.6,TS_oracle,0.0113564703515693
0.6,TS_oracle,0.0412790043120309
0.6,TS_oracle,0.0278280745501801
0.6,TS_oracle,0.01392985415456
0.6,TS_oracle,0.0372585159033135
0.6,TS_oracle,0.0196808764863266
0.6,TS_oracle,0.0158935162285131
0.6,TS_oracle,0.0441878150218973
0.6,TS_oracle,0.0395817606764607
0.6,TS_oracle,0.0220461190820891
0.6,TS_oracle,0.0164038248506289
0.6,TS_oracle,0.0284089273765658
0.6,TS_oracle,0.0969072841811315
0.6,TS_oracle,0.0133151060971952
0.6,TS_oracle,0.0576089083063089
0.6,TS_oracle,0.0439840952101944
0.6,TS_oracle,0.0436400564483936
0.6,TS_oracle,0.0211061736741522
0.6,TS_oracle,0.0488297948200518
0.6,TS_oracle,0.0113558737816106
0.6,TS_oracle,0.00699703410554826
0.6,TS_oracle,0.0202477326839925
0.6,TS_oracle,0.0111441205262103
0.6,TS_oracle,0.0419006913497593
0.6,TS_oracle,0.00715983124670482
0.6,TS_oracle,0.054033467247552
0.6,TS_oracle,0.0108137169935861
0.6,TS_oracle,0.0349042657873332
0.6,TS_oracle,0.0280418793030733
0.6,TS_oracle,0.0436687097589815
0.6,TS_oracle,0.0103426624357987
0.6,TS_oracle,0.0201431739041033
0.6,TS_oracle,0.0233526062275498
0.6,TS_oracle,0.00736724118047641
0.6,TS_oracle,0.0171593262078285
0.6,TS_oracle,0.0233345148590832
0.6,TS_oracle,0.00368455694425478
0.6,TS_oracle,0.0107797332464093
0.6,TS_oracle,0.0228051191128167
0.6,TS_oracle,0.0315949595606868
0.6,TS_oracle,0.0337056838590997
0.6,TS_oracle,0.0500690000599087
0.6,TS_oracle,0.0268252323998101
0.6,TS_oracle,0.0565554626381395
0.6,TS_oracle,0.0277845520325386
0.6,TS_oracle,0.0244520519637979
0.6,TS_oracle,0.0241546601488821
0.6,TS_oracle,0.0154646436686784
0.6,TS_oracle,0.0276414688022419
0.6,TS_oracle,0.0400431187470063
0.6,TS_oracle,0.0105139028783138
0.6,TS_oracle,0.0216203881598471
0.6,TS_oracle,0.0175230962840635
0.6,TS_oracle,0.0179575152055497
0.6,TS_oracle,0.0165998933162001
0.6,TS_oracle,0.00718864398250208
0.6,TS_oracle,0.00659504144072149
0.6,TS_oracle,0.0232904614087813
0.6,TS_oracle,0.0102110562540536
0.6,TS_oracle,0.0394700505853971
0.6,TS_oracle,0.0230954149483013
0.6,TS_oracle,0.0341520410132659
0.6,TS_oracle,0.0215913761712571
0.6,TS_oracle,0.0104586909420326
0.6,TS_oracle,0.0304445788750051
0.6,TS_oracle,0.0254516648624371
0.6,TS_oracle,0.0176956746259231
0.6,TS_oracle,0.0463206695796679
0.6,TS_oracle,0.0190066097531102
0.6,TS_oracle,0.0184331947073657
0.6,TS_oracle,0.0531830011942495
0.6,TS_oracle,0.0266126727004871
0.6,TS_oracle,0.0140368573840079
0.6,TS_oracle,0.0129941559427322
0.6,TS_oracle,0.00871278725298422
0.6,TS_oracle,0.0451042199104671
0.6,TS_oracle,0.0161092105198866
0.6,TS_oracle,0.021594433899359
0.6,TS_oracle,0.0227808996836458
0.6,TS_oracle,0.0205070741764303
0.6,TS_oracle,0.0133295482152352
0.6,TS_oracle,0.0149010281733422
0.6,TS_oracle,0.0120670970710147
0.6,TS_oracle,0.0276339411592489
0.6,TS_oracle,0.0107766576083738
0.6,TS_oracle,0.0134431858156276
0.6,TS_oracle,0.0516346128979034
0.6,TS_oracle,0.0205123542630793
0.6,TS_oracle,0.0405149108493913
0.6,TS_oracle,0.0268046331847933
0.6,TS_oracle,0.0261653177842566
0.6,TS_oracle,0.0323332481599083
0.6,TS_oracle,0.0187948427464585
0.6,TS_oracle,0.029282473622951
0.6,TS_oracle,0.0190340238199637
0.6,TS_oracle,0.019105706308904
0.6,TS_oracle,0.0446927984817743
0.6,TS_oracle,0.0379645149991143
0.6,TS_oracle,0.0349802126118633
0.6,TS_oracle,0.0269029758468596
0.6,TS_oracle,0.0290678975634232
0.6,TS_oracle,0.00848694560664723
0.6,TS_oracle,0.0148900267871651
0.6,TS_oracle,0.0301380898237964
0.6,TS_oracle,0.0141940903885177
0.6,TS_oracle,0.080999700722879
0.6,TS_oracle,0.0092864949453563
0.6,TS_oracle,0.0214100558824836
0.6,TS_oracle,0.0302932449636875
0.6,TS_oracle,0.0202681669052911
0.6,TS_oracle,0.0177308872903375
0.6,TS_oracle,0.0189848892332576
0.6,TS_oracle,0.0194161158779159
0.6,TS_oracle,0.0126855612034947
0.6,TS_oracle,0.0131120545759986
0.6,TS_oracle,0.0110402265485646
0.6,TS_oracle,0.040040939942327
0.6,TS_oracle,0.033440219156712
0.6,TS_oracle,0.017086110075881
0.6,TS_oracle,0.0182697002306409
0.6,TS_oracle,0.0266960695426256
0.6,TS_oracle,0.035017147881457
0.6,TS_oracle,0.0281512154880482
0.6,TS_oracle,0.0118517134575877
0.6,TS_oracle,0.0461717653416994
0.6,TS_oracle,0.0237682867227699
0.6,TS_oracle,0.0463372982575882
0.6,TS_oracle,0.00868016006068536
0.6,TS_oracle,0.0541794714026445
0.6,TS_oracle,0.0593977780507403
0.6,TS_oracle,0.0228648280501452
0.6,TS_oracle,0.0462287294255871
0.6,TS_oracle,0.028174867822216
0.6,TS_oracle,0.0713996295118321
0.6,TS_oracle,0.0199235240325262
0.6,TS_oracle,0.0253415068280721
0.6,TS_oracle,0.0685849234036671
0.6,TS_oracle,0.0123859915701457
0.6,TS_oracle,0.02611061778499
0.6,TS_oracle,0.0233003545417383
0.6,TS_oracle,0.0425139812822212
0.6,TS_oracle,0.0239279842826123
0.6,TS_oracle,0.0195862365000293
0.6,TS_oracle,0.0131679278132953
0.6,TS_oracle,0.0365262697029237
0.6,TS_oracle,0.022737794156138
0.6,TS_oracle,0.0345098106549854
0.6,TS_oracle,0.0372326330102783
0.6,TS_oracle,0.0230073840649926
0.6,TS_oracle,0.00751897358240311
0.6,TS_oracle,0.00318463486667971
0.6,TS_oracle,0.0441010352648212
0.6,TS_oracle,0.0289244926111929
0.6,TS_oracle,0.00380226007082545
0.6,TS_oracle,0.0134083563897857
0.6,TS_oracle,0.026663660154013
0.6,TS_oracle,0.0162066266568534
0.6,TS_oracle,0.0169440981825247
0.6,TS_oracle,0.0387562174615252
0.6,TS_oracle,0.0182783635287884
0.6,TS_oracle,0.0284386336699061
0.6,TS_oracle,0.0200236053239169
0.6,TS_oracle,0.0220996401529287
0.6,TS_oracle,0.0178441295389885
0.6,TS_oracle,0.0465527595820936
0.6,TS_oracle,0.0134195459712183
0.6,TS_oracle,0.00600272034038117
0.6,TS_oracle,0.0321354572048432
0.7,PLS,0.037628490970917
0.7,PLS,0.0644217863655171
0.7,PLS,0.0598089836281605
0.7,PLS,0.0108734510736876
0.7,PLS,0.0730644477891891
0.7,PLS,0.084957068597421
0.7,PLS,0.033125033402687
0.7,PLS,0.0279198268017655
0.7,PLS,0.0560216072133197
0.7,PLS,0.0229627812051849
0.7,PLS,0.0282631137006608
0.7,PLS,0.0937722456173473
0.7,PLS,0.0432480395760157
0.7,PLS,0.0437126537197482
0.7,PLS,0.0129727790783659
0.7,PLS,0.110744487664468
0.7,PLS,0.102567974920778
0.7,PLS,0.077038418287078
0.7,PLS,0.238839990460724
0.7,PLS,0.0260746663233978
0.7,PLS,0.0651295552213459
0.7,PLS,0.0480833799980423
0.7,PLS,0.0307755266125295
0.7,PLS,0.166260062211572
0.7,PLS,0.0744844870724745
0.7,PLS,0.0425285106399803
0.7,PLS,0.0446210647294456
0.7,PLS,0.0488000467535286
0.7,PLS,0.049888280152354
0.7,PLS,0.0791880242856776
0.7,PLS,0.0702445753122116
0.7,PLS,0.0723631472560672
0.7,PLS,0.186338430956896
0.7,PLS,0.0374732302235367
0.7,PLS,0.024762192015038
0.7,PLS,0.0521084625121232
0.7,PLS,0.0438410981793663
0.7,PLS,0.0255583553851017
0.7,PLS,0.0621249753835141
0.7,PLS,0.0177931380303556
0.7,PLS,0.0634817728322707
0.7,PLS,0.0476887142966448
0.7,PLS,0.0588788146770209
0.7,PLS,0.00700116712147695
0.7,PLS,0.0602952559645219
0.7,PLS,0.0843909966689085
0.7,PLS,0.0116610869497217
0.7,PLS,0.0546423487520712
0.7,PLS,0.0448029071363027
0.7,PLS,0.094543911197895
0.7,PLS,0.0411908506568897
0.7,PLS,0.0383117221557912
0.7,PLS,0.0475392496809338
0.7,PLS,0.0516526231604997
0.7,PLS,0.0334151888021516
0.7,PLS,0.0385864598821913
0.7,PLS,0.0782902185458759
0.7,PLS,0.126600242439071
0.7,PLS,0.0410716749108865
0.7,PLS,0.0211438235402022
0.7,PLS,0.070612399594532
0.7,PLS,0.0481190813943972
0.7,PLS,0.0579699531974523
0.7,PLS,0.0421332038768823
0.7,PLS,0.032093331291982
0.7,PLS,0.0589158429864689
0.7,PLS,0.0273709375788686
0.7,PLS,0.0933008354217126
0.7,PLS,0.0280961695369933
0.7,PLS,0.0902909640660857
0.7,PLS,0.0533040376460298
0.7,PLS,0.0403775987410083
0.7,PLS,0.0270690023491169
0.7,PLS,0.035487884188662
0.7,PLS,0.0830035660020585
0.7,PLS,0.176064832281645
0.7,PLS,0.0564514767604602
0.7,PLS,0.0599274438477681
0.7,PLS,0.0796317230920614
0.7,PLS,0.0508321653551116
0.7,PLS,0.0974782689615883
0.7,PLS,0.0263452672252678
0.7,PLS,0.0307988630526888
0.7,PLS,0.0511499326534106
0.7,PLS,0.0449232156938202
0.7,PLS,0.0570212143451258
0.7,PLS,0.0692552099665082
0.7,PLS,0.0478428833715327
0.7,PLS,0.0411559365263788
0.7,PLS,0.0251456429981002
0.7,PLS,0.119053992121895
0.7,PLS,0.032066355988642
0.7,PLS,0.0622647406080901
0.7,PLS,0.0452648402178897
0.7,PLS,0.0207491220678843
0.7,PLS,0.0588094007231195
0.7,PLS,0.123149406804673
0.7,PLS,0.0726050378893192
0.7,PLS,0.0201898325802456
0.7,PLS,0.0720375040858474
0.7,PLS,0.0502839442526964
0.7,PLS,0.0509123470422461
0.7,PLS,0.0481521016429343
0.7,PLS,0.0541187650369934
0.7,PLS,0.0429268251671441
0.7,PLS,0.039376787136932
0.7,PLS,0.0282479306848796
0.7,PLS,0.0958263628931864
0.7,PLS,0.0594733702414422
0.7,PLS,0.0621470682170026
0.7,PLS,0.0355454989626006
0.7,PLS,0.0732032966614113
0.7,PLS,0.0218049733091428
0.7,PLS,0.0668084707525308
0.7,PLS,0.133097709761767
0.7,PLS,0.0372246507255945
0.7,PLS,0.0848976242628127
0.7,PLS,0.0377840311251781
0.7,PLS,0.0068061193883285
0.7,PLS,0.0115083056332667
0.7,PLS,0.0423046022783995
0.7,PLS,0.02263959771784
0.7,PLS,0.0267813009855152
0.7,PLS,0.0627751696429206
0.7,PLS,0.0493091863361445
0.7,PLS,0.0144169457076352
0.7,PLS,0.0306656978982842
0.7,PLS,0.0467995550006635
0.7,PLS,0.26979662202205
0.7,PLS,0.0578510237783957
0.7,PLS,0.088743447015565
0.7,PLS,0.0360722641552724
0.7,PLS,0.0845285311932346
0.7,PLS,0.134343297142999
0.7,PLS,0.0579500839886179
0.7,PLS,0.0573112480521918
0.7,PLS,0.0485712629188823
0.7,PLS,0.0393457214969363
0.7,PLS,0.0694533023186652
0.7,PLS,0.0972486881535184
0.7,PLS,0.0318887175463023
0.7,PLS,0.0588210299736447
0.7,PLS,0.0272308591034839
0.7,PLS,0.108201798428765
0.7,PLS,0.0128879701149569
0.7,PLS,0.0724264283475465
0.7,PLS,0.112535550362837
0.7,PLS,0.0649979240446324
0.7,PLS,0.0382088885561433
0.7,PLS,0.059612879966491
0.7,PLS,0.0288853630346313
0.7,PLS,0.072455658531456
0.7,PLS,0.0391825735556993
0.7,PLS,0.0422918431515981
0.7,PLS,0.0252737955689206
0.7,PLS,0.0535131896778238
0.7,PLS,0.0200721825002361
0.7,PLS,0.0807927078458882
0.7,PLS,0.0243199293506223
0.7,PLS,0.0279093069422212
0.7,PLS,0.0757395777498252
0.7,PLS,0.0471128362296282
0.7,PLS,0.0504966145390007
0.7,PLS,0.0630155160484945
0.7,PLS,0.068994425725909
0.7,PLS,0.0291943474371337
0.7,PLS,0.0861036579382408
0.7,PLS,0.129869634992385
0.7,PLS,0.0778543461477336
0.7,PLS,0.0550030100101047
0.7,PLS,0.0664576585724887
0.7,PLS,0.047408863349295
0.7,PLS,0.0265935090654205
0.7,PLS,0.0194003475637121
0.7,PLS,0.107082597459223
0.7,PLS,0.0112678804380364
0.7,PLS,0.0497301398156825
0.7,PLS,0.0260984100296752
0.7,PLS,0.0172830862677264
0.7,PLS,0.0726030664309968
0.7,PLS,0.0737373662135002
0.7,PLS,0.0123569262622936
0.7,PLS,0.0235399664618406
0.7,PLS,0.0723861404391058
0.7,PLS,0.0771260990649445
0.7,PLS,0.0225953479678631
0.7,PLS,0.083114697779333
0.7,PLS,0.063335761692949
0.7,PLS,0.064547898930452
0.7,PLS,0.0362428878825424
0.7,PLS,0.05446229457727
0.7,PLS,0.0825944300301696
0.7,PLS,0.0576250472623055
0.7,PLS,0.0389069454907188
0.7,PLS,0.0604561525162516
0.7,PLS,0.140019834823847
0.7,PLS,0.0164869869813536
0.7,PLS,0.064627376649743
0.7,PLS,0.024708568675021
0.7,PLS,0.0391523138445516
0.7,fTS,0.0386515764989824
0.7,fTS,0.0157489102824313
0.7,fTS,0.0253743049395611
0.7,fTS,0.0121197266124336
0.7,fTS,0.0202773895407512
0.7,fTS,0.0413945243698099
0.7,fTS,0.0161206523773224
0.7,fTS,0.00359330026393164
0.7,fTS,0.0138109432113011
0.7,fTS,0.0174250636390322
0.7,fTS,0.0201448244527079
0.7,fTS,0.0313781669067399
0.7,fTS,0.0289308154894498
0.7,fTS,0.0166525253569338
0.7,fTS,0.0177417858346232
0.7,fTS,0.0612827793710146
0.7,fTS,0.0448522824825667
0.7,fTS,0.0301268836774758
0.7,fTS,0.0344625112775916
0.7,fTS,0.0119041160387554
0.7,fTS,0.0362790454682603
0.7,fTS,0.0642594860556864
0.7,fTS,0.0174131744572944
0.7,fTS,0.0295830228572268
0.7,fTS,0.0296593508592589
0.7,fTS,0.00625451171680426
0.7,fTS,0.0146766500926669
0.7,fTS,0.0321918428160314
0.7,fTS,0.0273751821087808
0.7,fTS,0.0177976600468588
0.7,fTS,0.0298439908736856
0.7,fTS,0.0131514921689583
0.7,fTS,0.0196914462793061
0.7,fTS,0.00456043578165827
0.7,fTS,0.0136934587265976
0.7,fTS,0.0408619727383723
0.7,fTS,0.0320904303104758
0.7,fTS,0.0246059970550427
0.7,fTS,0.0195814692976925
0.7,fTS,0.0137945856289734
0.7,fTS,0.0289396142844262
0.7,fTS,0.0122036185408468
0.7,fTS,0.0218925117675175
0.7,fTS,0.00823560182552272
0.7,fTS,0.0318586652322842
0.7,fTS,0.0174653943846385
0.7,fTS,0.0104493823883135
0.7,fTS,0.0560335061636086
0.7,fTS,0.0444662759890394
0.7,fTS,0.0286904165046854
0.7,fTS,0.0259321941496196
0.7,fTS,0.0139955352045643
0.7,fTS,0.0162915411294989
0.7,fTS,0.011791020296135
0.7,fTS,0.0139524144451277
0.7,fTS,0.00908719866077087
0.7,fTS,0.0242309151880429
0.7,fTS,0.051213199330814
0.7,fTS,0.0234792376286478
0.7,fTS,0.0215453749663055
0.7,fTS,0.022019010786911
0.7,fTS,0.0513627705886084
0.7,fTS,0.025755381507064
0.7,fTS,0.025708386533659
0.7,fTS,0.0313959741323882
0.7,fTS,0.0263211437900571
0.7,fTS,0.0162953956395649
0.7,fTS,0.0243644460939949
0.7,fTS,0.0214005748062301
0.7,fTS,0.0217416606842063
0.7,fTS,0.0461641518817825
0.7,fTS,0.0763725512126363
0.7,fTS,0.0132750921095235
0.7,fTS,0.012308923545554
0.7,fTS,0.0366432494502153
0.7,fTS,0.0473739435592208
0.7,fTS,0.0201569095625992
0.7,fTS,0.0342309719829515
0.7,fTS,0.0423457680860273
0.7,fTS,0.0122288293562412
0.7,fTS,0.0261925953605511
0.7,fTS,0.012885793386442
0.7,fTS,0.0228338897565058
0.7,fTS,0.0823784233533113
0.7,fTS,0.0165069896128225
0.7,fTS,0.0331921629736369
0.7,fTS,0.0138507247675008
0.7,fTS,0.0585895485708969
0.7,fTS,0.0125376124388712
0.7,fTS,0.00886204267601623
0.7,fTS,0.0637439128944174
0.7,fTS,0.0133447328571382
0.7,fTS,0.019730318867365
0.7,fTS,0.0242346340501531
0.7,fTS,0.0264986701573601
0.7,fTS,0.00980853415089382
0.7,fTS,0.0413637425867293
0.7,fTS,0.00944395089898943
0.7,fTS,0.016527861911939
0.7,fTS,0.0526798781140329
0.7,fTS,0.0222874276846211
0.7,fTS,0.0230345335076697
0.7,fTS,0.0381641395992229
0.7,fTS,0.0245971408084609
0.7,fTS,0.0151470946143811
0.7,fTS,0.00752880709027546
0.7,fTS,0.0188925982991347
0.7,fTS,0.0437638437773282
0.7,fTS,0.0487174476899861
0.7,fTS,0.0249145362841223
0.7,fTS,0.00772489385634031
0.7,fTS,0.0146252777866051
0.7,fTS,0.0113198535657635
0.7,fTS,0.0145835596707667
0.7,fTS,0.0318183710910992
0.7,fTS,0.0230808249447192
0.7,fTS,0.0549540467083053
0.7,fTS,0.0333192454609858
0.7,fTS,0.0143785052629487
0.7,fTS,0.0167334887979341
0.7,fTS,0.0309645100281344
0.7,fTS,0.0135536212222289
0.7,fTS,0.0290183769172969
0.7,fTS,0.0364177271959561
0.7,fTS,0.0275315843687598
0.7,fTS,0.010010999911163
0.7,fTS,0.0264615358831945
0.7,fTS,0.037714030977717
0.7,fTS,0.0146403026277968
0.7,fTS,0.0806262868108217
0.7,fTS,0.0221930243655527
0.7,fTS,0.0346114612410325
0.7,fTS,0.0327497352021653
0.7,fTS,0.0544551010274054
0.7,fTS,0.0208174402658822
0.7,fTS,0.0859304570128766
0.7,fTS,0.015632894963334
0.7,fTS,0.00745333718246953
0.7,fTS,0.0221750664416895
0.7,fTS,0.0349939187892781
0.7,fTS,0.00968375653796891
0.7,fTS,0.0512549592306337
0.7,fTS,0.00894777656715162
0.7,fTS,0.0335658354883715
0.7,fTS,0.0134045820388134
0.7,fTS,0.0568730644030762
0.7,fTS,0.0445179995130019
0.7,fTS,0.0276458339785037
0.7,fTS,0.0240833146722249
0.7,fTS,0.0219160495797421
0.7,fTS,0.013582918989787
0.7,fTS,0.0487111707321063
0.7,fTS,0.0237347695033958
0.7,fTS,0.0144015094186297
0.7,fTS,0.0120056126092449
0.7,fTS,0.0384214502749433
0.7,fTS,0.0358287844602695
0.7,fTS,0.0418455280589777
0.7,fTS,0.0323672648190512
0.7,fTS,0.0163420606622704
0.7,fTS,0.0325270139503131
0.7,fTS,0.0257343824375144
0.7,fTS,0.0107291758644087
0.7,fTS,0.0387281048309484
0.7,fTS,0.0241395557512183
0.7,fTS,0.0190371095173142
0.7,fTS,0.0325616346336156
0.7,fTS,0.0177696401685052
0.7,fTS,0.0308966334122459
0.7,fTS,0.0208892111956988
0.7,fTS,0.0176534410167286
0.7,fTS,0.0318735425731768
0.7,fTS,0.00980520333552594
0.7,fTS,0.0101301905449674
0.7,fTS,0.0240715649975468
0.7,fTS,0.01905744254993
0.7,fTS,0.0240261762155413
0.7,fTS,0.0100353507532465
0.7,fTS,0.00947011372157482
0.7,fTS,0.0459514629290326
0.7,fTS,0.0237519125359865
0.7,fTS,0.0101205355533512
0.7,fTS,0.00738236730994044
0.7,fTS,0.0336733339163463
0.7,fTS,0.0540667755876174
0.7,fTS,0.049936842279788
0.7,fTS,0.0295420192818706
0.7,fTS,0.045324333834782
0.7,fTS,0.0136029189535104
0.7,fTS,0.0155380870740394
0.7,fTS,0.0134012833724059
0.7,fTS,0.0579332109019121
0.7,fTS,0.0218704448632041
0.7,fTS,0.00803201721463634
0.7,fTS,0.0213383385650371
0.7,fTS,0.0273707678753605
0.7,fTS,0.0225392358357815
0.7,fTS,0.0253045267806027
0.7,fTS,0.0261338561329172
0.7,fTS,0.0528187433493796
0.7,LS_oracle,0.0571280096225538
0.7,LS_oracle,0.0187376007420448
0.7,LS_oracle,0.0435359162880201
0.7,LS_oracle,0.0101789394437252
0.7,LS_oracle,0.105163711644068
0.7,LS_oracle,0.0587768061885715
0.7,LS_oracle,0.0314591790954726
0.7,LS_oracle,0.0143926339343108
0.7,LS_oracle,0.0371398993869596
0.7,LS_oracle,0.0167753383543423
0.7,LS_oracle,0.0266032195379267
0.7,LS_oracle,0.0910213707840893
0.7,LS_oracle,0.0319069796397059
0.7,LS_oracle,0.0477973723180074
0.7,LS_oracle,0.0143689024084353
0.7,LS_oracle,0.129820828045008
0.7,LS_oracle,0.128349708882122
0.7,LS_oracle,0.0800434205382374
0.7,LS_oracle,0.0486152071613712
0.7,LS_oracle,0.0275777758489787
0.7,LS_oracle,0.0590588021913672
0.7,LS_oracle,0.0228169654411276
0.7,LS_oracle,0.0297131282406957
0.7,LS_oracle,0.0979836570839066
0.7,LS_oracle,0.0622200893127404
0.7,LS_oracle,0.029538693198366
0.7,LS_oracle,0.0436485179658372
0.7,LS_oracle,0.038853102835154
0.7,LS_oracle,0.0447196029574486
0.7,LS_oracle,0.0311841398814742
0.7,LS_oracle,0.0643523294173715
0.7,LS_oracle,0.0776159426149365
0.7,LS_oracle,0.101883968971659
0.7,LS_oracle,0.0244120575901362
0.7,LS_oracle,0.0324981284547097
0.7,LS_oracle,0.0442166113479885
0.7,LS_oracle,0.0434791167215166
0.7,LS_oracle,0.0203101688448533
0.7,LS_oracle,0.0383589475500775
0.7,LS_oracle,0.0197828460088341
0.7,LS_oracle,0.0292489642883513
0.7,LS_oracle,0.0354858506766443
0.7,LS_oracle,0.0813755879465398
0.7,LS_oracle,0.0054297319631504
0.7,LS_oracle,0.0620082152468528
0.7,LS_oracle,0.0724005297815662
0.7,LS_oracle,0.00832510404876081
0.7,LS_oracle,0.0581851552387911
0.7,LS_oracle,0.0499948058180466
0.7,LS_oracle,0.0787233165194354
0.7,LS_oracle,0.0593097327185037
0.7,LS_oracle,0.0311167054873309
0.7,LS_oracle,0.03646232202391
0.7,LS_oracle,0.031856649366595
0.7,LS_oracle,0.0323138227538138
0.7,LS_oracle,0.0282684116482687
0.7,LS_oracle,0.0589390529477177
0.7,LS_oracle,0.089329583083779
0.7,LS_oracle,0.0310085927541586
0.7,LS_oracle,0.0189690216638453
0.7,LS_oracle,0.0523406892661685
0.7,LS_oracle,0.0687821606537729
0.7,LS_oracle,0.0615959985209734
0.7,LS_oracle,0.024754614650156
0.7,LS_oracle,0.0329254709609972
0.7,LS_oracle,0.0345182051041811
0.7,LS_oracle,0.00752385466920782
0.7,LS_oracle,0.0509503141146334
0.7,LS_oracle,0.0222103578816377
0.7,LS_oracle,0.0493888227424864
0.7,LS_oracle,0.0638228850271735
0.7,LS_oracle,0.0166551271965655
0.7,LS_oracle,0.0202774415792724
0.7,LS_oracle,0.0359117513117412
0.7,LS_oracle,0.0610327611316161
0.7,LS_oracle,0.117119478633186
0.7,LS_oracle,0.0539671418789657
0.7,LS_oracle,0.040004128632758
0.7,LS_oracle,0.053003909928637
0.7,LS_oracle,0.0469679154475083
0.7,LS_oracle,0.0736346561814639
0.7,LS_oracle,0.00836363588196423
0.7,LS_oracle,0.0242551582500363
0.7,LS_oracle,0.0401417921482283
0.7,LS_oracle,0.0445121375007346
0.7,LS_oracle,0.0498264303103356
0.7,LS_oracle,0.0432869661352659
0.7,LS_oracle,0.0447324855047305
0.7,LS_oracle,0.0339462587810554
0.7,LS_oracle,0.0260046222213178
0.7,LS_oracle,0.236565454702315
0.7,LS_oracle,0.0342792922725278
0.7,LS_oracle,0.0584040777615169
0.7,LS_oracle,0.0652577024370851
0.7,LS_oracle,0.0323319653396767
0.7,LS_oracle,0.0420425326682449
0.7,LS_oracle,0.126711067671841
0.7,LS_oracle,0.0727374454861033
0.7,LS_oracle,0.0220572177204563
0.7,LS_oracle,0.01684612060841
0.7,LS_oracle,0.0512704287253736
0.7,LS_oracle,0.00871520989177138
0.7,LS_oracle,0.039495485026026
0.7,LS_oracle,0.0149329550968384
0.7,LS_oracle,0.0499509350572583
0.7,LS_oracle,0.0399556068383362
0.7,LS_oracle,0.0104513538842357
0.7,LS_oracle,0.0504761869431044
0.7,LS_oracle,0.0485197054828643
0.7,LS_oracle,0.0737039248221511
0.7,LS_oracle,0.0669368210979771
0.7,LS_oracle,0.0727759433587416
0.7,LS_oracle,0.0109321764690438
0.7,LS_oracle,0.0366537188008904
0.7,LS_oracle,0.068207095894403
0.7,LS_oracle,0.0351778757781933
0.7,LS_oracle,0.0299256854466218
0.7,LS_oracle,0.0297216311929315
0.7,LS_oracle,0.00477453772936903
0.7,LS_oracle,0.0244691845588524
0.7,LS_oracle,0.0377109171871566
0.7,LS_oracle,0.0255271900669609
0.7,LS_oracle,0.0260590230802235
0.7,LS_oracle,0.053220373646123
0.7,LS_oracle,0.0641498938096687
0.7,LS_oracle,0.012043143082733
0.7,LS_oracle,0.0236813433305268
0.7,LS_oracle,0.0365556965100924
0.7,LS_oracle,0.0972071739519348
0.7,LS_oracle,0.0284665012580059
0.7,LS_oracle,0.0958990651771144
0.7,LS_oracle,0.031720623841601
0.7,LS_oracle,0.0662082158382074
0.7,LS_oracle,0.0909550652670169
0.7,LS_oracle,0.0431661676435674
0.7,LS_oracle,0.103118284425938
0.7,LS_oracle,0.0680142213249582
0.7,LS_oracle,0.0417395796174036
0.7,LS_oracle,0.122114526540916
0.7,LS_oracle,0.0826422203181776
0.7,LS_oracle,0.0249528005318407
0.7,LS_oracle,0.050905025845184
0.7,LS_oracle,0.034995724652839
0.7,LS_oracle,0.106752556486397
0.7,LS_oracle,0.0173085569120352
0.7,LS_oracle,0.0655419725174118
0.7,LS_oracle,0.0983267200971499
0.7,LS_oracle,0.0446225472897437
0.7,LS_oracle,0.0389586571617643
0.7,LS_oracle,0.086080650784053
0.7,LS_oracle,0.0410179190215965
0.7,LS_oracle,0.0730246774146683
0.7,LS_oracle,0.0312650365492166
0.7,LS_oracle,0.0333278598343116
0.7,LS_oracle,0.0146993487118068
0.7,LS_oracle,0.0396290594543325
0.7,LS_oracle,0.0264019370868719
0.7,LS_oracle,0.0710682697212608
0.7,LS_oracle,0.0249707852385437
0.7,LS_oracle,0.0286582307656223
0.7,LS_oracle,0.0990217895549715
0.7,LS_oracle,0.0428506109342986
0.7,LS_oracle,0.0682331505006773
0.7,LS_oracle,0.0596654086340855
0.7,LS_oracle,0.0462474907752842
0.7,LS_oracle,0.025730477639437
0.7,LS_oracle,0.114574552532163
0.7,LS_oracle,0.115465868377021
0.7,LS_oracle,0.0563999406481185
0.7,LS_oracle,0.0541346964146372
0.7,LS_oracle,0.0545893371835134
0.7,LS_oracle,0.0329850201055264
0.7,LS_oracle,0.0216947179931552
0.7,LS_oracle,0.0159279713669924
0.7,LS_oracle,0.0659395373858955
0.7,LS_oracle,0.00912713202896624
0.7,LS_oracle,0.0912150704958456
0.7,LS_oracle,0.0228713747126207
0.7,LS_oracle,0.0364658981977032
0.7,LS_oracle,0.117238043360883
0.7,LS_oracle,0.0764817845508579
0.7,LS_oracle,0.0171319391509444
0.7,LS_oracle,0.0198921843609211
0.7,LS_oracle,0.0462415597258564
0.7,LS_oracle,0.05492451978716
0.7,LS_oracle,0.0419728791648087
0.7,LS_oracle,0.076636367361429
0.7,LS_oracle,0.0231577641963513
0.7,LS_oracle,0.0164668991558267
0.7,LS_oracle,0.0303601272119346
0.7,LS_oracle,0.0501523349857327
0.7,LS_oracle,0.0782693678926495
0.7,LS_oracle,0.0587224591200374
0.7,LS_oracle,0.0326773043833675
0.7,LS_oracle,0.0379853066285731
0.7,LS_oracle,0.112584124153748
0.7,LS_oracle,0.0162934767348324
0.7,LS_oracle,0.0632366176985087
0.7,LS_oracle,0.0185290847462064
0.7,LS_oracle,0.0540271169592765
0.7,TS_oracle,0.024637754111205
0.7,TS_oracle,0.0160492400690415
0.7,TS_oracle,0.0156588417545755
0.7,TS_oracle,0.0063362918095843
0.7,TS_oracle,0.0168970676409128
0.7,TS_oracle,0.039813161063978
0.7,TS_oracle,0.0149248167383076
0.7,TS_oracle,0.00413788634689031
0.7,TS_oracle,0.0126196405265773
0.7,TS_oracle,0.0185821235180685
0.7,TS_oracle,0.0137239849859789
0.7,TS_oracle,0.0310337389041305
0.7,TS_oracle,0.0163604884310351
0.7,TS_oracle,0.0154780357646929
0.7,TS_oracle,0.0171502395757331
0.7,TS_oracle,0.0440468634723502
0.7,TS_oracle,0.0425256385891089
0.7,TS_oracle,0.0250226468063572
0.7,TS_oracle,0.0104799154809639
0.7,TS_oracle,0.0108691594281232
0.7,TS_oracle,0.0361120574010017
0.7,TS_oracle,0.0259643847252617
0.7,TS_oracle,0.0145235884870651
0.7,TS_oracle,0.0167160391030271
0.7,TS_oracle,0.0271101259274671
0.7,TS_oracle,0.00530717755876676
0.7,TS_oracle,0.0149224948854227
0.7,TS_oracle,0.0317052376132469
0.7,TS_oracle,0.0206953681256912
0.7,TS_oracle,0.00884426069568536
0.7,TS_oracle,0.0275091622609543
0.7,TS_oracle,0.013514511918423
0.7,TS_oracle,0.0106189103381091
0.7,TS_oracle,0.00424441827410423
0.7,TS_oracle,0.0142579572011484
0.7,TS_oracle,0.0397774568452295
0.7,TS_oracle,0.0293385026242029
0.7,TS_oracle,0.0244258963485161
0.7,TS_oracle,0.0191684101886243
0.7,TS_oracle,0.00922066277229007
0.7,TS_oracle,0.0241475933976995
0.7,TS_oracle,0.011981430460338
0.7,TS_oracle,0.017368050270712
0.7,TS_oracle,0.00433044132639921
0.7,TS_oracle,0.0214233052498824
0.7,TS_oracle,0.0174146731951934
0.7,TS_oracle,0.0096373351666483
0.7,TS_oracle,0.0363174764779984
0.7,TS_oracle,0.0206532242743504
0.7,TS_oracle,0.0289177178927756
0.7,TS_oracle,0.0220017246889827
0.7,TS_oracle,0.0121312039847551
0.7,TS_oracle,0.0131141369206877
0.7,TS_oracle,0.0100356379112842
0.7,TS_oracle,0.00915403976203158
0.7,TS_oracle,0.00865600824536213
0.7,TS_oracle,0.013767577436699
0.7,TS_oracle,0.0394634024817632
0.7,TS_oracle,0.0228670190952786
0.7,TS_oracle,0.0207215642089818
0.7,TS_oracle,0.022265582208175
0.7,TS_oracle,0.0513081281247174
0.7,TS_oracle,0.0151668193484442
0.7,TS_oracle,0.0241135820684313
0.7,TS_oracle,0.03098391765497
0.7,TS_oracle,0.0179117948814205
0.7,TS_oracle,0.00856680900642079
0.7,TS_oracle,0.0142611930794318
0.7,TS_oracle,0.0188032677435333
0.7,TS_oracle,0.0150809421253072
0.7,TS_oracle,0.0369175030655717
0.7,TS_oracle,0.0339013478193977
0.7,TS_oracle,0.00930017980111192
0.7,TS_oracle,0.00936126459986592
0.7,TS_oracle,0.0368071687376268
0.7,TS_oracle,0.0340620985060937
0.7,TS_oracle,0.0198417632074955
0.7,TS_oracle,0.0329169627537041
0.7,TS_oracle,0.039367807054177
0.7,TS_oracle,0.0121081307495334
0.7,TS_oracle,0.0190399817039876
0.7,TS_oracle,0.00854432152363105
0.7,TS_oracle,0.0221217375831949
0.7,TS_oracle,0.0267497527051725
0.7,TS_oracle,0.0164168863871935
0.7,TS_oracle,0.0215498877428117
0.7,TS_oracle,0.0149368435620377
0.7,TS_oracle,0.05854375920029
0.7,TS_oracle,0.0124497624130059
0.7,TS_oracle,0.00921758046027656
0.7,TS_oracle,0.0683116749144634
0.7,TS_oracle,0.0134945317708171
0.7,TS_oracle,0.0155975013844706
0.7,TS_oracle,0.0201983840651189
0.7,TS_oracle,0.0249183919646
0.7,TS_oracle,0.00965679632136845
0.7,TS_oracle,0.0419362589762195
0.7,TS_oracle,0.00952771189433948
0.7,TS_oracle,0.00822813626963493
0.7,TS_oracle,0.0139501633747413
0.7,TS_oracle,0.0255273461823859
0.7,TS_oracle,0.011673568866487
0.7,TS_oracle,0.0362196218395418
0.7,TS_oracle,0.017979191712066
0.7,TS_oracle,0.0125308742006082
0.7,TS_oracle,0.00751001286505943
0.7,TS_oracle,0.0170910214369913
0.7,TS_oracle,0.0459582221399882
0.7,TS_oracle,0.0423286842155373
0.7,TS_oracle,0.0256929415545265
0.7,TS_oracle,0.00927049788769518
0.7,TS_oracle,0.0140463307824211
0.7,TS_oracle,0.0090220688684919
0.7,TS_oracle,0.00945307525005471
0.7,TS_oracle,0.0247017733327102
0.7,TS_oracle,0.0232849795274208
0.7,TS_oracle,0.0369043592808635
0.7,TS_oracle,0.0334608502441176
0.7,TS_oracle,0.0143244020006585
0.7,TS_oracle,0.0113035284803183
0.7,TS_oracle,0.0305694037110666
0.7,TS_oracle,0.0131412244271338
0.7,TS_oracle,0.0288839139276023
0.7,TS_oracle,0.0219592692847141
0.7,TS_oracle,0.028544613040266
0.7,TS_oracle,0.00996999541948613
0.7,TS_oracle,0.0265470647632961
0.7,TS_oracle,0.0295862021891481
0.7,TS_oracle,0.0149861463972234
0.7,TS_oracle,0.0249177107666933
0.7,TS_oracle,0.0196163457023527
0.7,TS_oracle,0.0341585485087246
0.7,TS_oracle,0.0181102967662983
0.7,TS_oracle,0.0526293888480277
0.7,TS_oracle,0.0198939548910032
0.7,TS_oracle,0.0888323475522401
0.7,TS_oracle,0.0162863637168122
0.7,TS_oracle,0.00774770496431967
0.7,TS_oracle,0.0228119605584661
0.7,TS_oracle,0.0178469940762421
0.7,TS_oracle,0.00736876068100975
0.7,TS_oracle,0.0378092680099902
0.7,TS_oracle,0.00616948509483084
0.7,TS_oracle,0.0320572560290989
0.7,TS_oracle,0.0132015058411159
0.7,TS_oracle,0.0272375203872252
0.7,TS_oracle,0.014988692053313
0.7,TS_oracle,0.0218960762332715
0.7,TS_oracle,0.023655646805341
0.7,TS_oracle,0.0205497710817995
0.7,TS_oracle,0.0134180513233526
0.7,TS_oracle,0.0200431135801516
0.7,TS_oracle,0.0116781497792074
0.7,TS_oracle,0.00853907481219173
0.7,TS_oracle,0.0104591311496939
0.7,TS_oracle,0.0262329677867709
0.7,TS_oracle,0.0369414005018453
0.7,TS_oracle,0.0179382210648234
0.7,TS_oracle,0.0289399952611947
0.7,TS_oracle,0.016016421909124
0.7,TS_oracle,0.0267484974245755
0.7,TS_oracle,0.0218601248002008
0.7,TS_oracle,0.00977701526371626
0.7,TS_oracle,0.0395735440725495
0.7,TS_oracle,0.0119201102033098
0.7,TS_oracle,0.0144911042413547
0.7,TS_oracle,0.0345285922441168
0.7,TS_oracle,0.0188816210915335
0.7,TS_oracle,0.0218821643040198
0.7,TS_oracle,0.021287130826281
0.7,TS_oracle,0.0157816024845529
0.7,TS_oracle,0.0232630286091797
0.7,TS_oracle,0.00927541681728854
0.7,TS_oracle,0.00870218507780682
0.7,TS_oracle,0.0236653662649471
0.7,TS_oracle,0.0157157601612831
0.7,TS_oracle,0.0122647709782185
0.7,TS_oracle,0.0102684549455562
0.7,TS_oracle,0.00908245017631485
0.7,TS_oracle,0.0467597427289012
0.7,TS_oracle,0.0238258736487352
0.7,TS_oracle,0.00925629109142641
0.7,TS_oracle,0.00346268593873284
0.7,TS_oracle,0.0138102840202829
0.7,TS_oracle,0.0523882435144022
0.7,TS_oracle,0.0482227945160022
0.7,TS_oracle,0.0296519839465367
0.7,TS_oracle,0.0411825932490934
0.7,TS_oracle,0.0151767367288414
0.7,TS_oracle,0.0074940733981402
0.7,TS_oracle,0.0101416317954819
0.7,TS_oracle,0.0557455213022394
0.7,TS_oracle,0.0198452640607423
0.7,TS_oracle,0.00778789250707452
0.7,TS_oracle,0.0209378435662021
0.7,TS_oracle,0.0224111172608279
0.7,TS_oracle,0.0231281529518014
0.7,TS_oracle,0.0251918474661132
0.7,TS_oracle,0.0243429401151871
0.7,TS_oracle,0.0327686544151328
0.8,PLS,0.0705830993865461
0.8,PLS,0.0505615183961137
0.8,PLS,0.0678643042850722
0.8,PLS,0.0801503230855054
0.8,PLS,0.0351072519717591
0.8,PLS,0.028923018731848
0.8,PLS,0.0511140349362324
0.8,PLS,0.0239709745399435
0.8,PLS,0.0824523404068456
0.8,PLS,0.0271841326699731
0.8,PLS,0.100858535047482
0.8,PLS,0.0471188987268019
0.8,PLS,0.0358967030857327
0.8,PLS,0.0270878982482054
0.8,PLS,0.0447853531089139
0.8,PLS,0.104245358159869
0.8,PLS,0.0939913328457681
0.8,PLS,0.0819138870284251
0.8,PLS,0.0110790059106014
0.8,PLS,0.069104610780198
0.8,PLS,0.023817160565945
0.8,PLS,0.0552712796372211
0.8,PLS,0.132377804799086
0.8,PLS,0.0944650193190488
0.8,PLS,0.124264459236662
0.8,PLS,0.0315325649890517
0.8,PLS,0.0150177510826555
0.8,PLS,0.0387662837879549
0.8,PLS,0.0100243199848972
0.8,PLS,0.0701604697472711
0.8,PLS,0.077800072606702
0.8,PLS,0.0330364821947279
0.8,PLS,0.0393004125653735
0.8,PLS,0.0496927856555686
0.8,PLS,0.0769817921303423
0.8,PLS,0.0782736348052591
0.8,PLS,0.0188380442012957
0.8,PLS,0.148634185901397
0.8,PLS,0.116919643384335
0.8,PLS,0.0999646713209202
0.8,PLS,0.15098425416818
0.8,PLS,0.0630470426684637
0.8,PLS,0.0225984762936686
0.8,PLS,0.0353499098170816
0.8,PLS,0.102187662796852
0.8,PLS,0.0119516208156319
0.8,PLS,0.0885138411789745
0.8,PLS,0.0263265232858577
0.8,PLS,0.046514305841858
0.8,PLS,0.0268349640147144
0.8,PLS,0.0565719561519665
0.8,PLS,0.0308431526733921
0.8,PLS,0.0480961210223873
0.8,PLS,0.01157527133084
0.8,PLS,0.0220973674904971
0.8,PLS,0.0313461720016186
0.8,PLS,0.076543242172912
0.8,PLS,0.0866183721860204
0.8,PLS,0.0772097892893385
0.8,PLS,0.0122502849416639
0.8,PLS,0.0562527453667886
0.8,PLS,0.0697902233608576
0.8,PLS,0.0543289510093413
0.8,PLS,0.112550214032546
0.8,PLS,0.143059330808211
0.8,PLS,0.0638149992631903
0.8,PLS,0.00841763993622486
0.8,PLS,0.0193776328950133
0.8,PLS,0.0544786361734169
0.8,PLS,0.108645039677575
0.8,PLS,0.0185654590052455
0.8,PLS,0.0171601816726208
0.8,PLS,0.0688605406975173
0.8,PLS,0.0849952891754817
0.8,PLS,0.127986501491213
0.8,PLS,0.0250137191772465
0.8,PLS,0.00863310994589872
0.8,PLS,0.033771942083498
0.8,PLS,0.100379218428031
0.8,PLS,0.0126677728497978
0.8,PLS,0.069157489870604
0.8,PLS,0.0994667328158988
0.8,PLS,0.0499677886157823
0.8,PLS,0.147606621606617
0.8,PLS,0.018431003924875
0.8,PLS,0.0808253004893442
0.8,PLS,0.0536660147675827
0.8,PLS,0.0514181107929823
0.8,PLS,0.0982563995401103
0.8,PLS,0.0487149071354593
0.8,PLS,0.0761526976613079
0.8,PLS,0.0398099881297005
0.8,PLS,0.036181347410363
0.8,PLS,0.0528120921509525
0.8,PLS,0.0166934979918572
0.8,PLS,0.0483675658212644
0.8,PLS,0.0548031701487887
0.8,PLS,0.03577558906218
0.8,PLS,0.0234643327150795
0.8,PLS,0.0343302419257503
0.8,PLS,0.0244959467123409
0.8,PLS,0.0654939802203413
0.8,PLS,0.0690966722102023
0.8,PLS,0.0787662455088997
0.8,PLS,0.0260713974232397
0.8,PLS,0.0257115817798155
0.8,PLS,0.0535535270385741
0.8,PLS,0.0618498855428654
0.8,PLS,0.131636380400379
0.8,PLS,0.0622986598875582
0.8,PLS,0.030177339197109
0.8,PLS,0.0510371312966509
0.8,PLS,0.0823330383184968
0.8,PLS,0.0638621776362407
0.8,PLS,0.022750759477754
0.8,PLS,0.0108646542793319
0.8,PLS,0.0822109799928451
0.8,PLS,0.0163370683078307
0.8,PLS,0.0355752106916321
0.8,PLS,0.0405973709939984
0.8,PLS,0.0636368622170857
0.8,PLS,0.0711414550990298
0.8,PLS,0.0656430298272841
0.8,PLS,0.0530968271915474
0.8,PLS,0.0381084975133279
0.8,PLS,0.0361421043445423
0.8,PLS,0.190168780927769
0.8,PLS,0.161425978382359
0.8,PLS,0.0704903272801557
0.8,PLS,0.0825626687722004
0.8,PLS,0.0425470153021334
0.8,PLS,0.0204102247211488
0.8,PLS,0.0480415380514623
0.8,PLS,0.0451720809236541
0.8,PLS,0.0910205881503025
0.8,PLS,0.0450968019606105
0.8,PLS,0.0671744061498829
0.8,PLS,0.057630791387748
0.8,PLS,0.129291884050273
0.8,PLS,0.00934223521478257
0.8,PLS,0.0892580307656416
0.8,PLS,0.0287517831919485
0.8,PLS,0.116806317131491
0.8,PLS,0.0300236702755794
0.8,PLS,0.0279653644139439
0.8,PLS,0.0591987230332757
0.8,PLS,0.106801413815185
0.8,PLS,0.0256205814908929
0.8,PLS,0.0344137335911423
0.8,PLS,0.05711092565979
0.8,PLS,0.120556627151874
0.8,PLS,0.0119990988568202
0.8,PLS,0.0230836539072393
0.8,PLS,0.0451428961878879
0.8,PLS,0.0197438088546663
0.8,PLS,0.0438655482229527
0.8,PLS,0.0134963691887182
0.8,PLS,0.0561594261597579
0.8,PLS,0.0169039763775801
0.8,PLS,0.0977524927702403
0.8,PLS,0.102642271450412
0.8,PLS,0.0703340702150592
0.8,PLS,0.065910862894312
0.8,PLS,0.0123863603502993
0.8,PLS,0.0571364643381549
0.8,PLS,0.097225116463468
0.8,PLS,0.134415419525036
0.8,PLS,0.0441391104327855
0.8,PLS,0.0630515077101224
0.8,PLS,0.0803943653104077
0.8,PLS,0.0146502392567236
0.8,PLS,0.108742223986122
0.8,PLS,0.0892443581851521
0.8,PLS,0.0238417576507292
0.8,PLS,0.00879897210930833
0.8,PLS,0.0809152578304733
0.8,PLS,0.00520059268793924
0.8,PLS,0.0507163344251271
0.8,PLS,0.0186861312139643
0.8,PLS,0.0795224180473238
0.8,PLS,0.0157461279537239
0.8,PLS,0.0282037275734331
0.8,PLS,0.0142399906895577
0.8,PLS,0.0301604130206372
0.8,PLS,0.108046858402491
0.8,PLS,0.0366794468817693
0.8,PLS,0.0375096150041024
0.8,PLS,0.0298386539257281
0.8,PLS,0.0200389848062564
0.8,PLS,0.0327183860777689
0.8,PLS,0.0557231773443866
0.8,PLS,0.0325588633825617
0.8,PLS,0.0359802800856614
0.8,PLS,0.0485566439235333
0.8,PLS,0.0646867972695264
0.8,PLS,0.0632131346216167
0.8,PLS,0.0328190927316617
0.8,PLS,0.0243298802102152
0.8,PLS,0.123874651147172
0.8,PLS,0.0416000357245271
0.8,fTS,0.0163964168416508
0.8,fTS,0.0395787230933684
0.8,fTS,0.0227097733363357
0.8,fTS,0.0147820524852336
0.8,fTS,0.0235622067100347
0.8,fTS,0.0203711715975106
0.8,fTS,0.0341318747831331
0.8,fTS,0.00554792568924221
0.8,fTS,0.0260510940304642
0.8,fTS,0.0129317858448486
0.8,fTS,0.0261310456692142
0.8,fTS,0.0176152339921701
0.8,fTS,0.047897237872721
0.8,fTS,0.0102925642462163
0.8,fTS,0.0155407759988397
0.8,fTS,0.0198737390717579
0.8,fTS,0.0104772153222279
0.8,fTS,0.0296156761191879
0.8,fTS,0.00569734223868705
0.8,fTS,0.010526720909715
0.8,fTS,0.0289080267891247
0.8,fTS,0.014278296574938
0.8,fTS,0.0525428351974772
0.8,fTS,0.0181721686927398
0.8,fTS,0.0253730573015468
0.8,fTS,0.00669690999603002
0.8,fTS,0.0192322402424105
0.8,fTS,0.0047870373307203
0.8,fTS,0.0101512427441586
0.8,fTS,0.0654529004218344
0.8,fTS,0.0208377570459279
0.8,fTS,0.0281708593013406
0.8,fTS,0.0382048688700804
0.8,fTS,0.0144192021766391
0.8,fTS,0.0105398836281942
0.8,fTS,0.0141429628657029
0.8,fTS,0.00970576611734858
0.8,fTS,0.0294381516131552
0.8,fTS,0.0203978025636391
0.8,fTS,0.00942643967054462
0.8,fTS,0.040286660004161
0.8,fTS,0.0117587721181272
0.8,fTS,0.0355680634226384
0.8,fTS,0.00972537906965959
0.8,fTS,0.00784194898092213
0.8,fTS,0.00587969158223387
0.8,fTS,0.0130159443559583
0.8,fTS,0.0166423094999297
0.8,fTS,0.0148061361787003
0.8,fTS,0.00985120524790344
0.8,fTS,0.0250994012741839
0.8,fTS,0.0123432552153841
0.8,fTS,0.0254289052825814
0.8,fTS,0.0145166522186696
0.8,fTS,0.00623923917566857
0.8,fTS,0.00972199193063372
0.8,fTS,0.021627489867486
0.8,fTS,0.0120470643581089
0.8,fTS,0.0160393481878984
0.8,fTS,0.0167201314603096
0.8,fTS,0.00307047334516208
0.8,fTS,0.0270735102742351
0.8,fTS,0.0146007909870395
0.8,fTS,0.0126200073866301
0.8,fTS,0.0680694676613129
0.8,fTS,0.0411309290224157
0.8,fTS,0.0149863198247394
0.8,fTS,0.0114756665628858
0.8,fTS,0.00876740686060148
0.8,fTS,0.0166575992903956
0.8,fTS,0.0137018648084078
0.8,fTS,0.00556944240985035
0.8,fTS,0.0165113672148185
0.8,fTS,0.0797262771874243
0.8,fTS,0.0159448477485647
0.8,fTS,0.0182762026059706
0.8,fTS,0.00392643289225483
0.8,fTS,0.0132090624141104
0.8,fTS,0.0352217362768017
0.8,fTS,0.0166809146078314
0.8,fTS,0.0113862715029353
0.8,fTS,0.0136843563644047
0.8,fTS,0.0258339609259652
0.8,fTS,0.0391770387661616
0.8,fTS,0.0136501838759484
0.8,fTS,0.0493597832388294
0.8,fTS,0.0289288104646016
0.8,fTS,0.0188904615290751
0.8,fTS,0.0295732578082135
0.8,fTS,0.00886631107549852
0.8,fTS,0.00613086458737368
0.8,fTS,0.0154551345929569
0.8,fTS,0.00631251925892496
0.8,fTS,0.0154893682395659
0.8,fTS,0.0215894748361733
0.8,fTS,0.0129881524460655
0.8,fTS,0.00553417972184767
0.8,fTS,0.017696543917635
0.8,fTS,0.0080036194682482
0.8,fTS,0.00842473082534113
0.8,fTS,0.00412225941541929
0.8,fTS,0.0201979592796016
0.8,fTS,0.0135189115567973
0.8,fTS,0.00764850489117372
0.8,fTS,0.0111298316606031
0.8,fTS,0.0196061361449568
0.8,fTS,0.0128882540024411
0.8,fTS,0.00891225881926791
0.8,fTS,0.0112652099516492
0.8,fTS,0.00963488299132112
0.8,fTS,0.00758719317305726
0.8,fTS,0.00427020304514555
0.8,fTS,0.017874631360973
0.8,fTS,0.0127885179409259
0.8,fTS,0.00928124706180021
0.8,fTS,0.0207315227743361
0.8,fTS,0.0124661880023845
0.8,fTS,0.0348226904817307
0.8,fTS,0.0170038967286543
0.8,fTS,0.0297119919402759
0.8,fTS,0.017485723947991
0.8,fTS,0.016638017565209
0.8,fTS,0.00909986688500163
0.8,fTS,0.0201088271960141
0.8,fTS,0.00693452992830606
0.8,fTS,0.016838707440101
0.8,fTS,0.0514644611788005
0.8,fTS,0.00724243062551312
0.8,fTS,0.00877672962964131
0.8,fTS,0.0133900397626172
0.8,fTS,0.0320449572779834
0.8,fTS,0.0229885344441119
0.8,fTS,0.0105440857036553
0.8,fTS,0.0317994086295858
0.8,fTS,0.0178772549327198
0.8,fTS,0.0219821859574567
0.8,fTS,0.0259559205851061
0.8,fTS,0.0127635766283874
0.8,fTS,0.0276708829632629
0.8,fTS,0.0076892194092183
0.8,fTS,0.016145807431873
0.8,fTS,0.00548605779586068
0.8,fTS,0.00364112943839831
0.8,fTS,0.00836176066324561
0.8,fTS,0.0139484352441755
0.8,fTS,0.0155416200952086
0.8,fTS,0.0259226102079813
0.8,fTS,0.00714696195536105
0.8,fTS,0.0128909068450573
0.8,fTS,0.0202816854145535
0.8,fTS,0.0195109116757549
0.8,fTS,0.0113591538735324
0.8,fTS,0.00731341634496919
0.8,fTS,0.0365759947315169
0.8,fTS,0.0139772845652856
0.8,fTS,0.0313618631946943
0.8,fTS,0.0351226124316772
0.8,fTS,0.00687912478049797
0.8,fTS,0.0400032351806175
0.8,fTS,0.0293286401005176
0.8,fTS,0.029620394770463
0.8,fTS,0.0216892580633043
0.8,fTS,0.0269067450368927
0.8,fTS,0.0150297786808998
0.8,fTS,0.01435079187327
0.8,fTS,0.0223628580292934
0.8,fTS,0.021235733220173
0.8,fTS,0.0201139838889556
0.8,fTS,0.0223919510603378
0.8,fTS,0.0227011605328811
0.8,fTS,0.0164517445979749
0.8,fTS,0.0330749573411465
0.8,fTS,0.0147088355051082
0.8,fTS,0.0112421487874666
0.8,fTS,0.0114030347936388
0.8,fTS,0.0163630723860387
0.8,fTS,0.0132430509277788
0.8,fTS,0.010060092350472
0.8,fTS,0.00985295213294984
0.8,fTS,0.0252263305232038
0.8,fTS,0.0136573675369941
0.8,fTS,0.0246665670381128
0.8,fTS,0.0164731468802828
0.8,fTS,0.00481020296946509
0.8,fTS,0.0412182760160213
0.8,fTS,0.037459378676577
0.8,fTS,0.0234638882100556
0.8,fTS,0.00491234456865457
0.8,fTS,0.0164099849809429
0.8,fTS,0.00751135757046421
0.8,fTS,0.0230812801417488
0.8,fTS,0.0104540658417332
0.8,fTS,0.0123552883701115
0.8,fTS,0.0229951763698571
0.8,fTS,0.00860094162060149
0.8,fTS,0.0581354669305815
0.8,fTS,0.0284504328164214
0.8,fTS,0.0235636767835845
0.8,fTS,0.0266884286842336
0.8,fTS,0.0288287125562469
0.8,LS_oracle,0.0269448389348527
0.8,LS_oracle,0.0481389471750869
0.8,LS_oracle,0.0587241947679971
0.8,LS_oracle,0.0796476622231394
0.8,LS_oracle,0.0189500734526929
0.8,LS_oracle,0.0244816909236231
0.8,LS_oracle,0.0579710316828834
0.8,LS_oracle,0.0216216983697254
0.8,LS_oracle,0.0812760424382261
0.8,LS_oracle,0.0168053690693895
0.8,LS_oracle,0.101782818698674
0.8,LS_oracle,0.0441400373699621
0.8,LS_oracle,0.032379745515222
0.8,LS_oracle,0.0359574741234596
0.8,LS_oracle,0.0380107442369572
0.8,LS_oracle,0.0956706331787494
0.8,LS_oracle,0.0552410597233027
0.8,LS_oracle,0.107949145971585
0.8,LS_oracle,0.0153694892079855
0.8,LS_oracle,0.0510339767073086
0.8,LS_oracle,0.0425765327714915
0.8,LS_oracle,0.0312642683824692
0.8,LS_oracle,0.0672065434899598
0.8,LS_oracle,0.071019982698971
0.8,LS_oracle,0.127804398995947
0.8,LS_oracle,0.0313066535303819
0.8,LS_oracle,0.036029277722787
0.8,LS_oracle,0.0388356965101556
0.8,LS_oracle,0.0109809837079598
0.8,LS_oracle,0.0526535117685174
0.8,LS_oracle,0.094398593524047
0.8,LS_oracle,0.034009192959956
0.8,LS_oracle,0.0557993676048219
0.8,LS_oracle,0.03177533946116
0.8,LS_oracle,0.0102743684441193
0.8,LS_oracle,0.0777251426066007
0.8,LS_oracle,0.0216514149008738
0.8,LS_oracle,0.129753302552795
0.8,LS_oracle,0.106495134263905
0.8,LS_oracle,0.104049287618295
0.8,LS_oracle,0.145883619794378
0.8,LS_oracle,0.0709273657879719
0.8,LS_oracle,0.0190209210941285
0.8,LS_oracle,0.0186924970741779
0.8,LS_oracle,0.108420294443523
0.8,LS_oracle,0.0105577010103802
0.8,LS_oracle,0.0876278404777469
0.8,LS_oracle,0.0156582569541455
0.8,LS_oracle,0.0603392934476019
0.8,LS_oracle,0.0276978383148217
0.8,LS_oracle,0.0429365026448985
0.8,LS_oracle,0.0504388402213815
0.8,LS_oracle,0.0425533306842062
0.8,LS_oracle,0.0217768690182914
0.8,LS_oracle,0.017035744561929
0.8,LS_oracle,0.0262310355190513
0.8,LS_oracle,0.0699526249810307
0.8,LS_oracle,0.070410810319044
0.8,LS_oracle,0.0648456307486632
0.8,LS_oracle,0.0133030319177161
0.8,LS_oracle,0.0369197552842527
0.8,LS_oracle,0.0799927806206079
0.8,LS_oracle,0.0726022668303165
0.8,LS_oracle,0.139229771388068
0.8,LS_oracle,0.164642904357024
0.8,LS_oracle,0.0511262045186096
0.8,LS_oracle,0.00458043533303886
0.8,LS_oracle,0.00811509211681748
0.8,LS_oracle,0.0404938455842307
0.8,LS_oracle,0.140800830323105
0.8,LS_oracle,0.0200542900905221
0.8,LS_oracle,0.0169969995498892
0.8,LS_oracle,0.0573336651576181
0.8,LS_oracle,0.0593950933147698
0.8,LS_oracle,0.0935566160452838
0.8,LS_oracle,0.0209668433573602
0.8,LS_oracle,0.0115888869908399
0.8,LS_oracle,0.0558157253458359
0.8,LS_oracle,0.100265695723586
0.8,LS_oracle,0.0134714356445071
0.8,LS_oracle,0.0622950701206113
0.8,LS_oracle,0.0889085032453369
0.8,LS_oracle,0.0437504112008305
0.8,LS_oracle,0.0974724696974312
0.8,LS_oracle,0.0173319850690641
0.8,LS_oracle,0.0880018033436501
0.8,LS_oracle,0.0496166348487421
0.8,LS_oracle,0.0426167425357896
0.8,LS_oracle,0.115003805535494
0.8,LS_oracle,0.0390888930533136
0.8,LS_oracle,0.0630031069683796
0.8,LS_oracle,0.0533848460466675
0.8,LS_oracle,0.0487095147299613
0.8,LS_oracle,0.0493629499719151
0.8,LS_oracle,0.0162112931821789
0.8,LS_oracle,0.097268216820503
0.8,LS_oracle,0.054051673358997
0.8,LS_oracle,0.0306135795229707
0.8,LS_oracle,0.0236951249556223
0.8,LS_oracle,0.0225363149228597
0.8,LS_oracle,0.0102703998014512
0.8,LS_oracle,0.102736987731109
0.8,LS_oracle,0.0632179607654475
0.8,LS_oracle,0.0721663456079172
0.8,LS_oracle,0.0251601093517241
0.8,LS_oracle,0.0198101960394139
0.8,LS_oracle,0.0518866743492433
0.8,LS_oracle,0.0560393019366284
0.8,LS_oracle,0.0966228397001394
0.8,LS_oracle,0.0502236419389281
0.8,LS_oracle,0.0279805024768761
0.8,LS_oracle,0.0296269449021444
0.8,LS_oracle,0.0377999958884671
0.8,LS_oracle,0.0442707525328061
0.8,LS_oracle,0.0270617638591404
0.8,LS_oracle,0.0109102659279694
0.8,LS_oracle,0.0571761345064214
0.8,LS_oracle,0.0166879355085317
0.8,LS_oracle,0.0352937455485696
0.8,LS_oracle,0.0244632191408867
0.8,LS_oracle,0.044214007614091
0.8,LS_oracle,0.0886868847229511
0.8,LS_oracle,0.0451584544846067
0.8,LS_oracle,0.0534181230242773
0.8,LS_oracle,0.0481233850783715
0.8,LS_oracle,0.0311060811217736
0.8,LS_oracle,0.164742905934246
0.8,LS_oracle,0.032998728313882
0.8,LS_oracle,0.0659997330682105
0.8,LS_oracle,0.0744905716729112
0.8,LS_oracle,0.0414737604460458
0.8,LS_oracle,0.0217708403757411
0.8,LS_oracle,0.0537216856681039
0.8,LS_oracle,0.0351120647141873
0.8,LS_oracle,0.067979586187995
0.8,LS_oracle,0.0427116697768804
0.8,LS_oracle,0.0974234660339503
0.8,LS_oracle,0.0542262060067887
0.8,LS_oracle,0.0498165382662205
0.8,LS_oracle,0.00932609838562905
0.8,LS_oracle,0.0425235823730794
0.8,LS_oracle,0.0289219167668378
0.8,LS_oracle,0.0876402680091089
0.8,LS_oracle,0.0262925611288221
0.8,LS_oracle,0.024298082870037
0.8,LS_oracle,0.0597108161913089
0.8,LS_oracle,0.109573476900335
0.8,LS_oracle,0.0170246732956221
0.8,LS_oracle,0.0275001276613349
0.8,LS_oracle,0.0242577634232698
0.8,LS_oracle,0.121439413544823
0.8,LS_oracle,0.0138909648099799
0.8,LS_oracle,0.0218637251855745
0.8,LS_oracle,0.0451790300474389
0.8,LS_oracle,0.0222267441879062
0.8,LS_oracle,0.039207790592226
0.8,LS_oracle,0.0285559460658627
0.8,LS_oracle,0.0487925800759413
0.8,LS_oracle,0.0487175566895367
0.8,LS_oracle,0.0818634752171162
0.8,LS_oracle,0.0799035788087167
0.8,LS_oracle,0.0773102987089296
0.8,LS_oracle,0.0656126983413533
0.8,LS_oracle,0.0197215469364515
0.8,LS_oracle,0.0452792337451046
0.8,LS_oracle,0.0473928887851581
0.8,LS_oracle,0.111565843255049
0.8,LS_oracle,0.0189397569028742
0.8,LS_oracle,0.0544836605049637
0.8,LS_oracle,0.0769349449286161
0.8,LS_oracle,0.0146744612372713
0.8,LS_oracle,0.0780168456699945
0.8,LS_oracle,0.0788331635869437
0.8,LS_oracle,0.0313544944791482
0.8,LS_oracle,0.00903922004382531
0.8,LS_oracle,0.10289625449496
0.8,LS_oracle,0.00624406555388701
0.8,LS_oracle,0.0507970547114032
0.8,LS_oracle,0.0114519326445011
0.8,LS_oracle,0.0659325581398102
0.8,LS_oracle,0.0152299232923056
0.8,LS_oracle,0.0201520465687889
0.8,LS_oracle,0.0179533687597597
0.8,LS_oracle,0.0386398594748154
0.8,LS_oracle,0.0643151579465078
0.8,LS_oracle,0.0484798594188226
0.8,LS_oracle,0.0343818046241364
0.8,LS_oracle,0.0233550088800096
0.8,LS_oracle,0.0164899749519105
0.8,LS_oracle,0.0246949208739158
0.8,LS_oracle,0.0904107534744333
0.8,LS_oracle,0.037035469884306
0.8,LS_oracle,0.0267916601071658
0.8,LS_oracle,0.0391063397510938
0.8,LS_oracle,0.0695086903931173
0.8,LS_oracle,0.0563197122121104
0.8,LS_oracle,0.0596914507421891
0.8,LS_oracle,0.0280309922682741
0.8,LS_oracle,0.128201754205906
0.8,LS_oracle,0.0319354779167621
0.8,TS_oracle,0.0128040715979033
0.8,TS_oracle,0.0395967991047744
0.8,TS_oracle,0.0231181123509325
0.8,TS_oracle,0.0147453618418918
0.8,TS_oracle,0.0179387282674588
0.8,TS_oracle,0.0187254381298795
0.8,TS_oracle,0.0255791615190927
0.8,TS_oracle,0.00553255186034819
0.8,TS_oracle,0.0260078915328585
0.8,TS_oracle,0.0104535920754037
0.8,TS_oracle,0.0258382609672584
0.8,TS_oracle,0.0109402758532064
0.8,TS_oracle,0.0488160002895147
0.8,TS_oracle,0.00914046241598573
0.8,TS_oracle,0.01521559278371
0.8,TS_oracle,0.00647990232035018
0.8,TS_oracle,0.00672947096577011
0.8,TS_oracle,0.009790410114814
0.8,TS_oracle,0.00530080493546
0.8,TS_oracle,0.0106056975814766
0.8,TS_oracle,0.0272293769579295
0.8,TS_oracle,0.0101341272008993
0.8,TS_oracle,0.0422635111422584
0.8,TS_oracle,0.0184962512862823
0.8,TS_oracle,0.0228584944939359
0.8,TS_oracle,0.00666789781669208
0.8,TS_oracle,0.0156283468606344
0.8,TS_oracle,0.0047383749186875
0.8,TS_oracle,0.00970670400497108
0.8,TS_oracle,0.0441383557980462
0.8,TS_oracle,0.0127418713592883
0.8,TS_oracle,0.023536130685201
0.8,TS_oracle,0.0396977233500126
0.8,TS_oracle,0.014070167366416
0.8,TS_oracle,0.00637763023295553
0.8,TS_oracle,0.0141716167275985
0.8,TS_oracle,0.00882976593873063
0.8,TS_oracle,0.0230185951427878
0.8,TS_oracle,0.0128407578638201
0.8,TS_oracle,0.0104521273817719
0.8,TS_oracle,0.0354821161993528
0.8,TS_oracle,0.0109117626881255
0.8,TS_oracle,0.0354444166241816
0.8,TS_oracle,0.00918571831701135
0.8,TS_oracle,0.00509111191756314
0.8,TS_oracle,0.00217702463990887
0.8,TS_oracle,0.0130152044681942
0.8,TS_oracle,0.0180093777956328
0.8,TS_oracle,0.0149105943139449
0.8,TS_oracle,0.00814136478251272
0.8,TS_oracle,0.0170418267558072
0.8,TS_oracle,0.00812186497009792
0.8,TS_oracle,0.0206977343491689
0.8,TS_oracle,0.012206227460385
0.8,TS_oracle,0.00625083838384869
0.8,TS_oracle,0.0058400474291073
0.8,TS_oracle,0.0150028252210595
0.8,TS_oracle,0.0121250064266241
0.8,TS_oracle,0.0116535971649586
0.8,TS_oracle,0.015124243248058
0.8,TS_oracle,0.00301698255854299
0.8,TS_oracle,0.0263041763669624
0.8,TS_oracle,0.00775776644701213
0.8,TS_oracle,0.0111909398405473
0.8,TS_oracle,0.0559047365650224
0.8,TS_oracle,0.0384637925368217
0.8,TS_oracle,0.0148157907694522
0.8,TS_oracle,0.0120691682077625
0.8,TS_oracle,0.0088155255041704
0.8,TS_oracle,0.0170840573872885
0.8,TS_oracle,0.0108702353322581
0.8,TS_oracle,0.00413225840043269
0.8,TS_oracle,0.0167002819524075
0.8,TS_oracle,0.0801608554498563
0.8,TS_oracle,0.00665644727616164
0.8,TS_oracle,0.017871661072431
0.8,TS_oracle,0.00395573137688579
0.8,TS_oracle,0.0135605208809237
0.8,TS_oracle,0.0353956749860406
0.8,TS_oracle,0.0165392735569222
0.8,TS_oracle,0.0113552702600488
0.8,TS_oracle,0.0135581144485652
0.8,TS_oracle,0.0220099371730725
0.8,TS_oracle,0.0386678223219546
0.8,TS_oracle,0.008251260914503
0.8,TS_oracle,0.0411801417316018
0.8,TS_oracle,0.0195239102437497
0.8,TS_oracle,0.0154745971916972
0.8,TS_oracle,0.0323099064206413
0.8,TS_oracle,0.00738720772250549
0.8,TS_oracle,0.006051304820823
0.8,TS_oracle,0.0101328452165894
0.8,TS_oracle,0.00550764298335974
0.8,TS_oracle,0.0124744359760916
0.8,TS_oracle,0.0177488544577638
0.8,TS_oracle,0.0117716455744347
0.8,TS_oracle,0.00550381044961613
0.8,TS_oracle,0.00515907531620448
0.8,TS_oracle,0.0080161009244272
0.8,TS_oracle,0.00924319123053802
0.8,TS_oracle,0.00392671976357637
0.8,TS_oracle,0.0207123750639014
0.8,TS_oracle,0.013112578459818
0.8,TS_oracle,0.00841274702482878
0.8,TS_oracle,0.0104946914390591
0.8,TS_oracle,0.00909874563119208
0.8,TS_oracle,0.0127864140116521
0.8,TS_oracle,0.00724094618250779
0.8,TS_oracle,0.0111656943849145
0.8,TS_oracle,0.00890351327597617
0.8,TS_oracle,0.00758276872978047
0.8,TS_oracle,0.00427135119429004
0.8,TS_oracle,0.0115957197382406
0.8,TS_oracle,0.012714804715626
0.8,TS_oracle,0.00948368655668079
0.8,TS_oracle,0.0184227288587229
0.8,TS_oracle,0.0113256929088389
0.8,TS_oracle,0.0362093672458072
0.8,TS_oracle,0.0147755867787419
0.8,TS_oracle,0.0279695659034132
0.8,TS_oracle,0.0153179303410789
0.8,TS_oracle,0.013956674794762
0.8,TS_oracle,0.00620653334552832
0.8,TS_oracle,0.0199823829116189
0.8,TS_oracle,0.00607346698775039
0.8,TS_oracle,0.0134473301709731
0.8,TS_oracle,0.0484099989495236
0.8,TS_oracle,0.00734792782440589
0.8,TS_oracle,0.00815170872782639
0.8,TS_oracle,0.0113786073310995
0.8,TS_oracle,0.0318866166199445
0.8,TS_oracle,0.0151348487768553
0.8,TS_oracle,0.00792010991178629
0.8,TS_oracle,0.0224350901004126
0.8,TS_oracle,0.0173252157516966
0.8,TS_oracle,0.0216723476717087
0.8,TS_oracle,0.0194143908617388
0.8,TS_oracle,0.0101895810055031
0.8,TS_oracle,0.00999251669490085
0.8,TS_oracle,0.00543832214919873
0.8,TS_oracle,0.0106434821529733
0.8,TS_oracle,0.00447338545345855
0.8,TS_oracle,0.00322886037930177
0.8,TS_oracle,0.00837852475983092
0.8,TS_oracle,0.0134310866762653
0.8,TS_oracle,0.0147284612020645
0.8,TS_oracle,0.0153941731287656
0.8,TS_oracle,0.00634606120051713
0.8,TS_oracle,0.0100863732495627
0.8,TS_oracle,0.0183393038579596
0.8,TS_oracle,0.0191996613016678
0.8,TS_oracle,0.0111719267641487
0.8,TS_oracle,0.00416896538785082
0.8,TS_oracle,0.0372395497479187
0.8,TS_oracle,0.0138073189007578
0.8,TS_oracle,0.0179763231656295
0.8,TS_oracle,0.0342009931035882
0.8,TS_oracle,0.0118518838566412
0.8,TS_oracle,0.0312848344403138
0.8,TS_oracle,0.0174681431306426
0.8,TS_oracle,0.0281140330955961
0.8,TS_oracle,0.0219232710267233
0.8,TS_oracle,0.0137697099826144
0.8,TS_oracle,0.0158303120404433
0.8,TS_oracle,0.0129452786673771
0.8,TS_oracle,0.0109765369142324
0.8,TS_oracle,0.0204640663023343
0.8,TS_oracle,0.00594156973887542
0.8,TS_oracle,0.0209387854664879
0.8,TS_oracle,0.0196240912618333
0.8,TS_oracle,0.0153080221315
0.8,TS_oracle,0.0302343273297087
0.8,TS_oracle,0.00658621837349526
0.8,TS_oracle,0.0116752138525571
0.8,TS_oracle,0.00796191541148121
0.8,TS_oracle,0.0158569616837636
0.8,TS_oracle,0.0120430648494304
0.8,TS_oracle,0.00975377464656792
0.8,TS_oracle,0.0101793654492082
0.8,TS_oracle,0.0253872713952936
0.8,TS_oracle,0.013610339891917
0.8,TS_oracle,0.0114183578334273
0.8,TS_oracle,0.0153338766873176
0.8,TS_oracle,0.00445689736983723
0.8,TS_oracle,0.0408519540000154
0.8,TS_oracle,0.035702101996666
0.8,TS_oracle,0.023275368429
0.8,TS_oracle,0.00154226606557021
0.8,TS_oracle,0.0164414906905811
0.8,TS_oracle,0.00750366464520066
0.8,TS_oracle,0.0182620574783199
0.8,TS_oracle,0.0101688591690872
0.8,TS_oracle,0.0123269465353642
0.8,TS_oracle,0.0155167638194319
0.8,TS_oracle,0.00709549193957011
0.8,TS_oracle,0.04670725239576
0.8,TS_oracle,0.0204697986624359
0.8,TS_oracle,0.0167588040831705
0.8,TS_oracle,0.0267916207473983
0.8,TS_oracle,0.0204020441035995
0.9,PLS,0.0529303529116963
0.9,PLS,0.00701926355893296
0.9,PLS,0.0623170001094966
0.9,PLS,0.0396930323159918
0.9,PLS,0.0285802198407518
0.9,PLS,0.127676404860359
0.9,PLS,0.0162127488619611
0.9,PLS,0.0584045001493993
0.9,PLS,0.0299391303963203
0.9,PLS,0.0564410391583164
0.9,PLS,0.035356789412163
0.9,PLS,0.0651914388020183
0.9,PLS,0.0446657696924491
0.9,PLS,0.0774761233351884
0.9,PLS,0.165956600908429
0.9,PLS,0.0423235886412346
0.9,PLS,0.111045577596874
0.9,PLS,0.10590919736066
0.9,PLS,0.0391272756334903
0.9,PLS,0.00944964597713993
0.9,PLS,0.0789805306115334
0.9,PLS,0.0774644518221238
0.9,PLS,0.0798663657630155
0.9,PLS,0.0407504825782019
0.9,PLS,0.0630801077921948
0.9,PLS,0.043157533300405
0.9,PLS,0.149027818238358
0.9,PLS,0.017615058024117
0.9,PLS,0.123617342662088
0.9,PLS,0.109506586016445
0.9,PLS,0.0449006113125908
0.9,PLS,0.0317056657965812
0.9,PLS,0.142926712569756
0.9,PLS,0.0433433540560354
0.9,PLS,0.0387231252087253
0.9,PLS,0.0609083097782783
0.9,PLS,0.0355218842632242
0.9,PLS,0.0332753787110786
0.9,PLS,0.0419352948185032
0.9,PLS,0.0268536212708247
0.9,PLS,0.044712692762406
0.9,PLS,0.0734499940591459
0.9,PLS,0.0163280387806071
0.9,PLS,0.0533126476991631
0.9,PLS,0.0515122503874338
0.9,PLS,0.076125780967622
0.9,PLS,0.0992078219066859
0.9,PLS,0.0479044557977116
0.9,PLS,0.151004494276822
0.9,PLS,0.0853860338785179
0.9,PLS,0.0443096235359241
0.9,PLS,0.04995976711101
0.9,PLS,0.00904792088950188
0.9,PLS,0.0538059565606886
0.9,PLS,0.136527068918237
0.9,PLS,0.0415356392908946
0.9,PLS,0.0547119158819139
0.9,PLS,0.03884744340333
0.9,PLS,0.0146608890683565
0.9,PLS,0.0205626360380573
0.9,PLS,0.204166986979261
0.9,PLS,0.0222815449473489
0.9,PLS,0.144925227760595
0.9,PLS,0.0590799398302053
0.9,PLS,0.080275802149291
0.9,PLS,0.00977081541697627
0.9,PLS,0.00706732313526416
0.9,PLS,0.0248867752645955
0.9,PLS,0.0689583105073543
0.9,PLS,0.13103436724094
0.9,PLS,0.0402881094417588
0.9,PLS,0.0329804251501628
0.9,PLS,0.0257968123128362
0.9,PLS,0.0901894827146473
0.9,PLS,0.0233311739014063
0.9,PLS,0.0311314399651726
0.9,PLS,0.0545764053131255
0.9,PLS,0.0509171521003393
0.9,PLS,0.020343144975566
0.9,PLS,0.0272173027250755
0.9,PLS,0.166909779556255
0.9,PLS,0.049375826900228
0.9,PLS,0.0198984284502828
0.9,PLS,0.057168836903019
0.9,PLS,0.031844443884673
0.9,PLS,0.135882121118182
0.9,PLS,0.00947102127809672
0.9,PLS,0.0612602254470003
0.9,PLS,0.0448335223813051
0.9,PLS,0.0554490566979717
0.9,PLS,0.0507564323171682
0.9,PLS,0.115735375373808
0.9,PLS,0.0758427083580998
0.9,PLS,0.196399338937172
0.9,PLS,0.115432795399787
0.9,PLS,0.0365300295240796
0.9,PLS,0.126323128134603
0.9,PLS,0.0169277082156132
0.9,PLS,0.0467108966871697
0.9,PLS,0.0713344316701366
0.9,PLS,0.0449600716908318
0.9,PLS,0.042370453452976
0.9,PLS,0.0909110880643754
0.9,PLS,0.0232644319908309
0.9,PLS,0.0206683160796044
0.9,PLS,0.0076266023361724
0.9,PLS,0.141310406932849
0.9,PLS,0.0685806725500429
0.9,PLS,0.0522465737374607
0.9,PLS,0.0537761263439173
0.9,PLS,0.0363718145331393
0.9,PLS,0.0350397332216269
0.9,PLS,0.0214372498403201
0.9,PLS,0.050716629826781
0.9,PLS,0.1125863702876
0.9,PLS,0.0375298019940535
0.9,PLS,0.0422832578870962
0.9,PLS,0.0835893405690774
0.9,PLS,0.0254727667587157
0.9,PLS,0.0570837924414905
0.9,PLS,0.0259849825991847
0.9,PLS,0.140378496743109
0.9,PLS,0.0236057026310196
0.9,PLS,0.0665945803227682
0.9,PLS,0.0354931501181879
0.9,PLS,0.0365273802725749
0.9,PLS,0.0449191325004942
0.9,PLS,0.0149356562787033
0.9,PLS,0.0988248224999575
0.9,PLS,0.0792341602866905
0.9,PLS,0.0834627579619212
0.9,PLS,0.145807227461422
0.9,PLS,0.069246944258715
0.9,PLS,0.0362703029759578
0.9,PLS,0.107870786969202
0.9,PLS,0.0746870037761928
0.9,PLS,0.10760968628519
0.9,PLS,0.0216257505238965
0.9,PLS,0.0459402766097114
0.9,PLS,0.0254919132726178
0.9,PLS,0.038036839888466
0.9,PLS,0.0317200332784024
0.9,PLS,0.0826608742503387
0.9,PLS,0.0126342410434598
0.9,PLS,0.0176057536355713
0.9,PLS,0.0914846183753541
0.9,PLS,0.133418357179894
0.9,PLS,0.0586977400773239
0.9,PLS,0.0346432027592545
0.9,PLS,0.100642351943164
0.9,PLS,0.0101452971528517
0.9,PLS,0.0293668221811297
0.9,PLS,0.0550894797447691
0.9,PLS,0.0096625961750633
0.9,PLS,0.0192089736662518
0.9,PLS,0.0571050460186309
0.9,PLS,0.133391965616037
0.9,PLS,0.141125640144879
0.9,PLS,0.0575887253804342
0.9,PLS,0.0696628813551176
0.9,PLS,0.0334059226508628
0.9,PLS,0.0192412438809342
0.9,PLS,0.0855521195233751
0.9,PLS,0.0461729646049874
0.9,PLS,0.0837045448319254
0.9,PLS,0.05489713542013
0.9,PLS,0.0490319382444953
0.9,PLS,0.0311765160137488
0.9,PLS,0.0318493101077106
0.9,PLS,0.13020009022138
0.9,PLS,0.028766593800562
0.9,PLS,0.0180975773856904
0.9,PLS,0.0557619400127968
0.9,PLS,0.05215596837867
0.9,PLS,0.0529953430071517
0.9,PLS,0.0424263635361636
0.9,PLS,0.0794654199377421
0.9,PLS,0.0242645318058334
0.9,PLS,0.0262759808722187
0.9,PLS,0.0575330944105257
0.9,PLS,0.0622184550134139
0.9,PLS,0.0765650015164451
0.9,PLS,0.0233516998325979
0.9,PLS,0.027315107814176
0.9,PLS,0.0328672982765685
0.9,PLS,0.0335724656578318
0.9,PLS,0.0529634265355769
0.9,PLS,0.0206291169960734
0.9,PLS,0.0660186266207407
0.9,PLS,0.0333723005887957
0.9,PLS,0.0363353460432464
0.9,PLS,0.0252919031147613
0.9,PLS,0.289414263226566
0.9,PLS,0.0393021189807476
0.9,PLS,0.0708769361187764
0.9,PLS,0.0173050603718394
0.9,PLS,0.0155166424243787
0.9,PLS,0.0660455705409316
0.9,PLS,0.0310324206344416
0.9,PLS,0.0782043353550371
0.9,fTS,0.0255650562169136
0.9,fTS,0.00303904516583665
0.9,fTS,0.0061377225905026
0.9,fTS,0.0152465318146075
0.9,fTS,0.00696017724648016
0.9,fTS,0.00808886070318616
0.9,fTS,0.00592218140095693
0.9,fTS,0.00814996650988722
0.9,fTS,0.0102589497402606
0.9,fTS,0.00909091515179098
0.9,fTS,0.0163196466425911
0.9,fTS,0.00480432958808124
0.9,fTS,0.00878238588169509
0.9,fTS,0.0136569398991075
0.9,fTS,0.00526873939382854
0.9,fTS,0.010873398710148
0.9,fTS,0.00669734871317788
0.9,fTS,0.0162197278221018
0.9,fTS,0.00864365554532671
0.9,fTS,0.0140736905477433
0.9,fTS,0.0207919746019088
0.9,fTS,0.0528399541602376
0.9,fTS,0.00329176616962468
0.9,fTS,0.00626265568490262
0.9,fTS,0.0127430581536544
0.9,fTS,0.00870900057130305
0.9,fTS,0.00558754830838196
0.9,fTS,0.00565907531050396
0.9,fTS,0.00614566355394086
0.9,fTS,0.0342490163041953
0.9,fTS,0.00665831889311866
0.9,fTS,0.00664917838974555
0.9,fTS,0.00569920895551005
0.9,fTS,0.0275026630303504
0.9,fTS,0.0237377966287911
0.9,fTS,0.00319375927305495
0.9,fTS,0.0533153318897724
0.9,fTS,0.0129372501184302
0.9,fTS,0.0152038839356985
0.9,fTS,0.00807497484683345
0.9,fTS,0.00311335030470251
0.9,fTS,0.0267322336396238
0.9,fTS,0.00932689840616849
0.9,fTS,0.0064842649211905
0.9,fTS,0.0154813574712616
0.9,fTS,0.0222610590779359
0.9,fTS,0.0113473365480045
0.9,fTS,0.00848370663400841
0.9,fTS,0.0103459437653957
0.9,fTS,0.01194516756394
0.9,fTS,0.00719384966432848
0.9,fTS,0.00511081943160582
0.9,fTS,0.00358841450369583
0.9,fTS,0.0106042793251508
0.9,fTS,0.00541455612713037
0.9,fTS,0.00601377247743401
0.9,fTS,0.0206254319139413
0.9,fTS,0.00450527454805335
0.9,fTS,0.0242640136614085
0.9,fTS,0.0215479109231492
0.9,fTS,0.0085235811112332
0.9,fTS,0.0186631290034124
0.9,fTS,0.0155251597687807
0.9,fTS,0.0118059721942044
0.9,fTS,0.00386789510913557
0.9,fTS,0.00403740416427054
0.9,fTS,0.00978160004344205
0.9,fTS,0.00835465596688844
0.9,fTS,0.0184266616572276
0.9,fTS,0.0208424187730946
0.9,fTS,0.00565051089668904
0.9,fTS,0.00370390156568781
0.9,fTS,0.0128911640949114
0.9,fTS,0.00957716682645143
0.9,fTS,0.0133387019216395
0.9,fTS,0.0158885522750666
0.9,fTS,0.0108178817396907
0.9,fTS,0.0448540063478885
0.9,fTS,0.0123923235812292
0.9,fTS,0.00625901653088593
0.9,fTS,0.0087632115275357
0.9,fTS,0.0104640704080998
0.9,fTS,0.00627733575698099
0.9,fTS,0.0100129933173824
0.9,fTS,0.00455996759559165
0.9,fTS,0.0115356871279005
0.9,fTS,0.00364878722663658
0.9,fTS,0.0340062374671517
0.9,fTS,0.0201449479008581
0.9,fTS,0.00753322398341852
0.9,fTS,0.0186744799786406
0.9,fTS,0.00717711394358716
0.9,fTS,0.00624167917461706
0.9,fTS,0.00638214854294692
0.9,fTS,0.0309664108449391
0.9,fTS,0.00227776803518697
0.9,fTS,0.0202678349280659
0.9,fTS,0.0158009878338798
0.9,fTS,0.0111416141838238
0.9,fTS,0.0142899183027528
0.9,fTS,0.0166143519930185
0.9,fTS,0.0077772889951025
0.9,fTS,0.000460046235399461
0.9,fTS,0.0117135228252809
0.9,fTS,0.00633832233040268
0.9,fTS,0.00966122633703782
0.9,fTS,0.0191965832029245
0.9,fTS,0.0100947216208084
0.9,fTS,0.0276989337613878
0.9,fTS,0.00770074913308319
0.9,fTS,0.00907180629307184
0.9,fTS,0.0104797027092651
0.9,fTS,0.00780345415165689
0.9,fTS,0.0155613048465641
0.9,fTS,0.0139455402366524
0.9,fTS,0.00643144395918463
0.9,fTS,0.0245729482911902
0.9,fTS,0.010413257812596
0.9,fTS,0.0104303430513145
0.9,fTS,0.00621686698566897
0.9,fTS,0.00664110916347287
0.9,fTS,0.0129735108006065
0.9,fTS,0.0125746817605691
0.9,fTS,0.0199971953966458
0.9,fTS,0.00635161250302481
0.9,fTS,0.013432577244916
0.9,fTS,0.0105202058416556
0.9,fTS,0.00291802492133822
0.9,fTS,0.0435304513793146
0.9,fTS,0.0207057880236305
0.9,fTS,0.0170717822690335
0.9,fTS,0.0018277947457472
0.9,fTS,0.00850880912846805
0.9,fTS,0.00604599155550447
0.9,fTS,0.0125444710893029
0.9,fTS,0.00912830781911417
0.9,fTS,0.00571698693130505
0.9,fTS,0.00735246660974059
0.9,fTS,0.00265398577861755
0.9,fTS,0.0194356655345593
0.9,fTS,0.0221824205768686
0.9,fTS,0.00308309522136507
0.9,fTS,0.0446497055869294
0.9,fTS,0.000854430034518997
0.9,fTS,0.0582597325909979
0.9,fTS,0.0180139596660231
0.9,fTS,0.0128690305801009
0.9,fTS,0.00670137144216189
0.9,fTS,0.020033125240316
0.9,fTS,0.0092306494312855
0.9,fTS,0.0142958334561145
0.9,fTS,0.0111744913172174
0.9,fTS,0.00560157049080129
0.9,fTS,0.00338472462189472
0.9,fTS,0.00274433062766797
0.9,fTS,0.0100440173503604
0.9,fTS,0.0119474127371797
0.9,fTS,0.0128925469645464
0.9,fTS,0.00682462341488328
0.9,fTS,0.0179243630813721
0.9,fTS,0.00541713257625753
0.9,fTS,0.0135466113976128
0.9,fTS,0.00849795701007919
0.9,fTS,0.00769415328625535
0.9,fTS,0.015534911142657
0.9,fTS,0.0512260952309577
0.9,fTS,0.00685264810556149
0.9,fTS,0.0129279464460361
0.9,fTS,0.00531049478213275
0.9,fTS,0.0157748326334557
0.9,fTS,0.00948728705873398
0.9,fTS,0.0201537234001296
0.9,fTS,0.0419038649250407
0.9,fTS,0.0107021356691916
0.9,fTS,0.00232779837687365
0.9,fTS,0.0104472281411226
0.9,fTS,0.0116777732763703
0.9,fTS,0.0162426509107056
0.9,fTS,0.0128498285451576
0.9,fTS,0.00862275955599292
0.9,fTS,0.00693919214643433
0.9,fTS,0.0059985885808142
0.9,fTS,0.00420892631272779
0.9,fTS,0.00412518416986551
0.9,fTS,0.00673332917859108
0.9,fTS,0.0106925200458475
0.9,fTS,0.0164073481387884
0.9,fTS,0.00263203849471741
0.9,fTS,0.0118045515150296
0.9,fTS,0.0101993931837028
0.9,fTS,0.0041895989965371
0.9,fTS,0.0157391681380094
0.9,fTS,0.0461116254697949
0.9,fTS,0.103502000725618
0.9,fTS,0.010739486072906
0.9,fTS,0.00462298777885887
0.9,fTS,0.00899139889893014
0.9,fTS,0.00578304442779467
0.9,fTS,0.00857396651921744
0.9,fTS,0.0171949283074455
0.9,LS_oracle,0.0842503893508024
0.9,LS_oracle,0.0203409664488727
0.9,LS_oracle,0.0730936167726592
0.9,LS_oracle,0.0320623865189687
0.9,LS_oracle,0.0264832437927928
0.9,LS_oracle,0.117242478685236
0.9,LS_oracle,0.0136608321305423
0.9,LS_oracle,0.0548493472540244
0.9,LS_oracle,0.0326504687349337
0.9,LS_oracle,0.0353281103421127
0.9,LS_oracle,0.0106812815623869
0.9,LS_oracle,0.101599475971409
0.9,LS_oracle,0.0446222698921159
0.9,LS_oracle,0.0605871021948952
0.9,LS_oracle,0.125685991854343
0.9,LS_oracle,0.0811113797379588
0.9,LS_oracle,0.118630548808624
0.9,LS_oracle,0.0966658396828554
0.9,LS_oracle,0.0423410761488849
0.9,LS_oracle,0.00741203514939475
0.9,LS_oracle,0.0478263293177306
0.9,LS_oracle,0.0654121942009944
0.9,LS_oracle,0.0713619129538133
0.9,LS_oracle,0.041687032787231
0.9,LS_oracle,0.0274442090715014
0.9,LS_oracle,0.0427968029907423
0.9,LS_oracle,0.111170654856058
0.9,LS_oracle,0.0220358470548878
0.9,LS_oracle,0.101162188209256
0.9,LS_oracle,0.102876059825357
0.9,LS_oracle,0.0448109584653269
0.9,LS_oracle,0.036435342693724
0.9,LS_oracle,0.133553135208677
0.9,LS_oracle,0.0132839187610684
0.9,LS_oracle,0.0204099747391898
0.9,LS_oracle,0.0600418801853457
0.9,LS_oracle,0.0297529570274851
0.9,LS_oracle,0.0307790407209879
0.9,LS_oracle,0.0775024141681449
0.9,LS_oracle,0.0345821883938736
0.9,LS_oracle,0.0435976790714771
0.9,LS_oracle,0.0592904956493708
0.9,LS_oracle,0.00652820069675646
0.9,LS_oracle,0.0643236650322938
0.9,LS_oracle,0.0521519127484595
0.9,LS_oracle,0.0802823684585549
0.9,LS_oracle,0.10200174165626
0.9,LS_oracle,0.0806363289384226
0.9,LS_oracle,0.0745028260419398
0.9,LS_oracle,0.0786567089693852
0.9,LS_oracle,0.0389522756959075
0.9,LS_oracle,0.0514213427076443
0.9,LS_oracle,0.00930311050512982
0.9,LS_oracle,0.0708032702336084
0.9,LS_oracle,0.12848887443944
0.9,LS_oracle,0.0403998449076806
0.9,LS_oracle,0.0271196754548404
0.9,LS_oracle,0.0480187682979364
0.9,LS_oracle,0.00934560963437714
0.9,LS_oracle,0.0253046940659557
0.9,LS_oracle,0.14484297129452
0.9,LS_oracle,0.0221958141631974
0.9,LS_oracle,0.127565214883465
0.9,LS_oracle,0.0570653083056588
0.9,LS_oracle,0.0338503265798621
0.9,LS_oracle,0.0133555517781239
0.9,LS_oracle,0.00769176854665259
0.9,LS_oracle,0.0433144536071644
0.9,LS_oracle,0.0806523237393429
0.9,LS_oracle,0.1409083133842
0.9,LS_oracle,0.0399883653456955
0.9,LS_oracle,0.0351600719563111
0.9,LS_oracle,0.022463914109407
0.9,LS_oracle,0.0779227676320739
0.9,LS_oracle,0.0230308302433398
0.9,LS_oracle,0.0184055523195183
0.9,LS_oracle,0.0561702764300115
0.9,LS_oracle,0.0348896465682237
0.9,LS_oracle,0.0189946978453499
0.9,LS_oracle,0.0174367384868406
0.9,LS_oracle,0.13235493369305
0.9,LS_oracle,0.049997616893267
0.9,LS_oracle,0.0371762006929848
0.9,LS_oracle,0.0707033424388695
0.9,LS_oracle,0.00682185327932302
0.9,LS_oracle,0.130226504146879
0.9,LS_oracle,0.0195270843325854
0.9,LS_oracle,0.0385756652577324
0.9,LS_oracle,0.0490118686956493
0.9,LS_oracle,0.0561527384668101
0.9,LS_oracle,0.0545292434603279
0.9,LS_oracle,0.053771776775933
0.9,LS_oracle,0.0528455945753069
0.9,LS_oracle,0.188251580701708
0.9,LS_oracle,0.109448957296926
0.9,LS_oracle,0.0456022579931415
0.9,LS_oracle,0.148768871647467
0.9,LS_oracle,0.0227295325766723
0.9,LS_oracle,0.0458461145148704
0.9,LS_oracle,0.0477956100540852
0.9,LS_oracle,0.0440780589118657
0.9,LS_oracle,0.0477660344315073
0.9,LS_oracle,0.0201770640574695
0.9,LS_oracle,0.0256708249890862
0.9,LS_oracle,0.0182820203055732
0.9,LS_oracle,0.010981232400463
0.9,LS_oracle,0.079894866870574
0.9,LS_oracle,0.08932426597284
0.9,LS_oracle,0.0738572962905024
0.9,LS_oracle,0.0656464138674667
0.9,LS_oracle,0.0270486705777067
0.9,LS_oracle,0.0172567734563202
0.9,LS_oracle,0.0356343477494725
0.9,LS_oracle,0.0560673799536399
0.9,LS_oracle,0.0978337569234029
0.9,LS_oracle,0.0317651685140445
0.9,LS_oracle,0.050850867374573
0.9,LS_oracle,0.0768901702696267
0.9,LS_oracle,0.0179390737037849
0.9,LS_oracle,0.0566773828963123
0.9,LS_oracle,0.0165600731630107
0.9,LS_oracle,0.100802199732381
0.9,LS_oracle,0.0236488710198964
0.9,LS_oracle,0.0579891042410259
0.9,LS_oracle,0.0398224678753354
0.9,LS_oracle,0.0457283779306763
0.9,LS_oracle,0.0385233465096255
0.9,LS_oracle,0.0196091508891852
0.9,LS_oracle,0.0828661041266786
0.9,LS_oracle,0.0818168329566804
0.9,LS_oracle,0.0735417189630915
0.9,LS_oracle,0.0809516144299526
0.9,LS_oracle,0.0736402203555707
0.9,LS_oracle,0.0268890402184452
0.9,LS_oracle,0.0419613376727247
0.9,LS_oracle,0.055932713294987
0.9,LS_oracle,0.102590244605117
0.9,LS_oracle,0.0282883020141309
0.9,LS_oracle,0.0402036587089305
0.9,LS_oracle,0.0543215562547581
0.9,LS_oracle,0.0420232623882373
0.9,LS_oracle,0.0303910742547834
0.9,LS_oracle,0.114933658801476
0.9,LS_oracle,0.015013207799805
0.9,LS_oracle,0.0149123722016457
0.9,LS_oracle,0.112461133716258
0.9,LS_oracle,0.112630672704605
0.9,LS_oracle,0.0567753680908383
0.9,LS_oracle,0.0354239281002756
0.9,LS_oracle,0.0912564290500109
0.9,LS_oracle,0.00477545723249943
0.9,LS_oracle,0.0278459278772132
0.9,LS_oracle,0.0549866983705685
0.9,LS_oracle,0.00931911308362518
0.9,LS_oracle,0.0244301584980014
0.9,LS_oracle,0.0684810157181717
0.9,LS_oracle,0.122074331509981
0.9,LS_oracle,0.111664031621485
0.9,LS_oracle,0.0933837467879909
0.9,LS_oracle,0.0814351991886269
0.9,LS_oracle,0.0309848903110817
0.9,LS_oracle,0.0485356704475115
0.9,LS_oracle,0.119697961792405
0.9,LS_oracle,0.0521583499089304
0.9,LS_oracle,0.0770287594619339
0.9,LS_oracle,0.0377413894754841
0.9,LS_oracle,0.0458194821396365
0.9,LS_oracle,0.0277207716752482
0.9,LS_oracle,0.0219965574666158
0.9,LS_oracle,0.0311776914008625
0.9,LS_oracle,0.0291945934907761
0.9,LS_oracle,0.0123251261451067
0.9,LS_oracle,0.0346974402507642
0.9,LS_oracle,0.0652813323076238
0.9,LS_oracle,0.0464593760895141
0.9,LS_oracle,0.0300953383688751
0.9,LS_oracle,0.0808427544778062
0.9,LS_oracle,0.0517283128130309
0.9,LS_oracle,0.0320306473626893
0.9,LS_oracle,0.0523921227121513
0.9,LS_oracle,0.0718897119251348
0.9,LS_oracle,0.0876543109158391
0.9,LS_oracle,0.0256436982614781
0.9,LS_oracle,0.025664864990163
0.9,LS_oracle,0.0443682116382616
0.9,LS_oracle,0.031153341035508
0.9,LS_oracle,0.0410696788265964
0.9,LS_oracle,0.0211873996973641
0.9,LS_oracle,0.0766501174446578
0.9,LS_oracle,0.0178098079624682
0.9,LS_oracle,0.0292353660209004
0.9,LS_oracle,0.0199891609459482
0.9,LS_oracle,0.166852655575031
0.9,LS_oracle,0.0743074674611025
0.9,LS_oracle,0.0456430957099031
0.9,LS_oracle,0.0135625274656433
0.9,LS_oracle,0.0181870515559837
0.9,LS_oracle,0.0650111282833042
0.9,LS_oracle,0.0192285457025672
0.9,LS_oracle,0.0761721185658579
0.9,TS_oracle,0.0178238207312876
0.9,TS_oracle,0.00179826352461848
0.9,TS_oracle,0.00523325466074643
0.9,TS_oracle,0.00942978540614371
0.9,TS_oracle,0.00468467167478157
0.9,TS_oracle,0.0191549566671813
0.9,TS_oracle,0.00540246555176708
0.9,TS_oracle,0.00813205744414734
0.9,TS_oracle,0.01021991498587
0.9,TS_oracle,0.00909031130654054
0.9,TS_oracle,0.00514724388301959
0.9,TS_oracle,0.00527046392918011
0.9,TS_oracle,0.00883521586914527
0.9,TS_oracle,0.012405366569911
0.9,TS_oracle,0.00445361001743701
0.9,TS_oracle,0.0105498676454464
0.9,TS_oracle,0.00651541182590935
0.9,TS_oracle,0.0143685073176569
0.9,TS_oracle,0.008697591477958
0.9,TS_oracle,0.00497707054798686
0.9,TS_oracle,0.0198273035839031
0.9,TS_oracle,0.0237530844686381
0.9,TS_oracle,0.00293825062993982
0.9,TS_oracle,0.00627015049535646
0.9,TS_oracle,0.00919715088792683
0.9,TS_oracle,0.00845412013331872
0.9,TS_oracle,0.00523555137269145
0.9,TS_oracle,0.00426280370311755
0.9,TS_oracle,0.00600776750219795
0.9,TS_oracle,0.0226083988104025
0.9,TS_oracle,0.005595056743685
0.9,TS_oracle,0.00239872020571084
0.9,TS_oracle,0.00571989430081326
0.9,TS_oracle,0.0276482846723821
0.9,TS_oracle,0.0205643236302444
0.9,TS_oracle,0.0027007636343175
0.9,TS_oracle,0.00331113167338037
0.9,TS_oracle,0.0123688679217493
0.9,TS_oracle,0.00587922830416875
0.9,TS_oracle,0.00339363852409136
0.9,TS_oracle,0.00302999704069909
0.9,TS_oracle,0.023239349596515
0.9,TS_oracle,0.00874092085497151
0.9,TS_oracle,0.00666621044167317
0.9,TS_oracle,0.0149862607048391
0.9,TS_oracle,0.0221027906475744
0.9,TS_oracle,0.0112712475613679
0.9,TS_oracle,0.00830597359282499
0.9,TS_oracle,0.00986010536366078
0.9,TS_oracle,0.00513913046936071
0.9,TS_oracle,0.00567129178333293
0.9,TS_oracle,0.00455221540932279
0.9,TS_oracle,0.00341017110515045
0.9,TS_oracle,0.00734715461586239
0.9,TS_oracle,0.00541241560945292
0.9,TS_oracle,0.00594698316094836
0.9,TS_oracle,0.0169413834121371
0.9,TS_oracle,0.00399970670088419
0.9,TS_oracle,0.00924872265580875
0.9,TS_oracle,0.0182712741263146
0.9,TS_oracle,0.00848486080369706
0.9,TS_oracle,0.0187992380521615
0.9,TS_oracle,0.0122629743056491
0.9,TS_oracle,0.00954934678633823
0.9,TS_oracle,0.00373085335733477
0.9,TS_oracle,0.00305815608440815
0.9,TS_oracle,0.00984043055845753
0.9,TS_oracle,0.00806861356149245
0.9,TS_oracle,0.014562444875957
0.9,TS_oracle,0.0189706988795973
0.9,TS_oracle,0.00406445136700296
0.9,TS_oracle,0.00373541339460567
0.9,TS_oracle,0.0126137800196116
0.9,TS_oracle,0.00933071095822167
0.9,TS_oracle,0.0123098925571168
0.9,TS_oracle,0.0112084010139439
0.9,TS_oracle,0.00988754105431233
0.9,TS_oracle,0.0169019268388358
0.9,TS_oracle,0.0060199705515079
0.9,TS_oracle,0.00608063377310712
0.9,TS_oracle,0.00790760798163828
0.9,TS_oracle,0.00976136906030565
0.9,TS_oracle,0.00527046138748292
0.9,TS_oracle,0.0103239935666797
0.9,TS_oracle,0.00437962816071436
0.9,TS_oracle,0.00665292587391478
0.9,TS_oracle,0.00385558345523955
0.9,TS_oracle,0.0347310709514019
0.9,TS_oracle,0.0155534322492251
0.9,TS_oracle,0.00753008581367867
0.9,TS_oracle,0.0132117015149966
0.9,TS_oracle,0.00711558498374539
0.9,TS_oracle,0.00625690395080068
0.9,TS_oracle,0.00618324579577768
0.9,TS_oracle,0.0276092318687687
0.9,TS_oracle,0.00236243800049499
0.9,TS_oracle,0.0138922384780596
0.9,TS_oracle,0.0149463784505454
0.9,TS_oracle,0.0102372853364832
0.9,TS_oracle,0.0112383133521519
0.9,TS_oracle,0.0166004142174583
0.9,TS_oracle,0.00684224603573575
0.9,TS_oracle,0.000480358226221417
0.9,TS_oracle,0.00988874399995573
0.9,TS_oracle,0.00625561824695489
0.9,TS_oracle,0.00913661885391395
0.9,TS_oracle,0.018690934385791
0.9,TS_oracle,0.0103732713308149
0.9,TS_oracle,0.0236073860436522
0.9,TS_oracle,0.00564530516354812
0.9,TS_oracle,0.00821798972075443
0.9,TS_oracle,0.00657278609172133
0.9,TS_oracle,0.00976684144255703
0.9,TS_oracle,0.012936401398649
0.9,TS_oracle,0.0137835755629523
0.9,TS_oracle,0.0060638344628739
0.9,TS_oracle,0.0212491268012488
0.9,TS_oracle,0.00528975806541786
0.9,TS_oracle,0.00507974792522243
0.9,TS_oracle,0.00594021831145021
0.9,TS_oracle,0.00651816507712202
0.9,TS_oracle,0.00706924326272209
0.9,TS_oracle,0.0125623465859635
0.9,TS_oracle,0.0113022546220699
0.9,TS_oracle,0.00487690741161621
0.9,TS_oracle,0.0134772955906826
0.9,TS_oracle,0.00547153892044308
0.9,TS_oracle,0.00284647141030819
0.9,TS_oracle,0.0367563164592286
0.9,TS_oracle,0.0173150002373144
0.9,TS_oracle,0.0161070550448764
0.9,TS_oracle,0.0018294678600153
0.9,TS_oracle,0.00843654808297302
0.9,TS_oracle,0.00592647452140798
0.9,TS_oracle,0.0128217218929728
0.9,TS_oracle,0.00727711436726587
0.9,TS_oracle,0.00569257899531109
0.9,TS_oracle,0.00709636755967936
0.9,TS_oracle,0.00175358331441588
0.9,TS_oracle,0.0208465030721729
0.9,TS_oracle,0.0215335112620093
0.9,TS_oracle,0.00300661112986633
0.9,TS_oracle,0.0425533830037616
0.9,TS_oracle,0.000901011372589378
0.9,TS_oracle,0.0208878691938562
0.9,TS_oracle,0.0168054180139305
0.9,TS_oracle,0.0130339331912665
0.9,TS_oracle,0.00665189042728723
0.9,TS_oracle,0.0110207661389579
0.9,TS_oracle,0.00929878061050381
0.9,TS_oracle,0.0129251773198898
0.9,TS_oracle,0.00941050318414416
0.9,TS_oracle,0.00560742855248852
0.9,TS_oracle,0.00313135768253102
0.9,TS_oracle,0.0026838295621084
0.9,TS_oracle,0.00949211417225498
0.9,TS_oracle,0.0129777876489673
0.9,TS_oracle,0.0092244334223901
0.9,TS_oracle,0.00666394909758419
0.9,TS_oracle,0.0167673889959748
0.9,TS_oracle,0.00446450818360096
0.9,TS_oracle,0.00528621670143493
0.9,TS_oracle,0.00854296740403938
0.9,TS_oracle,0.00759810295030317
0.9,TS_oracle,0.015254551388233
0.9,TS_oracle,0.0104020961402179
0.9,TS_oracle,0.00582065024885897
0.9,TS_oracle,0.0129567656288205
0.9,TS_oracle,0.00282426457516475
0.9,TS_oracle,0.0050922506529903
0.9,TS_oracle,0.00745628839987096
0.9,TS_oracle,0.0126197456292539
0.9,TS_oracle,0.0130736401749317
0.9,TS_oracle,0.0101306673007363
0.9,TS_oracle,0.00231353308995277
0.9,TS_oracle,0.00800789946744784
0.9,TS_oracle,0.0116953057911414
0.9,TS_oracle,0.00735485662213102
0.9,TS_oracle,0.0129840546162712
0.9,TS_oracle,0.00755205172295865
0.9,TS_oracle,0.00704331442903191
0.9,TS_oracle,0.00548434638214499
0.9,TS_oracle,0.00418453630428365
0.9,TS_oracle,0.00414496521514395
0.9,TS_oracle,0.00593805802720295
0.9,TS_oracle,0.00895419823172583
0.9,TS_oracle,0.0162806345163571
0.9,TS_oracle,0.00259768991044026
0.9,TS_oracle,0.0115789368237795
0.9,TS_oracle,0.0100072925336444
0.9,TS_oracle,0.00409304099257633
0.9,TS_oracle,0.0122802784050218
0.9,TS_oracle,0.0423837084714684
0.9,TS_oracle,0.0283330850430702
0.9,TS_oracle,0.00755001509740913
0.9,TS_oracle,0.00433790591511534
0.9,TS_oracle,0.00853396077699384
0.9,TS_oracle,0.00572594210348348
0.9,TS_oracle,0.00640524593078851
0.9,TS_oracle,0.016713143774486
