rho,methods,PE_value
0,PLS,0.104115180815717
0,PLS,0.0200672992456545
0,PLS,0.121309940273769
0,PLS,0.083801016380125
0,PLS,0.0743665445613499
0,PLS,0.0149284124496205
0,PLS,0.0908383100704624
0,PLS,0.12401215196598
0,PLS,0.115833657005598
0,PLS,0.0810221832128577
0,PLS,0.0723899939799986
0,PLS,0.0542739863474757
0,PLS,0.0554150998865797
0,PLS,0.0920040742984816
0,PLS,0.12044243066588
0,PLS,0.0904518616406473
0,PLS,0.0490134065775405
0,PLS,0.106730397622093
0,PLS,0.0869774395831648
0,PLS,0.09022670234202
0,PLS,0.0621692171125126
0,PLS,0.131790349097578
0,PLS,0.0774044858855927
0,PLS,0.0748307291376924
0,PLS,0.0766247826250948
0,PLS,0.0362255108317664
0,PLS,0.120634545470026
0,PLS,0.0834301642763586
0,PLS,0.119751380829205
0,PLS,0.0700728131049861
0,PLS,0.0479988137245253
0,PLS,0.0560303873191976
0,PLS,0.109689478682071
0,PLS,0.0249671781424925
0,PLS,0.0659593023251037
0,PLS,0.0849916233842882
0,PLS,0.0914371028818335
0,PLS,0.070975018670455
0,PLS,0.0995007649002304
0,PLS,0.0848052636332486
0,PLS,0.0441528058204514
0,PLS,0.118184785613122
0,PLS,0.0635354616275063
0,PLS,0.106741063790936
0,PLS,0.133955863706082
0,PLS,0.174545013324507
0,PLS,0.0609064525029428
0,PLS,0.10924643628525
0,PLS,0.11178559607036
0,PLS,0.0756221629514686
0,PLS,0.0582114216187675
0,PLS,0.107408444595528
0,PLS,0.0996631000278698
0,PLS,0.10899618290063
0,PLS,0.0656604212336593
0,PLS,0.0870625001986236
0,PLS,0.0665471385240222
0,PLS,0.150636167410364
0,PLS,0.0553309324259714
0,PLS,0.135942426791066
0,PLS,0.0287879602540488
0,PLS,0.112142275126583
0,PLS,0.0432544311292449
0,PLS,0.0457459306057904
0,PLS,0.153832916718827
0,PLS,0.135018959234195
0,PLS,0.0732632517768848
0,PLS,0.0850318623318662
0,PLS,0.146912652292012
0,PLS,0.0949908238601824
0,PLS,0.0483018610630197
0,PLS,0.0961521963469543
0,PLS,0.0532725771938829
0,PLS,0.102809733534036
0,PLS,0.0607363808167043
0,PLS,0.103013874199626
0,PLS,0.0906498230671819
0,PLS,0.0522369540980681
0,PLS,0.0789598425098044
0,PLS,0.0968368400435013
0,PLS,0.112465185951194
0,PLS,0.132059588617522
0,PLS,0.134086893700473
0,PLS,0.0928407221708454
0,PLS,0.0987541168831634
0,PLS,0.0901255483467498
0,PLS,0.0852922508778757
0,PLS,0.0486797660070035
0,PLS,0.0747193428615673
0,PLS,0.0541008168754993
0,PLS,0.0832661050177548
0,PLS,0.152166248531642
0,PLS,0.111586986882567
0,PLS,0.093863040433098
0,PLS,0.185657842090144
0,PLS,0.0900294220977278
0,PLS,0.164144799978499
0,PLS,0.123870304657035
0,PLS,0.0971725421713117
0,PLS,0.0828206483653642
0,PLS,0.0587387907327017
0,PLS,0.115320235066265
0,PLS,0.0677444188608685
0,PLS,0.0777587019353621
0,PLS,0.0680791264569311
0,PLS,0.120391166000857
0,PLS,0.124107865040233
0,PLS,0.104559709960021
0,PLS,0.0655091435044159
0,PLS,0.139887365232874
0,PLS,0.134106435993514
0,PLS,0.1119246411849
0,PLS,0.165030347555947
0,PLS,0.123408365499668
0,PLS,0.0506979470610955
0,PLS,0.167055648330505
0,PLS,0.122911681399604
0,PLS,0.127435955057672
0,PLS,0.0984959924987874
0,PLS,0.100762031947903
0,PLS,0.120620945039412
0,PLS,0.104728903047183
0,PLS,0.00418948842775113
0,PLS,0.12712949063941
0,PLS,0.0377004054998937
0,PLS,0.0766064692616826
0,PLS,0.175961491177611
0,PLS,0.12364770540816
0,PLS,0.116753763673428
0,PLS,0.100850028728967
0,PLS,0.106153809775889
0,PLS,0.0218990489805866
0,PLS,0.105006073786352
0,PLS,0.0599161772081493
0,PLS,0.0632865414888752
0,PLS,0.0932082581590512
0,PLS,0.0527381295494018
0,PLS,0.0713503126061059
0,PLS,0.0700745976480397
0,PLS,0.0608924020468486
0,PLS,0.0779784611672372
0,PLS,0.111806350239996
0,PLS,0.0968740434343491
0,PLS,0.118951192283325
0,PLS,0.0623407807618543
0,PLS,0.0641477038438811
0,PLS,0.0783513888244025
0,PLS,0.0632132960343708
0,PLS,0.163453711840222
0,PLS,0.0393304457713066
0,PLS,0.0449965490816435
0,PLS,0.0616586432712443
0,PLS,0.084033395172419
0,PLS,0.0899438297366617
0,PLS,0.110013343048227
0,PLS,0.059078540209724
0,PLS,0.0799954330224844
0,PLS,0.0971006360634774
0,PLS,0.107813437945168
0,PLS,0.0545429334433523
0,PLS,0.0546469514872399
0,PLS,0.103292227481805
0,PLS,0.0660713905269328
0,PLS,0.151515154571873
0,PLS,0.0778365054811605
0,PLS,0.127322520244619
0,PLS,0.083034877315717
0,PLS,0.078918685105547
0,PLS,0.0625812095752263
0,PLS,0.114977257403448
0,PLS,0.0855218499664021
0,PLS,0.148527209434775
0,PLS,0.0865034570713437
0,PLS,0.0461640792497697
0,PLS,0.0873988137119079
0,PLS,0.104510348924053
0,PLS,0.0727872902737001
0,PLS,0.0282283720152086
0,PLS,0.059132689628357
0,PLS,0.0514686744742874
0,PLS,0.125315858367059
0,PLS,0.0643791146685506
0,PLS,0.144142865855642
0,PLS,0.0847243281629404
0,PLS,0.0733433640091539
0,PLS,0.0932434713185455
0,PLS,0.0134960671383466
0,PLS,0.0499344470553456
0,PLS,0.0890666114611378
0,PLS,0.136285088338725
0,PLS,0.0945986774284462
0,PLS,0.0914917577201599
0,PLS,0.0472447799504776
0,PLS,0.141864117720668
0,PLS,0.131308892163837
0,PLS,0.035830610194949
0,PLS,0.0897275473492991
0,PLS,0.0957503717455881
0,PLS,0.104718292110642
0,PLS,0.079743573496698
0,fTS,0.104242574963298
0,fTS,0.0198448312990647
0,fTS,0.121309940273769
0,fTS,0.0835871111876068
0,fTS,0.0742571407202768
0,fTS,0.0149284124496205
0,fTS,0.0907745822733663
0,fTS,0.123985272617783
0,fTS,0.118564526853318
0,fTS,0.0810221832128575
0,fTS,0.0712490718447878
0,fTS,0.053857930182132
0,fTS,0.0552105169018651
0,fTS,0.0917039505166961
0,fTS,0.120516796234795
0,fTS,0.0904315614875264
0,fTS,0.0490134065775405
0,fTS,0.106925898758789
0,fTS,0.0870458820523785
0,fTS,0.0898927806528327
0,fTS,0.0622172866807651
0,fTS,0.132832254459443
0,fTS,0.0773610710248613
0,fTS,0.0759736466805572
0,fTS,0.076932943735512
0,fTS,0.0360975267414847
0,fTS,0.120668328873135
0,fTS,0.0841453874176772
0,fTS,0.119777011095534
0,fTS,0.0703241308986398
0,fTS,0.048600835856649
0,fTS,0.0584842058395176
0,fTS,0.109509177236407
0,fTS,0.0249681170758727
0,fTS,0.0659468022843352
0,fTS,0.085060371957475
0,fTS,0.090905902592443
0,fTS,0.0710610234493867
0,fTS,0.0984068494130328
0,fTS,0.0848052636332486
0,fTS,0.0441876671937838
0,fTS,0.11820570247059
0,fTS,0.0635354616275063
0,fTS,0.106741063790936
0,fTS,0.133955863706082
0,fTS,0.174616664509947
0,fTS,0.0607947619616682
0,fTS,0.108972505489204
0,fTS,0.11178559607036
0,fTS,0.0756202450028272
0,fTS,0.0589994168990606
0,fTS,0.107407629515603
0,fTS,0.0977799254918006
0,fTS,0.107258276817631
0,fTS,0.0658997658725942
0,fTS,0.087061492012954
0,fTS,0.0665471385240222
0,fTS,0.150970526739624
0,fTS,0.0560421592157883
0,fTS,0.135942426791066
0,fTS,0.0287499340070236
0,fTS,0.112052403914238
0,fTS,0.0432555706522941
0,fTS,0.0457459306057904
0,fTS,0.153833767008037
0,fTS,0.134687150964939
0,fTS,0.0736574788164366
0,fTS,0.0850357874587349
0,fTS,0.146788622907475
0,fTS,0.0955920653349658
0,fTS,0.048334968674423
0,fTS,0.0961009347640189
0,fTS,0.0532826032064675
0,fTS,0.102788996906845
0,fTS,0.0608350865908158
0,fTS,0.103013874199626
0,fTS,0.0906989712885939
0,fTS,0.052207399085874
0,fTS,0.0803057368420765
0,fTS,0.0968368400435013
0,fTS,0.112392589745419
0,fTS,0.132059550057731
0,fTS,0.134079740976526
0,fTS,0.0928407221708454
0,fTS,0.0990196660886309
0,fTS,0.0871632306373398
0,fTS,0.0854127905549096
0,fTS,0.0486797660070035
0,fTS,0.0747193436383358
0,fTS,0.0539798508015754
0,fTS,0.0832661050177548
0,fTS,0.152166248531642
0,fTS,0.109740890263127
0,fTS,0.093863040433098
0,fTS,0.185667350255601
0,fTS,0.0898773486287059
0,fTS,0.164144799978499
0,fTS,0.123885733385854
0,fTS,0.0969945014604672
0,fTS,0.0835002195237455
0,fTS,0.0587387907327017
0,fTS,0.115361364050374
0,fTS,0.0689022075211365
0,fTS,0.0777587019353621
0,fTS,0.068095425419296
0,fTS,0.120454379115553
0,fTS,0.123941897317309
0,fTS,0.104559709960021
0,fTS,0.0657382387856242
0,fTS,0.139887365232874
0,fTS,0.13408468657463
0,fTS,0.111879972204931
0,fTS,0.165030347555947
0,fTS,0.123185004195949
0,fTS,0.0506939663638692
0,fTS,0.167050925474773
0,fTS,0.122901149271079
0,fTS,0.127208777423267
0,fTS,0.0985953784665958
0,fTS,0.101010929915744
0,fTS,0.120766263157058
0,fTS,0.104465196137074
0,fTS,0.00418534526919534
0,fTS,0.12712949063941
0,fTS,0.0376791844182616
0,fTS,0.0765606796051814
0,fTS,0.17642267395735
0,fTS,0.12364770540816
0,fTS,0.116714234078076
0,fTS,0.101054136735978
0,fTS,0.106131257874521
0,fTS,0.0218990489805866
0,fTS,0.102549703271677
0,fTS,0.0599208519002568
0,fTS,0.062983601869204
0,fTS,0.0932561965173966
0,fTS,0.0527357491773983
0,fTS,0.0715442654197609
0,fTS,0.0712141411851166
0,fTS,0.0607990431059948
0,fTS,0.0784450009223077
0,fTS,0.111839123377705
0,fTS,0.0944315296399167
0,fTS,0.1189773293169
0,fTS,0.0623546432646644
0,fTS,0.0641477038438811
0,fTS,0.0783513888244025
0,fTS,0.0632203998851892
0,fTS,0.16426928991297
0,fTS,0.0398287210135433
0,fTS,0.0448880371699012
0,fTS,0.0618193749135907
0,fTS,0.0840445021077876
0,fTS,0.0899453904215166
0,fTS,0.109921388301123
0,fTS,0.0584894350910594
0,fTS,0.080402497882391
0,fTS,0.0966922063299704
0,fTS,0.107813437945168
0,fTS,0.0542578017876496
0,fTS,0.0546459309390472
0,fTS,0.107489353905546
0,fTS,0.0644386639766137
0,fTS,0.152307003752257
0,fTS,0.0778365054811605
0,fTS,0.127456526556252
0,fTS,0.0837788517750029
0,fTS,0.07891849418172
0,fTS,0.0627380970229965
0,fTS,0.114977257403448
0,fTS,0.0842200236712032
0,fTS,0.148573682955757
0,fTS,0.0864194792599846
0,fTS,0.0461640792497697
0,fTS,0.0874170987577423
0,fTS,0.104510348924053
0,fTS,0.0727044094063483
0,fTS,0.0282283720152086
0,fTS,0.0592927250938207
0,fTS,0.0514606776243016
0,fTS,0.125643549275525
0,fTS,0.0643791146685506
0,fTS,0.144222709079202
0,fTS,0.0849231334250529
0,fTS,0.0736459859545306
0,fTS,0.0932434713185455
0,fTS,0.0131621504741399
0,fTS,0.0496466342224211
0,fTS,0.0890666114611378
0,fTS,0.136255143574656
0,fTS,0.0944945598704277
0,fTS,0.0919655887256732
0,fTS,0.0473610972898495
0,fTS,0.141864117720668
0,fTS,0.130767557630842
0,fTS,0.035830610194949
0,fTS,0.0897422843947968
0,fTS,0.0938432930807249
0,fTS,0.104718292110642
0,fTS,0.079839465846181
0,LS_oracle,0.101709557810841
0,LS_oracle,0.0169499985509993
0,LS_oracle,0.121208551940765
0,LS_oracle,0.0835069647132591
0,LS_oracle,0.0739213401032894
0,LS_oracle,0.0132800854034489
0,LS_oracle,0.086586281833777
0,LS_oracle,0.124132405239598
0,LS_oracle,0.109235233765166
0,LS_oracle,0.077340897961262
0,LS_oracle,0.0771544970431273
0,LS_oracle,0.0541838371085406
0,LS_oracle,0.0549637042747453
0,LS_oracle,0.0922782634025892
0,LS_oracle,0.126543463749147
0,LS_oracle,0.0926193452192168
0,LS_oracle,0.0491523614784504
0,LS_oracle,0.10855301833029
0,LS_oracle,0.0877643084884145
0,LS_oracle,0.0905288244281475
0,LS_oracle,0.0631546165262822
0,LS_oracle,0.128657997268799
0,LS_oracle,0.0800741883411558
0,LS_oracle,0.0745536296217317
0,LS_oracle,0.0775913930903867
0,LS_oracle,0.0378651480059493
0,LS_oracle,0.120551397663226
0,LS_oracle,0.084437008999428
0,LS_oracle,0.117664616414716
0,LS_oracle,0.0705774918445272
0,LS_oracle,0.0483190081396263
0,LS_oracle,0.059167804700043
0,LS_oracle,0.110074611983279
0,LS_oracle,0.0239371843855725
0,LS_oracle,0.063395983565026
0,LS_oracle,0.0765612547902286
0,LS_oracle,0.0904898423166274
0,LS_oracle,0.0807058109494339
0,LS_oracle,0.100457000270571
0,LS_oracle,0.0812371163106667
0,LS_oracle,0.0420149614398797
0,LS_oracle,0.116715748776011
0,LS_oracle,0.0633326263274419
0,LS_oracle,0.10313050596278
0,LS_oracle,0.12489653421652
0,LS_oracle,0.171349990548456
0,LS_oracle,0.0619519169580292
0,LS_oracle,0.101445887933054
0,LS_oracle,0.1113965607913
0,LS_oracle,0.0755930319136637
0,LS_oracle,0.0586078913583412
0,LS_oracle,0.106381641427463
0,LS_oracle,0.101172019847418
0,LS_oracle,0.102802579274524
0,LS_oracle,0.0631061246674447
0,LS_oracle,0.0893461616249733
0,LS_oracle,0.0619124013711847
0,LS_oracle,0.152228030420677
0,LS_oracle,0.0556960317455684
0,LS_oracle,0.135975563001962
0,LS_oracle,0.0269530072565631
0,LS_oracle,0.115354573369907
0,LS_oracle,0.0395599469331884
0,LS_oracle,0.0447947412222354
0,LS_oracle,0.153437524224593
0,LS_oracle,0.136067525879338
0,LS_oracle,0.0529226283284983
0,LS_oracle,0.0853168980077974
0,LS_oracle,0.14704502893688
0,LS_oracle,0.0896039510939861
0,LS_oracle,0.0482743314169691
0,LS_oracle,0.0956142436143859
0,LS_oracle,0.0530639831755744
0,LS_oracle,0.101446055417021
0,LS_oracle,0.0601828812636742
0,LS_oracle,0.103176410200277
0,LS_oracle,0.0898630078095584
0,LS_oracle,0.0547311845436498
0,LS_oracle,0.0807005771973779
0,LS_oracle,0.0961790221392214
0,LS_oracle,0.112489955248859
0,LS_oracle,0.136793468538601
0,LS_oracle,0.131243877083466
0,LS_oracle,0.0910105685399427
0,LS_oracle,0.091093935071179
0,LS_oracle,0.086806119031855
0,LS_oracle,0.0873139999338783
0,LS_oracle,0.0508666535905364
0,LS_oracle,0.0747073278920092
0,LS_oracle,0.0527414135977107
0,LS_oracle,0.0848305010396948
0,LS_oracle,0.144765759875354
0,LS_oracle,0.109839387939959
0,LS_oracle,0.0936137227413325
0,LS_oracle,0.181872709539472
0,LS_oracle,0.0912456963860691
0,LS_oracle,0.164196279515582
0,LS_oracle,0.123881972847035
0,LS_oracle,0.0980349342643638
0,LS_oracle,0.0785157970674024
0,LS_oracle,0.059030154316039
0,LS_oracle,0.117776901853952
0,LS_oracle,0.0678166650785372
0,LS_oracle,0.0767713379737407
0,LS_oracle,0.0683658407767143
0,LS_oracle,0.117977709383051
0,LS_oracle,0.125433657764241
0,LS_oracle,0.101890858031174
0,LS_oracle,0.0627842426910024
0,LS_oracle,0.13670710413245
0,LS_oracle,0.134033982983214
0,LS_oracle,0.112053827548667
0,LS_oracle,0.156199880056354
0,LS_oracle,0.123620433509251
0,LS_oracle,0.0537300378305656
0,LS_oracle,0.166320470434345
0,LS_oracle,0.122322976456325
0,LS_oracle,0.127055989557739
0,LS_oracle,0.0980264629210768
0,LS_oracle,0.102995852461354
0,LS_oracle,0.12322127722753
0,LS_oracle,0.0974331036213871
0,LS_oracle,-0.00807194069275119
0,LS_oracle,0.127258459373285
0,LS_oracle,0.0342267415864128
0,LS_oracle,0.0802093673401851
0,LS_oracle,0.169990381588054
0,LS_oracle,0.12244338838877
0,LS_oracle,0.113924277217952
0,LS_oracle,0.0981468948177275
0,LS_oracle,0.104221767311566
0,LS_oracle,0.0196635644090448
0,LS_oracle,0.102272241346391
0,LS_oracle,0.0594355724958344
0,LS_oracle,0.0631348448869364
0,LS_oracle,0.0912933283780581
0,LS_oracle,0.0526381328310197
0,LS_oracle,0.128251944419609
0,LS_oracle,0.0707332096319668
0,LS_oracle,0.0605841344143698
0,LS_oracle,0.0777908136202503
0,LS_oracle,0.106688518165077
0,LS_oracle,0.104292339384977
0,LS_oracle,0.11147869946192
0,LS_oracle,0.0576886567363526
0,LS_oracle,0.0621699243672773
0,LS_oracle,0.0794371134513601
0,LS_oracle,0.0631954240732933
0,LS_oracle,0.160030831426909
0,LS_oracle,0.0337336688499352
0,LS_oracle,0.0537419034492359
0,LS_oracle,0.0611816294034586
0,LS_oracle,0.0822231143609065
0,LS_oracle,0.0887394837183753
0,LS_oracle,0.106916337913155
0,LS_oracle,0.0512218577633716
0,LS_oracle,0.0801153972920612
0,LS_oracle,0.0985521784465275
0,LS_oracle,0.107725319572169
0,LS_oracle,0.0548062640829652
0,LS_oracle,0.0552479494581111
0,LS_oracle,0.103941382824802
0,LS_oracle,0.0663170620254734
0,LS_oracle,0.151450362852394
0,LS_oracle,0.0780127812964064
0,LS_oracle,0.130837179989502
0,LS_oracle,0.0766853304401607
0,LS_oracle,0.0792065919512099
0,LS_oracle,0.0621419320161485
0,LS_oracle,0.114318985048691
0,LS_oracle,0.0863121822154231
0,LS_oracle,0.148639495260283
0,LS_oracle,0.0684292311477586
0,LS_oracle,0.0447696956776411
0,LS_oracle,0.0877334946173376
0,LS_oracle,0.102921137447719
0,LS_oracle,0.071431815049446
0,LS_oracle,0.0258895780146033
0,LS_oracle,0.0567780184824205
0,LS_oracle,0.0524556630353823
0,LS_oracle,0.124709437397055
0,LS_oracle,0.0635025095393171
0,LS_oracle,0.14045770747818
0,LS_oracle,0.0855352563148073
0,LS_oracle,0.0712528789249205
0,LS_oracle,0.089939828680349
0,LS_oracle,0.0202195243110765
0,LS_oracle,0.0453690274430696
0,LS_oracle,0.0863515122753933
0,LS_oracle,0.135637193167957
0,LS_oracle,0.0932381683239174
0,LS_oracle,0.093470359212416
0,LS_oracle,0.0497661658207282
0,LS_oracle,0.136488904042839
0,LS_oracle,0.132272649405712
0,LS_oracle,0.0373074673599967
0,LS_oracle,0.0910358148236097
0,LS_oracle,0.0948951281054013
0,LS_oracle,0.108162809295784
0,LS_oracle,0.0799442193518736
0,TS_oracle,0.101665262665761
0,TS_oracle,0.0166709636107565
0,TS_oracle,0.121208551940765
0,TS_oracle,0.0832848830006312
0,TS_oracle,0.073827925022901
0,TS_oracle,0.0132800854034489
0,TS_oracle,0.0865830457824386
0,TS_oracle,0.124110340777692
0,TS_oracle,0.110045903698989
0,TS_oracle,0.077340897961262
0,TS_oracle,0.0748111057423126
0,TS_oracle,0.0537761675141901
0,TS_oracle,0.0547316127981572
0,TS_oracle,0.0919701851880503
0,TS_oracle,0.126317288613934
0,TS_oracle,0.092613635997211
0,TS_oracle,0.0491523614784504
0,TS_oracle,0.108832757260633
0,TS_oracle,0.0878272214197708
0,TS_oracle,0.0902973281492487
0,TS_oracle,0.063208502610014
0,TS_oracle,0.129385274584302
0,TS_oracle,0.0800695277718533
0,TS_oracle,0.0756526942763271
0,TS_oracle,0.0775802536538239
0,TS_oracle,0.0377507978092759
0,TS_oracle,0.120591558152459
0,TS_oracle,0.0846734736073309
0,TS_oracle,0.117676409035082
0,TS_oracle,0.0704953479055219
0,TS_oracle,0.048904840466756
0,TS_oracle,0.0591400986973529
0,TS_oracle,0.110039091271007
0,TS_oracle,0.0239380276204333
0,TS_oracle,0.0633775725978203
0,TS_oracle,0.0765769759317529
0,TS_oracle,0.0906912400912865
0,TS_oracle,0.0804252109711792
0,TS_oracle,0.0993647446990151
0,TS_oracle,0.0812371163106667
0,TS_oracle,0.0420108872796847
0,TS_oracle,0.116904735263361
0,TS_oracle,0.0633326263274421
0,TS_oracle,0.10313050596278
0,TS_oracle,0.12489653421652
0,TS_oracle,0.171462131285929
0,TS_oracle,0.061741247639018
0,TS_oracle,0.101275726150276
0,TS_oracle,0.111462372974378
0,TS_oracle,0.0755909444641183
0,TS_oracle,0.05997421698356
0,TS_oracle,0.106224113332996
0,TS_oracle,0.100257357686709
0,TS_oracle,0.102491793726241
0,TS_oracle,0.0638752944921153
0,TS_oracle,0.0893428500307001
0,TS_oracle,0.0619124013711847
0,TS_oracle,0.152428940210735
0,TS_oracle,0.0561888653993428
0,TS_oracle,0.135975563001962
0,TS_oracle,0.0269282849048511
0,TS_oracle,0.115238310383724
0,TS_oracle,0.039542300112587
0,TS_oracle,0.0447947412222354
0,TS_oracle,0.153437524224593
0,TS_oracle,0.135645965364776
0,TS_oracle,0.0520572484498438
0,TS_oracle,0.0853206583475072
0,TS_oracle,0.146967350266342
0,TS_oracle,0.0901363445521295
0,TS_oracle,0.0483053280505465
0,TS_oracle,0.0955502835774709
0,TS_oracle,0.0530724079202758
0,TS_oracle,0.101441819837264
0,TS_oracle,0.060232638643041
0,TS_oracle,0.103176410200277
0,TS_oracle,0.0899084549066906
0,TS_oracle,0.0549898055033153
0,TS_oracle,0.0810079031425162
0,TS_oracle,0.0961560191760236
0,TS_oracle,0.11241383125297
0,TS_oracle,0.13693903199944
0,TS_oracle,0.131237396188145
0,TS_oracle,0.0915946543582171
0,TS_oracle,0.0911092113705101
0,TS_oracle,0.0855900925946804
0,TS_oracle,0.08746143463861
0,TS_oracle,0.0508666535905364
0,TS_oracle,0.0747073278920092
0,TS_oracle,0.0524544565254903
0,TS_oracle,0.0846319720949242
0,TS_oracle,0.144765759875354
0,TS_oracle,0.110031065409635
0,TS_oracle,0.0936137227413325
0,TS_oracle,0.181878468133404
0,TS_oracle,0.0910821208709731
0,TS_oracle,0.164196279515582
0,TS_oracle,0.123915066161884
0,TS_oracle,0.0978583704518237
0,TS_oracle,0.0787463715348788
0,TS_oracle,0.059030154316039
0,TS_oracle,0.117812254362483
0,TS_oracle,0.0678293050460206
0,TS_oracle,0.0767713379737407
0,TS_oracle,0.0683779074499273
0,TS_oracle,0.118041362873534
0,TS_oracle,0.125276292345748
0,TS_oracle,0.10187338093707
0,TS_oracle,0.0628367934074967
0,TS_oracle,0.13670710413245
0,TS_oracle,0.134028851804738
0,TS_oracle,0.112009756382503
0,TS_oracle,0.155770433791789
0,TS_oracle,0.123502486421667
0,TS_oracle,0.0537668723343099
0,TS_oracle,0.166319297188534
0,TS_oracle,0.122311048907342
0,TS_oracle,0.126941651714656
0,TS_oracle,0.0980244224142026
0,TS_oracle,0.103316029115405
0,TS_oracle,0.123313890077991
0,TS_oracle,0.0971056424412498
0,TS_oracle,-0.00807894208214988
0,TS_oracle,0.127262592600884
0,TS_oracle,0.0342236306207437
0,TS_oracle,0.0802036380818483
0,TS_oracle,0.170407495547507
0,TS_oracle,0.12244338838877
0,TS_oracle,0.114363409663985
0,TS_oracle,0.0980692213450809
0,TS_oracle,0.104180810098415
0,TS_oracle,0.0196635644090448
0,TS_oracle,0.102908822497273
0,TS_oracle,0.0594305876849015
0,TS_oracle,0.0628437952624563
0,TS_oracle,0.0913065186915114
0,TS_oracle,0.0526302976238753
0,TS_oracle,0.128103619223072
0,TS_oracle,0.0718998224128575
0,TS_oracle,0.0604945860492478
0,TS_oracle,0.0781143913632747
0,TS_oracle,0.106656014091753
0,TS_oracle,0.101353593766758
0,TS_oracle,0.11156527552455
0,TS_oracle,0.0576975647289957
0,TS_oracle,0.0621699243672773
0,TS_oracle,0.0794371134513601
0,TS_oracle,0.0631954240732933
0,TS_oracle,0.160051941477873
0,TS_oracle,0.0342774671248265
0,TS_oracle,0.0540578204923414
0,TS_oracle,0.0611861591207359
0,TS_oracle,0.0820774775113793
0,TS_oracle,0.088400769129986
0,TS_oracle,0.106800924913113
0,TS_oracle,0.0509490281348706
0,TS_oracle,0.0799814655996254
0,TS_oracle,0.0983508374937245
0,TS_oracle,0.106968402384814
0,TS_oracle,0.0540189730474214
0,TS_oracle,0.055247973388491
0,TS_oracle,0.104346190664513
0,TS_oracle,0.0657562111787489
0,TS_oracle,0.152119950395474
0,TS_oracle,0.0780127812964064
0,TS_oracle,0.130900610372741
0,TS_oracle,0.0758253576212251
0,TS_oracle,0.0792074892627332
0,TS_oracle,0.0629695249361437
0,TS_oracle,0.114318985048691
0,TS_oracle,0.0855931862884955
0,TS_oracle,0.148740328557495
0,TS_oracle,0.0678802888069838
0,TS_oracle,0.0447696956776411
0,TS_oracle,0.0877877087276111
0,TS_oracle,0.103297870097643
0,TS_oracle,0.0713836571719575
0,TS_oracle,0.0258895780146033
0,TS_oracle,0.0566675295689463
0,TS_oracle,0.0524433955409243
0,TS_oracle,0.125060204010579
0,TS_oracle,0.0635025095393171
0,TS_oracle,0.140782489302579
0,TS_oracle,0.0855352563148073
0,TS_oracle,0.0712600705416964
0,TS_oracle,0.0899980833280418
0,TS_oracle,0.0199135343179311
0,TS_oracle,0.0454053506131404
0,TS_oracle,0.0863515122753933
0,TS_oracle,0.135637193167957
0,TS_oracle,0.0931914433857388
0,TS_oracle,0.0934178014146085
0,TS_oracle,0.0501448849738702
0,TS_oracle,0.136488904042839
0,TS_oracle,0.131712506419734
0,TS_oracle,0.0373074673599967
0,TS_oracle,0.0910386042955993
0,TS_oracle,0.0940998164668183
0,TS_oracle,0.108162809295784
0,TS_oracle,0.0800556035872482
0.1,PLS,0.0989773099012317
0.1,PLS,0.108556815283468
0.1,PLS,0.0679864452953458
0.1,PLS,0.123123071756306
0.1,PLS,0.117505633523826
0.1,PLS,0.149254854475497
0.1,PLS,0.144329483055157
0.1,PLS,0.067613355558376
0.1,PLS,0.0595653938777836
0.1,PLS,0.0602564042131799
0.1,PLS,0.0293193511005274
0.1,PLS,0.11921680465547
0.1,PLS,0.0658890118714619
0.1,PLS,0.0976612411572215
0.1,PLS,0.0810019119461516
0.1,PLS,0.132647412121458
0.1,PLS,0.0693075926218645
0.1,PLS,0.0926781359129165
0.1,PLS,0.0936014304370112
0.1,PLS,0.12490832541892
0.1,PLS,0.085114630448154
0.1,PLS,0.119905145947092
0.1,PLS,0.125640646106585
0.1,PLS,0.0871736732242701
0.1,PLS,0.0664508652982527
0.1,PLS,0.0979358205555736
0.1,PLS,0.0573287563774192
0.1,PLS,0.108420462353519
0.1,PLS,0.0787126467222965
0.1,PLS,0.0289448343022967
0.1,PLS,0.100576673689409
0.1,PLS,0.118145627296793
0.1,PLS,0.0611609579268069
0.1,PLS,0.0748314604819611
0.1,PLS,0.123035380601282
0.1,PLS,0.137080591703271
0.1,PLS,0.125634506790587
0.1,PLS,0.080011834956196
0.1,PLS,0.124713460543429
0.1,PLS,0.0951702315792289
0.1,PLS,0.101397061219411
0.1,PLS,0.117034320569582
0.1,PLS,0.118663798056067
0.1,PLS,0.101354154716977
0.1,PLS,0.158377450334482
0.1,PLS,0.106904300935319
0.1,PLS,0.128539748064109
0.1,PLS,0.0957299581794979
0.1,PLS,0.0899776118762257
0.1,PLS,0.0696012528935805
0.1,PLS,0.0781924115697143
0.1,PLS,0.108537493936274
0.1,PLS,0.0518934204249597
0.1,PLS,0.0817699525376374
0.1,PLS,0.148895877699325
0.1,PLS,0.0735183795323142
0.1,PLS,0.117043094333928
0.1,PLS,0.0649402045442107
0.1,PLS,0.0981620299262111
0.1,PLS,0.0211864276623068
0.1,PLS,0.0848768971798837
0.1,PLS,0.0782501151655282
0.1,PLS,0.081796588371118
0.1,PLS,0.122718144347425
0.1,PLS,0.176672784930067
0.1,PLS,0.0665153608144042
0.1,PLS,0.0948783473962866
0.1,PLS,0.0691909267531619
0.1,PLS,0.0834005637139335
0.1,PLS,0.0832527624470571
0.1,PLS,0.0563685725756784
0.1,PLS,0.13177228290408
0.1,PLS,0.0389491362567138
0.1,PLS,0.118664141043313
0.1,PLS,0.0455027729239585
0.1,PLS,0.0733538076842104
0.1,PLS,0.0977100465125129
0.1,PLS,0.128008612470184
0.1,PLS,0.0698911081240059
0.1,PLS,0.0463112298276915
0.1,PLS,0.0808673565412825
0.1,PLS,0.143420451934733
0.1,PLS,0.178488871807366
0.1,PLS,0.0428984162095463
0.1,PLS,0.0575140513122359
0.1,PLS,0.0316056313800803
0.1,PLS,0.0926126565781298
0.1,PLS,0.0462031950004729
0.1,PLS,0.0366837145609853
0.1,PLS,0.055913104313503
0.1,PLS,0.120819045054106
0.1,PLS,0.13170243181254
0.1,PLS,0.0423273773688224
0.1,PLS,0.0631436169066677
0.1,PLS,0.0500639722159468
0.1,PLS,0.0753863116232927
0.1,PLS,0.0542701570943183
0.1,PLS,0.0991550233541294
0.1,PLS,0.0932974093610872
0.1,PLS,0.122326988266857
0.1,PLS,0.119553693443775
0.1,PLS,0.0150507921459617
0.1,PLS,0.0519270222895654
0.1,PLS,0.0740660446197536
0.1,PLS,0.049765324020925
0.1,PLS,0.103024473802003
0.1,PLS,0.112817795639286
0.1,PLS,0.10070878919123
0.1,PLS,0.0865151026960722
0.1,PLS,0.0524789918819939
0.1,PLS,0.0914496815468757
0.1,PLS,0.117326669318981
0.1,PLS,0.135963424193114
0.1,PLS,0.0676594909038468
0.1,PLS,0.0368235265067931
0.1,PLS,0.117775384195943
0.1,PLS,0.126782181541246
0.1,PLS,0.0816249980017636
0.1,PLS,0.0330875523265342
0.1,PLS,0.123734242950218
0.1,PLS,0.0572385888134166
0.1,PLS,0.100047005454944
0.1,PLS,0.0719352288823445
0.1,PLS,0.0802930208918402
0.1,PLS,0.133852129608345
0.1,PLS,0.0919718514788694
0.1,PLS,0.174876768542996
0.1,PLS,0.0817166471515436
0.1,PLS,0.126437745244131
0.1,PLS,0.067934873946403
0.1,PLS,0.0680227854621902
0.1,PLS,0.113886701403989
0.1,PLS,0.0580714267371734
0.1,PLS,0.113343491296985
0.1,PLS,0.119749956114825
0.1,PLS,0.053599390835809
0.1,PLS,0.157720956632384
0.1,PLS,0.0466946390220939
0.1,PLS,0.103437765007316
0.1,PLS,0.0893853359004437
0.1,PLS,0.12392771111118
0.1,PLS,0.102814368671822
0.1,PLS,0.0899004303259245
0.1,PLS,0.0992059797883085
0.1,PLS,0.0541039097750839
0.1,PLS,0.112892709116323
0.1,PLS,0.124733302200026
0.1,PLS,0.070673105118551
0.1,PLS,0.036505141846235
0.1,PLS,0.0333853211333861
0.1,PLS,0.10100359456394
0.1,PLS,0.169759579763603
0.1,PLS,0.0761359037443257
0.1,PLS,0.089987546706866
0.1,PLS,0.108919107606438
0.1,PLS,0.0550247929632559
0.1,PLS,0.153237027023248
0.1,PLS,0.0688648171191106
0.1,PLS,0.124362020620845
0.1,PLS,0.0641676849778663
0.1,PLS,0.0562624437701058
0.1,PLS,0.0701756988466156
0.1,PLS,0.0754574671606096
0.1,PLS,0.121663857763931
0.1,PLS,0.101182823541118
0.1,PLS,0.107713689532829
0.1,PLS,0.0949687234040251
0.1,PLS,0.0794303326624677
0.1,PLS,0.0868903804276959
0.1,PLS,0.0728170331062585
0.1,PLS,0.103943144643024
0.1,PLS,0.0393502213167156
0.1,PLS,0.035329404928401
0.1,PLS,0.0665358157131364
0.1,PLS,0.0772474595217734
0.1,PLS,0.0823420038955782
0.1,PLS,0.0368401689548552
0.1,PLS,0.0849905290591826
0.1,PLS,0.0761636256946085
0.1,PLS,0.122794575133512
0.1,PLS,0.0830418861615412
0.1,PLS,0.0841344766215184
0.1,PLS,0.0319613413407913
0.1,PLS,0.0859575852372962
0.1,PLS,0.0680164502179712
0.1,PLS,0.114279980672834
0.1,PLS,0.158084895560387
0.1,PLS,0.14168992402344
0.1,PLS,0.101779691151041
0.1,PLS,0.100275752687726
0.1,PLS,0.156155787270895
0.1,PLS,0.0688209983830432
0.1,PLS,0.0632067408316337
0.1,PLS,0.128455453917858
0.1,PLS,0.0934018629187396
0.1,PLS,0.0725602918544725
0.1,PLS,0.0765509784902074
0.1,PLS,0.0535430277471376
0.1,PLS,0.112867183659299
0.1,PLS,0.066507738075152
0.1,fTS,0.0985417373071524
0.1,fTS,0.108271880931611
0.1,fTS,0.0679864452953458
0.1,fTS,0.122891367601036
0.1,fTS,0.117505633523826
0.1,fTS,0.149137487426022
0.1,fTS,0.141855681468237
0.1,fTS,0.07015299710732
0.1,fTS,0.0605189917952442
0.1,fTS,0.0602564042131799
0.1,fTS,0.0293193511005274
0.1,fTS,0.117558451024316
0.1,fTS,0.0658890118714619
0.1,fTS,0.0955827106426876
0.1,fTS,0.0810019119461516
0.1,fTS,0.131757268909715
0.1,fTS,0.0702979306507612
0.1,fTS,0.0928153756330965
0.1,fTS,0.0936014304370112
0.1,fTS,0.123725794828736
0.1,fTS,0.0844410253542252
0.1,fTS,0.119311831406546
0.1,fTS,0.125684066687836
0.1,fTS,0.0880878204463367
0.1,fTS,0.0678332653466873
0.1,fTS,0.0976938471276538
0.1,fTS,0.0573287563774192
0.1,fTS,0.106703231069755
0.1,fTS,0.0746119369882718
0.1,fTS,0.0247969825742116
0.1,fTS,0.103066269445099
0.1,fTS,0.118599807873508
0.1,fTS,0.0591877714861357
0.1,fTS,0.0748208121148763
0.1,fTS,0.123035380601282
0.1,fTS,0.138484889675975
0.1,fTS,0.125567622501006
0.1,fTS,0.080011834956196
0.1,fTS,0.126669795690924
0.1,fTS,0.0927093065365008
0.1,fTS,0.101397061219411
0.1,fTS,0.117034320569582
0.1,fTS,0.116835622540489
0.1,fTS,0.101354154716977
0.1,fTS,0.138508161494322
0.1,fTS,0.106904300935319
0.1,fTS,0.128574981526277
0.1,fTS,0.094776243111254
0.1,fTS,0.094163161153056
0.1,fTS,0.070994447911999
0.1,fTS,0.0781924115697143
0.1,fTS,0.108665695328929
0.1,fTS,0.0518934204249597
0.1,fTS,0.0817699525376374
0.1,fTS,0.145046752469842
0.1,fTS,0.0735276664829563
0.1,fTS,0.115179629240409
0.1,fTS,0.0649402045442107
0.1,fTS,0.0960483557744527
0.1,fTS,0.0211864276623068
0.1,fTS,0.0843903722031287
0.1,fTS,0.0780932526430125
0.1,fTS,0.0821935285828557
0.1,fTS,0.122793826041196
0.1,fTS,0.176622258081197
0.1,fTS,0.0645665357822052
0.1,fTS,0.0976084960568966
0.1,fTS,0.0691909267531619
0.1,fTS,0.0844395501517539
0.1,fTS,0.0829302354365751
0.1,fTS,0.0562048269958084
0.1,fTS,0.113353036701333
0.1,fTS,0.0389491362567138
0.1,fTS,0.12137869728962
0.1,fTS,0.0436767008782204
0.1,fTS,0.0727073752269642
0.1,fTS,0.0977100465125129
0.1,fTS,0.128008612470184
0.1,fTS,0.0697801931447184
0.1,fTS,0.0436689457766917
0.1,fTS,0.0822159796372182
0.1,fTS,0.140194373598153
0.1,fTS,0.178376143012758
0.1,fTS,0.0428984162095463
0.1,fTS,0.0575140513122359
0.1,fTS,0.0316056313800803
0.1,fTS,0.0836267708600695
0.1,fTS,0.0445388379079621
0.1,fTS,0.0344742225500223
0.1,fTS,0.055913104313503
0.1,fTS,0.120819045054106
0.1,fTS,0.127157477715057
0.1,fTS,0.0420658697941585
0.1,fTS,0.0631214736256946
0.1,fTS,0.0562797684397687
0.1,fTS,0.073885007036963
0.1,fTS,0.0517024021241437
0.1,fTS,0.105834695436873
0.1,fTS,0.0933793366168705
0.1,fTS,0.123184248445776
0.1,fTS,0.120840482237067
0.1,fTS,0.0150507921459617
0.1,fTS,0.0519591569337357
0.1,fTS,0.0740660446197536
0.1,fTS,0.0495117309331392
0.1,fTS,0.102801230071217
0.1,fTS,0.111628754746541
0.1,fTS,0.102001886095454
0.1,fTS,0.0893369013132816
0.1,fTS,0.0500649550446777
0.1,fTS,0.0910597451765069
0.1,fTS,0.117326669318981
0.1,fTS,0.134069901465327
0.1,fTS,0.0673465770343655
0.1,fTS,0.0389012905080992
0.1,fTS,0.117775384195943
0.1,fTS,0.128351781446059
0.1,fTS,0.0818501008800947
0.1,fTS,0.0332531123899391
0.1,fTS,0.123721656755499
0.1,fTS,0.0572385888134166
0.1,fTS,0.100047005454944
0.1,fTS,0.0719352288823445
0.1,fTS,0.0825516469076157
0.1,fTS,0.133549390368466
0.1,fTS,0.0919718514788694
0.1,fTS,0.173989577290184
0.1,fTS,0.0809572463153225
0.1,fTS,0.126437745244131
0.1,fTS,0.067934873946403
0.1,fTS,0.0680341569549368
0.1,fTS,0.113886701403989
0.1,fTS,0.057794779521227
0.1,fTS,0.113343491296985
0.1,fTS,0.119176166090427
0.1,fTS,0.0543407021864779
0.1,fTS,0.160238619663047
0.1,fTS,0.0461046994468486
0.1,fTS,0.107486546289591
0.1,fTS,0.0900744552664605
0.1,fTS,0.128862828855052
0.1,fTS,0.0996555639945533
0.1,fTS,0.0837677746908045
0.1,fTS,0.10414117654802
0.1,fTS,0.0528383798836463
0.1,fTS,0.1120555593001
0.1,fTS,0.124484410763117
0.1,fTS,0.0714516254494268
0.1,fTS,0.0334574422743772
0.1,fTS,0.0297781985639034
0.1,fTS,0.10100359456394
0.1,fTS,0.160924277790212
0.1,fTS,0.076186102300823
0.1,fTS,0.0900950226705042
0.1,fTS,0.109215415727181
0.1,fTS,0.0547261983859069
0.1,fTS,0.153041479322956
0.1,fTS,0.0690146170572488
0.1,fTS,0.123187778401465
0.1,fTS,0.0641676849778663
0.1,fTS,0.0557227504780484
0.1,fTS,0.0701756988466153
0.1,fTS,0.0754574671606096
0.1,fTS,0.123180627535613
0.1,fTS,0.100910086196742
0.1,fTS,0.107732637252123
0.1,fTS,0.0992996925260428
0.1,fTS,0.0830011466570528
0.1,fTS,0.0855974495050458
0.1,fTS,0.0682764709132135
0.1,fTS,0.10295077313394
0.1,fTS,0.0407480699090321
0.1,fTS,0.0341611292506605
0.1,fTS,0.0650161764443991
0.1,fTS,0.0772474595217734
0.1,fTS,0.0782587083387911
0.1,fTS,0.0368401689548552
0.1,fTS,0.0849905290591826
0.1,fTS,0.0757577541478105
0.1,fTS,0.13255003880541
0.1,fTS,0.0828878519817904
0.1,fTS,0.0846182674176903
0.1,fTS,0.0320598651973776
0.1,fTS,0.0859575852372962
0.1,fTS,0.0621989296981074
0.1,fTS,0.107555239282423
0.1,fTS,0.158084895560387
0.1,fTS,0.142399351385464
0.1,fTS,0.101207271421646
0.1,fTS,0.100296229846461
0.1,fTS,0.156155787270895
0.1,fTS,0.0691697605412573
0.1,fTS,0.064534533049315
0.1,fTS,0.127886564889645
0.1,fTS,0.0880389159516695
0.1,fTS,0.0724683992735364
0.1,fTS,0.0759412967341166
0.1,fTS,0.0537300512651671
0.1,fTS,0.113034372279939
0.1,fTS,0.066507738075152
0.1,LS_oracle,0.101046106386633
0.1,LS_oracle,0.106422327809568
0.1,LS_oracle,0.0676398509538092
0.1,LS_oracle,0.119469007368104
0.1,LS_oracle,0.120970813419723
0.1,LS_oracle,0.144510082877186
0.1,LS_oracle,0.139255815135774
0.1,LS_oracle,0.0635488193834739
0.1,LS_oracle,0.0601378132071835
0.1,LS_oracle,0.0596204797018902
0.1,LS_oracle,0.0317919197916432
0.1,LS_oracle,0.115897056205301
0.1,LS_oracle,0.0631181299746169
0.1,LS_oracle,0.0943524922560004
0.1,LS_oracle,0.0780907687485408
0.1,LS_oracle,0.131125404482787
0.1,LS_oracle,0.0693005908822089
0.1,LS_oracle,0.0893745628913281
0.1,LS_oracle,0.0927366200427053
0.1,LS_oracle,0.123320122834137
0.1,LS_oracle,0.0906808839504281
0.1,LS_oracle,0.120479322876446
0.1,LS_oracle,0.122832083872079
0.1,LS_oracle,0.0869112958232692
0.1,LS_oracle,0.0638127698290261
0.1,LS_oracle,0.0992552584328685
0.1,LS_oracle,0.0540695776499729
0.1,LS_oracle,0.108168372996456
0.1,LS_oracle,0.0751121120517846
0.1,LS_oracle,0.0240623932919128
0.1,LS_oracle,0.0999974236749186
0.1,LS_oracle,0.118536614726645
0.1,LS_oracle,0.0561246104215696
0.1,LS_oracle,0.0752251042453049
0.1,LS_oracle,0.124352713630564
0.1,LS_oracle,0.139729760992591
0.1,LS_oracle,0.130477508260171
0.1,LS_oracle,0.077555673174913
0.1,LS_oracle,0.117555138015047
0.1,LS_oracle,0.0925275146287967
0.1,LS_oracle,0.0999618338112069
0.1,LS_oracle,0.115746334576116
0.1,LS_oracle,0.120045684771059
0.1,LS_oracle,0.10173824805179
0.1,LS_oracle,0.131334433963884
0.1,LS_oracle,0.106376633712524
0.1,LS_oracle,0.127729417287359
0.1,LS_oracle,0.0932465074889111
0.1,LS_oracle,0.0888197003013709
0.1,LS_oracle,0.0662138544852853
0.1,LS_oracle,0.0796965269840559
0.1,LS_oracle,0.108216825682365
0.1,LS_oracle,0.0512253974102257
0.1,LS_oracle,0.0699010153121249
0.1,LS_oracle,0.151587965852223
0.1,LS_oracle,0.0676492316286321
0.1,LS_oracle,0.118487350155464
0.1,LS_oracle,0.0623778626039764
0.1,LS_oracle,0.0915045861634105
0.1,LS_oracle,0.029083852644487
0.1,LS_oracle,0.0842217650440358
0.1,LS_oracle,0.071841152667437
0.1,LS_oracle,0.0803105248231297
0.1,LS_oracle,0.121195741260256
0.1,LS_oracle,0.176663304082299
0.1,LS_oracle,0.0644830617030483
0.1,LS_oracle,0.0906865494272591
0.1,LS_oracle,0.0674877031704728
0.1,LS_oracle,0.0828667940466552
0.1,LS_oracle,0.0835659333412526
0.1,LS_oracle,0.0549389797729873
0.1,LS_oracle,0.110360626721226
0.1,LS_oracle,0.0389242112519319
0.1,LS_oracle,0.121852002289953
0.1,LS_oracle,0.0452001817962668
0.1,LS_oracle,0.0735976163321361
0.1,LS_oracle,0.0971134230680755
0.1,LS_oracle,0.132950477117345
0.1,LS_oracle,0.0631844234879548
0.1,LS_oracle,0.0423893873552592
0.1,LS_oracle,0.0717841501386696
0.1,LS_oracle,0.141533888838722
0.1,LS_oracle,0.17669860863597
0.1,LS_oracle,0.0422373801846405
0.1,LS_oracle,0.0574580143994969
0.1,LS_oracle,0.0359362319502261
0.1,LS_oracle,0.0781902539657207
0.1,LS_oracle,0.0468972565960026
0.1,LS_oracle,0.0352543282129685
0.1,LS_oracle,0.0565128125622898
0.1,LS_oracle,0.116390768513136
0.1,LS_oracle,0.127378513808976
0.1,LS_oracle,0.0382304742187918
0.1,LS_oracle,0.058588947515817
0.1,LS_oracle,0.0493209352543811
0.1,LS_oracle,0.0752630544330675
0.1,LS_oracle,0.0543576214098673
0.1,LS_oracle,0.129089967415138
0.1,LS_oracle,0.0899050312487468
0.1,LS_oracle,0.120464477699434
0.1,LS_oracle,0.116215652494682
0.1,LS_oracle,0.0142065503908204
0.1,LS_oracle,0.0504527112697783
0.1,LS_oracle,0.0802993340274887
0.1,LS_oracle,0.0474150439983054
0.1,LS_oracle,0.101111303377399
0.1,LS_oracle,0.112771076024948
0.1,LS_oracle,0.0974122076917667
0.1,LS_oracle,0.0807313733112809
0.1,LS_oracle,0.050746499788874
0.1,LS_oracle,0.0914245400541269
0.1,LS_oracle,0.115465453977811
0.1,LS_oracle,0.133230519434544
0.1,LS_oracle,0.0698713079591142
0.1,LS_oracle,0.0366304116826937
0.1,LS_oracle,0.114357198670784
0.1,LS_oracle,0.126727251308405
0.1,LS_oracle,0.0831678367478563
0.1,LS_oracle,0.0318694288775614
0.1,LS_oracle,0.119563789036572
0.1,LS_oracle,0.0570795277652307
0.1,LS_oracle,0.102394212343596
0.1,LS_oracle,0.071180007196707
0.1,LS_oracle,0.0800351834214563
0.1,LS_oracle,0.133073551198939
0.1,LS_oracle,0.0923632456384773
0.1,LS_oracle,0.173005354996165
0.1,LS_oracle,0.0822027526936262
0.1,LS_oracle,0.123379634855959
0.1,LS_oracle,0.0686576185918637
0.1,LS_oracle,0.0678907170763321
0.1,LS_oracle,0.114828884002685
0.1,LS_oracle,0.0589331200636209
0.1,LS_oracle,0.112024282528993
0.1,LS_oracle,0.121117533998852
0.1,LS_oracle,0.0536312647011892
0.1,LS_oracle,0.157665212947303
0.1,LS_oracle,0.0436532695630707
0.1,LS_oracle,0.102428553919622
0.1,LS_oracle,0.0841439218089832
0.1,LS_oracle,0.123935713700311
0.1,LS_oracle,0.100974379228759
0.1,LS_oracle,0.0904325844538447
0.1,LS_oracle,0.100329329925902
0.1,LS_oracle,0.054546572334337
0.1,LS_oracle,0.111154716369181
0.1,LS_oracle,0.133821806481367
0.1,LS_oracle,0.0674357649252395
0.1,LS_oracle,0.0369685255052812
0.1,LS_oracle,0.0299007158355276
0.1,LS_oracle,0.101390821645426
0.1,LS_oracle,0.107737767612032
0.1,LS_oracle,0.0738336646406499
0.1,LS_oracle,0.0887551856733912
0.1,LS_oracle,0.108698356810537
0.1,LS_oracle,0.054713053383346
0.1,LS_oracle,0.152869105424444
0.1,LS_oracle,0.0680629556771948
0.1,LS_oracle,0.123532770485118
0.1,LS_oracle,0.063445973983022
0.1,LS_oracle,0.0575442970037008
0.1,LS_oracle,0.0673628729537525
0.1,LS_oracle,0.0713126171680214
0.1,LS_oracle,0.120610186928282
0.1,LS_oracle,0.100456515521392
0.1,LS_oracle,0.106853935406061
0.1,LS_oracle,0.0945470599933245
0.1,LS_oracle,0.0783347026822692
0.1,LS_oracle,0.0852790078068792
0.1,LS_oracle,0.063484183995633
0.1,LS_oracle,0.110052054180666
0.1,LS_oracle,0.0352823501192163
0.1,LS_oracle,0.0302718737485843
0.1,LS_oracle,0.0622097717215455
0.1,LS_oracle,0.0665370127311817
0.1,LS_oracle,0.076778154520645
0.1,LS_oracle,0.0399582693655822
0.1,LS_oracle,0.083959465858938
0.1,LS_oracle,0.0745742268173102
0.1,LS_oracle,0.118337313001585
0.1,LS_oracle,0.0822723981703444
0.1,LS_oracle,0.0797664875508237
0.1,LS_oracle,0.0641559686878377
0.1,LS_oracle,0.077161538745337
0.1,LS_oracle,0.0669952667845537
0.1,LS_oracle,0.114287427330624
0.1,LS_oracle,0.157148666618612
0.1,LS_oracle,0.139250466912873
0.1,LS_oracle,0.0986046803892526
0.1,LS_oracle,0.0998290085459863
0.1,LS_oracle,0.156538924732636
0.1,LS_oracle,0.0689864169892418
0.1,LS_oracle,0.0678724354062994
0.1,LS_oracle,0.128862006538208
0.1,LS_oracle,0.0923558637055761
0.1,LS_oracle,0.0732910509975351
0.1,LS_oracle,0.0792873027677321
0.1,LS_oracle,0.0519630558548867
0.1,LS_oracle,0.11211073762972
0.1,LS_oracle,0.0665321702726742
0.1,TS_oracle,0.100332328439861
0.1,TS_oracle,0.106221778078954
0.1,TS_oracle,0.0676398509538092
0.1,TS_oracle,0.119249168494937
0.1,TS_oracle,0.120970813419723
0.1,TS_oracle,0.144510082877186
0.1,TS_oracle,0.136420860387475
0.1,TS_oracle,0.0649890998746512
0.1,TS_oracle,0.061359766212711
0.1,TS_oracle,0.0603037482431192
0.1,TS_oracle,0.0317919197916434
0.1,TS_oracle,0.115882656373577
0.1,TS_oracle,0.0631181299746169
0.1,TS_oracle,0.0936520773023588
0.1,TS_oracle,0.0780907687485408
0.1,TS_oracle,0.132012940860645
0.1,TS_oracle,0.0697386859322626
0.1,TS_oracle,0.0893745628913281
0.1,TS_oracle,0.0927366200427053
0.1,TS_oracle,0.122213904341962
0.1,TS_oracle,0.0899768472675828
0.1,TS_oracle,0.119792571264522
0.1,TS_oracle,0.122718344131705
0.1,TS_oracle,0.0878893094374134
0.1,TS_oracle,0.0638127698290261
0.1,TS_oracle,0.0981245758866898
0.1,TS_oracle,0.0540695776499729
0.1,TS_oracle,0.108168372996456
0.1,TS_oracle,0.0716858557132976
0.1,TS_oracle,0.0240623932919128
0.1,TS_oracle,0.102489785312445
0.1,TS_oracle,0.118631953341706
0.1,TS_oracle,0.0551345997759465
0.1,TS_oracle,0.0752145127947428
0.1,TS_oracle,0.124352713630564
0.1,TS_oracle,0.138966059017778
0.1,TS_oracle,0.130535184199189
0.1,TS_oracle,0.077555673174913
0.1,TS_oracle,0.118698664743539
0.1,TS_oracle,0.0923979907260664
0.1,TS_oracle,0.0999618338112069
0.1,TS_oracle,0.115746334576116
0.1,TS_oracle,0.120045684771059
0.1,TS_oracle,0.10173824805179
0.1,TS_oracle,0.133024874424946
0.1,TS_oracle,0.106376633712524
0.1,TS_oracle,0.128164767992473
0.1,TS_oracle,0.0928250325688169
0.1,TS_oracle,0.092568624433145
0.1,TS_oracle,0.0662138544852853
0.1,TS_oracle,0.0796965269840559
0.1,TS_oracle,0.108219686475197
0.1,TS_oracle,0.0512253974102257
0.1,TS_oracle,0.0695306637494777
0.1,TS_oracle,0.147084152274475
0.1,TS_oracle,0.0678637302763629
0.1,TS_oracle,0.116490796628469
0.1,TS_oracle,0.0623778626039764
0.1,TS_oracle,0.0909603737065239
0.1,TS_oracle,0.029083852644487
0.1,TS_oracle,0.0836351035808895
0.1,TS_oracle,0.071841152667437
0.1,TS_oracle,0.0821759212971855
0.1,TS_oracle,0.121365044809276
0.1,TS_oracle,0.176607178897563
0.1,TS_oracle,0.0646559790188761
0.1,TS_oracle,0.0906865494272591
0.1,TS_oracle,0.0674877031704728
0.1,TS_oracle,0.0831650804051338
0.1,TS_oracle,0.0835010968907079
0.1,TS_oracle,0.0549389797729873
0.1,TS_oracle,0.109746427909468
0.1,TS_oracle,0.0389242112519319
0.1,TS_oracle,0.123793553420166
0.1,TS_oracle,0.0434939649490911
0.1,TS_oracle,0.0727201106074411
0.1,TS_oracle,0.097048558899284
0.1,TS_oracle,0.132950477117345
0.1,TS_oracle,0.0631844234879548
0.1,TS_oracle,0.042104296252307
0.1,TS_oracle,0.0714012237522337
0.1,TS_oracle,0.141568961503782
0.1,TS_oracle,0.176264116447596
0.1,TS_oracle,0.0422373801846405
0.1,TS_oracle,0.0574580143994969
0.1,TS_oracle,0.0359362319502261
0.1,TS_oracle,0.0781902539657207
0.1,TS_oracle,0.0452440029937282
0.1,TS_oracle,0.0341278961139233
0.1,TS_oracle,0.0565128125622898
0.1,TS_oracle,0.116494286311175
0.1,TS_oracle,0.12461347682237
0.1,TS_oracle,0.0379931681969354
0.1,TS_oracle,0.0585610723234045
0.1,TS_oracle,0.0517874649868664
0.1,TS_oracle,0.0736282551572995
0.1,TS_oracle,0.0519319607034949
0.1,TS_oracle,0.132433858420926
0.1,TS_oracle,0.0892163657477676
0.1,TS_oracle,0.12058837665312
0.1,TS_oracle,0.115563539763127
0.1,TS_oracle,0.0142065503908204
0.1,TS_oracle,0.0505582927881334
0.1,TS_oracle,0.0802993340274887
0.1,TS_oracle,0.0474150439983054
0.1,TS_oracle,0.0961324852001568
0.1,TS_oracle,0.111571745590695
0.1,TS_oracle,0.0972221921478893
0.1,TS_oracle,0.0814781273820944
0.1,TS_oracle,0.0482155946621252
0.1,TS_oracle,0.0910274821108192
0.1,TS_oracle,0.115212854940216
0.1,TS_oracle,0.131045642181561
0.1,TS_oracle,0.0691765283575791
0.1,TS_oracle,0.038312733722764
0.1,TS_oracle,0.114357198670784
0.1,TS_oracle,0.127939440241789
0.1,TS_oracle,0.0834259233456125
0.1,TS_oracle,0.0319589067223149
0.1,TS_oracle,0.119614460456826
0.1,TS_oracle,0.0570795277652307
0.1,TS_oracle,0.102394212343596
0.1,TS_oracle,0.071180007196707
0.1,TS_oracle,0.0819820363999202
0.1,TS_oracle,0.132789924435408
0.1,TS_oracle,0.0924337447321857
0.1,TS_oracle,0.171126459308762
0.1,TS_oracle,0.0812045520631679
0.1,TS_oracle,0.123257304670622
0.1,TS_oracle,0.0686576185918637
0.1,TS_oracle,0.0679070549470986
0.1,TS_oracle,0.114828884002685
0.1,TS_oracle,0.0585235466574705
0.1,TS_oracle,0.112024282528993
0.1,TS_oracle,0.120215090960493
0.1,TS_oracle,0.0538664190119695
0.1,TS_oracle,0.159854878483258
0.1,TS_oracle,0.0436917988086394
0.1,TS_oracle,0.104001553219341
0.1,TS_oracle,0.0847311504892807
0.1,TS_oracle,0.127018386929482
0.1,TS_oracle,0.0989864461616279
0.1,TS_oracle,0.0852389391838548
0.1,TS_oracle,0.10458803621486
0.1,TS_oracle,0.051244305313829
0.1,TS_oracle,0.111848821471647
0.1,TS_oracle,0.133122960556228
0.1,TS_oracle,0.0672018925413189
0.1,TS_oracle,0.0344782485153912
0.1,TS_oracle,0.0252987575017884
0.1,TS_oracle,0.101390821645426
0.1,TS_oracle,0.105451920240421
0.1,TS_oracle,0.0754507174320784
0.1,TS_oracle,0.0890352186099626
0.1,TS_oracle,0.10900516366211
0.1,TS_oracle,0.0545585222258205
0.1,TS_oracle,0.152538607556215
0.1,TS_oracle,0.0682678711660203
0.1,TS_oracle,0.122815454870991
0.1,TS_oracle,0.063445973983022
0.1,TS_oracle,0.0559305325595603
0.1,TS_oracle,0.0673628729537525
0.1,TS_oracle,0.0713126171680214
0.1,TS_oracle,0.122801031898989
0.1,TS_oracle,0.100425956235576
0.1,TS_oracle,0.106817807941826
0.1,TS_oracle,0.0985425468982226
0.1,TS_oracle,0.0806162304505431
0.1,TS_oracle,0.0842408973275841
0.1,TS_oracle,0.0612134726438247
0.1,TS_oracle,0.107679755915042
0.1,TS_oracle,0.0352823501192163
0.1,TS_oracle,0.0285405502086014
0.1,TS_oracle,0.0606472870937236
0.1,TS_oracle,0.0665370127311817
0.1,TS_oracle,0.073161478913365
0.1,TS_oracle,0.0399582693655822
0.1,TS_oracle,0.083959465858938
0.1,TS_oracle,0.0743943488501144
0.1,TS_oracle,0.119009252799767
0.1,TS_oracle,0.0819190905138845
0.1,TS_oracle,0.0786597353496965
0.1,TS_oracle,0.0644965483996962
0.1,TS_oracle,0.077161538745337
0.1,TS_oracle,0.0637045767542452
0.1,TS_oracle,0.107611372659711
0.1,TS_oracle,0.157148666618612
0.1,TS_oracle,0.139867202124581
0.1,TS_oracle,0.0990303735974443
0.1,TS_oracle,0.0997224912274564
0.1,TS_oracle,0.156538924732636
0.1,TS_oracle,0.0693500205899786
0.1,TS_oracle,0.0671117822103535
0.1,TS_oracle,0.128209632790128
0.1,TS_oracle,0.0887986922137374
0.1,TS_oracle,0.0729724608669207
0.1,TS_oracle,0.0784470426880086
0.1,TS_oracle,0.0523504596058479
0.1,TS_oracle,0.113598267379351
0.1,TS_oracle,0.0665321702726742
0.2,PLS,0.0545227911863138
0.2,PLS,0.0409466417838902
0.2,PLS,0.108810324405539
0.2,PLS,0.0721719724976693
0.2,PLS,0.0706423327423849
0.2,PLS,0.0513849089102825
0.2,PLS,0.0701803999390114
0.2,PLS,0.121475992356225
0.2,PLS,0.117671181495444
0.2,PLS,0.0830417058786117
0.2,PLS,0.0321249753363251
0.2,PLS,0.0993071027359691
0.2,PLS,0.0944480092490512
0.2,PLS,0.0607617004405319
0.2,PLS,0.113120374486799
0.2,PLS,0.0771954873086282
0.2,PLS,0.0238064855050344
0.2,PLS,0.155423356498145
0.2,PLS,0.106034151364911
0.2,PLS,0.098805834888845
0.2,PLS,0.0826285322749516
0.2,PLS,0.0994748768940155
0.2,PLS,0.064705494721033
0.2,PLS,0.0922040349137609
0.2,PLS,0.072583093376537
0.2,PLS,0.107806821492917
0.2,PLS,0.0537202476863388
0.2,PLS,0.13919362819464
0.2,PLS,0.0801769906949172
0.2,PLS,0.0527296426315937
0.2,PLS,0.0927103306602699
0.2,PLS,0.0499548297805359
0.2,PLS,0.0485225511611296
0.2,PLS,0.120029935731379
0.2,PLS,0.0688438803553675
0.2,PLS,0.139746796704403
0.2,PLS,0.0446829894729941
0.2,PLS,0.124748092098229
0.2,PLS,0.0658057689003948
0.2,PLS,0.0945645952511094
0.2,PLS,0.0937324531865715
0.2,PLS,0.0493152770746335
0.2,PLS,0.0789286111205207
0.2,PLS,0.066229909793222
0.2,PLS,0.11255034410767
0.2,PLS,0.0861420422324612
0.2,PLS,0.0818785134153837
0.2,PLS,0.076508884116312
0.2,PLS,0.0506104523959332
0.2,PLS,0.0534330276087873
0.2,PLS,0.0702461350829899
0.2,PLS,0.0660651980229323
0.2,PLS,0.0540657592836222
0.2,PLS,0.00932111586484496
0.2,PLS,0.0829935560116641
0.2,PLS,0.0834355779060327
0.2,PLS,0.0495880537393325
0.2,PLS,0.0646703524966923
0.2,PLS,0.107113681916057
0.2,PLS,0.0406755916609476
0.2,PLS,0.0756948720867341
0.2,PLS,0.0808078392828173
0.2,PLS,0.11010536143089
0.2,PLS,0.0912643517155136
0.2,PLS,0.110266662024108
0.2,PLS,0.0902558380839835
0.2,PLS,0.0759592299132101
0.2,PLS,0.13798118377049
0.2,PLS,0.0495170241845122
0.2,PLS,0.0718779373129674
0.2,PLS,0.0411843833019554
0.2,PLS,0.125089795748682
0.2,PLS,0.0420001501498599
0.2,PLS,0.154789256701559
0.2,PLS,0.0573333943881906
0.2,PLS,0.040775803768601
0.2,PLS,0.0920955039516336
0.2,PLS,0.0845443943408848
0.2,PLS,0.0765522623364239
0.2,PLS,0.0581878618595399
0.2,PLS,0.0741194530801199
0.2,PLS,-0.0051966952260587
0.2,PLS,0.0798909977913227
0.2,PLS,0.0700453818218043
0.2,PLS,0.138948507334968
0.2,PLS,0.0958618979019408
0.2,PLS,0.0402913331560224
0.2,PLS,0.0919843874963926
0.2,PLS,0.0448172709874843
0.2,PLS,0.0828967826269937
0.2,PLS,0.10224848351836
0.2,PLS,0.0314267488384821
0.2,PLS,0.121384678094917
0.2,PLS,0.107693315200746
0.2,PLS,0.0681201955053741
0.2,PLS,0.112401849781872
0.2,PLS,0.0150519708614767
0.2,PLS,0.135668270713407
0.2,PLS,0.11491098507013
0.2,PLS,0.0680398815067691
0.2,PLS,0.135951676918897
0.2,PLS,0.108116275595626
0.2,PLS,0.126424396246242
0.2,PLS,0.105442763673391
0.2,PLS,0.0839303688384434
0.2,PLS,0.0708138022262468
0.2,PLS,0.061793702763717
0.2,PLS,0.156694979160419
0.2,PLS,0.11573073074125
0.2,PLS,0.116630018143502
0.2,PLS,0.0222435785833852
0.2,PLS,0.0950136380807352
0.2,PLS,0.107428364525519
0.2,PLS,0.117798100550092
0.2,PLS,0.0700991731591123
0.2,PLS,0.111226343578265
0.2,PLS,0.10227054648307
0.2,PLS,0.0663459318746069
0.2,PLS,0.0767406745303514
0.2,PLS,0.0935007338311529
0.2,PLS,0.0954298942225917
0.2,PLS,0.0218258053152749
0.2,PLS,0.129925682726488
0.2,PLS,0.131084156416632
0.2,PLS,0.153168950386101
0.2,PLS,0.0457227602691135
0.2,PLS,0.123503999349711
0.2,PLS,0.118806755731905
0.2,PLS,0.0643241783164399
0.2,PLS,0.0933700174877459
0.2,PLS,0.125287960250367
0.2,PLS,0.115087832348614
0.2,PLS,0.0521596121765151
0.2,PLS,0.0576056863479641
0.2,PLS,0.116332255953013
0.2,PLS,0.0338033112669587
0.2,PLS,0.152514498333744
0.2,PLS,0.100135212977388
0.2,PLS,0.0656483824659355
0.2,PLS,0.111667376488139
0.2,PLS,0.162939576958531
0.2,PLS,0.110900724868395
0.2,PLS,0.0532515875540864
0.2,PLS,0.103669531672431
0.2,PLS,0.102733858870661
0.2,PLS,0.0617836749297411
0.2,PLS,0.0991630809466226
0.2,PLS,0.108647065874703
0.2,PLS,0.0686743207837457
0.2,PLS,0.113561931282207
0.2,PLS,0.0515728439444103
0.2,PLS,0.107857219301274
0.2,PLS,0.12306739782265
0.2,PLS,0.0850271020313782
0.2,PLS,0.0876930038615313
0.2,PLS,0.125644957918313
0.2,PLS,0.0568861817809641
0.2,PLS,0.0632562269132995
0.2,PLS,0.123105437634694
0.2,PLS,0.0837703925528448
0.2,PLS,0.148907037802482
0.2,PLS,0.124182844894024
0.2,PLS,0.0529712294582876
0.2,PLS,0.0994126703074494
0.2,PLS,0.0528989135199687
0.2,PLS,0.042724020049693
0.2,PLS,0.0827145303150865
0.2,PLS,0.0953677434425884
0.2,PLS,0.127989360395989
0.2,PLS,0.102118025583617
0.2,PLS,0.051599933940742
0.2,PLS,0.0975409381752561
0.2,PLS,0.0863027076342258
0.2,PLS,0.0714086601147703
0.2,PLS,0.0536048671536931
0.2,PLS,0.0852831134045247
0.2,PLS,0.127368447395575
0.2,PLS,0.147434592884186
0.2,PLS,0.137158606031762
0.2,PLS,0.0338731117288309
0.2,PLS,0.0669574251896148
0.2,PLS,0.0546473488606265
0.2,PLS,0.0623723491855255
0.2,PLS,0.0522806071178401
0.2,PLS,0.0892820600101163
0.2,PLS,0.0471090367833928
0.2,PLS,0.0699851815922286
0.2,PLS,0.0340130553926341
0.2,PLS,0.119788737672405
0.2,PLS,0.118462262803291
0.2,PLS,0.120621859732971
0.2,PLS,0.0630316075159383
0.2,PLS,0.0559158700444711
0.2,PLS,0.0676514238462382
0.2,PLS,0.139240369026983
0.2,PLS,0.08956926201213
0.2,PLS,0.114008547026031
0.2,PLS,0.0471289287173804
0.2,PLS,0.0782213675211176
0.2,PLS,0.0675897569614916
0.2,fTS,0.0542402141906997
0.2,fTS,0.0384335019090509
0.2,fTS,0.0712198197305798
0.2,fTS,0.0728982982563597
0.2,fTS,0.0739072178613824
0.2,fTS,0.0468046610541411
0.2,fTS,0.0730535707168563
0.2,fTS,0.122702638699712
0.2,fTS,0.114367255400717
0.2,fTS,0.0860090542024419
0.2,fTS,0.0297825010912958
0.2,fTS,0.0898768822395433
0.2,fTS,0.0907616334357673
0.2,fTS,0.0574565897091317
0.2,fTS,0.107265765290918
0.2,fTS,0.0742037563093951
0.2,fTS,0.022056738070948
0.2,fTS,0.146005067733728
0.2,fTS,0.101350481815122
0.2,fTS,0.0986293867167989
0.2,fTS,0.0832705671255414
0.2,fTS,0.10045014119566
0.2,fTS,0.0637073265350896
0.2,fTS,0.0851001040203954
0.2,fTS,0.0691756272554218
0.2,fTS,0.111855013104665
0.2,fTS,0.0445413344243848
0.2,fTS,0.130834341810043
0.2,fTS,0.0816008058232061
0.2,fTS,0.0542214683884672
0.2,fTS,0.0910613090014412
0.2,fTS,0.0444972781519204
0.2,fTS,0.0551873226292297
0.2,fTS,0.120349000677758
0.2,fTS,0.0665516589580153
0.2,fTS,0.13824309788157
0.2,fTS,0.0412430004469511
0.2,fTS,0.127041517833852
0.2,fTS,0.069785802904905
0.2,fTS,0.0952624631093257
0.2,fTS,0.0895713701217367
0.2,fTS,0.0493152770746335
0.2,fTS,0.0817857820042907
0.2,fTS,0.188514635283504
0.2,fTS,0.114807009799994
0.2,fTS,0.0867513533094999
0.2,fTS,0.0696949451122253
0.2,fTS,0.0720254088397541
0.2,fTS,0.0506022306713014
0.2,fTS,0.0513734876572838
0.2,fTS,0.0731871756696121
0.2,fTS,0.0649247021481481
0.2,fTS,0.0602174987384561
0.2,fTS,0.00790481621627914
0.2,fTS,0.0844363038767362
0.2,fTS,0.0877322265522775
0.2,fTS,0.0514764527998939
0.2,fTS,0.0723219185461996
0.2,fTS,0.115427076327698
0.2,fTS,0.0385443922439757
0.2,fTS,0.0785551425794422
0.2,fTS,0.0838885388980619
0.2,fTS,0.0560111065466558
0.2,fTS,0.0872923107793546
0.2,fTS,0.102527511223428
0.2,fTS,0.0733404663494484
0.2,fTS,0.0746859839229224
0.2,fTS,0.131342300568536
0.2,fTS,0.0491953380889081
0.2,fTS,0.0665750887232377
0.2,fTS,0.036368117144491
0.2,fTS,0.120113076199749
0.2,fTS,0.0405440667947008
0.2,fTS,0.156825710488159
0.2,fTS,0.0556519578620116
0.2,fTS,0.0397265472110999
0.2,fTS,0.094578333585001
0.2,fTS,0.0775402384330715
0.2,fTS,0.0785130972782133
0.2,fTS,0.0565645494246114
0.2,fTS,0.0732816493654196
0.2,fTS,-0.0103102301110887
0.2,fTS,0.0895430767953569
0.2,fTS,0.0687904017946901
0.2,fTS,0.129701290462409
0.2,fTS,0.0970034069469514
0.2,fTS,0.0314555011007787
0.2,fTS,0.0917489661643636
0.2,fTS,0.0448172709874843
0.2,fTS,0.0794511827611741
0.2,fTS,0.10375273054152
0.2,fTS,0.0350455334985054
0.2,fTS,0.112749385015062
0.2,fTS,0.108689665591502
0.2,fTS,0.064777317946267
0.2,fTS,0.101976962518747
0.2,fTS,0.014442585369195
0.2,fTS,0.132018915655598
0.2,fTS,0.120186827758095
0.2,fTS,0.0656931809219954
0.2,fTS,0.159896109751067
0.2,fTS,0.111163675027474
0.2,fTS,0.125580651494201
0.2,fTS,0.105442763673391
0.2,fTS,0.0842866567497595
0.2,fTS,0.0723451273883873
0.2,fTS,0.0584000736985695
0.2,fTS,0.157166320614357
0.2,fTS,0.112384943465462
0.2,fTS,0.103773981916153
0.2,fTS,0.0193951799934751
0.2,fTS,0.0930194107009445
0.2,fTS,0.105058587755469
0.2,fTS,0.106722455375061
0.2,fTS,0.0683769544817936
0.2,fTS,0.116814031174365
0.2,fTS,0.105387454109798
0.2,fTS,0.063751503621915
0.2,fTS,0.0767406745303514
0.2,fTS,0.104052502484196
0.2,fTS,0.0951863099686723
0.2,fTS,0.0218258053152749
0.2,fTS,0.125575923090042
0.2,fTS,0.129609699830775
0.2,fTS,0.154579560074097
0.2,fTS,0.0455766988917146
0.2,fTS,0.121677756718638
0.2,fTS,0.12460755023572
0.2,fTS,0.0638629841361922
0.2,fTS,0.0931641306531432
0.2,fTS,0.124949453524762
0.2,fTS,0.117269660631715
0.2,fTS,0.0532411484032382
0.2,fTS,0.0635302605987711
0.2,fTS,0.114999477276685
0.2,fTS,0.0337821291947153
0.2,fTS,0.149200020917544
0.2,fTS,0.0904561100244603
0.2,fTS,0.0671388710433682
0.2,fTS,0.110782119369698
0.2,fTS,0.165640165658378
0.2,fTS,0.107793141764599
0.2,fTS,0.0514742291103989
0.2,fTS,0.106823835318669
0.2,fTS,0.102530594670615
0.2,fTS,0.0602570644631406
0.2,fTS,0.0996198216410831
0.2,fTS,0.0988208076274235
0.2,fTS,0.0652422844547378
0.2,fTS,0.10225362319344
0.2,fTS,0.0467582857970541
0.2,fTS,0.104386732460376
0.2,fTS,0.126691858772645
0.2,fTS,0.0820958825027285
0.2,fTS,0.0825404337878795
0.2,fTS,0.108369914851856
0.2,fTS,0.0601915234177095
0.2,fTS,0.0532997340862937
0.2,fTS,0.116207492662855
0.2,fTS,0.0758656728485347
0.2,fTS,0.15158572322888
0.2,fTS,0.119915337062162
0.2,fTS,0.0543574405352276
0.2,fTS,0.0994126703074494
0.2,fTS,0.0557782222124446
0.2,fTS,0.0357922472442045
0.2,fTS,0.0815000254734168
0.2,fTS,0.09495833208973
0.2,fTS,0.126625982041363
0.2,fTS,0.0985416575983267
0.2,fTS,0.0475568668490425
0.2,fTS,0.0684851702944174
0.2,fTS,0.0962646605939992
0.2,fTS,0.0719936507275105
0.2,fTS,0.0484615187490829
0.2,fTS,0.085657437095791
0.2,fTS,0.128352257408474
0.2,fTS,0.148855214272765
0.2,fTS,0.125508861342877
0.2,fTS,0.0375439757492921
0.2,fTS,0.0699209310743369
0.2,fTS,0.0542917426874141
0.2,fTS,0.059641482283713
0.2,fTS,0.0555462089068266
0.2,fTS,0.085438184825398
0.2,fTS,0.0436517942961041
0.2,fTS,0.0697206454737556
0.2,fTS,0.0314269669290788
0.2,fTS,0.120308655151123
0.2,fTS,0.122060220003574
0.2,fTS,0.115431722426045
0.2,fTS,0.0485485018326273
0.2,fTS,0.0573216213117143
0.2,fTS,0.0645374321116503
0.2,fTS,0.137258066345933
0.2,fTS,0.0953276392381801
0.2,fTS,0.114742128216707
0.2,fTS,0.0463879469395483
0.2,fTS,0.0795538785662053
0.2,fTS,0.0716540582865532
0.2,LS_oracle,0.0512612905118341
0.2,LS_oracle,0.0327198774625364
0.2,LS_oracle,0.115579496026055
0.2,LS_oracle,0.0717060088237857
0.2,LS_oracle,0.0707642537583277
0.2,LS_oracle,0.0544284034517442
0.2,LS_oracle,0.0908642005536202
0.2,LS_oracle,0.119239932225257
0.2,LS_oracle,0.11945427987128
0.2,LS_oracle,0.0847955743690927
0.2,LS_oracle,0.031084408959638
0.2,LS_oracle,0.0974508300076078
0.2,LS_oracle,0.0951950701517674
0.2,LS_oracle,0.0624137656685466
0.2,LS_oracle,0.113827464518623
0.2,LS_oracle,0.0680211537329176
0.2,LS_oracle,0.0254936143811497
0.2,LS_oracle,0.163123326730776
0.2,LS_oracle,0.106038811059405
0.2,LS_oracle,0.0947871919296268
0.2,LS_oracle,0.0822146549075433
0.2,LS_oracle,0.101214045393903
0.2,LS_oracle,0.0609576840462478
0.2,LS_oracle,0.0811941267826719
0.2,LS_oracle,0.0726927311678827
0.2,LS_oracle,0.106963582249581
0.2,LS_oracle,0.0518182321325211
0.2,LS_oracle,0.135215452342847
0.2,LS_oracle,0.0792022187134063
0.2,LS_oracle,0.0527194901556234
0.2,LS_oracle,0.0918414498547602
0.2,LS_oracle,0.0499590477419773
0.2,LS_oracle,0.0451458649716792
0.2,LS_oracle,0.104571304195653
0.2,LS_oracle,0.066660295043423
0.2,LS_oracle,0.141541453449231
0.2,LS_oracle,0.0438833948448136
0.2,LS_oracle,0.12110583263208
0.2,LS_oracle,0.0658931361789643
0.2,LS_oracle,0.0945125974208303
0.2,LS_oracle,0.0923812984362502
0.2,LS_oracle,0.0493066958051613
0.2,LS_oracle,0.0792459779413042
0.2,LS_oracle,0.0646461121268789
0.2,LS_oracle,0.110051583302723
0.2,LS_oracle,0.0845705249828368
0.2,LS_oracle,0.0794943319110044
0.2,LS_oracle,0.0763234110837272
0.2,LS_oracle,0.0486083945097739
0.2,LS_oracle,0.0471136595204804
0.2,LS_oracle,0.0682023353628598
0.2,LS_oracle,0.0673408796428856
0.2,LS_oracle,0.0546744736673783
0.2,LS_oracle,0.00407138346957869
0.2,LS_oracle,0.0774084077448061
0.2,LS_oracle,0.0796215996207703
0.2,LS_oracle,0.0502010062607738
0.2,LS_oracle,0.0682486325889113
0.2,LS_oracle,0.107117011013647
0.2,LS_oracle,0.0370794994619563
0.2,LS_oracle,0.0725602861934422
0.2,LS_oracle,0.0786033490908478
0.2,LS_oracle,0.0635679701639162
0.2,LS_oracle,0.0898367848453094
0.2,LS_oracle,0.11328593700119
0.2,LS_oracle,0.0861773283356508
0.2,LS_oracle,0.0744860342262508
0.2,LS_oracle,0.143302321305146
0.2,LS_oracle,0.0462298179143945
0.2,LS_oracle,0.0729453909588202
0.2,LS_oracle,0.0347761240095177
0.2,LS_oracle,0.124220794087547
0.2,LS_oracle,0.04311608555321
0.2,LS_oracle,0.152719521029107
0.2,LS_oracle,0.0571576350404348
0.2,LS_oracle,0.0402538731680389
0.2,LS_oracle,0.0923415038844011
0.2,LS_oracle,0.0845740695125772
0.2,LS_oracle,0.0766942559721011
0.2,LS_oracle,0.0616492173865602
0.2,LS_oracle,0.0767273568818774
0.2,LS_oracle,-0.00843189303649883
0.2,LS_oracle,0.0785675366281131
0.2,LS_oracle,0.0704082993102615
0.2,LS_oracle,0.140843200890753
0.2,LS_oracle,0.0953537209731812
0.2,LS_oracle,0.0369504059079053
0.2,LS_oracle,0.104169650657624
0.2,LS_oracle,0.0380985579386577
0.2,LS_oracle,0.0809982220823835
0.2,LS_oracle,0.102048125782571
0.2,LS_oracle,0.0279461445183806
0.2,LS_oracle,0.117719255762572
0.2,LS_oracle,0.117312965922022
0.2,LS_oracle,0.0687142806745844
0.2,LS_oracle,0.109352600672153
0.2,LS_oracle,0.0153002687636326
0.2,LS_oracle,0.124660384688851
0.2,LS_oracle,0.114623620628726
0.2,LS_oracle,0.0727961704521052
0.2,LS_oracle,0.163584939728762
0.2,LS_oracle,0.106691537905425
0.2,LS_oracle,0.125317078769825
0.2,LS_oracle,0.104756444736498
0.2,LS_oracle,0.0866599330911944
0.2,LS_oracle,0.070525307591677
0.2,LS_oracle,0.0592408096792063
0.2,LS_oracle,0.154446760140678
0.2,LS_oracle,0.116535065227331
0.2,LS_oracle,0.101194342105158
0.2,LS_oracle,0.0250297334546523
0.2,LS_oracle,0.0927222079361365
0.2,LS_oracle,0.105588991950509
0.2,LS_oracle,0.104056648362835
0.2,LS_oracle,0.0634693473550598
0.2,LS_oracle,0.11440776456115
0.2,LS_oracle,0.101145644320208
0.2,LS_oracle,0.0660346613374287
0.2,LS_oracle,0.0758376678122221
0.2,LS_oracle,0.0945791801190523
0.2,LS_oracle,0.0928695423411499
0.2,LS_oracle,0.0196860891444448
0.2,LS_oracle,0.130144275650273
0.2,LS_oracle,0.130598136492388
0.2,LS_oracle,0.149572308905328
0.2,LS_oracle,0.0439390618603035
0.2,LS_oracle,0.121598178068716
0.2,LS_oracle,0.119728052256188
0.2,LS_oracle,0.0647888746888012
0.2,LS_oracle,0.0959187601377984
0.2,LS_oracle,0.124649232927759
0.2,LS_oracle,0.117229489547743
0.2,LS_oracle,0.0535324418861018
0.2,LS_oracle,0.0561386226921283
0.2,LS_oracle,0.11653129505493
0.2,LS_oracle,0.0332877743463347
0.2,LS_oracle,0.155814990205818
0.2,LS_oracle,0.0958986579964456
0.2,LS_oracle,0.0656828806134242
0.2,LS_oracle,0.111547361363352
0.2,LS_oracle,0.183402702636787
0.2,LS_oracle,0.10800941307413
0.2,LS_oracle,0.0524193959659831
0.2,LS_oracle,0.111365390005585
0.2,LS_oracle,0.102821595090642
0.2,LS_oracle,0.0634022768388109
0.2,LS_oracle,0.096601834244894
0.2,LS_oracle,0.107670143293223
0.2,LS_oracle,0.0712842803718952
0.2,LS_oracle,0.115639740231184
0.2,LS_oracle,0.0460420740638721
0.2,LS_oracle,0.107102154127472
0.2,LS_oracle,0.119092780253065
0.2,LS_oracle,0.087864900427965
0.2,LS_oracle,0.0870094463731788
0.2,LS_oracle,0.122330534381327
0.2,LS_oracle,0.0570736481361798
0.2,LS_oracle,0.0644348732962308
0.2,LS_oracle,0.123562673574163
0.2,LS_oracle,0.0798588278246801
0.2,LS_oracle,0.145033093865844
0.2,LS_oracle,0.140450269528614
0.2,LS_oracle,0.0609584468594744
0.2,LS_oracle,0.0840933889557394
0.2,LS_oracle,0.052930033460074
0.2,LS_oracle,0.0448861500663629
0.2,LS_oracle,0.0802686146491451
0.2,LS_oracle,0.0952490943802733
0.2,LS_oracle,0.128216607502426
0.2,LS_oracle,0.102029714707408
0.2,LS_oracle,0.0519251584152185
0.2,LS_oracle,0.0975178586782617
0.2,LS_oracle,0.0858208386052013
0.2,LS_oracle,0.0770296865452431
0.2,LS_oracle,0.0488850489569945
0.2,LS_oracle,0.0833735661581916
0.2,LS_oracle,0.123349486196165
0.2,LS_oracle,0.14640746994375
0.2,LS_oracle,0.138801697852613
0.2,LS_oracle,0.0330245166879897
0.2,LS_oracle,0.0588327821989909
0.2,LS_oracle,0.0546990650397896
0.2,LS_oracle,0.0633368684776714
0.2,LS_oracle,0.0538750693211365
0.2,LS_oracle,0.08967285021963
0.2,LS_oracle,0.0489665560497692
0.2,LS_oracle,0.0759673627493767
0.2,LS_oracle,0.0310255600619977
0.2,LS_oracle,0.117886847975309
0.2,LS_oracle,0.118741015755938
0.2,LS_oracle,0.112659327010266
0.2,LS_oracle,0.0645976429734056
0.2,LS_oracle,0.0562269291380137
0.2,LS_oracle,0.0636382070621342
0.2,LS_oracle,0.135849642995711
0.2,LS_oracle,0.0895606745614923
0.2,LS_oracle,0.113822517151721
0.2,LS_oracle,0.0490480114186547
0.2,LS_oracle,0.0772796557956175
0.2,LS_oracle,0.063824552199643
0.2,TS_oracle,0.0515254141539168
0.2,TS_oracle,0.0353397152238715
0.2,TS_oracle,0.106620798873263
0.2,TS_oracle,0.0721199797748329
0.2,TS_oracle,0.0740356971714249
0.2,TS_oracle,0.0485964464051463
0.2,TS_oracle,0.0720488385787088
0.2,TS_oracle,0.121661248133708
0.2,TS_oracle,0.115741565313106
0.2,TS_oracle,0.0864303813015794
0.2,TS_oracle,0.0288965699029384
0.2,TS_oracle,0.0935423139476597
0.2,TS_oracle,0.0910360628898861
0.2,TS_oracle,0.0580657796450463
0.2,TS_oracle,0.108282353517654
0.2,TS_oracle,0.0681179433221331
0.2,TS_oracle,0.0237002720435222
0.2,TS_oracle,0.14896346564633
0.2,TS_oracle,0.100935990523765
0.2,TS_oracle,0.0960103334173241
0.2,TS_oracle,0.0821148314869935
0.2,TS_oracle,0.101305502145442
0.2,TS_oracle,0.0602949112485931
0.2,TS_oracle,0.0794337567374632
0.2,TS_oracle,0.0673848107573172
0.2,TS_oracle,0.105878436949156
0.2,TS_oracle,0.0402413521744238
0.2,TS_oracle,0.130404354288942
0.2,TS_oracle,0.0823547480415106
0.2,TS_oracle,0.0530534721561324
0.2,TS_oracle,0.0904374414201479
0.2,TS_oracle,0.0444606935652176
0.2,TS_oracle,0.0532026860055055
0.2,TS_oracle,0.099094713305492
0.2,TS_oracle,0.0652700218196121
0.2,TS_oracle,0.138014893184192
0.2,TS_oracle,0.0395228374372629
0.2,TS_oracle,0.125399731702776
0.2,TS_oracle,0.0698161289689994
0.2,TS_oracle,0.0953627168418776
0.2,TS_oracle,0.0884124422601347
0.2,TS_oracle,0.0554279499997343
0.2,TS_oracle,0.082083742159714
0.2,TS_oracle,0.185423047749993
0.2,TS_oracle,0.10861821593171
0.2,TS_oracle,0.0847064619186013
0.2,TS_oracle,0.0705541340994307
0.2,TS_oracle,0.0719106427585927
0.2,TS_oracle,0.0494427077741497
0.2,TS_oracle,0.0463047041190934
0.2,TS_oracle,0.0708054278473482
0.2,TS_oracle,0.0655245928528869
0.2,TS_oracle,0.0577168722704171
0.2,TS_oracle,0.00129971443215049
0.2,TS_oracle,0.082967381343646
0.2,TS_oracle,0.080943948266949
0.2,TS_oracle,0.051982721501437
0.2,TS_oracle,0.0734903044936412
0.2,TS_oracle,0.114423341336807
0.2,TS_oracle,0.0364783174259746
0.2,TS_oracle,0.0764293928166431
0.2,TS_oracle,0.0797107107570536
0.2,TS_oracle,0.0589587182437228
0.2,TS_oracle,0.0868999047752883
0.2,TS_oracle,0.101428954124497
0.2,TS_oracle,0.0722809657131622
0.2,TS_oracle,0.0737553927139882
0.2,TS_oracle,0.132767520104381
0.2,TS_oracle,0.0449379162694008
0.2,TS_oracle,0.0670040179147264
0.2,TS_oracle,0.0335733352436212
0.2,TS_oracle,0.1197002158196
0.2,TS_oracle,0.0406718905404508
0.2,TS_oracle,0.15334887500868
0.2,TS_oracle,0.0553409826766149
0.2,TS_oracle,0.0392860987318435
0.2,TS_oracle,0.0947570100314421
0.2,TS_oracle,0.0776298614340345
0.2,TS_oracle,0.0786271915223868
0.2,TS_oracle,0.0582709298229076
0.2,TS_oracle,0.0748541102887337
0.2,TS_oracle,-0.0131973822906587
0.2,TS_oracle,0.0887273438995273
0.2,TS_oracle,0.067500054789349
0.2,TS_oracle,0.130501229684836
0.2,TS_oracle,0.0954083068029516
0.2,TS_oracle,0.0288493188440495
0.2,TS_oracle,0.0995043044234045
0.2,TS_oracle,0.0377312914668293
0.2,TS_oracle,0.078156119883108
0.2,TS_oracle,0.101982989191447
0.2,TS_oracle,0.0327663147462265
0.2,TS_oracle,0.112333359423563
0.2,TS_oracle,0.110846309901034
0.2,TS_oracle,0.0657240586828771
0.2,TS_oracle,0.102309529865446
0.2,TS_oracle,0.0144227019195242
0.2,TS_oracle,0.125773068889347
0.2,TS_oracle,0.118993777716397
0.2,TS_oracle,0.0675738867577598
0.2,TS_oracle,0.15953125598459
0.2,TS_oracle,0.10660784549509
0.2,TS_oracle,0.124562212549182
0.2,TS_oracle,0.104717089969823
0.2,TS_oracle,0.0873680034418367
0.2,TS_oracle,0.0721339175448621
0.2,TS_oracle,0.05609325751937
0.2,TS_oracle,0.157656435411346
0.2,TS_oracle,0.113008192582056
0.2,TS_oracle,0.104394671350035
0.2,TS_oracle,0.021120834125713
0.2,TS_oracle,0.0909669488559652
0.2,TS_oracle,0.102843858275689
0.2,TS_oracle,0.0989483719416151
0.2,TS_oracle,0.0613509958401159
0.2,TS_oracle,0.11835708154331
0.2,TS_oracle,0.103570889392754
0.2,TS_oracle,0.0636117271423384
0.2,TS_oracle,0.0758376678122221
0.2,TS_oracle,0.103245367403455
0.2,TS_oracle,0.092053412452102
0.2,TS_oracle,0.0196860891444448
0.2,TS_oracle,0.12550797203075
0.2,TS_oracle,0.129418330764357
0.2,TS_oracle,0.149843409392923
0.2,TS_oracle,0.0429712961529121
0.2,TS_oracle,0.120620492692539
0.2,TS_oracle,0.125260913611414
0.2,TS_oracle,0.0640549283896099
0.2,TS_oracle,0.0955141310431658
0.2,TS_oracle,0.120833861824303
0.2,TS_oracle,0.116676959420442
0.2,TS_oracle,0.054181364331126
0.2,TS_oracle,0.0625447769572622
0.2,TS_oracle,0.114835782415033
0.2,TS_oracle,0.0332045292252188
0.2,TS_oracle,0.151985392394254
0.2,TS_oracle,0.0876966879449461
0.2,TS_oracle,0.0672038273997124
0.2,TS_oracle,0.108966980798429
0.2,TS_oracle,0.18564945302221
0.2,TS_oracle,0.105077280771898
0.2,TS_oracle,0.0509662997043803
0.2,TS_oracle,0.110261179075026
0.2,TS_oracle,0.102560504891406
0.2,TS_oracle,0.061599227361552
0.2,TS_oracle,0.0966415439308801
0.2,TS_oracle,0.0987177171828999
0.2,TS_oracle,0.066903853251997
0.2,TS_oracle,0.10279709354771
0.2,TS_oracle,0.0452690279135173
0.2,TS_oracle,0.103960709519396
0.2,TS_oracle,0.124461741744307
0.2,TS_oracle,0.0826046533058551
0.2,TS_oracle,0.0805099141195773
0.2,TS_oracle,0.105079833211273
0.2,TS_oracle,0.0604620860553289
0.2,TS_oracle,0.0547389864096139
0.2,TS_oracle,0.116062360748739
0.2,TS_oracle,0.0761006490991034
0.2,TS_oracle,0.151184594431382
0.2,TS_oracle,0.138535688404812
0.2,TS_oracle,0.0620908679360617
0.2,TS_oracle,0.0840933889557394
0.2,TS_oracle,0.055228055137462
0.2,TS_oracle,0.0358285498543072
0.2,TS_oracle,0.075746790159765
0.2,TS_oracle,0.0940465271390896
0.2,TS_oracle,0.127231780151763
0.2,TS_oracle,0.0985022939857769
0.2,TS_oracle,0.0481615488775833
0.2,TS_oracle,0.068425517674592
0.2,TS_oracle,0.0856972720353695
0.2,TS_oracle,0.0743918294519048
0.2,TS_oracle,0.0415161465938205
0.2,TS_oracle,0.0851519647554249
0.2,TS_oracle,0.1257463683666
0.2,TS_oracle,0.147905019274118
0.2,TS_oracle,0.127222426662461
0.2,TS_oracle,0.0358839651768201
0.2,TS_oracle,0.0620557900404621
0.2,TS_oracle,0.0542589809197682
0.2,TS_oracle,0.0622725826505592
0.2,TS_oracle,0.0556042431418111
0.2,TS_oracle,0.0870779845819987
0.2,TS_oracle,0.0451644696005917
0.2,TS_oracle,0.0725332947966177
0.2,TS_oracle,0.0288286739067984
0.2,TS_oracle,0.118681367464947
0.2,TS_oracle,0.122037372094142
0.2,TS_oracle,0.110095027825113
0.2,TS_oracle,0.0496243014051105
0.2,TS_oracle,0.0574866279854529
0.2,TS_oracle,0.0632271689625277
0.2,TS_oracle,0.133966231985056
0.2,TS_oracle,0.095312742000059
0.2,TS_oracle,0.112353450700115
0.2,TS_oracle,0.0467472968699163
0.2,TS_oracle,0.0767273270318247
0.2,TS_oracle,0.0671162751037115
0.3,PLS,0.106530708128
0.3,PLS,0.185263197814971
0.3,PLS,0.0484316531304818
0.3,PLS,0.137224774815921
0.3,PLS,0.0977714565526533
0.3,PLS,0.142602799048728
0.3,PLS,0.0325234754042234
0.3,PLS,0.0892345795328742
0.3,PLS,0.0923774916810109
0.3,PLS,0.179309631691771
0.3,PLS,0.118079932824054
0.3,PLS,-0.00723246554614498
0.3,PLS,0.0977455747480862
0.3,PLS,0.0714712999985583
0.3,PLS,0.0778370445579424
0.3,PLS,0.126253155476793
0.3,PLS,0.117772049063505
0.3,PLS,0.061662177606487
0.3,PLS,0.156565116012787
0.3,PLS,0.0855001556861184
0.3,PLS,0.141455619434603
0.3,PLS,0.0307795548044842
0.3,PLS,0.0690736245095138
0.3,PLS,0.0745454649405115
0.3,PLS,0.105455429325377
0.3,PLS,0.0732738024945765
0.3,PLS,0.0162924933475788
0.3,PLS,0.135044361339485
0.3,PLS,0.0695006670246074
0.3,PLS,0.0948743038668267
0.3,PLS,0.109142239290832
0.3,PLS,0.16129804694496
0.3,PLS,0.0502600711426593
0.3,PLS,0.0938831788725136
0.3,PLS,0.111714587265887
0.3,PLS,0.123638415172276
0.3,PLS,0.0706023094118673
0.3,PLS,0.0519628002174835
0.3,PLS,0.0866832802844477
0.3,PLS,0.0454152852715328
0.3,PLS,0.1224353093577
0.3,PLS,0.144950688438762
0.3,PLS,0.0652822941883671
0.3,PLS,0.0235958138498793
0.3,PLS,0.106919843250489
0.3,PLS,0.039388333212681
0.3,PLS,0.0864029068326235
0.3,PLS,0.0430636139605602
0.3,PLS,0.148234290649258
0.3,PLS,0.0442991786797198
0.3,PLS,0.0830709531328606
0.3,PLS,0.0861542882759532
0.3,PLS,0.0918135187511018
0.3,PLS,0.028141085670037
0.3,PLS,0.0809609987649005
0.3,PLS,0.137498495668007
0.3,PLS,0.115024052641059
0.3,PLS,0.0480780861933892
0.3,PLS,0.0797973322291787
0.3,PLS,0.0783578809464738
0.3,PLS,0.117571682697902
0.3,PLS,0.0961640139928264
0.3,PLS,0.0999504948070045
0.3,PLS,0.0844149116610242
0.3,PLS,0.13083733767715
0.3,PLS,0.0552364894948143
0.3,PLS,0.016990778733869
0.3,PLS,0.183786268821198
0.3,PLS,0.120137022718308
0.3,PLS,0.123734607217877
0.3,PLS,0.124328427392033
0.3,PLS,0.0393203952036489
0.3,PLS,0.107365424976816
0.3,PLS,0.0258964137460425
0.3,PLS,0.0902385227357525
0.3,PLS,0.0442362901169542
0.3,PLS,0.0618777107294148
0.3,PLS,0.0765103367186963
0.3,PLS,0.132585027887229
0.3,PLS,0.12186069940847
0.3,PLS,0.0850935995049278
0.3,PLS,0.172987472564301
0.3,PLS,0.0878259935452423
0.3,PLS,0.11978744067637
0.3,PLS,0.040956932643325
0.3,PLS,0.129411726499275
0.3,PLS,0.0224212445841534
0.3,PLS,0.0456820789362369
0.3,PLS,0.0433848305943461
0.3,PLS,0.0746637491386546
0.3,PLS,0.0761998016383709
0.3,PLS,0.0509103442699765
0.3,PLS,0.0566470248360791
0.3,PLS,0.0327791297124733
0.3,PLS,0.00596275942125257
0.3,PLS,0.0813717640895475
0.3,PLS,0.133158052604772
0.3,PLS,0.0573934896875543
0.3,PLS,0.100154792007079
0.3,PLS,0.129940047351333
0.3,PLS,0.0935671184961635
0.3,PLS,0.0478358654381359
0.3,PLS,0.0863402198068046
0.3,PLS,0.107723574861423
0.3,PLS,0.100228703797808
0.3,PLS,0.0658087819007864
0.3,PLS,0.0628357704881555
0.3,PLS,0.050122394629154
0.3,PLS,0.0900442511067285
0.3,PLS,0.0403944610062348
0.3,PLS,0.0752751905659841
0.3,PLS,0.0944814099218128
0.3,PLS,0.0693255436324165
0.3,PLS,0.0335190420866185
0.3,PLS,0.0558458131131612
0.3,PLS,0.0815846160160161
0.3,PLS,0.051512504244752
0.3,PLS,0.0149267434773708
0.3,PLS,0.0538933366794074
0.3,PLS,0.146727548532423
0.3,PLS,0.168398064811124
0.3,PLS,0.0798883782747555
0.3,PLS,0.0973997901942549
0.3,PLS,0.0930701090728012
0.3,PLS,-0.0126157555521292
0.3,PLS,0.0891669202786711
0.3,PLS,0.122079778381329
0.3,PLS,0.0866029669024002
0.3,PLS,0.202289421336876
0.3,PLS,0.0933700184978343
0.3,PLS,0.0621761738810389
0.3,PLS,0.12875918770532
0.3,PLS,0.140283175253179
0.3,PLS,0.0350990131925302
0.3,PLS,0.152360063851999
0.3,PLS,0.0586242938511878
0.3,PLS,0.125618094882641
0.3,PLS,0.122241268236084
0.3,PLS,0.120223687589182
0.3,PLS,0.106542309279081
0.3,PLS,0.113447224696263
0.3,PLS,0.278365085946412
0.3,PLS,0.137342124081794
0.3,PLS,0.11192250814071
0.3,PLS,0.0538619174704944
0.3,PLS,0.063724318550471
0.3,PLS,0.141066776545089
0.3,PLS,0.10329535848148
0.3,PLS,0.125105788125618
0.3,PLS,0.108647800863635
0.3,PLS,0.150579523074218
0.3,PLS,0.126906451647035
0.3,PLS,0.068294120078402
0.3,PLS,0.131641053745079
0.3,PLS,0.0245709049553251
0.3,PLS,0.105170174759111
0.3,PLS,0.12842128259704
0.3,PLS,0.0856366203387107
0.3,PLS,0.056292390507251
0.3,PLS,0.0150485037461114
0.3,PLS,0.0730678420122877
0.3,PLS,0.0164898427077547
0.3,PLS,0.0975720485190528
0.3,PLS,0.17979332021824
0.3,PLS,0.0818430175889269
0.3,PLS,0.153521516150683
0.3,PLS,0.0628113692020547
0.3,PLS,0.0872844129858723
0.3,PLS,0.0506182768385883
0.3,PLS,0.124110044607715
0.3,PLS,0.0957126128384129
0.3,PLS,0.11887381708363
0.3,PLS,0.142338675590649
0.3,PLS,0.0548991528109783
0.3,PLS,0.0154301163147184
0.3,PLS,0.0614824015774602
0.3,PLS,0.128524066703371
0.3,PLS,0.0709695219036099
0.3,PLS,0.140791247988225
0.3,PLS,0.0291662542063602
0.3,PLS,0.116421073674675
0.3,PLS,0.112569467601184
0.3,PLS,0.155311522417098
0.3,PLS,0.11649276255466
0.3,PLS,0.0902018919091039
0.3,PLS,0.0650294703831551
0.3,PLS,0.0385044518886801
0.3,PLS,0.0910016623809893
0.3,PLS,0.154501177071869
0.3,PLS,0.0934085398625073
0.3,PLS,0.0757737190682732
0.3,PLS,0.110343736670263
0.3,PLS,0.11144087931052
0.3,PLS,0.108786482466195
0.3,PLS,0.111253813221559
0.3,PLS,0.102443450549494
0.3,PLS,0.199803718505026
0.3,PLS,0.104660352177143
0.3,PLS,0.11581729080742
0.3,PLS,0.0397623131914413
0.3,fTS,0.102592645393585
0.3,fTS,0.183642123184899
0.3,fTS,0.0463454904553364
0.3,fTS,0.140526352317794
0.3,fTS,0.098670903966074
0.3,fTS,0.1381683105048
0.3,fTS,0.0363792581074898
0.3,fTS,0.0894027839793079
0.3,fTS,0.0923019448767912
0.3,fTS,0.169459759837757
0.3,fTS,0.132572209690432
0.3,fTS,-0.0131225982405442
0.3,fTS,0.104114161975612
0.3,fTS,0.0777393623182268
0.3,fTS,0.0732859687929321
0.3,fTS,0.119898822874315
0.3,fTS,0.11392179571299
0.3,fTS,0.0605920349337479
0.3,fTS,0.152374192538634
0.3,fTS,0.0861686729069575
0.3,fTS,0.123220697831098
0.3,fTS,0.0275436162093055
0.3,fTS,0.0608292907371908
0.3,fTS,0.0716342154628882
0.3,fTS,0.0934050159510802
0.3,fTS,0.0741351858886379
0.3,fTS,0.0172294283897738
0.3,fTS,0.1245933291554
0.3,fTS,0.0567235969345432
0.3,fTS,0.11414436933149
0.3,fTS,0.098076190423301
0.3,fTS,0.16825213405836
0.3,fTS,0.0370679765140265
0.3,fTS,0.0927152374806541
0.3,fTS,0.110187068965874
0.3,fTS,0.116764332034744
0.3,fTS,0.0634262310536515
0.3,fTS,0.0463974720972549
0.3,fTS,0.0832650660436387
0.3,fTS,0.040401421075194
0.3,fTS,0.119410451163775
0.3,fTS,0.134657489102205
0.3,fTS,0.0654041337186333
0.3,fTS,0.0195310391137087
0.3,fTS,0.105690632282958
0.3,fTS,0.0424998171922757
0.3,fTS,0.0800775499764872
0.3,fTS,0.0303787301126295
0.3,fTS,0.137483910070488
0.3,fTS,0.0457913503072882
0.3,fTS,0.082258328222037
0.3,fTS,0.0690411038844303
0.3,fTS,0.0928183666003681
0.3,fTS,0.0319948439669826
0.3,fTS,0.0903407604796795
0.3,fTS,0.133442519444677
0.3,fTS,0.105790541159684
0.3,fTS,0.0401939789191685
0.3,fTS,0.0757947080982055
0.3,fTS,0.121642673341218
0.3,fTS,0.113042561644082
0.3,fTS,0.0907205743323187
0.3,fTS,0.0965403493154648
0.3,fTS,0.0675104100215342
0.3,fTS,0.114959597771372
0.3,fTS,0.0535316003425226
0.3,fTS,0.00144388593289579
0.3,fTS,0.185214585969465
0.3,fTS,0.0645333589057449
0.3,fTS,0.12233713961498
0.3,fTS,0.124287731175623
0.3,fTS,0.0407655005172054
0.3,fTS,0.0991455221466069
0.3,fTS,0.0256058945544984
0.3,fTS,0.0762913653873569
0.3,fTS,0.0403763535006747
0.3,fTS,0.0591823600891677
0.3,fTS,0.0774709190154952
0.3,fTS,0.13518409641358
0.3,fTS,0.11945793840633
0.3,fTS,0.0835314632556503
0.3,fTS,0.178460949401354
0.3,fTS,0.0648996165264417
0.3,fTS,0.12069949711175
0.3,fTS,0.0483676680058387
0.3,fTS,0.119557263446545
0.3,fTS,0.0217284925384249
0.3,fTS,0.0369643330797662
0.3,fTS,0.0379917810177999
0.3,fTS,0.0742373178303042
0.3,fTS,0.0814412274238412
0.3,fTS,0.0549776491596652
0.3,fTS,0.0547425126321004
0.3,fTS,0.0314822695703931
0.3,fTS,0.0083477400685803
0.3,fTS,0.0681610898950893
0.3,fTS,0.114678823124282
0.3,fTS,0.0459583486062549
0.3,fTS,0.085890103920117
0.3,fTS,0.127395366624691
0.3,fTS,0.0886540645158285
0.3,fTS,0.0392139834341854
0.3,fTS,0.0840096994411381
0.3,fTS,0.104914535096627
0.3,fTS,0.102401294793641
0.3,fTS,0.0673736963036884
0.3,fTS,0.0676805131352958
0.3,fTS,0.0530926232001683
0.3,fTS,0.0865824755742877
0.3,fTS,0.0201743723975105
0.3,fTS,0.0721072396159554
0.3,fTS,0.0943110435292551
0.3,fTS,0.06475738886385
0.3,fTS,0.0442886211336533
0.3,fTS,0.113939969493039
0.3,fTS,0.0688449716887223
0.3,fTS,0.058624487073947
0.3,fTS,0.015264955619676
0.3,fTS,0.0552018792430429
0.3,fTS,0.143740664897446
0.3,fTS,0.162908070584013
0.3,fTS,0.0720980432057543
0.3,fTS,0.0988866595249935
0.3,fTS,0.0952798469079883
0.3,fTS,-0.0220553991048322
0.3,fTS,0.089383120986644
0.3,fTS,0.125661647721772
0.3,fTS,0.075414553999555
0.3,fTS,0.183171385707712
0.3,fTS,0.0855833607343475
0.3,fTS,0.0634502490205386
0.3,fTS,0.124758503924532
0.3,fTS,0.112854751451092
0.3,fTS,0.0320928803133331
0.3,fTS,0.150658950357466
0.3,fTS,0.051447365405805
0.3,fTS,0.126576287726494
0.3,fTS,0.123526758877815
0.3,fTS,0.107244897926512
0.3,fTS,0.0991650826999586
0.3,fTS,0.0914558296909997
0.3,fTS,0.291209088448246
0.3,fTS,0.137696403693981
0.3,fTS,0.110224305306123
0.3,fTS,0.0512443033104624
0.3,fTS,0.0773811833469404
0.3,fTS,0.132708574690422
0.3,fTS,0.0952568478911047
0.3,fTS,0.118885274982686
0.3,fTS,0.108537285855031
0.3,fTS,0.141626031757412
0.3,fTS,0.100274169678498
0.3,fTS,0.0664643490302026
0.3,fTS,0.12859013619742
0.3,fTS,0.0246061420314536
0.3,fTS,0.103175314733314
0.3,fTS,0.114128891401138
0.3,fTS,0.0848726587255249
0.3,fTS,0.0497992886890759
0.3,fTS,-0.00965876627635875
0.3,fTS,0.0648648370630192
0.3,fTS,0.0176204191601785
0.3,fTS,0.0901739402103781
0.3,fTS,0.17690588256288
0.3,fTS,0.075887017691797
0.3,fTS,0.142967211964556
0.3,fTS,0.076546662263568
0.3,fTS,0.0853512182022
0.3,fTS,0.0597206747121217
0.3,fTS,0.115250874253173
0.3,fTS,0.094927944755451
0.3,fTS,0.113668719694677
0.3,fTS,0.137007630819026
0.3,fTS,0.0501855993091664
0.3,fTS,0.0201617681984063
0.3,fTS,0.059842938275521
0.3,fTS,0.11457794657442
0.3,fTS,0.0637316804181023
0.3,fTS,0.146989827847232
0.3,fTS,0.0289232782443223
0.3,fTS,0.107227915740447
0.3,fTS,0.105584325882051
0.3,fTS,0.137999661609087
0.3,fTS,0.119056736861102
0.3,fTS,0.0910712956481232
0.3,fTS,0.0623954209826227
0.3,fTS,0.044268597331568
0.3,fTS,0.0815353457447061
0.3,fTS,0.139487656308115
0.3,fTS,0.0917897629769953
0.3,fTS,0.066602387426226
0.3,fTS,0.093470299557787
0.3,fTS,0.116912624122487
0.3,fTS,0.115722185017724
0.3,fTS,0.112565687068691
0.3,fTS,0.0993075912892121
0.3,fTS,0.198157825161907
0.3,fTS,0.11050692163258
0.3,fTS,0.123847987821938
0.3,fTS,0.0418094074618636
0.3,LS_oracle,0.106800499775995
0.3,LS_oracle,0.182371143208623
0.3,LS_oracle,0.048133050350921
0.3,LS_oracle,0.140072020110506
0.3,LS_oracle,0.094346601160489
0.3,LS_oracle,0.142224697180403
0.3,LS_oracle,0.0330400512538762
0.3,LS_oracle,0.0901475195224213
0.3,LS_oracle,0.0923250706253642
0.3,LS_oracle,0.181987121893831
0.3,LS_oracle,0.117050558441082
0.3,LS_oracle,-0.0126147975365797
0.3,LS_oracle,0.095799355746975
0.3,LS_oracle,0.0703542968469675
0.3,LS_oracle,0.0730809737753708
0.3,LS_oracle,0.123140636031896
0.3,LS_oracle,0.116989335926068
0.3,LS_oracle,0.0585681861501057
0.3,LS_oracle,0.157245664352856
0.3,LS_oracle,0.0843362694518839
0.3,LS_oracle,0.140315242212722
0.3,LS_oracle,0.0311905432886808
0.3,LS_oracle,0.0686234045675618
0.3,LS_oracle,0.0676515115869609
0.3,LS_oracle,0.104313540891085
0.3,LS_oracle,0.0705103318563303
0.3,LS_oracle,0.0155476665476173
0.3,LS_oracle,0.133145972095769
0.3,LS_oracle,0.0548253530886238
0.3,LS_oracle,0.110636676687049
0.3,LS_oracle,0.107718761193809
0.3,LS_oracle,0.163033727767085
0.3,LS_oracle,0.0499280780299123
0.3,LS_oracle,0.0939683091377641
0.3,LS_oracle,0.111707982750783
0.3,LS_oracle,0.126454728219279
0.3,LS_oracle,0.0707171488321485
0.3,LS_oracle,0.0953989488474596
0.3,LS_oracle,0.0874590235664408
0.3,LS_oracle,0.0454627432779338
0.3,LS_oracle,0.123562526274928
0.3,LS_oracle,0.145652033070773
0.3,LS_oracle,0.0655635322410377
0.3,LS_oracle,0.0206241624548682
0.3,LS_oracle,0.107284067363337
0.3,LS_oracle,0.0374419386255744
0.3,LS_oracle,0.0866434580074495
0.3,LS_oracle,0.0376745744254858
0.3,LS_oracle,0.147132909623223
0.3,LS_oracle,0.043596137648664
0.3,LS_oracle,0.0834950206531238
0.3,LS_oracle,0.0798591204968393
0.3,LS_oracle,0.0931181187026282
0.3,LS_oracle,0.0287548716283132
0.3,LS_oracle,0.0851694999671353
0.3,LS_oracle,0.143109003876878
0.3,LS_oracle,0.114171693230493
0.3,LS_oracle,0.0443396359647765
0.3,LS_oracle,0.0806381483514844
0.3,LS_oracle,0.0737142822233687
0.3,LS_oracle,0.119348230154843
0.3,LS_oracle,0.0992289277900564
0.3,LS_oracle,0.0997338568441699
0.3,LS_oracle,0.0839479483830012
0.3,LS_oracle,0.129359571705405
0.3,LS_oracle,0.0529978073799908
0.3,LS_oracle,0.0153960396296207
0.3,LS_oracle,0.181427765157074
0.3,LS_oracle,0.119003542499468
0.3,LS_oracle,0.126075311223629
0.3,LS_oracle,0.123896732605471
0.3,LS_oracle,0.0468314602842552
0.3,LS_oracle,0.108296863319039
0.3,LS_oracle,0.0262189991992177
0.3,LS_oracle,0.088980006979108
0.3,LS_oracle,0.0394279140443132
0.3,LS_oracle,0.0619485859609574
0.3,LS_oracle,0.0758056381853212
0.3,LS_oracle,0.132587257242799
0.3,LS_oracle,0.11553977985379
0.3,LS_oracle,0.0863087557419149
0.3,LS_oracle,0.172493260093909
0.3,LS_oracle,0.0864042955888729
0.3,LS_oracle,0.123220184602064
0.3,LS_oracle,0.0427724497716184
0.3,LS_oracle,0.135036782249224
0.3,LS_oracle,0.0290802725343453
0.3,LS_oracle,0.0428470114586559
0.3,LS_oracle,0.0441450557694005
0.3,LS_oracle,0.0732873008052284
0.3,LS_oracle,0.0764075316494177
0.3,LS_oracle,0.0437424228779246
0.3,LS_oracle,0.0553091727410684
0.3,LS_oracle,0.0327808191211252
0.3,LS_oracle,0.00697635170066202
0.3,LS_oracle,0.0805237681173494
0.3,LS_oracle,0.144577451511391
0.3,LS_oracle,0.0566758145474933
0.3,LS_oracle,0.100408388111946
0.3,LS_oracle,0.129188437225698
0.3,LS_oracle,0.0976088532387656
0.3,LS_oracle,0.0533419291544965
0.3,LS_oracle,0.0800850633041501
0.3,LS_oracle,0.108079800821649
0.3,LS_oracle,0.1008842874416
0.3,LS_oracle,0.0687577274930984
0.3,LS_oracle,0.062789637571983
0.3,LS_oracle,0.0499072208043034
0.3,LS_oracle,0.0897357845040323
0.3,LS_oracle,0.0415524777658438
0.3,LS_oracle,0.0743112833942663
0.3,LS_oracle,0.0927307809143425
0.3,LS_oracle,0.0604295481741932
0.3,LS_oracle,0.0317867845624085
0.3,LS_oracle,0.0562197308486643
0.3,LS_oracle,0.080396480449852
0.3,LS_oracle,0.0507237288780575
0.3,LS_oracle,0.000418485469398711
0.3,LS_oracle,0.0503534059327222
0.3,LS_oracle,0.144140097752385
0.3,LS_oracle,0.167822517379671
0.3,LS_oracle,0.0797863482924597
0.3,LS_oracle,0.0983262223656181
0.3,LS_oracle,0.0931982514925849
0.3,LS_oracle,-0.0128943587753706
0.3,LS_oracle,0.0889527029554322
0.3,LS_oracle,0.124058298996349
0.3,LS_oracle,0.08225273459328
0.3,LS_oracle,0.168037769033577
0.3,LS_oracle,0.0902727906296914
0.3,LS_oracle,0.060410863794951
0.3,LS_oracle,0.128461942498863
0.3,LS_oracle,0.140043086222637
0.3,LS_oracle,0.040746895189443
0.3,LS_oracle,0.151126901703048
0.3,LS_oracle,0.0605642780507021
0.3,LS_oracle,0.124875000906418
0.3,LS_oracle,0.123459782898567
0.3,LS_oracle,0.11985623609639
0.3,LS_oracle,0.107926594598146
0.3,LS_oracle,0.111265799231368
0.3,LS_oracle,0.274779978642722
0.3,LS_oracle,0.140599730931979
0.3,LS_oracle,0.106003547773642
0.3,LS_oracle,0.0516954121382367
0.3,LS_oracle,0.0877463681856339
0.3,LS_oracle,0.132454833506847
0.3,LS_oracle,0.103031750806401
0.3,LS_oracle,0.127151210563973
0.3,LS_oracle,0.109728679999736
0.3,LS_oracle,0.152985084799353
0.3,LS_oracle,0.119863759030869
0.3,LS_oracle,0.0659781234325894
0.3,LS_oracle,0.129289430845567
0.3,LS_oracle,0.0182354453564635
0.3,LS_oracle,0.102327202348321
0.3,LS_oracle,0.12627043162975
0.3,LS_oracle,0.0849547714160714
0.3,LS_oracle,0.0550785818083162
0.3,LS_oracle,0.00727598315699596
0.3,LS_oracle,0.0634509106721217
0.3,LS_oracle,0.0170450409054872
0.3,LS_oracle,0.0947907307249769
0.3,LS_oracle,0.176685977715312
0.3,LS_oracle,0.0814101038261084
0.3,LS_oracle,0.1502947066292
0.3,LS_oracle,0.114448487354248
0.3,LS_oracle,0.0869923659837157
0.3,LS_oracle,0.0504788732630426
0.3,LS_oracle,0.120063993718613
0.3,LS_oracle,0.0957155237235827
0.3,LS_oracle,0.118256150493898
0.3,LS_oracle,0.141913086537278
0.3,LS_oracle,0.0539697031980078
0.3,LS_oracle,0.017545114861895
0.3,LS_oracle,0.0658042686613989
0.3,LS_oracle,0.100444035847268
0.3,LS_oracle,0.0695856779244715
0.3,LS_oracle,0.139310009218939
0.3,LS_oracle,0.0298390425386483
0.3,LS_oracle,0.116509108427263
0.3,LS_oracle,0.113565989330309
0.3,LS_oracle,0.141218403305388
0.3,LS_oracle,0.112160813626042
0.3,LS_oracle,0.0881258585159705
0.3,LS_oracle,0.0663346186295801
0.3,LS_oracle,0.0416556132652628
0.3,LS_oracle,0.0909251928879247
0.3,LS_oracle,0.153033835195626
0.3,LS_oracle,0.0933591880275355
0.3,LS_oracle,0.0752805744774541
0.3,LS_oracle,0.101278828631777
0.3,LS_oracle,0.112292772268904
0.3,LS_oracle,0.108944748593194
0.3,LS_oracle,0.109540760446904
0.3,LS_oracle,0.0891397353363992
0.3,LS_oracle,0.191689293510945
0.3,LS_oracle,0.104435630648116
0.3,LS_oracle,0.122310275859583
0.3,LS_oracle,0.0385102555358583
0.3,TS_oracle,0.102629515791512
0.3,TS_oracle,0.180749612909424
0.3,TS_oracle,0.0466417041366762
0.3,TS_oracle,0.138569956193646
0.3,TS_oracle,0.0952979838838302
0.3,TS_oracle,0.138121269095931
0.3,TS_oracle,0.0362370040686564
0.3,TS_oracle,0.0893245530145403
0.3,TS_oracle,0.0920882081833243
0.3,TS_oracle,0.170175124502605
0.3,TS_oracle,0.119505147567572
0.3,TS_oracle,0.00594886938551076
0.3,TS_oracle,0.102729538169505
0.3,TS_oracle,0.0773555020135082
0.3,TS_oracle,0.0688217378155427
0.3,TS_oracle,0.116777870075824
0.3,TS_oracle,0.112605568018704
0.3,TS_oracle,0.0588609804887692
0.3,TS_oracle,0.154273045673238
0.3,TS_oracle,0.0850943144947203
0.3,TS_oracle,0.11896854502428
0.3,TS_oracle,0.0277465572545337
0.3,TS_oracle,0.0606461144619044
0.3,TS_oracle,0.0681502481302851
0.3,TS_oracle,0.0934225631088292
0.3,TS_oracle,0.066660873135854
0.3,TS_oracle,0.0169954566429789
0.3,TS_oracle,0.125308595061299
0.3,TS_oracle,0.0536117622580057
0.3,TS_oracle,0.112461360740189
0.3,TS_oracle,0.0966917328271504
0.3,TS_oracle,0.167901074514039
0.3,TS_oracle,0.0371991961902778
0.3,TS_oracle,0.0925618653750104
0.3,TS_oracle,0.109566230832059
0.3,TS_oracle,0.11783664643029
0.3,TS_oracle,0.06258001241247
0.3,TS_oracle,0.0449945118118782
0.3,TS_oracle,0.0854628897134793
0.3,TS_oracle,0.0401089007557958
0.3,TS_oracle,0.119704360514393
0.3,TS_oracle,0.13545970170395
0.3,TS_oracle,0.0662644745349021
0.3,TS_oracle,0.0194899808588538
0.3,TS_oracle,0.105814439354194
0.3,TS_oracle,0.041610829097712
0.3,TS_oracle,0.0801013070874939
0.3,TS_oracle,0.0280562898157204
0.3,TS_oracle,0.135233195047414
0.3,TS_oracle,0.0441665226221768
0.3,TS_oracle,0.0810459479357555
0.3,TS_oracle,0.0682963027017789
0.3,TS_oracle,0.0933651815287315
0.3,TS_oracle,0.0324842961770881
0.3,TS_oracle,0.0914047290668216
0.3,TS_oracle,0.135528418111027
0.3,TS_oracle,0.104113596258666
0.3,TS_oracle,0.0421637539631727
0.3,TS_oracle,0.0762620439263011
0.3,TS_oracle,0.0675794148805644
0.3,TS_oracle,0.112626970438935
0.3,TS_oracle,0.0909884721842198
0.3,TS_oracle,0.0963257918333951
0.3,TS_oracle,0.0675527825834263
0.3,TS_oracle,0.114994731200413
0.3,TS_oracle,0.0511949852148796
0.3,TS_oracle,0.000703497947135423
0.3,TS_oracle,0.179837584059438
0.3,TS_oracle,0.117997773662295
0.3,TS_oracle,0.121090211549457
0.3,TS_oracle,0.123923396792998
0.3,TS_oracle,0.0434913209135024
0.3,TS_oracle,0.0991697592588141
0.3,TS_oracle,0.0255250281636783
0.3,TS_oracle,0.0781783116888128
0.3,TS_oracle,0.0382483099102695
0.3,TS_oracle,0.0592857382223619
0.3,TS_oracle,0.074849149075831
0.3,TS_oracle,0.133133849630305
0.3,TS_oracle,0.116720441332038
0.3,TS_oracle,0.0831400041859645
0.3,TS_oracle,0.165454509202219
0.3,TS_oracle,0.0644248689413485
0.3,TS_oracle,0.122216178635809
0.3,TS_oracle,0.0492554956045197
0.3,TS_oracle,0.121940512901779
0.3,TS_oracle,0.0224521940948987
0.3,TS_oracle,0.0355643572638511
0.3,TS_oracle,0.0375949305527328
0.3,TS_oracle,0.0727565899360172
0.3,TS_oracle,0.0804982946856803
0.3,TS_oracle,0.0449234930526927
0.3,TS_oracle,0.0537673166502899
0.3,TS_oracle,0.0303104175875313
0.3,TS_oracle,0.00923222502465237
0.3,TS_oracle,0.0683172618196475
0.3,TS_oracle,0.117998726439185
0.3,TS_oracle,0.0454344628781189
0.3,TS_oracle,0.085460669448701
0.3,TS_oracle,0.125146887767778
0.3,TS_oracle,0.0915007966607291
0.3,TS_oracle,0.0423860793012301
0.3,TS_oracle,0.0825127203882148
0.3,TS_oracle,0.10498310175183
0.3,TS_oracle,0.102163294443089
0.3,TS_oracle,0.068383614363521
0.3,TS_oracle,0.0672000567108053
0.3,TS_oracle,0.0525915607170975
0.3,TS_oracle,0.0863785668609471
0.3,TS_oracle,0.021147448422588
0.3,TS_oracle,0.0699363425733102
0.3,TS_oracle,0.091052845565109
0.3,TS_oracle,0.059689660516288
0.3,TS_oracle,0.0440525870924673
0.3,TS_oracle,0.061120494597289
0.3,TS_oracle,0.0649683794570415
0.3,TS_oracle,0.0582789260743219
0.3,TS_oracle,0.00145957348061021
0.3,TS_oracle,0.0541270622082182
0.3,TS_oracle,0.139745244855492
0.3,TS_oracle,0.164018059199882
0.3,TS_oracle,0.0720433657988322
0.3,TS_oracle,0.0997735791407324
0.3,TS_oracle,0.0943837754853536
0.3,TS_oracle,-0.0220911961243581
0.3,TS_oracle,0.0891810520040601
0.3,TS_oracle,0.126590540520229
0.3,TS_oracle,0.075002943208391
0.3,TS_oracle,0.214945489776793
0.3,TS_oracle,0.0836749395518217
0.3,TS_oracle,0.0632460715301251
0.3,TS_oracle,0.121570933530581
0.3,TS_oracle,0.112520272350847
0.3,TS_oracle,0.0343872575931086
0.3,TS_oracle,0.151295617603364
0.3,TS_oracle,0.052303764787774
0.3,TS_oracle,0.126337774190667
0.3,TS_oracle,0.125257062462139
0.3,TS_oracle,0.106299560604164
0.3,TS_oracle,0.0996054819741965
0.3,TS_oracle,0.0912908134013852
0.3,TS_oracle,0.281634983508719
0.3,TS_oracle,0.136695640114077
0.3,TS_oracle,0.108007663097505
0.3,TS_oracle,0.0487334137313278
0.3,TS_oracle,0.0772181175404276
0.3,TS_oracle,0.120281459204707
0.3,TS_oracle,0.0968087851646846
0.3,TS_oracle,0.119450878718925
0.3,TS_oracle,0.108391236502534
0.3,TS_oracle,0.14122134786461
0.3,TS_oracle,0.0980520725121941
0.3,TS_oracle,0.066052222584992
0.3,TS_oracle,0.128898983649895
0.3,TS_oracle,0.0191713981546329
0.3,TS_oracle,0.101632039819116
0.3,TS_oracle,0.113580476326287
0.3,TS_oracle,0.084751932000704
0.3,TS_oracle,0.0499045622231504
0.3,TS_oracle,-0.00914973118120443
0.3,TS_oracle,0.0607130047962479
0.3,TS_oracle,0.0171658970723545
0.3,TS_oracle,0.087631536333898
0.3,TS_oracle,0.175199911907512
0.3,TS_oracle,0.076477212351433
0.3,TS_oracle,0.141109766408211
0.3,TS_oracle,0.125598463571875
0.3,TS_oracle,0.0840331358707846
0.3,TS_oracle,0.0590156819473606
0.3,TS_oracle,0.112273342936764
0.3,TS_oracle,0.0949688628751135
0.3,TS_oracle,0.113163770077422
0.3,TS_oracle,0.137197582188677
0.3,TS_oracle,0.0495931429239749
0.3,TS_oracle,0.0212672326744441
0.3,TS_oracle,0.0599663071015364
0.3,TS_oracle,0.0909955150746922
0.3,TS_oracle,0.064334604337291
0.3,TS_oracle,0.145682525958462
0.3,TS_oracle,0.0285492148683049
0.3,TS_oracle,0.10729611368394
0.3,TS_oracle,0.105687165628209
0.3,TS_oracle,0.135266756006906
0.3,TS_oracle,0.109401202542572
0.3,TS_oracle,0.0880716246289204
0.3,TS_oracle,0.0631550523265476
0.3,TS_oracle,0.0428207744973172
0.3,TS_oracle,0.0824008255122064
0.3,TS_oracle,0.137524694979869
0.3,TS_oracle,0.0928201426617965
0.3,TS_oracle,0.066120312245584
0.3,TS_oracle,0.0934989618413324
0.3,TS_oracle,0.117308895240274
0.3,TS_oracle,0.112224194960894
0.3,TS_oracle,0.107021229744364
0.3,TS_oracle,0.0913452183340162
0.3,TS_oracle,0.191163547250461
0.3,TS_oracle,0.110369128742517
0.3,TS_oracle,0.117260805887532
0.3,TS_oracle,0.0395334714604592
0.4,PLS,0.00582967947459068
0.4,PLS,0.0509350468932708
0.4,PLS,0.0649649449040719
0.4,PLS,0.0887322449707366
0.4,PLS,0.049738956863518
0.4,PLS,0.138181284229265
0.4,PLS,0.050644423813635
0.4,PLS,0.035086725755425
0.4,PLS,0.0992136586546217
0.4,PLS,0.0979355343649875
0.4,PLS,0.0860016463036364
0.4,PLS,0.0354223124737363
0.4,PLS,0.0229888562724776
0.4,PLS,0.0597964445789161
0.4,PLS,0.0967008872161081
0.4,PLS,0.0940174061321097
0.4,PLS,0.0815612517664217
0.4,PLS,0.0571537460249094
0.4,PLS,0.105402251115496
0.4,PLS,-0.00825697770899536
0.4,PLS,0.125427370834317
0.4,PLS,0.0880296848658373
0.4,PLS,0.0689134866638568
0.4,PLS,0.0244046963039504
0.4,PLS,0.0253660426846933
0.4,PLS,0.134933316133646
0.4,PLS,0.123027332144934
0.4,PLS,0.0615244667083503
0.4,PLS,0.0896494640453205
0.4,PLS,0.114105309499515
0.4,PLS,0.106939339870927
0.4,PLS,0.129807903814121
0.4,PLS,0.09754300841939
0.4,PLS,0.0676275652558456
0.4,PLS,0.106430740404279
0.4,PLS,0.0765049874573864
0.4,PLS,0.158468760186877
0.4,PLS,0.0694493190919852
0.4,PLS,0.0831063415431361
0.4,PLS,0.0726481629938038
0.4,PLS,0.110921017489847
0.4,PLS,0.0480886420665247
0.4,PLS,0.111206330025015
0.4,PLS,0.0460397234855132
0.4,PLS,0.0536653289991884
0.4,PLS,0.0450319482789863
0.4,PLS,0.112118916299801
0.4,PLS,0.175426823635985
0.4,PLS,0.0655361361018227
0.4,PLS,0.126307746844202
0.4,PLS,0.0840944155978269
0.4,PLS,0.0707453595896641
0.4,PLS,0.0802912826280566
0.4,PLS,0.111328131401631
0.4,PLS,0.220075382335788
0.4,PLS,0.0812281698420607
0.4,PLS,0.065256533988322
0.4,PLS,0.122531148120937
0.4,PLS,0.124533249781499
0.4,PLS,0.0655776751469586
0.4,PLS,0.0576682231671488
0.4,PLS,0.0927187245720347
0.4,PLS,0.105122563801215
0.4,PLS,0.066925793673313
0.4,PLS,0.102935586447666
0.4,PLS,0.0326232819722914
0.4,PLS,0.023292997665459
0.4,PLS,0.132348427812727
0.4,PLS,0.0117774913401854
0.4,PLS,0.0891727065073762
0.4,PLS,0.146023322794675
0.4,PLS,0.0479408321860082
0.4,PLS,0.110559639582483
0.4,PLS,0.0696745040987981
0.4,PLS,0.110379379612791
0.4,PLS,0.0775489424514537
0.4,PLS,0.0631449068973087
0.4,PLS,0.098331568097473
0.4,PLS,0.0784774727350064
0.4,PLS,0.0992395007597198
0.4,PLS,0.0709456775766131
0.4,PLS,0.138252366759415
0.4,PLS,0.157971152122301
0.4,PLS,0.123492920807272
0.4,PLS,0.0848839639792696
0.4,PLS,0.147379741871083
0.4,PLS,0.177054663748237
0.4,PLS,0.148408955570744
0.4,PLS,0.0269816292891749
0.4,PLS,0.0933968349228627
0.4,PLS,0.119167508481352
0.4,PLS,0.029337072395714
0.4,PLS,0.135114133571061
0.4,PLS,0.107963803712221
0.4,PLS,0.0645514303108845
0.4,PLS,0.125621731236883
0.4,PLS,0.0319769169631547
0.4,PLS,0.0506859405660081
0.4,PLS,0.0665031389678121
0.4,PLS,0.0642168430098244
0.4,PLS,0.0924510635610329
0.4,PLS,0.0982301494138715
0.4,PLS,0.140274612396571
0.4,PLS,0.041024527259536
0.4,PLS,0.0198056791268575
0.4,PLS,0.0230303131059277
0.4,PLS,0.0692338600589653
0.4,PLS,0.07380625754007
0.4,PLS,0.0442860249548389
0.4,PLS,0.0892543113133915
0.4,PLS,0.0421484825872234
0.4,PLS,0.0899648206512844
0.4,PLS,0.0448977374612178
0.4,PLS,0.0867824062099696
0.4,PLS,0.0854689697625772
0.4,PLS,0.120904677308654
0.4,PLS,0.0714016055689242
0.4,PLS,0.167564690960803
0.4,PLS,0.105382746072684
0.4,PLS,0.0580875613866088
0.4,PLS,0.0485333778759278
0.4,PLS,0.0777590498787839
0.4,PLS,0.0812567246883842
0.4,PLS,0.149016510586604
0.4,PLS,0.152999068009218
0.4,PLS,0.0786006358322298
0.4,PLS,0.0322901629303352
0.4,PLS,0.110198107404113
0.4,PLS,0.0848628265438773
0.4,PLS,0.127412026044501
0.4,PLS,0.077919993542277
0.4,PLS,0.0757325335560457
0.4,PLS,0.109072500421048
0.4,PLS,0.141178180784931
0.4,PLS,0.0320532011621126
0.4,PLS,0.0880137809423269
0.4,PLS,0.132746099887927
0.4,PLS,0.0573600267400232
0.4,PLS,0.060953645844759
0.4,PLS,0.11624495783939
0.4,PLS,0.0433588712233022
0.4,PLS,0.0717529763132787
0.4,PLS,0.0981555580252473
0.4,PLS,0.0903897433499772
0.4,PLS,0.116855711445965
0.4,PLS,0.022408224468512
0.4,PLS,0.161164551583666
0.4,PLS,0.106573066368778
0.4,PLS,0.116910900748266
0.4,PLS,0.106703238954543
0.4,PLS,0.0632085229116968
0.4,PLS,0.10620072433912
0.4,PLS,0.0885727151484155
0.4,PLS,0.112443566132715
0.4,PLS,0.0411594530497257
0.4,PLS,0.130494643166355
0.4,PLS,0.101876893792294
0.4,PLS,0.140944647899286
0.4,PLS,0.130524889490393
0.4,PLS,0.0826016943604155
0.4,PLS,0.0807464153517359
0.4,PLS,0.112543012590667
0.4,PLS,0.117214906590493
0.4,PLS,0.0785756917014642
0.4,PLS,0.113828963651194
0.4,PLS,0.0882899404891797
0.4,PLS,0.0918332125556618
0.4,PLS,0.1034030148907
0.4,PLS,0.0584017212554493
0.4,PLS,0.112225537771941
0.4,PLS,0.0287343295570417
0.4,PLS,0.0984728912031794
0.4,PLS,0.114197655526576
0.4,PLS,0.116744409080086
0.4,PLS,0.117121254928917
0.4,PLS,0.152204363297826
0.4,PLS,0.0222218945067185
0.4,PLS,0.125013875361214
0.4,PLS,0.0619431211188184
0.4,PLS,0.144446680766462
0.4,PLS,0.18620416013957
0.4,PLS,0.0851284069211553
0.4,PLS,0.117057258505889
0.4,PLS,0.0466239270312061
0.4,PLS,0.0976567322148862
0.4,PLS,0.0897313247491915
0.4,PLS,0.0951275423593907
0.4,PLS,0.0622659922423341
0.4,PLS,0.0363071329107414
0.4,PLS,0.0853436111303054
0.4,PLS,0.131526129076023
0.4,PLS,0.147594306269533
0.4,PLS,0.0137693588866652
0.4,PLS,0.106029601517697
0.4,PLS,0.0323945294567984
0.4,PLS,0.0786781075177787
0.4,PLS,0.173102315767343
0.4,PLS,0.128159909375794
0.4,PLS,0.0902588951874694
0.4,PLS,0.0834667516783598
0.4,fTS,0.0121375594894053
0.4,fTS,0.0489261413484587
0.4,fTS,0.0472399344430841
0.4,fTS,0.0753402687071112
0.4,fTS,0.0500915053238269
0.4,fTS,0.114249973808991
0.4,fTS,0.0627047478038121
0.4,fTS,0.032531800070889
0.4,fTS,0.0965792039351911
0.4,fTS,0.0908859870357266
0.4,fTS,0.0721884872202334
0.4,fTS,0.0365204383973978
0.4,fTS,0.0247109615653622
0.4,fTS,0.0662112647452882
0.4,fTS,0.0823740712437531
0.4,fTS,0.0821269093845658
0.4,fTS,0.0808639924681716
0.4,fTS,0.0538691607814441
0.4,fTS,0.114579992178495
0.4,fTS,-0.007402271557851
0.4,fTS,0.11648117337746
0.4,fTS,0.0906392170631991
0.4,fTS,0.0718548626837665
0.4,fTS,0.0108625444467743
0.4,fTS,0.0248969067175051
0.4,fTS,0.123509630665072
0.4,fTS,0.120021461292593
0.4,fTS,0.0487103536185931
0.4,fTS,0.0888558055892807
0.4,fTS,0.108632557332713
0.4,fTS,0.108493661314327
0.4,fTS,0.116425066554861
0.4,fTS,0.0864900196941314
0.4,fTS,0.0640070872559064
0.4,fTS,0.115653658618444
0.4,fTS,0.0634011879269119
0.4,fTS,0.157748228071378
0.4,fTS,0.0676477278007006
0.4,fTS,0.0762652296644837
0.4,fTS,0.078660063846711
0.4,fTS,0.0992820540030148
0.4,fTS,0.045169430496409
0.4,fTS,0.107059597573073
0.4,fTS,0.0376685387625284
0.4,fTS,0.0554255913677342
0.4,fTS,0.0343195916869368
0.4,fTS,0.0988171331538372
0.4,fTS,0.174823622361653
0.4,fTS,0.0647744561152901
0.4,fTS,0.118895807704502
0.4,fTS,0.0825416469320084
0.4,fTS,0.0664081399411354
0.4,fTS,0.0839258951634705
0.4,fTS,0.115313159650307
0.4,fTS,0.217233725308271
0.4,fTS,0.0802341637188242
0.4,fTS,0.0535861100676644
0.4,fTS,0.0915321175365487
0.4,fTS,0.122050292164832
0.4,fTS,0.0698992174399284
0.4,fTS,0.0464615365845258
0.4,fTS,0.0821104252874876
0.4,fTS,0.100307962404697
0.4,fTS,0.0662436752628093
0.4,fTS,0.099765207679235
0.4,fTS,0.028669438178262
0.4,fTS,0.0160971672965056
0.4,fTS,0.118791740285642
0.4,fTS,-0.00210065396721948
0.4,fTS,0.0823043011403368
0.4,fTS,0.134401314568853
0.4,fTS,0.0346382073949152
0.4,fTS,0.0989282870014414
0.4,fTS,0.0685432149669352
0.4,fTS,0.105071798793492
0.4,fTS,0.0865290657673421
0.4,fTS,0.0644951198475097
0.4,fTS,0.0779163225887984
0.4,fTS,0.0846733688849466
0.4,fTS,0.0958233653554412
0.4,fTS,0.0698941896256671
0.4,fTS,0.130280506925179
0.4,fTS,0.150403290769436
0.4,fTS,0.113157399051879
0.4,fTS,0.0928270980725572
0.4,fTS,0.14354544858329
0.4,fTS,0.146199344203777
0.4,fTS,0.129071874304315
0.4,fTS,0.026879744276207
0.4,fTS,0.0865173864661646
0.4,fTS,0.115530039128922
0.4,fTS,0.0257878552530508
0.4,fTS,0.138254598028962
0.4,fTS,0.101624455246291
0.4,fTS,0.0590140889204911
0.4,fTS,0.115944575588502
0.4,fTS,0.0234138728316893
0.4,fTS,0.03665196225843
0.4,fTS,0.060984879066355
0.4,fTS,0.061836746763213
0.4,fTS,0.0773777269013405
0.4,fTS,0.0777724278593586
0.4,fTS,0.129657790579125
0.4,fTS,0.0411520617513073
0.4,fTS,0.0172168355923747
0.4,fTS,0.0233808134939082
0.4,fTS,0.0710975591292187
0.4,fTS,0.0473552234141639
0.4,fTS,0.0387016244753176
0.4,fTS,0.076557782422253
0.4,fTS,0.0302404657826565
0.4,fTS,0.0814530343518673
0.4,fTS,0.037909360115671
0.4,fTS,0.0854821657217846
0.4,fTS,0.0867769325200676
0.4,fTS,0.110031888468219
0.4,fTS,0.0594936530561927
0.4,fTS,0.163497498808656
0.4,fTS,0.0767906461268615
0.4,fTS,0.0554908932052465
0.4,fTS,0.0297976616278188
0.4,fTS,0.060265137849641
0.4,fTS,0.0721665362427488
0.4,fTS,0.131371337738725
0.4,fTS,0.145946248619004
0.4,fTS,0.0777409683934056
0.4,fTS,0.0307481329535959
0.4,fTS,0.105189405554767
0.4,fTS,0.0782817276195493
0.4,fTS,0.0627238625693127
0.4,fTS,0.0874554883900645
0.4,fTS,0.0779078263625235
0.4,fTS,0.092669810870734
0.4,fTS,0.0986616051532705
0.4,fTS,0.0400749175597654
0.4,fTS,0.0677008384606586
0.4,fTS,0.108755310566598
0.4,fTS,0.0530065747628994
0.4,fTS,0.057542263242788
0.4,fTS,0.104734748168684
0.4,fTS,0.0340158239432329
0.4,fTS,0.0690161492716526
0.4,fTS,0.0942109256882919
0.4,fTS,0.0810584630523561
0.4,fTS,0.0389094329500241
0.4,fTS,0.0260650454062381
0.4,fTS,0.14618189645022
0.4,fTS,0.0912377648612146
0.4,fTS,0.110377814940983
0.4,fTS,0.0997364694793141
0.4,fTS,0.0563339692286493
0.4,fTS,0.0783730901164987
0.4,fTS,0.0914893097127896
0.4,fTS,0.108798676691733
0.4,fTS,0.0262651545933028
0.4,fTS,0.115697534681027
0.4,fTS,0.107831957413614
0.4,fTS,0.125975778285795
0.4,fTS,0.125606060154792
0.4,fTS,0.0842993382408215
0.4,fTS,0.0696400360007778
0.4,fTS,0.105055304298231
0.4,fTS,0.116768464237606
0.4,fTS,0.0690990964215548
0.4,fTS,0.105582766617805
0.4,fTS,0.029988307404714
0.4,fTS,0.0990477133377963
0.4,fTS,0.0996562472254761
0.4,fTS,0.0509331122685117
0.4,fTS,0.107390723120153
0.4,fTS,0.0318841554640843
0.4,fTS,0.0991963381479262
0.4,fTS,0.112156273756456
0.4,fTS,0.116786607601363
0.4,fTS,0.111327592294708
0.4,fTS,0.139953162685819
0.4,fTS,0.018568988538832
0.4,fTS,0.111355459450087
0.4,fTS,0.0681608145818746
0.4,fTS,0.177217547888268
0.4,fTS,0.155280174914171
0.4,fTS,0.0923384288690061
0.4,fTS,0.110218125599612
0.4,fTS,0.0294355661211059
0.4,fTS,0.0904748781001607
0.4,fTS,0.0750695453685395
0.4,fTS,0.0787933464344908
0.4,fTS,0.0617450170913962
0.4,fTS,0.0432011360504354
0.4,fTS,0.0774110812886724
0.4,fTS,0.130058494244992
0.4,fTS,0.135048170790303
0.4,fTS,0.00839836883621037
0.4,fTS,0.106470700608613
0.4,fTS,0.0227003928330756
0.4,fTS,0.0732063010769444
0.4,fTS,0.183183671435456
0.4,fTS,0.118019133424151
0.4,fTS,0.0894063194675498
0.4,fTS,0.0802945094451759
0.4,LS_oracle,0.00612991730890355
0.4,LS_oracle,0.0507433910305575
0.4,LS_oracle,0.0591989359038829
0.4,LS_oracle,0.0890098854118102
0.4,LS_oracle,0.0486941126884932
0.4,LS_oracle,0.136589940544676
0.4,LS_oracle,0.0506383564041222
0.4,LS_oracle,0.0296842414859408
0.4,LS_oracle,0.0999906588208377
0.4,LS_oracle,0.099124345678606
0.4,LS_oracle,0.085178894599607
0.4,LS_oracle,0.0362211284777263
0.4,LS_oracle,0.0222083639189066
0.4,LS_oracle,0.062563904644283
0.4,LS_oracle,0.0916051655430385
0.4,LS_oracle,0.0943869670540014
0.4,LS_oracle,0.0789680976980507
0.4,LS_oracle,0.0568229652816552
0.4,LS_oracle,0.103646371821889
0.4,LS_oracle,-0.00801599474760517
0.4,LS_oracle,0.124594041479364
0.4,LS_oracle,0.0850439765977364
0.4,LS_oracle,0.0716578048202747
0.4,LS_oracle,0.0245839153826219
0.4,LS_oracle,0.0229987662880087
0.4,LS_oracle,0.13134609961192
0.4,LS_oracle,0.122613563082743
0.4,LS_oracle,0.0598864734333817
0.4,LS_oracle,0.0896788658368075
0.4,LS_oracle,0.111420121289192
0.4,LS_oracle,0.107082154422668
0.4,LS_oracle,0.129631060880217
0.4,LS_oracle,0.0972628803316316
0.4,LS_oracle,0.0674531537656489
0.4,LS_oracle,0.105965049252773
0.4,LS_oracle,0.0722319777052327
0.4,LS_oracle,0.161013748607577
0.4,LS_oracle,0.0698586579194562
0.4,LS_oracle,0.0774001119673995
0.4,LS_oracle,0.0701617704067286
0.4,LS_oracle,0.106944623660738
0.4,LS_oracle,0.0460889674942035
0.4,LS_oracle,0.107108603128312
0.4,LS_oracle,0.0396869364892973
0.4,LS_oracle,0.0493093972599956
0.4,LS_oracle,0.0310387761295456
0.4,LS_oracle,0.110423327301719
0.4,LS_oracle,0.17360450710831
0.4,LS_oracle,0.067936633009942
0.4,LS_oracle,0.133680731376051
0.4,LS_oracle,0.083575550158463
0.4,LS_oracle,0.0696111156210106
0.4,LS_oracle,0.0799900859292573
0.4,LS_oracle,0.109370036022775
0.4,LS_oracle,0.218705010275862
0.4,LS_oracle,0.0812750928975279
0.4,LS_oracle,0.0641126035828445
0.4,LS_oracle,0.123345772227606
0.4,LS_oracle,0.122836620190324
0.4,LS_oracle,0.0661723454912539
0.4,LS_oracle,0.0526686356125934
0.4,LS_oracle,0.0931422950171652
0.4,LS_oracle,0.106049696820894
0.4,LS_oracle,0.0647587707954724
0.4,LS_oracle,0.0958258784138803
0.4,LS_oracle,0.0319630979758507
0.4,LS_oracle,0.01958418018068
0.4,LS_oracle,0.127455916652543
0.4,LS_oracle,-0.0219849311714405
0.4,LS_oracle,0.0875573011437525
0.4,LS_oracle,0.149085197086543
0.4,LS_oracle,0.0472843920999504
0.4,LS_oracle,0.101956340259535
0.4,LS_oracle,0.0823374997827642
0.4,LS_oracle,0.109266929572389
0.4,LS_oracle,0.0781210180931489
0.4,LS_oracle,0.0626024839063513
0.4,LS_oracle,0.0971209687544077
0.4,LS_oracle,0.0791818687538055
0.4,LS_oracle,0.0995166896000492
0.4,LS_oracle,0.0705615587629944
0.4,LS_oracle,0.138319647598759
0.4,LS_oracle,0.15751019654632
0.4,LS_oracle,0.121134261938983
0.4,LS_oracle,0.0857787524997333
0.4,LS_oracle,0.141793022064658
0.4,LS_oracle,0.17688751483708
0.4,LS_oracle,0.137323462870099
0.4,LS_oracle,0.0230777341465165
0.4,LS_oracle,0.0939129619123453
0.4,LS_oracle,0.117534481134158
0.4,LS_oracle,0.0317502118957478
0.4,LS_oracle,0.13727982214583
0.4,LS_oracle,0.1116257817929
0.4,LS_oracle,0.0700628857850074
0.4,LS_oracle,0.12745389375019
0.4,LS_oracle,0.0290530541191969
0.4,LS_oracle,0.0474327634284641
0.4,LS_oracle,0.0675081482623812
0.4,LS_oracle,0.059102211680651
0.4,LS_oracle,0.0924772850997615
0.4,LS_oracle,0.0964650573829255
0.4,LS_oracle,0.134737950302598
0.4,LS_oracle,0.0408929460902616
0.4,LS_oracle,0.0197345142045025
0.4,LS_oracle,0.0215840168489201
0.4,LS_oracle,0.0771007743302052
0.4,LS_oracle,0.0699181602888308
0.4,LS_oracle,0.0434662494544789
0.4,LS_oracle,0.0860902413712645
0.4,LS_oracle,0.039153928256497
0.4,LS_oracle,0.085277094421945
0.4,LS_oracle,0.0448104528014095
0.4,LS_oracle,0.0868461249472323
0.4,LS_oracle,0.0858473747293722
0.4,LS_oracle,0.119727874244037
0.4,LS_oracle,0.07334374081738
0.4,LS_oracle,0.168741474432972
0.4,LS_oracle,0.101347640422223
0.4,LS_oracle,0.0602035065956472
0.4,LS_oracle,0.0481904001177145
0.4,LS_oracle,0.0688277106117952
0.4,LS_oracle,0.0816025942753869
0.4,LS_oracle,0.150973117251808
0.4,LS_oracle,0.160736649858087
0.4,LS_oracle,0.0778312471205216
0.4,LS_oracle,0.0333186623163824
0.4,LS_oracle,0.113620360018397
0.4,LS_oracle,0.0774928476079015
0.4,LS_oracle,0.0669671146922453
0.4,LS_oracle,0.0868416782866772
0.4,LS_oracle,0.0786202116144659
0.4,LS_oracle,0.115073570632419
0.4,LS_oracle,0.141815526407772
0.4,LS_oracle,0.0288067434857742
0.4,LS_oracle,0.0858864444574094
0.4,LS_oracle,0.14787641252877
0.4,LS_oracle,0.0565725790963734
0.4,LS_oracle,0.057099429472498
0.4,LS_oracle,0.110046738204638
0.4,LS_oracle,0.0433557792809407
0.4,LS_oracle,0.0716423052368769
0.4,LS_oracle,0.095621630279519
0.4,LS_oracle,0.081894188224972
0.4,LS_oracle,0.0394060443452779
0.4,LS_oracle,0.0218742588012266
0.4,LS_oracle,0.162211740825406
0.4,LS_oracle,0.10355639896298
0.4,LS_oracle,0.12172572895801
0.4,LS_oracle,0.103101342304113
0.4,LS_oracle,0.0622063044371031
0.4,LS_oracle,0.103626154572431
0.4,LS_oracle,0.0886238998941209
0.4,LS_oracle,0.113656020456801
0.4,LS_oracle,0.0402336439156499
0.4,LS_oracle,0.131486544165004
0.4,LS_oracle,0.103134156939759
0.4,LS_oracle,0.135728698710746
0.4,LS_oracle,0.127001351753659
0.4,LS_oracle,0.0751942911259342
0.4,LS_oracle,0.0781120676314062
0.4,LS_oracle,0.112742108113217
0.4,LS_oracle,0.118846359241138
0.4,LS_oracle,0.0787837243130396
0.4,LS_oracle,0.113111841073352
0.4,LS_oracle,0.0816816422029265
0.4,LS_oracle,0.0925070665771637
0.4,LS_oracle,0.100506825848735
0.4,LS_oracle,0.0592682633613659
0.4,LS_oracle,0.113705764743222
0.4,LS_oracle,0.0287639881628183
0.4,LS_oracle,0.0969936536490297
0.4,LS_oracle,0.115285531989827
0.4,LS_oracle,0.117157335960116
0.4,LS_oracle,0.117321510291848
0.4,LS_oracle,0.144875864658823
0.4,LS_oracle,0.0143852210085198
0.4,LS_oracle,0.116602904198154
0.4,LS_oracle,0.0597657066301756
0.4,LS_oracle,0.152369351842207
0.4,LS_oracle,0.186433672888596
0.4,LS_oracle,0.0848652818197739
0.4,LS_oracle,0.111067967625551
0.4,LS_oracle,0.0458361878133444
0.4,LS_oracle,0.0985758322296462
0.4,LS_oracle,0.088935173127332
0.4,LS_oracle,0.0878604813811017
0.4,LS_oracle,0.0625352337408902
0.4,LS_oracle,0.0422220268019713
0.4,LS_oracle,0.0823315351381952
0.4,LS_oracle,0.132062940753267
0.4,LS_oracle,0.145236090416762
0.4,LS_oracle,0.013340681299717
0.4,LS_oracle,0.106688912353742
0.4,LS_oracle,0.0364527330247499
0.4,LS_oracle,0.0786698388648706
0.4,LS_oracle,0.166524511504156
0.4,LS_oracle,0.127125378273831
0.4,LS_oracle,0.0878248799900696
0.4,LS_oracle,0.0905739720074705
0.4,TS_oracle,0.0121770138800206
0.4,TS_oracle,0.0491385211679845
0.4,TS_oracle,0.046751113251027
0.4,TS_oracle,0.0756314398343676
0.4,TS_oracle,0.047137568705667
0.4,TS_oracle,0.114967027944144
0.4,TS_oracle,0.0635521658467664
0.4,TS_oracle,0.0300211614429582
0.4,TS_oracle,0.0974255125671846
0.4,TS_oracle,0.0918754711613077
0.4,TS_oracle,0.0718324526290468
0.4,TS_oracle,0.0378567349946208
0.4,TS_oracle,0.021831219293154
0.4,TS_oracle,0.0666942790380576
0.4,TS_oracle,0.0829857301120873
0.4,TS_oracle,0.0823643969489165
0.4,TS_oracle,0.0793884538818252
0.4,TS_oracle,0.0537526867730476
0.4,TS_oracle,0.112690210397032
0.4,TS_oracle,-0.00986343079662422
0.4,TS_oracle,0.115083152265878
0.4,TS_oracle,0.0869875311374779
0.4,TS_oracle,0.0711484634735333
0.4,TS_oracle,0.0107809624770341
0.4,TS_oracle,0.0243473468062259
0.4,TS_oracle,0.117055207833106
0.4,TS_oracle,0.120480038439989
0.4,TS_oracle,0.0483990899275017
0.4,TS_oracle,0.0877649893022596
0.4,TS_oracle,0.1078653802222
0.4,TS_oracle,0.108323736203175
0.4,TS_oracle,0.112249870088777
0.4,TS_oracle,0.0867575487041137
0.4,TS_oracle,0.0640892861286275
0.4,TS_oracle,0.108939991551145
0.4,TS_oracle,0.0618188210353454
0.4,TS_oracle,0.156937531206456
0.4,TS_oracle,0.0675377286668792
0.4,TS_oracle,0.0738206947623996
0.4,TS_oracle,0.0775635401759835
0.4,TS_oracle,0.097457963461423
0.4,TS_oracle,0.0429103062749556
0.4,TS_oracle,0.107037699414139
0.4,TS_oracle,0.0375792309506044
0.4,TS_oracle,0.0534136486311669
0.4,TS_oracle,0.0309873801193143
0.4,TS_oracle,0.097290187259659
0.4,TS_oracle,0.172539956028504
0.4,TS_oracle,0.0658714861491967
0.4,TS_oracle,0.121513944928484
0.4,TS_oracle,0.0828575738057222
0.4,TS_oracle,0.0669332421157776
0.4,TS_oracle,0.0847848844740395
0.4,TS_oracle,0.112937124570288
0.4,TS_oracle,0.209999039927633
0.4,TS_oracle,0.0786711172269727
0.4,TS_oracle,0.0535170187778393
0.4,TS_oracle,0.0916228277670583
0.4,TS_oracle,0.121830676140356
0.4,TS_oracle,0.0683515660909695
0.4,TS_oracle,0.0420808475514429
0.4,TS_oracle,0.0825521635717898
0.4,TS_oracle,0.100855352880068
0.4,TS_oracle,0.0632448690913705
0.4,TS_oracle,0.0936566393938327
0.4,TS_oracle,0.0280893929976882
0.4,TS_oracle,0.0157719782784704
0.4,TS_oracle,0.114880006865771
0.4,TS_oracle,-0.00258805896661629
0.4,TS_oracle,0.0807219379103354
0.4,TS_oracle,0.135620084587715
0.4,TS_oracle,0.032912793595508
0.4,TS_oracle,0.0951095866650515
0.4,TS_oracle,0.0739041435045811
0.4,TS_oracle,0.104816498410024
0.4,TS_oracle,0.0837047520966501
0.4,TS_oracle,0.0638790947442249
0.4,TS_oracle,0.0777453367174381
0.4,TS_oracle,0.0848848181979314
0.4,TS_oracle,0.0957479041416596
0.4,TS_oracle,0.0699894155436911
0.4,TS_oracle,0.128502250615398
0.4,TS_oracle,0.149958910519564
0.4,TS_oracle,0.110777672192269
0.4,TS_oracle,0.085631453665945
0.4,TS_oracle,0.141375234659969
0.4,TS_oracle,0.145471667576877
0.4,TS_oracle,0.128882654946598
0.4,TS_oracle,0.0231828112210004
0.4,TS_oracle,0.0865532793511388
0.4,TS_oracle,0.11237598376324
0.4,TS_oracle,0.0264783658941872
0.4,TS_oracle,0.138378960334185
0.4,TS_oracle,0.0989107315307451
0.4,TS_oracle,0.06040614332917
0.4,TS_oracle,0.116425784541919
0.4,TS_oracle,0.0216186401399865
0.4,TS_oracle,0.0381181211128898
0.4,TS_oracle,0.0613912592479597
0.4,TS_oracle,0.0598470238031155
0.4,TS_oracle,0.0779668833432345
0.4,TS_oracle,0.0763874982089487
0.4,TS_oracle,0.124144954590654
0.4,TS_oracle,0.0412622839820487
0.4,TS_oracle,0.0171039271596374
0.4,TS_oracle,0.0204338988172985
0.4,TS_oracle,0.070195776212177
0.4,TS_oracle,0.041952297445957
0.4,TS_oracle,0.0390119915553242
0.4,TS_oracle,0.0744614851591086
0.4,TS_oracle,0.0288644999071115
0.4,TS_oracle,0.0817286591299402
0.4,TS_oracle,0.0377569092881416
0.4,TS_oracle,0.0855062334636407
0.4,TS_oracle,0.0877183104666674
0.4,TS_oracle,0.107734533752318
0.4,TS_oracle,0.0596946964494731
0.4,TS_oracle,0.163770974878144
0.4,TS_oracle,0.0753896928200797
0.4,TS_oracle,0.0565880025810772
0.4,TS_oracle,0.0302903655798838
0.4,TS_oracle,0.0596532685348699
0.4,TS_oracle,0.0722936628944637
0.4,TS_oracle,0.131692605896891
0.4,TS_oracle,0.146339920081454
0.4,TS_oracle,0.0764031927278148
0.4,TS_oracle,0.0321131766487421
0.4,TS_oracle,0.104693388541075
0.4,TS_oracle,0.0766187020027296
0.4,TS_oracle,0.0618799395774465
0.4,TS_oracle,0.0875091663427403
0.4,TS_oracle,0.0781992922270793
0.4,TS_oracle,0.0925829254607606
0.4,TS_oracle,0.131016010081126
0.4,TS_oracle,0.0368237825190558
0.4,TS_oracle,0.0680020448169905
0.4,TS_oracle,0.112040542399763
0.4,TS_oracle,0.0526441055818911
0.4,TS_oracle,0.0564884567629655
0.4,TS_oracle,0.10348755432336
0.4,TS_oracle,0.0337081098561149
0.4,TS_oracle,0.0690900954822424
0.4,TS_oracle,0.0942225454375769
0.4,TS_oracle,0.0703220342177453
0.4,TS_oracle,0.0407926710662523
0.4,TS_oracle,0.0260762773575556
0.4,TS_oracle,0.145274216780072
0.4,TS_oracle,0.0902885259341779
0.4,TS_oracle,0.1121422744281
0.4,TS_oracle,0.0994135670275118
0.4,TS_oracle,0.0560291437192979
0.4,TS_oracle,0.0788114360384331
0.4,TS_oracle,0.0909018084009789
0.4,TS_oracle,0.109217128996503
0.4,TS_oracle,0.0262727452916056
0.4,TS_oracle,0.115085615123557
0.4,TS_oracle,0.107765669079814
0.4,TS_oracle,0.124024454314767
0.4,TS_oracle,0.11929748997739
0.4,TS_oracle,0.0810652494251745
0.4,TS_oracle,0.0696408278876148
0.4,TS_oracle,0.103559896173174
0.4,TS_oracle,0.116139468729855
0.4,TS_oracle,0.0691131422803219
0.4,TS_oracle,0.10539412438807
0.4,TS_oracle,0.0259186925648531
0.4,TS_oracle,0.099058704433252
0.4,TS_oracle,0.0982789192272431
0.4,TS_oracle,0.0506339738826562
0.4,TS_oracle,0.105491479449967
0.4,TS_oracle,0.0318989167782175
0.4,TS_oracle,0.0984577897852235
0.4,TS_oracle,0.110534048299105
0.4,TS_oracle,0.113738293284327
0.4,TS_oracle,0.11144645982579
0.4,TS_oracle,0.134359994957302
0.4,TS_oracle,0.0110283641012368
0.4,TS_oracle,0.111436093457969
0.4,TS_oracle,0.0636334757573684
0.4,TS_oracle,0.179636745948119
0.4,TS_oracle,0.154926368589637
0.4,TS_oracle,0.0924645245629392
0.4,TS_oracle,0.110056420186339
0.4,TS_oracle,0.029257071797
0.4,TS_oracle,0.0907386376031611
0.4,TS_oracle,0.0695090629112538
0.4,TS_oracle,0.0787786777737465
0.4,TS_oracle,0.0609438482443789
0.4,TS_oracle,0.0453682510658753
0.4,TS_oracle,0.0730446288829085
0.4,TS_oracle,0.126249556718945
0.4,TS_oracle,0.135580180764927
0.4,TS_oracle,0.00759060440651549
0.4,TS_oracle,0.105655427900686
0.4,TS_oracle,0.0205595540507848
0.4,TS_oracle,0.0732784216152609
0.4,TS_oracle,0.18026462921859
0.4,TS_oracle,0.118846848989768
0.4,TS_oracle,0.0867389780819383
0.4,TS_oracle,0.0835969662826634
0.5,PLS,0.0641891966288854
0.5,PLS,0.16059748939079
0.5,PLS,0.0673153928113281
0.5,PLS,0.160164964867127
0.5,PLS,0.129743311454737
0.5,PLS,0.0469261341673837
0.5,PLS,0.0395175357292437
0.5,PLS,0.0419760895247991
0.5,PLS,0.0611043919000895
0.5,PLS,0.0617004520543187
0.5,PLS,0.0729583464363897
0.5,PLS,0.125937030873913
0.5,PLS,0.133704709708373
0.5,PLS,0.169855744136273
0.5,PLS,-0.00142333982639098
0.5,PLS,0.105239070000599
0.5,PLS,0.0381609097471376
0.5,PLS,0.0744991392614471
0.5,PLS,0.119120467449166
0.5,PLS,0.0628073720889553
0.5,PLS,0.104379395610748
0.5,PLS,0.0344800959837195
0.5,PLS,0.114652870938363
0.5,PLS,0.182381143797121
0.5,PLS,0.134163186920011
0.5,PLS,0.0466795862594478
0.5,PLS,0.0942862580613681
0.5,PLS,0.11416143150545
0.5,PLS,0.0184279180004461
0.5,PLS,0.0924240572143626
0.5,PLS,0.0486036330565025
0.5,PLS,0.136222116648
0.5,PLS,0.0144516262150647
0.5,PLS,-0.0326982474255169
0.5,PLS,0.0626719740641588
0.5,PLS,0.0796483069827478
0.5,PLS,-0.00777225803430581
0.5,PLS,0.0677975159931186
0.5,PLS,0.116296624713115
0.5,PLS,0.0715725727961647
0.5,PLS,0.100836049349565
0.5,PLS,0.134105742206958
0.5,PLS,0.0193045860021694
0.5,PLS,0.104268030328012
0.5,PLS,0.0325403966221021
0.5,PLS,0.0846965086834366
0.5,PLS,0.0533628786836666
0.5,PLS,0.141430613634266
0.5,PLS,0.106070234701097
0.5,PLS,0.0734845262870016
0.5,PLS,0.0829151776867674
0.5,PLS,0.101675548600472
0.5,PLS,0.168429003529547
0.5,PLS,0.159013051189475
0.5,PLS,0.0649465102146398
0.5,PLS,0.0726521765019617
0.5,PLS,0.122142619818638
0.5,PLS,0.0255034595106709
0.5,PLS,0.046758967605631
0.5,PLS,-0.0271635919478597
0.5,PLS,0.0423094225831755
0.5,PLS,0.0839546910503495
0.5,PLS,0.103946679209912
0.5,PLS,0.100540970781551
0.5,PLS,0.032442068880506
0.5,PLS,0.129192179919732
0.5,PLS,0.0980007524631981
0.5,PLS,0.118402923593991
0.5,PLS,0.0599420045739616
0.5,PLS,0.0715948902725523
0.5,PLS,0.0600088810615558
0.5,PLS,0.0837758575174601
0.5,PLS,0.0866670593549554
0.5,PLS,0.141531145655782
0.5,PLS,0.112495337236884
0.5,PLS,0.0398299497539758
0.5,PLS,0.0817595380418901
0.5,PLS,0.0839862604226878
0.5,PLS,0.0837630222513397
0.5,PLS,0.0701971434831656
0.5,PLS,0.126290149447521
0.5,PLS,0.00551121442133073
0.5,PLS,0.0714238643220786
0.5,PLS,0.0499211544728992
0.5,PLS,0.0944625311968859
0.5,PLS,0.105152641110325
0.5,PLS,0.041824521657146
0.5,PLS,0.158150218148325
0.5,PLS,0.0229663301150271
0.5,PLS,0.100049220665218
0.5,PLS,0.137847613510356
0.5,PLS,0.0680740839260989
0.5,PLS,0.0537273819939998
0.5,PLS,0.162086732319269
0.5,PLS,0.0786195697737637
0.5,PLS,0.111033995422489
0.5,PLS,0.023706886107008
0.5,PLS,0.11513152382348
0.5,PLS,0.103484848789968
0.5,PLS,0.0805872265230156
0.5,PLS,0.110095299298256
0.5,PLS,0.185795646620776
0.5,PLS,0.0816688865521829
0.5,PLS,0.118218318318256
0.5,PLS,0.0916529675049012
0.5,PLS,0.00872915717106881
0.5,PLS,-0.0100041213129139
0.5,PLS,0.114878503081572
0.5,PLS,0.0191158550065191
0.5,PLS,0.0882378633131118
0.5,PLS,0.0621560126850422
0.5,PLS,0.0873112007224812
0.5,PLS,0.0612865742761961
0.5,PLS,0.0192783048332303
0.5,PLS,-0.00115592388882702
0.5,PLS,0.097700715262127
0.5,PLS,0.0757344908261408
0.5,PLS,0.130872335352261
0.5,PLS,0.0806763443121059
0.5,PLS,0.0922569577048444
0.5,PLS,0.0953232515644447
0.5,PLS,0.0481495715741131
0.5,PLS,0.0970287981902342
0.5,PLS,0.0329163749582777
0.5,PLS,0.0916356522968953
0.5,PLS,0.0928389123125928
0.5,PLS,0.0280109864860589
0.5,PLS,0.0235609823081977
0.5,PLS,0.0272800888162432
0.5,PLS,0.131290265536963
0.5,PLS,0.0692662026480435
0.5,PLS,0.233793022346928
0.5,PLS,0.103404887048659
0.5,PLS,0.0533198137978228
0.5,PLS,0.0738284062850301
0.5,PLS,0.0631159459818547
0.5,PLS,0.107443648764749
0.5,PLS,0.0336720358437161
0.5,PLS,0.0434311827174108
0.5,PLS,0.120004074673602
0.5,PLS,0.0893099024771016
0.5,PLS,0.0884046654751098
0.5,PLS,0.0389846315135172
0.5,PLS,0.0781157299605533
0.5,PLS,0.0223010256312377
0.5,PLS,0.142853022418287
0.5,PLS,0.0229956242913367
0.5,PLS,0.164151133307077
0.5,PLS,0.0266365668837234
0.5,PLS,0.141757478025027
0.5,PLS,0.0253864346823645
0.5,PLS,0.0294686800538604
0.5,PLS,0.048451712401925
0.5,PLS,0.0633948822952528
0.5,PLS,0.0203039929474449
0.5,PLS,0.0605978852265496
0.5,PLS,0.0533501171184003
0.5,PLS,0.146479973620692
0.5,PLS,0.16245321431916
0.5,PLS,0.130994714870371
0.5,PLS,0.119264741574223
0.5,PLS,0.129875082334707
0.5,PLS,0.0552220279817235
0.5,PLS,0.043255559509225
0.5,PLS,0.0236344495456777
0.5,PLS,0.0718383583789157
0.5,PLS,0.131136260482661
0.5,PLS,0.0682823762321663
0.5,PLS,0.0947528619866143
0.5,PLS,0.19105558197447
0.5,PLS,0.0684764783564653
0.5,PLS,0.0751134416826111
0.5,PLS,0.0626986172858648
0.5,PLS,0.19035829100839
0.5,PLS,0.142487792743302
0.5,PLS,0.0384904495376148
0.5,PLS,0.0722869720080088
0.5,PLS,0.130817998546611
0.5,PLS,0.0553603301292105
0.5,PLS,0.166003497009801
0.5,PLS,0.0754787714468741
0.5,PLS,0.166929177344989
0.5,PLS,0.0391390464730543
0.5,PLS,0.091390787770993
0.5,PLS,0.0327886490162035
0.5,PLS,0.13334975300784
0.5,PLS,0.0754639703814937
0.5,PLS,0.0971374062078072
0.5,PLS,0.0868832387386764
0.5,PLS,0.0691548781648137
0.5,PLS,0.106429806704135
0.5,PLS,-0.0326240922903747
0.5,PLS,0.165415880167691
0.5,PLS,0.0699112870555625
0.5,PLS,0.118231693467622
0.5,PLS,0.0712237398051472
0.5,PLS,0.131710745868906
0.5,PLS,0.0707642240054829
0.5,PLS,0.0511181808913477
0.5,PLS,0.117749604346988
0.5,fTS,0.0311775295896346
0.5,fTS,0.145963365181896
0.5,fTS,0.0606859882283819
0.5,fTS,0.136323865495537
0.5,fTS,0.124419886593831
0.5,fTS,0.0252463816652737
0.5,fTS,0.018765529125079
0.5,fTS,0.0426173160019601
0.5,fTS,0.0343803901523803
0.5,fTS,0.0817317358592464
0.5,fTS,0.0596270166414392
0.5,fTS,0.114736292643559
0.5,fTS,0.124855072213921
0.5,fTS,0.153989134087585
0.5,fTS,-0.0062352115687897
0.5,fTS,0.0788728307413675
0.5,fTS,0.0481651080141263
0.5,fTS,0.0565373898587436
0.5,fTS,0.104758858945039
0.5,fTS,0.055869006077865
0.5,fTS,0.0979142411360054
0.5,fTS,0.0356244459504746
0.5,fTS,0.0955628256754759
0.5,fTS,0.159878870376473
0.5,fTS,0.111286998450603
0.5,fTS,0.0340136124089516
0.5,fTS,0.100735777527312
0.5,fTS,0.0985462482748107
0.5,fTS,0.0227489741202016
0.5,fTS,0.081400836741256
0.5,fTS,0.0481355938194932
0.5,fTS,0.133959238877001
0.5,fTS,0.0105709819988953
0.5,fTS,-0.0437143440757809
0.5,fTS,0.0746091486903206
0.5,fTS,0.0679775535134572
0.5,fTS,-0.0157466699198257
0.5,fTS,0.0641210254760491
0.5,fTS,0.100569224080831
0.5,fTS,0.0526390587605492
0.5,fTS,0.0887636461799788
0.5,fTS,0.137796581952383
0.5,fTS,0.0111107372542665
0.5,fTS,0.061310694113583
0.5,fTS,0.0314060263040872
0.5,fTS,0.0920146734923921
0.5,fTS,0.0562466439346236
0.5,fTS,0.10437702823575
0.5,fTS,0.105205376124651
0.5,fTS,0.0718561263459532
0.5,fTS,0.0636607936859819
0.5,fTS,0.0838582046334218
0.5,fTS,0.179379158199671
0.5,fTS,0.128446205230174
0.5,fTS,0.05000582148711
0.5,fTS,0.0642682973162736
0.5,fTS,0.108942362916594
0.5,fTS,0.0223404632201345
0.5,fTS,0.0447784032703935
0.5,fTS,-0.0192634505662218
0.5,fTS,0.0345804961460223
0.5,fTS,0.0624294416364777
0.5,fTS,0.0769914433579673
0.5,fTS,0.105653313559334
0.5,fTS,0.0254540258464873
0.5,fTS,0.0974471704434681
0.5,fTS,0.07471005479796
0.5,fTS,0.124409319815468
0.5,fTS,0.0583165016706422
0.5,fTS,0.0425359783917034
0.5,fTS,0.0762955943895141
0.5,fTS,0.0680495210791481
0.5,fTS,0.0671162409759614
0.5,fTS,0.118328810105705
0.5,fTS,0.101174702706612
0.5,fTS,0.0220063270950934
0.5,fTS,0.0753909815732505
0.5,fTS,0.100931528470041
0.5,fTS,0.0737124816379671
0.5,fTS,0.047158654598797
0.5,fTS,0.117116559702855
0.5,fTS,0.00601081495235256
0.5,fTS,0.0640149964530237
0.5,fTS,0.0464235695141693
0.5,fTS,0.0677594477363792
0.5,fTS,0.0978014357066233
0.5,fTS,0.0235558476450959
0.5,fTS,0.148135688244176
0.5,fTS,0.0239497075288455
0.5,fTS,0.105815163966339
0.5,fTS,0.134431589973773
0.5,fTS,0.0687780981960475
0.5,fTS,0.0577101467241929
0.5,fTS,0.147450724193374
0.5,fTS,0.0498712846456046
0.5,fTS,0.0907802965176903
0.5,fTS,0.0397654965195464
0.5,fTS,0.111978545576415
0.5,fTS,0.088710522255401
0.5,fTS,0.0782032532898538
0.5,fTS,0.109432026798773
0.5,fTS,0.164627732409755
0.5,fTS,0.0694751245482543
0.5,fTS,0.113023071558103
0.5,fTS,0.147844229253921
0.5,fTS,0.00804273161232549
0.5,fTS,-0.019835537768731
0.5,fTS,0.116684067250327
0.5,fTS,0.015272403752161
0.5,fTS,0.0731790834675938
0.5,fTS,0.0529510952715433
0.5,fTS,0.0835160790836214
0.5,fTS,0.0303995788493887
0.5,fTS,0.00338201040759367
0.5,fTS,0.00725875924379404
0.5,fTS,0.095444734353636
0.5,fTS,0.0628849938674378
0.5,fTS,0.131327986809164
0.5,fTS,0.0704057267474214
0.5,fTS,0.0915845601103764
0.5,fTS,0.0894053715504919
0.5,fTS,0.0447246408372153
0.5,fTS,0.0857277082378278
0.5,fTS,0.0238950367511808
0.5,fTS,0.0927607988029273
0.5,fTS,0.0914777227577468
0.5,fTS,0.0389728217997323
0.5,fTS,-0.00137363490827569
0.5,fTS,0.0116846465720717
0.5,fTS,0.0958473340151893
0.5,fTS,0.0693707434295001
0.5,fTS,0.239089297437794
0.5,fTS,0.0845831726690323
0.5,fTS,0.108839123821871
0.5,fTS,0.0647581732446418
0.5,fTS,0.0625508920327227
0.5,fTS,0.105538797145627
0.5,fTS,0.0318664024707329
0.5,fTS,0.0413624427033379
0.5,fTS,0.114939302615578
0.5,fTS,0.0724079422049357
0.5,fTS,0.0664365374612907
0.5,fTS,0.0328015888127118
0.5,fTS,0.0899840807860515
0.5,fTS,-0.00782643501950742
0.5,fTS,0.137332995295341
0.5,fTS,0.0259915664912258
0.5,fTS,0.137262671275169
0.5,fTS,0.0156599392214205
0.5,fTS,0.14135342934389
0.5,fTS,0.04132501949569
0.5,fTS,0.033641147819554
0.5,fTS,0.0563482814174903
0.5,fTS,0.0399648043817693
0.5,fTS,0.0212114789491269
0.5,fTS,0.0868189807500477
0.5,fTS,0.0583545761234223
0.5,fTS,0.125565294075463
0.5,fTS,0.14289096856996
0.5,fTS,0.122083364139576
0.5,fTS,0.0831194345729314
0.5,fTS,0.130709376583073
0.5,fTS,0.0882952242687087
0.5,fTS,0.0405773677967571
0.5,fTS,0.0109355320121924
0.5,fTS,0.0771363757209165
0.5,fTS,0.130659892106675
0.5,fTS,0.0616464095752864
0.5,fTS,0.0536119396853025
0.5,fTS,0.163659158139334
0.5,fTS,0.081739970187549
0.5,fTS,0.058507688201231
0.5,fTS,0.0417244439456976
0.5,fTS,0.183526505186567
0.5,fTS,0.14312050368072
0.5,fTS,0.0121436538399657
0.5,fTS,0.0599265655083396
0.5,fTS,0.125024490113191
0.5,fTS,0.0531086606722615
0.5,fTS,0.15633078294067
0.5,fTS,0.0543654014894819
0.5,fTS,0.175322779071809
0.5,fTS,0.0230267075108219
0.5,fTS,0.0921526205437293
0.5,fTS,0.0235659615967563
0.5,fTS,0.133459116556838
0.5,fTS,0.0517384111572778
0.5,fTS,0.0691340956726738
0.5,fTS,0.0858607179423376
0.5,fTS,0.0411364492201924
0.5,fTS,0.0974107690521087
0.5,fTS,-0.030853609449942
0.5,fTS,0.158153974239856
0.5,fTS,0.0672072984427527
0.5,fTS,0.112109030667048
0.5,fTS,0.0835441145078386
0.5,fTS,0.131750709280879
0.5,fTS,0.0499572051745967
0.5,fTS,0.0512730104867829
0.5,fTS,0.109257466779195
0.5,LS_oracle,0.0594855284537499
0.5,LS_oracle,0.160742654728678
0.5,LS_oracle,0.0687282852152242
0.5,LS_oracle,0.1610684086538
0.5,LS_oracle,0.12976271035419
0.5,LS_oracle,0.0422906331014832
0.5,LS_oracle,0.0378971500722651
0.5,LS_oracle,0.0412885602944852
0.5,LS_oracle,0.0941630934012976
0.5,LS_oracle,0.062241476948782
0.5,LS_oracle,0.0662461035833173
0.5,LS_oracle,0.123955054273985
0.5,LS_oracle,0.13512302515436
0.5,LS_oracle,0.171455876446788
0.5,LS_oracle,0.000336579718958063
0.5,LS_oracle,0.105192120710498
0.5,LS_oracle,0.041638540455837
0.5,LS_oracle,0.0742415445941935
0.5,LS_oracle,0.120207362351734
0.5,LS_oracle,0.0654905668544359
0.5,LS_oracle,0.106685053792795
0.5,LS_oracle,0.0308504776491132
0.5,LS_oracle,0.105304602812523
0.5,LS_oracle,0.190708914461337
0.5,LS_oracle,0.122835003842505
0.5,LS_oracle,0.0374668631196207
0.5,LS_oracle,0.0942406063061216
0.5,LS_oracle,0.107535312433578
0.5,LS_oracle,0.0202069494566717
0.5,LS_oracle,0.0907498640651674
0.5,LS_oracle,0.0469443956943745
0.5,LS_oracle,0.131127334260238
0.5,LS_oracle,0.0139991671541249
0.5,LS_oracle,-0.0307831047498506
0.5,LS_oracle,0.0626166578833989
0.5,LS_oracle,0.072266345258019
0.5,LS_oracle,-0.0086020582053965
0.5,LS_oracle,0.0675482796603235
0.5,LS_oracle,0.106726680167785
0.5,LS_oracle,0.0768235990810471
0.5,LS_oracle,0.101383600111592
0.5,LS_oracle,0.131256491633109
0.5,LS_oracle,0.0199899386849933
0.5,LS_oracle,0.0662392906985605
0.5,LS_oracle,0.0271613710611316
0.5,LS_oracle,0.0841271629989875
0.5,LS_oracle,0.050183049216493
0.5,LS_oracle,0.139910566418727
0.5,LS_oracle,0.105702914509408
0.5,LS_oracle,0.0640656440175229
0.5,LS_oracle,0.0798849298015625
0.5,LS_oracle,0.102989665067009
0.5,LS_oracle,0.168641352001044
0.5,LS_oracle,0.15359547210517
0.5,LS_oracle,0.0613862081092653
0.5,LS_oracle,0.0649201116842428
0.5,LS_oracle,0.122931747909935
0.5,LS_oracle,0.0236137385175068
0.5,LS_oracle,0.0466920203878658
0.5,LS_oracle,-0.0284933519664282
0.5,LS_oracle,0.041976858211564
0.5,LS_oracle,0.0827671435145876
0.5,LS_oracle,0.0946021023018933
0.5,LS_oracle,0.0940733034574339
0.5,LS_oracle,0.0281976675289648
0.5,LS_oracle,0.125779424213665
0.5,LS_oracle,0.0962702974509355
0.5,LS_oracle,0.118409849619812
0.5,LS_oracle,0.059597741755395
0.5,LS_oracle,0.0702846803084043
0.5,LS_oracle,0.0598865269472935
0.5,LS_oracle,0.0822471389035633
0.5,LS_oracle,0.087712789438616
0.5,LS_oracle,0.137965255389502
0.5,LS_oracle,0.112291307378796
0.5,LS_oracle,0.0381090390861412
0.5,LS_oracle,0.0832078282478546
0.5,LS_oracle,0.108485805320755
0.5,LS_oracle,0.0865473437457209
0.5,LS_oracle,0.0700416847517282
0.5,LS_oracle,0.12633764276452
0.5,LS_oracle,0.00547447641228405
0.5,LS_oracle,0.0710952464516277
0.5,LS_oracle,0.0482227669853621
0.5,LS_oracle,0.0830980163615056
0.5,LS_oracle,0.105570980574059
0.5,LS_oracle,0.0393730140630557
0.5,LS_oracle,0.150045722848183
0.5,LS_oracle,0.0213836977819442
0.5,LS_oracle,0.102873815826108
0.5,LS_oracle,0.138687453625586
0.5,LS_oracle,0.0677974081682646
0.5,LS_oracle,0.0494901113413366
0.5,LS_oracle,0.160440471891021
0.5,LS_oracle,0.0774259339560346
0.5,LS_oracle,0.111268732702987
0.5,LS_oracle,0.0230964828922824
0.5,LS_oracle,0.111648252161722
0.5,LS_oracle,0.105880630659622
0.5,LS_oracle,0.0777694357210692
0.5,LS_oracle,0.107387486349832
0.5,LS_oracle,0.178330358480146
0.5,LS_oracle,0.0813949519826724
0.5,LS_oracle,0.126722106619914
0.5,LS_oracle,0.0906357654544085
0.5,LS_oracle,0.0106221695729996
0.5,LS_oracle,-0.0103357061756513
0.5,LS_oracle,0.11240722017339
0.5,LS_oracle,0.0192837167488038
0.5,LS_oracle,0.0887078937246177
0.5,LS_oracle,0.0837656074588591
0.5,LS_oracle,0.0875327423598156
0.5,LS_oracle,0.045643998819221
0.5,LS_oracle,0.0174886404261914
0.5,LS_oracle,-0.00261598553639286
0.5,LS_oracle,0.0978188305325254
0.5,LS_oracle,0.0740023590655505
0.5,LS_oracle,0.129595701315437
0.5,LS_oracle,0.080737644846792
0.5,LS_oracle,0.087367109045152
0.5,LS_oracle,0.0964096025905843
0.5,LS_oracle,0.0478181520083327
0.5,LS_oracle,0.09670378389834
0.5,LS_oracle,0.0317528615208915
0.5,LS_oracle,0.0890802172855361
0.5,LS_oracle,0.0878262882296905
0.5,LS_oracle,0.0287487174233594
0.5,LS_oracle,0.0173462681346053
0.5,LS_oracle,0.0262280622557063
0.5,LS_oracle,0.13144724717412
0.5,LS_oracle,0.067291386172099
0.5,LS_oracle,0.233331313770414
0.5,LS_oracle,0.105849572151928
0.5,LS_oracle,0.118184614859293
0.5,LS_oracle,0.0730889113538491
0.5,LS_oracle,0.0593820653506461
0.5,LS_oracle,0.108791316960708
0.5,LS_oracle,0.0340238110711224
0.5,LS_oracle,0.0431368072861844
0.5,LS_oracle,0.120141622093699
0.5,LS_oracle,0.0983015821269708
0.5,LS_oracle,0.0894973747052037
0.5,LS_oracle,0.0383534670937629
0.5,LS_oracle,0.0816475757919852
0.5,LS_oracle,0.0147376842851759
0.5,LS_oracle,0.142882265137863
0.5,LS_oracle,0.023805328485631
0.5,LS_oracle,0.151299349802227
0.5,LS_oracle,0.0231699031854207
0.5,LS_oracle,0.141670109086769
0.5,LS_oracle,0.0238467346337659
0.5,LS_oracle,0.0296421360466308
0.5,LS_oracle,0.0466885497198706
0.5,LS_oracle,0.0610444505870147
0.5,LS_oracle,0.0200976403353974
0.5,LS_oracle,0.0851264020852402
0.5,LS_oracle,0.0552618468916994
0.5,LS_oracle,0.151384832038059
0.5,LS_oracle,0.162116395559504
0.5,LS_oracle,0.127301544508476
0.5,LS_oracle,0.10216179556444
0.5,LS_oracle,0.132414691955463
0.5,LS_oracle,0.0554502959021559
0.5,LS_oracle,0.0445920866825558
0.5,LS_oracle,0.0240478254431551
0.5,LS_oracle,0.0759505858369183
0.5,LS_oracle,0.152472080105307
0.5,LS_oracle,0.0630697823853716
0.5,LS_oracle,0.0892037700197013
0.5,LS_oracle,0.184832294595822
0.5,LS_oracle,0.0678028420146111
0.5,LS_oracle,0.0743474414131486
0.5,LS_oracle,0.0611549038641253
0.5,LS_oracle,0.198350239226858
0.5,LS_oracle,0.141421863713613
0.5,LS_oracle,0.0364124084422954
0.5,LS_oracle,0.0628544172362009
0.5,LS_oracle,0.129904613339821
0.5,LS_oracle,0.0563896368168499
0.5,LS_oracle,0.160942617921503
0.5,LS_oracle,0.0782517984610021
0.5,LS_oracle,0.166906150165359
0.5,LS_oracle,0.0359451668878359
0.5,LS_oracle,0.0913800277152619
0.5,LS_oracle,0.0330339874769818
0.5,LS_oracle,0.132368610912575
0.5,LS_oracle,0.0694874950768218
0.5,LS_oracle,0.0979845896183598
0.5,LS_oracle,0.0808894806409188
0.5,LS_oracle,0.0693733216101091
0.5,LS_oracle,0.107424211653435
0.5,LS_oracle,-0.0313827209107878
0.5,LS_oracle,0.162272227768769
0.5,LS_oracle,0.0704312184261977
0.5,LS_oracle,0.120943862612433
0.5,LS_oracle,0.0728933690525186
0.5,LS_oracle,0.130511229204494
0.5,LS_oracle,0.0745539447704453
0.5,LS_oracle,0.0531530979966717
0.5,LS_oracle,0.11541024362297
0.5,TS_oracle,0.0305573569483151
0.5,TS_oracle,0.145973243882189
0.5,TS_oracle,0.0604932472135764
0.5,TS_oracle,0.135217719869001
0.5,TS_oracle,0.124425015077846
0.5,TS_oracle,0.0277396341238532
0.5,TS_oracle,0.0171486267837568
0.5,TS_oracle,0.0424998662266012
0.5,TS_oracle,0.0339694800367649
0.5,TS_oracle,0.0822582153220379
0.5,TS_oracle,0.0558122585635916
0.5,TS_oracle,0.11456680542094
0.5,TS_oracle,0.125362473204235
0.5,TS_oracle,0.152055652532241
0.5,TS_oracle,-0.00626057723334073
0.5,TS_oracle,0.0788279912891026
0.5,TS_oracle,0.0498224112575334
0.5,TS_oracle,0.0531153757015721
0.5,TS_oracle,0.0988832164047515
0.5,TS_oracle,0.0563443054732999
0.5,TS_oracle,0.0988240025226355
0.5,TS_oracle,0.059959182082034
0.5,TS_oracle,0.092594443799471
0.5,TS_oracle,0.161635442253521
0.5,TS_oracle,0.106253666088658
0.5,TS_oracle,0.0274665253694482
0.5,TS_oracle,0.100580070325232
0.5,TS_oracle,0.0963787410350603
0.5,TS_oracle,0.0231436718473799
0.5,TS_oracle,0.0786533634543376
0.5,TS_oracle,0.0474790815485051
0.5,TS_oracle,0.131892740418467
0.5,TS_oracle,0.0107216590033126
0.5,TS_oracle,-0.0455710479293745
0.5,TS_oracle,0.0745909022765281
0.5,TS_oracle,0.0599981116947723
0.5,TS_oracle,-0.0160037025832918
0.5,TS_oracle,0.0640577873808723
0.5,TS_oracle,0.100437287453801
0.5,TS_oracle,0.0545707759390932
0.5,TS_oracle,0.0846429948761547
0.5,TS_oracle,0.136279364443945
0.5,TS_oracle,0.0101219926994212
0.5,TS_oracle,0.063878486661888
0.5,TS_oracle,0.0257111660754654
0.5,TS_oracle,0.0897820172502335
0.5,TS_oracle,0.0562001139248718
0.5,TS_oracle,0.103460025494998
0.5,TS_oracle,0.104298850263866
0.5,TS_oracle,0.0698989083071753
0.5,TS_oracle,0.0614354174340728
0.5,TS_oracle,0.0694218401265898
0.5,TS_oracle,0.179316298507893
0.5,TS_oracle,0.124539133441228
0.5,TS_oracle,0.0497005492886275
0.5,TS_oracle,0.0626965398929487
0.5,TS_oracle,0.109064859740745
0.5,TS_oracle,0.0208969214588397
0.5,TS_oracle,0.0438611630806911
0.5,TS_oracle,-0.0213176680018423
0.5,TS_oracle,0.0345433990878525
0.5,TS_oracle,0.0609176061419792
0.5,TS_oracle,0.0767918279209225
0.5,TS_oracle,0.105391473603747
0.5,TS_oracle,0.0185534514447712
0.5,TS_oracle,0.0971988388538534
0.5,TS_oracle,0.0744111180426716
0.5,TS_oracle,0.12291121685653
0.5,TS_oracle,0.0536287182678714
0.5,TS_oracle,0.043078379864756
0.5,TS_oracle,0.0763553985968892
0.5,TS_oracle,0.0680717059813523
0.5,TS_oracle,0.0674699066503419
0.5,TS_oracle,0.113081706946504
0.5,TS_oracle,0.0960514077249777
0.5,TS_oracle,0.0221078699118378
0.5,TS_oracle,0.07537504053194
0.5,TS_oracle,0.101984379586151
0.5,TS_oracle,0.0753694526990123
0.5,TS_oracle,0.0469566120382678
0.5,TS_oracle,0.117022881530675
0.5,TS_oracle,0.00663679730922517
0.5,TS_oracle,0.0640373451644631
0.5,TS_oracle,0.0451979183039424
0.5,TS_oracle,0.066334234135806
0.5,TS_oracle,0.0962472255847313
0.5,TS_oracle,0.021245654180934
0.5,TS_oracle,0.142657984157442
0.5,TS_oracle,0.0208492180568072
0.5,TS_oracle,0.106878627429428
0.5,TS_oracle,0.131320051596945
0.5,TS_oracle,0.0687464962194728
0.5,TS_oracle,0.0557389938488606
0.5,TS_oracle,0.147559633370785
0.5,TS_oracle,0.0499967546239903
0.5,TS_oracle,0.0909542111835484
0.5,TS_oracle,0.0379657702897016
0.5,TS_oracle,0.108443565923173
0.5,TS_oracle,0.0887493587027344
0.5,TS_oracle,0.0767097237225525
0.5,TS_oracle,0.106838032194838
0.5,TS_oracle,0.159664122125707
0.5,TS_oracle,0.0677024784868154
0.5,TS_oracle,0.110728023767501
0.5,TS_oracle,0.147881699599863
0.5,TS_oracle,0.00752742558164421
0.5,TS_oracle,-0.0207081571887984
0.5,TS_oracle,0.113406020037967
0.5,TS_oracle,0.0144612323240121
0.5,TS_oracle,0.0721455164837663
0.5,TS_oracle,0.0560721458434981
0.5,TS_oracle,0.0837943324882511
0.5,TS_oracle,0.0260798680007701
0.5,TS_oracle,0.0027672779669663
0.5,TS_oracle,0.00613605620484448
0.5,TS_oracle,0.0954954025327779
0.5,TS_oracle,0.0629472804735633
0.5,TS_oracle,0.131125043479425
0.5,TS_oracle,0.0701791911981438
0.5,TS_oracle,0.0920398956147135
0.5,TS_oracle,0.0897608967415595
0.5,TS_oracle,0.0451326116179056
0.5,TS_oracle,0.082720816233546
0.5,TS_oracle,0.0219907740176661
0.5,TS_oracle,0.0907942615213928
0.5,TS_oracle,0.138781169558207
0.5,TS_oracle,0.0389900281549176
0.5,TS_oracle,-0.00339458106777546
0.5,TS_oracle,0.00987592879805566
0.5,TS_oracle,0.0775065862231019
0.5,TS_oracle,0.0696726480760264
0.5,TS_oracle,0.237180029925636
0.5,TS_oracle,0.0790244413051957
0.5,TS_oracle,0.104989703441329
0.5,TS_oracle,0.0649736996488752
0.5,TS_oracle,0.0630538553723821
0.5,TS_oracle,0.106220294905536
0.5,TS_oracle,0.0323275581405975
0.5,TS_oracle,0.041673497390081
0.5,TS_oracle,0.114150677151286
0.5,TS_oracle,0.0752980959816691
0.5,TS_oracle,0.0668849519680563
0.5,TS_oracle,0.0293122684445015
0.5,TS_oracle,0.0917798809431003
0.5,TS_oracle,-0.0145495346967132
0.5,TS_oracle,0.137478590030647
0.5,TS_oracle,0.0258168318366783
0.5,TS_oracle,0.133763932507533
0.5,TS_oracle,0.0147427110408538
0.5,TS_oracle,0.14097493024779
0.5,TS_oracle,0.043177010917788
0.5,TS_oracle,0.0332031887908151
0.5,TS_oracle,0.0568658704167144
0.5,TS_oracle,0.0400982458266472
0.5,TS_oracle,0.0205032501093392
0.5,TS_oracle,0.0855765558663981
0.5,TS_oracle,0.0582913568669907
0.5,TS_oracle,0.127102547402899
0.5,TS_oracle,0.143447987975752
0.5,TS_oracle,0.121806591745216
0.5,TS_oracle,0.0831261730359059
0.5,TS_oracle,0.128878016669404
0.5,TS_oracle,0.0894981787507065
0.5,TS_oracle,0.0408076963803456
0.5,TS_oracle,0.0108622558641578
0.5,TS_oracle,0.0766234661520639
0.5,TS_oracle,0.131851083710389
0.5,TS_oracle,0.0634839923873223
0.5,TS_oracle,0.0533761076566257
0.5,TS_oracle,0.162508805418655
0.5,TS_oracle,0.0815190930271208
0.5,TS_oracle,0.0585227776721702
0.5,TS_oracle,0.0408721397948106
0.5,TS_oracle,0.183812006684
0.5,TS_oracle,0.139417867513674
0.5,TS_oracle,0.0132502416777052
0.5,TS_oracle,0.0595469393323236
0.5,TS_oracle,0.123946528006884
0.5,TS_oracle,0.0533496999606571
0.5,TS_oracle,0.1544166552983
0.5,TS_oracle,0.0549418177505536
0.5,TS_oracle,0.175459062500275
0.5,TS_oracle,0.0230889364443769
0.5,TS_oracle,0.0925121703213629
0.5,TS_oracle,0.0235641678305152
0.5,TS_oracle,0.133717864591436
0.5,TS_oracle,0.0649006636046849
0.5,TS_oracle,0.0666436948264257
0.5,TS_oracle,0.0822465294828836
0.5,TS_oracle,0.0390151602027884
0.5,TS_oracle,0.0967510686974442
0.5,TS_oracle,-0.0309853633838086
0.5,TS_oracle,0.157049352727967
0.5,TS_oracle,0.0673919942891703
0.5,TS_oracle,0.115444107387185
0.5,TS_oracle,0.0848419749681701
0.5,TS_oracle,0.131760483404617
0.5,TS_oracle,0.050394174288074
0.5,TS_oracle,0.05120566016635
0.5,TS_oracle,0.102199285037927
0.6,PLS,0.0543459965384623
0.6,PLS,0.0225312295085505
0.6,PLS,0.0645926947051065
0.6,PLS,0.110219083512035
0.6,PLS,0.0562148047353446
0.6,PLS,0.106554946193451
0.6,PLS,0.0785320014616746
0.6,PLS,0.0965626925122103
0.6,PLS,0.022546777695333
0.6,PLS,0.213672780697141
0.6,PLS,0.105973240936463
0.6,PLS,0.0570561636943621
0.6,PLS,0.223532178738853
0.6,PLS,0.0710801580215514
0.6,PLS,0.0567274245167997
0.6,PLS,0.0911430659403782
0.6,PLS,0.0956261464583916
0.6,PLS,0.18620038485119
0.6,PLS,0.132307189868892
0.6,PLS,0.111954073553715
0.6,PLS,0.0326777213297413
0.6,PLS,0.0419300958229722
0.6,PLS,0.172502156418822
0.6,PLS,0.0483930282975118
0.6,PLS,0.0872369061748375
0.6,PLS,0.113271078387375
0.6,PLS,0.0671500550219697
0.6,PLS,0.0727689498233994
0.6,PLS,0.0611263536984872
0.6,PLS,0.0993990344429136
0.6,PLS,0.0966560696518264
0.6,PLS,0.054914227252133
0.6,PLS,0.0524879496790922
0.6,PLS,0.0889622014129072
0.6,PLS,0.0237179397641514
0.6,PLS,0.0826672516092242
0.6,PLS,0.143612745748005
0.6,PLS,0.181126212362434
0.6,PLS,-0.0129250259342966
0.6,PLS,0.0294886205909624
0.6,PLS,0.179186660623037
0.6,PLS,0.146998438187564
0.6,PLS,0.0943276180674455
0.6,PLS,0.109370281509356
0.6,PLS,0.161491507111443
0.6,PLS,0.0788423823986166
0.6,PLS,0.0399416965862494
0.6,PLS,0.0251515691642794
0.6,PLS,0.118322707555796
0.6,PLS,0.0227085876121476
0.6,PLS,0.138796529987252
0.6,PLS,0.0210858712360775
0.6,PLS,0.114801307366194
0.6,PLS,0.0662643976757225
0.6,PLS,0.156387167592288
0.6,PLS,0.0907927420309769
0.6,PLS,0.0595023397055241
0.6,PLS,0.160835410055959
0.6,PLS,0.0610578999847586
0.6,PLS,0.122560354186461
0.6,PLS,0.0682172084207711
0.6,PLS,0.0818661900973721
0.6,PLS,0.0724224629389454
0.6,PLS,0.177544540302664
0.6,PLS,0.0532454817220018
0.6,PLS,0.1244062979015
0.6,PLS,0.133867230349669
0.6,PLS,0.110047950440072
0.6,PLS,0.0482180467159898
0.6,PLS,0.0782483517555521
0.6,PLS,0.0494202852405612
0.6,PLS,0.013619090153604
0.6,PLS,0.0109948930934665
0.6,PLS,0.0854304721267796
0.6,PLS,0.0886374798480734
0.6,PLS,0.0805865153724807
0.6,PLS,0.0789227279463993
0.6,PLS,0.101701203899592
0.6,PLS,0.134440960384367
0.6,PLS,0.026991328646123
0.6,PLS,0.137852157348572
0.6,PLS,0.155320417202094
0.6,PLS,0.0625918236157563
0.6,PLS,0.114494711607602
0.6,PLS,0.0927888610864627
0.6,PLS,0.0441906937082326
0.6,PLS,0.115947604648623
0.6,PLS,0.16942838819881
0.6,PLS,0.0781770887370046
0.6,PLS,0.0097428839394349
0.6,PLS,0.047755955718533
0.6,PLS,0.134959660658482
0.6,PLS,0.105028236859783
0.6,PLS,0.0780990421777539
0.6,PLS,0.132144735019545
0.6,PLS,0.131882975288793
0.6,PLS,0.037521254814795
0.6,PLS,0.160789853961792
0.6,PLS,0.104192757596933
0.6,PLS,0.17464444947019
0.6,PLS,0.0308554556506782
0.6,PLS,0.158942906762267
0.6,PLS,0.109296551370749
0.6,PLS,0.177877007880157
0.6,PLS,0.0801021591184963
0.6,PLS,0.141609183300805
0.6,PLS,0.164276999165899
0.6,PLS,0.136343937214793
0.6,PLS,0.137289279022697
0.6,PLS,0.10904982491012
0.6,PLS,0.137994921153917
0.6,PLS,0.0333555049050922
0.6,PLS,0.115713819154254
0.6,PLS,0.197903709980292
0.6,PLS,0.0182337120048346
0.6,PLS,0.109866015555799
0.6,PLS,0.0660764092997368
0.6,PLS,0.031211958291689
0.6,PLS,-0.0644713888587408
0.6,PLS,-0.0276611043736795
0.6,PLS,0.0799668650154617
0.6,PLS,0.146722153942827
0.6,PLS,0.107014690245224
0.6,PLS,0.169259037323296
0.6,PLS,0.0934976800731482
0.6,PLS,0.0698838245787676
0.6,PLS,-0.00203300933041917
0.6,PLS,0.140038262209577
0.6,PLS,0.00553262428026313
0.6,PLS,0.116431777155483
0.6,PLS,0.148269036785878
0.6,PLS,0.0553761067214198
0.6,PLS,0.0358412738262288
0.6,PLS,-0.0035809616124407
0.6,PLS,0.0239806098855129
0.6,PLS,0.068237370100894
0.6,PLS,0.0382296964521356
0.6,PLS,0.132215538353604
0.6,PLS,0.0495308893543316
0.6,PLS,0.193110675420916
0.6,PLS,0.102155723803816
0.6,PLS,0.0800382848632004
0.6,PLS,-0.0170994999227815
0.6,PLS,0.0707153035692603
0.6,PLS,0.17047258697359
0.6,PLS,0.0326422065152341
0.6,PLS,0.154534161689303
0.6,PLS,0.125662245289676
0.6,PLS,0.0860219286446242
0.6,PLS,0.0695876793587376
0.6,PLS,0.0610618077886504
0.6,PLS,0.0286332579393889
0.6,PLS,0.0668407446557095
0.6,PLS,0.108295925186592
0.6,PLS,0.0822998317368202
0.6,PLS,0.0595172838895393
0.6,PLS,0.0323158273601918
0.6,PLS,0.0929575588999842
0.6,PLS,0.0464382485602295
0.6,PLS,0.0323130817589286
0.6,PLS,0.149064559454844
0.6,PLS,0.120022917810461
0.6,PLS,0.0745334600859731
0.6,PLS,0.0743279090191571
0.6,PLS,0.105595205899399
0.6,PLS,0.0306521591574018
0.6,PLS,0.0495436322795733
0.6,PLS,0.0806946564168207
0.6,PLS,0.111745720445036
0.6,PLS,0.0498828188364182
0.6,PLS,0.0485819605806657
0.6,PLS,0.0599123765270166
0.6,PLS,0.0537797458957465
0.6,PLS,0.0895092129251416
0.6,PLS,0.0298880116451425
0.6,PLS,0.162419016922478
0.6,PLS,0.00343082459771127
0.6,PLS,0.0222864443133688
0.6,PLS,0.0797110220992669
0.6,PLS,0.0510244578134358
0.6,PLS,0.144052481632621
0.6,PLS,0.0400895970639927
0.6,PLS,-0.0124480291742095
0.6,PLS,0.13229464879403
0.6,PLS,0.123419342912146
0.6,PLS,0.0864735281849256
0.6,PLS,0.0983173580950845
0.6,PLS,0.052076443559135
0.6,PLS,0.0745298523476867
0.6,PLS,0.216167730224717
0.6,PLS,0.0159607712312115
0.6,PLS,0.0207591444831381
0.6,PLS,0.122683453700938
0.6,PLS,-0.0358445225044742
0.6,PLS,0.0570945043755049
0.6,PLS,0.0309940668743791
0.6,PLS,0.225582684303078
0.6,PLS,0.0961246909303062
0.6,PLS,0.0172156601997111
0.6,PLS,0.0965710341589872
0.6,fTS,0.0418598100905658
0.6,fTS,0.0261023481864082
0.6,fTS,0.0558560251117672
0.6,fTS,0.146816759374618
0.6,fTS,0.0297241447550221
0.6,fTS,0.097095245632165
0.6,fTS,0.105906164107849
0.6,fTS,0.0952090541884085
0.6,fTS,0.01784001542666
0.6,fTS,0.200945481416415
0.6,fTS,0.0970767686141498
0.6,fTS,0.0502020160603758
0.6,fTS,0.214322841540536
0.6,fTS,0.0569065205244177
0.6,fTS,0.0435312598033466
0.6,fTS,0.0800107888768262
0.6,fTS,0.0889721467131799
0.6,fTS,0.171033237057263
0.6,fTS,0.135236413695294
0.6,fTS,0.107223700594661
0.6,fTS,0.0285481831806245
0.6,fTS,0.0653985414082301
0.6,fTS,0.144157132714949
0.6,fTS,0.129250303020437
0.6,fTS,0.0650451341893201
0.6,fTS,0.0986527963293051
0.6,fTS,0.100915237485777
0.6,fTS,0.0499093308516518
0.6,fTS,0.0463430461267305
0.6,fTS,0.0986970965190872
0.6,fTS,0.0767958283858623
0.6,fTS,0.0477051569739018
0.6,fTS,0.0642710701003493
0.6,fTS,0.0627425024707462
0.6,fTS,0.0498117575543788
0.6,fTS,0.0838885314673927
0.6,fTS,0.136348171933514
0.6,fTS,0.196946260707047
0.6,fTS,-0.0178272641388646
0.6,fTS,0.0138102843018844
0.6,fTS,0.162403661526455
0.6,fTS,0.162026286613709
0.6,fTS,0.0417630402787483
0.6,fTS,0.0992050396642425
0.6,fTS,0.149595223884158
0.6,fTS,0.075127209749281
0.6,fTS,0.0211177559335698
0.6,fTS,0.0121240561321334
0.6,fTS,0.162679516339932
0.6,fTS,0.0299045273722862
0.6,fTS,0.102278365322973
0.6,fTS,-0.00303023079546216
0.6,fTS,0.112642037302425
0.6,fTS,0.0512625326072507
0.6,fTS,0.1362747064786
0.6,fTS,0.0795433978121856
0.6,fTS,0.0549360835824624
0.6,fTS,0.158711432066656
0.6,fTS,0.0652109077536658
0.6,fTS,0.128334415669983
0.6,fTS,0.0755410976202409
0.6,fTS,0.0630698488910388
0.6,fTS,0.0693663041633552
0.6,fTS,0.121383782425563
0.6,fTS,0.0733639130190253
0.6,fTS,0.132883639611876
0.6,fTS,0.117421740362877
0.6,fTS,0.107199753279257
0.6,fTS,0.0349651153593895
0.6,fTS,0.0615003687077904
0.6,fTS,0.0384132884727559
0.6,fTS,0.0162655707326533
0.6,fTS,0.0165782405627923
0.6,fTS,0.0835365796698895
0.6,fTS,0.0922064062712324
0.6,fTS,0.0772581211774233
0.6,fTS,0.0534929269332889
0.6,fTS,0.0851772547536562
0.6,fTS,0.109504383358262
0.6,fTS,0.0328123839278767
0.6,fTS,0.125431642639863
0.6,fTS,0.129470236072451
0.6,fTS,0.0533110970220971
0.6,fTS,0.0725918169936155
0.6,fTS,0.0906147329989173
0.6,fTS,0.0421750256580298
0.6,fTS,0.113904149656658
0.6,fTS,0.161519216241673
0.6,fTS,0.0652700283661893
0.6,fTS,-0.0300600041215749
0.6,fTS,0.0364298843216357
0.6,fTS,0.101338470313525
0.6,fTS,0.0986060329926155
0.6,fTS,0.0820677423325822
0.6,fTS,0.0738178010015271
0.6,fTS,0.119641405126057
0.6,fTS,0.0219040878204919
0.6,fTS,0.12062752342559
0.6,fTS,0.0958716840086697
0.6,fTS,0.174189554005435
0.6,fTS,0.0223414119622736
0.6,fTS,0.163822565061531
0.6,fTS,0.103293888041906
0.6,fTS,0.154022934427734
0.6,fTS,0.0709875494590495
0.6,fTS,0.135088777006251
0.6,fTS,0.163661980149841
0.6,fTS,0.12542611471971
0.6,fTS,0.158440843614323
0.6,fTS,0.114388684504874
0.6,fTS,0.125279315655997
0.6,fTS,0.0510030521624834
0.6,fTS,0.124383424663264
0.6,fTS,0.157039183681762
0.6,fTS,0.000749047310115047
0.6,fTS,0.0933930228692648
0.6,fTS,0.061060786311496
0.6,fTS,-0.00361777880335457
0.6,fTS,-0.035913660195301
0.6,fTS,-0.0343228260154607
0.6,fTS,0.069724514206476
0.6,fTS,0.121161897280448
0.6,fTS,0.0952885981572396
0.6,fTS,0.156901761870722
0.6,fTS,0.099091318501058
0.6,fTS,0.078860331962685
0.6,fTS,-0.00720333521003247
0.6,fTS,0.121337629142637
0.6,fTS,-0.00687212946036231
0.6,fTS,0.0956744060916443
0.6,fTS,0.135823436932158
0.6,fTS,0.0353728466749681
0.6,fTS,0.0543084342308588
0.6,fTS,-0.00466595614816367
0.6,fTS,0.0285784118207164
0.6,fTS,0.0640674538573867
0.6,fTS,0.041903047802119
0.6,fTS,0.128507840087041
0.6,fTS,0.0413894724330177
0.6,fTS,0.192579942237922
0.6,fTS,0.100777736839178
0.6,fTS,0.0672085044386661
0.6,fTS,-0.0185969289580296
0.6,fTS,0.0326333957763927
0.6,fTS,0.142439776302522
0.6,fTS,0.0315161996409583
0.6,fTS,0.0979067711667043
0.6,fTS,0.125256351847702
0.6,fTS,0.0868609952273747
0.6,fTS,0.0716732618247529
0.6,fTS,0.0548725514840147
0.6,fTS,0.0237565135389013
0.6,fTS,0.0610025569558372
0.6,fTS,0.0992120831213679
0.6,fTS,0.0729432391048586
0.6,fTS,0.0525352119212821
0.6,fTS,0.0204869779535903
0.6,fTS,0.0902106652504975
0.6,fTS,0.0363133341186255
0.6,fTS,0.0202167996668599
0.6,fTS,0.114992539757177
0.6,fTS,0.115038948497857
0.6,fTS,0.0639776203521309
0.6,fTS,0.0627706968421036
0.6,fTS,0.0766121479111801
0.6,fTS,0.0369992463338431
0.6,fTS,0.0314733816575763
0.6,fTS,0.0738896083485452
0.6,fTS,0.108147315261614
0.6,fTS,0.0180164620070549
0.6,fTS,0.0313303798950355
0.6,fTS,0.0659664196225347
0.6,fTS,0.036960548374686
0.6,fTS,0.0754308641758732
0.6,fTS,0.0174932793267981
0.6,fTS,0.135239726668864
0.6,fTS,-0.0112433673507901
0.6,fTS,-0.00642489482769615
0.6,fTS,0.0268588003532604
0.6,fTS,0.0164290385134147
0.6,fTS,0.140258864943807
0.6,fTS,0.0322005279413324
0.6,fTS,-0.00187604003019581
0.6,fTS,0.119140545822767
0.6,fTS,0.116249287784455
0.6,fTS,0.0801709708829212
0.6,fTS,0.0770770912195005
0.6,fTS,0.0375263076528349
0.6,fTS,0.0601884393108607
0.6,fTS,0.216946318311608
0.6,fTS,-0.00208242242749823
0.6,fTS,0.00758720057027018
0.6,fTS,0.129356923029501
0.6,fTS,-0.0293323115950598
0.6,fTS,0.0388438957784105
0.6,fTS,0.0467608837285975
0.6,fTS,0.188149280782839
0.6,fTS,0.0769092350574025
0.6,fTS,0.035997692427769
0.6,fTS,0.0788022534399386
0.6,LS_oracle,0.0501332765376934
0.6,LS_oracle,0.0225898304434891
0.6,LS_oracle,0.0651945225669959
0.6,LS_oracle,0.136856752398241
0.6,LS_oracle,0.0529152891324722
0.6,LS_oracle,0.108002087425072
0.6,LS_oracle,0.0791590123030301
0.6,LS_oracle,0.0967781942838692
0.6,LS_oracle,0.028554087318438
0.6,LS_oracle,0.208782958487467
0.6,LS_oracle,0.106969839689298
0.6,LS_oracle,0.0580606850053487
0.6,LS_oracle,0.223525487443894
0.6,LS_oracle,0.0709586558529518
0.6,LS_oracle,0.0527723448749038
0.6,LS_oracle,0.0932786444638536
0.6,LS_oracle,0.0939082605790558
0.6,LS_oracle,0.184512891930134
0.6,LS_oracle,0.130732477014695
0.6,LS_oracle,0.11397918636107
0.6,LS_oracle,0.0322323844489263
0.6,LS_oracle,0.041419454895437
0.6,LS_oracle,0.17645747112132
0.6,LS_oracle,0.0479427424861643
0.6,LS_oracle,0.0865706349531965
0.6,LS_oracle,0.11447864880903
0.6,LS_oracle,0.0670964892619448
0.6,LS_oracle,0.0687652106780074
0.6,LS_oracle,0.0554928074644374
0.6,LS_oracle,0.105456130537266
0.6,LS_oracle,0.0949399070396131
0.6,LS_oracle,0.0568050297854492
0.6,LS_oracle,0.0467384149944194
0.6,LS_oracle,0.0789776533939774
0.6,LS_oracle,0.0232934145546837
0.6,LS_oracle,0.0832409400928329
0.6,LS_oracle,0.142899935691693
0.6,LS_oracle,0.175594610322061
0.6,LS_oracle,-0.012520006270212
0.6,LS_oracle,0.0258881073891188
0.6,LS_oracle,0.179194010703598
0.6,LS_oracle,0.14429402987539
0.6,LS_oracle,0.0946752392556718
0.6,LS_oracle,0.106837865737802
0.6,LS_oracle,0.167435785722189
0.6,LS_oracle,0.074294625395608
0.6,LS_oracle,0.042846068845996
0.6,LS_oracle,0.0240650404525504
0.6,LS_oracle,0.11736060569831
0.6,LS_oracle,0.0229932117290677
0.6,LS_oracle,0.13259134284055
0.6,LS_oracle,0.0199870355174045
0.6,LS_oracle,0.112543790178206
0.6,LS_oracle,0.0657639264530736
0.6,LS_oracle,0.157702588406065
0.6,LS_oracle,0.0867021619789503
0.6,LS_oracle,0.0588562997342188
0.6,LS_oracle,0.164615255729641
0.6,LS_oracle,0.0601869478248289
0.6,LS_oracle,0.125845961357535
0.6,LS_oracle,0.0724522708805149
0.6,LS_oracle,0.0749182500521732
0.6,LS_oracle,0.0692961784701873
0.6,LS_oracle,0.13328590951451
0.6,LS_oracle,0.0539598037812725
0.6,LS_oracle,0.124127876349783
0.6,LS_oracle,0.122476755049952
0.6,LS_oracle,0.109641382888566
0.6,LS_oracle,0.0392929526753825
0.6,LS_oracle,0.0693044912179883
0.6,LS_oracle,0.0490368715414711
0.6,LS_oracle,0.0162537659712847
0.6,LS_oracle,0.0136174989847939
0.6,LS_oracle,0.0866508490192111
0.6,LS_oracle,0.0822104822145595
0.6,LS_oracle,0.0795085081544729
0.6,LS_oracle,0.076844047345582
0.6,LS_oracle,0.0985753707218204
0.6,LS_oracle,0.127131877504099
0.6,LS_oracle,0.0249450053639584
0.6,LS_oracle,0.144312766779019
0.6,LS_oracle,0.160239768392513
0.6,LS_oracle,0.0636301346865853
0.6,LS_oracle,0.109678160363791
0.6,LS_oracle,0.0916670486353748
0.6,LS_oracle,0.0434188020209405
0.6,LS_oracle,0.114777681543367
0.6,LS_oracle,0.169988888334751
0.6,LS_oracle,0.0742305135204127
0.6,LS_oracle,0.00788817115343088
0.6,LS_oracle,0.0436334561109997
0.6,LS_oracle,0.136083029993797
0.6,LS_oracle,0.104269346701315
0.6,LS_oracle,0.0771924760212255
0.6,LS_oracle,0.126746274637646
0.6,LS_oracle,0.13248866657078
0.6,LS_oracle,0.0381272950447615
0.6,LS_oracle,0.159273609670825
0.6,LS_oracle,0.103120910109794
0.6,LS_oracle,0.175151293781186
0.6,LS_oracle,0.0313990630932957
0.6,LS_oracle,0.156329781168114
0.6,LS_oracle,0.107932699583743
0.6,LS_oracle,0.178382642632403
0.6,LS_oracle,0.0800221242019747
0.6,LS_oracle,0.142710067032626
0.6,LS_oracle,0.164519082579408
0.6,LS_oracle,0.138254953152116
0.6,LS_oracle,0.138485465814534
0.6,LS_oracle,0.109686832181276
0.6,LS_oracle,0.145723561355075
0.6,LS_oracle,0.0334088480527819
0.6,LS_oracle,0.117791029662601
0.6,LS_oracle,0.19745142068242
0.6,LS_oracle,0.0167033070083076
0.6,LS_oracle,0.108293420902841
0.6,LS_oracle,0.0632949920698602
0.6,LS_oracle,0.0278216931367612
0.6,LS_oracle,-0.0618176527876553
0.6,LS_oracle,-0.0281553753590145
0.6,LS_oracle,0.0893997618677513
0.6,LS_oracle,0.14668168754936
0.6,LS_oracle,0.107117771562255
0.6,LS_oracle,0.162531229628025
0.6,LS_oracle,0.131985720643931
0.6,LS_oracle,0.069223018166952
0.6,LS_oracle,-0.00471302117981764
0.6,LS_oracle,0.138207056352738
0.6,LS_oracle,0.00424699109523319
0.6,LS_oracle,0.11290770367644
0.6,LS_oracle,0.146687072888634
0.6,LS_oracle,0.0552922773390128
0.6,LS_oracle,0.0368918093455268
0.6,LS_oracle,-0.00483533390098723
0.6,LS_oracle,0.0242224990118729
0.6,LS_oracle,0.0670300665822441
0.6,LS_oracle,0.0364115145601729
0.6,LS_oracle,0.130896067098268
0.6,LS_oracle,0.0489993059289315
0.6,LS_oracle,0.189977821912105
0.6,LS_oracle,0.102354768935888
0.6,LS_oracle,0.0792691162090311
0.6,LS_oracle,-0.0172793205632663
0.6,LS_oracle,0.0689728185791727
0.6,LS_oracle,0.171921904857934
0.6,LS_oracle,0.0314366198208771
0.6,LS_oracle,0.156694280054329
0.6,LS_oracle,0.125806798361185
0.6,LS_oracle,0.0885785189504491
0.6,LS_oracle,0.0695691426571279
0.6,LS_oracle,0.0617380051768233
0.6,LS_oracle,0.0271068041644797
0.6,LS_oracle,0.0692820747013925
0.6,LS_oracle,0.0829407809419684
0.6,LS_oracle,0.0821419562506633
0.6,LS_oracle,0.0619431949295415
0.6,LS_oracle,0.0294502188557064
0.6,LS_oracle,0.0932137647301514
0.6,LS_oracle,0.040313102144145
0.6,LS_oracle,0.0284413005481707
0.6,LS_oracle,0.143929830729149
0.6,LS_oracle,0.120231942908712
0.6,LS_oracle,0.0722300843278563
0.6,LS_oracle,0.071655858837917
0.6,LS_oracle,0.103878285279915
0.6,LS_oracle,0.0324170339881495
0.6,LS_oracle,0.050960352394128
0.6,LS_oracle,0.0801938921691061
0.6,LS_oracle,0.111685074271874
0.6,LS_oracle,0.0442044511332644
0.6,LS_oracle,0.0484287594231028
0.6,LS_oracle,0.0591155529864569
0.6,LS_oracle,0.05376445679472
0.6,LS_oracle,0.09002616541007
0.6,LS_oracle,0.0236583971213495
0.6,LS_oracle,0.16646978240225
0.6,LS_oracle,-0.00168950130839762
0.6,LS_oracle,0.0229810622370714
0.6,LS_oracle,0.0786109849697672
0.6,LS_oracle,0.0534102502991392
0.6,LS_oracle,0.141348348513812
0.6,LS_oracle,0.0408932585139938
0.6,LS_oracle,-0.0135363844730356
0.6,LS_oracle,0.129074321938482
0.6,LS_oracle,0.123194832686617
0.6,LS_oracle,0.0840606775611659
0.6,LS_oracle,0.0981924926844457
0.6,LS_oracle,0.0485580502618304
0.6,LS_oracle,0.0759648896627831
0.6,LS_oracle,0.215522792326187
0.6,LS_oracle,0.0213356305109114
0.6,LS_oracle,0.0220470941138664
0.6,LS_oracle,0.121296754578682
0.6,LS_oracle,-0.0346377741517511
0.6,LS_oracle,0.0641139333683247
0.6,LS_oracle,0.0293781752819018
0.6,LS_oracle,0.222942648831178
0.6,LS_oracle,0.0903538855944443
0.6,LS_oracle,0.016005799855578
0.6,LS_oracle,0.0928085845182736
0.6,TS_oracle,0.0388954742521566
0.6,TS_oracle,0.0248198518294467
0.6,TS_oracle,0.0562858241192548
0.6,TS_oracle,0.135511063747961
0.6,TS_oracle,0.0298218539337498
0.6,TS_oracle,0.0947452862851019
0.6,TS_oracle,0.0743416445075433
0.6,TS_oracle,0.0943737127619455
0.6,TS_oracle,0.0180678778066632
0.6,TS_oracle,0.200942084402463
0.6,TS_oracle,0.0975735223666025
0.6,TS_oracle,0.0476338482841472
0.6,TS_oracle,0.214165030676611
0.6,TS_oracle,0.053907544821225
0.6,TS_oracle,0.0430552931641666
0.6,TS_oracle,0.0763756572331702
0.6,TS_oracle,0.0838349687137476
0.6,TS_oracle,0.168444449144085
0.6,TS_oracle,0.132668873889989
0.6,TS_oracle,0.107517438235197
0.6,TS_oracle,0.0285667642694887
0.6,TS_oracle,0.0640539017997273
0.6,TS_oracle,0.144784096848875
0.6,TS_oracle,0.129031423907513
0.6,TS_oracle,0.0656553953628298
0.6,TS_oracle,0.099250498140721
0.6,TS_oracle,0.100910376957116
0.6,TS_oracle,0.0462541115785811
0.6,TS_oracle,0.0466663432874019
0.6,TS_oracle,0.0995316567966329
0.6,TS_oracle,0.0757395622739516
0.6,TS_oracle,0.0480040463945135
0.6,TS_oracle,0.056854056573109
0.6,TS_oracle,0.0616996901192381
0.6,TS_oracle,0.0491222618420026
0.6,TS_oracle,0.0814729403287953
0.6,TS_oracle,0.132097668560919
0.6,TS_oracle,0.186556135609358
0.6,TS_oracle,-0.0168017834729814
0.6,TS_oracle,0.0137843866024125
0.6,TS_oracle,0.162358682549794
0.6,TS_oracle,0.183735708076768
0.6,TS_oracle,0.0428153428760238
0.6,TS_oracle,0.0932571463655207
0.6,TS_oracle,0.155249194787715
0.6,TS_oracle,0.0747187930181534
0.6,TS_oracle,0.0191077384091869
0.6,TS_oracle,0.0102380343935882
0.6,TS_oracle,0.162579881683998
0.6,TS_oracle,0.0305017421216296
0.6,TS_oracle,0.100416679621411
0.6,TS_oracle,-0.00318945742905297
0.6,TS_oracle,0.107295989531011
0.6,TS_oracle,0.0514839373142606
0.6,TS_oracle,0.136648828731768
0.6,TS_oracle,0.0750862655869293
0.6,TS_oracle,0.0542217622125287
0.6,TS_oracle,0.158960465003782
0.6,TS_oracle,0.0650507723366871
0.6,TS_oracle,0.124908141963979
0.6,TS_oracle,0.0764153194235972
0.6,TS_oracle,0.062972695824572
0.6,TS_oracle,0.0610314585262159
0.6,TS_oracle,0.11958079499383
0.6,TS_oracle,0.0715907625188463
0.6,TS_oracle,0.132956884109267
0.6,TS_oracle,0.115746394921881
0.6,TS_oracle,0.105932054875595
0.6,TS_oracle,0.0250990295310034
0.6,TS_oracle,0.0546969666084198
0.6,TS_oracle,0.0392154935294282
0.6,TS_oracle,0.0175647900517373
0.6,TS_oracle,0.01714116019581
0.6,TS_oracle,0.0840494368767166
0.6,TS_oracle,0.0890351866853412
0.6,TS_oracle,0.0768994937146732
0.6,TS_oracle,0.0523460415818542
0.6,TS_oracle,0.0814011063191726
0.6,TS_oracle,0.102637275638722
0.6,TS_oracle,0.0324503037109829
0.6,TS_oracle,0.126312958757353
0.6,TS_oracle,0.129475433505036
0.6,TS_oracle,0.0532422321149097
0.6,TS_oracle,0.0710840111003346
0.6,TS_oracle,0.0851667613914266
0.6,TS_oracle,0.0420871952699
0.6,TS_oracle,0.113217968090298
0.6,TS_oracle,0.161651864104486
0.6,TS_oracle,0.0636558663980389
0.6,TS_oracle,-0.0309516963916275
0.6,TS_oracle,0.035344431943191
0.6,TS_oracle,0.101081340515152
0.6,TS_oracle,0.0989171609584716
0.6,TS_oracle,0.0796372462175996
0.6,TS_oracle,0.0729401326131982
0.6,TS_oracle,0.119648857574216
0.6,TS_oracle,0.0215615717706787
0.6,TS_oracle,0.120253774588417
0.6,TS_oracle,0.095790036888828
0.6,TS_oracle,0.174316271571103
0.6,TS_oracle,0.0223835139138058
0.6,TS_oracle,0.163512306930899
0.6,TS_oracle,0.107511779281877
0.6,TS_oracle,0.152001671823212
0.6,TS_oracle,0.0687142862315508
0.6,TS_oracle,0.135131576759348
0.6,TS_oracle,0.163561534641607
0.6,TS_oracle,0.125430120662617
0.6,TS_oracle,0.158539935562913
0.6,TS_oracle,0.115277286925174
0.6,TS_oracle,0.12733534963716
0.6,TS_oracle,0.0521154191442303
0.6,TS_oracle,0.117138232669475
0.6,TS_oracle,0.157993706972632
0.6,TS_oracle,0.000733436866359405
0.6,TS_oracle,0.0920010513612095
0.6,TS_oracle,0.0547889629151697
0.6,TS_oracle,-0.00438983239639779
0.6,TS_oracle,-0.0356264291673841
0.6,TS_oracle,-0.0342783134126955
0.6,TS_oracle,0.0692908668587713
0.6,TS_oracle,0.12015260816518
0.6,TS_oracle,0.0907789457966366
0.6,TS_oracle,0.150862376220833
0.6,TS_oracle,0.098361268362025
0.6,TS_oracle,0.0787957729949273
0.6,TS_oracle,-0.00792115194572829
0.6,TS_oracle,0.117615743217598
0.6,TS_oracle,-0.00768440659676295
0.6,TS_oracle,0.0909264325037784
0.6,TS_oracle,0.134751846818711
0.6,TS_oracle,0.0354717390075547
0.6,TS_oracle,0.0545318735022382
0.6,TS_oracle,-0.00451772715518206
0.6,TS_oracle,0.0286669962451793
0.6,TS_oracle,0.0629962795552208
0.6,TS_oracle,0.0390045711379099
0.6,TS_oracle,0.127241030448241
0.6,TS_oracle,0.0426761215517992
0.6,TS_oracle,0.188954847109595
0.6,TS_oracle,0.100999336890415
0.6,TS_oracle,0.0665180746141907
0.6,TS_oracle,-0.0185650376638127
0.6,TS_oracle,0.0312521555794183
0.6,TS_oracle,0.143680423405389
0.6,TS_oracle,0.025925440623221
0.6,TS_oracle,0.0982598914496098
0.6,TS_oracle,0.125009434043589
0.6,TS_oracle,0.0864548923946467
0.6,TS_oracle,0.0706848973479242
0.6,TS_oracle,0.0544928845239896
0.6,TS_oracle,0.0236600091805601
0.6,TS_oracle,0.0613037723460979
0.6,TS_oracle,0.094089136911794
0.6,TS_oracle,0.0730320051906979
0.6,TS_oracle,0.0533771516094321
0.6,TS_oracle,0.0201895241888583
0.6,TS_oracle,0.0903184255401734
0.6,TS_oracle,0.0321680493077643
0.6,TS_oracle,0.0199704401442717
0.6,TS_oracle,0.114022040942266
0.6,TS_oracle,0.113613534652045
0.6,TS_oracle,0.06303067970781
0.6,TS_oracle,0.063344900560627
0.6,TS_oracle,0.0769124564464765
0.6,TS_oracle,0.0370019844893927
0.6,TS_oracle,0.0316019804492171
0.6,TS_oracle,0.0739056463838279
0.6,TS_oracle,0.108004044221585
0.6,TS_oracle,0.0185431692280187
0.6,TS_oracle,0.0310335430412763
0.6,TS_oracle,0.0656993600478466
0.6,TS_oracle,0.036557167704159
0.6,TS_oracle,0.0757012416016269
0.6,TS_oracle,0.0148687264369889
0.6,TS_oracle,0.13437473038167
0.6,TS_oracle,-0.0122035943378046
0.6,TS_oracle,-0.00578130785931841
0.6,TS_oracle,0.0246822850669952
0.6,TS_oracle,0.0159883426754404
0.6,TS_oracle,0.141065109677895
0.6,TS_oracle,0.022379262351377
0.6,TS_oracle,-0.0049069231401665
0.6,TS_oracle,0.118780288882925
0.6,TS_oracle,0.114074692647393
0.6,TS_oracle,0.0798718641665435
0.6,TS_oracle,0.0770254499011969
0.6,TS_oracle,0.0340929257032094
0.6,TS_oracle,0.0612275782364406
0.6,TS_oracle,0.216841440094546
0.6,TS_oracle,-0.00175137226280031
0.6,TS_oracle,0.00696307855271616
0.6,TS_oracle,0.128951072572652
0.6,TS_oracle,-0.0292348344709743
0.6,TS_oracle,0.0364313763606994
0.6,TS_oracle,0.0456273583090179
0.6,TS_oracle,0.17750441512922
0.6,TS_oracle,0.0767168773350673
0.6,TS_oracle,0.0357105589881705
0.6,TS_oracle,0.0797495600901572
0.7,PLS,0.133841260118116
0.7,PLS,0.0801289464967112
0.7,PLS,0.0184643942255485
0.7,PLS,0.0943902748675334
0.7,PLS,0.141632238944326
0.7,PLS,0.207852675637055
0.7,PLS,0.049353842363218
0.7,PLS,0.138597287458026
0.7,PLS,0.103991372325374
0.7,PLS,0.0903445679122994
0.7,PLS,0.0880613662448835
0.7,PLS,0.0108389305604208
0.7,PLS,0.0873911997565289
0.7,PLS,0.00975580094783557
0.7,PLS,0.0449394334652822
0.7,PLS,0.100802785174167
0.7,PLS,0.079484980785137
0.7,PLS,0.155455269428088
0.7,PLS,0.198862764918638
0.7,PLS,0.152612541378929
0.7,PLS,0.130933772582072
0.7,PLS,0.016279035353183
0.7,PLS,0.122544512883092
0.7,PLS,0.110209648837746
0.7,PLS,0.0379291308351759
0.7,PLS,0.161349636014706
0.7,PLS,0.124201413676031
0.7,PLS,0.103683818716035
0.7,PLS,0.0174134544456028
0.7,PLS,0.116728501028545
0.7,PLS,-0.042223034428546
0.7,PLS,0.0747257358309896
0.7,PLS,0.198514925822037
0.7,PLS,0.102063028202381
0.7,PLS,0.131796544453785
0.7,PLS,0.0825690038442357
0.7,PLS,0.0854389301854073
0.7,PLS,0.178942759479724
0.7,PLS,0.118733940127111
0.7,PLS,0.0955870983710696
0.7,PLS,0.0415911745697448
0.7,PLS,0.187692649111448
0.7,PLS,0.238125970009966
0.7,PLS,0.18021963538266
0.7,PLS,0.146748467250227
0.7,PLS,0.129875208034428
0.7,PLS,0.151766308366335
0.7,PLS,0.0555975526376387
0.7,PLS,0.149875271505713
0.7,PLS,0.0858213479753402
0.7,PLS,0.162969955724512
0.7,PLS,0.0850467660413352
0.7,PLS,0.0745162333527805
0.7,PLS,0.127931161934105
0.7,PLS,0.0575857924466652
0.7,PLS,0.0458716903393965
0.7,PLS,0.111258071621237
0.7,PLS,0.0156958998035339
0.7,PLS,0.188618031922839
0.7,PLS,0.0209238699150196
0.7,PLS,0.0645667353829757
0.7,PLS,0.150481026285271
0.7,PLS,0.0619740310132506
0.7,PLS,0.0721583028449493
0.7,PLS,-0.0124950881466084
0.7,PLS,0.00212769993937179
0.7,PLS,0.0812633712023512
0.7,PLS,0.122125354828361
0.7,PLS,0.0231854522427815
0.7,PLS,0.0946740229523138
0.7,PLS,0.14879100900429
0.7,PLS,0.0734516524311521
0.7,PLS,0.0926247720049354
0.7,PLS,0.0502925298317378
0.7,PLS,0.0925028153515637
0.7,PLS,0.144431523601251
0.7,PLS,0.0856346700654944
0.7,PLS,0.0191486434376034
0.7,PLS,0.178885070210939
0.7,PLS,0.0773948361568735
0.7,PLS,0.217770505333287
0.7,PLS,0.12248862493493
0.7,PLS,0.0559434094721507
0.7,PLS,0.0753060473357592
0.7,PLS,0.0693849778659197
0.7,PLS,-0.00112340138642497
0.7,PLS,0.0360695828906501
0.7,PLS,0.0187710507360699
0.7,PLS,0.141058339524609
0.7,PLS,0.044531173735016
0.7,PLS,0.0262222666224956
0.7,PLS,0.160095678128763
0.7,PLS,0.170648203138361
0.7,PLS,0.118182370475578
0.7,PLS,0.0853781341309505
0.7,PLS,0.0631072906541985
0.7,PLS,0.172328104326975
0.7,PLS,0.0659507035725357
0.7,PLS,0.0821488034512079
0.7,PLS,0.0668938490934017
0.7,PLS,0.07697481983413
0.7,PLS,0.187519721127109
0.7,PLS,0.113143325805183
0.7,PLS,0.00237245021989896
0.7,PLS,-0.0304840263144475
0.7,PLS,0.0536707525412752
0.7,PLS,0.172918016724388
0.7,PLS,0.0289534992841483
0.7,PLS,0.0351420868363661
0.7,PLS,0.0846634003389979
0.7,PLS,0.0470413440583817
0.7,PLS,0.133471789627924
0.7,PLS,-0.0364734989116671
0.7,PLS,0.0956161370996016
0.7,PLS,0.162025603480765
0.7,PLS,0.0419545936217358
0.7,PLS,0.0984656702245381
0.7,PLS,0.0344483768390158
0.7,PLS,0.122213371037973
0.7,PLS,0.0292029665354503
0.7,PLS,0.0332155699109129
0.7,PLS,0.00802606514201587
0.7,PLS,0.0556430847000398
0.7,PLS,0.146542385909746
0.7,PLS,0.0639531914337093
0.7,PLS,0.00864718207142667
0.7,PLS,0.200510735828019
0.7,PLS,0.106900149514473
0.7,PLS,0.0368689257130719
0.7,PLS,0.162615501631173
0.7,PLS,0.153967976754221
0.7,PLS,0.0111959835501707
0.7,PLS,0.0680170271249156
0.7,PLS,0.10597625612571
0.7,PLS,0.159486491407736
0.7,PLS,0.158171094692345
0.7,PLS,0.088840860627982
0.7,PLS,0.127987936592474
0.7,PLS,0.0880821822393849
0.7,PLS,0.0902896370335378
0.7,PLS,0.0808586304462857
0.7,PLS,0.0423983825970173
0.7,PLS,0.0602455150760479
0.7,PLS,0.149799914555242
0.7,PLS,-0.0327023967716801
0.7,PLS,0.104540559804044
0.7,PLS,0.0221633953772113
0.7,PLS,0.124056166917139
0.7,PLS,-0.00636495118151226
0.7,PLS,0.0823592980880965
0.7,PLS,0.0939715495448599
0.7,PLS,0.0465334238570265
0.7,PLS,0.0526730035555392
0.7,PLS,0.0921292363109689
0.7,PLS,-0.000325021964391992
0.7,PLS,0.214855807668271
0.7,PLS,0.141808703152486
0.7,PLS,0.13544649458402
0.7,PLS,0.079353833900508
0.7,PLS,0.00141624416208996
0.7,PLS,0.0912788420197124
0.7,PLS,0.0760707129063958
0.7,PLS,0.0373252597675247
0.7,PLS,0.153577473635438
0.7,PLS,0.0824791557676625
0.7,PLS,0.132462834488423
0.7,PLS,0.0870215192829684
0.7,PLS,0.0121884885785597
0.7,PLS,0.071906379640198
0.7,PLS,0.132988612007905
0.7,PLS,0.0832717763700708
0.7,PLS,0.138805619279467
0.7,PLS,0.144236900891418
0.7,PLS,0.049176510675544
0.7,PLS,0.129479219323521
0.7,PLS,0.121910450264961
0.7,PLS,0.118397225736642
0.7,PLS,0.119341852041353
0.7,PLS,0.0441768002068812
0.7,PLS,0.00439338815893953
0.7,PLS,0.097924522204053
0.7,PLS,-0.0317653063354045
0.7,PLS,0.0755451432522287
0.7,PLS,0.106898450598142
0.7,PLS,0.132632162622645
0.7,PLS,0.14354805912972
0.7,PLS,0.166370750174063
0.7,PLS,0.03952389141696
0.7,PLS,0.0965443967405211
0.7,PLS,0.0990549985322413
0.7,PLS,0.0954685272025264
0.7,PLS,0.261806383379241
0.7,PLS,0.0819798811842125
0.7,PLS,0.134158024528635
0.7,PLS,0.180679549114804
0.7,PLS,0.0359632114125106
0.7,PLS,0.142601579670336
0.7,PLS,0.0632019031743349
0.7,PLS,0.132965900702863
0.7,PLS,0.0322453359791219
0.7,fTS,0.150233152114346
0.7,fTS,0.0664952079845498
0.7,fTS,-0.00194818113292927
0.7,fTS,0.0741640674013657
0.7,fTS,0.135415574209682
0.7,fTS,0.209141969353958
0.7,fTS,0.0317108830945805
0.7,fTS,0.138658177516973
0.7,fTS,0.115400075431734
0.7,fTS,0.0651767580876446
0.7,fTS,0.0892262262311854
0.7,fTS,0.0155645309371948
0.7,fTS,0.0826885550827545
0.7,fTS,0.00506050651820722
0.7,fTS,0.0430328207895607
0.7,fTS,0.0874121917755943
0.7,fTS,0.0743393839883186
0.7,fTS,0.157918173112325
0.7,fTS,0.145814474331605
0.7,fTS,0.193627652477443
0.7,fTS,0.0743908173114838
0.7,fTS,0.0212374076678865
0.7,fTS,0.0655710165036689
0.7,fTS,0.057651843419519
0.7,fTS,0.033247198149942
0.7,fTS,0.126034335248597
0.7,fTS,0.11458540559966
0.7,fTS,0.094492990270381
0.7,fTS,0.0101811348808125
0.7,fTS,0.102590404195422
0.7,fTS,-0.0400860142046421
0.7,fTS,0.0684120603721912
0.7,fTS,0.169334632593363
0.7,fTS,0.0894201443414717
0.7,fTS,0.127251953157945
0.7,fTS,0.0796703254345412
0.7,fTS,0.0768911810978521
0.7,fTS,0.164989726885701
0.7,fTS,0.109073981035311
0.7,fTS,0.0925621536721719
0.7,fTS,0.033629406869951
0.7,fTS,0.179868258837117
0.7,fTS,0.233814688906661
0.7,fTS,0.197730240453607
0.7,fTS,0.128602275951582
0.7,fTS,0.0902851167690752
0.7,fTS,0.109488454507597
0.7,fTS,0.033873414445831
0.7,fTS,0.143457764583366
0.7,fTS,0.0710763981649558
0.7,fTS,0.137648693936668
0.7,fTS,0.0562550968704452
0.7,fTS,0.0584707662024675
0.7,fTS,0.114015733814375
0.7,fTS,0.0491409820708466
0.7,fTS,0.0412103028161286
0.7,fTS,0.101851467317625
0.7,fTS,-0.00822788751052839
0.7,fTS,0.189891893429755
0.7,fTS,0.0107175741894963
0.7,fTS,0.0398386526089718
0.7,fTS,0.13223320730107
0.7,fTS,0.0491513717870169
0.7,fTS,0.0731584886531575
0.7,fTS,-0.0159001729281983
0.7,fTS,-0.00274241522489416
0.7,fTS,0.096373551961374
0.7,fTS,0.095907220596591
0.7,fTS,0.0236514677060498
0.7,fTS,0.0665433553619725
0.7,fTS,0.186273860458325
0.7,fTS,0.0789797924223798
0.7,fTS,0.0659547331659702
0.7,fTS,0.0488239954271641
0.7,fTS,0.0778403991326888
0.7,fTS,0.107171306392406
0.7,fTS,0.0989868742221829
0.7,fTS,0.0233493869845796
0.7,fTS,0.138437631736866
0.7,fTS,0.0462185195453741
0.7,fTS,0.187365987411548
0.7,fTS,0.128208361669162
0.7,fTS,0.0623798117077543
0.7,fTS,0.0937303033454913
0.7,fTS,0.0545162557817467
0.7,fTS,-0.0127235819587186
0.7,fTS,0.0506786705445985
0.7,fTS,0.024440188211323
0.7,fTS,0.132878137414769
0.7,fTS,0.0512170972286263
0.7,fTS,0.00899604571521695
0.7,fTS,0.225632550795225
0.7,fTS,0.160790153237153
0.7,fTS,0.118493366750275
0.7,fTS,0.086619588264043
0.7,fTS,0.0241186503910513
0.7,fTS,0.130254436532217
0.7,fTS,0.0453400224982479
0.7,fTS,0.112358662837244
0.7,fTS,0.0472488413188761
0.7,fTS,0.0814579907173856
0.7,fTS,0.185588402231701
0.7,fTS,0.123440229256828
0.7,fTS,-0.0116796421253693
0.7,fTS,-0.0470912037234293
0.7,fTS,0.031794518274525
0.7,fTS,0.157860105449891
0.7,fTS,0.0169952247449401
0.7,fTS,0.0293644961589616
0.7,fTS,0.0677879588975778
0.7,fTS,0.0536731094524938
0.7,fTS,0.118774048305449
0.7,fTS,-0.0530418575660362
0.7,fTS,0.0877047591346112
0.7,fTS,0.126380639710836
0.7,fTS,0.018667801055112
0.7,fTS,0.0881897901462416
0.7,fTS,0.00871717861615884
0.7,fTS,0.116091624312318
0.7,fTS,0.0328815242951346
0.7,fTS,0.025503778048769
0.7,fTS,0.00243411468743493
0.7,fTS,0.0444981840392558
0.7,fTS,0.108175867632174
0.7,fTS,0.0490954068825966
0.7,fTS,-0.00607680281504774
0.7,fTS,0.199102448249627
0.7,fTS,0.108524825195795
0.7,fTS,-0.0243679135345281
0.7,fTS,0.138343610325777
0.7,fTS,0.121548743920347
0.7,fTS,0.0258720561982837
0.7,fTS,0.0250095853950583
0.7,fTS,0.0782161656857701
0.7,fTS,0.144800787938804
0.7,fTS,0.12279997338129
0.7,fTS,0.0671186787965059
0.7,fTS,0.0976745859435986
0.7,fTS,0.0685399793740809
0.7,fTS,0.0859878568098082
0.7,fTS,0.0611586775141664
0.7,fTS,0.0241938483882642
0.7,fTS,0.0452382543119472
0.7,fTS,0.111196189204625
0.7,fTS,-0.0300017758007737
0.7,fTS,0.103569182226116
0.7,fTS,0.0019725001018196
0.7,fTS,0.12059141856413
0.7,fTS,-0.0243294281959765
0.7,fTS,0.101481335384292
0.7,fTS,0.092167448994567
0.7,fTS,0.0335848243143706
0.7,fTS,0.0430924129633412
0.7,fTS,0.0736007427093024
0.7,fTS,-0.0196664582826257
0.7,fTS,0.206051972602663
0.7,fTS,0.115079442953397
0.7,fTS,0.0721218606476686
0.7,fTS,0.077714195890157
0.7,fTS,0.00209246157817433
0.7,fTS,0.0838558418104911
0.7,fTS,0.08058705377413
0.7,fTS,0.0337852402951671
0.7,fTS,0.14471249170536
0.7,fTS,0.0658616466053557
0.7,fTS,0.103878820904852
0.7,fTS,0.0263068809819527
0.7,fTS,-0.0162596712862013
0.7,fTS,0.0719073584234093
0.7,fTS,0.107656753170126
0.7,fTS,0.08508211170945
0.7,fTS,0.168616180078899
0.7,fTS,0.124807466919588
0.7,fTS,0.0460010717203785
0.7,fTS,0.0854245604518487
0.7,fTS,0.130756149943343
0.7,fTS,0.0650576330018804
0.7,fTS,0.0941834118568297
0.7,fTS,0.0287318286512117
0.7,fTS,-0.00027604590263608
0.7,fTS,0.0538441416775906
0.7,fTS,-0.0326558298709225
0.7,fTS,0.0592901070501246
0.7,fTS,0.0941577747055351
0.7,fTS,0.127628310684991
0.7,fTS,0.137482731778198
0.7,fTS,0.13959817413727
0.7,fTS,0.0379173879087691
0.7,fTS,0.0750011464634142
0.7,fTS,0.0830110049993438
0.7,fTS,0.0607947445503618
0.7,fTS,0.243845499102084
0.7,fTS,0.0899183062149889
0.7,fTS,0.105894467570796
0.7,fTS,0.174114877684829
0.7,fTS,0.0276942829225089
0.7,fTS,0.143633522131062
0.7,fTS,0.0411650679742013
0.7,fTS,0.136996417847006
0.7,fTS,0.0159018268316915
0.7,LS_oracle,0.138761240490365
0.7,LS_oracle,0.072750629426676
0.7,LS_oracle,0.0176216555783879
0.7,LS_oracle,0.0944332226137783
0.7,LS_oracle,0.145107949985051
0.7,LS_oracle,0.204891247181153
0.7,LS_oracle,0.0494935504634684
0.7,LS_oracle,0.139568678310172
0.7,LS_oracle,0.10224297823624
0.7,LS_oracle,0.0887243346718789
0.7,LS_oracle,0.0879587294437401
0.7,LS_oracle,0.00999815890722755
0.7,LS_oracle,0.0865953376495538
0.7,LS_oracle,0.0101764867757121
0.7,LS_oracle,0.0451729121653754
0.7,LS_oracle,0.108521467431245
0.7,LS_oracle,0.0823596345537798
0.7,LS_oracle,0.156677766349623
0.7,LS_oracle,0.19528886520638
0.7,LS_oracle,0.201448388685688
0.7,LS_oracle,0.131407358792949
0.7,LS_oracle,0.0159775790631707
0.7,LS_oracle,0.12257602014187
0.7,LS_oracle,0.0954805604797315
0.7,LS_oracle,0.0370776292427473
0.7,LS_oracle,0.155942544806734
0.7,LS_oracle,0.120610620880068
0.7,LS_oracle,0.103500041692651
0.7,LS_oracle,0.0154558514539562
0.7,LS_oracle,0.108972515547614
0.7,LS_oracle,-0.0410715833933474
0.7,LS_oracle,0.0753767469770759
0.7,LS_oracle,0.193297072607172
0.7,LS_oracle,0.0982893571744008
0.7,LS_oracle,0.130331046400182
0.7,LS_oracle,0.0801519997665026
0.7,LS_oracle,0.0862416007382256
0.7,LS_oracle,0.178221350711154
0.7,LS_oracle,0.11346918374865
0.7,LS_oracle,0.0969744835932866
0.7,LS_oracle,0.0357025463147345
0.7,LS_oracle,0.18183400397723
0.7,LS_oracle,0.245094212446735
0.7,LS_oracle,0.180333365157612
0.7,LS_oracle,0.14521246332398
0.7,LS_oracle,0.127520739115392
0.7,LS_oracle,0.150787686540173
0.7,LS_oracle,0.0573626747397156
0.7,LS_oracle,0.150937273993886
0.7,LS_oracle,0.0842366340794196
0.7,LS_oracle,0.157600746994251
0.7,LS_oracle,0.0829105881507186
0.7,LS_oracle,0.0703820978308203
0.7,LS_oracle,0.120645165386499
0.7,LS_oracle,0.057555094083676
0.7,LS_oracle,0.0422901824963744
0.7,LS_oracle,0.110472233524332
0.7,LS_oracle,0.00590063834738985
0.7,LS_oracle,0.189483964764413
0.7,LS_oracle,0.0205387068397633
0.7,LS_oracle,0.0552360310213107
0.7,LS_oracle,0.151979933160804
0.7,LS_oracle,0.0701433571059198
0.7,LS_oracle,0.0712979088869585
0.7,LS_oracle,-0.0132188271289679
0.7,LS_oracle,-0.00162696822931607
0.7,LS_oracle,0.0793381992432121
0.7,LS_oracle,0.110536444560539
0.7,LS_oracle,0.0208528245984227
0.7,LS_oracle,0.0820694842919001
0.7,LS_oracle,0.151320782663291
0.7,LS_oracle,0.0711239817199893
0.7,LS_oracle,0.0924121507206446
0.7,LS_oracle,0.0496836428969716
0.7,LS_oracle,0.0887997940713545
0.7,LS_oracle,0.131347455845521
0.7,LS_oracle,0.0854149383477876
0.7,LS_oracle,0.0159657507357069
0.7,LS_oracle,0.173399243131308
0.7,LS_oracle,0.0760923020737692
0.7,LS_oracle,0.214685486816653
0.7,LS_oracle,0.121990359904548
0.7,LS_oracle,0.0544841209152498
0.7,LS_oracle,0.076456934194987
0.7,LS_oracle,0.0694042858372128
0.7,LS_oracle,-0.00417874558091547
0.7,LS_oracle,0.0351212344870011
0.7,LS_oracle,0.0187772982393453
0.7,LS_oracle,0.140018978410481
0.7,LS_oracle,0.0430311548390383
0.7,LS_oracle,0.0493031146126528
0.7,LS_oracle,0.160614948197507
0.7,LS_oracle,0.169881753710057
0.7,LS_oracle,0.124393169426219
0.7,LS_oracle,0.0857238118411863
0.7,LS_oracle,0.0602369978091284
0.7,LS_oracle,0.173447082376561
0.7,LS_oracle,0.0659130079327059
0.7,LS_oracle,0.0813459897274145
0.7,LS_oracle,0.0567757141228478
0.7,LS_oracle,0.0773466921070312
0.7,LS_oracle,0.174470530576501
0.7,LS_oracle,0.110880745498033
0.7,LS_oracle,-0.0038891991187241
0.7,LS_oracle,-0.030389597253399
0.7,LS_oracle,0.0539807789725655
0.7,LS_oracle,0.172881914927429
0.7,LS_oracle,0.0233528744627656
0.7,LS_oracle,0.0321830026925154
0.7,LS_oracle,0.0854145803483277
0.7,LS_oracle,0.0498887224045297
0.7,LS_oracle,0.127992247168972
0.7,LS_oracle,-0.0370266430603741
0.7,LS_oracle,0.0983449483066272
0.7,LS_oracle,0.140609039091212
0.7,LS_oracle,0.0400614324138326
0.7,LS_oracle,0.094567411796515
0.7,LS_oracle,0.0293001979156646
0.7,LS_oracle,0.122030081650272
0.7,LS_oracle,0.0325374909740335
0.7,LS_oracle,0.0333224180216325
0.7,LS_oracle,0.00943707024368323
0.7,LS_oracle,0.0553777102670354
0.7,LS_oracle,0.14495591150294
0.7,LS_oracle,0.0675502878111154
0.7,LS_oracle,0.00788531622602839
0.7,LS_oracle,0.198778603278313
0.7,LS_oracle,0.109579191625994
0.7,LS_oracle,-0.0106581118176553
0.7,LS_oracle,0.162178310866329
0.7,LS_oracle,0.15448369165755
0.7,LS_oracle,0.00962065808928592
0.7,LS_oracle,0.0613751666675468
0.7,LS_oracle,0.0979569959342819
0.7,LS_oracle,0.156381975372816
0.7,LS_oracle,0.164178469188277
0.7,LS_oracle,0.0911173965425611
0.7,LS_oracle,0.12794633241264
0.7,LS_oracle,0.101828258931771
0.7,LS_oracle,0.0860327582723452
0.7,LS_oracle,0.0775271337736398
0.7,LS_oracle,0.0402633993618859
0.7,LS_oracle,0.0620026131869351
0.7,LS_oracle,0.147295771494958
0.7,LS_oracle,-0.0315967675117012
0.7,LS_oracle,0.105444039067246
0.7,LS_oracle,0.0183028928267783
0.7,LS_oracle,0.120338087176489
0.7,LS_oracle,-0.00591343280576517
0.7,LS_oracle,0.118683145732904
0.7,LS_oracle,0.0965578839948229
0.7,LS_oracle,0.0477619467420087
0.7,LS_oracle,0.0496292149143975
0.7,LS_oracle,0.0899672382665675
0.7,LS_oracle,0.00238495608071343
0.7,LS_oracle,0.20747777367943
0.7,LS_oracle,0.142380825612913
0.7,LS_oracle,0.133353851494055
0.7,LS_oracle,0.0869152807009526
0.7,LS_oracle,0.0017840705045733
0.7,LS_oracle,0.0893295959841631
0.7,LS_oracle,0.0744784757829653
0.7,LS_oracle,0.0420082113307716
0.7,LS_oracle,0.152316147088699
0.7,LS_oracle,0.0764523448885432
0.7,LS_oracle,0.132649395005765
0.7,LS_oracle,0.04229991662612
0.7,LS_oracle,0.011522259455363
0.7,LS_oracle,0.0659886112573982
0.7,LS_oracle,0.13287154979546
0.7,LS_oracle,0.0815682949119336
0.7,LS_oracle,0.138713380373616
0.7,LS_oracle,0.144113893033657
0.7,LS_oracle,0.0492427202106049
0.7,LS_oracle,0.11648340385244
0.7,LS_oracle,0.121408316233307
0.7,LS_oracle,0.124005478879362
0.7,LS_oracle,0.119192088152797
0.7,LS_oracle,0.0470278730179976
0.7,LS_oracle,0.00990218174837731
0.7,LS_oracle,0.0995542216532475
0.7,LS_oracle,-0.0320160515602234
0.7,LS_oracle,0.0754219059655683
0.7,LS_oracle,0.106093335588813
0.7,LS_oracle,0.129677155940144
0.7,LS_oracle,0.144648922435295
0.7,LS_oracle,0.167578114423132
0.7,LS_oracle,0.0329061552364687
0.7,LS_oracle,0.100811831865302
0.7,LS_oracle,0.0959378784605553
0.7,LS_oracle,0.0972492827759028
0.7,LS_oracle,0.256206798782856
0.7,LS_oracle,0.0831676010949618
0.7,LS_oracle,0.133787936991289
0.7,LS_oracle,0.179585030776487
0.7,LS_oracle,0.0306207701989758
0.7,LS_oracle,0.143301568105457
0.7,LS_oracle,0.0629562427787906
0.7,LS_oracle,0.126438279683125
0.7,LS_oracle,0.0332774969194964
0.7,TS_oracle,0.145494173116259
0.7,TS_oracle,0.0666954824448882
0.7,TS_oracle,-0.004580873642415
0.7,TS_oracle,0.0743064122305765
0.7,TS_oracle,0.1334889167918
0.7,TS_oracle,0.208620753720399
0.7,TS_oracle,0.0313546719647122
0.7,TS_oracle,0.139371432129117
0.7,TS_oracle,0.115354899967995
0.7,TS_oracle,0.0652646902509511
0.7,TS_oracle,0.0878158526177131
0.7,TS_oracle,0.0156217935204714
0.7,TS_oracle,0.0808218432401504
0.7,TS_oracle,0.00536847195137935
0.7,TS_oracle,0.0427920150921353
0.7,TS_oracle,0.0868326803397856
0.7,TS_oracle,0.0724959932105789
0.7,TS_oracle,0.157578624844474
0.7,TS_oracle,0.171893618777187
0.7,TS_oracle,0.193820848200275
0.7,TS_oracle,0.0736682073572856
0.7,TS_oracle,0.0203509367779195
0.7,TS_oracle,0.0655242287445672
0.7,TS_oracle,0.0543633311709402
0.7,TS_oracle,0.0337214789735247
0.7,TS_oracle,0.125881707550447
0.7,TS_oracle,0.114211564252033
0.7,TS_oracle,0.0943630769566082
0.7,TS_oracle,0.0111411550719296
0.7,TS_oracle,0.1028182977533
0.7,TS_oracle,-0.0406268250564832
0.7,TS_oracle,0.0684861966574652
0.7,TS_oracle,0.128359284822866
0.7,TS_oracle,0.0882632391128153
0.7,TS_oracle,0.126417136963262
0.7,TS_oracle,0.0794343020871153
0.7,TS_oracle,0.0772971575189747
0.7,TS_oracle,0.1654631145781
0.7,TS_oracle,0.108796109040423
0.7,TS_oracle,0.0912461003257576
0.7,TS_oracle,0.0324815822076236
0.7,TS_oracle,0.179841421874303
0.7,TS_oracle,0.232579310307219
0.7,TS_oracle,0.198453924957169
0.7,TS_oracle,0.125739699998497
0.7,TS_oracle,0.0902558402170706
0.7,TS_oracle,0.109357290014318
0.7,TS_oracle,0.0321268430521604
0.7,TS_oracle,0.138265504947959
0.7,TS_oracle,0.0711670906170818
0.7,TS_oracle,0.134622076172998
0.7,TS_oracle,0.0557429024222449
0.7,TS_oracle,0.0584370509342729
0.7,TS_oracle,0.112103891517417
0.7,TS_oracle,0.0491055867423562
0.7,TS_oracle,0.0409041028806911
0.7,TS_oracle,0.102484934230465
0.7,TS_oracle,-0.0121939675860747
0.7,TS_oracle,0.190445747857226
0.7,TS_oracle,0.010685925909925
0.7,TS_oracle,0.0396511217996174
0.7,TS_oracle,0.131648043232794
0.7,TS_oracle,0.0495117441474637
0.7,TS_oracle,0.0732587527585855
0.7,TS_oracle,-0.0160837792118487
0.7,TS_oracle,-0.00554078393785351
0.7,TS_oracle,0.0941771394336384
0.7,TS_oracle,0.0890421056924442
0.7,TS_oracle,0.0225416960371956
0.7,TS_oracle,0.067601696871737
0.7,TS_oracle,0.185821889570192
0.7,TS_oracle,0.0761433236678701
0.7,TS_oracle,0.0671950164916331
0.7,TS_oracle,0.0444001725517065
0.7,TS_oracle,0.0777583636359327
0.7,TS_oracle,0.10573593698364
0.7,TS_oracle,0.0990155818109753
0.7,TS_oracle,0.0233994185760618
0.7,TS_oracle,0.137686125450398
0.7,TS_oracle,0.046218480205535
0.7,TS_oracle,0.185867967418487
0.7,TS_oracle,0.129510032818193
0.7,TS_oracle,0.0627953007359376
0.7,TS_oracle,0.0824099685955979
0.7,TS_oracle,0.0545164241219325
0.7,TS_oracle,-0.0171259324046532
0.7,TS_oracle,0.0503507747753889
0.7,TS_oracle,0.0250803926379166
0.7,TS_oracle,0.132837766924648
0.7,TS_oracle,0.0505468220871206
0.7,TS_oracle,0.0104524994032738
0.7,TS_oracle,0.22557496759678
0.7,TS_oracle,0.159663507308937
0.7,TS_oracle,0.117957417345379
0.7,TS_oracle,0.085981074284851
0.7,TS_oracle,0.0242280060063371
0.7,TS_oracle,0.130390549494018
0.7,TS_oracle,0.0453012046572108
0.7,TS_oracle,0.108238761156328
0.7,TS_oracle,0.0382699026045279
0.7,TS_oracle,0.0823750535335968
0.7,TS_oracle,0.179791370150839
0.7,TS_oracle,0.123211155784026
0.7,TS_oracle,-0.0134766599829002
0.7,TS_oracle,-0.0482436759717161
0.7,TS_oracle,0.0318258983080124
0.7,TS_oracle,0.157674773289523
0.7,TS_oracle,0.0169925857314239
0.7,TS_oracle,0.0282555382673073
0.7,TS_oracle,0.0676103884933297
0.7,TS_oracle,0.053640512889696
0.7,TS_oracle,0.120545806457136
0.7,TS_oracle,-0.0533486379562129
0.7,TS_oracle,0.0898409310321244
0.7,TS_oracle,0.125837361568072
0.7,TS_oracle,0.0185110997985751
0.7,TS_oracle,0.0875952091710408
0.7,TS_oracle,0.00815443111037406
0.7,TS_oracle,0.116082345238474
0.7,TS_oracle,0.0340701676513708
0.7,TS_oracle,0.0255546890795955
0.7,TS_oracle,0.00235766416408256
0.7,TS_oracle,0.0444532257423647
0.7,TS_oracle,0.10871500045516
0.7,TS_oracle,0.0490422106889798
0.7,TS_oracle,-0.00613033433385901
0.7,TS_oracle,0.199119486961405
0.7,TS_oracle,0.105403468122449
0.7,TS_oracle,-0.0248702329888586
0.7,TS_oracle,0.129725849787632
0.7,TS_oracle,0.118655795224858
0.7,TS_oracle,0.0261611424577524
0.7,TS_oracle,0.0197997969749966
0.7,TS_oracle,0.0779544513372461
0.7,TS_oracle,0.144508741084605
0.7,TS_oracle,0.122354515904596
0.7,TS_oracle,0.0669941024448073
0.7,TS_oracle,0.0978322711583717
0.7,TS_oracle,0.0658217781016244
0.7,TS_oracle,0.080523060454337
0.7,TS_oracle,0.0596954315043963
0.7,TS_oracle,0.0223258255920014
0.7,TS_oracle,0.045364839420635
0.7,TS_oracle,0.110859184849245
0.7,TS_oracle,-0.0297547936363065
0.7,TS_oracle,0.0999519434279477
0.7,TS_oracle,-0.00565472546554124
0.7,TS_oracle,0.119743725625565
0.7,TS_oracle,-0.0228581901803686
0.7,TS_oracle,0.103262092331036
0.7,TS_oracle,0.0921713860211051
0.7,TS_oracle,0.0305302297916101
0.7,TS_oracle,0.0370887296124727
0.7,TS_oracle,0.0717639677534545
0.7,TS_oracle,-0.0188005607459761
0.7,TS_oracle,0.203593790206097
0.7,TS_oracle,0.115148549737972
0.7,TS_oracle,0.0716783510960248
0.7,TS_oracle,0.0779163238094382
0.7,TS_oracle,0.00204405542149977
0.7,TS_oracle,0.0814590037849656
0.7,TS_oracle,0.0794236746214831
0.7,TS_oracle,0.0333930714602804
0.7,TS_oracle,0.144811079171608
0.7,TS_oracle,0.0639564929524588
0.7,TS_oracle,0.102506940472696
0.7,TS_oracle,0.0262887514959096
0.7,TS_oracle,-0.00696712632868413
0.7,TS_oracle,0.0686136938684658
0.7,TS_oracle,0.107803584984886
0.7,TS_oracle,0.0852066418729998
0.7,TS_oracle,0.131596573130744
0.7,TS_oracle,0.124825792544359
0.7,TS_oracle,0.0461804547948488
0.7,TS_oracle,0.0854522206704929
0.7,TS_oracle,0.130067634308883
0.7,TS_oracle,0.0620892470732055
0.7,TS_oracle,0.0943743317172796
0.7,TS_oracle,0.0285798951660461
0.7,TS_oracle,-0.00123936026403659
0.7,TS_oracle,0.0538207516995426
0.7,TS_oracle,-0.0327033261934591
0.7,TS_oracle,0.0588798983692187
0.7,TS_oracle,0.0932285070263792
0.7,TS_oracle,0.127507193540541
0.7,TS_oracle,0.137146880465968
0.7,TS_oracle,0.139790066822787
0.7,TS_oracle,0.0377411733856081
0.7,TS_oracle,0.0754324361169005
0.7,TS_oracle,0.0771214079733329
0.7,TS_oracle,0.060513595395733
0.7,TS_oracle,0.243794964697437
0.7,TS_oracle,0.0873354129921395
0.7,TS_oracle,0.105829127883352
0.7,TS_oracle,0.174336915119017
0.7,TS_oracle,0.0281388420905688
0.7,TS_oracle,0.143839707040172
0.7,TS_oracle,0.0411434769441221
0.7,TS_oracle,0.136776072157976
0.7,TS_oracle,-0.000919971099757722
0.8,PLS,0.0307278444959853
0.8,PLS,0.100891336030334
0.8,PLS,0.105194211896987
0.8,PLS,0.0351298768068162
0.8,PLS,0.057152333255611
0.8,PLS,0.115248862561838
0.8,PLS,0.0427225755850442
0.8,PLS,0.143743739660149
0.8,PLS,0.0223368914816375
0.8,PLS,0.106202976798943
0.8,PLS,0.182045959116555
0.8,PLS,0.100107469044354
0.8,PLS,0.117112173989912
0.8,PLS,0.103086976489091
0.8,PLS,0.0479078187672184
0.8,PLS,0.0788106493000063
0.8,PLS,0.148344723140275
0.8,PLS,0.0379850211253681
0.8,PLS,0.101726718970992
0.8,PLS,0.145587643205281
0.8,PLS,0.110324071855616
0.8,PLS,0.170782253025507
0.8,PLS,0.0725476985723694
0.8,PLS,0.174390797686038
0.8,PLS,0.0581648597223525
0.8,PLS,0.0641973558150137
0.8,PLS,0.123400438425419
0.8,PLS,0.0741340950324887
0.8,PLS,0.0572746629504204
0.8,PLS,0.113630926025154
0.8,PLS,0.10925619408183
0.8,PLS,0.0341753150844093
0.8,PLS,0.0878061943316717
0.8,PLS,0.101115404392574
0.8,PLS,0.137185807674842
0.8,PLS,0.0371322269710668
0.8,PLS,-0.0133526346656795
0.8,PLS,0.180181794959011
0.8,PLS,0.0751257892317281
0.8,PLS,0.0697459384651899
0.8,PLS,0.107892098894337
0.8,PLS,0.0973176245180536
0.8,PLS,0.0474262032952921
0.8,PLS,0.0808043062121042
0.8,PLS,0.118977409179127
0.8,PLS,-0.0240046470062081
0.8,PLS,0.141433999986962
0.8,PLS,0.0638930358303802
0.8,PLS,0.056973916900791
0.8,PLS,0.0451572343697468
0.8,PLS,-0.00492285127877734
0.8,PLS,0.0867508489642081
0.8,PLS,0.108915329851096
0.8,PLS,0.06238957282538
0.8,PLS,0.126917726459869
0.8,PLS,0.029071168015572
0.8,PLS,0.0948546987535732
0.8,PLS,0.0353021102426236
0.8,PLS,0.121661954642768
0.8,PLS,0.0979779159026251
0.8,PLS,0.0885679793830423
0.8,PLS,0.00799250590070466
0.8,PLS,0.157020605904452
0.8,PLS,0.0761262614348333
0.8,PLS,0.107284855172736
0.8,PLS,0.047390780093995
0.8,PLS,0.118251131726365
0.8,PLS,0.166468607393773
0.8,PLS,0.0598704300821955
0.8,PLS,0.0481009445714367
0.8,PLS,0.130741587731155
0.8,PLS,0.0732333950994659
0.8,PLS,0.0836657852847849
0.8,PLS,0.0480107221974944
0.8,PLS,0.107793089879215
0.8,PLS,0.0414348173304009
0.8,PLS,0.0453592344780167
0.8,PLS,0.137309865328085
0.8,PLS,0.153519104519096
0.8,PLS,0.0664601163688228
0.8,PLS,0.108810222706577
0.8,PLS,0.0972427134473373
0.8,PLS,0.122381412563175
0.8,PLS,0.181501989398192
0.8,PLS,0.0988059680376872
0.8,PLS,0.0975067278913087
0.8,PLS,0.244202633186475
0.8,PLS,0.113886632426054
0.8,PLS,0.159343009864112
0.8,PLS,0.125665663586163
0.8,PLS,0.097027422398245
0.8,PLS,0.152024712901331
0.8,PLS,0.0913770869047861
0.8,PLS,0.0284882520102474
0.8,PLS,-0.0150139849498945
0.8,PLS,0.0351670123450136
0.8,PLS,0.0413189642465412
0.8,PLS,0.162314996403518
0.8,PLS,0.0711581607329472
0.8,PLS,0.0391071798604394
0.8,PLS,0.144575994788042
0.8,PLS,0.0819485016212733
0.8,PLS,0.0459239267552516
0.8,PLS,0.0548902074212216
0.8,PLS,0.0344812457711572
0.8,PLS,0.210914664332263
0.8,PLS,-0.00998113994484917
0.8,PLS,0.0201491587916964
0.8,PLS,0.146902553095107
0.8,PLS,0.038901816044733
0.8,PLS,0.145067622995621
0.8,PLS,0.0850428127282594
0.8,PLS,0.0805488455761028
0.8,PLS,0.0916810513442423
0.8,PLS,0.076135886178047
0.8,PLS,0.161424244046465
0.8,PLS,0.153051705234108
0.8,PLS,0.0861552668170988
0.8,PLS,0.0253900869464483
0.8,PLS,0.0466794516891935
0.8,PLS,0.144736750304206
0.8,PLS,0.168735196274513
0.8,PLS,0.163660785765801
0.8,PLS,0.0606238054187651
0.8,PLS,0.116760083575467
0.8,PLS,0.182174471883379
0.8,PLS,0.118697307504139
0.8,PLS,0.115299534573728
0.8,PLS,0.237314004295967
0.8,PLS,0.19467297165781
0.8,PLS,0.060726968542886
0.8,PLS,0.214593863051862
0.8,PLS,0.0860626722825741
0.8,PLS,0.0802862095085939
0.8,PLS,0.0241296408293981
0.8,PLS,0.0121055363148852
0.8,PLS,0.00824199854632246
0.8,PLS,0.0588706436089612
0.8,PLS,0.158284978869163
0.8,PLS,0.083518421066878
0.8,PLS,-0.00249619677522661
0.8,PLS,0.0736781667567799
0.8,PLS,0.112616762404502
0.8,PLS,0.0620343070839255
0.8,PLS,0.0887462968842663
0.8,PLS,0.0624052144994693
0.8,PLS,0.142593579525883
0.8,PLS,0.0728982532102505
0.8,PLS,0.0525985494185437
0.8,PLS,-0.00404310035892708
0.8,PLS,0.0550117187773356
0.8,PLS,0.1369510312299
0.8,PLS,0.115388519141085
0.8,PLS,0.0528248067813688
0.8,PLS,0.116532533141433
0.8,PLS,0.072710909743682
0.8,PLS,0.0997860225625886
0.8,PLS,0.106384461727933
0.8,PLS,0.0680711715577156
0.8,PLS,0.0544959395607902
0.8,PLS,0.174060950798308
0.8,PLS,0.0363323934347959
0.8,PLS,0.0922571348222501
0.8,PLS,0.0262579792375994
0.8,PLS,0.0793057847958161
0.8,PLS,0.101012339356407
0.8,PLS,0.142722857124459
0.8,PLS,0.197877533162454
0.8,PLS,0.132663540410856
0.8,PLS,0.0716755409331182
0.8,PLS,0.0194164245348012
0.8,PLS,0.0862778758550979
0.8,PLS,-0.00918328773333577
0.8,PLS,0.172439179606405
0.8,PLS,0.0692912230713847
0.8,PLS,0.139823451920438
0.8,PLS,0.0730042701334994
0.8,PLS,0.0960158309883496
0.8,PLS,0.0501626142491329
0.8,PLS,0.0714747189121743
0.8,PLS,0.105344641719608
0.8,PLS,-0.0216030934356904
0.8,PLS,0.0856176613040827
0.8,PLS,0.0709891155292179
0.8,PLS,0.0653059302814143
0.8,PLS,0.0692318073053453
0.8,PLS,0.087534785131274
0.8,PLS,0.252548735768298
0.8,PLS,0.0521430963809135
0.8,PLS,0.111185859808635
0.8,PLS,0.0225442706697312
0.8,PLS,0.097981237514756
0.8,PLS,0.148550506496416
0.8,PLS,0.0705019154709896
0.8,PLS,0.10622877273586
0.8,PLS,0.125080083205221
0.8,PLS,0.0946555164095801
0.8,PLS,0.181385266774299
0.8,PLS,0.0580920640277416
0.8,PLS,0.0041736129074057
0.8,fTS,0.0211648393901314
0.8,fTS,0.0891535446744491
0.8,fTS,0.0697253908517947
0.8,fTS,0.0362380214164673
0.8,fTS,0.055458568056181
0.8,fTS,0.123712697614614
0.8,fTS,0.0238561526795729
0.8,fTS,0.135742867727299
0.8,fTS,0.00151145439522171
0.8,fTS,0.0823145589995804
0.8,fTS,0.169893018484657
0.8,fTS,0.0947624027664711
0.8,fTS,0.103689876421151
0.8,fTS,0.110489643204802
0.8,fTS,0.0538101462269398
0.8,fTS,0.0720432014740426
0.8,fTS,0.113406939042265
0.8,fTS,0.00921475189493237
0.8,fTS,0.0926392228061608
0.8,fTS,0.149845853426097
0.8,fTS,0.10220666119186
0.8,fTS,0.128693275969138
0.8,fTS,0.044502777202079
0.8,fTS,0.0345228053223221
0.8,fTS,0.0533388584392387
0.8,fTS,0.0490407812219313
0.8,fTS,0.130551127918718
0.8,fTS,0.0341237968006773
0.8,fTS,0.0491426610282957
0.8,fTS,0.101225228674126
0.8,fTS,0.112788546962282
0.8,fTS,0.033644978260202
0.8,fTS,0.0788029737368425
0.8,fTS,0.0982710820524777
0.8,fTS,0.128827294968726
0.8,fTS,0.0169939942511435
0.8,fTS,-0.0397546674740848
0.8,fTS,0.152582265722075
0.8,fTS,0.0605331798724076
0.8,fTS,0.0446549137280763
0.8,fTS,0.101814809492634
0.8,fTS,0.0968287660910117
0.8,fTS,0.0269922618435752
0.8,fTS,0.0476247732062343
0.8,fTS,0.0934685023718049
0.8,fTS,-0.0316267521387253
0.8,fTS,0.124994754128802
0.8,fTS,0.0734362472949879
0.8,fTS,0.0583033208915282
0.8,fTS,0.034959249425059
0.8,fTS,-0.0168210225255927
0.8,fTS,0.0609955600401655
0.8,fTS,0.10054200763153
0.8,fTS,0.0451560933270581
0.8,fTS,0.119232332933491
0.8,fTS,0.0261640782938677
0.8,fTS,0.0838223487937499
0.8,fTS,0.0210722716381786
0.8,fTS,0.0841785873496748
0.8,fTS,0.0868898223081669
0.8,fTS,0.0830058640333451
0.8,fTS,-0.00337734201712658
0.8,fTS,0.13828636885316
0.8,fTS,0.0502458238914518
0.8,fTS,0.0966530817999931
0.8,fTS,0.0139828532173476
0.8,fTS,0.108189717618459
0.8,fTS,0.161273513673823
0.8,fTS,0.0660629679987572
0.8,fTS,0.0191746964872341
0.8,fTS,0.140775968160272
0.8,fTS,0.071193541331249
0.8,fTS,0.0706081458935186
0.8,fTS,0.0201973991978655
0.8,fTS,0.0731805907659677
0.8,fTS,0.0332778144987138
0.8,fTS,0.019178902964464
0.8,fTS,0.116856691600416
0.8,fTS,0.124807993180915
0.8,fTS,0.0667173430780788
0.8,fTS,0.100093016151118
0.8,fTS,0.0920074652694736
0.8,fTS,0.103439153499115
0.8,fTS,0.0627303181243188
0.8,fTS,0.0870509115557576
0.8,fTS,0.08489869912084
0.8,fTS,0.190183206961549
0.8,fTS,0.0785617060060115
0.8,fTS,0.137688854528917
0.8,fTS,0.0956660947173287
0.8,fTS,0.0847268020027343
0.8,fTS,0.142027196340717
0.8,fTS,0.0852521207203891
0.8,fTS,0.0274934292894771
0.8,fTS,-0.0196773876641096
0.8,fTS,0.0179803167974755
0.8,fTS,0.0258583395117999
0.8,fTS,0.125409210524862
0.8,fTS,0.0724330819809644
0.8,fTS,0.0277380057585601
0.8,fTS,0.126379106805492
0.8,fTS,0.0550993282837169
0.8,fTS,0.0304768000934186
0.8,fTS,0.0251881575207193
0.8,fTS,0.0119490723636719
0.8,fTS,0.197783805338769
0.8,fTS,-0.0331522336033216
0.8,fTS,0.0180652224597693
0.8,fTS,0.0852061118919749
0.8,fTS,0.0399308279306481
0.8,fTS,0.122253502204898
0.8,fTS,0.0894323458078288
0.8,fTS,0.0600246143733509
0.8,fTS,0.0600733559475408
0.8,fTS,0.0666591251327155
0.8,fTS,0.188644025398798
0.8,fTS,0.115378979692102
0.8,fTS,0.0971599069075801
0.8,fTS,0.00927907776146308
0.8,fTS,0.0237984993188147
0.8,fTS,0.132320683245952
0.8,fTS,0.121612590815532
0.8,fTS,0.120512847495881
0.8,fTS,0.0559150692601158
0.8,fTS,0.114283116779812
0.8,fTS,0.171727024049767
0.8,fTS,0.095935091529959
0.8,fTS,0.0631175642448976
0.8,fTS,0.204889081783161
0.8,fTS,0.161944807976262
0.8,fTS,0.0378151756194989
0.8,fTS,0.177405651410767
0.8,fTS,0.087825881309739
0.8,fTS,0.0840811651870292
0.8,fTS,-0.0112015829338985
0.8,fTS,-0.0091371941246976
0.8,fTS,0.0132941227073569
0.8,fTS,0.029215096438399
0.8,fTS,0.112095014229443
0.8,fTS,0.0854528214913362
0.8,fTS,-0.0292570270219009
0.8,fTS,0.0686412468934179
0.8,fTS,0.0937257466883503
0.8,fTS,0.0437653845492876
0.8,fTS,0.0744944000851733
0.8,fTS,0.0690825567089806
0.8,fTS,0.11296354210835
0.8,fTS,0.0804723299168422
0.8,fTS,0.0412732478193103
0.8,fTS,-0.00849775332510172
0.8,fTS,0.0403912899384449
0.8,fTS,0.122600389759286
0.8,fTS,0.111728208219436
0.8,fTS,0.0308600878207095
0.8,fTS,0.148742140662433
0.8,fTS,0.0712871665779635
0.8,fTS,0.0922123773154822
0.8,fTS,0.0811694655445467
0.8,fTS,0.0541806375692053
0.8,fTS,0.0277034825921514
0.8,fTS,0.148982950095932
0.8,fTS,0.0257496010400016
0.8,fTS,0.08014138475347
0.8,fTS,0.0236401845107446
0.8,fTS,0.0718759451895545
0.8,fTS,0.0814213886629422
0.8,fTS,0.118063908468159
0.8,fTS,0.154239391439051
0.8,fTS,0.11230195180022
0.8,fTS,0.0627319010666669
0.8,fTS,0.0131593423063181
0.8,fTS,0.0622602357191713
0.8,fTS,-0.0196731626551827
0.8,fTS,0.180044759939819
0.8,fTS,0.0486503272551202
0.8,fTS,0.104313290252803
0.8,fTS,0.0631474640683229
0.8,fTS,0.082730242269732
0.8,fTS,0.02996481944469
0.8,fTS,0.0527582830736537
0.8,fTS,0.0964827811691744
0.8,fTS,-0.0213409772779427
0.8,fTS,0.0877648852345176
0.8,fTS,0.0815520436954456
0.8,fTS,0.0107073924301737
0.8,fTS,0.076969152473884
0.8,fTS,0.0742148894999652
0.8,fTS,0.221219702014521
0.8,fTS,0.0377711565174339
0.8,fTS,0.106085326523643
0.8,fTS,-8.97617855343258e-05
0.8,fTS,0.113180832481246
0.8,fTS,0.137515454904751
0.8,fTS,0.0580572550547354
0.8,fTS,0.0982582962555876
0.8,fTS,0.139219436406736
0.8,fTS,0.0912493710298174
0.8,fTS,0.219578642949013
0.8,fTS,0.0361680083196145
0.8,fTS,0.0143059516228856
0.8,LS_oracle,0.0347110023576449
0.8,LS_oracle,0.100647154454313
0.8,LS_oracle,0.103107454766592
0.8,LS_oracle,0.0351008271707764
0.8,LS_oracle,0.0553071267295866
0.8,LS_oracle,0.114599321199169
0.8,LS_oracle,0.0398104485819337
0.8,LS_oracle,0.143938899477603
0.8,LS_oracle,0.0214401140563583
0.8,LS_oracle,0.102585370873467
0.8,LS_oracle,0.182171102985524
0.8,LS_oracle,0.099443464424442
0.8,LS_oracle,0.11790691196282
0.8,LS_oracle,0.107558989746709
0.8,LS_oracle,0.0461411036661921
0.8,LS_oracle,0.066153753888927
0.8,LS_oracle,0.144817937743164
0.8,LS_oracle,0.0469834897908008
0.8,LS_oracle,0.0997667192361971
0.8,LS_oracle,0.148680270698395
0.8,LS_oracle,0.110160217096248
0.8,LS_oracle,0.164141494158624
0.8,LS_oracle,0.0658352217433349
0.8,LS_oracle,0.165327147094538
0.8,LS_oracle,0.0598158912064917
0.8,LS_oracle,0.0639271074261087
0.8,LS_oracle,0.128687921778042
0.8,LS_oracle,0.0742047907664241
0.8,LS_oracle,0.058019314041917
0.8,LS_oracle,0.110292506589077
0.8,LS_oracle,0.107890297014541
0.8,LS_oracle,0.0350487500587768
0.8,LS_oracle,0.0899068321057197
0.8,LS_oracle,0.0966324494037667
0.8,LS_oracle,0.134949882360377
0.8,LS_oracle,0.0370038281741627
0.8,LS_oracle,-0.0128630200261262
0.8,LS_oracle,0.181863444643491
0.8,LS_oracle,0.0663012052875267
0.8,LS_oracle,0.0730542752156043
0.8,LS_oracle,0.109183820484766
0.8,LS_oracle,0.0949843454314938
0.8,LS_oracle,0.0464285622684335
0.8,LS_oracle,0.0791269598507534
0.8,LS_oracle,0.119646679774814
0.8,LS_oracle,-0.0242721084620982
0.8,LS_oracle,0.141337005792581
0.8,LS_oracle,0.0629479760854366
0.8,LS_oracle,0.058983268980132
0.8,LS_oracle,0.0479640640159207
0.8,LS_oracle,-0.00979133354062034
0.8,LS_oracle,0.079455743930269
0.8,LS_oracle,0.108480152313627
0.8,LS_oracle,0.0634372555000104
0.8,LS_oracle,0.125575708173977
0.8,LS_oracle,0.0282445294875451
0.8,LS_oracle,0.097628640156197
0.8,LS_oracle,0.0342308649518068
0.8,LS_oracle,0.121900464671438
0.8,LS_oracle,0.0976714651842066
0.8,LS_oracle,0.0862410644508624
0.8,LS_oracle,0.00893734981883632
0.8,LS_oracle,0.161992212532224
0.8,LS_oracle,0.0728188611801195
0.8,LS_oracle,0.115384637764619
0.8,LS_oracle,0.0459339263523386
0.8,LS_oracle,0.117477671877545
0.8,LS_oracle,0.162371106868761
0.8,LS_oracle,0.0575678373391919
0.8,LS_oracle,0.0511740495674891
0.8,LS_oracle,0.13060000394479
0.8,LS_oracle,0.0729739082906775
0.8,LS_oracle,0.0806482779541311
0.8,LS_oracle,0.0245150068445841
0.8,LS_oracle,0.0993843506680945
0.8,LS_oracle,0.0423926745129006
0.8,LS_oracle,0.0469407524828005
0.8,LS_oracle,0.140737961823942
0.8,LS_oracle,0.154235872008925
0.8,LS_oracle,0.0664953512180124
0.8,LS_oracle,0.107067937005802
0.8,LS_oracle,0.0961190891667398
0.8,LS_oracle,0.120332478863415
0.8,LS_oracle,0.0741590050904464
0.8,LS_oracle,0.0993778472942863
0.8,LS_oracle,0.0996834468531775
0.8,LS_oracle,0.243451247723827
0.8,LS_oracle,0.110199769481257
0.8,LS_oracle,0.161682592257422
0.8,LS_oracle,0.113610350123633
0.8,LS_oracle,0.0971957045234844
0.8,LS_oracle,0.153021385263563
0.8,LS_oracle,0.0922343368005076
0.8,LS_oracle,0.0278283387798444
0.8,LS_oracle,-0.0145380742998866
0.8,LS_oracle,0.0536250205635913
0.8,LS_oracle,0.0400351448928973
0.8,LS_oracle,0.161699602531109
0.8,LS_oracle,0.0710238090148729
0.8,LS_oracle,0.0354526806998705
0.8,LS_oracle,0.149225944847373
0.8,LS_oracle,0.0870139774751679
0.8,LS_oracle,0.0430106306684743
0.8,LS_oracle,0.0562089534151056
0.8,LS_oracle,0.0342868536428871
0.8,LS_oracle,0.209841771275904
0.8,LS_oracle,-0.0103692503770535
0.8,LS_oracle,0.0178794867407301
0.8,LS_oracle,0.137707653863927
0.8,LS_oracle,0.0354493613581521
0.8,LS_oracle,0.144855190058216
0.8,LS_oracle,0.0800889130107794
0.8,LS_oracle,0.0761236300734824
0.8,LS_oracle,0.0909107371739328
0.8,LS_oracle,0.0770255749396973
0.8,LS_oracle,0.161357388197106
0.8,LS_oracle,0.149158455233257
0.8,LS_oracle,0.0880533029816968
0.8,LS_oracle,0.0254043552773939
0.8,LS_oracle,0.0433046533934796
0.8,LS_oracle,0.142452778518425
0.8,LS_oracle,0.171123856138163
0.8,LS_oracle,0.149836886383157
0.8,LS_oracle,0.0604353390386911
0.8,LS_oracle,0.118135498461394
0.8,LS_oracle,0.179327761193985
0.8,LS_oracle,0.116130343223773
0.8,LS_oracle,0.100378509480163
0.8,LS_oracle,0.235701825456627
0.8,LS_oracle,0.194717294702808
0.8,LS_oracle,0.0604905156244404
0.8,LS_oracle,0.215149956612184
0.8,LS_oracle,0.0859083648742671
0.8,LS_oracle,0.0827563600788717
0.8,LS_oracle,0.0282698864534536
0.8,LS_oracle,0.00975270604509215
0.8,LS_oracle,0.0463049984623496
0.8,LS_oracle,0.0534327983091216
0.8,LS_oracle,0.145010612262701
0.8,LS_oracle,0.0834793517665673
0.8,LS_oracle,-0.00923674933081542
0.8,LS_oracle,0.0737879693443579
0.8,LS_oracle,0.107508854468298
0.8,LS_oracle,0.0561996454475711
0.8,LS_oracle,0.0872291859988916
0.8,LS_oracle,0.0624668324280246
0.8,LS_oracle,0.139155853341307
0.8,LS_oracle,0.0739580151723538
0.8,LS_oracle,0.0498006843621792
0.8,LS_oracle,-0.0101885730581085
0.8,LS_oracle,0.0538726362237292
0.8,LS_oracle,0.137792161008033
0.8,LS_oracle,0.114836995216256
0.8,LS_oracle,0.0533750757607132
0.8,LS_oracle,0.116917070246708
0.8,LS_oracle,0.0750706755327539
0.8,LS_oracle,0.101798280724098
0.8,LS_oracle,0.103353624778413
0.8,LS_oracle,0.0732758271481826
0.8,LS_oracle,0.0542945122367535
0.8,LS_oracle,0.171892375539604
0.8,LS_oracle,0.0376800264388366
0.8,LS_oracle,0.0924335729317267
0.8,LS_oracle,0.0287387644262955
0.8,LS_oracle,0.077516774812997
0.8,LS_oracle,0.095085962919687
0.8,LS_oracle,0.139342157315042
0.8,LS_oracle,0.196404737384331
0.8,LS_oracle,0.124376710095051
0.8,LS_oracle,0.0722483501543336
0.8,LS_oracle,0.0200759021881818
0.8,LS_oracle,0.0762445471077982
0.8,LS_oracle,-0.0114550012395906
0.8,LS_oracle,0.173705510406179
0.8,LS_oracle,0.0693401198180414
0.8,LS_oracle,0.14306355258125
0.8,LS_oracle,0.0751468256423966
0.8,LS_oracle,0.10008075182716
0.8,LS_oracle,0.0491620331847822
0.8,LS_oracle,0.0716064766016828
0.8,LS_oracle,0.105267443481334
0.8,LS_oracle,-0.0238124390297398
0.8,LS_oracle,0.0853104689065396
0.8,LS_oracle,0.0705487931210487
0.8,LS_oracle,0.0562684756250116
0.8,LS_oracle,0.0718691206390447
0.8,LS_oracle,0.0879747638272834
0.8,LS_oracle,0.24958723211185
0.8,LS_oracle,0.0501393303366067
0.8,LS_oracle,0.111268388394651
0.8,LS_oracle,0.0281606211089267
0.8,LS_oracle,0.0983555219171406
0.8,LS_oracle,0.148320035598662
0.8,LS_oracle,0.0664006881449237
0.8,LS_oracle,0.106342313767123
0.8,LS_oracle,0.124394439479385
0.8,LS_oracle,0.0970407175741403
0.8,LS_oracle,0.178216896191863
0.8,LS_oracle,0.0576503167033988
0.8,LS_oracle,0.00145283520431905
0.8,TS_oracle,0.0189105304191448
0.8,TS_oracle,0.0891652515566592
0.8,TS_oracle,0.070974808373967
0.8,TS_oracle,0.0362788994999244
0.8,TS_oracle,0.0554890950822298
0.8,TS_oracle,0.123392973243617
0.8,TS_oracle,0.0229620124317098
0.8,TS_oracle,0.1357461585447
0.8,TS_oracle,0.00135925866919062
0.8,TS_oracle,0.0837687964727458
0.8,TS_oracle,0.170111716623564
0.8,TS_oracle,0.0930799743405497
0.8,TS_oracle,0.103244530784957
0.8,TS_oracle,0.110001195419999
0.8,TS_oracle,0.053348275806067
0.8,TS_oracle,0.0688896568828903
0.8,TS_oracle,0.114351535257747
0.8,TS_oracle,0.00739747835661508
0.8,TS_oracle,0.0924706723600952
0.8,TS_oracle,0.149903258502531
0.8,TS_oracle,0.0998252171275913
0.8,TS_oracle,0.126267312994059
0.8,TS_oracle,0.0406758073004383
0.8,TS_oracle,0.0331448620277743
0.8,TS_oracle,0.0531459621766648
0.8,TS_oracle,0.048107752718493
0.8,TS_oracle,0.128836128057772
0.8,TS_oracle,0.0340948216563381
0.8,TS_oracle,0.0484918429290524
0.8,TS_oracle,0.099116208783929
0.8,TS_oracle,0.108156040118834
0.8,TS_oracle,0.0312513831050036
0.8,TS_oracle,0.0787792865433479
0.8,TS_oracle,0.0980807921758227
0.8,TS_oracle,0.126128735487912
0.8,TS_oracle,0.0169973355687105
0.8,TS_oracle,-0.0397526543280198
0.8,TS_oracle,0.152652790370853
0.8,TS_oracle,0.058120429674956
0.8,TS_oracle,0.0446180096126017
0.8,TS_oracle,0.101511836713107
0.8,TS_oracle,0.0963472162923051
0.8,TS_oracle,0.0270458990326965
0.8,TS_oracle,0.0477730291502436
0.8,TS_oracle,0.0939301940799386
0.8,TS_oracle,-0.0334368787519881
0.8,TS_oracle,0.124968578322167
0.8,TS_oracle,0.073777038358682
0.8,TS_oracle,0.0580895492135227
0.8,TS_oracle,0.0349596327126087
0.8,TS_oracle,-0.0189704465345786
0.8,TS_oracle,0.0595900374632952
0.8,TS_oracle,0.100787160785204
0.8,TS_oracle,0.0434176345383355
0.8,TS_oracle,0.119190581806092
0.8,TS_oracle,0.0255572873463938
0.8,TS_oracle,0.0854016529265624
0.8,TS_oracle,0.0210391667259764
0.8,TS_oracle,0.0847323005345262
0.8,TS_oracle,0.0861387610183693
0.8,TS_oracle,0.0830311549069667
0.8,TS_oracle,-0.00385938290657661
0.8,TS_oracle,0.138549294665136
0.8,TS_oracle,0.0476731625729769
0.8,TS_oracle,0.0955354727437383
0.8,TS_oracle,0.0137195299193584
0.8,TS_oracle,0.10810266340934
0.8,TS_oracle,0.160978309809547
0.8,TS_oracle,0.0660838784440703
0.8,TS_oracle,0.0197227528431263
0.8,TS_oracle,0.138563514243115
0.8,TS_oracle,0.073141628427339
0.8,TS_oracle,0.0707073362284651
0.8,TS_oracle,0.018405223039605
0.8,TS_oracle,0.0726281085088358
0.8,TS_oracle,0.0333950065076742
0.8,TS_oracle,0.0192420843944412
0.8,TS_oracle,0.118168570086937
0.8,TS_oracle,0.124859113117209
0.8,TS_oracle,0.0667488811946229
0.8,TS_oracle,0.100111327673415
0.8,TS_oracle,0.0920361786072925
0.8,TS_oracle,0.102078824353012
0.8,TS_oracle,0.0625911571812432
0.8,TS_oracle,0.0883067657796615
0.8,TS_oracle,0.0836404286385521
0.8,TS_oracle,0.186322644424773
0.8,TS_oracle,0.0779354308305165
0.8,TS_oracle,0.139975245216442
0.8,TS_oracle,0.0955551962455359
0.8,TS_oracle,0.0847203150805891
0.8,TS_oracle,0.140485271090582
0.8,TS_oracle,0.0860198310212117
0.8,TS_oracle,0.0264002107841488
0.8,TS_oracle,-0.0188013953547729
0.8,TS_oracle,0.0181854142257891
0.8,TS_oracle,0.0258742197288617
0.8,TS_oracle,0.123846129995413
0.8,TS_oracle,0.0724132549642591
0.8,TS_oracle,0.0278991563909381
0.8,TS_oracle,0.126354116412009
0.8,TS_oracle,0.0550180913992051
0.8,TS_oracle,0.0300839034196774
0.8,TS_oracle,0.0260153742948335
0.8,TS_oracle,0.0125506044925408
0.8,TS_oracle,0.199267926094841
0.8,TS_oracle,-0.0329354698759973
0.8,TS_oracle,0.0174289052887897
0.8,TS_oracle,0.0851594710066861
0.8,TS_oracle,0.0389901229588878
0.8,TS_oracle,0.122244798688327
0.8,TS_oracle,0.0895653747930427
0.8,TS_oracle,0.0602410919241847
0.8,TS_oracle,0.0602852384245889
0.8,TS_oracle,0.0666851342695556
0.8,TS_oracle,0.18619122666455
0.8,TS_oracle,0.114703917650963
0.8,TS_oracle,0.0945017881131831
0.8,TS_oracle,0.00883098779249858
0.8,TS_oracle,0.024833415938718
0.8,TS_oracle,0.132700808096394
0.8,TS_oracle,0.120589161016463
0.8,TS_oracle,0.119344568301873
0.8,TS_oracle,0.0558955353226596
0.8,TS_oracle,0.114972317031292
0.8,TS_oracle,0.170632447397281
0.8,TS_oracle,0.094306116262721
0.8,TS_oracle,0.0637080234691487
0.8,TS_oracle,0.206312538260897
0.8,TS_oracle,0.161912300772854
0.8,TS_oracle,0.0377446068762797
0.8,TS_oracle,0.171828665141198
0.8,TS_oracle,0.0864670737205246
0.8,TS_oracle,0.084912839403962
0.8,TS_oracle,-0.0119485661238982
0.8,TS_oracle,-0.00949513933413215
0.8,TS_oracle,0.013783773664221
0.8,TS_oracle,0.0280093091475213
0.8,TS_oracle,0.106555643681788
0.8,TS_oracle,0.0831615572360858
0.8,TS_oracle,-0.031174754789169
0.8,TS_oracle,0.0685793832053827
0.8,TS_oracle,0.0933560829860727
0.8,TS_oracle,0.0436961022505398
0.8,TS_oracle,0.0733302975064549
0.8,TS_oracle,0.069139756714885
0.8,TS_oracle,0.112838684277229
0.8,TS_oracle,0.0795960439443937
0.8,TS_oracle,0.0408240540672771
0.8,TS_oracle,-0.00887661411919982
0.8,TS_oracle,0.040686976546451
0.8,TS_oracle,0.113232900487264
0.8,TS_oracle,0.113197736825845
0.8,TS_oracle,0.031004388137859
0.8,TS_oracle,0.148724157481614
0.8,TS_oracle,0.0680878077686544
0.8,TS_oracle,0.0920576637523278
0.8,TS_oracle,0.127713868102386
0.8,TS_oracle,0.0535383956531004
0.8,TS_oracle,0.02827207024928
0.8,TS_oracle,0.147498661883485
0.8,TS_oracle,0.0257914110088766
0.8,TS_oracle,0.0744911713254932
0.8,TS_oracle,0.023853667961776
0.8,TS_oracle,0.0723608438224506
0.8,TS_oracle,0.0839826095009755
0.8,TS_oracle,0.118624977739246
0.8,TS_oracle,0.153263341397934
0.8,TS_oracle,0.109257367824103
0.8,TS_oracle,0.0618164846092473
0.8,TS_oracle,0.0113458182433908
0.8,TS_oracle,0.0608211477773963
0.8,TS_oracle,-0.0200852563755722
0.8,TS_oracle,0.180117151106464
0.8,TS_oracle,0.0481549269397292
0.8,TS_oracle,0.104276278387139
0.8,TS_oracle,0.0624542874992537
0.8,TS_oracle,0.130394947961493
0.8,TS_oracle,0.0299777056817283
0.8,TS_oracle,0.0528016431105924
0.8,TS_oracle,0.0965044550901415
0.8,TS_oracle,-0.0252025611775398
0.8,TS_oracle,0.086723290318294
0.8,TS_oracle,0.0818402588382454
0.8,TS_oracle,0.0105735758890055
0.8,TS_oracle,0.0739317700510556
0.8,TS_oracle,0.0741212626307821
0.8,TS_oracle,0.221076421698506
0.8,TS_oracle,0.0378242093761307
0.8,TS_oracle,0.10603097545306
0.8,TS_oracle,-0.000594130206927446
0.8,TS_oracle,0.113074510884927
0.8,TS_oracle,0.137534561942731
0.8,TS_oracle,0.0562726349707927
0.8,TS_oracle,0.0981276617453901
0.8,TS_oracle,0.138880215809772
0.8,TS_oracle,0.0903537253205062
0.8,TS_oracle,0.16827634211726
0.8,TS_oracle,0.0363366336086015
0.8,TS_oracle,0.0139730040812489
0.9,PLS,0.088293835246378
0.9,PLS,0.103062159057871
0.9,PLS,0.0965993227880437
0.9,PLS,0.00205967904612137
0.9,PLS,0.00381998110826909
0.9,PLS,-0.0139696787195666
0.9,PLS,0.0506404372432618
0.9,PLS,0.135838709693548
0.9,PLS,0.0985943582848365
0.9,PLS,0.0794275976659207
0.9,PLS,0.146344237125903
0.9,PLS,0.0675140978015902
0.9,PLS,0.110544672357509
0.9,PLS,0.037665981885364
0.9,PLS,0.143369846248453
0.9,PLS,0.141478150855257
0.9,PLS,0.00392989757217821
0.9,PLS,0.0999235436110948
0.9,PLS,0.010367125032317
0.9,PLS,0.0666410993008268
0.9,PLS,0.169398101837634
0.9,PLS,0.207389016876158
0.9,PLS,0.0284305860280616
0.9,PLS,0.0980017661904471
0.9,PLS,0.10626462937798
0.9,PLS,0.102091037072747
0.9,PLS,0.132063433365204
0.9,PLS,0.0758192383386918
0.9,PLS,0.108129558968664
0.9,PLS,0.114130601458276
0.9,PLS,0.0665218953140825
0.9,PLS,0.124724074466211
0.9,PLS,0.161493279143413
0.9,PLS,0.066291509172959
0.9,PLS,0.141819165741324
0.9,PLS,0.0950253006261461
0.9,PLS,0.118265534950152
0.9,PLS,0.120195689136161
0.9,PLS,0.106163277771548
0.9,PLS,0.170987766087108
0.9,PLS,0.147914676744202
0.9,PLS,0.0396756700729481
0.9,PLS,0.0652797165291628
0.9,PLS,-0.0229376661146837
0.9,PLS,0.0725394288702652
0.9,PLS,0.055639809947106
0.9,PLS,0.0846709731995114
0.9,PLS,0.146839011179627
0.9,PLS,0.133943527346171
0.9,PLS,0.130163765136708
0.9,PLS,0.00156735740507385
0.9,PLS,0.0786523684848599
0.9,PLS,0.113933288469269
0.9,PLS,0.116438707796868
0.9,PLS,0.14736100282216
0.9,PLS,0.116292818656311
0.9,PLS,0.12251142616058
0.9,PLS,0.0379854223081493
0.9,PLS,0.0998646571096389
0.9,PLS,0.0669840287661749
0.9,PLS,0.224784545333652
0.9,PLS,0.124631011939921
0.9,PLS,0.0429425241735606
0.9,PLS,0.0831774970654504
0.9,PLS,0.21978331314974
0.9,PLS,0.0347375023427761
0.9,PLS,0.053144400319691
0.9,PLS,0.0264316569431686
0.9,PLS,-0.0541487165057741
0.9,PLS,0.107240377292755
0.9,PLS,0.085208411894345
0.9,PLS,0.0542500521089015
0.9,PLS,0.143832298867959
0.9,PLS,0.112359188175077
0.9,PLS,0.0577027676247948
0.9,PLS,0.138824821226153
0.9,PLS,0.0959045475316038
0.9,PLS,0.0487124780066783
0.9,PLS,0.10625214270353
0.9,PLS,0.159394630605482
0.9,PLS,0.0506086365957719
0.9,PLS,0.12675689760193
0.9,PLS,0.141174867285888
0.9,PLS,-0.0270776077923514
0.9,PLS,0.122983772837948
0.9,PLS,0.0835256459371347
0.9,PLS,0.0865846558670045
0.9,PLS,0.210654315424795
0.9,PLS,0.220307285620355
0.9,PLS,0.208582581806955
0.9,PLS,-0.0501638007922557
0.9,PLS,0.116313170277343
0.9,PLS,0.0980287185807824
0.9,PLS,0.147303275985709
0.9,PLS,0.198060531239172
0.9,PLS,-0.00621429816141228
0.9,PLS,0.098693349366541
0.9,PLS,0.145451333840963
0.9,PLS,0.203381920463311
0.9,PLS,0.14074883861872
0.9,PLS,0.116821251994067
0.9,PLS,0.0688970337590702
0.9,PLS,0.289561871685132
0.9,PLS,0.089495999543511
0.9,PLS,0.148401641254224
0.9,PLS,0.163352217602504
0.9,PLS,0.152429975725889
0.9,PLS,0.0139655236277505
0.9,PLS,0.051284419376207
0.9,PLS,0.0395388170511173
0.9,PLS,0.112707742705198
0.9,PLS,0.0862233185981978
0.9,PLS,0.0679029245278411
0.9,PLS,0.0610280142377677
0.9,PLS,0.166634004998977
0.9,PLS,0.0175060983822202
0.9,PLS,0.134964147455609
0.9,PLS,0.167758312896701
0.9,PLS,-0.000590271393459352
0.9,PLS,0.152835294961505
0.9,PLS,0.175821707355754
0.9,PLS,0.221071150219069
0.9,PLS,0.131343102201943
0.9,PLS,0.11014662603852
0.9,PLS,0.139401882586477
0.9,PLS,0.0509760102132921
0.9,PLS,0.0279685522044066
0.9,PLS,0.137089792492762
0.9,PLS,0.0524263011769035
0.9,PLS,0.0608475774623474
0.9,PLS,0.171172825922141
0.9,PLS,0.0541531303996985
0.9,PLS,0.0685256267656509
0.9,PLS,0.137695703413184
0.9,PLS,-0.119598976210743
0.9,PLS,0.0692073363640089
0.9,PLS,0.211912124636839
0.9,PLS,0.147796040820871
0.9,PLS,0.117960287427027
0.9,PLS,0.0364997162499991
0.9,PLS,0.179942249935243
0.9,PLS,0.0580179587959369
0.9,PLS,0.0981585085542582
0.9,PLS,0.0419870632859749
0.9,PLS,0.147554395855721
0.9,PLS,0.189209039418012
0.9,PLS,0.125240910123688
0.9,PLS,-0.026827231472121
0.9,PLS,0.138974164888563
0.9,PLS,0.0705144159286406
0.9,PLS,0.0395738305233095
0.9,PLS,0.103494673911001
0.9,PLS,0.0915600860081807
0.9,PLS,0.135000475538028
0.9,PLS,0.11984578085543
0.9,PLS,0.0174295299353338
0.9,PLS,0.15562371060925
0.9,PLS,0.173351517113328
0.9,PLS,0.0537496386900491
0.9,PLS,0.0743904937145281
0.9,PLS,0.19258093264564
0.9,PLS,0.140851095681629
0.9,PLS,0.109785680483235
0.9,PLS,0.0848167620040305
0.9,PLS,0.113500982284303
0.9,PLS,0.171512303091334
0.9,PLS,0.108851403916988
0.9,PLS,0.127382568776782
0.9,PLS,0.0989169849729532
0.9,PLS,0.00194412027459223
0.9,PLS,0.0252296251772268
0.9,PLS,0.177378905163066
0.9,PLS,0.0807522178717384
0.9,PLS,0.107022042404392
0.9,PLS,0.0408477179632523
0.9,PLS,-0.0813220397267523
0.9,PLS,0.0407327643283941
0.9,PLS,0.0776005460521825
0.9,PLS,0.171631239828574
0.9,PLS,0.0555522218996936
0.9,PLS,0.152758131501259
0.9,PLS,0.0310149900187295
0.9,PLS,0.0304128809516711
0.9,PLS,0.00876990992053117
0.9,PLS,0.0443504642225196
0.9,PLS,0.175001486826852
0.9,PLS,0.24037089535994
0.9,PLS,0.0846018595770872
0.9,PLS,0.11559838979316
0.9,PLS,0.0740362731715867
0.9,PLS,0.150446807002925
0.9,PLS,0.0260420081048998
0.9,PLS,0.150451940114551
0.9,PLS,0.137263226535705
0.9,PLS,0.036791366851936
0.9,PLS,0.160853255647867
0.9,PLS,0.0645368781489011
0.9,PLS,0.0220357772825812
0.9,PLS,-0.0311293861738396
0.9,PLS,0.0394895434211993
0.9,fTS,0.0769103032134033
0.9,fTS,0.109669303916031
0.9,fTS,0.105111293980338
0.9,fTS,-0.0133462873086139
0.9,fTS,-0.0201324369586171
0.9,fTS,-0.000169077469050039
0.9,fTS,0.0675273892366879
0.9,fTS,0.102169256107608
0.9,fTS,0.11082828852989
0.9,fTS,0.0671100396014874
0.9,fTS,0.129144548433238
0.9,fTS,0.0458118043620788
0.9,fTS,0.0946179887615368
0.9,fTS,0.030201537345685
0.9,fTS,0.0980803773661991
0.9,fTS,0.0963073823388518
0.9,fTS,-0.0250658793085905
0.9,fTS,0.0583902726161423
0.9,fTS,0.0213254203223532
0.9,fTS,0.0482936747382015
0.9,fTS,0.170399044099865
0.9,fTS,0.198030727109294
0.9,fTS,0.0216447239358728
0.9,fTS,0.0641689276865203
0.9,fTS,0.0835942685915205
0.9,fTS,0.0713879820731804
0.9,fTS,0.0391054136628504
0.9,fTS,0.0671543100319105
0.9,fTS,0.082780991083846
0.9,fTS,0.0923253324363593
0.9,fTS,0.0517492358076366
0.9,fTS,0.090759333912581
0.9,fTS,0.134441430233543
0.9,fTS,0.107570793300561
0.9,fTS,0.139485393510245
0.9,fTS,0.0816702729643086
0.9,fTS,0.0863174276190433
0.9,fTS,0.105970298437177
0.9,fTS,0.106518825839927
0.9,fTS,0.128929724386105
0.9,fTS,0.0846551538317915
0.9,fTS,0.037508306606632
0.9,fTS,0.0592393217653164
0.9,fTS,-0.0349344740714073
0.9,fTS,0.0282592423312225
0.9,fTS,0.0315953654488403
0.9,fTS,0.0552921935761488
0.9,fTS,0.120282159251032
0.9,fTS,0.0988119230162343
0.9,fTS,0.0944653241142042
0.9,fTS,-0.0136890756704056
0.9,fTS,0.0456923049613946
0.9,fTS,0.0792307295832195
0.9,fTS,0.0900635930272449
0.9,fTS,0.0860764908876657
0.9,fTS,0.105300297037719
0.9,fTS,0.11519402935792
0.9,fTS,0.0259245585743728
0.9,fTS,0.135218591232791
0.9,fTS,0.0635651560758705
0.9,fTS,0.152480184848009
0.9,fTS,0.130531229503442
0.9,fTS,0.0204597852076343
0.9,fTS,0.0788694564166994
0.9,fTS,0.182315020610855
0.9,fTS,0.0358077646724233
0.9,fTS,0.0457080579025253
0.9,fTS,0.034376430860982
0.9,fTS,-0.0561541758582451
0.9,fTS,0.0713224419799801
0.9,fTS,0.0600845660200418
0.9,fTS,0.0272023441787916
0.9,fTS,0.200676432677032
0.9,fTS,0.114264162407997
0.9,fTS,0.0529230773155711
0.9,fTS,0.151746529428569
0.9,fTS,0.096637587238118
0.9,fTS,0.0397232085707864
0.9,fTS,0.11740970417587
0.9,fTS,0.147716725874352
0.9,fTS,0.014411417058019
0.9,fTS,0.0974082974347374
0.9,fTS,0.114379750485673
0.9,fTS,-0.0327248888503727
0.9,fTS,0.10606231554632
0.9,fTS,0.0710564859258709
0.9,fTS,0.066565263483134
0.9,fTS,0.199500791713357
0.9,fTS,0.168302740672352
0.9,fTS,0.193981196008638
0.9,fTS,-0.0667463365748602
0.9,fTS,0.0977685747300403
0.9,fTS,0.060282573624016
0.9,fTS,0.111479860890116
0.9,fTS,0.160320159530528
0.9,fTS,-0.00519414626514669
0.9,fTS,0.0883718108218376
0.9,fTS,0.130604103242972
0.9,fTS,0.184457423964549
0.9,fTS,0.170313682305786
0.9,fTS,0.126983902405407
0.9,fTS,0.0584440568069737
0.9,fTS,0.203267203173207
0.9,fTS,0.0806408238027709
0.9,fTS,0.12407483482809
0.9,fTS,0.164051173457854
0.9,fTS,0.131824138645229
0.9,fTS,-0.00100980812142726
0.9,fTS,0.06143560819557
0.9,fTS,0.0271870905383882
0.9,fTS,0.105536528638255
0.9,fTS,0.0611510588854784
0.9,fTS,0.0615083252893942
0.9,fTS,0.132872425209933
0.9,fTS,0.113673927176906
0.9,fTS,0.017596808765761
0.9,fTS,0.124749325564878
0.9,fTS,0.137798760417562
0.9,fTS,0.0053167463935111
0.9,fTS,0.12634879299865
0.9,fTS,0.168900150781593
0.9,fTS,0.250786854887478
0.9,fTS,0.120035992007852
0.9,fTS,0.0889209343459065
0.9,fTS,0.035159720063846
0.9,fTS,0.0510254388024383
0.9,fTS,-0.00837548770576979
0.9,fTS,0.131526015900061
0.9,fTS,0.032596267974794
0.9,fTS,0.0441357259140605
0.9,fTS,0.149766947279905
0.9,fTS,0.0253965400146943
0.9,fTS,0.0615026529458431
0.9,fTS,0.0867811072859925
0.9,fTS,-0.138422375937501
0.9,fTS,0.0394864169125335
0.9,fTS,0.184665944858243
0.9,fTS,0.12710699777148
0.9,fTS,0.118097085809967
0.9,fTS,0.0425392862506027
0.9,fTS,0.17116310447623
0.9,fTS,0.0639998820432686
0.9,fTS,0.0572369638172956
0.9,fTS,0.0651600839989666
0.9,fTS,0.169229931854553
0.9,fTS,0.160505439596372
0.9,fTS,0.0953620375055908
0.9,fTS,-0.0359241215269276
0.9,fTS,0.143438819993004
0.9,fTS,0.054134475091993
0.9,fTS,0.0565149184349067
0.9,fTS,0.0873462690837827
0.9,fTS,0.0793051951229333
0.9,fTS,0.123583357526972
0.9,fTS,0.0657929507918162
0.9,fTS,0.0231894921001319
0.9,fTS,0.12536263565925
0.9,fTS,0.154501623819456
0.9,fTS,0.0569292334952216
0.9,fTS,0.0671299622602364
0.9,fTS,0.133503674185564
0.9,fTS,0.149383754855886
0.9,fTS,0.111602125234698
0.9,fTS,0.0717120446999804
0.9,fTS,0.105366582498161
0.9,fTS,0.170673310236929
0.9,fTS,0.0973655955195849
0.9,fTS,0.104683918974616
0.9,fTS,0.0779907908006516
0.9,fTS,0.00292697791076724
0.9,fTS,0.0145437396197172
0.9,fTS,0.174462160371972
0.9,fTS,0.0735932558095973
0.9,fTS,0.0874640091897103
0.9,fTS,0.0262551989421664
0.9,fTS,-0.0954191881812037
0.9,fTS,0.0866881054108788
0.9,fTS,0.0841561295925153
0.9,fTS,0.146008475155348
0.9,fTS,0.0900796770046688
0.9,fTS,0.142617233122565
0.9,fTS,0.011412262468413
0.9,fTS,0.0235400425811523
0.9,fTS,0.0202131150492522
0.9,fTS,0.0565376518613769
0.9,fTS,0.154508054436763
0.9,fTS,0.205454520309494
0.9,fTS,0.0692903033835699
0.9,fTS,0.0764391066141283
0.9,fTS,0.0637512749413589
0.9,fTS,0.0973688120193315
0.9,fTS,0.0182490282028442
0.9,fTS,0.108202957737566
0.9,fTS,0.127481386734665
0.9,fTS,0.032234113725693
0.9,fTS,0.136920241494752
0.9,fTS,0.0575919818472621
0.9,fTS,0.0586190695244899
0.9,fTS,-0.0328148192114606
0.9,fTS,0.00974078759684827
0.9,LS_oracle,0.0924478530387181
0.9,LS_oracle,0.103306618533171
0.9,LS_oracle,0.0987083450056769
0.9,LS_oracle,-0.00542955410152568
0.9,LS_oracle,0.00352735920739011
0.9,LS_oracle,-0.0151537286548816
0.9,LS_oracle,0.0503160242163119
0.9,LS_oracle,0.134186295575354
0.9,LS_oracle,0.100399219457407
0.9,LS_oracle,0.074385325540415
0.9,LS_oracle,0.138845525589951
0.9,LS_oracle,0.0713801271967465
0.9,LS_oracle,0.11158223134571
0.9,LS_oracle,0.0361175041390887
0.9,LS_oracle,0.133034833730831
0.9,LS_oracle,0.147616779084596
0.9,LS_oracle,0.0054515494784968
0.9,LS_oracle,0.0984111160043097
0.9,LS_oracle,0.0106679158409975
0.9,LS_oracle,0.0646641155506642
0.9,LS_oracle,0.172352579816933
0.9,LS_oracle,0.216397499408664
0.9,LS_oracle,0.025233777473666
0.9,LS_oracle,0.0981809895584116
0.9,LS_oracle,0.101989441741254
0.9,LS_oracle,0.0999429894608288
0.9,LS_oracle,0.122086799850122
0.9,LS_oracle,0.0757641205809261
0.9,LS_oracle,0.117859614781982
0.9,LS_oracle,0.109188908249195
0.9,LS_oracle,0.0665336246158972
0.9,LS_oracle,0.125429621492111
0.9,LS_oracle,0.165536841252976
0.9,LS_oracle,0.114338599040726
0.9,LS_oracle,0.138016365760093
0.9,LS_oracle,0.0951093036167501
0.9,LS_oracle,0.116657754025288
0.9,LS_oracle,0.119106779378576
0.9,LS_oracle,0.109128039050048
0.9,LS_oracle,0.172581510357586
0.9,LS_oracle,0.147715601787474
0.9,LS_oracle,0.0375306556672808
0.9,LS_oracle,0.0650606045799866
0.9,LS_oracle,-0.021053874243219
0.9,LS_oracle,0.0717212132759191
0.9,LS_oracle,0.0570536566531754
0.9,LS_oracle,0.0846492757976487
0.9,LS_oracle,0.143189162505416
0.9,LS_oracle,0.104620773543481
0.9,LS_oracle,0.128905848300285
0.9,LS_oracle,-0.000228681815364062
0.9,LS_oracle,0.0787817288075057
0.9,LS_oracle,0.114135692190328
0.9,LS_oracle,0.118704985304635
0.9,LS_oracle,0.141690646617786
0.9,LS_oracle,0.114881112065901
0.9,LS_oracle,0.121345211079959
0.9,LS_oracle,0.0381751440068563
0.9,LS_oracle,0.0986006630031624
0.9,LS_oracle,0.0681506552197133
0.9,LS_oracle,0.217923012524429
0.9,LS_oracle,0.125668634879668
0.9,LS_oracle,0.039137248226718
0.9,LS_oracle,0.0827276526887997
0.9,LS_oracle,0.207602598295667
0.9,LS_oracle,0.0358253806069977
0.9,LS_oracle,0.0540322950048024
0.9,LS_oracle,0.0283791566627454
0.9,LS_oracle,-0.0509015732932144
0.9,LS_oracle,0.107820672498561
0.9,LS_oracle,0.0851957135923396
0.9,LS_oracle,0.0541167786331209
0.9,LS_oracle,0.143635676332472
0.9,LS_oracle,0.0855330919998063
0.9,LS_oracle,0.0576753502805498
0.9,LS_oracle,0.138510921685997
0.9,LS_oracle,0.096634493940317
0.9,LS_oracle,0.043201470860299
0.9,LS_oracle,0.107636905342705
0.9,LS_oracle,0.157094621693854
0.9,LS_oracle,0.0409531035394857
0.9,LS_oracle,0.125866792402489
0.9,LS_oracle,0.143757953371303
0.9,LS_oracle,-0.0262463183464857
0.9,LS_oracle,0.109493005258344
0.9,LS_oracle,0.0830570186796957
0.9,LS_oracle,0.0857471740928417
0.9,LS_oracle,0.207858786431522
0.9,LS_oracle,0.220223258893442
0.9,LS_oracle,0.208709934781266
0.9,LS_oracle,-0.0496704343205221
0.9,LS_oracle,0.100719439091141
0.9,LS_oracle,0.0943822185025294
0.9,LS_oracle,0.144795661728453
0.9,LS_oracle,0.198238795920178
0.9,LS_oracle,-0.00508114544350724
0.9,LS_oracle,0.107282554296257
0.9,LS_oracle,0.147753073945536
0.9,LS_oracle,0.202425323269848
0.9,LS_oracle,0.14001490518118
0.9,LS_oracle,0.116780536325139
0.9,LS_oracle,0.0686156808779934
0.9,LS_oracle,0.262105448034599
0.9,LS_oracle,0.0927225465669519
0.9,LS_oracle,0.148839332970638
0.9,LS_oracle,0.163100874912113
0.9,LS_oracle,0.134945498793311
0.9,LS_oracle,0.0162291741695773
0.9,LS_oracle,0.0562898168416821
0.9,LS_oracle,0.0403913662961748
0.9,LS_oracle,0.107412035458926
0.9,LS_oracle,0.0794444663906779
0.9,LS_oracle,0.0694004310637462
0.9,LS_oracle,0.0631199890727931
0.9,LS_oracle,0.164422418564362
0.9,LS_oracle,0.0151838597090397
0.9,LS_oracle,0.137029647099869
0.9,LS_oracle,0.161558812246077
0.9,LS_oracle,-0.00227713345183767
0.9,LS_oracle,0.15078894158173
0.9,LS_oracle,0.173807751642037
0.9,LS_oracle,0.214619856607374
0.9,LS_oracle,0.131496219042323
0.9,LS_oracle,0.10928769270485
0.9,LS_oracle,0.139427521790224
0.9,LS_oracle,0.049312011505857
0.9,LS_oracle,0.026680688513119
0.9,LS_oracle,0.139090296637357
0.9,LS_oracle,0.0497651854963479
0.9,LS_oracle,0.0610202650783234
0.9,LS_oracle,0.166641734327166
0.9,LS_oracle,0.0462206847553654
0.9,LS_oracle,0.0705138796356146
0.9,LS_oracle,0.134061920853387
0.9,LS_oracle,-0.133759636482476
0.9,LS_oracle,0.066408492453145
0.9,LS_oracle,0.210586239189448
0.9,LS_oracle,0.147109210147672
0.9,LS_oracle,0.120600825110251
0.9,LS_oracle,0.0401031529483444
0.9,LS_oracle,0.182254372457894
0.9,LS_oracle,0.0583386527468059
0.9,LS_oracle,0.112739313146194
0.9,LS_oracle,0.0427614810467767
0.9,LS_oracle,0.145680047543632
0.9,LS_oracle,0.189286064792985
0.9,LS_oracle,0.123469723291349
0.9,LS_oracle,-0.028146675589324
0.9,LS_oracle,0.139199717024713
0.9,LS_oracle,0.0729839767621572
0.9,LS_oracle,0.0433294012983925
0.9,LS_oracle,0.103838525738825
0.9,LS_oracle,0.0916104104228526
0.9,LS_oracle,0.135293175150361
0.9,LS_oracle,0.120341605408655
0.9,LS_oracle,0.0183412131455458
0.9,LS_oracle,0.153183115805034
0.9,LS_oracle,0.163221897260032
0.9,LS_oracle,0.0574503143843825
0.9,LS_oracle,0.0750292096969838
0.9,LS_oracle,0.194505967027384
0.9,LS_oracle,0.144021588754694
0.9,LS_oracle,0.112465729381737
0.9,LS_oracle,0.0864885412377587
0.9,LS_oracle,0.110866480424719
0.9,LS_oracle,0.173896649611855
0.9,LS_oracle,0.108777207236381
0.9,LS_oracle,0.127326076061738
0.9,LS_oracle,0.0945138961114902
0.9,LS_oracle,-0.006039208513549
0.9,LS_oracle,0.0254100889762756
0.9,LS_oracle,0.173377436859795
0.9,LS_oracle,0.077747013398598
0.9,LS_oracle,0.110816073278791
0.9,LS_oracle,0.0397957681901773
0.9,LS_oracle,-0.0877314198972505
0.9,LS_oracle,0.0409198846313115
0.9,LS_oracle,0.083213684139537
0.9,LS_oracle,0.17092324091586
0.9,LS_oracle,0.0531771672349575
0.9,LS_oracle,0.156253890256772
0.9,LS_oracle,0.0331927955268199
0.9,LS_oracle,0.0310612039726827
0.9,LS_oracle,0.00895959224331455
0.9,LS_oracle,0.0412269047538005
0.9,LS_oracle,0.174171073530956
0.9,LS_oracle,0.239683004812918
0.9,LS_oracle,0.0845709784823361
0.9,LS_oracle,0.116763315296162
0.9,LS_oracle,0.0714961451648741
0.9,LS_oracle,0.149654130158366
0.9,LS_oracle,0.0250192661446742
0.9,LS_oracle,0.134858535580692
0.9,LS_oracle,0.14448405306172
0.9,LS_oracle,0.0344849882400731
0.9,LS_oracle,0.160430193492712
0.9,LS_oracle,0.0623804868992464
0.9,LS_oracle,0.0211463593001018
0.9,LS_oracle,-0.035239288295508
0.9,LS_oracle,0.0391687693709291
0.9,TS_oracle,0.0756639814039006
0.9,TS_oracle,0.109467707839413
0.9,TS_oracle,0.105363002569369
0.9,TS_oracle,-0.013503883817618
0.9,TS_oracle,-0.0204169192911446
0.9,TS_oracle,-0.00509662927568733
0.9,TS_oracle,0.0672070542212511
0.9,TS_oracle,0.102028836452364
0.9,TS_oracle,0.110360254810226
0.9,TS_oracle,0.0671078884018663
0.9,TS_oracle,0.129099753019712
0.9,TS_oracle,0.0458637336360028
0.9,TS_oracle,0.0943534422157015
0.9,TS_oracle,0.0302520632400369
0.9,TS_oracle,0.0974177170399269
0.9,TS_oracle,0.0946290131681176
0.9,TS_oracle,-0.0245136165592286
0.9,TS_oracle,0.0584379140499758
0.9,TS_oracle,0.0213264778869875
0.9,TS_oracle,0.0465471797850605
0.9,TS_oracle,0.168577781754024
0.9,TS_oracle,0.190091832145525
0.9,TS_oracle,0.0217345189375724
0.9,TS_oracle,0.0641606750059414
0.9,TS_oracle,0.0825157631109508
0.9,TS_oracle,0.0710150430359746
0.9,TS_oracle,0.0389988064308506
0.9,TS_oracle,0.0659370141465609
0.9,TS_oracle,0.0825922636496377
0.9,TS_oracle,0.0907865770750609
0.9,TS_oracle,0.0515262609169203
0.9,TS_oracle,0.0905038703368262
0.9,TS_oracle,0.13519350275477
0.9,TS_oracle,0.107963436190501
0.9,TS_oracle,0.138242771904234
0.9,TS_oracle,0.0819247459398085
0.9,TS_oracle,0.0855567621724731
0.9,TS_oracle,0.106342548568617
0.9,TS_oracle,0.105674800116072
0.9,TS_oracle,0.131026971375024
0.9,TS_oracle,0.084748903643006
0.9,TS_oracle,0.0372659544771845
0.9,TS_oracle,0.0590016320873816
0.9,TS_oracle,-0.0352036687908696
0.9,TS_oracle,0.0281676162865678
0.9,TS_oracle,0.0319130689127505
0.9,TS_oracle,0.0552441255941418
0.9,TS_oracle,0.117786534362249
0.9,TS_oracle,0.0983594995431483
0.9,TS_oracle,0.0954374628170749
0.9,TS_oracle,-0.0151065041423994
0.9,TS_oracle,0.0454465918678852
0.9,TS_oracle,0.0793770709668382
0.9,TS_oracle,0.0898474698959262
0.9,TS_oracle,0.0860829366123941
0.9,TS_oracle,0.10529282619435
0.9,TS_oracle,0.11460965401007
0.9,TS_oracle,0.0257781469199847
0.9,TS_oracle,0.0831803857130458
0.9,TS_oracle,0.0628649958609113
0.9,TS_oracle,0.15251794284233
0.9,TS_oracle,0.129706840178146
0.9,TS_oracle,0.0188792709728121
0.9,TS_oracle,0.0756482029903831
0.9,TS_oracle,0.182180133497274
0.9,TS_oracle,0.0358256004224466
0.9,TS_oracle,0.0449455985873104
0.9,TS_oracle,0.0341859701219316
0.9,TS_oracle,-0.0571219267065033
0.9,TS_oracle,0.0718717890930423
0.9,TS_oracle,0.0591582056451765
0.9,TS_oracle,0.0271834323688438
0.9,TS_oracle,0.20064270214637
0.9,TS_oracle,0.114769899141595
0.9,TS_oracle,0.0536521735225801
0.9,TS_oracle,0.150357417160984
0.9,TS_oracle,0.0968227968993394
0.9,TS_oracle,0.0363349320903621
0.9,TS_oracle,0.116127882857352
0.9,TS_oracle,0.147509559278308
0.9,TS_oracle,0.0144069093928356
0.9,TS_oracle,0.0974296234195247
0.9,TS_oracle,0.114620421565401
0.9,TS_oracle,-0.0327628802104576
0.9,TS_oracle,0.106013311827776
0.9,TS_oracle,0.0718532538265206
0.9,TS_oracle,0.0660085957754499
0.9,TS_oracle,0.199325317080145
0.9,TS_oracle,0.167607710312266
0.9,TS_oracle,0.194002442172194
0.9,TS_oracle,-0.0690804465058088
0.9,TS_oracle,0.0977597536441264
0.9,TS_oracle,0.0602194734640122
0.9,TS_oracle,0.111391261149526
0.9,TS_oracle,0.160716540569151
0.9,TS_oracle,-0.00519113233336788
0.9,TS_oracle,0.0889333191105572
0.9,TS_oracle,0.13063244892495
0.9,TS_oracle,0.184201568098852
0.9,TS_oracle,0.169683023060271
0.9,TS_oracle,0.127003076502688
0.9,TS_oracle,0.0577794284723059
0.9,TS_oracle,0.203283149508011
0.9,TS_oracle,0.0800419336961007
0.9,TS_oracle,0.12425988611998
0.9,TS_oracle,0.163871890553924
0.9,TS_oracle,0.13166745017328
0.9,TS_oracle,-0.000604395815039904
0.9,TS_oracle,0.0613966044350658
0.9,TS_oracle,0.0255144915553736
0.9,TS_oracle,0.104743087903008
0.9,TS_oracle,0.0610879797129491
0.9,TS_oracle,0.113795592265702
0.9,TS_oracle,0.132077995084589
0.9,TS_oracle,0.113538328356839
0.9,TS_oracle,0.0173504165548679
0.9,TS_oracle,0.124548025903028
0.9,TS_oracle,0.13283560559323
0.9,TS_oracle,0.00408701377165577
0.9,TS_oracle,0.126269346924305
0.9,TS_oracle,0.168851490216222
0.9,TS_oracle,0.247455283088683
0.9,TS_oracle,0.1200424149345
0.9,TS_oracle,0.0874839588736998
0.9,TS_oracle,0.0347358458559441
0.9,TS_oracle,0.0508390953614473
0.9,TS_oracle,-0.00738868834212569
0.9,TS_oracle,0.131598422816485
0.9,TS_oracle,0.0315782625570602
0.9,TS_oracle,0.0435624917880315
0.9,TS_oracle,0.148809639053957
0.9,TS_oracle,0.02534578924053
0.9,TS_oracle,0.0615467744911973
0.9,TS_oracle,0.08668202505387
0.9,TS_oracle,-0.13864603678668
0.9,TS_oracle,0.0391538089243024
0.9,TS_oracle,0.184680773230683
0.9,TS_oracle,0.127025617458777
0.9,TS_oracle,0.117960787611046
0.9,TS_oracle,0.0426635799871704
0.9,TS_oracle,0.171310502190885
0.9,TS_oracle,0.0640035084010173
0.9,TS_oracle,0.0580069744947804
0.9,TS_oracle,0.0647236074588007
0.9,TS_oracle,0.163104382024657
0.9,TS_oracle,0.159133471556743
0.9,TS_oracle,0.0952943586755857
0.9,TS_oracle,-0.0363160835777461
0.9,TS_oracle,0.142686396192712
0.9,TS_oracle,0.0541304561139737
0.9,TS_oracle,0.056504575222835
0.9,TS_oracle,0.0860794477035696
0.9,TS_oracle,0.0793090499159883
0.9,TS_oracle,0.123563409011482
0.9,TS_oracle,0.0657976534485452
0.9,TS_oracle,0.0231375288880042
0.9,TS_oracle,0.125461103372991
0.9,TS_oracle,0.154440584874769
0.9,TS_oracle,0.0566686694261243
0.9,TS_oracle,0.0666476666215603
0.9,TS_oracle,0.134161618399734
0.9,TS_oracle,0.148125213515061
0.9,TS_oracle,0.111898777543503
0.9,TS_oracle,0.0718342392951368
0.9,TS_oracle,0.105403313082478
0.9,TS_oracle,0.153502452573169
0.9,TS_oracle,0.0970625688675593
0.9,TS_oracle,0.104630892781789
0.9,TS_oracle,0.0764466036839428
0.9,TS_oracle,0.00553143936828993
0.9,TS_oracle,0.0131321581375952
0.9,TS_oracle,0.172846067594765
0.9,TS_oracle,0.070768971048037
0.9,TS_oracle,0.0866975245215131
0.9,TS_oracle,0.0262468851326945
0.9,TS_oracle,-0.096254860617176
0.9,TS_oracle,0.0866933652047268
0.9,TS_oracle,0.0833961055852253
0.9,TS_oracle,0.145962210104677
0.9,TS_oracle,0.0885209674164771
0.9,TS_oracle,0.142675734225934
0.9,TS_oracle,0.0111182889894088
0.9,TS_oracle,0.0233819839691793
0.9,TS_oracle,0.0202427973999875
0.9,TS_oracle,0.0577748402257101
0.9,TS_oracle,0.15458369427364
0.9,TS_oracle,0.205406866999063
0.9,TS_oracle,0.0692947504197925
0.9,TS_oracle,0.0759152330362203
0.9,TS_oracle,0.0637017348106679
0.9,TS_oracle,0.0972840383815927
0.9,TS_oracle,0.0150061265130288
0.9,TS_oracle,0.10666804015915
0.9,TS_oracle,0.117397473262369
0.9,TS_oracle,0.0332940001521458
0.9,TS_oracle,0.13683140862035
0.9,TS_oracle,0.0570990264271192
0.9,TS_oracle,0.0586304590911304
0.9,TS_oracle,-0.0326637391925838
0.9,TS_oracle,0.00960325076785207
